SMILES,pAC50,source
Br.Brc1ccc(C2=Nn3c(nnc3-c3cccnc3)SC2)s1,4.842240508595863,veith
Br.CC(Cc1ccc(O)cc1)NCC(O)c1cc(O)cc(O)c1,4.634418806116886,tox21
Br.CC(NC1=NCCCCC1)c1ccccc1,5.242240761051421,veith
Br.CCCCCCCCCCn1c2c(c(=N)c3c1CCC3)CCC2,4.942241381558047,veith
Br.CCCCCCN1Cc2ccccc2C1,4.942241381558047,veith
Br.CCCCN1C2=NCCCN2c2ccccc21,4.792241107578132,veith
Br.CCCCn1c(=N)n(CC(=O)c2ccco2)c2ccccc21,5.642240772861618,veith
Br.CCOc1ccc2c(c1)nc(SCC(=O)c1ccc(Br)s1)n2C,4.3922393223313625,veith
Br.CC[C@H]1CN2CC[C@@H]1C[C@H]2[C@@H](O)c1ccnc2ccc(OC)cc12.O,4.9969534480296955,ncgc;veith
Br.CN1[C@@H]2CC(OC(=O)[C@H](CO)c3ccccc3)C[C@H]1[C@@H]1O[C@@H]12,3.8232520113632606,tox21
Br.CN1[C@@H]2CC(OC(=O)[C@H](CO)c3ccccc3)C[C@H]1[C@@H]1O[C@@H]12.O.O.O,3.928033371107948,tox21
Br.COCCCN1Cc2ccccc2C1=N,4.3922393223313625,veith
Br.COc1c2c(cc3c1OCO3)CCN(C)C2,4.9344127982132715,tox21
Br.COc1ccc2c(c1)[C@]13CCCC[C@@H]1[C@H](C2)N(C)CC3.O,4.89695369244143,ncgc;veith
Br.COc1ccc2c(c1)nc(SCC(=O)c1ccc(Br)s1)n2C,4.792241107578132,veith
Br.Cc1ccc(C)c(C(=O)CN2C3=NCCCN3c3ccccc32)c1,7.492240905132714,veith
Br.N=C(N)SCc1nc2ccccc2c(=O)n1-c1ccccc1Cl,5.992240583789779,veith
Br.N=C1c2ccccc2CN1NC(=O)c1ccc(Cl)cc1,5.592241033466911,veith
Br.N=C1c2ccccc2CN1NC(=O)c1ccc(F)cc1,5.3922393223313625,veith
Br.N=c1n(CCN2CCOCC2)c2ccccc2n1CC(=O)c1ccc(Cl)c(Cl)c1,5.192241409015731,veith
Br.NC(=O)C(c1ccccc1)(c1ccccc1)[C@@H]1CCN(CCc2ccc3c(c2)CCO3)C1,5.984437495342514,tox21
Br/C(=N\Nc1nn[nH]n1)c1ccncc1,5.1016670343933495,ncgc
BrC(Br)Br,3.8228978265356,tox21
BrC1CCC(Br)C(Br)CCC(Br)C(Br)CCC1Br,4.184322332759697,tox21
BrCC(Br)C1CCC(Br)C(Br)C1,3.7750265563414507,tox21
BrCC(Br)c1ccccc1,4.723251101656649,tox21
BrCCBr,3.934714378828561,tox21
BrCCOc1ccccc1,3.8218370018744876,tox21
BrCCc1ccccc1,3.966913844191221,tox21
BrCc1ccc(Br)cc1,3.9732520511108227,tox21
BrCc1cccc(Oc2ccccc2)c1,4.023251954306619,tox21
BrCc1ccccc1,3.8527083555876853,tox21
Brc1c(NC2=NCCN2)ccc2nccnc12,3.993043469948371,ncgc;tox21
Brc1ccc(-c2csc(N3CCc4ccccc4C3)n2)cc1,4.342240150210577,veith
Brc1ccc(-c2n[nH]cc2CN2CCN(C3CCOCC3)CC2)cc1,7.081575689992346,challenge
Brc1ccc(C2(CNC(c3cccnc3)c3ncc[nH]3)CCOCC2)cc1,5.622023914992345,challenge
Brc1ccc(CSc2nccn2-c2ccccc2)cc1,4.342240150210577,veith
Brc1ccc(Cc2nc(N3CCNCC3)no2)c2ccccc12,2.7638819129923453,challenge
Brc1ccc(N=C/C=C/C=C/Nc2ccc(Br)cc2)cc1.Cl,4.092240288156335,veith
Brc1ccc(Oc2cc(Br)c(Br)cc2Br)c(Br)c1,4.173252039198229,tox21
Brc1ccc2ncnc(Nc3cccc4ccccc34)c2c1,4.342240150210577,veith
Brc1cccc2c1CCC2NCc1noc2c1COCC2,4.806376462992346,challenge
Brc1ccccc1-c1ccccc1,3.8217705943761926,tox21
C#CCC(Cc1ccccc1)Nc1ccc2nccnc2n1,4.754357754992346,challenge
C#CCC1=C(C)C(OC(=O)C2C(C=C(C)C)C2(C)C)CC1=O,3.9760935232052477,tox21
C#CCCCC(=O)Nc1ccccc1,4.396953559925658,ncgc;veith
C#CCCCC(=S)Nc1ccccc1,3.9016695663778864,ncgc
C#CCCCCCCCCCCCCCCCC(=O)O,4.201669884204322,ncgc
C#CCCCO/N=C1/C[C@@H](O)[C@@H](O)[C@@H]2[C@@H]3C(=O)N(C(C)(C)C)C(=O)[C@H]3CC[C@@H]12,5.296954647425311,ncgc;veith
C#CCCCO/N=C1/C[C@@H](O)[C@@H](O)[C@@H]2[C@@H]3C(=O)N(C(C)(C)C)C(=O)[C@H]3CC[C@H]12,4.901666293693565,ncgc
C#CCCCO/N=C1/C[C@@H](O)[C@@H](O)[C@@H]2[C@@H]3C(=O)N(Cc4ccc5c(c4)OCO5)C(=O)[C@H]3CC[C@@H]12,4.701667552503337,ncgc
C#CCCCO/N=C1/C[C@@H](O)[C@@H](O)[C@@H]2[C@@H]3C(=O)N(c4cccc(Oc5ccccc5)c4)C(=O)[C@H]3CC[C@@H]12,4.89695369244143,ncgc;veith
C#CCCCO/N=C1/C[C@@H](O)[C@@H](O)[C@@H]2[C@@H]3C(=O)N(c4cccc(Oc5ccccc5)c4)C(=O)[C@H]3CC[C@H]12,4.901666293693565,ncgc
C#CCCCO/N=C1/[C@H]2O[C@@H]2[C@@H](O)[C@H]2[C@H]1CCn1c(=O)n(-c3ccccc3)c(=O)n12,4.801666983179052,ncgc
C#CCCCO/N=C1/[C@H]2O[C@@H]2[C@@H](O)[C@H]2[C@H]1CCn1c(=O)n(C)c(=O)n12,5.001666312269612,ncgc
C#CCN(C)CCCOc1ccc(Cl)cc1Cl,5.5469552201774315,ncgc;veith
C#CCN(C)Cc1ccccc1.Cl,4.023251954306619,tox21
C#CCN(C)[C@@H](C)Cc1ccccc1,4.271954002140141,ncgc;veith
C#CCN(C)[C@H](C)Cc1ccccc1.Cl,4.378835300468988,tox21
C#CCN1C(=O)COc2cc(F)c(N3C(=O)C4=C(CCCC4)C3=O)cc21,4.073252490208837,tox21
C#CCN1C(C)=C(C(=O)CCO)[C@@H](c2cccc(-n3oo3)c2)C(C(=O)OC)=C1C,5.69694058165962,ncgc;veith
C#CCN1C(C)=C(C(=O)OC)[C@@H](c2cccc([N+](=O)[O-])c2)C(C(=O)OCC)=C1C,4.301670255124509,ncgc
C#CCNS(=O)(=O)c1cccc(-c2nc(-c3ccc4[nH]ccc4c3)no2)c1,5.107327214992345,challenge
C#CCN[C@@H](C)Cc1ccccc1,4.096954525750631,ncgc;veith
C#CCN[C@@H]1CCc2ccccc21.CS(=O)(=O)O,4.3344172940778565,tox21
C#CCOC(=O)C1=CCCN(C)C1,3.9969548213840747,ncgc;veith
C#CCOC(=O)C1=CCCN(C)C1.Cc1ccc(S(=O)(=O)O)cc1,4.2969560175302135,ncgc;veith
C#CCOC(=O)NC(/C=C/CCCC)c1ccccc1,4.201669884204322,ncgc
C#CCOC(C(=O)OCCN(C)C)(c1ccccc1)c1ccccc1.Cl,5.03442072867151,tox21
C#CCOS(=O)OC1CCCCC1Oc1ccc(C(C)(C)C)cc1,4.3478976657052595,tox21
C#CCSc1nnc(-c2sc(-c3ccccc3)nc2C)n1C,4.692241142242068,veith
C#CC[N+](CC)(CC)CC#Cc1cccc(Cl)c1.[Br-],5.142241126006169,veith
C#CCn1c(S(=O)(=O)Cc2ccc(OC)cc2)nc(-c2ccccc2)c1-c1ccccc1,4.342240150210577,veith
C#C[C@@]1(O)CC[C@@H]2[C@@H]3CCC4=C(CCC(=O)C4)[C@H]3CC[C@]21C,4.301670255124509,ncgc
C#C[C@@]1(O)CC[C@H]2[C@H]3CCC4=Cc5oncc5C[C@]4(C)[C@@H]3CC[C@@]21C,4.101668763344926,ncgc
C#C[C@H](N)CCC(=O)O,4.401667797519954,ncgc
C#C[C@]1(O)C=C[C@H]2[C@@H]3CCC4=CC(=O)CC[C@@H]4[C@H]3CC[C@@]21CC,4.1399068169103215,tox21
C#C[C@]1(O)CC[C@@H]2[C@H]3CCC4=Cc5oncc5C[C@]4(C)[C@@H]3CC[C@@]21C,4.4969551427270105,ncgc;veith
C#C[C@]1(O)CC[C@H]2[C@@H]3CCC4=CC(=O)CCC4=C3C=C[C@@]21CC,4.0344169708398665,tox21
C#C[C@]1(O)CC[C@H]2[C@@H]3CCC4=CC(=O)CC[C@@H]4[C@H]3CC[C@@]21C,3.9732520511108227,tox21
C#C[C@]1(O)CC[C@H]2[C@@H]3CCC4=CC(=O)CC[C@@H]4[C@H]3CC[C@@]21CC,4.560219537992346,challenge
C#C[C@]1(O)CC[C@H]2[C@@H]3CCC4=CC(=O)CC[C@]4(C)[C@H]3CC[C@@]21C,3.804950686926677,tox21
C#C[C@]1(O)CC[C@H]2[C@@H]3CCC4=CCCC[C@@H]4[C@H]3CC[C@@]21C,3.7975327020227754,tox21
C#C[C@]1(O)CC[C@H]2[C@@H]3CCC4=Cc5oncc5C[C@]4(C)[C@H]3CC[C@@]21C,4.667706549296877,pharmabench;tox21
C#C[C@]1(O)CC[C@H]2[C@@H]3CCc4cc(OC)ccc4[C@H]3CC[C@@]21C,4.073252490208837,tox21
C#C[C@]1(OC(C)=O)CC[C@H]2[C@@H]3CCC4=C/C(=N/O)CC[C@@H]4[C@H]3CC[C@@]21CC,4.134416852957513,tox21
C#Cc1ccc(-c2nnc([C@H]3CCO[C@@H]3c3ccccc3)[nH]2)nc1,5.128159079992345,challenge
C(/C=C/C=C/Nc1ccccc1)=Nc1ccccc1.Cl,3.9732520511108227,tox21
C(=C/CN(C[C@H]1Cc2ccccc2CN1)[C@H]1CCCc2cccnc21)\CNC1CCOCC1,5.002688335122413,pharmabench
C(=C/c1ccccc1)\CN1CCN(C(c2ccccc2)c2ccccc2)CC1,4.884412652001449,tox21
C(=C/c1nnc(-c2cccs2)o1)\c1ccccc1,4.142241126006169,veith
C(=C\c1ccccc1)\CN1CCN(C(c2ccccc2)c2ccccc2)CC1,4.696954248963817,ncgc;veith
C(=C\c1ccccc1)\CN1CCN(CCOC(c2ccccc2)c2ccccc2)CC1,4.796954045378592,ncgc;veith
C(=N/N(c1ccccc1)c1ccccc1)\c1ccc2c(c1)OCO2,4.492240905132714,veith
C(=N/N1CCN(C2c3ccccc3-c3ccccc32)CC1)\c1cccnc1,5.692241142242068,veith
C(=NC1CCCCC1)=NC1CCCCC1,3.9732520511108227,tox21
C/C(=C(/OCCOc1ccc(Cl)cc1)c1ccc(Cl)cc1Cl)n1ccnc1,5.334412295551285,tox21
C/C(=C1\CCOC(=O)S1)N(C=O)Cc1cnc(C)nc1N,4.384416994074168,tox21
C/C(=C\C(=O)c1ccc(Br)cc1)NCc1ccc2c(c1)OCO2,4.592241033466911,veith
C/C(=C\C(=O)c1ccc(Cl)cc1)NCc1ccc2c(c1)OCO2,4.792241107578132,veith
C/C(=C\C(=O)c1ccccc1)Nc1ccc(Br)c(Cl)c1,4.292241779935917,veith
C/C(=C\[C@@H](N)C(=O)O)CP(=O)(O)O,4.9969534480296955,ncgc;veith
C/C(=C\c1ccc(C(=O)O)cc1)c1ccc2c(c1)C(C)(C)CCC2(C)C,7.396769078767552,ncgc;veith
C/C(=C\c1ccco1)C1C(C#N)=C(N)Oc2n[nH]c(-c3ccccc3)c21,3.992240583789779,veith
C/C(=N/NS(=O)(=O)c1ccc(C)cc1)c1cccc(NC(=O)c2cccc(Cl)c2)c1,4.842240508595863,veith
C/C(=N/Nc1ccc2ccccc2n1)c1ccccc1O,5.596962925619413,ncgc;veith
C/C(=N/O)c1ccc2cc(Br)c3ccccc3c2c1,7.097117973498301,ncgc;veith
C/C(=N\N1CCN(C2c3ccccc3-c3ccccc32)CC1)c1cccnc1,5.192241409015731,veith
C/C(=N\N1CCN(C2c3ccccc3-c3ccccc32)CC1)c1ccncc1,6.242240761051421,veith
C/C(=N\NC(=O)CSCc1ccc(Cl)cc1)c1ccc2c(c1)OCCO2,5.742241156276297,veith
C/C(=N\NC(=O)Cc1ccccc1)c1cccs1,4.342240150210577,veith
C/C(=N\O)[C@@H](C)NCC(C)(C)CN[C@H](C)/C(C)=N/O,4.084417373518855,tox21
C/C(=N\O)c1cccc[n+]1Cc1ccccc1,4.901666293693565,ncgc
C/C(=N\OC(=O)c1ccc(F)cc1)c1nccs1,4.3922393223313625,veith
C/C(CCC(=O)OC[C@@H]1O[C@H](C#Cc2ccccc2)C=C[C@@H]1Oc1ccc(C)cc1)=N/O[C@@H](C)CN1CCCCc2nc(C)c(C)cc21,4.9969534480296955,ncgc;veith
C/C(CCC(=O)OC[C@@H]1O[C@H](C#Cc2ccccc2)C=C[C@@H]1Oc1ccc(C)cc1)=N/O[C@@H](C)CN1CCCc2nc(C)c(C)cc21,4.9969534480296955,ncgc;veith
C/C(CCN1CCCCc2nc(C)c(C)cc21)=N\OC[C@@H](O)COCc1ccco1,4.601668415167836,ncgc
C/C(CCN1CCCCc2nc(C)c(C)cc21)=N\O[C@@H](C)CN1CCCCc2nc(C)c(C)cc21,4.801666983179052,ncgc
C/C(CCN1CCCCc2nc(C)c(C)cc21)=N\O[C@@H](C)CN1CCCc2nc(C)c(C)cc21,4.9969534480296955,ncgc;veith
C/C(CCN1CCCCc2nc(C)c(C)cc21)=N\O[C@@H](C)c1cc(-c2c(C)cc(C)cc2C)no1,4.9969534480296955,ncgc;veith
C/C(CCN1CCCc2nc(C)c(C)cc21)=N\OC[C@@H](O)COCc1ccco1,5.001666312269612,ncgc
C/C(CCN1CCCc2nc(C)c(C)cc21)=N\O[C@@H](C)CN1CCCc2nc(C)c(C)cc21,4.9969534480296955,ncgc;veith
C/C(CCN1CCCc2nc(C)c(C)cc21)=N\O[C@@H](C)c1cn([C@H](CO)Cc2ccccc2)nn1,4.901666293693565,ncgc
C/C(CCN1CCc2nc(-c3ccccc3)c(-c3ccccc3)cc2C1)=N\O[C@@H](C)CN1CCCc2nc(C)c(C)cc21,5.001666312269612,ncgc
C/C(CCc1ccc2c(c1)OCO2)=N\N=C1\NC(=O)CC(C(=O)Nc2ccccc2)S1,4.542240874986129,veith
C/C=C(C(=C\C)\c1ccc(O)cc1)/c1ccc(O)cc1,4.301670255124509,ncgc
C/C=C(\C)C(=O)O[C@@H]1C(C)=C2[C@H]([C@@H]1OC(=O)CCCCCCC)[C@@](C)(OC(C)=O)C[C@@H](OC(=O)CCC)[C@@]1(O)[C@H]2OC(=O)[C@]1(C)O,3.9016695663778864,ncgc
C/C=C/C=C/CCCCCCCO,3.773251730425014,tox21
C/C=C/c1ccc(O)c(OC)c1,4.023251954306619,tox21
C/C=C1\C[N@@+]2(C)CC[C@@]34C(=C(C=O)[C@H]1C[C@H]32)Nc1ccccc14,4.696954347372703,ncgc;veith
C/C=C\C/C=C/CCCCCCCCOC(C)=O,3.9732520511108227,tox21
C/C=C\C[C@H](C)[C@H](O)[C@H]1C(=O)N[C@@H](CC)C(=O)N(C)CC(=O)N(C)[C@@H](CC(C)C)C(=O)N[C@@H](C(C)C)C(=O)N(C)[C@@H](CC(C)C)C(=O)N[C@@H](C)C(=O)N[C@@H](C)C(=O)N(C)[C@@H](CC(C)C)C(=O)N(C)[C@@H](CC(C)C)C(=O)N(C)[C@@H](C(C)C)C(=O)N1C,4.00166905897837,ncgc
C1=C(CS/C(=N\C2CCCCC2)NC2CCCCC2)N2CCN=C2S1,4.58809914859363,pharmabench
C1=C(c2c[nH]c3ncccc23)CCN(Cc2cn(Cc3ccccc3)nc2-c2cccnc2)C1,5.3816519349923455,challenge
C1=CC2(CCCN(c3ccc4nccnc4n3)C2)Oc2ccccc21,4.345175721992345,challenge
C1=CC2C3C=CC(C3)C2C1,4.331105911144024,tox21
C1=CCC(c2cc3ccccc3o2)CNC1,4.527234239770213,pharmabench
C1=CCC(c2ccc3ccccc3c2)CNC1,4.599784906918826,pharmabench
C1=Cc2cccc3cccc1c23,3.8879997691377355,tox21
C1=Cc2ccccc2C1,3.9732520511108227,tox21
C1=Cc2ccccc2C1.C=C(C)c1ccccc1.[N-]=[N+]=Nc1ccccc1,4.89695369244143,ncgc;veith
C1CCC(C(CC2CCCCN2)C2CCCCC2)CC1.O=C(O)/C=C\C(=O)O,5.534418069800762,tox21
C1CCC(C(C[C@@H]2CCCCN2)C2CCCCC2)CC1,5.7969497127886624,ncgc;veith
C1CCC(N=C(NC23CC4CC(CC(C4)C2)C3)N2CCOCC2)CC1.Cl,5.69694058165962,ncgc;veith
C1CCC(NC2CCCCC2)CC1,5.407897778342277,tox21
C1CCC2=NCCCN2CC1,3.723960820871681,tox21
C1CCCC1,3.982545908610029,tox21
C1CCCNCC1,3.950378455165585,tox21
C1CCN(CN2CCCCC2)CC1,4.573250733112706,tox21
C1CCN2C[C@@H]3C[C@@H](CN4CCCC[C@@H]34)[C@H]2C1,4.43441675507263,tox21
C1CCN2C[C@@H]3C[C@@H](CN4CCCC[C@H]34)[C@H]2C1,4.301670255124509,ncgc
C1CCN2C[C@H]3C[C@H](CN4CCCC[C@@H]34)[C@H]2C1,3.6411775920770504,pharmabench
C1CN(SSN2CCOCC2)CCO1,3.9003866151472097,tox21
C1CNCCN1,4.06065158298285,tox21
C1CNCCN1.Cl.Cl,5.266570270005793,tox21
C1COC(NC(C2CC2)C2CC2)=N1,4.6427749994514835,ncgc;tox21;veith
C1CSCCS1,4.026806821561643,tox21
C1C[C@@H]2[C@H]3CC[C@H](C3)[C@@H]2C1,3.9961175953924952,tox21
C=C(C#N)C(=O)OCC,3.973429440062282,tox21
C=C(C)C(=O)OCC(C)(C)COC(=O)C(=C)C,3.8978471173142264,tox21
C=C(C)C(=O)OCC(CC)(COC(=O)C(=C)C)COC(=O)C(=C)C,4.073659626341343,tox21
C=C(C)C(=O)OCC(O)COc1ccc(C(C)(C)c2ccc(OCC(O)COC(=O)C(=C)C)cc2)cc1,4.023251954306619,tox21
C=C(C)C(=O)OCC1CN2C(CCC(C)C2c2ccc(Br)cc2)C(=O)O1,5.201661177767493,ncgc
C=C(C)C(=O)OCCCCCCCCCCOC(=O)C(=C)C,4.023251954306619,tox21
C=C(C)C(=O)OCCC[Si](Cl)(Cl)Cl,4.269018527780718,tox21
C=C(C)C(=O)OCCC[Si](OC)(OC)OC,3.7778779819029085,tox21
C=C(C)C(=O)OCCOCC,4.071130420268283,tox21
C=C(C)C(=O)OCCOCCOCCOC(=O)C(=C)C,4.022543240495432,tox21
C=C(C)C(O)/C=C/c1ccc(Br)cc1,5.001666312269612,ncgc
C=C(C)C(O)/C=C/c1cccc(OC)c1,4.601668415167836,ncgc
C=C(C)C(O)C(CC/C=C(\C)C(=O)OCC)OC,5.001666312269612,ncgc
C=C(C)C1CC=C(C)C(OC(C)=O)C1,4.025025750699936,tox21
C=C(C)CNCC,4.030027552444108,tox21
C=C(C)CSc1nnc([C@@H](N)Cc2c[nH]c3ccccc23)o1.Cl,4.492240905132714,veith
C=C(C)Cn1c(-c2cnccn2)nnc1N1CCC(C)(COC)CC1,4.303242914992346,challenge
C=C(C)OC(C)=O,4.259614284102168,tox21
C=C(C)[C@@H]1[C@H]2OC(=O)[C@@H]1[C@]1(O)C[C@H]3O[C@]34C(=O)O[C@H]2[C@@]14C.CC(C)(O)[C@@H]1[C@H]2OC(=O)[C@@H]1[C@]1(O)C[C@H]3O[C@]34C(=O)O[C@H]2[C@@]14C,4.196955646610027,ncgc;veith
C=C(C)[C@H]1CC=C(C)C(=O)C1,4.015166552491753,tox21
C=C(C)[C@H]1CC=C(C)CC1,3.8478469271311786,tox21
C=C(C)[C@H]1Cc2c(ccc3c2O[C@@H]2COc4cc(OC)c(OC)cc4[C@@H]2C3=O)O1,3.978115377520676,tox21
C=C(C)c1cccc(C(C)(C)N=C=O)c1,3.9732520511108227,tox21
C=C(C)c1cccc(C(C)(C)NC(=O)N2CCN(C/C=C/c3ccccc3)CC2)c1,4.3922393223313625,veith
C=C(C)c1cccc(C(C)(C)NC(=O)Nc2cc(C)ccc2OC)c1,4.3922393223313625,veith
C=C(C)c1ccccc1,3.722897593540905,tox21
C=C(CC1(C(C)NP(=O)(c2ccccc2)c2ccccc2)CC1)c1ccccc1,3.9016695663778864,ncgc
C=C(CC1([C@@H](NP(=O)(c2ccccc2)c2ccccc2)[C@H]2C[C@@H]2CCCC)CC1)c1cccc(OC)c1,3.9016695663778864,ncgc
C=C(F)CN(CC)C(=O)[C@@]1(c2cccs2)C[C@H]1CN,4.64117759207705,pharmabench
C=C/C(C)=C/C/C=C(\C)CCC=C(C)C,3.773251730425014,tox21
C=C1C(=O)C=C2CN(C(=O)c3ccccc3)[C@@](Cc3ccc(F)cc3)(C(=O)OC)[C@@H]12,3.9016695663778864,ncgc
C=C1C(=O)O[C@@H]2[C@@H]1CC/C(C)=C\CC[C@@]1(C)O[C@H]21,3.9016695663778864,ncgc
C=C1C(=O)O[C@H]2C[C@@]3(C)CCCC(=C)[C@@H]3C[C@H]12,4.501669380321306,ncgc
C=C1C(C)(C)[C@@]2(Cl)C(Cl)[C@]1(Cl)C(Cl)(Cl)C2(Cl)Cl,4.08110475088939,tox21
C=C1C(CCl)(CCl)C2(Cl)C(Cl)C(Cl)C1(Cl)C2(Cl)Cl,3.9782355187580487,tox21
C=C1CCN(C(=O)NCc2ccc(S(=O)(=O)NC3CC3)cc2)CC1,4.428092524992346,challenge
C=C1CC[C@@]2(O)[C@H]3Cc4ccc(O)c5c4[C@@]2(CCN3CC2CC2)[C@H]1O5,5.234419181965621,tox21
C=C1CC[C@H](O)C/C1=C\C=C1/CCC[C@]2(C)[C@@H]([C@H](C)/C=C/[C@H](C)C(C)C)CC[C@@H]12,3.900029271512456,tox21
C=CC(=O)N1C(=O)c2ccccc2S1(=O)=O,4.701667552503337,ncgc
C=CC(=O)N1CCC[C@@H](n2nc(-c3ccc(Oc4ccccc4)cc3)c3c(N)ncnc32)C1,4.406686389992346,challenge
C=CC(=O)NC(C)(C)CC(C)=O,3.9732520511108227,tox21
C=CC(=O)NC(C)(C)CS(=O)(=O)O,3.8325455888037228,tox21
C=CC(=O)NCNC(=O)C=C,4.823254322212624,tox21
C=CC(=O)NCOCCCC,4.009730499429003,tox21
C=CC(=O)Nc1cc2c(Nc3ccc(F)c(Cl)c3)ncnc2cc1OCCCN1CCOCC1,4.43441675507263,tox21
C=CC(=O)OCC(CC)(COC(=O)C=C)COC(=O)C=C,3.742383106158244,tox21
C=CC(=O)OCC(CO)(COC(=O)C=C)COC(=O)C=C,3.7473675575661476,tox21
C=CC(=O)OCC(CO)(COCC(COC(=O)C=C)(COC(=O)C=C)COC(=O)C=C)COC(=O)C=C,4.178234844298597,tox21
C=CC(=O)OCC(COC(=O)C=C)(COC(=O)C=C)COC(=O)C=C,4.073252490208837,tox21
C=CC(=O)OCCC(=O)O,4.208876648850571,tox21
C=CC(=O)OCCCl,3.813425096331854,tox21
C=CC(=O)OCCOc1ccccc1,3.9732520511108227,tox21
C=CC(C)(C)CC(=O)OC,3.771836389259911,tox21
C=CC(C)(C)c1[nH]c2ccccc2c1C1=C(O)C(=O)C(c2c[nH]c3c(CC=C(C)C)cccc23)=C(O)C1=O,7.697284986554896,ncgc;veith
C=CC(C)(O)CC/C=C(/C)CCC=C(C)C,3.9975328446976874,tox21
C=CC(C)(O)CC/C=C(\C)CCC=C(C)C,3.773251730425014,tox21
C=CC(C)(O)CCCC(C)CCCC(C)CCCC(C)C,3.775381703677658,tox21
C=CC(C)CCCC(C)(C)O,3.998606452447131,tox21
C=CC(Cl)CCl,3.765166196524926,tox21
C=CC1=C(C)C2=Cc3c(C=C)c(C)c4n3[Sn+2]n3c(c(C)c(CCC(=O)O)c3=CC3=NC(=C4)C(C)=C3CCC(=O)O)=CC1=N2,5.396958734553992,ncgc;veith
C=CC1=C(C)C2=NC1=CC1=NC(=CC3=NC(=CC4=NC(=C2)C(C)=C4CCC(=O)O)C(CCC(=O)O)=C3C)C(C=C)=C1C.[Zn],4.101668763344926,ncgc
C=CCBr,3.948685807235802,tox21
C=CCC(C)(NCc1ccccc1)c1ccco1.Cl,4.892241091189295,veith
C=CCC(NCc1ccco1)c1ccc(OC)cc1,4.792241107578132,veith
C=CCC1=C(C)C(OC(=O)C2C(C=C(C)C)C2(C)C)CC1=O,4.247672417609428,tox21
C=CCC1=C(C)[C@@H](OC(=O)[C@@H]2[C@@H](C=C(C)C)C2(C)C)CC1=O,4.023251954306619,tox21
C=CCC1C=CC(Oc2ccc(OC)cc2)C(COC(=O)c2ccc(Br)cc2)O1,4.701667552503337,ncgc
C=CCCC#N,3.7839900299984413,tox21
C=CCCC(=O)Nc1nc(C)c(-c2csc(Nc3ccc(Cl)cc3)n2)s1,4.242240761051421,veith
C=CCCC/C=C(/C)C(OCc1ccc(OC)cc1)C(CC/C=C(\C)C(N)=O)OC,5.001666312269612,ncgc
C=CCCCCCCCCC(=O)OCC,3.773251730425014,tox21
C=CCN(CC(O)COc1ccccc1C#N)C(C)(C)Cc1cc2ccccc2[nH]1,6.817268851132731,pharmabench
C=CCN(CC=C)C(=S)NC(=O)c1ccc(OC)c(Br)c1,5.642240772861618,veith
C=CCN(CC=C)CC(O)Cn1c2ccccc2c2ccccc21,6.142241126006169,veith
C=CCN1C(=O)C(CC(=O)Nc2ccccc2)SC1=Nc1ccc(S(N)(=O)=O)cc1,4.292241779935917,veith
C=CCN1CCN(c2nc3ccccc3nc2C#N)CC1,5.396958734553992,ncgc;veith
C=CCN1CC[C@@]23CCCC[C@@H]2[C@@H]1Cc1ccc(O)cc13.O=C(O)[C@@H](O)[C@@H](O)C(=O)O,5.196951293391612,ncgc;veith
C=CCN1CC[C@@]23c4c5ccc(O)c4O[C@H]2/C(=N\N=C2/CC[C@@]4(O)[C@H]6Cc7ccc(O)c8c7[C@@]4(CCN6CC=C)[C@@H]2O8)CC[C@]3(O)[C@@H]1C5,4.096954525750631,ncgc;veith
C=CCN1CC[C@]2(C)c3cc(O)ccc3C[C@H]1[C@H]2C,4.596954724317373,ncgc;veith
C=CCN1CC[C@]23CCCC[C@H]2[C@H]1Cc1ccc(O)cc13,5.684413458264227,tox21
C=CCN1CC[C@]23c4c5ccc(O)c4O[C@@H]2/C(=N/NC(=O)c2ccccc2)CC[C@@]3(O)[C@H]1C5,4.2969560175302135,ncgc;veith
C=CCN1CC[C@]23c4c5ccc(O)c4O[C@@H]2C(=O)CC[C@@]3(O)[C@H]1C5,3.8969553287835907,ncgc;veith
C=CCN1CC[C@]23c4c5ccc(O)c4O[C@@H]2C(=O)CC[C@]3(O)[C@H]1C5,4.396953559925658,ncgc;veith
C=CCN1CC[C@]23c4c5ccc(O)c4O[C@H]2C(=O)CC[C@@]3(O)[C@H]1C5,4.75135792043544,pharmabench;tox21
C=CCN1CCc2c(cc(O)c(O)c2Br)[C@H](c2ccccc2)C1,4.396953559925658,ncgc;veith
C=CCN1CCc2c(cc(O)c(O)c2Cl)[C@H](c2ccccc2)C1,4.096954525750631,ncgc;veith
C=CCN1CCc2cc(O)c(O)cc2[C@H](c2ccccc2)C1,5.396957237873421,ncgc;veith
C=CCN1CCc2cccc3c2[C@@H]1Cc1ccc(O)c(O)c1-3,3.9969548213840747,ncgc;veith
C=CCN1CCc2nc(N)sc2CC1,4.384416994074168,tox21
C=CCN1C[C@@H](C)N([C@H](c2ccc(C(=O)N(CC)CC)cc2)c2cccc(OC)c2)C[C@H]1C,3.9969548213840747,ncgc;veith
C=CCN1C[C@H](C(=O)N(CCCN(C)C)C(=O)NCC)C[C@@H]2c3cccc4[nH]cc(c34)C[C@H]21,5.584403638366823,tox21
C=CCN1C[C@H](C)N([C@H](c2ccc(C(=O)N(CC)CC)cc2)c2cccc(OC)c2)C[C@H]1C,5.226107952494609,ncgc;tox21;veith
C=CCNC(=O)/C(=C\C=C\c1ccccc1)NC(=O)c1ccc(OCCCC)cc1,4.842240508595863,veith
C=CCNC(=O)/C(=C\c1ccc2c(c1)OCO2)NC(=O)c1ccc(Br)cc1,4.092240288156335,veith
C=CCNC(=S)NNC(=O)c1ccc2c(c1)OCO2,4.492240905132714,veith
C=CCNC(N)=S,3.807187061000315,tox21
C=CCNCCCCOc1c(Cl)cc(C)cc1Br.O=C(O)C(=O)O,6.242240761051421,veith
C=CCNCCOCCOc1ccc(C)cc1[N+](=O)[O-],4.992240583789779,veith
C=CCNc1nc(NCC=C)nc(N2CCN(C(c3ccc(F)cc3)c3ccc(F)cc3)CC2)n1.CS(=O)(=O)O.CS(=O)(=O)O,4.384416994074168,tox21
C=CCNc1oc(/C=C/c2ccccc2)nc1C#N,4.192241409015731,veith
C=CCOC(=O)C(C(C)=O)C(NC(=O)OC)c1cccc(C(F)(F)F)c1,4.901666293693565,ncgc
C=CCOC(=O)C(C(C)=O)C(NC(=O)OC)c1cccs1,4.801666983179052,ncgc
C=CCOC(=O)C(C)(C)OC(=O)c1cc(-n2c(=O)cc(C(F)(F)F)n(C)c2=O)ccc1Cl,4.131465418775908,tox21
C=CCOC(=O)C1=C(C)NC(SC)=C(C#N)C1c1cccs1,4.092240288156335,veith
C=CCOC(=O)C1=C(C)NC(SCC(=O)Nc2nccs2)=C(C#N)C1c1ccc(Cl)cc1,4.092240288156335,veith
C=CCOC(=O)C1=C(C)NC(SCC(=O)OCC)=C(C#N)C1c1ccc(C)cc1,4.342240150210577,veith
C=CCOC(=O)CCCCCCCC,3.7697209671473217,tox21
C=CCOC(=O)COCCC(C)C,3.7307457630538146,tox21
C=CCOC(=O)c1ccc(C(=O)OCC=C)c(C(=O)OCC=C)c1,3.9732520511108227,tox21
C=CCOC(=O)c1ccccc1C(=O)OCC=C,3.7800273357033305,tox21
C=CCOC(=O)c1ccccc1N,3.7700731634651294,tox21
C=CCOC(Cn1ccnc1)c1ccc(Cl)cc1Cl,4.847545130915662,tox21
C=CCOC(Cn1ccnc1)c1ccc(Cl)cc1Cl.O=S(=O)(O)O,4.884412652001449,tox21
C=CCOCC/C=C1/c2ccccc2C(OC)C1C,5.001666312269612,ncgc
C=CCO[C@@H](Cn1ccnc1)c1ccc(Cl)cc1Cl,4.796954045378592,ncgc;veith
C=CCOc1cc(Cl)ccc1C(=O)NCCN(CC)CC,6.134423160747318,tox21
C=CCOc1ccc(CNC(C)(C)CO)cc1OC.Cl,5.342240150210578,veith
C=CCOc1ccc(CNC(C)(C)CO)cc1OCC.Cl,5.342240150210578,veith
C=CCOc1ccc(OCC(O)CNC(C)C)cc1,4.097109547726775,pharmabench
C=CCOc1ccccc1CNC(=O)c1cnn(-c2ccc(=O)[nH]n2)c1C,4.567123869992345,challenge
C=CCOc1ccccc1OCC(O)CNC(C)C.Cl,4.584416971394304,tox21
C=CCOc1ccccc1OC[C@H](O)CNC(C)C,4.596954724317373,ncgc;veith
C=CCOc1nc(OCC=C)nc(OCC=C)n1,4.023251954306619,tox21
C=CCSSCCC,3.7746710104311303,tox21
C=CCSc1nc(C)cc(/C=C\c2ccccc2)c1C#N,5.04224135682174,veith
C=CCSc1nn2c(=O)c3ccccc3nc2s1,4.092240288156335,veith
C=CCSc1nnc(-c2cc3c(-c4ccccc4)nn(C)c3s2)n1C,4.342240150210577,veith
C=CC[C@@H]1C=C(C)C[C@H](C)C[C@H](OC)[C@H]2O[C@@](O)(C(=O)C(=O)N3CCCC[C@H]3C(=O)O[C@H](C(C)=C[C@@H]3CC[C@@H](O)[C@H](OC)C3)[C@H](C)[C@@H](O)CC1=O)[C@H](C)C[C@@H]2OC,4.258582556992346,challenge
C=CC[C@@H]1C=C[C@H](O/N=C(\C)CCN2CCCCc3nc(C)c(C)cc32)[C@H](CO)O1,4.89695369244143,ncgc;veith
C=CC[C@@H]1C=C[C@H](O/N=C(\C)CCN2CCCc3nc(C)c(C)cc32)[C@H](CO)O1,4.9969534480296955,ncgc;veith
C=CC[C@@H]1C=C[C@H](O/N=C(\C)CCN2CCc3nc(CC)c(CC)cc3C2)[C@H](CO)O1,4.901666293693565,ncgc
C=CC[C@@H]1C=C[C@H](O/N=C2\c3cc(OC)ccc3O[C@H](c3cccc(OC)c3)[C@H]2O)[C@H](CO)O1,4.801666983179052,ncgc
C=CC[C@@H]1C=C[C@H](Oc2ccc(C)cc2)[C@H](COC(=O)NCc2cccc3ccccc23)O1,4.601668415167836,ncgc
C=CC[N+]1(CC#CCOC(c2ccccc2)c2ccccc2)CCOCC1.[Cl-],4.642240772861618,veith
C=CC[N+]1([C@H]2C[C@H]3[C@@H]4CC[C@H]5C[C@H](OC(C)=O)[C@@H](N6CCCCC6)C[C@]5(C)[C@H]4CC[C@]3(C)[C@H]2OC(=O)CC)CCCCC1.[Br-],4.534418069800762,tox21
C=CC[n+]1c(-c2ccc(C)cc2)csc1NNC(=O)Nc1ccccc1.[Br-],4.992240583789779,veith
C=CCc1cc(OC)c2c(c1)OCO2,4.203439375018077,tox21
C=CCc1cc(S(=O)(=O)c2ccc(O)c(CC=C)c2)ccc1O,4.773251043912272,tox21
C=CCc1ccc(O)c(OC)c1,4.27573702944183,tox21
C=CCc1ccc(OC)cc1,4.736527309169336,tox21
C=CCc1ccc(OCCOCCOc2ccc(C)cc2[N+](=O)[O-])c(OC)c1,4.3922393223313625,veith
C=CCc1ccc([N+](C)(C)CCC(=O)CC[N+](C)(C)c2ccc(CC=C)cc2)cc1,3.9969548213840747,ncgc;veith
C=CCc1cccc(C2C(C)CCC3C(=O)N4C(CCC(C)C4c4cccc(CC=C)c4)C(=O)N32)c1,5.001666312269612,ncgc
C=CCc1cccc(C2C(C)CCC3C(=O)N4C(Cc5c([nH]c6ccccc56)C4c4cc(OC)c(OC)c(OC)c4)C(=O)N32)c1,4.901666293693565,ncgc
C=CCc1ccccc1OCC(O)CNC(C)C,4.884412652001449,tox21
C=CCc1ccccc1OC[C@H](O)CNC(C)C,4.596954745049857,ncgc;veith
C=CCc1ccccc1OC[C@H](O)CN[C@]1(C)CCC[C@@H](C(C)(C)NC(=O)CBr)C1,5.69694058165962,ncgc;veith
C=CCn1c(=O)c(C(=O)NCCN(CC)CC)c(O)c2ccccc21.Cl,4.842240508595863,veith
C=CCn1c(=O)c(C=Nc2cccc([N+](=O)[O-])c2)c(O)n(CCCC)c1=O,4.3922393223313625,veith
C=CCn1c(=O)n(CC=C)c(=O)n(CC=C)c1=O,3.7746710104311303,tox21
C=CCn1c(C)c(C)c2cc(-n3ccccc3=O)nc(NCc3c(C)cccc3C)c21,4.004355494489876,pharmabench
C=CCn1c(CSCc2ccccc2)nnc1SCC(=O)NCc1ccccc1,4.3922393223313625,veith
C=CCn1c(Cc2c[nH]c3ccccc23)nnc1SCC(=O)NCc1ccccc1,4.292241779935917,veith
C=CCn1c(NCc2ccccc2)nc2ccccc21,5.892241091189295,veith
C=CCn1c(SC(C)C(=O)NCc2ccc3c(c2)OCO3)nc2scc(-c3ccccc3)c2c1=O,4.992240583789779,veith
C=CCn1c(SCC(=O)N2CCc3ccccc3C2)nc2ccccc2c1=O,4.292241779935917,veith
C=CCn1c(SCC)nc2sc3c(c2c1=O)CCc1ccccc1-3,4.442240306846953,veith
C=CCn1c(SCc2ccc(C(=O)Nc3ccccc3)cc2)nnc1-c1ccccc1,4.142241126006169,veith
C=CCn1c(SCc2nc3ccccc3[nH]2)nnc1-c1cccc(OC)c1,4.592241033466911,veith
C=COC(=O)C(C)(CC)CCC(C)C,3.8918079428150723,tox21
C=COC(C)=O,3.9589252433722155,tox21
C=COCC1CN2C(CCC(C)C2c2ccc(Br)cc2)C(=O)O1,5.001666312269612,ncgc
C=COCCOCCOC=C,3.926959134410886,tox21
C=CS(=O)(=O)[O-].[Na+],3.817964765633543,tox21
C=C[C@@H]1CN2CC[C@@H]1C[C@H]2[C@H](O)c1ccnc2ccc(OC)cc12,4.701667552503337,ncgc
C=C[C@@H]1CN2CC[C@@H]1C[C@H]2[C@H](O)c1ccnc2ccccc12,4.901666293693565,ncgc
C=C[C@@H]1CN2CC[C@H]1C[C@H]2[C@H](O)c1ccnc2ccccc12,4.89695369244143,ncgc;veith
C=C[C@@H]1C[NH+]2CC[C@H]1C[C@H]2[C@@H](O)c1ccnc2ccccc12,6.501669380321306,ncgc
C=C[C@@H]1OCC[C@H]1NC(=O)c1cnn(CC(C)C)c1C(F)F,4.750360094992345,challenge
C=C[C@@H]1OCC[C@H]1NC(=O)c1oc2ccc(Br)cc2c1C,5.210147087992346,challenge
C=C[C@@]1(C)CC(=O)[C@@]2(O)[C@@]3(C)[C@H](O)CCC(C)(C)[C@@H]3[C@H](O)[C@H](OC(C)=O)[C@]2(C)O1,4.101668763344926,ncgc
C=C[C@@]1(C)CC(=O)[C@]2(O)[C@@]3(C)[C@@H](O)CCC(C)(C)[C@@H]3[C@H](O)[C@H](OC(C)=O)[C@@]2(C)O1,3.7475325606879375,tox21
C=C[C@H](N)CCC(=O)O,4.301670255124509,ncgc
C=C[C@H]1CN2CC[C@@H]1C[C@@H]2[C@@H](O)c1ccnc2ccc(OC)cc12,6.147548004310795,ncgc;veith
C=C[C@H]1CN2CC[C@@H]1C[C@H]2[C@@H](O)c1ccnc2ccc(OC)cc12.Cl.O,7.4969551427270105,ncgc;veith
C=C[C@H]1CN2CC[C@@H]1C[C@H]2[C@@H](O)c1ccnc2ccccc12,5.39695158040918,ncgc;veith
C=C[C@H]1CN2CC[C@H]1C[C@@H]2[C@@H](O)c1ccnc2ccc(OC)cc12,7.427142914501718,challenge;pharmabench;tox21
C=C[C@H]1CN2CC[C@H]1C[C@H]2[C@H](O)c1ccnc2ccc(OC)cc12,5.070741378478983,challenge;tox21
C=C[C@H]1CN2CC[C@H]1C[C@H]2[C@H](O)c1ccnc2ccc(OC)cc12.Cl.O.O,5.273248540953206,tox21
C=C[C@](C)(O)CC[C@@H]1[C@@]2(C)CCCC(C)(C)[C@@H]2CC[C@@]1(C)O,3.773251730425014,tox21
C=C[C@]1(C)C[C@@H](OC(=O)CSc2cncc(NC(=O)CN3CCC(O)CC3)c2)[C@]2(C)[C@H](C)CC[C@]3(CCC(=O)[C@H]32)[C@@H](C)[C@@H]1O,4.370110819790512,pharmabench
C=C[Si](OC(C)=O)(OC(C)=O)OC(C)=O,3.773251730425014,tox21
C=C[Si](OCCOC)(OCCOC)OCCOC,4.067906417907771,tox21
C=Cc1c(C)c2cc3[nH]c(cc4nc(cc5nc(cc1[nH]2)C(C)=C5CCC(=O)O)C(CCC(=O)O)=C4C)c(C)c3C=C,4.101668763344926,ncgc
C=Cc1c(C)c2cc3[nH]c(cc4nc(cc5nc(cc1[nH]2)C(C)=C5CCC(=O)[O-])C(CCC(=O)[O-])=C4C)c(C)c3C=C.[Na+].[Na+],4.3344172940778565,tox21
C=Cc1c(C)c2cc3nc(cc4[nH]c(cc5nc(cc1[nH]2)C(C)=C5CCC(=O)O)c(CCC(=O)OC)c4C)[C@@]1(C)C3=CC=C(C(=O)OC)[C@H]1C(=O)OC.C=Cc1c(C)c2cc3nc(cc4[nH]c(cc5nc(cc1[nH]2)C(C)=C5CCC(=O)OC)c(CCC(=O)O)c4C)[C@@]1(C)C3=CC=C(C(=O)OC)[C@H]1C(=O)OC,4.696954347372703,ncgc;veith
C=Cc1ccc(O)c(OC)c1,3.8232520113632606,tox21
C=Cc1cccc(C)c1,3.7275207400855823,tox21
C=Cc1ccccc1C=C,3.774387333777576,tox21
CC#CCCCC(=O)Nc1cc(OC)nc(OC)n1,4.292241779935917,veith
CC#CCCN1CCC(Cc2nc(-c3ccc(F)cn3)no2)CC1,4.969772242992346,challenge
CC#CCOC(=O)C1=CCCN(C)C1.Cc1ccc(S(=O)(=O)O)cc1,3.9969548213840747,ncgc;veith
CC#CCOC(=O)c1c(C)nc2sc3c(c2c1N)CC[C@@H](O)C3,4.00166905897837,ncgc
CC#C[C@@]1(O)CC[C@@H]2[C@@H]3CCC4=CC(=O)CCC4=C3[C@@H](c3ccc(N(C)C)cc3)C[C@]21C,4.00166905897837,ncgc
CC#C[C@@]1(O)CC[C@H]2[C@@H]3CCC4=CC(=O)CCC4=C3[C@H](c3ccc(N(C)C)cc3)C[C@]21C,4.396953559925658,ncgc;veith
CC#C[C@]1(O)CC[C@H]2[C@@H]3CCC4=CC(=O)CCC4=C3[C@@H](c3ccc(N(C)C)cc3)C[C@@]21C,4.003834510975344,tox21
CC#C[C@]1(O)CC[C@H]2[C@@H]3CCC4=CC(=O)CCC4=C3[C@H](c3ccc(N(C)C)cc3)C[C@@]21C,4.596954724317373,ncgc;veith
CC(/C=N/NC(=O)Cc1cccs1)=C\c1ccco1,4.342240150210577,veith
CC(/C=N/n1c(-c2cccnc2)n[nH]c1=S)=C\c1ccccc1,4.642240772861618,veith
CC(=NCC(=O)O)c1ccccc1,4.89695369244143,ncgc;veith
CC(=O)/C(C)=N\O,4.89695369244143,ncgc;veith
CC(=O)/C=C/C1=C(C)CCCC1(C)C,3.789412674172188,tox21
CC(=O)/C=C/C=C1/C2CCC(C2)C1(C)C,4.0344169708398665,tox21
CC(=O)/C=C/c1ccccc1,4.023251954306619,tox21
CC(=O)/C=C1/SC=C(c2ccc(Br)cc2)N1c1ccccc1,4.992240583789779,veith
CC(=O)C(=O)O,4.267614772432172,tox21
CC(=O)C(Cl)(Cl)Cl,4.030798281398625,tox21
CC(=O)C(Cl)C(=O)N(C)C,3.8732518948441816,tox21
CC(=O)C1=C(O)[C@@H]2[C@@H]3c4c[nH]c5cccc(c45)C[C@@H]3C(C)(C)N2C1=O,3.9016695663778864,ncgc
CC(=O)C1C(=O)C=C(C)OC1=O,4.023251954306619,tox21
CC(=O)CC(c1ccc([N+](=O)[O-])cc1)c1c(O)c2ccccc2oc1=O,3.9844173999188213,tox21
CC(=O)CC(c1ccccc1)c1c(O)c2ccccc2oc1=O,4.023251954306619,tox21
CC(=O)CCc1ccc(O)cc1,3.8732518948441816,tox21
CC(=O)CCc1ccc2c(c1)OCO2,3.9732520511108227,tox21
CC(=O)CN1CC[C@@H](CN2CCC[C@@H](Cc3ccc(F)cc3)C2)[C@H](NC(=O)Nc2nc(C)c(C(C)=O)s2)C1,4.828264235434195,pharmabench
CC(=O)N(CC(=O)N(C)[C@H](CN1CC[C@H](O)C1)c1ccccc1)c1ccccc1,5.942207587741032,pharmabench
CC(=O)N/N=C/c1cc([N+](=O)[O-])ccc1OCCOc1ccccc1,6.742241156276297,veith
CC(=O)N1CC(C(=O)N2CCc3cc(Cl)cc(Cl)c3C2C)Oc2ccccc21,4.651849979992345,challenge
CC(=O)N1CCC(=O)N(C(C)C)c2ccccc21,4.992240583789779,veith
CC(=O)N1CCC(C(=O)N2C[C@H](C(=O)N(C)C(C)(C)c3cc(C(F)(F)F)cc(C(F)(F)F)c3)[C@@H](c3ccc(F)cc3C)C2)CC1,3.6634539867882028,pharmabench
CC(=O)N1CCC(C(=O)N2C[C@H](C(=O)N(C)Cc3cc(C(F)(F)F)cc(C(F)(F)F)c3)[C@@H](c3ccc(F)cc3C)C2)CC1,3.4555410151151387,pharmabench
CC(=O)N1CCC(C(=O)N2C[C@H](C(=O)N(C)Cc3cc(C(F)(F)F)cc(C(F)(F)F)c3)[C@@H](c3ccccc3)C2)CC1,4.039117600749088,pharmabench
CC(=O)N1CCC(C(=O)N2C[C@H](c3noc(C(C)(C)c4cc(C(F)(F)F)cc(C(F)(F)F)c4)n3)[C@@H](c3ccc(F)cc3C)C2)CC1,3.619988293007112,pharmabench
CC(=O)N1CCC2(CC1)CCN(C(=O)Nc1cccc(F)c1)CC2,4.9969534480296955,ncgc;veith
CC(=O)N1CCC2(CC1)CCN(C(c1ccccc1)c1ccccc1)CC2,4.596954724317373,ncgc;veith
CC(=O)N1CCC2(CC1)CCN(c1cccc(-c3ccccc3)c1)CC2,4.00166905897837,ncgc
CC(=O)N1CCC2(CC1)CN(Cc1ccc(C#N)cc1)C2,4.89695369244143,ncgc;veith
CC(=O)N1CCC2(CC1)CN(c1cccc(-c3ccccc3)c1)C2,4.201669884204322,ncgc
CC(=O)N1CCC2(CCCN(C(=O)Nc3cccc(C#N)c3)C2)CC1,4.101668763344926,ncgc
CC(=O)N1CCC2(CCCN(C(c3ccccc3)c3ccccc3)C2)CC1,4.596954724317373,ncgc;veith
CC(=O)N1CCC2(CCCN(Cc3cc(C(F)(F)F)cc(C(F)(F)F)c3)C2)CC1,3.9016695663778864,ncgc
CC(=O)N1CCC2(CCCN(Cc3ccccc3)C2)CC1,5.096953661274842,ncgc;veith
CC(=O)N1CCC2(CCCN(Cc3nccs3)C2)CC1,4.301670255124509,ncgc
CC(=O)N1CCC2(CCCN(c3cccc(-c4ccccc4)c3)C2)CC1,3.9016695663778864,ncgc
CC(=O)N1CCC2(CCCN(c3ncccn3)C2)CC1,4.00166905897837,ncgc
CC(=O)N1CCC2(CCN(Cc3ccccc3)CC2)CC1,4.2969560175302135,ncgc;veith
CC(=O)N1CCC[C@@]2(CCN(C(c3ccccc3)c3ccccc3)C2)C1,4.201669884204322,ncgc
CC(=O)N1CCC[C@@]2(CCN(Cc3cc(C(F)(F)F)cc(C(F)(F)F)c3)C2)C1,4.2969560175302135,ncgc;veith
CC(=O)N1CCC[C@@]2(CCN(Cc3ccc(C#N)cc3)C2)C1,4.396953559925658,ncgc;veith
CC(=O)N1CCC[C@@]2(CCN(Cc3ccccc3)C2)C1,4.2969560175302135,ncgc;veith
CC(=O)N1CCC[C@@]2(CCN(c3ncccn3)C2)C1,4.2969560175302135,ncgc;veith
CC(=O)N1CCN(c2ccc(OCC3COC(Cn4ccnc4)(c4ccc(Cl)cc4Cl)O3)cc2)CC1,4.207141238056736,pharmabench
CC(=O)N1CCN(c2ccc(OC[C@@H]3CO[C@@](Cn4ccnc4)(c4ccc(Cl)cc4Cl)O3)cc2)CC1,4.2516692196498385,ncgc
CC(=O)N1CCN(c2ccc(OC[C@H]3CO[C@](Cn4ccnc4)(c4ccc(Cl)cc4Cl)O3)cc2)CC1,4.062460358825772,ncgc;tox21
CC(=O)N1CCN(c2ccccc2NC(=O)COc2ccc(Br)cc2)CC1,4.292241779935917,veith
CC(=O)N1CC[C@H](N(Cc2ccccc2C(F)(F)F)c2ccc(C#N)c(Cl)c2)C1,4.18887992108242,pharmabench
CC(=O)N1Cc2cc(S(=O)(=O)NC3CC3)ccc2C1C(=O)Nc1ccc(C(O)(C(F)(F)F)C(F)(F)F)cc1,7.118298846796713,pharmabench
CC(=O)N=c1sccn1CC(=O)c1ccc([N+](=O)[O-])cc1,4.342240150210577,veith
CC(=O)NC1(c2cccc(F)c2)CCN(CC[C@@]2(c3ccc(Cl)c(Cl)c3)CN(c3ccccc3)C(=O)CO2)CC1.O=C(O)CCC(=O)O,4.122037824336114,tox21
CC(=O)NC1CCN(Cc2ccc(CCN(C)C(=O)c3ccc(-c4ccc(F)cc4)cc3)cc2)CC1,4.243237583405013,pharmabench
CC(=O)NC1CCN(Cc2ccc(CCNC(=O)c3ccc(-c4ccc(F)cc4)cc3)cc2)CC1,4.6064154858178386,pharmabench
CC(=O)NCC1CN(Cc2c3c(nn2C)CCC3)CCO1,4.929747139992346,challenge
CC(=O)NCCNc1nc(-c2ccc(N(C)C)cc2)nc2ccccc12,4.201669884204322,ncgc
CC(=O)NCCNc1nc(-c2ccc3c(c2)OCO3)nc2ccccc12,4.396953559925658,ncgc;veith
CC(=O)NCCNc1nc(-c2cccc(C#N)c2)nc2ccccc12,4.201669884204322,ncgc
CC(=O)NCCNc1nc(-c2cccc(NS(C)(=O)=O)c2)nc2ccccc12,4.4969551427270105,ncgc;veith
CC(=O)NCCNc1nc(-c2ccccc2C(F)(F)F)nc2ccccc12,4.89695369244143,ncgc;veith
CC(=O)NCCNc1nc(-c2ccccc2C)nc2ccccc12,4.796954045378592,ncgc;veith
CC(=O)NCCNc1nc(-c2ccccc2CN(C)C)nc2ccccc12,4.4969551427270105,ncgc;veith
CC(=O)NCCNc1nc(-c2ccccc2Cl)nc2ccccc12,4.396953559925658,ncgc;veith
CC(=O)NCCNc1ncnc2ccc(-c3ccc4c(c3)OCO4)cc12,4.4969551427270105,ncgc;veith
CC(=O)NCCNc1ncnc2ccc(-c3ccccc3C(F)(F)F)cc12,4.196955646610027,ncgc;veith
CC(=O)NCCNc1ncnc2ccc(-c3ccccc3C)cc12,4.196955646610027,ncgc;veith
CC(=O)NCCNc1ncnc2ccc(-c3ccccc3Cl)cc12,4.2969560175302135,ncgc;veith
CC(=O)NCCNc1ncncc1-c1ccccc1CN(C)C,3.9016695663778864,ncgc
CC(=O)NCCc1c[nH]c2ccc(O)cc12,4.301670255124509,ncgc
CC(=O)NCCc1cc(-c2csc(Nc3ccc(F)cc3)n2)ccc1F,4.760042697992346,challenge
CC(=O)NCCc1ccc(S(=O)(=O)Nc2ccc(-c3cccc(O)c3)cc2)cc1,4.729473041992346,challenge
CC(=O)NCCn1c(SCC(=O)NCc2ccco2)nc2ccccc2c1=O,6.842240508595863,veith
CC(=O)NCCn1c(SCc2ccc(C)cc2)nc2ccccc2c1=O,4.242240761051421,veith
CC(=O)NNC(=O)N1Cc2ccccc2Oc2ccc(Cl)cc21,4.496954850841339,ncgc;veith
CC(=O)NNc1ccccc1,4.0260935164629,tox21
CC(=O)N[C@@H](Cc1c[nH]c2ccccc12)C(=O)OCc1cc(C(F)(F)F)cc(C(F)(F)F)c1,3.9016695663778864,ncgc
CC(=O)N[C@@H](c1ccccc1)[C@]1(C)C[C@H]1[C@@H](C)C(=O)Nc1ccc2ccccc2c1,4.00166905897837,ncgc
CC(=O)N[C@H](C[C@@H](C)NC(=O)Nc1cccc(-c2nnnn2C)c1)N1CCC[C@@H](Cc2ccc(F)cc2)C1,4.839545245843884,pharmabench
CC(=O)N[C@H](c1ccccc1)[C@@]1(C)C[C@@H]1[C@@H](C)C(=O)Nc1ccc2ccccc2c1,5.196951293391612,ncgc;veith
CC(=O)Nc1c(I)cc(I)c(C(=O)O)c1I,4.134416852957513,tox21
CC(=O)Nc1cc(C(F)(F)F)ccc1Oc1cccc(Br)c1,4.492240905132714,veith
CC(=O)Nc1cc(NC(=O)N2CCC2c2ccc(F)cc2)ccc1C,4.533717289992346,challenge
CC(=O)Nc1cc(S(=O)(=O)[O-])cc2cc(S(=O)(=O)[O-])c(N=Nc3ccccc3)c(O)c12.[Na+].[Na+],4.023251954306619,tox21
CC(=O)Nc1ccc(-c2ccc(C(CN3CCOCC3)N(C)C(=O)CN3C(=O)COc4cc(C)c(C)cc43)cc2)cc1,3.9422075877410316,pharmabench
CC(=O)Nc1ccc(-c2nnc(SCC(=O)c3ccc4c(c3)Cc3ccccc3-4)n2C)cc1,4.342240150210577,veith
CC(=O)Nc1ccc(C(=O)CCl)cc1,3.9975328446976874,tox21
CC(=O)Nc1ccc(Cn2nc(-c3nc(CNC(=O)OC(C)(C)C)no3)c3ccccc32)cc1,4.305385490153857,pharmabench
CC(=O)Nc1ccc(N)cc1,3.966913844191221,tox21
CC(=O)Nc1ccc(NC(=O)CSc2nnc(-c3ccccc3)n2Cc2ccc3c(c2)OCO3)cc1,4.3922393223313625,veith
CC(=O)Nc1ccc(NC(=O)c2ccccc2CC[N+](=O)[O-])cc1,4.342240150210577,veith
CC(=O)Nc1ccc(O)cc1,3.8130374499788937,tox21
CC(=O)Nc1ccc(OC(=O)c2ccccc2OC(C)=O)cc1,4.3344172940778565,tox21
CC(=O)Nc1ccc(OCC(O)Cn2c3ccccc3c3ccccc32)c(C)c1,4.342240150210577,veith
CC(=O)Nc1ccc(OC[C@@H](O)CNC(C)C)cc1,4.9969534480296955,ncgc;veith
CC(=O)Nc1ccc(S(=O)(=O)N2CCC(N(C)CCC(C)C)CC2)cc1.Cl,4.542240874986129,veith
CC(=O)Nc1ccc(S(=O)(=O)N2CCN(c3nc(NC4CCCC4)c4ccccc4n3)CC2)cc1,4.3922393223313625,veith
CC(=O)Nc1ccc(S(=O)(=O)NC(CC(=O)NCCC2=CCCCC2)C(C)C)cc1,5.642240772861618,veith
CC(=O)Nc1ccc(S(=O)(=O)NCCc2ccc(F)cc2)cc1,4.292241779935917,veith
CC(=O)Nc1ccc2c(c1)CC(C(=O)N(C)[C@H](CN1CC[C@H](O)C1)c1ccccc1)O2,5.532838117288212,pharmabench
CC(=O)Nc1ccc2c(c1)CCC(C(=O)N(C)[C@H](CN1CC[C@H](O)C1)c1ccccc1)O2,4.956930844561739,pharmabench
CC(=O)Nc1ccc2nc(C3CCCCC3)[nH]c2c1,4.3922393223313625,veith
CC(=O)Nc1cccc(-c2nc(-c3ccc(O)cc3O)cs2)c1,4.7057018949923455,challenge
CC(=O)Nc1cccc(C(=O)OC(C(=O)c2ccc(C)c(C)c2)c2ccccc2)c1,4.242240761051421,veith
CC(=O)Nc1cccc(N)c1,3.716913477461545,tox21
CC(=O)Nc1cccc(OCCNC2[C@H]3CCC[C@H]3C2(C)C)c1,6.154059149992346,challenge
CC(=O)Nc1cccc(O[C@H]2c3ccccc3C[C@@H]2N2CCCC2)c1,5.613148868476807,pharmabench
CC(=O)Nc1cccc(O[C@H]2c3ccccc3C[C@@H]2N2CCC[C@@H](N)C2)c1,4.7117586663627575,pharmabench
CC(=O)Nc1ccccc1C=C1c2ccccc2-c2ccccc21,4.796954045378592,ncgc;veith
CC(=O)Nc1nc2cnc(NC3(C4CCCO4)CCC3)nc2s1,4.109968231992346,challenge
CC(=O)Nc1nnc(CCN2CCCCC2)s1,5.3922393223313625,veith
CC(=O)Nc1nonc1NC(=O)c1ccc(C(C)(C)C)cc1,4.492240905132714,veith
CC(=O)Nc1sc2c(c1CN1CCN(C)CC1)CCCC2,4.3922393223313625,veith
CC(=O)O,4.147847371242316,tox21
CC(=O)O.CC(=O)O.NC(=NCCCCCCN=C(N)/N=C(\N)Nc1ccc(Cl)cc1)/N=C(\N)Nc1ccc(Cl)cc1,4.875373665055341,tox21
CC(=O)O.CC(C)c1ccc2c(c1)CC[C@H]1[C@](C)(CN)CCC[C@]21C,5.4732589208294655,tox21
CC(=O)O.CCCCCCCCCCCCN=C(N)N,5.182394024408509,tox21
CC(=O)O.CCN(CC)CC[n+]1ccc2c(C)c3[nH]c4ccc(O)cc4c3c(C)c2c1,4.701667552503337,ncgc
CC(=O)O.CCN(CC)CC[n+]1ccc2c(C)c3[nH]c4ccccc4c3c(C)c2c1,4.9969534480296955,ncgc;veith
CC(=O)O.CN1CCN(CN2C(=O)C3C4C=CC(C3C2=O)C2C3C(=O)N(CN5CCN(C)CC5)C(=O)C3C42)CC1,5.501669380321306,ncgc
CC(=O)O.COc1cc(C)cc2c(-c3c(O)cc(O)c4c3C[C@H](C)N[C@@H]4C)cc(-c3cc(-c4c(O)cc(O)c5c4C[C@H](C)N[C@@H]5C)c4cc(C)cc(OC)c4c3O)c(O)c12,4.801666983179052,ncgc
CC(=O)O.Cc1c(-c2ccc(O)cc2)n(Cc2ccc(OCCN3CCCCCC3)cc2)c2ccc(O)cc12,5.984437495342514,tox21
CC(=O)O.Cc1c2cc[n+](CCN3CCCCC3)cc2c(C)c2c1[nH]c1ccc(O)cc12,4.796954045378592,ncgc;veith
CC(=O)O.O=C(NCC1CCCCN1)c1cc(OCC(F)(F)F)ccc1OCC(F)(F)F,5.631090482101568,tox21
CC(=O)OC(C(=O)c1ccccc1)c1ccccc1,3.7211307031008216,tox21
CC(=O)OC(C)(C)C,4.223252007786247,tox21
CC(=O)OC(C)(C)C1CC=C(C)CC1,3.9732520511108227,tox21
CC(=O)OC(C)(C)N=Nc1ccc(Br)cc1,5.001666312269612,ncgc
CC(=O)OC(C)OC(=O)C(C)c1ccc(-c2ccccc2)c(F)c1,4.084417373518855,tox21
CC(=O)OC(OC(C)=O)c1ccc([N+](=O)[O-])o1,4.015515396418448,tox21
CC(=O)OC/C=C(/C)CCC=C(C)C,3.773251730425014,tox21
CC(=O)OC/C=C(C)/C=C/C=C(C)/C=C/C1=C(C)CCCC1(C)C,3.928440278532631,tox21
CC(=O)OC1(c2ccccc2)CCN(CCc2ccccc2)CC1,5.862748558435873,tox21
CC(=O)OC1C2CCCC1C([NH+]1CCCC1)CC2.[Cl-],4.942241381558047,veith
CC(=O)OCC(=O)NCCCOc1cccc(CN2CCCCC2)c1.Cl,4.384416994074168,tox21
CC(=O)OCC(=O)[C@@]1(O)CCC2C3CCC4=CC(=O)CC[C@]4(C)C3[C@@H](O)C[C@@]21C,4.052973088178947,tox21
CC(=O)OCC(=O)[C@@]1(O)CC[C@H]2[C@@H]3CCC4=CC(=O)CC[C@]4(C)[C@H]3C(=O)C[C@@]21C,4.584416971394304,tox21
CC(=O)OCC(=O)[C@H]1CC[C@H]2[C@@H]3CCC4=CC(=O)CC[C@]4(C)[C@H]3CC[C@]12C,4.3344172940778565,tox21
CC(=O)OCC1=C(C(=O)O)N2C(=O)[C@@H](N)[C@H]2SC1,4.46993242208267,tox21
CC(=O)OCC1=C(C(=O)[O-])N2C(=O)[C@@H](NC(=O)CSc3ccncc3)[C@@H]2SC1.[Na+],4.396953559925658,ncgc;veith
CC(=O)OCC1=C(C(=O)[O-])N2C(=O)[C@@H](NC(=O)CSc3ccncc3)[C@H]2SC1.[Na+],4.534418069800762,tox21
CC(=O)OCC1OC(C#CCCCc2ccccc2)C=CC1OC(C)=O,4.951666302981589,ncgc
CC(=O)OCC1OC(C#Cc2ccc(C)cc2C)C=CC1OC(C)=O,4.901666293693565,ncgc
CC(=O)OCC1OC(C#Cc2ccc(Cl)cc2)C=CC1OC(C)=O,4.801666983179052,ncgc
CC(=O)OCC1OC(C#Cc2ccc(F)cc2F)C=CC1OC(C)=O,4.701667552503337,ncgc
CC(=O)OCC1OC(C#Cc2ccccc2)C=CC1OC(C)=O,8.501669380321307,ncgc
CC(=O)OCC1OC(c2ccc3c(c2)OCO3)C=CC1OC(C)=O,4.601668415167836,ncgc
CC(=O)OCCC(C)CC(C)(C)C,3.723251713511802,tox21
CC(=O)OCCCN1c2ccccc2Nc2nnc(-c3ccccc3)cc21,4.292241779935917,veith
CC(=O)OC[C@@H]1O[C@@H](O/N=C2/C[C@@H](O)[C@@H](O)[C@@H]3[C@@H]4C(=O)N(C5CCCCC5)C(=O)[C@H]4CC[C@@H]23)[C@H](OC(C)=O)[C@H](OC(C)=O)[C@@H]1OC(C)=O,4.9969534480296955,ncgc;veith
CC(=O)OC[C@@H]1O[C@@H](O/N=C2/C[C@@H](O)[C@@H](O)[C@@H]3[C@@H]4C(=O)N(C5CCCCC5)C(=O)[C@H]4CC[C@H]23)[C@H](OC(C)=O)[C@H](OC(C)=O)[C@@H]1OC(C)=O,4.89695369244143,ncgc;veith
CC(=O)OC[C@@H]1O[C@@H](O/N=C2/C[C@@H](O)[C@@H](O)[C@@H]3[C@@H]4C(=O)N(C[C@@H]5CCCO5)C(=O)[C@H]4CC[C@@H]23)[C@H](OC(C)=O)[C@H](OC(C)=O)[C@@H]1OC(C)=O,4.89695369244143,ncgc;veith
CC(=O)OC[C@@H]1O[C@@H](O/N=C2/C[C@@H](O)[C@@H](O)[C@@H]3[C@@H]4C(=O)N(C[C@@H]5CCCO5)C(=O)[C@H]4CC[C@H]23)[C@H](OC(C)=O)[C@H](OC(C)=O)[C@@H]1OC(C)=O,4.801666983179052,ncgc
CC(=O)OC[C@@H]1O[C@@H](O/N=C2/C[C@@H](O)[C@@H](O)[C@@H]3[C@@H]4C(=O)N(Cc5ccc6c(c5)OCO6)C(=O)[C@H]4CC[C@H]23)[C@H](OC(C)=O)[C@H](OC(C)=O)[C@@H]1OC(C)=O,4.9969534480296955,ncgc;veith
CC(=O)OC[C@@H]1O[C@@H](O/N=C2/C[C@@H](O)[C@@H](O)[C@@H]3[C@@H]4C(=O)N(Cc5ccccc5)C(=O)[C@H]4CC[C@@H]23)[C@H](OC(C)=O)[C@H](OC(C)=O)[C@@H]1OC(C)=O,4.89695369244143,ncgc;veith
CC(=O)OC[C@@H]1O[C@@H](O/N=C2/C[C@@H](O)[C@@H](O)[C@@H]3[C@@H]4C(=O)N(Cc5ccccc5)C(=O)[C@H]4CC[C@H]23)[C@H](OC(C)=O)[C@H](OC(C)=O)[C@@H]1OC(C)=O,4.9969534480296955,ncgc;veith
CC(=O)OC[C@@H]1O[C@@H](O/N=C2/C[C@@H](O)[C@@H](O)[C@@H]3[C@@H]4C(=O)N([C@@H](C)c5ccccc5)C(=O)[C@H]4CC[C@H]23)[C@H](OC(C)=O)[C@H](OC(C)=O)[C@@H]1OC(C)=O,4.89695369244143,ncgc;veith
CC(=O)OC[C@@H]1O[C@@H](O/N=C2/C[C@@H](O)[C@@H](O)[C@@H]3[C@@H]4C(=O)N(c5cccc(Oc6ccccc6)c5)C(=O)[C@H]4CC[C@@H]23)[C@H](OC(C)=O)[C@H](OC(C)=O)[C@@H]1OC(C)=O,4.601668415167836,ncgc
CC(=O)OC[C@@H]1O[C@@H](O/N=C2/C[C@@H](O)[C@@H](O)[C@@H]3[C@H]4C(=O)N(c5ccc(F)cc5F)C(=O)[C@@H]4CC[C@@H]23)[C@H](OC(C)=O)[C@H](OC(C)=O)[C@@H]1OC(C)=O,4.901666293693565,ncgc
CC(=O)OC[C@@H]1O[C@@H](O/N=C2/C[C@@H](O)[C@@H](O)[C@@H]3[C@H]4C(=O)N(c5ccc(F)cc5F)C(=O)[C@@H]4CC[C@H]23)[C@H](OC(C)=O)[C@H](OC(C)=O)[C@@H]1OC(C)=O,4.9969534480296955,ncgc;veith
CC(=O)OC[C@@H]1O[C@H](C/C=N\O[C@@H](C)CN2CCCCc3nc(C)c(C)cc32)C=C[C@@H]1OC(C)=O,4.9969534480296955,ncgc;veith
CC(=O)OC[C@@H]1O[C@H](C/C=N\O[C@@H](C)CN2CCCc3nc(C)c(C)cc32)C=C[C@@H]1OC(C)=O,4.9969534480296955,ncgc;veith
CC(=O)OC[C@@H]1O[C@H](C/C=N\O[C@@H]2O[C@H](COC(C)=O)[C@@H](OC(C)=O)[C@H](OC(C)=O)[C@H]2OC(C)=O)C=C[C@@H]1OC(C)=O,4.89695369244143,ncgc;veith
CC(=O)OC[C@H]1O[C@@H](O/N=C(\C)CCC(=O)OC[C@@H]2O[C@H](C#Cc3ccccc3)C=C[C@@H]2Oc2ccc(C)cc2)[C@H](OC(C)=O)[C@@H](OC(C)=O)[C@H]1OC(C)=O,4.89695369244143,ncgc;veith
CC(=O)OC[C@H]1O[C@@H](O/N=C(\C)CCN2CCCCc3nc(C)c(C)cc32)[C@H](OC(C)=O)[C@@H](OC(C)=O)[C@H]1OC(C)=O,4.89695369244143,ncgc;veith
CC(=O)OC[C@H]1O[C@@H](O/N=C(\C)CCN2CCCc3nc(C)c(C)cc32)[C@H](OC(C)=O)[C@@H](OC(C)=O)[C@H]1OC(C)=O,4.9969534480296955,ncgc;veith
CC(=O)OC[C@H]1O[C@@H](O/N=C(\C)CCN2CCc3nc(-c4ccccc4)c(-c4ccccc4)cc3C2)[C@H](OC(C)=O)[C@@H](OC(C)=O)[C@H]1OC(C)=O,4.9969534480296955,ncgc;veith
CC(=O)OC[C@H]1O[C@@H](O/N=C2/[C@H]3O[C@@H]3[C@@H](O)[C@H]3[C@H]2CCn2c(=O)n(-c4ccccc4)c(=O)n23)[C@H](OC(C)=O)[C@@H](OC(C)=O)[C@@H]1OC(C)=O,4.9969534480296955,ncgc;veith
CC(=O)OC[C@H]1O[C@@H](O/N=C\[C@@H](C)[C@H](OCc2ccccc2)C(C)C)[C@H](OC(C)=O)[C@@H](OC(C)=O)[C@H]1OC(C)=O,4.89695369244143,ncgc;veith
CC(=O)OC[C@H]1O[C@@H](ON=C(C)C)[C@H](OC(C)=O)[C@@H](OC(C)=O)[C@H]1OC(C)=O,4.9969534480296955,ncgc;veith
CC(=O)OC[C@H]1O[C@@H](n2ncc(=O)[nH]c2=O)[C@H](OC(C)=O)[C@@H]1OC(C)=O,4.9344127982132715,tox21
CC(=O)OCc1ccc2c(c1)OCO2,3.7721903059904607,tox21
CC(=O)O[C@@H]1CN2CCC1CC2,4.2969560175302135,ncgc;veith
CC(=O)O[C@@]12CO[C@@H]1C[C@H](O)[C@@]1(C)C(=O)[C@H](O)C3=C(C)[C@@H](OC(=O)[C@H](O)[C@@H](NC(=O)OC(C)(C)C)c4ccccc4)C[C@@](O)([C@@H](OC(=O)c4ccccc4)[C@H]21)C3(C)C,3.9844173999188213,tox21
CC(=O)O[C@H](CC(=O)[O-])C[N+](C)(C)C.Cl,3.8732518948441816,tox21
CC(=O)O[C@]1(C(C)=O)CC[C@H]2[C@@H]3C=C(Cl)C4=CC(=O)CC[C@]4(C)[C@H]3CC[C@@]21C,3.7739607906501433,tox21
CC(=O)O[C@]12CC[N@+]3(C)CCCC[C@@H]3[C-]1Nc1ccccc12,4.9969534480296955,ncgc;veith
CC(=O)Oc1cc(C(C)C)c(OCCN(C)C)cc1C,4.4969551427270105,ncgc;veith
CC(=O)Oc1cc(C(C)C)c(OCC[NH+](C)C)cc1C.[Cl-],4.384416994074168,tox21
CC(=O)Oc1cc2c(s1)CCN(C(C(=O)C1CC1)c1ccccc1F)C2.Cl,4.43441675507263,tox21
CC(=O)Oc1ccc(C(=C2CCCCC2)c2ccc(OC(C)=O)cc2)cc1,4.384416994074168,tox21
CC(=O)Oc1ccc(C(c2ccc(OC(C)=O)cc2)c2ccccn2)cc1,3.7757378321297024,tox21
CC(=O)Oc1ccc2ccccc2c1C(NC(=O)Cc1ccccc1)c1ccc(Cl)cc1,4.442240306846953,veith
CC(=O)Oc1ccccc1C(=O)O,4.031545492851977,tox21
CC(=O)SC[C@@H](Cc1ccccc1)C(=O)NCC(=O)OCc1ccccc1,5.826119824165129,ncgc;tox21;veith
CC(=O)SCc1ccc(-c2cccnc2)o1,3.461242993939609,pharmabench
CC(=O)S[C@@H]1CC2=CC(=O)CC[C@]2(C)[C@H]2CC[C@@]3(C)[C@@H](CC[C@@]34CCC(=O)O4)[C@H]12,4.073252490208837,tox21
CC(=O)[C@@H]1[C@H]2[C@@H](C(=O)[C@H]3OC[C@H]2O3)[C@@H]2C=Cc3ccccc3N12,3.9016695663778864,ncgc
CC(=O)[C@@]1(O)CC[C@H]2[C@@H]3C[C@H](C)C4=CC(=O)CC[C@]4(C)[C@H]3CC[C@@]21C,4.0344169708398665,tox21
CC(=O)[C@H]1CC[C@H]2[C@@H]3CCC4=CC(=O)CC[C@]4(C)[C@H]3CC[C@]12C,4.174495153500334,tox21
CC(=O)[O-].CC(=O)[O-].O.O.O.[Pb+2],3.7475325606879375,tox21
CC(=O)c1c(C)[nH]c(C(=O)N2CCc3ccccc3C2)c1C,4.942241381558047,veith
CC(=O)c1c(N2CCN(C)CC2)[nH]c(-c2ccccc2)nc1=S,4.292241779935917,veith
CC(=O)c1cc(CC=C(C)C)c(O)cc1O,4.342240150210577,veith
CC(=O)c1cc(NC(=O)NCCCN2CCC[C@@H](Cc3ccc(F)cc3)C2)cc(C(C)=O)c1,5.076906161638488,pharmabench
CC(=O)c1cc(NC(=O)N[C@H](C)CCN2CCC[C@@H](Cc3ccc(F)cc3)C2)cc(C(C)=O)c1,5.090323144132138,pharmabench
CC(=O)c1cc(NC(=O)N[C@H](C)C[C@@H](O)N2CCC[C@@H](Cc3ccc(F)cc3)C2)cc(C(C)=O)c1,4.394719831125603,pharmabench
CC(=O)c1cc2c(cc1N/C=C\c1nnnn1-c1ccc(Br)cc1)OCO2,5.592241033466911,veith
CC(=O)c1ccc(NC(=O)C(Cc2ccccc2)NC(=O)c2ccco2)cc1,4.342240150210577,veith
CC(=O)c1ccc(O)c(CN(C2CCCCC2)C2CCCCC2)c1O,5.096953661274842,ncgc;veith
CC(=O)c1ccc(S(=O)(=O)NC(=O)NC2CCCCC2)cc1,4.075382227012267,tox21
CC(=O)c1ccc2c(c1)N(CCCN(C)C)c1ccccc1S2,5.096953661274842,ncgc;veith
CC(=O)c1ccc2c(c1)N(CCCN(C)C)c1ccccc1S2.O=C(O)/C=C\C(=O)O,5.234419181965621,tox21
CC(=O)c1ccc2c(c1)N(CCCN1CCC(CCO)CC1)c1ccccc1S2,5.9709095280538325,challenge;ncgc;tox21;veith
CC(=O)c1ccc2c(c1)[C@H](NC(=O)c1ccc(F)cc1)[C@@H](O)C(C)(C)O2,4.349406245044395,tox21
CC(=O)c1ccc2ccccc2c1,3.8918079428150723,tox21
CC(=O)c1cccc(NC(=O)/C(=C\c2ccco2)NC(=O)c2cccs2)c1,4.342240150210577,veith
CC(=O)c1cccc(NC(=O)CSCc2ccccc2)c1,4.342240150210577,veith
CC(=O)c1cccc(NC(=O)Cc2ccc3c(c2)CCCC3)c1,4.842240508595863,veith
CC(=O)c1cccc(NC(=O)N/C=C/CN2CCC[C@@H](Cc3ccc(F)cc3)C2)c1,5.586819929754458,pharmabench
CC(=O)c1cccc(NC(=O)N[C@@H]2CCCC[C@H]2CN2CCC[C@@H](Cc3ccc(F)cc3)C2)c1,6.817268851132731,pharmabench
CC(=O)c1cccc(NS(=O)(=O)c2ccc(N/C=C\C(=O)c3ccc(F)cc3)cc2)c1,4.542240874986129,veith
CC(=O)c1cccc([N+](=O)[O-])c1,3.9743152893660056,tox21
CC(=O)c1cn(CC(=O)Nc2c(C)cccc2C)c2ccccc12,4.592241033466911,veith
CC(=O)c1cn(CC(=O)Nc2ccccc2C)c2ccccc12,5.142241126006169,veith
CC(=O)c1sc(NC(=O)NC2(C)CN(C)C(=O)OC2CN2CCC[C@@H](Cc3ccc(F)cc3)C2)nc1C,4.097109547726775,pharmabench
CC(=O)c1sc(NC(=O)N[C@@H]2CCCC[C@H]2CN2CCC[C@@H](Cc3ccc(F)cc3)C2)nc1C,6.039117600749088,pharmabench
CC(=O)c1sc(NC(=O)N[C@@H]2CCN(C(=O)C(C)C)C[C@H]2CN2CCC[C@@H](Cc3ccc(F)cc3)C2)nc1C,6.7203588381246755,pharmabench
CC(=O)c1sc(NC(=O)N[C@@H]2CCN(C(=O)C3CCOCC3)C[C@H]2CN2CCC[C@@H](Cc3ccc(F)cc3)C2)nc1C,5.340147596413069,pharmabench
CC(=O)c1sc(NC(=O)N[C@@H]2CCN(C(=O)CN(C)C)C[C@H]2CN2CCC[C@@H](Cc3ccc(F)cc3)C2)nc1C,4.7117586663627575,pharmabench
CC(=O)c1sc(NC(=O)N[C@@H]2CCN(C(=O)OC(C)(C)C)C[C@H]2CN2CCC[C@@H](Cc3ccc(F)cc3)C2)nc1C,5.663453986788203,pharmabench
CC(=O)c1sc(NC(=O)N[C@@H]2CCN(C(C)=O)C[C@H]2CN2CCC[C@@H](Cc3ccc(F)cc3)C2)nc1C,5.273200806782456,pharmabench
CC(=O)c1sc(NC(=O)N[C@@H]2CCN(C)C[C@H]2CN2CCC[C@@H](Cc3ccc(F)cc3)C2)nc1C,5.076906161638488,pharmabench
CC(=O)c1sc(NC(=O)N[C@@H]2CCN(C3CCN(C(C)=O)CC3)C[C@H]2CN2CCC[C@@H](Cc3ccc(F)cc3)C2)nc1C,3.8630263416934065,pharmabench
CC(=O)c1sc(NC(=O)N[C@@H]2CCN(CC3CC3)C[C@H]2CN2CCC[C@@H](Cc3ccc(F)cc3)C2)nc1C,5.455541015115139,pharmabench
CC(=O)c1sc(NC(=O)N[C@@H]2CCN(CCO)C[C@H]2CN2CCC[C@@H](Cc3ccc(F)cc3)C2)nc1C,4.057601006443101,pharmabench
CC(=O)c1sc(NC(=O)N[C@@H]2CCN(Cc3ccco3)C[C@H]2CN2CCC[C@@H](Cc3ccc(F)cc3)C2)nc1C,5.527234239770213,pharmabench
CC(=O)c1sc(NC(=O)N[C@@H]2CCNC[C@H]2CN2CCC[C@@H](Cc3ccc(F)cc3)C2)nc1C,4.118298846796713,pharmabench
CC(=O)c1sc(NC(=O)N[C@@H]2CCOC[C@H]2CN2CCC[C@@H](Cc3ccc(F)cc3)C2)nc1C,5.72913276243218,pharmabench
CC(=O)c1sc(NC(=O)N[C@@H]2CN(C(=O)C3CC3)CC[C@H]2CN2CCC[C@@H](Cc3ccc(F)cc3)C2)nc1C,6.5162388554687505,pharmabench
CC(=O)c1sc(NC(=O)N[C@@H]2CN(C(=O)CN(C)C)CC[C@H]2CN2CCC[C@@H](Cc3ccc(F)cc3)C2)nc1C,5.7203588381246755,pharmabench
CC(=O)c1sc(NC(=O)N[C@@H]2CN(C(=O)OC(C)(C)C)CC[C@H]2CN2CCC[C@@H](Cc3ccc(F)cc3)C2)nc1C,6.215208859804769,pharmabench
CC(=O)c1sc(NC(=O)N[C@@H]2CN(C(=O)OC(C)(C)C)C[C@H]2CN2CCC[C@@H](Cc3ccc(F)cc3)C2)nc1C,5.5162388554687505,pharmabench
CC(=O)c1sc(NC(=O)N[C@@H]2CN(C(C)=O)CC[C@H]2CN2CCC[C@@H](Cc3ccc(F)cc3)C2)nc1C,5.305385490153857,pharmabench
CC(=O)c1sc(NC(=O)N[C@@H]2CN(C)CC[C@H]2CN2CCC[C@@H](Cc3ccc(F)cc3)C2)nc1C,4.550097122729718,pharmabench
CC(=O)c1sc(NC(=O)N[C@@H]2CN(C3CCN(C(C)=O)CC3)CC[C@H]2CN2CCC[C@@H](Cc3ccc(F)cc3)C2)nc1C,5.377936157302469,pharmabench
CC(=O)c1sc(NC(=O)N[C@@H]2CN(C3CCN(C)CC3)CC[C@H]2CN2CCC[C@@H](Cc3ccc(F)cc3)C2)nc1C,4.340147596413069,pharmabench
CC(=O)c1sc(NC(=O)N[C@@H]2CN(CCF)CC[C@H]2CN2CCC[C@@H](Cc3ccc(F)cc3)C2)nc1C,4.900814902582807,pharmabench
CC(=O)c1sc(NC(=O)N[C@@H]2CN(CCO)CC[C@H]2CN2CCC[C@@H](Cc3ccc(F)cc3)C2)nc1C,4.340147596413069,pharmabench
CC(=O)c1sc(NC(=O)N[C@@H]2CNCC[C@H]2CN2CCC[C@@H](Cc3ccc(F)cc3)C2)nc1C,3.6711408154544936,pharmabench
CC(=O)c1sc(NC(=O)N[C@@H]2CNC[C@H]2CN2CCC[C@@H](Cc3ccc(F)cc3)C2)nc1C,3.972170811118475,pharmabench
CC(=O)c1sc(NC(=O)N[C@@H]2COCC[C@H]2CN2CCC[C@@H](Cc3ccc(F)cc3)C2)nc1C,5.775876165974506,pharmabench
CC(=O)c1sc(NC(=O)N[C@@H]2CS(=O)(=O)C[C@H]2CN2CCC[C@@H](Cc3ccc(F)cc3)C2)nc1C,5.097109547726775,pharmabench
CC(=O)n1c(COS(C)(=O)=O)nc2ccccc21,4.796954045378592,ncgc;veith
CC(=O)n1cc(/C=N/NC(=O)c2sc(C)nc2C)c2ccccc21,4.442240306846953,veith
CC(C(=O)N1CCCC1Cc1ccccc1)n1cncn1,4.3614256999923455,challenge
CC(C(=O)NC1CCCC1)N(C(=O)c1snc(C(N)=O)c1N)c1ccc2c(c1)OCCO2,4.342240150210577,veith
CC(C(=O)NCC(F)(F)F)N1CCC(Cc2ccccc2)C1,5.307717169992346,challenge
CC(C(=O)NCc1ccc(-n2ccnc2)nc1)C(C)(C)C,5.225659652992346,challenge
CC(C(=O)NCc1ccc2c(c1)OCO2)N1c2cccc3cccc(c23)S1(=O)=O,4.492240905132714,veith
CC(C(=O)NCc1ccc2ccoc2c1)c1ccc(Br)cc1,6.861031467992346,challenge
CC(C(=O)Nc1cc(Cl)ccc1Cl)N(C)CC1CCCC1O,5.767607357992346,challenge
CC(C(=O)Nc1ccc(Cc2ccncc2)cc1)n1cccn1,5.3743983069923456,challenge
CC(C(=O)Nc1cccc(-c2nnnn2C)c1)n1nnc(-c2ccccc2)n1,2.541736831992345,challenge
CC(C(=O)O)c1ccc(-c2ccccc2)c(F)c1,3.9732520511108227,tox21
CC(C(=O)c1c[nH]c2ccccc12)N1CCSCC1,4.692241142242068,veith
CC(C(=O)c1ccccc1)N(C)C,4.209012380064693,tox21
CC(C(O)c1ccc(O)cc1)N1CCC(Cc2ccccc2)CC1,5.634418806116886,tox21
CC(C(O)c1ccccc1)N(C)C/C=C/c1ccccc1,6.534576542519872,tox21
CC(C(O)c1ccccc1)N(C)CCOC(c1ccccc1)c1ccccc1,6.6845253754100336,tox21
CC(C)(C#N)c1ccc(CCC2(C3CCCC3)CC(O)=C(Cc3cn4ccccc4n3)C(=O)O2)cc1F,5.574230802446437,pharmabench
CC(C)(C(=O)N1CCC(C(=O)Nc2ccc3c(c2)OCO3)CC1)c1cccc2ccccc12,4.342548351992345,challenge
CC(C)(C(=O)N1CCN(c2cc(C3CC3)n[nH]2)CC1)c1ccc(F)cc1,5.004099336992346,challenge
CC(C)(C)C(=O)C(Oc1ccc(Cl)cc1)n1ccnc1,4.134416852957513,tox21
CC(C)(C)C(=O)N1CC[C@H](N(Cc2ccccc2C(F)(F)F)c2ccc(C#N)c(Cl)c2)C1,4.215208859804769,pharmabench
CC(C)(C)C(=O)NC(Nc1cccc2cccnc12)C(Cl)(Cl)Cl,4.292241779935917,veith
CC(C)(C)C(CN1CCc2ccccc2C1)NC(=O)CNCC1CC1,4.346709812992346,challenge
CC(C)(C)C(O)(CCc1ccc(Cl)cc1)Cn1cncn1,4.170608593861158,tox21
CC(C)(C)C(O)/C(=C\c1ccc(Cl)cc1Cl)n1cncn1,4.040542619554446,tox21
CC(C)(C)C(O)C(Oc1ccc(-c2ccccc2)cc1)n1cncn1,3.723251713511802,tox21
CC(C)(C)C(O)C(Oc1ccc(Cl)cc1)n1cncn1,3.923251608931447,tox21
CC(C)(C)C(O)Cc1cn(-c2ccc3c(c2)OCO3)nn1,2.4453972229923453,challenge
CC(C)(C)C1(CCc2ccc(Cl)cc2)CO1,3.9732520511108227,tox21
CC(C)(C)C1(CNC(=O)c2cccc(Br)c2Cl)CCNC1,5.212809661992345,challenge
CC(C)(C)C1CCC(OCC(O)CN2CCN(c3ccccc3)CC2)CC1.Cl,4.692241142242068,veith
CC(C)(C)C1CCC2(CC1)CCN(CCCN1CCOCC1)CC2,4.89695369244143,ncgc;veith
CC(C)(C)C1CCN(C(=O)c2ccc(-c3cn[nH]c3)cc2)CCO1,4.663499347992346,challenge
CC(C)(C)CC(=O)OCC(=O)[C@@]1(O)CC[C@H]2[C@@H]3CCC4=CC(=O)C=C[C@]4(C)[C@H]3[C@@H](O)C[C@@]21C,4.084417373518855,tox21
CC(C)(C)CC(C)(C)c1ccc(O)c(-n2nc3ccccc3n2)c1,3.9672635505267158,tox21
CC(C)(C)CC(C)(C)c1ccc(O)c(C[N+](C)(C)[O-])c1,4.601668415167836,ncgc
CC(C)(C)CC(C)(C)c1ccc(O)c(Cc2ccc(Cl)cc2Cl)c1,4.3344172940778565,tox21
CC(C)(C)CC(C)(C)c1ccc(O)cc1,4.273252882834265,tox21
CC(C)(C)CC(C)(C)c1ccc(OCCOCC[N+](C)(C)Cc2ccccc2)cc1,4.785291973542364,challenge;ncgc;veith
CC(C)(C)CC(C)(C)c1ccc(OCCOCC[N+](C)(C)Cc2ccccc2)cc1.[Cl-],4.829012159760248,tox21
CC(C)(C)CC(C)(C)c1ccccc1O,3.8207779962062114,tox21
CC(C)(C)CCC1(C(=O)c2cc(F)c3[nH]ccc3c2)CCNC1,5.64117759207705,pharmabench
CC(C)(C)CCC1(C(=O)c2cc3ccccc3[nH]2)CCNC1,4.057601006443101,pharmabench
CC(C)(C)CCC1(C(=O)c2cc3ccccc3s2)CCNC1,4.340147596413069,pharmabench
CC(C)(C)CCC1(C(=O)c2ccc(Cl)c(Cl)c2)CCNC1,4.477320789438381,pharmabench
CC(C)(C)CCC1(C(=O)c2ccc(N)c(Cl)c2)CCNC1,4.817268851132732,pharmabench
CC(C)(C)CCC1(C(=O)c2cnc(N)c(Cl)c2)CCNC1,3.8630263416934065,pharmabench
CC(C)(C)CNC(CO)C12CC3CC(CC(C3)C1)C2.Cl,4.492240905132714,veith
CC(C)(C)N(NC(=O)Nc1ccc(Cl)c(Cl)c1)C(=O)c1ccccc1,4.04224135682174,veith
CC(C)(C)N1C(=O)[C@H]2[C@@H]3[C@H](O)[C@H](O)CC(=O)[C@H]3CC[C@H]2C1=O,5.001666312269612,ncgc
CC(C)(C)NC(=O)C(Cc1ccccc1)NS(=O)(=O)c1ccc2c(c1)CCC(=O)N2,4.3922393223313625,veith
CC(C)(C)NC(=O)CN(Cc1cccs1)C(=O)C1COc2ccccc2O1,4.692241142242068,veith
CC(C)(C)NC(=O)CSc1nnc(Cc2ccc3c(c2)OCO3)n1C1CCCCC1,5.04224135682174,veith
CC(C)(C)NC(=O)NCCN1CC(NC(=O)c2cc(Cl)cc(Cl)c2)C1,4.76611632868535,pharmabench
CC(C)(C)NC(=O)NCCN1CCC(CNC(=O)c2cc(Cl)cc(Cl)c2)C1,5.419328842460694,pharmabench
CC(C)(C)NC(=O)NCCN1CCC(CNC(=O)c2cc(Cl)cc(Cl)c2)CC1,4.887849925418439,pharmabench
CC(C)(C)NC(=O)NCCN1CCC(NC(=O)c2cc(Cl)cc(Cl)c2)C1,5.004355494489876,pharmabench
CC(C)(C)NC(=O)NCCN1CCCC(CNC(=O)c2cc(Cl)cc(Cl)c2)C1,5.215208859804769,pharmabench
CC(C)(C)NC(=O)NCCN1CCN(CC(=O)Nc2cc(Cl)cc(Cl)c2)CC1,4.5162388554687505,pharmabench
CC(C)(C)NC(=O)[C@@H]1CN(Cc2cccnc2)CCN1C[C@@H](O)C[C@@H](Cc1ccccc1)C(=O)N[C@H]1c2ccccc2C[C@H]1O.O=S(=O)(O)O,4.1929317489527715,tox21
CC(C)(C)NC(=O)[C@@H]1C[C@@H]2CCCC[C@@H]2CN1C[C@@H](O)[C@H](Cc1ccccc1)NC(=O)[C@H](CC(N)=O)NC(=O)c1ccc2ccccc2n1.CS(=O)(=O)O,4.0676142642697615,tox21
CC(C)(C)NC(=O)[C@@H]1C[C@H]2CCCC[C@@H]2CN1C[C@H](O)[C@H](Cc1ccccc1)NC(=O)[C@@H](CC(N)=O)NC(=O)c1ccc2ccccc2n1.CS(=O)(=O)O,4.401667797519954,ncgc
CC(C)(C)NC(=O)c1c[nH]c2ncc(-c3nn(CCCS(C)(=O)=O)c4ccc(OC(F)F)cc34)nc12,4.377936157302469,pharmabench
CC(C)(C)NC(=S)Nc1ccc(Nc2ccccc2)cc1,4.342240150210577,veith
CC(C)(C)NCC(O)COc1cc(Cl)ccc1Cl,6.761317537992346,challenge
CC(C)(C)NCC(O)COc1ccccc1,3.972170811118475,pharmabench
CC(C)(C)NCC(O)COc1ccccc1OCC1CCCO1,5.084414562633206,tox21
CC(C)(C)NCC(O)c1cc(Cl)c(N)c(C(F)(F)F)c1.Cl,4.43441675507263,tox21
CC(C)(C)NCC(O)c1cc(Cl)c(N)c(Cl)c1,4.384416994074168,tox21
CC(C)(C)NCC(O)c1cc(O)cc(O)c1.CC(C)(C)NCC(O)c1cc(O)cc(O)c1.O=S(=O)(O)O,3.9844173999188213,tox21
CC(C)(C)NCC(O)c1ccc(O)c(CO)c1,3.9760935232052477,tox21
CC(C)(C)NCC(O)c1ccccc1Cl.Cl,4.684419053436598,tox21
CC(C)(C)NCC[C@@H](O)c1cc(C(F)(F)F)nc2c(C(F)(F)F)cccc12.O=P(O)(O)O,5.996974049257448,ncgc;veith
CC(C)(C)NC[C@@H](O)COc1cccc2[nH]c(C#N)cc12,4.096954525750631,ncgc;veith
CC(C)(C)NC[C@@H](O)COc1ccccc1C1CCCC1,5.096953661274842,ncgc;veith
CC(C)(C)NC[C@H](O)COc1cccc2c1CCCC2=O.Cl,4.384416994074168,tox21
CC(C)(C)NC[C@H](O)COc1nsnc1N1CCOCC1,4.576566609475275,ncgc;pharmabench;tox21;veith
CC(C)(C)NC[C@H](O)COc1nsnc1N1CCOCC1.O=C(O)/C=C\C(=O)O,5.123245675875459,tox21
CC(C)(C)NC[C@H](O)c1ccc(O)c(CO)c1,5.4016781467766215,ncgc
CC(C)(C)NC[C@H](O)c1ccc(O)cc1Cl,4.384416994074168,tox21
CC(C)(C)NC[C@H](O)c1ccccc1Cl,3.9969548213840747,ncgc;veith
CC(C)(C)NCc1cc(Nc2ccnc3cc(Cl)ccc23)ccc1F,5.942207587741032,pharmabench
CC(C)(C)NCc1ccc(Nc2ccnc3cc(Cl)ccc23)cc1O,4.942207587741032,pharmabench
CC(C)(C)NS(=O)(=O)NC(=O)C(C)(C)c1cccc(C#N)c1,2.657355234992345,challenge
CC(C)(C)NS(=O)(=O)c1ccc(Cl)c(C(=O)NCCc2nc3ccccc3s2)c1,4.411374414992346,challenge
CC(C)(C)NS(=O)(=O)c1ccc(NC(=O)C(Sc2ccccc2)c2ccccc2)cc1,4.942241381558047,veith
CC(C)(C)NS(=O)(=O)c1cccc(NC(=O)c2cc(=O)c3cc(O)ccc3o2)c1,4.045335457992346,challenge
CC(C)(C)Nc1nc(N2CCCC2)nc(N2CCCC2)n1,4.942241381558047,veith
CC(C)(C)OC(=O)N1CC2(CCNCC2)c2ccccc21,5.0712944699923455,challenge
CC(C)(C)OC(=O)N1CCCC(c2ccccc2)C1C(=O)NCC(N)=O,5.1116162369923455,challenge
CC(C)(C)OC(=O)N1CCC[C@H](CNCc2noc3c2CCCC3)C1,5.506812424992345,challenge
CC(C)(C)OC(=O)N1C[C@@H]2CCCN(C(=O)Nc3ccncc3)[C@@H]2C1,4.438956059992345,challenge
CC(C)(C)OC(=O)NC1(CCNC2C(=O)NCC2(C)C)CCC1,4.628217454992345,challenge
CC(C)(C)OC(=O)NC1c2ccccc2CC12CCNCC2,5.731684007992346,challenge
CC(C)(C)OC(=O)NCc1noc(-c2nn(Cc3ccc4c(c3)OCO4)c3ccccc23)n1,4.900814902582807,pharmabench
CC(C)(C)OOC(=O)c1ccccc1,3.847138721171663,tox21
CC(C)(C)Oc1cccc(COC(=O)c2ccc3cncn3c2)c1,5.802214646992345,challenge
CC(C)(C)S,4.7085786317473195,tox21
CC(C)(C)Sc1c(CC(C)(C)C(=O)O)n(Cc2ccc(-c3nccs3)cc2)c2ccc(OCc3ccccn3)cc12,7.817268851132732,pharmabench
CC(C)(C)Sc1c(CC(C)(C)C(=O)O)n(Cc2ccc(Cl)cc2)c2ccc(OCc3ccc4ccccc4n3)cc12,7.377936157302469,pharmabench
CC(C)(C)[C@@H](CO)NCC(=O)N1CCc2ccccc2C1C1CCCCC1,6.586819929754458,pharmabench
CC(C)(C)[C@@H](O)[C@@H](Cc1ccc(Cl)cc1)n1cncn1,3.874672614987351,tox21
CC(C)(C)[C@@]1(O)CCN2C[C@@H]3c4ccccc4CCc4cccc(c43)[C@@H]2C1,6.196997334234611,ncgc;veith
CC(C)(C)c1[nH]nc2c1C(c1ccc(OC(=O)c3ccco3)cc1)C(C#N)=C(N)O2,4.292241779935917,veith
CC(C)(C)c1cc(/C=C(\C#N)C(N)=S)cc(C(C)(C)C)c1O,3.9016695663778864,ncgc
CC(C)(C)c1cc(/C=C2\SC(=N)NC2=O)cc(C(C)(C)C)c1O.CS(=O)(=O)O,4.023251954306619,tox21
CC(C)(C)c1cc(Br)c(O)c(CN(Cc2cc(C(C)(C)C)cc(Br)c2O)C2CCCCC2)c1,6.196983944657134,ncgc;veith
CC(C)(C)c1cc(C(C)(C)C)c(NC(=O)c2c[nH]c3ccccc3c2=O)cc1O,2.0160840099923454,challenge
CC(C)(C)c1cc(CCC(=O)NN)cc(C(C)(C)C)c1O,4.023251954306619,tox21
CC(C)(C)c1cc(CO)cc(C(C)(C)C)c1O,3.764817955588363,tox21
CC(C)(C)c1cc(Cn2cc(CN3Cc4ccccc4C3)nn2)no1,5.027558337992346,challenge
CC(C)(C)c1cc(NC(=O)[C@@H]2CCCN2c2ccc(C(F)(F)F)cc2)no1,4.164056337357388,pharmabench
CC(C)(C)c1cc([N+](=O)[O-])cc(C(C)(C)C)c1O,3.8232520113632606,tox21
CC(C)(C)c1cc2cccnc2n1Cc1cccc(F)c1,5.3922393223313625,veith
CC(C)(C)c1ccc(C(=O)CCCN2CCC(OC(c3ccccc3)c3ccccc3)CC2)cc1,4.384416994074168,tox21
CC(C)(C)c1ccc(C(=O)N2CCC(C(=O)NCCC3=CCCCC3)CC2)cc1,4.142241126006169,veith
CC(C)(C)c1ccc(C(=O)N2CSCC2C(=O)Nc2ccncc2)cc1,4.620738099992345,challenge
CC(C)(C)c1ccc(C(=O)c2c[nH]c(C(=O)NCCCn3ccnc3)c2)cc1,4.792241107578132,veith
CC(C)(C)c1ccc(C(O)CCCN2CCC(C(O)(c3ccccc3)c3ccccc3)CC2)cc1,5.434413608683764,tox21
CC(C)(C)c1ccc(C(O)CNC(=O)CCc2cncc3ccccc23)cc1,4.566336209992346,challenge
CC(C)(C)c1ccc(CCOc2ncnc3ccccc23)cc1,3.7703799499872668,tox21
CC(C)(C)c1ccc(O)c(C(C)(C)C)c1,3.99913890090538,tox21
CC(C)(C)c1ccc(O)c(CN(Cc2c(O)ccc3ccccc23)C2CCCCC2)c1,5.596962925619413,ncgc;veith
CC(C)(C)c1ccc(O)c(CN(Cc2cc(C(C)(C)C)ccc2O)C2CCCCC2)c1,5.7969497127886624,ncgc;veith
CC(C)(C)c1ccc(O)c(CN(Cc2cc(C(C)(C)C)ccc2O)c2ccccc2)c1,5.4969551427270105,ncgc;veith
CC(C)(C)c1ccc(O)c(C[N+](C)(C)C)c1,5.196951293391612,ncgc;veith
CC(C)(C)c1ccc(O)c(NC(=O)c2cccc(Cn3cncn3)c2)c1,4.8343403619923455,challenge
CC(C)(C)c1ccc(OC(=O)Nc2ccc(O)c(C(=O)O)c2)cc1,4.601668415167836,ncgc
CC(C)(C)c1ccc(OC2C(O)COC2/C=C/C#Cc2ccccc2)cc1,5.001666312269612,ncgc
CC(C)(C)c1ccc(S(=O)(=O)/C=C\C#N)cc1,4.00166905897837,ncgc
CC(C)(C)c1ccc(SCC(c2ccccn2)c2c[nH]cn2)cc1,5.5055149900769775,pharmabench
CC(C)(C)c1ccc(SCCc2c[nH]cn2)cc1,5.586819929754458,pharmabench
CC(C)(C)c1ccc([C@@H](O)CCCN2CCC(C(O)(c3ccccc3)c3ccccc3)CC2)cc1,4.796954464098365,ncgc;veith
CC(C)(C)c1cccc(C(C)(C)C)c1O,3.7329062409746507,tox21
CC(C)(C)c1ccccc1C(=O)N1CCC(Cn2ccnn2)CC1,4.5179651669923455,challenge
CC(C)(C)c1ccccc1OCCN1CCCC1,4.742241156276297,veith
CC(C)(C)c1cnc(NC(=O)N2CCC(c3ccncc3)CC2)s1,5.030358641992346,challenge
CC(C)(C)c1nc(CC(=O)NC2c3ccccc3CC2O)cs1,5.256109831992346,challenge
CC(C)(C)c1nc2cc(NCC(C)(O)C(F)F)ccc2o1,3.9207686799923454,challenge
CC(C)(C)c1o[nH]c(=O)c1C[C@H](N)C(=O)O,5.296954647425311,ncgc;veith
CC(C)(C)c1o[nH]c(=O)c1C[C@H]([NH3+])C(=O)[O-],4.101668763344926,ncgc
CC(C)(C)c1ocnc1CN1CCCCC1C1CCCCC1O,6.112826622992346,challenge
CC(C)(C)n1ncc2c(=O)n(CC(=O)NCc3ccccc3Cl)cnc21,4.442240306846953,veith
CC(C)(C)n1nnc(CNc2ccc(-c3cn[nH]c3)cc2)n1,2.3505327499923454,challenge
CC(C)(C)n1nnnc1C(c1cccnc1)N(Cc1ccccc1)Cc1ccco1,3.992240583789779,veith
CC(C)(C)n1nnnc1CNC1(c2ccc(Cl)cc2)CCCCC1,4.211133417992346,challenge
CC(C)(C=O)Cc1cc(C(C)(C)C)c(O)c(C(C)(C)C)c1,4.096954525750631,ncgc;veith
CC(C)(CC(=O)OCC1=Nc2ccccc2S(=O)(=O)N1)Cc1ccc(Cl)cc1,4.715683649992346,challenge
CC(C)(CCN(C[C@H]1Cc2ccccc2CN1)[C@H]1CCCc2cccnc21)CNC1CCC(F)(F)CC1,5.109698675034795,pharmabench
CC(C)(CCN(C[C@H]1Cc2ccccc2CN1)[C@H]1CCCc2cccnc21)CNCC1CCOCC1,5.1762907937744,pharmabench
CC(C)(CCl)C(=O)Cl,3.9732520511108227,tox21
CC(C)(CN)CN,4.601668415167836,ncgc
CC(C)(CN)SCc1ccccc1,4.9969534480296955,ncgc;veith
CC(C)(CN1CCC(Oc2ncccc2F)CC1)N1CCOCC1,5.214272322992346,challenge
CC(C)(CNC(=O)CCCOc1cccc(Cl)c1Cl)c1cccnc1,4.606323489992346,challenge
CC(C)(CNC(=O)c1ccc(S(=O)(=O)Nc2ccccc2)cc1)c1ccncc1,5.015409927992346,challenge
CC(C)(CNC(=O)c1ccc([N+](=O)[O-])c(Cl)c1)CNC(=O)c1ccc([N+](=O)[O-])c(Cl)c1,4.992240583789779,veith
CC(C)(CNC(=O)c1ccnc2ccncc12)N1CCc2ccccc2C1,4.879640271992345,challenge
CC(C)(CO)COC(=O)C(C)(C)CO,3.972897491245444,tox21
CC(C)(Cc1c[nH]c2ccc(Cl)cc12)NCCOc1ccccc1OCC1CC1,6.4969551427270105,ncgc;veith
CC(C)(Cc1c[nH]c2ccc(O)cc12)NCC(O)COc1ccccc1C#N,6.5162388554687505,pharmabench
CC(C)(Cc1c[nH]c2ccccc12)NCC(O)COc1c(C#N)ccc2ccccc12,6.7203588381246755,pharmabench
CC(C)(Cc1c[nH]c2ccccc12)NCC(O)COc1ccc(CCC(=O)O)cc1C#N,4.340147596413069,pharmabench
CC(C)(Cc1c[nH]c2ccccc12)NCC(O)COc1ccc(F)cc1C#N,6.7203588381246755,pharmabench
CC(C)(Cc1c[nH]c2ccccc12)NCC(O)COc1ccc(O)cc1C#N,5.927967148626421,pharmabench
CC(C)(Cc1c[nH]c2ccccc12)NCC(O)COc1cccc2ccccc12,6.942207587741032,pharmabench
CC(C)(Cc1c[nH]c2ccccc12)NCC(O)COc1ccccc1,6.942207587741032,pharmabench
CC(C)(Cc1c[nH]c2ccccc12)NCC(O)COc1ccccc1C#N,6.452347219166955,pharmabench;tox21
CC(C)(Cc1cc2ccccc2[nH]1)NCC(O)COc1ccc(C#N)cc1,6.340147596413069,pharmabench
CC(C)(Cc1cc2ccccc2[nH]1)NCC(O)COc1ccc(S(C)(=O)=O)cc1,5.875260798110419,pharmabench
CC(C)(Cc1cc2ccccc2[nH]1)NCC(O)COc1ccccc1S(C)(=O)=O,6.377936157302469,pharmabench
CC(C)(Cc1ccc2ccccc2c1)NC[C@@H](O)CO[C@@H](c1ccccc1CO)C1CC1,5.340147596413069,pharmabench
CC(C)(Cc1ccc2ccccc2c1)NC[C@@H](O)COc1ccc(CCC(=O)O)cc1,6.703325498825894,pharmabench
CC(C)(Cc1ccc2ccccc2c1)NC[C@@H](O)COc1cccc(Cl)c1C#N,9.766116328685351,pharmabench
CC(C)(Cc1ccccc1)C(NCCc1cnccn1)c1nnnn1-c1ccc2c(c1)OCO2,5.355270961992345,challenge
CC(C)(Cc1csc2ccccc12)NCC(O)COc1ccccc1C#N,6.7203588381246755,pharmabench
CC(C)(F)C(=O)NC[C@@H]1CCCN1C(=O)C[C@H](N)Cc1cc(F)c(F)cc1F,4.127072771104218,pharmabench
CC(C)(N)C(=O)N[C@H](COCc1ccccc1)c1nnnn1[C@H](CC#N)COc1ccccc1O,4.7117586663627575,pharmabench
CC(C)(N)CCCN(C[C@H]1Cc2ccccc2CN1)[C@H]1CCCc2cccnc21,5.88150974738742,pharmabench
CC(C)(N)Cc1ccc(Cl)cc1.Cl,5.084414562633206,tox21
CC(C)(N)Cc1ccccc1Cl,4.984415167151363,tox21
CC(C)(N=C=O)c1cccc(C(C)(C)N=C=O)c1,3.8998508764958464,tox21
CC(C)(N=NC(C)(C)C(=N)N)C(=N)N.Cl,4.601668415167836,ncgc
CC(C)(NC(=O)C1CCN(c2ccc3nnnn3n2)CC1)c1cccs1,4.025445762992345,challenge
CC(C)(NC(N)=O)c1cn(Cc2nc(-c3c(F)cccc3F)cs2)nn1,5.481127607992346,challenge
CC(C)(NCCc1nc2cc(Br)ccc2o1)c1ccncc1,4.872831337992346,challenge
CC(C)(NCc1ccnc2[nH]ccc12)C(O)c1ccc(Br)cc1,6.668145181992346,challenge
CC(C)(O)C#Cc1ccc(C(=O)NCc2cccs2)s1,4.142241126006169,veith
CC(C)(O)C#N,3.7473359056721867,tox21
CC(C)(O)C(=O)Nc1ccc([N+](=O)[O-])c(C(F)(F)F)c1,3.7641209658499415,tox21
CC(C)(O)C(=O)O,3.7872554785020185,tox21
CC(C)(O)CCCC1=CCC(C=O)CC1,3.6949815270574025,tox21
CC(C)(O)CNc1nc(Nc2ccnc(C(F)(F)F)c2)nc(-c2cccc(C(F)(F)F)n2)n1,4.378321986992345,challenge
CC(C)(OOC(C)(C)c1ccccc1)c1ccccc1,3.979309939660525,tox21
CC(C)(Oc1ccc(Cl)cc1)C(=O)Nc1ccncc1,6.992240583789779,veith
CC(C)(Oc1ccc(Cl)cc1)C(=O)O,4.796954045378592,ncgc;veith
CC(C)(Oc1ccc(Cl)cc1)C(=O)OCc1cc(=O)oc2cc(O)ccc12,1.9602192499923452,challenge
CC(C)(Sc1ccc(CCN(CCCCC2CCCCC2)C(=O)NC2CCCCC2)cc1)C(=O)O,4.701667552503337,ncgc
CC(C)(c1cc(Br)c(OCCO)c(Br)c1)c1cc(Br)c(OCCO)c(Br)c1,3.7828557415549797,tox21
CC(C)(c1ccc(O)c(-c2ccccc2)c1)c1ccc(O)c(-c2ccccc2)c1,3.723251713511802,tox21
CC(C)(c1ccc(Oc2ccc3c(c2)C(=O)OC3=O)cc1)c1ccc(Oc2ccc3c(c2)C(=O)OC3=O)cc1,3.9757377311954647,tox21
CC(C)(c1ccccc1)c1ccc(O)c(C(C)(C)c2ccccc2)c1,4.025207934118034,tox21
CC(C)(c1ccccc1)c1ccccc1,3.8050238041439135,tox21
CC(C)=CC1C(C(=O)OC(C#N)c2cccc(Oc3ccccc3)c2)C1(C)C,3.7975327020227754,tox21
CC(C)=CC1C(C(=O)OCN2C(=O)C3=C(CCCC3)C2=O)C1(C)C,4.253834408777317,tox21
CC(C)=CC1C(C(=O)OCc2cccc(Oc3ccccc3)c2)C1(C)C,3.9732520511108227,tox21
CC(C)=CCC/C(C)=C/C=N/O,4.023251954306619,tox21
CC(C)=CCC/C(C)=C/CC/C(C)=C/C(=O)OCC(=O)[C@@]1(O)CC[C@H]2[C@@H]3CCC4=CC(=O)C=C[C@]4(C)[C@H]3[C@@H](O)C[C@@]21C,4.484418434588723,tox21
CC(C)=CCC/C(C)=C/CC/C(C)=C/CO,4.023251954306619,tox21
CC(C)=CCC/C(C)=C/CO,4.366914307187209,tox21
CC(C)=CCC/C(C)=C/CO/N=C1/C[C@@H](O)[C@@H](O)[C@@H]2[C@@H]3C(=O)N(C(C)(C)C)C(=O)[C@H]3CC[C@H]12,4.801666983179052,ncgc
CC(C)=CCC/C(C)=C/CO/N=C1/C[C@@H](O)[C@@H](O)[C@@H]2[C@@H]3C(=O)N(C[C@@H]4CCCO4)C(=O)[C@H]3CC[C@@H]12,5.001666312269612,ncgc
CC(C)=CCC/C(C)=C/CO/N=C1/C[C@@H](O)[C@@H](O)[C@@H]2[C@@H]3C(=O)N([C@@H](C)c4ccccc4)C(=O)[C@H]3CC[C@@H]12,5.001666312269612,ncgc
CC(C)=CCC/C(C)=C/CO/N=C1/C[C@@H](O)[C@@H](O)[C@@H]2[C@@H]3C(=O)N(c4cccc(Oc5ccccc5)c4)C(=O)[C@H]3CC[C@@H]12,5.001666312269612,ncgc
CC(C)=CCC/C(C)=C/COc1c2ccoc2cc2oc(=O)ccc12,6.701640021077171,ncgc
CC(C)=CCC1=C(O)c2ccccc2C(=O)C1=O,3.925381491735908,tox21
CC(C)=CCC1=C(OCC(=O)O)C(=O)c2ccccc2C1=O,4.9969534480296955,ncgc;veith
CC(C)=CCC[C@](C)(O)[C@@H]1CC=C(C)CC1,3.9732520511108227,tox21
CC(C)=CCOc1c2occc2cc2ccc(=O)oc12,4.884412652001449,tox21
CC(C)=CCc1c(O)cc(O)c2c1O[C@H](c1ccccc1)CC2=O,4.00166905897837,ncgc
CC(C)=CCl,4.667965851114952,tox21
CC(C)=C[C@H]1[C@@H](C(=O)OCc2cc3c(cc2Cl)OCO3)C1(C)C,4.796954045378592,ncgc;veith
CC(C)=NNC(N)=S,3.8639083931378524,tox21
CC(C)=NOC[C@@H](O)COCc1ccco1,4.701667552503337,ncgc
CC(C)=NO[C@@H](C)CN1CCCCc2nc(C)c(C)cc21,5.096953661274842,ncgc;veith
CC(C)=NO[C@@H](C)CN1CCCc2nc(C)c(C)cc21,5.296954647425311,ncgc;veith
CC(C)C(=O)N(Cc1ccc(Cl)c(Cl)c1Cl)[C@H]1CCNC1,4.173816174646544,pharmabench
CC(C)C(=O)N(Cc1ccc(Cl)cc1Cl)[C@H]1CCNC1,4.080872348856089,pharmabench
CC(C)C(=O)N(Cc1cccc(Cl)c1Cl)[C@H]1CCNC1,3.986359551586289,pharmabench
CC(C)C(=O)N1CCN(c2ccccc2NC(=O)c2cccc(Cl)c2)CC1,4.292241779935917,veith
CC(C)C(=O)N1CC[C@H](N(Cc2ccccc2C(F)(F)F)c2ccc(C#N)c(Cl)c2)C1,4.64117759207705,pharmabench
CC(C)C(=O)NC(Cc1c[nH]c2ccccc12)C(=O)Nc1cccc(Oc2ccc(C#N)cc2)c1,2.0684067099923453,challenge
CC(C)C(=O)NC1CCCN(C(=O)C2(Cc3cccc(Br)c3)CCNC2)C1,4.290234709992346,challenge
CC(C)C(=O)NCCc1nc2ccccc2n1CCCOc1ccc(Cl)cc1,4.992240583789779,veith
CC(C)C(=O)Nc1ccc([N+](=O)[O-])c(C(F)(F)F)c1,3.9609967106608357,tox21
CC(C)C(=O)OCC(C)(C)C(OC(=O)C(C)C)C(C)C,3.8193694847275372,tox21
CC(C)C(=O)c1c(C(C)C)nn2ccccc12,6.897013699718457,ncgc;veith
CC(C)C(C)(C)C(C)(C)C(C)(C)S,3.8232520113632606,tox21
CC(C)C(C)(NCc1cn(C(C)(C)C)nn1)c1ccc(Br)cc1,4.517929202992345,challenge
CC(C)C(CCNC(=O)CC(Cc1ccccc1)c1ccco1)c1ccco1,4.742241156276297,veith
CC(C)C(Cc1ccccc1)NCc1cc(O)n2ncc(C#N)c2n1,4.606763799992346,challenge
CC(C)C(NS(=O)(=O)c1cccs1)C(=O)NCCN1CCN(c2ccccc2)CC1,4.342240150210577,veith
CC(C)C(Nc1ccc(C(F)(F)F)cc1Cl)C(=O)OC(C#N)c1cccc(Oc2ccccc2)c1,3.9697204906210493,tox21
CC(C)C(O)(C#CCN1CCCC1)c1ccccc1.Cl,4.342240150210577,veith
CC(C)C(O)(c1ccc(OC(F)(F)F)cc1)c1cncnc1,4.524669147666759,tox21
CC(C)C(O)C(C)(C)CO,3.7592697851107593,tox21
CC(C)C1(C(=O)[O-])CC1C(=O)NC(C)(C)Cc1ccc(C#N)cc1,4.434132542992345,challenge
CC(C)C1(C)N=C(c2nc3ccccc3cc2C(=O)O)NC1=O,3.9697204906210493,tox21
CC(C)C1(O)CCC(NCc2ccccc2N2CCN(C)CC2)CC1,4.701132064992346,challenge
CC(C)C1=Nc2cccc3cccc(c23)N1.Cl,4.342240150210577,veith
CC(C)C1CCC(CNCc2nnc(C3CCOCC3)[nH]2)CC1,4.270605009992345,challenge
CC(C)C1CCC(Cc2ccc(Cl)cc2)C1(O)Cn1cncn1,4.227164448314049,tox21
CC(C)C1CCc2ccccc2N1C(=O)c1csc(-c2cnn(C)c2)n1,4.750324002992346,challenge
CC(C)C1OCCN1CCOC(=O)NCCCCCCNC(=O)OCCN1CCOC1C(C)C,3.773251730425014,tox21
CC(C)C1c2ccccc2CCN1C(=O)Nc1ccnn1C1CCC1,5.499931699992346,challenge
CC(C)CC(=O)N1CCN(Cc2cccc(F)c2)CC1,4.542240874986129,veith
CC(C)CC(=O)NC(Sc1ccc(Cl)cc1)C(Cl)(Cl)Cl,4.292241779935917,veith
CC(C)CC(=O)Nc1ccc(NCc2cccc3nnn(C)c23)cc1,4.794912432992346,challenge
CC(C)CC(=O)Nc1sc2c(c1C#N)CC(C)(C)NC2(C)C,4.592241033466911,veith
CC(C)CC(=O)O,3.8329061579432944,tox21
CC(C)CC(C(=O)NCC1CCCO1)N(C(=O)Cn1nnc(-c2ccc(F)cc2)n1)c1cccc(C(F)(F)F)c1,4.3922393223313625,veith
CC(C)CC(C(=O)NCC1CCCO1)N(C(=O)Cn1nnc(-c2ccc(F)cc2)n1)c1ccccc1F,4.192241409015731,veith
CC(C)CC(C(=O)OCC(=O)Nc1ncc(Cl)cc1Cl)N1C(=O)c2ccccc2C1=O,4.092240288156335,veith
CC(C)CC(C)(C)C,4.007204224387046,tox21
CC(C)CC(C)(O)C#CC(C)(O)CC(C)C,3.73218488682006,tox21
CC(C)CC(C)CC(C)CC(C)COC(=O)c1ccccc1C(=O)OCC(C)CC(C)CC(C)CC(C)C,3.7239565309048874,tox21
CC(C)CC(C)N(c1ccccc1)c1ccc(N)cc1,4.173252039198229,tox21
CC(C)CC(N(C)C)C1(c2ccc(Cl)cc2)CCC1.Cl,4.9344127982132715,tox21
CC(C)CC(c1nc(Cc2cncn2C)no1)N1CCCCC1=O,4.705921466992345,challenge
CC(C)CC1(C(=O)c2cc(F)c3[nH]ccc3c2)CCNC1,5.305385490153857,pharmabench
CC(C)CC1(C(=O)c2ccc3[nH]ncc3c2)CCCN1,4.64117759207705,pharmabench
CC(C)CC1(CO)CCCN1C(=O)NCC(C)(C)c1cccs1,4.146567834992346,challenge
CC(C)CC1COCCN1C(=O)Nc1cn(C)nc1C(F)(F)F,4.0866185919923455,challenge
CC(C)CCC(C)N1CCCC(n2c(=O)[nH]c3cccnc32)C1,5.563581746992345,challenge
CC(C)CCCC(C)NCCC(C)C,5.03442072867151,tox21
CC(C)CCCCCCN,3.72038000092905,tox21
CC(C)CCCCCOC(=O)CS,4.073252490208837,tox21
CC(C)CCCCCOC(=O)c1ccccc1C(=O)OCCCCCC(C)C,4.12823531166166,tox21
CC(C)CCC[C@@H](C)[C@@H]1CC[C@@H]2[C@H]3CC[C@H]4C[C@@H](N)CC[C@@]4(C)[C@@H]3CC[C@]21C,5.801658317999193,ncgc
CC(C)CCN(Cc1ccc(Cl)c(Cl)c1)C(=O)c1csc(-c2nnc[nH]2)n1,4.628636854992346,challenge
CC(C)CCNC(=O)CN(C(=O)Cn1nnc(-c2ccccc2F)n1)c1cccc2c1CCCC2,4.3922393223313625,veith
CC(C)CCNC1=NCCCCC1,4.3922393223313625,veith
CC(C)CC[C@@H]1C[C@H](N(C)C(C)C)CC[C@@H]1NC(=O)CNC(=O)c1cccc(C(F)(F)F)c1,7.419328842460694,pharmabench
CC(C)CCc1ccc(NCc2csc(-c3cnn(C)c3)n2)nc1,4.7894553699923454,challenge
CC(C)CCn1c(N)c(C(=O)NCc2cccs2)c2nc3ccccc3nc21,4.542240874986129,veith
CC(C)CCn1nnnc1C(c1ccc(F)cc1)N1CCN(C(=O)c2ccco2)CC1,4.342240150210577,veith
CC(C)CN(C(=O)c1ccccc1Oc1ccccc1)[C@H]1CCNC1,5.956930844561739,pharmabench
CC(C)CN(C)c1nc(N)c(C(=O)N=C(N)N)nc1Cl,3.8969553287835907,ncgc;veith
CC(C)CN(Cc1c(O)ccc2c3c(c(=O)oc12)CCC3)CC(C)C,6.142241126006169,veith
CC(C)CN1CC2(CCN(C(=O)c3ccco3)CC2)C1,5.096953661274842,ncgc;veith
CC(C)CN1CC2(CCN(C(=O)c3ccncc3)CC2)C1,4.89695369244143,ncgc;veith
CC(C)CN1CC2(CCN(C(=O)c3csnn3)CC2)C1,4.796954045378592,ncgc;veith
CC(C)CN1CC2(CCN(S(=O)(=O)c3ccccc3)CC2)C1,5.296954647425311,ncgc;veith
CC(C)CN1CCC2(CC1)CCN(C(=O)Oc1ccccc1)CC2,4.201669884204322,ncgc
CC(C)CN1CCC2(CC1)CCN(C(=O)c1cccc(F)c1)CC2,4.796954045378592,ncgc;veith
CC(C)CN1CCC2(CC1)CCN(C(=O)c1cccn1C)CC2,4.396953559925658,ncgc;veith
CC(C)CN1CCC2(CC1)CCN(C(=O)c1ccco1)CC2,5.196951293391612,ncgc;veith
CC(C)CN1CCC2(CC1)CCN(C(=O)c1ccncc1)CC2,4.89695369244143,ncgc;veith
CC(C)CN1CCC2(CC1)CCN(C(=O)c1cnccn1)CC2,4.4969551427270105,ncgc;veith
CC(C)CN1CCC2(CC1)CCN(C(=O)c1csnn1)CC2,6.196983944657134,ncgc;veith
CC(C)CN1CCC2(CC1)CCN(S(=O)(=O)c1ccccc1)CC2,5.4969551427270105,ncgc;veith
CC(C)CN1CCC2(CC1)CCN(S(C)(=O)=O)CC2,5.596962925619413,ncgc;veith
CC(C)CN1CCCC2(CCN(C(=O)Oc3ccccc3)CC2)C1,4.201669884204322,ncgc
CC(C)CN1CCCC2(CCN(C(=O)c3cc(C(F)(F)F)cc(C(F)(F)F)c3)CC2)C1,4.4969551427270105,ncgc;veith
CC(C)CN1CCCC2(CCN(C(=O)c3cccc(F)c3)CC2)C1,4.401667797519954,ncgc
CC(C)CN1CCCC2(CCN(C(=O)c3ccncc3)CC2)C1,4.396953559925658,ncgc;veith
CC(C)CN1CCCC2(CCN(C(=O)c3csnn3)CC2)C1,4.796954045378592,ncgc;veith
CC(C)CN1CCOC(CNC(=O)NC(C)C2CCC(F)(F)CC2)C1,4.522027449992346,challenge
CC(C)CN1CC[C@@]2(CCCN(C(=O)Oc3ccccc3)C2)C1,4.696954347372703,ncgc;veith
CC(C)CN1CC[C@@]2(CCCN(C(=O)c3cccc(F)c3)C2)C1,5.196951293391612,ncgc;veith
CC(C)CN1CC[C@@]2(CCCN(C(=O)c3ccco3)C2)C1,4.696954347372703,ncgc;veith
CC(C)CN1CC[C@@]2(CCCN(C(=O)c3ccncc3)C2)C1,4.4969551427270105,ncgc;veith
CC(C)CN1CC[C@@]2(CCCN(C(=O)c3cnccn3)C2)C1,4.4969551427270105,ncgc;veith
CC(C)CN1CC[C@@]2(CCCN(C(=O)c3csnn3)C2)C1,5.7969497127886624,ncgc;veith
CC(C)CN1CC[C@@]2(CCCN(S(=O)(=O)c3ccccc3)C2)C1,5.7969497127886624,ncgc;veith
CC(C)CN1CCc2nc(-c3ccccc3)c3c(c2C1)COC(C)C3,5.001666312269612,ncgc
CC(C)CN1CCc2nc(-c3ccccc3)c3c(c2CC1)COC(C)C3,5.001666312269612,ncgc
CC(C)CNC(=O)CCCc1c[nH]c2ccccc12.O=C(O)C(=O)O,4.342240150210577,veith
CC(C)CNC(=O)O,5.001666312269612,ncgc
CC(C)CNC(=O)c1ccc(C2=CC3(CCNCC3)Oc3ccccc32)cc1,5.593254039759867,pharmabench
CC(C)CNC(=S)NC1CC2CCC(C1)N2Cc1ccccc1,5.342240150210578,veith
CC(C)CNC(=S)NC1CC2CCCC(C1)N2Cc1ccco1,5.192241409015731,veith
CC(C)COC(=O)COc1cc(Cl)c(Cl)cc1Cl,3.7485966230364482,tox21
CC(C)COC(=O)c1ccccc1C(=O)OCC(C)C,3.922897803273945,tox21
CC(C)COCC(CN(Cc1ccccc1)c1ccccc1)N1CCCC1,6.884191016639709,tox21
CC(C)COC[C@H](CN(Cc1ccccc1)c1ccccc1)N1CCCC1,7.2976270366514004,ncgc;veith
CC(C)CON=O,4.041273713478426,tox21
CC(C)CO[C@H](c1ccc2c(c1)OCO2)[C@H](C)Br,4.9969534480296955,ncgc;veith
CC(C)COc1ccc(C2(C#N)CC[N+](C)(C)CC2)cc1.[Br-],4.442240306846953,veith
CC(C)CS(=O)(=O)N1CC[C@H](N(Cc2ccccc2C(F)(F)F)c2ccc(C#N)c(Cl)c2)C1,4.305385490153857,pharmabench
CC(C)C[C@@H](CC(=O)N[C@@H](CCC(=O)O)CC(=O)O)NC(=O)[C@@H]1CCCC[C@H]1NC(=O)C[C@@H](NC(=O)C[C@H](Cc1c[nH]c2ccccc12)NC(=O)[C@@H]1CNCC[C@H]1N)C(C)C,5.001666312269612,ncgc
CC(C)C[C@@H](CC(=O)N[C@@H](CCC(=O)O)CC(=O)O)NC(=O)[C@@H]1CCCC[C@H]1NC(=O)C[C@H](CCCN)NC(=O)C[C@H](CO)NC(=O)[C@@H]1CCCC[C@H]1N,3.9016695663778864,ncgc
CC(C)C[C@@H](CC(=O)N[C@@H](CCC(=O)O)CC(=O)O)NC(=O)[C@@H]1CCCC[C@H]1NC(=O)C[C@H](CCCN)NC(=O)C[C@H](Cc1c[nH]c2ccccc12)NC(=O)[C@@H]1CNCC[C@H]1N,5.001666312269612,ncgc
CC(C)C[C@@H](CC(=O)N[C@H](CC(=O)N[C@@H]1CCNC[C@H]1C(=O)N[C@H](CC(=O)N[C@@H](CCC(=O)O)CC(=O)O)CC(C)C)C(C)C)NC(=O)[C@@H]1CCCC[C@H]1N,3.9016695663778864,ncgc
CC(C)C[C@@H](CC(=O)N[C@H](CC(=O)N[C@@H]1CCNC[C@H]1C(=O)N[C@H](CC(=O)N[C@@H](CCC(=O)O)CC(=O)O)Cc1c[nH]c2ccccc12)C(C)C)NC(=O)[C@@H]1CCCC[C@H]1N,5.001666312269612,ncgc
CC(C)C[C@@H](CO)NCC(=O)N1CCc2ccccc2C1C1CCCCC1,6.775876165974506,pharmabench
CC(C)C[C@@H](N)C(=O)Nc1ccc2ccccc2c1,5.001666312269612,ncgc
CC(C)C[C@@H]1[C@H](c2ccccc2)OC(=O)N1CCCN1CCCCCC1.Cl,5.934402848626634,tox21
CC(C)C[C@H](C[C@@H](O)N1CCC[C@@H](Cc2ccc(F)cc2)C1)NC(=O)Nc1cccc(-c2nnnn2C)c1,5.64117759207705,pharmabench
CC(C)C[C@H](N)CSSC[C@@H](N)CC(C)C,5.396958734553992,ncgc;veith
CC(C)C[P+](C)(CC(C)C)CC(C)C.Cc1ccc(S(=O)(=O)[O-])cc1,5.370430004986979,tox21
CC(C)Cc1ccccc1CNC(=O)Nc1ccc(C(=O)N(C)C)cc1,4.4236731919923455,challenge
CC(C)Cc1nccs1,4.46516639112575,tox21
CC(C)Cn1c(-c2cccnc2)nnc1N1CCN(C(C)C)CC1,4.230721594992346,challenge
CC(C)Cn1c(=O)n(C2CCN(C(=O)C3CCN(Cc4ccncc4)CC3)CC2)c2ccccc21,5.140575241507865,pharmabench
CC(C)Cn1ccnc1NC(=O)c1cc2cccn2cn1,4.174670961992346,challenge
CC(C)Cn1cnc2c(N)nc3ccccc3c21,4.845651952404968,tox21
CC(C)Cn1cnc2c(SCc3ccc(Cl)cc3Cl)nc(N)nc21,4.601668415167836,ncgc
CC(C)N(C(=O)SCC(Cl)=C(Cl)Cl)C(C)C,4.028951319415825,tox21
CC(C)N(C)[C@@H]1CC[C@H](NC(=O)CNC(=O)c2cccc(C(F)(F)F)c2)[C@H](CS(=O)(=O)c2ccccc2)C1,4.987965078301706,pharmabench
CC(C)N(CCC(=O)c1ccc2ccccc2c1)Cc1ccccc1,5.196951293391612,ncgc;veith
CC(C)N(CCNC(=O)C1CCC(=O)N1Cc1ccc(F)cc1)Cc1ccccc1,5.3922393223313625,veith
CC(C)N(CCO)CC1CCN(C(=O)OC2CCCC2)CC1,4.374424727992346,challenge
CC(C)N(CCO)Cc1csc(-c2cn(CC3CCOCC3)c3c(Cl)cccc23)n1,3.4289899876730923,pharmabench
CC(C)N1C(=O)N(c2ccccc2)CSC1=NC(C)(C)C,4.023251954306619,tox21
CC(C)N1CCC(=NNC(=O)c2ccc(Br)o2)CC1,4.492240905132714,veith
CC(C)N1CCC(Oc2ccc3c(c2)cc(C(=O)N2CCC(F)(F)CC2)n3C(C)C)CC1,4.7203588381246755,pharmabench
CC(C)N1CCC(Oc2ccc3c(c2)cc2n3CCN(C)C2=O)CC1,4.243237583405013,pharmabench
CC(C)N1CCC(Oc2ccc3c(c2)cc2n3CCN(CCO)C2=O)CC1,5.465086333021369,pharmabench
CC(C)N1CCC(Oc2ccc3c(c2)cc2n3CCN(Cc3ccc(F)cc3)C2=O)CC1,3.8752607981104186,pharmabench
CC(C)N1CCC(Oc2ccc3c(c2)cc2n3[C@H](C)CNC2=O)CC1,4.076906161638488,pharmabench
CC(C)N1CCCN(c2nccc(Oc3ccccc3)n2)CC1,5.612441364992345,challenge
CC(C)N1CCC[C@H](Cn2cnc3ccc(-c4ccc(Cl)cc4)cc3c2=O)C1,6.118298846796713,pharmabench
CC(C)N1CCC[C@H](Cn2cnc3ccc(Oc4ccc(F)cc4)cc3c2=O)C1,4.097109547726775,pharmabench
CC(C)N1CCC[C@H]1CNC(=O)c1cn(C2CCCC2)c(=O)c2c1c1ccccc1n2C,4.829379241134986,pharmabench
CC(C)N1CCN(C(=O)N2CCC(C(C)(C)C)CC2)CC1,4.574230802446437,pharmabench
CC(C)N1CCN(C(=O)N2CCC(NC(=O)C3CCCC3)CC2)CC1,4.18887992108242,pharmabench
CC(C)N1CCN(C2CCN(C(=O)Cc3cccc4cnccc34)C2)CC1,4.553521329992345,challenge
CC(C)N1CCN(CCCN(C[C@H]2Cc3ccccc3CN2)[C@H]2CCCc3cccnc32)CC1,4.59650719715759,pharmabench
CC(C)N1CCN(c2cccc3c2C[C@H](CN(C)[C@H]2CCCc4cccnc42)NC3)CC1,4.509238296866626,pharmabench
CC(C)N1CCN(c2ccncc2S(=O)(=O)N2CCCCC2)CC1,4.89695369244143,ncgc;veith
CC(C)N=C(N)/N=C(\N)Nc1ccc(Cl)cc1,4.501669380321306,ncgc
CC(C)N=C(N)/N=C(\N)Nc1ccc(Cl)cc1.Cl,4.834419399908713,tox21
CC(C)N=C(N)N=C(N)Nc1ccc(Cl)cc1,4.753404862992346,challenge
CC(C)N=C(NC#N)SCc1ccc(Br)cc1,4.3922393223313625,veith
CC(C)N=c1cc2n(-c3ccc(Cl)cc3)c3ccccc3nc-2cc1Nc1ccc(Cl)cc1,5.096953661274842,ncgc;veith
CC(C)NC(=O)C1CC(=O)N(c2ccc(F)c(Cl)c2)C1,4.342240150210577,veith
CC(C)NC(=O)N1CC2(CCN(C(=O)c3cc(C(F)(F)F)cc(C(F)(F)F)c3)CC2)C1,6.096945016706242,ncgc;veith
CC(C)NC(=O)N1CC2(CCN(C(=O)c3ccco3)CC2)C1,4.401667797519954,ncgc
CC(C)NC(=O)N1CCC2(CC1)CCN(S(C)(=O)=O)CC2,4.2969560175302135,ncgc;veith
CC(C)NC(=O)N1CCCC2(CCN(C(=O)c3cccc(F)c3)CC2)C1,4.301670255124509,ncgc
CC(C)NC(=O)N1CCCC2(CCN(C(=O)c3ccco3)CC2)C1,5.096953661274842,ncgc;veith
CC(C)NC(=O)N1CCCC2(CCN(C(=O)c3csnn3)CC2)C1,4.396953559925658,ncgc;veith
CC(C)NC(=O)N1CCCC2(CCN(S(=O)(=O)c3ccccc3)CC2)C1,5.996974049257448,ncgc;veith
CC(C)NC1(C(N)=O)CCN(Cc2ccccc2)CC1,5.69694058165962,ncgc;veith
CC(C)NCC(O)COc1ccc(CCOCC2CC2)cc1,3.9921009504964964,pharmabench;tox21
CC(C)NCC(O)COc1cccc2[nH]ccc12,4.43441675507263,tox21
CC(C)NCC(O)COc1cccc2ccccc12,4.615706782992346,challenge
CC(C)NCC(O)COc1cccc2ccccc12.Cl,5.370965899012986,tox21
CC(C)NCC(O)COc1ccccc1,4.164056337357388,pharmabench
CC(C)NCC(O)c1ccc(NS(C)(=O)=O)cc1.Cl,4.018666457568302,tox21
CC(C)NCC(O)c1ccc(O)c(O)c1,4.384416994074168,tox21
CC(C)NCC(O)c1ccc(O)c(O)c1.Cl,4.150922758616789,tox21
CC(C)NCC(O)c1ccc([N+](=O)[O-])cc1,4.3344172940778565,tox21
CC(C)NCC(O)c1ccc2ccccc2c1,5.234419181965621,tox21
CC(C)NCC(O)c1ccccc1Cl,5.448363534992346,challenge
CC(C)NCC(O)c1ccccc1Cl.Cl,4.684419053436598,tox21
CC(C)NCCCC1(C(N)=O)c2ccccc2-c2ccccc21,5.184424060232335,tox21
CC(C)NCCCOc1ccc(Cl)cc1Br.O=C(O)C(=O)O,6.242240761051421,veith
CC(C)NCCOCCSc1ccc(Cl)cc1.O=C(O)C(=O)O,4.942241381558047,veith
CC(C)NCC[C@@H](O)c1cc2ccccc2o1,4.9969534480296955,ncgc;veith
CC(C)NC[C@@H](O)COc1ccc(-c2ccccc2)c2ccccc12,4.097109547726775,pharmabench
CC(C)NC[C@@H](O)COc1cccc2[nH]ccc12,5.046954660150275,ncgc;veith
CC(C)NC[C@@H](O)COc1cccc2ccccc12,4.8761093172205285,ncgc;tox21;veith
CC(C)NC[C@@H](O)COc1ccccc1-n1cccc1,4.00166905897837,ncgc
CC(C)NC[C@H](O)COc1cccc2ccccc12,5.096953661274842,ncgc;veith
CC(C)NC[C@H](O)c1ccc2ccccc2c1,4.9969534480296955,ncgc;veith
CC(C)NC[C@H]1CCc2cc(CO)c([N+](=O)[O-])cc2N1,4.696954347372703,ncgc;veith
CC(C)NS(=O)(=O)Cc1ccc(CNC2CCC23CCC3)cc1,5.182555276992345,challenge
CC(C)NS(=O)(=O)N1CCN(CC(O)CC2CCCC2)CC1,6.457285399992346,challenge
CC(C)N[C@@H](C)C(O)COc1cccc2ccccc12,4.839545245843884,pharmabench
CC(C)N[C@@H](C)Cc1ccc(I)cc1,6.4969551427270105,ncgc;veith
CC(C)Nc1ccc(Nc2ccccc2)cc1,4.182144667992346,challenge
CC(C)Nc1cccnc1N1CCN(C(=O)c2cc3cc(NS(C)(=O)=O)ccc3[nH]2)CC1,4.834419399908713,tox21
CC(C)O.CC(C)O.CCOC(=O)/C=C(\C)O.CCOC(=O)/C=C(\C)O.[Ti],4.023251954306619,tox21
CC(C)OC(=O)C(C#N)c1nc2ccccc2nc1N1CCN(Cc2ccccc2)CC1,6.442240306846953,veith
CC(C)OC(=O)C(O)(c1ccc(Cl)cc1)c1ccc(Cl)cc1,4.023251954306619,tox21
CC(C)OC(=O)CC12CN(C)CC(CC(=O)OC(C)C)(CN(C)C1)C2=O,5.092240288156335,veith
CC(C)OC(=O)CN1CCN(C2c3ccccc3-c3ccccc32)CC1,6.092240288156335,veith
CC(C)OC(=O)Cc1ccccc1,3.7193691527542,tox21
CC(C)OC(=O)c1cc(C(=O)OC(C)C)cc([N+](=O)[O-])c1,4.862731686406117,tox21
CC(C)OC(=O)c1cc2c(OCC(O)CNC(C)(C)C)cccc2[nH]1,4.484418434588723,tox21
CC(C)OC(=O)c1cc2c(OC[C@@H](O)CNC(C)(C)C)cccc2[nH]1,4.2969560175302135,ncgc;veith
CC(C)OC(=O)c1ccc(NC(=O)N[C@@H](Cc2ccc(O)cc2)C(=O)N[C@H]2CCC[N+](C)(Cc3cccc(O)c3)C2)cc1,4.8193290285172745,pharmabench
CC(C)OC(=O)c1nnn(-c2nonc2N)c1CSc1ccccn1,4.292241779935917,veith
CC(C)OP(=S)(OC(C)C)SCCNS(=O)(=O)c1ccccc1,4.023251954306619,tox21
CC(C)OS(C)(=O)=O,3.8583081756664317,tox21
CC(C)Oc1cc(O)c2c(c1)OCC=C2CCC(=O)O,6.4969551427270105,ncgc;veith
CC(C)Oc1ccc(C(=O)Nc2cccc(-c3nnc[nH]3)c2)cn1,2.3219392049923453,challenge
CC(C)Oc1ccc(CNC(=O)CC(c2ccccc2)c2cc(Cl)ccc2O)cc1,4.342240150210577,veith
CC(C)Oc1ccc(CSC(=N)N)cc1.Cl,4.342240150210577,veith
CC(C)Oc1ccc(S(=O)(=O)Cc2ccc3c(c2)CCNCC3)cn1,5.215208859804769,pharmabench
CC(C)Oc1ccc(S(C)(=O)=O)cc1C(=O)NCCN1CCN(c2ncccn2)CC1,4.770970174992346,challenge
CC(C)Oc1ccc2c(NCc3ccc4[nH]c(=O)[nH]c4c3)ccnc2c1,5.162601471992346,challenge
CC(C)Oc1cccnc1N(C)C1CCN(Cc2ccccc2)CC1,4.596954724317373,ncgc;veith
CC(C)Oc1cncc(C(=O)N2CCCC(c3ncc[nH]3)C2)c1,4.458210462992346,challenge
CC(C)S,3.71796455534089,tox21
CC(C)[C@@H](C(=O)O[C@@H](C#N)c1cccc(Oc2ccccc2)c1)c1ccc(Cl)cc1,4.066563595953827,tox21
CC(C)[C@@H](CC(=O)N[C@@H]1CCCC[C@H]1C(=O)N[C@H](CC(=O)N[C@@H](CCC(=O)O)CC(=O)O)Cc1ccccc1)NC(=O)C[C@H](Cc1c[nH]c2ccccc12)NC(=O)[C@@H]1CNCC[C@H]1N,5.1016670343933495,ncgc
CC(C)[C@@H]1OC(=O)C=CC=CC=CC=CC=CC[C@@H](O)[C@H](C)[C@@H](O)C[C@H](O)C[C@H](O)C[C@H](O)C[C@H](O)C[C@H](O)C[C@H](O)C=C[C@@H]1C,6.0017075147251155,ncgc
CC(C)[C@@H]1[C@H]2CC[C@H](C2)[C@H]1N,4.00166905897837,ncgc
CC(C)[C@@]1(NC(=O)[C@@H]2C[C@H]3c4cccc5[nH]cc(c45)C[C@@H]3N(C)C2)O[C@@]2(O)[C@H]3CCCN3C(=O)[C@@H](Cc3ccccc3)N2C1=O,4.00166905897837,ncgc
CC(C)[C@@]1(NC(=O)[C@@H]2C[C@H]3c4cccc5[nH]cc(c45)C[C@@H]3N(C)C2)O[C@@]2(O)[C@H]3CCCN3C(=O)[C@H](Cc3ccccc3)N2C1=O,4.301670255124509,ncgc
CC(C)[C@@]1(NC(=O)[C@H]2C[C@H]3c4cccc5[nH]cc(c45)C[C@@H]3N(C)C2)O[C@]2(O)[C@H]3CCCN3C(=O)[C@H](Cc3ccccc3)N2C1=O.CS(=O)(=O)O,4.00166905897837,ncgc
CC(C)[C@H](C(=O)OC(C#N)c1cccc(Oc2ccccc2)c1)c1ccc(OC(F)F)cc1,4.8732510305756955,tox21
CC(C)[C@H](CO)Nc1nc(Nc2cccc(Cl)c2)c2ncn(C(C)C)c2n1,3.9016695663778864,ncgc
CC(C)[C@H](C[C@@H](O)N1CCC[C@@H](Cc2ccc(F)cc2)C1)NC(=O)Nc1cccc(-c2nnnn2C)c1,5.942207587741032,pharmabench
CC(C)[C@H](NC(=O)OC(C)(C)C)[C@@H](O)CC(=O)OC(C)(C)C,4.9969534480296955,ncgc;veith
CC(C)[C@](N)(C(=O)O)c1ccccc1,4.601668415167836,ncgc
CC(C)[N+](C)(C)CC(O)COc1cccc2ccccc12.[Cl-],5.03442072867151,tox21
CC(C)[N+](C)(CCC(C(N)=O)(c1ccccc1)c1ccccc1)C(C)C,5.1594402810490285,ncgc;tox21;veith
CC(C)[N+](C)(CCOC(=O)C1c2ccccc2Oc2ccccc21)C(C)C,4.696956777969033,ncgc;veith
CC(C)[N+](C)(CCOC(=O)C1c2ccccc2Oc2ccccc21)C(C)C.[Br-],6.428719324476755,tox21
CC(C)c1[nH]ccc1C(=O)NC1COc2c1ccc(Cl)c2Cl,2.2866614729923453,challenge
CC(C)c1c(CN(C)C(C)Cc2ccccc2)n(C)n(-c2ccccc2)c1=O,4.484418434588723,tox21
CC(C)c1c(CN(C)[C@@H](C)Cc2ccccc2)n(C)n(-c2ccccc2)c1=O,4.4969551427270105,ncgc;veith
CC(C)c1c(COc2cccc(OCC3CCOCC3)c2)[nH]c2ccccc2c1=O,4.325907157298459,pharmabench
CC(C)c1cc(C(F)(F)F)nc(NNc2nc(C(C)C)cc(C(F)(F)F)n2)n1,6.396941486272403,ncgc;veith
CC(C)c1cc(CN(C)C)c(O)c(C(C)(C)C)c1,4.701667552503337,ncgc
CC(C)c1cc(F)cc2c1C[C@](CCN(C)CCCc1nc3ccccc3[nH]1)(OC(=O)C1CC1)CC2,6.797036381016095,ncgc;veith
CC(C)c1cc(NC(=O)N[C@H](C)CCN2CCC[C@@H](Cc3ccc(F)cc3)C2)cc(-c2nnnn2C)c1,5.215208859804769,pharmabench
CC(C)c1cc(NC(=O)N[C@H](C)C[C@@H](O)N2CCC[C@@H](Cc3ccc(F)cc3)C2)cc(-c2nnnn2C)c1,4.747230984524976,pharmabench
CC(C)c1cc(Nc2ccc(Cl)cc2Cl)ncc1C(=O)NCC1CCOCC1,3.972170811118475,pharmabench
CC(C)c1cc(Nc2cccc(O)c2)cc(C(C)C)c1O,3.8922410911892946,veith
CC(C)c1ccc(C(=O)N=C(N)N)cc1S(C)(=O)=O.CS(=O)(=O)O,3.8766147893221605,tox21
CC(C)c1ccc(C(=O)NCc2ccnc(-n3ccnc3)c2)cn1,4.813769422992346,challenge
CC(C)c1ccc(C(CCO)Nc2ccn3ncc(Br)c3n2)cc1,5.273783732992346,challenge
CC(C)c1ccc(C(O)(C(=O)O)c2ccc(C(C)C)cc2)cc1,5.001666312269612,ncgc
CC(C)c1ccc(CC2CCN(Cc3nnnn3C)C2)cc1,4.439605254992346,challenge
CC(C)c1ccc(CN(C(=O)C2COc3ccccc3O2)C2CCS(=O)(=O)C2)cc1,4.342240150210577,veith
CC(C)c1ccc(CO)cc1,4.216900108596347,tox21
CC(C)c1ccc(Cn2ccc3c4c(N)nc(NC5CC5)nc4ccc32)cc1,5.4969551427270105,ncgc;veith
CC(C)c1ccc(NC(=O)C(c2ccccc2)N2CCN(C=O)CC2)cc1,4.342240150210577,veith
CC(C)c1ccc(NC(=O)N(CCc2nc3ccccc3[nH]2)C2CCCC2)cc1,5.092240288156335,veith
CC(C)c1ccc(S(=O)(=O)n2cc(N3CCN(C)CC3)c3ccccc32)cc1,3.8260427754402366,pharmabench
CC(C)c1ccc2c(c1)C(C1CCCCC1)N(C(=O)CNC[C@@H](C)O)CC2,5.140575241507865,pharmabench
CC(C)c1ccc2c(c1)C(NC(=O)N1CCCC(c3ncc[nH]3)C1)CC2,4.202831189992346,challenge
CC(C)c1ccc2c(c1)C(Nc1nc(=O)c3cn[nH]c3[nH]1)CC2,4.882238219992345,challenge
CC(C)c1ccc2c(c1)C(c1ccc(N3CCOCC3)cc1)=NNC(c1cccs1)=N2,4.642240772861618,veith
CC(C)c1ccc2c(c1)CC[C@@H]1[C@@](C)(CN)CCC[C@@]21C,5.501669380321306,ncgc
CC(C)c1ccc2c(c1)CC[C@H]1[C@@](C)(CN)CCC[C@@]21C.O=C(O)c1ccccc1,5.396958734553992,ncgc;veith
CC(C)c1ccc2c(c1)[C@@H](NC(=O)c1c[nH]nc1C1CCCNC1)CCO2,4.977149854992346,challenge
CC(C)c1ccc2ncnc(N3CC(n4cccn4)C3)c2c1,5.400657774992346,challenge
CC(C)c1cccc(C(C)C)c1N1C(=O)c2ccc(O)cc2C1=O,4.023251954306619,tox21
CC(C)c1cccc2c([Si](C)(C)C)c3c(nc12)-c1cccc(=O)n1C3,4.201669884204322,ncgc
CC(C)c1cccc2nc3c(c([Si](C)(C)C)c12)Cn1c-3cccc1=O,3.9016695663778864,ncgc
CC(C)c1ccccc1-n1c(SCC(=O)N2CCN(c3ccccc3)CC2)nnc1-c1cccnc1,4.292241779935917,veith
CC(C)c1ccccc1C(=O)N(CC1CCC1)[C@H]1CCNC1,4.918269580242943,pharmabench
CC(C)c1csc(NC(=O)C2c3ccccc3Oc3ccccc32)n1,3.9960829685238863,pharmabench
CC(C)c1nc(-c2nnc3n2CCN(C(=O)c2ccc(-c4cccs4)cc2)[C@@H]3C)cs1,3.9879650783017064,pharmabench
CC(C)c1nc(C(=O)NC2CCN(C(C)C)CC2)c2ccccn12,3.7168983060151692,pharmabench
CC(C)c1nc(C(=O)NC2CCN(CCF)CC2)c2ccccn12,3.448517231588176,pharmabench
CC(C)c1nc(C(=O)NCC2CCN(CC3CCOCC3)CC2)c2ccccn12,4.544267579068994,pharmabench
CC(C)c1nc(C(=O)NC[C@@H]2[C@H]3CN(CC(C)(C)O)C[C@@H]23)c2ccccn12,3.7788474054902723,pharmabench
CC(C)c1nc(C(=O)NC[C@@H]2[C@H]3CN(CC4CCOCC4)C[C@@H]23)c2ccccn12,3.464122304918752,pharmabench
CC(C)c1nc(CN(C)C(=O)N[C@@H](CCN)C(=O)N[C@H](CC[C@H](Cc2ccccc2)NC(=O)OCc2cncs2)Cc2ccccc2)cs1,5.5162388554687505,pharmabench
CC(C)c1nc(CN(C)C(=O)N[C@@H](CCN2CCOCC2)C(=O)N[C@H](CCN(Cc2ccccc2)C(=O)OCc2cncs2)Cc2ccccc2)cs1,5.305385490153857,pharmabench
CC(C)c1nc(CN(C)C(=O)N[C@@H](CO)C(=O)N[C@@H](CC[C@@H](Cc2ccccc2)NC(=O)OCc2cncs2)Cc2ccccc2)cs1,5.305385490153857,pharmabench
CC(C)c1nc(CN(C)C(=O)N[C@@H](Cc2c[nH]cn2)C(=O)N[C@@H](CC[C@@H](Cc2ccccc2)NC(=O)OCc2cncs2)Cc2ccccc2)cs1,5.817268851132732,pharmabench
CC(C)c1nc(CN(C)C(=O)N[C@@H](Cc2cn(C)cn2)C(=O)N[C@H](CC[C@H](Cc2ccccc2)NC(=O)OCc2cncs2)Cc2ccccc2)cs1,5.64117759207705,pharmabench
CC(C)c1nc(CN(C)C(=O)N[C@H](C(=O)N(CCCCN(Cc2ccccc2)C(=O)OCc2cncs2)Cc2ccccc2)C(C)C)cs1,5.377936157302469,pharmabench
CC(C)c1nc(CN(C)C(=O)N[C@H](C(=O)N[C@@H](Cc2ccccc2)C[C@H](O)[C@H](Cc2ccccc2)NC(=O)OCc2cncs2)C(C)C)cs1,4.404627691032488,challenge;tox21
CC(C)c1nc(CN(C)C(=O)N[C@H](C(=O)N[C@H](CC[C@H](Cc2ccccc2)NC(=O)OCc2cncs2)Cc2ccccc2)C(C)C)cs1,5.387099847847235,pharmabench
CC(C)c1nc(CN(C)C(=O)N[C@H](CCN2CCOCC2)C(=O)N[C@H](CC[C@H](Cc2ccccc2)NC(=O)OCc2cncs2)Cc2ccccc2)cs1,4.927967148626421,pharmabench
CC(C)c1nc2ccc(Oc3ccc(F)cc3)cc2c(=O)n1C[C@H]1CCCN(C(C)C)C1,4.561996346029425,pharmabench
CC(C)c1nc2ccccn2c1NC1CCCCC1,4.992240583789779,veith
CC(C)c1nccc(N2CCC(CO)(Cc3ccc(F)cc3)C2)n1,4.618252146992345,challenge
CC(C)c1nccc(N2CCN(c3cnccn3)C(C)C2)n1,5.190215099992345,challenge
CC(C)c1nccn1CCNC(=O)c1ccc(-c2ccc(F)cc2)cc1F,4.250159129992346,challenge
CC(C)c1nccn1Cc1ccc(Cl)cc1Cl.O=[N+]([O-])O,4.9969534480296955,ncgc;veith
CC(C)c1ncsc1C(=O)N1CCC(CCCn2ccnc2)CC1,6.388281632992346,challenge
CC(C)c1nnc2ccc(-c3ocnc3-c3cc(F)ccc3F)cn12,3.9732520511108227,tox21
CC(C)c1nsc(CN2CC34CCCCC3(CN(C)C4)C2)n1,5.033046364992345,challenge
CC(C)n1c(-c2ccc(Oc3cnccn3)cc2)nc2ccccc21,5.280776794992346,challenge
CC(C)n1c(/C=C/[C@@H](O)C[C@@H](O)CC(=O)O)c(-c2ccc(F)cc2)c2ccccc21,3.928741350902002,tox21
CC(C)n1cc2c3c(cccc31)[C@@H]1C[C@H](C(=O)O[C@@H](C)[C@H](C)O)CN(C)[C@H]1C2,5.69694058165962,ncgc;veith
CC(C)n1ccc(CN2CCCNC(=O)C2Cc2ccccc2)n1,3.3237718199923454,challenge
CC(C)n1nc(-c2cc3cc(O)ccc3[nH]2)c2c(N)ncnc21,4.084417373518855,tox21
CC(C)n1ncc2c(=O)n(CC(=O)N3CCc4sccc4C3)cnc21,4.7370689549923455,challenge
CC(C)n1ncc2cc(C(=O)OCC(=O)NCCOc3ccc4c(c3)OCO4)cnc21,4.753949512992346,challenge
CC(C)n1ncc2cc(S(=O)(=O)N3CCN(C)CC3c3ccccc3)ccc21,4.673651311992345,challenge
CC(C)n1nnc(NC(=O)N2CC3(CCC3)C2c2ccccc2)n1,4.840807161992346,challenge
CC(C)n1nnnc1SCC(=O)NCCc1ccccc1,4.092240288156335,veith
CC(C)n1nnnc1SCC(=O)c1ccc2c(c1)OCCO2,4.342240150210577,veith
CC(C/C=N/NC(=O)COc1cc(Cl)ccc1Cl)c1ccccc1,5.692241142242068,veith
CC(C1CC1)C(O)(Cn1cncn1)c1ccc(Cl)cc1,3.9757377311954647,tox21
CC(C1Cc2ccccc2O1)N(C)C(=O)Nc1ccncc1,5.4715439469923455,challenge
CC(C=O)Cc1ccc2c(c1)OCO2,3.773251730425014,tox21
CC(CC(=O)NC1CCC2(CC1)N=N2)c1ccc(F)cc1,3.6062277579923454,challenge
CC(CC(=O)NCc1ccc(C(=O)Nc2ccncc2)cc1)C1CCCCC1,5.820121699992345,challenge
CC(CC(=O)Nc1ccc(Cl)c([N+](=O)[O-])c1)c1ccccc1,5.842240508595863,veith
CC(CC(=O)O)(CC(=O)O)C(=O)O,5.001666312269612,ncgc
CC(CC(C#N)(c1ccccc1)C(C)C)N(C)C,4.43441675507263,tox21
CC(CC(C#N)(c1ccccc1)c1ccccc1)N(C)C,4.175381768426224,tox21
CC(CC(C(N)=O)(c1ccccc1)c1ccccc1)N(C)C.O=S(=O)(O)O,4.734419094663767,tox21
CC(CC1c2ccccc2CCc2ccccc21)CN(C)C,5.584403638366823,tox21
CC(CC=O)CCCC(C)(C)O,3.864325185951601,tox21
CC(CCC(=O)O)(c1ccc(O)cc1)c1ccc(O)cc1,4.091807904470696,tox21
CC(CCC(=O)O)C(=O)O,3.7725438259755624,tox21
CC(CCc1ccc(O)cc1)NCCc1ccc(O)c(O)c1,4.384416994074168,tox21
CC(CCc1ccc2c(c1)OCO2)NN.Cl,4.084417373518855,tox21
CC(CCc1ccccc1)NC(C)C(O)c1ccc(O)cc1,5.884456992650004,tox21
CC(CCc1ccccc1)NCC(O)c1ccc(O)c(C(N)=O)c1,5.5162388554687505,pharmabench
CC(CCc1ccccc1)NCC(O)c1ccc(O)c(C(N)=O)c1.Cl,5.823262025132639,tox21
CC(CN(C)C)C(C)(O)Cc1ccc(Cl)cc1.Cl,4.784418794579006,tox21
CC(CN(C)C)CN1c2ccccc2CCc2ccccc21.O=C(O)/C=C\C(=O)O,5.084414562633206,tox21
CC(CN(CCN(CC(C)OCCO)CC(C)OCCO)CC(C)OCCO)OCCO,4.013588273472883,tox21
CC(CN)CC(C)(C)CCN,4.71183832714343,tox21
CC(CN)CCCN,4.223252007786247,tox21
CC(CN1C(=O)/C(=C/c2ccc(C#N)cc2)NC1=S)Cn1ccnc1,6.3922393223313625,veith
CC(CN1CC(=O)NC(=O)C1)N1CC(=O)NC(=O)C1,3.8246465309070574,tox21
CC(CN1c2ccccc2Sc2ccccc21)N(C)C,5.363206155112341,challenge;tox21
CC(CN1c2ccccc2Sc2ccccc21)N(C)C.Cl,5.445954582853575,tox21
CC(CN=Cc1ccccc1O)N=Cc1ccccc1O,4.023251954306619,tox21
CC(CNC(=O)N(C)Cc1ccncc1)N1CCc2ccccc2C1,5.3993357199923455,challenge
CC(CNC(=O)c1cc(-c2ccccn2)nc2ccccc12)N(C)C1CC1,2.687034526992345,challenge
CC(CNC(=O)c1ccccc1Cn1cc(-c2cccc(Cl)c2)nn1)C(=O)OC(C)(C)C,4.393532966992345,challenge
CC(CNC1CCCCC1)OC(=O)c1ccccc1.Cl,6.434508010266986,tox21
CC(CNc1nc(-c2ccncc2)nc2ccccc12)S(C)(=O)=O,5.1440336919923455,challenge
CC(CNc1nccc(C(F)(F)F)n1)CN1CCOCC1,4.5833972049923455,challenge
CC(CO)(CNc1ncnc2sccc12)Cc1cccs1,5.160499901992345,challenge
CC(CO)(CO)CO,4.067264209335456,tox21
CC(CO)Nc1nc(SCc2ccccc2)nc2sc3c(c12)CCC3,4.3922393223313625,veith
CC(CO)Oc1ccccc1,3.9599602696025746,tox21
CC(COC(C)(C)C)OCCCO,3.773251730425014,tox21
CC(COCCO)OCCO,4.16312271484255,tox21
CC(COc1ccccc1)N(CCCl)Cc1ccccc1,5.674670635991113,challenge;tox21
CC(COc1ccccc1)N(CCCl)Cc1ccccc1.Cl,5.920999884507359,tox21
CC(COc1ccccc1)NC(C)C(O)c1ccc(O)cc1.Cl,5.834419399908713,tox21
CC(Cc1ccc(C(C)(C)C)cc1)CN1C[C@@H](C)O[C@@H](C)C1,4.62325365677871,tox21
CC(Cc1ccc(F)cc1)C(=O)Nc1ccc(-n2ccnc2)nc1,6.860436904992346,challenge
CC(Cc1ccc(O)cc1)NC(=O)N1CCc2cc(Cl)ccc2C1,4.643616049992346,challenge
CC(Cc1ccc(OCC(=O)O)cc1)NCC(O)c1csc(C(F)(F)F)n1,3.9732520511108227,tox21
CC(Cc1ccc2c(c1)OCO2)NO.Cl,3.9881295759411826,tox21
CC(Cc1cccc(C(F)(F)F)c1)NCCOC(=O)c1ccccc1.Cl,6.6845253754100336,tox21
CC(Cc1ccccc1)(NC(=O)CN)c1ccccc1.Cl,4.43441675507263,tox21
CC(Cc1ccccc1)C(=O)NCc1ccccn1,3.9016695663778864,ncgc
CC(Cc1ccccc1)N(C)Cc1ccco1,5.684413458264227,tox21
CC(Cc1ccccc1)NC1CC2c3ccccc3CCc3cccc1c32,6.243237583405013,pharmabench
CC(Cc1ccccc1)NCCCCl,5.03442072867151,tox21
CC(Cc1ccccc1)NCCn1cnc2c1c(=O)n(C)c(=O)n2C.Cl,4.828594282201568,tox21
CC(Cc1ccccc1)NCc1ccccc1Cl.Cl,6.384335678909016,tox21
CC(Cl)C(=O)O,3.8036458810553704,tox21
CC(Cl)C(Cl)Cl,3.7800273357033305,tox21
CC(F)(F)C(=O)NC[C@@H]1CCCN1C(=O)C[C@H](N)Cc1cc(F)c(F)cc1F,4.828264235434195,pharmabench
CC(F)(F)c1cccc(NC(=O)NC2C3Cc4cc(F)ccc4C32)c1,4.993855364992346,challenge
CC(F)CN1C[C@H]2C[C@@H](N(Cc3cccc(OC(F)(F)F)c3)C(=O)c3cn(C)cn3)C[C@H]2C1,5.305385490153857,pharmabench
CC(N)C(=O)OC(C)(C)Cc1ccc(Cl)cc1,4.684419053436598,tox21
CC(N)C12CC3CC(CC(C3)C1)C2.Cl,4.3344172940778565,tox21
CC(N)CCCC(C)(C)O.Cl,5.684413458264227,tox21
CC(N)CN,3.733628168626332,tox21
CC(N)Cc1ccc(O)cc1,4.923987619992346,challenge
CC(N)Cc1ccccc1Sc1ccc(O)cc1.O=C(O)C(=O)O,4.492240905132714,veith
CC(NC(=O)C1=Cc2ccccc2OC1)c1ccccc1,5.115673799992345,challenge
CC(NC(=O)CC(C)(C)C)C(=O)NCC1CCN(c2ccc(F)c(F)c2)C1,4.639137014992346,challenge
CC(NC(=O)CCSc1nc(-c2ccc3c(c2)OCO3)cc(C(F)(F)F)n1)c1ccccc1,5.492240905132714,veith
CC(NC(=O)CCc1ccc2[nH]ccc2c1)c1ccccc1NS(=O)(=O)c1cccs1,2.0513813479923453,challenge
CC(NC(=O)CN1CCC(CO)CC1)c1ccc(F)c2ccccc12,4.423325172992346,challenge
CC(NC(=O)N1CCC(Cc2ccccc2)CC1)c1cn[nH]c1,5.561224162992346,challenge
CC(NC(=O)N1CCC2(C=Cc3ccccc3O2)CC1)C1COc2ccccc21,4.810775392992346,challenge
CC(NC(=O)NCc1cn(-c2ccccc2)nn1)c1ccc(C#N)cc1,4.483634849992345,challenge
CC(NC(=O)c1cc2c(Cl)cc(Cl)cc2[nH]1)c1ccc(OCC(N)=O)cc1,2.0030727479923454,challenge
CC(NC(=O)c1ccc(N2CCCC2=O)cc1)c1ccccc1,4.592241033466911,veith
CC(NC(=O)c1cccc(F)c1)C(c1cccs1)N1CCN(C)CC1,4.292241779935917,veith
CC(NC(=O)c1cccc2c(C#N)c[nH]c12)c1cccc(C(F)(F)F)c1,2.0767076949923453,challenge
CC(NC(=O)c1ccccc1)c1nc2ccccc2n1Cc1ccccc1F,4.342240150210577,veith
CC(NC(=O)c1cnc(-c2cnccn2)s1)c1cccc(OCc2ccccn2)c1,2.3816665749923454,challenge
CC(NC(=O)c1ncsc1Nc1ccccc1)c1ccc(NC(N)=O)cc1,2.6387218349923454,challenge
CC(NC(C)(C)C)C(=O)c1cccc(Cl)c1.Cl,4.715688625271885,tox21
CC(NC1CCCC1)C(=O)Nc1ccccc1-c1ccccc1,4.792241107578132,veith
CC(NCC(C)(O)c1ccccc1)c1cccc(-n2ccnc2)c1,5.777608647992346,challenge
CC(NCC1(CO)CCOCC1)C1=Cc2ccccc2OC1,4.663159489992346,challenge
CC(NCCC(c1ccccc1)c1ccccc1)c1ccccc1.Cl,6.234339779006829,tox21
CC(NC[C@@H](O)c1cc2ccccc2o1)c1cccnc1,4.444697467992346,challenge
CC(NC[C@H]1[C@H](c2ccccc2)C1(C)C)c1ccc(C(=O)N(C)C)cc1,5.247872537992346,challenge
CC(NCc1ccc(Cl)cc1)C(O)c1ccccc1.Cl,6.642240772861618,veith
CC(NCc1ccc(Cl)cc1Cl)C(O)c1ccccc1.Cl,6.342240150210577,veith
CC(N[NH3+])c1ccccc1.O=S(=O)([O-])O,4.445651896700825,tox21
CC(Nc1cc(C(N)=O)nc(C2CC2)n1)c1ccc(Oc2cccnc2)cc1,4.774912344992345,challenge
CC(Nc1ncnc2[nH]ccc12)c1ccc(OCc2cccnc2)cc1,4.696163881992345,challenge
CC(O)(CNC1CCN(C(=O)c2cc(Cl)c[nH]2)CC1)C(F)F,4.8080350369923455,challenge
CC(O)(CNCc1cncc2ccccc12)c1ccco1,5.194830891992345,challenge
CC(O)(CS(=O)(=O)Cc1ccc(Cl)cc1)C(=O)Nc1cccc(C(F)(F)F)c1,4.292241779935917,veith
CC(O)(Cn1ccccc1=O)C(=O)N1CCc2ccc(Cl)cc2C1,2.4985282279923453,challenge
CC(O)(c1ccc(Cl)cc1)c1ccc(Cl)cc1,3.773251730425014,tox21
CC(O)C#CC(C)O,4.027521300152932,tox21
CC(O)C(=O)O,4.078593496134708,tox21
CC(O)C(=O)O.CCCCCCCCCCCCCCNCCO,5.03442072867151,tox21
CC(O)C(=O)O.CCOc1ccc2nc3cc(N)ccc3c(N)c2c1.O,4.384416994074168,tox21
CC(O)C(=O)[O-].CC(O)C(=O)[O-].[Ca+2],4.534418069800762,tox21
CC(O)C(NC(=O)C1CC1)C(=O)NCC1(N2CCCCC2)CCCCC1,5.420184457992345,challenge
CC(O)CC1CCN(Cc2ccc(-c3nn[nH]n3)s2)CC1,5.038156474992346,challenge
CC(O)CCO,4.068666125194691,tox21
CC(O)CN(CCN(CC(C)O)CC(C)O)CC(C)O,3.9445580611800866,tox21
CC(O)CN1CCC(CN(C)C(=O)[C@H]2C[C@@H]2c2cccc(Cl)c2)CC1,4.470653096992345,challenge
CC(O)CNCC(C)O,3.720425590055785,tox21
CC(O)CNCc1ccc(-c2ccccc2)cc1.Cl,4.642240772861618,veith
CC(O)CO,5.099108257792839,tox21
CC(O)COC(C)(C)C,3.9273006043678285,tox21
CC(Oc1c(Cl)cccc1Cl)C1=NCCN1,4.584416971394304,tox21
CC(Oc1ccc(Cl)cc1)c1ccnn1S(=O)(=O)c1ccccc1,4.342240150210577,veith
CC(Oc1ccc(Cl)cc1Cl)C(=O)/C=C/N(C)C,4.342240150210577,veith
CC(Oc1ccc(Cl)cc1Cl)C(=O)O,4.021836898171879,tox21
CC(Oc1ccc(Oc2ncc(C(F)(F)F)cc2Cl)cc1)C(=O)O,3.773251730425014,tox21
CC(Oc1ccc2nc(N)n(CC(O)c3ccc(C(F)(F)F)cc3Cl)c2n1)C(F)(F)F,3.9675424069364036,pharmabench
CC(Oc1ccccc1Cl)C(=O)NC1CCN(C(=O)c2ccncc2)CC1,4.3825084419923455,challenge
CC(Sc1ccc2c(c1)OCCO2)C(=O)Nc1ncc(Cl)cc1Cl,4.3922393223313625,veith
CC(Sc1nc2ccccc2s1)C(=O)NCC(=O)OCc1ccccc1,4.348523064992346,challenge
CC(Sc1ncnc2ccccc12)C(=O)Nc1ccc2c(c1)OCO2,4.3922393223313625,veith
CC(Sc1nnc(C(C)N(C)C)n1-c1ccc(Cl)cc1)C(=O)Nc1ccc2c(c1)OCO2,4.342240150210577,veith
CC(c1cc2ccccc2s1)N(O)C(N)=O,3.723251713511802,tox21
CC(c1ccc(O)cc1)(c1ccc(O)cc1)c1ccc(O)cc1,3.723251713511802,tox21
CC(c1ccccc1)N1CCC(Nc2ccc3nnc(C(F)F)n3n2)CC1,4.749965199992346,challenge
CC(c1ccccn1)c1c(CCN(C)C)sc2ccccc12,4.580479751723439,pharmabench
CC(c1ccsc1)N1CCN(C(=O)c2cc3ccccc3c(=O)[nH]2)CC1,4.413724589992346,challenge
CC(c1nccs1)N1CCN(C(=O)c2ccc(N3CCCC3)nn2)CC1,4.443430292992345,challenge
CC/C(=C(/CC)c1ccc(O)cc1)c1ccc(O)cc1,4.026450022566678,tox21
CC/C(=C(/c1ccc(O)cc1)c1ccc(OCCN(C)C)cc1)c1ccccc1,4.303759493993656,tox21
CC/C(=C(\CC)c1ccc(O)cc1)c1ccc(O)cc1,4.301670255124509,ncgc
CC/C(=C(\c1ccc(O)cc1)c1ccc(OCCN(C)C)cc1)c1ccccc1,3.972004761342853,tox21
CC/C(=C(\c1ccccc1)c1ccc(OCCN(C)C)cc1)c1ccccc1,4.151567295431414,ncgc;pharmabench;tox21
CC/C(=C(\c1ccccc1)c1ccc(OCCN(C)C)cc1)c1ccccc1.O=C(O)CC(O)(CC(=O)O)C(=O)O,4.139171505262887,ncgc;tox21;veith
CC/C(C)=N/O,3.8035906635540746,tox21
CC/C(C)=N\O[Si](C)(O/N=C(\C)CC)O/N=C(\C)CC,3.7672635579412868,tox21
CC/C=C\C/C=C\C/C=C\CCCCCCCC(=O)O,4.077164329604416,tox21
CC/C=C\C/C=C\C/C=C\CCCCCCCC(=O)OC,3.8232520113632606,tox21
CC/C=C\C/C=C\C/C=C\CCCCCCCC(=O)OCC,3.7373582992540717,tox21
CC1(C(=O)N2CC(C(C)(F)F)C2)CCN(c2ccc(Cl)cc2C#N)CC1,4.349090459992346,challenge
CC1(C(=O)Nc2ccc(O)c(Cl)c2Cl)CCCCC1,3.723251713511802,tox21
CC1(C)C(=O)N(Br)C(=O)N1Br,3.8478469271311786,tox21
CC1(C)C(=O)N(CCN2CCC(C(=O)c3ccc(F)cc3)CC2)c2ccccc21,5.396958734553992,ncgc;veith
CC1(C)C(=O)NC2=C1C(=O)C(=O)c1ccccc12,5.096953661274842,ncgc;veith
CC1(C)C(C=C(Cl)Cl)C1C(=O)OC(C#N)c1ccc(F)c(Oc2ccccc2)c1,4.223252007786247,tox21
CC1(C)C(C=C(Cl)Cl)C1C(=O)OCc1cccc(Oc2ccccc2)c1,4.099673144996639,tox21
CC1(C)C(CNC(=O)NCc2cccc3ccsc23)C1(F)F,1.9626765249923452,challenge
CC1(C)C(NCCNS(=O)(=O)c2ccccc2)[C@H]2CCC[C@H]21,6.3574987319923455,challenge
CC1(C)CC(=O)C(CCC(=O)c2ccccc2)C(C)(C)N1,5.542240874986129,veith
CC1(C)CC(=O)C2=C(C1)Nc1cc3c(cc1C2c1ccc(F)cc1)OCO3,4.642240772861618,veith
CC1(C)CC(=O)C2=C(C1)Oc1nc3ccccc3cc1C2C(C#N)C#N,6.442240306846953,veith
CC1(C)CC(C)(C(=O)NCc2ccccc2N2CCCC2)CN1,4.308425094992345,challenge
CC1(C)CC(C)(c2nc(-c3cccc(-n4ccnc4)n3)no2)CN1,5.262383872992346,challenge
CC1(C)CC(N)CC(C)(CN)C1,4.0165636125944655,tox21
CC1(C)CC(N=C=O)CC(C)(CN=C=O)C1,4.045258018670174,tox21
CC1(C)CC(NCc2ccc3c(c2)OCO3)CCO1,5.692241142242068,veith
CC1(C)CC(O)CC(C)(C)N1CC(O)COCCOc1ccc(Br)cc1,4.342240150210577,veith
CC1(C)CC/C(=C/c2ccc(Cl)cc2)C1(O)Cn1cncn1,4.625739440539731,tox21
CC1(C)CC2(CCO1)OC(=O)CC2C(=O)NCCc1ccccc1,4.142241126006169,veith
CC1(C)CCC(CCNC(=O)c2csc3cncn23)OC1,4.673697914992346,challenge
CC1(C)CCC(Cc2ccc(Cl)cc2)C1(O)Cn1cncn1,3.9732520511108227,tox21
CC1(C)CCC(NC(=O)CCc2cncs2)C(c2ccccc2)C1,5.459555919992345,challenge
CC1(C)CCC(NCC(C)(C)CCN(C[C@H]2Cc3ccccc3CN2)[C@H]2CCCc3cccnc32)CC1,5.072975868010055,pharmabench
CC1(C)CCC(NCc2ccc(CN(C[C@H]3Cc4ccccc4CN3)[C@H]3CCCc4cccnc43)cc2)CC1,6.007709136497464,pharmabench
CC1(C)CCC2=C(O1)c1ccccc1C(=O)C2=O,4.2969560175302135,ncgc;veith
CC1(C)CN(c2nc(-c3ccccn3)nc3sccc23)CCN1,5.322884997992346,challenge
CC1(C)CN(c2ncnc3cc(Br)sc23)C1c1ccncc1,4.443785452992346,challenge
CC1(C)CN2C(CS/C(=N\C3CCCCC3)NC3CCCCC3)=CSC2=N1,5.817268851132732,pharmabench
CC1(C)CN=C(NN=C(/C=C/c2ccc(C(F)(F)F)cc2)/C=C/c2ccc(C(F)(F)F)cc2)NC1,4.473252039336182,tox21
CC1(C)CO[C@H](CC(=O)O)CN1,7.697284986554896,ncgc;veith
CC1(C)Cc2c(sc3nc(SCC(=O)NCc4ccccc4)n(-c4ccccc4)c(=O)c23)CS1,4.942241381558047,veith
CC1(C)Cc2cccc(N)c2O1,3.7787413140641517,tox21
CC1(C)Cc2ccccc2C(N/N=C/c2cccc(F)c2)=N1.Cl,4.442240306846953,veith
CC1(C)Cc2ccccc2C(NNC(=O)c2ccncc2)=N1,4.592241033466911,veith
CC1(C)Cc2nnc(CCn3ccnc3)n2CC1c1ccccc1,4.563563464992345,challenge
CC1(C)N=C(N)N=C(N)N1CCCCc1ccccc1,4.9969534480296955,ncgc;veith
CC1(C)N=C(N)N=C(N)N1c1ccc(Cl)cc1,4.668834451992345,challenge
CC1(C)N=C(N)N=C(N)N1c1cccc(C(=O)Nc2ccc(S(=O)(=O)F)cc2)c1,5.196951293391612,ncgc;veith
CC1(C)N=C(N)N=C(N)N1c1cccc(CSc2ccccc2)c1,6.096945016706242,ncgc;veith
CC1(C)N=C(N)N=C(N)N1c1cccc(OCc2cccc(N)c2)c1,5.096953661274842,ncgc;veith
CC1(C)N=C(N)N=C(N)N1c1cccc(OCc2cccc([N+](=O)[O-])c2)c1,4.9969534480296955,ncgc;veith
CC1(C)NC(=O)N(c2ccc([N+](=O)[O-])c(C(F)(F)F)c2)C1=O,4.396953559925658,ncgc;veith
CC1(C)OC(=S)Nc2ccc(S(=O)(=O)N3c4ccccc4COc4cc(F)ccc43)cc21,4.806544985740959,pharmabench
CC1(C)OCC(CNC(=O)c2ccccc2SCC(=O)Nc2ccc3c(c2)OCO3)O1,4.437198147992346,challenge
CC1(C)O[C@@H]2C[C@H]3[C@@H]4CCC5=CC(=O)C=C[C@]5(C)[C@@]4(F)[C@@H](O)C[C@]3(C)[C@]2(C(=O)CO)O1,4.070424907966605,tox21
CC1(C)O[C@@H]2C[C@H]3[C@@H]4CCC5=CC(=O)C=C[C@]5(C)[C@H]4[C@@H](O)C[C@]3(C)[C@]2(C(=O)CO)O1,4.084417373518855,tox21
CC1(C)O[C@@H]2C[C@H]3[C@@H]4CCC5=CC(=O)CC[C@]5(C)[C@@]4(F)[C@@H](O)C[C@]3(C)[C@]2(C(=O)CCl)O1,4.134416852957513,tox21
CC1(C)O[C@@H]2[C@@H](CO[C@@]3(COS(N)(=O)=O)OC(C)(C)O[C@@H]23)O1,3.773251730425014,tox21
CC1(C)Oc2ccc(C#N)cc2[C@H](N2CCCC2=O)[C@H]1O,6.396941486272403,ncgc;veith
CC1(C)SC(=S)N(Cc2ccc3c(c2)OCO3)C1N(O)C(=O)NC1CCCCC1,5.142241126006169,veith
CC1(C)SC(=S)N(NC(=O)Nc2ccccc2)C1N(O)C(=O)Nc1ccccc1,4.092240288156335,veith
CC1(C)S[C@@H]2[C@H](NC(=O)COc3ccccc3)C(=O)N2[C@H]1C(=O)O.CC1(C)S[C@@H]2[C@H](NC(=O)COc3ccccc3)C(=O)N2[C@H]1C(=O)O.c1ccc(CNCCNCc2ccccc2)cc1,4.89695369244143,ncgc;veith
CC1(C)S[C@@H]2[C@H](NC(=O)[C@H](N)c3ccccc3)C(=O)N2[C@H]1C(=O)O,3.9732520511108227,tox21
CC1(C)S[C@@H]2[C@H](NC(=O)[C@H](N)c3ccccc3)C(=O)N2[C@H]1C(=O)O.O.O.O,3.926093454858928,tox21
CC1(C)[C@@H]2CC[C@@](C)(C2)[C@H]1OC(=O)c1ccccc1C(=O)O,6.901786308247618,ncgc
CC1(C)[C@@H]2CC[C@@]1(CS(=O)(=O)O)C(=O)C2.CN1[C@@H](c2ccccc2)CC(=NO)C[C@H]1c1ccccc1,5.096953661274842,ncgc;veith
CC1(C)[C@@H]2CC[C@]3(C2)[C@@H]1C(=O)CCC3(C)C,4.047533046055949,tox21
CC1(C)[C@H](/C=C2\CCSC2=O)[C@@H]1C(=O)OCc1coc(Cc2ccccc2)c1,4.023251954306619,tox21
CC1(C)[C@H](C(=O)O[C@H](C#N)c2cccc(Oc3ccccc3)c2)[C@@H]1/C=C(\Cl)C(F)(F)F,4.17498597618509,tox21
CC1(C2CC2)CN(C(=O)NCc2ccc(-c3ccncc3)cc2)CCO1,4.995445172992346,challenge
CC1(CC(=O)NCCNc2ccnc3cc(Cl)ccc23)CC2(CCCCC2)OO1,4.828264235434195,pharmabench
CC1(CC(=O)O)O[C@H]2CCCCC[C@H]2O1.NCc1ccccc1,5.001666312269612,ncgc
CC1(CCCO)CCCN1Cc1coc(-c2ccc(F)c(F)c2)n1,4.5778131169923455,challenge
CC1(CN2CCC(n3c(=O)[nH]c4ccccc43)CC2)OCc2ccccc2-n2cccc21,5.234419181965621,tox21
CC1(CO)CN(c2ccccc2)NC1=O,4.073252490208837,tox21
CC1(Cc2ccc(C(F)F)cc2)CCCN1Cc1nnc2cccnn12,5.311030206992346,challenge
CC1(Cc2ccc(F)cc2)CCCN1C(=O)COc1cccnc1,5.125374544992345,challenge
CC1(Cc2cccc(Br)c2)CCCN1c1ccnc(C#N)n1,4.529712539992346,challenge
CC1(Cc2ccccc2)CN(C(=O)Nc2ccc3c(c2)CNCCO3)C1,4.655220684992345,challenge
CC1(N)CCC(C(C)(C)N)CC1,4.622899009692584,tox21
CC1(NC(=O)c2cccc(Nc3nccs3)c2)CC(F)(F)C1,2.0451510219923454,challenge
CC1(NC[C@@H](O)COc2cccc3[nH]ccc23)CCC(C(C)(C)NC(=O)CBr)CC1,5.4016781467766215,ncgc
CC1(O)C(=O)C=C2C=C3CCCN3C=C2C1=O,4.601668415167836,ncgc
CC1(O)CCCN(CCCOc2ccc3ccccc3c2)C1,4.397598206992345,challenge
CC1(c2ccc3[nH]ccc3c2)CCNC1,4.479809589842076,pharmabench
CC1(c2ccccc2)CCCN(C(=O)NCCc2ccc3nccnc3c2)C1,4.419328842460694,pharmabench
CC1(c2ccccc2)CCCN(C(=O)c2ccc(-c3nnn[nH]3)cn2)CC1,4.8525149399923455,challenge
CC12C=C(/C=C/C=C/c3ccccc3)C(C)(C1)C(/C=C/c1ccccc1)CC2=O,5.001666312269612,ncgc
CC12C=C(/C=C/CCc3ccco3)C(C)(C1)C(CCc1ccco1)CC2=O,4.701667552503337,ncgc
CC12C=C(/C=C/c3ccc(Br)cc3)C(C)(C1)C(c1ccc(Br)cc1)CC2=O,4.601668415167836,ncgc
CC12C=C(/C=C/c3ccc(C(F)(F)F)cc3)C(C)(C1)C(c1ccc(C(F)(F)F)cc1)CC2=O,4.701667552503337,ncgc
CC12C=C(/C=C/c3ccccc3)C(C)(C1)C(c1ccccc1)CC2=O,5.001666312269612,ncgc
CC12CC(CN1C(=O)NCc1ccccc1-c1ccc(Cn3cccn3)cc1)C2,4.434372136992346,challenge
CC12CC(NC(=O)N1c1cccc(C(=O)NCc3ccccc3)c1)c1ccccc1O2,4.04224135682174,veith
CC12CC3CC(C)(C1)CC(N)(C3)C2,4.3344172940778565,tox21
CC12COC3(C(=O)Nc4nccs4)CC1CCC32C,4.342240150210577,veith
CC1=C(/C=C/C(C)=C/C=C/C(C)=C/C(=O)Nc2ccc(O)cc2)C(C)(C)CCC1,4.384416994074168,tox21
CC1=C(/C=C/C(C)=C/C=C/C(C)=C/C=O)C(C)(C)CCC1,3.9753822304266384,tox21
CC1=C(/C=C/C(C)=C/C=C/C(C)=C/CO)C(C)(C)CCC1,3.707560256257657,tox21
CC1=C(/C=C\C(C)=C\C=C/C(C)=C/C(=O)O)C(C)(C)CCC1,5.196951293391612,ncgc;veith
CC1=C(Br)C(=O)C(C)=C(Br)C1=O.Cc1c(O)c(Br)c(C)c(O)c1Br,4.89695369244143,ncgc;veith
CC1=C(C(=O)Nc2cc3cn[nH]c3cc2F)C(c2ccc(Cl)cc2F)N=C(c2ccnc(Cl)c2)N1,4.703325498825895,pharmabench
CC1=C(C(=O)Nc2ccc3[nH]ncc3c2)C(c2ccc(Cl)cc2F)N=C(c2ccnc(Cl)c2)N1,4.663453986788203,pharmabench
CC1=C(C(=O)Nc2ccc3[nH]ncc3c2)C(c2ccc(F)cc2)N=C(c2ccccc2)N1,6.465086333021369,pharmabench
CC1=C(C(=O)O)N2C(=O)[C@@H](NC(=O)[C@@H](N)C3=CCC=CC3)[C@@H]2SC1,4.301670255124509,ncgc
CC1=C(C(=O)OC(C)C)C(c2cccc([N+](=O)[O-])c2)C(C(=O)OC2CN(C(c3ccccc3)c3ccccc3)C2)=C(N)N1,4.452973354940334,tox21
CC1=C(C(=O)OCc2ccccc2)C(c2ccc([N+](=O)[O-])cc2)NC(=O)N1CCCCCC(=O)O,4.201669884204322,ncgc
CC1=C(C(=O)OCc2ccccc2)C(c2ccc3ccccc3c2)NC(=O)N1CCCCCC(=O)O,3.9016695663778864,ncgc
CC1=C(C(=O)OCc2ccccc2)C(c2ccccc2)NC(=O)N1CCCCCC(=O)O,3.9016695663778864,ncgc
CC1=C(C)C(=O)C(CCCCC#CCCCC#CCO)=C(C)C1=O,4.043043216248613,ncgc;tox21
CC1=C(CC(=O)O)c2cc(F)ccc2/C1=C\c1ccc(S(C)(=O)=O)cc1,4.284417077493321,tox21
CC1=C(CC(=O)O)c2cc(F)ccc2/C1=C\c1ccc(S(C)=O)cc1,4.028834462573243,tox21
CC1=C/C(=C(/c2ccc(O)c(C)c2)c2ccccc2C(=O)O)C=CC1=O,5.296954647425311,ncgc;veith
CC1=C2[C@@H]([C@H](C)CC[C@H]2/C=C(\C)C(=O)O)[C@H](O)C1,3.827521024595188,tox21
CC1=CC(=C(c2ccc(N)cc2)c2ccc(N)cc2)C=CC1=N.Cl,5.068518413126268,tox21
CC1=CC(=O)N(c2cccc(C(F)(F)F)c2)C1c1ccc(Cl)cc1,5.092240288156335,veith
CC1=CC(=O)c2ccccc2C1=O,4.407581464566192,ncgc;tox21;veith
CC1=CC(C)(C)Nc2ccc(CSc3ccccc3)cc21,5.69694058165962,ncgc;veith
CC1=CC(C)(C)Nc2ccccc21,4.084352727751265,tox21
CC1=CCC(C(C)(C)O)CC1,3.923251608931447,tox21
CC1=CCC(C(C)C)C=C1,3.723251713511802,tox21
CC1=CCC2CC1C2(C)C,4.473252039336182,tox21
CC1=CC[C@H](C(C)C)C=C1,3.773251730425014,tox21
CC1=C[C@@H]2c3cccc4[nH]cc(c34)C[C@H]2N(C)C1,5.201661177767493,ncgc
CC1=NC(C)(C)Cc2ccccc21.O=C(O)c1ccccc1O,4.342240150210577,veith
CC1=NC(C)OC1C,3.9732520511108227,tox21
CC1=NCC[N@@+]1(CCc1ccccc1)Cc1ccccc1,6.797036381016095,ncgc;veith
CC1=NCCc2c1[nH]c1cc(O)ccc21,4.00166905897837,ncgc
CC1=NCCc2c1[nH]c1cc(O)ccc21.Cl.O.O,4.596954724317373,ncgc;veith
CC1=NN(C(=O)c2ccncc2)C(=O)[C@@H]1N=Nc1ccc2ccccc2c1,4.9969534480296955,ncgc;veith
CC1=NN(c2ccc(Br)cc2)C(=O)/C1=C/c1cccs1,4.292241779935917,veith
CC1=NN(c2ccccc2)C(=O)C1,4.046838431136612,tox21
CC1=NN(c2ccccc2)C(=O)[C@@H]1N=Nc1ccc([As](=O)(O)O)c(O)c1,4.701667552503337,ncgc
CC1=NN=C(c2ccc(N)cc2)c2cc3c(cc2C1)OCO3,4.071954599658991,ncgc;veith
CC1=NOC(=O)/C1=C\c1ccc(-c2ccc(Cl)cc2Cl)o1,4.342240150210577,veith
CC1=NS(=O)(=O)c2cc(Cl)ccc2N1,4.596954724317373,ncgc;veith
CC1=Nc2ccc3ccccc3c2C1(C)C,3.773251730425014,tox21
CC1=c2c(oc3cc(O)c(Nc4c(C)cc(O)cc4O)c(C)c23)=CC(=O)C1=Nc1c(C)cc(O)cc1O,5.096953661274842,ncgc;veith
CC1C(=NO)C(C)C(c2ccc(N(C)C)cc2)NC1c1ccc(N(C)C)cc1,5.942241381558047,veith
CC1C(=O)C[C@]2(C(C)C)C[C@H]12,4.036853848825707,tox21
CC1C2C=C(C=C3c4ccccc4CCc4ccccc43)CC1CC2,6.097109547726775,pharmabench
CC1CC(=O)NN=C1c1ccc(NCC(C)(C)NCC(O)COc2cc(Cl)ccc2C#N)cc1,4.834419399908713,tox21
CC1CC(C(=O)Nc2nc3ccc(Br)cc3s2)CC(C)(C)C1,5.215208859804769,pharmabench
CC1CC(C(=O)Nc2nc3ccc(Cl)cc3s2)CC(C)(C)C1,6.118298846796713,pharmabench
CC1CC(C)CN(C(=O)CNS(=O)(=O)c2ccc(Br)s2)C1,4.992240583789779,veith
CC1CC(C)CN(C/C=C/c2ccccc2[N+](=O)[O-])C1,5.692241142242068,veith
CC1CC(C)CN(Cc2nc(N)nc(Nc3ccccc3)n2)C1,4.742241156276297,veith
CC1CC(CC2CCC(N)C(C)C2)CCC1N,4.466214603543688,tox21
CC1CC(OC(=O)C(O)c2ccccc2)CC(C)(C)N1C.Cl,4.384416994074168,tox21
CC1CC(OC(=O)c2ccccc2O)CC(C)(C)C1,4.073252490208837,tox21
CC1CC(c2cccnc2)N(c2nc(-c3ccncc3)nc3ccccc23)C1,4.918849256992345,challenge
CC1CC/C(=C\c2ccc3c(c2)OCO3)C(=O)/C1=C/c1ccc2c(c1)OCO2,5.092240288156335,veith
CC1CC2(CCCCC2)N2C(=O)C(=O)c3cccc1c32,4.592241033466911,veith
CC1CC2CCC(C(=O)NCc3nc(C(C)C)cs3)CN2C1,4.4359233649923455,challenge
CC1CCC(=C(C#N)C(=O)Nc2cccc(Cl)c2)CC1,4.242240761051421,veith
CC1CCC(C(C)C)C(OC(=O)c2ccccc2N)C1,3.8293099617769366,tox21
CC1CCC(C(C)C)C(OCC(O)CN2CCN(Cc3ccccc3)CC2)C1.Cl,6.442240306846953,veith
CC1CCC(C)N(CC(=O)NCc2ccc(C#N)cc2)C1,4.4306214119923455,challenge
CC1CCC(N(C)C(=O)CN2CCN(c3ccc(F)cn3)CC2)CC1,5.765065499992346,challenge
CC1CCC(Oc2nccc(N3CCNC(C)(C)C3)n2)CC1,4.766470409992346,challenge
CC1CCC2(CC1)N=C(N)Nc1nc3ccccc3n12,5.04224135682174,veith
CC1CCC2C(=O)N3C(CCC(C)[C@H]3c3ccccc3Br)C(=O)N2C1c1ccccc1Br,5.001666312269612,ncgc
CC1CCC2C(=O)N3CCCC3C(=O)N2C1c1ccc(Br)cc1,7.899609388993343,ncgc
CC1CCC2C(=O)OC(CN3C(=O)c4ccccc4C3=O)CN2C1c1ccc(Br)cc1,5.001666312269612,ncgc
CC1CCC2C(=O)OC(CN=[N+]=[N-])CN2C1c1ccc(Br)cc1,4.951666302981589,ncgc
CC1CCC2C(=O)OC(Cc3ccccc3)CN2C1c1ccc(Br)cc1,4.901666293693565,ncgc
CC1CCC2CC1C2(C)C,4.240174687275046,tox21
CC1CCCC(C)N1CC(O)COCC1COc2ccccc2O1.Cl,5.242240761051421,veith
CC1CCCC(C)N1CCNC(=O)Cn1nc(-c2ccccc2)ccc1=O,4.142241126006169,veith
CC1CCCC(c2nc(-c3cccc(Cn4ccnc4)c3)no2)C1,6.663492207992346,challenge
CC1CCCC1CC(=O)NCCC(O)(c1ncco1)C(F)(F)F,4.370195024992346,challenge
CC1CCCCC1CC(=O)NCc1nc2cnccc2s1,5.589666424992346,challenge
CC1CCCCN1CCCCNc1ncnc2cccnc12,5.851700247992346,challenge
CC1CCCCN1CCCOC(=O)c1ccc(OC2CCCCC2)cc1,4.43441675507263,tox21
CC1CCCCN1CCNC(=O)C1CCCN(C(=O)Nc2ccccc2)C1,4.402841179992346,challenge
CC1CCCCN1c1nc(-c2ccncc2)nc2ccccc12,4.592241033466911,veith
CC1CCCN(C(=O)CCNc2ccnc3cc(F)ccc23)C1,4.560375049992346,challenge
CC1CCCN(C(=O)c2sc3cc([N+](=O)[O-])ccc3c2Cl)C1,4.492240905132714,veith
CC1CCCN(C(C(=O)Nc2ccc3c(c2)OCCO3)c2ccccc2)C1,5.342240150210578,veith
CC1CCCN(C/C=C/c2ccccc2[N+](=O)[O-])C1,5.492240905132714,veith
CC1CCCN(CC(C)NC(=O)NCc2ccnc(-n3cccn3)c2)C1,4.1791937949923454,challenge
CC1CCCN(CC(O)COCC2COc3ccccc3O2)C1.Cl,5.092240288156335,veith
CC1CCCN(CCCNC(=O)C2CC(=O)N(c3ccc(F)c(Cl)c3)C2)C1,4.292241779935917,veith
CC1CCCNC1,3.9821847932894707,tox21
CC1CCN(C(=O)NCC2CCN(c3ccccc3Cl)C2)CC1,4.539483524992345,challenge
CC1CCN(C(=O)[C@@H](O)Cc2ccccc2)CC1n1ccnc1,4.350240909992346,challenge
CC1CCN(C2CCN(S(=O)(=O)c3ccc(F)cc3)CC2)CC1.O=C(O)C(=O)O,6.192241409015731,veith
CC1CCN(CC(=O)N2c3ccccc3Sc3cc4ccccc4cc32)CC1,4.89695369244143,ncgc;veith
CC1CCN(CC(=O)Nc2cccc([N+](=O)[O-])c2)CC1,4.742241156276297,veith
CC1CCN(CC(C)CNC(=O)c2cc(-c3ccccn3)nc3ccccc23)CC1,4.492240905132714,veith
CC1CCN(CCCC(=O)c2ccc(F)cc2)CC1,5.939793996100791,challenge;tox21
CC1CCN(CCCCOc2ccccc2[N+](=O)[O-])CC1.O=C(O)C(=O)O,6.092240288156335,veith
CC1CCN(CCCNC(=O)c2n[nH]c(=O)c3ccccc23)CC1,4.3922393223313625,veith
CC1CCN(CCCn2c(=S)[nH]c3ccc(N4CCOCC4)cc3c2=O)CC1,4.142241126006169,veith
CC1CCN(CCOc2cc(Cl)ccc2Cl)CC1,5.842240508595863,veith
CC1CCN(CC[C@@H]2CCCN2S(=O)(=O)c2cccc(O)c2)CC1,4.2969560175302135,ncgc;veith
CC1CCN(CC[C@H]2CCCN2S(=O)(=O)c2cccc(O)c2)CC1,4.601668415167836,ncgc
CC1CCN(Cc2nc3c(cnn3-c3ccccc3)c(=O)[nH]2)CC1CO,4.957006014992346,challenge
CC1CCN(c2ccccc2NC(=S)NC(=O)c2cccs2)CC1,6.192241409015731,veith
CC1CCNC(C(=O)NC(C)c2noc(-c3ccc(Cl)cc3)n2)C1,4.531852069992346,challenge
CC1CCc2c(C(=O)NCCN3CCOCC3)csc2C1,5.04224135682174,veith
CC1CCc2cc(F)ccc2N1C(=O)CSc1nnc2c(n1)[nH]c1ccc(F)cc12,4.342240150210577,veith
CC1CCc2n[nH]cc2C1c1nc(C2COc3ccccc3O2)no1,4.435396279992346,challenge
CC1CN(C(=O)C2CCc3nncn3C2)c2ccccc2O1,4.663059174992346,challenge
CC1CN(C(=O)Cc2c[nH]c3ncccc23)c2ccccc2O1,5.033517507992346,challenge
CC1CN(C(=O)NCC2CCOc3ccccc32)Cc2ccccc2O1,4.514269054992345,challenge
CC1CN(C(=O)c2cc(C(F)F)ncn2)CCN1c1ccncc1,4.432727114992345,challenge
CC1CN(C(=O)c2cccc(-c3c(F)cccc3F)c2)CCN1c1nccn2cnnc12,4.333920347992346,challenge
CC1CN(C2CCN(C(=O)c3cccc(Cl)c3)CC2)CC(C)O1,5.542240874986129,veith
CC1CN(CCCNC(=O)c2ccc(F)c(C#N)c2)CC(C)O1,4.497099884992346,challenge
CC1CN(Cc2cn(C)nc2-c2ccc(C#N)cc2)C1c1ccccc1,5.435231519992346,challenge
CC1CN(c2cccc3cnccc23)CCN1C(=O)[C@H]1CCCCN1,6.245797692992346,challenge
CC1CN(c2ccccc2)NC1=O,4.073252490208837,tox21
CC1CN1P(=O)(N1CC1C)N1CC1C,3.8232520113632606,tox21
CC1CN=C(Nc2cccc3ccccc23)S1,4.442240306846953,veith
CC1CNCC(Cn2cc(-c3cccc(NCc4cccs4)c3)nn2)C1,4.303172357992346,challenge
CC1COC(Cn2cncn2)(c2ccc(Oc3ccc(Cl)cc3)cc2Cl)O1,4.073252490208837,tox21
CC1COC2(c3ccccc3Cl)c3cc(Cl)ccc3NC(=O)CN12,4.491671721598625,tox21
CC1COc2ccccc2CN1C(=O)c1ccnc(-n2ccnc2)c1,6.077275614992345,challenge
CC1COc2ccccc2N1C(=O)C(Cl)Cl,3.7739607906501433,tox21
CC1Cc2c(-c3ccccc3)nc3c(c2CO1)CN(CCOc1ccccc1)CC3,4.801666983179052,ncgc
CC1Cc2cc(C[C@@H](C)NC(=O)CC3CNC4(CCC4)CO3)ccc2O1,5.278456784992346,challenge
CC1Cc2cc(S(=O)(=O)Nc3ccc4nc(C5CC5)oc4c3)ccc2O1,3.8948269829923454,challenge
CC1Cc2ccccc2N1Cc1ccoc1C(=O)Nc1ccncc1,5.3137673799923455,challenge
CC1Cc2ccccc2N1NC(=O)c1ccc(Cl)c(S(N)(=O)=O)c1,3.9732520511108227,tox21
CC1NCCOC1c1ccccc1.Cl,4.291670976119788,tox21
CC1Oc2ccccc2N(CC(=O)NCc2ccc(-n3ccnc3)nc2)C1=O,5.634777254992346,challenge
CC1c2[nH]c3ccccc3c2CCN1C(=O)c1ccc2c(c1)C(=O)N(Cc1ccncc1)C2=O,5.550957414992346,challenge
CC1c2cn[nH]c2CCC1C(=O)OCC1CC2(CCC2)C1,4.278079844992345,challenge
CC=O,4.753437272184353,tox21
CCBr,3.96656334779939,tox21
CCC(=O)C(CC(C)N(C)C)(c1ccccc1)c1ccccc1.Cl,5.390576501570088,tox21
CCC(=O)C(CCN(C)C)(c1ccccc1)c1ccccc1,4.834419399908713,tox21
CCC(=O)N(c1ccc(F)cc1)C1CCN(CCc2ccccc2)CC1,5.968758874660604,tox21
CCC(=O)N(c1ccccc1)C1(COC)CCN(CCc2cccs2)CC1.O=C(O)CC(O)(CC(=O)O)C(=O)O,5.423262506617541,tox21
CCC(=O)N(c1ccccc1)C1CCN(C(C)Cc2cccs2)CC1.Cl,6.166656368641887,tox21
CCC(=O)N(c1ccccc1)C1CCN(CC(O)c2ccccc2)CC1.Cl,5.423599965702858,tox21
CCC(=O)N(c1ccccc1)C1CCN(CCc2ccc(N=C=S)cc2)CC1,4.596954724317373,ncgc;veith
CCC(=O)N(c1ccccc1)C1CCN(CCc2cccs2)CC1.Cl,5.721053991665888,tox21
CCC(=O)N(c1ccccc1)C1CCN(Cc2ccccc2)CC1.Cl,5.311841089555292,tox21
CCC(=O)N(c1ccccc1)C1CCN(Cc2cccs2)CC1.Cl,5.469763436232896,tox21
CCC(=O)N(c1ccccc1)C1CCNCC1,4.884412652001449,tox21
CCC(=O)N(c1ccccc1)[C@H]1CCN(CCc2ccccc2)C[C@H]1C.Cl,5.57006572288558,tox21
CCC(=O)N(c1ccccc1)[C@H]1CCN(CCc2cccs2)C[C@H]1C.Cl,6.087673320685737,tox21
CCC(=O)N1CC[C@@H](CN2CCC[C@@H](Cc3ccc(F)cc3)C2)[C@H](NC(=O)Nc2nc(C)c(C(C)=O)s2)C1,5.243237583405013,pharmabench
CCC(=O)N1CC[C@@H](NC(=O)Nc2nc(C)c(C(C)=O)s2)[C@H](CN2CCC[C@@H](Cc3ccc(F)cc3)C2)C1,6.273200806782456,pharmabench
CCC(=O)N1CC[C@H](N(Cc2cc(Cl)ccc2Cl)c2ccc(C#N)c(Cl)c2)C1,4.305385490153857,pharmabench
CCC(=O)N1CC[C@H](N(Cc2cc(F)ccc2C)c2ccc(C#N)c(Cl)c2)C1,4.215208859804769,pharmabench
CCC(=O)N1CC[C@H](N(Cc2ccccc2Br)c2ccc(C#N)c(Cl)c2)C1,4.544267579068994,pharmabench
CCC(=O)N1CC[C@H](N(Cc2ccccc2C(F)(F)F)c2ccc(C#N)c(Cl)c2)C1,4.419328842460694,pharmabench
CCC(=O)N1CC[C@H](N(Cc2ccccc2C)c2ccc(C#N)c(Cl)c2)C1,4.118298846796713,pharmabench
CCC(=O)NC(C(=O)N1CC=C(c2cccs2)CC1)c1ccccc1,4.248291596992345,challenge
CCC(=O)NCc1c(Cl)cccc1-n1cccc1,4.292241779935917,veith
CCC(=O)Nc1ccc(C(=O)OCC(=O)c2ccc(C)c([N+](=O)[O-])c2)cc1,3.9422413815580466,veith
CCC(=O)Nc1ccc(Cl)c(Cl)c1,4.014469704133808,tox21
CCC(=O)Nc1ccc2c(c1)C(=O)c1ccccc1C2=O,4.642240772861618,veith
CCC(=O)Nc1cccc(-c2nnc(-c3cccc(NC(=O)CC)c3)o2)c1,4.242240761051421,veith
CCC(=O)O.CCC(=O)O.O=C(Nc1cccc(C2=NCCN2)c1)Nc1cccc(C2=NCCN2)c1,4.3456531882920855,tox21
CCC(=O)OC(=O)CC,3.776450274737501,tox21
CCC(=O)OC(C)(C)C1CC=C(C)CC1,3.9732520511108227,tox21
CCC(=O)OC1(c2ccccc2)CCN(C)CC1.Cl,4.000922518506855,tox21
CCC(=O)OCCC(C)CCC=C(C)C,3.8805058863155573,tox21
CCC(=O)O[C@@](Cc1ccccc1)(c1ccccc1)[C@@H](C)CN(C)C.O=S(=O)(O)c1ccc2ccccc2c1,4.596954724317373,ncgc;veith
CCC(=O)O[C@@]1(C(=O)CCl)[C@@H](C)C[C@@H]2[C@H]3CCC4=CC(=O)C=C[C@@]4(C)[C@]3(F)[C@@H](O)C[C@@]21C,4.4969551427270105,ncgc;veith
CCC(=O)O[C@H]1CC[C@H]2[C@@H]3CCC4=CC(=O)CC[C@]4(C)[C@H]3CC[C@]12C,4.023251954306619,tox21
CCC(=O)O[C@H]1[C@H](O[C@@H]2[C@@H](C)[C@H](O[C@H]3C[C@@](C)(OC)[C@@H](O)[C@H](C)O3)[C@@H](C)C(=O)O[C@H](CC)[C@@](C)(O)[C@H](O)[C@@H](C)C(=O)[C@H](C)C[C@@]2(C)O)O[C@H](C)C[C@@H]1N(C)C.CCCCCCCCCCCCOS(=O)(=O)O,4.090255311959888,tox21
CCC(=O)O[C@]1(C(=O)CCl)[C@@H](C)C[C@H]2[C@@H]3CCC4=CC(=O)C=C[C@]4(C)[C@@]3(F)[C@@H](O)C[C@@]21C,4.384416994074168,tox21
CCC(=O)O[C@]1(C(=O)COC)[C@@H](C)C[C@H]2[C@@H]3CCC4=CC(=O)C=C[C@]4(C)C3(F)[C@@H](O)C[C@@]21C,4.384416994074168,tox21
CCC(=O)[C@]12O[C@@]3(C4C(=O)OCCC41)N(Cc1ccccc1)C(C)=C(C(=O)OC)C(c1ccccc1)N3C2=O,4.801666983179052,ncgc
CCC(=O)c1c(O)cc(O)cc1O,4.084417373518855,tox21
CCC(=O)c1ccc(OCC(O)CN(CCc2ccccc2)Cc2ccccc2)cc1.Cl,5.492240905132714,veith
CCC(=O)c1ccc2c(c1)N(CCCN(C)C)c1ccccc1S2,5.196951293391612,ncgc;veith
CCC(=O)c1ccc2c(c1)N(CCCN(C)C)c1ccccc1S2.Cl,5.534418069800762,tox21
CCC(Br)(CC)C(=O)NC(N)=O,3.7787413140641517,tox21
CCC(C(=O)NC(C)(C)C)N(C(=O)Cn1nnc(-c2ccccc2F)n1)c1cccc2c1CCCC2,4.3922393223313625,veith
CCC(C(=O)OCCN(CC)CC)c1ccccc1,5.084414562633206,tox21
CCC(C(=O)OCCN1CCOC(c2ccccc2)C1C)c1ccccc1,4.834419399908713,tox21
CCC(C(=O)OCCOCCN(CC)CC)c1ccccc1.O=C(O)CC(O)(CC(=O)O)C(=O)O,4.43441675507263,tox21
CCC(C)(C(=O)NC1CCCCC1)N(Cc1ccco1)C(=O)Cc1cccs1,4.142241126006169,veith
CCC(C)(C)C(=O)O[C@H]1C[C@@H](C)C=C2C=C[C@H](C)[C@H](CC[C@@H]3C[C@@H](O)CC(=O)O3)[C@H]21,4.073252490208837,tox21
CCC(C)(C)C1CCC(OC)CC1,4.097533015219135,tox21
CCC(C)(C)N=C(NC#N)Nc1cccnc1,3.9016695663778864,ncgc
CCC(C)(C)OC,4.021210068812028,tox21
CCC(C)(C)c1cc(-n2nc3ccccc3n2)c(O)c(C(C)(C)CC)c1,4.066563595953827,tox21
CCC(C)(C)c1ccc(CC(C)CN2C[C@@H](C)O[C@@H](C)C2)cc1,4.734419094663767,tox21
CCC(C)(C)c1ccc(O)c(C(C)(C)CC)c1,4.025564850567604,tox21
CCC(C)(C)n1nnnc1C(C(C)C)N(Cc1ccco1)Cc1cc2cc3c(cc2[nH]c1=O)OCO3,4.342240150210577,veith
CCC(C)(CCC(C)C)C(=O)O,4.023251954306619,tox21
CCC(C)(CN(C)C)OC(=O)c1ccccc1.Cl,4.43441675507263,tox21
CCC(C)(NC(=O)c1cc(Cl)c(C)c(Cl)c1)C(=O)CCl,4.0204252248318,tox21
CCC(C)(O)CCCC(C)C,4.04039273844513,tox21
CCC(C)C(C(=O)OCC[N+](C)(CC)CC)c1ccccc1,6.024002449391343,pharmabench
CCC(C)C(C)=O,3.7832672287258413,tox21
CCC(C)C(NC(=O)OCc1ccccc1)C(=O)OCN1C(=O)c2ccccc2C1=O,5.692241142242068,veith
CCC(C)C1N=C(C)C(C)S1,3.9732520511108227,tox21
CCC(C)N1C(=O)S/C(=C/c2ccc(Sc3nc4ccccc4[nH]3)o2)C1=O,4.892241091189295,veith
CCC(C)NC(=O)Cn1cnc2sc(C)cc2c1=O,4.092240288156335,veith
CCC(C)NC(=O)c1ccc(NC(=O)Nc2ccn(Cc3ccccc3C)n2)cc1,4.355014434992346,challenge
CCC(C)NC(N)=O,4.023251954306619,tox21
CCC(C)NCc1ccc(C(=O)OC)o1.Cl,4.342240150210577,veith
CCC(C)OC(=O)c1ccc(O)cc1,3.9718384168816234,tox21
CCC(C)SSC(C)CC,4.073252490208837,tox21
CCC(C)c1cc(C(C)(C)C)c(O)c(C(C)(C)C)c1,4.031464617603892,tox21
CCC(C)c1ccc(Nc2ncccc2C#N)cc1,4.04224135682174,veith
CCC(CC(=O)NCc1cncc(C(=O)OC)c1)c1ccccc1,4.995725924992346,challenge
CCC(CC)(CNC(=O)CCCO)c1cccc(OC)c1,4.084417373518855,tox21
CCC(CC)C(=O)Nc1ccc(C)c(O)c1,4.242240761051421,veith
CCC(CC1CCCC1)c1nc(-c2ccncc2OC)no1,4.343583404992346,challenge
CCC(CCNC)Oc1cc(Cl)ccc1C#N,5.817268851132732,pharmabench
CCC(CN)=C(c1ccccc1)c1ccccc1.Cl,4.9344127982132715,tox21
CCC(CO)NCc1ccc(-c2cccc(C(F)(F)F)c2)o1,6.787385309992346,challenge
CCC(COC(=O)c1cc(OC)c(OC)c(OC)c1)(c1ccccc1)N(C)C.O=C(O)/C=C\C(=O)O,5.73440653898988,tox21
CCC(Cc1c(I)cc(I)c(N)c1I)C(=O)O,4.134416852957513,tox21
CCC(Cc1ccc(C)cc1)NC(=O)NC(c1cccc(C(F)(F)F)c1)c1nnc[nH]1,2.5499343499923453,challenge
CCC(Cc1ccccc1)(C(=O)c1ccc(N2CCOCC2)cc1)N(C)C,4.723251101656649,tox21
CCC(Cl)C(Cl)C(Cl)CC(Cl)C(Cl)C(C)Cl,4.073252490208837,tox21
CCC(Cl)[N+](=O)[O-],3.7572046302618265,tox21
CCC(NC(=O)C1(C)CC1(Br)Br)c1ccc(C)cc1,4.592241033466911,veith
CCC(NC(CO)Cc1ccc(F)cc1)c1ccccc1F,5.951296439992346,challenge
CCC(NCCCC[C@@H](C[C@@H](OC)c1ccc(F)cc1)C(=O)NO)c1ccc(F)cc1,6.215208859804769,pharmabench
CCC(N[C@H]1c2ccccc2OC[C@H]1CO)c1ccc(F)cc1F,6.640076079992346,challenge
CCC(O)OC(O)CC,3.906551852750881,tox21
CCC(O)OCC(C)OC(O)CC,3.8218370018744876,tox21
CCC(OC(C)=O)C(C[C@H](C)NC)(c1ccccc1)c1ccccc1.Cl,4.419443012160741,tox21
CCC(Sc1nc(=O)cc(N)n1CCc1ccccc1)C(=O)Nc1ccccc1C#N,4.292241779935917,veith
CCC(Sc1nc2cc3c(cc2c(=O)n1Cc1ccco1)OCO3)C(=O)Nc1cccc(OC)c1,4.992240583789779,veith
CCC(Sc1nc2cc3c(cc2c(=O)n1Cc1ccco1)OCO3)C(=O)Nc1ccccc1OC,4.792241107578132,veith
CCC(c1ccncc1)N(CC)C(=O)CCCN1C(=O)c2ccccc2C1=O,4.545668954992346,challenge
CCC/C(=N\OCC)C1=C(O)CC(CC(C)SCC)CC1=O,4.570427068579675,tox21
CCC/C=C(\CCC)C(NC(=O)Cc1ccccc1)c1ccc(C(=O)OC)cc1,4.796954045378592,ncgc;veith
CCC/C=C(\CCC)C(NC(=O)c1ccc(C(=O)OC)cc1)c1ccc(C(=O)OC)cc1,4.101668763344926,ncgc
CCC/C=C(\CCC)C(NC(=O)c1ccc(C(F)(F)F)cc1)c1ccccc1,4.596954724317373,ncgc;veith
CCC/C=C(\CCC)C(NC(=O)c1ccco1)c1ccc(C(=O)OC)cc1,4.196955646610027,ncgc;veith
CCC/C=C(\CCC)C(NP(=O)(c1ccccc1)c1ccccc1)c1ccccc1,3.9016695663778864,ncgc
CCC/C=C(\CCC)C(NS(=O)(=O)CC12CCC(CC1=O)C2(C)C)c1ccc(C(=O)OC)cc1,4.796954045378592,ncgc;veith
CCC/C=C(\CCC)C(NS(=O)(=O)c1ccc(-c2ccccc2)cc1)c1ccc(C(=O)OC)cc1,3.9016695663778864,ncgc
CCC/C=C(\CCC)C(NS(=O)(=O)c1ccc(C(F)(F)F)cc1)c1ccccc1,4.201669884204322,ncgc
CCC/C=C(\CCC)C(NS(=O)(=O)c1ccc(Cl)cc1)c1ccccc1,4.196955646610027,ncgc;veith
CCC/C=C(\CCC)C(NS(=O)(=O)c1ccccc1)c1ccc(C(F)(F)F)cc1,4.596954724317373,ncgc;veith
CCC/C=C(\CCC)C(NS(=O)(=O)c1cccs1)c1ccc(C(=O)OC)cc1,4.696954347372703,ncgc;veith
CCC/C=C(\CCC)C(NS(C)(=O)=O)c1ccccc1,3.9016695663778864,ncgc
CCC1(C(=O)NCc2ccc3occc3c2)CCN(C(=O)c2ccccc2)CC1,4.484070132992346,challenge
CCC1(C)CN(C(=O)NC[C@]23CNC[C@@]2(C(F)(F)F)C3)C1,4.507952489992346,challenge
CCC1(C)Cc2c(sc3nnn(CC(=O)Nc4cccc5ccccc45)c(=O)c23)CO1,4.292241779935917,veith
CCC1(C)OC(=O)N(C)C1=O,4.356363404992345,challenge
CCC1(C2=NCCN2)Cc2ccccc2O1,4.384416994074168,tox21
CCC1(CC)CNC(=O)C1NC(=O)c1cc(-c2ccncc2)nn1C,4.340274396992346,challenge
CCC1(c2cccc(O)c2)CCCCN(C)C1.Cl,4.384416994074168,tox21
CCC1(c2ccccc2)C(=O)NC(=O)NC1=O,4.313771987965314,tox21
CCC1(c2cnc[nH]2)Cc2ccccc2C1,5.634418806116886,tox21
CCC12C=CCN3CCC4(c5cc(Br)c(OC)cc5N(C)C4C(O)(C(=O)OC)C1OC(C)=O)C32,5.092240288156335,veith
CCC1=C(C[C@H]2NCCc3cc(OC)c(OC)cc32)C[C@H]2c3ccccc3CCN2C1,5.996974049257448,ncgc;veith
CCC1=C(C[C@H]2NCCc3ccccc32)C[C@@H]2c3cc(OC)c(OC)cc3CCN2C1,5.096953661274842,ncgc;veith
CCC1C2CC3C4N(C)c5ccccc5C45CC(C2[C@H]5O)N3C1O,5.419328842460694,pharmabench
CCC1CC(c2nc(-c3ccc(-n4ccnc4)cc3)no2)CCO1,5.530625234992345,challenge
CCC1CCCCN1CCCNC(=O)Cn1nc(-c2ccc(C)cc2)ccc1=O,4.742241156276297,veith
CCC1CCCCN1CCn1c(=S)[nH]c2cc(OC)c(OC)cc2c1=O,6.242240761051421,veith
CCC1CCCCN1Cc1cc(OC)c(O)c([N+](=O)[O-])c1,4.342240150210577,veith
CCC1CC[N+]2(C)CCC3=C(CCC3)C2(C)C1.[I-],4.992240583789779,veith
CCC1COC(Cn2cncn2)(c2ccc(Cl)cc2Cl)O1,3.9732520511108227,tox21
CCC1Oc2ccccc2N(CC(=O)NCCCN2CCCCC2C)C1=O,4.992240583789779,veith
CCCC(=O)C(=O)O,4.022898062743507,tox21
CCCC(=O)NC(Nc1cccc(C(F)(F)F)c1)C(Cl)(Cl)Cl,4.542240874986129,veith
CCCC(=O)NCCc1c2n(c3ccc(OC)cc13)CCCc1ccccc1-2,3.9016695663778864,ncgc
CCCC(=O)NCCc1c2n(c3ccc(OC)cc13)Cc1ccccc1-2,3.9016695663778864,ncgc
CCCC(=O)Nc1ccc(C(=O)/C=C/c2ccc(SC)cc2)cc1,4.592241033466911,veith
CCCC(=O)Nc1ccc(C(=O)Nc2cc(C(F)(F)F)ccc2Cl)cc1,4.542240874986129,veith
CCCC(=O)Nc1ccc(CNC(=O)CN2CC3CN4CCCCC4C3C2)cc1,5.277009926992346,challenge
CCCC(=O)Nc1ccc(OCC(O)CNC(C)C)c(C(C)=O)c1.Cl,4.084417373518855,tox21
CCCC(=O)Nc1ccc2nc(SCC(=O)Nc3ccc(N4CCOCC4)c(Cl)c3)sc2c1,4.492240905132714,veith
CCCC(=O)Nc1ncnc2c1ncn2[C@@H]1O[C@@H]2COP(=O)([O-])O[C@H]2[C@H]1OC(=O)CCC,4.796954045378592,ncgc;veith
CCCC(=O)Nc1nnc(CCN2CCCCC2)s1,4.292241779935917,veith
CCCC(=O)OCCC(C)CCC=C(C)C,3.723251713511802,tox21
CCCC(=O)OC[C@@H](OC(=O)CCC)[C@@H](OC(=O)CCC)[C@H](Cn1c2nc(=O)[nH]c(=O)c-2nc2cc(C)c(C)cc21)OC(=O)CCC,4.634418806116886,tox21
CCCC(=O)O[C@]1(C(=O)CC)CC[C@H]2[C@@H]3CCC4=CC(=O)CC[C@]4(C)[C@H]3[C@@H](O)C[C@@]21C,4.484418434588723,tox21
CCCC(=O)O[C@]1(C(=O)CCl)[C@@H](C)C[C@H]2[C@@H]3CCC4=CC(=O)C=C[C@]4(C)[C@@]3(F)C(=O)C[C@@]21C,4.784418794579006,tox21
CCCC(=O)c1ccccc1,3.792402431997389,tox21
CCCC(C(=O)Nc1nccs1)c1ccccc1,4.092240288156335,veith
CCCC(C(=O)OCCN(CC)CC)(c1ccccc1)c1ccccc1,6.99728380915551,ncgc;veith
CCCC(C(=O)OCCN(CC)CC)(c1ccccc1)c1ccccc1.Cl,6.384335678909016,tox21
CCCC(C)C(=O)O,4.065188608050731,tox21
CCCC(C)CO,3.6728977164260597,tox21
CCCC(C)NC1=NCCCCC1,4.3922393223313625,veith
CCCC(CC)CCCCCCCN,5.21237611743823,tox21
CCCC(Cn1cncn1)c1ccc(Cl)cc1Cl,4.023251954306619,tox21
CCCC(NCc1cn(CCOC)c(=O)[nH]c1=O)C1CCC1,5.814936652992346,challenge
CCCC(O)(CCC)C(=O)NN(C(=O)Nc1csc2c1CCCC2)c1ccccc1,4.542240874986129,veith
CCCC(c1cc(C(C)(C)C)c(O)cc1C)c1cc(C(C)(C)C)c(O)cc1C,4.670624258055468,ncgc;tox21;veith
CCCC/C=C/C(NC(=O)C(C)(C)C)c1ccccc1,4.201669884204322,ncgc
CCCC/C=C/C(NC(=O)CCc1ccccc1)c1ccccc1,4.89695369244143,ncgc;veith
CCCC/C=C/C(NC(=O)OCc1ccccc1Cl)c1ccccc1,4.4969551427270105,ncgc;veith
CCCC/C=C/C(NC(=O)Oc1cccc(C(F)(F)F)c1)c1ccccc1,5.4969551427270105,ncgc;veith
CCCC/C=C/C(NC(=O)c1ccco1)c1ccccc1,3.9016695663778864,ncgc
CCCC/C=C/C=C\C=O,3.8232520113632606,tox21
CCCC1(C(=O)c2cc(F)c3[nH]ccc3c2)CCNC1,5.228997144290402,pharmabench
CCCC1(C(=O)c2ccc(Cl)c(Cl)c2)CCCN1,4.5787082237729,pharmabench
CCCC1(C(=O)c2ccc(N)c(Cl)c2)CCCN1,4.574230802446437,pharmabench
CCCC1(C(=O)c2ccc3[nH]ccc3c2)CCCN1,5.942207587741032,pharmabench
CCCC1(C(=O)c2ccc3[nH]ncc3c2)CCCN1,4.243237583405013,pharmabench
CCCC1(C)Nc2ccccc2-c2nc3ccccc3n21,4.142241126006169,veith
CCCC1(c2ccc3[nH]ccc3c2)CCNC1,4.544267579068994,pharmabench
CCCC1C(CC)=CC(CC)=CN1c1ccccc1,4.273252882834265,tox21
CCCC1CCC2(C)C3=C(CCC3)CC[N+]2(C)C1.[I-],5.092240288156335,veith
CCCC1CCCCN1,4.084417373518855,tox21
CCCC1CN(c2nc(-c3cccnc3)nc3c2CCC3)CCN1,5.434629077992346,challenge
CCCC1CNCCN1c1ccc2[nH]ncc2c1,5.655900848897757,pharmabench
CCCC1COC(Cn2cncn2)(c2ccc(Cl)cc2Cl)O1,4.0442088525711215,tox21
CCCC1O[C@@H]2C[C@H]3[C@@H]4CCC5=CC(=O)C=C[C@]5(C)[C@H]4[C@@H](O)C[C@]3(C)[C@]2(C(=O)CO)O1,4.023251954306619,tox21
CCCCC#Cc1ccccc1CC(=O)Nc1ccccc1,4.396953559925658,ncgc;veith
CCCCC#Cc1nc(NC)c2ncn([C@@H]3O[C@@H](CO)[C@H](O)[C@H]3O)c2n1,3.9969548213840747,ncgc;veith
CCCCC(=O)NCCc1c(Cc2ccccc2)[nH]c2ccccc12,3.9016695663778864,ncgc
CCCCC(=O)Nc1cc(C(=O)NCCc2ccccc2)ccc1Cl,4.142241126006169,veith
CCCCC(=O)OCC(=O)[C@H]1[C@H](C)C[C@H]2[C@@H]3C[C@H](F)C4=CC(=O)C=C[C@]4(C)[C@@]3(F)[C@@H](O)C[C@@]21C,4.0730046314078825,tox21
CCCCC(=O)O[C@]1(C(=O)CO)[C@@H](C)C[C@H]2[C@@H]3CCC4=CC(=O)C=C[C@]4(C)[C@@]3(F)[C@@H](O)C[C@@]21C,4.023251954306619,tox21
CCCCC(=O)O[C@]1(C(=O)CO)[C@H](C)C[C@H]2[C@@H]3CCC4=CC(=O)C=C[C@]4(C)[C@@]3(F)[C@@H](O)C[C@@]21C,3.9844173999188213,tox21
CCCCC(C#N)(Cn1cncn1)c1ccc(Cl)cc1,3.973961010149745,tox21
CCCCC(CC)CN,4.065165750835624,tox21
CCCCC(CC)CN1C(=O)C2C3C=CC(C3)C2C1=O,4.073252490208837,tox21
CCCCC(CC)CN1CN(CC(CC)CCCC)CC(C)(N)C1,5.934402848626634,tox21
CCCCC(CC)CN=C(N)NC(N)=NCCCCCCN=C(N)NC(N)=NCC(CC)CCCC.Cl.Cl,5.484411373980493,tox21
CCCCC(CC)CNC(=O)CC(C)OC(=O)CCC(=O)O,4.384416994074168,tox21
CCCCC(CC)CNCC(CC)CCCC,6.27640785250886,tox21
CCCCC(CC)COC(=O)C(C#N)=C(c1ccccc1)c1ccccc1,4.803835062619732,tox21
CCCCC(CC)COC(=O)CC(C(=O)OCC(CC)CCCC)S(=O)(=O)[O-].[Na+],3.845272140264706,tox21
CCCCC(CC)COC(=O)CCCCCCCC(=O)OCC(CC)CCCC,3.791807703650698,tox21
CCCCC(CC)COC(=O)COc1cc(Cl)c(Cl)cc1Cl,4.023251954306619,tox21
CCCCC(CC)COC(=O)COc1ccc(Cl)cc1Cl,3.8158642763436825,tox21
CCCCC(CC)COC(=O)CS,4.0204331595906675,tox21
CCCCC(CC)COC(=O)Cl,3.9721903241203718,tox21
CCCCC(CC)COC(=O)c1ccc(N(C)C)cc1,4.053834663912737,tox21
CCCCC(CC)COC(=O)c1ccc(O)cc1,3.9239614138930436,tox21
CCCCC(CC)COC(=O)c1ccccc1C(=O)O,4.015515396418448,tox21
CCCCC(CC)COC(=O)c1ccccc1C(=O)OCC(CC)CCCC,3.6703798176893523,tox21
CCCCC(CC)COCCCN,4.477876818489746,tox21
CCCCC(CC)COP(=O)(O)OCC(CC)CCCC,3.79772115867686,tox21
CCCCC(O)(Cn1cncn1)c1ccc(Cl)cc1Cl,4.073252490208837,tox21
CCCCC/C(=N\O)c1c[nH]c2ccccc12,4.492240905132714,veith
CCCCC/C(C=O)=C\c1ccccc1,3.7725438259755624,tox21
CCCCC/C=C/C=C/C=O,3.773251730425014,tox21
CCCCC/C=C\C/C=C\C/C=C\C/C=C\CCCC(=O)NCC(=O)O,4.384416994074168,tox21
CCCCC/C=C\C/C=C\CCCCCCCC(=O)NC(C)c1ccccc1,4.684419053436598,tox21
CCCCC/C=C\C/C=C\CCCCCCCC(=O)OC,4.023251954306619,tox21
CCCCC/C=C\C=C\C(=O)OCC,3.7551472737155143,tox21
CCCCC1(C(=O)c2cc(F)c3[nH]ccc3c2)CCNC1,5.544267579068994,pharmabench
CCCCC1(C)Nc2ccccc2-c2nc3ccccc3n21,4.192241409015731,veith
CCCCC1(COC(=O)CCC(=O)O)C(=O)N(c2ccccc2)N(c2ccccc2)C1=O,4.223252007786247,tox21
CCCCC1(c2ccc3[nH]ccc3c2)CCNC1,4.887849925418439,pharmabench
CCCCC1C(=O)N(c2ccccc2)N(c2ccc(O)cc2)C1=O,4.134416852957513,tox21
CCCCC1C(=O)N(c2ccccc2)N(c2ccccc2)C1=O,4.211839595710661,tox21
CCCCC1CN2C(CCC(C)C2c2ccc(Br)cc2)C(=O)O1,5.001666312269612,ncgc
CCCCCC(=O)N1CCCC(c2nc(-c3ccc(OC)cc3)no2)C1,4.292241779935917,veith
CCCCCC(=O)O[C@]1(C(C)=O)CC[C@H]2[C@@H]3CCC4=CC(=O)CC[C@]4(C)[C@H]3CC[C@@]21C,4.1260936299706295,tox21
CCCCCC1=C2CNC(C)(C(=O)OC)C=C2C(C)C1=O,4.101668763344926,ncgc
CCCCCC1=C2CNC(CC(C)C)(C(=O)OC)C=C2C(C)C1=O,4.796954045378592,ncgc;veith
CCCCCC1=C2CNC(CCC)(C(=O)OC)C=C2C(C)C1=O,4.396953559925658,ncgc;veith
CCCCCC1=C2CNC(Cc3ccccc3)(C(=O)OC)C=C2C(C)C1=O,4.396953559925658,ncgc;veith
CCCCCC1CC1C(=O)N/N=C/c1ccc(N(C)C)cc1,4.942241381558047,veith
CCCCCC1CCC(C(=O)NNC(=S)NCC)CC1,4.292241779935917,veith
CCCCCC1Nc2cc(C(F)(F)F)c(S(N)(=O)=O)cc2S(=O)(=O)N1,4.43441675507263,tox21
CCCCCCC#CC1C=CC(OC(C)=O)C(COC(C)=O)O1,4.601668415167836,ncgc
CCCCCCC#Cc1cc(OC)c(OC)cc1C(N1CC(C)c2ccccc21)N1CC(C)c2ccccc21,4.601668415167836,ncgc
CCCCCCC#N,3.786891908317612,tox21
CCCCCCC(C)(C)c1ccc([C@@H]2C[C@H](O)CC[C@H]2CCCO)c(O)c1,4.00166905897837,ncgc
CCCCCCC(C)Nc1ccc(Nc2ccccc2)cc1,4.123251823480467,tox21
CCCCCCC(C)OC(=O)COc1nc(F)c(Cl)c(N)c1Cl,3.773251730425014,tox21
CCCCCCC/C=C/C=O,3.9732520511108227,tox21
CCCCCCC1=Cc2cc(OC)c(OC)cc2C(C(C(C)=O)C(=O)OCC)O1,4.701667552503337,ncgc
CCCCCCC1CCCC(=O)O1,4.023251954306619,tox21
CCCCCCC=O,4.073252490208837,tox21
CCCCCCCC,3.8446494324677234,tox21
CCCCCCCC(=O)OCC(O)CO,3.9732520511108227,tox21
CCCCCCCC/C=C/CCCCCCCC1=NCCN1CCO,4.8732510305756955,tox21
CCCCCCCC/C=C\CCCCCCCC(=O)N(CCO)CCO,4.274670654805685,tox21
CCCCCCCC/C=C\CCCCCCCC(=O)NCc1ccc(O)c(OC)c1,4.826108443549372,ncgc;tox21;veith
CCCCCCCC/C=C\CCCCCCCC(=O)N[C@@H](CO)Cc1ccc(O)cc1,6.396941486272403,ncgc;veith
CCCCCCCC/C=C\CCCCCCCC(=O)OC(CO)CO,4.023251954306619,tox21
CCCCCCCC/C=C\CCCCCCCC(=O)OCCO,3.8510734761141183,tox21
CCCCCCCC/C=C\CCCCCCCC(=O)OCCOC(=O)CCCCCCC/C=C\CCCCCCCC,3.9568887564489605,tox21
CCCCCCCC/C=C\CCCCCCCC(N)=O,3.8732518948441816,tox21
CCCCCCCC/C=C\CCCCCCCCN,5.434413608683764,tox21
CCCCCCCC1=CC2=CC(=O)C(C)(O)C(=O)C2=CN1CCCC,5.001666312269612,ncgc
CCCCCCCC1=CC2=CC(=O)C(C)(OC(C)=O)C(=O)C2=CN1CCc1ccccc1,5.001666312269612,ncgc
CCCCCCCC1=Cc2ccccc2C(CC(C)=O)N1C(=O)OC,4.901666293693565,ncgc
CCCCCCCC1CCCC1=O,3.8232520113632606,tox21
CCCCCCCCC(=O)N/N=C/c1cccc(Br)c1,4.642240772861618,veith
CCCCCCCCC(=O)NCc1cc(OC)c(O)cc1I,4.596954724317373,ncgc;veith
CCCCCCCCC(=O)NCc1ccc(O)c(OC)c1,4.169562389671461,challenge;ncgc;tox21;veith
CCCCCCCCC(=O)O,4.037255864270893,tox21
CCCCCCCCC1CCC(=O)O1,3.723251713511802,tox21
CCCCCCCCCC(=O)N[C@@H](CN1CCOCC1)[C@@H](O)c1ccccc1,4.4969551427270105,ncgc;veith
CCCCCCCCCC(C)=O,3.9655156903143185,tox21
CCCCCCCCCC(CC)c1ccc(S(=O)(=O)O)cc1,4.023251954306619,tox21
CCCCCCCCCCC/C=C\C(C)(C)/C=C\CCCC(=O)O,3.9016695663778864,ncgc
CCCCCCCCCCCC#N,4.018315074397287,tox21
CCCCCCCCCCCC(=O)NCCCN(C)C,4.4232533068601185,tox21
CCCCCCCCCCCC(=O)OCC(O)CO,3.6732520280752654,tox21
CCCCCCCCCCCC1=C(O)C(=O)C=C(O)C1=O,4.896953263694331,ncgc;veith
CCCCCCCCCCCCC(=O)N1CCCC[C@H]1CNC(=O)[C@@H](N)CCCCN,4.096954525750631,ncgc;veith
CCCCCCCCCCCCC/C=C\[C@@H](O)[C@@H](N)CO,4.2969560175302135,ncgc;veith
CCCCCCCCCCCCC/C=C\[C@@H](O)[C@H](CO)NC(C)=O,4.89695369244143,ncgc;veith
CCCCCCCCCCCCC/C=C\[C@H](O)[C@H](N)CO,4.401667797519954,ncgc
CCCCCCCCCCCCCC(=O)O[C@H](CC(=O)O)C[N+](C)(C)C,4.00166905897837,ncgc
CCCCCCCCCCCCCC=O,5.129686667534081,tox21
CCCCCCCCCCCCCCCC(=O)NC[C@@H](COP(=O)([O-])OCC[N+](C)(C)C)OCC,3.9969548213840747,ncgc;veith
CCCCCCCCCCCCCCCC(=O)O[C@H](CC(=O)O)C[N+](C)(C)C,4.101668763344926,ncgc
CCCCCCCCCCCCCCCC/C=C/C1CC(=O)OC1=O,4.386404126498572,tox21
CCCCCCCCCCCCCCCCC(C(=O)O)C(O)(CC(=O)O)C(=O)O,4.0344169708398665,tox21
CCCCCCCCCCCCCCCCCC(=O)NC[C@@H](COP(=O)([O-])OCC[N+](C)(C)C)OCC,3.9016695663778864,ncgc
CCCCCCCCCCCCCCCCCCNC(=O)OC1CCN(C(=O)OC[C@H](COC(=O)N(Cc2cccc[n+]2CC)C(=O)c2ccccc2OC)OC)CC1.[Cl-],4.134416852957513,tox21
CCCCCCCCCCCCCCCCCC[N+](C)(C)C.[Cl-],5.021840548712562,tox21
CCCCCCCCCCCCCCCCCC[N+](C)(C)Cc1ccccc1.[Cl-],5.66902302790133,tox21
CCCCCCCCCCCCCCCCCCn1cc[n+](C)c1.F[P-](F)(F)(F)(F)F,5.775736451222953,tox21
CCCCCCCCCCCCCCCCN(C)C,5.4209991173364145,tox21
CCCCCCCCCCCCCCCC[N+](C)(C)C,5.695594384992345,challenge
CCCCCCCCCCCCCCCC[N+](C)(C)C.[Br-],5.403841152467246,tox21
CCCCCCCCCCCCCCCC[N+](C)(C)C.[Cl-],5.688912793839065,tox21
CCCCCCCCCCCCCCCC[N+](C)(C)CC.[Br-],5.703118702235576,tox21
CCCCCCCCCCCCCCCC[N+](C)(C)CCN(Cc1ccc(OC)cc1)c1ncccn1,4.396953559925658,ncgc;veith
CCCCCCCCCCCCCCCC[N+](C)(C)CCN(Cc1ccc(OC)cc1)c1ncccn1.[Br-],4.384416994074168,tox21
CCCCCCCCCCCCCCCC[N+](C)(C)Cc1ccccc1.[Cl-],6.034433255011826,tox21
CCCCCCCCCCCCCCCC[n+]1ccccc1,5.881872336992346,challenge
CCCCCCCCCCCCCCCC[n+]1ccccc1.[Br-],6.253410419325399,tox21
CCCCCCCCCCCCCCCC[n+]1ccccc1.[Cl-],6.073190854641134,tox21
CCCCCCCCCCCCCCCCn1cc[n+](C)c1.F[B-](F)(F)F,5.869379137334887,tox21
CCCCCCCCCCCCCCCCn1cc[n+](C)c1.O=S(=O)([N-]S(=O)(=O)C(F)(F)F)C(F)(F)F,6.021840548712562,tox21
CCCCCCCCCCCCCCC[C@@H](O)[C@@H](N)CO,4.596954724317373,ncgc;veith
CCCCCCCCCCCCCCC[C@H](O)[C@@H](N)CO,4.784418794579006,tox21
CCCCCCCCCCCCCCC[C@H](O)[C@H](N)CO,4.401667797519954,ncgc
CCCCCCCCCCCCCCN(CCO)CCO,4.673250392126571,tox21
CCCCCCCCCCCCCC[N+](C)(C)C.[Br-],5.104012542249042,tox21
CCCCCCCCCCCCCC[N+](C)(C)Cc1ccccc1.O.O.[Cl-],5.234419181965621,tox21
CCCCCCCCCCCCCC[N+](C)(C)Cc1ccccc1.[Cl-],4.220306796653882,tox21
CCCCCCCCCCCCCC[P+](CCCC)(CCCC)CCCC.CCCCCCCCCCCCc1ccccc1S(=O)(=O)[O-],6.270327630450623,tox21
CCCCCCCCCCCCCC[P+](CCCC)(CCCC)CCCC.[Cl-],6.099304648386416,tox21
CCCCCCCCCCCCCC[P+](CCCCCC)(CCCCCC)CCCCCC.F[P-](F)(F)(F)(F)F,6.12429202079662,tox21
CCCCCCCCCCCCCC[P+](CCCCCC)(CCCCCC)CCCCCC.N#CN=C=[N-],6.022937098695348,tox21
CCCCCCCCCCCCCC[P+](CCCCCC)(CCCCCC)CCCCCC.O=S(=O)([N-]S(=O)(=O)C(F)(F)F)C(F)(F)F,6.173676459894991,tox21
CCCCCCCCCCCCCC[P+](CCCCCC)(CCCCCC)CCCCCC.[Br-],6.019776811442059,tox21
CCCCCCCCCCCCCC[P+](CCCCCC)(CCCCCC)CCCCCC.[Cl-],6.171094951509969,tox21
CCCCCCCCCCCCCC[n+]1ccccc1.[Br-],5.323260111690351,tox21
CCCCCCCCCCCCCCn1cc[n+](C)c1.O=S(=O)([N-]S(=O)(=O)C(F)(F)F)C(F)(F)F,5.472193588628479,tox21
CCCCCCCCCCCCCCn1cc[n+](C)c1.[Cl-],5.477894206613861,tox21
CCCCCCCCCCCCCN1CC(C)OC(C)C1,4.62325365677871,tox21
CCCCCCCCCCCCCl,4.028951319415825,tox21
CCCCCCCCCCCCN,4.443082670808013,tox21
CCCCCCCCCCCCN(CCO)CCO,4.57502597925045,tox21
CCCCCCCCCCCCN.Cl,5.073245641380439,tox21
CCCCCCCCCCCCOC(=O)c1cc(O)c(O)c(O)c1,4.124077174929001,tox21
CCCCCCCCCCCCOC(=O)c1ccc(O)cc1,4.519720428818025,tox21
CCCCCCCCCCCCOCC1CO1,3.7721903059904607,tox21
CCCCCCCCCCCCOCCOS(=O)(=O)[O-].[Na+],3.773251730425014,tox21
CCCCCCCCCCCC[N+](C)(C)C.[Br-],4.773251043912272,tox21
CCCCCCCCCCCC[N+](C)(C)C.[Cl-],4.998784386608414,tox21
CCCCCCCCCCCC[N+](C)(C)CCOc1ccccc1.[Br-],4.978656650300489,tox21
CCCCCCCCCCCC[N+](C)(C)Cc1ccccc1.[Br-],5.434413608683764,tox21
CCCCCCCCCCCC[N+](C)(C)Cc1ccccc1.[Cl-],5.559200827528742,tox21
CCCCCCCCCCCCn1cc[n+](C)c1.F[B-](F)(F)F,5.073601923750767,tox21
CCCCCCCCCCCCn1cc[n+](C)c1.F[P-](F)(F)(F)(F)F,5.222900006218511,tox21
CCCCCCCCCCCCn1cc[n+](C)c1.O=S(=O)([N-]S(=O)(=O)C(F)(F)F)C(F)(F)F,5.219721734232616,tox21
CCCCCCCCCCCCn1cc[n+](C)c1.O=S(=O)([O-])C(F)(F)F,5.115870111619393,tox21
CCCCCCCCCCCCn1cc[n+](C)c1.[Cl-],5.371490288138693,tox21
CCCCCCCCCCCCn1cc[n+](C)c1.[I-],4.619368376726075,tox21
CCCCCCCCCCCSCC(=O)O,4.123251823480467,tox21
CCCCCCCCCCCc1cccn1C1c2ccccc2CCc2ccccc21,4.655900848897757,pharmabench
CCCCCCCCCCN,4.096838963922639,tox21
CCCCCCCCCCOCC(O)CN.Cl,4.734419094663767,tox21
CCCCCCCCCC[N+](C)(C)CCCCCCCCCC.[Cl-],5.573259396391188,tox21
CCCCCCCCCC[N+](C)(C)[O-],4.023251954306619,tox21
CCCCCCCCCC[Si](C)(C)CCC(=O)N[C@@H](Cc1ccc(C)cc1)c1ccccc1,3.9016695663778864,ncgc
CCCCCCCCCCl,3.9690173961119024,tox21
CCCCCCCCCCn1cc[n+](C)c1.F[B-](F)(F)F,4.7714834444327545,tox21
CCCCCCCCCCn1cc[n+](C)c1.F[P-](F)(F)(F)(F)F,5.023963049351891,tox21
CCCCCCCCCCn1cc[n+](C)c1.O=S(=O)([N-]S(=O)(=O)C(F)(F)F)C(F)(F)F,5.218667458054261,tox21
CCCCCCCCCCn1cc[n+](C)c1.O=S(=O)([O-])C(F)(F)F,5.261680951070333,tox21
CCCCCCCCCCn1cc[n+](C)c1.[Br-],4.871482886158495,tox21
CCCCCCCCCCn1cc[n+](C)c1.[Cl-],4.973610167510438,tox21
CCCCCCCCCCn1cc[n+](CCCCCCCCCC)c1C.[Cl-],5.5225402583544865,tox21
CCCCCCCCCOC(=O)c1ccccc1C(=O)OCCCCCCCCC,3.7739607906501433,tox21
CCCCCCCCCOCC1CO1,3.856605954185347,tox21
CCCCCCCCCOc1ccc2[nH]cc(CCN)c2c1,4.101668763344926,ncgc
CCCCCCCCC[n+]1cccc2c3ccccc3ccc21.[Br-],6.642240772861618,veith
CCCCCCCCCc1ccc(OCCOCCO)cc1,4.200691862040944,tox21
CCCCCCCCN,4.027877746828589,tox21
CCCCCCCCN(C)CCCCCCCC,3.76796425712865,tox21
CCCCCCCCNC,3.9732520511108227,tox21
CCCCCCCCN[C@@H](C)[C@H](O)c1ccc(SC(C)C)cc1,5.4969551427270105,ncgc;veith
CCCCCCCCN[C@H](C)[C@@H](O)c1ccc(SC(C)C)cc1,5.284419304981489,tox21
CCCCCCCCOC(=O)c1cc(O)c(O)c(O)c1,4.473252039336182,tox21
CCCCCCCCOC(=O)c1ccc(O)cc1,3.773961370428072,tox21
CCCCCCCCOCCCN,4.773251043912272,tox21
CCCCCCCCOc1ccccc1C(=O)Nc1ccc(C(=O)OCC[N+](C)(CC)CC)cc1.[Br-],4.0344169708398665,tox21
CCCCCCCCS(=O)C(C)Cc1ccc2c(c1)OCO2,3.9644694877640383,tox21
CCCCCCCCSCc1cc(C)c(O)c(CSCCCCCCCC)c1,4.573250733112706,tox21
CCCCCCCC[N+](C)(CCCCCCCC)CCCCCCCC.O=S(=O)([N-]S(=O)(=O)C(F)(F)F)C(F)(F)F,6.272489379473014,tox21
CCCCCCCC[N+](C)(CCCCCCCC)CCCCCCCC.O=S(=O)([O-])C(F)(F)F,6.323967094359329,tox21
CCCCCCCC[N+](C)(CCCCCCCC)CCCCCCCC.[Cl-],5.773257909088518,tox21
CCCCCCCC[N+](CCCCCCCC)(CCCCCCCC)CCCCCCCC.[Br-],5.9739587709360915,tox21
CCCCCCCC[Sn](Cl)(Cl)CCCCCCCC,4.023251954306619,tox21
CCCCCCCCc1ccc(O)cc1,4.12042543763644,tox21
CCCCCCCCn1cc[n+](C)c1.F[B-](F)(F)F,4.823608798015112,tox21
CCCCCCCCn1cc[n+](C)c1.F[P-](F)(F)(F)(F)F,5.018664041593169,tox21
CCCCCCCCn1cc[n+](C)c1.O=S(=O)([N-]S(=O)(=O)C(F)(F)F)C(F)(F)F,5.069725974673728,tox21
CCCCCCCCn1cc[n+](C)c1.O=S(=O)([O-])C(F)(F)F,5.069725974673728,tox21
CCCCCCCCn1cc[n+](C)c1.[Cl-],4.776095634897386,tox21
CCCCCCCN,4.014817988546562,tox21
CCCCCCCN(CC)CCCC(O)c1ccc(NS(C)(=O)=O)cc1,4.998633874992346,challenge
CCCCCCCOC(=O)CCC,4.223252007786247,tox21
CCCCCCCSc1nc2cc(OC)ccc2[nH]1,4.692601633434122,pharmabench
CCCCCCC[N+](CC)(CC)CCCCc1ccc(Cl)cc1.Cc1ccc(S(=O)(=O)[O-])cc1,6.076095959173908,ncgc;tox21;veith
CCCCCCC[n+]1ccc(-c2cc[n+](CCCCCCC)cc2)cc1,4.596954724317373,ncgc;veith
CCCCCCCc1ccc(O)cc1,3.8232520113632606,tox21
CCCCCCN,4.023251954306619,tox21
CCCCCCN1C=CC(=C/C=C(\C#N)C(=O)OCC)C=C1,4.342240150210577,veith
CCCCCCNC(=O)n1cc(F)c(=O)[nH]c1=O,4.134416852957513,tox21
CCCCCCNCCCCCC,5.073245641380439,tox21
CCCCCCNCc1cccc(Br)c1.Cl,5.192241409015731,veith
CCCCCCOC(=O)C(C#N)c1nc2ccccc2nc1N1CCN(CC)CC1,4.092240288156335,veith
CCCCCCOC(=O)C(C)C,3.773251730425014,tox21
CCCCCCOC(=O)NC(=N)c1ccc(NCc2nc3cc(C(=O)N(CCC(=O)OCC)c4ccccn4)ccc3n2C)cc1,4.0344169708398665,tox21
CCCCCCOc1cc(C)c(O)c(C)c1C,4.167964447113677,tox21
CCCCCCSc1nc2cc(OC)ccc2[nH]1,5.002688335122413,pharmabench
CCCCCC[C@@H](O)C/C=C\CCCCCCCC(=O)OCC(O)CO,4.047533046055949,tox21
CCCCCC[n+]1ccccc1.F[P-](F)(F)(F)(F)F,4.322897315945869,tox21
CCCCCC[n+]1ccccc1.O=S(=O)([O-])C(F)(F)F,4.122543884304775,tox21
CCCCCC[n+]1ccccc1.[Br-],4.4690165898379295,tox21
CCCCCC[n+]1ccccc1.[Cl-],4.3700717254545705,tox21
CCCCCC[n+]1ccccc1.[I-],4.073252490208837,tox21
CCCCCCc1ccc(-c2ccc(C#N)cc2)cc1,3.8807454325648054,tox21
CCCCCCc1ccc(O)cc1O,4.376219190946368,challenge;tox21
CCCCCCc1nc2cc(/C=C/C(=O)NO)ccc2n1CCN(C)C,4.918269580242943,pharmabench
CCCCCCn1cc[n+](C)c1.F[B-](F)(F)F,4.080421851772263,tox21
CCCCCCn1cc[n+](C)c1.F[P-](F)(F)(F)(F)F,4.166562963761314,tox21
CCCCCCn1cc[n+](C)c1.O=S(=O)([N-]S(=O)(=O)C(F)(F)F)C(F)(F)F,4.272543561306021,tox21
CCCCCCn1cc[n+](C)c1.O=S(=O)([O-])C(F)(F)F,4.0676142642697615,tox21
CCCCCCn1cc[n+](C)c1.[Br-],4.471130863313172,tox21
CCCCCCn1cc[n+](C)c1.[Cl-],4.305488670067857,tox21
CCCCCCn1cc[n+](C)c1.[I-],4.164121198088838,tox21
CCCCCN(CCCCC)C(=O)C(CCC(=O)[O-])NC(=O)c1ccc(Cl)c(Cl)c1.[Na+],4.084417373518855,tox21
CCCCCN=c1ccn(Cc2ccccc2)c2ccccc12,4.4969551427270105,ncgc;veith
CCCCCNC(=N)NN=Cc1c[nH]c2ccc(OC)cc12,5.505866474992346,challenge
CCCCCNCCCCC,3.992991063668291,tox21
CCCCCNCc1ccc(Br)cc1.Cl,5.492240905132714,veith
CCCCCNCc1cccc(Br)c1.Cl,5.192241409015731,veith
CCCCCOC(=O)COc1cc(N2C(=O)C3=C(CCCC3)C2=O)c(F)cc1Cl,4.173252039198229,tox21
CCCCCOC(=O)c1c(N)n(CCOC)c2nc3ccccc3nc12,4.092240288156335,veith
CCCCCOC(=O)c1ccccc1C(=O)OCCCCC,3.824315530093757,tox21
CCCCCOC(C)=O,4.221671206553926,tox21
CCCCCOc1ccc(C(=O)NCC2(c3ccccc3)CCOCC2)cc1,4.242240761051421,veith
CCCCCOc1ccc(OC(=O)c2ccncc2)cc1,4.892241091189295,veith
CCCCCOc1ccccc1/C(=C\SC)n1ccnc1,4.884412652001449,tox21
CCCCCSc1nc2cc(OC)ccc2[nH]1,4.131527112530468,pharmabench
CCCCCc1ccc(N)cc1,4.073252490208837,tox21
CCCCCl,4.311689264879073,tox21
CCCCCn1c(CN2CCCCC2C)nc2c1c(=O)n(C)c(=O)n2C,4.342240150210577,veith
CCCCCn1c(CN2CCN(c3cc(Cl)ccc3C)CC2)nc2c1c(=O)[nH]c(=O)n2C,4.542240874986129,veith
CCCCCn1c(SCc2ccncc2)nc2cc(C(=O)NCc3ccco3)ccc2c1=O,5.592241033466911,veith
CCCCN(C)C(=O)c1ccc(-n2nc(C(F)(F)F)c3c2CCCC3)cc1,4.5162388554687505,pharmabench
CCCCN(C)CCCNC(=O)CS(=O)Cc1nc(-c2ccc(OC)c(OC)c2)oc1C,4.442240306846953,veith
CCCCN(C)Cc1c(C)[nH]c2ccc(Cl)cc2c1=O,4.992240583789779,veith
CCCCN(CC)C(=O)SCCC,4.018666457568302,tox21
CCCCN(CC)Cc1ccc(CNC(=O)Nc2ccc(OC)cc2OC)o1,5.792241107578132,veith
CCCCN(CCCC)C(=S)SSC(=S)N(CCCC)CCCC,4.327521834671185,tox21
CCCCN(CCCC)C(=S)[S-].CCCCN(CCCC)C(=S)[S-].[Zn+2],3.773251730425014,tox21
CCCCN(CCCC)C(=S)[S-].[Na+],5.373263199460843,tox21
CCCCN(CCCC)C(C(N)=O)c1ccc(OC)cc1,5.534418069800762,tox21
CCCCN(CCCC)CC(O)c1cc(Cl)cc2c1-c1ccc(Cl)cc1/C2=C/c1ccc(Cl)cc1,5.618845947135039,challenge;tox21
CCCCN(CCCC)CCC(O)c1cc2c(Cl)cc(Cl)cc2c2cc(C(F)(F)F)ccc12,5.4822319249923455,challenge
CCCCN(CCCC)CCC(O)c1cc2c(Cl)cc(Cl)cc2c2cc(C(F)(F)F)ccc12.Cl,5.126103674416561,ncgc;tox21;veith
CCCCN(CCCC)CCCC,3.7739607906501433,tox21
CCCCN(CCCC)CCCCCCN(CCCC)CCCC,4.773251043912272,tox21
CCCCN(CCCC)CCCOC(=O)c1ccc(N)cc1,7.492999530117726,ncgc;tox21;veith
CCCCN(CCCC)SN(C)C(=O)Oc1cccc2c1OC(C)(C)C2,4.069733438368166,tox21
CCCCN(CCO)CCCC,4.01377277765756,tox21
CCCCN1C(=O)C(CC(C)C)NC(=O)C12CCN(Cc1ccc(Oc3ccccc3)cc1)CC2,4.75657101077912,pharmabench
CCCCN1C(=O)C(CC2CCCCC2)NC(=O)C12CCN(Cc1ccc(Oc3ccccc3)cc1)CC2,4.527234239770213,pharmabench
CCCCN1C2=C(C(=O)CCC2)C(c2ccc(Cl)c(Cl)c2)C2=C1c1ccccc1C2=O,4.542240874986129,veith
CCCCN1CCC(CCC(=O)c2cc(Cl)c(N)cc2OC)CC1,4.396953559925658,ncgc;veith
CCCCN1CCC(COC(=O)c2cc(Cl)c(N)c3c2OCCO3)CC1,5.396958734553992,ncgc;veith
CCCCN1CCC(n2c(=O)[nH]c3ccccc32)CC1,4.9969534480296955,ncgc;veith
CCCCN1CCCC1C(=O)Nc1c(C)cc(C)cc1C,5.234419181965621,tox21
CCCCN1CCCCC1C(=O)Nc1c(C)cccc1C,5.6611743345625385,challenge;pharmabench
CCCCN1CCCC[C@H]1C(=O)Nc1c(C)cccc1C,5.526525537856557,challenge;ncgc;veith
CCCCN1CCCC[C@H]1C(=O)Nc1c(C)cccc1C.Cl,5.834419399908713,tox21
CCCCN1CCC[C@@H]1CNC(=O)c1cc(C#N)c2ccccc2c1OC,4.2969560175302135,ncgc;veith
CCCCN1CSC(=S)N(Cc2ccccc2)C1,4.89695369244143,ncgc;veith
CCCCN=C(N)N=C(N)N,4.084417373518855,tox21
CCCCNC(=O)C1CC(=O)N(c2ccc(OC)cc2)C1c1ccc(OC)cc1,4.292241779935917,veith
CCCCNC(=O)C1CCN(Cc2ccccn2)CC1,4.542240874986129,veith
CCCCNC(=O)Cc1coc2ccc3ccccc3c12,4.492240905132714,veith
CCCCNC(=O)OCC#CI,4.0243166676574225,tox21
CCCCNC(=O)[C@@H]1Cc2ccccc2N1C(=O)[C@H](N)CC,4.196955646610027,ncgc;veith
CCCCNC(=S)NCCCC,5.4732589208294655,tox21
CCCCNC1CC(C)(C)NC(C)(C)C1,4.123251823480467,tox21
CCCCNCCOCCOc1ccc(C)cc1[N+](=O)[O-].O=C(O)C(=O)O,5.192241409015731,veith
CCCCNCCOCCSc1ccc(Cl)cc1.O=C(O)C(=O)O,5.292241779935917,veith
CCCCNc1c(C(=O)OCC)c(C)nc2c1cnn2CC,6.196983944657134,ncgc;veith
CCCCNc1c(CN)cnc2cc(Cl)ccc12,4.89695369244143,ncgc;veith
CCCCNc1ccc(C(=O)OCC[NH+](CC)CC)cc1.[Cl-],5.084414562633206,tox21
CCCCNc1nc(SC)nc2nc[nH]c12,5.096953661274842,ncgc;veith
CCCCNc1nccc2[nH]c3ccccc3c12,7.519344279911302,pharmabench
CCCCOC(=O)CC#N,4.552755456185757,tox21
CCCCOC(=O)NS(=O)(=O)c1sc(CC(C)C)cc1-c1ccc(Cn2c(CC)nc3c(C)cc(C)nc32)cc1,4.301670255124509,ncgc
CCCCOC(=O)[C@@H](C)Oc1ccc(Oc2ccc(C#N)cc2F)cc1,4.194293492309576,tox21
CCCCOC(=O)c1ccc(O)cc1,4.396953559925658,ncgc;veith
CCCCOC(=O)c1ccccc1C(=O)OCCCC,3.922897803273945,tox21
CCCCOC(=O)c1ccccc1C(=O)OCc1ccccc1,3.723251713511802,tox21
CCCCOCC(C)OCC(C)O,4.1127295277761355,tox21
CCCCOCCCC,4.101444978630209,tox21
CCCCOCCOC(=O)COc1nc(Cl)c(Cl)cc1Cl,3.723251713511802,tox21
CCCCOCCOC(=O)c1ccccc1C(=O)OCCOCCCC,4.1028984830639,tox21
CCCCOCCOCCOC(=O)CCCCC(=O)OCCOCCOCCCC,4.046284915896737,tox21
CCCCOCCOCCOCc1cc2c(cc1CCC)OCO2,5.026191139374651,tox21
CCCCOCCOP(=O)(OCCOCCCC)OCCOCCCC,4.023251954306619,tox21
CCCCOCN(C(=O)CCl)c1c(CC)cccc1CC,3.8232520113632606,tox21
CCCCOP(=O)(O)OCCCC,3.8232520113632606,tox21
CCCCOc1cc(C(=O)NCCN(CC)CC)c2ccccc2n1,4.542775401235793,ncgc;tox21;veith
CCCCOc1cc(C(=O)OCCN(CC)CC)ccc1N,4.696954347372703,ncgc;veith
CCCCOc1cc(C(=O)OCCN(CC)CC)ccc1N.Cl,4.9344127982132715,tox21
CCCCOc1ccc(/C=C/C(=O)NCCc2nc3ccccc3[nH]2)cc1,4.342240150210577,veith
CCCCOc1ccc(C(=O)CCN2CCCCC2)cc1,4.796954045378592,ncgc;veith
CCCCOc1ccc(C(=O)CCN2CCCCC2)cc1.Cl,4.834419399908713,tox21
CCCCOc1ccc(C(=O)N/C(=C\c2ccc(OC)cc2)C(=O)OCc2ccco2)cc1,4.592241033466911,veith
CCCCOc1ccc(CC(=O)NO)cc1,4.459442426509396,ncgc;tox21;veith
CCCCOc1ccc(N)cc1,4.023251954306619,tox21
CCCCOc1ccc(OCCCN2CCOCC2)cc1.Cl,4.3344172940778565,tox21
CCCCOc1ccc(S(=O)(=O)Nc2cccnc2)cc1,4.092240288156335,veith
CCCCOc1cccc(OCc2[nH]c3ccccc3c(=O)c2C)c1,5.527234239770213,pharmabench
CCCCP(CCCC)CCCC,4.073252490208837,tox21
CCCCSP(=O)(SCCCC)SCCCC,3.842402490155645,tox21
CCCC[C@@H]1CN2[C@H](c3ccc(Br)cc3)[C@H](C)CC[C@H]2C(=O)O1,4.9969534480296955,ncgc;veith
CCCC[C@@H]1C[C@H]1C(NC(=O)Cc1ccccc1)c1ccc(Cl)cc1,4.596954724317373,ncgc;veith
CCCC[C@@H]1C[C@H]1C(NC(=O)c1ccccc1)c1ccc(Cl)cc1,4.196955646610027,ncgc;veith
CCCC[C@@H]1C[C@H]1C(NC(=O)c1cccnc1)c1ccc(Cl)cc1,4.101668763344926,ncgc
CCCC[C@@H]1C[C@H]1C(NC(=O)c1ccco1)c1ccc(-c2ccccc2)cc1,4.096954525750631,ncgc;veith
CCCC[C@@H]1C[C@H]1C(NC(=O)c1ccco1)c1ccc(C(=O)OC)cc1,4.101668763344926,ncgc
CCCC[C@@H]1C[C@H]1C(NC(=O)c1ccco1)c1ccc(Cl)cc1,3.9016695663778864,ncgc
CCCC[C@@H]1C[C@H]1C(NC(=O)c1ccco1)c1ccccc1,3.9016695663778864,ncgc
CCCC[C@H](CC)CN1CN(C[C@@H](CC)CCCC)CC(C)(N)C1,5.396958734553992,ncgc;veith
CCCC[C@H](CC)CN=C(N)NC(N)=NCCCCCCN=C(N)NC(N)=NC[C@@H](CC)CCCC,4.9969534480296955,ncgc;veith
CCCC[C@H]1C[C@@H]1[C@@H]1N(P(=O)(c2ccccc2)c2ccccc2)C[C@@](O)(c2ccccc2)CC12CC2,4.2969560175302135,ncgc;veith
CCCC[C@H]1C[C@@H]1[C@@H]1N(P(=O)(c2ccccc2)c2ccccc2)[C@](CO)(c2ccccc2)CC12CC2,5.096953661274842,ncgc;veith
CCCC[N+](C)(C)C.O=S(=O)([N-]S(=O)(=O)C(F)(F)F)C(F)(F)F,5.322189641303346,tox21
CCCC[N+](C)(CCCC)CCCC.O=S(=O)([N-]S(=O)(=O)C(F)(F)F)C(F)(F)F,5.871525926095293,tox21
CCCC[N+](C)(CCCC)CCCC.[Cl-],5.082185645275683,tox21
CCCC[N+](CCCC)(CCCC)CCCC.[Br-],7.624997090023309,tox21
CCCC[N+]1(C)CCCC1.O=S(=O)([N-]S(=O)(=O)C(F)(F)F)C(F)(F)F,4.020073628263778,tox21
CCCC[N+]1(C)CCCCC1.[I-],3.974671009094193,tox21
CCCC[N+]1(C)[C@@H]2CC(OC(=O)[C@@H](CO)c3ccccc3)C[C@H]1[C@H]1O[C@H]12,4.596954724317373,ncgc;veith
CCCC[N+]1(C)[C@@H]2CC(OC(=O)[C@H](CO)c3ccccc3)C[C@H]1[C@@H]1O[C@@H]12.[Br-],5.384419798316951,tox21
CCCC[N+]12CCC(CC1)C(C(=O)c1cccs1)C2.[Br-],6.04224135682174,veith
CCCC[P+](C)(CCCC)CCCC.COS(=O)(=O)[O-],6.217214838945189,tox21
CCCC[P+](CC)(CCCC)CCCC.CCOP(=O)([O-])OCC,6.76956641794706,tox21
CCCC[P+](CCCC)(CCCC)CCCC.[Br-],7.77504654721464,tox21
CCCC[P+](CCCC)(CCCC)CCCC.[Cl-],7.793002825159964,tox21
CCCC[Sn](CCCC)(CCCC)CCCC,4.473252039336182,tox21
CCCC[Sn](CCCC)(CCCC)O[Sn](CCCC)(CCCC)CCCC,6.382936082203327,tox21
CCCC[Sn](Cl)(Cl)CCCC,4.095433202036472,tox21
CCCC[n+]1ccc(C)cc1.F[B-](F)(F)F,3.717263353025654,tox21
CCCC[n+]1ccc(C)cc1.F[P-](F)(F)(F)(F)F,5.772571928086785,tox21
CCCC[n+]1ccc(C)cc1.[I-],3.9753822304266384,tox21
CCCC[n+]1ccccc1C.F[B-](F)(F)F,3.844706078958416,tox21
CCCCc1c(CCC)c(=N)c2ccccc2n1C.I,4.642240772861618,veith
CCCCc1cc(=O)oc2cc(OCC(=O)N(CC)CC)ccc12,4.3922393223313625,veith
CCCCc1cc2ccccc2c(OCCN(C)C)n1,5.196951293391612,ncgc;veith
CCCCc1cc2ccccc2c(OCCN(C)C)n1.Cl,4.9344127982132715,tox21
CCCCc1ccc(N)cc1,3.8232520113632606,tox21
CCCCc1ccc(NC(=S)NCc2cccs2)cc1,4.842240508595863,veith
CCCCc1ccc(S(=O)(=O)Nc2ccc3c(c2)CCN(C)CC3)cc1,5.215208859804769,pharmabench
CCCCc1ccc2c(n1)[C@@H](c1ccc(OC)cc1C[C@H](C)C(=O)[O-])[C@H](C(=O)[O-])[C@H]2c1ccc2c(c1)OCO2.[Na+].[Na+],3.723251713511802,tox21
CCCCc1ccc2nc(NC(=O)OC)[nH]c2c1,5.301667514914704,ncgc
CCCCc1n[nH]c2c1/C(=N/O)CC(c1ccccc1)C2,4.342240150210577,veith
CCCCc1nc2c(c3c1CC(C)OC3)CN(CCC(C)C)CC2,4.901666293693565,ncgc
CCCCc1nc2c(c3c1CC(C)OC3)CN(CCOc1ccccc1)CC2,5.001666312269612,ncgc
CCCCc1oc2ccc(NS(C)(=O)=O)cc2c1C(=O)c1ccc(OCCCN(CCCC)CCCC)cc1,4.791081997396554,challenge;tox21
CCCCc1oc2ccccc2c1C(=O)c1cc(I)c(OCCN(CC)CC)c(I)c1,4.026109005429002,ncgc;tox21;veith
CCCCc1oc2ccccc2c1C(=O)c1cc(I)c(OCCN(CC)CC)c(I)c1.Cl,4.119530046108507,tox21
CCCCn1c(N)c(C(=O)NCc2cccs2)c2nc3ccccc3nc21,4.192241409015731,veith
CCCCn1c(NCc2ccccc2NS(=O)(=O)c2ccc(C)cc2)nc2ccccc21,5.792241107578132,veith
CCCCn1c(O)c(C(CC)=Nc2ccc(OC)cc2OC)c(=O)[nH]c1=O,4.3922393223313625,veith
CCCCn1c(SC(C)C(=O)c2ccc(OC)cc2)nc2cc(S(N)(=O)=O)ccc21,4.492240905132714,veith
CCCCn1cc[n+](C)c1.O=S(=O)([O-])O,4.067964601586914,tox21
CCCCn1cc[n+](C)c1C.F[B-](F)(F)F,4.021130487921923,tox21
CCCCn1cnc2c(c(CC#N)nn2-c2ccccc2)c1=N,5.896959146963251,ncgc;veith
CCCCn1nc2cc(C(=O)NCCCCc3ccccc3)ccc2c1OCC,4.892241091189295,veith
CCCCn1nnnc1SCC(=O)c1cc(Cl)ccc1OC,4.142241126006169,veith
CCCN(/C=N/c1sc2c(c1C#N)CCCCC2)CCC,4.292241779935917,veith
CCCN(C(=O)Cc1nc(N)n[nH]1)C1(C(=O)Nc2ccccc2C)CCCCC1,4.242240761051421,veith
CCCN(C)CCC1=C(Cc2cnccn2)c2ccccc2C1,5.431216002192342,pharmabench
CCCN(C/C=C\I)[C@@H]1CCc2ccc(O)cc2C1,7.2976270366514004,ncgc;veith
CCCN(C1CCN(C(=O)C2CCNCC2)CC1)[C@@H]1CCc2ccc(OC)cc2C1,4.573250733112706,tox21
CCCN(CC)CC1COC2(CCC(C(C)(C)C)CC2)O1,4.523250016076943,tox21
CCCN(CC1CC1)c1nc(C)nc(Nc2c(Cl)cc(Cl)cc2Cl)c1Cl,5.296954647425311,ncgc;veith
CCCN(CCC)C(=O)C(CCC(=O)OCCCN1CCN(CCOC(=O)Cc2c(C)n(C(=O)c3ccc(Cl)cc3)c3ccc(OC)cc23)CC1)NC(=O)c1ccccc1,4.23441719671471,tox21
CCCN(CCC)C(=O)Cc1c(-c2ccc(Cl)cc2)nc2ccc(Cl)cn12,4.384416994074168,tox21
CCCN(CCC)C1Cc2cc(OC)c(OC)cc2C1,4.096954525750631,ncgc;veith
CCCN(CCC)CCCNC(=O)CS(=O)Cc1nc(-c2ccc(OC)c(OC)c2)oc1C,4.792241107578132,veith
CCCN(CCC)CCc1c[nH]c2ccc(C(N)=O)cc12,3.8969553287835907,ncgc;veith
CCCN(CCC)CCc1c[nH]c2ccccc12.Cl,6.078981533522029,tox21
CCCN(CCC)CCc1ccc(O)c(O)c1,3.9969548213840747,ncgc;veith
CCCN(CCC)CCc1cccc2c1CC(=O)N2,5.17696597935464,challenge;ncgc;tox21;veith
CCCN(CCC)C[C@@H]1CCCCN1CCNC(=O)N1c2ccccc2C(=O)Nc2cccnc21,5.096953661274842,ncgc;veith
CCCN(CCC)[C@@H]1CCc2ccc(O)cc2C1,5.596962925619413,ncgc;veith
CCCN(CCC)[C@@H]1CCc2cccc(O)c2C1,5.146953560448978,ncgc;veith
CCCN(CCC)[C@H]1CCc2c(F)ccc(O)c2C1,5.496947614542465,ncgc;veith
CCCN(CCC)c1c([N+](=O)[O-])cc(C(F)(F)F)c(N)c1[N+](=O)[O-],4.343465817678223,tox21
CCCN(CCC)c1c([N+](=O)[O-])cc(S(C)(=O)=O)cc1[N+](=O)[O-],3.8732518948441816,tox21
CCCN(CCC)c1c([N+](=O)[O-])cc(S(N)(=O)=O)cc1[N+](=O)[O-],3.945317114034954,tox21
CCCN(CCCl)c1c([N+](=O)[O-])cc(C(F)(F)F)cc1[N+](=O)[O-],4.023251954306619,tox21
CCCN(CCO)Cc1ccc(F)c(Br)c1,4.592241033466911,veith
CCCN(CCOc1c(Cl)cc(Cl)cc1Cl)C(=O)n1ccnc1,5.6936874162586735,tox21
CCCN(CCc1ccccc1)[C@H]1CCc2c(O)cccc2C1,5.7969497127886624,ncgc;veith
CCCN(CCc1cccs1)[C@H]1CCc2c(O)cccc2C1,5.984437495342514,tox21
CCCN1C(=O)C(Cc2nc3ccccc3c(=O)n2C)c2ccccc21,4.242240761051421,veith
CCCN1C2=NCCCN2c2ccccc21.Cl,4.642240772861618,veith
CCCN1CC=C2C(C#N)=C(N)C(C#N)(C#N)C(c3cc(OC)ccc3OC)C2C1,4.292241779935917,veith
CCCN1CCC(=NNC(=O)c2ccc(Br)o2)CC1,4.642240772861618,veith
CCCN1CCCC[C@H]1C(=O)Nc1c(C)cccc1C,4.071877674992345,challenge
CCCN1CCCC[C@H]1C(=O)Nc1c(C)cccc1C.Cl,4.884412652001449,tox21
CCCN1CCC[C@@H]2Cc3[nH]ncc3C[C@H]21.Cl,4.284417077493321,tox21
CCCN1CCC[C@@H]2Cc3nc(N)ncc3C[C@H]21,4.318043416572844,ncgc;tox21
CCCN1CCC[C@H](c2cccc(C#N)c2)C1,3.9969548213840747,ncgc;veith
CCCN1CCN(C(=O)CCn2ccnc2)C(C)(C)C1=O,4.788237659992346,challenge
CCCN1CCO[C@@H]2c3cc(O)ccc3OC[C@@H]21,4.596954724317373,ncgc;veith
CCCN1CCO[C@@H]2c3cc(O)ccc3OC[C@H]21,4.051668911161648,ncgc
CCCN1CC[C@@H]2c3cc(O)ccc3CC[C@H]21,3.9969548213840747,ncgc;veith
CCCN1CCc2cc(O)cc3c2[C@H]1Cc1ccc(O)c(O)c1-3,4.2969560175302135,ncgc;veith
CCCN1CCc2cccc3c2[C@@H]1Cc1ccc(O)c(O)c1-3,4.501669380321306,ncgc
CCCN1C[C@@H](CSC)C[C@H]2c3cccc4[nH]cc(c34)C[C@@H]21.CS(=O)(=O)O,6.4969551427270105,ncgc;veith
CCCN1C[C@H](CSC)C[C@@H]2c3cccc4[nH]cc(c34)C[C@H]21,6.118298846796713,pharmabench
CCCN1C[C@H](CSC)C[C@@H]2c3cccc4[nH]cc(c34)C[C@H]21.CS(=O)(=O)O,6.384335678909016,tox21
CCCN1C[C@H](CSC)C[C@H]2c3cccc4[nH]cc(c34)C[C@@H]21,7.001982297702901,ncgc
CCCN1C[C@H](CSC)C[C@H]2c3cccc4[nH]cc(c34)C[C@@H]21.CS(=O)(=O)O,6.4969551427270105,ncgc;veith
CCCN1Cc2cccc(NS(=O)(=O)c3ccc(OC)c(F)c3C)c2C1,4.697239084992345,challenge
CCCN=C(N)NCCC[C@H](N)C(=O)O,4.596954724317373,ncgc;veith
CCCN=Cc1c(CCC)[nH]n(-c2nc3ccccc3s2)c1=O,4.092240288156335,veith
CCCNC(=O)CC(NS(=O)(=O)c1ccc(Cl)cc1)c1ccco1,5.342240150210578,veith
CCCNC(=O)CSc1nc(-c2cccs2)cc(C(F)(F)F)n1,4.992240583789779,veith
CCCNC(=O)N1N=C(c2ccc(N)cc2)c2cc3c(cc2[C@H]1C)OCO3,4.096954525750631,ncgc;veith
CCCNC(=O)OC[C@@H]1O[C@H](CCO/N=C(\C)CCN2CCCCc3nc(C)c(C)cc32)C=C[C@@H]1Oc1ccc(OC)cc1,5.1016670343933495,ncgc
CCCNC(=O)OC[C@@H]1O[C@H](c2ccccc2)C=C[C@@H]1Oc1ccc(OC)cc1,4.9969534480296955,ncgc;veith
CCCNC(C)(C)COC(=O)c1ccccc1,5.996974049257448,ncgc;veith
CCCNC(C)(C)COC(=O)c1ccccc1.Cl,5.884456992650004,tox21
CCCNC(C)C(=O)Nc1ccccc1C.Cl,4.084417373518855,tox21
CCCNCC(O)COc1ccccc1C(=O)CCc1ccccc1,5.514261224537172,challenge;pharmabench
CCCNCCC,3.8714837469154313,tox21
CCCNC[C@H](O)COc1ccccc1C(=O)CCc1ccccc1,5.996974049257448,ncgc;veith
CCCN[C@@H]1CCc2c(OC)cccc2[C@@H]1C,6.096945016706242,ncgc;veith
CCCN[C@H]1CCc2nc(N)sc2C1,4.384416994074168,tox21
CCCN[C@H]1CCc2nc(N)sc2C1.Cl.Cl.O,4.491971572479169,tox21
CCCNc1c(F)c(F)c2c(C)c3ccccc3nc2c1F,4.092240288156335,veith
CCCO,4.473252039336182,tox21
CCCOC(=O)NCCCN(C)C,4.023251954306619,tox21
CCCOC(=O)c1cc(O)c(O)c(O)c1,4.049317090659443,tox21
CCCOC(C(=O)OC1CCN(C)CC1)(c1ccccc1)c1ccccc1.Cl,4.684419053436598,tox21
CCCOCC(=Nc1ccc(Cl)cc1C(F)(F)F)n1ccnc1,4.023251954306619,tox21
CCCOCC(=O)NC[C@H]1CCCC[C@H]1N1CCOCC1,5.8185797199923455,challenge
CCCOCC(C)OCC(C)O,3.959269626916278,tox21
CCCOc1cc(N)ccc1C(=O)OCCN(CC)CC,5.196951293391612,ncgc;veith
CCCOc1ccc(-c2nc(C#N)c(NCCCn3ccnc3)o2)cc1,6.442240306846953,veith
CCCOc1ccc(C(=O)OCCN(CC)CC)cc1N,4.696954347372703,ncgc;veith
CCCOc1ccc(C(=O)OCCN(CC)CC)cc1N.Cl,4.834419399908713,tox21
CCCOc1ccc(Cn2c(C)nc([N+](=O)[O-])c2SCC(O)COC)cc1[N+](=O)[O-],4.3922393223313625,veith
CCCOc1ccc(N2C(=O)CC(S/C(N)=N/N=C(\C)c3cccs3)C2=O)cc1,4.292241779935917,veith
CCCOc1ccc(OCCNC2CCCC2)cc1,5.3922393223313625,veith
CCCOc1ccc2[nH]cc(CCNC(=O)c3cncc4[nH]ccc34)c2c1,4.399624022992346,challenge
CCCOc1ccc2c(c1)CC[C@@H]1[C@@H]2CC[C@]2(C)C(OC)CC[C@@H]12,4.241670979058063,tox21
CCCOc1cccc(-c2cc(-c3n[nH]c(=S)n3CC)c3ccccc3n2)c1,4.692241142242068,veith
CCCOc1sc(C(=O)N2CCC(c3cc(CN)ccc3F)CC2)c(C)c1Br.Cl,4.161083978974577,tox21
CCCS(=O)(=O)N(Cc1ccccc1-c1ccccc1)[C@H]1CCNC1,6.1521571140576805,pharmabench
CCCS(=O)(=O)N1CCCC(C(=O)NCCCN(C)Cc2ccccc2)C1,4.3922393223313625,veith
CCCS(=O)(=O)N1CCCC(C(=O)NCCCN(Cc2ccccc2)C(C)C)C1,4.442240306846953,veith
CCCS(=O)(=O)N1CCCC(C(=O)NCCCN2CCN(c3ccc(F)cc3)CC2)C1,4.792241107578132,veith
CCCS(=O)(=O)N1CCCC(C(=O)NCCCN2CCN(c3cccc(Cl)c3)CC2)C1,4.742241156276297,veith
CCCS(=O)(=O)N1CCCC(C(=O)NCCCN2CCN(c3ccccc3F)CC2)C1,4.492240905132714,veith
CCCS(=O)(=O)N1CCCC(C(=O)NCCN(C)Cc2ccccc2)C1,4.792241107578132,veith
CCCS(=O)(=O)N1CCCC(C(=O)NCCN(Cc2ccccc2)C(C)C)C1,4.892241091189295,veith
CCCS(=O)(=O)N1CCCC(C(=O)NCCN2CCC(Cc3ccccc3)CC2)C1,5.792241107578132,veith
CCCS(=O)(=O)N1CCN(CC2CC=CCC2)CC1.O=C(O)C(=O)O,5.442240306846952,veith
CCCS(=O)(=O)NCc1ccc2c(c1)C[C@H](C(=O)N(C)[C@H](CN1CC[C@H](O)C1)c1ccccc1)O2,4.691906412456439,pharmabench
CCCS(=O)(=O)Nc1ccc(F)c(C(=O)c2c[nH]c3ncc(-c4ccc(C#CCN(CC)CC)nc4)cc23)c1F,4.7203588381246755,pharmabench
CCCS(=O)(=O)Nc1ccc2c(c1)CC[C@H](C(=O)N(C)[C@H](CN1CC[C@H](O)C1)c1ccccc1)O2,4.593254039759867,pharmabench
CCCS(=O)(=O)Nc1ccccc1C(=O)NCc1cccc2c1OCC2,4.299066679992346,challenge
CCCS(=O)(=O)c1ccc2[nH]c(-c3ccc(-c4ccccc4)cc3)nc2c1,4.243237583405013,pharmabench
CCCS(=O)(=O)c1ccc2[nH]c(-c3ccccc3-c3ccccc3)nc2c1,4.243237583405013,pharmabench
CCCS(=O)c1ccc2nc(NC(=O)OC)[nH]c2c1,4.3344172940778565,tox21
CCCSP(=O)(OCC)Oc1ccc(Br)cc1Cl,4.436972846639676,tox21
CCCSP(=O)(OCC)SCCC,4.107891676425867,tox21
CCCSP(=S)(OCC)Oc1ccc(SC)cc1,4.073252490208837,tox21
CCCSS/C(CCO)=C(\C)N(C=O)Cc1cnc(C)nc1N,4.084417373518855,tox21
CCCSc1nc(NCc2ccco2)c2c3c(sc2n1)COC(C)(C)C3,4.342240150210577,veith
CCCSc1nc2cc(OC)ccc2[nH]1,5.131527112530468,pharmabench
CCC[C@@H](CCO)Nc1nc(N)nc2cc(OC)ccc12,5.64117759207705,pharmabench
CCC[C@@H]1C[C@@]1(CCC)C(NC(=O)OCc1ccccc1)c1ccc(-c2ccccc2)cc1,4.596954724317373,ncgc;veith
CCC[C@@H]1C[C@@]1(CCC)C(NC(=O)c1ccccc1)c1cccc(Cl)c1,4.9969534480296955,ncgc;veith
CCC[C@@H]1C[C@@]1(CCC)C(NC(=O)c1ccco1)c1ccc(Cl)cc1,4.89695369244143,ncgc;veith
CCC[C@@H]1C[C@@]1(CCC)C(NP(=O)(c1ccccc1)c1ccccc1)c1ccc(Cl)cc1,4.4969551427270105,ncgc;veith
CCC[C@@H]1C[C@@]1(CCC)C(NS(=O)(=O)c1cccc2cccnc12)c1ccc(Cl)cc1,3.9016695663778864,ncgc
CCC[C@@H]1C[C@H](N(C)C(C)C)CC[C@@H]1NC(=O)CNC(=O)c1cccc(C(F)(F)F)c1,4.118298846796713,pharmabench
CCC[C@H](CCN1CCC[C@@H](Cc2ccc(F)cc2)C1)NC(=O)Nc1cc(-c2nnnn2C)cc(C(C)(C)O)c1,5.419328842460694,pharmabench
CCC[C@H](C[C@@H](O)N1CCC[C@@H](Cc2ccc(F)cc2)C1)NC(=O)Nc1cccc(-c2nnnn2C)c1,5.7203588381246755,pharmabench
CCC[N+](CCC)(CCC)CCC.[Br-],3.8918079428150723,tox21
CCCc1[nH]nc2c1C(c1ccc(OC)c(CSc3ccccn3)c1)C(C#N)=C(N)O2.CCO,4.04224135682174,veith
CCCc1c(-c2ccc(O)cc2)nn(-c2ccc(O)cc2)c1-c1ccc(O)cc1,4.271954002140141,ncgc;veith
CCCc1cc(=O)[nH]c(SCc2cc(Cl)ccc2OC(F)F)n1,4.192241409015731,veith
CCCc1cc(=O)n2nc(NCC(c3ccc(Cl)cc3)n3cccn3)sc2n1,4.741050349992346,challenge
CCCc1cc(=O)oc2c(CN3CCOCC3)c(O)ccc12,5.142241126006169,veith
CCCc1cc(C(=O)Cc2nc3ccccc3s2)c(O)cc1O,5.342240150210578,veith
CCCc1cc(C(=O)NC[C@]23CNC[C@@]2(C(F)(F)F)C3)[nH]n1,5.201062244992346,challenge
CCCc1cc2c(cc1NC(=O)c1ccc(Br)cc1)OCO2,5.642240772861618,veith
CCCc1cc2c(cc1NC(=O)c1ccccc1C)OCO2,4.542240874986129,veith
CCCc1cc2c(n1CCc1ccc(Cl)cc1)C(C)C1CN(C(=O)c3ccccc3)C(C)(C(=O)OC)C21,4.796954045378592,ncgc;veith
CCCc1cc2c(n1Cc1cc(F)cc(F)c1)C(C)C1CN(C(=O)c3ccccc3)C(C)(C(=O)OC)C21,4.101668763344926,ncgc
CCCc1cc2c(n1Cc1ccc(OC)cc1)C(C)C1CN(C(=O)c3ccccc3)C(C)(C(=O)OC)C21,3.9016695663778864,ncgc
CCCc1cc2c(n1Cc1cccc(Cl)c1)C(C)C1CN(C(=O)c3ccccc3)C(C)(C(=O)OC)C21,4.396953559925658,ncgc;veith
CCCc1ccc(Oc2cc(C)nc(N3CCOCC3)n2)cc1,4.342240150210577,veith
CCCc1ccncc1C#CCN,4.972170811118475,pharmabench
CCCc1n[nH]c2ccc(C(=O)NCCN3C(=O)COc4ccccc43)cc12,3.5684991729923454,challenge
CCCc1nc2ccccc2c(=O)n1-c1ccc(OC)cc1,4.342240150210577,veith
CCCc1nc2ccccc2c(C(=O)OCC(=O)Nc2cccc(S(=O)(=O)N3CCOCC3)c2)c1CC,4.242240761051421,veith
CCCn1c(/C=C/c2ccccc2)nc2ccccc21,4.542240874986129,veith
CCCn1c(=O)[nH]c2nc(-c3ccc(S(=O)(=O)O)cc3)[nH]c2c1=O,4.601668415167836,ncgc
CCCn1c(=O)c(C)cn2nc(N)nc12,3.9969548213840747,ncgc;veith
CCCn1c(=O)c2[nH]c(-c3ccc(OCC(=O)Nc4ccc(C(C)=O)cc4)cc3)nc2n(CCC)c1=O,6.4969551427270105,ncgc;veith
CCCn1c(N)[n+](CC(=O)c2ccco2)c2ccccc21.[Br-],5.642240772861618,veith
CCCn1c(NC(=O)C2CCN(S(=O)(=O)c3cccs3)CC2)nc2ccccc21,4.292241779935917,veith
CCCn1c(NC(=O)[C@H]2CC[C@@H](C(=O)O)N2)nc2ccccc21,2.185040821992345,challenge
CCCn1c2c(c(O)c(C(=O)NCc3ccccc3)c1=O)CCCC2,4.492240905132714,veith
CCCn1cc[n+](C)c1.[I-],3.6693693270390115,tox21
CCCn1cnc2c(SCc3ccc(Cl)cc3)nc(N)nc21,5.001666312269612,ncgc
CCCn1nc(C(=O)NCC(C)(C)N2CCOCC2)c2ccccc2c1=O,4.892241091189295,veith
CCCn1nc2cc(C(=O)NCCCCc3ccccc3)ccc2c1OCC,4.592241033466911,veith
CCCn1nc2cc(C(=O)NCCc3ccc(C)cc3)ccc2c1OCC,4.942241381558047,veith
CCN(C(=O)Cc1ccccc1OC)c1nnc(-c2ccncc2)s1,4.792241107578132,veith
CCN(C(=O)Cc1cnn(C)c1)C1CCN(C(C)c2ccccc2)C1,5.4976887149923455,challenge
CCN(C(=O)c1cc(C)cc(OC[C@H](C)Nc2ccncc2)c1)C(C)C.Cc1ccc(S(=O)(=O)O)cc1,4.227994998350893,tox21
CCN(C(=O)c1cnc(N2CCN(c3ncccn3)CC2)c2ccccc12)c1cccc(Cl)c1,4.492240905132714,veith
CCN(C)C(=O)Oc1cccc([C@H](C)N(C)C)c1.O=C(O)[C@@H](O)[C@H](O)C(=O)O,4.284417077493321,tox21
CCN(C)C(C(=O)NC1CCCN(c2ncccn2)C1)c1ccccc1,4.328725049992346,challenge
CCN(C)CCC1=C(Cc2cnccn2)c2ccccc2C1,4.781239120476188,pharmabench
CCN(C1CCCCC1)S(=O)(=O)c1ccc(S(=O)(=O)NCc2ccncc2)cc1,4.592241033466911,veith
CCN(C=O)CC,3.658817903802788,tox21
CCN(CC(=O)NCc1cccs1)S(=O)(=O)c1ccc(C(C)C)cc1,4.942241381558047,veith
CCN(CC(=O)Nc1c(Cl)cccc1Cl)C(=O)c1cnn(-c2ccccc2)n1,2.0349379379923453,challenge
CCN(CC(=O)Nc1ccc([N+](=O)[O-])cc1OC)c1ccccc1,4.342240150210577,veith
CCN(CC(=O)Nc1cccc(OC)c1)CC(C)CN1CCOCC1,5.056281049992346,challenge
CCN(CC(O)(CNC(=O)c1cnn(-c2ccc(F)cc2)c1N)C(F)(F)F)C(=O)c1c(Cl)cccc1Cl,3.469938835815781,pharmabench
CCN(CC(O)(CNC(=O)c1cnn(-c2ccc(F)cc2)c1N)C(F)(F)F)C(=O)c1c(F)cccc1F,3.550097122729718,pharmabench
CCN(CC(O)(CNC(=O)c1cnn(-c2ccc(F)cc2)c1N)C(F)(F)F)C(=O)c1ccccc1Cl,3.9350290031139084,pharmabench
CCN(CC)C(=O)C1CN2CCc3cc(OC)c(OC)cc3C2CC1OC(C)=O,4.634418806116886,tox21
CCN(CC)C(=O)CN1CCCC(c2nc3ccccc3n2Cc2ccc(F)cc2)C1,5.140575241507865,pharmabench
CCN(CC)C(=O)CSc1nc2ccc(NC(=O)CSc3nnc(COc4ccccc4C)n3C)cc2s1,4.342240150210577,veith
CCN(CC)C(=O)CSc1nnc(-c2ccncc2)n1N,4.242240761051421,veith
CCN(CC)C(=O)N[C@@H]1C=C2c3cccc4[nH]cc(c34)C[C@@H]2N(C)C1,6.592941264093076,ncgc;tox21
CCN(CC)C(=O)N[C@@H]1C[C@H]2c3cccc4[nH]cc(c34)C[C@@H]2N(C)C1,7.397291089689205,ncgc;veith
CCN(CC)C(=O)N[C@H]1C=C2c3cccc4[nH]cc(c34)C[C@@H]2N(C)C1,5.896959146963251,ncgc;veith
CCN(CC)C(=O)N[C@H]1C=C2c3cccc4[nH]cc(c34)C[C@H]2N(C)C1,7.215208859804769,pharmabench
CCN(CC)C(=O)N[C@H]1C[C@H]2c3cccc4[nH]cc(c34)C[C@@H]2N(C)C1,6.897013699718457,ncgc;veith
CCN(CC)C(=O)Nc1ccc(OCC(O)CNC(C)(C)C)c(C(C)=O)c1.Cl,4.134416852957513,tox21
CCN(CC)C(=O)[C@@H]1C=C2c3cccc4[nH]cc(c34)C[C@H]2N(C)C1,5.956129751827821,tox21
CCN(CC)C(=O)c1cc(C2=CC3(CCNCC3)Oc3ccccc32)cs1,4.663453986788203,pharmabench
CCN(CC)C(=O)c1cc(S(=O)(=O)Cc2ccccc2)c(N2CCC(c3ccccc3)CC2)cc1N(CC)CCN(C)C.O=C(O)C(F)(F)F,4.6281461348916855,tox21
CCN(CC)C(=O)c1ccc(C2=CC3(CCCNC3)Oc3ccccc32)cc1,5.076906161638488,pharmabench
CCN(CC)C(=O)c1ccc(C2=CC3(CCCNCC3)Oc3ccccc32)cc1,5.004355494489876,pharmabench
CCN(CC)C(=O)c1ccc(C2=CC3(CCNC3)Oc3ccccc32)cc1,5.039117600749088,pharmabench
CCN(CC)C(=O)c1ccc(C2=CC3(CCNCC3)Oc3ccccc32)c(C)c1,4.75657101077912,pharmabench
CCN(CC)C(=O)c1ccc(C2=CC3(CCNCC3)Oc3ccccc32)c(F)c1,4.544267579068994,pharmabench
CCN(CC)C(=O)c1ccc(C2=CC3(CCNCC3)Oc3ccccc32)c(O)c1,3.785860386881108,pharmabench
CCN(CC)C(=O)c1ccc(C2=CC3(CCNCC3)Oc3ccccc32)cc1,4.785860386881108,pharmabench
CCN(CC)C(=O)c1ccc(C2=CC3(CCNCC3)Oc3ccccc32)cc1C,4.441605237171847,pharmabench
CCN(CC)C(=O)c1ccc(C2=CC3(CCNCC3)Oc3ccccc32)cc1F,4.695052972859905,pharmabench
CCN(CC)C(=O)c1ccc(C2=CC3(CCNCC3)Oc3ccccc32)cn1,3.9422075877410316,pharmabench
CCN(CC)C(=O)c1ccc(C2=CC3(CCNCC3)Oc3ccccc32)o1,5.613148868476807,pharmabench
CCN(CC)C(=O)c1ccc(C2CC3(CCNCC3)Oc3ccccc32)cc1,4.597503823352029,pharmabench
CCN(CC)C(=O)c1ncc(C2=CC3(CCNCC3)Oc3ccccc32)cn1,4.097109547726775,pharmabench
CCN(CC)C(C)C(=O)c1ccccc1.Cl,4.284417077493321,tox21
CCN(CC)C(C)CN1c2ccccc2Sc2ccccc21.Cl,4.3344172940778565,tox21
CCN(CC)C1=NC(=[N+](CC)CC)c2ccccc21.[O-][Cl+3]([O-])([O-])[O-],4.342240150210577,veith
CCN(CC)CC,4.200717579613341,tox21
CCN(CC)CC#CCC(C)(c1ccccc1)c1ccccc1.Cl,5.542240874986129,veith
CCN(CC)CC#CCOC(=O)C(O)(c1ccccc1)C1CCCCC1,4.812598902992345,challenge
CCN(CC)CC#CCOC(=O)[C@@](O)(c1ccccc1)C1CCCCC1,4.6969544175842195,ncgc;veith
CCN(CC)CC(=O)Nc1c(C)cc(C)cc1C.Cl,4.384416994074168,tox21
CCN(CC)CC(=O)Nc1c(C)cccc1C,4.084417373518855,tox21
CCN(CC)CC(=O)Nc1c(C)cccc1C(=O)OC,4.084417373518855,tox21
CCN(CC)CCC(=O)Nc1ccc2c(c1)N(C(=O)CN(CC)CC)c1ccccc1CC2.Cl.O,4.292241779935917,veith
CCN(CC)CCCC(C)Nc1c2ccc(Cl)cc2nc2ccc(OC)cc12,6.336989296992345,challenge
CCN(CC)CCCC(C)Nc1c2ccc(Cl)cc2nc2ccc(OC)cc12.Cl.Cl.O.O,6.334337324555574,tox21
CCN(CC)CCCC(C)Nc1ccnc2cc(Cl)ccc12.O=P(O)(O)O.O=P(O)(O)O,4.96503697239402,tox21
CCN(CC)CCCCCCCCOC(=O)c1cc(OC)c(OC)c(OC)c1,3.9969548213840747,ncgc;veith
CCN(CC)CCCN(c1ccccc1)C1Cc2ccccc2C1.Cl,5.934402848626634,tox21
CCN(CC)CCCNC(=O)CC1Sc2ccccc2NC1=O,4.792241107578132,veith
CCN(CC)CCC[C@H](C)Nc1c2ccc(Cl)cc2nc2ccc(OC)cc12,6.196983944657134,ncgc;veith
CCN(CC)CCC[C@H](C)Nc1c2ccc(Cl)cc2nc2ccc(OC)cc12.Cl.Cl.O.O,6.396941486272403,ncgc;veith
CCN(CC)CCC[C@H](C)Nc1ccnc2cc(Cl)ccc12,3.9016695663778864,ncgc
CCN(CC)CCN1C(=O)C(=O)/C(=C(/O)c2ccc(OC)cc2)C1c1cccs1,4.342240150210577,veith
CCN(CC)CCN1C(=O)CN=C(c2ccccc2F)c2cc(Cl)ccc21,4.384416994074168,tox21
CCN(CC)CCN1c2ccccc2Sc2ccc3ccccc3c21,5.69694058165962,ncgc;veith
CCN(CC)CCNC(=O)COc1ccc(Cl)cc1,4.684419053436598,tox21
CCN(CC)CCNC(=O)COc1ccc(OC)cc1,4.401667797519954,ncgc
CCN(CC)CCNC(=O)COc1ccc(OC)cc1.Cl,4.43441675507263,tox21
CCN(CC)CCNC(=O)c1cc(Br)c(N)cc1OC,4.809442496888632,ncgc;tox21;veith
CCN(CC)CCNC(=O)c1cc(Cl)c(N)cc1OC,4.795766941760123,challenge;ncgc;pharmabench;tox21;veith
CCN(CC)CCNC(=O)c1cc(S(C)(=O)=O)ccc1OC,4.301668737073103,ncgc
CCN(CC)CCNC(=O)c1cc(S(C)(=O)=O)ccc1OC.Cl,4.484418434588723,tox21
CCN(CC)CCNC(=O)c1ccc(N)cc1.Cl,3.9707772712481857,tox21
CCN(CC)CCNC(=O)c1ccc(NC(C)=O)cc1.Cl,4.3344172940778565,tox21
CCN(CC)CCNC(C(=O)OCCC(C)C)c1ccccc1,5.584403638366823,tox21
CCN(CC)CCNc1ccc(CNC=O)c2sc3ccc(OC)cc3c(=O)c12,4.773251043912272,tox21
CCN(CC)CCNc1ccc(CO)c2sc3ccccc3c(=O)c12,4.8761096064762315,ncgc;tox21;veith
CCN(CC)CCOC(=O)C(C)(c1ccccc1)c1ccccc1,5.384419798316951,tox21
CCN(CC)CCOC(=O)C(Cc1cccc2ccccc12)CC1CCCO1.O=C(O)C(=O)O,5.084414562633206,tox21
CCN(CC)CCOC(=O)C(O)(c1ccccc1)c1ccccc1,5.084414562633206,tox21
CCN(CC)CCOC(=O)C(c1ccccc1)C1CCCCC1.Cl,5.484411373980493,tox21
CCN(CC)CCOC(=O)C(c1ccccc1)c1ccccc1,4.796954045378592,ncgc;veith
CCN(CC)CCOC(=O)C(c1ccccc1)c1ccccc1.Cl,5.134423160747318,tox21
CCN(CC)CCOC(=O)C1(C2CCCCC2)CCCCC1,4.7927746456157765,ncgc;tox21;veith
CCN(CC)CCOC(=O)C1(c2ccc([N+](=O)[O-])cc2)CCCC1,4.846953868910012,ncgc;veith
CCN(CC)CCOC(=O)C1(c2ccccc2)CCCC1,5.183893104992346,challenge
CCN(CC)CCOC(=O)C1(c2ccccc2)CCCC1.CCN(CC)CCOC(=O)C1(c2ccccc2)CCCC1.O=S(=O)(O)CCS(=O)(=O)O,5.434413608683764,tox21
CCN(CC)CCOC(=O)[C@@H](Cc1cccc2ccccc12)C[C@@H]1CCCO1,4.796954045378592,ncgc;veith
CCN(CC)CCOC(=O)[C@@H](c1ccccc1)C1CCCCC1,5.69694058165962,ncgc;veith
CCN(CC)CCOC(=O)c1cc(Cl)c(N)cc1OC,4.2969560175302135,ncgc;veith
CCN(CC)CCOC(=O)c1ccc(N)cc1,4.3469551892411555,ncgc;veith
CCN(CC)CCOC(=O)c1ccc(N)cc1.Cl,4.242119923403366,tox21
CCN(CC)CCOC(=O)c1ccc(N)cc1Cl,4.610618504992345,challenge
CCN(CC)CCOCCOC(=O)C1(c2ccccc2)CCCC1,4.6261076458184895,ncgc;tox21;veith
CCN(CC)CCOCCOC(=O)C1(c2ccccc2)CCCC1.O=C(O)CC(O)(CC(=O)O)C(=O)O,4.296954772850723,ncgc;veith
CCN(CC)CCO[C@H]1CC[C@@]2(C)C(=CC[C@@H]3[C@H]2CC[C@]2(C)C(=O)CC[C@H]32)C1,6.59704495568056,ncgc;veith
CCN(CC)CCOc1ccc(/C(=C(/Cl)c2ccccc2)c2ccccc2)cc1,4.419328842460694,pharmabench
CCN(CC)CCOc1ccc(/C(=C(\Cl)c2ccccc2)c2ccccc2)cc1,4.884412652001449,tox21
CCN(CC)CCOc1ccc(/C(=C(\Cl)c2ccccc2)c2ccccc2)cc1.O=C(O)CC(O)(CC(=O)O)C(=O)O,4.835958537209977,ncgc;tox21;veith
CCN(CC)CCOc1ccc(Cc2ccccc2)cc1,4.242775707100674,ncgc;tox21;veith
CCN(CC)CCOc1ccc2nc(N(C)C)sc2c1.Cl,4.292241779935917,veith
CCN(CC)CCOc1ccccc1C(=O)CCc1ccccc1,5.73440653898988,tox21
CCN(CC)CCSC(=O)C(c1ccccc1)c1ccccc1,4.884412652001449,tox21
CCN(CC)CCc1c[nH]c2ccccc12.CCN(CC)CCc1c[nH]c2ccccc12.O=C(O)/C=C/C(=O)O,4.853161978572053,tox21
CCN(CC)CCc1nc(-c2ccccc2)no1.O=C(O)CC(O)(CC(=O)O)C(=O)O,4.6927759160606675,ncgc;tox21;veith
CCN(CC)CCn1c(=S)[nH]c2cc3c(cc2c1=O)OCO3,5.692241142242068,veith
CCN(CC)C[C@@H](O)CN1CCCCc2nc(C)c(C)cc21,5.1016670343933495,ncgc
CCN(CC)C[C@@H](O)c1ccc2ccc3ccccc3c2c1,5.001666312269612,ncgc
CCN(CC)Cc1c(O)c(Cl)cc2c3c(c(=O)oc12)CCCC3,5.092240288156335,veith
CCN(CC)Cc1cc(Nc2ccnc3cc(Cl)ccc23)ccc1O,4.664239117221136,challenge;pharmabench
CCN(CC)Cc1cc(Nc2ccnc3cc(Cl)ccc23)ccc1O.Cl.Cl.O.O,4.601668415167836,ncgc
CCN(CC)Cc1nccn1-c1ccc([N+](=O)[O-])cc1C(=O)c1ccccc1Cl.O=C(O)/C=C/C(=O)O,5.084414562633206,tox21
CCN(CC)N=Nc1[nH]nc2nc(C)cc(C)c12,4.3922393223313625,veith
CCN(CC)S(=O)(=O)c1cc(C(=O)Nc2ccncc2)ccc1Cl,5.142241126006169,veith
CCN(CC)S(=O)(=O)c1ccc(C(=O)O)cc1,3.9844173999188213,tox21
CCN(CC)S(=O)(=O)c1ccc(NC(=O)COC(=O)c2ccc(Br)o2)cc1,4.992240583789779,veith
CCN(CC)S(=O)(=O)c1ccc2c(c1)nc(CCC(=O)Nc1cccc(C(F)(F)F)c1)n2CC,4.542240874986129,veith
CCN(CC)S(=O)(=O)c1ccc2c3c(cccc13)C(=O)S2,4.3922393223313625,veith
CCN(CC)[C@@H](C)C(=O)N1c2ccccc2Sc2ccccc21,4.201669884204322,ncgc
CCN(CC)[C@@H](C)CN1c2ccccc2Sc2ccccc21,6.296940946851727,ncgc;veith
CCN(CC)c1c([N+](=O)[O-])cc(C(F)(F)F)c(N)c1[N+](=O)[O-],3.8232520113632606,tox21
CCN(CC)c1cc(C)c2cc(NC(=O)c3ccc(Br)o3)ccc2n1,4.142241126006169,veith
CCN(CC)c1ccc(/C=C/c2nc3ccccc3s2)cc1,4.04224135682174,veith
CCN(CC)c1ccc(/C=N/N2CCN(Cc3ccc(C)cc3)CC2)c(O)c1,4.342240150210577,veith
CCN(CC)c1ccc(/C=N/NC(=S)NCc2ccccc2)cc1,4.492240905132714,veith
CCN(CC)c1ccc(/C=N/Nc2nc(C)cc(=O)[nH]2)cc1,4.3922393223313625,veith
CCN(CC)c1ccc(CNC(=O)N2CCC(C)C(n3ccnc3)C2)cn1,5.464633282992346,challenge
CCN(CC)c1ccc2c(Cl)cc(=O)oc2c1,4.3922393223313625,veith
CCN(CC)c1cccc(O)c1,4.014469704133808,tox21
CCN(CC)c1nc(C)cc(OP(=S)(OC)OC)n1,3.8478469271311786,tox21
CCN(CC)c1nc2ccccc2[nH]1.Cl,4.092240288156335,veith
CCN(CC)c1ncnc2c1ncn2[C@@H]1O[C@@H](COP(=O)(O)OP(=O)(O)C(Br)(Br)P(=O)(O)O)[C@H](O)[C@H]1O,5.69694058165962,ncgc;veith
CCN(CCC#N)c1ccccc1,3.711839221122287,tox21
CCN(CCCCOC(=O)c1ccc(OC)c(OC)c1)C(C)Cc1ccc(OC)cc1.Cl,6.934900607399636,tox21
CCN(CCCCOC(=O)c1ccc(OC)c(OC)c1)[C@@H](C)Cc1ccc(OC)cc1,7.097117973498301,ncgc;veith
CCN(CCCNC(=O)C1CCN(S(=O)(=O)CC)CC1)c1cccc(C)c1,4.092240288156335,veith
CCN(CCCNC(=O)CC(C(=O)N1CCc2ccccc21)n1ccnc1)c1ccccc1,4.892241091189295,veith
CCN(CCCc1ccc(F)cc1)CC1OC(=O)N(C)CC1(C)NC(=O)Nc1cccc(-c2nnnn2C)c1,4.421505761714969,pharmabench
CCN(CCCc1ccccc1)CCCc1ccccc1.O=C(O)CC(O)(CC(=O)O)C(=O)O,5.5427763638569685,ncgc;tox21;veith
CCN(CCCl)Cc1ccccc1Br,4.401667797519954,ncgc
CCN(CCN)c1cccc(C)c1,4.796135308674981,tox21
CCN(CCO)CCCC(C)Nc1ccnc2cc(Cl)ccc12,4.502435624992346,challenge
CCN(CCO)C[C@H]1CCC[C@H]2CCCC[C@@H]21.Cl,4.701667552503337,ncgc
CCN(CCO)Cc1csc2cccc(Br)c12.Cl,4.292241779935917,veith
CCN(Cc1c(CO)cnc(C)c1O)C(=O)c1ccc(F)c(Cl)c1,5.030080989992346,challenge
CCN(Cc1cc(Cl)cc(C)c1O)Cc1c(O)ccc2ccccc12,5.396958734553992,ncgc;veith
CCN(Cc1ccc2c(c1)OCO2)C(=O)NCc1nnc2n1CCCCC2,4.412228637992346,challenge
CCN(Cc1cccc(-c2ccncc2)c1)C(=O)Cn1nnc2ccccc21,4.750066064992346,challenge
CCN(Cc1cccc(F)c1)C(=O)CN1CCN(C2CCOCC2)CC1,4.423321587992346,challenge
CCN(Cc1cccc(S(=O)(=O)O)c1)c1ccccc1,4.023251954306619,tox21
CCN(Cc1ccccc1)Cc1cccc([N+](=O)[O-])c1,5.592241033466911,veith
CCN(Cc1cccnc1)C(=O)c1cccc(Cl)c1[C@]1(C)C(=O)N(Cc2ccc(OC)cc2OC)c2ccc(Cl)cc21.Cl,4.30276850069689,tox21
CCN(Cc1ccncc1)C(=O)C(CO)c1ccccc1,4.084417373518855,tox21
CCN(c1ccccc1)c1cc(NC)[n+](C)c(C)n1,4.89695369244143,ncgc;veith
CCN(c1nc(N)c(C(=O)N=C(N)N)nc1Cl)C(C)C,3.9969548213840747,ncgc;veith
CCN1/C(=C/c2ccc3cccc(C)c3[n+]2CC)Sc2ccccc21.[I-],6.642240772861618,veith
CCN1C(=O)C(CC(=O)Nc2ccc(Br)cc2)N(CCCc2ccccc2)C1=S,4.492240905132714,veith
CCN1C(=O)C(CC(=O)Nc2ccc(OC)cc2)N(Cc2cccs2)C1=S,4.342240150210577,veith
CCN1C(=O)[C@H]2[C@@H]3[C@H](O)C=CC(=O)[C@H]3CC[C@H]2C1=O,5.001666312269612,ncgc
CCN1C(=O)[C@H]2[C@H]3[C@H](O)[C@H](O)C/C(=N/OC[C@@H](C)[C@H](OCc4ccccc4)C(C)C)[C@@H]3CC[C@@H]2C1=O,5.301667514914704,ncgc
CCN1C(=O)[C@H]2[C@H]3[C@H](O)[C@H](O)C/C(=N/OC[C@@H]4O[C@H](c5ccccc5)C=C[C@@H]4Oc4ccc(OC)cc4)[C@@H]3CC[C@@H]2C1=O,4.701667552503337,ncgc
CCN1C(=O)[C@H]2[C@H]3[C@H](O)[C@H](O)C/C(=N/O[C@@H](C)CN4CCCCc5nc(C)c(C)cc54)[C@@H]3CC[C@@H]2C1=O,4.9969534480296955,ncgc;veith
CCN1C(=O)[C@H]2[C@H]3[C@H](O)[C@H](O)C/C(=N/O[C@@H](C)CN4CCCc5nc(C)c(C)cc54)[C@@H]3CC[C@@H]2C1=O,4.9969534480296955,ncgc;veith
CCN1C(=O)[C@H]2[C@H]3[C@H](O)[C@H](O)C/C(=N/O[C@@H]4O[C@@H](COC(C)=O)[C@@H](OC(C)=O)[C@@H](OC(C)=O)[C@H]4OC(C)=O)[C@@H]3CC[C@@H]2C1=O,5.001666312269612,ncgc
CCN1C(=O)[C@H]2[C@H]3[C@H](O)[C@H](O)C/C(=N/O[C@@H]4O[C@@H](COC(C)=O)[C@@H](OC(C)=O)[C@@H](OC(C)=O)[C@H]4OC(C)=O)[C@H]3CC[C@@H]2C1=O,4.9969534480296955,ncgc;veith
CCN1C(=O)[C@H]2[C@H]3[C@H](O)[C@H](O)C/C(=N/O[C@@H]4O[C@H](COC(C)=O)[C@@H](OC(C)=O)[C@H](OC(C)=O)[C@H]4OC(C)=O)[C@@H]3CC[C@@H]2C1=O,4.89695369244143,ncgc;veith
CCN1C(=O)c2ccccc2C1Nc1ccc(OCCN2CCCCC2)cc1,4.43441675507263,tox21
CCN1C(C)=C(C(=O)OC)C(c2ccccc2)N2C(=O)[C@](O)(C(=O)OC)C(c3ccccc3)C(C(=O)c3ccccc3)=C12,5.001666312269612,ncgc
CCN1C/C(=C\c2cccc(C)c2)c2nc3ccccc3c(C(=O)O)c2C1,4.242240761051421,veith
CCN1CC(CCN2CCOCC2)C(c2ccccc2)(c2ccccc2)C1=O,5.718494241226519,challenge;pharmabench
CCN1CC(CCN2CCOCC2)C(c2ccccc2)(c2ccccc2)C1=O.Cl,5.484411373980493,tox21
CCN1CCC2(CC1)COc1cc3c(cc12)N(C(=O)c1ccc(-c2ccc(-c4nnc(C)o4)cc2C)cc1)CC3.Cl,4.1080445042843134,tox21
CCN1CCCC(OC(=O)C(c2ccccc2)c2ccccc2)C1.Cl,5.384419798316951,tox21
CCN1CCCC1=O,3.8257378767403756,tox21
CCN1CCCC1CN(Cc1ccc(O)cc1)C(=O)c1nccc2ccsc12,4.914337806992346,challenge
CCN1CCCC1CNC(=O)C(O)(c1ccccc1)c1ccccc1,4.9344127982132715,tox21
CCN1CCCC1CNC(=O)CSCc1nc(-c2ccccc2C)oc1C,4.542240874986129,veith
CCN1CCCC1CNC(=O)c1cc(S(=O)(=O)CC)c(N)cc1OC,4.634418806116886,tox21
CCN1CCCC1CNC(=O)c1cc(S(N)(=O)=O)ccc1OC,4.073252490208837,tox21
CCN1CCCC1Cn1cnc2c([nH]c3ccc(C)cc32)c1=O,4.842240508595863,veith
CCN1CCCCC(=N/O)/C(=N/O)CCCC1,5.296954647425311,ncgc;veith
CCN1CCC[C@@H](OC(=O)C(c2ccccc2)c2ccccc2)C1,5.296954647425311,ncgc;veith
CCN1CCC[C@@H]1CNC(=O)c1c(O)c(Cl)cc(Cl)c1OC.O=C(O)[C@@H](O)[C@@H](O)C(=O)O,3.9969548213840747,ncgc;veith
CCN1CCC[C@@H]1CNC(=O)c1c(OC)ccc(I)c1O,6.201726480298539,ncgc
CCN1CCC[C@@H]1CNC(=O)c1cc(S(N)(=O)=O)ccc1OC,3.9016695663778864,ncgc
CCN1CCC[C@H]1CNC(=O)c1c(O)c(Cl)cc(Cl)c1OC,4.4427750632173595,ncgc;tox21;veith
CCN1CCC[C@H]1CNC(=O)c1c(OC)ccc(Br)c1OC,5.459461763077697,ncgc;tox21;veith
CCN1CCC[C@H]1CNC(=O)c1cc(S(N)(=O)=O)ccc1OC,4.192775348525143,ncgc;tox21;veith
CCN1CCCc2cc(-c3nc4cc(S(N)(=O)=O)ccc4n3C)ccc21,1.9969672449923452,challenge
CCN1CCN(C(=S)c2ccc(Br)cc2)CC1,5.492240905132714,veith
CCN1CCN(C(c2ccccn2)c2c(NC(=O)c3ccccc3)sc(C)c2C)CC1,4.342240150210577,veith
CCN1CCN(C2CCN(C(=O)CCc3ccncc3)C2)CC1,4.6624070299923455,challenge
CCN1CCN(CCCNC(=O)c2cc3cc4ccc(OC)cc4nc3o2)CC1,5.342240150210578,veith
CCN1CCN(Cc2cc(OC)c(OC)cc2[N+](=O)[O-])CC1,4.692241142242068,veith
CCN1CCN(c2cc(-c3ccc(F)cc3)c3c(n2)CCCCCC3)CC1,4.7456498845557045,tox21
CCN1CCN(c2ccc(NC(=O)C(C)C)cc2Cl)CC1,4.342240150210577,veith
CCN1CCN(c2nc(C)nc3sc(-c4ccccc4)cc23)CC1,4.942207587741032,pharmabench
CCN1CCN(c2nc3ccccc3s2)CC1,4.3922393223313625,veith
CCN1CCN(c2nn3c(=O)c4ccccc4nc3c3ccccc23)CC1,4.342240150210577,veith
CCN1CCOC(C(=O)Nc2cccc(C(=O)Nc3ccncc3)c2)C1,4.375457039992345,challenge
CCN1CCOCC1,4.281464584672007,tox21
CCN1CCc2cc(C3=CC4(CCNCC4)Oc4ccccc43)ccc2C1=O,4.972170811118475,pharmabench
CCN1CCc2nc(N)oc2CC1.Cl.Cl,4.43441675507263,tox21
CCN1CCc2nc(NC(=O)CC(c3ccccc3)c3ccccc3)sc2C1,5.992240583789779,veith
CCN1C[C@H]2CCCC[C@@]2(c2ccc(Cl)c(Cl)c2)C1,6.021388833788657,pharmabench
CCN1C[C@H]2C[C@@H](N(Cc3ccc(F)c(C(F)(F)F)c3)C(=O)c3cn(C)cn3)C[C@H]2C1,5.164056337357388,pharmabench
CCN1C[C@H]2C[C@@H](N(Cc3cccc(OC(F)(F)F)c3)C(=O)c3cn(C)cn3)C[C@H]2C1,5.377936157302469,pharmabench
CCN=C(Nc1cccc(F)c1)SC1CC(=O)N(c2ccc(OC)cc2)C1=O,4.342240150210577,veith
CCN=C1NN=C(c2ccc(C)cc2)CS1,4.342240150210577,veith
CCN=C=NCCCN(C)C,6.80183165445406,ncgc
CCNC(=O)CN1C(=O)C(C)(c2cc(F)cc(F)c2)Oc2ccc(-c3c(N)nc(N)nc3CC)cc21,5.14286703828745,pharmabench
CCNC(=O)N1CCN(CCCC(c2ccc(F)cc2)c2ccc(F)cc2)CC1,4.401667797519954,ncgc
CCNC(=O)N1CCN(CCCC(c2ccc(F)cc2)c2ccc(F)cc2)CC1.Cl,4.884412652001449,tox21
CCNC(=O)N1CC[C@@H](CN2CCC[C@@H](Cc3ccc(F)cc3)C2)[C@H](NC(=O)Nc2nc(C)c(C(C)=O)s2)C1,5.377936157302469,pharmabench
CCNC(=O)N1CC[C@@H](NC(=O)Nc2nc(C)c(C(C)=O)s2)[C@H](CN2CCC[C@@H](Cc3ccc(F)cc3)C2)C1,6.18887992108242,pharmabench
CCNC(=O)NCCCOc1cccc(CN2CCCCC2)c1,4.43441675507263,tox21
CCNC(=O)[C@H]1O[C@H](n2cnc3c(N)nc(NCCc4ccc(CCC(=O)O)cc4)nc32)[C@@H](O)[C@@H]1O,4.396953559925658,ncgc;veith
CCNC(=O)c1ccc(-n2nc(C(F)(F)F)c3c2CCCC3)cc1,4.542240874986129,veith
CCNC(=O)c1ccc(C2=CC3(CCNCC3)Oc3ccccc32)cc1,6.469938835815781,pharmabench
CCNC(=O)c1ccc(N2CCC(NC(=O)c3ccc(C)s3)CC2)nc1,4.621851127992346,challenge
CCNC(=S)NC1CC2CCCC(C1)N2Cc1ccco1,5.192241409015731,veith
CCNC(C)(C)[C@@H](SS)c1ccc(Br)cc1,5.196951293391612,ncgc;veith
CCNC(C)Cc1ccc2c(c1)OCO2.Cl,6.242352819640705,tox21
CCNCC1(O)Cc2ccccc2C1Oc1ccccc1C,5.305385490153857,pharmabench
CCNCc1cc(Nc2ccnc3cc(Cl)ccc23)ccc1O,4.613148868476807,pharmabench
CCNCc1cc(OCC)c(OCC(=O)NCCc2ccccc2)cc1Cl.Cl,4.3922393223313625,veith
CCNCc1ccc(Nc2ccnc3cc(Cl)ccc23)cc1O,4.887849925418439,pharmabench
CCNP(=S)(OC)O/C(C)=C/C(=O)OC(C)C,4.123251823480467,tox21
CCNS(=O)(=O)c1ccc(C)cc1,3.7609969460626287,tox21
CCNS(=O)(=O)c1ccc(CC(=O)N[C@H]2C[C@H](c3ccc(Cl)cc3)C2)cc1,2.2717083799923454,challenge
CCN[C@@H](C)Cc1cccc(C(F)(F)F)c1.Cl,5.184424060232335,tox21
CCN[C@@H](C)Cc1ccccc1.Cl,4.77652428096555,tox21
CCN[C@@H]1C[C@H](N)[C@@H](OC2OC(CN)=CCC2N)[C@H](O)[C@H]1O[C@H]1OC[C@](C)(O)[C@H](NC)[C@H]1O.CCN[C@@H]1C[C@H](N)[C@@H](OC2OC(CN)=CCC2N)[C@H](O)[C@H]1O[C@H]1OC[C@](C)(O)[C@H](NC)[C@H]1O.O=S(=O)(O)O.O=S(=O)(O)O.O=S(=O)(O)O.O=S(=O)(O)O.O=S(=O)(O)O,6.434508010266986,tox21
CCN[C@H](C)Cc1cccc(C(F)(F)F)c1.Cl,5.2250318500730195,tox21
CCN[C@H]1CC[C@@H](c2c[nH]c3ccc(NC(=N)c4cccs4)cc32)CC1,5.452249108316197,pharmabench
CCNc1cc(C(=O)N[C@@H](Cc2ccccc2)[C@H](O)CNCc2cccc(C(F)(F)F)c2)c(F)c(N2CCCC2=O)c1,4.377936157302469,pharmabench
CCNc1cc(C(=O)N[C@@H](Cc2ccccc2)[C@H](O)CNCc2cccc(C(F)(F)F)c2)c(F)c(N2CCCCS2(=O)=O)c1,4.62693715296244,pharmabench
CCNc1cc(CNC(=O)Nc2ccncc2C)ccn1,5.364314719992346,challenge
CCNc1cc(O)ccc1C,3.977877968326224,tox21
CCNc1cc2oc3cc(=[NH+]CC)c(C)cc-3c(-c3ccccc3C(=O)OCC)c2cc1C.[Cl-],4.323961594279351,tox21
CCNc1ccc(Br)cc(C(=O)/C=C/c2ccc3c(c2)OCO3)c1=O,4.542240874986129,veith
CCNc1cccc(C)c1,3.7401750061717056,tox21
CCNc1nc(C(=O)N2CCc3cc(Cl)ccc3C2)cs1,4.673633564992346,challenge
CCNc1nc(Cl)nc(NC(C)C)n1,3.77823546964692,tox21
CCNc1nc(Cl)nc(NCC)n1,4.0730046314078825,tox21
CCNc1ncc2nc(-c3cc(F)cc(F)c3)c(=O)n(-c3ccc(OC)cc3)c2n1,6.296940946851727,ncgc;veith
CCNc1ncc2nc(-c3cc(F)cc(F)c3)c(=O)n(-c3ccccc3)c2n1,6.4969551427270105,ncgc;veith
CCNc1ncc2nc(-c3cc(F)cc(F)c3)c(=O)n(C3CC3)c2n1,5.996974049257448,ncgc;veith
CCNc1ncc2nc(-c3cc(F)cc(F)c3)c(=O)n(CCC#N)c2n1,6.69694058165962,ncgc;veith
CCNc1ncc2nc(-c3cc(F)cc(F)c3)c(=O)n(CCOC)c2n1,5.996974049257448,ncgc;veith
CCNc1ncc2nc(-c3cc(F)cc(F)c3)c(=O)n(CCc3ccccc3)c2n1,4.2969560175302135,ncgc;veith
CCNc1ncc2nc(-c3cc(F)cc(F)c3)c(=O)n(C[C@H]3CCCO3)c2n1,6.296940946851727,ncgc;veith
CCNc1ncc2nc(-c3ccc(Cl)cc3)c(=O)n(-c3ccc(OC)cc3)c2n1,5.69694058165962,ncgc;veith
CCNc1ncc2nc(-c3ccc(Cl)cc3)c(=O)n(C)c2n1,4.101668763344926,ncgc
CCNc1ncc2nc(-c3ccc(Cl)cc3)c(=O)n(Cc3cccs3)c2n1,4.101668763344926,ncgc
CCNc1ncc2nc(-c3ccc(F)cc3)c(=O)n(-c3ccc(OC)cc3)c2n1,6.296940946851727,ncgc;veith
CCNc1ncc2nc(-c3ccc(F)cc3)c(=O)n(-c3ccccc3)c2n1,6.4969551427270105,ncgc;veith
CCNc1ncc2nc(-c3ccc(F)cc3)c(=O)n(CCC#N)c2n1,6.4969551427270105,ncgc;veith
CCNc1ncc2nc(-c3ccc(F)cc3)c(=O)n(CCOC)c2n1,4.89695369244143,ncgc;veith
CCNc1ncc2nc(-c3ccc(F)cc3)c(=O)n(C[C@H]3CCCO3)c2n1,5.69694058165962,ncgc;veith
CCNc1ncc2nc(-c3cccc(C#N)c3)c(=O)n(C)c2n1,5.196951293391612,ncgc;veith
CCNc1ncc2nc(-c3cccc(C#N)c3)c(=O)n(CCC#N)c2n1,6.99711144074634,ncgc;veith
CCNc1ncc2nc(-c3ccccc3)c(=O)n(-c3ccc(OC)cc3)c2n1,5.396958734553992,ncgc;veith
CCNc1ncc2nc(-c3ccccc3)c(=O)n(C3CC3)c2n1,5.396958734553992,ncgc;veith
CCNc1ncc2nc(-c3ccccc3)c(=O)n(CCC#N)c2n1,5.7969497127886624,ncgc;veith
CCNc1ncc2nc(-c3ccccc3)c(=O)n(CCOC)c2n1,4.9969534480296955,ncgc;veith
CCNc1ncc2nc(-c3ccccc3)c(=O)n(CCc3ccccc3)c2n1,4.4969551427270105,ncgc;veith
CCNc1ncc2nc(-c3ccccc3)c(=O)n(C[C@H]3CCCO3)c2n1,5.396958734553992,ncgc;veith
CCNc1ncc2nc(-c3cccs3)c(=O)n(-c3ccccc3)c2n1,4.401667797519954,ncgc
CCNc1ncc2nc(-c3cccs3)c(=O)n(CCC#N)c2n1,5.396958734553992,ncgc;veith
CCNc1ncc2nc(-c3cccs3)c(=O)n(CCc3ccccc3)c2n1,4.201669884204322,ncgc
CCNc1ncc2nc(-c3cccs3)c(=O)n(C[C@H]3CCCO3)c2n1,6.196983944657134,ncgc;veith
CCNc1ncc2nc(-c3cccs3)c(=O)n(Cc3ccc(F)cc3)c2n1,4.00166905897837,ncgc
CCNc1ncc2nc(-c3cn(C)c4ccccc34)c(=O)n(-c3ccccc3)c2n1,4.101668763344926,ncgc
CCNc1ncc2nc(-c3cn(C)c4ccccc34)c(=O)n(C)c2n1,4.396953559925658,ncgc;veith
CCNc1ncc2nc(-c3cn(C)c4ccccc34)c(=O)n(CCC#N)c2n1,4.89695369244143,ncgc;veith
CCNc1ncc2nc(C)c(=O)n(C)c2n1,3.9016695663778864,ncgc
CCNc1ncc2nc(C)c(=O)n(C[C@H]3CCCO3)c2n1,3.9016695663778864,ncgc
CCNc1ncc2nc(C)c(=O)n(Cc3cccc(OC)c3)c2n1,4.101668763344926,ncgc
CCNc1ncc2nc(CCc3ccccc3)c(=O)n(-c3ccc(OC)cc3)c2n1,6.096945016706242,ncgc;veith
CCNc1ncc2nc(CCc3ccccc3)c(=O)n(-c3ccccc3)c2n1,6.4969551427270105,ncgc;veith
CCNc1ncc2nc(CCc3ccccc3)c(=O)n(C)c2n1,5.296954647425311,ncgc;veith
CCNc1ncc2nc(CCc3ccccc3)c(=O)n(C3CC3)c2n1,5.896959146963251,ncgc;veith
CCNc1ncc2nc(CCc3ccccc3)c(=O)n(CCC#N)c2n1,6.296940946851727,ncgc;veith
CCNc1ncc2nc(CCc3ccccc3)c(=O)n(CCOC)c2n1,5.896959146963251,ncgc;veith
CCNc1ncc2nc(CCc3ccccc3)c(=O)n(C[C@H]3CCCO3)c2n1,6.69694058165962,ncgc;veith
CCNc1ncc2ncc(=O)n(CCc3ccccc3)c2n1,4.101668763344926,ncgc
CCNc1ncc2ncc(=O)n(Cc3cccs3)c2n1,4.396953559925658,ncgc;veith
CCO.Cn1c2c(c(=O)n(C)c1=O)C1(C(=O)Nc3ccccc31)C(C#N)=C(N)O2,4.342240150210577,veith
CCO/N=C(\CC)C1=C(O)CC(c2c(C)cc(C)cc2C)CC1=O,4.723251101656649,tox21
CCOC(=N)CC(=O)OCC.Cl,3.7703799499872668,tox21
CCOC(=O)/C(C#N)=C1/SC(CC)C(=O)N1c1ccc(Br)cc1,4.442240306846953,veith
CCOC(=O)/C=C(C)/C=C/C=C(C)/C=C/c1c(C)cc(OC)c(C)c1C,4.084417373518855,tox21
CCOC(=O)/C=C(C)/C=C/C[C@@H](C)CCCC(C)C,3.8732518948441816,tox21
CCOC(=O)/C=C/C(=O)O,3.8478469271311786,tox21
CCOC(=O)/C=C1\NC(C)(C)Cc2cc(OC)c(O)cc21,4.3922393223313625,veith
CCOC(=O)C(=CNc1cccc(C)c1C)C(=O)OCC,5.292241779935917,veith
CCOC(=O)C(=CNc1ncccc1C)C(=O)OCC,4.542240874986129,veith
CCOC(=O)C(=O)CCCCCCl,3.9844173999188213,tox21
CCOC(=O)C(=O)CCc1ccccc1,4.0344169708398665,tox21
CCOC(=O)C(=O)OCC,3.9732520511108227,tox21
CCOC(=O)C(=O)c1csc(NC=O)n1,4.084417373518855,tox21
CCOC(=O)C(C#N)=C(c1ccccc1)c1ccccc1,3.9732520511108227,tox21
CCOC(=O)C(C)(C)Oc1ccc(Cl)cc1,4.523267141992346,challenge
CCOC(=O)C(C)OC(=O)c1cc(Oc2ccc(C(F)(F)F)cc2Cl)ccc1[N+](=O)[O-],4.274317040859441,tox21
CCOC(=O)C(C)Oc1ccc(Oc2cnc3cc(Cl)ccc3n2)cc1,3.982130862866639,tox21
CCOC(=O)C(Cl)Cc1cc(-n2nc(C)n(C(F)F)c2=O)c(F)cc1Cl,3.773251730425014,tox21
CCOC(=O)C(F)(F)F,4.023251954306619,tox21
CCOC(=O)C(O)(c1ccc(Cl)cc1)c1ccc(Cl)cc1,3.968666275246247,tox21
CCOC(=O)C(SP(=S)(OC)OC)c1ccccc1,3.923251608931447,tox21
CCOC(=O)C1(S(=O)(=O)c2ccc(Cl)cc2)CCN(Cc2ccc(Cl)cc2)CC1,4.942241381558047,veith
CCOC(=O)C1(S(=O)(=O)c2ccccc2)CCN(Cc2ccccc2)CC1,5.192241409015731,veith
CCOC(=O)C1(c2ccccc2)CCN(CCC(C#N)(c2ccccc2)c2ccccc2)CC1.Cl,4.984415167151363,tox21
CCOC(=O)C1(c2ccccc2)CCN(CCc2ccc(N)cc2)CC1,4.9344127982132715,tox21
CCOC(=O)C1=C(C)N=C2c3ccccc3C(=O)C2C1c1ccc(Cl)cc1,4.292241779935917,veith
CCOC(=O)C1=C(C)NC(C)=C(C(=O)OC)C1c1cccc(Cl)c1Cl,2.5847873729923454,challenge
CCOC(=O)C1=C(C)NC(C)=C(C(=O)OC)[C@H]1c1cccc(Cl)c1Cl,3.9969548213840747,ncgc;veith
CCOC(=O)C1=C(C)NC(C)=C(C(=O)OC)[C@H]1c1cccc([N+](=O)[O-])c1,4.301669071833116,ncgc
CCOC(=O)C1=C(O)C(=O)N(Cc2ccccc2)C1,3.9969548213840747,ncgc;veith
CCOC(=O)C1=C(c2ccccc2)N=c2s/c(=C\c3cccc(O)c3)c(=O)n2C1c1cccs1,4.992240583789779,veith
CCOC(=O)C1=C(c2ccccc2)N=c2s/c(=C\c3ccco3)c(=O)n2C1c1cccs1,4.292241779935917,veith
CCOC(=O)C1=C2SCC(=O)N2C(N)=C(C#N)C1,4.442240306846953,veith
CCOC(=O)C1=C[C@@H](OC(CC)CC)[C@H](NC(C)=O)[C@@H](N)C1,4.892280236992345,challenge
CCOC(=O)C1=C[C@@]2(CC)CCCN3CCc4c(n1c1ccccc41)[C@H]32,4.496954850841339,ncgc;veith
CCOC(=O)C1=C[C@]2(CC)CCCN3CCc4c(n1c1ccccc41)[C@@H]32,4.884412652001449,tox21
CCOC(=O)C1=NN(c2ccc(Cl)cc2Cl)C(C)(C(=O)OCC)C1,3.9732520511108227,tox21
CCOC(=O)C1C(=O)C=C(/C=C/c2ccccc2)CC1c1ccc(Cl)cc1,4.642240772861618,veith
CCOC(=O)C1CCCN(C/C=C/c2ccccc2[N+](=O)[O-])C1,6.642240772861618,veith
CCOC(=O)C1CCN(C(=O)C23CC4CC(CC(C4)C2)C3)CC1,4.292241779935917,veith
CCOC(=O)C1Cc2c([nH]c3ccccc23)CN1.Cl,4.3922393223313625,veith
CCOC(=O)C1OC1(C)c1ccccc1,3.619721115360927,tox21
CCOC(=O)CBr,3.971130103673697,tox21
CCOC(=O)CC(NC(=O)c1cccs1)c1ccc(OCC)cc1,4.342240150210577,veith
CCOC(=O)CCCNC(=O)CCCNC(=O)C(c1ccccc1)c1ccccc1,5.542240874986129,veith
CCOC(=O)CCCc1c[nH]c2ccccc12,4.242240761051421,veith
CCOC(=O)CCN(SN(C)C(=O)Oc1cccc2c1OC(C)(C)C2)C(C)C,3.773251730425014,tox21
CCOC(=O)CCN1C(=O)[C@H]2[C@@H]3[C@H](O)[C@H](O)CC(=O)[C@H]3CC[C@H]2C1=O,5.1016670343933495,ncgc
CCOC(=O)CCN1C(=O)[C@H]2[C@H]3[C@H](O)[C@H](O)C/C(=N/NC(=O)OCc4ccc(OC)cc4)[C@@H]3CC[C@@H]2C1=O,5.1016670343933495,ncgc
CCOC(=O)CCN1C(=O)[C@H]2[C@H]3[C@H](O)[C@H](O)C/C(=N/O[C@@H]4O[C@@H](COC(C)=O)[C@@H](OC(C)=O)[C@@H](OC(C)=O)[C@H]4OC(C)=O)[C@@H]3CC[C@@H]2C1=O,4.9969534480296955,ncgc;veith
CCOC(=O)CCN1C(=O)[C@H]2[C@H]3[C@H](O)[C@H](O)C/C(=N/O[C@@H]4O[C@@H](COC(C)=O)[C@@H](OC(C)=O)[C@@H](OC(C)=O)[C@H]4OC(C)=O)[C@H]3CC[C@@H]2C1=O,4.9969534480296955,ncgc;veith
CCOC(=O)CCc1ccc(OCC(O)CNC(C)(C)Cc2c[nH]c3ccccc23)c(C#N)c1,5.097109547726775,pharmabench
CCOC(=O)CCc1ccc(OC[C@H](O)CNC(C)(C)Cc2ccc3ccccc3c2)c(C#N)c1,7.942207587741032,pharmabench
CCOC(=O)CN.Cl,3.723251713511802,tox21
CCOC(=O)CNc1c(-c2ccccc2)nc2ccc(Cl)cn12,4.592241033466911,veith
CCOC(=O)COC(=O)c1cc(Oc2ccc(C(F)(F)F)cc2Cl)ccc1[N+](=O)[O-],4.373252267075299,tox21
CCOC(=O)COc1cc(-c2nn(C)c(OC(F)F)c2Cl)c(F)cc1Cl,4.573250733112706,tox21
CCOC(=O)COc1cc(-n2ncc(C(F)(F)F)c(C)c2=O)c(F)cc1Cl,3.773251730425014,tox21
CCOC(=O)COc1ccc2c(C)c(CCN(CC)CC)c(=O)oc2c1Cl.Cl,4.3344172940778565,tox21
CCOC(=O)COc1ccc2c(c1)CC(NCC(O)c1cccc(Cl)c1)CC2.Cl,5.719534734250389,tox21
CCOC(=O)CSC1=C(C#N)C(c2sccc2C)C(C(C)=O)=C(C)N1,3.9422413815580466,veith
CCOC(=O)CSc1cc(CS(=O)c2ccc(Cl)cc2)nc(-c2ccccc2)n1,4.342240150210577,veith
CCOC(=O)C[C@@H](C(=O)OCC)[C@@H]1CCCCC1=O,4.701667552503337,ncgc
CCOC(=O)C[n+]1c(C)sc2ccc(OC)cc21.[Br-],4.3922393223313625,veith
CCOC(=O)Cc1csc(NC(=O)CCCCCN2C(=O)c3ccccc3C2=O)n1,4.342240150210577,veith
CCOC(=O)N(C)C(=O)CSP(=S)(OCC)OCC,4.123251823480467,tox21
CCOC(=O)N(Cc1ccccc1-c1ccccc1)[C@H]1CCNC1,5.605902135127331,pharmabench
CCOC(=O)N/N=C1/C[C@@H](O)[C@@H](O)[C@@H]2[C@@H]3C(=O)N(C4CCCCC4)C(=O)[C@H]3CC[C@@H]12,4.801666983179052,ncgc
CCOC(=O)N/N=C1/C[C@@H](O)[C@@H](O)[C@@H]2[C@@H]3C(=O)N(Cc4ccccc4)C(=O)[C@H]3CC[C@@H]12,4.901666293693565,ncgc
CCOC(=O)N1CCC(=C2c3ccc(Cl)cc3CCc3cccnc32)CC1,3.5858521793110563,challenge;ncgc;tox21
CCOC(=O)N1CCC(Nc2ccc(Cl)cc2N)CC1,4.384416994074168,tox21
CCOC(=O)N1CCN(C(=O)CNCc2cccs2)CC1.O=C(O)C(=O)O,4.892241091189295,veith
CCOC(=O)N1CCN(Cc2nc3c(c(=O)[nH]c(=O)n3C)n2Cc2ccccc2C)CC1,4.3922393223313625,veith
CCOC(=O)N1CCN(c2c(-c3ccccc3)c3cc(Cl)ccc3[nH]c2=O)CC1,5.942241381558047,veith
CCOC(=O)N1CCN(c2nc(-c3ccco3)cc(C(F)(F)F)n2)CC1,4.342240150210577,veith
CCOC(=O)N1CC[C@H](N(Cc2cc(F)ccc2C)c2ccc(C#N)c(Cl)c2)C1,4.076906161638488,pharmabench
CCOC(=O)NNc1nncc2ccccc12,4.401667797519954,ncgc
CCOC(=O)NNc1nncc2ccccc12.Cl,4.078834403632066,tox21
CCOC(=O)Nc1ccc(C(=O)Oc2ccccc2)c(O)c1,4.092240288156335,veith
CCOC(=O)Nc1ccc(NCc2ccc(F)cc2)nc1N,3.9969548213840747,ncgc;veith
CCOC(=O)Nc1ccc(NCc2ccc(F)cc2)nc1N.O=C(O)/C=C\C(=O)O,4.884412652001449,tox21
CCOC(=O)Nc1ccc(S(=O)(=O)NCc2ccccc2)cc1,4.342240150210577,veith
CCOC(=O)Nc1ccc2c(c1)N(C(=O)CCN1CCOCC1)c1ccccc1S2.Cl,4.184416982767381,tox21
CCOC(=O)OC(C)OC(=O)[C@@H]1N2C(=O)[C@@H](NC(=O)[C@H](N)c3ccccc3)[C@H]2SC1(C)C.Cl,4.43441675507263,tox21
CCOC(=O)OCC,4.006174808809876,tox21
CCOC(=O)OCC/C(SC(=O)OCC)=C(\C)N(C=O)Cc1cnc(C)nc1N.Cl,5.184424060232335,tox21
CCOC(=O)OCC1C=C[C@H](c2cc(-c3ccccc3)ccc2O)C(c2ccc(C(C)=O)cc2)O1,4.701667552503337,ncgc
CCOC(=O)OCC1OC(C#Cc2ccc(C(C)(C)C)cc2)C=CC1OC(=O)OCC,4.601668415167836,ncgc
CCOC(=O)OCC1OC(C#Cc2ccccc2)C=CC1Oc1cccc(N(C)C)c1,4.901666293693565,ncgc
CCOC(=O)O[C@H](C)OC(=O)c1ccc2c(c1)cc(C(=O)NC1CCN(C(C)C)CC1)n2Cc1cc(-c2ccc(Cl)s2)on1.Cl,4.052769199574686,tox21
CCOC(=O)O[C@]1(C(=O)COC(=O)CC)CC[C@@H]2[C@@H]3CCC4=CC(=O)C=C[C@@]4(C)[C@H]3[C@H](O)C[C@]21C,4.396953559925658,ncgc;veith
CCOC(=O)[C@@H](C)Oc1ccc(Oc2nc3ccc(Cl)cc3o2)cc1,3.9732520511108227,tox21
CCOC(=O)[C@@](C)(N)Cc1ccc(O)c(O)c1.Cl,4.484418434588723,tox21
CCOC(=O)[C@H](CCc1ccccc1)N[C@H]1CS[C@H](c2cccs2)CN(CC(=O)O)C1=O.Cl,4.059012051094227,tox21
CCOC(=O)[C@H](N)/C=C(\C)CP(=O)(O)O,5.196951293391612,ncgc;veith
CCOC(=O)[C@]1(C(NC(=O)OC)c2cccc(F)c2)CCCC1=O,4.901666293693565,ncgc
CCOC(=O)[C@]1(c2ccccc2)Oc2ccccc2[C@@H]1N,6.273357101004241,tox21
CCOC(=O)c1[nH]c(C(=O)O)c(CCN(CC)CC)c1C,4.892241091189295,veith
CCOC(=O)c1[nH]c(C)c(C(=O)OCC(=O)N2c3ccccc3CC2C)c1C,4.442240306846953,veith
CCOC(=O)c1[nH]c(C)c(CN(CCc2ccccc2)C(=O)CCC(=O)O)c1C,4.342240150210577,veith
CCOC(=O)c1[nH]c(COC(=O)CCOc2ccccc2OC)c(C(=O)OCC)c1C,4.292241779935917,veith
CCOC(=O)c1[nH]c2cc3c(cc2c1NC(=O)CN1CCc2ccccc2C1)OCO3,4.942241381558047,veith
CCOC(=O)c1[nH]c2ccc(OC)cc2c1NC(=O)c1ccc2c(c1)OCO2,4.342240150210577,veith
CCOC(=O)c1c(-c2ccccc2)cn2ccccc12,4.992240583789779,veith
CCOC(=O)c1c(C(C)(C)C)oc2ccc(O)cc12,4.342240150210577,veith
CCOC(=O)c1c(C)[nH]c(C(=O)C(C)Sc2ccc(Cl)cc2)c1C,4.442240306846953,veith
CCOC(=O)c1c(C)[nH]c(C(=O)CSc2nnc(-c3cccs3)n2Cc2ccccc2)c1C,4.342240150210577,veith
CCOC(=O)c1c(C)[nH]c(C)c1C(=O)COC(=O)c1ccc(S(=O)(=O)N(CC)CC)cc1,4.04224135682174,veith
CCOC(=O)c1c(C)[nH]c(C)c1C(=O)COC(=O)c1cccc(S(=O)(=O)N(CC)CC)c1,4.242240761051421,veith
CCOC(=O)c1c(C)[nH]c2c1cc(O)c1ccccc12,4.992240583789779,veith
CCOC(=O)c1c(C)c(C(=O)N2CCCCCC2)c(C)n1C,4.442240306846953,veith
CCOC(=O)c1c(C)n(C)c2ccc(O)cc12,4.384416994074168,tox21
CCOC(=O)c1c(C)n(C)c2ccc(OC)c(NC(=O)CN3CCN(Cc4ccccc4)CC3)c12,4.742241156276297,veith
CCOC(=O)c1c(N)sc2c1CCN(Cc1ccccc1)C2,7.434508010266986,tox21
CCOC(=O)c1c(NC(=O)CSc2nnc(C)s2)sc2c1CCCCC2,4.592241033466911,veith
CCOC(=O)c1c(NC(=S)Nc2ccccc2)sc2c1CCN(CCc1ccccc1)C2,6.642240772861618,veith
CCOC(=O)c1cc(C(=O)OCC)cc(-n2cc(O)c(C(=O)OCC)n2)c1,4.992240583789779,veith
CCOC(=O)c1ccc(C2CCC(NC[C@H](O)COc3ccc(O)c(NS(C)(=O)=O)c3)CC2)cc1.Cl,3.8080449025213836,tox21
CCOC(=O)c1ccc(NC(=O)C2(c3ccccc3)CCCC2)cc1,4.992240583789779,veith
CCOC(=O)c1ccc(NC(=O)CN2CCCCC2)cc1,4.3344172940778565,tox21
CCOC(=O)c1ccc(Nc2nc(C(=O)OCC)nc3ccccc23)cc1,4.892241091189295,veith
CCOC(=O)c1ccc(OC(=O)CCCCCN=C(N)N)cc1,4.196955646610027,ncgc;veith
CCOC(=O)c1ccc(OC(=O)CCCCCN=C(N)N)cc1.CS(=O)(=O)O,6.05942789957471,ncgc;tox21;veith
CCOC(=O)c1ccc(S(=O)(=O)Nc2ccc3cn[nH]c3c2)cc1,4.3922393223313625,veith
CCOC(=O)c1cccc(NC(=O)COc2ccc([N+](=O)[O-])cc2)c1,5.342240150210578,veith
CCOC(=O)c1cn2nc(OP(=S)(OCC)OCC)cc2nc1C,4.173252039198229,tox21
CCOC(=O)c1cnc(SCCc2ccccc2)nc1N,5.192241409015731,veith
CCOC(=O)c1cnc2ccc(F)cc2c1N1CCN(C)CC1,4.8907511719923455,challenge
CCOC(=O)c1cnn(-c2ccc(C(C)C)cc2)c1NC(=O)C1CCC1,4.542240874986129,veith
CCOC(=O)c1nc(C(Cl)(Cl)Cl)n(-c2ccc(Cl)cc2Cl)n1,4.473252039336182,tox21
CCOC(=O)c1ncn2c1CN(C)C(=O)c1cc(F)ccc1-2,4.501669380321306,ncgc
CCOC(=O)c1nnn(-c2nc(OC)nc(N3CCCCC3)n2)c1-c1ccccc1,4.242240761051421,veith
CCOC(=O)c1oc2ccccc2c1NC(=O)c1ccc2c(c1)OCO2,4.942241381558047,veith
CCOC(=O)c1sc(C)c(C(=O)NCC(C)(C)CN(C)C)c1N,5.242240761051421,veith
CCOC(=O)c1sc(C)c2c(=O)n(Cc3ccc(Cl)cc3)c(C)nc12,4.542240874986129,veith
CCOC(=O)c1sc(NC(=O)CSc2n[nH]c(-c3ccc(Cl)cc3Cl)n2)c(C#N)c1C,4.04224135682174,veith
CCOC(=O)c1sc2nc(CC(=O)OC)nc(NCc3ccc(F)cc3)c2c1C,4.092240288156335,veith
CCOC(=S)SCC(=O)O,4.901666293693565,ncgc
CCOC(=S)SSC(=S)OCC,3.773251730425014,tox21
CCOC(C(=O)OCCCN(CC)CC)(c1ccccc1)c1ccccc1.Cl,5.192241409015731,veith
CCOC(C(=O)OCCN(C)C)(c1ccccc1)c1ccccc1,5.03442072867151,tox21
CCOC(CN1CCN(CC(C)C(=O)c2ccccc2)CC1)c1ccccc1.Cl.Cl,6.295633495715394,tox21
CCOC(CS(=O)(=O)N1CCCN(c2ccc(F)c(F)c2)CC1)C1CC1,5.253814739992346,challenge
CCOC1(c2nnc(Nc3ccc(OC(C)C)cc3)[nH]2)CCOC1,4.627922459992345,challenge
CCOC1CC(CNc2nc3cccc(F)c3n2C)(N2CCOCC2)C1,4.8875052549923454,challenge
CCOC1CC(N(C)CC(=O)Nc2nccs2)C12CCCCC2,5.635094694992346,challenge
CCOC1Oc2ccc(OS(C)(=O)=O)cc2C1(C)C,4.026806821561643,tox21
CCOCC(=O)O,4.068338953763957,tox21
CCOCC(C)O,4.023251954306619,tox21
CCOCC1(C(=O)c2cc(F)c3[nH]ccc3c2)CCNC1,4.806544985740959,pharmabench
CCOCCCN1CC(C(=O)NCCc2ccc(C)cc2)CC1=O,4.942241381558047,veith
CCOCCCn1c(=N)c(C(=O)NCc2ccc3c(c2)OCO3)cc2c(=O)n3cccc(C)c3nc21,5.992240583789779,veith
CCOCCN1CCC(OC(C)=O)C(C)C1.Cl,4.3922393223313625,veith
CCOCCN1CCN(c2c(C#N)cnc3c(Cl)cccc23)CC1C,4.641711944992346,challenge
CCOCCOC(C)=O,3.723251713511802,tox21
CCOCCn1c(N2CCCN(C)CC2)nc2ccccc21.O=C(O)/C=C/C(=O)O.O=C(O)/C=C/C(=O)O,4.684419053436598,tox21
CCOCc1cnc(C)nc1NCC(=O)c1c(C)[nH]c2ccccc12,4.3922393223313625,veith
CCOCn1c(-c2ccc(Cl)cc2)c(C#N)c(Br)c1C(F)(F)F,4.073252490208837,tox21
CCOP(=O)(CC)Oc1ccc([N+](=O)[O-])cc1,5.134423160747318,tox21
CCOP(=O)(Cl)Cl,3.9732520511108227,tox21
CCOP(=O)(NC(C)C)Oc1ccc(SC)c(C)c1,4.8732510305756955,tox21
CCOP(=O)(OCC)O/C(=C/Cl)c1ccc(Cl)cc1Cl,4.023251954306619,tox21
CCOP(=O)(OCC)OCC,4.030746111655144,tox21
CCOP(=O)(OCC)OP(=O)(OCC)OCC,4.070380001011512,tox21
CCOP(=O)(OCC)Oc1ccc([N+](=O)[O-])cc1,5.370614615445539,tox21
CCOP(=O)(OCC)Oc1nc(Cl)c(Cl)cc1Cl,4.825734003243955,tox21
CCOP(=O)(OCC)SCCSCC,3.883181778291463,tox21
CCOP(=O)(Sc1ccccc1)Sc1ccccc1,3.9732520511108227,tox21
CCOP(=O)([O-])OCC.CCn1cc[n+](C)c1,4.772895398361971,tox21
CCOP(=S)(CC)Sc1ccccc1,4.0750258571176765,tox21
CCOP(=S)(NC(C)C)Oc1ccccc1C(=O)OC(C)C,3.723251713511802,tox21
CCOP(=S)(OCC)O/N=C(\C#N)c1ccccc1,4.023251954306619,tox21
CCOP(=S)(OCC)Oc1cc(C)nc(C(C)C)n1,3.7704249635726903,tox21
CCOP(=S)(OCC)Oc1cc(C)nc(N(CC)CC)n1,3.8203799078315726,tox21
CCOP(=S)(OCC)Oc1ccc([N+](=O)[O-])cc1,4.101264068180027,tox21
CCOP(=S)(OCC)Oc1cnc2ccccc2n1,3.9732520511108227,tox21
CCOP(=S)(OCC)Oc1nc(Cl)c(Cl)cc1Cl,3.909842131582958,tox21
CCOP(=S)(OCC)Oc1nc(Cl)n(C(C)C)n1,3.72038000092905,tox21
CCOP(=S)(OCC)SC(CCl)N1C(=O)c2ccccc2C1=O,3.9732520511108227,tox21
CCOP(=S)(OCC)SCCS(=O)(=O)CC,4.773251043912272,tox21
CCOP(=S)(OCC)SCCSCC,4.259614284102168,tox21
CCOP(=S)(OCC)SCS(=O)(=O)C(C)(C)C,3.9732520511108227,tox21
CCOP(=S)(OCC)SCS(=O)(=O)CC,3.9732520511108227,tox21
CCOP(=S)(OCC)SCSCC,3.773251730425014,tox21
CCOP(=S)(OCC)SCSP(=S)(OCC)OCC,4.023251954306619,tox21
CCOP(=S)(OCC)SCSc1ccc(Cl)cc1,4.473252039336182,tox21
CCOP(=S)(OCC)SCn1nnc2ccccc2c1=O,4.023251954306619,tox21
CCOP(=S)(Oc1ccc([N+](=O)[O-])cc1)c1ccccc1,4.073252490208837,tox21
CCOP(=S)(Oc1cnc(C(C)(C)C)nc1)OC(C)C,4.023251954306619,tox21
CCOP(OCC)OCC,3.844383825091943,tox21
CCOS(=O)(=O)OCC,3.722543762081142,tox21
CCOS(C)(=O)=O,3.9648172305764975,tox21
CCO[C@@H]1O[C@H](C(COCc2ccccc2)OCc2ccccc2)[C@H](OCc2ccccc2)[C@H]1O,3.9844173999188213,tox21
CCO[C@H]1O[C@@H]([C@H](COCc2ccccc2)OCc2ccccc2)[C@@H](OCc2ccccc2)[C@H]1O,4.301670255124509,ncgc
CCO[Si](CC(C)C)(OCC)OCC,3.923251608931447,tox21
CCO[Si](CC)(OCC)OCC,3.723251713511802,tox21
CCO[Si](CCCCl)(OCC)OCC,3.9768070798519153,tox21
CCO[Si](CCCS)(OCC)OCC,3.9732520511108227,tox21
CCO[Si](CCCSSSSCCC[Si](OCC)(OCC)OCC)(OCC)OCC,4.022543240495432,tox21
CCOc1c(Cl)cc(C(=O)Nc2ccccc2-c2ccccc2)cc1Cl,7.3922393223313625,veith
CCOc1c(Cl)cc(Cl)cc1CNCCNCCO.Cl,4.292241779935917,veith
CCOc1c(OC(C)=O)ccc(/C=C/c2ccc3cccc(OC(C)=O)c3n2)c1[N+](=O)[O-],4.492240905132714,veith
CCOc1c(OC(C)=O)ccc(/C=C2\N=C(SCC)SC2=O)c1[N+](=O)[O-],4.442240306846953,veith
CCOc1c2c(c(OCC)c3ccccc13)C(=O)N(c1ccc(CC(=O)O)cc1)C2=O,3.7960795520627935,pharmabench
CCOc1c2ccc(C(=O)NC3CCCc4ccccc43)cc2nn1C,4.592241033466911,veith
CCOc1c2ccc(C(=O)NCCCCc3ccccc3)cc2nn1C,6.04224135682174,veith
CCOc1c2ccc(C(=O)NCCCCc3ccccc3)cc2nn1CC,5.592241033466911,veith
CCOc1c2ccc(C(=O)NCCc3cccs3)cc2nn1CC,5.142241126006169,veith
CCOc1c2ccc(C(=O)NCc3ccc(OC(F)(F)F)cc3)cc2nn1C,4.992240583789779,veith
CCOc1c2ccc(C(=O)NCc3ccc4c(c3)OCO4)cc2nn1CCOC,4.292241779935917,veith
CCOc1c2ccc(C(=O)NCc3ccccc3)cc2nn1CCOC,4.342240150210577,veith
CCOc1c2ccc(C(=O)N[C@H](C)C3CCCCC3)cc2nn1CC,4.492240905132714,veith
CCOc1cc(/C=C2\C(=O)N(Cc3ccc(C)cc3)C(C)=C2C(=O)OC)ccc1O,4.892241091189295,veith
CCOc1cc(/C=N/O)ccc1OS(=O)(=O)c1ccc(C)cc1,4.292241779935917,veith
CCOc1cc(C(C)(C)C)ccc1C1COC(c2c(F)cccc2F)=N1,4.83972325533265,tox21
CCOc1cc(C)c(S(=O)(=O)Nc2ccc3cn[nH]c3c2)cc1C,5.692241142242068,veith
CCOc1cc(CNCCCN2CCOCC2)cc(Br)c1OCC(=O)Nc1cccc(C(F)(F)F)c1.Cl,4.342240150210577,veith
CCOc1cc(CNCCO)cc(Br)c1OCc1ccccc1Cl.Cl,4.842240508595863,veith
CCOc1cc(CNCCc2ccc(S(N)(=O)=O)cc2)cc(Cl)c1OCc1ccccc1.Cl,5.942241381558047,veith
CCOc1cc(CNCCc2ccc(S(N)(=O)=O)cc2)ccc1OCc1ccc(Cl)cc1.Cl,4.542240874986129,veith
CCOc1cc(CNCc2cccs2)cc(Br)c1OC.Cl,6.3922393223313625,veith
CCOc1cc(CNc2ccc3c(c2)OCCO3)cc(Br)c1OCC,4.442240306846953,veith
CCOc1cc(Cl)ccc1CNC(=O)NCC1CCCCN(C)C1,5.441293241992346,challenge
CCOc1cc(N2CCC(Cc3c[nH]cn3)CC2)nc(C)n1,4.804042509992346,challenge
CCOc1cc(NC(=O)c2cccs2)c(OCC)cc1NC(=O)c1ccco1,5.642240772861618,veith
CCOc1cc(NC2CCN(CC3CCCC3)CC2)ncn1,4.561342822992346,challenge
CCOc1cc(OCC)c(C(C)=O)cc1OCC,3.7307457630538146,tox21
CCOc1cc(Oc2ccc(C(F)(F)F)cc2Cl)ccc1[N+](=O)[O-],4.995780661640177,tox21
CCOc1ccc(-c2cc(CCCC(=O)NCCc3ccc(OC)c(OC)c3OC)no2)cc1,4.642240772861618,veith
CCOc1ccc(-c2ccc(C(=O)N(C)[C@H]3CCN(C(=O)N4CC[C@@H](NC5CCC(C)(C)CC5)C4)C3)s2)cc1,4.319328984518327,pharmabench
CCOc1ccc(-c2nnc(-c3ccncc3)o2)cc1,4.3922393223313625,veith
CCOc1ccc(-n2c(C)nc3cc(C(=O)NCc4ccco4)ccc32)cc1,4.442240306846953,veith
CCOc1ccc(-n2c(Cc3ccccc3)nnc2SCc2c(C)noc2C)cc1,4.3922393223313625,veith
CCOc1ccc(-n2c(SCC(=O)Nc3ccc(OC)cc3)nc3c(c2=O)SCC3)cc1,4.292241779935917,veith
CCOc1ccc(-n2c(SCC(=O)Nc3ccc(OC)cc3OC)nc3c(c2=O)SCC3)cc1,5.142241126006169,veith
CCOc1ccc(-n2c(SCC(=O)Nc3ccc4c(c3)OCCO4)nc3c(c2=O)SCC3)cc1,4.542240874986129,veith
CCOc1ccc(/C(O)=C2/C(=O)C(=O)N(CCCn3ccnc3)C2c2cccs2)cc1Cl,4.342240150210577,veith
CCOc1ccc(/C=N/NC(=O)COc2ccccc2-c2ccccc2)cc1,5.092240288156335,veith
CCOc1ccc(C(=O)NC(=S)N(Cc2ccccc2)Cc2ccccc2)cc1,4.692241142242068,veith
CCOc1ccc(C(=O)Nc2ccc(Cl)cn2)cc1Cl,4.592241033466911,veith
CCOc1ccc(C(=O)Nc2ccccc2N2CCCC2)cc1,4.992240583789779,veith
CCOc1ccc(C(=O)OCCN(CC)CC)cc1,5.434413608683764,tox21
CCOc1ccc(C(C)(C)COCc2cccc(Oc3ccccc3)c2)cc1,4.023251954306619,tox21
CCOc1ccc(C2CCCN2Cc2c(C)nnn2CC)cc1,4.761829374992345,challenge
CCOc1ccc(CN(C(=O)c2oc3ccccc3c2C)C2CCS(=O)(=O)C2)cc1,4.342240150210577,veith
CCOc1ccc(CNC(=O)N2CCC(n3ccnc3)CC2)cc1,4.553717749992345,challenge
CCOc1ccc(CNC(=O)N2CCOC[C@@H]2CC(C)C)cc1F,4.481191254992345,challenge
CCOc1ccc(Cc2nc3cc(N=C=S)ccc3n2CCN(CC)CC)cc1,5.396958734553992,ncgc;veith
CCOc1ccc(Cc2nc3cc([N+](=O)[O-])ccc3n2CCN(CC)CC)cc1,5.402748388137404,tox21
CCOc1ccc(Cc2nccc3cc(OCC)c(OCC)cc23)cc1OCC.Cl,4.0344169708398665,tox21
CCOc1ccc(Cl)cc1CNCCNCC(C)O.Cl,4.992240583789779,veith
CCOc1ccc(Cl)cc1CNCCNCCO.Cl,4.442240306846953,veith
CCOc1ccc(N(C(=O)/C=C/C(=O)Nc2cc(C)on2)C(C(=O)NC2CCCC2)c2ccccc2C)cc1,4.342240150210577,veith
CCOc1ccc(N)c([N+](=O)[O-])c1,3.9732520511108227,tox21
CCOc1ccc(N2C(=O)C3C4C=CC(CC4)C3C2=O)c([N+](=O)[O-])c1,4.442240306846953,veith
CCOc1ccc(NC(=O)CC(C)=O)cc1,4.023251954306619,tox21
CCOc1ccc(NC(=O)CC(C)O)cc1,4.067964601586914,tox21
CCOc1ccc(NC(=O)N(C2CCCCC2)C(C)c2ccncc2)cc1,4.242240761051421,veith
CCOc1ccc(NC(=O)NC2CCc3nnc(C)n3C2)cc1OC,4.220513682992346,challenge
CCOc1ccc(NC(=O)OC(C)C)cc1OCC,4.023251954306619,tox21
CCOc1ccc(NC(=S)N(Cc2ccc(Cl)cc2)Cc2ccco2)cc1,4.592241033466911,veith
CCOc1ccc(NC(=S)N(Cc2ccc(N(C)C)cc2)Cc2ccco2)cc1,4.542240874986129,veith
CCOc1ccc(NC(C)=O)cc1,4.058697999807861,tox21
CCOc1ccc(NC(C)=O)cc1N,4.017263831567746,tox21
CCOc1ccc(NC2=NCC(=O)N2Cc2cccs2)cc1.Cl,4.642240772861618,veith
CCOc1ccc(OCCOCCN2CCc3ccccc3C2)cc1,5.442240306846952,veith
CCOc1ccc([N+](=O)[O-])cc1,3.716563281031502,tox21
CCOc1ccc2c(c1)C(C)=CC(C)(C)N2,5.096953661274842,ncgc;veith
CCOc1ccc2c(ccc(/C=C\c3cc(C)c4cccnc4c3O)[n+]2C)c1,4.9969534480296955,ncgc;veith
CCOc1ccc2nc(C)cc(Nc3ccc4c(c3)OCCO4)c2c1.Cl,5.292241779935917,veith
CCOc1ccc2nc(N3CCCCCC3)sc2c1,5.492240905132714,veith
CCOc1ccc2nc(SCc3ccccc3C#N)sc2c1,4.242240761051421,veith
CCOc1cccc(CNCCNC(=O)c2nonc2N)c1.Cl,5.142241126006169,veith
CCOc1cccc(N)c1,4.125382591484065,tox21
CCOc1cccc(NS(=O)(=O)c2ccnn2C2CCC2)n1,4.296957077992346,challenge
CCOc1cccc(OCCCNCCCOC)c1,4.442240306846953,veith
CCOc1ccccc1/C=N/NC(=O)Cc1csc(Nc2cccc(C(F)(F)F)c2)n1,4.142241126006169,veith
CCOc1ccccc1C(N)=O,4.462764951992345,challenge
CCOc1ccccc1C1C(C(N)=O)=C(C)Nc2nc(-c3ccc(OC)cc3)nn21,5.492240905132714,veith
CCOc1ccccc1CNCCN1CCOCC1.Cl,4.3922393223313625,veith
CCOc1ccccc1C[C@H](c1ccccc1)N1CCNCC1,3.9422075877410316,pharmabench
CCOc1ccccc1N,4.526092931718933,tox21
CCOc1ccccc1NC(=O)CCn1c(=O)oc2ccccc21,4.542240874986129,veith
CCOc1ccccc1NC(=O)CN1CCC(NC(=O)c2ccccc2)CC1,4.292241779935917,veith
CCOc1ccccc1NC(=O)CSc1nnc(-c2cnccn2)n1C,4.3922393223313625,veith
CCOc1ccccc1OCC1CNCCO1.Cl,4.284417077493321,tox21
CCOc1ccccc1OCCN[C@H](C)Cc1ccc(OC)c(S(N)(=O)=O)c1.Cl,4.484418434588723,tox21
CCOc1ccccc1O[C@@H](c1ccccc1)[C@@H]1CNCCO1,4.196955646610027,ncgc;veith
CCOc1ccccc1O[C@H](c1ccccc1)[C@H]1CNCCO1.CS(=O)(=O)O,4.834419399908713,tox21
CCOc1ccccc1Oc1coc2cc(OC)ccc2c1=O,5.792241107578132,veith
CCOc1cncc(CNc2ccc(C(F)(F)F)cc2)c1,4.652426819992345,challenge
CCOc1nc(NCCN2CCOCC2)nc(Nc2ccc(C)cc2)n1,4.442240306846953,veith
CCOc1ncccc1C(=O)Nc1cc(S(=O)(=O)Nc2cccc(Cl)c2)ccc1O,4.611851454992346,challenge
CCS(=O)(=O)C(C)(C)S(=O)(=O)CC,4.0344169708398665,tox21
CCS(=O)(=O)N(C)[C@@H]1c2cc(C#N)ccc2OC(C)(C)[C@H]1O,3.9969548213840747,ncgc;veith
CCS(=O)(=O)N(Cc1ccccc1-c1ccccc1)[C@H]1CCNC1,5.14286703828745,pharmabench
CCS(=O)(=O)N1CCC(C(=O)NCCN2CCN(Cc3ccccc3)CC2)CC1,4.342240150210577,veith
CCS(=O)(=O)N1CCC(C(=O)NCc2ccc(F)cc2Cl)CC1,4.342240150210577,veith
CCS(=O)(=O)N1CCN(C(=O)c2cnn(-c3ccncc3)c2)CC1,4.615341324992346,challenge
CCS(=O)(=O)N1CC[C@H](N(Cc2ccccc2C(F)(F)F)c2ccc(C#N)c(Cl)c2)C1,4.305385490153857,pharmabench
CCS(=O)(=O)Nc1cccc(C(=C2CCCCC2)c2cnc[nH]2)c1,4.596954724317373,ncgc;veith
CCS(=O)(=O)O.OC1C[C@H]2CC[C@H](C1)N2CCCN1c2ccccc2Sc2ccc(Cl)cc21,6.69694058165962,ncgc;veith
CCS(=O)(=O)c1cc2cc(C[C@](O)(CC(C)(C)c3ccc(F)cc3C(N)=O)C(F)(F)F)[nH]c2cn1,3.806544985740959,pharmabench
CCS(=O)(=O)c1ccc(C(=O)Nc2ccccc2)c(Cl)c1Cl,3.992240583789779,veith
CCS(=O)(=O)c1ccc(O)c(NC(=O)Nc2ccccc2)c1,4.842240508595863,veith
CCS(=O)(=O)c1ccc2[nH]c(-c3cc(-c4ccccc4)ccc3C)nc2c1,4.273200806782456,pharmabench
CCS(=O)(=O)c1ccc2[nH]c(-c3cc(-c4ccccc4)ccc3Cl)nc2c1,4.243237583405013,pharmabench
CCS(=O)(=O)c1ccc2[nH]c(-c3ccc(F)c(-c4ccccc4)c3)nc2c1,4.215208859804769,pharmabench
CCS(=O)(=O)c1ccc2[nH]c(-c3cccc(-c4ccccc4)c3Cl)nc2c1,4.164056337357388,pharmabench
CCS(=O)(=O)c1ccc2c(c1)CN(C(C)=O)C2C(=O)Nc1ccc(C(O)(C(F)(F)F)C(F)(F)F)cc1,5.942207587741032,pharmabench
CCSC(=N)N,4.89695369244143,ncgc;veith
CCSC(=O)Cl,4.093392610277608,tox21
CCSC(=O)N1CCCCCC1,3.985801690361906,tox21
CCSC1(C(=O)NC2Cc3ccc(Br)cc3NC2=O)CC1,4.396423974992346,challenge
CCSC1=C(C#N)C2(CCCCC2)C(C#N)=C(N)N1,4.292241779935917,veith
CCSCCCl,4.03038606292182,tox21
CCSc1ccc2c(c1)N(CCCN1CCN(C)CC1)c1ccccc1S2.O=C(O)C[C@@H](O)C(=O)O.O=C(O)C[C@@H](O)C(=O)O,5.096953661274842,ncgc;veith
CCSc1ccccc1C(=O)N(CC1CCC1)[C@H]1CCNC1,5.738087605085107,pharmabench
CCSc1nc2cc(OC)ccc2[nH]1,4.7264819231834645,pharmabench
CCSc1ncc(/C=N/Nc2ccc(F)cc2)n1C,5.692241142242068,veith
CCSc1nnc(NC(=O)CSc2nc3c(cc2C#N)CCCC3)s1,4.942241381558047,veith
CCSc1nnc([C@@H](N)Cc2c[nH]c3ccccc23)o1.Cl,4.3922393223313625,veith
CC[C@@H](C(=O)NCc1ccc(-c2cnco2)cc1)N(C)C,5.234369556992346,challenge
CC[C@@H](CC[C@H](CC)NC(=O)[C@@H](NC(=O)N(C)Cc1csc(C(C)C)n1)C(C)C)NC(=O)OCc1cncs1,4.6064154858178386,pharmabench
CC[C@@H](CO)NC(=O)[C@@H]1C=C2c3cccc4[nH]cc(c34)C[C@H]2N(C)C1,5.90135615253047,pharmabench;tox21
CC[C@@H](CO)NC(=O)[C@@H]1C=C2c3cccc4c3c(cn4C)C[C@H]2N(C)C1,4.784418794579006,tox21
CC[C@@H](CO)NC(=O)[C@H]1C=C2c3cccc4[nH]cc(c34)C[C@H]2N(C)C1,5.896959146963251,ncgc;veith
CC[C@@H](CO)NC(=O)[C@H]1C=C2c3cccc4c3c(cn4C)C[C@H]2N(C)C1,4.396953559925658,ncgc;veith
CC[C@@H](CO)Nc1nc(NCc2ccccc2)c2ncn(C(C)C)c2n1,3.9969548213840747,ncgc;veith
CC[C@@H](Oc1cccc(Cn2c(C)c(C(=O)c3ccc(Cl)cc3)c3ccc(OC(F)(F)F)cc32)c1)C(=O)O,4.574230802446437,pharmabench
CC[C@@H]([C@H](C)O)n1ncn(-c2ccc(N3CCN(c4ccc(OC[C@@H]5CO[C@@](Cn6cncn6)(c6ccc(F)cc6F)C5)cc4)CC3)cc2)c1=O,4.523004941414626,tox21
CC[C@@H]1CN2CC[C@@H]1C[C@H]2[C@@H](O)c1ccnc2ccc(OC)cc12,8.297549397665382,ncgc
CC[C@@H]1CN2CCc3cc(OC)c(OC)cc3[C@H]2C[C@@H]1C[C@@H]1NCCc2cc(O)c(OC)cc21.Cl.Cl.O.O.O.O.O.O.O,4.4969551427270105,ncgc;veith
CC[C@@H]1Cc2cc(O)ccc2C2=C1c1ccc(O)cc1C[C@H]2CC,3.8969553287835907,ncgc;veith
CC[C@@H]1[C@@H]2C[C@H]3[C@H]4N(C)c5ccccc5[C@@]45C[C@@H]([C@@H]2[C@@H]5O)N3[C@H]1O,4.89695369244143,ncgc;veith
CC[C@@H]1[C@H]2CCCCN3[C@@H]2[C@@H](C[C@H]3[C@@H]2C[C@H](C)C(=O)O2)[C@@H]2[C@H]1OC(=O)[C@H]2C,4.501669380321306,ncgc
CC[C@@]1([N+](=O)[O-])C[C@H]2C=C[C@@H]1C2.CC[C@@]1([N+](=O)[O-])C[C@H]2C=C[C@@H]1C2,5.1016670343933495,ncgc
CC[C@@]12CCCN3CC[C@@]4(c5ccc(OC)c(O)c5N(C(C)=O)[C@H]4CC1)[C@H]32,4.201669884204322,ncgc
CC[C@@]12CCCN3CCc4c(n(c5ccccc45)C(=O)C1)[C@H]32,6.671940434831602,ncgc;veith
CC[C@@]12CCCN3CCc4c(n(c5ccccc45)[C@](O)(C(=O)OC)C1)[C@H]32,5.621950051443285,ncgc;veith
CC[C@H](C(=O)c1cccs1)C(O)(C(F)(F)F)C(F)(F)F,4.9969534480296955,ncgc;veith
CC[C@H](C)C(=O)O[C@H]1CCC=C2C=C[C@H](C)[C@H](CC[C@@H]3C[C@H](O)CC(=O)O3)[C@H]21,4.00166905897837,ncgc
CC[C@H](C)C(=O)O[C@H]1C[C@@H](C)C=C2C=C[C@H](C)[C@H](CC[C@@H]3C[C@@H](O)CC(=O)O3)[C@H]21,3.741624396420378,tox21
CC[C@H](C)[C@@H](CO[C@@H](Cc1ccccc1)C(=O)N[C@@H](CCS(C)(=O)=O)C(=O)OC(C)C)NC[C@@H](N)CS,5.574230802446437,pharmabench
CC[C@H](C)[C@@H]1O[C@]2(CC[C@@H]1C)C[C@H]1C[C@H](C/C=C(/C)[C@@H](O[C@H]3C[C@H](OC)[C@H](O[C@H]4C[C@H](OC)[C@H](O)[C@H](C)O4)[C@H](C)O3)[C@@H](C)/C=C\C=C3CO[C@@H]4[C@@H](O)C(C)=C[C@H](C(=O)O1)[C@@]34O)O2,4.501669380321306,ncgc
CC[C@H](C)[C@H](NCc1ccc(Br)c2cccnc12)C(=O)O,4.823165942992346,challenge
CC[C@H](C)[C@H]1O[C@]2(C=C[C@@H]1C)C[C@@H]1C[C@@H](C/C=C(\C)[C@@H](O[C@H]3C[C@H](OC)[C@@H](O[C@H]4C[C@H](OC)[C@@H](O)[C@H](C)O4)[C@H](C)O3)[C@@H](C)/C=C/C=C3\CO[C@@H]4[C@H](O)C(C)=C[C@@H](C(=O)O1)[C@]34O)O2,4.301656908948307,tox21
CC[C@H](C)[C@H]1O[C@]2(C=C[C@@H]1C)C[C@@H]1C[C@@H](C/C=C(\C)[C@@H](O[C@H]3C[C@H](OC)[C@@H](O[C@H]4C[C@H](OC)[C@@H]([NH2+]C)[C@H](C)O4)[C@H](C)O3)[C@@H](C)/C=C/C=C3\CO[C@@H]4[C@H](O)C(C)=C[C@@H](C(=O)O1)[C@]34O)O2.O=C([O-])c1ccccc1,3.773251730425014,tox21
CC[C@H](CO)NC(=O)[C@@H]1C=C2c3cccc4[nH]cc(c34)C[C@@H]2N(C)C1,5.096953661274842,ncgc;veith
CC[C@H](CO)NC(=O)[C@@H]1C=C2c3cccc4c3c(cn4C)C[C@@H]2N(C)C1,3.8969553287835907,ncgc;veith
CC[C@H](CO)NC(=O)[C@H]1C=C2c3cccc4[nH]cc(c34)C[C@@H]2N(C)C1,5.296954647425311,ncgc;veith
CC[C@H](CO)NC(=O)[C@H]1C=C2c3cccc4[nH]cc(c34)C[C@H]2N(C)C1,5.4016781467766215,ncgc
CC[C@H](N)C(=O)N[C@H](C#N)Cc1ccc(-c2ccccc2)cc1,4.3187859924482295,pharmabench
CC[C@H](N)c1ccccc1,4.272896992667784,tox21
CC[C@H](NC(C)C)[C@H](O)c1ccc(O)c(O)c1.CS(=O)(=O)O,4.196955235755301,ncgc;veith
CC[C@H](NC(C)C)[C@H](O)c1ccc(O)c2[nH]c(=O)ccc12,4.00166905897837,ncgc
CC[C@H](O)C(C[C@H](C)N(C)C)(c1ccccc1)c1ccccc1.Cl,5.414669550488007,tox21
CC[C@H](Oc1ccc(Cl)cc1)C(=O)OC1C[C@H]2CC[C@@H](C1)N2C,7.697284986554896,ncgc;veith
CC[C@H](c1ccc(O)cc1)[C@@H](CC)c1ccc(O)cc1,4.301670255124509,ncgc
CC[C@H]1CC[C@H](NCc2cc3c(cc2OC)[C@H]2C[C@H]2C(=O)N3C)[C@H](c2ccccc2)N1,4.723251101656649,tox21
CC[C@H]1CN(C)[C@H]2Cc3c([nH]c4ccccc34)C(=O)C[C@H]1[C@H]2C(=O)OC,4.901666293693565,ncgc
CC[C@H]1CN2CC[C@@H]1C[C@@H]2[C@H](O)c1ccnc2ccccc12,5.001666312269612,ncgc
CC[C@H]1CN2CCc3cc(OC)c(OC)cc3[C@@H]2C[C@@H]1C[C@H]1NCCc2cc(OC)c(OC)cc21.Cl.Cl,3.9714832229827737,tox21
CC[C@H]1CN2CCc3cc(OC)c(OC)cc3[C@H]2C[C@@H]1C[C@H]1NCCc2c1[nH]c1ccc(O)cc21,4.901666293693565,ncgc
CC[C@H]1C[C@@H]2C[C@H]3c4[nH]c5ccc(OC)cc5c4CCN(C2)[C@@H]13.Cl,5.730407252190062,tox21
CC[C@H]1O[C@]2(CC[C@@H]1C)C[C@@H]1C[C@@H](C/C=C(\C)C[C@@H](C)/C=C/C=C3\CO[C@@H]4[C@H](O)C(C)=C[C@@H](C(=O)O1)[C@]34O)O2,4.077164329604416,tox21
CC[C@H]1[C@@H]2C[C@@H]3[C@@H]4N(C)c5ccccc5[C@@]45C[C@@H]([C@H]2[C@@H]5O)N3[C@@H]1O,5.001666312269612,ncgc
CC[C@](C)(CN(C)C)OC(=O)c1ccccc1,4.696954347372703,ncgc;veith
CC[C@]1(C2=NCCN2)Cc2ccccc2O1,4.246954042838144,ncgc;veith
CC[C@]1(O)C[C@@H]2CN(CCc3c([nH]c4ccccc34)[C@@](C(=O)OC)(c3cc4c(cc3OC)N(C)[C@H]3[C@@](O)(C(=O)OC)[C@H](OC(C)=O)[C@]5(CC)C=CCN6CC[C@]43[C@@H]65)C2)C1.O=S(=O)(O)O,4.234417183796512,tox21
CC[C@]1(O)C[C@H]2CN(CCc3c([nH]c4ccccc34)[C@](C(=O)OC)(c3cc4c(cc3OC)N(C=O)[C@H]3[C@@](O)(C(=O)OC)[C@H](OC(C)=O)[C@@]5(CC)C=CCN6CC[C@]43[C@H]65)C2)C1,4.00166905897837,ncgc
CC[C@]1(c2cccc(O)c2)CCCCN(C)C1,4.4969551427270105,ncgc;veith
CC[C@]1(c2ncc[nH]2)Cc2ccccc2O1,4.4969551427270105,ncgc;veith
CC[C@]12CCCN3CCc4c(n(c5ccccc45)C(=O)C1)[C@@H]32,6.284352485305704,tox21
CC[C@]12CCCN3CCc4c(n(c5ccccc45)[C@@](O)(C(=O)OC)C1)[C@@H]32,4.603834769614797,tox21
CC[N+](C)(C)Cc1ccccc1Br.Cc1ccc(S(=O)(=O)[O-])cc1,4.00166905897837,ncgc
CC[N+](C)(CC)CCC[n+]1c(-c2ccccc2)c2cc(N)ccc2c2ccc(N)cc21,4.696954347372703,ncgc;veith
CC[N+](C)(CC)CCOC(=O)C(O)(c1ccccc1)C1CCCCC1,5.251968836992345,challenge
CC[N+](C)(CC)CCOC(=O)C(O)(c1ccccc1)C1CCCCC1.[Br-],5.634418806116886,tox21
CC[N+](C)(CC)CCOC(=O)C1c2ccccc2Oc2ccccc21,4.89695369244143,ncgc;veith
CC[N+](C)(CC)CCOC(=O)C1c2ccccc2Oc2ccccc21.[Br-],5.134423160747318,tox21
CC[N+](CC)(CC(=O)Nc1c(C)cccc1C)Cc1ccccc1.O=C([O-])c1ccccc1,7.556766624682811,ncgc;tox21;veith
CC[N+](CC)(CC(=O)Nc1c(C)cccc1C)Cc1ccccc1.O=S1(=O)N=C([O-])c2ccccc21,7.3048741524503065,tox21
CC[N+](CC)(CC)CC.[Br-],4.324316134081774,tox21
CC[N+](CC)(CC)CCOC(=O)C(C1CCCC1)C1CCCC1.[Br-],5.284419304981489,tox21
CC[N+](CC)(CC)CCOc1ccc(/C=C/c2ccccc2)cc1.[I-],4.384416994074168,tox21
CC[N+](CC)(CC)CCOc1ccc(/C=C\c2ccccc2)cc1,4.596954724317373,ncgc;veith
CC[N+](CC)(CC)CC[C@](O)(c1ccccc1)C1CCCCC1,7.196440396836527,ncgc;veith
CC[N+](CC)(CC)Cc1ccccc1.[Cl-],4.173252039198229,tox21
CC[N+](CC)(CCNC(=O)C(=O)NCC[N+](CC)(CC)Cc1ccccc1Cl)Cc1ccccc1Cl,3.9016695663778864,ncgc
CC[N+](CC)(CCNC(=O)C(=O)NCC[N+](CC)(CC)Cc1ccccc1Cl)Cc1ccccc1Cl.[Cl-].[Cl-],4.384416994074168,tox21
CC[N+]1(C)CCCC(OC(=O)C(O)(c2ccccc2)c2ccccc2)C1.[Br-],5.434413608683764,tox21
CC[N+]1(C)CCCC1.F[B-](F)(F)F,3.724315809205894,tox21
CC[N+]1(C)CCCC1.[I-],7.77504654721464,tox21
CC[N+]1(CC)CCC(=C(c2ccccc2)c2ccccc2)C1C.[Br-],5.334412295551285,tox21
CC[N+]1(CC)CCC(OC(=O)C(O)(c2ccccc2)c2ccccc2)C1.[Br-],4.634418806116886,tox21
CC[N+]1(CCOC(=O)C(O)(c2ccccc2)c2ccccc2)CCCCC1.[Br-],5.684413458264227,tox21
CC[N@+]1(C)CCC[C@@H](OC(=O)C(O)(c2ccccc2)c2ccccc2)C1,4.796954045378592,ncgc;veith
CC[S+](CC)CC.O=S(=O)([N-]S(=O)(=O)C(F)(F)F)C(F)(F)F,3.7721903059904607,tox21
CC[Si](OC(C)=O)(OC(C)=O)OC(C)=O,3.860392336674898,tox21
CC[Sn](Br)(CC)CC,4.173252039198229,tox21
CC[n+]1c(-c2ccccc2)c2cc(N)ccc2c2ccc(N)cc21.[Br-],5.3797165892411565,tox21
CC[n+]1c(/C=C/C=C/N(C(C)=O)c2ccccc2)sc2ccccc21.[I-],4.592241033466911,veith
CC[n+]1c(/C=C/N(C)c2ccccc2)sc2ccc(Cl)cc21.[O-][Cl+3]([O-])([O-])[O-],7.442240306846953,veith
CC[n+]1c(/C=C/Nc2ccccc2)oc2ccccc21.[I-],5.342240150210578,veith
CCc1[nH]ccc1C(=O)Nc1ccc(-n2ccnc2)cc1,6.269737022992346,challenge
CCc1c(C(=O)NC2(CNC(=O)C3COC(C)C3)CCCC2)oc2ccccc12,5.268095712992346,challenge
CCc1c(C)[nH]c2c1C(=O)C(CN1CCOCC1)CC2,4.9464606519923455,challenge
CCc1c(C)[nH]c2c1C(=O)C(CN1CCOCC1)CC2.Cl,4.884412652001449,tox21
CCc1c(C)cc(N)c(CC)c1N,4.8732510305756955,tox21
CCc1c(C)nc(N)n2c(SCC(=O)Nc3ccccc3)nnc12,5.342240150210578,veith
CCc1c(C)nc2ccc(Br)cc2c1Cl,4.3922393223313625,veith
CCc1c(C)nc2ncnn2c1NCCc1ccc(OC)cc1,4.3922393223313625,veith
CCc1c(CCCC(=O)O)cccc1-c1cnc(-c2ccc(OC(C)C)c(C#N)c2)nc1,4.619329079570048,pharmabench
CCc1c2c(nc3c(C(C)C)cccc13)-c1cccc(=O)n1C2,3.9016695663778864,ncgc
CCc1c2c(nc3ccc(OC)cc13)COC2,4.196955646610027,ncgc;veith
CCc1c2c(nc3cccc(OC)c13)OC(CC)C2,3.9016695663778864,ncgc
CCc1c2c(nc3cccc(SC)c13)COC2,3.9016695663778864,ncgc
CCc1c[nH]c2ncnc(N3CCC4(CC3)OCCc3ccccc34)c12,5.081173084992345,challenge
CCc1c[nH]c2ncnc(N3CCc4c(CC(N)=O)cccc4C3)c12,4.327968534992346,challenge
CCc1cc(-c2ccc(NS(=O)(=O)c3cc(C(F)(F)F)cc(C(F)(F)F)c3)cc2)ccn1,5.574230802446437,pharmabench
CCc1cc(C(C)(C)C)c(O)c(C(C)(C)C)c1,3.7978471689934254,tox21
CCc1cc(C(N)=S)ccn1,4.276806028920222,tox21
CCc1cc(C(c2ccccc2OC)N2CCOCC2)c(NC(=O)c2ccccc2)s1,4.442240306846953,veith
CCc1cc(Cc2cc(CC)c(N)c(CC)c2)cc(CC)c1N,4.123251823480467,tox21
CCc1cc(Cl)c(OC)c(C(=O)NC[C@@H]2CCCN2CC)c1O,6.797036381016095,ncgc;veith
CCc1cc(Cl)c(OC)c(C(=O)NC[C@@H]2CCCN2CC)c1O.Cl,5.784383576277733,tox21
CCc1cc(Cl)c(OC)c(C(=O)NC[C@H]2CCN(CC)C2)c1O,5.7969497127886624,ncgc;veith
CCc1cc(NC(=O)N2CC3(CCCC3)C2c2ccccc2)no1,4.490284044992346,challenge
CCc1cc(NC(=O)NCCCN2CCC[C@@H](Cc3ccc(F)cc3)C2)cc(-c2nnnn2C)c1,5.305385490153857,pharmabench
CCc1cc(NC(=O)N[C@H](C)C[C@@H](O)N2CCC[C@@H](Cc3ccc(F)cc3)C2)cc(-c2nnnn2C)c1,5.021388833788657,pharmabench
CCc1cc(NC(=O)c2cnn(-c3cccnc3)c2)ccc1F,5.274863844992345,challenge
CCc1cc(Nc2nc(C)nc3c2cnn3C)ccc1C,4.165824144992346,challenge
CCc1cc(OC)c(C[C@H](C)N)cc1OC.Cl,4.854948078233365,tox21
CCc1cc2c(N3CCC(c4c[nH]c5ncccc45)CC3)ncnc2s1,5.5483118999923455,challenge
CCc1cc2c(NCc3ccco3)ncnc2s1.Cl,4.242240761051421,veith
CCc1cc2c(c(CC)n1)CCC(=O)N2Cc1ccc(-c2ccccc2-c2nn[nH]n2)cc1,4.4969551427270105,ncgc;veith
CCc1cc2c(nc1CC)CCN(CC/C(C)=N/OC)C2,4.9969534480296955,ncgc;veith
CCc1cc2c(nc1CC)CCN(CC/C(C)=N/OC[C@@H](O)COCc1ccco1)C2,4.89695369244143,ncgc;veith
CCc1cc2c(nc1CC)CCN(CC/C(C)=N/OC[C@@H](O)[C@@H]1O[C@@H]3OC(C)(C)O[C@@H]3[C@H]1O)C2,4.701667552503337,ncgc
CCc1cc2c(nc1CC)CCN(CC/C(C)=N/OC[C@H]1O[C@H](c3ccccc3)C=C[C@@H]1Oc1ccc(OC)cc1)C2,4.696954347372703,ncgc;veith
CCc1cc2c(nc1CC)CCN(CC/C(C)=N/O[C@@H](C)CN1CCCCc3nc(C)c(C)cc31)C2,4.9969534480296955,ncgc;veith
CCc1cc2c(nc1CC)CCN(CC/C(C)=N/O[C@@H](C)CN1CCCc3nc(C)c(C)cc31)C2,4.89695369244143,ncgc;veith
CCc1cc2c(nc1CC)CCN(CC/C(C)=N/O[C@@H](C)c1cn([C@@H]3COC[C@@H]3O)nn1)C2,5.1016670343933495,ncgc
CCc1cc2c(nc1CC)CCN(CC/C(C)=N/O[C@@H](C)c1cn([C@H](CO)Cc3ccccc3)nn1)C2,4.701667552503337,ncgc
CCc1cc2c(nc1CC)CCN(CC/C(C)=N/O[C@@H]1O[C@H](COC(C)=O)[C@H](OC(C)=O)[C@H](OC(C)=O)[C@H]1OC(C)=O)C2,4.89695369244143,ncgc;veith
CCc1cc2cc(OC)c(OC)cc2c(Cc2ccccc2)n1,4.3344172940778565,tox21
CCc1ccc(-c2ccc(C(=O)N(C)[C@H]3CCN(C(=O)N4CC[C@@H](N5CCCCC5)C4)C3)cc2)cc1,4.419328842460694,pharmabench
CCc1ccc(-c2ccc(C(=O)N(C)[C@H]3CCN(C(=O)N4CC[C@@H](NC(C)C)C4)C3)cc2)cc1,4.219328895199141,pharmabench
CCc1ccc(-c2ccc(C(=O)N(C)[C@H]3CCN(C(=O)N4CC[C@@H](NC(C)C)C4)C3)s2)cc1,4.419328842460694,pharmabench
CCc1ccc(-c2ccc(C(=O)N(C)[C@H]3CCN(C(=O)N4CC[C@@H](NC5CCC(C)(C)CC5)C4)C3)s2)cc1,4.919328521117759,pharmabench
CCc1ccc(-c2ccc(C(=O)N(C)[C@H]3CCN(C(=O)N4CC[C@@H](NC5CCOCC5)C4)C3)s2)cc1,4.715527360517612,pharmabench
CCc1ccc(-c2ccc(C(=O)N(C)[C@H]3CCN(C(=O)N4CC[C@@H](NCC5CCOCC5)C4)C3)s2)cc1,4.619329079570048,pharmabench
CCc1ccc(-c2ccc(C(=O)N(C)[C@H]3CCN(C(=O)N4CC[C@@H](N[C@@H](C)COC)C4)C3)cc2)cc1,4.019328917066872,pharmabench
CCc1ccc(-c2nc(CN3CCC(N(C)S(C)(=O)=O)CC3)cs2)cc1,4.948981784992346,challenge
CCc1ccc(-c2noc(C(C)NS(=O)(=O)Cc3ccccc3)n2)cc1,4.928469324992346,challenge
CCc1ccc(C(=O)C(C)CN2CCCCC2)cc1,4.728831519741344,pharmabench
CCc1ccc(C(=O)C(C)CN2CCCCC2)cc1.Cl,5.884456992650004,tox21
CCc1ccc(C(=O)CN(C#N)c2nc(C)cc(C)n2)cc1,4.692241142242068,veith
CCc1ccc(C(=O)c2oc3nc(C)cc(C)c3c2N)cc1,4.3922393223313625,veith
CCc1ccc(C(C(=O)NCc2ccc(OC)cc2)N(CCOC)C(=O)Cc2cccs2)cc1,4.092240288156335,veith
CCc1ccc(C(C)(C)NCC(=O)N2CCN(C(=O)C3CC3)CC2)cc1,4.440799899992346,challenge
CCc1ccc(C2=Nn3c(nnc3-c3cccs3)SC2)cc1,5.04224135682174,veith
CCc1ccc(C2CCNCC2)cc1,6.034433255011826,tox21
CCc1ccc(CCN2CCCCC2)nc1,5.296954647425311,ncgc;veith
CCc1ccc(CSc2nccn2-c2ccccc2)cc1,4.242240761051421,veith
CCc1ccc(N(C(=O)c2ccoc2C)C(C(=O)NC2CCCC2)c2ccc(OC)cc2)cc1,4.292241779935917,veith
CCc1ccc(N/C(SCc2ccccc2C)=C(/C#N)C(=O)NCc2ccco2)cc1,4.292241779935917,veith
CCc1ccc(N2C(=O)/C(=C/c3cccs3)N(CC(=O)OC)C2=S)cc1,5.592241033466911,veith
CCc1ccc(N2CC(C(=O)NCc3cccnc3-n3ccnc3)CC2=O)cc1,4.804007322992346,challenge
CCc1ccc(N2CCN(c3cc(=O)n(C)c(=O)[nH]3)CC2)cc1Cl,4.509963644992346,challenge
CCc1ccc(NC(=O)CN2CC(=O)N(C)c3ccccc3C2)cc1,5.594462637992346,challenge
CCc1ccc(NC(=O)N2CC(COC)(C3CCC3)C2)cc1F,5.239596771992345,challenge
CCc1ccc(NC(=O)NCCCc2cccc(C(F)(F)F)c2)cc1S(N)(=O)=O,4.753095989992346,challenge
CCc1ccc(NC(=O)c2cc(C(C)C)on2)cc1,4.592241033466911,veith
CCc1ccc(NCCC(=O)c2ccc(Cl)cc2)cc1,5.092240288156335,veith
CCc1ccc(OCC(=O)NCCN(C)C)c(Br)c1,4.342240150210577,veith
CCc1ccc(OCCCC(=O)Nc2ccc(N3CCCCC3)cc2)cc1,5.3922393223313625,veith
CCc1ccc2c(c1)CCN2C(=O)Nc1cn(C)nc1C(F)(F)F,2.707245079992345,challenge
CCc1ccc2c(c1)N(C[C@H](C)CN(C)C)c1ccccc1S2,5.596962925619413,ncgc;veith
CCc1ccc2nccc(N3CCC(n4ccnn4)CC3)c2c1,6.627326947992346,challenge
CCc1cccc(C)c1CNc1cc(C(N)=O)cn2c(C)c(C)nc12,4.455541015115139,pharmabench
CCc1cccc(C)c1CNc1cccn2c(C)c(C)nc12,5.377936157302469,pharmabench
CCc1cccc(CC)c1N(COC)C(=O)CCl,3.7372552863547117,tox21
CCc1cccc(CC)c1NC(=O)/C(=C/c1ccccc1)c1ccccc1,4.692241142242068,veith
CCc1cccc(CC)c1NC(=O)CN1CC(C)SC1=NC1CCCCC1,6.242240761051421,veith
CCc1cccc(N(C)C(N)=Nc2cccc3ccccc23)c1,6.196983944657134,ncgc;veith
CCc1cccc(N(C)C(N)=Nc2cccc3ccccc23)c1.Cl,6.434508010266986,tox21
CCc1cccc(S(=O)(=O)NCCCc2cccnc2)c1,5.857924224992345,challenge
CCc1cccc2c(-c3ccccc3)c3c(nc12)OCC3,4.2969560175302135,ncgc;veith
CCc1cccc2c(CCO)c[nH]c12,4.184416982767381,tox21
CCc1cccc2c3c([nH]c12)C(CC)(CC(=O)O)OCC3,4.274315777666713,tox21
CCc1cccc2cc(CC(O)CNC(C)(C)C)oc12,4.738087605085107,pharmabench
CCc1cccc2nc3c(c([Si](C)(C)C)c12)Cn1c-3cccc1=O,3.9016695663778864,ncgc
CCc1cccc2nc3c(c([Si](CC)(CC)CC)c12)Cn1c-3cccc1=O,4.101668763344926,ncgc
CCc1ccccc1C1(Br)C(=O)c2ccccc2C1=O,3.5002507500846205,pharmabench
CCc1ccccc1N,3.8232520113632606,tox21
CCc1ccccc1NC(=O)C(C)n1nc([N+](=O)[O-])c(Br)c1C,4.442240306846953,veith
CCc1ccccc1NC(=O)CSc1nc(-c2ccccc2)nn1C(=O)c1cccc([N+](=O)[O-])c1,4.492240905132714,veith
CCc1ccccc1NC(=O)NC1CC2CCC(C1)N2Cc1cccs1,4.692241142242068,veith
CCc1ccccc1NC(=S)NC1CC2CCC(C1)N2Cc1ccco1,4.342240150210577,veith
CCc1ccccc1NC(=S)NCc1ccc2c(c1)OCO2,5.3922393223313625,veith
CCc1ccccc1O,4.025381381008225,tox21
CCc1ccccc1OCC(O)CNC(C)(C)Cc1cc2ccccc2[nH]1,6.340147596413069,pharmabench
CCc1ccccc1OC[C@H](O)CN[C@@H]1CCc2ccccc2C1,5.596962925619413,ncgc;veith
CCc1ccncc1C#CCN,4.599784906918826,pharmabench
CCc1cnc(C2=NC(C)(C(C)C)C(=O)N2)c(C(=O)O)c1,3.773606115829792,tox21
CCc1cnc(NC(=O)c2cccc(S(=O)(=O)N3CC(C)OC(C)C3)c2)s1,4.3769264899923455,challenge
CCc1cnccc1-c1noc(CC(C)c2ccccc2C)n1,5.653717427992346,challenge
CCc1cnccc1NC(=O)C1(c2ccccc2)CC1(C)C,4.491375869992345,challenge
CCc1coc2ccc(N3C[C@@]4(CN5CCC4CC5)OC3=O)cc12,4.097109547726775,pharmabench
CCc1nc(C)c(C(=O)N2c3ccncc3N3CCC2C3)o1,4.674481531992345,challenge
CCc1nc(N)nc(N)c1-c1ccc(Cl)cc1,4.559442627741157,ncgc;tox21;veith
CCc1nc(N)nc(N)c1-c1ccc2c(c1)N(CCCC#N)C(=O)C(C)(c1cc(F)cc(F)c1)O2,3.973724639187097,pharmabench
CCc1nc(N)nc(N)c1-c1ccc2c(c1)N(CCCCO)C(=O)C(C)(c1cc(F)cc(F)c1)O2,4.576719602850132,pharmabench
CCc1nc(N)nc(N)c1-c1ccc2c(c1)N(CCCO)C(=O)C(C)(c1cc(F)cc(F)c1)O2,3.9422075877410316,pharmabench
CCc1nc(N)nc(N)c1-c1ccc2c(c1)N(CCCOC(F)(F)F)C(=O)C(C)(c1cc(F)cc(F)c1)O2,4.911472970764863,pharmabench
CCc1nc(N)nc(N)c1-c1ccc2c(c1)N(CCCOC)C(=O)C(C)(CC)O2,4.5055149900769775,pharmabench
CCc1nc(N)nc(N)c1-c1ccc2c(c1)N(CCCOC)C(=O)C(C)(c1ccc(F)c(F)c1)O2,4.663453986788203,pharmabench
CCc1nc(N)nc(N)c1-c1ccc2c(c1)N(CCCOC)C(=O)C(CC)(CC)O2,4.340147596413069,pharmabench
CCc1nc(N)nc(N)c1-c1ccc2c(c1)N(CCNC(C)=O)C(=O)C(C)(c1cc(F)cc(F)c1)O2,3.9422075877410316,pharmabench
CCc1nc(N)nc(N)c1-c1ccc2c(c1)N(CCNC(C)=O)C(=O)C(C)(c1ccc(Cl)cc1)O2,4.140575241507865,pharmabench
CCc1nc(N)nc(N)c1-c1ccc2c(c1)N(CCNS(C)(=O)=O)C(=O)C(C)(c1cc(F)cc(F)c1)O2,4.2403518951675245,pharmabench
CCc1nc(NCC2(O)CCC(F)(F)CC2)c2ccsc2n1,5.059765246992345,challenge
CCc1nc(NCc2nc(-c3ccncc3)no2)c2ccsc2n1,5.454500074992346,challenge
CCc1nc2ccc(NC(=O)[C@H]3C[C@H](O)CN3C(C)=O)cc2s1,4.366310591992345,challenge
CCc1nc2n(n1)CCCC2NC(=O)N1CCC(c2nccs2)CC1,3.3184340829923453,challenge
CCc1nc2sc(C)cn2c1C(=O)NCC1CCc2cn[nH]c2C1,4.394962287992346,challenge
CCc1nccc(N(Cc2cn(C(C)C)nn2)CC2C=CCC2)n1,5.2949422469923455,challenge
CCc1ncnc(NCc2ccc3c(n2)CCCC3)c1F,4.8103953549923455,challenge
CCc1ncnc2cc(OC)c(OCC(O)CNC(C)(C)Cc3cc4ccccc4[nH]3)cc12,6.574230802446437,pharmabench
CCc1ncnc2cc(OCC(O)CNC(C)(C)Cc3cc4ccccc4[nH]3)c(OC)cc12,6.817268851132731,pharmabench
CCc1nn(C)c(C(=O)NCc2ccc(C(C)(C)C)cc2)c1Cl,3.9732520511108227,tox21
CCc1nn(CCCN2CCN(c3cccc(Cl)c3)CC2)c(=O)n1CCOc1ccccc1,5.186117496992345,challenge
CCc1nn(CCCN2CCN(c3cccc(Cl)c3)CC2)c(=O)n1CCOc1ccccc1.Cl,4.834419399908713,tox21
CCc1nnc2ccc(NC3CCc4cc(Cl)ccc43)nn12,4.303319456992345,challenge
CCn1c(=N)c(S(=O)(=O)c2ccc(F)cc2)cc2c(=O)n3ccccc3nc21,5.592241033466911,veith
CCn1c(=O)[nH]c2cc(C(=O)NC[C@H]3CCO[C@@H]3c3ccccc3)ccc2c1=O,4.575077636992345,challenge
CCn1c(=O)[nH]c2cc(Cl)c(Cl)cc21,4.396953559925658,ncgc;veith
CCn1c(=O)cc(OCC(=O)Nc2cccnc2)c2ccccc21,4.692241142242068,veith
CCn1c(=O)cc(SCC(=O)NCc2ccc3c(c2)OCO3)c2ccccc21,4.292241779935917,veith
CCn1c(=O)n(CC(=O)NCc2ccc(-n3ccnc3)nc2)c2ccccc21,4.556886379992346,challenge
CCn1c(C)c(/C=N/Nc2nc3ccccc3s2)c2ccccc21,4.342240150210577,veith
CCn1c(C)c(C)c2cc(-n3ccccc3=O)nc(NCc3c(C)cccc3C)c21,4.164056337357388,pharmabench
CCn1c(COc2ccc(OC)cc2)nc2ccccc21,4.242240761051421,veith
CCn1c(CSCc2ccc(C)cc2)nnc1SCC(=O)NCc1ccccc1,4.292241779935917,veith
CCn1c(N)nc2ccccc21,4.242240761051421,veith
CCn1c(NCc2cc(Br)ccc2NS(=O)(=O)c2ccc(C)cc2)nc2ccccc21,5.192241409015731,veith
CCn1c(SC)nnc1C1CCN(S(=O)(=O)c2ccc(OC)cc2)CC1,4.542240874986129,veith
CCn1c(SCC(=O)N2CCOCC2)nc2oc3c(Cl)cc(Cl)cc3c(=O)c2c1=O,4.292241779935917,veith
CCn1c(SCC(=O)c2ccc(OC)cc2)nnc1C1CC1,4.342240150210577,veith
CCn1c(SCC(=O)c2ccc3ccccc3c2)nnc1-c1cccs1,4.342240150210577,veith
CCn1c(SCC(=O)c2ccccc2)nnc1-c1cccs1,4.342240150210577,veith
CCn1c(SCc2ccc(Cl)cc2Cl)nc2nc3c(cc2c1=O)CCCC3,5.3922393223313625,veith
CCn1c(SCc2nc3ccccc3[nH]2)nnc1-c1ccc(OC)cc1,4.192241409015731,veith
CCn1c2ccccc2c2cc(N)ccc21,5.048250018660027,tox21
CCn1c2ccccc2c2cc(N)ccc21.Cl,5.527501905830513,tox21
CCn1c2ccccc2c2cc(N=C3SC(CC(=O)Nc4ccccc4)C(=O)N3C)ccc21,4.642240772861618,veith
CCn1c2ccccc2c2cc(NC(=O)C/C(C)=N/NC(=O)c3ccccc3N)ccc21,4.092240288156335,veith
CCn1c2ccccc2c2cc(NC(=O)CSc3nnc(-c4ccc(OC)c(OC)c4)n3N)ccc21,4.342240150210577,veith
CCn1c2ccccc2c2cc(NS(=O)(=O)c3ccccc3C)ccc21,4.542240874986129,veith
CCn1c2ccccc2c2cnc(N=CN(C)C)c(C#N)c21,5.342240150210578,veith
CCn1cc(-c2ccnc3[nH]ccc23)c(-c2cccc(NC(=O)Nc3ccc(C(F)(F)F)cc3)c2)n1,4.719329044906112,pharmabench
CCn1cc(-c2ccnc3[nH]ccc23)c(-c2cccc(NC(=O)Nc3cccc(OC)c3)c2)n1,6.119320639906881,pharmabench
CCn1cc(-c2nnnn2-c2ccc(Cl)cc2)c(=O)c2ccccc21,4.442240306846953,veith
CCn1cc(C(=O)O)c(=O)c2cc3c(cc21)OCO3,4.501669380321306,ncgc
CCn1cc(CC(=O)Nc2c3c(nn2-c2ccccc2)CCC3)nn1,5.960969444992346,challenge
CCn1cc(CNC(=O)N2CC[C@@H](Oc3ccncc3)C2)cn1,4.296608069992345,challenge
CCn1cc(CNc2cccc(-c3nc(C)c(C)[nH]3)c2)nn1,4.3438055919923455,challenge
CCn1cc[n+](C)c1.F[P-](F)(F)(F)(F)F,4.412393562058925,tox21
CCn1cc[n+](C)c1.O=S(=O)([N-]S(=O)(=O)C(F)(F)F)C(F)(F)F,3.925210501886652,tox21
CCn1cc[n+](C)c1.O=S(=O)([O-])C(F)(F)F,4.033628545702,tox21
CCn1cc[n+](C)c1.[Cl-],3.773251730425014,tox21
CCn1ccnc1CC1COc2ccccc2O1,5.73440653898988,tox21
CCn1ccnc1C[C@@H]1COc2ccccc2O1,4.796955332477761,ncgc;veith
CCn1cnc2c(Nc3cccc(Cl)c3)nc(N[C@@H]3CCCC[C@H]3N)nc21,4.096954525750631,ncgc;veith
CCn1cnc2c(c1=O)CCN(CC1(CS(C)(=O)=O)CC1)C2,5.074427921992346,challenge
CCn1cnc2sc(C(=O)N3CCN(c4ccc(OC)cc4)CC3)c(C)c2c1=O,4.3922393223313625,veith
CCn1nc(Cc2ccccc2)cc1C1CCN(C[C@H]2C[C@H](N(C)[C@@H](C(=O)O)C(C)C)C[C@@H]2c2cccc(F)c2)CC1,4.023251954306619,tox21
CCn1nc2c(cc1=O)CN(CC(=O)Nc1cc(Cl)ccc1OC)CC2,5.291339774992346,challenge
CCn1ncc2c(=O)n(CC3CCC(c4ccccc4)CC3)cnc21,4.229076644992346,challenge
CCn1nccc1C(=O)Nc1nc2ccccc2n1CCN1CCCCC1,4.842240508595863,veith
CCn1nnc2c(=O)n(CC(O)Cc3ccccc3C(F)(F)F)cnc21,3.963849221992345,challenge
CCn1nnc2c(N3CCN(CC(O)C4CC4)CC3)ncnc21,4.727728934992346,challenge
CCn1nnc2c(NC[C@]3(CO)COC[C@@H](C)N3)ncnc21,5.545156749992346,challenge
CCn1nncc1C(=O)Nc1ccc(-c2ncc3n2CCCC3)cc1,4.694257664992346,challenge
CN(C(=O)C1CCc2cc(NS(C)(=O)=O)ccc2O1)[C@H](CN1CC[C@H](O)C1)c1ccccc1,4.62693715296244,pharmabench
CN(C(=O)C1CCc2cc(S(N)(=O)=O)ccc2O1)[C@H](CN1CC[C@H](O)C1)c1ccccc1,5.164056337357388,pharmabench
CN(C(=O)CC(=O)NCc1ccccc1)[C@H](CN1CC[C@H](O)C1)c1ccccc1,4.914178864140788,pharmabench
CN(C(=O)CC(=O)Nc1ccc(CNS(C)(=O)=O)cc1)[C@H](CN1CC[C@H](O)C1)c1ccccc1,4.686935082637726,pharmabench
CN(C(=O)CC(=O)Nc1ccc(NS(C)(=O)=O)cc1)[C@H](CN1CC[C@H](O)C1)c1ccccc1,4.419328842460694,pharmabench
CN(C(=O)CC(=O)Nc1ccccc1)[C@H](CN1CC[C@H](O)C1)c1ccccc1,4.695052972859905,pharmabench
CN(C(=O)CC(=O)Nc1nccs1)[C@H](CN1CC[C@H](O)C1)c1ccccc1,5.574230802446437,pharmabench
CN(C(=O)CCC(=O)Nc1ccccc1)[C@H](CN1CC[C@H](O)C1)c1ccccc1,4.484830391217127,pharmabench
CN(C(=O)CCC(=O)Nc1nccs1)[C@H](CN1CC[C@H](O)C1)c1ccccc1,4.887849925418439,pharmabench
CN(C(=O)CN(CC#N)c1ccc(Cl)c(Cl)c1)C(CN1CCCC1)c1ccc(-c2cccc(C(N)=O)c2)cc1,4.875260798110419,pharmabench
CN(C(=O)CN(CCO)CC(=O)N(C)C(C)(C)Cc1ccccc1)C(C)(C)Cc1ccccc1,4.976106564757554,ncgc;tox21;veith
CN(C(=O)CNc1ccc(C#N)cc1)[C@H](CN1CC[C@H](O)C1)c1ccccc1,5.021388833788657,pharmabench
CN(C(=O)CNc1ccc(C(F)(F)F)cc1)[C@H](CN1CC[C@H](O)C1)c1ccccc1,6.140575241507865,pharmabench
CN(C(=O)CNc1ccc([N+](=O)[O-])cc1)[C@H](CN1CC[C@H](O)C1)c1ccccc1,4.887849925418439,pharmabench
CN(C(=O)CNc1cccc(C#N)c1)[C@H](CN1CC[C@H](O)C1)c1ccccc1,4.942207587741032,pharmabench
CN(C(=O)CNc1cccc(CNS(C)(=O)=O)c1)[C@H](CN1CC[C@H](O)C1)c1ccccc1,4.479809589842076,pharmabench
CN(C(=O)CNc1ccccc1)[C@H](CN1CC[C@H](O)C1)c1ccccc1,4.806544985740959,pharmabench
CN(C(=O)CNc1ccccc1C#N)[C@H](CN1CC[C@H](O)C1)c1ccccc1,5.7117586663627575,pharmabench
CN(C(=O)CNc1ccccc1CNS(C)(=O)=O)[C@H](CN1CC[C@H](O)C1)c1ccccc1,5.243237583405013,pharmabench
CN(C(=O)Cc1ccc(Cl)c(Cl)c1)[C@@H](CN1CCCC1)c1cccc(OCC(=O)O)c1,3.9016695663778864,ncgc
CN(C(=O)Cc1ccc(Cl)c(Cl)c1)[C@@H]1CCCC[C@H]1N1CCCC1,5.146956213497711,ncgc;veith
CN(C(=O)Cc1ccc(Cl)c(Cl)c1)[C@@H]1CCCC[C@H]1N1CCCC1.CS(=O)(=O)O,5.096953661274842,ncgc;veith
CN(C(=O)Cc1ccc(Cl)c(Cl)c1)[C@@H]1CCCC[C@H]1N1CCCC1.O=C(O)[C@@H](O)[C@@H](O)C(=O)O,5.596962925619413,ncgc;veith
CN(C(=O)Cc1ccc(Cl)c(Cl)c1)[C@@H]1CC[C@@]2(CCCO2)C[C@H]1N1CCCC1.CS(=O)(=O)O,4.596954724317373,ncgc;veith
CN(C(=O)Cc1ccc(Cl)c(Cl)c1)[C@H](CN1CCCC1)c1ccccc1,7.396769078767552,ncgc;veith
CN(C(=O)Cc1ccc(Cl)c(Cl)c1)[C@H]1CCCC[C@@H]1N1CCCC1,6.096945016706242,ncgc;veith
CN(C(=O)Cc1ccc(Cl)c(Cl)c1)[C@H]1CC[C@@]2(CCCO2)C[C@@H]1N1CCCC1,4.9344127982132715,tox21
CN(C(=O)Cc1cccc2occc12)[C@H]1CC[C@@]2(CCCO2)C[C@@H]1N1CCCC1,6.325678361067305,tox21
CN(C(=O)Cc1ccccc1)[C@@H]1CC[C@@]2(CCCO2)C[C@H]1N1CCCC1,4.096954525750631,ncgc;veith
CN(C(=O)Cc1ccccc1)[C@H](CN1CCCC1)c1ccccc1,4.9969534480296955,ncgc;veith
CN(C(=O)Cc1ccccc1)[C@H]1CC[C@@]2(CCCO2)C[C@@H]1N1CCCC1,4.584416971394304,tox21
CN(C(=O)N1CC[C@H](n2cnc3cc(-c4ccc(Cl)cc4)sc3c2=O)C1)[C@H]1CCN(C2CCC(C)(C)CC2)C1,4.887849925418439,pharmabench
CN(C(=O)N1CC[C@H](n2cnc3cc(-c4ccc(Cl)cc4)sc3c2=O)C1)[C@H]1CCN(C2CCOCC2)C1,4.0671463243493315,pharmabench
CN(C(=O)N1CC[C@H](n2cnc3cc(-c4ccc(Cl)cc4)sc3c2=O)C1)[C@H]1CCN(CCCc2ccccc2)C1,4.484830391217127,pharmabench
CN(C(=O)NCC(=O)Nc1ccccc1)[C@H](CN1CC[C@H](O)C1)c1ccccc1,4.7117586663627575,pharmabench
CN(C(=O)[C@@H]1Cc2cc(NS(C)(=O)=O)ccc2O1)[C@H](CN1CC[C@H](O)C1)c1ccccc1,4.76611632868535,pharmabench
CN(C(=O)[C@H]1CCc2cc(CNS(C)(=O)=O)ccc2O1)[C@H](CN1CC[C@H](O)C1)c1ccccc1,4.828264235434195,pharmabench
CN(C(=O)[C@H]1CCc2ccccc2O1)[C@H](CN1CC[C@H](O)C1)c1ccccc1,6.243237583405013,pharmabench
CN(C(=O)[C@H]1Cc2cccc(NS(C)(=O)=O)c2O1)[C@H](CN1CC[C@H](O)C1)c1ccccc1,5.359041876857769,pharmabench
CN(C(=O)[C@H]1Cc2ccccc2O1)[C@H](CN1CC[C@H](O)C1)c1ccccc1,5.77995204198428,pharmabench
CN(C(=O)c1cc2c(Cl)cncc2s1)C(CO)Cc1ccccc1,4.760507627992346,challenge
CN(C(=O)c1ccc(-c2ccc(C(F)(F)F)cc2)cc1)[C@H]1CCN(C(=O)N2CC[C@@H](NCCC(C)(C)c3ccc(Cl)cc3)C2)C1,4.900814902582807,pharmabench
CN(C(=O)c1ccc(-c2ccc(C(F)(F)F)cc2)cc1)[C@H]1CCN(C(=O)N2CC[C@@H](NCCCc3ccccc3)C2)C1,5.118298846796713,pharmabench
CN(C(=O)c1ccc(-c2ccc(C(F)(F)F)cc2)s1)[C@H]1CCN(C(=O)N2CC[C@@H](NC3CCC(C)(C)CC3)C2)C1,5.491360837548302,pharmabench
CN(C(=O)c1ccc(-c2ccccc2)s1)[C@H]1CCN(C(=O)N2CC[C@@H](NC3CCC(C)(C)CC3)C2)C1,5.087369380516739,pharmabench
CN(C(=O)c1ccc(Cl)c(Cl)c1)[C@H]1CCCC[C@@H]1N1CCCC1,5.896959146963251,ncgc;veith
CN(C(=O)c1cccc(OC(F)F)c1)c1nc2ccccc2s1,4.395510631992345,challenge
CN(C(=O)c1cnc(N2CCN(c3ncccn3)CC2)c2ccccc12)c1ccc(Cl)cc1,4.3922393223313625,veith
CN(C)C(=C(C#N)C#N)N1CCN(c2ccc(Cl)c(Cl)c2)CC1,5.442240306846952,veith
CN(C)C(=O)C(CCN1CCC(O)(c2ccc(Cl)cc2)CC1)(c1ccccc1)c1ccccc1,4.733835041071993,challenge;ncgc;pharmabench;tox21;veith
CN(C)C(=O)C(Cc1ccccc1)NCc1cccc2[nH]ccc12,4.615615107992346,challenge
CN(C)C(=O)C1(N2CCCCC2)CCN(CC[C@@]2(c3ccc(Cl)c(Cl)c3)CN(C(=O)c3ccccc3)CCO2)CC1.Cl,4.752768773793036,tox21
CN(C)C(=O)C1CCN(Cc2c[nH]c3ccccc23)CC1,4.801666983179052,ncgc
CN(C)C(=O)CN1CCCC(c2nc3ccccc3n2CCOc2ccccc2)C1,4.479809589842076,pharmabench
CN(C)C(=O)N1CCCC(C(=O)NCCc2ccccc2)C1,4.492240905132714,veith
CN(C)C(=O)NC1(c2ccccc2)CCN(CCC[C@]2(c3ccc(Cl)c(Cl)c3)CCCN(C(=O)c3ccccc3)C2)CC1,4.995656224715449,tox21
CN(C)C(=O)NC1(c2ccccc2)CCN(CC[C@@]2(c3ccc(F)c(F)c3)CN(C(=O)c3ccccc3)CCO2)CC1.Cl,4.105400612623941,tox21
CN(C)C(=O)Nc1ccc(Cl)c(Cl)c1,4.074671153666625,tox21
CN(C)C(=O)Nc1ccc(Cl)cc1,4.176819300299069,tox21
CN(C)C(=O)Oc1cc(OC(=O)N(C)C)cc(C(O)CNC(C)(C)C)c1.Cl,5.03442072867151,tox21
CN(C)C(=O)Oc1cc(OC(=O)N(C)C)cc([C@@H](O)CNC(C)(C)C)c1,4.596954724317373,ncgc;veith
CN(C)C(=O)[C@@H](Cc1ccccc1)Nc1nnc(-c2ccon2)s1,4.4006854999923455,challenge
CN(C)C(=O)c1cc(N2CCC(CNc3ccccn3)C2)ccn1,4.366475799992346,challenge
CN(C)C(=O)c1cc2cc(C3(Cc4ccccc4)CCNC3)ccc2[nH]1,4.956930844561739,pharmabench
CN(C)C(=O)c1ccc(-c2cc(-n3ccnc3)ncn2)cc1,4.396953559925658,ncgc;veith
CN(C)C(=O)c1ccc(-c2cc(NCc3ccccc3)ncn2)cc1,3.9016695663778864,ncgc
CN(C)C(=O)c1ccc(-c2ccc3ncnc(N(C)Cc4ccco4)c3c2)cc1,4.00166905897837,ncgc
CN(C)C(=O)c1ccc(-c2ccc3ncnc(N4CCOCC4)c3c2)cc1,4.2969560175302135,ncgc;veith
CN(C)C(=O)c1ccc(-c2ccc3ncnc(NCc4ccccc4)c3c2)cc1,4.00166905897837,ncgc
CN(C)C(=O)c1ccc(-c2ccc3ncnc(NCc4cccs4)c3c2)cc1,4.196955646610027,ncgc;veith
CN(C)C(=O)c1ccc(-c2ccc3ncnc(Nc4ccc(F)cc4)c3c2)cc1,4.4969551427270105,ncgc;veith
CN(C)C(=O)c1ccc(-c2ccc3ncnc(Nc4ccccc4)c3c2)cc1,4.396953559925658,ncgc;veith
CN(C)C(=O)c1ccc(-c2cncnc2-n2ccnc2)cc1,4.101668763344926,ncgc
CN(C)C(=O)c1ccc(-c2cncnc2N(C)Cc2ccco2)cc1,4.301670255124509,ncgc
CN(C)C(=O)c1ccc(-c2cncnc2N2CCNCC2)cc1,4.596954724317373,ncgc;veith
CN(C)C(=O)c1ccc(-c2cncnc2NCCc2cnc[nH]2)cc1,5.596962925619413,ncgc;veith
CN(C)C(=O)c1ccc(-c2cncnc2NCc2cccs2)cc1,3.9016695663778864,ncgc
CN(C)C(=O)c1ccc(-c2nc(-n3ccnc3)c3ccccc3n2)cc1,4.2969560175302135,ncgc;veith
CN(C)C(=O)c1ccc(-c2nc(N(C)C)c3ccccc3n2)cc1,4.401667797519954,ncgc
CN(C)C(=O)c1ccc(-c2nc(N(C)Cc3ccco3)c3ccccc3n2)cc1,3.9016695663778864,ncgc
CN(C)C(=O)c1ccc(-c2nc(NCc3ccccc3)c3ccccc3n2)cc1,3.9016695663778864,ncgc
CN(C)C(=O)c1ccc(-c2nc(NCc3cccnc3)c3ccccc3n2)cc1,3.9016695663778864,ncgc
CN(C)C(=O)c1ccc(-c2nc(NCc3cccs3)c3ccccc3n2)cc1,4.101668763344926,ncgc
CN(C)C(=O)c1ccc(-c2nc(Nc3ccc(F)cc3)c3ccccc3n2)cc1,4.101668763344926,ncgc
CN(C)C(=O)c1ccc(-c2nccc(-n3ccnc3)n2)cc1,3.9016695663778864,ncgc
CN(C)C(=O)c1ccc(-c2nccc(N(C)Cc3ccco3)n2)cc1,4.101668763344926,ncgc
CN(C)C(=O)c1ccc(-c2nccc(NCc3ccccc3)n2)cc1,3.9016695663778864,ncgc
CN(C)C(=O)c1ccc(-c2nccc(NCc3cccs3)n2)cc1,4.196955646610027,ncgc;veith
CN(C)C(=O)c1ccc(-n2nc(C(F)(F)F)c3c2CCCC3)cc1,4.59170923353159,pharmabench;veith
CN(C)C(=O)c1ccc(NCc2ccc(-n3ccnc3)c(F)c2)nc1,5.208824897992345,challenge
CN(C)C(CNc1cc(=O)[nH]c2cnccc12)c1ccccc1,4.469651402992346,challenge
CN(C)C/C=C(/c1ccc(Br)cc1)c1cccnc1.Cl.Cl.O,5.084414562633206,tox21
CN(C)C/C=C(\c1ccc(Br)cc1)c1cccnc1,4.8969540043237725,ncgc;veith
CN(C)C/C=C(\c1ccc(Br)cc1)c1cccnc1.Cl.Cl.O,4.9969534480296955,ncgc;veith
CN(C)C1(CNC(=O)NCc2ccnc(-n3ccnc3)c2)CCOCC1,5.686741784992345,challenge
CN(C)C1CCN(c2nc3ccccc3n2Cc2ccc(F)cc2)CC1,4.312186736627622,pharmabench
CN(C)C1CSSSC1.O=C(O)C(=O)O,3.9732520511108227,tox21
CN(C)C=O.COCCn1c(SCc2nc3sc(C(=O)OC)c(C)c3c(=O)[nH]2)nc2ccccc21,4.492240905132714,veith
CN(C)CC(=O)N1CCC2(CC1)C(=O)Nc1cc(/C=C3\c4ccccc4COc4cc(F)ccc43)ccc12,4.529803045789503,pharmabench
CN(C)CC(C)(C)CN1c2ccccc2Sc2ccccc21,6.196983944657134,ncgc;veith
CN(C)CC(CNc1ccnc2nccn12)c1ccc(Cl)cc1,5.307121404992346,challenge
CN(C)CC/C=C1/c2ccccc2Sc2ccc(Cl)cc21,4.805625337992345,challenge
CN(C)CC/C=C1\c2ccccc2COc2ccccc21,4.89695369244143,ncgc;veith
CN(C)CC/C=C1\c2ccccc2COc2ccccc21.Cl,5.084414562633206,tox21
CN(C)CC/C=C1\c2ccccc2CSc2ccccc21,4.596954724317373,ncgc;veith
CN(C)CC/C=C1\c2ccccc2Sc2cc(Cl)ccc21,4.4969551427270105,ncgc;veith
CN(C)CC/C=C1\c2ccccc2Sc2ccc(Cl)cc21,5.109443494432334,ncgc;tox21;veith
CN(C)CCC(C#N)(c1ccccc1)c1ccccc1,5.596962925619413,ncgc;veith
CN(C)CCC1(O)c2ccccc2CCc2ccc3ccccc3c21,6.64117759207705,pharmabench
CN(C)CCC1=C(Cc2ccc(F)cc2)c2ccccc2C1,5.942207587741032,pharmabench
CN(C)CCC1=C(Cc2cccnn2)c2ccc(Cl)cc2C1,4.340147596413069,pharmabench
CN(C)CCC1=C(Cc2cccnn2)c2ccc(F)cc2C1,4.340147596413069,pharmabench
CN(C)CCC1=C(Cc2cnccn2)c2ccc(F)cc2C1,4.243237583405013,pharmabench
CN(C)CCC1=C(Cc2cnccn2)c2ccccc2C1,4.59461739899596,pharmabench
CN(C)CCC=C1c2ccccc2C=Cc2ccccc21,4.73228911257925,challenge;ncgc;veith
CN(C)CCC=C1c2ccccc2C=Cc2ccccc21.Cl,4.734419094663767,tox21
CN(C)CCC=C1c2ccccc2CCc2ccccc21,4.246955026550482,ncgc;veith
CN(C)CCC=C1c2ccccc2CCc2ccccc21.Cl,4.823254322212624,tox21
CN(C)CCC=C1c2ccccc2COc2ccccc21,4.979601599992345,challenge
CN(C)CCCCCCN(C)C,3.9269747833231667,tox21
CN(C)CCCN1c2ccc(O)cc2Sc2ccc(Cl)cc21,6.396941486272403,ncgc;veith
CN(C)CCCN1c2ccc3ccccc3c2Sc2cccc(Cl)c21,5.7969497127886624,ncgc;veith
CN(C)CCCN1c2ccccc2C(C)(C)c2ccccc21,4.89695369244143,ncgc;veith
CN(C)CCCN1c2ccccc2CCc2ccc(Cl)cc21,5.08080273752372,challenge;ncgc;pharmabench;veith
CN(C)CCCN1c2ccccc2CCc2ccc(Cl)cc21.Cl,5.273248540953206,tox21
CN(C)CCCN1c2ccccc2CCc2ccccc21,4.492775975519977,ncgc;tox21;veith
CN(C)CCCN1c2ccccc2CCc2ccccc21.Cl,5.023254395939615,tox21
CN(C)CCCN1c2ccccc2Sc2ccc(C(F)(F)F)cc21,5.710678681858337,challenge;ncgc;veith
CN(C)CCCN1c2ccccc2Sc2ccc(C(F)(F)F)cc21.Cl,5.834419399908713,tox21
CN(C)CCCN1c2ccccc2Sc2ccc(Cl)cc21,6.053540479254139,challenge;ncgc;tox21;veith
CN(C)CCCN1c2ccccc2Sc2ccc(Cl)cc21.Cl,6.123214939155683,tox21
CN(C)CCCN1c2ccccc2Sc2ccc3ccccc3c21,5.396958734553992,ncgc;veith
CN(C)CCCN1c2ccccc2Sc2ccccc21,6.207056268113929,challenge;ncgc;pharmabench;veith
CN(C)CCCN1c2ccccc2Sc2ccccc21.Cl,6.334337324555574,tox21
CN(C)CCCN1c2ccccc2Sc2cnccc21,5.296954647425311,ncgc;veith
CN(C)CCCNCCCN,3.7750265563414507,tox21
CN(C)CCCNCCCN(C)C,4.273252882834265,tox21
CN(C)CCCOC1(Cc2ccccc2)CCCCCC1,5.434413608683764,tox21
CN(C)CCCOc1nn(Cc2ccccc2)c2ccccc12,4.596954724317373,ncgc;veith
CN(C)CCCOc1nn(Cc2ccccc2)c2ccccc12.Cl,4.884412652001449,tox21
CN(C)CCCSc1ccccc1NC(=O)/C=C/c1ccccc1,5.984437495342514,tox21
CN(C)CCCSc1ccccc1NC(=O)/C=C\c1ccccc1,6.0017075147251155,ncgc
CN(C)CCC[C@@H]1c2ccccc2Oc2ccc(C(F)(F)F)cc21,5.396958734553992,ncgc;veith
CN(C)CCC[C@@]1(c2ccc(F)cc2)OCc2cc(C#N)ccc21,4.305553095757543,challenge;ncgc;veith
CN(C)CCCc1c2ccccc2nc2ccc(Cl)cc12.O=P(O)(O)O,5.296954647425311,ncgc;veith
CN(C)CCCc1cc(C(=O)Nc2ccc(-c3ccncc3)cc2)ccc1O,4.796954045378592,ncgc;veith
CN(C)CCCn1c(=O)n(C2CCN(C(=O)C3CCN(Cc4ccncc4)CC3)CC2)c2ccccc21,5.215208859804769,pharmabench
CN(C)CCCn1c2c3ccccc3ccc2c2oc(=O)c3ccccc3c21.Cl,5.396958734553992,ncgc;veith
CN(C)CCCn1c2ccccc2c2cnccc21,4.901666293693565,ncgc
CN(C)CCCn1nc(-c2cnc3[nH]cc(C(=O)NC(C)(C)CO)c3n2)c2cc(OC(F)F)ccc21,3.7380876050851066,pharmabench
CN(C)CCN(C)C1CCN(c2nc3ccccc3n2Cc2ccc(F)cc2)CC1,4.631585070814228,pharmabench
CN(C)CCN(C)CCO,3.79891063443218,tox21
CN(C)CCN(Cc1ccc(Cl)cc1)c1ccccn1,7.196440396836527,ncgc;veith
CN(C)CCN(Cc1ccc(Cl)cc1)c1ccccn1.Cl,6.184335600209235,tox21
CN(C)CCN(Cc1ccccc1)c1ccccn1.O=C(O)CC(O)(CC(=O)O)C(=O)O,6.284352485305704,tox21
CN(C)CCN(Cc1cccs1)c1ccccn1,5.357630320477338,ncgc;pharmabench;veith
CN(C)CCN(Cc1cccs1)c1ccccn1.CN(C)CCN(Cc1cccs1)c1ccccn1.O=C(O)/C=C/C(=O)O.O=C(O)/C=C/C(=O)O.O=C(O)/C=C/C(=O)O,6.208899111777323,tox21
CN(C)CCN(Cc1cccs1)c1ccccn1.Cl,5.929917424747441,tox21
CN(C)CCN(Cc1ccsc1)c1ccccn1,5.084414562633206,tox21
CN(C)CCN(c1ccccn1)c1ccccn1,4.89695369244143,ncgc;veith
CN(C)CCN1C(=O)CCc2cc(NC(=N)c3cccs3)ccc21,4.332969011785946,pharmabench
CN(C)CCN1CCC(NC(=O)N[C@H]2CCC[C@H]2n2ccnc2)CC1,4.484793509992346,challenge
CN(C)CCN1CCN(c2cccc(Cl)c2)C1=O,4.384416994074168,tox21
CN(C)CCNc1nc2c(c(=O)n(C)c(=O)n2C)n1C,4.701667552503337,ncgc
CN(C)CCNc1oc(COc2ccc(Cl)cc2Cl)nc1C#N,4.342240150210577,veith
CN(C)CCOC(=O)C(c1ccccc1)C1(O)CCCC1.Cl,4.084417373518855,tox21
CN(C)CCOC(=O)COc1ccc(Cl)cc1.Cl,4.179366575592784,tox21
CN(C)CCOC(C)(c1ccccc1)c1ccc(Br)cc1,5.190107229992345,challenge
CN(C)CCOC(C)(c1ccccc1)c1ccccn1.O=C(O)CCC(=O)O,4.2721904173348815,tox21
CN(C)CCOC(c1ccc(Cl)cc1)c1ccccn1.O=C(O)/C=C\C(=O)O,4.43441675507263,tox21
CN(C)CCOC(c1ccccc1)c1ccc(Br)cc1,5.434413608683764,tox21
CN(C)CCOC(c1ccccc1)c1ccccc1,4.804592756526688,challenge;ncgc;tox21;veith
CN(C)CCOC(c1ccccc1)c1ccccc1.Cl,5.19683253731685,tox21
CN(C)CCOC(c1ccccc1)c1ccccc1.Cn1c(=O)c2[nH]c(Cl)nc2n(C)c1=O,5.719716764772887,tox21
CN(C)CCOC1=Cc2ccccc2Sc2ccc(Cl)cc21,4.984415167151363,tox21
CN(C)CCOCCN(C)CCO,4.063908442076418,tox21
CN(C)CCO[C@H](c1ccc(Cl)cc1)c1ccccn1,4.396953559925658,ncgc;veith
CN(C)CCO[C@](C)(c1ccccc1)c1ccccn1.O=C(O)CCC(=O)O,3.9016695663778864,ncgc
CN(C)CCOc1ccc(/C(=C(/CCCl)c2ccccc2)c2ccccc2)cc1.O=C(O)CC(O)(CC(=O)O)C(=O)O,3.8518782163028007,tox21
CN(C)CCOc1ccccc1N1CCN(C(=O)c2n[nH]c3c2CCC3)CC1,4.505825471992345,challenge
CN(C)CC[C@@H](c1ccc(Br)cc1)c1ccccn1.O=C(O)/C=C\C(=O)O,4.984415167151363,tox21
CN(C)CC[C@@H](c1ccc(Cl)cc1)c1ccccn1.Cl,4.43441675507263,tox21
CN(C)CC[C@H](c1ccc(Br)cc1)c1ccccn1,4.2969560175302135,ncgc;veith
CN(C)CC[C@H](c1ccc(Cl)cc1)c1ccccn1,3.9969548213840747,ncgc;veith
CN(C)CCc1c[nH]c2ccc(CS(=O)(=O)N3CCCC3)cc12,4.23441719671471,tox21
CN(C)CCc1c[nH]c2ccc(C[C@H]3COC(=O)N3)cc12,4.134416852957513,tox21
CN(C)CCc1c[nH]c2ccc(O)cc12,4.3332666527029415,tox21
CN(C)CCc1c[nH]c2cccc(O)c12,4.627522349585293,tox21
CN(C)CCc1c[nH]c2ccccc12.O=C(O)/C=C/C(=O)O,3.976450703026483,tox21
CN(C)CCc1sc2ccccc2c1Cc1ccc(F)cc1,6.118298846796713,pharmabench
CN(C)CCn1c(=O)n(Cc2ccco2)c(=O)c2c3c(sc21)CCCCC3,5.292241779935917,veith
CN(C)CCn1c(=O)oc2ccc(NCc3cc(O)c4ccsc4c3)cc21,5.3467826299923455,challenge
CN(C)CCn1nccc1NC(=O)c1ccc(C(C)(F)F)cc1,5.1059592299923455,challenge
CN(C)CN1CSC(=S)N(CN(C)C)C1,4.9969534480296955,ncgc;veith
CN(C)Cc1c[nH]c2ccccc12,5.8469482634901695,ncgc;veith
CN(C)Cc1c[nH]c2nc[nH]c(=O)c12,5.1016670343933495,ncgc
CN(C)Cc1cc(C(C)(C)C)c(O)c(C(C)(C)C)c1,3.773251730425014,tox21
CN(C)Cc1cc(C(C)(C)C)cc(CNC2CCCCC2)c1O,5.296954647425311,ncgc;veith
CN(C)Cc1cc(C(F)(F)F)ccc1C(O)(c1ccccc1)c1ccccc1,5.001666312269612,ncgc
CN(C)Cc1cc(CN(C)C)c(O)c(CN(C)C)c1,3.6736060832571917,tox21
CN(C)Cc1ccc(-c2cccnc2)s1,3.961446945726702,pharmabench
CN(C)Cc1ccc(/C=C/c2n[nH]c3cc(/C=C4/C(=O)Nc5ccccc54)ccc23)cc1,4.469938835815781,pharmabench
CN(C)Cc1ccc(/C=C/c2n[nH]c3cc([C@@H]4C[C@@]45C(=O)Nc4ccccc45)ccc23)cc1,4.927967148626421,pharmabench
CN(C)Cc1ccccc1,4.219017960458918,tox21
CN(C)Cc1ccccc1-c1cc(-n2ccnc2)ncn1,5.096953661274842,ncgc;veith
CN(C)Cc1ccccc1-c1cc(N(C)C)ncn1,5.396958734553992,ncgc;veith
CN(C)Cc1ccccc1-c1cc(N(C)Cc2ccco2)ncn1,4.596954724317373,ncgc;veith
CN(C)Cc1ccccc1-c1cc(NC2CC2)ncn1,6.897013699718457,ncgc;veith
CN(C)Cc1ccccc1-c1cc(NCc2ccccc2)ncn1,4.2969560175302135,ncgc;veith
CN(C)Cc1ccccc1-c1cc(NCc2cccs2)ncn1,5.196951293391612,ncgc;veith
CN(C)Cc1ccccc1-c1cc(Nc2ccccc2)ncn1,4.396953559925658,ncgc;veith
CN(C)Cc1ccccc1-c1ccc2ncnc(N(C)C)c2c1,4.396953559925658,ncgc;veith
CN(C)Cc1ccccc1-c1ccc2ncnc(N(C)Cc3ccco3)c2c1,5.196951293391612,ncgc;veith
CN(C)Cc1ccccc1-c1ccc2ncnc(N3CCOCC3)c2c1,4.396953559925658,ncgc;veith
CN(C)Cc1ccccc1-c1ccc2ncnc(NC3CC3)c2c1,4.596954724317373,ncgc;veith
CN(C)Cc1ccccc1-c1ccc2ncnc(NC3CCNCC3)c2c1,4.4969551427270105,ncgc;veith
CN(C)Cc1ccccc1-c1ccc2ncnc(NCc3ccccc3)c2c1,4.596954724317373,ncgc;veith
CN(C)Cc1ccccc1-c1ccc2ncnc(NCc3cccs3)c2c1,5.196951293391612,ncgc;veith
CN(C)Cc1ccccc1-c1cncnc1NC1CC1,4.101668763344926,ncgc
CN(C)Cc1ccccc1-c1cncnc1NCc1ccccc1,4.396953559925658,ncgc;veith
CN(C)Cc1ccccc1-c1cncnc1NCc1cccnc1,4.696954347372703,ncgc;veith
CN(C)Cc1ccccc1-c1cncnc1NCc1cccs1,4.396953559925658,ncgc;veith
CN(C)Cc1ccccc1-c1cncnc1Nc1ccc(F)cc1,4.696954347372703,ncgc;veith
CN(C)Cc1ccccc1-c1cncnc1Nc1ccccc1,3.9016695663778864,ncgc
CN(C)Cc1ccccc1-c1cncnc1Nc1ccncc1,4.396953559925658,ncgc;veith
CN(C)Cc1ccccc1-c1nc(N(C)C)c2ccccc2n1,5.096953661274842,ncgc;veith
CN(C)Cc1ccccc1-c1nc(N(C)Cc2ccco2)c2ccccc2n1,5.596962925619413,ncgc;veith
CN(C)Cc1ccccc1-c1nc(N2CCOCC2)c2ccccc2n1,4.596954724317373,ncgc;veith
CN(C)Cc1ccccc1-c1nc(NC2CC2)c2ccccc2n1,4.89695369244143,ncgc;veith
CN(C)Cc1ccccc1-c1nc(NCc2ccccc2)c2ccccc2n1,4.196955646610027,ncgc;veith
CN(C)Cc1ccccc1-c1nc(NCc2cccs2)c2ccccc2n1,4.196955646610027,ncgc;veith
CN(C)Cc1ccccc1-c1nccc(N(C)C)n1,5.4969551427270105,ncgc;veith
CN(C)Cc1ccccc1-c1nccc(N(C)Cc2ccco2)n1,5.596962925619413,ncgc;veith
CN(C)Cc1ccccc1-c1nccc(NC2CC2)n1,5.69694058165962,ncgc;veith
CN(C)Cc1ccccc1-c1nccc(NCc2cccs2)n1,5.296954647425311,ncgc;veith
CN(C)Cc1ccccc1-c1nccc(Nc2ccc(F)cc2)n1,4.4969551427270105,ncgc;veith
CN(C)Cc1nc2ccc(NC(=O)c3ccc(C4CC4(F)F)cc3)cc2[nH]1,4.916513449992346,challenge
CN(C)N=Nc1[nH]cnc1C(N)=O,4.481938431992345,challenge
CN(C)P(=O)(N(C)C)N(C)C,3.8257378767403756,tox21
CN(C)S(=O)(=O)N1CC(Nc2nc(C3CC3)nc3c2CCC3)C1,4.486849277992346,challenge
CN(C)S(=O)(=O)NCCCCCNc1nc(-c2ccccn2)cs1,5.441605237171847,pharmabench
CN(C)S(=O)(=O)Oc1ccsc1C(=O)Nc1ccc(Cl)c(Cl)c1,4.142241126006169,veith
CN(C)S(=O)(=O)Oc1ccsc1C(=O)Nc1ccc(Cl)cc1,4.142241126006169,veith
CN(C)S(=O)(=O)c1ccc(C(=O)Nc2ccc(CN3CCCC3)cc2)cc1,5.092240288156335,veith
CN(C)S(=O)(=O)c1ccc(Nc2ccc(O)c3c2C(=O)c2c([N+](=O)[O-])ccc(O)c2C3=O)cc1,5.596962925619413,ncgc;veith
CN(C)S(=O)(=O)c1ccc2c(c1)/C(=C/c1cc3c([nH]1)CCCC3)C(=O)N2,4.00166905897837,ncgc
CN(C)S(=O)(=O)c1cccc(NC(=O)CN2C(=O)NC3(CCCc4ccccc43)C2=O)c1,3.5877082099923454,challenge
CN(C)[C@@H](CCOc1cccc2ccccc12)c1ccccc1,5.584403638366823,tox21
CN(C)[C@@H]1C(=O)C(C(N)=O)=C(O)[C@@]2(O)C(=O)C3=C(O)c4c(O)cccc4[C@@](C)(O)[C@H]3C[C@@H]12.Cl,4.077949897225298,tox21
CN(C)[C@@H]1C(O)=C(C(N)=O)C(=O)[C@@]2(O)C(O)=C3C(=O)c4c(O)ccc(Cl)c4[C@@H](O)[C@H]3C[C@@H]12,4.976872309992346,challenge
CN(C)[C@@H]1CCN(c2ccc(Cl)c(Cl)c2)c2ccccc21,4.63973235120287,pharmabench
CN(C)c1c(C(=O)N2CCC(N3CCC3)CC2)cnc2ccccc12,4.490576649992346,challenge
CN(C)c1cc(C#N)cc(C(=O)N2CCC3C(CCCN3C3CC3)C2)c1,5.160772222992346,challenge
CN(C)c1cc(NC(=O)CNC(C)(C)C)c(O)c2c1C[C@H]1C[C@H]3[C@H](N(C)C)C(=O)C(C(N)=O)=C(O)[C@@]3(O)C(=O)C1=C2O,4.166116596099107,tox21
CN(C)c1cc2c(Nc3ccc4c(cnn4Cc4ccccc4)c3)ncnc2cn1,4.00166905897837,ncgc
CN(C)c1cc[n+](CC(=O)Nc2cc(C(F)(F)F)ccc2Cl)cc1.[Cl-],6.3922393223313625,veith
CN(C)c1ccc(-c2cc(-n3ccnc3)ncn2)cc1,4.596954724317373,ncgc;veith
CN(C)c1ccc(-c2cc(N(C)Cc3ccco3)ncn2)cc1,4.596954724317373,ncgc;veith
CN(C)c1ccc(-c2cc(Nc3ccc(F)cc3)ncn2)cc1,3.9016695663778864,ncgc
CN(C)c1ccc(-c2ccc3ncnc(-n4ccnc4)c3c2)cc1,4.196955646610027,ncgc;veith
CN(C)c1ccc(-c2ccc3ncnc(N(C)Cc4ccco4)c3c2)cc1,4.101668763344926,ncgc
CN(C)c1ccc(-c2ccc3ncnc(N4CCNCC4)c3c2)cc1,4.396953559925658,ncgc;veith
CN(C)c1ccc(-c2ccc3ncnc(NCc4ccccc4)c3c2)cc1,4.396953559925658,ncgc;veith
CN(C)c1ccc(-c2cncnc2-n2ccnc2)cc1,3.9016695663778864,ncgc
CN(C)c1ccc(-c2cncnc2N(C)Cc2ccco2)cc1,4.396953559925658,ncgc;veith
CN(C)c1ccc(-c2cncnc2NCCN2CCOCC2)cc1,4.2969560175302135,ncgc;veith
CN(C)c1ccc(-c2cncnc2NCCc2cnc[nH]2)cc1,4.796954045378592,ncgc;veith
CN(C)c1ccc(-c2cncnc2NCc2ccccc2)cc1,3.9016695663778864,ncgc
CN(C)c1ccc(-c2cncnc2NCc2cccnc2)cc1,4.396953559925658,ncgc;veith
CN(C)c1ccc(-c2cncnc2NCc2cccs2)cc1,3.9016695663778864,ncgc
CN(C)c1ccc(-c2cncnc2Nc2ccc(F)cc2)cc1,4.096954525750631,ncgc;veith
CN(C)c1ccc(-c2cncnc2Nc2ccccc2)cc1,4.201669884204322,ncgc
CN(C)c1ccc(-c2nc(-n3ccnc3)c3ccccc3n2)cc1,4.596954724317373,ncgc;veith
CN(C)c1ccc(-c2nc(N(C)C)c3ccccc3n2)cc1,4.596954724317373,ncgc;veith
CN(C)c1ccc(-c2nc(N(C)Cc3ccco3)c3ccccc3n2)cc1,4.396953559925658,ncgc;veith
CN(C)c1ccc(-c2nc(N3CCNCC3)c3ccccc3n2)cc1,4.396953559925658,ncgc;veith
CN(C)c1ccc(-c2nc(NC3CCNCC3)c3ccccc3n2)cc1,3.9016695663778864,ncgc
CN(C)c1ccc(-c2nc(NCCN3CCOCC3)c3ccccc3n2)cc1,4.101668763344926,ncgc
CN(C)c1ccc(-c2nc(NCCc3cnc[nH]3)c3ccccc3n2)cc1,4.596954724317373,ncgc;veith
CN(C)c1ccc(-c2nc(NCc3cccnc3)c3ccccc3n2)cc1,4.596954724317373,ncgc;veith
CN(C)c1ccc(-c2nc(Nc3ccncc3)c3ccccc3n2)cc1,4.101668763344926,ncgc
CN(C)c1ccc(-c2nc3c(N4CCN(CC(=O)Nc5nccs5)CC4)c(Cl)cnc3[nH]2)cc1,4.419328842460694,pharmabench
CN(C)c1ccc(-c2nccc(NCCN3CCOCC3)n2)cc1,3.9016695663778864,ncgc
CN(C)c1ccc(-c2nccc(NCc3ccccc3)n2)cc1,4.9969534480296955,ncgc;veith
CN(C)c1ccc(-c2nccc(NCc3cccs3)n2)cc1,6.396941486272403,ncgc;veith
CN(C)c1ccc(-c2nccc(Nc3ccc(F)cc3)n2)cc1,4.196955646610027,ncgc;veith
CN(C)c1ccc(/C=C/C(=O)c2ccc[nH]2)cc1,4.305385490153857,pharmabench
CN(C)c1ccc(/C=C2/C(=O)Nc3ccccc32)cc1,4.00166905897837,ncgc
CN(C)c1ccc(/C=N/N2C(=S)SC(C)(C)C2N(O)C(=O)Nc2ccc([N+](=O)[O-])cc2)cc1,4.592241033466911,veith
CN(C)c1ccc(C(=C2C=CC(=[N+](C)C)C=C2)c2c(O)c(S(=O)(=O)O)cc3cc(S(=O)(=O)O)ccc23)cc1,5.001666312269612,ncgc
CN(C)c1ccc(C(=C2C=CC(=[N+](C)C)C=C2)c2ccc(N(C)C)cc2)cc1,5.253633065672933,challenge;pharmabench
CN(C)c1ccc(C(c2ccccc2)c2ccc(N(C)C)cc2)cc1,4.323252804087656,tox21
CN(C)c1ccc(CCO)cc1,4.075737511935232,tox21
CN(C)c1ccc(Cc2ccc(N(C)C)cc2)cc1,3.9971910289901578,tox21
CN(C)c1ccc(N=C/C=C2\N(C)c3ccccc3C2(C)C)cc1,5.142241126006169,veith
CN(C)c1ccc(N=Nc2cccc3ccoc23)cc1,5.001666312269612,ncgc
CN(C)c1ccc(SC#N)cc1,4.073252490208837,tox21
CN(C)c1ccc2[nH+]c3c(C(=O)O)cc(=O)c(O)c-3oc2c1,4.9969534480296955,ncgc;veith
CN(C)c1ccc2nc3ccc(=[N+](C)C)cc-3sc2c1,4.4939551519923455,challenge
CN(C)c1ccccc1CN1CCCN(Cc2ccccc2N(C)C)C1c1ccncc1,5.396958734553992,ncgc;veith
CN(C)c1ccnc(Oc2ccc(Cl)cc2)c1C#N,4.792241107578132,veith
CN(C)c1ccncc1,4.073252490208837,tox21
CN(C)c1nc(-c2ccc3c(c2)OCO3)nc2ccccc12,5.196951293391612,ncgc;veith
CN(C)c1nc(-c2cccc(C#N)c2)nc2ccccc12,4.101668763344926,ncgc
CN(C)c1nc(-c2cccc(NS(C)(=O)=O)c2)nc2ccccc12,4.101668763344926,ncgc
CN(C)c1nc(-c2ccccc2C(F)(F)F)nc2ccccc12,4.4969551427270105,ncgc;veith
CN(C)c1nc(-c2cccnc2)nc2ccccc12,4.2969560175302135,ncgc;veith
CN(C)c1nc(-c2ccoc2)nc2ccccc12,3.9016695663778864,ncgc
CN(C)c1ncc(CNC2CCCc3c2[nH]c2ccccc32)n1C,5.130069749992345,challenge
CN(C)c1ncc(CNc2cc(C(F)(F)F)nc(-c3cccnc3)n2)n1C,4.2170573249923455,challenge
CN(C)c1ncc2nc(-c3ccc(Cl)cc3)c(=O)n(-c3ccccc3)c2n1,5.69694058165962,ncgc;veith
CN(C)c1ncc2nc(-c3ccc(Cl)cc3)c(=O)n(CCC#N)c2n1,6.4969551427270105,ncgc;veith
CN(C)c1ncc2nc(-c3ccc(Cl)cc3)c(=O)n(C[C@H]3CCCO3)c2n1,5.296954647425311,ncgc;veith
CN(C)c1ncc2nc(-c3ccc(F)cc3)c(=O)n(-c3ccccc3)c2n1,5.296954647425311,ncgc;veith
CN(C)c1ncc2nc(-c3ccc(F)cc3)c(=O)n(CCC#N)c2n1,5.7969497127886624,ncgc;veith
CN(C)c1ncc2nc(-c3ccc(F)cc3)c(=O)n(C[C@H]3CCCO3)c2n1,5.396958734553992,ncgc;veith
CN(C)c1ncc2nc(-c3cccc(C#N)c3)c(=O)n(CCC#N)c2n1,3.9016695663778864,ncgc
CN(C)c1ncc2nc(-c3cccc(C#N)c3)c(=O)n(C[C@H]3CCCO3)c2n1,5.096953661274842,ncgc;veith
CN(C)c1ncc2nc(-c3ccccc3)c(=O)n(CCC#N)c2n1,5.4969551427270105,ncgc;veith
CN(C)c1ncc2nc(-c3ccccc3)c(=O)n(C[C@H]3CCCO3)c2n1,4.396953559925658,ncgc;veith
CN(C)c1ncc2nc(CCc3ccccc3)c(=O)n(-c3ccccc3)c2n1,5.096953661274842,ncgc;veith
CN(C)c1ncc2nc(CCc3ccccc3)c(=O)n(C3CC3)c2n1,4.4969551427270105,ncgc;veith
CN(C)c1ncc2nc(CCc3ccccc3)c(=O)n(CCC#N)c2n1,5.096953661274842,ncgc;veith
CN(C)c1ncc2nc(CCc3ccccc3)c(=O)n(CCc3ccccc3)c2n1,4.596954724317373,ncgc;veith
CN(C)c1ncc2nc(CCc3ccccc3)c(=O)n(Cc3ccc(F)cc3)c2n1,4.101668763344926,ncgc
CN(C)c1ncc2nc(CCc3ccccc3)c(=O)n(Cc3cccs3)c2n1,4.101668763344926,ncgc
CN(C)c1ncc2ncc(=O)n(C)c2n1,4.201669884204322,ncgc
CN(C)c1ncc2ncc(=O)n(CCc3ccccc3)c2n1,3.9016695663778864,ncgc
CN(C)c1ncc2ncc(=O)n(Cc3ccc(F)cc3)c2n1,4.396953559925658,ncgc;veith
CN(C)c1ncc2ncc(=O)n(Cc3cccs3)c2n1,4.396953559925658,ncgc;veith
CN(C)c1ncnc2c1ncn2CCn1cnc2c(N(C)C)ncnc21,7.101995658840267,ncgc
CN(C)c1ncnc2ccc(-c3ccc4c(c3)OCO4)cc12,4.9969534480296955,ncgc;veith
CN(C)c1ncnc2ccc(-c3ccccc3C(F)(F)F)cc12,4.2969560175302135,ncgc;veith
CN(C)c1ncnc2ccc(-c3cccnc3)cc12,3.9016695663778864,ncgc
CN(C)c1ncnc2ccc(-c3ccoc3)cc12,4.4969551427270105,ncgc;veith
CN(C/C=C/C#CC(C)(C)C)Cc1cccc2ccccc12,6.15463436780523,challenge;pharmabench;tox21
CN(C/C=C/c1ccccc1)Cc1cccc2ccccc12.Cl,5.584403638366823,tox21
CN(C/C=C\c1ccccc1)Cc1cccc2ccccc12,6.096945016706242,ncgc;veith
CN(C1CCCCC1)C1CCCCC1,5.073245641380439,tox21
CN(C1CCOCC1)C1CCN(c2nc3ccccc3n2Cc2ccc(F)cc2)CC1,4.61587172681228,pharmabench
CN(CC(=O)N(C)C(CN1CCCC1)c1ccc(-c2ccccc2)cc1)c1ccc(Cl)c(Cl)c1,4.64847683081855,pharmabench
CN(CC(=O)N(C)C(CN1CCOCC1)c1ccc(-c2ccccc2)cc1)c1ccc(Cl)c(Cl)c1,4.215208859804769,pharmabench
CN(CC(=O)N(C)[C@H](CN1CC[C@H](O)C1)c1ccccc1)c1ccc(C#N)cc1,5.593254039759867,pharmabench
CN(CC(=O)N(C)[C@H](CN1CC[C@H](O)C1)c1ccccc1)c1ccccc1,5.695052972859905,pharmabench
CN(CC(=O)N1CCCC(c2ccccc2)C1CN1CCCC1)c1ccc(Cl)c(Cl)c1,5.544267579068994,pharmabench
CN(CC(=O)N1CCCC(c2ccccc2)C1CN1CCOCC1)c1ccc(Cl)c(Cl)c1,5.057601006443101,pharmabench
CN(CC(=O)N1CCN(c2ccccc2)CC1)S(=O)(=O)c1cnc[nH]1,4.342240150210577,veith
CN(CC(=O)NCCc1cn(C)c2ccccc12)[C@@H]1CCC[C@H]1O,5.058286791992345,challenge
CN(CC(=O)Nc1cccc2c1CCCC2)S(=O)(=O)c1ccc(Br)cc1,4.992240583789779,veith
CN(CC(O)(CNC(=O)c1cnn(-c2ccc(F)cc2)c1N)C(F)(F)F)C(=O)c1c(F)cccc1F,3.8630263416934065,pharmabench
CN(CC(O)COc1ccccc1C#N)C(C)(C)Cc1cc2ccccc2[nH]1,6.942207587741032,pharmabench
CN(CC1CCCCC1)C1CCN(c2nc3ccccc3n2Cc2ccc(F)cc2)CC1,5.8630263416934065,pharmabench
CN(CC1CCOCC1)C1CCN(c2nc3ccccc3n2Cc2ccc(F)cc2)CC1,4.377600695705384,pharmabench
CN(CC1CN(c2nc(-c3ccccc3)c3ccccc3n2)CCO1)c1cccnn1,6.4005313099923455,challenge
CN(CCC#N)C(=O)c1ccc(CNS(=O)(=O)c2ccc(F)cc2)cc1,4.04224135682174,veith
CN(CCCN1c2ccccc2CCc2ccccc21)CC(=O)c1ccc(Cl)cc1.Cl,4.684419053436598,tox21
CN(CCCNC(=O)C(C)(C)S(=O)(=O)c1ccc(Cl)cc1)c1ccccc1,4.379761062992346,challenge
CN(CCCNC(=O)C1CCN(S(=O)(=O)c2cccc3nsnc23)CC1)Cc1ccccc1,4.792241107578132,veith
CN(CCCNC(=O)c1ccc(/C=N/O)nc1)CCCN(C)Cc1ccccc1,5.04224135682174,veith
CN(CCCNC(=O)c1cccn2c(=O)c3ccccc3nc12)Cc1ccccc1,5.142241126006169,veith
CN(CCCNC(=O)c1nc2cnccc2s1)c1ccccn1,4.772501641992346,challenge
CN(CCCl)CCCl.Cl,3.7425170025833596,tox21
CN(CCCl)Cc1cc(Cl)c(NC2=NCCN2)c(Cl)c1,4.00166905897837,ncgc
CN(CCF)CCC1=C(Cc2cnccn2)c2ccccc2C1,4.928948922457515,pharmabench
CN(CCO)C1CCN(c2nc3ccccc3n2Cc2ccc(F)cc2)CC1,3.8734035131048516,pharmabench
CN(CCO)CCO,3.97025126088709,tox21
CN(CCOc1ccc(CC2SC(=O)NC2=O)cc1)c1ccccn1,4.0344169708398665,tox21
CN(CCOc1ccc(C[C@H](Nc2ccccc2C(=O)c2ccccc2)C(=O)O)cc1)c1ccccn1,6.99711144074634,ncgc;veith
CN(CC[C@@H](Oc1ccc(-c2ccccc2)cc1)c1ccc(F)cc1)CC(=O)O,3.9969548213840747,ncgc;veith
CN(CCc1ccc(Cl)c(Cl)c1)CCN1CCCC1,5.596962925619413,ncgc;veith
CN(CCc1ccc(Cl)c(Cl)c1)CCN1CCCCCC1,6.396941486272403,ncgc;veith
CN(CCc1ccc(Cl)c(Cl)c1)C[C@@H](O)COc1ccc(NS(C)(=O)=O)cc1,4.096954525750631,ncgc;veith
CN(CCc1ccc(Cl)c(Cl)c1)[C@H]1CCCC[C@H]1N1CCCC1,7.697284986554896,ncgc;veith
CN(CCc1ccccn1)Cc1ccc(Cl)cc1Cl,5.942241381558047,veith
CN(CCc1ccccn1)c1ccc2c(c1)C(=O)c1ccccc1-2,5.096953661274842,ncgc;veith
CN(CCc1ccccn1)c1ccc2c(c1)Cc1ccccc1-2,4.9969534480296955,ncgc;veith
CN(CCc1ccncc1)C(=O)C1NCCOc2ccccc21,4.532522874992345,challenge
CN(C[C@@H](CC[N+]12CCC(C3CCCCC3)(CC1)CC2)c1ccc(Cl)c(Cl)c1)C(=O)c1cc(C(F)(F)F)cc(C(F)(F)F)c1.CS(=O)(=O)[O-],4.223252007786247,tox21
CN(C[C@@H]1CCCN1C(=O)C[C@H](N)Cc1cc(F)c(F)cc1F)C(=O)C(C)(C)C,4.619988293007112,pharmabench
CN(C[C@@H]1CCCN1C(=O)C[C@H](N)Cc1cc(F)c(F)cc1F)C(=O)C(C)(F)F,6.419328842460694,pharmabench
CN(C[C@@H]1CCCN1C(=O)C[C@H](N)Cc1cc(F)c(F)cc1F)C(=O)C1CC1,5.377936157302469,pharmabench
CN(C[C@@H]1CCCN1C(=O)C[C@H](N)Cc1cc(F)c(F)cc1F)S(=O)(=O)C(F)(F)F,5.305385490153857,pharmabench
CN(C[C@@H]1CCCN1C(=O)C[C@H](N)Cc1cc(F)c(F)cc1F)c1ccc(C#N)cn1,5.465086333021369,pharmabench
CN(C[C@H]1Cc2c(cccc2N2CCN(C3CC3)CC2)CN1)[C@H]1CCCc2cccnc21,4.634711549827819,pharmabench
CN(C[C@H]1Cc2c(cccc2N2CCN(c3ncccn3)CC2)CN1)[C@H]1CCCc2cccnc21,5.713465130176775,pharmabench
CN(Cc1c(F)cccc1F)C(=O)c1cccc(Cn2ccnc2)c1,5.303019204992346,challenge
CN(Cc1cc(Br)cc(Br)c1N)C1CCCCC1,6.61704917249296,challenge;pharmabench
CN(Cc1cc(Br)cc(Br)c1N)C1CCCCC1.Cl,7.434508010266986,tox21
CN(Cc1cc(Br)cc(Br)c1O)Cc1c(O)ccc2ccccc12,5.296954647425311,ncgc;veith
CN(Cc1cc(C(C)(C)C)cc(Br)c1O)Cc1cc(C(C)(C)C)cc(Br)c1O,5.096953661274842,ncgc;veith
CN(Cc1cc(Cl)cc(Cl)c1O)Cc1c(O)ccc2ccccc12,5.396958734553992,ncgc;veith
CN(Cc1ccc(C(C)(C)C)cc1)Cc1cccc2ccccc12,6.119255642502086,challenge;tox21
CN(Cc1cccc2ccccc12)Cc1cccc2ccccc12,5.896959146963251,ncgc;veith
CN(Cc1ccccc1)C(=O)CC(c1ccccc1)c1cc(Cl)ccc1O,4.542240874986129,veith
CN(Cc1ccccc1)Cn1ccnc1,5.596962925619413,ncgc;veith
CN(Cc1ccccc1)S(=O)(=O)c1ccc(NC(=O)CN2CCCC2)cc1,4.597468724992345,challenge
CN(Cc1ccco1)c1cc(-c2ccc3c(c2)OCO3)ncn1,4.396953559925658,ncgc;veith
CN(Cc1ccco1)c1cc(-c2cccc(NS(C)(=O)=O)c2)ncn1,4.101668763344926,ncgc
CN(Cc1ccco1)c1ccnc(-c2cccc(C#N)c2)n1,4.201669884204322,ncgc
CN(Cc1ccco1)c1ccnc(-c2cccc(NS(C)(=O)=O)c2)n1,4.196955646610027,ncgc;veith
CN(Cc1ccco1)c1ccnc(-c2ccccc2C(F)(F)F)n1,4.101668763344926,ncgc
CN(Cc1ccco1)c1ccnc(-c2cccnc2)n1,4.596954724317373,ncgc;veith
CN(Cc1ccco1)c1nc(-c2ccc3c(c2)OCO3)nc2ccccc12,4.4969551427270105,ncgc;veith
CN(Cc1ccco1)c1nc(-c2cccc(C#N)c2)nc2ccccc12,4.401667797519954,ncgc
CN(Cc1ccco1)c1nc(-c2ccccc2C(F)(F)F)nc2ccccc12,4.596954724317373,ncgc;veith
CN(Cc1ccco1)c1nc(-c2ccccc2Cl)nc2ccccc12,4.4969551427270105,ncgc;veith
CN(Cc1ccco1)c1nc(-c2cccnc2)nc2ccccc12,4.396953559925658,ncgc;veith
CN(Cc1ccco1)c1nc(-c2ccoc2)nc2ccccc12,4.2969560175302135,ncgc;veith
CN(Cc1ccco1)c1ncnc2ccc(-c3ccc4c(c3)OCO4)cc12,5.296954647425311,ncgc;veith
CN(Cc1ccco1)c1ncnc2ccc(-c3cccc(C#N)c3)cc12,4.101668763344926,ncgc
CN(Cc1ccco1)c1ncnc2ccc(-c3cccc(NS(C)(=O)=O)c3)cc12,4.196955646610027,ncgc;veith
CN(Cc1ccco1)c1ncnc2ccc(-c3ccccc3C#N)cc12,4.2969560175302135,ncgc;veith
CN(Cc1ccco1)c1ncnc2ccc(-c3ccccc3C(F)(F)F)cc12,4.4969551427270105,ncgc;veith
CN(Cc1ccco1)c1ncnc2ccc(-c3ccccc3Cl)cc12,4.596954724317373,ncgc;veith
CN(Cc1ccco1)c1ncnc2ccc(-c3cccnc3)cc12,5.196951293391612,ncgc;veith
CN(Cc1ccco1)c1ncnc2ccc(-c3ccoc3)cc12,4.796954045378592,ncgc;veith
CN(Cc1ccco1)c1ncncc1-c1ccc2c(c1)OCO2,5.396958734553992,ncgc;veith
CN(Cc1ccco1)c1ncncc1-c1cccc(NS(C)(=O)=O)c1,4.201669884204322,ncgc
CN(Cc1ccco1)c1ncncc1-c1ccccc1C(F)(F)F,4.201669884204322,ncgc
CN(Cc1ccco1)c1ncncc1-c1ccccc1Cl,4.396953559925658,ncgc;veith
CN(Cc1ccco1)c1ncncc1-c1ccoc1,3.9016695663778864,ncgc
CN(Cc1ccncc1)C(=O)c1n[nH]c2ncc(Br)cc12,4.488583054992346,challenge
CN(Cc1ccnn1-c1ccc(F)cc1)CC(O)Cc1ccccc1,5.222860962992345,challenge
CN(Cc1nc(-c2c(F)cccc2F)cs1)CC1(O)CCC1,5.507658354992346,challenge
CN(Cc1nccn1C(F)F)C(=O)NCC1(N2CCOCC2)CCCCC1,4.929156446992346,challenge
CN(N=O)C(=N)N[N+](=O)[O-],4.225737661276219,tox21
CN(N=O)C(=O)N[C@H]1C(O)OC(CO)[C@@H](O)[C@H]1O,4.196955646610027,ncgc;veith
CN(N=O)c1cc(O)ccc1O,3.9969548213840747,ncgc;veith
CN(N=O)c1ccc([N+](=O)[O-])cc1,4.023251954306619,tox21
CN(c1ccc2cn(C)nc2c1)c1ccnc(Nc2cccc(S(N)(=O)=O)c2)n1,4.164056337357388,pharmabench
CN(c1ccccc1)C1CCN(c2ncc3c(n2)CCCC3)CC1,4.295594129992345,challenge
CN(c1ccccc1)S(=O)(=O)c1cccc(C(=O)Nc2c[nH]c(C(N)=O)c2)c1,2.894404564992345,challenge
CN(c1ccccc1)c1nc(-n2ccnc2)nc(-n2ccnc2)n1,4.442240306846953,veith
CN(c1ccccc1C(=O)Nc1ccc(-c2nc3ccccc3[nH]2)cc1)S(C)(=O)=O,3.121213234992345,challenge
CN(c1cccnn1)C1CCN(CCC2(O)CCC2)CC1,5.4634699219923455,challenge
CN(c1nccc(=O)[nH]1)C1CCN(c2nc3ccccc3n2Cc2ccc(F)cc2)CC1,4.43441675507263,tox21
CN.O=[N+]([O-])O,3.8058318670099265,tox21
CN/C(=C\[N+](=O)[O-])NCCSCc1ccc(CN(C)C)o1,3.9844173999188213,tox21
CN/C(=C\[N+](=O)[O-])NCCSCc1csc(CN(C)C)n1,4.073252490208837,tox21
CN1/C(=C\C=[N+](C)c2ccccc2)C(C)(C)c2ccccc21.[I-],5.992240583789779,veith
CN1C(=N)N[C@@]2(c3cc(-c4cccc(C#N)c4)cs3)CN(c3ccc(F)cn3)C[C@H]2C1=O,4.64117759207705,pharmabench
CN1C(=O)/C(=N\OC(=O)c2cccc3ccccc23)c2ccccc21,4.3922393223313625,veith
CN1C(=O)C(CC(=O)Nc2ccc(F)cc2)N(CCCc2ccccc2)C1=S,5.192241409015731,veith
CN1C(=O)C(O)N=C(c2ccccc2)c2cc(Cl)ccc21,3.7578919246538236,tox21
CN1C(=O)CCCC1C(=O)Nc1ccc(Oc2ccncc2)c(Cl)c1,5.251349279992346,challenge
CN1C(=O)CCc2cc(NCc3ccc(OC(F)F)cc3)ccc21,3.635435549992345,challenge
CN1C(=O)CN=C(c2ccccc2)c2cc(Cl)ccc21,3.7665633114327814,tox21
CN1C(=O)c2ccc([N+](=O)[O-])cc2C1=O,3.773606115829792,tox21
CN1C(C(=O)Nc2ccccn2)=C(O)c2ccccc2S1(=O)=O,3.995840578349244,ncgc;tox21;veith
CN1C(C)(C)CCCC1(C)C.O=C(O)[C@@H](O)[C@H](O)C(=O)O,4.834419399908713,tox21
CN1C2C=C(N(CCc3c[nH]c4ccccc34)C(=O)c3ccc(Cl)cc3)CC1CC2.Cl,5.892241091189295,veith
CN1C2CCC(C)(C)C1CC(OC(=O)C(O)(c1cccs1)c1cccs1)C2,4.43441675507263,tox21
CN1C2CCC1/C(=C\c1ccccc1)C(=O)/C2=C\c1ccccc1,6.292241779935917,veith
CN1C2CCC1CC(OC(=O)c1ccc(Cl)cc1)C2.Cl,6.142241126006169,veith
CN1CC(=O)N/C1=N/C(=O)Nc1cccc(Cl)c1,4.134416852957513,tox21
CN1CC(C(=O)N2CCN(c3cncc(F)c3)CC2)c2ccccc2C1=O,5.090295704992346,challenge
CN1CC(C)(NC(=O)Nc2nc(C(C)(C)C)cs2)C(CN2CCC[C@@H](Cc3ccc(F)cc3)C2)OC1=O,3.8172688511327317,pharmabench
CN1CC(Cl)=C(c2cn(S(=O)(=O)c3ccccc3)c3ccccc23)C1,4.095046387163001,pharmabench
CN1CC(Cn2nc(-c3cnc4[nH]cc(C(=O)NC(C)(C)C)c4n3)c3cc(OC(F)F)ccc32)C1,4.140575241507865,pharmabench
CN1CC(c2ccnc(N(C)C)n2)C2(C1)CN(C(=O)CCc1ccccc1O)C2,5.809125004992346,challenge
CN1CC=C(c2c[nH]c3cc(NC(=N)c4cccs4)ccc23)CC1,3.6186117641783087,pharmabench
CN1CC=C(c2c[nH]c3ccc(NC(=N)c4ccco4)cc23)CC1,4.10757498140494,pharmabench
CN1CC=CCC(c2cc3ccccc3o2)C1,4.593254039759867,pharmabench
CN1CC=CCC(c2ccc(Cl)c(Cl)c2)C1,4.47462196043934,pharmabench
CN1CCC(=C2c3ccccc3C=Cc3ccccc32)CC1,4.992777148371732,ncgc;tox21;veith
CN1CCC(=C2c3ccccc3CC(=O)c3sccc32)CC1,4.942775757574268,ncgc;tox21;veith
CN1CCC(=C2c3ccccc3CCc3cccnc32)CC1,4.681423450950529,challenge;tox21
CN1CCC(=C2c3ccccc3CCc3sccc32)CC1,5.3175066205546155,challenge;tox21
CN1CCC(=C2c3ccccc3CCc3sccc32)CC1.O=C(O)C[C@@H](O)C(=O)O,5.396958734553992,ncgc;veith
CN1CCC(=C2c3ccccc3Sc3ccccc32)CC1,4.89695369244143,ncgc;veith
CN1CCC(=C2c3ccccc3Sc3ccccc32)CC1.O=C(O)/C=C\C(=O)O,5.084414562633206,tox21
CN1CCC(C(=O)N2CCc3ccccc3C2CNC(=O)Cc2cccc3ccccc23)CC1,4.534741539992345,challenge
CN1CCC(N(Cc2ccccc2)c2ccccc2)CC1,5.984437495342514,tox21
CN1CCC(N(Cc2cccs2)c2ccccc2)CC1,5.834419399908713,tox21
CN1CCC(Nc2ncc3ncnc(Nc4ccc(F)c(Cl)c4)c3n2)CC1.Cl.Cl,4.3344172940778565,tox21
CN1CCC(O)(c2ccc(F)cc2)C(C(=O)c2ccc(F)cc2)C1,4.134416852957513,tox21
CN1CCC(OC(c2ccccc2)c2ccccc2)CC1,4.696954347372703,ncgc;veith
CN1CCC(OC(c2ccccc2)c2ccccc2)CC1.Cl,4.9344127982132715,tox21
CN1CCC(c2c[nH]c3ccc(O)cc23)CC1,3.9016695663778864,ncgc
CN1CCC(c2nn(-c3cnc4[nH]cc(C(=O)NC(C)(C)CO)c4n3)c3ccccc23)CC1,4.340147596413069,pharmabench
CN1CCC(n2[nH]c(-c3ccccc3)c(Cc3ccccc3)c2=O)CC1,4.9969534480296955,ncgc;veith
CN1CCC2(CC1)C(=O)Nc1cc(/C=C3\c4ccccc4COc4cc(F)ccc43)ccc12,4.537145954830424,pharmabench
CN1CCC2(CC1)C1CN(C)CC=C1C(C#N)=C(N)C2(C#N)C#N.O.[OH-],4.342240150210577,veith
CN1CCC2(CC1)CCN(c1ncnn3cc(Br)cc13)CC2CO,5.1971349299923455,challenge
CN1CCC2=C[C@H](O)[C@@H]3OC(=O)c4cc5c(cc4[C@H]3[C@H]21)OCO5,4.696954347372703,ncgc;veith
CN1CCCC(CC2c3ccccc3Sc3ccccc32)C1.Cl,5.934402848626634,tox21
CN1CCCC(c2nc3ccccc3n2Cc2ccc(F)cc2)C1,5.021388833788657,pharmabench
CN1CCCC(n2nc(Cc3ccc(Cl)cc3)c3ccccc3c2=O)CC1,5.49977591222652,challenge;pharmabench
CN1CCCC(n2nc(Cc3ccc(Cl)cc3)c3ccccc3c2=O)CC1.Cl,5.534418069800762,tox21
CN1CCCC2(CCN(C(=O)c3ccncc3)CC2)C1,4.596954724317373,ncgc;veith
CN1CCCCC(CNC(=O)c2cn(-c3cccc(Cl)c3F)nn2)C1,5.355084694992346,challenge
CN1CCCCC1C(=O)NCCNc1ncc(Cl)cc1Cl,4.991387007992346,challenge
CN1CCCCC1C(=O)Nc1ccc(-c2csc(N)n2)cc1,5.310218016992346,challenge
CN1CCCCC1CCN1c2ccccc2Sc2ccc(S(C)=O)cc21,6.63436894166056,tox21
CN1CCCC[C@@H]1CCN1c2ccccc2Sc2ccc(S(C)=O)cc21.O=S(=O)(O)c1ccccc1,6.4969551427270105,ncgc;veith
CN1CCCN(C(c2ccccc2)c2ccc(Cl)cc2)CC1,5.984437495342514,tox21
CN1CCCN(S(=O)(=O)c2cccc(NCc3cc(F)cc(C(F)(F)F)c3)c2)CC1,4.385972559992346,challenge
CN1CCCN([C@@H](c2ccccc2)c2ccc(Cl)cc2)CC1,6.096945016706242,ncgc;veith
CN1CCCN=C1/C=C/c1cccs1.O=C(O)[C@H](O)[C@@H](O)C(=O)O,4.43441675507263,tox21
CN1CCCN=C1/C=C\c1cccs1.O=C(O)[C@@H](O)[C@@H](O)C(=O)O,4.4969551427270105,ncgc;veith
CN1CCCN=C1COC(=O)C(O)(c1ccccc1)C1CCCCC1.Cl,5.684413458264227,tox21
CN1CCC[C@@H](CC2c3ccccc3Sc3ccccc32)C1,5.996974049257448,ncgc;veith
CN1CCC[C@@H]1CCO[C@](C)(c1ccccc1)c1ccc(Cl)cc1,5.128705094315335,ncgc;pharmabench;veith
CN1CCC[C@@H]1CCO[C@](C)(c1ccccc1)c1ccc(Cl)cc1.O=C(O)/C=C/C(=O)O,5.434413608683764,tox21
CN1CCC[C@@H]1Cc1c[nH]c2ccc(CCS(=O)(=O)c3ccccc3)cc12,4.43441675507263,tox21
CN1CCC[C@@H]1c1cccnc1,3.9844173999188213,tox21
CN1CCC[C@H](OC(=O)C(c2ccccc2)c2ccccc2)C1,4.9969534480296955,ncgc;veith
CN1CCC[C@H](OC(=O)[C@](O)(c2ccccc2)C2CCCC2)C1,5.196951293391612,ncgc;veith
CN1CCC[C@H]1c1cccnc1,4.027163913929448,tox21
CN1CCCc2cc(CC(=O)Nc3ccccc3NS(=O)(=O)c3cccs3)ccc21,4.578043117992346,challenge
CN1CCN(C(=O)Cc2cccc(NC(=O)c3cc(C4CC4)[nH]n3)c2)CC1,4.527259614992346,challenge
CN1CCN(C(=O)O[C@@H]2c3nccnc3C(=O)N2c2ccc(Cl)cn2)CC1,4.271955924800166,ncgc;veith
CN1CCN(C(=O)c2c3ccc(Br)cc3nn2C)c2ccc(F)cc21,3.714671549992345,challenge
CN1CCN(C(=O)c2ccc(COc3ccc(C(C)(C)C)cc3)o2)CC1,4.842240508595863,veith
CN1CCN(C(=O)c2ccc(F)c3occc23)CC1c1ncc[nH]1,4.5586802569923455,challenge
CN1CCN(C(=O)c2ccccc2C(=O)N[C@@H]2C[C@H]3CC[C@@H](C2)N3Cc2ccc3cc(F)ccc3c2)CC1,4.568070493741619,pharmabench
CN1CCN(C(=O)c2nnc(-c3cscn3)o2)CC1C(C)(C)C,4.505605991992345,challenge
CN1CCN(C(c2ccccc2)c2ccccc2)CC1,4.622712222875697,challenge;ncgc;veith
CN1CCN(C(c2ccccc2)c2ccccc2)CC1.Cl.Cl,4.834419399908713,tox21
CN1CCN(C2=Cc3ccccc3Oc3ccc(Cl)cc32)CC1,6.897013699718457,ncgc;veith
CN1CCN(C2=Nc3cc(Cl)ccc3Nc3ccccc32)CC1,4.360596018319786,ncgc;pharmabench;tox21;veith
CN1CCN(C2=Nc3cc(F)ccc3Cc3ccccc32)CC1,4.884412652001449,tox21
CN1CCN(C2=Nc3ccccc3Oc3ccc(Cl)cc32)CC1,4.6989398869923455,challenge
CN1CCN(C2=Nc3ccccc3Oc3ccc(Cl)cc32)CC1.O=C(O)CCC(=O)O,4.459440872037511,ncgc;tox21;veith
CN1CCN(C2=Nc3ccccc3Sc3ccc(Cl)cc32)CC1,4.384416994074168,tox21
CN1CCN(C2Cc3ccccc3Sc3ccc(Cl)cc32)CC1.O=C(O)/C=C\C(=O)O,6.234339779006829,tox21
CN1CCN(CC(=O)N2c3ccccc3C(=O)Nc3cccnc32)CC1,3.9969548213840747,ncgc;veith
CN1CCN(CC(=O)N2c3ccccc3Sc3cc4ccccc4cc32)CC1,4.9969534480296955,ncgc;veith
CN1CCN(CC/C=C2\c3ccccc3Sc3ccc(S(=O)(=O)N(C)C)cc32)CC1,3.9969548213840747,ncgc;veith
CN1CCN(CCC(=O)N2c3ccccc3Sc3ccc(C(F)(F)F)cc32)CC1,6.384335678909016,tox21
CN1CCN(CCCN(C[C@H]2Cc3ccccc3CN2)[C@H]2CCCc3cccnc32)CC1,4.6711408154544936,pharmabench
CN1CCN(CCCN2c3ccccc3Sc3ccc(C(F)(F)F)cc32)CC1,5.475024459129291,challenge;ncgc;veith
CN1CCN(CCCN2c3ccccc3Sc3ccc(C(F)(F)F)cc32)CC1.Cl.Cl,5.73440653898988,tox21
CN1CCN(CCCN2c3ccccc3Sc3ccc(Cl)cc32)CC1,5.876047379329011,challenge;ncgc;pharmabench;veith
CN1CCN(CCCN2c3ccccc3Sc3ccc(Cl)cc32)CC1.O=C(O)/C=C\C(=O)O.O=C(O)/C=C\C(=O)O,6.134423160747318,tox21
CN1CCN(CCCN2c3ccccc3Sc3ccc(S(=O)(=O)N(C)C)cc32)CC1.CS(=O)(=O)O.CS(=O)(=O)O,4.5927752296065245,ncgc;tox21;veith
CN1CCN(CCCNC(=O)c2ccc(CSCc3cccc(Cl)c3)o2)CC1,4.492240905132714,veith
CN1CCN(CCNc2ccc(-n3ccnc3)nn2)C(c2ccccc2)C1,6.230587454992346,challenge
CN1CCN(CCc2ccc(Cl)c(Cl)c2)CC1,4.396953559925658,ncgc;veith
CN1CCN(Cc2cc(-c3ccc4[nH]c(=O)oc4c3)co2)[C@@H](c2ccc(F)cc2)C1.Cl.O,4.0396631248128205,tox21
CN1CCN(Cc2ccc(C(c3nnnn3Cc3ccccc3)N3CCCN(C4CCC4)CC3)cc2)CC1,5.18887992108242,pharmabench
CN1CCN(NC(=O)c2ccc(F)cc2)CC1,4.592241033466911,veith
CN1CCN(S(=O)(=O)c2cc3ccccc3o2)C(c2ccccc2)C1,6.347127232992346,challenge
CN1CCN(S(=O)(=O)c2ccc(C3CC3)cc2)c2cnccc21,4.469303854992345,challenge
CN1CCN(S(=O)(=O)c2cnn(C3CCCC3)c2)C(c2ccccc2)C1,5.434160312992345,challenge
CN1CCN([C@@H](c2ccccc2)c2ccc(Cl)cc2)CC1,5.196951293391612,ncgc;veith
CN1CCN([C@@H]2Cc3ccccc3Sc3ccc(Cl)cc32)CC1,5.896959146963251,ncgc;veith
CN1CCN(c2cc(N3CCCC3)c([N+](=O)[O-])cc2F)CC1,4.342240150210577,veith
CN1CCN(c2cc3c(nn2)Oc2ccccc2N3C)CC1,4.614801983629295,tox21
CN1CCN(c2ccc(CNC(=O)N3CCC(Cc4ccccc4)C3)cn2)CC1,4.370187192992345,challenge
CN1CCN(c2ccc(CNc3nccc(-n4ccnc4)n3)cc2)CC1,4.570598764992345,challenge
CN1CCN(c2ccc([N+](=O)[O-])cc2C(=O)c2ccc(Br)cc2)CC1,4.342240150210577,veith
CN1CCN(c2ccccc2/C=C2\SCCN(c3ccc(Cl)c(Cl)c3)C2=O)CC1,4.62325365677871,tox21
CN1CCN(c2ccnc(-c3ccccc3C(F)(F)F)n2)CC1,4.101668763344926,ncgc
CN1CCN(c2ccnc(-c3cccnc3)n2)CC1,4.4969551427270105,ncgc;veith
CN1CCN(c2ccnc(-c3ccoc3)n2)CC1,3.9016695663778864,ncgc
CN1CCN(c2cn(S(=O)(=O)c3ccc(F)cc3)c3ccc(Br)cc23)CC1,3.9599363547014637,pharmabench
CN1CCN(c2cn(S(=O)(=O)c3ccc(F)cc3)c3ccccc23)CC1,3.9977249155908634,pharmabench
CN1CCN(c2cncc(OCc3cccc(Cl)c3)n2)CC1,4.7325869799923455,challenge
CN1CCN(c2nc(-c3ccc(N(C)C)cc3)nc3ccccc23)CC1,5.001666312269612,ncgc
CN1CCN(c2nc(-c3ccc4c(c3)OCO4)nc3ccccc23)CC1,5.196951293391612,ncgc;veith
CN1CCN(c2nc(-c3cccc(C#N)c3)nc3ccccc23)CC1,4.396953559925658,ncgc;veith
CN1CCN(c2nc(-c3cccc(NS(C)(=O)=O)c3)nc3ccccc23)CC1,4.596954724317373,ncgc;veith
CN1CCN(c2nc(-c3ccccc3)cc(C(F)(F)F)n2)CC1,4.242240761051421,veith
CN1CCN(c2nc(-c3ccccc3C(F)(F)F)nc3ccccc23)CC1,3.9016695663778864,ncgc
CN1CCN(c2nc(-c3cccnc3)nc3ccccc23)CC1,4.4969551427270105,ncgc;veith
CN1CCN(c2nc(-c3ccoc3)nc3ccccc23)CC1,4.2969560175302135,ncgc;veith
CN1CCN(c2nc3cc(C(F)(F)F)ccc3n3cccc23)CC1,4.101668763344926,ncgc
CN1CCN(c2ncc3nc(-c4ccc(Cl)cc4)c(=O)n(Cc4ccc(F)cc4)c3n2)CC1,3.9016695663778864,ncgc
CN1CCN(c2ncc3nc(-c4ccccc4)c(=O)n(CCC#N)c3n2)CC1,4.101668763344926,ncgc
CN1CCN(c2ncc3nc(-c4ccccc4)c(=O)n(CCc4ccccc4)c3n2)CC1,3.9016695663778864,ncgc
CN1CCN(c2ncc3nc(-c4cn(C)c5ccccc45)c(=O)n(CCC#N)c3n2)CC1,3.9016695663778864,ncgc
CN1CCN(c2ncc3nc(CCc4ccccc4)c(=O)n(Cc4cccs4)c3n2)CC1,4.196955646610027,ncgc;veith
CN1CCN(c2ncc3ncc(=O)n(CCc4ccccc4)c3n2)CC1,4.201669884204322,ncgc
CN1CCN(c2ncccc2CNc2nc3cc([N+](=O)[O-])ccc3[nH]2)CC1,5.164927911992345,challenge
CN1CCN(c2ncnc3ccc(-c4ccc5c(c4)OCO5)cc23)CC1,6.096945016706242,ncgc;veith
CN1CCN(c2ncnc3ccc(-c4ccccc4C(F)(F)F)cc23)CC1,4.00166905897837,ncgc
CN1CCN(c2ncnc3ccc(-c4ccccc4Cl)cc23)CC1,4.101668763344926,ncgc
CN1CCN(c2ncnc3ccc(-c4cccnc4)cc23)CC1,4.101668763344926,ncgc
CN1CCN(c2ncnc3ccc(-c4ccoc4)cc23)CC1,4.2969560175302135,ncgc;veith
CN1CCN(c2ncncc2-c2ccc(C(=O)N(C)C)cc2)CC1,6.096945016706242,ncgc;veith
CN1CCN(c2ncncc2-c2ccc(N(C)C)cc2)CC1,4.4969551427270105,ncgc;veith
CN1CCN(c2ncncc2-c2ccccc2C(F)(F)F)CC1,4.196955646610027,ncgc;veith
CN1CCN(c2ncncc2-c2ccccc2Cl)CC1,4.396953559925658,ncgc;veith
CN1CCN(c2ncncc2-c2cccnc2)CC1,5.096953661274842,ncgc;veith
CN1CCN(c2ncncc2-c2ccoc2)CC1,4.00166905897837,ncgc
CN1CCN2c3ccccc3Cc3ccccc3C2C1,5.03442072867151,tox21
CN1CCN2c3ccccc3Cc3ccccc3[C@@H]2C1,4.89695369244143,ncgc;veith
CN1CCN2c3ncccc3Cc3ccccc3C2C1,5.7969497127886624,ncgc;veith
CN1CCOC(CN(CC2CC2)S(=O)(=O)c2ccc3c(c2)CCCO3)C1,5.296282904992346,challenge
CN1CCOC(c2ccccc2)c2ccccc2C1.Cl,4.9344127982132715,tox21
CN1CCO[C@H](c2ccccc2)c2ccccc2C1,4.89695369244143,ncgc;veith
CN1CCOc2ccc(NC(=O)c3cc4cc(F)ccc4[nH]3)cc21,4.794212471992346,challenge
CN1CC[C@@]2(CCCN(C(=O)c3ccco3)C2)C1,4.201669884204322,ncgc
CN1CC[C@@]2(CCCN(C(=O)c3csnn3)C2)C1,3.9016695663778864,ncgc
CN1CC[C@@]2(CCCN(S(=O)(=O)c3ccccc3)C2)C1,4.4969551427270105,ncgc;veith
CN1CC[C@@]2(CCN3CCc4c(oc5ccccc45)[C@@H]3C2)N(C)C1=O,3.9969548213840747,ncgc;veith
CN1CC[C@@]2(c3cccc(O)c3)Cc3nc4ccccc4cc3C[C@H]2C1,4.301670255124509,ncgc
CN1CC[C@@]23CCCC[C@@H]2[C@@H]1Cc1ccc(O)cc13.O=C(O)[C@@H](O)[C@@H](O)C(=O)O,3.9969548213840747,ncgc;veith
CN1CC[C@H](CN2c3ccccc3Sc3ccccc32)C1,6.396941486272403,ncgc;veith
CN1CC[C@H](c2c(O)cc(O)c3c(=O)cc(-c4ccccc4Cl)oc23)[C@H](O)C1.Cl,4.3344172940778565,tox21
CN1CC[C@]2(C)c3cc(O)ccc3N(C)[C@@H]12,4.146954358202748,ncgc;veith
CN1CC[C@]23c4c5ccc(O)c4O[C@H]2[C@@H](O)C=C[C@H]3[C@H]1C5.CN1CC[C@]23c4c5ccc(O)c4O[C@H]2[C@@H](O)C=C[C@H]3[C@H]1C5.O.O.O.O.O.O=S(=O)(O)O,3.979309939660525,tox21
CN1CC[C@]23c4c5ccc(O)c4O[C@H]2[C@@H](O)CC[C@H]3[C@H]1C5,3.981105461246721,tox21
CN1CCc2c(c3ccccc3n2C)C1.Cl,4.3922393223313625,veith
CN1CCc2c(c3ccccc3n2Cc2ccccc2)C1,5.041743179992346,challenge
CN1CCc2c(c3ccccc3n2Cc2ccccc2)C1.CN1CCc2c(c3ccccc3n2Cc2ccccc2)C1.O=S(=O)(O)c1cccc2c(S(=O)(=O)O)cccc12,4.9969534480296955,ncgc;veith
CN1CCc2c(cc(O)c(O)c2Cl)[C@H](c2cccc(Cl)c2)C1,3.9969548213840747,ncgc;veith
CN1CCc2cc(Br)c(O)cc2[C@H](c2ccccc2)C1,6.99711144074634,ncgc;veith
CN1CCc2cc(Cl)c(O)cc2[C@@H](c2ccccc2)C1,4.196955646610027,ncgc;veith
CN1CCc2cc(Cl)c(O)cc2[C@H](c2ccccc2)C1,5.69694058165962,ncgc;veith
CN1CCc2cc(Cl)c(O)cc2[C@H]2c3ccccc3CC[C@@H]21,7.682292493977742,tox21
CN1CCc2cc(NC(=O)CC3CCc4ccccc43)ccc2C1=O,4.672973842992346,challenge
CN1CCc2cc(NC(=O)Nc3cccnc3)ccc21,4.096954525750631,ncgc;veith
CN1CCc2cc3c(cc2C(=O)Cc2ccc4c(c2C1)OCO4)OCO3,6.80183165445406,ncgc
CN1CCc2cc3c(cc2C1O)OCO3.Cl,4.870425444576737,tox21
CN1CCc2cc3c(cc2[C@@H]1O)OCO3,4.596954724317373,ncgc;veith
CN1CCc2cc3c(cc2[C@@H]1[C@@H]1C(=O)Oc2c1ccc1c2OCO1)OCO3,3.9016695663778864,ncgc
CN1CCc2cc3c(cc2[C@@H]1[C@@H]1OC(=O)c2c1ccc1c2OCO1)OCO3,4.396953559925658,ncgc;veith
CN1CCc2cc3c(cc2[C@@H]1[C@H]1OC(=O)c2c1ccc1c2OCO1)OCO3,4.401669817722907,ncgc
CN1CCc2ccc(NS(=O)(=O)c3ccc(-c4ccc(Cl)cc4)cc3)cc2CC1,5.243237583405013,pharmabench
CN1CCc2cccc(Cl)c2CC1,3.9969548213840747,ncgc;veith
CN1CCc2cccc3c2[C@H]1Cc1ccc(O)c(O)c1-3,4.292774831123391,ncgc;tox21;veith
CN1CCc2cccc3c2[C@H]1Cc1ccc(O)c(O)c1-3.CN1CCc2cccc3c2[C@H]1Cc1ccc(O)c(O)c1-3.Cl.Cl.O,4.259502905435062,tox21
CN1CCc2ccccc2Cc2[nH]c3ccccc3c2CC1,5.801658317999193,ncgc
CN1CCc2ccccc2[C@@H]1Cc1ccccc1NC(=O)c1sc2ccccc2c1Cl,6.59704495568056,ncgc;veith
CN1C[C@@H](C(=O)N[C@]2(C)O[C@]3(O)[C@H]4CCCN4C(=O)[C@H](Cc4ccccc4)N3C2=O)C[C@H]2c3cccc4[nH]cc(c34)C[C@@H]21.CS(=O)(=O)O,3.9016695663778864,ncgc
CN1C[C@@H](CNC(=O)OCc2ccccc2)C[C@H]2c3cccc4c3c(cn4C)C[C@@H]21,7.001982297702901,ncgc
CN1C[C@@H](CS(=O)(=O)N(C)C)C[C@H]2c3cccc4c3c(cn4C)C[C@@H]21,4.89695369244143,ncgc;veith
CN1C[C@@H](NC(=O)Nc2cccc(-c3nnnn3C)c2)[C@H](CN2CCC[C@@H](Cc3ccc(F)cc3)C2)OC1=O,4.785860386881108,pharmabench
CN1C[C@@H]2CCCC[C@]2(c2ccc(Cl)c(Cl)c2)C1,4.5162388554687505,pharmabench
CN1C[C@@H]2CCCC[C@]2(c2ccc3ccccc3c2)C1,4.978465374772485,pharmabench
CN1C[C@@H]2CCC[C@]2(c2ccc(Cl)c(Cl)c2)C1,4.741665352333613,pharmabench
CN1C[C@@H]2c3ccccc3Oc3ccc(Cl)cc3[C@H]2C1,7.061533754992346,challenge
CN1C[C@H](C(=O)NCc2cn(C)cn2)[C@@H](c2ccccc2)C1,3.834267897992345,challenge
CN1C[C@H](C(=O)N[C@]2(C)O[C@@]3(O)[C@@H]4CCCN4C(=O)[C@H](Cc4ccccc4)N3C2=O)C[C@@H]2c3cccc4[nH]cc(c34)C[C@H]21,4.134416852957513,tox21
CN1C[C@H](C(=O)N[C@]2(C)O[C@@]3(O)[C@H]4CCCN4C(=O)[C@@H](Cc4ccccc4)N3C2=O)C[C@H]2c3cccc4[nH]cc(c34)C[C@@H]21,3.9016695663778864,ncgc
CN1C[C@H](C(=O)N[C@]2(C)O[C@@]3(O)[C@H]4CCCN4C(=O)[C@H](Cc4ccccc4)N3C2=O)C[C@H]2c3cccc4[nH]cc(c34)C[C@@H]21,4.101668763344926,ncgc
CN1C[C@H](CNC(=O)OCc2ccccc2)C[C@@H]2c3cccc4c3c(cn4C)C[C@H]21,6.376333894228637,pharmabench;tox21
CN1C[C@H](CNC(=O)OCc2ccccc2)C[C@H]2c3cccc4c3c(cn4C)C[C@@H]21,7.521954806304011,ncgc;veith
CN1C[C@H](CO)C=C2c3cccc4[nH]cc(c34)C[C@@H]21,6.396941486272403,ncgc;veith
CN1C[C@H](CO)C=C2c3cccc4[nH]cc(c34)C[C@H]21,7.101995658840267,ncgc
CN1C[C@H]2CCC[C@@]2(c2ccc3ccccc3c2)C1,4.3121188728128255,pharmabench
CN1C[C@H]2C[C@@H](N(Cc3cccc(OC(F)(F)F)c3)C(=O)c3cn(C)cn3)C[C@H]2C1,4.568070493741619,pharmabench
CN1C[C@H]2c3ccccc3Oc3ccc(Cl)cc3[C@@H]2C1,6.6845253754100336,tox21
CN1Cc2c(N)cccc2C(c2ccccc2)C1,4.742537766102485,challenge;tox21
CN1Cc2c(N)cccc2C(c2ccccc2)C1.O=C(O)/C=C\C(=O)O,4.634418806116886,tox21
CN1Cc2c(N)cccc2[C@H](c2ccccc2)C1,4.346954584378389,ncgc;veith
CN1Cc2c(ccc3c2OCO3)[C@@H]2[C@@H](O)Cc3cc4c(cc3[C@@H]21)OCO4,6.601848877894209,ncgc
CN1Cc2c(ccc3c2OCO3)[C@@H]2[C@@H](O)Cc3cc4c(cc3[C@@H]21)OCO4.O,6.196983944657134,ncgc;veith
CN1Cc2cc(N3CCOCC3)ccc2[C@@H](c2ccc3sccc3c2)C1,4.377936157302469,pharmabench
CN1Cc2ccccc2C(c2ccc3sccc3c2)C1,5.5162388554687505,pharmabench
CN1[C@@H](CC(=O)c2ccccc2)CCC[C@@H]1C[C@@H](O)c1ccccc1,6.472044769352916,ncgc;veith
CN1[C@@H](C[C@@H](O)c2ccccc2)CCC[C@@H]1C[C@H](O)c1ccccc1,5.69694058165962,ncgc;veith
CN1[C@@H]2CC[C@@H]1CC(OC(=O)C(CO)c1ccccc1)C2.CN1[C@@H]2CC[C@@H]1CC(OC(=O)C(CO)c1ccccc1)C2.O.O=S(=O)(O)O,4.342268079526179,tox21
CN1[C@@H]2CC[C@H]1CC(NC(=O)n1c(=O)[nH]c3ccccc31)C2,5.634418806116886,tox21
CN1[C@@H]2CC[C@H]1CC(OC(=O)C(CO)c1ccccc1)C2,4.073606036407379,tox21
CN1[C@@H]2CC[C@H]1CC(OC(=O)C(CO)c1ccccc1)C2.CN1[C@@H]2CC[C@H]1CC(OC(=O)C(CO)c1ccccc1)C2.O=S(=O)(O)O,4.020778320154059,tox21
CN1[C@@H]2CC[C@H]1CC(OC(=O)[C@@H](O)c1ccccc1)C2,4.901666293693565,ncgc
CN1[C@@H]2CC[C@H]1CC(OC(=O)c1c[nH]c3ccccc13)C2,4.293043015186337,ncgc;tox21
CN1[C@@H]2CC[C@H]1CC(OC(=O)c1cc(Cl)cc(Cl)c1)C2,7.159707091772325,ncgc;tox21;veith
CN1[C@@H]2CC[C@H]1CC(OC(c1ccc(F)cc1)c1ccc(F)cc1)C2,5.69694058165962,ncgc;veith
CN1[C@@H]2CC[C@H]1CC(OC(c1ccccc1)c1ccccc1)C2.CS(=O)(=O)O,5.296955013972802,ncgc;veith
CN1[C@@H]2CC[C@H]1CC(OC1c3ccccc3CCc3ccccc31)C2.O=C(O)CC(O)(CC(=O)O)C(=O)O,4.501669380321306,ncgc
CN1[C@@H]2CC[C@H]1CC(O[C@@H](c1ccccc1)c1ccc(Cl)cc1)C2,5.346956690989652,ncgc;veith
CN1[C@@H]2CC[C@H]1CC(O[C@@H](c1ccccc1)c1ccccc1N)C2,4.101668763344926,ncgc
CN1[C@@H]2CC[C@H]1C[C@@H](OC(c1ccccc1)c1ccccc1)C2,5.675517367992346,challenge
CN1[C@H](CC(=O)c2ccccc2)CCC[C@H]1C[C@@H](O)c1ccccc1,7.501669380321306,ncgc
CN1[C@H](CC(=O)c2ccccc2)CCC[C@H]1C[C@H](O)c1ccccc1,4.096954525750631,ncgc;veith
CN=C(N)/N=C(\N)Nc1cc2ccccc2c2ccccc12,5.296954647425311,ncgc;veith
CN=C(NC#N)NCCSC[C@H]1N=CN=C1C,4.4969551427270105,ncgc;veith
CN=C(NC#N)NCCSCc1csc(N=C(N)N)n1,5.176112187923917,ncgc;tox21;veith
CN=C(NC#N)NCCSCc1nc[nH]c1C,4.2307906618392925,tox21
CN=C(NC)NCc1ccccc1,4.465227864992346,challenge
CN=C1N[C@H](c2ccccc2)N(c2ccccc2)S1,4.096954525750631,ncgc;veith
CN=C=O,3.816913630658461,tox21
CN=c1nc(-c2ccccc2)n(-c2ccccc2)s1,3.9969548213840747,ncgc;veith
CNC(=O)/C=C1\NC(C)(C)Cc2c1ccc1ccccc21,4.342240150210577,veith
CNC(=O)C(C)(C)CNC(=O)NCc1cccc(Oc2ccccc2F)c1,3.7723042629923453,challenge
CNC(=O)C(CNC(=O)Nc1ccc(Cl)cc1)Cc1ccc(C(F)(F)F)cc1,2.218895236992345,challenge
CNC(=O)C1(C)CCN(C(=O)NCC(c2ccc(Cl)cc2Cl)c2c[nH]c3ccccc23)C1,4.338693752992346,challenge
CNC(=O)CC(C)NCc1nnn(-c2ccccc2)c1C1CC1,4.728190209992346,challenge
CNC(=O)CC1CCN(S(=O)(=O)c2cc(C(F)(F)F)ccc2NC2CCC2C2CC2)CC1,2.4185968599923453,challenge
CNC(=O)COc1ccc(NC(=O)N(C)C2CCCN(c3ccccc3)C2)cc1,4.096403017992346,challenge
CNC(=O)CSP(=S)(OC)OC,3.973605811737869,tox21
CNC(=O)Cn1cc(NCc2cccc(-c3ccc(C)cc3)c2)cn1,2.6794898729923453,challenge
CNC(=O)N(c1ccccc1)c1ccccc1,3.9714832229827737,tox21
CNC(=O)N1CC[C@@H](CN2CCC[C@@H](Cc3ccc(F)cc3)C2)[C@H](NC(=O)Nc2nc(C)c(C(C)=O)s2)C1,5.340147596413069,pharmabench
CNC(=O)N1CC[C@@H](NC(=O)Nc2nc(C)c(C(C)=O)s2)[C@H](CN2CCC[C@@H](Cc3ccc(F)cc3)C2)C1,5.67896615296645,pharmabench
CNC(=O)O/N=C(\C)C(C)S(C)(=O)=O,2.8986678560492747,tox21
CNC(=O)O/N=C(\SC)C(=O)N(C)C,4.154307940158406,tox21
CNC(=O)OCC[N+](C)(C)C,4.501669380321306,ncgc
CNC(=O)Oc1cc(C)c(N(C)C)c(C)c1,3.8228978265356,tox21
CNC(=O)Oc1cc(C)cc(C(C)C)c1,3.773251730425014,tox21
CNC(=O)Oc1ccc(N(C)C)c(C)c1,3.773251730425014,tox21
CNC(=O)Oc1ccc2c(c1)[C@@]1(C)CCN(C)[C@@H]1N2C,5.796943012704364,ncgc;veith
CNC(=O)Oc1ccc2c(c1)[C@]1(C)CCN(C)[C@@H]1N2C,5.628837816908201,tox21
CNC(=O)Oc1cccc(N=CN(C)C)c1.Cl,3.723251713511802,tox21
CNC(=O)Oc1cccc2ccccc12,3.927163592764958,tox21
CNC(=O)Oc1ccccc1C1OCCO1,3.9996626693442776,tox21
CNC(=O)[C@@H]1O[C@@H](n2cnc3c(NCc4ccc(I)cc4)nc(Cl)nc32)[C@H](O)[C@@H]1O,3.9016695663778864,ncgc
CNC(=O)[C@@H]1O[C@@H](n2cnc3c(NCc4cccc(I)c4)ncnc32)[C@H](O)[C@@H]1O,4.00166905897837,ncgc
CNC(=O)[C@H](C)[C@@H]1C[C@@]1(C)[C@@H](NC(=O)OCc1ccccc1)c1ccccc1,4.9969534480296955,ncgc;veith
CNC(=O)[C@H](C)[C@H]1C[C@]1(C)[C@H](NC(=O)OCc1ccccc1)c1ccccc1,4.2969560175302135,ncgc;veith
CNC(=O)c1cc(Oc2ccc(NC(=O)Nc3ccc(Cl)c(C(F)(F)F)c3)cc2)ccn1,4.768259074992345,challenge
CNC(=O)c1cc2cc(C3(Cc4ccccc4)CCNC3)ccc2[nH]1,4.738087605085107,pharmabench
CNC(=O)c1ccc(C2=CC3(CCNCC3)Oc3ccccc32)cc1,5.340147596413069,pharmabench
CNC(=O)c1ccc(CN(C)C(=O)NC2CCCN(c3cccc(F)c3)C2)cc1,4.529679859992346,challenge
CNC(=O)c1cccc(-c2ccc(C(CN3CCOCC3)N(C)C(=O)Cn3c(=O)cnc4cc(C)c(C)cc43)cc2)c1,3.9008149025828063,pharmabench
CNC(=O)c1cccc(-c2ccc(C(CN3CCOCC3)N(C)C(=O)Cn3c(=O)cnc4cc(Cl)c(Cl)cc43)cc2)c1,3.9008149025828063,pharmabench
CNC(=O)c1ccccc1,3.723251713511802,tox21
CNC(=O)c1cccnc1N1CCc2ccccc2C(C)(C)C1,4.441242614992346,challenge
CNC(=S)NC,3.723251713511802,tox21
CNC(=S)NC1CC2CCCC(C1)N2CC(C)C,4.792241107578132,veith
CNC(=S)NN,3.9732520511108227,tox21
CNC(C)(C)Cc1ccccc1,4.4969551427270105,ncgc;veith
CNC(C)(C)Cc1ccccc1.CNC(C)(C)Cc1ccccc1.O=S(=O)(O)O,4.584416971394304,tox21
CNC(C)C1(c2ccc(Cl)c(Cl)c2)CCCCC1,4.489909916746401,pharmabench
CNC(C)Cc1ccc2c(c1)OCO2.Cl,6.033682313357461,tox21
CNC(C)Cc1ccccc1OC,4.445569187532488,challenge;tox21
CNC(C)Cc1ccccc1Sc1ccc(O)cc1.Cl,4.992240583789779,veith
CNC.Cl,3.6800272743720557,tox21
CNC.O=C(O)COc1ccc(Cl)cc1Cl,3.924670693863673,tox21
CNC1CCCC(c2c[nH]c3ccc(NC(=N)c4cccs4)cc23)C1,4.708365723465419,pharmabench
CNCC(O)c1ccc(O)c(O)c1.Cl,4.3344172940778565,tox21
CNCC(O)c1ccc(O)cc1,3.973605811737869,tox21
CNCC/C=C\c1cccnc1,4.2969560175302135,ncgc;veith
CNCC1(O)Cc2ccccc2C1Oc1ccccc1C,5.057601006443101,pharmabench
CNCC1(O)Cc2ccccc2C1Sc1ccccc1C,5.817268851132732,pharmabench
CNCCC(Oc1ccc(C(F)(F)F)cc1)c1ccccc1,5.604324804281662,pharmabench;tox21
CNCCC(Oc1ccc(C(F)(F)F)cc1)c1ccccc1.Cl,5.87855532384153,tox21
CNCCC(Oc1ccccc1OC)c1ccccc1,5.384419798316951,tox21
CNCCC=C1c2ccccc2C=Cc2ccccc21,4.796954045378592,ncgc;veith
CNCCC=C1c2ccccc2CCc2ccccc21,4.871079285351008,ncgc;pharmabench;veith
CNCCCC12CCC(c3ccccc31)c1ccccc12,4.825707556067037,challenge;ncgc;tox21;veith
CNCCCC12CCC(c3ccccc31)c1ccccc12.Cl,5.032744323341118,tox21;veith
CNCCCC1c2ccccc2C=Cc2ccccc21,4.596954854985821,ncgc;veith
CNCCCC1c2ccccc2C=Cc2ccccc21.Cl,5.084414562633206,tox21
CNCCCCCCCCSc1nc(C(C)C)ccc1C(=O)c1cccs1.O=C(O)CC(=O)O,7.697284986554896,ncgc;veith
CNCCCCOc1ccccc1Cc1ccccc1,5.334412295551285,tox21
CNCCCN1c2ccccc2CCc2ccccc21,4.595793803394802,challenge;ncgc;veith
CNCCCN1c2ccccc2CCc2ccccc21.Cl,5.03442072867151,tox21
CNCCNS(=O)(=O)c1cccc2cnccc12,4.796954045378592,ncgc;veith
CNCC[C@@H](Oc1cc(Cl)ccc1C#N)c1ccccc1,5.419328842460694,pharmabench
CNCC[C@@H](Oc1cc(OC)ccc1C#N)c1ccccc1,5.942207587741032,pharmabench
CNCC[C@@H](Oc1ccccc1C)c1ccccc1,4.696954347372703,ncgc;veith
CNCC[C@@H](Oc1ccccc1C)c1ccccc1.Cl,4.784418794579006,tox21
CNCC[C@@H](c1ccc(Cl)c(Cl)c1)n1nnc(C)n1,4.580479751723439,pharmabench
CNCC[C@H](Oc1ccc(C(F)(F)F)cc1)c1ccccc1,5.096953661274842,ncgc;veith
CNCC[C@H](Oc1cccc2ccccc12)c1cccs1,5.265542714668406,challenge;pharmabench
CNCC[C@H](Oc1cccc2ccccc12)c1cccs1.Cl,5.434413608683764,tox21
CNCC[C@H](Oc1ccccc1C)c1ccccc1,3.9969548213840747,ncgc;veith
CNCC[C@H](Oc1ccccc1OC)c1ccccc1,5.096956389966293,ncgc;veith
CNCCc1c[nH]c2ccc(O)cc12,3.9016695663778864,ncgc
CNC[C@H](O)[C@@H](O)[C@H](O)[C@H](O)CO,4.359478054992346,challenge
CNC[C@H](O)c1ccc(O)c(O)c1,3.9016695663778864,ncgc
CNC[C@H](O)c1ccc(O)c(O)c1.O=C(O)[C@H](O)[C@@H](O)C(=O)O,4.022543240495432,tox21
CNC[C@H]1Cc2ccccc2[C@H](c2ccc(Cl)c(Cl)c2)C1,6.806544985740958,pharmabench
CNC[C@]1(O)Cc2ccccc2[C@@H]1Oc1c(C)cccc1F,5.419328842460694,pharmabench
CNC[C@]1(O)Cc2ccccc2[C@@H]1Oc1ccc(F)cc1C,5.243237583405013,pharmabench
CNC[C@]1(O)Cc2ccccc2[C@@H]1Oc1cccc(C)c1C,4.817268851132732,pharmabench
CNC[C@]1(O)Cc2ccccc2[C@@H]1Oc1ccccc1OC,5.7203588381246755,pharmabench
CNC[C@]1(OC)Cc2ccccc2[C@@H]1Oc1ccccc1C,4.7203588381246755,pharmabench
CNCc1cc(=O)oc2cc(OC)ccc12,4.419328842460694,pharmabench
CNCc1cc(=O)oc2cc(OCc3cccc(Cl)c3)ccc12,4.7203588381246755,pharmabench
CNCc1cc(F)ccc1Oc1ccc(Cl)c(Cl)c1,5.323260111690351,tox21
CNCc1ccccc1CNC(=O)c1cccc(-c2ccncc2)n1,5.745901069992346,challenge
CNCc1cnc(C)cc1Oc1ccccc1Oc1ccccc1,4.887849925418439,pharmabench
CNN.O=S(=O)(O)O,3.76796425712865,tox21
CNNC.Cl.Cl,3.9589252433722155,tox21
CNNCc1ccc(C(=O)NC(C)C)cc1,4.023251954306619,tox21
CNNCc1ccc(C(=O)NC(C)C)cc1.Cl,4.073252490208837,tox21
CNP(=O)(OC)Oc1ccc(C(C)(C)C)cc1Cl,3.723251713511802,tox21
CNS(=O)(=O)CCc1ccc2[nH]cc(C3CCN(C)CC3)c2c1.Cl,4.134416852957513,tox21
CNS(=O)(=O)Cc1ccc2[nH]cc(CCN(C)C)c2c1,4.3344172940778565,tox21
CNS(=O)(=O)N1CCC(C(=O)N2CCc3cc(Cl)ccc32)CC1,4.644202296992345,challenge
CNS(=O)(=O)c1cc(C(=O)N2CCC(CCN3C4CCC3CC(n3c(C)nc5ccccc53)C4)(c3cccc(F)c3)CC2)c(Cl)cc1F,4.173252039198229,tox21
CNS(=O)(=O)c1ccc(C(C)Nc2cnn(-c3ccccc3)c2C)cc1,4.904511806992345,challenge
CNS(=O)(=O)c1ccc(CCNC(=O)c2cc(-c3ccncc3)nc3ccccc23)cc1,4.678832894992346,challenge
CNS(=O)(=O)c1ccc2c(c1)CC(C(=O)N(C)[C@H](CN1CC[C@H](O)C1)c1ccccc1)O2,7.377936157302469,pharmabench
CNS(=O)(=O)c1ccc2c(c1)CCC(C(=O)N(C)[C@H](CN1CC[C@H](O)C1)c1ccccc1)O2,5.914178864140788,pharmabench
CNS(=O)(=O)c1cccc(C(C)NC(=O)c2ccc3noc(-c4ccc(F)cc4)c3c2)c1,4.628795279992346,challenge
CNS(=O)(=O)c1cccc(CNC(C)c2nnn(-c3ccc(C)cc3)c2C)c1,5.797047259992346,challenge
CNS(=O)(=O)c1cnccc1N1CCN(c2ccc(Cl)c(C(F)(F)F)c2)CC1,5.142241126006169,veith
CNS(=O)(=O)c1csc(C(=O)Nc2ccc(Oc3ccccc3Cl)cc2)c1,4.645398149992346,challenge
CN[C@@H](C)[C@@H](O)c1ccccc1,4.401667797519954,ncgc
CN[C@@H](C)[C@H](O)c1ccccc1.Cl,4.3344172940778565,tox21
CN[C@@H]1CCN(c2ccc(Cl)c(Cl)c2)c2ccccc21,5.092722585573022,pharmabench
CN[C@@H]1CCc2ccccc2[C@@H]1c1ccc(Cl)c(Cl)c1,6.900814902582806,pharmabench
CN[C@@H]1C[C@@H](c2ccc(Cl)c(Cl)c2)c2ccccc21,6.396941486272403,ncgc;veith
CN[C@H](C)CC(=O)N1CC=C(c2ccc(Cl)c(Cl)c2)CC1,4.589633336992346,challenge
CN[C@H](Cc1ccccc1)c1cccc(OC)c1O,6.897013699718457,ncgc;veith
CN[C@H]1CC[C@@H](c2ccc(Cl)c(Cl)c2)c2ccc(S(N)(=O)=O)cc21,5.4732589208294655,tox21
CN[C@H]1CC[C@@H](c2ccc(Cl)c(Cl)c2)c2ccccc21,4.9708185723469045,challenge;pharmabench
CN[C@H]1CC[C@@H](c2ccc(Cl)c(Cl)c2)c2ccccc21.Cl,4.984415167151363,tox21
CN[C@H]1Cc2ccccc2N(c2ccc(Cl)c(Cl)c2)C1,6.419328842460694,pharmabench
CN[C@H]1Cc2ccccc2[C@H](c2ccc(Cl)c(Cl)c2)C1,5.354870853233776,pharmabench
CNc1cc(-c2ccccc2C)ncn1,3.9016695663778864,ncgc
CNc1cc(-c2ccccc2CN(C)C)ncn1,5.69694058165962,ncgc;veith
CNc1cc(CSC)nc(SCc2ccc(Cl)c(Cl)c2)n1,4.04224135682174,veith
CNc1cc(OC)c(C(=O)N[C@@H]2CCN(Cc3ccccc3)[C@H]2C)cc1Cl,3.9969548213840747,ncgc;veith
CNc1ccc(Br)cc(C(=O)/C=C/c2ccc3c(c2)OCO3)c1=O,4.492240905132714,veith
CNc1ccc(C#N)cc1NS(=O)(=O)c1c[nH]c2cc(C(F)(F)F)ccc12,5.043105467992346,challenge
CNc1ccc(C)cc1CN[C@H]1CCO[C@@H]1c1cnn(C)c1,5.233295562992346,challenge
CNc1ccccc1CNC1CCN(c2cccnn2)CC1,5.809288699992345,challenge
CNc1ccnc(-c2ccccc2CN(C)C)n1,6.897013699718457,ncgc;veith
CNc1ccnc(-c2ccccc2OC)n1,4.796954045378592,ncgc;veith
CNc1nc(-c2ccc(N(C)C)cc2)nc2ccccc12,4.396953559925658,ncgc;veith
CNc1nc(-c2ccc3c(c2)OCO3)nc2ccccc12,4.4969551427270105,ncgc;veith
CNc1nc(-c2ccccc2C(F)(F)F)nc2ccccc12,4.201669884204322,ncgc
CNc1nc(-c2ccccc2C)nc2ccccc12,4.00166905897837,ncgc
CNc1nc(-c2ccccc2CN(C)C)nc2ccccc12,4.89695369244143,ncgc;veith
CNc1nc(-c2ccccc2Cl)nc2ccccc12,3.9016695663778864,ncgc
CNc1nc(-c2ccccc2OC)nc2ccccc12,4.196955646610027,ncgc;veith
CNc1nc(-c2cccnc2)nc2ccccc12,3.9016695663778864,ncgc
CNc1nc(-c2ccoc2)nc2ccccc12,3.9016695663778864,ncgc
CNc1nc(NC2CCC(C(=O)NCc3ccccc3C(F)(F)F)CC2)nc(N(C)CCN(C)C)n1,3.9008149025828063,pharmabench
CNc1ncnc2c1ncn2[C@H]1C[C@H](OP(=O)(O)O)[C@H](COP(=O)(O)O)O1.N.N.N.N,4.796954045378592,ncgc;veith
CNc1ncnc2ccc(-c3ccc4c(c3)OCO4)cc12,4.101668763344926,ncgc
CNc1ncnc2ccc(-c3cccc(NS(C)(=O)=O)c3)cc12,3.9016695663778864,ncgc
CNc1ncnc2ccc(-c3cccc(OC)c3)cc12,4.2969560175302135,ncgc;veith
CNc1ncnc2ccc(-c3ccccc3C)cc12,4.89695369244143,ncgc;veith
CNc1ncnc2ccc(-c3ccccc3CN(C)C)cc12,4.4969551427270105,ncgc;veith
CNc1ncnc2ccc(-c3ccccc3OC)cc12,4.101668763344926,ncgc
CNc1ncncc1-c1ccccc1C,4.00166905897837,ncgc
CNc1ncncc1-c1ccccc1C(F)(F)F,3.9016695663778864,ncgc
CNc1snc(C)c1C(=O)N[C@H]1C[C@H](c2ccc(F)cc2F)C1,4.618860471992345,challenge
CO/C=C(/C(=O)OC)c1ccccc1COc1cccc(C(F)(F)F)n1,3.973605811737869,tox21
CO/C=C(/C(=O)OC)c1ccccc1Oc1cc(Oc2ccccc2C#N)ncn1,4.745315009349175,tox21
CO/N=C(/C)CCC(=O)OC[C@@H]1O[C@H](C#Cc2ccccc2)C=C[C@@H]1Oc1ccc(C)cc1,4.901666293693565,ncgc
CO/N=C(/CNC(=O)c1ccc(Cl)cc1Cl)c1ccc(Cl)cc1,5.192241409015731,veith
CO/N=C(\C(=O)N[C@@H]1C(=O)N2C(C(=O)[O-])=C(CSc3nc(=O)c([O-])nn3C)CS[C@@H]12)c1csc(N)n1.[Na+].[Na+],4.601668415167836,ncgc
CO/N=C(\C(=O)N[C@@H]1C(=O)N2C(C(=O)[O-])=C(CSc3nc(=O)c([O-])nn3C)CS[C@H]12)c1csc(N)n1.CO/N=C(\C(=O)N[C@@H]1C(=O)N2C(C(=O)[O-])=C(CSc3nc(=O)c([O-])nn3C)CS[C@H]12)c1csc(N)n1.O.O.O.O.O.O.O.[Na+].[Na+].[Na+].[Na+],4.384416994074168,tox21
CO/N=C(\C)CCN1CCCCc2nc(C)c(C)cc21,4.89695369244143,ncgc;veith
CO/N=C(\C)CCN1CCCc2nc(C)c(C)cc21,4.89695369244143,ncgc;veith
CO/N=C1/c2cc(OC)ccc2O[C@@H](c2cccc(OC)c2)[C@H]1O,4.9969534480296955,ncgc;veith
COC(/C=C/Nc1ccc(Br)cc1)=C(C#N)C#N,4.542240874986129,veith
COC(=O)/C(=C\C(=O)c1ccccc1)Nc1cccc(C(F)(F)F)c1,4.092240288156335,veith
COC(=O)/C=C(\C)OP(=O)(OC)OC,4.023251954306619,tox21
COC(=O)/C=C/C(C)=C\C=C\C(C)=C\C=C\C=C(C)\C=C\C=C(C)\C=C\C(=O)O,3.9732520511108227,tox21
COC(=O)/C=C/CSC1=N/C(=C/c2ccc(-n3cncn3)cc2)C(=O)N1,4.342240150210577,veith
COC(=O)/C=C/c1ccccc1,4.023251954306619,tox21
COC(=O)/C=C\C(=O)N[C@@H]1CC[C@@]2(O)[C@H]3Cc4ccc(O)c5c4[C@@]2(CCN3CC2CC2)[C@@H]1O5,5.596962925619413,ncgc;veith
COC(=O)C(C)(C)C(c1ccc(Nc2ccc3ccccc3c2)cc1)n1ccnc1,5.64117759207705,pharmabench
COC(=O)C(C)(C)C(c1ccc(Nc2ccc3ccccc3c2)cc1)n1cncn1,5.164056337357388,pharmabench
COC(=O)C(C)N(C(=O)Cc1ccccc1)c1c(C)cccc1C,4.023251954306619,tox21
COC(=O)C(C)Oc1ccc(Oc2ncc(C(F)(F)F)cc2Cl)cc1,3.995432746494658,tox21
COC(=O)C(CC(C)C)NC(=O)C(N)Cc1ccccc1.Cl,4.292241779935917,veith
COC(=O)C(c1ccccc1)C1CCCCN1.Cl,4.122898477472465,tox21
COC(=O)C(c1ccccc1Cl)N1CCc2sccc2C1.O=S(=O)(O)O,4.384416994074168,tox21
COC(=O)C/C=C/C(C)C(OCc1cccc(Br)c1)C(C)C(OC)C1CCCCC1,4.701667552503337,ncgc
COC(=O)C/C=C1\c2ccccc2C(OC)C1C,6.601848877894209,ncgc
COC(=O)C/C=C\[C@@H](C)[C@@H](/C=N\OCC[C@@H]1C=C[C@H](OC(C)=O)[C@H](COC(C)=O)O1)OC,4.89695369244143,ncgc;veith
COC(=O)C/C=C\[C@@H](C)[C@@H](/C=N\OC[C@@H](O)COCc1ccco1)NS(=O)(=O)c1ccc(C)cc1,5.001666312269612,ncgc
COC(=O)C/C=C\[C@@H](C)[C@@H](/C=N\OC[C@@H](O)COCc1ccco1)OC,5.201661177767493,ncgc
COC(=O)C/C=C\[C@@H](C)[C@@H](/C=N\OC[C@@H](O)[C@H]1O[C@H]2OC(C)(C)O[C@H]2[C@@H]1O)OC,5.001666312269612,ncgc
COC(=O)C/C=C\[C@@H](C)[C@@H](/C=N\O[C@@H](C)CN1CCCc2nc(C)c(C)cc21)NS(=O)(=O)c1ccc(C)cc1,4.9969534480296955,ncgc;veith
COC(=O)C/C=C\[C@@H](C)[C@@H](/C=N\O[C@@H](C)CN1CCCc2nc(C)c(C)cc21)OC,5.096953661274842,ncgc;veith
COC(=O)C/C=C\[C@@H](C)[C@@H](/C=N\O[C@@H](C)c1cn([C@H](CO)Cc2ccccc2)nn1)NS(=O)(=O)c1ccc(C)cc1,4.701667552503337,ncgc
COC(=O)C/C=C\[C@@H](C)[C@@H](/C=N\O[C@@H]1O[C@H](COC(C)=O)[C@@H](OC(C)=O)[C@H](OC(C)=O)[C@H]1OC(C)=O)NS(=O)(=O)c1ccc(C)cc1,5.096953661274842,ncgc;veith
COC(=O)C/C=C\[C@@H](C)[C@@H](/C=N\O[C@@H]1O[C@H](COC(C)=O)[C@H](OC(C)=O)[C@H](OC(C)=O)[C@H]1OC(C)=O)OC,4.89695369244143,ncgc;veith
COC(=O)C1(CC(C)C)C=C2C(=C(C(C)C)C(=O)C2C)CN1,4.101668763344926,ncgc
COC(=O)C1(Cc2ccccc2)C=C2C(=C(C(C)C)C(=O)C2C)CN1,4.396953559925658,ncgc;veith
COC(=O)C1(Cc2ccccc2)C=C2C(=C(C)C(=O)C2C)CN1,4.2969560175302135,ncgc;veith
COC(=O)C1(Cc2ccccc2)C=C2C(=C(c3ccccc3)C(=O)C2C)CN1,4.396953559925658,ncgc;veith
COC(=O)C12CC(C(=O)NC(C3CCC3)C3CCC3)(C1)C2,4.393291287992346,challenge
COC(=O)C1=C(C)N(Cc2ccccc2)C2=C(C(C)=O)C(c3ccccc3)[C@@](O)(C(=O)OC)C(=O)N2C1c1ccccc1,4.601668415167836,ncgc
COC(=O)C1=C(C)N(Cc2ccccc2)C2=C3C(=O)N(C)C(=O)C3[C@@](O)(C(=O)OC)C(=O)N2C1c1ccccc1,4.801666983179052,ncgc
COC(=O)C1=C(C)N(Cc2ccccc2)[C@]23O[C@](C(=O)OC)(C(=O)N2C1c1ccccc1)C1C(=O)N(c2ccccc2)C(=O)C13,5.001666312269612,ncgc
COC(=O)C1=C(C)NC(C)=C(C(=O)OC(C)(C)CN(C)CCC(c2ccccc2)c2ccccc2)C1c1cccc([N+](=O)[O-])c1.Cl,4.9344127982132715,tox21
COC(=O)C1=C(C)NC(C)=C(C(=O)OC(C)C)C1c1cccc2nonc12,4.738993329046131,pharmabench
COC(=O)C1=C(C)NC(C)=C(C(=O)OC)C1c1ccccc1[N+](=O)[O-],3.9016695663778864,ncgc
COC(=O)C1=C(C)NC(C)=C(C(=O)OCC(C)C)C1c1ccccc1[N+](=O)[O-],3.6732520280752654,tox21
COC(=O)C1=C(C)NC(C)=C(C(=O)OCCCN2CCC(c3ccccc3)(c3ccccc3)CC2)C1c1cccc([N+](=O)[O-])c1.Cl,4.984415167151363,tox21
COC(=O)C1=C(C)NC(C)=C(C(=O)OCCCN2CCC(c3ccccc3)(c3ccccc3)CC2)[C@H]1c1cccc([N+](=O)[O-])c1,4.946955160291106,ncgc;veith
COC(=O)C1=C(C)NC(C)=C(C(=O)OCCN(C)Cc2ccccc2)C1c1cccc([N+](=O)[O-])c1,4.922585163828057,challenge;tox21
COC(=O)C1=C(C)NC(C)=C(C(=O)OCCN(C)Cc2ccccc2)C1c1cccc([N+](=O)[O-])c1.Cl,4.825734003243955,tox21
COC(=O)C1=C(C)NC(C)=C(C(=O)OCCN(C)Cc2ccccc2)[C@@H]1c1cccc([N+](=O)[O-])c1,4.396953559925658,ncgc;veith
COC(=O)C1=C(C)NC(C)=C(C(=O)OCCN(C)Cc2ccccc2)[C@H]1c1cccc([N+](=O)[O-])c1,4.596954724317373,ncgc;veith
COC(=O)C1=C(C)NC(C)=C(C(=O)OCCN2CCN(C(c3ccccc3)c3ccccc3)CC2)C1c1cccc([N+](=O)[O-])c1.Cl.Cl,5.03442072867151,tox21
COC(=O)C1=C(C)NC(C)=C(C(=O)OCCSc2ccccc2)[C@@H]1C,4.096954525750631,ncgc;veith
COC(=O)C1=C(C)NC(C)=C(C(=O)O[C@@H]2CCCN(Cc3ccccc3)C2)[C@@H]1c1cccc([N+](=O)[O-])c1.Cl,4.384416994074168,tox21
COC(=O)C1=C(C)NC(C)=C([N+](=O)[O-])[C@@H]1c1ccccc1C(F)(F)F,4.696954347372703,ncgc;veith
COC(=O)C1=C(C)NC(COC(N)=O)=C(C(=O)OC(C)C)C1c1cccc(Cl)c1Cl,4.0344169708398665,tox21
COC(=O)C1=C(C)NC2=C(C(=O)CCC2)C1c1cn(Cc2ccc(Cl)cc2Cl)nc1-c1ccccc1,4.942241381558047,veith
COC(=O)C1=C(C)[C@@H](O)[C@@H](C)[C@H](c2c(OC)c(OC)c(C)c(OC)c2OC)O1,4.601668415167836,ncgc
COC(=O)C1=C(N)N(c2ccccc2C(F)(F)F)C2=C(C(=O)CCC2)C1c1ccc2c(c1)OCO2,4.04224135682174,veith
COC(=O)C1=CO[C@@H](C)[C@H]2CN3CCc4c([nH]c5ccccc45)[C@@H]3C[C@H]12,7.897291029042707,ncgc;veith
COC(=O)C1=Nc2ccccc2/C1=C\c1c(O)n(-c2ccc(OC)cc2)c(=O)[nH]c1=O,4.342240150210577,veith
COC(=O)C1C(C)OC(=O)NC1c1ccccc1,5.001666312269612,ncgc
COC(=O)C1CC1C(NC(=O)[C@@H]1CCCN1)c1ccccc1,4.201669884204322,ncgc
COC(=O)C1CC1C(NC(=O)[C@H]1CCCCN1)c1ccccc1,4.201669884204322,ncgc
COC(=O)C1CCN(CC(=O)Nc2sc3c(c2C#N)CCC3)CC1,5.442240306846952,veith
COC(=O)CC#N,3.700717803961428,tox21
COC(=O)CCCCCCCC(=O)OC,3.7975327020227754,tox21
COC(=O)CCSc1cc([N+](=O)[O-])cc2c1c(C1OCCS1)nn2-c1ccccc1,4.3922393223313625,veith
COC(=O)CCc1ccc(OCC(O)CNC(C)C)cc1.Cl,4.3344172940778565,tox21
COC(=O)CN1CN(c2ccccc2)C2(CCN(Cc3ccc4ccccc4c3)CC2)C1=O,4.196955646610027,ncgc;veith
COC(=O)CSc1cc(N=c2sc(=O)n3n2CCCC3)c(F)cc1Cl,3.773251730425014,tox21
COC(=O)C[C@H]1CC[C@H](CNC(=O)Cc2ccc3c(c2)CCCO3)CC1,5.383410374992346,challenge
COC(=O)Cl,3.78146477144852,tox21
COC(=O)N(C(=O)N1CO[C@@]2(C(=O)OC)Cc3cc(Cl)ccc3C2=N1)c1ccc(OC(F)(F)F)cc1,4.428344377214191,tox21
COC(=O)N(OC)c1ccccc1COc1ccn(-c2ccc(Cl)cc2)n1,4.173252039198229,tox21
COC(=O)N/N=C\C=C\c1ccc2c(c1)OCO2,4.442240306846953,veith
COC(=O)N1CCC(CN2C[C@@H]3[C@@H](CNC(=O)c4nc(C(C)C)n5ccccc45)[C@@H]3C2)CC1,3.472385571762869,pharmabench
COC(=O)N1CCC2(CC1)CCN(C(c1ccccc1)c1ccccc1)CC2,4.596954724317373,ncgc;veith
COC(=O)N1CCC2(CC1)CCN(c1ccccn1)CC2,4.4969551427270105,ncgc;veith
COC(=O)N1CCC2(CC1)CN(C(c1ccccc1)c1ccccc1)C2,5.596962925619413,ncgc;veith
COC(=O)N1CCC2(CC1)CN(c1ccccn1)C2,4.4969551427270105,ncgc;veith
COC(=O)N1CCC2(CCCN(C(c3ccccc3)c3ccccc3)C2)CC1,4.4969551427270105,ncgc;veith
COC(=O)N1CCC2(CCCN(Cc3ccc(C#N)cc3)C2)CC1,5.996974049257448,ncgc;veith
COC(=O)N1CCC2(CCCN(Cc3ccccc3)C2)CC1,4.4969551427270105,ncgc;veith
COC(=O)N1CCC2(CCCN(Cc3ccccc3OC)C2)CC1,4.9969534480296955,ncgc;veith
COC(=O)N1CCC2(CCCN(Cc3nccs3)C2)CC1,4.396953559925658,ncgc;veith
COC(=O)N1CCC2(CCCN(c3ccccn3)C2)CC1,3.9016695663778864,ncgc
COC(=O)N1CCC2(CCN(C(=O)Nc3ccc(OC)cc3)CC2)CC1,3.9016695663778864,ncgc
COC(=O)N1CCC2(CCN(C(=O)Nc3cccc(C#N)c3)CC2)CC1,5.096953661274842,ncgc;veith
COC(=O)N1CCC2(CCN(C(=O)Nc3cccc(F)c3)CC2)CC1,4.4969551427270105,ncgc;veith
COC(=O)N1CCC2(CCN(CC(C)C)CC2)CC1,4.4969551427270105,ncgc;veith
COC(=O)N1CCC2(CCN(Cc3cc(C(F)(F)F)cc(C(F)(F)F)c3)CC2)CC1,4.4969551427270105,ncgc;veith
COC(=O)N1CCC2(CCN(Cc3ccccc3OC)CC2)CC1,5.196951293391612,ncgc;veith
COC(=O)N1CCC[C@@]2(CCN(C(=O)NC(C)C)C2)C1,5.096953661274842,ncgc;veith
COC(=O)N1CCC[C@@]2(CCN(C(=O)Nc3cccc(F)c3)C2)C1,4.4969551427270105,ncgc;veith
COC(=O)N1CCC[C@@]2(CCN(C(c3ccccc3)c3ccccc3)C2)C1,5.196951293391612,ncgc;veith
COC(=O)N1CCC[C@@]2(CCN(c3ccccn3)C2)C1,4.396953559925658,ncgc;veith
COC(=O)N1CCC[C@@]2(CCN(c3ccncc3)C2)C1,4.301670255124509,ncgc
COC(=O)N1CCN(C(=O)Cc2ccc(Cl)c(Cl)c2)[C@H](CN2CCCC2)C1,4.146955086180329,ncgc;veith
COC(=O)N1CC[C@@H](NC(=O)Nc2nc(C)c(C(C)=O)s2)[C@H](CN2CCC[C@@H](Cc3ccc(F)cc3)C2)C1,7.419328842460694,pharmabench
COC(=O)N1CC[C@H](N(Cc2cc(F)ccc2C)c2ccc(C#N)c(Cl)c2)C1,3.972170811118475,pharmabench
COC(=O)N1CC[C@H](N(Cc2cccc(F)c2F)c2ccc(C#N)c(Cl)c2)C1,4.593254039759867,pharmabench
COC(=O)N1CC[C@H](N(Cc2ccccc2)c2ccc(C#N)c(Cl)c2)C1,4.544267579068994,pharmabench
COC(=O)N1CC[C@H](N(Cc2ccccc2C(F)(F)F)c2ccc(C#N)c(Cl)c2)C1,4.5162388554687505,pharmabench
COC(=O)N1CC[C@H](N(Cc2ccccc2C)c2ccc(C#N)c(Cl)c2)C1,4.076906161638488,pharmabench
COC(=O)N1CC[C@H](N(Cc2ccccc2Cl)c2ccc(C#N)c(Cl)c2)C1,4.377936157302469,pharmabench
COC(=O)N1CCc2cc(OC)c(OC)cc2C1Cc1ccc(OC)cc1,5.001666312269612,ncgc
COC(=O)NC(/C(C(=O)OC)=C(\C)NCc1ccccc1)c1ccc(Cl)cc1,4.801666983179052,ncgc
COC(=O)NC(/C(C(=O)OC)=C(\C)NCc1ccccc1)c1ccc(F)cc1,5.501669380321306,ncgc
COC(=O)NC(/C(C(=O)OC)=C(\C)NCc1ccccc1)c1ccc2ccccc2c1,5.201661177767493,ncgc
COC(=O)NC(/C(C(=O)OC)=C(\C)NCc1ccccc1)c1cccc(C)c1,4.601668415167836,ncgc
COC(=O)NC(/C(C(=O)OC)=C(\C)NCc1ccccc1)c1cccc(F)c1,4.801666983179052,ncgc
COC(=O)NC(/C(C(=O)OC)=C(\C)NCc1ccccc1)c1ccccc1,4.901666293693565,ncgc
COC(=O)NC(/C(C(=O)OC)=C(\C)NCc1ccccc1)c1cccs1,4.901666293693565,ncgc
COC(=O)NC(c1ccc(F)cc1)C(C(C)=O)C(=O)OC,5.001666312269612,ncgc
COC(=O)NC(c1ccccc1)C(C(=O)OC)C(=O)OC,7.604042289030864,ncgc
COC(=O)NC(c1ccco1)C(C(C)=O)C(=O)OC,5.001666312269612,ncgc
COC(=O)NCc1ccc2c(c1)CC[C@H](C(=O)N(C)[C@H](CN1CC[C@H](O)C1)c1ccccc1)O2,4.534640179422625,pharmabench
COC(=O)N[C@H](C(=O)N1CCC[C@H]1c1nc(Br)c(-c2ccc(N=[N+]=[N-])cc2)[nH]1)C(C)C,3.7160374643420324,pharmabench
COC(=O)N[C@H](C(=O)N1CCC[C@H]1c1ncc(-c2ccc(-c3ccc(C(F)(F)F)cc3)cc2)[nH]1)C(C)C,3.6262372422841143,pharmabench
COC(=O)N[C@H](c1ccccc1)[C@@]1(C)C[C@@H]1[C@@H](C)C(=O)Nc1ccc2ccccc2c1,6.99711144074634,ncgc;veith
COC(=O)Nc1ccc2c(c1)CCC(C(=O)N(C)[C@H](CN1CC[C@H](O)C1)c1ccccc1)O2,4.550097122729718,pharmabench
COC(=O)Nc1ccc2c(c1)C[C@H](C(=O)N(C)[C@H](CN1CC[C@H](O)C1)c1ccccc1)O2,4.76708357857395,pharmabench
COC(=O)[C@@H](NC(=O)c1cc(-c2ccccc2)nc2ccccc12)c1ccccc1,4.00166905897837,ncgc
COC(=O)[C@@H]1CC2=CC(=O)CC[C@]2(C)[C@@]23O[C@@H]2C[C@@]2(C)[C@@H](CC[C@@]24CCC(=O)O4)[C@H]13,4.384416994074168,tox21
COC(=O)[C@@H]1CC[C@H](C)[C@@H](c2ccc(C)cc2)N1C(=O)c1ccc(/C=N\OC[C@@H](C)[C@H](OCc2ccccc2)C(C)C)cc1,4.89695369244143,ncgc;veith
COC(=O)[C@@H]1CC[C@H](C)[C@@H](c2ccc(C)cc2)N1C(=O)c1ccc(/C=N\O[C@@H](C)CN2CCCc3nc(C)c(C)cc32)cc1,4.701667552503337,ncgc
COC(=O)[C@@H]1C[C@@H]1[C@@H](NP(=O)(c1ccccc1)c1ccccc1)c1ccccc1,4.101668763344926,ncgc
COC(=O)[C@@H]1C[C@H]1[C@@H](N)c1ccccc1,4.4969551427270105,ncgc;veith
COC(=O)[C@@H]1C[C@H]1[C@@H](NC(=O)OCc1ccccc1)c1ccccc1,4.401667797519954,ncgc
COC(=O)[C@@H]1C[C@H]1[C@@H](NC(=O)Oc1ccc(F)cc1)c1ccccc1,4.4969551427270105,ncgc;veith
COC(=O)[C@@H]1C[C@H]1[C@@H](NC(=O)c1cc(C)nn1C)c1ccccc1,4.396953559925658,ncgc;veith
COC(=O)[C@@H]1[C@@H]2C[C@H]3c4[nH]c5ccccc5c4CCN3C[C@@H]2CC[C@@H]1O,6.171964760896537,ncgc;veith
COC(=O)[C@@H]1[C@H]2C[C@H]3c4[nH]c5cc(OC)ccc5c4CCN3C[C@@H]2C[C@@H](OC(=O)c2cc(OC)c(OC)c(OC)c2)[C@@H]1OC,4.15166868194892,ncgc
COC(=O)[C@@H]1[C@H]2C[C@H]3c4[nH]c5ccccc5c4CCN3C[C@@H]2CC[C@@H]1O,5.597948939552808,pharmabench;tox21
COC(=O)[C@@H]1c2cc3c(c(O)c2[C@@H](O)C[C@]1(C)O)C(=O)c1c(O)cc2c(c1C3=O)O[C@H]1O[C@@]2(C)[C@@H](O)[C@H](N(C)C)[C@H]1O,4.796954045378592,ncgc;veith
COC(=O)[C@@]1(Cc2ccc(F)cc2)[C@H]2c3cc(C(=O)N(C)C)n(CCCNc4ccc(C(F)(F)F)cc4Cl)c3C[C@H]2CN1C(=O)c1ccccc1,4.201669884204322,ncgc
COC(=O)[C@@]1(Cc2ccc(F)cc2)[C@H]2c3cc(C(=O)N(C)C)n(CCO)c3C[C@H]2CN1C(=O)c1ccccc1,4.101668763344926,ncgc
COC(=O)[C@@]1(Cc2ccc(F)cc2)[C@H]2c3cc(C(=O)N(C)C)n(CCc4c[nH]c5ccc(OC)cc45)c3C[C@H]2CN1C(=O)c1ccccc1,4.4969551427270105,ncgc;veith
COC(=O)[C@@]1(Cc2ccc(F)cc2)[C@H]2c3cc(C(=O)N(C)C)n(CCc4ccc(O)c(O)c4)c3C[C@H]2CN1C(=O)c1ccccc1,4.00166905897837,ncgc
COC(=O)[C@@]1(Cc2ccc(F)cc2)[C@H]2c3cc(C(=O)N(C)C)n(Cc4c(CO)[nH]cc(C)c4=O)c3C[C@H]2CN1C(=O)c1ccccc1,4.2969560175302135,ncgc;veith
COC(=O)[C@@]1(Cc2ccc(F)cc2)[C@H]2c3cc(C(=O)N(C)C)n(Cc4cc(C)n(C)n4)c3C[C@H]2CN1C(=O)c1ccccc1,3.9016695663778864,ncgc
COC(=O)[C@@]1(Cc2ccc(F)cc2)[C@H]2c3cc(C(=O)N(C)C)n(Cc4ccc(C(F)(F)F)nc4)c3C[C@H]2CN1C(=O)c1ccccc1,4.196955646610027,ncgc;veith
COC(=O)[C@@]1(Cc2ccc(F)cc2)[C@H]2c3cc(C(=O)N(C)C)n(Cc4ccc(C)c(F)c4F)c3C[C@H]2CN1C(=O)c1ccccc1,4.201669884204322,ncgc
COC(=O)[C@@]1(Cc2ccc(F)cc2)[C@H]2c3cc(C(=O)N(C)C)n(Cc4ccc(C)o4)c3C[C@H]2CN1C(=O)c1ccccc1,3.9016695663778864,ncgc
COC(=O)[C@@]1(Cc2ccc(F)cc2)[C@H]2c3cc(C(=O)N(C)C)n(Cc4ccc(Cl)c(C(F)(F)F)c4)c3C[C@H]2CN1C(=O)c1ccccc1,4.696954347372703,ncgc;veith
COC(=O)[C@@]1(Cc2ccc(F)cc2)[C@H]2c3cc(C(=O)N(C)C)n(Cc4ccc(O)c(OC)c4)c3C[C@H]2CN1C(=O)c1ccccc1,4.201669884204322,ncgc
COC(=O)[C@@]1(Cc2ccc(F)cc2)[C@H]2c3cc(C(=O)N(C)C)n(Cc4ccc(OC)c(OC)c4)c3C[C@H]2CN1C(=O)c1ccccc1,3.9016695663778864,ncgc
COC(=O)[C@@]1(Cc2ccc(F)cc2)[C@H]2c3cc(C(=O)N(C)C)n(Cc4ccccc4)c3C[C@H]2CN1C(=O)c1ccccc1,4.201669884204322,ncgc
COC(=O)[C@@]1(Cc2ccc(F)cc2)[C@H]2c3cc(C(=O)N(C)C)n(Cc4nc5ccccc5[nH]4)c3C[C@H]2CN1C(=O)c1ccccc1,5.196951293391612,ncgc;veith
COC(=O)[C@@]1(Cc2ccc(F)cc2)[C@H]2c3cc(C(=O)N4CCCC4)n(CCN4CNCC4=O)c3C[C@H]2CN1C(=O)c1ccccc1,3.9016695663778864,ncgc
COC(=O)[C@@]1(Cc2ccc(F)cc2)[C@H]2c3cc(C(=O)N4CCCC4)n(CCc4ccc(O)c(O)c4)c3C[C@H]2CN1C(=O)c1ccccc1,4.396953559925658,ncgc;veith
COC(=O)[C@@]1(Cc2ccc(F)cc2)[C@H]2c3cc(C(=O)N4CCCC4)n(CCc4ccccn4)c3C[C@H]2CN1C(=O)c1ccccc1,3.9016695663778864,ncgc
COC(=O)[C@@]1(Cc2ccc(F)cc2)[C@H]2c3cc(C(=O)N4CCCC4)n(Cc4c(CO)[nH]cc(C)c4=O)c3C[C@H]2CN1C(=O)c1ccccc1,4.396953559925658,ncgc;veith
COC(=O)[C@@]1(Cc2ccc(F)cc2)[C@H]2c3cc(C(=O)N4CCCC4)n(Cc4cc(C)n(C)n4)c3C[C@H]2CN1C(=O)c1ccccc1,3.9016695663778864,ncgc
COC(=O)[C@@]1(Cc2ccc(F)cc2)[C@H]2c3cc(C(=O)N4CCCC4)n(Cc4ccc(C)o4)c3C[C@H]2CN1C(=O)c1ccccc1,3.9016695663778864,ncgc
COC(=O)[C@@]1(Cc2ccc(OC)cc2)[C@H]2c3cc(C(=O)N(C)C)n(CCc4c[nH]c5ccc(O)cc45)c3C[C@H]2CN1C(=O)c1ccccc1,4.2969560175302135,ncgc;veith
COC(=O)[C@@]1(Cc2ccc(OC)cc2)[C@H]2c3cc(C(=O)N(C)C)n(CCc4ccc(OC)c(Br)c4)c3C[C@H]2CN1C(=O)c1ccccc1,6.80183165445406,ncgc
COC(=O)[C@@]1(Cc2ccc(OC)cc2)[C@H]2c3cc(C(=O)N(C)C)n(Cc4c(CO)[nH]cc(C)c4=O)c3C[C@H]2CN1C(=O)c1ccccc1,4.196955646610027,ncgc;veith
COC(=O)[C@@]1(Cc2ccc(OC)cc2)[C@H]2c3cc(C(=O)N(C)C)n(Cc4cc(F)c(F)c(F)c4)c3C[C@H]2CN1C(=O)c1ccccc1,4.396953559925658,ncgc;veith
COC(=O)[C@@]1(Cc2ccc(OC)cc2)[C@H]2c3cc(C(=O)N(C)C)n(Cc4ccc(C)c(F)c4F)c3C[C@H]2CN1C(=O)c1ccccc1,4.396953559925658,ncgc;veith
COC(=O)[C@@]1(Cc2ccc(OC)cc2)[C@H]2c3cc(C(=O)N(C)C)n(Cc4ccc(C)o4)c3C[C@H]2CN1C(=O)c1ccccc1,3.9016695663778864,ncgc
COC(=O)[C@@]1(Cc2ccc(OC)cc2)[C@H]2c3cc(C(=O)N(C)C)n(Cc4ccccn4)c3C[C@H]2CN1C(=O)c1ccccc1,3.9016695663778864,ncgc
COC(=O)[C@@]1(Cc2ccc(OC)cc2)[C@H]2c3cc(C(=O)N(C)C)n(Cc4nc5ccccc5[nH]4)c3C[C@H]2CN1C(=O)c1ccccc1,4.4969551427270105,ncgc;veith
COC(=O)[C@@]1(Cc2ccc(OC)cc2)[C@H]2c3cc(C(=O)N4CCCC4)n(CCc4c[nH]c5ccc(OC)cc45)c3C[C@H]2CN1C(=O)c1ccccc1,4.201669884204322,ncgc
COC(=O)[C@@]1(Cc2ccc(OC)cc2)[C@H]2c3cc(C(=O)N4CCCC4)n(CCc4ccc(O)c(O)c4)c3C[C@H]2CN1C(=O)c1ccccc1,3.9016695663778864,ncgc
COC(=O)[C@@]1(Cc2ccc(OC)cc2)[C@H]2c3cc(C(=O)N4CCCC4)n(CCc4ccc(O)c(OC)c4)c3C[C@H]2CN1C(=O)c1ccccc1,3.9016695663778864,ncgc
COC(=O)[C@@]1(Cc2ccc(OC)cc2)[C@H]2c3cc(C(=O)N4CCCC4)n(Cc4c(CO)[nH]cc(C)c4=O)c3C[C@H]2CN1C(=O)c1ccccc1,4.196955646610027,ncgc;veith
COC(=O)[C@@]1(Cc2ccccc2)[C@H]2c3cc(C(=O)N(C)C)[nH]c3C[C@H]2CN1C(=O)c1ccccc1,4.00166905897837,ncgc
COC(=O)[C@@]1(Cc2ccccc2)[C@H]2c3cc(C(=O)N(C)C)n(Cc4c(CO)[nH]cc(C)c4=O)c3C[C@H]2CN1C(=O)c1ccccc1,4.396953559925658,ncgc;veith
COC(=O)[C@@]1(Cc2ccccc2)[C@H]2c3cc(C(=O)N(C)C)n(Cc4cc(C)n(C)n4)c3C[C@H]2CN1C(=O)c1ccccc1,3.9016695663778864,ncgc
COC(=O)[C@@]1(Cc2ccccc2)[C@H]2c3cc(C(=O)N(C)C)n(Cc4cc(F)c(F)c(F)c4)c3C[C@H]2CN1C(=O)c1ccccc1,4.101668763344926,ncgc
COC(=O)[C@@]1(Cc2ccccc2)[C@H]2c3cc(C(=O)N(C)C)n(Cc4ccc(O)c(OC)c4)c3C[C@H]2CN1C(=O)c1ccccc1,4.00166905897837,ncgc
COC(=O)[C@@]1(Cc2ccccc2)[C@H]2c3cc(C(=O)N(C)C)n(Cc4ccccc4)c3C[C@H]2CN1C(=O)c1ccccc1,3.9016695663778864,ncgc
COC(=O)[C@@]1(Cc2ccccc2)[C@H]2c3cc(C(=O)N(C)C)n(Cc4ccsc4Br)c3C[C@H]2CN1C(=O)c1ccccc1,4.00166905897837,ncgc
COC(=O)[C@@]1(Cc2ccccc2)[C@H]2c3cc(C(=O)N(C)C)n(Cc4nc5ccccc5[nH]4)c3C[C@H]2CN1C(=O)c1ccccc1,4.4969551427270105,ncgc;veith
COC(=O)[C@@]1(Cc2ccccc2)[C@H]2c3cc(C(=O)N4CCCC4)n(CCN4CNCC4=O)c3C[C@H]2CN1C(=O)c1ccccc1,3.9016695663778864,ncgc
COC(=O)[C@@]1(Cc2ccccc2)[C@H]2c3cc(C(=O)N4CCCC4)n(Cc4c(CO)[nH]cc(C)c4=O)c3C[C@H]2CN1C(=O)c1ccccc1,4.396953559925658,ncgc;veith
COC(=O)[C@@]1(Cc2ccccc2)[C@H]2c3cc(C(=O)N4CCCC4)n(Cc4cc(F)cc5c4OCOC5)c3C[C@H]2CN1C(=O)c1ccccc1,4.4969551427270105,ncgc;veith
COC(=O)[C@@]1(Cc2ccccc2)[C@H]2c3cc(C(=O)N4CCCC4)n(Cc4ccc(C(F)(F)F)nc4)c3C[C@H]2CN1C(=O)c1ccccc1,4.101668763344926,ncgc
COC(=O)[C@@]1(Cc2ccccc2)[C@H]2c3cc(C(=O)N4CCCC4)n(Cc4ccc(C)o4)c3C[C@H]2CN1C(=O)c1ccccc1,3.9016695663778864,ncgc
COC(=O)[C@@]1(Cc2ccccc2)[C@H]2c3cc(C(=O)N4CCCC4)n(Cc4ccc(O)c(OC)c4)c3C[C@H]2CN1C(=O)c1ccccc1,4.201669884204322,ncgc
COC(=O)[C@@]1(Cc2ccccc2)[C@H]2c3cc(C(=O)N4CCCC4)n(Cc4ccc(OC)c(OC)c4)c3C[C@H]2CN1C(=O)c1ccccc1,4.00166905897837,ncgc
COC(=O)[C@@]1(Cc2ccccc2)[C@H]2c3cc(C(=O)N4CCCC4)n(Cc4ccccn4)c3C[C@H]2CN1C(=O)c1ccccc1,3.9016695663778864,ncgc
COC(=O)[C@@]1(Cc2ccccc2)[C@H]2c3cc(C(=O)N4CCCC4)n(Cc4ccsc4Br)c3C[C@H]2CN1C(=O)c1ccccc1,4.396953559925658,ncgc;veith
COC(=O)[C@@]1(Cc2ccccc2)[C@H]2c3cc(C(=O)N4CCCC4)n(Cc4nc5ccccc5[nH]4)c3C[C@H]2CN1C(=O)c1ccccc1,4.596954724317373,ncgc;veith
COC(=O)[C@H](Cc1ccccc1)NC(=O)C/C=C\[C@@H](C)[C@@H](CO)OC,4.89695369244143,ncgc;veith
COC(=O)[C@H](Cc1ccccc1)NC(=O)N1CCN(Cc2ccccc2)CC1,4.442240306846953,veith
COC(=O)[C@H]1C[C@@H]1[C@H](NC(=O)c1cc(C)nn1C)c1ccccc1,4.101668763344926,ncgc
COC(=O)[C@H]1C[C@@H]1[C@H](NP(=O)(c1ccccc1)c1ccccc1)c1ccccc1,4.00166905897837,ncgc
COC(=O)[C@H]1[C@@H](c2ccccc2)[C@@]2(c3ccccc3)Oc3ccccc3[C@@]1(O)[C@@H]2O,5.001666312269612,ncgc
COC(=O)[C@H]1[C@@H]2C[C@H]3C4=C(CCN3C[C@@H]2CC[C@@H]1O)c1ccccc1[NH2+]4,6.0017075147251155,ncgc
COC(=O)[C@H]1[C@H]2C[C@@H]3c4[nH]c5cc(OC)ccc5c4CCN3C[C@H]2C[C@@H](OC(=O)COc2ccc(OC)cc2)[C@@H]1OC,4.23441719671471,tox21
COC(=O)[C@H]1[C@H]2C[C@@H]3c4[nH]c5cc(OC)ccc5c4CCN3C[C@H]2C[C@@H](OC(=O)c2cc(OC)c(OC)c(OC)c2)[C@@H]1OC,4.484418434588723,tox21
COC(=O)[C@H]1[C@H]2C[C@H]3c4[nH]c5ccccc5c4CCN3C[C@@H]2CC[C@@H]1O,5.321952524883336,ncgc;veith
COC(=O)c1[nH]c2cc(C)ccc2c1NC(=O)CN1CCCc2ccccc21,4.092240288156335,veith
COC(=O)c1[nH]c2cc(OC)ccc2c1NC(=O)c1ccc2c(c1)OCO2,4.142241126006169,veith
COC(=O)c1[nH]c2ccc(Br)cc2c1NC(=O)CN1CCN(C2CCCCC2)CC1,5.492240905132714,veith
COC(=O)c1c(-c2cc(OC)c(OC)c(OC)c2)c2ccnc(OCc3ncccn3)c2c(=O)n1Cc1ccnc(C)c1,3.9969548213840747,ncgc;veith
COC(=O)c1c(C)[nH]c(C)c1C(=O)c1ccccc1Cc1ccccc1,3.9016695663778864,ncgc
COC(=O)c1c(C)cc(O)c(C)c1O,4.073252490208837,tox21
COC(=O)c1c(C)n(-c2ccccc2)c2ccc(O)cc12,4.292241779935917,veith
COC(=O)c1c(CN(CC2CCCC(C)C2)OC)nn2c1CCCC2,5.134718151992345,challenge
COC(=O)c1c(CNC(=O)c2cnnn2-c2ccccc2)nn2c1CCCC2,5.055271359992346,challenge
COC(=O)c1c(COc2ccc(C3CC3)cc2Cl)nn2c1CCCC2,2.0473305199923453,challenge
COC(=O)c1c(Cl)c(Cl)c(C(=O)OC)c(Cl)c1Cl,4.073252490208837,tox21
COC(=O)c1c(NC(C)=O)sc(Cc2ccccc2)c1C,4.092240288156335,veith
COC(=O)c1cc(Br)c(=O)n(CCN2CCCC2)c1,4.242240761051421,veith
COC(=O)c1cc(C#N)c(Oc2ccc(OC)cc2)nc1C,4.342240150210577,veith
COC(=O)c1cc(CNC2CCC(C)(C)c3ccccc32)[nH]c1C,6.337925371992346,challenge
COC(=O)c1cc(CN[C@H]2C[C@H](c3ccccc3C)C2)c[nH]1,5.946618299992346,challenge
COC(=O)c1cc(Cl)ccc1[N+](=O)[O-],3.773251730425014,tox21
COC(=O)c1cc(NS(=O)(=O)c2ccc(N3CCCCC3)c([N+](=O)[O-])c2)cc(C(=O)OC)c1,4.492240905132714,veith
COC(=O)c1cc(NS(=O)(=O)c2ccc(N3CCCCCC3)c([N+](=O)[O-])c2)cc(C(=O)OC)c1,4.3922393223313625,veith
COC(=O)c1cc(OC)ccc1-c1ccc(OC)cc1,4.242240761051421,veith
COC(=O)c1cc(Oc2ccc(Cl)cc2Cl)ccc1[N+](=O)[O-],4.173252039198229,tox21
COC(=O)c1cc(S(=O)(=O)NCC(C)c2nccs2)[nH]n1,4.164676659992345,challenge
COC(=O)c1ccc(-c2cn(CC(N)C(C)C)nn2)cc1,4.335153239992346,challenge
COC(=O)c1ccc(C(=O)N[C@H]2CC[C@H]2c2ccccc2)n1C,5.639015529992346,challenge
COC(=O)c1ccc(C(=O)O)cc1,3.7800273357033305,tox21
COC(=O)c1ccc(C(NC(=O)c2ccco2)[C@]2(C)C[C@H]2C2CCCCC2)cc1,4.396953559925658,ncgc;veith
COC(=O)c1ccc(C23CC2(C(NP(=O)(c2ccccc2)c2ccccc2)c2ccccc2)C3)cc1,4.00166905897837,ncgc
COC(=O)c1ccc(CBr)cc1,4.067964601586914,tox21
COC(=O)c1ccc(COc2ccc(/C=C(\C#N)c3nc4ccccc4[nH]3)cc2OC)o1,4.542240874986129,veith
COC(=O)c1ccc(N2CCN(CC(=O)c3ccc(-c4ccccc4)cc3)CC2)c([N+](=O)[O-])c1,4.3922393223313625,veith
COC(=O)c1ccc(N=C2S/C(=C\c3cc(C)n(-c4cccnc4)c3C)C(=O)N2C)cc1,4.542240874986129,veith
COC(=O)c1ccc(NC(=O)Cn2nc(-c3ccncc3)nc2SCC(=O)Nc2nccs2)cc1,4.492240905132714,veith
COC(=O)c1ccc(NC(=O)N2CCC(O)(c3cccnc3)CC2)cc1,4.292241779935917,veith
COC(=O)c1ccc(NC(=O)N[C@@H]2C[C@@H](C)Oc3ccccc32)cc1OC,5.130687134992345,challenge
COC(=O)c1ccc(NC(=O)c2ccccc2NS(=O)(=O)c2ccccc2)cc1,4.292241779935917,veith
COC(=O)c1ccc(NC(=S)NC2CCCCC2)cc1,4.292241779935917,veith
COC(=O)c1ccc(S(=O)(=O)NC2CCCNC2C)s1,5.704810841992345,challenge
COC(=O)c1cccc(-n2[nH]nnc2=S)c1,4.442240306846953,veith
COC(=O)c1cccc(NC(=O)CCCOc2ccccc2)c1,4.492240905132714,veith
COC(=O)c1cccc(NC(=O)CN2C(=O)NC(Cc3ccccc3)(c3ccccc3)C2=O)c1,3.2638494799923454,challenge
COC(=O)c1ccccc1C(=O)c1ccc(OCCN2CCCCC2)cc1.Cl,4.384416994074168,tox21
COC(=O)c1ccccc1NC(=O)c1cc2nc(C3CC3)cc(C(F)(F)F)n2n1,4.992240583789779,veith
COC(=O)c1ccccc1NC(=O)c1ccc(F)cc1,4.796954045378592,ncgc;veith
COC(=O)c1ccccc1S(=O)(=O)NC(=O)Nc1nc(C)nc(OC)n1,4.626091523641223,tox21
COC(=O)c1ccnc(C(=O)N[C@H]2Cc3ccccc3O[C@@H]2C(F)(F)F)c1,4.766628199992346,challenge
COC(=O)c1cn(NC(=O)c2cccc(OC)c2)c(=O)c2ccccc12,4.542240874986129,veith
COC(=O)c1cnc(N2CCC(NC3CCOCC3)CC2)nc1,4.402872226992345,challenge
COC(=O)c1cncn1C(C)c1ccccc1.Cl,4.9344127982132715,tox21
COC(=O)c1sccc1-c1ccc(C(=O)Nc2cccc(Cl)c2)o1,4.292241779935917,veith
COC(=O)c1sccc1-c1ccc(C(=O)Nc2cccnc2)o1,4.792241107578132,veith
COC(=O)c1sccc1NC(=O)CN(C)NS(=O)(=O)c1ccc(F)cc1,4.342240150210577,veith
COC(=O)c1sccc1NC(=O)CSc1ccc(Cl)cc1,4.292241779935917,veith
COC(=O)c1sccc1S(N)(=O)=O,3.773251730425014,tox21
COC(C(=O)O)c1ccccc1,3.9732520511108227,tox21
COC(C)(C)CCC[C@H](C)C/C=C/C(C)=C/C(=O)OC(C)C,3.9732520511108227,tox21
COC(Cc1ccc(F)cc1)CN1CCN(c2nc[nH]c3nccc2-3)CC1,5.211453349992346,challenge
COC(OC)(C(=O)c1ccccc1)c1ccccc1,4.023606134478928,tox21
COC1(C(F)(F)F)CN(C(=O)c2cnn3cc(C)cnc23)C1,4.482440837992345,challenge
COC1(CNc2ccc(Oc3ccc(Cl)cc3)cc2)CCOCC1,4.379809601992346,challenge
COC1(CS(=O)c2ccccc2)CCN(CCc2c[nH]c3ccc(F)cc23)CC1,4.2969560175302135,ncgc;veith
COC1(c2ccccc2)CN(C(=O)Cc2cnc3c(C)cccn23)C1,4.425515272992346,challenge
COC1(c2nc(-c3ccccn3)no2)CCN(C2C=CCCCCC2)CC1,5.476693904992346,challenge
COC1=C(C)C(=O)c2c(c(COC(N)=O)c3n2C[C@@H]2[C@@H]3N2C)C1=O,5.296954647425311,ncgc;veith
COC1=C(OC)C(=O)C(CCCCCCCCCCO)=C(C)C1=O,4.535951441857748,challenge;pharmabench;tox21
COC1=C(OC)C(=O)c2ccccc2C1=O,3.9016695663778864,ncgc
COC1=C[C@H]2[C@@H]3Cc4ccc(OC)c(O)c4[C@@]2(CCN3C)CC1=O,4.201669884204322,ncgc
COC1CC(=C(c2cccs2)c2cccs2)C[N+](C)(C)C1.[Br-],6.084428617243388,tox21
COC1CCCC(CC(=O)Nc2c(C)c(C(F)(F)F)nn2C)C1,4.502267347992346,challenge
COC1CCCN(CC(=O)Nc2ccccc2C(C)C)CC1,5.0671883219923455,challenge
COC1CCCN(c2ccnc3cc(OC(F)(F)F)ccc23)CC1,5.673449147992346,challenge
COC1CCN(Cc2cn(Cc3ccccc3OC3CC3)nn2)CC1,5.3283895399923455,challenge
COCC#Cc1ccc(C2NC(C(=O)O)CCC2C)cc1,4.801666983179052,ncgc
COCC(=O)N1CCC2(CC1)CCN(C(c1ccccc1)c1ccccc1)CC2,4.396953559925658,ncgc;veith
COCC(=O)N1CCC2(CC1)CCN(c1ccc(-c3ccccc3)cc1)CC2,4.196955646610027,ncgc;veith
COCC(=O)N1CCC2(CC1)CCN(c1ccncc1)CC2,3.9016695663778864,ncgc
COCC(=O)N1CCC2(CC1)CN(C(=O)Nc1ccccc1)C2,3.9016695663778864,ncgc
COCC(=O)N1CCC2(CC1)CN(C(c1ccccc1)c1ccccc1)C2,5.096953661274842,ncgc;veith
COCC(=O)N1CCC2(CC1)CN(c1ccccn1)C2,4.201669884204322,ncgc
COCC(=O)N1CCC2(CC1)CN(c1ccncc1)C2,4.101668763344926,ncgc
COCC(=O)N1CCC2(CCCN(Cc3ccncc3)C2)CC1,4.2969560175302135,ncgc;veith
COCC(=O)N1CCC2(CCCN(c3cccc(-c4ccccc4)c3)C2)CC1,3.9016695663778864,ncgc
COCC(=O)N1CCC2(CCCN(c3ccccn3)C2)CC1,3.9016695663778864,ncgc
COCC(=O)N1CCC2(CCCN(c3ncccn3)C2)CC1,4.201669884204322,ncgc
COCC(=O)N1CCC2(CCN(Cc3ccccc3)CC2)CC1,4.101668763344926,ncgc
COCC(=O)N1CCC2(CCN(Cc3ccccc3OC)CC2)CC1,4.2969560175302135,ncgc;veith
COCC(=O)N1CCC2(CCN(Cc3ccncc3)CC2)CC1,4.696954347372703,ncgc;veith
COCC(=O)N1CCC[C@@]2(CCN(C(c3ccccc3)c3ccccc3)C2)C1,4.696954347372703,ncgc;veith
COCC(=O)N1CCC[C@@]2(CCN(Cc3cc(C(F)(F)F)cc(C(F)(F)F)c3)C2)C1,4.396953559925658,ncgc;veith
COCC(=O)N1CCC[C@@]2(CCN(Cc3ccccc3)C2)C1,4.696954347372703,ncgc;veith
COCC(=O)N1CCC[C@@]2(CCN(Cc3ccccc3OC)C2)C1,4.696954347372703,ncgc;veith
COCC(=O)N1CCC[C@@]2(CCN(c3ncccn3)C2)C1,4.2969560175302135,ncgc;veith
COCC(=O)N1CC[C@@H](CN2CCC[C@@H](Cc3ccc(F)cc3)C2)[C@H](NC(=O)Nc2nc(C)c(C(C)=O)s2)C1,5.340147596413069,pharmabench
COCC(=O)N1CC[C@@H](NC(=O)Nc2nc(C)c(C(C)=O)s2)[C@H](CN2CCC[C@@H](Cc3ccc(F)cc3)C2)C1,5.340147596413069,pharmabench
COCC(=O)O[C@]1(CCN(C)CCCc2nc3ccccc3[nH]2)CCc2cc(F)ccc2[C@@H]1C(C)C,5.996974049257448,ncgc;veith
COCC(C)NCc1cccc([N+](=O)[O-])c1.O=C(O)C(=O)O,4.342240150210577,veith
COCC(C)O,4.013078160315309,tox21
COCC1(C)CCN(CC(=O)Nc2nc3c(s2)CCCC3)CC1,5.552312314992346,challenge
COCC1(C2CCC2)CN(C(=O)NCCc2cc(C)c(O)c(C)c2)C1,4.871149477992346,challenge
COCC1CN(C(=O)C(C)(O)CCc2ccccc2)CC(C)(C)O1,4.533660449992346,challenge
COCC1CNCCN1S(=O)(=O)c1cc2cc(Cl)ccc2s1,5.444176614992346,challenge
COCC1CNCCN1c1ccc2[nH]ncc2c1,4.817268851132732,pharmabench
COCCC1(CNC(=O)Nc2ccc(-n3ccnn3)cc2)CC1,4.770428539992346,challenge
COCCC1CNCCN1c1ccc2[nH]ncc2c1,6.076906161638488,pharmabench
COCCCC/C(=N/OCCN)c1ccc(C(F)(F)F)cc1,4.396953559925658,ncgc;veith
COCCCC/C(=N\OCCN)c1ccc(C(F)(F)F)cc1,5.144995018486917,challenge;tox21
COCCCN1CCC(CNC(=O)c2nc(C(C)C)n3ccccc23)CC1,3.732692573198401,pharmabench
COCCCN1CCC(NC(=O)c2cc(Cl)c(N)c3c2OCC3)CC1,5.067859098331928,challenge;tox21
COCCCN1CCN([C@H]2CC[C@H](n3nc(-c4ccc5nc(Cc6ccccc6OC)[nH]c5c4)c4c(N)ncnc43)CC2)CC1,5.215208859804769,pharmabench
COCCCN1C[C@@H]2[C@@H](CNC(=O)c3nc(C(C)C)n4ccccc34)[C@@H]2C1,4.078884727620576,pharmabench
COCCCNC(=S)NC1CC2CCCC(C1)N2Cc1cccs1,5.542240874986129,veith
COCCCNCC(=O)c1c(N)n(Cc2ccccc2)c(=O)n(C)c1=O.O=C(O)C(=O)O,4.342240150210577,veith
COCCCNCCCCOc1c(Cl)cc(C)cc1Br.O=C(O)C(=O)O,5.642240772861618,veith
COCCCOc1ccnc(CS(=O)c2nc3ccccc3[n-]2)c1C.[Na+],4.254544871949263,tox21
COCCN(C(=O)c1ccco1)c1nc(CC(=O)Nc2ccc(Cl)cc2)cs1,4.6498582869923455,challenge
COCCN(C)C1CCN(c2nc3ccccc3n2Cc2ccc(F)cc2)CC1,4.771554792191864,pharmabench
COCCN(CC(=O)N(C)C(CN1CCCC1)c1ccc(-c2ccc(C(N)=O)cc2)cc1)c1ccc(Cl)c(Cl)c1,4.62693715296244,pharmabench
COCCN(CC(=O)N1CCCC(c2ccccc2)C1CN1CCCC1)c1ccc(Cl)c(Cl)c1,5.5055149900769775,pharmabench
COCCN(CC(=O)N1CCCC(c2ccccc2)C1CN1CCOCC1)c1ccc(Cl)c(Cl)c1,4.914178864140788,pharmabench
COCCN1CC=CC[C@H](c2ccc(Cl)c(Cl)c2)C1,4.828264235434195,pharmabench
COCCN1CCN(C(=O)c2nc3cc(C(F)(F)F)c(C)c([N+](=O)[O-])c3s2)CC1,3.651431226442604,pharmabench
COCCN=C1Sc2nc3c(C)cccc3cc2CN1Cc1ccco1,4.342240150210577,veith
COCCNC(=O)COc1ccc(OCCNC[C@@H](O)COc2ccccc2)cc1,4.796954045378592,ncgc;veith
COCCNC(=O)[C@H](C)[C@@H]1C[C@@]1(C)[C@@H](NC(=O)OCc1ccccc1)c1ccccc1,4.596954724317373,ncgc;veith
COCCNC(=O)[C@H](C)[C@H]1C[C@]1(C)[C@H](NC(=O)OCc1ccccc1)c1ccccc1,4.201669884204322,ncgc
COCCNC(=S)NC1CC2CCCC(C1)N2Cc1cccs1,5.892241091189295,veith
COCCNc1cc(-c2ccccc2CN(C)C)ncn1,4.00166905897837,ncgc
COCCNc1ccc(CNC(=O)N2CCCC3(CCCC3)CC2)cc1,5.279552069992346,challenge
COCCNc1ccnc(-c2ccccc2CN(C)C)n1,3.9016695663778864,ncgc
COCCNc1nc(-c2ccc(N(C)C)cc2)nc2ccccc12,3.9016695663778864,ncgc
COCCNc1nc(-c2cccc(OC)c2)nc2ccccc12,4.196955646610027,ncgc;veith
COCCNc1nc(-c2ccccc2CN(C)C)nc2ccccc12,4.396953559925658,ncgc;veith
COCCNc1nc(-c2ccccc2OC)nc2ccccc12,4.096954525750631,ncgc;veith
COCCNc1ncnc2ccc(-c3ccc(N(C)C)cc3)cc12,4.196955646610027,ncgc;veith
COCCNc1ncnc2ccc(-c3cccc(OC)c3)cc12,3.9016695663778864,ncgc
COCCNc1ncnc2ccc(-c3ccccc3C(F)(F)F)cc12,3.9016695663778864,ncgc
COCCNc1ncnc2ccc(-c3ccccc3C)cc12,4.096954525750631,ncgc;veith
COCCNc1ncnc2ccc(-c3ccccc3CN(C)C)cc12,4.2969560175302135,ncgc;veith
COCCNc1ncnc2ccc(-c3ccccc3OC)cc12,3.9016695663778864,ncgc
COCCOC,3.6938478822939382,tox21
COCCOC(=O)C1=C(C)NC(C)=C(C(=O)OC(C)C)C1c1cccc([N+](=O)[O-])c1,4.008698036921347,tox21
COCCOC(=O)C1=C(C)NC(C)=C(C(=O)OC(C)C)[C@@H]1c1cccc([N+](=O)[O-])c1,4.051668911161648,ncgc
COCCOC(=O)C1=C(C)NC(C)=C(C(=O)OC/C=C/c2ccccc2)C1c1cccc([N+](=O)[O-])c1,4.084417373518855,tox21
COCCOCCO,3.8232520113632606,tox21
COCCOc1ccn2c(-c3ccc4cccc(O[C@@H]5CCNC[C@@H]5F)c4n3)cnc2c1,4.649951516384555,pharmabench
COCCS(=O)(=O)c1ccc2c(c1)CN(C(C)=O)C2C(=O)Nc1ccc(C(O)(C(F)(F)F)C(F)(F)F)cc1,5.377936157302469,pharmabench
COCCc1ccc(OCC(O)CNC(C)(C)CSc2ccccc2C)cc1,5.972170811118475,pharmabench
COCCc1ccc(OCC(O)CNC(C)C)cc1,4.306184166930898,pharmabench;tox21
COCCc1ccc(OCC(O)CNC(C)C)cc1.COCCc1ccc(OCC(O)CNC(C)C)cc1.O=C(O)[C@H](O)[C@@H](O)C(=O)O,4.43441675507263,tox21
COCCc1ccc(OC[C@H](O)CNC(C)C)cc1.COCCc1ccc(OC[C@H](O)CNC(C)C)cc1.O=C(O)[C@@H](O)[C@@H](O)C(=O)O,4.201668428249162,ncgc
COCCn1c(=O)c(-c2ccc(Cl)cc2)nc2cnc(N(C)C)nc21,6.59704495568056,ncgc;veith
COCCn1c(=O)c(-c2ccc(Cl)cc2)nc2cnc(OC)nc21,4.101668763344926,ncgc
COCCn1c(=O)c(-c2ccc(F)cc2)nc2cnc(N(C)C)nc21,5.69694058165962,ncgc;veith
COCCn1c(=O)c(-c2ccc(OC)cc2)nc2cnc(OC)nc21,4.101668763344926,ncgc
COCCn1c(=O)c(-c2cccc(C#N)c2)nc2cnc(N(C)C)nc21,6.4969551427270105,ncgc;veith
COCCn1c(=O)c(-c2cccc(C#N)c2)nc2cnc(Nc3ccccc3)nc21,5.096953661274842,ncgc;veith
COCCn1c(=O)c(-c2ccccc2)nc2cnc(N(C)C)nc21,4.396953559925658,ncgc;veith
COCCn1c(=O)c(CCc2ccccc2)nc2cnc(N(C)C)nc21,4.4969551427270105,ncgc;veith
COCCn1c(C)cc(C2=NNC(=Nc3ccc(F)cc3)SC2)c1C,4.592241033466911,veith
COCCn1nc(C)c(NC(=O)N[C@H]2c3ccccc3C[C@H]2O)c1C,4.634486722992346,challenge
COCCn1nc2cc(C(=O)NCc3cc(C(F)(F)F)cc(C(F)(F)F)c3)ccc2c1OC,5.092240288156335,veith
COCOc1cc(OC)ccc1C(=O)/C=C\c1ccc2c(c1)OCO2,4.89695369244143,ncgc;veith
COCOc1ccc(Br)cc1C(=O)/C=C\c1ccc2c(c1)OCO2,4.9969534480296955,ncgc;veith
COCOc1ccc(Br)cc1C(=O)[C@H]1O[C@H]1c1cccc(OC)c1,4.9969534480296955,ncgc;veith
COC[C@@]12CNCC[C@]1(c1ccc(Cl)c(Cl)c1)C2,4.942207587741032,pharmabench
COC[C@H](c1ccc(C(F)(F)F)cc1)N1CCN(C2(C)CCN(C(=O)c3c(C)ncnc3C)CC2)C[C@H]1C.O=C(O)/C=C\C(=O)O,4.3344172940778565,tox21
COC[C@H]1C[C@@H](c2ncc(-c3ccc4c(c3)COc3cc5c(ccc6nc([C@@H]7CC[C@H](C)N7C(=O)[C@@H](NC(=O)OC)C(C)C)[nH]c65)cc3-4)[nH]2)N(C(=O)[C@H](NC(=O)OC)c2ccccc2)C1,2.526602084992345,challenge
COCc1cc(Cl)cc(S(=O)(=O)N[C@]23CCC[C@H]2CNC3)c1,4.780683556992345,challenge
COCc1cc(NS(=O)(=O)c2cc3cc(Cl)ccc3s2)ccc1OC,2.052914186992345,challenge
COCc1ccccc1C(=O)NC1CCN(C(=O)c2ccccc2)CC1,4.343477856992346,challenge
COCc1nc2n(n1)CCCC2NC(=O)C(C)NC(=O)Nc1ccccc1,4.413345029992346,challenge
COCc1nccc(N(Cc2nc(C)cn2C)CC2CCCCC2)n1,4.787198852992345,challenge
CON(C)C1CCN(c2ccnc(CSc3ccccc3)n2)CC1,4.475419899992346,challenge
CON(C)S(=O)(=O)c1ccc(C(=O)Nc2nc(-c3ccc4c(c3)CCC(=O)N4)cs2)cc1,2.095241586992345,challenge
COP(=O)(O)OP(=O)(O)OC,3.8805058863155573,tox21
COP(=O)(OC)C(O)C(Cl)(Cl)Cl,3.7211346453998866,tox21
COP(=O)(OC)O/C(=C/Cl)c1cc(Cl)c(Cl)cc1Cl,4.049023491914284,tox21
COP(=O)(OC)O/C(=C\Cl)c1cc(Cl)c(Cl)cc1Cl,3.8732518948441816,tox21
COP(=O)(OC)OC(Br)C(Cl)(Cl)Br,3.8728980186555697,tox21
COP(=O)(OC)OC=C(Cl)Cl,4.0344169708398665,tox21
COP(=O)(OC)Oc1ccc([N+](=O)[O-])cc1,4.173252039198229,tox21
COP(=O)(OC)SCn1c(=O)oc2cc(Cl)cnc21,3.9732520511108227,tox21
COP(=S)(Cl)OC,4.019368868015691,tox21
COP(=S)(NC(C)C)Oc1ccc(C)cc1[N+](=O)[O-],3.923251608931447,tox21
COP(=S)(OC)Oc1ccc(S(=O)(=O)N(C)C)cc1,4.053834663912737,tox21
COP(=S)(OC)Oc1ccc(S(N)(=O)=O)cc1,4.134416852957513,tox21
COP(=S)(OC)Oc1ccc(SC)c(C)c1,3.977877968326224,tox21
COP(=S)(OC)Oc1ccc([N+](=O)[O-])c(C)c1,3.9732520511108227,tox21
COP(=S)(OC)Oc1ccc([N+](=O)[O-])cc1,3.9732520511108227,tox21
COP(N)(=S)OC,3.773251730425014,tox21
COP(N)(=S)Oc1ccccc1C(=O)OC(C)C,4.023251954306619,tox21
COP(OC)OC,4.0099601376945895,tox21
COS(=O)(=O)[O-].C[N+]1(C)CCC(=C(c2ccccc2)c2ccccc2)CC1,4.484418434588723,tox21
COS(=O)(=O)[O-].Cn1c(-c2ccccc2)cc(-c2ccccc2)[n+]1C,5.923624182262335,tox21
COS(C)(=O)=O,3.7568607294296257,tox21
CO[C@@H](C)[C@](O)(C(=O)OC1=CCN2CC[C@H](O)[C@H]12)C(C)C,4.601668415167836,ncgc
CO[C@@H](C)[C@](O)(C(=O)OCC1=CCN2CC[C@@H](O)[C@H]12)C(C)C,4.89695369244143,ncgc;veith
CO[C@@H](C[Hg])CN1C(=O)c2ccccc2S1(=O)=O.Cn1c(=O)c2nc[nH]c2n(C)c1=O,4.701667552503337,ncgc
CO[C@@H]1/C=C\CC(=O)N2CCC[C@@H]2C(=O)OC[C@H](C)C(=O)OC[C@H]1C,4.601668415167836,ncgc
CO[C@@H]1/C=C\O[C@@]2(C)Oc3c(C)c(O)c4c(c3C2=O)C(=N[C@H]2CC[C@H](O)O[C@@H]2C)C=C(NC(=O)/C(C)=C\C(=O)[C@@H]2C[C@@H]2[C@@H](O)[C@H](C)[C@@H](O)[C@H](C)[C@H](OC(C)=O)[C@@H]1C)C4=O,4.9969534480296955,ncgc;veith
CO[C@@H]1COC(=O)C/C=C\[C@@H](C)[C@@H]2C=C[C@H](O)[C@@H](COC(=O)[C@H](C)NC(=O)C/C=C\[C@H]1C)O2,4.801666983179052,ncgc
CO[C@@H]1COC(=O)C/C=C\[C@H](C)COC(=O)[C@H](C)NC(=O)C/C=C\[C@H]1C,4.901666293693565,ncgc
CO[C@@H]1COC(=O)CCC[C@@H](C)[C@H](OC)COC(=O)CCC[C@H]1C,5.001666312269612,ncgc
CO[C@@H]1COC(=O)CCC[C@@H](C)[C@H](OC)COC(=O)[C@H](Cc2ccccc2)NC(=O)C/C=C\[C@H]1C,5.001666312269612,ncgc
CO[C@@H]1COC(=O)[C@@H](C)NC(=O)C/C=C\[C@@H](C)[C@H](NS(=O)(=O)c2ccc(C)cc2)COC(=O)[C@H](C)NC(=O)C/C=C\[C@H]1C,4.901666293693565,ncgc
CO[C@@H]1COCC[C@@H]1[NH2+][C@@H]1CC[C@@](C(=O)N2CCc3ncc(C(F)(F)F)cc3C2)(C(C)C)C1.O=C([O-])CCC(=O)O,4.025025750699936,tox21
CO[C@@H]1[C@@H](OC)[C@H](C)[C@@](O)(CC(=O)O)O[C@H]1[C@H](C)[C@H]1O[C@@]2(CC[C@@](C)([C@H]3CC[C@@](C)([C@@H]4O[C@@H]([C@H]5O[C@](C)(O)[C@H](C)C[C@@H]5C)C[C@@H]4O[C@@H]4C[C@H](OC)[C@@H](OC)[C@H](C)O4)O3)O2)C[C@H](O)[C@H]1C,5.419328842460694,pharmabench
CO[C@@H]1[C@H](OC(=O)/C=C/C=C/C=C/C=C/C(=O)O)CC[C@]2(CO2)[C@H]1[C@@]1(C)O[C@@H]1CC=C(C)C,3.773251730425014,tox21
CO[C@@]12C[C@@H](COC(=O)c3cncc(Br)c3)CN(C)[C@H]1Cc1cn(C)c3cccc2c13,7.121440317379919,ncgc;veith
CO[C@@]12[C@H](COC(N)=O)C3=C(C(=O)C(C)=C(N)C3=O)N1C[C@@H]1N[C@@H]12,4.084417373518855,tox21
CO[C@H]1C=C2CCN(C)[C@@H]2[C@@H]2c3cc4c(cc3C(=O)O[C@H]21)OCO4,4.4969551427270105,ncgc;veith
CO[C@H]1C=CO[C@@]2(C)Oc3c(C)c(O)c4c(O)c(c5c(c4c3C2=O)=NC2(CCN(CC(C)C)CC2)N=5)NC(=O)/C(C)=C\C=C/[C@H](C)[C@H](O)[C@@H](C)[C@@H](O)[C@@H](C)[C@H](OC(C)=O)[C@@H]1C,4.132545911856036,tox21
CO[C@H]1C=CO[C@@]2(C)Oc3c(C)c(O)c4c(O)c(cc([O-])c4c3C2=O)NC(=O)/C(C)=C\C=C/[C@H](C)[C@H](O)[C@@H](C)[C@@H](O)[C@@H](C)[C@H](OC(C)=O)[C@@H]1C.[Na+],3.9700735453014824,tox21
CO[C@H]1COC(=O)C/C=C\[C@H](C)[C@@H](NS(=O)(=O)c2ccc(C)cc2)COC(=O)C/C=C\[C@@H]1C,5.901677202737208,ncgc
CO[C@H]1COC(=O)CCC[C@H](C)[C@H](OC)COC(=O)C/C=C\[C@@H]1C,5.001666312269612,ncgc
CO[C@H]1COC(=O)[C@@H](C)NC(=O)C/C=C\[C@@H](C)[C@H](OC)COC(=O)C/C=C\[C@@H]1C,4.901666293693565,ncgc
CO[C@H]1COC(=O)[C@@H](Cc2ccccc2)NC(=O)[C@@H](C)COC(=O)CCC[C@@H]1C,5.201661177767493,ncgc
CO[C@H]1COC(=O)[C@H](C)COC(=O)C/C=C\[C@@H](C)[C@H](OC)COC(=O)C/C=C\[C@@H]1C,4.601668415167836,ncgc
CO[C@H]1COC(=O)[C@H]2CCCN2C(=O)C/C=C\[C@@H](C)[C@H](OC)COC(=O)[C@@H](OCc2ccccc2)/C=C\[C@@H]1C,5.001666312269612,ncgc
CO[C@H]1C[C@@H](CN2CCCC2)N(c2ncnc3ccccc23)C1,4.473483049992345,challenge
CO[C@H]1C[C@@H](N(C)C(=O)c2cccc(Cn3ccnc3)c2)C1,4.256535394992346,challenge
CO[C@]1(C2=NCCN2)COc2ccccc2O1,5.596962925619413,ncgc;veith
CO[C@]12CC[C@@]3(C[C@@H]1C(C)(O)C(C)(C)C)[C@H]1Cc4ccc(O)c5c4[C@@]3(CCN1CC1CC1)[C@H]2O5.Cl,5.276101811184138,tox21
CO[C@]12C[C@@H](COC(=O)c3cncc(Br)c3)CN(C)[C@@H]1Cc1cn(C)c3cccc2c13,6.734281002211465,tox21
CO[P+](=O)OC,3.8278782230008153,tox21
CO[Si](CCCCl)(OC)OC,4.079667730419847,tox21
COc1c(-c2ccccc2)oc2c(ccc3occc32)c1=O,4.501669380321306,ncgc
COc1c(C(=O)N2CCC(Cc3nccs3)C2)[nH]c2ccccc12,4.506141779992346,challenge
COc1c(Cl)cc(Cl)cc1CNCCNCC(C)O.Cl,5.242240761051421,veith
COc1c(Cl)cc(Cl)cc1CNCCNCCO.Cl,4.292241779935917,veith
COc1c(O)cc2oc3cc(O)c(CC=C(C)C)c(O)c3c(=O)c2c1CC=C(C)C,4.00166905897837,ncgc
COc1c(O)ccc2c1CN1CCc3cc4c(cc3[C@@H]1C2)OCO4,6.296940946851727,ncgc;veith
COc1c2c(cc3c1OCO3)CCN(C)C2,4.89695369244143,ncgc;veith
COc1c2ccoc2cc2oc(=O)ccc12,5.082545084168407,ncgc;tox21
COc1c2occc2c(OC)c2c(=O)cc(C)oc12,4.476109013508883,ncgc;tox21;veith
COc1c2occc2cc2ccc(=O)oc12,4.6905910249690255,challenge;ncgc;tox21;veith
COc1cc(-c2cc(=O)c3ccccc3o2)ccc1O,4.00166905897837,ncgc
COc1cc(-c2ccc(=O)[nH]n2)ccc1OC(F)F,4.484418434588723,tox21
COc1cc(-c2ccc(N)c(OC)c2)ccc1N,3.9198586078411912,tox21
COc1cc(-c2ccnc(C)c2)ccc1NS(=O)(=O)c1cc(C(F)(F)F)cc(C(F)(F)F)c1,5.140575241507865,pharmabench
COc1cc(-c2nnc(SCC3(c4ccc(Br)cc4)OCCO3)o2)cc(OC)c1OC,4.342240150210577,veith
COc1cc(/C=C(/C#N)c2nc3ccccc3[nH]2)ccc1Oc1ncccc1[N+](=O)[O-],4.992240583789779,veith
COc1cc(/C=C(\C#N)C(N)=O)cc(CSc2nc3ccccc3s2)c1O,7.097117973498301,ncgc;veith
COc1cc(/C=C/C(=O)/C=C(O)/C=C/c2ccc(O)c(OC)c2)ccc1O,3.717760857404767,pharmabench
COc1cc(/C=C/C(=O)/C=C/c2ccc(O)c(OC)c2)ccc1O,5.64117759207705,pharmabench
COc1cc(/C=C\C(=O)CC(=O)/C=C\c2ccc(O)c(OC)c2)ccc1O,4.301670255124509,ncgc
COc1cc(/C=N/Nc2snc(SC)c2C#N)cc(OC)c1OC,4.3922393223313625,veith
COc1cc(Br)c(CCNc2c(F)cncc2F)cc1OC,4.666706587992346,challenge
COc1cc(C(=O)NCCN2CCc3sccc3C2)ccc1C,5.630972564992346,challenge
COc1cc(C(=O)Nc2ccc(Cc3ccncc3)cc2)on1,5.0639621369923455,challenge
COc1cc(C(=O)OC(COCCC(C)C)CN2CCOCC2)cc(OC)c1OC,4.0344169708398665,tox21
COc1cc(C(=O)OC2C[C@H]3CC[C@@H](C2)N3C)ccc1O,4.596954724317373,ncgc;veith
COc1cc(C(=O)OCCC[NH+]2CCC[NH+](CCCOC(=O)c3cc(OC)c(OC)c(OC)c3)CC2)cc(OC)c1OC,4.101668763344926,ncgc
COc1cc(C(=O)O[C@@H]2CC(C)=CC[C@@]3(C)CC[C@](O)(C(C)C)[C@H]23)ccc1O,4.00166905897837,ncgc
COc1cc(C(C)=O)ccc1OCCCN1CCC(c2noc3cc(F)ccc23)CC1,4.502309533896554,challenge;tox21
COc1cc(C(F)(F)F)cc(SC)c1C(=O)N[C@@]1(c2ccccc2)CCCN(C)C1,4.215208859804769,pharmabench
COc1cc(C)c(NC(=O)Cn2sc3ccccc3c2=O)cc1C(F)(F)F,1.9497473429923453,challenge
COc1cc(C)ccc1NC(=O)c1cccc2cnccc12,4.784759336992345,challenge
COc1cc(C)nc(N2CCCC(Nc3ccccc3)C2)n1,2.583253519992345,challenge
COc1cc(C)sc1C(=O)N1CCC2C(CCCN2C)C1,6.039760589992346,challenge
COc1cc(C2=NC(c3ccc(Cl)cc3F)C(C(=O)Nc3cc4cn[nH]c4cc3F)=C(C)N2)ccn1,5.097109547726775,pharmabench
COc1cc(C2=NC(c3ccc(Cl)cc3F)C(C(=O)Nc3ccc4[nH]ncc4c3)=C(C)N2)ccn1,4.851127118393699,pharmabench
COc1cc(C2NC(C(=O)O)Cc3c2[nH]c2ccccc32)cc(OC)c1OC,5.4016781467766215,ncgc
COc1cc(C=O)ccc1OCCOCCOc1ccccc1Cl,4.192241409015731,veith
COc1cc(CC(=O)NCC2(N3CCCCC3)CCOCC2)ccc1C,4.1331968799923455,challenge
COc1cc(CC(C)N)c(OC)cc1Br.Cl,4.158689415357008,tox21
COc1cc(CC(C)N)cc(OC)c1OC.Cl,3.9390330543776715,tox21
COc1cc(CC(C)[NH3+])cc2c1OCO2.[Cl-],5.1543322808894585,tox21
COc1cc(CCNC(=O)[C@]23CNC[C@H]2CCOC3)cc(OC)c1,4.828179104992346,challenge
COc1cc(CNC(=O)CCCC/C=C/C(C)C)ccc1O,3.9847144603266287,tox21
COc1cc(CNC(=O)CCCC/C=C\C(C)C)ccc1O,4.301670255124509,ncgc
COc1cc(CNC(=O)CCCCCCC(C)C)ccc1O,3.951669312678129,ncgc
COc1cc(CNC(C)(C)CO)ccc1OCC(=O)Nc1ccc(Br)cc1,4.792241107578132,veith
COc1cc(CNC2CCCC2)cc(Cl)c1OCc1ccccc1Cl.Cl,5.542240874986129,veith
COc1cc(CNCCN2CCOCC2)ccc1OCc1ccc(Cl)cc1Cl.Cl,4.092240288156335,veith
COc1cc(CNCCN2CCOCC2)ccc1OCc1ccccc1Cl.Cl,4.442240306846953,veith
COc1cc(CNCCO)cc(Br)c1OCc1ccccc1Cl.Cl,4.442240306846953,veith
COc1cc(CNCCc2c[nH]c3ccccc23)ccc1OCc1ccccc1F.Cl,4.892241091189295,veith
COc1cc(CNCCc2ccccc2)ccc1OCC(=O)NC(C)(C)C.Cl,4.992240583789779,veith
COc1cc(CNCc2ccccn2)ccc1OCc1ccc(Cl)cc1Cl.Cl,4.3922393223313625,veith
COc1cc(CNCc2cccs2)cc(Br)c1OC.Cl,6.742241156276297,veith
COc1cc(CNCc2cccs2)ccc1OCC(=O)NC(C)(C)C.Cl,4.492240905132714,veith
COc1cc(CNCc2cccs2)ccc1OCC(N)=O.Cl,5.192241409015731,veith
COc1cc(CNc2ncnc3c2ncn3C2CC2)c2ccccc2n1,6.239849589992346,challenge
COc1cc(COc2cc(N)c(Cl)cc2C(=O)CCC2CCN(CCNS(C)(=O)=O)CC2)cc(OC)c1,5.596962925619413,ncgc;veith
COc1cc(CSc2nc3ccc(OC)cc3[nH]2)cc(OC)c1,4.459334004132278,pharmabench
COc1cc(C[C@@H](C)N)c(OC)cc1Br.Cl,4.561516141662703,tox21
COc1cc(C[C@@H](C)N)c(OC)cc1C.Cl,3.943877862616752,tox21
COc1cc(C[C@H](C)N)c(OC)cc1I,4.0469546735673525,ncgc;veith
COc1cc(C[C@H]2CO[C@H](c3ccc(O)c(O)c3)[C@H]2CO)ccc1O,3.586181730547909,pharmabench
COc1cc(Cc2cnc(N)nc2N)cc(OC)c1OC,4.0243153625367825,tox21
COc1cc(Cl)c(OC)cc1N,3.773251730425014,tox21
COc1cc(Cl)ccc1NC(=O)c1cccc(Nc2cnccn2)c1,5.373665779992345,challenge
COc1cc(Cl)ccc1S(=O)(=O)NC(C)c1nc2ccccc2n1C(F)F,4.9516032719923455,challenge
COc1cc(F)c(NC(=O)N2CCOC(C)(c3ccccc3)C2)cc1F,4.437077414992346,challenge
COc1cc(F)c(NC(=O)c2cnc3onc(C)c3c2)cc1F,1.9964500899923452,challenge
COc1cc(F)cc(-c2noc(N3CCC(c4cnco4)CC3)n2)c1,5.970085482992346,challenge
COc1cc(F)ccc1[C@H]1CN(c2nc(-c3ccncn3)cc(=O)n2C)CCO1,4.164056337357388,pharmabench
COc1cc(N)[nH]c2nc(-c3ccc(F)cc3)c(-c3ccncc3)c1-2,6.118298846796713,pharmabench
COc1cc(N)c(Cl)cc1C(=O)CCC1CCN(CCNS(C)(=O)=O)CC1,4.396953559925658,ncgc;veith
COc1cc(N)c(Cl)cc1C(=O)NC1CCN(CCCOc2ccc(F)cc2)CC1OC,6.329329709844913,pharmabench;tox21
COc1cc(N)c(Cl)cc1C(=O)NC1CCN(Cc2ccccc2)CC1,7.396769078767552,ncgc;veith
COc1cc(N)c(Cl)cc1C(=O)NC1CCN(Cc2ccccc2)CC1.O=C(O)/C=C\C(=O)O,7.084428617243388,tox21
COc1cc(N)c(Cl)cc1C(=O)NC1CN2CCC1CC2.Cl,4.584416971394304,tox21
COc1cc(N)c(Cl)cc1C(=O)N[C@@H]1CN2CCC1CC2,3.9016695663778864,ncgc
COc1cc(N)c(Cl)cc1C(=O)N[C@H]1CCN(CCCOc2ccc(F)cc2)C[C@@H]1OC,4.596954724317373,ncgc;veith
COc1cc(N)c(Cl)cc1C(=O)N[C@H]1CCN(CCCOc2ccc(F)cc2)C[C@H]1OC,6.096945016706242,ncgc;veith
COc1cc(N)c(Cl)cc1C(=O)OCCCN1CCCCC1,6.396941486272403,ncgc;veith
COc1cc(N)ccc1C,4.4775222526351115,tox21
COc1cc(N2CCN(c3ncnc4c3CCCC4)CC2)ccc1F,4.500507627992346,challenge
COc1cc(N2Cc3cn(-c4cccc(S(C)(=O)=O)c4)nc3[C@H]2C(C)C)cc(C)n1,4.010241473012859,pharmabench
COc1cc(N=c2ssnc2Cl)cc(OC)c1OC,4.992240583789779,veith
COc1cc(NC(=O)C2CCN(S(=O)(=O)c3cccc4nonc34)CC2)cc(OC)c1,5.742241156276297,veith
COc1cc(NC(=O)CC(C)=O)c(OC)cc1Cl,3.7471912167629178,tox21
COc1cc(NC(=O)c2cc(Cl)ccc2Cl)ccc1-c1cc2ccccc2oc1=O,4.092240288156335,veith
COc1cc(NC(=O)c2ccccc2F)ccc1-c1nnc(NCCCN2CCCCC2)o1,3.686935082637725,pharmabench
COc1cc(NC(C)CCCN)c2ncccc2c1,4.657537604992346,challenge
COc1cc(NC(C)CCCN)c2ncccc2c1.O=P(O)(O)O.O=P(O)(O)O,4.734419094663767,tox21
COc1cc(NCC[C@@H]2CCCCN2)c2ncccc2c1,5.4969551427270105,ncgc;veith
COc1cc(NCc2ccc3nc(N)nc(N)c3c2C)cc(OC)c1OC.Cl.Cl.Cl,4.384416994074168,tox21
COc1cc(N[C@@H](C)CCCN)c2ncccc2c1,4.596954724317373,ncgc;veith
COc1cc(O)c(C(=O)/C=C\c2ccc3c(c2)OCO3)c(OC)c1,4.9969534480296955,ncgc;veith
COc1cc(O)c(C(=O)c2ccccc2)cc1S(=O)(=O)O,3.8961347730143476,tox21
COc1cc(O)oc1C=Nc1ccc(Cl)cc1,4.342240150210577,veith
COc1cc(OC)c(C(=O)CCCN2CCCC2)c(OC)c1,4.596954724317373,ncgc;veith
COc1cc(OC)c(C(=O)CCCN2CCCC2)c(OC)c1.Cl,4.8732510305756955,tox21
COc1cc(OC)c(CNC[C@H]2CC[C@@H](c3ncn[nH]3)O2)cc1F,5.6172112419923454,challenge
COc1cc(OC)c(NC(=S)Nc2cccc(C(C)=O)c2)cc1Cl,4.292241779935917,veith
COc1cc(OC)c(OC)cc1C=O,4.286527166222844,tox21
COc1cc(OC)c2nc(C)c3c(c2c1)N(c1ccc(O)cc1)CC3,4.992240583789779,veith
COc1cc(OC)cc(C(=O)NC(=S)NCCc2ccccc2)c1,4.492240905132714,veith
COc1cc(OC)cc([C@H](CNc2ncnc3c2ncn3[C@@H]2O[C@@H](CO)[C@H](O)[C@@H]2O)c2ccccc2C)c1,3.9016695663778864,ncgc
COc1cc(OC)nc(N2CCCC(c3nc4cc(C)ccc4[nH]3)C2)n1,5.322058829992345,challenge
COc1cc(OC)nc(NC(=O)NS(=O)(=O)Nc2ccccc2C(=O)N(C)C)n1,4.023251954306619,tox21
COc1cc(OC)nc(Sc2cccc(Cl)c2C(=O)[O-])n1.[Na+],3.923251608931447,tox21
COc1cc(S(=O)(=O)Nc2ccccc2)c(OC)cc1N,3.723251713511802,tox21
COc1cc([C@@H]2c3cc4c(cc3[C@@H](O[C@@H]3O[C@H]5CO[C@@H](C)O[C@@H]5[C@@H](O)[C@H]3O)[C@@H]3COC(=O)[C@@H]23)OCO4)cc(OC)c1O,4.4969551427270105,ncgc;veith
COc1cc([C@@H]2c3cc4c(cc3[C@H](O)[C@H]3COC(=O)[C@H]23)OCO4)cc(OC)c1OC,3.8232520113632606,tox21
COc1cc([C@H]2c3cc(O)c(OC)cc3C[C@@H](CO)[C@@H]2CO)ccc1O,3.4294342787419216,pharmabench
COc1cc([C@H]2c3cc(O)c(OC)cc3C[C@H]3C(=O)OC[C@H]23)ccc1O,4.171355576098888,pharmabench
COc1cc([N+](=O)[O-])ccc1NC(=O)CCCOc1cccc(C)c1,4.292241779935917,veith
COc1cc([N+](=O)[O-])ccc1O[C@@H](c1ccccc1)[C@H]1CCNC1,4.719329044906112,pharmabench
COc1cc2c(CCNC(C)=O)c[nH]c2cc1Cl,3.9016695663778864,ncgc
COc1cc2c(CCNC(C)=O)c[nH]c2cc1O,3.9016695663778864,ncgc
COc1cc2c(N3CCN(C(=O)Nc4ccc(OC(C)C)cc4)CC3)ncnc2cc1OCCCN1CCCCC1,4.384416994074168,tox21
COc1cc2c(c(OC)c1OC)-c1ccc(OC)c(=O)cc1[C@@H](NC(C)=O)CC2,5.596962925619413,ncgc;veith
COc1cc2c(cc1C(F)(F)F)N(C(=O)Nc1cc(F)cc(-c3cccnc3)c1)CC2,6.101649745256148,ncgc
COc1cc2c(cc1C)CN(c1nnc(-c3cc(C)nc4[nH]cnc34)n1C)CC2,4.454990202992346,challenge
COc1cc2c(cc1NC(=O)Nc1ccccc1)oc1ccccc12,4.492240905132714,veith
COc1cc2c(cc1O)-c1c(O)c(OC)cc3c1[C@H](C2)N(C)CC3,5.1016670343933495,ncgc
COc1cc2c(cc1O)CCN[C@H]2C,4.201669884204322,ncgc
COc1cc2c(cc1O)C[C@@H]1c3c(cc(O)c(OC)c3-2)CCN1C,4.9969534480296955,ncgc;veith
COc1cc2c(cc1O)C[C@H]1c3c(cc(O)c(OC)c3-2)CCN1C,4.6719545630388275,ncgc;veith
COc1cc2c(cc1O)C[C@H]1c3c(cc(OC)c(O)c3-2)CCN1C,4.701667552503337,ncgc
COc1cc2c(cc1O)[C@H]1Cc3ccc(OC)c(O)c3CN1CC2,6.99711144074634,ncgc;veith
COc1cc2c(cc1OC)-c1c(O)c(OC)cc3c1[C@@H](C2)N(C)CC3,4.301670255124509,ncgc
COc1cc2c(cc1OC)-c1c(OC)c(OC)cc3ccnc(c13)C2=O,4.501669380321306,ncgc
COc1cc2c(cc1OC)-c1cc(=Nc3c(C)cc(C)cc3C)n(C)c(=O)n1CC2,3.9969548213840747,ncgc;veith
COc1cc2c(cc1OC)-c1cc(=Nc3c(C)cc(C)cc3C)n(C)c(=O)n1CC2.Cl,4.43441675507263,tox21
COc1cc2c(cc1OC)-c1cc3ccc(OC)c(OC)c3c[n+]1CC2,4.396953559925658,ncgc;veith
COc1cc2c(cc1OC)-c1cc3ccc(OC)c(OC)c3c[n+]1CC2.O.[Cl-],4.369017602251025,tox21
COc1cc2c(cc1OC)/C(=C/C(=O)N1CCOCC1)NC(C)(C)C2.Cl,5.04224135682174,veith
COc1cc2c(cc1OC)C(=O)C(CC1CCN(Cc3ccccc3)CC1)C2.Cl,4.384416994074168,tox21
COc1cc2c(cc1OC)C(=O)Cc1ccc3c(c1CN(C)CC2)OCO3,7.101995658840267,ncgc
COc1cc2c(cc1OC)C(C(C(=O)N(CCc1ccc(OC)c(OC)c1OC)CCc1ccc(OC)c(OC)c1OC)c1ccccc1)=NCC2.Cl,4.634418806116886,tox21
COc1cc2c(cc1OC)C(CCN)=NCC2,5.296954647425311,ncgc;veith
COc1cc2c(cc1OC)C(c1cccs1)N(Cc1cnc(C3CC3)o1)CC2,4.703375952992346,challenge
COc1cc2c(cc1OC)CN(CC(=O)Nc1ccc3c(c1)OCO3)CC2,4.542240874986129,veith
COc1cc2c(cc1OC)CN(Cc1cc(C(F)(F)F)[nH]n1)CC2,5.104487566992345,challenge
COc1cc2c(cc1OC)[C@@H]1C(=O)c3ccc4c(c3O[C@@H]1CO2)C=CC(C)(C)O4,6.69694058165962,ncgc;veith
COc1cc2c(cc1OC)[C@@H]1CC(=O)[C@@H](CC(C)C)CN1CC2,4.484418434588723,tox21
COc1cc2c(cc1OC)[C@@]13CCN4CC5=CCO[C@H]6CC(=O)N2[C@H]1[C@H]6[C@H]5C[C@H]43,3.870379937831447,tox21
COc1cc2c(cc1OC)[C@H](c1ccccc1)CN(C)CC2,4.00166905897837,ncgc
COc1cc2cc(c1Cl)N(C)C(=O)C[C@H](OC(=O)C(C)C)[C@]1(C)O[C@@H]1[C@@H](C)[C@H]1C[C@](O)(NC(=O)O1)[C@@H](OC)/C=C\C=C(\C)C2,4.901666293693565,ncgc
COc1cc2cc3c4c(cc(OC)c(OC)c4c2cc1OC)CCN3C,4.901666293693565,ncgc
COc1cc2ccc(=O)oc2c(O)c1OCC=C(C)C,4.101668763344926,ncgc
COc1cc2ccccc2cc1C(=O)Nc1ccc(OCCn2ccnc2)cc1,6.225275584992346,challenge
COc1cc2nc(N(C)CCCNC(=O)C3CCCO3)nc(N)c2cc1OC.Cl,4.184416982767381,tox21
COc1cc2nc(N3CCN(C(=O)OCc4ccccc4)[C@H](C(=O)NC(C)(C)C)C3)nc(N)c2cc1OC,3.9969548213840747,ncgc;veith
COc1cc2nc(SCc3ccc(Cl)cc3Cl)n(Cc3cccs3)c(=N)c2cc1OC,5.142241126006169,veith
COc1cc2nc3c(c([Si](C)(C)C(C)(C)C)c2cc1OC)Cn1c-3cccc1=O,4.301670255124509,ncgc
COc1cc2nccc(Oc3ccc4c(C(=O)Nc5cccnc5)cccc4c3)c2cc1OC,4.18887992108242,pharmabench
COc1cc2ncnc(Nc3ccc(F)c(Cl)c3)c2cc1OCCCN1CCOCC1,4.279295552033257,challenge;tox21
COc1cc2ncnc(Nc3cccc(Br)c3)c2cc1OC,4.501669380321306,ncgc
COc1cc2ncnc(Nc3cccc(Cl)c3)c2cc1OC,4.223660477839598,ncgc;tox21
COc1cc2oc(-c3ccccc3)cc(=O)c2cc1O,4.00166905897837,ncgc
COc1ccc(-c2c(C)nn(Cc3ccccc3)c2N)cc1,4.442240306846953,veith
COc1ccc(-c2c[n+]3c4n2CCCCC4=C(c2ccccc2)C3)cc1.[Br-],5.242240761051421,veith
COc1ccc(-c2cc(=O)c3c(O)cc(O)cc3o2)cc1,4.396953559925658,ncgc;veith
COc1ccc(-c2cc(=O)oc3cc4occ(C)c4cc23)cc1,6.592241033466911,veith
COc1ccc(-c2cc(C(F)(F)F)nc(NCc3cccnc3)n2)cc1,3.992240583789779,veith
COc1ccc(-c2cc(C(F)F)nn2-c2ccc(S(N)(=O)=O)cc2)cc1F,4.634418806116886,tox21
COc1ccc(-c2cc(CCCC(=O)NCCc3ccc(OC)cc3OC)no2)cc1,5.442240306846952,veith
COc1ccc(-c2cc([C@H](O)[C@@H]3CCCCN3)c3ccccc3n2)cc1,4.9969534480296955,ncgc;veith
COc1ccc(-c2cc3ccccc3n2CC(O)CNCCO)cc1.O=C(O)C(=O)O,5.742241156276297,veith
COc1ccc(-c2ccc(=N)n(CCCC(=O)O)n2)cc1,4.89695369244143,ncgc;veith
COc1ccc(-c2ccc(C(=O)N(C)[C@H]3CCN(C(=O)N4CC[C@@H](NC5CCC(C)(C)CC5)C4)C3)s2)cc1,4.694566917077149,pharmabench
COc1ccc(-c2ccc(NCc3c[nH]nc3C)nc2)cc1Cl,4.837763014992346,challenge
COc1ccc(-c2ccc3c(n2)CCCN3C[C@H](O)CN2CCCc3nc(C)c(C)cc32)cc1,5.001666312269612,ncgc
COc1ccc(-c2ccc3cc(C(=O)O)ccc3c2)cc1C12CC3CC(CC(C3)C1)C2,4.209012380064693,tox21
COc1ccc(-c2ccccc2)cc1NNC(=O)OC(C)C,5.655256682807608,tox21
COc1ccc(-c2cn(Cc3cc(O)n4nccc4n3)nn2)cc1Cl,4.338359739992345,challenge
COc1ccc(-c2cnnn2-c2ccc(NC(=O)c3ccco3)cc2)cc1OC,4.492240905132714,veith
COc1ccc(-c2coc3cc(O)cc(O)c3c2=O)cc1,4.00166905897837,ncgc
COc1ccc(-c2coc3cc(O)ccc3c2=O)cc1,4.501669380321306,ncgc
COc1ccc(-c2coc3cc(OC)cc(O)c3c2=O)cc1,6.942241381558047,veith
COc1ccc(-c2csc(N3C(=N)SCC3=O)n2)cc1,4.442240306846953,veith
COc1ccc(-c2csc3c2[N+]2=CCC=C2C3=O)cc1,4.9969534480296955,ncgc;veith
COc1ccc(-c2n[nH]cc2CN2CCOC3(CCC3)C2)cc1,4.5895688369923455,challenge
COc1ccc(-c2nc(-c3cccc(C(N)=O)c3)no2)c(F)c1,4.548551054992346,challenge
COc1ccc(-c2nc(-c3ccccc3)c(-c3cc([N+](=O)[O-])ccc3C)[nH]2)cc1O,4.04224135682174,veith
COc1ccc(-c2nc(CS(=O)(=O)CC(=O)NCCc3cc(OC)ccc3OC)c(C)o2)cc1,4.942241381558047,veith
COc1ccc(-c2nc3cnc(N4CCN(C)CC4)nc3n(CCc3ccccc3)c2=O)cc1,4.101668763344926,ncgc
COc1ccc(-c2nc3cnc(N4CCNCC4)nc3n(CCc3ccccc3)c2=O)cc1,4.2969560175302135,ncgc;veith
COc1ccc(-c2nc3cnc(N4CCNCC4)nc3n(Cc3cccc(OC)c3)c2=O)cc1,3.9016695663778864,ncgc
COc1ccc(-c2nc3cnc(OC)nc3n(Cc3cccs3)c2=O)cc1,4.596954724317373,ncgc;veith
COc1ccc(-c2nnc(SCc3cccc(C)c3)n2N)cc1,4.342240150210577,veith
COc1ccc(-c2nnn(CC(=O)N(CC(=O)NCCC(C)C)Cc3cccs3)n2)cc1OC,4.442240306846953,veith
COc1ccc(-c2noc(C(C)Cn3ccnc3)n2)cc1,4.508502162992346,challenge
COc1ccc(-c2noc(CCC(=O)N3CCC(c4c[nH]cn4)CC3)n2)cc1,4.989752876992346,challenge
COc1ccc(-c2noc(N(C)CC(=O)Nc3cccc(C(F)(F)F)c3)n2)cc1,3.9422413815580466,veith
COc1ccc(-n2c(=O)c(-c3cc(F)cc(F)c3)nc3cnc(N4CCOCC4)nc32)cc1,4.196955646610027,ncgc;veith
COc1ccc(-n2c(=O)c(-c3ccc(Cl)cc3)nc3cnc(N(C)C)nc32)cc1,5.096953661274842,ncgc;veith
COc1ccc(-n2c(=O)c(-c3ccccc3)nc3cncnc32)cc1,4.101668763344926,ncgc
COc1ccc(-n2c(=O)c(-c3cn(C)c4ccccc34)nc3cnc(N4CCNCC4)nc32)cc1,4.201669884204322,ncgc
COc1ccc(-n2c(=O)c(C)nc3cnc(Oc4cccc(Cl)c4)nc32)cc1,4.101668763344926,ncgc
COc1ccc(-n2c(=O)c(CCc3ccccc3)nc3cnc(OC)nc32)cc1,4.201669884204322,ncgc
COc1ccc(-n2c(=O)cnc3cnc(Oc4cccc(Cl)c4)nc32)cc1,3.9016695663778864,ncgc
COc1ccc(-n2c(O)c(C(C)=NCCCn3ccnc3)c(=O)[nH]c2=O)cc1,5.242240761051421,veith
COc1ccc(-n2cc(CNC(=O)N(C)CCC3CCCCN3C)nn2)cc1,4.595812622992345,challenge
COc1ccc(-n2ccnc2SCC(=O)Nc2ccccc2)cc1,4.242240761051421,veith
COc1ccc(-n2nc(C(F)F)cc2-c2ccc(S(C)=O)cc2)cc1,4.123251823480467,tox21
COc1ccc(-n2nc(CCC(=O)N(C)O)cc2-c2ccc(Cl)cc2)cc1,4.384416994074168,tox21
COc1ccc(-n2nc([N+](=O)[O-])c(=NCCc3ccc(Cl)cc3)n2O)cc1,4.342240150210577,veith
COc1ccc(-n2nnnc2SCC(=O)Nc2ccccc2)cc1,5.092240288156335,veith
COc1ccc(/C(O)=C(\C#N)c2nc3ccccc3n2C)cc1OC,5.292241779935917,veith
COc1ccc(/C=C/C(=O)Nc2cc(C(F)(F)F)ccc2Cl)cc1,5.04224135682174,veith
COc1ccc(/C=C/C(=O)c2ccc[nH]2)cc1,4.215208859804769,pharmabench
COc1ccc(/C=C/C(=O)c2ccccc2O)cc1,5.001666312269612,ncgc
COc1ccc(/C=C/C(=O)c2cccnc2)c(OC)c1OC,4.474846170310525,pharmabench
COc1ccc(/C=C/C(=O)c2cccnc2)cc1OC,5.377936157302469,pharmabench
COc1ccc(/C=C/C(=O)c2ccoc2)cc1,4.092240288156335,veith
COc1ccc(/C=C/C=C/C(=O)c2ccc[nH]2)cc1,4.164056337357388,pharmabench
COc1ccc(/C=C/N(CCc2ccc(OC)c(OC)c2)C(=O)C(F)(F)F)cc1,4.601668415167836,ncgc
COc1ccc(/C=C/NC(=O)Cc2ccc(OC)c(OC)c2)cc1,4.801666983179052,ncgc
COc1ccc(/C=C/c2ccncc2)cc1,4.542240874986129,veith
COc1ccc(/C=N/NC(=O)CCCOc2ccc(Cl)cc2Cl)cc1[N+](=O)[O-],4.492240905132714,veith
COc1ccc(/C=N/NC(=O)Cc2csc(Nc3cccc(C(F)(F)F)c3)n2)c(OC)c1,4.142241126006169,veith
COc1ccc(/C=N/NC(=O)Cc2csc(Nc3cccc(C(F)(F)F)c3)n2)cc1C,4.142241126006169,veith
COc1ccc(/C=N/NC(=O)c2ccccc2)cc1CN1CCN(c2ccc(F)cc2)CC1,4.092240288156335,veith
COc1ccc(/C=N/NC(=O)c2ccncc2)cc1OC,4.3344172940778565,tox21
COc1ccc(/C=N/Nc2nonc2N)cc1,4.092240288156335,veith
COc1ccc(/C=N/n2c(-c3cccs3)n[nH]c2=S)cc1,4.942241381558047,veith
COc1ccc(Br)c(CN(C)C(=O)[C@@H]2CCCN2C(N)=O)c1,5.170880086992345,challenge
COc1ccc(Br)cc1C(=O)Nc1ccc(Cc2ccncc2)cc1,6.892241091189295,veith
COc1ccc(C#CC2C=CC(Oc3cc(C)cc(C)c3)C(CO)O2)cc1,4.901666293693565,ncgc
COc1ccc(C(=O)/C(Br)=C\C(=O)[O-])cc1.[Na+],3.773251730425014,tox21
COc1ccc(C(=O)/C=C2/c3ccccc3CC(C)(C)N2C)cc1,6.04224135682174,veith
COc1ccc(C(=O)C(CCCCC(CN(C)C)C(=O)c2ccc(OC)cc2)CN(C)C)cc1.Cl,4.442240306846953,veith
COc1ccc(C(=O)CC(=O)c2c(O)cc(OC)cc2OC)cc1,5.4016781467766215,ncgc
COc1ccc(C(=O)N/N=C2/SCC(=O)N2Cc2ccc3c(c2)OCO3)cc1OC,4.292241779935917,veith
COc1ccc(C(=O)N2CCC3(CC2)CCN(C(c2ccccc2)c2ccccc2)CC3)cc1,4.396953559925658,ncgc;veith
COc1ccc(C(=O)N2CCC3(CC2)CCN(c2ccncc2)CC3)cc1,4.2969560175302135,ncgc;veith
COc1ccc(C(=O)N2CCC3(CC2)CCN(c2ncccn2)CC3)cc1,4.201669884204322,ncgc
COc1ccc(C(=O)N2CCC3(CC2)CN(Cc2ccc(C#N)cc2)C3)cc1,4.396953559925658,ncgc;veith
COc1ccc(C(=O)N2CCC3(CC2)CN(c2ccc(-c4ccccc4)cc2)C3)cc1,4.2969560175302135,ncgc;veith
COc1ccc(C(=O)N2CCC3(CC2)CN(c2ccncc2)C3)cc1,4.101668763344926,ncgc
COc1ccc(C(=O)N2CCC3(CCCN(Cc4ccccc4)C3)CC2)cc1,4.596954724317373,ncgc;veith
COc1ccc(C(=O)N2CCC3(CCCN(Cc4ccccc4OC)C3)CC2)cc1,4.396953559925658,ncgc;veith
COc1ccc(C(=O)N2CCC3(CCCN(Cc4ccncc4)C3)CC2)cc1,4.396953559925658,ncgc;veith
COc1ccc(C(=O)N2CCC3(CCCN(Cc4nccs4)C3)CC2)cc1,7.097117973498301,ncgc;veith
COc1ccc(C(=O)N2CCC3(CCCN(c4ccncc4)C3)CC2)cc1,4.9969534480296955,ncgc;veith
COc1ccc(C(=O)N2CCC3(CCCN(c4ncccn4)C3)CC2)cc1,4.00166905897837,ncgc
COc1ccc(C(=O)N2CCC3(CCN(CC(C)C)CC3)CC2)cc1,4.201669884204322,ncgc
COc1ccc(C(=O)N2CCC3(CCN(Cc4ccccc4)CC3)CC2)cc1,4.101668763344926,ncgc
COc1ccc(C(=O)N2CCC3(CCN(Cc4ccccc4OC)CC3)CC2)cc1,4.396953559925658,ncgc;veith
COc1ccc(C(=O)N2CCCC2=O)cc1,3.9969548213840747,ncgc;veith
COc1ccc(C(=O)N2CCC[C@@]3(CCN(CC(C)C)C3)C2)cc1,4.2969560175302135,ncgc;veith
COc1ccc(C(=O)N2CCC[C@@]3(CCN(Cc4ccccc4)C3)C2)cc1,4.596954724317373,ncgc;veith
COc1ccc(C(=O)N2CCC[C@@]3(CCN(Cc4ccccc4OC)C3)C2)cc1,5.596962925619413,ncgc;veith
COc1ccc(C(=O)N2CCC[C@@]3(CCN(c4ncccn4)C3)C2)cc1,3.9016695663778864,ncgc
COc1ccc(C(=O)NC(=S)NNC(=O)CCc2ccccc2)cc1,4.292241779935917,veith
COc1ccc(C(=O)NC(C)Cc2ccccn2)cc1OC1CCN(C(C)C)CC1,3.986359551586289,pharmabench
COc1ccc(C(=O)NC(NC(=S)Nc2ccc(S(N)(=O)=O)cc2)C(Cl)(Cl)Cl)cc1,4.492240905132714,veith
COc1ccc(C(=O)NC2CC3CCCC(C2)N3CC(C)C)cc1OC,4.842240508595863,veith
COc1ccc(C(=O)NCC(=O)Nc2ccccc2-c2nc(C)c[nH]2)cc1OC,4.869741979992345,challenge
COc1ccc(C(=O)NCC(C)(C)N2CCN(C)CC2)c(OC(C)C)c1,5.703062474992346,challenge
COc1ccc(C(=O)NCC(c2ccc(F)cc2)N2CCOCC2)cc1S(=O)(=O)N1CCCC1,4.292241779935917,veith
COc1ccc(C(=O)NCC2OCCc3ccccc32)cc1,4.792241107578132,veith
COc1ccc(C(=O)NCCCN2CCOCC2)cc1OC,5.192241409015731,veith
COc1ccc(C(=O)NN)cc1COc1ccc(Br)cc1,4.3922393223313625,veith
COc1ccc(C(=O)Nc2cc(OC)cc(OC)c2)cc1,4.642240772861618,veith
COc1ccc(C(=O)Nc2ccc(Cl)cc2C(=O)NCCN2CCOCC2)cc1,5.3922393223313625,veith
COc1ccc(C(=O)Nc2ccc(Cl)cn2)cc1Cl,4.942241381558047,veith
COc1ccc(C(=O)Nc2ccc(OCC(F)(F)C(F)F)c(C(F)(F)F)c2)cc1OC,4.142241126006169,veith
COc1ccc(C(=O)Nc2ccccc2)cc1[N+](=O)[O-],3.9697204906210493,tox21
COc1ccc(C(=O)Nc2n[nH]c(-c3ccncc3)n2)cc1,5.142241126006169,veith
COc1ccc(C(=O)OC(C)CN2CCN(C)CC2)cc1OC.Cl,4.942241381558047,veith
COc1ccc(C(=O)OC2C[C@H]3CC[C@@H](C2)N3C)cc1OC,5.4969551427270105,ncgc;veith
COc1ccc(C(=O)c2c(C)n(CCN3CCOCC3)c3ccccc23)cc1,4.384416994074168,tox21
COc1ccc(C(=O)c2ccccc2)c(O)c1,4.401667797519954,ncgc
COc1ccc(C(=O)c2ccccc2O)c(O)c1,3.7743157553591695,tox21
COc1ccc(C(C(=O)NC2CCCCC2)N2CCC3(CC2)OCCO3)cc1,5.992240583789779,veith
COc1ccc(C(C)NC(=O)N2CCCCCC2c2ccncc2)cc1F,4.738641597992346,challenge
COc1ccc(C(CC(=O)Nc2ccc(F)cc2)c2ccccc2)cc1,4.642240772861618,veith
COc1ccc(C(CCO)NC(=O)NCCc2c[nH]c3ccccc23)cc1,4.336022459992345,challenge
COc1ccc(C(CN(C)C)C2(O)CCCCC2)cc1,4.534418069800762,tox21
COc1ccc(C(CN(C)C)C2(O)CCCCC2)cc1.Cl,4.323252804087656,tox21
COc1ccc(C(CNC(=O)[C@@H]2C[C@H]2C(F)(F)F)c2c[nH]c3ccccc23)cc1,4.583312499992346,challenge
COc1ccc(C(CNC(=O)c2cc(=O)[nH]c3ccccc23)N2CCCC2)cc1,4.342240150210577,veith
COc1ccc(C(Cl)=C(c2ccc(OC)cc2)c2ccc(OC)cc2)cc1,4.275025822164284,tox21
COc1ccc(C(O)c2nccn2Cc2ccccc2)cc1,4.492240905132714,veith
COc1ccc(C(c2ccc(OC)cc2)C(Cl)(Cl)Cl)cc1,4.075737511935232,tox21
COc1ccc(C)cc1,4.223252007786247,tox21
COc1ccc(C)cc1N,4.180618246354663,tox21
COc1ccc(C)cc1S(=O)(=O)N1CCN(C2CCOCC2)C[C@H]1C,5.002702149992346,challenge
COc1ccc(C)nc1NC(=O)N1CCCc2ccccc2CC1,4.656171999992345,challenge
COc1ccc(C2(C)NC(=O)N(CC(=O)Nc3ccc4c(c3)OCO4)C2=O)cc1OC,4.292241779935917,veith
COc1ccc(C2(NC(=O)C3Cc4ccccc43)CC2)cc1,4.520393209992346,challenge
COc1ccc(C2=NC(c3ccc(Cl)cc3F)C(C(=O)Nc3ccc4[nH]ncc4c3)=C(C)N2)cc1,6.118298846796713,pharmabench
COc1ccc(C2=NC(c3ccc(Cl)cc3F)C(C(=O)Nc3ccc4[nH]ncc4c3)=C(C)N2)cn1,5.340147596413069,pharmabench
COc1ccc(C2=NN(C)C(=NCc3ccccc3)SC2)cc1,4.742241156276297,veith
COc1ccc(C2=NOC(CNC(C)C(C)OC)C2)cc1F,5.2164348299923455,challenge
COc1ccc(C2=Nc3cccc4cccc(c34)N2)cc1,5.342240150210578,veith
COc1ccc(C2C(=O)N(CCc3ccccc3)CC(=O)N2C2CCCC2)cc1,4.342240150210577,veith
COc1ccc(C2C3=C(CC(C)(C)CC3=O)Oc3ncn(CC(C)C)c(=N)c32)cc1,5.492240905132714,veith
COc1ccc(C2CC(C)N(CC(=O)NCC(F)(F)F)C2)cc1,4.563222209992346,challenge
COc1ccc(C2CC(c3ccccc3)=NN2C(=O)Cn2cnc(C)c2C)cc1,4.223028344992346,challenge
COc1ccc(C2CCN(C(=O)c3cnc4sccn4c3=O)CC2)cn1,4.410097461992346,challenge
COc1ccc(C2N=C(N)N=C(N)N2c2ccccc2OC)cc1OC.Cl,4.642240772861618,veith
COc1ccc(C2NC(=S)NC3=C2CCc2cc(OC)ccc23)cc1,4.792241107578132,veith
COc1ccc(C2NCc3ccc4c(c3-n3cccc32)OCO4)cc1OC.Cl,5.892241091189295,veith
COc1ccc(C2Nc3ccccc3C(=O)N2Cc2ccco2)cc1COc1ccc([N+](=O)[O-])cc1,4.892241091189295,veith
COc1ccc(C2c3c(ncn(CCN4CCOCC4)c3=N)Oc3ccc4ccccc4c32)cc1OC,4.292241779935917,veith
COc1ccc(C=O)cc1COc1ccc(C)cc1[N+](=O)[O-],4.342240150210577,veith
COc1ccc(C=O)cc1OC,4.018315074397287,tox21
COc1ccc(CC(=O)NC(c2ccc(F)c(F)c2)C(C)(C)N2CCCC2)cc1,5.373045544992346,challenge
COc1ccc(CC(=O)Nc2cccc(-c3nnc(-c4ccco4)o3)c2)cc1,4.192241409015731,veith
COc1ccc(CC(C)(CO)NCc2c3c(nn2C)CCSC3)cc1,5.225372407992346,challenge
COc1ccc(CC(C)C(=O)N2CCC(c3cccc4cnccc34)CC2)cc1,6.446488672992346,challenge
COc1ccc(CCC(C)NC2C3CC4CC(C3)CC2C4)cc1,4.942241381558047,veith
COc1ccc(CCC(C)Nc2cccc(F)c2)cc1,4.492240905132714,veith
COc1ccc(CCCC(=O)NC2CCCCC2)cc1,4.492240905132714,veith
COc1ccc(CCCOc2cc(CCn3ccnc3)ccc2OC)cc1,6.196983944657134,ncgc;veith
COc1ccc(CCN(C)C(=O)CN2CC(C)(C)C2(C)C)cc1OC,4.257312952992345,challenge
COc1ccc(CCN(C)CCCC(C#N)(c2cc(OC)c(OC)c(OC)c2)C(C)C)cc1OC.Cl,4.252973026782352,tox21
COc1ccc(CCN(C)CCCC(C#N)(c2ccc(OC)c(OC)c2)C(C)C)cc1OC,3.7828409461073287,pharmabench
COc1ccc(CCN(C)CCCC(C#N)(c2ccc(OC)c(OC)c2)C(C)C)cc1OC.Cl,4.023960603731556,tox21
COc1ccc(CCN(C)CCc2ccc(OC)c(OC)c2)cc1OC,4.296953875290262,ncgc;veith
COc1ccc(CCN(C)Cc2ccc(OCc3ccccc3)c(OC)c2)cc1OC,4.342240150210577,veith
COc1ccc(CCN2C(=O)C(Oc3ccccc3C)C2c2ccc3c(c2)OCO3)cc1OC,4.342240150210577,veith
COc1ccc(CCN2CCC(Nc3nc4ccccc4n3Cc3ccc(F)cc3)CC2)cc1,4.697630584774733,ncgc;tox21;veith
COc1ccc(CCN=C2NCCCCN2)c(Cl)c1OC,4.611720637992346,challenge
COc1ccc(CCNC(=O)C2CCCN(Cc3nc(-c4cccc(Cl)c4)oc3C)C2)cc1OC,4.3922393223313625,veith
COc1ccc(CCNC(=O)CCCCCN2C(=O)c3ccccc3C2=O)cc1,4.792241107578132,veith
COc1ccc(CCNC(=O)COc2ccc(S(=O)(=O)NC3CCCCC3)cc2Cl)cc1,4.292241779935917,veith
COc1ccc(CCNC(=O)N2CCC[C@H]2CN2CCOCC2)cc1F,4.284685696992345,challenge
COc1ccc(CCNC(=O)c2cc(-c3cc(Cl)cc(Cl)c3)oc2C)cc1,6.04224135682174,veith
COc1ccc(CCNC(=O)c2n[nH]c(=O)c3ccccc23)cc1,4.792241107578132,veith
COc1ccc(CCNCC(O)COc2cccc(C)c2)cc1OC,5.111952794992345,challenge
COc1ccc(CCNc2c(C)c(C)nc3ncnn23)cc1,4.992240583789779,veith
COc1ccc(CCNc2ccncn2)cc1.Cl,4.992240583789779,veith
COc1ccc(CCNc2nc(-c3cccnc3)cs2)cc1OC,4.642240772861618,veith
COc1ccc(CCn2c(=N)c(C(=O)NCc3ccco3)cc3c(=O)n4ccccc4nc32)cc1,5.442240306846952,veith
COc1ccc(CN(C)C(=O)NCc2cccnc2-n2ccnc2)cc1,5.757379194992346,challenge
COc1ccc(CN(CCN(C)C)c2ccccn2)cc1,6.271789462687753,ncgc;tox21;veith
COc1ccc(CN(CCN(C)C)c2ccccn2)cc1.O=C(O)/C=C\C(=O)O,6.2272523137582025,tox21
COc1ccc(CN(CCN(C)C)c2ncccn2)cc1.Cl,5.73440653898988,tox21
COc1ccc(CN2CC(C(=O)NCCC3=CCCCC3)CC2=O)cc1,4.342240150210577,veith
COc1ccc(CN2CCN(C(=O)c3cccs3)CC2)cc1Br,4.542240874986129,veith
COc1ccc(CN2CCN(C(c3ccc(F)cc3)c3ccc(F)cc3)CC2)c(OC)c1OC.Cl.Cl,4.884412652001449,tox21
COc1ccc(CN2CN=C(Nc3nc4ccccc4s3)NC2)cc1,4.592241033466911,veith
COc1ccc(CNC(=O)C2CC(c3cccc([N+](=O)[O-])c3)=NO2)cc1,4.792241107578132,veith
COc1ccc(CNC(=O)C2CCN(C(=O)N3CCOc4ccc(C)cc43)CC2)cc1,4.3922393223313625,veith
COc1ccc(CNC(=O)CNC(=O)CCCc2c[nH]c3ccccc23)cc1,4.609183164992346,challenge
COc1ccc(CNC(=O)N2CCC(C)C(n3ccnc3)C2)cc1F,5.583346702992346,challenge
COc1ccc(CNC(=O)[C@H](C)[C@@H]2C[C@@]2(C)[C@@H](NC(=O)OCc2ccccc2)c2ccccc2)cc1OC,4.4969551427270105,ncgc;veith
COc1ccc(CNC(=O)[C@H](C)[C@H]2C[C@]2(C)[C@H](NC(=O)OCc2ccccc2)c2ccccc2)cc1OC,4.4969551427270105,ncgc;veith
COc1ccc(CNC(=O)c2csc(Cc3ccc(Cl)cc3)n2)cc1,4.342240150210577,veith
COc1ccc(CNCCC(c2ccc(OC(C)C)cc2)C(C)C)cc1OC,6.092240288156335,veith
COc1ccc(CNCCc2ccccc2)cc1OCC(N)=O,5.892241091189295,veith
COc1ccc(CN[C@H]2CN(C(=O)OC(C)(C)C)C[C@H]2O)cc1O,4.098416346992345,challenge
COc1ccc(CNc2cc(-c3cccc(C#N)c3)ncn2)c(OC)c1,4.396953559925658,ncgc;veith
COc1ccc(CNc2cc(-c3cccc(NS(C)(=O)=O)c3)ncn2)c(OC)c1,3.9016695663778864,ncgc
COc1ccc(CNc2cc(-c3ccccc3C)ncn2)c(OC)c1,4.2969560175302135,ncgc;veith
COc1ccc(CNc2cc(-c3ccccc3CN(C)C)ncn2)c(OC)c1,4.396953559925658,ncgc;veith
COc1ccc(CNc2cc(-c3ccccc3Cl)ncn2)c(OC)c1,3.9016695663778864,ncgc
COc1ccc(CNc2cc(-c3ccccc3OC)ncn2)c(OC)c1,4.4969551427270105,ncgc;veith
COc1ccc(CNc2cc(-c3cccnc3)ncn2)c(OC)c1,3.9016695663778864,ncgc
COc1ccc(CNc2cc(-c3ccoc3)ncn2)c(OC)c1,4.396953559925658,ncgc;veith
COc1ccc(CNc2ccnc(-c3c(C)noc3C)n2)c(OC)c1,3.9016695663778864,ncgc
COc1ccc(CNc2ccnc(-c3ccc(N(C)C)cc3)n2)c(OC)c1,4.396953559925658,ncgc;veith
COc1ccc(CNc2ccnc(-c3ccc4c(c3)OCO4)n2)c(OC)c1,4.4969551427270105,ncgc;veith
COc1ccc(CNc2ccnc(-c3cccc(C#N)c3)n2)c(OC)c1,4.396953559925658,ncgc;veith
COc1ccc(CNc2ccnc(-c3cccc(NS(C)(=O)=O)c3)n2)c(OC)c1,4.396953559925658,ncgc;veith
COc1ccc(CNc2ccnc(-c3ccccc3CN(C)C)n2)c(OC)c1,5.4969551427270105,ncgc;veith
COc1ccc(CNc2ccnc(-c3ccccc3Cl)n2)c(OC)c1,3.9016695663778864,ncgc
COc1ccc(CNc2ccnc(-c3ccccc3OC)n2)c(OC)c1,4.89695369244143,ncgc;veith
COc1ccc(CNc2ccnc(-c3cccnc3)n2)c(OC)c1,4.4969551427270105,ncgc;veith
COc1ccc(CNc2ccnc(-c3ccoc3)n2)c(OC)c1,4.196955646610027,ncgc;veith
COc1ccc(CNc2nc(-c3ccc(N(C)C)cc3)nc3ccccc23)c(OC)c1,4.101668763344926,ncgc
COc1ccc(CNc2nc(-c3ccc4c(c3)OCO4)nc3ccccc23)c(OC)c1,4.396953559925658,ncgc;veith
COc1ccc(CNc2nc(-c3cccc(C#N)c3)nc3ccccc23)c(OC)c1,4.89695369244143,ncgc;veith
COc1ccc(CNc2nc(-c3cccc(NS(C)(=O)=O)c3)nc3ccccc23)c(OC)c1,4.396953559925658,ncgc;veith
COc1ccc(CNc2nc(-c3ccccc3CN(C)C)nc3ccccc23)c(OC)c1,4.4969551427270105,ncgc;veith
COc1ccc(CNc2nc(-c3ccccc3OC)nc3ccccc23)c(OC)c1,4.9969534480296955,ncgc;veith
COc1ccc(CNc2nc(-c3cccnc3)nc3ccccc23)c(OC)c1,4.4969551427270105,ncgc;veith
COc1ccc(CNc2nc(-c3ccoc3)nc3ccccc23)c(OC)c1,4.396953559925658,ncgc;veith
COc1ccc(CNc2nc3ccccc3n2Cc2ccccc2)cc1OC,5.592241033466911,veith
COc1ccc(CNc2ncnc3ccc(-c4c(C)noc4C)cc23)c(OC)c1,4.2969560175302135,ncgc;veith
COc1ccc(CNc2ncnc3ccc(-c4ccc(C(=O)N(C)C)cc4)cc23)c(OC)c1,4.196955646610027,ncgc;veith
COc1ccc(CNc2ncnc3ccc(-c4ccc(N(C)C)cc4)cc23)c(OC)c1,4.101668763344926,ncgc
COc1ccc(CNc2ncnc3ccc(-c4ccc5c(c4)OCO5)cc23)c(OC)c1,5.096953661274842,ncgc;veith
COc1ccc(CNc2ncnc3ccc(-c4cccc(NS(C)(=O)=O)c4)cc23)c(OC)c1,4.4969551427270105,ncgc;veith
COc1ccc(CNc2ncnc3ccc(-c4ccccc4CN(C)C)cc23)c(OC)c1,5.396958734553992,ncgc;veith
COc1ccc(CNc2ncnc3ccc(-c4cccnc4)cc23)c(OC)c1,4.4969551427270105,ncgc;veith
COc1ccc(CNc2ncnc3ccc(-c4ccoc4)cc23)c(OC)c1,4.4969551427270105,ncgc;veith
COc1ccc(CNc2ncncc2-c2ccc(C(=O)N(C)C)cc2)c(OC)c1,4.196955646610027,ncgc;veith
COc1ccc(CNc2ncncc2-c2ccc(N(C)C)cc2)c(OC)c1,4.4969551427270105,ncgc;veith
COc1ccc(CNc2ncncc2-c2ccc3c(c2)OCO3)c(OC)c1,5.596962925619413,ncgc;veith
COc1ccc(CNc2ncncc2-c2cccc(C#N)c2)c(OC)c1,4.796954045378592,ncgc;veith
COc1ccc(CNc2ncncc2-c2cccc(NS(C)(=O)=O)c2)c(OC)c1,4.096954525750631,ncgc;veith
COc1ccc(CNc2ncncc2-c2ccccc2C(F)(F)F)c(OC)c1,5.896959146963251,ncgc;veith
COc1ccc(CNc2ncncc2-c2ccccc2C)c(OC)c1,4.396953559925658,ncgc;veith
COc1ccc(CNc2ncncc2-c2ccccc2CN(C)C)c(OC)c1,5.096953661274842,ncgc;veith
COc1ccc(CNc2ncncc2-c2ccccc2Cl)c(OC)c1,5.7969497127886624,ncgc;veith
COc1ccc(CNc2ncncc2-c2ccccc2OC)c(OC)c1,4.396953559925658,ncgc;veith
COc1ccc(CNc2ncncc2-c2cccnc2)c(OC)c1,4.2969560175302135,ncgc;veith
COc1ccc(CNc2ncncc2-c2ccoc2)c(OC)c1,4.596954724317373,ncgc;veith
COc1ccc(CNn2c(C)nc3ccccc3c2=O)cc1,4.092240288156335,veith
COc1ccc(COC(=O)N/N=C2/C[C@@H](O)[C@@H](O)[C@@H]3[C@@H]4C(=O)N(c5cccc(Oc6ccccc6)c5)C(=O)[C@H]4CC[C@@H]23)cc1,5.001666312269612,ncgc
COc1ccc(COC(=O)N/N=C2/C[C@@H](O)[C@@H](O)[C@@H]3[C@@H]4C(=O)N(c5cccc(Oc6ccccc6)c5)C(=O)[C@H]4CC[C@H]23)cc1,5.096953661274842,ncgc;veith
COc1ccc(C[C@@H](N)c2ccc(OC)cc2)cc1,5.69694058165962,ncgc;veith
COc1ccc(C[C@@H]2NC[C@H](O)[C@@H]2OC(C)=O)cc1,4.4969551427270105,ncgc;veith
COc1ccc(C[C@@H]2NC[C@H](O)[C@H]2OC(C)=O)cc1,4.201669884204322,ncgc
COc1ccc(C[C@H](C)CN2C[C@@H]3CCCC[C@@H]3[C@H](C(=O)N3CCN(c4ccc(F)c(F)c4)CC3)C2)cn1,4.6064154858178386,pharmabench
COc1ccc(C[C@H](C)NC[C@@H](O)c2ccc(O)c(NC=O)c2)cc1,5.196951293391612,ncgc;veith
COc1ccc(C[C@H](O)CN2CCOCC2)cc1,4.9969534480296955,ncgc;veith
COc1ccc(C[C@H]2NC[C@H](O)[C@@H]2OC(C)=O)cc1,4.596954724317373,ncgc;veith
COc1ccc(C[C@H]2c3cc(OC)c(OC)cc3CCN2C)cc1OC,4.621954408626857,ncgc;veith
COc1ccc(Cc2nccc3cc(OC)c(OC)cc23)cc1OC,4.446954351326334,ncgc;veith
COc1ccc(Cc2nccc3cc(OC)c(OC)cc23)cc1OC.Cl,4.3344172940778565,tox21
COc1ccc(Cl)c2c1CCCC2NCc1nnc(C(C)C)[nH]1,4.7955144619923455,challenge
COc1ccc(Cl)cc1C(=O)NCCc1ccc(S(=O)(=O)NC(=O)NC2CCCCC2)cc1,4.2223874378430954,ncgc;tox21;veith
COc1ccc(Cl)cc1CNC(=O)N1CCN(CC(C)(C)O)CC1C,4.455343454992346,challenge
COc1ccc(Cl)cc1N1CCC(NC(=O)NCC2C(C)(C)C2(F)F)C1,5.152435897992346,challenge
COc1ccc(Cl)cc1N=Nc1ncc[nH]1,5.096953661274842,ncgc;veith
COc1ccc(Cn2c(=O)n(C3CCN(C(=O)C4CCN(Cc5ccncc5)CC4)CC3)c3ccccc32)cc1,4.118298846796713,pharmabench
COc1ccc(Cn2c(N)c(C(=O)NCc3ccco3)c3nc4ccccc4nc32)cc1,4.342240150210577,veith
COc1ccc(Cn2c(N3CCC(N(C)CC4CCOCC4)CC3)nc3ccccc32)cc1,4.506310158712734,pharmabench
COc1ccc(Cn2c(N3CCC(NCC4CCOCC4)CC3)nc3ccccc32)cc1,4.206901509734103,pharmabench
COc1ccc(Cn2c(N3CCC(n4cc(C)cn4)CC3)nc3ccccc32)cc1,4.554877095302511,pharmabench
COc1ccc(Cn2c(SCc3ccccc3C)nc3cc(OC)c(OC)cc3c2=N)cc1,5.3922393223313625,veith
COc1ccc(Cn2c([C@H]3CNCCS3)nc3ccccc32)cc1,4.737522852514622,pharmabench
COc1ccc(F)cc1C(=O)NC1CCN(c2ncccc2Cl)C1,4.493134059992346,challenge
COc1ccc(F)cc1C(=O)NCc1ccc(-n2ccnc2)nc1,5.837149989992346,challenge
COc1ccc(N(C(=O)Cn2nnc3ccccc32)C2(C(=O)NC3CCCC3)CCCCC2)cc1,4.442240306846953,veith
COc1ccc(N(CC(=O)NCc2cccc(OC)c2)S(=O)(=O)c2c(C)noc2C)cc1,4.342240150210577,veith
COc1ccc(N(Cc2c(C(F)(F)F)nn(C)c2Cl)S(=O)(=O)c2ccccc2)cc1,4.492240905132714,veith
COc1ccc(N(Cc2cccs2)C(=O)CC2CCNCC2)cc1,4.876218181992345,challenge
COc1ccc(N)c(C)c1,4.349139429749389,tox21
COc1ccc(N)c(OC)c1,4.372897114273219,tox21
COc1ccc(N)c(OC)c1.Cl,5.490204185247749,tox21
COc1ccc(N)c([N+](=O)[O-])c1,3.9732520511108227,tox21
COc1ccc(N)cc1,4.064782415223932,tox21
COc1ccc(N)cc1.Cl,4.301819540964465,tox21
COc1ccc(N)cc1N.O.O=S(=O)(O)O,4.341005118208122,tox21
COc1ccc(N2C(N)=NC(N)=NC2(C)C)cc1.Cl,4.342240150210577,veith
COc1ccc(N2CCN(C(CNC(=O)C3CCCCC3)c3cccnc3)CC2)cc1,5.942241381558047,veith
COc1ccc(N2CCc3c(C)nc4c(OC)cc(OC)cc4c32)c(OC)c1,6.492240905132714,veith
COc1ccc(NC(=O)/C=C\c2ccc(Cl)cc2)cc1,4.101668763344926,ncgc
COc1ccc(NC(=O)CCC(C)CN(C)C)cc1-n1cnnn1,4.5437547399923455,challenge
COc1ccc(NC(=O)CSc2nc(C)c3c(c2C#N)CCCC3)cc1,5.142241126006169,veith
COc1ccc(NC(=O)CSc2nc3ccccc3c(=O)n2CCC(=O)N2CCCCC2)cc1,4.292241779935917,veith
COc1ccc(NC(=O)CSc2nnc(Cc3cccn3C)n2CCc2ccccc2)c(OC)c1,4.892241091189295,veith
COc1ccc(NC(=O)N2CC3(CCN(C(C)=O)CC3)C2)cc1,4.396953559925658,ncgc;veith
COc1ccc(NC(=O)N2CCC3(CC2)CCN(C(=O)Oc2ccccc2)CC3)cc1,4.596954724317373,ncgc;veith
COc1ccc(NC(=O)N2CCC3(CC2)CCN(S(=O)(=O)c2ccccc2)CC3)cc1,4.101668763344926,ncgc
COc1ccc(NC(=O)N2CCCC3(CCN(C(=O)c4c(C)noc4C)CC3)C2)cc1,4.4969551427270105,ncgc;veith
COc1ccc(NC(=O)N2CCCC3(CCN(S(=O)(=O)c4ccccc4)CC3)C2)cc1,4.301670255124509,ncgc
COc1ccc(NC(=O)N2CC[C@@]3(CCCN(C(=O)Oc4ccccc4)C3)C2)cc1,4.696954347372703,ncgc;veith
COc1ccc(NC(=O)N2CC[C@@]3(CCCN(C(=O)c4cnccn4)C3)C2)cc1,3.9016695663778864,ncgc
COc1ccc(NC(=O)NC2CC3CCCC(C2)N3Cc2ccccc2)cc1,4.442240306846953,veith
COc1ccc(NC(=O)NCCCN2CCCCC2C)cc1,5.292241779935917,veith
COc1ccc(NC(=O)OC(C)C)cc1,3.9422413815580466,veith
COc1ccc(NC(=O)c2c(C(F)(F)F)nn(C)c2SCc2ccccc2)cc1,4.342240150210577,veith
COc1ccc(NC(=O)c2ccc(-c3ccc(-c4noc(C)n4)cc3C)cc2)cc1N1CCN(C)CC1,4.051669725291104,ncgc
COc1ccc(NC(=O)c2ccc(-c3ccc(-c4noc(C)n4)cc3C)cc2)cc1OCCN(C)C,4.396953559925658,ncgc;veith
COc1ccc(NC(=O)c2ccc(C)cc2Cl)c([N+](=O)[O-])c1,5.542240874986129,veith
COc1ccc(NC(=S)N(CCc2nc3cc(C)c(C)cc3[nH]2)Cc2cccnc2)cc1,4.442240306846953,veith
COc1ccc(NC(C)=O)cc1,4.261340751366824,tox21
COc1ccc(NC(C)=O)cc1NC(=O)CN1CCN(C2c3ccccc3-c3ccccc32)CC1,4.292241779935917,veith
COc1ccc(NC2=NCC(=O)N2Cc2cccs2)cc1.Cl,4.342240150210577,veith
COc1ccc(NC2=Nc3cccc4cccc2c34)cc1OC,4.892241091189295,veith
COc1ccc(Nc2ccccc2)c(C)c1,3.9732520511108227,tox21
COc1ccc(Nc2nc(C(=O)NC(C)c3cccc(N4CCNC4=O)c3)cs2)cc1,4.461706176992346,challenge
COc1ccc(Nc2nc(N)nc(CN(C)C3CCCCC3)n2)cc1,4.642240772861618,veith
COc1ccc(Nc2nc(N3CCCCC3)c3ccccc3n2)cc1,5.292241779935917,veith
COc1ccc(Nc2ncnc3sc(-c4ccccc4)cc23)cc1,4.04224135682174,veith
COc1ccc(O)cc1,4.089444123572366,tox21
COc1ccc(OC(F)(F)F)c(C(=O)Nc2cc3c(cc2C)OCO3)c1,4.967951261992345,challenge
COc1ccc(OC(F)(F)F)cc1CN[C@H]1CCCN[C@H]1c1ccccc1,6.973414200981474,tox21
COc1ccc(OC)c(-c2cc(C(=O)O)c3cc4ccccc4cc3n2)c1,4.89695369244143,ncgc;veith
COc1ccc(OC)c(C(=O)CSc2nnc(Cc3cccs3)n2CCc2ccccc2)c1,4.742241156276297,veith
COc1ccc(OC)c(CC(C)N)c1.Cl,4.742357449578294,tox21
COc1ccc(OC)c(CN(C(=O)C2CN(C)CCO2)C2CC2)c1,4.555777322992346,challenge
COc1ccc(OC)c(Cl)c1,4.023251954306619,tox21
COc1ccc(OC)c(N2CC(O)=C(c3nc4ccccc4s3)C2=N)c1,4.942241381558047,veith
COc1ccc(OC)c(NC(=O)CC(C)=O)c1,4.073252490208837,tox21
COc1ccc(OC)c(S(=O)(=O)N2CCC(C(=O)NCCc3ccccc3)CC2)c1,5.142241126006169,veith
COc1ccc(OC)c([C@H](O)[C@H](C)N)c1,4.901666293693565,ncgc
COc1ccc(OC2C(O)COC2/C=C/C#Cc2ccc(F)cc2F)cc1,4.601668415167836,ncgc
COc1ccc(OC2C=CC(C#Cc3ccc(F)cc3F)OC2CO)cc1,4.901666293693565,ncgc
COc1ccc(OC2C=CC(c3ccccc3)OC2CO)cc1,4.701667552503337,ncgc
COc1ccc(OCC2CC3C(CCC(C)C3c3ccc(Br)cc3)C(=O)O2)cc1,4.601668415167836,ncgc
COc1ccc(OCC2CN3C(CCC(C)C3c3ccc(Br)cc3)C(=O)O2)cc1,4.601668415167836,ncgc
COc1ccc(OCCn2c(C)c(/C=N/n3cnnc3)c3ccccc32)cc1,4.892241091189295,veith
COc1ccc(OCCn2cc(/C(N)=N/O)c3ccccc32)cc1,4.592241033466911,veith
COc1ccc(O[C@H]2C=C[C@@H](c3ccccc3)O[C@@H]2CO/N=C(\C)CCN2CCCCc3nc(C)c(C)cc32)cc1,4.89695369244143,ncgc;veith
COc1ccc(O[C@H]2C=C[C@@H](c3ccccc3)O[C@@H]2CO/N=C(\C)CCN2CCCc3nc(C)c(C)cc32)cc1,4.9969534480296955,ncgc;veith
COc1ccc(O[C@H]2C=C[C@@H](c3ccccc3)O[C@H]2CO/N=C2/[C@H]3O[C@@H]3[C@@H](O)[C@H]3[C@H]2CCn2c(=O)n(-c4ccccc4)c(=O)n23)cc1,4.901666293693565,ncgc
COc1ccc(O[C@H]2C=C[C@@H](c3ccccc3)O[C@H]2COC(=O)CC/C(C)=N/OCC[C@@H]2C=C[C@H](OC(C)=O)[C@H](COC(C)=O)O2)cc1,5.596962925619413,ncgc;veith
COc1ccc(O[C@H]2C=C[C@@H](c3ccccc3)O[C@H]2COC(=O)CC/C(C)=N/O[C@@H]2O[C@H](COC(C)=O)[C@H](OC(C)=O)[C@H](OC(C)=O)[C@H]2OC(C)=O)cc1,4.9969534480296955,ncgc;veith
COc1ccc(O[C@H]2C=C[C@@H](c3ccccc3)O[C@H]2COC(=O)CC/C(C)=N\O[C@@H](C)CN2CCCCc3nc(C)c(C)cc32)cc1,4.901666293693565,ncgc
COc1ccc(O[C@H]2C=C[C@@H](c3ccccc3)O[C@H]2COC(=O)CC/C(C)=N\O[C@@H](C)CN2CCCc3nc(C)c(C)cc32)cc1,4.9969534480296955,ncgc;veith
COc1ccc(O[C@H]2C=C[C@@H](c3ccccc3)O[C@H]2COC(=O)CC/C(C)=N\O[C@@H](C)c2cn([C@H](CO)Cc3ccccc3)nn2)cc1,4.901666293693565,ncgc
COc1ccc(O[C@H]2C=C[C@@H](c3ccccc3)O[C@H]2COC(=O)CC/C(C)=N\O[C@@H](C)c2cn([C@H]3COC[C@H]3O)nn2)cc1,4.601668415167836,ncgc
COc1ccc(O[C@H]2C=C[C@@H](c3ccccc3)O[C@H]2COC(=O)N2CCCCC2)cc1,4.901666293693565,ncgc
COc1ccc(O[C@H]2C=C[C@@H](c3ccccc3)O[C@H]2COC(=O)NCc2cccc3ccccc23)cc1,4.601668415167836,ncgc
COc1ccc(Oc2ncc3nc(C)c(=O)n(-c4ccccc4)c3n2)cc1,3.9016695663778864,ncgc
COc1ccc(Oc2ncc3nc(C)c(=O)n(C4CC4)c3n2)cc1,4.101668763344926,ncgc
COc1ccc(Oc2ncc3nc(C)c(=O)n(Cc4ccc(F)cc4)c3n2)cc1,4.89695369244143,ncgc;veith
COc1ccc(Oc2ncc3nc(C)c(=O)n(Cc4cccs4)c3n2)cc1,4.101668763344926,ncgc
COc1ccc(Oc2ncc3ncc(=O)n(Cc4cccs4)c3n2)cc1,3.9016695663778864,ncgc
COc1ccc(S(=O)(=O)/N=C2/C=CC(=O)C(C)=C2C)cc1,4.092240288156335,veith
COc1ccc(S(=O)(=O)N2C(=O)[C@@](c3ccccc3OC)(N3C[C@H](O)C[C@H]3C(=O)N(C)C)c3cc(Cl)ccc32)c(OC)c1,3.773251730425014,tox21
COc1ccc(S(=O)(=O)N2CC3C4C=CC(C4)C3C2)cc1,4.292241779935917,veith
COc1ccc(S(=O)(=O)N2CCC(N3CCCCC3)CC2)cc1,5.992240583789779,veith
COc1ccc(S(=O)(=O)N2CCCCCC2)cc1NS(=O)(=O)c1ccc2c(c1)OCO2,2.025409552992345,challenge
COc1ccc(S(=O)(=O)N2CCCN(CC(=O)C(C)(C)C)CC2)cc1,4.342240150210577,veith
COc1ccc(S(=O)(=O)N2CCCN(CC(=O)Nc3ccc(OC)c(Cl)c3)CC2)cc1,4.442240306846953,veith
COc1ccc(S(=O)(=O)N2CCCN(CC(=O)Nc3ccc4c(c3)OCO4)CC2)cc1,4.692241142242068,veith
COc1ccc(S(=O)(=O)N2CCCN(CCC(=O)Nc3cccc(C(F)(F)F)c3)CC2)cc1,4.542240874986129,veith
COc1ccc(S(=O)(=O)N2CCN(CC(=O)Nc3cc(C(F)(F)F)ccc3Cl)CC2)cc1,4.492240905132714,veith
COc1ccc(S(=O)(=O)N2Cc3ccccc3CC2C(=O)Nc2nccs2)cc1,4.492240905132714,veith
COc1ccc(S(=O)(=O)NC(CC(=O)NC2CCCC2)c2ccco2)cc1,4.342240150210577,veith
COc1ccc(S(=O)(=O)NCCC(=O)NC(C)c2ccccc2)cc1,4.342240150210577,veith
COc1ccc(S(=O)(=O)Nc2ccc(F)cc2)c(C)c1C,5.842240508595863,veith
COc1ccc(S(=O)(=O)n2nc(-c3nc(CN)no3)c3ccccc32)cc1OC,4.956930844561739,pharmabench
COc1ccc([C@@H](C)c2cc3c(cc2O)OCO3)cc1,4.89695369244143,ncgc;veith
COc1ccc([C@@H](Nc2ncccn2)c2cc3c(cc2O)OCO3)cc1,4.696954347372703,ncgc;veith
COc1ccc([C@@H]2CC(=O)c3c(O)cc(O)cc3O2)cc1O,4.3469551892411555,ncgc;veith
COc1ccc([C@@H]2C[C@H]2C(=O)N2CCC(C(=O)N3CCOCC3)CC2)cc1,2.863694709992345,challenge
COc1ccc([C@@H]2Sc3ccccc3N(CCN(C)C)C(=O)[C@@H]2OC(C)=O)cc1,4.3344172940778565,tox21
COc1ccc([C@@H]2Sc3ccccc3NC(=O)[C@@H]2O)cc1,3.9586979103436652,tox21
COc1ccc([C@H]2CN(c3nc(-c4ccncn4)cc(=O)n3C)CCO2)cc1,4.580479751723439,pharmabench
COc1ccc([N+](=O)[O-])cc1N(CC(O)CN(CC(C)C)CC(C)C)S(=O)(=O)c1ccccc1,5.892241091189295,veith
COc1ccc([N+](=O)[O-])cc1NC(=O)CC(C)c1ccccc1,4.442240306846953,veith
COc1ccc([N+](=O)[O-])cc1NC(=S)NC(NC(=O)Cc1ccc(OC)c(OC)c1)C(Cl)(Cl)Cl,5.942241381558047,veith
COc1ccc2[nH]c(-c3ccccc3)c(CCNC(C)=O)c2c1,4.096954525750631,ncgc;veith
COc1ccc2[nH]c(=O)c(CN(CCc3ccccc3)C(C)=O)cc2c1,4.342240150210577,veith
COc1ccc2[nH]c(C(=O)NC[C@@H]3C[C@H](OC)CN3c3ccncn3)cc2c1,5.558205411992346,challenge
COc1ccc2[nH]c(I)c(CCNC(C)=O)c2c1,5.7969497127886624,ncgc;veith
COc1ccc2[nH]c(S(=O)Cc3ncc(C)c(OC)c3C)nc2n1,4.384416994074168,tox21
COc1ccc2[nH]c(SCC(C)C)nc2c1,4.354870853233776,pharmabench
COc1ccc2[nH]c(SCCCO)nc2c1,4.799192787486937,pharmabench
COc1ccc2[nH]c(SCc3ccc(Br)cc3)nc2c1,6.465086333021369,pharmabench
COc1ccc2[nH]c(SCc3ccc(C(C)C)cc3)nc2c1,5.10757498140494,pharmabench
COc1ccc2[nH]c(SCc3ccc(Cl)cc3)nc2c1,5.329423731021296,pharmabench
COc1ccc2[nH]c(SCc3ccc(I)cc3)nc2c1,5.806544985740959,pharmabench
COc1ccc2[nH]c(SCc3ccc4ccccc4n3)nc2c1,4.398139543390756,pharmabench
COc1ccc2[nH]c(SCc3cccc(-c4ccccc4)c3)nc2c1,7.118298846796713,pharmabench
COc1ccc2[nH]c(SCc3ccccc3)nc2c1,6.340147596413069,pharmabench
COc1ccc2[nH]c(SCc3ccccn3)nc2c1,4.3004030896349175,pharmabench
COc1ccc2[nH]c3c(c2c1)CCN=C3C,5.69694058165962,ncgc;veith
COc1ccc2[nH]c3c(c2c1)CCNC3,4.396953559925658,ncgc;veith
COc1ccc2[nH]c3c(c2c1)CN(C)CC3.Cl,4.3922393223313625,veith
COc1ccc2[nH]cc(C3CCN(c4ncnc5[nH]ncc45)CC3)c2c1,5.0882731149923455,challenge
COc1ccc2[nH]cc(CCN(C(C)C)C(C)C)c2c1.Cl,5.062463648818077,tox21
COc1ccc2[nH]cc(CCN(C)C)c2c1,4.196955646610027,ncgc;veith
COc1ccc2[nH]cc(CCNC(C)=O)c2c1,4.262460667313962,ncgc;tox21
COc1ccc2[nH]cc(CCNc3cc(-c4c(C)noc4C)ncn3)c2c1,3.9016695663778864,ncgc
COc1ccc2[nH]cc(CCNc3cc(-c4ccc5c(c4)OCO5)ncn3)c2c1,4.89695369244143,ncgc;veith
COc1ccc2[nH]cc(CCNc3cc(-c4cccc(C#N)c4)ncn3)c2c1,4.196955646610027,ncgc;veith
COc1ccc2[nH]cc(CCNc3cc(-c4ccccc4C(F)(F)F)ncn3)c2c1,4.196955646610027,ncgc;veith
COc1ccc2[nH]cc(CCNc3cc(-c4ccccc4C)ncn3)c2c1,4.596954724317373,ncgc;veith
COc1ccc2[nH]cc(CCNc3cc(-c4ccccc4CN(C)C)ncn3)c2c1,4.201669884204322,ncgc
COc1ccc2[nH]cc(CCNc3cc(-c4ccccc4Cl)ncn3)c2c1,4.396953559925658,ncgc;veith
COc1ccc2[nH]cc(CCNc3cc(-c4ccccc4OC)ncn3)c2c1,4.396953559925658,ncgc;veith
COc1ccc2[nH]cc(CCNc3cc(-c4cccnc4)ncn3)c2c1,4.201669884204322,ncgc
COc1ccc2[nH]cc(CCNc3cc(-c4ccoc4)ncn3)c2c1,4.396953559925658,ncgc;veith
COc1ccc2[nH]cc(CCNc3ccnc(-c4c(C)noc4C)n3)c2c1,4.396953559925658,ncgc;veith
COc1ccc2[nH]cc(CCNc3ccnc(-c4ccc(C(=O)N(C)C)cc4)n3)c2c1,4.101668763344926,ncgc
COc1ccc2[nH]cc(CCNc3ccnc(-c4ccc(N(C)C)cc4)n3)c2c1,4.4969551427270105,ncgc;veith
COc1ccc2[nH]cc(CCNc3ccnc(-c4ccc5c(c4)OCO5)n3)c2c1,4.596954724317373,ncgc;veith
COc1ccc2[nH]cc(CCNc3ccnc(-c4cccc(C#N)c4)n3)c2c1,4.00166905897837,ncgc
COc1ccc2[nH]cc(CCNc3ccnc(-c4cccc(NS(C)(=O)=O)c4)n3)c2c1,4.196955646610027,ncgc;veith
COc1ccc2[nH]cc(CCNc3ccnc(-c4ccccc4C(F)(F)F)n3)c2c1,4.2969560175302135,ncgc;veith
COc1ccc2[nH]cc(CCNc3ccnc(-c4ccccc4C)n3)c2c1,5.096953661274842,ncgc;veith
COc1ccc2[nH]cc(CCNc3ccnc(-c4ccccc4Cl)n3)c2c1,4.196955646610027,ncgc;veith
COc1ccc2[nH]cc(CCNc3ccnc(-c4cccnc4)n3)c2c1,5.396958734553992,ncgc;veith
COc1ccc2[nH]cc(CCNc3ccnc(-c4ccoc4)n3)c2c1,4.396953559925658,ncgc;veith
COc1ccc2[nH]cc(CCNc3nc(-c4c(C)noc4C)nc4ccccc34)c2c1,4.596954724317373,ncgc;veith
COc1ccc2[nH]cc(CCNc3nc(-c4ccc(C(=O)N(C)C)cc4)nc4ccccc34)c2c1,4.196955646610027,ncgc;veith
COc1ccc2[nH]cc(CCNc3nc(-c4ccc(N(C)C)cc4)nc4ccccc34)c2c1,4.596954724317373,ncgc;veith
COc1ccc2[nH]cc(CCNc3nc(-c4cccc(C#N)c4)nc4ccccc34)c2c1,4.596954724317373,ncgc;veith
COc1ccc2[nH]cc(CCNc3nc(-c4cccc(NS(C)(=O)=O)c4)nc4ccccc34)c2c1,4.196955646610027,ncgc;veith
COc1ccc2[nH]cc(CCNc3nc(-c4ccccc4CN(C)C)nc4ccccc34)c2c1,4.00166905897837,ncgc
COc1ccc2[nH]cc(CCNc3nc(-c4ccccc4OC)nc4ccccc34)c2c1,4.396953559925658,ncgc;veith
COc1ccc2[nH]cc(CCNc3nc(-c4cccnc4)nc4ccccc34)c2c1,4.696954347372703,ncgc;veith
COc1ccc2[nH]cc(CCNc3nc(-c4ccoc4)nc4ccccc34)c2c1,4.396953559925658,ncgc;veith
COc1ccc2[nH]cc(CCNc3ncnc4ccc(-c5c(C)noc5C)cc34)c2c1,4.696954347372703,ncgc;veith
COc1ccc2[nH]cc(CCNc3ncnc4ccc(-c5ccc(C(=O)N(C)C)cc5)cc34)c2c1,4.101668763344926,ncgc
COc1ccc2[nH]cc(CCNc3ncnc4ccc(-c5ccc6c(c5)OCO6)cc34)c2c1,5.096953661274842,ncgc;veith
COc1ccc2[nH]cc(CCNc3ncnc4ccc(-c5cccc(C#N)c5)cc34)c2c1,4.9969534480296955,ncgc;veith
COc1ccc2[nH]cc(CCNc3ncnc4ccc(-c5ccccc5C#N)cc34)c2c1,4.596954724317373,ncgc;veith
COc1ccc2[nH]cc(CCNc3ncnc4ccc(-c5ccccc5CN(C)C)cc34)c2c1,4.4969551427270105,ncgc;veith
COc1ccc2[nH]cc(CCNc3ncnc4ccc(-c5ccccc5OC)cc34)c2c1,4.89695369244143,ncgc;veith
COc1ccc2[nH]cc(CCNc3ncnc4ccc(-c5cccnc5)cc34)c2c1,4.596954724317373,ncgc;veith
COc1ccc2[nH]cc(CCNc3ncnc4ccc(-c5ccoc5)cc34)c2c1,4.796954045378592,ncgc;veith
COc1ccc2[nH]cc(CCNc3ncncc3-c3c(C)noc3C)c2c1,4.196955646610027,ncgc;veith
COc1ccc2[nH]cc(CCNc3ncncc3-c3ccc(C(=O)N(C)C)cc3)c2c1,4.2969560175302135,ncgc;veith
COc1ccc2[nH]cc(CCNc3ncncc3-c3ccc(N(C)C)cc3)c2c1,4.4969551427270105,ncgc;veith
COc1ccc2[nH]cc(CCNc3ncncc3-c3ccc4c(c3)OCO4)c2c1,5.396958734553992,ncgc;veith
COc1ccc2[nH]cc(CCNc3ncncc3-c3cccc(C#N)c3)c2c1,4.89695369244143,ncgc;veith
COc1ccc2[nH]cc(CCNc3ncncc3-c3cccc(NS(C)(=O)=O)c3)c2c1,4.9969534480296955,ncgc;veith
COc1ccc2[nH]cc(CCNc3ncncc3-c3ccccc3C(F)(F)F)c2c1,5.196951293391612,ncgc;veith
COc1ccc2[nH]cc(CCNc3ncncc3-c3ccccc3C)c2c1,5.396958734553992,ncgc;veith
COc1ccc2[nH]cc(CCNc3ncncc3-c3ccccc3CN(C)C)c2c1,4.4969551427270105,ncgc;veith
COc1ccc2[nH]cc(CCNc3ncncc3-c3ccccc3Cl)c2c1,5.69694058165962,ncgc;veith
COc1ccc2[nH]cc(CCNc3ncncc3-c3ccccc3OC)c2c1,5.396958734553992,ncgc;veith
COc1ccc2[nH]cc(CCNc3ncncc3-c3cccnc3)c2c1,4.396953559925658,ncgc;veith
COc1ccc2[nH]cc(CCNc3ncncc3-c3ccoc3)c2c1,5.296954647425311,ncgc;veith
COc1ccc2c(-c3ccccc3)c(C(=O)NC3CC(Cl)(Cl)C3)oc2c1,6.174025711992345,challenge
COc1ccc2c(-n3c(=O)n(Cc4cccc([C@@]5(C)OC(=O)NC5=O)c4)c4ccccc43)noc2c1,3.4602874501396004,pharmabench
COc1ccc2c(=O)cc(-c3ccc(O)cc3)oc2c1,4.301670255124509,ncgc
COc1ccc2c(C)cc(SCC(=O)c3ccc4c(c3)OCO4)nc2c1,4.942241381558047,veith
COc1ccc2c(CC(=O)NCC3CCC(C(=O)O)CC3)cc(=O)oc2c1,4.692241142242068,veith
COc1ccc2c(CC(C)(C)NCC(O)COc3ccccc3C#N)c[nH]c2c1,5.7960795520627935,pharmabench
COc1ccc2c(Cc3c4ccccc4cc4ccccc34)cncc2c1O,5.001666312269612,ncgc
COc1ccc2c(Cl)c(C(=O)NCCCn3ccnc3)sc2c1Cl,5.692241142242068,veith
COc1ccc2c(NC(=O)c3ccc(Cn4ccnc4)cc3)n[nH]c2c1,6.897264119992346,challenge
COc1ccc2c(NCCCc3ccc4c(c3)C(=O)N(C3CCC(=O)NC3=O)C4=O)ncnc2c1,5.705052687992346,challenge
COc1ccc2c(OC)c3ccoc3nc2c1OC,4.201669884204322,ncgc
COc1ccc2c(OCC(O)CNC(C)C)cccc2c1,4.495049556398812,pharmabench
COc1ccc2c(c1)-c1nc(NC(=O)c3cccs3)sc1CC2,4.692241142242068,veith
COc1ccc2c(c1)C(=NN)c1cc(OC)ccc1-2,4.142241126006169,veith
COc1ccc2c(c1)C(C1CCCCC1)N(C(=O)CNC[C@@H](C)O)CC2,4.851127118393699,pharmabench
COc1ccc2c(c1)C(NCc1ccc(-n3cncn3)cc1)CCCO2,5.987045454992345,challenge
COc1ccc2c(c1)C(c1ccc([N+](=O)[O-])cc1)=NNC(c1ccco1)=N2,4.442240306846953,veith
COc1ccc2c(c1)C1(CC1)CN(c1ncnc3ccc(S(C)(=O)=O)cc13)C2,4.660781609992346,challenge
COc1ccc2c(c1)CC(CCN(C)C)=C2[C@@H](C)c1cnccn1,4.340147596413069,pharmabench
COc1ccc2c(c1)CC(CCN(C)C)=C2[C@@H](C)c1nccs1,4.6711408154544936,pharmabench
COc1ccc2c(c1)CCN(C(=O)CNCC1(O)CCCCC1)[C@@H]2C(C)C,5.118298846796713,pharmabench
COc1ccc2c(c1)CCN(c1nc(C)nc3c1CCNCC3)C2,5.380498506992346,challenge
COc1ccc2c(c1)CCN2C(=O)c1cccc2cnccc12,4.5898158269923455,challenge
COc1ccc2c(c1)CC[C@H]1[C@@H]2CC[C@@]2(C)[C@@H](NCCCCCCN3C(=O)C=CC3=O)CC[C@@H]12,4.4969551427270105,ncgc;veith
COc1ccc2c(c1)CCc1c(-c3noc4c3CCc3cc(OC)ccc3-4)noc1-2,5.4016781467766215,ncgc
COc1ccc2c(c1)CCc1c(C(=O)N3CCCCCC3)noc1-2,4.292241779935917,veith
COc1ccc2c(c1)CN([C@H](C)[C@@H]1CC[C@@H]3[C@H]4CC[C@H]5C[C@@H](O)CC[C@@]5(C)[C@H]4CC[C@]31C)CO2,4.9969534480296955,ncgc;veith
COc1ccc2c(c1)N(CC[C@H]1CCCCN1C)c1ccccc1S2,6.797036381016095,ncgc;veith
COc1ccc2c(c1)N(C[C@@H](C)CN(C)C)c1ccccc1S2,6.69694058165962,ncgc;veith
COc1ccc2c(c1)[C@H](NS(=O)(=O)c1cc(F)ccc1OC(F)F)CCC2,4.479273524992346,challenge
COc1ccc2c(c1)[C@]13CCCC[C@@H]1[C@H](C2)N(C)CC3,5.027252415989374,ncgc;pharmabench;veith
COc1ccc2c(c1)[C@]13CCCC[C@@H]1[C@H](C2)NCC3,4.696954347372703,ncgc;veith
COc1ccc2c(c1)[nH]c1c(C)nccc12,4.596954724317373,ncgc;veith
COc1ccc2c(c1)[nH]c1c(N3CCN(Cc4ccc5c(c4)OCO5)CC3)ncnc12,5.292241779935917,veith
COc1ccc2c(c1)c(CC(=O)O)c(C)n2C(=O)c1ccc(Cl)cc1,4.161047739978154,ncgc;tox21
COc1ccc2c(c1)c(CC(=O)O)c(C)n2C(=O)c1ccccc1,4.501669380321306,ncgc
COc1ccc2c(c1)c(CC(=O)OC/C=C(\C)CC/C=C(\C)CCC=C(C)C)c(C)n2C(=O)c1ccc(Cl)cc1,4.134416852957513,tox21
COc1ccc2c(c1)c1c(C)c3cnccc3c(C)c1n2CCCN,4.89695369244143,ncgc;veith
COc1ccc2c(c1)c1c3n2CCN(C)C3=NCC1,4.43441675507263,tox21
COc1ccc2c(c1O)-c1c(OC)c(OC)cc3c1[C@@H](C2)N(C)CC3,4.301670255124509,ncgc
COc1ccc2c(c1O)-c1cccc3c1[C@H](C2)N(C)CC3,3.9969548213840747,ncgc;veith
COc1ccc2c(c1OC)C(=O)O[C@@H]2[C@H]1c2c(cc3c(c2OC)OCO3)CCN1C,4.43441675507263,tox21
COc1ccc2c(c1OC)C(=O)O[C@@H]2[C@H]1c2cc3c(cc2CCN1C)OCO3,3.989595321196055,ncgc;tox21
COc1ccc2c(c1OC)C(=O)O[C@H]2[C@@H]1c2cc3c(cc2CCN1C)OCO3,4.084417373518855,tox21
COc1ccc2c(c1OC)C(=O)O[C@H]2[C@H]1c2c(cc3c(c2OC)OCO3)CCN1C,4.446955361427811,ncgc;veith
COc1ccc2c(c1OC)CN1CCc3cc4c(cc3C1C2)OCO4,6.184335600209235,tox21
COc1ccc2c(c1OC)CN1CCc3cc4c(cc3[C@H]1C2)OCO4,6.69694058165962,ncgc;veith
COc1ccc2c(c[n+](C)c3c4cc5c(cc4ccc23)OCO5)c1OC,4.096954525750631,ncgc;veith
COc1ccc2c3c([nH]c2c1)C(C)=NCC3,4.901666293693565,ncgc
COc1ccc2c3c([nH]c2c1)C(C)=NCC3.Cl.O.O,4.89695369244143,ncgc;veith
COc1ccc2c3c1O[C@@H]1C(=O)CC[C@@]4(O)[C@@H](C2)N(CC2CC2)CC[C@]314,4.796954045378592,ncgc;veith
COc1ccc2c3c1O[C@H]1C[C@H](O)C=C[C@@]31CCN(C)C2,4.396955580128612,ncgc;veith
COc1ccc2c3c1O[C@H]1[C@@H](O)C=C[C@H]4[C@@H](C2)N(C)CC[C@@]341.Cl,4.180026487136343,tox21
COc1ccc2cc(-c3cncc4ccccc34)ccc2c1,3.8993696617086258,pharmabench
COc1ccc2cc(-c3cnccc3N)ccc2c1,4.374005863674037,pharmabench
COc1ccc2cc(C#N)c(SCC(=O)NNC(=O)Cc3ccccc3)nc2c1,5.092240288156335,veith
COc1ccc2cc(C(=O)N3CCn4cncc4C3)n(C)c2c1,5.723180217992346,challenge
COc1ccc2cc(C(=O)NC(C)C3(N4CCOCC4)CCCC3)[nH]c2c1,5.641586559992346,challenge
COc1ccc2cc(S(=O)(=O)N[C@H](CC(=O)N[C@H](Cc3ccc(CN4[C@H](C)CCC[C@@H]4C)cc3)C(=O)N(C)C(C)C)c3ccc4c(c3)OCO4)ccc2c1.Cl,6.297236482704426,tox21
COc1ccc2cc1Oc1ccc(cc1)C[C@H]1c3c(cc4c(c3Oc3cc5c(cc3OC)CCN(C)[C@@H]5C2)OCO4)CCN1C,4.134416852957513,tox21
COc1ccc2cc3[n+](cc2c1OC)CCc1cc2c(cc1-3)OCO2,5.083104890847344,challenge;ncgc;veith
COc1ccc2cc3[n+](cc2c1OC)CCc1cc2c(cc1-3)OCO2.[Cl-],5.577072661482037,tox21
COc1ccc2cc3cc(C(=O)NCc4ccc5c(c4)OCO5)oc3nc2c1,4.492240905132714,veith
COc1ccc2cc3cc(C(=O)NCc4ccccn4)oc3nc2c1,3.8922410911892946,veith
COc1ccc2ccccc2c1CNC(=O)NC1CCN(C(C)(C)C)C1,4.590844089992346,challenge
COc1ccc2cnn(CC(=O)NCC34CCC3CCN4)c(=O)c2c1,5.184815086992345,challenge
COc1ccc2nc(C(=O)NCc3ccc(-n4ccnc4)c(F)c3)ccc2c1,5.110498852992346,challenge
COc1ccc2nc(C)cc(SCC(=O)NNC(=O)COc3ccc(C)cc3)c2c1,5.192241409015731,veith
COc1ccc2nc(CSc3ncc(Oc4ccccc4)cn3)[nH]c2n1,4.312396427992345,challenge
COc1ccc2nc(N3CCCC(C(=O)NCCCN4CCN(C)CC4)C3)sc2c1,4.442240306846953,veith
COc1ccc2nc(SCc3ccc4ccccc4c3)[nH]c2c1,4.983166195419938,pharmabench
COc1ccc2nc(Sc3c([N+](=O)[O-])nc(C)n3Cc3ccccc3)[nH]c2c1,4.342240150210577,veith
COc1ccc2nc3c(c(-c4ccccc4)c2c1)CCC3,4.2969560175302135,ncgc;veith
COc1ccc2nc3c(c([Si](C)(C)C(C)(C)C)c2c1)Cn1c-3cccc1=O,5.196951293391612,ncgc;veith
COc1ccc2nc3c(cc2c1)Cc1ccccc1-3,4.701667552503337,ncgc
COc1ccc2nc3cc(Cl)ccc3c(Nc3ccc(O)c(CN4CCN(C)CC4)c3)c2c1,5.071078742447852,ncgc;pharmabench;veith
COc1ccc2nccc(N3CCCC(n4cncn4)C3)c2c1,4.431587352992346,challenge
COc1ccc2oc(-c3ccc(C)c(NC(=O)CSc4ccc(Cl)cc4)c3)nc2c1,5.092240288156335,veith
COc1ccc2oc(-c3ccc(O)cc3)cc(=O)c2c1,4.101668763344926,ncgc
COc1ccc2oc(-c3ccccc3)c(OC)c(=O)c2c1,3.9016695663778864,ncgc
COc1ccc2oc(C(C)NC(=O)Nc3ccncc3)c(C)c2c1,5.335968419992346,challenge
COc1ccc2oc(C)c(C(=O)NCC3(N(C)C)Cc4ccccc4C3)c2c1,6.527767572992346,challenge
COc1cccc(-c2cc(=O)c3ccccc3o2)c1N,4.596954724317373,ncgc;veith
COc1cccc(-c2cc(C(=O)Nc3cccc(O)c3)no2)c1,4.142241126006169,veith
COc1cccc(-c2cc(N(C)Cc3ccco3)ncn2)c1,4.2969560175302135,ncgc;veith
COc1cccc(-c2cc(NCCc3c[nH]c4ccc(OC)cc34)ncn2)c1,4.2969560175302135,ncgc;veith
COc1cccc(-c2cc(NCc3ccc(OC)cc3OC)ncn2)c1,4.396953559925658,ncgc;veith
COc1cccc(-c2cc(NCc3cccc(C)c3)ncn2)c1,4.196955646610027,ncgc;veith
COc1cccc(-c2cc(NCc3ccccc3)ncn2)c1,4.396953559925658,ncgc;veith
COc1cccc(-c2cc(NCc3ccccc3OC)ncn2)c1,4.2969560175302135,ncgc;veith
COc1cccc(-c2cc(NCc3cccnc3)ncn2)c1,4.101668763344926,ncgc
COc1cccc(-c2cc(NCc3cccs3)ncn2)c1,4.396953559925658,ncgc;veith
COc1cccc(-c2cc(NCc3cnc(C)cn3)ncn2)c1,4.101668763344926,ncgc
COc1cccc(-c2ccc(/C=C\CN3CCCCCC3)cc2Cl)c1.Cl,5.175371371019458,tox21
COc1cccc(-c2ccc(CNC(=O)c3ccncn3)cc2)c1,5.072708597992346,challenge
COc1cccc(-c2ccc3ncnc(N(C)C)c3c2)c1,4.4969551427270105,ncgc;veith
COc1cccc(-c2ccc3ncnc(N(C)Cc4ccco4)c3c2)c1,4.4969551427270105,ncgc;veith
COc1cccc(-c2ccc3ncnc(N4CCN(C)CC4)c3c2)c1,3.9016695663778864,ncgc
COc1cccc(-c2ccc3ncnc(N4CCOCC4)c3c2)c1,4.00166905897837,ncgc
COc1cccc(-c2ccc3ncnc(NC4CC4)c3c2)c1,4.101668763344926,ncgc
COc1cccc(-c2ccc3ncnc(NCCN4CCOCC4)c3c2)c1,4.101668763344926,ncgc
COc1cccc(-c2ccc3ncnc(NCCNC(C)=O)c3c2)c1,3.9016695663778864,ncgc
COc1cccc(-c2ccc3ncnc(NCCc4c[nH]c5ccc(OC)cc45)c3c2)c1,5.096953661274842,ncgc;veith
COc1cccc(-c2ccc3ncnc(NCc4ccc(OC)cc4OC)c3c2)c1,4.201669884204322,ncgc
COc1cccc(-c2ccc3ncnc(NCc4ccccc4)c3c2)c1,4.9969534480296955,ncgc;veith
COc1cccc(-c2ccc3ncnc(NCc4ccccc4OC)c3c2)c1,4.596954724317373,ncgc;veith
COc1cccc(-c2ccc3ncnc(NCc4cccnc4)c3c2)c1,4.4969551427270105,ncgc;veith
COc1cccc(-c2ccc3ncnc(NCc4cccs4)c3c2)c1,4.4969551427270105,ncgc;veith
COc1cccc(-c2ccc3ncnc(NCc4cnc(C)cn4)c3c2)c1,4.00166905897837,ncgc
COc1cccc(-c2cncnc2-n2ccnc2)c1,4.396953559925658,ncgc;veith
COc1cccc(-c2cncnc2N(C)Cc2ccco2)c1,4.396953559925658,ncgc;veith
COc1cccc(-c2cncnc2NCCN2CCOCC2)c1,4.4969551427270105,ncgc;veith
COc1cccc(-c2cncnc2NCCc2c[nH]c3ccc(OC)cc23)c1,5.096953661274842,ncgc;veith
COc1cccc(-c2cncnc2NCCc2cnc[nH]2)c1,4.596954724317373,ncgc;veith
COc1cccc(-c2cncnc2NCc2ccc(OC)cc2OC)c1,4.596954724317373,ncgc;veith
COc1cccc(-c2cncnc2NCc2cccc(C)c2)c1,4.396953559925658,ncgc;veith
COc1cccc(-c2cncnc2NCc2ccccc2)c1,3.9016695663778864,ncgc
COc1cccc(-c2cncnc2NCc2ccccc2OC)c1,4.596954724317373,ncgc;veith
COc1cccc(-c2cncnc2NCc2cccnc2)c1,4.201669884204322,ncgc
COc1cccc(-c2cncnc2NCc2cccs2)c1,4.201669884204322,ncgc
COc1cccc(-c2cncnc2NCc2cnc(C)cn2)c1,4.2969560175302135,ncgc;veith
COc1cccc(-c2cncnc2Nc2ccc(F)cc2)c1,3.9016695663778864,ncgc
COc1cccc(-c2cncnc2Nc2ccccc2)c1,4.401667797519954,ncgc
COc1cccc(-c2nc(N(C)C)c3ccccc3n2)c1,4.396953559925658,ncgc;veith
COc1cccc(-c2nc(N(C)Cc3ccco3)c3ccccc3n2)c1,4.796954045378592,ncgc;veith
COc1cccc(-c2nc(N3CCN(C)CC3)c3ccccc3n2)c1,4.596954724317373,ncgc;veith
COc1cccc(-c2nc(N3CCNCC3)c3ccccc3n2)c1,4.696954347372703,ncgc;veith
COc1cccc(-c2nc(NC3CC3)c3ccccc3n2)c1,4.596954724317373,ncgc;veith
COc1cccc(-c2nc(NCCN3CCOCC3)c3ccccc3n2)c1,4.396953559925658,ncgc;veith
COc1cccc(-c2nc(NCCNC(C)=O)c3ccccc3n2)c1,4.89695369244143,ncgc;veith
COc1cccc(-c2nc(NCCc3c[nH]c4ccc(OC)cc34)c3ccccc3n2)c1,4.196955646610027,ncgc;veith
COc1cccc(-c2nc(NCc3ccc(OC)cc3OC)c3ccccc3n2)c1,4.2969560175302135,ncgc;veith
COc1cccc(-c2nc(NCc3ccccc3)c3ccccc3n2)c1,4.196955646610027,ncgc;veith
COc1cccc(-c2nc(NCc3ccccc3OC)c3ccccc3n2)c1,4.4969551427270105,ncgc;veith
COc1cccc(-c2nc(NCc3cccnc3)c3ccccc3n2)c1,4.101668763344926,ncgc
COc1cccc(-c2nc(NCc3cccs3)c3ccccc3n2)c1,4.396953559925658,ncgc;veith
COc1cccc(-c2nc(NCc3cnc(C)cn3)c3ccccc3n2)c1,3.9016695663778864,ncgc
COc1cccc(-c2nc(Nc3ccncc3)c3ccccc3n2)c1,4.101668763344926,ncgc
COc1cccc(-c2nccc(-n3ccnc3)n2)c1,4.596954724317373,ncgc;veith
COc1cccc(-c2nccc(N(C)Cc3ccco3)n2)c1,5.396958734553992,ncgc;veith
COc1cccc(-c2nccc(NCCc3c[nH]c4ccc(OC)cc34)n2)c1,4.596954724317373,ncgc;veith
COc1cccc(-c2nccc(NCc3ccc(OC)cc3OC)n2)c1,4.396953559925658,ncgc;veith
COc1cccc(-c2nccc(NCc3cccc(C)c3)n2)c1,4.4969551427270105,ncgc;veith
COc1cccc(-c2nccc(NCc3ccccc3)n2)c1,5.4969551427270105,ncgc;veith
COc1cccc(-c2nccc(NCc3ccccc3OC)n2)c1,5.896959146963251,ncgc;veith
COc1cccc(-c2nccc(NCc3cccnc3)n2)c1,4.101668763344926,ncgc
COc1cccc(-c2nccc(NCc3cccs3)n2)c1,5.996974049257448,ncgc;veith
COc1cccc(-c2oc3ccccc3c(=O)c2O)c1,4.00166905897837,ncgc
COc1cccc(-n2ccnc2SCC(=O)Nc2nccs2)c1,4.3922393223313625,veith
COc1cccc(/C=C/C2=CC3(C)CC2(C)C(c2cccc(OC)c2)CC3=O)c1,5.001666312269612,ncgc
COc1cccc(/C=N/NC(=O)c2c(-c3ccccc3)noc2C)c1,4.242240761051421,veith
COc1cccc(/C=N/NC(=O)c2cccc([N+](=O)[O-])c2)c1OS(=O)(=O)c1ccc(C)cc1,4.942241381558047,veith
COc1cccc(C(=O)/C=C/c2ccc(SC)cc2)c1,4.342240150210577,veith
COc1cccc(C(=O)CCN[C@@H](C)[C@H](O)c2ccccc2)c1.Cl,5.434413608683764,tox21
COc1cccc(C(=O)N(C)c2nnc(-c3ccncc3)s2)c1,5.192241409015731,veith
COc1cccc(C(=O)NC2CC3CCCC(C2)N3CC(=O)Nc2ccccc2)c1.Cl,4.442240306846953,veith
COc1cccc(C(=O)NCC(=O)NC2CC(C)(C)Oc3ccccc32)c1,4.546951896992345,challenge
COc1cccc(C(=O)NCCN2CCN(c3ccc(Cl)cc3)CC2)c1,4.00166905897837,ncgc
COc1cccc(C(=O)NN(C(=O)c2cc(C)cc(C)c2)C(C)(C)C)c1C,3.9732520511108227,tox21
COc1cccc(C(CNS(=O)(=O)CCC2CCCO2)N2CCCC2)c1,5.5307069919923455,challenge
COc1cccc(C(CNc2nc(C)c3ccccc3n2)N(C)C)c1,6.506942546992346,challenge
COc1cccc(C2=NOC(C(=O)NCc3ccccc3)C2)c1,4.3922393223313625,veith
COc1cccc(C2=NOC(C(=O)Nc3cccnc3)C2)c1,4.442240306846953,veith
COc1cccc(C2CN(c3nc(-c4ccncc4)cc(=O)n3C)CCN2)c1,5.817268851132732,pharmabench
COc1cccc(C2NC(c3cccc(OC)c3O)C(C)C(=O)C2C)c1O,4.592241033466911,veith
COc1cccc(CC(C(=O)Nc2cc(C)ccc2C)c2nn[nH]n2)c1OC,4.292241779935917,veith
COc1cccc(CC2(c3ccc4[nH]ccc4c3)CCNC2)c1,6.419328842460694,pharmabench
COc1cccc(CCc2ccccc2OCC(CN(C)C)OC(=O)CCC(=O)O)c1.Cl,6.084428617243388,tox21
COc1cccc(CN2CCN(Cc3cc(OC)c(OC)cc3[N+](=O)[O-])CC2)c1.O=C(O)C(=O)O,6.142241126006169,veith
COc1cccc(CNC(=O)CN2CC3CC3(c3ccc(C)cc3)C2)c1,4.849254651992346,challenge
COc1cccc(CNC(=O)CN2CCCC2CN2CCCCC2)c1,4.844875379992346,challenge
COc1cccc(CNC(=O)NC2CCN(CCc3ccccc3)CC2)c1O,4.218204712992346,challenge
COc1cccc(CNCCNC(=O)c2nonc2N)c1.Cl,4.992240583789779,veith
COc1cccc(CNCCc2c[nH]c3ccccc23)c1OCc1ccccc1F.Cl,6.04224135682174,veith
COc1cccc(CNCc2ccc(SC)cc2)c1OC,4.992240583789779,veith
COc1cccc(CNc2ccc3nc(-c4ccc(N)cc4)c(OC)n3n2)c1,4.4969551427270105,ncgc;veith
COc1cccc(Cn2c(=O)c(-c3cc(F)cc(F)c3)nc3cnc(N4CCNCC4)nc32)c1,3.9016695663778864,ncgc
COc1cccc(Cn2c(=O)c(-c3ccc(Cl)cc3)nc3cnc(N4CCNCC4)nc32)c1,3.9016695663778864,ncgc
COc1cccc(Cn2c(=O)c(-c3ccc(F)c(F)c3)nc3cncnc32)c1,4.301670255124509,ncgc
COc1cccc(Cn2c(=O)c(-c3ccc(F)cc3)nc3cnc(N4CCNCC4)nc32)c1,4.101668763344926,ncgc
COc1cccc(Cn2c(=O)c(-c3ccc(F)cc3)nc3cncnc32)c1,4.396953559925658,ncgc;veith
COc1cccc(Cn2c(=O)c(-c3cccc(F)c3)nc3cncnc32)c1,4.201669884204322,ncgc
COc1cccc(Cn2c(=O)c(-c3ccccc3)nc3cnc(N4CCNCC4)nc32)c1,4.501669380321306,ncgc
COc1cccc(Cn2c(=O)c(-c3ccccc3)nc3cnc(OC)nc32)c1,3.9016695663778864,ncgc
COc1cccc(Cn2c(=O)c(-c3ccccc3)nc3cncnc32)c1,4.4969551427270105,ncgc;veith
COc1cccc(Cn2c(=O)c(-c3cccs3)nc3cnc(N4CCNCC4)nc32)c1,4.00166905897837,ncgc
COc1cccc(Cn2c(=O)c(-c3cccs3)nc3cncnc32)c1,4.696954347372703,ncgc;veith
COc1cccc(Cn2c(=O)c(-c3cn(C)c4ccccc34)nc3cnc(N4CCNCC4)nc32)c1,3.9016695663778864,ncgc
COc1cccc(Cn2c(=O)c(C)nc3cnc(N4CCNCC4)nc32)c1,4.2969560175302135,ncgc;veith
COc1cccc(Cn2c(=O)c(C)nc3cnc(Nc4ccccc4)nc32)c1,5.4969551427270105,ncgc;veith
COc1cccc(Cn2c(=O)c(C)nc3cnc(OCc4ccccc4)nc32)c1,4.201669884204322,ncgc
COc1cccc(Cn2c(=O)c(CCc3ccccc3)nc3cnc(N4CCN(C)CC4)nc32)c1,4.201669884204322,ncgc
COc1cccc(Cn2c(=O)c(CCc3ccccc3)nc3cnc(N4CCNCC4)nc32)c1,4.00166905897837,ncgc
COc1cccc(Cn2c(=O)cnc3cnc(N4CCN(C)CC4)nc32)c1,4.201669884204322,ncgc
COc1cccc(Cn2c(=O)cnc3cnc(N4CCOCC4)nc32)c1,4.196955646610027,ncgc;veith
COc1cccc(Cn2c(=O)cnc3cnc(Nc4cccc(OC)c4)nc32)c1,3.8969553287835907,ncgc;veith
COc1cccc(Cn2c(=O)cnc3cnc(OCc4ccccc4)nc32)c1,3.9016695663778864,ncgc
COc1cccc(Cn2c(=O)cnc3cnc(Oc4cccc(Cl)c4)nc32)c1,3.9016695663778864,ncgc
COc1cccc(Cn2c(=O)cnc3cncnc32)c1,4.101668763344926,ncgc
COc1cccc(Cn2c(=O)n(C3CCN(C(=O)C4CCN(Cc5ccncc5)CC4)CC3)c3ccccc32)c1,4.6711408154544936,pharmabench
COc1cccc(Cn2nnc3c(=O)[nH]c(C4CCCN(C(=O)c5ccccc5Cl)C4)nc32)c1,4.292241779935917,veith
COc1cccc(F)c1NS(=O)(=O)c1c[nH]c2cc(Cl)ccc12,4.355937827992346,challenge
COc1cccc(N(C(=O)Cn2nnc(-c3ccc(C)cc3)n2)C(C(=O)NC(C)(C)C)c2c[nH]c3ccccc23)c1,4.192241409015731,veith
COc1cccc(N(CC(=O)Nc2cccc(C(C)=O)c2)S(C)(=O)=O)c1,6.342240150210577,veith
COc1cccc(N)c1,4.220073088881401,tox21
COc1cccc(NC(=O)COC(=O)c2c3c(nc4ccccc24)CCC(C)C3)c1,4.592241033466911,veith
COc1cccc(NC(=O)N2CCC(C)C(n3ccnc3)C2)c1C,5.284160866992345,challenge
COc1cccc(NC(=O)c2cc(-c3cccnc3)nc3c(Cl)cccc23)c1,5.142241126006169,veith
COc1cccc(Nc2nc(-c3ccc(O)cc3)cs2)c1,4.542240874986129,veith
COc1cccc(Nc2ncc3nc(-c4cccs4)c(=O)n(C[C@H]4CCCO4)c3n2)c1,4.301670255124509,ncgc
COc1cccc(Nc2ncc3ncc(=O)n(Cc4cccs4)c3n2)c1,4.89695369244143,ncgc;veith
COc1cccc(OC)c1/C=C/C(=O)c1ccc[nH]1,4.164056337357388,pharmabench
COc1cccc(OC)c1O,4.62325365677871,tox21
COc1cccc(OC)c1OCCNC[C@@H]1COc2ccccc2O1,6.096945016706242,ncgc;veith
COc1cccc(OC)c1OCCNC[C@@H]1CSc2ccccc2O1,6.396941486272403,ncgc;veith
COc1cccc(OCCNC(=O)Nc2cc(-c3cccnc3)ccc2C)c1,4.8573330549923455,challenge
COc1cccc(S(=O)(=O)N2CCN(C)CC2c2ccccc2)c1,5.034287602992346,challenge
COc1cccc([C@@H]2Oc3ccc(Br)cc3C(=O)[C@H]2O)c1,4.9969534480296955,ncgc;veith
COc1cccc([C@@H]2Oc3ccc(OC)cc3/C(=N/O[C@@H](C)CN3CCCCc4nc(C)c(C)cc43)[C@@H]2O)c1,4.9969534480296955,ncgc;veith
COc1cccc([C@@H]2Oc3ccc(OC)cc3/C(=N/O[C@@H](C)CN3CCCc4nc(C)c(C)cc43)[C@@H]2O)c1,4.89695369244143,ncgc;veith
COc1cccc([C@@H]2Oc3ccc(OC)cc3C(=O)[C@H]2O)c1,4.9969534480296955,ncgc;veith
COc1cccc([C@@]2(O)CCCC[C@@H]2CN(C)C)c1.Cl,4.3344172940778565,tox21
COc1cccc([C@H](O)C2CCN(CCc3ccc(F)cc3)CC2)c1OC,5.123245675875459,tox21
COc1cccc([C@H]2CN(c3nc(-c4ccncn4)cc(=O)n3C)CCO2)c1,3.994447205829627,pharmabench
COc1cccc([C@H]2Oc3ccc(OC)cc3/C(=N\OC[C@@H](O)[C@@H]3O[C@@H]4OC(C)(C)O[C@@H]4[C@H]3O)[C@@H]2O)c1,5.001666312269612,ncgc
COc1cccc([C@H]2Oc3ccc(OC)cc3/C(=N\O[C@@H](C)c3cn([C@H](CO)Cc4ccccc4)nn3)[C@@H]2O)c1,4.9969534480296955,ncgc;veith
COc1cccc([C@H]2Oc3ccc(OC)cc3/C(=N\O[C@@H]3O[C@H](COC(C)=O)[C@H](OC(C)=O)[C@H](OC(C)=O)[C@H]3OC(C)=O)[C@@H]2O)c1,4.9969534480296955,ncgc;veith
COc1cccc2[nH]c(-c3ccccn3)nc12,5.301667514914704,ncgc
COc1cccc2[nH]c3c(N4CC(C)CC(C)C4)ncnc3c12,5.192241409015731,veith
COc1cccc2c(=O)c(C(=O)NCc3cccs3)c[nH]c12,4.3922393223313625,veith
COc1cccc2c(C(=O)N3CCN4CCCC[C@H]4C3)cn(CC3CCCCC3)c12,4.305385490153857,pharmabench
COc1cccc2c(C(=O)N[C@H]3c4ccccc4CC[C@H]3O)cnn12,5.416734521992345,challenge
COc1cccc2c(N3CCC(Oc4cnccn4)CC3)cc(C)nc12,6.790509399992346,challenge
COc1cccc2c(N3CCOC(CN(C)C)C3)nccc12,6.0193793869923455,challenge
COc1cccc2c1C(=N)c1c(O)c3c(c(O)c1C2=O)C[C@](O)(C(C)=O)C[C@@H]3O[C@H]1C[C@H](N)[C@@H](O)[C@H](C)O1,4.9969534480296955,ncgc;veith
COc1cccc2c1C(=O)c1c(O)c3c(c(O)c1C2=O)C[C@@](O)(C(=O)CO)CC3OC1CC(N2CCOC(OC)C2)C(O)C(C)O1,4.209012380064693,tox21
COc1cccc2c1C(=O)c1c(O)c3c(c(O)c1C2=O)C[C@@](O)(C(=O)CO)C[C@@H]3O[C@H]1C[C@H](N)[C@H](O[C@@H]2CCCCO2)[C@H](C)O1,4.384416994074168,tox21
COc1cccc2c1CN(C(=O)c1ccc(NC3CC3)nc1)C2,4.876253691992345,challenge
COc1cccc2c1OC[C@@H](CO)[C@H]2N(C)C(=O)Nc1ccc(Cl)cc1Cl,4.942241381558047,veith
COc1cccc2c1[C@@H](c1ccccc1)N(C(=O)CNC[C@@H](C)O)CC2,4.166475811480801,pharmabench
COc1cccc2c1[C@@H]1CN(CCCCn3c(=O)[nH]c4c(sc5ncc(-c6ccccc6)nc54)c3=O)C[C@H]1CO2,3.9969548213840747,ncgc;veith
COc1cccc2nc(N3C[C@H](CC(N)=O)[C@@H](O)C3)ccc12,5.286155894992346,challenge
COc1cccc2oc(-c3ccc(O)cc3)cc(=O)c12,4.301670255124509,ncgc
COc1cccc2sc(N)nc12,4.570427068579675,tox21
COc1cccc2sc(NC(=O)N3CCC(C(=O)Nc4ccncc4)CC3)nc12,2.453875079992345,challenge
COc1ccccc1-c1cc(-n2ccnc2)ncn1,4.396953559925658,ncgc;veith
COc1ccccc1-c1cc(N(C)Cc2ccco2)ncn1,4.396953559925658,ncgc;veith
COc1ccccc1-c1cc(NCc2cccc(C)c2)ncn1,4.201669884204322,ncgc
COc1ccccc1-c1cc(NCc2ccccc2)ncn1,4.196955646610027,ncgc;veith
COc1ccccc1-c1cc(NCc2cccnc2)ncn1,4.201669884204322,ncgc
COc1ccccc1-c1cc(NCc2cccs2)ncn1,4.396953559925658,ncgc;veith
COc1ccccc1-c1cc(NCc2cnc(C)cn2)ncn1,4.201669884204322,ncgc
COc1ccccc1-c1cc(Nc2ccc(F)cc2)ncn1,3.9016695663778864,ncgc
COc1ccccc1-c1ccc(NCCCN2CCCOC(C)C2)nn1,4.635299592992346,challenge
COc1ccccc1-c1ccc2ncnc(N(C)C)c2c1,4.396953559925658,ncgc;veith
COc1ccccc1-c1ccc2ncnc(N(C)Cc3ccco3)c2c1,4.396953559925658,ncgc;veith
COc1ccccc1-c1ccc2ncnc(N3CCN(C)CC3)c2c1,3.9016695663778864,ncgc
COc1ccccc1-c1ccc2ncnc(NC3CC3)c2c1,4.4969551427270105,ncgc;veith
COc1ccccc1-c1ccc2ncnc(NC3CCNCC3)c2c1,4.396953559925658,ncgc;veith
COc1ccccc1-c1ccc2ncnc(NCCN3CCOCC3)c2c1,3.9016695663778864,ncgc
COc1ccccc1-c1ccc2ncnc(NCCNC(C)=O)c2c1,4.201669884204322,ncgc
COc1ccccc1-c1ccc2ncnc(NCc3ccccc3)c2c1,4.396953559925658,ncgc;veith
COc1ccccc1-c1ccc2ncnc(NCc3cccnc3)c2c1,4.596954724317373,ncgc;veith
COc1ccccc1-c1ccc2ncnc(NCc3cnc(C)cn3)c2c1,3.9016695663778864,ncgc
COc1ccccc1-c1ccc2ncnc(Nc3ccccc3)c2c1,4.4969551427270105,ncgc;veith
COc1ccccc1-c1cccc(NC(=O)NC2CCc3ccc(O)cc32)c1,5.266515849992346,challenge
COc1ccccc1-c1cncnc1-n1ccnc1,4.101668763344926,ncgc
COc1ccccc1-c1cncnc1N(C)Cc1ccco1,4.101668763344926,ncgc
COc1ccccc1-c1cncnc1N1CCN(C)CC1,4.096954525750631,ncgc;veith
COc1ccccc1-c1cncnc1NCCN1CCOCC1,4.396953559925658,ncgc;veith
COc1ccccc1-c1cncnc1NCCc1cnc[nH]1,4.4969551427270105,ncgc;veith
COc1ccccc1-c1cncnc1NCc1cccc(C)c1,4.196955646610027,ncgc;veith
COc1ccccc1-c1cncnc1NCc1ccccc1,4.2969560175302135,ncgc;veith
COc1ccccc1-c1cncnc1NCc1cccnc1,3.9016695663778864,ncgc
COc1ccccc1-c1cncnc1NCc1cccs1,4.2969560175302135,ncgc;veith
COc1ccccc1-c1cncnc1NCc1cnc(C)cn1,3.9016695663778864,ncgc
COc1ccccc1-c1cncnc1Nc1ccc(F)cc1,4.301670255124509,ncgc
COc1ccccc1-c1cncnc1Nc1ccccc1,4.196955646610027,ncgc;veith
COc1ccccc1-c1nc(N(C)C)c2ccccc2n1,4.9969534480296955,ncgc;veith
COc1ccccc1-c1nc(N(C)Cc2ccco2)c2ccccc2n1,5.4969551427270105,ncgc;veith
COc1ccccc1-c1nc(N2CCOCC2)c2ccccc2n1,4.401667797519954,ncgc
COc1ccccc1-c1nc(NC2CC2)c2ccccc2n1,4.196955646610027,ncgc;veith
COc1ccccc1-c1nc(NCCN2CCOCC2)c2ccccc2n1,4.00166905897837,ncgc
COc1ccccc1-c1nc(NCCNC(C)=O)c2ccccc2n1,4.696954347372703,ncgc;veith
COc1ccccc1-c1nc(NCCc2cnc[nH]2)c2ccccc2n1,4.696954347372703,ncgc;veith
COc1ccccc1-c1nc(NCc2ccccc2)c2ccccc2n1,5.296954647425311,ncgc;veith
COc1ccccc1-c1nc(NCc2cccnc2)c2ccccc2n1,4.201669884204322,ncgc
COc1ccccc1-c1nc(NCc2cccs2)c2ccccc2n1,5.4969551427270105,ncgc;veith
COc1ccccc1-c1nc(NCc2cnc(C)cn2)c2ccccc2n1,4.00166905897837,ncgc
COc1ccccc1-c1nc(Nc2ccncc2)c2ccccc2n1,4.101668763344926,ncgc
COc1ccccc1-c1nccc(-n2ccnc2)n1,4.2969560175302135,ncgc;veith
COc1ccccc1-c1nccc(N2CCN(C)CC2)n1,4.196955646610027,ncgc;veith
COc1ccccc1-c1nccc(NCc2cccc(C)c2)n1,5.296954647425311,ncgc;veith
COc1ccccc1-c1nccc(NCc2ccccc2)n1,4.89695369244143,ncgc;veith
COc1ccccc1-c1nccc(NCc2cccnc2)n1,4.201669884204322,ncgc
COc1ccccc1-c1nccc(NCc2cccs2)n1,4.9969534480296955,ncgc;veith
COc1ccccc1-c1nccc(Nc2ccc(F)cc2)n1,4.196955646610027,ncgc;veith
COc1ccccc1-n1c(CNC(=O)c2ccco2)nnc1SCC(=O)Nc1ccc(F)cc1,4.242240761051421,veith
COc1ccccc1/C=C/C(=O)c1cccnc1,5.178779594178095,pharmabench
COc1ccccc1/C=C/C=N/N1CCN(Cc2ccc(Cl)cc2)CC1.Cl,4.542240874986129,veith
COc1ccccc1/C=C/C=N/N1CCN(Cc2cccc3ccccc23)CC1,4.592241033466911,veith
COc1ccccc1/C=N/NC(=O)CC(=O)Nc1ccc(Cl)c(Cl)c1,4.04224135682174,veith
COc1ccccc1C(=O)Nc1ccc(Oc2ncncc2-c2ccccc2)cc1,4.293077099992345,challenge
COc1ccccc1C(C)CC(=O)N1CCCC(c2ncc[nH]2)C1,4.489519001992345,challenge
COc1ccccc1C(CNC1CCc2cn[nH]c2C1)N1CCCCC1,5.686585444992346,challenge
COc1ccccc1C(c1nnnn1C(C)(C)C)N1CCN(Cc2ccncc2)CC1,5.04224135682174,veith
COc1ccccc1C/C(N)=N/OC(=O)c1ccc(C)c([N+](=O)[O-])c1,4.342240150210577,veith
COc1ccccc1C1(CC(=O)Nc2nccs2)CCOC(C(C)C)C1,4.142241126006169,veith
COc1ccccc1C1=NOC(COc2ccc(Cl)c3cccnc23)C1,4.342240150210577,veith
COc1ccccc1C1CC(c2c(-c3ccccc3)c3cc(Cl)ccc3[nH]c2=O)=NN1S(C)(=O)=O,4.642240772861618,veith
COc1ccccc1C1CCN(c2ncnc3c2CCCC3)C1,4.516704757992346,challenge
COc1ccccc1C1CN(C(=O)c2ccc(CCF)cc2)CCN1,6.566994754992345,challenge
COc1ccccc1CC(C)(C)NS(=O)(=O)c1cnc(N)c(C)c1,5.512395249992346,challenge
COc1ccccc1CC(C)N(C)c1ccnc2c1c(C)nn2C,4.341923701992346,challenge
COc1ccccc1CC(c1ccc(F)cc1)N1CCNCC1,4.336543472144244,pharmabench
COc1ccccc1CC(c1ccccc1)N1CCNCC1,4.118298846796713,pharmabench
COc1ccccc1CC1C(=O)C2CCN1CC2,4.442240306846953,veith
COc1ccccc1CC1CCCN1C(=O)C1CCN(c2cnccn2)CC1,4.753019009992346,challenge
COc1ccccc1CC1CCCN1C(=O)Cc1cnn2ccccc12,3.852292494992345,challenge
COc1ccccc1CCN1C(=S)NC(C)(C)CC1(C)O,4.492240905132714,veith
COc1ccccc1CCNCc1cc2c(cc1[N+](=O)[O-])OCO2,6.692241142242068,veith
COc1ccccc1CCn1c(=O)c(-c2ccc(F)c(F)c2)nc2cncnc21,4.00166905897837,ncgc
COc1ccccc1CCn1c(=O)c(-c2cccc(Cl)c2)nc2cncnc21,4.00166905897837,ncgc
COc1ccccc1CCn1c(=O)c(-c2cccc(F)c2)nc2cncnc21,3.9016695663778864,ncgc
COc1ccccc1CCn1c(=O)c(-c2ccccc2)nc2cncnc21,4.396953559925658,ncgc;veith
COc1ccccc1CCn1c(=O)c(-c2cccs2)nc2cncnc21,5.096953661274842,ncgc;veith
COc1ccccc1CCn1c(=O)c(CCc2ccccc2)nc2cncnc21,4.101668763344926,ncgc
COc1ccccc1CCn1c(=O)cnc2cncnc21,4.101668763344926,ncgc
COc1ccccc1CN(Cc1cc2cc3c(cc2[nH]c1=O)OCCO3)Cc1nnnn1Cc1ccco1,4.342240150210577,veith
COc1ccccc1CN1CC2(CCN(C(=O)c3cccc(F)c3)CC2)C1,5.196951293391612,ncgc;veith
COc1ccccc1CN1CC2(CCN(C(=O)c3ccncc3)CC2)C1,5.596962925619413,ncgc;veith
COc1ccccc1CN1CC2(CCN(S(C)(=O)=O)CC2)C1,4.00166905897837,ncgc
COc1ccccc1CN1CCC2(CC1)CCN(C(=O)c1c(C)noc1C)CC2,4.596954724317373,ncgc;veith
COc1ccccc1CN1CCC2(CC1)CCN(C(=O)c1cccc(F)c1)CC2,5.096953661274842,ncgc;veith
COc1ccccc1CN1CCC2(CC1)CCN(C(=O)c1cccn1C)CC2,4.89695369244143,ncgc;veith
COc1ccccc1CN1CCC2(CC1)CCN(C(=O)c1ccco1)CC2,4.396953559925658,ncgc;veith
COc1ccccc1CN1CCC2(CC1)CCN(C(=O)c1ccncc1)CC2,4.9969534480296955,ncgc;veith
COc1ccccc1CN1CCC2(CC1)CCN(C(=O)c1csnn1)CC2,5.196951293391612,ncgc;veith
COc1ccccc1CN1CCC2(CC1)CCN(C(C)=O)CC2,4.796954045378592,ncgc;veith
COc1ccccc1CN1CCC2(CC1)CCN(S(=O)(=O)c1ccccc1)CC2,6.296940946851727,ncgc;veith
COc1ccccc1CN1CCC2(CC1)CCN(S(C)(=O)=O)CC2,7.196440396836527,ncgc;veith
COc1ccccc1CN1CCC2(CCNCC2)CC1,6.99711144074634,ncgc;veith
COc1ccccc1CN1CCCC2(CCN(C(=O)Oc3ccccc3)CC2)C1,4.89695369244143,ncgc;veith
COc1ccccc1CN1CCCC2(CCN(C(=O)c3c(C)noc3C)CC2)C1,4.396953559925658,ncgc;veith
COc1ccccc1CN1CCCC2(CCN(C(=O)c3cccc(F)c3)CC2)C1,4.89695369244143,ncgc;veith
COc1ccccc1CN1CCCC2(CCN(C(=O)c3cccn3C)CC2)C1,4.9969534480296955,ncgc;veith
COc1ccccc1CN1CCCC2(CCN(C(=O)c3ccco3)CC2)C1,5.096953661274842,ncgc;veith
COc1ccccc1CN1CCCC2(CCN(C(=O)c3ccncc3)CC2)C1,4.9969534480296955,ncgc;veith
COc1ccccc1CN1CCCC2(CCN(C(=O)c3cnccn3)CC2)C1,4.89695369244143,ncgc;veith
COc1ccccc1CN1CCCC2(CCN(C(=O)c3csnn3)CC2)C1,5.596962925619413,ncgc;veith
COc1ccccc1CN1CCCC2(CCN(C(C)=O)CC2)C1,4.9969534480296955,ncgc;veith
COc1ccccc1CN1CCCC2(CCN(S(=O)(=O)c3ccccc3)CC2)C1,5.996974049257448,ncgc;veith
COc1ccccc1CN1CCCC2(CCN(S(C)(=O)=O)CC2)C1,6.69694058165962,ncgc;veith
COc1ccccc1CN1CCCC2(CCNCC2)C1,4.196955646610027,ncgc;veith
COc1ccccc1CN1CC[C@@]2(CCCN(C(=O)c3cc(C(F)(F)F)cc(C(F)(F)F)c3)C2)C1,5.196951293391612,ncgc;veith
COc1ccccc1CN1CC[C@@]2(CCCN(C(=O)c3cccc(F)c3)C2)C1,6.296940946851727,ncgc;veith
COc1ccccc1CN1CC[C@@]2(CCCN(C(=O)c3cccn3C)C2)C1,5.996974049257448,ncgc;veith
COc1ccccc1CN1CC[C@@]2(CCCN(C(=O)c3ccco3)C2)C1,5.7969497127886624,ncgc;veith
COc1ccccc1CN1CC[C@@]2(CCCN(C(=O)c3ccncc3)C2)C1,5.4969551427270105,ncgc;veith
COc1ccccc1CN1CC[C@@]2(CCCN(C(=O)c3cnccn3)C2)C1,5.196951293391612,ncgc;veith
COc1ccccc1CN1CC[C@@]2(CCCN(C(C)=O)C2)C1,4.9969534480296955,ncgc;veith
COc1ccccc1CN1CC[C@@]2(CCCN(S(=O)(=O)c3ccccc3)C2)C1,7.4969551427270105,ncgc;veith
COc1ccccc1CN1CC[C@@]2(CCCN(S(C)(=O)=O)C2)C1,5.996974049257448,ncgc;veith
COc1ccccc1CNC(=O)CSc1nc2nc(C)cc(C)n2n1,4.292241779935917,veith
COc1ccccc1CNC(=O)Cn1nnc(-c2ccncc2)n1,5.142241126006169,veith
COc1ccccc1CNCC(O)(c1ccc(Cl)cc1)c1ccc(Cl)cc1,5.992240583789779,veith
COc1ccccc1CNCCCCCCNCCCCCCCCNCCCCCCNCc1ccccc1OC,4.00166905897837,ncgc
COc1ccccc1CNCc1cccs1.Cl,5.592241033466911,veith
COc1ccccc1CNc1cc(-c2c(C)noc2C)ncn1,4.101668763344926,ncgc
COc1ccccc1CNc1cc(-c2ccc(C(=O)N(C)C)cc2)ncn1,4.401667797519954,ncgc
COc1ccccc1CNc1cc(-c2ccccc2C(F)(F)F)ncn1,3.9016695663778864,ncgc
COc1ccccc1CNc1cc(-c2ccccc2C)ncn1,4.301670255124509,ncgc
COc1ccccc1CNc1cc(-c2ccccc2CN(C)C)ncn1,4.89695369244143,ncgc;veith
COc1ccccc1CNc1cc(-c2ccccc2Cl)ncn1,4.396953559925658,ncgc;veith
COc1ccccc1CNc1cc(-c2ccccc2OC)ncn1,4.196955646610027,ncgc;veith
COc1ccccc1CNc1cc(-c2cccnc2)ncn1,4.796954045378592,ncgc;veith
COc1ccccc1CNc1cc(-c2ccoc2)ncn1,4.2969560175302135,ncgc;veith
COc1ccccc1CNc1ccnc(-c2c(C)noc2C)n1,4.201669884204322,ncgc
COc1ccccc1CNc1ccnc(-c2ccc(C(=O)N(C)C)cc2)n1,3.9016695663778864,ncgc
COc1ccccc1CNc1ccnc(-c2ccc(N(C)C)cc2)n1,5.7969497127886624,ncgc;veith
COc1ccccc1CNc1ccnc(-c2ccc3c(c2)OCO3)n1,5.596962925619413,ncgc;veith
COc1ccccc1CNc1ccnc(-c2cccc(C#N)c2)n1,4.096954525750631,ncgc;veith
COc1ccccc1CNc1ccnc(-c2cccc(NS(C)(=O)=O)c2)n1,3.9016695663778864,ncgc
COc1ccccc1CNc1ccnc(-c2ccccc2C(F)(F)F)n1,3.9016695663778864,ncgc
COc1ccccc1CNc1ccnc(-c2ccccc2CN(C)C)n1,6.396941486272403,ncgc;veith
COc1ccccc1CNc1ccnc(-c2ccccc2Cl)n1,4.396953559925658,ncgc;veith
COc1ccccc1CNc1ccnc(-c2ccccc2OC)n1,5.296954647425311,ncgc;veith
COc1ccccc1CNc1ccnc(-c2cccnc2)n1,4.9969534480296955,ncgc;veith
COc1ccccc1CNc1ccnc(-c2ccoc2)n1,4.2969560175302135,ncgc;veith
COc1ccccc1CNc1nc(-c2c(C)noc2C)nc2ccccc12,4.596954724317373,ncgc;veith
COc1ccccc1CNc1nc(-c2ccc(C(=O)N(C)C)cc2)nc2ccccc12,4.201669884204322,ncgc
COc1ccccc1CNc1nc(-c2ccc(N(C)C)cc2)nc2ccccc12,4.4969551427270105,ncgc;veith
COc1ccccc1CNc1nc(-c2ccc3c(c2)OCO3)nc2ccccc12,4.4969551427270105,ncgc;veith
COc1ccccc1CNc1nc(-c2cccc(C#N)c2)nc2ccccc12,4.4969551427270105,ncgc;veith
COc1ccccc1CNc1nc(-c2cccc(NS(C)(=O)=O)c2)nc2ccccc12,5.096953661274842,ncgc;veith
COc1ccccc1CNc1nc(-c2ccccc2CN(C)C)nc2ccccc12,4.4969551427270105,ncgc;veith
COc1ccccc1CNc1nc(-c2ccccc2OC)nc2ccccc12,6.59704495568056,ncgc;veith
COc1ccccc1CNc1nc(-c2cccnc2)nc2ccccc12,4.101668763344926,ncgc
COc1ccccc1CNc1nc(-c2ccoc2)nc2ccccc12,4.696954347372703,ncgc;veith
COc1ccccc1CNc1ncnc2ccc(-c3c(C)noc3C)cc12,3.9016695663778864,ncgc
COc1ccccc1CNc1ncnc2ccc(-c3ccc(C(=O)N(C)C)cc3)cc12,3.9016695663778864,ncgc
COc1ccccc1CNc1ncnc2ccc(-c3ccc(N(C)C)cc3)cc12,4.4969551427270105,ncgc;veith
COc1ccccc1CNc1ncnc2ccc(-c3ccc4c(c3)OCO4)cc12,5.596962925619413,ncgc;veith
COc1ccccc1CNc1ncnc2ccc(-c3cccc(C#N)c3)cc12,5.1016670343933495,ncgc
COc1ccccc1CNc1ncnc2ccc(-c3cccc(NS(C)(=O)=O)c3)cc12,4.201669884204322,ncgc
COc1ccccc1CNc1ncnc2ccc(-c3ccccc3C#N)cc12,4.9969534480296955,ncgc;veith
COc1ccccc1CNc1ncnc2ccc(-c3ccccc3CN(C)C)cc12,5.096953661274842,ncgc;veith
COc1ccccc1CNc1ncnc2ccc(-c3ccccc3OC)cc12,4.396953559925658,ncgc;veith
COc1ccccc1CNc1ncnc2ccc(-c3cccnc3)cc12,4.796954045378592,ncgc;veith
COc1ccccc1CNc1ncnc2ccc(-c3ccoc3)cc12,4.9969534480296955,ncgc;veith
COc1ccccc1CNc1ncncc1-c1ccc(C(=O)N(C)C)cc1,3.9016695663778864,ncgc
COc1ccccc1CNc1ncncc1-c1ccc(N(C)C)cc1,4.796954045378592,ncgc;veith
COc1ccccc1CNc1ncncc1-c1ccc2c(c1)OCO2,5.096953661274842,ncgc;veith
COc1ccccc1CNc1ncncc1-c1cccc(C#N)c1,4.2969560175302135,ncgc;veith
COc1ccccc1CNc1ncncc1-c1cccc(NS(C)(=O)=O)c1,4.396953559925658,ncgc;veith
COc1ccccc1CNc1ncncc1-c1ccccc1C,4.4969551427270105,ncgc;veith
COc1ccccc1CNc1ncncc1-c1ccccc1C(F)(F)F,5.196951293391612,ncgc;veith
COc1ccccc1CNc1ncncc1-c1ccccc1CN(C)C,4.396953559925658,ncgc;veith
COc1ccccc1CNc1ncncc1-c1ccccc1Cl,5.196951293391612,ncgc;veith
COc1ccccc1CNc1ncncc1-c1ccccc1OC,4.4969551427270105,ncgc;veith
COc1ccccc1CNc1ncncc1-c1cccnc1,4.196955646610027,ncgc;veith
COc1ccccc1CNc1ncncc1-c1ccoc1,4.196955646610027,ncgc;veith
COc1ccccc1C[C@@H](Cc1nc2ccccc2[nH]1)c1nc2ccccc2[nH]1,7.501669380321306,ncgc
COc1ccccc1N,3.9934993159037004,tox21
COc1ccccc1N.Cl,4.398429092474681,tox21
COc1ccccc1N1CCC(NC(=O)C2CC2(Cl)Cl)C1,4.726028417992346,challenge
COc1ccccc1N1CCC(NC(=O)Cc2noc3ccccc23)C1,5.0846472719923455,challenge
COc1ccccc1N1CCN(C(=O)/C=C/c2ccc3c(c2)OCO3)CC1,4.092240288156335,veith
COc1ccccc1N1CCN(C(=O)c2cc(-c3ccc(Cl)cc3)n[nH]2)CC1,4.942207587741032,pharmabench
COc1ccccc1N1CCN(C(=O)c2cc(-c3ccc(Cl)cc3)nn2C)CC1,3.9569308445617386,pharmabench
COc1ccccc1N1CCN(CC(O)COc2cccc3ccccc23)CC1,5.675395191838055,challenge;tox21
COc1ccccc1N1CCN(CCCCN2C(=O)c3ccccc3C2=O)CC1,4.446954351326335,ncgc;veith
COc1ccccc1N1CCN(CCCCNC(=O)c2ccc(-c3ccc(C(C)=O)cc3)cc2)CC1,5.234419181965621,tox21
COc1ccccc1N1CCN(CCCCNC(=O)c2ccc3ccccc3c2)CC1,4.9469535702355625,ncgc;veith
COc1ccccc1N1CCN(CCCCNS(=O)(=O)c2cccc3c(N(C)C)cccc23)CC1,4.2969560175302135,ncgc;veith
COc1ccccc1N1CCN(CCCNc2cc(=O)n(C)c(=O)n2C)CC1.Cl,4.384416994074168,tox21
COc1ccccc1N1CCN(CCN(C(=O)C2CCCCC2)c2ccccn2)CC1,4.00166905897837,ncgc
COc1ccccc1N1CCN(CCN(C(=O)c2ccc(F)cc2)c2ccccn2)CC1,4.4969551427270105,ncgc;veith
COc1ccccc1N1CCN(CCN(C(=O)c2ccc(I)cc2)c2ccccn2)CC1,4.901666293693565,ncgc
COc1ccccc1N1CCN(C[C@@H](C(=O)NC(C)(C)C)c2ccccc2)CC1,4.196955646610027,ncgc;veith
COc1ccccc1N1CCN(C[C@@H](O)COc2cccc3ccccc23)CC1,5.996974049257448,ncgc;veith
COc1ccccc1N1CCN(Cc2cc(=O)n3ccsc3n2)CC1,4.142241126006169,veith
COc1ccccc1NC(=O)C1=C(C)Nc2nnnn2C1c1cccc(Br)c1,4.292241779935917,veith
COc1ccccc1NC(=O)CC1COc2ccccc2O1,4.3922393223313625,veith
COc1ccccc1NC(=O)CN1CCC(C(=O)c2ccc(F)cc2)CC1,4.092240288156335,veith
COc1ccccc1NC(=O)CN1CCN(C2c3ccccc3-c3ccccc32)CC1,7.092240288156335,veith
COc1ccccc1NC(=O)COC(=O)c1ccc(S(=O)(=O)NCc2ccco2)cc1,4.442240306846953,veith
COc1ccccc1NC(=O)Cc1csc(NC(=S)Nc2ccc(C)cc2)n1,4.292241779935917,veith
COc1ccccc1NC(=O)N1CCCC1C(=O)NCc1ccc2c(c1)OCO2,4.342240150210577,veith
COc1ccccc1NC(=O)c1ccc(-n2cccn2)nc1,4.592241033466911,veith
COc1ccccc1NC(=S)NCCc1ccccc1,4.642240772861618,veith
COc1ccccc1NCC(=O)N1CCN(C)c2ccccc2C1,4.327720429992346,challenge
COc1ccccc1NS(=O)(=O)c1cccc(C(=O)OCC(=O)Nc2cc(C)on2)c1,3.992240583789779,veith
COc1ccccc1OCC(O)CN1CCN(CC(=O)Nc2c(C)cccc2C)CC1,4.43441675507263,tox21
COc1ccccc1OCCCCCc1c(C)n[nH]c1C,4.442240306846953,veith
COc1ccccc1OCCCOc1ccc([N+](=O)[O-])cc1Cl,4.442240306846953,veith
COc1ccccc1OCCN1C(=O)S/C(=C\c2ccco2)C1=O,4.342240150210577,veith
COc1ccccc1OCCNCC(O)COc1cccc2[nH]c3ccccc3c12,5.606235451992346,challenge
COc1ccccc1OCCNCC(O)COc1cccc2[nH]c3ccccc3c12.O=C(O)C(O)C(O)C(=O)O,5.284419304981489,tox21
COc1ccccc1OC[C@H](O)CN1CCN(CC(=O)Nc2c(C)cccc2C)CC1,3.9016695663778864,ncgc
COc1ccccc1[C@H](O)CNC1CCc2cc(F)c(Cl)cc21,6.390924589992346,challenge
COc1ccccc1[C@H]1CN(c2nc(-c3ccncn3)cc(=O)n2C)CCO1,4.215208859804769,pharmabench
COc1cccnc1[C@H](C)c1c(CCN(C)C)sc2ccccc12,4.441605237171847,pharmabench
COc1ccnc(CS(=O)c2nc3cc(OC(F)F)ccc3[n-]2)c1OC.[Na+],4.520425589353723,tox21
COc1ccnc(CS(=O)c2nc3ccc(OC(F)F)cc3[nH]2)c1OC,5.134423160747318,tox21
COc1ccnc2c1CCCCC2S(=O)c1nc2ccccc2[nH]1,6.084428617243388,tox21
COc1ccncc1-c1ccc(CN)o1,4.340147596413069,pharmabench
COc1cnc(C(=O)Nc2ccc(F)c([C@@]3(C)N=C(N)CO[C@@H]3F)c2)cn1,5.64117759207705,pharmabench
COc1cnc(SCc2ccc(Cl)cc2)nc1Cl,4.242240761051421,veith
COc1cnc2ccc(=O)n(CCN3CCC(c4nc5cc(C#N)c(C)cc5[nH]4)CC3)c2c1,3.972170811118475,pharmabench
COc1cnc2ncnc(N(CC(C)C)CC3CCN(C)CC3)c2c1,4.540184199992345,challenge
COc1cnccc1N1CCN(C(=O)Cc2nsc3ccccc23)CC1,5.046620686992346,challenge
COc1csc(C(=O)NC2CCN(CCc3ccccc3)CC2)c1,6.105134496992346,challenge
COc1nc(C)cc(N2Cc3cn(-c4cccc(S(C)(=O)=O)c4)nc3[C@H]2C(C)C)n1,4.035513476480263,pharmabench
COc1nc(C2=NOC[C@H](c3cc4ccccc4o3)N2)ccc1-n1cnc(C)c1,5.118298846796713,pharmabench
COc1nc(N)nc2nc[nH]c12,4.5725452562645135,tox21
COc1ncc(C)cc1NC(=O)N1CCC(N(C)c2ccccc2)CC1,5.160115206992345,challenge
COc1ncc(Cl)c(N2CCN(CCc3ccccc3)CC2)n1,5.838852067992345,challenge
COc1ncc(F)c(N2Cc3cn(-c4cccc(S(C)(=O)=O)c4)nc3[C@H]2C(C)C)n1,4.315183291906686,pharmabench
COc1ncc2nc(-c3cc(F)cc(F)c3)c(=O)n(Cc3cccs3)c2n1,4.396953559925658,ncgc;veith
COc1ncc2nc(-c3ccc(Cl)cc3)c(=O)n(CCC#N)c2n1,5.701640021077171,ncgc
COc1ncc2nc(-c3ccc(Cl)cc3)c(=O)n(C[C@H]3CCCO3)c2n1,4.4969551427270105,ncgc;veith
COc1ncc2nc(-c3ccc(Cl)cc3)c(=O)n(Cc3cccs3)c2n1,5.096953661274842,ncgc;veith
COc1ncc2nc(-c3ccc(F)cc3)c(=O)n(CCC#N)c2n1,4.596954724317373,ncgc;veith
COc1ncc2nc(-c3ccc(F)cc3)c(=O)n(C[C@H]3CCCO3)c2n1,4.2969560175302135,ncgc;veith
COc1ncc2nc(-c3cccc(C#N)c3)c(=O)n(CCC#N)c2n1,4.2969560175302135,ncgc;veith
COc1ncc2nc(-c3ccccc3)c(=O)n(CCC#N)c2n1,4.396953559925658,ncgc;veith
COc1ncc2nc(-c3ccccc3)c(=O)n(Cc3cccs3)c2n1,3.9016695663778864,ncgc
COc1ncc2nc(-c3cccs3)c(=O)n(Cc3ccc(F)cc3)c2n1,5.896959146963251,ncgc;veith
COc1ncc2nc(-c3cccs3)c(=O)n(Cc3cccs3)c2n1,4.89695369244143,ncgc;veith
COc1ncc2nc(-c3cn(C)c4ccccc34)c(=O)n(CCc3ccccc3)c2n1,4.00166905897837,ncgc
COc1ncc2nc(C)c(=O)n(Cc3cccs3)c2n1,4.101668763344926,ncgc
COc1ncc2nc(CCc3ccccc3)c(=O)n(C)c2n1,4.201669884204322,ncgc
COc1ncc2nc(CCc3ccccc3)c(=O)n(C3CC3)c2n1,4.2969560175302135,ncgc;veith
COc1ncc2nc(CCc3ccccc3)c(=O)n(CCC#N)c2n1,4.101668763344926,ncgc
COc1ncc2nc(CCc3ccccc3)c(=O)n(Cc3cccs3)c2n1,4.396953559925658,ncgc;veith
COc1ncc2ncc(=O)n(CCc3ccccc3)c2n1,3.9016695663778864,ncgc
COc1nccc(-c2c(-c3ccc(F)cc3)ncn2C2CCC(O)CC2)n1,4.396953559925658,ncgc;veith
COc1ncccc1[C@@H](C)c1c(CCN(C)C)sc2ccccc12,4.437057609421125,pharmabench
COc1nccnc1CC1=C(CCN(C)C)Cc2cc(Cl)ccc21,5.580479751723439,pharmabench
COc1nccnc1[C@H](C)C1=C(CCN(C)C)Cc2cc(F)ccc21,4.613148868476807,pharmabench
COc1ncnc(N2Cc3cn(-c4cccc(S(C)(=O)=O)c4)nc3[C@H]2C(C)C)c1F,3.9879650783017064,pharmabench
COc1nn(C)cc1NC(=O)N1CC(Cc2ccccc2Br)C1,4.524936857992346,challenge
COn1c(SCc2ccc(C)cc2C)nc2ccccc2c1=O,4.692241142242068,veith
COn1c(SCc2ccc(Cl)cc2)nc2ccccc2c1=O,4.842240508595863,veith
COn1c(SCc2cccc(Cl)c2)nc2ccccc2c1=O,5.542240874986129,veith
CS(=O)(=O)CCNCc1ccc(-c2ccc3ncnc(Nc4ccc(OCc5cccc(F)c5)c(Cl)c4)c3c2)o1,4.584416971394304,tox21
CS(=O)(=O)Cc1ccc(C(=O)NCC2CCN(Cc3cccs3)CC2)o1,4.583395131992345,challenge
CS(=O)(=O)N(CC(=O)Nc1c(F)cccc1F)c1ccc(C23CC4CC(CC(C4)C2)C3)cc1,4.842240508595863,veith
CS(=O)(=O)N(CC(=O)Nc1cccc(F)c1)c1cccc([N+](=O)[O-])c1,5.692241142242068,veith
CS(=O)(=O)N(Cc1ccccc1-c1ccccc1)[C@@H]1CCNC1,4.809065600697173,pharmabench
CS(=O)(=O)N(c1ccccc1)c1cc(C(=O)N[C@@H](Cc2ccccc2)[C@H](O)CNCc2cccc(C(F)(F)F)c2)cc(C2CCCC2)c1,4.851127118393699,pharmabench
CS(=O)(=O)N1CC(C(=O)NC2CCCC2)Oc2ccc(Cl)cc21,4.442240306846953,veith
CS(=O)(=O)N1CCC(Oc2ccc3c(c2)CCN(C2CCC2)CC3)CC1,4.305385490153857,pharmabench
CS(=O)(=O)N1CCC2(CC1)CN(C(c1ccccc1)c1ccccc1)C2,5.096953661274842,ncgc;veith
CS(=O)(=O)N1CCC2(CC1)CN(Cc1cc(C(F)(F)F)cc(C(F)(F)F)c1)C2,5.896959146963251,ncgc;veith
CS(=O)(=O)N1CCC2(CC1)CN(Cc1ccccc1)C2,4.2969560175302135,ncgc;veith
CS(=O)(=O)N1CCC2(CC1)CN(Cc1ccncc1)C2,4.201669884204322,ncgc
CS(=O)(=O)N1CCC2(CC1)CN(c1ccccc1)C2,5.396958734553992,ncgc;veith
CS(=O)(=O)N1CCC2(CCCN(C(c3ccccc3)c3ccccc3)C2)CC1,4.796954045378592,ncgc;veith
CS(=O)(=O)N1CCC2(CCCN(Cc3ccc(C#N)cc3)C2)CC1,4.201669884204322,ncgc
CS(=O)(=O)N1CCC2(CCCN(Cc3ccccc3)C2)CC1,6.59704495568056,ncgc;veith
CS(=O)(=O)N1CCC2(CCCN(Cc3ccncc3)C2)CC1,5.296954647425311,ncgc;veith
CS(=O)(=O)N1CCC2(CCCN(c3ccccn3)C2)CC1,4.101668763344926,ncgc
CS(=O)(=O)N1CCC2(CCCN(c3ncccn3)C2)CC1,4.2969560175302135,ncgc;veith
CS(=O)(=O)N1CCC2(CCN(C(c3ccccc3)c3ccccc3)CC2)CC1,4.9969534480296955,ncgc;veith
CS(=O)(=O)N1CCC2(CCN(Cc3ccncc3)CC2)CC1,4.101668763344926,ncgc
CS(=O)(=O)N1CCC2(CCN(c3ccccn3)CC2)CC1,3.9016695663778864,ncgc
CS(=O)(=O)N1CCC2(CCN(c3ccncc3)CC2)CC1,4.101668763344926,ncgc
CS(=O)(=O)N1CCC[C@@]2(CCN(C(c3ccccc3)c3ccccc3)C2)C1,4.89695369244143,ncgc;veith
CS(=O)(=O)N1CCC[C@@]2(CCN(Cc3ccc(C#N)cc3)C2)C1,4.201669884204322,ncgc
CS(=O)(=O)N1CCC[C@@]2(CCN(Cc3ccccc3)C2)C1,4.9969534480296955,ncgc;veith
CS(=O)(=O)N1CCC[C@@]2(CCN(Cc3nccs3)C2)C1,3.9016695663778864,ncgc
CS(=O)(=O)N1CCN(c2ccccc2NC(=O)c2ccc(Br)o2)CC1,4.142241126006169,veith
CS(=O)(=O)N1CC[C@H](N(Cc2ccccc2)c2ccc(C#N)c(Cl)c2)C1,4.273200806782456,pharmabench
CS(=O)(=O)N1CC[C@H](N(Cc2ccccc2C(F)(F)F)c2ccc(C#N)c(Cl)c2)C1,4.243237583405013,pharmabench
CS(=O)(=O)N1CC[C@H](N(Cc2ccccc2F)c2ccc(C#N)c(Cl)c2)C1,4.164056337357388,pharmabench
CS(=O)(=O)N1CCc2c(NC(=O)NC3CC4CC4C3)cccc21,4.772708329992346,challenge
CS(=O)(=O)N1N=C(c2ccc(Br)cc2)CC1c1ccc2c(c1)OCO2,5.692241142242068,veith
CS(=O)(=O)NC[C@@H]1CCCN1C(=O)C[C@H](N)Cc1cc(F)c(F)cc1F,4.2670404980776375,pharmabench
CS(=O)(=O)Nc1ccc(-c2csc(Nc3ccc(Cn4cncn4)cc3)n2)cc1,2.0370063629923454,challenge
CS(=O)(=O)Nc1ccc(Cc2noc(-c3ccc4[nH]cc(CCN)c4c3)n2)cc1,6.396941486272403,ncgc;veith
CS(=O)(=O)Nc1ccc(Nc2c3ccccc3nc3ccccc23)cc1.CS(=O)(=O)O,4.9969534480296955,ncgc;veith
CS(=O)(=O)Nc1ccc([N+](=O)[O-])cc1OC1CCCCC1,6.797036381016095,ncgc;veith
CS(=O)(=O)Nc1cccc(-c2cc(NCc3ccccc3)ncn2)c1,4.00166905897837,ncgc
CS(=O)(=O)Nc1cccc(-c2cc(NCc3cccs3)ncn2)c1,4.196955646610027,ncgc;veith
CS(=O)(=O)Nc1cccc(-c2cc(Nc3ccccc3)ncn2)c1,4.101668763344926,ncgc
CS(=O)(=O)Nc1cccc(-c2ccc3ncnc(NCc4cccnc4)c3c2)c1,4.196955646610027,ncgc;veith
CS(=O)(=O)Nc1cccc(-c2ccc3ncnc(NCc4cccs4)c3c2)c1,4.196955646610027,ncgc;veith
CS(=O)(=O)Nc1cccc(-c2ccc3ncnc(Nc4ccc(F)cc4)c3c2)c1,3.9016695663778864,ncgc
CS(=O)(=O)Nc1cccc(-c2ccc3ncnc(Nc4ccccc4)c3c2)c1,4.101668763344926,ncgc
CS(=O)(=O)Nc1cccc(-c2cncnc2NCc2ccccc2)c1,4.196955646610027,ncgc;veith
CS(=O)(=O)Nc1cccc(-c2cncnc2NCc2cccnc2)c1,3.9016695663778864,ncgc
CS(=O)(=O)Nc1cccc(-c2cncnc2NCc2cccs2)c1,4.396953559925658,ncgc;veith
CS(=O)(=O)Nc1cccc(-c2cncnc2Nc2ccc(F)cc2)c1,4.201669884204322,ncgc
CS(=O)(=O)Nc1cccc(-c2cncnc2Nc2ccccc2)c1,4.101668763344926,ncgc
CS(=O)(=O)Nc1cccc(-c2nc(-n3ccnc3)c3ccccc3n2)c1,4.4969551427270105,ncgc;veith
CS(=O)(=O)Nc1cccc(-c2nc(N3CCNCC3)c3ccccc3n2)c1,4.4969551427270105,ncgc;veith
CS(=O)(=O)Nc1cccc(-c2nc(NCc3ccccc3)c3ccccc3n2)c1,4.196955646610027,ncgc;veith
CS(=O)(=O)Nc1cccc(-c2nc(NCc3cccnc3)c3ccccc3n2)c1,4.196955646610027,ncgc;veith
CS(=O)(=O)Nc1cccc(-c2nc(NCc3cccs3)c3ccccc3n2)c1,4.4969551427270105,ncgc;veith
CS(=O)(=O)Nc1cccc(-c2nc(Nc3ccc(F)cc3)c3ccccc3n2)c1,3.9016695663778864,ncgc
CS(=O)(=O)Nc1cccc(-c2nc(Nc3ccccc3)c3ccccc3n2)c1,4.4969551427270105,ncgc;veith
CS(=O)(=O)Nc1cccc(-c2nc(Nc3ccncc3)c3ccccc3n2)c1,4.196955646610027,ncgc;veith
CS(=O)(=O)Nc1cccc(-c2nccc(-n3ccnc3)n2)c1,4.396953559925658,ncgc;veith
CS(=O)(=O)Nc1cccc(-c2nccc(NCc3ccccc3)n2)c1,4.101668763344926,ncgc
CS(=O)(=O)Nc1cccc(-c2nccc(NCc3cccs3)n2)c1,4.101668763344926,ncgc
CS(=O)(=O)Nc1cccc(-c2nccc(Nc3ccc(F)cc3)n2)c1,3.9016695663778864,ncgc
CS(=O)(=O)Nc1cccc(CC(=O)Nc2cc(-c3ccnc(F)c3)cs2)c1,4.479809589842076,pharmabench
CS(=O)(=O)O.CSc1ccc2c(c1)[C@H](N1CCN(C)CC1)Cc1ccccc1S2,4.89695369244143,ncgc;veith
CS(=O)(=O)O.Cc1c(C(=O)c2cccc3ccccc23)c2cccc3c2n1[C@H](CN1CCOCC1)CO3,4.301670255124509,ncgc
CS(=O)(=O)O.Cc1c(O)cccc1C(=O)N[C@@H](CSc1ccccc1)[C@H](O)CN1C[C@H]2CCCC[C@H]2C[C@H]1C(=O)NC(C)(C)C.O,4.509385488757096,tox21
CS(=O)(=O)O.Cc1cc(CCN2CCN(c3nsc4ccccc34)CC2)cc2c1NC(=O)CC2(C)C,4.473252039336182,tox21
CS(=O)(=O)O.Cc1ccc(N(CC2=NCCN2)c2cccc(O)c2)cc1,4.9969534480296955,ncgc;veith
CS(=O)(=O)O.Cc1ccc2c(c1)c1c3n2CCNC3CCC1,5.184424060232335,tox21
CS(=O)(=O)O.Cc1ccc2c(c1)c1c3n2CCN[C@H]3CCC1,5.396958734553992,ncgc;veith
CS(=O)(=O)O.Cc1nccn1-c1ccc(Sc2cccc(C3(C(N)=O)CCOCC3)c2)cc1,4.173252039198229,tox21
CS(=O)(=O)O.NC(=Nc1ccccc1)NC(=O)c1nc(Cl)c(N)nc1N,4.00166905897837,ncgc
CS(=O)(=O)O.O=C1CC2(CCCC2)CC(=O)N1CCNCC1COc2ccccc2O1,6.134423160747318,tox21
CS(=O)(=O)O.OC(CCN1CCCCC1)(c1ccccc1)c1ccccc1,4.796954045378592,ncgc;veith
CS(=O)(=O)O.O[C@@H](c1cc(C(F)(F)F)nc2c(Cl)cc(Cl)cc12)[C@@H]1CCCCN1,4.9969534480296955,ncgc;veith
CS(=O)(=O)O.Oc1ccc2c3c1O[C@H]1c4oc5ccccc5c4C[C@]4(O)[C@H](C2)N(CC2CC2)CC[C@@]314,5.396958734553992,ncgc;veith
CS(=O)(=O)O.S=C=Nc1cccc(C2(N3CCCCC3)CCCCC2)c1,4.101668763344926,ncgc
CS(=O)(=O)OCCCCOS(C)(=O)=O,4.072544360826172,tox21
CS(=O)(=O)[C@@H]1CCCC[C@H]1NC(=O)c1cc2cc(Cl)sc2[nH]1,4.921869407992346,challenge
CS(=O)(=O)c1cc(CNC(=O)[C@@H]2C[C@H]2c2ccc(Cl)s2)cc(C(F)(F)F)c1,4.554201894992346,challenge
CS(=O)(=O)c1ccc(-c2cn3ccccc3n2)cc1,4.134416852957513,tox21
CS(=O)(=O)c1ccc(-n2nc(C(F)(F)F)c3c2CCCC3)cc1,4.64117759207705,pharmabench
CS(=O)(=O)c1ccc(C(O)CN2CCC(C(O)c3ccccc3)CC2)cc1,4.471142267992346,challenge
CS(=O)(=O)c1ccc(CNC(=O)[C@H]2C[C@@H]2c2ccncc2)s1,4.703796021992345,challenge
CS(=O)(=O)c1ccc(Cn2nc(-c3ccc(F)cc3)ccc2=O)cc1,3.9189493349923454,challenge
CS(=O)(=O)c1ccc(NC(=O)NC2CCN(c3ccccn3)C2)cc1,4.427315032992346,challenge
CS(=O)(=O)c1ccc(NC2CCN(c3ccccc3)C2)c(S(C)(=O)=O)c1,2.121788271992345,challenge
CS(=O)(=O)c1ccc([C@@H](CC2CCCC2)C(=O)Nc2cnccn2)cc1Cl,3.9732520511108227,tox21
CS(=O)(=O)c1ccc([C@@H](O)[C@@H](CO)NC(=O)C(Cl)Cl)cc1,3.667263389982475,tox21
CS(=O)(=O)c1ccc2c(c1)CCC1(CCN(C(=O)Cc3ccc(Cl)cc3Cl)CC1)O2,4.419328842460694,pharmabench
CS(=O)(=O)c1ccc2c(c1)nc1n2C[C@H](N)[C@@H](c2cc(F)c(F)cc2F)C1,5.243237583405013,pharmabench
CS(=O)(=O)c1ccc2nc(N3CCN(C(=O)[C@@H]4CCCC[C@H]4C(=O)NC4(C#N)CC4)CC3)sc2c1,5.619327014642725,pharmabench
CS(=O)(=O)c1cccc(NC(=O)NCC2CCN(c3ccc(F)cc3)C2)c1,2.1615020749923453,challenge
CS(=O)(=O)c1ccccc1COC(=O)Nc1ccc(Cl)cc1,4.492240905132714,veith
CS(=O)c1ccc(-c2nc(-c3ccc(F)cc3)c(-c3ccncc3)[nH]2)cc1,3.9016695663778864,ncgc
CSC(=NC#N)N1CCN(c2ccc(Cl)cc2)CC1,5.992240583789779,veith
CSC(=O)c1cccc2nnsc12,4.023251954306619,tox21
CSC(CO)C(C)NCC(O)Cn1c(-c2ccccc2)noc1=O,5.435623281992346,challenge
CSC(N)=[NH2+].CSC(N)=[NH2+].O=S(=O)([O-])[O-],6.797036381016095,ncgc;veith
CSC([N-]/N=C/c1cccc(C)n1)=S=[Cu].CS[C@H]([S-])[N-]/N=C/c1cccc(C)n1,4.9969534480296955,ncgc;veith
CSC1(SC2=NCCN2)SC2(NCCN2)S1,4.89695369244143,ncgc;veith
CSC1=N[C@@](C)(c2ccccc2)C(=O)N1Nc1ccccc1,3.6618385118054864,tox21
CSCCC=O,3.9732520511108227,tox21
CSc1cc2c(cc1C(F)(F)F)N(C(=O)Nc1cccnc1)CC2,3.9969548213840747,ncgc;veith
CSc1ccc(C#N)cc1NC(=O)c1cccc(Cl)c1,4.492240905132714,veith
CSc1ccc(C(=O)C(C)(C)N2CCOCC2)cc1,5.173245141474492,tox21
CSc1ccc(C(CNc2ncnc3cnn(C)c23)N(C)C)cc1,6.608682477992346,challenge
CSc1ccc(CCNC(=O)CSc2ccsc2[N+](=O)[O-])cc1,5.592241033466911,veith
CSc1ccc(CNc2ccc(C)c(C)c2)cc1,4.442240306846953,veith
CSc1ccc(Cl)c(C(=O)NCCOc2cc(C)ccc2C(C)C)c1,4.442240306846953,veith
CSc1ccc(NC(=O)NCCCN2CCN(c3ccccc3F)CC2)cc1,4.942241381558047,veith
CSc1ccc(NC(=O)NCCN2CCc3ccccc3C2)cc1,4.792241107578132,veith
CSc1ccc(OCCOC(=O)c2cncc3ccccc23)cc1,4.563390537992346,challenge
CSc1ccc(S(=O)(=O)Nc2ccc3c4c(cccc24)CC3)cc1,4.342240150210577,veith
CSc1ccc2c(c1)C(N1CCN(C)CC1)Cc1ccccc1S2,5.334412295551285,tox21
CSc1ccc2c(c1)N(CCC1CCCCN1C)c1ccccc1S2,6.17609542510079,challenge;tox21
CSc1ccc2c(c1)N(CCC1CCCCN1C)c1ccccc1S2.Cl,6.425167984012843,tox21
CSc1ccc2c(c1)N(CCCN(C)C)c1ccccc1S2,5.7969497127886624,ncgc;veith
CSc1ccc2c(c1)N(CC[C@H]1CCCCN1C)c1ccccc1S2,6.046945329820195,ncgc;veith
CSc1ccc2c(c1)[C@H](N1CCN(C)CC1)Cc1ccccc1S2,5.646964348341379,ncgc;veith
CSc1ccc2c(c1)c(CCN)c(C)n2Cc1ccccc1Cl,5.296954647425311,ncgc;veith
CSc1ccc2ncnc(N3CCC(O)(Cc4ccccc4F)CC3)c2c1,4.5402711619923455,challenge
CSc1cccc(NC(=O)CN(c2ccccc2)S(=O)(=O)N(C)C)c1,4.342240150210577,veith
CSc1cccc(NC(=O)Cn2cccc2)c1,4.342240150210577,veith
CSc1cccc(NC(=O)c2ccc(Cl)nc2)c1,4.342240150210577,veith
CSc1ccccc1CNc1ncc([N+](=O)[O-])c(NCC2CCC(CN)CC2)n1,4.747230984524976,pharmabench
CSc1ccccc1NC(=O)CSCc1ccc(C)cc1,4.342240150210577,veith
CSc1nc(C)cc(Nc2ccc(O)c(CN3CCCCC3)c2)n1,5.001666312269612,ncgc
CSc1nc(N)nc(SCC(=O)Nc2ccc(Cl)cc2)c1C#N,5.142241126006169,veith
CSc1nc(NC2CC2)nc(NC(C)(C)C)n1,3.9732520511108227,tox21
CSc1nc2cc(Cl)c(Oc3cccc(Cl)c3Cl)cc2[nH]1,4.566635014992346,challenge
CSc1nc2ccccc2cc1/C=C(\C#N)c1ccc(Cl)cc1Cl,5.292241779935917,veith
CSc1nc2ccccc2cc1/C=C(\C#N)c1cccc(C)c1,4.692241142242068,veith
CSc1nnc(C(C)(C)C)c(=O)n1N,4.025386627229776,tox21
CSc1nncn1/N=C/c1ccc2c(c1)OCO2,4.142241126006169,veith
CSc1nsc(SC)c1C(=O)Nc1ccc(C)cc1,4.492240905132714,veith
CSc1nsc(SC)c1NC(=O)OCc1ccccc1,4.492240905132714,veith
C[As+](C)(c1ccc(Br)c([N+](=O)[O-])c1)c1ccc(Br)c([N+](=O)[O-])c1.O=[N+]([O-])O,5.296954647425311,ncgc;veith
C[C@@H](/C=C\c1cccc(Oc2ccc(F)cc2)c1)N(O)C(N)=O,4.301669071833116,ncgc
C[C@@H](C(=O)NCC1CC1)[C@@H]1C[C@@]1(C)[C@@H](NC(=O)OCc1ccccc1)c1ccccc1,5.596962925619413,ncgc;veith
C[C@@H](C(=O)NCC1CC1)[C@H]1C[C@]1(C)[C@H](NC(=O)OCc1ccccc1)c1ccccc1,5.296954647425311,ncgc;veith
C[C@@H](C(=O)NCCF)[C@H]1C[C@]1(C)[C@H](NC(=O)OCc1ccccc1)c1ccccc1,4.696954347372703,ncgc;veith
C[C@@H](C(=O)NCCc1c[nH]c2ccccc12)[C@@H]1C[C@@]1(C)[C@@H](NC(=O)OCc1ccccc1)c1ccccc1,4.4969551427270105,ncgc;veith
C[C@@H](C(=O)NCCc1c[nH]c2ccccc12)[C@H]1C[C@]1(C)[C@H](NC(=O)OCc1ccccc1)c1ccccc1,5.196951293391612,ncgc;veith
C[C@@H](C(=O)NCc1ccc(C(F)(F)F)nc1)[C@H]1C[C@]1(C)[C@H](NC(=O)OCc1ccccc1)c1ccccc1,4.696954347372703,ncgc;veith
C[C@@H](C(=O)NCc1ccc(S(C)(=O)=O)cc1)[C@@H]1C[C@@]1(C)[C@@H](NC(=O)OCc1ccccc1)c1ccccc1,4.201669884204322,ncgc
C[C@@H](C(=O)NCc1ccc(S(C)(=O)=O)cc1)[C@H]1C[C@]1(C)[C@H](NC(=O)OCc1ccccc1)c1ccccc1,5.896959146963251,ncgc;veith
C[C@@H](C(=O)NCc1ccccc1)[C@@H]1C[C@@]1(C)[C@@H](NC(=O)OCc1ccccc1)c1ccccc1,5.096953661274842,ncgc;veith
C[C@@H](C(=O)NCc1ccccc1)[C@H]1C[C@]1(C)[C@H](NC(=O)OCc1ccccc1)c1ccccc1,5.896959146963251,ncgc;veith
C[C@@H](C(=O)NCc1ccccn1)[C@@H]1C[C@@]1(C)[C@@H](NC(=O)OCc1ccccc1)c1ccccc1,4.396953559925658,ncgc;veith
C[C@@H](C(=O)NCc1ccccn1)[C@H]1C[C@]1(C)[C@H](NC(=O)OCc1ccccc1)c1ccccc1,4.396953559925658,ncgc;veith
C[C@@H](C(=O)NCc1nc2ccccc2[nH]1)[C@@H]1C[C@@]1(C)[C@@H](NC(=O)OCc1ccccc1)c1ccccc1,4.301670255124509,ncgc
C[C@@H](C(=O)N[C@@H](CO)Cc1ccccc1)[C@@H]1C[C@@]1(C)[C@@H](NC(=O)OCc1ccccc1)c1ccccc1,4.101668763344926,ncgc
C[C@@H](C(=O)N[C@@H](CO)Cc1ccccc1)[C@H]1C[C@]1(C)[C@H](NC(=O)OCc1ccccc1)c1ccccc1,4.89695369244143,ncgc;veith
C[C@@H](C(=O)Nc1ccc2ccccc2c1)[C@@H]1C[C@@]1(C)[C@@H](N)c1ccccc1,4.396953559925658,ncgc;veith
C[C@@H](C(=O)Nc1ccc2ccccc2c1)[C@@H]1C[C@@]1(C)[C@@H](NC(=O)OCc1ccccc1)c1ccccc1,4.396953559925658,ncgc;veith
C[C@@H](C(=O)Nc1ccc2ccccc2c1)[C@@H]1C[C@@]1(C)[C@@H](NC(=O)c1ccncc1Cl)c1ccccc1,4.396953559925658,ncgc;veith
C[C@@H](C(=O)Nc1ccc2ccccc2c1)[C@H]1C[C@]1(C)[C@H](NC(=O)OCc1ccccc1)c1ccccc1,5.296954647425311,ncgc;veith
C[C@@H](C(=O)Nc1ccc2ccccc2c1)[C@H]1C[C@]1(C)[C@H](NC(=O)Oc1ccc(F)cc1)c1ccccc1,5.096953661274842,ncgc;veith
C[C@@H](C(=O)Nc1ccc2ccccc2c1)[C@H]1C[C@]1(C)[C@H](NC(=O)c1ccccc1)c1ccccc1,6.096945016706242,ncgc;veith
C[C@@H](C(=O)Nc1ccc2ccccc2c1)[C@H]1C[C@]1(C)[C@H](NC(=O)c1cccnc1)c1ccccc1,7.097117973498301,ncgc;veith
C[C@@H](C(=O)Nc1ccc2ccccc2c1)[C@H]1C[C@]1(C)[C@H](NC(=O)c1cnccn1)c1ccccc1,6.4969551427270105,ncgc;veith
C[C@@H](C(=O)Nc1ccc2ccccc2c1)[C@H]1C[C@]1(C)[C@H](NP(=O)(c1ccccc1)c1ccccc1)c1ccccc1,5.596962925619413,ncgc;veith
C[C@@H](C(=O)Nc1ccc2ccccc2c1)[C@H]1C[C@]1(C)[C@H](NS(=O)(=O)c1ccc(-c2ccccc2)cc1)c1ccccc1,5.196951293391612,ncgc;veith
C[C@@H](C(=O)Nc1ccc2ccccc2c1)[C@H]1C[C@]1(C)[C@H](NS(=O)(=O)c1ccc2ccccc2c1)c1ccccc1,4.9969534480296955,ncgc;veith
C[C@@H](C(=O)Nc1ccc2ccccc2c1)[C@H]1C[C@]1(C)[C@H](NS(=O)(=O)c1ccccc1)c1ccccc1,4.4969551427270105,ncgc;veith
C[C@@H](C(=O)O)c1ccc(C(=O)c2ccccc2)s1,4.596954724317373,ncgc;veith
C[C@@H](C(=O)O)c1ccc(N2Cc3ccccc3C2=O)cc1,4.601668415167836,ncgc
C[C@@H](C(=O)OC1C[C@H]2CC[C@@H](C1)N2C)c1ccc(Br)cc1,4.89695369244143,ncgc;veith
C[C@@H](C1=C(CCN(C)C)Cc2ccccc21)c1ccccn1,4.396953559925658,ncgc;veith
C[C@@H](C1=C(CCN(C)C)Cc2ccccc21)c1ccccn1.O=C(O)/C=C\C(=O)O,4.423004987045963,tox21
C[C@@H](CCCCC(=O)Nc1ccc(C(F)(F)F)cc1)NCCc1cnc[nH]1,4.796954045378592,ncgc;veith
C[C@@H](CCc1ccc(O)cc1)NCCc1ccc(O)c(O)c1,3.9016695663778864,ncgc
C[C@@H](CCc1ccccc1)NC[C@H](O)c1ccc(O)c(C(N)=O)c1,5.046952492916521,ncgc;veith
C[C@@H](CN(C)C)CN1c2ccccc2CCc2ccccc21,4.596953802652125,ncgc;veith
C[C@@H](CN(C)C)CN1c2ccccc2Sc2ccccc21.C[C@@H](CN(C)C)CN1c2ccccc2Sc2ccccc21.O=C(O)[C@@H](O)[C@@H](O)C(=O)O,7.259337406029668,ncgc;tox21;veith
C[C@@H](CN1CCC(Cc2ccccc2)CC1)[C@H](O)c1ccc(O)cc1,5.4969551427270105,ncgc;veith
C[C@@H](CN1c2ccccc2Sc2ccccc21)N(C)C,5.59696267132453,ncgc;veith
C[C@@H](CNC(=O)CCc1cncc2ccccc12)Oc1ccc(Cl)cc1,4.555822606992345,challenge
C[C@@H](CNC1CCCCC1)OC(=O)c1ccccc1,6.69694058165962,ncgc;veith
C[C@@H](CO)NC(=O)[C@H]1C=C2c3cccc4[nH]cc(c34)C[C@H]2N(C)C1,4.401667797519954,ncgc
C[C@@H](COc1ccc(/C=C\c2ccccc2)cc1)[N+](C)(C)C,5.001666312269612,ncgc
C[C@@H](COc1ccccc1)N(CCCl)Cc1ccccc1,5.796947797138518,ncgc;veith
C[C@@H](Cc1ccc(C=O)cc1)NC[C@@H](O)c1ccc(O)c(NCO)c1,4.4969551427270105,ncgc;veith
C[C@@H](Cc1ccc(Cl)cc1Cl)NO.Cc1ccc(S(=O)(=O)O)cc1,5.69694058165962,ncgc;veith
C[C@@H](Cc1ccc(O)cc1)NC[C@@H](O)c1cc(O)cc(O)c1,4.546955031454402,ncgc;veith
C[C@@H](Cc1ccc(OCC(=O)[O-])cc1)NC[C@H](O)c1cccc(Cl)c1,4.096954525750631,ncgc;veith
C[C@@H](Cc1ccc(OCC(=O)[O-])cc1)NC[C@H](O)c1cccc(Cl)c1.[Na+],4.00166905897837,ncgc
C[C@@H](Cc1cccc(C(F)(F)F)c1)NCCCc1ccccc1,7.396769078767552,ncgc;veith
C[C@@H](Cc1cccc(C(F)(F)F)c1)NCCOC(=O)c1ccccc1,7.2976270366514004,ncgc;veith
C[C@@H](Cc1ccccc1)NCCC(c1ccccc1)c1ccccc1.C[C@H](O)C(=O)O,7.4969551427270105,ncgc;veith
C[C@@H](N)[C@@H](C)Cc1ccccc1,4.89695369244143,ncgc;veith
C[C@@H](N)[C@@H](O)c1ccccc1.Cl,4.3344172940778565,tox21
C[C@@H](NC(=O)NCc1nc(C(C)(C)C)co1)c1ccc(Cl)cc1,4.578452717992346,challenge
C[C@@H](NC(=O)Nc1ccc2[nH]ncc2c1)c1cccc(Cl)c1,2.071858021992345,challenge
C[C@@H](NC(=O)Nc1cccc(-c2nnnn2C)c1)[C@@H](O)CN1CCC[C@@H](Cc2ccc(F)cc2)C1,5.004355494489876,pharmabench
C[C@@H](NC(=O)c1n[nH]c2ccccc12)C1CCN(C(=O)c2cnn(-c3ccncc3)c2)CC1,4.773710354992346,challenge
C[C@@H](NCCCc1cccc(C(F)(F)F)c1)c1cccc2ccccc12,7.242264824992346,challenge
C[C@@H](NCCCc1cccc(C(F)(F)F)c1)c1cccc2ccccc12.Cl,6.834024407173978,tox21
C[C@@H](N[C@@H]1CCCc2c1[nH]c1ccc(Br)cc21)c1ccccc1,6.215208859804769,pharmabench
C[C@@H](O)CN(CCN(C[C@@H](C)O)C[C@@H](C)O)C[C@@H](C)O.O=[N+]([O-])O.[Cu],4.89695369244143,ncgc;veith
C[C@@H](O)CNCC(=O)N1CCc2cccc(F)c2C1c1ccccc1,5.305385490153857,pharmabench
C[C@@H](O)CNCC(=O)N1CCc2ccccc2[C@@H]1C1CCCCC1,5.244204833293613,pharmabench
C[C@@H](O)[C@H]1C(=O)N2C(C(=O)O)=C(S[C@@H]3CN[C@H](C(=O)N(C)C)C3)[C@H](C)[C@H]12,4.3344172940778565,tox21
C[C@@H](OC[C@H](O)CNC(C)(C)Cc1ccc2ccccc2c1)c1ccccc1CCC(=O)O,4.437057609421125,pharmabench
C[C@@H](O[C@H]1CC[C@@H]2CN(C3=CC(=O)CC3)C[C@H]2[C@@H]1c1ccc(F)cc1)c1cc(C(F)(F)F)cc(C(F)(F)F)c1,3.8752607981104186,pharmabench
C[C@@H](O[C@H]1CN2C(=O)C=C(C3=CCN(C(C)(C)C)CC3)CC2[C@@H]1c1ccc(F)cc1)c1cc(C(F)(F)F)cc(C(F)(F)F)c1,3.8666606263485006,pharmabench
C[C@@H](O[C@H]1CN2C(=O)[C@H]3C[C@@](C)(O)C[C@H]3[C@H]2[C@@H]1c1ccc(F)cc1)c1cc(C(F)(F)F)cc(C(F)(F)F)c1,4.179279070348046,pharmabench
C[C@@H](O[C@H]1OCCN(Cc2n[nH]c(=O)[nH]2)[C@H]1c1ccc(F)cc1)c1cc(C(F)(F)F)cc(C(F)(F)F)c1,4.184416982767381,tox21
C[C@@H]([C@H](O)c1ccc(O)cc1)N1CCC(Cc2ccccc2)CC1,6.196983944657134,ncgc;veith
C[C@@H]([C@H](O)c1ccc(O)cc1)N1CCC(Cc2ccccc2)CC1.C[C@@H]([C@H](O)c1ccc(O)cc1)N1CCC(Cc2ccccc2)CC1.O=C(O)[C@@H](O)[C@@H](O)C(=O)O,5.7969497127886624,ncgc;veith
C[C@@H]([C@H](O)c1ccc(O)cc1)N1CCC(Cc2ccccc2)CC1.O=C(O)[C@@H](O)[C@@H](O)C(=O)O,5.4969551427270105,ncgc;veith
C[C@@H](c1ccccc1)N1C(=O)[C@H]2[C@@H]3[C@H](O)C=CC(=O)[C@H]3CC[C@H]2C1=O,4.901666293693565,ncgc
C[C@@H](c1ccccc1)N1C(=O)[C@H]2[C@H]3[C@H](O)[C@H](O)C/C(=N/OCc4ccccc4)[C@@H]3CC[C@@H]2C1=O,7.702328830867724,ncgc
C[C@@H](c1ccccn1)c1c(CCN(C)C)oc2ccccc12,4.900814902582807,pharmabench
C[C@@H](c1ccccn1)c1c(CCN2CCCC2)sc2ccccc12,4.987965078301706,pharmabench
C[C@@H](c1ncccc1Cl)c1c(CCN(C)C)sc2ccccc12,5.243237583405013,pharmabench
C[C@@H](c1ncccc1F)c1c(CCN(C)C)sc2ccccc12,4.817268851132732,pharmabench
C[C@@H]1/C=C\CC(=O)OC[C@H](C)C(=O)N[C@@H](Cc2ccccc2)C(=O)OC1,5.501669380321306,ncgc
C[C@@H]1/C=C\CC(=O)OC[C@H]2O[C@@H](C=C[C@@H]2O)[C@H](C)/C=C\CC(=O)OC1,5.001666312269612,ncgc
C[C@@H]1C(=O)NC2=Nc3cccc(Cl)c3CN21,3.9016695663778864,ncgc
C[C@@H]1CCCN(C[C@@H](O)CN2CCCc3ccccc32)C1,5.296954647425311,ncgc;veith
C[C@@H]1CCC[C@H](C)N1CCCC(O)(c1ccccc1)c1ccccn1,5.73440653898988,tox21
C[C@@H]1CC[C@@H]2C(=O)N3[C@@H](CC[C@@H](C)[C@@H]3c3ccc(-c4ccco4)cc3)C(=O)N2[C@H]1c1ccc(-c2ccco2)cc1,4.701667552503337,ncgc
C[C@@H]1CC[C@H]2C(=O)NC[C@@H](O)CN2[C@@H]1c1ccc(Br)cc1,5.001666312269612,ncgc
C[C@@H]1CC[C@H]2C(=O)O[C@H](CN=[N+]=[N-])CN2[C@@H]1c1ccc(Br)cc1,4.601668415167836,ncgc
C[C@@H]1CC[C@H]2C(C)(C)[C@H]3C[C@@]12CC[C@@]3(C)O,3.773606115829792,tox21
C[C@@H]1CC[C@H]2[C@H](C)[C@H]3[C@H](C[C@H]4[C@@H]5CC=C6C[C@@H](O)CC[C@@]6(C)[C@@H]5C[C@@H](O)[C@]34C)N2C1,6.396941486272403,ncgc;veith
C[C@@H]1CN(C2CCC(C#N)(c3ccc(F)cc3)CC2)CC[C@]1(C(=O)O)c1ccccc1.Cl,5.234419181965621,tox21
C[C@@H]1CN(CCCn2c3ccccc3c3ccccc32)C[C@H](C)N1,4.301670255124509,ncgc
C[C@@H]1CN(CCCn2c3ccccc3c3ccccc32)C[C@H](C)N1.Cl.Cl,5.984437495342514,tox21
C[C@@H]1CN(Cc2ccc(-n3ccnc3C(=O)N3CCC(Nc4cccc(F)c4)CC3)cc2)C[C@H](C)N1,3.9569308445617386,pharmabench
C[C@@H]1CN(Cc2ccccc2)CCN1c1nc(-c2ccncn2)cc(=O)n1C,4.097109547726775,pharmabench
C[C@@H]1CN(c2ccc(C#N)cc2)CCN1c1nc(-c2ccncn2)cc(=O)n1C,4.039117600749088,pharmabench
C[C@@H]1CN(c2ccccc2C#N)CCN1c1nc(-c2ccncn2)cc(=O)n1C,3.9879650783017064,pharmabench
C[C@@H]1CN(c2ccccc2F)CCN1c1nc(-c2ccncn2)cc(=O)n1C,4.140575241507865,pharmabench
C[C@@H]1CN(c2ccccn2)CCN1c1nc(-c2ccncn2)cc(=O)n1C,3.8172688511327317,pharmabench
C[C@@H]1CNCCN1S(=O)(=O)c1cccc2cnccc12,4.201669884204322,ncgc
C[C@@H]1CN[C@@H](C2CC2)C(=O)N(C)[C@H](C)C(=O)N[C@H](Cc2ccc(F)cc2)C(=O)NCCCc2ccccc2O1,3.495049556398812,pharmabench
C[C@@H]1COCCN1c1nc(N2CCOC[C@@H]2C)nc2[nH]c(-c3cccc4[nH]ccc34)nc12,4.3121188728128255,pharmabench
C[C@@H]1COC[C@@](CO)(CNC(=O)c2c(Cl)ccc3ccoc23)N1C,4.492268839992346,challenge
C[C@@H]1COC[C@@](CO)(CNS(=O)(=O)c2ccc(F)c3occc23)N1C,4.2826884769923454,challenge
C[C@@H]1C[C@@H](NCC(O)c2ccc(C(F)(F)F)cc2)c2ccccc2O1,7.467447947992346,challenge
C[C@@H]1C[C@@H]2[C@H]3CCC4=CC(=O)C=C[C@]4(C)[C@]3(F)[C@@H](O)C[C@@]2(C)[C@@]1(O)C(=O)CO,6.296940946851727,ncgc;veith
C[C@@H]1C[C@H](OC(=O)[C@@H](O)c2ccccc2)CC(C)(C)N1C,4.301670255124509,ncgc
C[C@@H]1C[C@H]2[C@@H]3CCC4=CC(=O)C=C[C@]4(C)[C@@]3(Cl)[C@@H](O)C[C@]2(C)[C@@]1(OC(=O)c1ccco1)C(=O)CCl,4.984415167151363,tox21
C[C@@H]1C[C@H]2[C@@H]3CCC4=CC(=O)C=C[C@]4(C)[C@@]3(F)[C@@H](O)C[C@]2(C)[C@@]1(O)C(=O)CO,3.816913630658461,tox21
C[C@@H]1C[C@H]2[C@@H]3CCC4=CC(=O)C=C[C@]4(C)[C@@]3(F)[C@@H](O)C[C@]2(C)[C@@]1(O)C(=O)COC(=O)c1ccncc1,4.584416971394304,tox21
C[C@@H]1Cc2cc3c(cc2C(c2ccc(N)cc2)=NN1)OCO3,3.9969548213840747,ncgc;veith
C[C@@H]1N=C(N)O[C@@H]1c1ccccc1,4.582545468300426,tox21
C[C@@H]1O[C@H](O[C@@H]2C[C@@H](O)[C@]3(CO)[C@H]4[C@H](O)C[C@]5(C)[C@@H](C6=CC(=O)OC6)CC[C@@]5(O)[C@@H]4CC[C@]3(O)C2)[C@@H](O)[C@H](O)[C@H]1O,6.797036381016095,ncgc;veith
C[C@@H]1[C@@H]2Cc3ccc(O)cc3[C@@]1(C)CCN2CC1CC1,3.9969548213840747,ncgc;veith
C[C@@H]1c2nnc(-c3csc(-c4ccc(F)cc4F)n3)n2CCN1C(=O)c1ccc(-c2cccs2)cc1,4.574230802446437,pharmabench
C[C@@H]1c2nnc(-c3csc(-c4ccccc4)n3)n2CCN1C(=O)c1ccc(F)cc1,3.686935082637725,pharmabench
C[C@@](N)(C(=O)O)c1ccc(C(=O)O)cc1,4.601668415167836,ncgc
C[C@@]1(c2cc(NC(=O)c3cnc(OCF)cn3)ccc2F)CCC(F)(F)C(N)=N1,5.419328842460694,pharmabench
C[C@@]1(c2cc(NC(=O)c3ncc(Cl)cc3Cl)ccc2F)CCOC(N)=N1,5.465086333021369,pharmabench
C[C@@]12C=CC(=O)C=C1CC[C@@H]1C2=CC[C@]2(C)[C@@H]1CC[C@H]2C(=O)CN1CCN(c2cc(N3CCCC3)nc(N3CCCC3)n2)CC1,4.096954525750631,ncgc;veith
C[C@@]12CCC(=O)C=C1CC[C@H]1[C@H]3CC[C@](O)(C(=O)CO)[C@]3(C)CC(=O)[C@@H]12,4.00166905897837,ncgc
C[C@@]12CC[C@H]3[C@@H](CC[C@H]4C[C@@H](O)CC[C@]43C)[C@H]1CC[C@@H]2C(=O)C[C@H](O)C(F)(F)F,4.901666293693565,ncgc
C[C@@]12CC[C@H]3[C@H](CC=C4C[C@@H](O)CC[C@@]43C)[C@@H]1CC[C@@H]2N(CCO)CCO,4.89695369244143,ncgc;veith
C[C@H](Br)CN(C[C@H](C)Br)c1ccc2c(c1)Cc1ccccc1-2,5.301667514914704,ncgc
C[C@H](C(=O)[O-])c1cccc(Oc2ccccc2)c1.C[C@H](C(=O)[O-])c1cccc(Oc2ccccc2)c1.O.O.[Ca+2],4.401667797519954,ncgc
C[C@H](C1=C(CCN(C)C)Cc2cc(F)ccc21)c1nccs1,5.419328842460694,pharmabench
C[C@H](C1=C(CCN(C)C)Cc2ccccc21)c1ccccn1,3.90744548148182,pharmabench
C[C@H](C1=C(CCN(C)C)Cc2ccccc21)c1cnccn1,3.7160374643420324,pharmabench
C[C@H](C1=C(CCN(C)CC2CCOCC2)Cc2ccccc21)c1cnccn1,4.447450225434428,pharmabench
C[C@H](C1=C(CCN(C)CCC(F)(F)F)Cc2ccccc21)c1cnccn1,4.560551105155245,pharmabench
C[C@H](C1=C(CCN(C)CCF)Cc2ccccc21)c1cnccn1,5.003521114825151,pharmabench
C[C@H](C1=C(CCN(C)Cc2ccco2)Cc2ccccc21)c1cnccn1,4.779543629473874,pharmabench
C[C@H](C1=C(CCN(C)Cc2ccncc2)Cc2ccccc21)c1cnccn1,4.5185794843996145,pharmabench
C[C@H](C1=C(CCN(C)Cc2cnccn2)Cc2ccccc21)c1cnccn1,4.419328842460694,pharmabench
C[C@H](C1=C(CCN(C)Cc2ncc[nH]2)Cc2ccccc21)c1cnccn1,4.652024525007421,pharmabench
C[C@H](C1=C(CCN(C)Cc2nccn2C)Cc2ccccc21)c1cnccn1,4.664674773205262,pharmabench
C[C@H](CC(=O)N1CCC[C@@H](Cc2ccc(F)cc2)C1)NC(=O)Nc1cccc(-c2nnnn2C)c1,4.775876165974506,pharmabench
C[C@H](CC(C#N)(c1ccccc1)c1ccccc1)N1CCCCC1,5.096953661274842,ncgc;veith
C[C@H](CCC(=O)O)[C@H]1CC[C@H]2[C@@H]3CC[C@@H]4C[C@H](O)CC[C@]4(C)[C@H]3CC[C@]12C,4.073252490208837,tox21
C[C@H](CCC(=O)O)[C@H]1CC[C@H]2[C@@H]3CC[C@@H]4C[C@H](O)CC[C@]4(C)[C@H]3C[C@H](O)[C@]12C,4.702011879992345,challenge
C[C@H](CCN1CCC[C@@H](Cc2ccc(F)cc2)C1)NC(=O)Nc1cc(-c2nnnn2C)cc(C(C)(C)C(=O)O)c1,4.18887992108242,pharmabench
C[C@H](CCN1CCC[C@@H](Cc2ccc(F)cc2)C1)NC(=O)Nc1cc(-n2ccnn2)cc(-n2ccnn2)c1,5.7203588381246755,pharmabench
C[C@H](CCN1CCC[C@@H](Cc2ccc(F)cc2)C1)NC(=O)Nc1cc(Br)cc(-c2nnnn2C)c1,5.7203588381246755,pharmabench
C[C@H](CCN1CCC[C@@H](Cc2ccc(F)cc2)C1)NC(=O)Nc1cccc(-c2nnnn2C)c1,5.817268851132732,pharmabench
C[C@H](CN(C)C)C(C#N)(c1ccccc1)c1ccccc1,4.9969534480296955,ncgc;veith
C[C@H](CN(C)C)C(O)(c1ccccc1)c1ccccc1,4.89695369244143,ncgc;veith
C[C@H](CN1CCCC1)C(=O)c1ccc(C(F)(F)F)cc1,5.234419181965621,tox21
C[C@H](CN1CCOCC1)C(C(=O)N1CCCC1)(c1ccccc1)c1ccccc1.O=C(O)[C@H](O)[C@@H](O)C(=O)O,3.937966405815388,tox21
C[C@H](CO)NC(=O)[C@H](C)[C@@H]1C[C@@]1(C)[C@@H](NC(=O)OCc1ccccc1)c1ccccc1,4.396953559925658,ncgc;veith
C[C@H](CO)NC(=O)[C@H](C)[C@H]1C[C@]1(C)[C@H](NC(=O)OCc1ccccc1)c1ccccc1,4.301670255124509,ncgc
C[C@H](C[C@@H](O)N1CCC[C@@H](Cc2ccc(F)cc2)C1)NC(=O)Nc1cc(-c2ncco2)cc(-c2ncco2)c1,5.7203588381246755,pharmabench
C[C@H](C[C@@H](O)N1CCC[C@@H](Cc2ccc(F)cc2)C1)NC(=O)Nc1cc(-c2nccs2)cc(-c2nccs2)c1,5.5162388554687505,pharmabench
C[C@H](C[C@@H](O)N1CCC[C@@H](Cc2ccc(F)cc2)C1)NC(=O)Nc1cc(-n2cccn2)cc(-n2cccn2)c1,4.64847683081855,pharmabench
C[C@H](C[C@@H](O)N1CCC[C@@H](Cc2ccc(F)cc2)C1)NC(=O)Nc1cc(-n2ccnn2)cc(-n2ccnn2)c1,5.465086333021369,pharmabench
C[C@H](Cc1cc2c(c(C(N)=O)c1)N(CCCO)CC2)NCCOc1ccccc1OCC(F)(F)F,4.511681269992346,challenge
C[C@H](Cc1ccc(O)c(O)c1)[C@@H](C)Cc1ccc(O)c(O)c1,4.001669164861406,ncgc
C[C@H](N)C(=O)OC(C)(C)Cc1ccc(Cl)cc1,4.396953559925658,ncgc;veith
C[C@H](N)C(=O)c1ccccc1.Cl,3.8992928033074303,tox21
C[C@H](N)C1CCC(C(=O)Nc2ccncc2)CC1,4.2969560175302135,ncgc;veith
C[C@H](N)CN1CCc2ccc(Br)cc21,4.9969534480296955,ncgc;veith
C[C@H](N)Cc1c[nH]c2ccc(O)cc12,4.196955845343558,ncgc;veith
C[C@H](N)Cc1c[nH]c2ccc(OCc3cccs3)cc12,5.221958912012665,ncgc;veith
C[C@H](N)c1cccc(Cl)c1Cl,4.00166905897837,ncgc
C[C@H](NC(C)(C)C)C(=O)c1cccc(Cl)c1,4.346954584378389,ncgc;veith
C[C@H](NCCC(c1ccccc1)c1ccccc1)c1ccccc1,6.296940946851727,ncgc;veith
C[C@H](NCCc1ccc(O)cc1)[C@@H](O)c1ccc(O)cc1,4.3469547887279365,ncgc;veith
C[C@H](NC[C@H](O)CP(=O)(O)Cc1ccccc1)c1ccc(Cl)c(Cl)c1,6.797036381016095,ncgc;veith
C[C@H](N[C@@H](C)CCc1ccccc1)[C@H](O)c1ccc(O)cc1,5.196951293391612,ncgc;veith
C[C@H](N[C@@H](C)COc1ccccc1)[C@H](O)c1ccc(O)cc1,5.996974049257448,ncgc;veith
C[C@H](Nc1cc(-c2ccccc2)nc2ncnn12)c1ccc(Cl)cn1,4.649423069992346,challenge
C[C@H](Nc1ccc(-c2ccnn2C)nc1)C(=O)Nc1ccc(-c2cccnc2)cn1,4.5162388554687505,pharmabench
C[C@H](O)C(=O)N1CC[C@H](N(Cc2cc(Cl)ccc2Cl)c2ccc(C#N)c(Cl)c2)C1,4.118298846796713,pharmabench
C[C@H](O)C(=O)N1CC[C@H](N(Cc2ccccc2C(F)(F)F)c2ccc(C#N)c(Cl)c2)C1,4.140575241507865,pharmabench
C[C@H](O)c1cccc(-c2cc(F)cc(Cn3ccnc3)c2)c1,5.349687264992346,challenge
C[C@H]([C@@H](c1ccc(Nc2nc3ccccc3s2)cc1)n1ccnc1)N(C)C,4.828264235434195,pharmabench
C[C@H](c1cccc(F)c1)n1cc(-c2ccc3cn[nH]c3c2)nn1,5.983926411992345,challenge
C[C@H](c1ccccc1)N1CCN([C@@H](C)c2ccccc2)CC1,6.69694058165962,ncgc;veith
C[C@H](c1cccnc1)c1c(CCN(C)C)sc2ccccc12,6.410812172811304,pharmabench
C[C@H](c1cccnc1Cl)c1c(CCN(C)C)sc2ccccc12,4.441605237171847,pharmabench
C[C@H](c1cccnc1F)c1c(CCN(C)C)sc2ccccc12,4.544267579068994,pharmabench
C[C@H]1C(=O)O[C@@H]2CCN3CC=C(COC(=O)[C@](C)(O)[C@]1(C)O)[C@H]23,4.084417373518855,tox21
C[C@H]1CC(C)(C)C[C@@](OCCN2CCCCC2)(c2ccccc2)C1,5.69694058165962,ncgc;veith
C[C@H]1CCCC(=O)CCC/C=C/c2cc(O)cc(O)c2C(=O)O1,3.839261068897943,tox21
C[C@H]1CCC[C@H](O)CCCCCc2cc(O)cc(O)c2C(=O)O1,3.7700731634651294,tox21
C[C@H]1CC[C@@H]2[C@@H](C)C(=O)O[C@H]3O[C@@]4(C)CC[C@@H]1[C@]32OO4,4.00166905897837,ncgc
C[C@H]1CN(C(=O)C(F)(F)c2c(F)cccc2F)CCN1S(C)(=O)=O,4.429529729992345,challenge
C[C@H]1CN(C2CCC(C#N)(c3ccc(F)cc3)CC2)CC[C@@]1(C(=O)O)c1ccccc1,4.4969551427270105,ncgc;veith
C[C@H]1CN(CCc2ccc3ccccc3c2)C[C@@H]1C(=O)N1CCOCC1,3.516761371992345,challenge
C[C@H]1CN(S(=O)(=O)c2cccc3cnccc23)CCN1,3.9016695663778864,ncgc
C[C@H]1CNCCc2ccc(Cl)cc21,5.434413608683764,tox21
C[C@H]1CNC[C@@H](C(=O)NCCc2c[nH]c3c(Cl)cccc23)O1,4.414045224992345,challenge
C[C@H]1COC(=O)[C@H]2CCCN2C(=O)[C@@H](C)COC(=O)[C@H]2CCCN2C1=O,4.701667552503337,ncgc
C[C@H]1C[C@@H](C(=O)Nc2ccc(F)cc2-c2nc3ccccc3s2)CCN1,5.245386276992345,challenge
C[C@H]1C[C@@H]2[C@H]3CCC4=CC(=O)C=C[C@@]4(C)[C@@]3(Cl)[C@@H](O)C[C@]2(C)[C@]1(OC(=O)c1ccco1)C(=O)CCl,4.89695369244143,ncgc;veith
C[C@H]1C[C@H](C(=O)O)CC[C@H]1NN1CC[C@@]2(S(=O)(=O)c3ccc(F)cc3)c3ccc(C(F)(C(F)(F)F)C(F)(F)F)cc3CC[C@@H]12,4.118298846796713,pharmabench
C[C@H]1C[C@H]2[C@@H]3CCC4=CC(=O)C=C[C@]4(C)[C@@]3(Cl)[C@@H](O)C[C@]2(C)[C@@]1(O)C(=O)CO,4.0344169708398665,tox21
C[C@H]1SC(N)=N[C@@]2(c3ccc(F)cc3F)CO[C@@H](c3cnn(C)c3)C[C@@H]12,4.122663652199163,pharmabench
C[C@H]1[C@@H]2Cc3ccc(O)cc3[C@@]1(C)CCN2C.C[C@H]1[C@@H]2Cc3ccc(O)cc3[C@@]1(C)CCN2C.O=C(O)/C=C/C(=O)O,3.9938144869842453,tox21
C[C@H]1[C@H]2CC[C@H]3[C@@H]4CC=C5C[C@@H](N(C)C)CC[C@]5(C)[C@H]4CC[C@]23CN1C,3.9844173999188213,tox21
C[C@](O)(C(=O)Nc1ccc(S(=O)(=O)c2ccccc2)cc1)C(F)(F)F,3.9969548213840747,ncgc;veith
C[C@]1(c2cc(NC(=O)c3ccc(C#N)cn3)ccc2F)N=C(N)CO[C@@H]1F,4.785860386881108,pharmabench
C[C@]1(c2cc(NC(=O)c3cnc(OCF)cn3)ccc2F)N=C(N)O[C@H](C2(F)CC2)[C@@H]1F,4.875260798110419,pharmabench
C[C@]1(c2ccccc2)C[C@H]1C(=O)N1CC[C@H](Nc2ccncc2C#N)C1,4.617108801992345,challenge
C[C@]12C/C(=C/O)C(=O)C[C@@H]1CC[C@@H]1[C@@H]2CC[C@@]2(C)[C@H]1CC[C@]2(C)O,3.819017688065392,tox21
C[C@]12C=CC3=C4CCC(=O)C=C4CC[C@H]3[C@@H]1CC[C@@H]2O,3.7760935618316775,tox21
C[C@]12CC3CC(N)(C1)C[C@@](C)(C3)C2,5.996974049257448,ncgc;veith
C[C@]12CCC(=O)C(O)=C1CC[C@@H]1[C@@H]2CC[C@]2(C)C(=O)CC[C@@H]12,4.078834403632066,tox21
C[C@]12CCC(=O)C=C1CC[C@@H]1[C@@H]2CC[C@@]2(C)[C@H]1CC[C@]2(C)O,4.06953308228828,tox21
C[C@]12CCC(=O)C[C@@H]1CC[C@@H]1[C@@H]2CC[C@]2(C)[C@@H](O)CC[C@@H]12,4.571433105895146,tox21
C[C@]12CC[C@@H]3c4ccc(O)cc4CC[C@H]3[C@@H]1CCC2=O,4.3344172940778565,tox21
C[C@]12CC[C@H](O)C[C@@H]1CC[C@H]1[C@H]2CC[C@]2(C)C(=O)CC[C@@H]12,4.401667797519954,ncgc
C[C@]12CC[C@H]3c4ccc(O)cc4CC[C@@H]3[C@H]1C/C(=N/O)[C@H]2O,4.801666983179052,ncgc
C[C@]12Cc3cn4c(nc3C=C1CC[C@H]1[C@@H]2CC[C@@]2(C)[C@H]1CC[C@@]2(O)C#N)nc1ccccc14,4.096954525750631,ncgc;veith
C[C@]12Cc3cn[nH]c3C[C@@H]1CC[C@@H]1[C@@H]2CC[C@@]2(C)[C@H]1CC[C@]2(C)O,4.584416971394304,tox21
C[C@]12N[C@@H](Cc3ccccc31)c1ccccc12,5.696999500529576,ncgc;veith
C[N+](C)(C)/N=C\c1ccc(O)c(O)c1.[I-],5.201661177767493,ncgc
C[N+](C)(C)CC#CCN1CCCC1=O,4.89695369244143,ncgc;veith
C[N+](C)(C)CCC(=O)c1cccc2ccccc12,4.4969551427270105,ncgc;veith
C[N+](C)(C)CCN(Cc1ccc(Cl)cc1)c1ccccn1.[I-],6.092240288156335,veith
C[N+](C)(C)CCN(Cc1cccs1)c1ccccn1,5.396958734553992,ncgc;veith
C[N+](C)(C)CCO.O=S(=O)([N-]S(=O)(=O)C(F)(F)F)C(F)(F)F,4.0226139379531665,tox21
C[N+](C)(C)CCOC(=O)C(O)(c1ccccc1)c1ccccc1.[I-],4.384416994074168,tox21
C[N+](C)(C)CC[N+]1(C)Cc2c(Cl)c(Cl)c(Cl)c(Cl)c2C1,4.301670255124509,ncgc
C[N+](C)(C)CC[N+]1(C)Cc2c(Cl)c(Cl)c(Cl)c(Cl)c2C1.[Cl-].[Cl-],5.384419798316951,tox21
C[N+](C)(C)Cc1ccccc1.[Cl-],4.374317417982645,tox21
C[N+](C)(C)c1cc2c(nn1)Nc1ccccc1S2,4.901666293693565,ncgc
C[N+](C)(CCCOc1ccccc1)c1ccccc1.O=C(O)c1cc2ccccc2cc1[O-],7.2976270366514004,ncgc;veith
C[N+](C)(CCOc1ccccc1)Cc1cccs1.[I-],6.4844819852288245,tox21
C[N+](C)(N)CCC[N+](C)(C)N,5.301667514914704,ncgc
C[N+]1(C)C2CCC1CC(OC1c3ccccc3C=Cc3ccccc31)C2,3.6411775920770504,pharmabench
C[N+]1(C)CCC(=C(c2ccccc2)c2ccccc2)CC1,4.396953559925658,ncgc;veith
C[N+]1(C)CCC(OC(=O)C(O)(c2ccccc2)C2CCCC2)C1.[Br-],4.384416994074168,tox21
C[N+]1(C)CCC(OC(=O)C(c2ccccc2)c2ccccc2)CC1,3.9016695663778864,ncgc
C[N+]1(C)CCCC(OC(=O)C(O)(c2ccccc2)c2ccccc2)C1.[Br-],4.834419399908713,tox21
C[N+]1(C)CCC[C@@H](OC(=O)C(O)(c2ccccc2)c2ccccc2)C1,4.4969551427270105,ncgc;veith
C[N+]1(C)CCc2cc3c(cc2[C@@H]1[C@@H]1C(=O)Oc2c1ccc1c2OCO1)OCO3,4.246954042838144,ncgc;veith
C[N+]1(C)CCc2cc3c(cc2[C@@H]1[C@@H]1OC(=O)c2c1ccc1c2OCO1)OCO3,3.9969548213840747,ncgc;veith
C[N+]1(C)[C@@H]2CC[C@H]1CC(OC(=O)c1c[nH]c3ccccc13)C2,4.00166905897837,ncgc
C[N+]1(CC(=O)Nc2ccc(F)cc2)CCN(C(=O)c2ccco2)CC1.[Cl-],5.092240288156335,veith
C[N+]1(CC(=O)OCCCc2ccccc2)CCOCC1.[I-],4.3922393223313625,veith
C[N+]1(CC2COC(c3ccccc3)(C3CCCCC3)O2)CCCCC1.[I-],5.384419798316951,tox21
C[N+]1(CC2COC(c3ccccc3)(c3ccccc3)O2)CCCCC1.[I-],5.445664812329796,tox21
C[N+]1(CCC(=O)c2ccco2)CC2CCC(CC2)C1,5.501669380321306,ncgc
C[N+]1(CCC(C(N)=O)(c2ccccc2)c2ccccc2)CCCCC1.[Br-],4.634418806116886,tox21
C[N+]1(CCF)[C@@H]2CC[C@H]1CC(OC(=O)C(O)(c1ccccc1)c1ccccc1)C2.[Br-],4.484418434588723,tox21
C[N+]1(NCC[N@@+]2(C)CCc3ccccc3C2)CCCCC1,5.296954647425311,ncgc;veith
C[N+]1([C@H](CO)Cc2c[nH]c3ccccc23)Cc2ccccc2C1.O=S(=O)(O)c1ccccc1,5.7969497127886624,ncgc;veith
C[N+]12CCC(CC1)C(OC(=O)C(O)(c1ccccc1)c1ccccc1)C2.[Br-],4.43441675507263,tox21
C[N+]12CCC(CC1)[C@@H](OC(=O)C(O)(c1ccccc1)c1ccccc1)C2,4.396953559925658,ncgc;veith
C[N+]1=Cc2cc3c(cc2CC1)OCO3,4.301670255124509,ncgc
C[N@@+]1(Cc2ccc(Cl)c(Cl)c2)CCC[C@@H]1c1ccc[n+](Cc2ccc(Cl)c(Cl)c2)c1,4.9969534480296955,ncgc;veith
C[NH+](C)CCC(c1ccc(Cl)cc1)c1ccccn1.O=C([O-])/C=C\C(=O)O,4.847721829021702,tox21
C[NH+](C)CCC(c1ccccc1)c1cccc[nH+]1.O=C([O-])/C=C\C(=O)[O-],4.203127187309588,tox21
C[NH+](C)CCCN1c2ccccc2Sc2ccc(Cl)cc21.[Cl-],5.792241107578132,veith
C[NH+](C)CCOC(c1ccccc1)c1ccccc1.Cn1c2nc(Cl)nc-2c([O-])n(C)c1=O,4.696954347372703,ncgc;veith
C[S@@](=N)(=O)CC[C@@H](N)C(=O)O,4.101668763344926,ncgc
C[Si](C)(C)C#Cc1ccccc1NC(=S)Nc1ccccc1,4.101668763344926,ncgc
C[Si](C)(CCCN)O[Si](C)(C)CCCN,4.223252007786247,tox21
C[Si](Cl)(c1ccccc1)c1ccccc1,3.7586327446046877,tox21
C[Si](Cn1cncn1)(c1ccc(F)cc1)c1ccc(F)cc1,4.116088548996379,tox21
C[Sn](Cl)(Cl)Cl,4.11090098291161,tox21
C[n+]1c(/C=C\c2ccc(O)c3ncccc23)[se]c2ccccc21,5.4969551427270105,ncgc;veith
C[n+]1c2cc(N)ccc2cc2ccc(N)cc21.Nc1ccc2cc3ccc(N)cc3nc2c1.[Cl-],4.384416994074168,tox21
C[n+]1cc2c3c(ccc2c2ccc4cc5c(cc4c21)OCO5)OCO3,4.296954772850723,ncgc;veith
C[n+]1ccn(Cc2ccccc2)c1.[Cl-],4.074671153666625,tox21
C[n+]1cn(CC(O)COCc2ccccc2)c2ccccc21.[I-],5.442240306846952,veith
Cc1[nH]c(=O)c(C#N)cc1-c1ccncc1,3.723251713511802,tox21
Cc1[nH]c2c(C)cccc2c1CCNC(=O)c1ccc2c(c1[N+](=O)[O-])C(=O)c1ccccc1C2=O,5.192241409015731,veith
Cc1[nH]c2ccc(O)cc2c1CCN,4.051669725291104,ncgc
Cc1[nH]c2ccccc2c1/C=C(\C#N)C(=O)NC(C)c1ccccc1,4.542240874986129,veith
Cc1[nH]c2ccccc2c1/C=C/c1cc[n+](C)cc1.[I-],4.242240761051421,veith
Cc1[nH]c2ccccc2c1C(=O)/C=C/c1ccccc1,4.142241126006169,veith
Cc1[nH]c2ccccc2c1C(=O)NCc1ccc(-n2ccnc2)nc1,6.002880786992345,challenge
Cc1[nH]c2ccccc2c1C(=O)Nc1cc(C(F)(F)F)c2cn[nH]c2c1,3.8540598829923454,challenge
Cc1[nH]c2ccccc2c1C1=CCN(C(=O)Nc2cc(C)c3cn[nH]c3c2)CC1,4.985856669992346,challenge
Cc1[nH]c2ccccc2c1CCNC(=O)c1ccc2c(c1[N+](=O)[O-])C(=O)c1ccccc1C2=O,5.442240306846952,veith
Cc1[nH]c2ccccc2c1SCCNC(=O)Nc1ccnn1C,4.7061820719923455,challenge
Cc1[nH]c2ccccc2c1SCCNC1CCCOCC1,5.9570693449923455,challenge
Cc1[nH]ccc1C(=O)N(Cc1cnc(C)n1C)CC1CC12CCC2,4.465121872992346,challenge
Cc1[nH]ccc2c1[nH]c1cc(=O)ccc12,4.301670255124509,ncgc
Cc1[nH]ccc2c1[nH]c1cc(=O)ccc12.Cl.O,4.4969551427270105,ncgc;veith
Cc1[nH]cnc1-c1ccc(Cl)cc1,4.43441675507263,tox21
Cc1[nH]cnc1CN1CCc2c(c3ccccc3n2C)C1=O.Cl,4.584416971394304,tox21
Cc1[nH]cnc1C[C@H]1CCc2c(C)c3ccccc3n2C1=O.Cl,5.084063345118549,tox21
Cc1[nH]nc(-c2ccc(O)cc2O)c1-c1ccc(Cl)cc1,4.942241381558047,veith
Cc1[nH]nc(-c2ccc(OCc3cnn(-c4ccccc4)c3)cc2O)c1Oc1ccc(F)cc1,4.642240772861618,veith
Cc1[nH]nc(-c2ccc(OCc3cnn(-c4ccccc4)c3)cc2O)c1Oc1ccccc1F,4.442240306846953,veith
Cc1[nH]nc(C(=O)N2CCC(Oc3cnccn3)CC2)c1C,5.567917989992345,challenge
Cc1[nH]nc(N2CCCCCC2)c1[N+](=O)[O-],4.292241779935917,veith
Cc1[nH]nc(Nc2ccccc2)c1[N+](=O)[O-],4.492240905132714,veith
Cc1[nH]nc2nc(SCC(=O)NCC3CCCO3)n(-c3ccc(Br)cc3)c(=N)c12,4.492240905132714,veith
Cc1c(-c2ccc(O)cc2)n(Cc2ccc(OCCN3CCCCCC3)cc2)c2ccc(O)cc12,5.543673466992345,challenge
Cc1c(-c2ccccc2)oc2c(C(=O)OCCN3CCCCC3)cccc2c1=O,4.625075002875698,challenge;ncgc;veith
Cc1c(-c2ccccc2)oc2c(C(=O)OCCN3CCCCC3)cccc2c1=O.Cl,4.734419094663767,tox21
Cc1c(-c2nc(-c3cccc(Cn4ccnc4)c3)no2)nnn1-c1cccc2cccnc12,4.421127374992346,challenge
Cc1c(/C=C2\SC(=O)N(CC(=O)Nc3ccc4c(c3)OCO4)C2=O)c2ccccc2n1C,5.04224135682174,veith
Cc1c(/N=C/c2ccco2)n(Cc2ccccc2)c2ccccc12,4.842240508595863,veith
Cc1c(Br)c([N+](=O)[O-])nn1C(C)C(=O)Nc1ccc2c(c1)OCO2,4.292241779935917,veith
Cc1c(Br)c([N+](=O)[O-])nn1CC(=O)NCc1cccs1,4.792241107578132,veith
Cc1c(Br)cccc1CCNC(=O)c1ncoc1C1CC1,5.649233216992346,challenge
Cc1c(Br)cccc1CCNc1ncnc2c1nnn2C,4.8163597999923455,challenge
Cc1c(Br)cncc1NC(=O)[C@H]1C[C@@H]1c1cccc(O)c1,4.985313869992345,challenge
Cc1c(C#N)c(NC(=O)CN2CCN(C(=O)c3ccco3)CC2)n(-c2ccccc2)c1C,4.599470947992345,challenge
Cc1c(C(=O)N(C)Cc2ccc(F)c(Cl)c2)ccc2cncn12,5.375135186992345,challenge
Cc1c(C(=O)N2CCN(C(=O)Cc3cccc(Cl)c3)C(C)C2)[nH]c(=O)c2ccccc12,4.335994806992345,challenge
Cc1c(C(=O)N2CCN(CC3CCCO3)CC2)sc2ccccc12,4.840674286992345,challenge
Cc1c(C(=O)NN2CCCCC2)nn(-c2ccc(Cl)cc2Cl)c1-c1ccc(I)cc1,4.89695369244143,ncgc;veith
Cc1c(C(=O)NN2CCOCC2)nn(-c2ccc(Cl)cc2Cl)c1-c1ccc(I)cc1,4.396953559925658,ncgc;veith
Cc1c(C(=O)Nc2ccc3ccn(C)c3c2)nnn1Cc1ccncc1,4.776920634992345,challenge
Cc1c(C(=O)Nc2cccc(-c3ccn[nH]3)c2)sc2cncn12,6.708815682992346,challenge
Cc1c(C(=O)Nc2cccnc2N2CCC(CO)CC2)sc2nccn12,4.286534614992346,challenge
Cc1c(C(=O)Nc2nccs2)sc2nc(-c3cccs3)cc(C(F)(F)F)c12,4.892241091189295,veith
Cc1c(C(=O)O)oc2ccc(S(=O)(=O)NCc3ccc4c(c3)OCO4)cc12,4.292241779935917,veith
Cc1c(C(F)(F)F)n[nH]c1CN1C[C@H]2CCCC[C@@]2(CO)C1,5.323194286992345,challenge
Cc1c(C)n(C(=O)CN2CCC(C)CC2)c2ccccc12,4.992240583789779,veith
Cc1c(C)n(C)c2ccc(C(=O)Nc3cccc4ccccc34)cc12,4.442240306846953,veith
Cc1c(C)n(C[C@H]2C[C@@H]2C)c2c(OCc3ccc(F)cc3)nncc12,4.775876165974506,pharmabench
Cc1c(C2CCN(CCc3ccccc3)CC2)noc1-c1ccc(Cl)cc1,5.296954647425311,ncgc;veith
Cc1c(CC(=O)N2CCOCC2CC2CC2)nnn1-c1ccccc1,4.499802999992346,challenge
Cc1c(CCOC(=O)C2C3CC4CC(C3)CC2C4)sc[n+]1CC(=O)c1ccc(Br)cc1.[Br-],4.742241156276297,veith
Cc1c(CN(C2CCOCC2)[C@H]2CCNC2)cccc1C(F)(F)F,4.67896615296645,pharmabench
Cc1c(CNC(=O)c2cccc(-n3cnnn3)c2)oc2ccc(F)cc12,2.1967844949923454,challenge
Cc1c(CNS(=O)(=O)c2cocc2Br)noc1-c1ccccc1,4.074879319992346,challenge
Cc1c(CN[C@@H]2CC(Cn3ccnc3)C[C@H]2O)n(C)c2ccccc12,5.596417897992346,challenge
Cc1c(COC(=O)[C@@H]2[C@H](/C=C(\Cl)C(F)(F)F)C2(C)C)cccc1-c1ccccc1,3.9743152893660056,tox21
Cc1c(COc2cc(OCCC(C)(C)O)ccn2)[nH]c2ccccc2c1=O,4.273200806782456,pharmabench
Cc1c(COc2cccc(OCC3CCOCC3)c2)[nH]c2ccc(-c3cccnc3)cc2c1=O,5.140575241507865,pharmabench
Cc1c(COc2cccc(OCC3CCOCC3)c2)[nH]c2ccccc2c1=O,4.5002507500846205,pharmabench
Cc1c(COc2cccc(OCC3CCOCC3)n2)[nH]c2ccccc2c1=O,4.574230802446437,pharmabench
Cc1c(COc2cccc(OCCCC(F)(F)F)c2)[nH]c2ccccc2c1=O,5.273200806782456,pharmabench
Cc1c(Cc2ccc(=O)n(Cc3ccc(F)cc3F)n2)c2cc(F)ccc2n1CC(=O)O,4.215208859804769,pharmabench
Cc1c(Cl)c(=O)oc2cc(OP(=O)(OCCCl)OCCCl)ccc12,4.9344127982132715,tox21
Cc1c(Cl)c(S(N)(=O)=O)cc(S(N)(=O)=O)c1NC(=O)c1ccc(Cl)cc1,4.901666293693565,ncgc
Cc1c(Cl)c(S(N)(=O)=O)cc2c1N=CN=S2(=O)O,4.89695369244143,ncgc;veith
Cc1c(Cl)c([N+](=O)[O-])nn1Cc1ccc(C(=O)N/N=C\c2cc(Cl)ccc2O)o1,4.442240306846953,veith
Cc1c(Cl)ccc2ccc(N3CCCC(c4ccn[nH]4)C3)nc12,2.0794591629923453,challenge
Cc1c(Cl)cccc1N1CCN(Cc2nnn(C)n2)CC1,4.775547401992346,challenge
Cc1c(Cl)cccc1NC(=O)CN1CCC(C(O)(c2ccccc2)c2ccccc2)CC1,6.142241126006169,veith
Cc1c(Cl)cccc1NC(=O)c1ccc(-n2ccnc2)nc1,6.992240583789779,veith
Cc1c(F)cccc1[C@H]1COC(N)=N1,3.914178864140788,pharmabench
Cc1c(N(C)C)c(=O)n(-c2ccccc2)n1C,4.084417373518855,tox21
Cc1c(N(C)CS(=O)(=O)[O-])c(=O)n(-c2ccccc2)n1C.[Na+],4.0260935164629,tox21
Cc1c(N)cccc1N,3.713425352220682,tox21
Cc1c(N2C(=O)/C(=C3/C(=O)N(C)c4ccccc43)SC2=S)c(=O)n(-c2ccccc2)n1C,4.592241033466911,veith
Cc1c(N2CCC(C3CC3)C2)ncnc1N1CCC(C2CC2)C1,5.981842019992346,challenge
Cc1c(N2CCCC2)cc2c(c1NC(=O)c1ccccc1Cl)C(C)(C)CC2(C)C,4.9969534480296955,ncgc;veith
Cc1c(NC(=O)C(C)N2CCCN(Cc3nccn3C(C)C)CC2)cccc1[N+](=O)[O-],6.194624609992346,challenge
Cc1c(NC(=O)C(Sc2ccccc2)c2ccccc2)cccc1[N+](=O)[O-],4.992240583789779,veith
Cc1c(NC(=O)CCCOc2ccccc2)cccc1[N+](=O)[O-],5.292241779935917,veith
Cc1c(NC(=O)OCCNC(=O)COc2c(Cl)cccc2Cl)sc(=S)n1C,4.442240306846953,veith
Cc1c(NC(=O)OCCNC(=O)Nc2ccccc2)sc(=S)n1C,4.292241779935917,veith
Cc1c(NC(=O)c2ccc(OC(F)F)nc2)cnn1C1CCCC1,4.822188264992346,challenge
Cc1c(NC(=O)c2cccnc2)c(=O)n(-c2ccccc2)n1C,4.995767027992346,challenge
Cc1c(NC(C)C)c(=O)n(-c2ccccc2)n1C,4.396953559925658,ncgc;veith
Cc1c(NCc2cc(Cl)ccc2O)c(=O)n(-c2ccccc2)n1C,4.692241142242068,veith
Cc1c(NS(=O)(=O)c2ccc3c(c2)CC(=O)N3)cccc1-c1ncco1,4.597305309992346,challenge
Cc1c(O)c(=O)ccn1Cc1ccccc1,5.001666312269612,ncgc
Cc1c(OCC(F)(F)F)ccnc1CS(=O)c1nc2ccccc2[nH]1,4.68341824352429,challenge;ncgc;veith
Cc1c(OCC(F)(F)F)ccnc1CSc1nc2ccccc2[nH]1,5.892241091189295,veith
Cc1c(OCC(F)(F)F)ccnc1C[S+]([O-])c1nc2ccccc2[nH]1,4.805761843689409,pharmabench
Cc1c(OCC(F)(F)F)ccnc1C[S@@](=O)c1nc2ccccc2[nH]1,5.231456246992345,challenge
Cc1c(S(=O)(=O)NC2CC(C(=O)O)C2)c2ccccc2n1C,4.885351389992346,challenge
Cc1c2ccc(N(C)c3ccnc(Nc4cccc(S(N)(=O)=O)c4)n3)cc2nn1C,4.215208859804769,pharmabench
Cc1c2ccc(N(C)c3ccnc(Nc4cccc(S(N)(=O)=O)c4)n3)cc2nn1Cc1ccccc1,3.599784906918825,pharmabench
Cc1c2cccc(Sc3ccccc3)c2c2c3c(cccc13)[S+](c1ccccc1)C2,4.796954045378592,ncgc;veith
Cc1c2ccccc2c(CSC(=N)N)c2ccccc12,4.89695369244143,ncgc;veith
Cc1c2ccncc2c(C)c2c1[nH]c1ccccc12,4.5219547239914615,ncgc;veith
Cc1c2cnccc2c(C)c2c1c1ccccc1n2CCOC(=O)c1ccccc1,4.9969534480296955,ncgc;veith
Cc1c[nH]c(-c2ccccc2NC(=O)c2c[nH]c(C(F)(F)F)c2)n1,4.666809112992346,challenge
Cc1c[nH]c(=O)c(CNC(=O)NC(c2ccccc2)C2CCCC2)c1,3.7635646879923454,challenge
Cc1c[nH]c2c(Nc3cccc(Cl)c3)ncc(C(=O)N3CCOCC3)c12,4.273200806782456,pharmabench
Cc1c[nH]c2ncc(C(=O)N[C@@H]3CC(Cn4ccnc4)C[C@H]3O)cc12,4.929664807992346,challenge
Cc1cc(-c2c(Cl)cccc2Cl)cc2nnc(Nc3ccc(OCCN4CCCC4)cc3)nc12,3.9008149025828063,pharmabench
Cc1cc(-c2cc(C(=O)Nc3cccc(Cn4ccnc4)c3)c3c(C)noc3n2)c(C)o1,6.229640714992346,challenge
Cc1cc(-c2cc(C)c(N)c(C)c2)cc(C)c1N,4.3016474550790305,tox21
Cc1cc(-c2ccc(-c3cccc(O)c3)s2)ccc1O,5.243237583405013,pharmabench
Cc1cc(-c2ccc(/C=N/n3cnnc3)o2)c([N+](=O)[O-])cc1C,4.442240306846953,veith
Cc1cc(-c2ccc(N=Nc3cc(S(=O)(=O)[O-])c4ccccc4c3N)c(C)c2)ccc1N=Nc1cc(S(=O)(=O)[O-])c2ccccc2c1N.[Na+].[Na+],5.171129270881111,tox21
Cc1cc(-c2ccc(N=Nc3ccc4c(S(=O)(=O)[O-])cc(S(=O)(=O)[O-])c(N)c4c3O)c(C)c2)ccc1N=Nc1ccc2c(S(=O)(=O)[O-])cc(S(=O)(=O)[O-])c(N)c2c1O,4.301670255124509,ncgc
Cc1cc(-c2ccc(NC(=O)Cc3cc(C(F)(F)F)cc(C(F)(F)F)c3)cc2)ccn1,4.305385490153857,pharmabench
Cc1cc(-c2ccc(NS(=O)(=O)c3cc(C(F)(F)F)cc(C(F)(F)F)c3)cc2)ccn1,5.118298846796713,pharmabench
Cc1cc(-c2ccccc2)nnc1NCCN1CCOCC1,4.596954724317373,ncgc;veith
Cc1cc(-c2ccccc2)nnc1NCCN1CCOCC1.Cl.Cl,4.634418806116886,tox21
Cc1cc(-c2ccccc2[C@@H](C)OC[C@H](O)CNC(C)(C)Cc2ccc(Cl)c(F)c2)ccc1C(=O)O,4.377936157302469,pharmabench
Cc1cc(-c2cccs2)nc(-n2cccc2)n1,4.342240150210577,veith
Cc1cc(-c2csc(-c3cccc(O)c3)c2)ccc1O,5.243237583405013,pharmabench
Cc1cc(-c2nc(C3(c4ccncc4)CCC3)no2)ccc1-n1cnnn1,5.171940466992345,challenge
Cc1cc(-c2nc3ccc(S(C)(=O)=O)cc3[nH]2)cc(C)c1O,4.134224524992345,challenge
Cc1cc(-c2noc(C(C)N3CCC(C)C(n4ccnc4)C3)n2)ccc1F,6.408094609992346,challenge
Cc1cc(-c2noc(C3CCCN3S(=O)(=O)c3cccs3)n2)ccc1O,5.242811917992346,challenge
Cc1cc(-n2c(C)cc(C(=O)NC3(Cc4ccc(Cl)cc4)CCOC3)c2C)no1,4.767935307992346,challenge
Cc1cc(-n2cc(-c3cc4c(s3)CCNC4)nn2)ccc1F,6.384082804992346,challenge
Cc1cc(/C=C/C(=O)/C=C/c2cc(C)c(O)c(C)c2)cc(C)c1O,4.298754911254845,pharmabench
Cc1cc(/C=C/c2ccc3cc(N(C)C)ccc3[n+]2C)c(C)n1-c1ccccc1,4.6341414849923455,challenge
Cc1cc(/C=C2\SC(=S)N(Cc3ccco3)C2=O)c(C)n1-c1cccnc1,4.3922393223313625,veith
Cc1cc(/C=N/n2cnnc2)c(C)n1-c1ccc(OCc2ccccc2F)cc1,4.242240761051421,veith
Cc1cc(=O)n2c3ccccc3n(CC(O)CN3CCCCC3)c2c1C#N,4.542240874986129,veith
Cc1cc(=O)n2nc(N3CCC(Oc4cnccn4)CC3)sc2n1,4.832850534992346,challenge
Cc1cc(=O)oc(C)c1C(=O)NCCCN1CCN(c2ccc(F)cc2)CC1,4.292241779935917,veith
Cc1cc(Br)cc(C)c1OCCCCN(C)C.O=C(O)C(=O)O,5.192241409015731,veith
Cc1cc(Br)cc(S(=O)(=O)Nc2cccc3cc[nH]c23)c1,4.511637977992346,challenge
Cc1cc(Br)ccc1NC(=O)CCSc1ccccc1,4.842240508595863,veith
Cc1cc(Br)ccc1NCc1ccccn1.O=C(O)C(=O)O,4.292241779935917,veith
Cc1cc(C(=O)CSc2nnc(N)s2)c(C)n1CCc1ccc(F)cc1,4.642240772861618,veith
Cc1cc(C(=O)N/N=C/c2cccc(OC(=O)c3ccco3)c2)n[nH]1,4.242240761051421,veith
Cc1cc(C(=O)N2CCC(Oc3ccc4c(c3)CCN(C3CCC3)CC4)CC2)no1,3.785860386881108,pharmabench
Cc1cc(C(=O)NC(CO)c2ccccc2C(F)(F)F)oc1C,4.313423042992346,challenge
Cc1cc(C(=O)NCc2ccc(-n3ccnc3)nc2)c2cnn(C(C)C)c2n1,4.807962777992346,challenge
Cc1cc(C(=O)NCc2cccc(-c3cccnc3)c2)n(C)n1,4.480360057992345,challenge
Cc1cc(C(=O)NCc2ccccc2)no1,4.192241409015731,veith
Cc1cc(C(=O)N[C@@H](c2ccccc2)[C@]2(C)C[C@H]2[C@@H](C)C(=O)Nc2ccc3ccccc3c2)n(C)n1,4.9969534480296955,ncgc;veith
Cc1cc(C(=O)N[C@H](c2ccccc2)[C@@]2(C)C[C@@H]2[C@@H](C)C(=O)Nc2ccc3ccccc3c2)n(C)n1,6.897013699718457,ncgc;veith
Cc1cc(C(=O)N[C@H](c2ccccc2)[C@@]2(C)C[C@@H]2[C@@H](C)C(=O)Nc2ccc3ccccc3c2)no1,6.4969551427270105,ncgc;veith
Cc1cc(C(=O)Nc2ccc(N3CCOCC3)cc2)c2ccccc2n1,4.342240150210577,veith
Cc1cc(C(=O)Nc2ccccc2NCC(F)(F)F)c2c(c1)C(C)CCN2,5.437815504992345,challenge
Cc1cc(C(=O)Nc2cnn(-c3ccccc3)c2)ccc1-n1cncn1,1.9568484879923453,challenge
Cc1cc(C(=O)O)ccc1[N+](=O)[O-],3.8221903222606315,tox21
Cc1cc(C(=O)c2cnc(/N=C/N(C)C)s2)cc(C)c1O,4.092240288156335,veith
Cc1cc(C(C)(C)C)c(O)c(C(C)(C)C)c1,3.9461177417940325,tox21
Cc1cc(C(C)(C)C)c(O)c(C)c1CC1=NCCN1,5.0594423943999365,ncgc;tox21;veith
Cc1cc(C(C)(C)C)c(OCCCN2CCOCC2)c(C(C)(C)C)c1,5.196951293391612,ncgc;veith
Cc1cc(C(C)(C)C)cc(C)c1CC1=NCCN1,4.5397685522726166,challenge;ncgc;veith
Cc1cc(C(C)(C)C)cc(C)c1CC1=NCCN1.Cl,5.134423160747318,tox21
Cc1cc(C(C)(C)C)cc(CNC2CCCCC2)c1O,5.7969497127886624,ncgc;veith
Cc1cc(C(C)(C)CC(C)(C)C)ccc1OCCOCC[N+](C)(C)Cc1ccccc1,4.396953559925658,ncgc;veith
Cc1cc(C(C)(C)c2ccc(O)c(C)c2)ccc1O,4.094216245668799,tox21
Cc1cc(C(F)(C(F)(F)F)C(F)(F)F)ccc1NC(=O)c1cccc(I)c1C(=O)NC(C)(C)CS(C)(=O)=O,4.920470631561842,tox21
Cc1cc(C(F)(F)F)nc(N2CCC(c3ccncc3)CC2)n1,6.033006277992346,challenge
Cc1cc(C(F)(F)F)nc(N2CCN(CC(=O)Nc3ccc(F)cc3)CC2)n1,4.4553656899923455,challenge
Cc1cc(C(F)(F)F)nn1CC(=O)Nc1cccnc1,4.3922393223313625,veith
Cc1cc(C(F)F)n2ncc(C(=O)NCc3ccccc3C(F)(F)F)c2n1,4.792241107578132,veith
Cc1cc(C(N)=O)nn1-c1cccc(-c2cc(C(F)(F)F)ccc2C(F)(F)F)c1,3.9008149025828063,pharmabench
Cc1cc(C)c(/C=C2/C(=O)Nc3ccccc32)[nH]1,5.901677202737208,ncgc
Cc1cc(C)c(C#N)c(SCc2cc3c(cc2Cl)OCO3)n1,4.542240874986129,veith
Cc1cc(C)c(C(=O)NCc2ccc(-n3ccnc3)c(F)c2)o1,6.6265636849923455,challenge
Cc1cc(C)c(C(=O)P(=O)(c2ccccc2)c2ccccc2)c(C)c1,3.723251713511802,tox21
Cc1cc(C)c(C=O)c(C)c1,3.691807635033798,tox21
Cc1cc(C)c(N)cc1C,4.22467063872098,tox21
Cc1cc(C)c(S(=O)(=O)NCC2CCC(C(=O)NCc3ccc4c(c3)OCO4)CC2)c(C)c1,4.3922393223313625,veith
Cc1cc(C)c(S(=O)(=O)NNC(=O)C2CCN(Cc3ccccc3)CC2)c(C)c1,4.292241779935917,veith
Cc1cc(C)c(S(=O)(=O)Nc2cc(C(=O)NC(C)c3cccnc3)ccc2C)c(C)c1,5.275216934992346,challenge
Cc1cc(C)c(S(=O)(=O)Nc2ccccc2C(F)(F)F)c(C)c1,4.696954347372703,ncgc;veith
Cc1cc(C)c2c(-n3cccc3)c(C(=O)NNS(=O)(=O)c3ccc(Br)cc3)sc2n1,5.192241409015731,veith
Cc1cc(C)c2c(-n3cccc3)c(C(=O)NNS(=O)(=O)c3ccc(Cl)cc3)sc2n1,5.292241779935917,veith
Cc1cc(C)c2c(-n3cccc3)n[nH]c2n1,4.092240288156335,veith
Cc1cc(C)c2c(-n3cccc3)nn(CC#N)c2n1,4.492240905132714,veith
Cc1cc(C)c2c(N)c3ccccc3nc2n1,4.192241409015731,veith
Cc1cc(C)c2cc(CN(Cc3nnnn3Cc3ccc(F)cc3)C3CCCC3)c(=O)[nH]c2c1,4.342240150210577,veith
Cc1cc(C)c[n+](CC(=O)c2cc3ccccc3oc2=O)c1.[Br-],4.442240306846953,veith
Cc1cc(C)cc(C(=O)NCC(=O)Nc2ccc(Cn3ccnc3)cc2)c1,5.762859246992345,challenge
Cc1cc(C)cc(C(=O)OC2C[C@H]3CC[C@@H](C2)N3C)c1,6.096945016706242,ncgc;veith
Cc1cc(C)cc(Cn2nc(-c3nc(CN)no3)c3ccccc32)c1,4.847620010652006,pharmabench
Cc1cc(C)cc(N(CC(=O)NCCSc2ccccn2)S(=O)(=O)c2ccccc2)c1,4.442240306846953,veith
Cc1cc(C)cc(N)c1,4.8176141045557515,tox21
Cc1cc(C)cc(NC(=S)NC2CC3CCC(C2)N3Cc2ccco2)c1,4.242240761051421,veith
Cc1cc(C)n(-c2cc(N3CCN(S(=O)(=O)c4ccc(C)c(C)c4)CC3)ccc2[N+](=O)[O-])n1,5.792241107578132,veith
Cc1cc(C)n(-c2ccc(CNC(=O)C3CC34CCOCC4)c(C(F)(F)F)c2)n1,4.475779299992346,challenge
Cc1cc(C)n(-c2nc(SCCN(C)C)c3c4c(sc3n2)CCCC4)n1,5.592241033466911,veith
Cc1cc(C)n(CCCNCC(O)c2ccccc2)n1.O=C(O)C(=O)O,4.642240772861618,veith
Cc1cc(C)nc(/N=C(\N)Nc2ccc(F)c([N+](=O)[O-])c2)n1,6.492240905132714,veith
Cc1cc(C)nc(NS(=O)(=O)c2ccc(N)cc2)n1,3.71796455534089,tox21
Cc1cc(C2CC=CCN(C)C2)ccc1Cl,4.164056337357388,pharmabench
Cc1cc(C2CCN(S(=O)(=O)c3ccccc3-c3ccccc3)CC2)on1,6.041477757992346,challenge
Cc1cc(C=O)c(C)n1-c1ccc(NC2CCCC2)c([N+](=O)[O-])c1,4.542240874986129,veith
Cc1cc(CC(=O)O)c(C)n1-c1ccc(Cl)cc1,4.384416994074168,tox21
Cc1cc(CC(C)NC(=O)NC2CCc3c(Cl)cccc32)n[nH]1,4.777623604992345,challenge
Cc1cc(CC(C)NC(=O)NC2COc3c2ccc(C)c3C)n[nH]1,4.548939842992346,challenge
Cc1cc(CC(C)Nc2ncc(F)c(-c3ccsc3)n2)n[nH]1,4.131602912992346,challenge
Cc1cc(CCC(=O)OCCOCCOCCOC(=O)CCc2cc(C)c(O)c(C(C)(C)C)c2)cc(C(C)(C)C)c1O,4.584061564001572,tox21
Cc1cc(CCCOc2c(C)cc(-c3noc(C(F)(F)F)n3)cc2C)on1,4.651872329789082,pharmabench;tox21
Cc1cc(CN2CCN(C(=O)NCc3ccc(-n4ccnc4)c(F)c3)CC2)on1,4.973568196992345,challenge
Cc1cc(CNC(=O)NC[C@H]2C[C@@H]2C2CCCCC2)n(C)n1,4.414205434992346,challenge
Cc1cc(CNC(=O)[C@H](C)[C@@H]2C[C@@]2(C)[C@@H](NC(=O)OCc2ccccc2)c2ccccc2)nn1C,4.2969560175302135,ncgc;veith
Cc1cc(CNC(=O)[C@H](C)[C@H]2C[C@]2(C)[C@H](NC(=O)OCc2ccccc2)c2ccccc2)nn1C,4.201669884204322,ncgc
Cc1cc(CNC(C)c2cccc(-n3cccn3)c2)cc(C)n1,4.849518634992346,challenge
Cc1cc(CNCc2csc(-c3ccc(C(F)(F)F)cc3)n2)n(C)n1,4.2541939549923455,challenge
Cc1cc(CN[C@@H]2CC(Cn3cccn3)C[C@H]2O)ccc1Oc1cccnc1,5.231734954992346,challenge
Cc1cc(CNc2ccc(Cl)c(C#N)n2)nc(N2CCCC2)n1,4.488723544992346,challenge
Cc1cc(C[C@H](CCCCNCc2ccc(F)cc2)C(=O)NO)cc(C)c1F,7.118298846796713,pharmabench
Cc1cc(Cc2cc(C)cc(C(C)(C)C)c2O)c(O)c(C(C)(C)C)c1,4.121129929166099,tox21
Cc1cc(Cc2cc(Cc3cc(C)cc(C(C)(C)C)c3O)c(C)cc2C)c(O)c(C(C)(C)C)c1,4.89695369244143,ncgc;veith
Cc1cc(Cc2ccc(N)c(C)c2)ccc1N,3.735215114073652,tox21
Cc1cc(Cl)cc2c(-c3ccccc3)c(C(=O)O)c(N3CCCCC3)nc12,3.7960795520627935,pharmabench
Cc1cc(Cl)ccc1Cc1noc(Cc2ccc(O)cc2)n1,2.044048861992345,challenge
Cc1cc(Cl)ccc1N.Cl,4.268338090443163,tox21
Cc1cc(Cl)ccc1N=CN(C)C,4.023251954306619,tox21
Cc1cc(Cl)ccc1N=CN(C)C.Cl,4.023251954306619,tox21
Cc1cc(Cl)ccc1NC(=O)CN1CCC(C(O)(c2ccccc2)c2ccccc2)CC1,4.342240150210577,veith
Cc1cc(Cl)ccc1Nc1sc(C(=O)c2cc3cc(Cl)ccc3o2)c(N)c1C#N,4.89695369244143,ncgc;veith
Cc1cc(Cl)ccc1O,4.379527295518559,tox21
Cc1cc(Cl)ccc1OCC(=O)NCc1ccncc1,5.04224135682174,veith
Cc1cc(Cn2cnc3c2C[C@@H](C(=O)O)N(C(=O)C(c2ccccc2)c2ccccc2)C3)ccc1N(C)C.O=C(O)C(F)(F)F.O=C(O)C(F)(F)F,3.9016695663778864,ncgc
Cc1cc(F)ccc1-c1cc(N2CC[C@@H](O)[C@H]2CO)ncc1N(C)C(=O)C(C)(C)c1cc(C(F)(F)F)cc(C(F)(F)F)c1,4.079803987521739,tox21
Cc1cc(F)ccc1-n1nc(Cn2cncn2)nc1C1CCCC1O,4.349825217992346,challenge
Cc1cc(F)ccc1C1CCN(c2ccc(C(=O)N(C)C)nn2)CC1,4.285894501992345,challenge
Cc1cc(F)ccc1OC1C=CC(c2ccc3c(c2)OCO3)OC1CO,4.901666293693565,ncgc
Cc1cc(F)ccc1S(=O)(=O)Nc1ccccc1C(=O)Nc1ccccc1N1CCOCC1,4.292241779935917,veith
Cc1cc(N)c2cc(NC(=O)Nc3ccc4nc(C)cc(N)c4c3)ccc2n1.Cl.Cl,4.684419053436598,tox21
Cc1cc(N)c2cc(NC(=O)c3ccc(Cl)cc3)ccc2n1,5.487999561992345,challenge
Cc1cc(N)c2ccccc2[n+]1CCCCCCCCCCCCCC[n+]1c(C)cc(N)c2ccccc21,4.596954724317373,ncgc;veith
Cc1cc(N)c2ccccc2[n+]1CCCCCCCCCC[n+]1c(C)cc(N)c2ccccc21,4.2969560175302135,ncgc;veith
Cc1cc(N)n(-c2ccccc2)n1,4.023251954306619,tox21
Cc1cc(N)no1,3.7572046302618265,tox21
Cc1cc(N2CCC(Oc3cnccn3)CC2)nc(-c2cccc([N+](=O)[O-])c2)n1,4.9455316749923455,challenge
Cc1cc(N2CCCCC2)nc(NCc2ccccc2)n1,6.542240874986129,veith
Cc1cc(N2CCOCC2)nc(SCc2ccc(Cl)cc2Cl)n1,4.292241779935917,veith
Cc1cc(N2CCOc3ncnc(N)c3C2=O)cc(C)c1C#CC(C)(C)CC(=O)O,3.984759938426495,pharmabench
Cc1cc(NC(=O)C(c2ccccc2)N(C)CCCn2ccnc2)no1,4.911090124992346,challenge
Cc1cc(NC(=O)C2CCCCC2)nc2c1c(=O)oc1ccccc12,4.192241409015731,veith
Cc1cc(NC(=O)C2CCN(C)C2=O)ccc1Oc1ccncc1,4.902863217992346,challenge
Cc1cc(NC(=O)C2NCCOc3ccccc32)cnc1C,4.525775349992346,challenge
Cc1cc(NC(=O)CCc2c[nH]nn2)cnc1N1CCCCC1C,4.344043136992346,challenge
Cc1cc(NC(=O)CN(C)c2ccc(F)c(Cl)c2)n(C2CCS(=O)(=O)C2)n1,4.249133467992346,challenge
Cc1cc(NC(=O)CN2CCN(C3CCc4ccc(F)cc43)CC2)no1,5.908671837992346,challenge
Cc1cc(NC(=O)CSc2nc3ccccc3c(=O)n2CCCC(=O)NCc2ccco2)n[nH]1,4.292241779935917,veith
Cc1cc(NC(=O)N2CCCCC2c2cn[nH]c2)nn1-c1ccccc1,4.500912944992345,challenge
Cc1cc(NC(=O)NCc2cccc(C3(C)NC(=O)NC3=O)c2)ccc1-c1ccncc1,5.2790886769923455,challenge
Cc1cc(NC(=O)NCc2cccc(Oc3ccccc3F)c2)n(C2CCS(=O)(=O)C2)n1,4.465390202992346,challenge
Cc1cc(NC(=O)N[C@H](C)CCN2CCC[C@@H](Cc3ccc(F)cc3)C2)cc(-c2nnnn2C)c1,6.118298846796713,pharmabench
Cc1cc(NC(=O)N[C@H](C)C[C@@H](O)N2CCC[C@@H](Cc3ccc(F)cc3)C2)cc(-c2nnnn2C)c1,4.875260798110419,pharmabench
Cc1cc(NC(=O)Nc2ccc(N(C)C)cc2)c2cc(F)cc(F)c2n1,3.9969548213840747,ncgc;veith
Cc1cc(NC(=O)Nc2ccc3c(ccn3C)c2)sn1,3.9016695663778864,ncgc
Cc1cc(NC(=O)c2ccc(F)cc2Cl)sc1C(=O)NCC(=O)O,4.166449599992346,challenge
Cc1cc(NC(=S)Nc2ccccc2)ccc1Br,5.192241409015731,veith
Cc1cc(NC2CCN(c3ncccc3F)C2)nc(C)n1,4.372450731992346,challenge
Cc1cc(NCc2cc(C)nc3c2CCCC3)cc(C(N)=O)c1,4.704399291992345,challenge
Cc1cc(N[C@@H](Cc2ccccc2)C(=O)O)n2ncnc2n1,4.350945064992346,challenge
Cc1cc(N[C@H](CCCCNCc2ccc(F)cc2)C(=O)NO)cc(C)c1F,5.288995073965688,pharmabench
Cc1cc(Nc2cc(C)c(C#N)c(NCCOc3ccccc3)n2)n[nH]1,4.561996346029425,pharmabench
Cc1cc(Nc2cc(C)c(C#N)c(NCCOc3ccccn3)n2)n[nH]1,3.9569308445617386,pharmabench
Cc1cc(Nc2cc(C)c(C#N)c(NCCOc3cccnc3)n2)n[nH]1,4.423693647863145,pharmabench
Cc1cc(Nc2ccccc2)nc(N)n1,4.442240306846953,veith
Cc1cc(Nc2ncc(Cl)c(Nc3ccccc3S(=O)(=O)C(C)C)n2)c(OC(C)C)cc1C1CCNCC1,4.1127673649923455,challenge
Cc1cc(Nc2ncnc3onc(C)c23)ccc1Oc1cccnc1,4.868561309992345,challenge
Cc1cc(O)c(-c2cc(O)c(C)cc2O)cc1O,4.901666293693565,ncgc
Cc1cc(O)c(/C=N/Nc2ccc(Cl)cc2)c(=O)o1,5.292241779935917,veith
Cc1cc(O)c(/C=N/Nc2cccc(Cl)c2)c(=O)o1,6.292241779935917,veith
Cc1cc(O)c(C(C)(C)C)cc1C(C)(C)C,3.723251713511802,tox21
Cc1cc(O)c(C(C)(C)C)cc1Sc1cc(C(C)(C)C)c(O)cc1C,4.173961364890007,tox21
Cc1cc(O)c(C(C)C)cc1C1(c2cc(C(C)C)c(O)cc2C)OC(=O)c2ccccc21,4.901666293693565,ncgc
Cc1cc(O)c(C(C)C)cc1CN1CCCCC1,4.89695369244143,ncgc;veith
Cc1cc(O)c(C(C)C)cc1Cl,2.8491763467520737,challenge;tox21
Cc1cc(O)c(C(C)C)cc1N=Cc1ccccc1O,5.001666312269612,ncgc
Cc1cc(O)c(C)c(C)c1O,4.134416852957513,tox21
Cc1cc(O)c2c(c1)C(=O)c1cc(O)cc(O)c1C2=O,4.201668428249162,ncgc
Cc1cc(O)c2ccccc2c1O,4.3344172940778565,tox21
Cc1cc(O)ccc1N,4.270778547410376,tox21
Cc1cc(OC(=O)N(C)C)nn1C(=O)N(C)C,4.073252490208837,tox21
Cc1cc(OC(C)C)nc(NCc2ccccc2)n1,4.842240508595863,veith
Cc1cc(OCC(=O)Nc2cc(-n3nc(C)cc3C)nc(-c3ccc(C)o3)n2)cc(C)n1,6.7203588381246755,pharmabench
Cc1cc(OCC(O)CNC(C)(C)Cc2cc3ccccc3[nH]2)ccc1S(C)(=O)=O,6.817268851132731,pharmabench
Cc1cc(OCCOCC[N+](C)(C)Cc2ccccc2)ccc1C(C)(C)CC(C)(C)C.[Cl-],4.280077078429284,tox21
Cc1cc(OCCn2cc(/C(N)=N/O)c3ccccc32)ccc1Cl,4.892241091189295,veith
Cc1cc(OCc2nc(N)nc(N)c2-c2ccc(Cl)c(Cl)c2)ccc1[N+](=O)[O-],4.9969534480296955,ncgc;veith
Cc1cc(O[C@H](CCCCNCc2ccc(F)cc2)C(=O)NO)cc(C)c1F,6.057601006443101,pharmabench
Cc1cc(Oc2ccc(Oc3ccccc3)nc2)nc(-c2cccnc2)n1,1.9963290519923453,challenge
Cc1cc(S(=O)(=O)NCCCN2CCOCC2)ccc1F,4.3922393223313625,veith
Cc1cc(SCC(=O)c2ccc(Br)cc2)cc(C)[o+]1,4.9969534480296955,ncgc;veith
Cc1cc([C@H]2C[C@H]3[C@@H](C)SC(N)=N[C@@]3(c3ccc(F)cc3F)CO2)on1,4.2670404980776375,pharmabench
Cc1cc([C@H]2C[C@H]3[C@@H](CF)SC(N)=N[C@@]3(c3ccc(F)cc3F)CO2)on1,3.9422075877410316,pharmabench
Cc1cc([C@](C)(N)C(=O)O)ccc1P(=O)(O)O,4.396953559925658,ncgc;veith
Cc1cc([N+](=O)[O-])cc([N+](=O)[O-])c1O,3.8232520113632606,tox21
Cc1cc([N+](=O)[O-])ccc1N,4.0785930768933545,tox21
Cc1cc([N+](=O)[O-])ccc1NCc1ccccc1,4.292241779935917,veith
Cc1cc2c(C(C)C)c(O)c(O)c(C=O)c2c(O)c1-c1c(C)cc2c(C(C)C)c(O)c(O)c(C=O)c2c1O,4.00166905897837,ncgc
Cc1cc2c(F)c(Oc3ncnn4cc(OC[C@@H](C)OC(=O)[C@H](N)CC(C)C)c(C)c34)ccc2[nH]1,4.039117600749088,pharmabench
Cc1cc2c(NC(=O)N[C@@H]3CC(C)(C)Oc4cc(F)ccc43)cccc2cn1,4.18887992108242,pharmabench
Cc1cc2c(NC(=O)N[C@@H]3CC(C)(C)Oc4cc(OC(F)(F)F)ccc43)cccc2cn1,4.64117759207705,pharmabench
Cc1cc2c(NC(=O)N[C@@H]3CC(CF)(CF)Oc4c(F)cccc43)cccc2cn1,4.377936157302469,pharmabench
Cc1cc2c(NC(=O)N[C@@H]3CC(CF)(CF)Oc4cc(Cl)ccc43)cccc2cn1,4.72913276243218,pharmabench
Cc1cc2c(OCC(CNC(C)(C)C)OC(=O)c3ccccc3)cccc2[nH]1,5.232608628476042,pharmabench;tox21
Cc1cc2c(c(=O)o1)[C@H](O)[C@H]1O[C@@H]1C2=O,5.001666312269612,ncgc
Cc1cc2c(cc(C(=O)N[C@H]3COC[C@H]3n3cccn3)n2CC(F)(F)F)s1,6.562826699992345,challenge
Cc1cc2c(cc1C(F)(F)F)N(C(=O)Nc1ccc(Oc3cccnc3C)nc1)CC2.Cl,4.216444630533166,tox21
Cc1cc2c(cc1C)C(C(=O)NCc1nnc3n1CCC(C(F)(F)F)C3)CO2,4.605384489992345,challenge
Cc1cc2c(cc1C)N(C(=O)COc1cccnc1)CC2,5.614252719992345,challenge
Cc1cc2c(cc1C)N(CC(=O)N1CCCC(c3ccccc3)C1CN1CCCC1)C(=O)CO2,4.7117586663627575,pharmabench
Cc1cc2c(cc1CC(=O)c1sccc1S(=O)(=O)Nc1onc(C)c1Cl)OCO2,5.184424060232335,tox21
Cc1cc2c(nc1C)CCCCN2C[C@H](C)O/N=C1/[C@H]2O[C@@H]2[C@@H](O)[C@H]2[C@H]1CCn1c(=O)n(-c3ccccc3)c(=O)n12,4.89695369244143,ncgc;veith
Cc1cc2c(nc1C)CCCCN2C[C@H](C)O/N=C\[C@@H](C)[C@H](OCc1ccccc1)C(C)C,4.89695369244143,ncgc;veith
Cc1cc2c(nc1C)CCCCN2C[C@H](O)CN1CCCc2nc(-c3ccc(Br)cc3)ccc21,5.001666312269612,ncgc
Cc1cc2c(nc1C)CCCN2C[C@H](C)O/N=C1/[C@H]2O[C@@H]2[C@@H](O)[C@H]2[C@H]1CCn1c(=O)n(-c3ccccc3)c(=O)n12,5.096953661274842,ncgc;veith
Cc1cc2c(nc1C)CCCN2C[C@H](C)O/N=C\[C@@H](C)[C@H](OCc1ccccc1)C(C)C,4.9969534480296955,ncgc;veith
Cc1cc2c(nc1C)CCCN2C[C@H](O)CN1CCCc2nc(-c3ccc(Br)cc3)ccc21,4.9969534480296955,ncgc;veith
Cc1cc2c3c(c1)C(c1ccccc1)=N[C@@H](NC(=O)c1ccncc1)C(=O)N3CC2,3.9732520511108227,tox21
Cc1cc2cc(C(=O)N3Cc4ccccc4C[C@H]3C(N)=O)oc2cc1C,4.650030987992346,challenge
Cc1cc2cc(C)c3nnc(SCC(=O)NCc4ccc5c(c4)OCO5)n3c2cc1C,4.242240761051421,veith
Cc1cc2cc(C=O)c(Cl)nc2cc1C,4.642240772861618,veith
Cc1cc2cc(CNC(=O)c3cccc([N+](=O)[O-])c3)ccc2[nH]1,4.3552120099923455,challenge
Cc1cc2cc3c(cc2nc1SCC(=O)Nc1c(C)cccc1C)CCC3,4.342240150210577,veith
Cc1cc2cc[nH]c2cc1NC(=O)N1CCc2cc(Cl)ccc2C1,6.156803654992346,challenge
Cc1cc2ccccc2c[n+]1CC(O)C[n+]1cc2ccccc2cc1C,7.097117973498301,ncgc;veith
Cc1cc2ccccc2n1CCNC(=O)C1CCCC1,4.3922393223313625,veith
Cc1cc2ccccc2n1CCNC(=O)c1ccccc1,5.092240288156335,veith
Cc1cc2ccccn2c1C(=O)c1ccc(Cl)cc1,4.242240761051421,veith
Cc1cc2nc(C3CCCN(C(=O)NCc4ccccc4)C3)[nH]c2cc1C,4.792241107578132,veith
Cc1cc2nc(C3CCN(Cc4nnnn4Cc4ccccc4)CC3)[nH]c2cc1C,4.842240508595863,veith
Cc1cc2nc(CCN(C(=S)NCC(C)C)C3CCCC3)[nH]c2cc1C,5.442240306846952,veith
Cc1cc2nc(SCCOC(=O)Nc3ccc(Cl)cc3)nc(C)c2cc1C,4.542240874986129,veith
Cc1cc2nc3c(=O)[nH]c(=O)nc-3n(C[C@@H](O)[C@@H](O)[C@@H](O)CO)c2cc1C,4.201668428249162,ncgc
Cc1cc2nc3c(=O)[nH]c(=O)nc-3n(C[C@H](O)[C@H](O)[C@H](O)CO)c2cc1C,4.205399582273465,tox21
Cc1cc2ncc(=O)n(CC(=O)N3CCCC(c4ccccc4)C3CN3CCCC3)c2cc1C,4.495049556398812,pharmabench
Cc1cc2ncc(=O)n(CC(=O)N3CCCC(c4ccccc4)C3CN3CCOCC3)c2cc1C,4.593254039759867,pharmabench
Cc1cc2ncc3c(n2n1)CN([C@H]1CO[C@H](c2cc(F)c(F)cc2F)[C@@H](N)C1)C3,3.6484768308185496,pharmabench
Cc1cc[n+](CC(=O)Nc2cc(C(F)(F)F)ccc2Cl)cc1.[Cl-],6.142241126006169,veith
Cc1ccc(-[n+]2cc(=O)o[nH]2)cc1,5.296954647425311,ncgc;veith
Cc1ccc(-c2[nH]n3c(=O)c4c(nc3c2C)CCCC4)cc1,4.092240288156335,veith
Cc1ccc(-c2c[nH]cc2C(=O)NCC2(N3CCOCC3)CCCCC2)s1,5.412311751992346,challenge
Cc1ccc(-c2cc(C(F)(F)F)nn2-c2ccc(S(N)(=O)=O)cc2)cc1,4.738658963842403,challenge;pharmabench;tox21
Cc1ccc(-c2ccc(=O)n(CC(=O)NCCN3CCCCC3C)n2)cc1,5.192241409015731,veith
Cc1ccc(-c2ccc(C(=O)N(C)[C@H]3CCN(C(=O)N4CC[C@@H](NC5CCC(C)(C)CC5)C4)C3)s2)cc1,4.875260798110419,pharmabench
Cc1ccc(-c2cccc(NC(=O)c3cnc(N4CCNCC4)o3)n2)cc1,4.2569869599923456,challenge
Cc1ccc(-c2cn(C(C)C(=O)Nc3cccc(C#N)c3)nn2)cc1,4.553215904992346,challenge
Cc1ccc(-c2cnc(NC(=O)CCC(=O)N3CCCCC3)n2C)cc1,4.342240150210577,veith
Cc1ccc(-c2csc3ncnc(NCCN4CCOCC4)c23)cc1,5.04224135682174,veith
Cc1ccc(-c2n[nH]c(=S)n2/N=C/c2cccn2C)cc1,4.792241107578132,veith
Cc1ccc(-c2nc(C(=O)N3CCCN(Cc4cnn(C)c4)CC3)cs2)n1C,4.564947944992346,challenge
Cc1ccc(-c2nc(CCNC(=O)c3c(C(F)(F)F)n[nH]c3C)co2)cc1,4.509410327992346,challenge
Cc1ccc(-c2nc3ccc(C)cn3c2CC(=O)N(C)C)cc1,4.134416852957513,tox21
Cc1ccc(-c2nc3ccccc3[nH]2)cc1NC(=O)c1ccc2c(c1)OCO2,4.842240508595863,veith
Cc1ccc(-c2nn(-c3ccccc3)cc2CSC(=N)N)cc1.Cl,6.092240288156335,veith
Cc1ccc(-c2nnc(SCCCn3ccnc3)o2)c(C)c1,5.583245907992346,challenge
Cc1ccc(-c2nnc(SCCN3CCC(F)(F)CC3)o2)cc1,2.0868638749923454,challenge
Cc1ccc(-n2c(-c3ccc(Br)cc3)c[n+]3c2CCc2ccc4cccnc4c2-3)cc1.[Br-],5.342240150210578,veith
Cc1ccc(-n2c(C)cc(/C=C(\C#N)C(=O)NCC3CCCO3)c2C)cc1,4.342240150210577,veith
Cc1ccc(-n2c(C)nc3c(cnn3-c3ccc(F)cc3)c2=O)cc1C,4.292241779935917,veith
Cc1ccc(-n2c(O)cnc2Nc2nc(C)cc(C)n2)cc1,4.3922393223313625,veith
Cc1ccc(-n2c(SCC(=O)NCc3ccco3)nc3sc4c(c3c2=O)CC(C)(C)SC4)cc1,5.04224135682174,veith
Cc1ccc(-n2cnc(=O)n2CCC2CCNC2)cc1Cl,4.860349669992345,challenge
Cc1ccc(-n2cnnc2)c(C(=O)N2CCc3cc(F)ccc32)c1,4.275172857992346,challenge
Cc1ccc(-n2nc(C(C)(C)C)cc2NC(=O)Nc2ccc(-c3nnc(S)n3C)cc2)cc1,4.738087605085107,pharmabench
Cc1ccc(-n2nc(C(C)(C)C)cc2NC(=O)Nc2ccc(-n3cnnc3)cc2)cc1,4.7203588381246755,pharmabench
Cc1ccc(-n2nc(C(C)(C)C)cc2NC(=O)Nc2ccc(OCCN3CCOCC3)c3ccccc23)cc1,4.384416994074168,tox21
Cc1ccc(-n2nnc(C(=O)Nc3cccnc3C3CC3)c2C)cc1,4.2826596549923455,challenge
Cc1ccc(-n2nnnc2C(=Cc2ccc(N(C)C)cc2)c2nnnn2-c2ccc(C)cc2)cc1,4.292241779935917,veith
Cc1ccc(/C(=C/CN2CCCC2)c2ccccn2)cc1,4.696954347372703,ncgc;veith
Cc1ccc(/C(=C\CN2CCCC2)c2ccccn2)cc1,4.8835875750718545,challenge;tox21
Cc1ccc(/C(=C\CN2CCCC2)c2ccccn2)cc1.Cl.O,5.301270028181481,tox21
Cc1ccc(/C=C/C(=O)N2CC(C)CC(C)C2)o1,4.542240874986129,veith
Cc1ccc(/C=C2\Sc3ccccc3C2=O)s1,4.292241779935917,veith
Cc1ccc(/C=N/NC(=O)C2CCN(Cc3ccc(F)cc3Cl)CC2)o1,3.9422413815580466,veith
Cc1ccc(/C=N/NC(=O)CSc2nc3ccccc3n2C)s1,4.642240772861618,veith
Cc1ccc(/C=N/n2c(-c3cccs3)n[nH]c2=S)cc1,4.792241107578132,veith
Cc1ccc(/C=N\Nc2nc3ccc(Cl)cc3[nH]2)o1,4.942241381558047,veith
Cc1ccc(Br)c(S(=O)(=O)N2CCC(c3cnn(C)c3)CC2)c1,4.655835552992346,challenge
Cc1ccc(Br)cc1Cc1noc(CN2CCCCC(O)C2=O)n1,4.007371476992346,challenge
Cc1ccc(C#N)c(N2CCCC(c3ccncc3)C2)n1,5.387947621992346,challenge
Cc1ccc(C#N)c(S[C@H](CCN)c2ccccc2)n1,4.7203588381246755,pharmabench
Cc1ccc(C(=N)c2ccccc2Cc2cccc3ccccc23)c2ccccc12,5.096953661274842,ncgc;veith
Cc1ccc(C(=O)C(C)CN2CCCCC2)cc1.Cl,5.534418069800762,tox21
Cc1ccc(C(=O)C(OC(=O)CCC(=O)Nc2cccc(C)c2)c2ccccc2)cc1,4.04224135682174,veith
Cc1ccc(C(=O)C2(CCC(C)(C)C)CCNC2)cc1Cl,4.305385490153857,pharmabench
Cc1ccc(C(=O)C2CCNCC2)cc1.Cl,5.342240150210578,veith
Cc1ccc(C(=O)N2CCN(C3c4cccc5cccc(c45)C3NS(=O)(=O)c3ccccc3)CC2)cc1,5.04224135682174,veith
Cc1ccc(C(=O)NCCc2ccn(-c3ccccc3)n2)cc1Cl,2.085175019992345,challenge
Cc1ccc(C(=O)NN2CCOCC2)cc1,6.142241126006169,veith
Cc1ccc(C(=O)NNC(=O)CSc2nnc(-c3ccncc3)n2-c2ccc(C)cc2)cc1,4.3922393223313625,veith
Cc1ccc(C(=O)Nc2ccc(Cc3ccncc3)cc2)cc1[N+](=O)[O-],5.342240150210578,veith
Cc1ccc(C(=O)Nc2ccc3ccn(CCN(C)C)c3c2)cc1,4.462573874992346,challenge
Cc1ccc(C(=O)Nc2ccccc2-c2ccccc2)cc1S(=O)(=O)Nc1cccc(C)c1C,4.592241033466911,veith
Cc1ccc(C(=O)Nc2nc3ccccc3n3nnnc23)cc1,4.3922393223313625,veith
Cc1ccc(C(=O)Oc2ccc(C(O)CNC(C)(C)C)cc2OC(=O)c2ccc(C)cc2)cc1,4.134416852957513,tox21
Cc1ccc(C(=O)[C@@H]2[C@@H]3[C@@H](C(=O)[C@@H]4OC[C@H]3O4)[C@@H]3C=Cc4ccccc4N23)cc1,4.201669884204322,ncgc
Cc1ccc(C(=O)c2nc3ccc(O)cc3s2)cc1O,3.686935082637725,pharmabench
Cc1ccc(C(=O)c2oc3nc(C)cc(C)c3c2N)cc1,4.492240905132714,veith
Cc1ccc(C(C(=O)NC2CCCCC2)N(CC2CCCO2)C(=O)CNC(=O)c2cccs2)cc1,4.492240905132714,veith
Cc1ccc(C(C)(C)CNC(=O)c2ccn(C)c2-c2ccccc2)nc1,5.401851689992346,challenge
Cc1ccc(C(C)N(C)C(=O)NCc2cccc(Cn3cnc4ccccc43)c2)cc1,5.0325806069923456,challenge
Cc1ccc(C(C)NC(=O)[C@@H](NC(=O)OC(C)C)C(C)C)cc1,4.024670411368043,tox21
Cc1ccc(C(CNC(=O)C2CCS2(=O)=O)N(C)C)cc1,5.255717422992346,challenge
Cc1ccc(C(CNC(=O)CNc2cccnc2)N(C)C)cc1,5.225084094992345,challenge
Cc1ccc(C(CNC(=O)c2ccc3ncnn3c2)N(C)C)cc1,4.904893299992346,challenge
Cc1ccc(C(N)=Nc2ccccc2)cc1,4.9969534480296955,ncgc;veith
Cc1ccc(C(c2ccc(C)o2)c2cccc([N+](=O)[O-])c2O)o1,4.342240150210577,veith
Cc1ccc(C(c2nnnn2C2CCCC2)N2CCN3CCCC3C2)cc1,5.842240508595863,veith
Cc1ccc(C)c(-c2cc(C(=O)NCc3cccs3)c3ccccc3n2)c1,4.342240150210577,veith
Cc1ccc(C)c(-n2c(C)nnc2SCC(=O)NCCCn2cccn2)c1,4.6215418169923455,challenge
Cc1ccc(C)c(/C(=N\N=C(N)N)C2CC2)c1,4.89695369244143,ncgc;veith
Cc1ccc(C)c(C(=N)c2ccccc2Cc2ccccc2)c1,5.001666312269612,ncgc
Cc1ccc(C)c(C(=O)CN2C(=O)c3ccccc3S2(=O)=O)c1,5.692241142242068,veith
Cc1ccc(C)c(N(CC(=O)Nc2cc(Cl)ccc2Oc2ccccc2)S(C)(=O)=O)c1,4.092240288156335,veith
Cc1ccc(C)c(N)c1,3.8725437715971163,tox21
Cc1ccc(C)c(N/C(N)=N/c2nc(C)cc(C)n2)c1,5.592241033466911,veith
Cc1ccc(C)c(N2CCN(C(=O)c3ccc4nc(-c5ccco5)c(-c5ccco5)nc4c3)CC2)c1,4.992240583789779,veith
Cc1ccc(C)c(NC(=O)C(c2ccccc2)N2CCC(c3nnc4ccccn34)CC2)c1,5.250052154992345,challenge
Cc1ccc(C)c(NC(=O)C2(C)CC3c4ccccc4C2c2ccccc23)c1,6.192241409015731,veith
Cc1ccc(C)c(NC(=O)C2C3CCCC2C3c2ccccc2)c1,5.04224135682174,veith
Cc1ccc(C)c(NC(=O)C2CC3c4ccccc4C2c2ccccc23)c1,6.192241409015731,veith
Cc1ccc(C)c(NC(=O)NCc2ccc(Cl)cc2)c1,4.89695369244143,ncgc;veith
Cc1ccc(C)c(NC(=S)N(CCc2nc3cc(C)c(C)cc3[nH]2)Cc2cccnc2)c1,5.492240905132714,veith
Cc1ccc(C)c(S(=O)(=O)N2CCC(c3nc4c(nnn4Cc4ccc(F)cc4)c(=O)[nH]3)CC2)c1,4.342240150210577,veith
Cc1ccc(C)c(S(=O)(=O)O)c1,4.015674927024429,tox21
Cc1ccc(C)n1CCN1CCN(CC(=O)Nc2cc(C(F)(F)F)ccc2Cl)CC1,4.442240306846953,veith
Cc1ccc(C2(C(=O)N(C)Cc3cccs3)CC2)cc1,3.5619963460294253,pharmabench
Cc1ccc(C2(CNC(=O)[C@@H]3NC[C@@H](O)[C@H]3O)CCCC2)c(C)c1,4.737936127992346,challenge
Cc1ccc(C2=C(Cl)C(=O)C(c3ccc(C)cc3)=C(Cl)C2=O)cc1,4.89695369244143,ncgc;veith
Cc1ccc(C2=NN(S(C)(=O)=O)C(c3cccs3)C2)cc1,4.342240150210577,veith
Cc1ccc(C2CC=CCNC2)cc1Cl,4.6711408154544936,pharmabench
Cc1ccc(C2NC(c3ccc(C)cc3)C(C)C(=NO)C2C)cc1,5.742241156276297,veith
Cc1ccc(CC(C)(C)NCc2ccc3cc[nH]c3n2)cc1,6.913799862992346,challenge
Cc1ccc(CC(C)C(=O)NC2CCN(C(=O)c3ccncc3)CC2)cc1,4.980678677992346,challenge
Cc1ccc(CCN2CC(C(=O)NCCCN(C)Cc3ccccc3)CC2=O)cc1,4.342240150210577,veith
Cc1ccc(CCN2CC(C(=O)NCCN3CCCCCC3)CC2=O)cc1,4.192241409015731,veith
Cc1ccc(CCNC(=O)C2CC(c3ccccc3[N+](=O)[O-])=NO2)cc1,5.092240288156335,veith
Cc1ccc(CCn2c3c(c4cc(Cl)ccc42)CN(C)CC3)cn1,4.634418806116886,tox21
Cc1ccc(CN(C(=O)c2ncc(F)cn2)C(C)C)cc1,4.418213611992345,challenge
Cc1ccc(CN2C(=O)CCC2C(=O)Nc2ccc(N3CCc4sccc4C3)nc2)cc1,6.114660974992345,challenge
Cc1ccc(CN2CC34C=CC(O3)C(C(=O)NCc3ccc5c(c3)OCO5)C4C2=O)cc1,4.342240150210577,veith
Cc1ccc(CN2CCN(Cc3ccc(C)o3)[C@@H](C)C2)o1,5.196951293391612,ncgc;veith
Cc1ccc(CNC(=O)Cn2c(=O)oc3ccccc32)o1,4.192241409015731,veith
Cc1ccc(CNC(=O)Nc2nnc(-c3ccccn3)s2)c(OC(C)C)c1,4.489058911992346,challenge
Cc1ccc(CNC(=O)[C@H](C)[C@@H]2C[C@@]2(C)[C@@H](NC(=O)OCc2ccccc2)c2ccccc2)c(F)c1F,4.696954347372703,ncgc;veith
Cc1ccc(CNC(=O)[C@H](C)[C@@H]2C[C@@]2(C)[C@@H](NC(=O)OCc2ccccc2)c2ccccc2)o1,4.501669380321306,ncgc
Cc1ccc(CNC(=O)[C@H](C)[C@H]2C[C@]2(C)[C@H](NC(=O)OCc2ccccc2)c2ccccc2)c(F)c1F,4.9969534480296955,ncgc;veith
Cc1ccc(CNC(=O)[C@H](C)[C@H]2C[C@]2(C)[C@H](NC(=O)OCc2ccccc2)c2ccccc2)o1,4.796954045378592,ncgc;veith
Cc1ccc(CNC2CC(C)(C)OC2(C)C)c(-n2cc(Cl)cn2)n1,5.758158429992346,challenge
Cc1ccc(CNCC(O)(c2ccc(F)cc2)c2ccc(F)cc2)cc1,5.492240905132714,veith
Cc1ccc(CNCC2(C(O)c3ccccc3)CC2)c(-c2cnn(C)c2)c1,7.534508881992346,challenge
Cc1ccc(CNc2nc3ccccc3n2C(C)C)nc1,5.032755747992345,challenge
Cc1ccc(COc2ccc(Br)cc2/C=N/O)cc1,4.242240761051421,veith
Cc1ccc(CS(=O)(=O)CCC(=O)NCc2cccs2)cc1,4.442240306846953,veith
Cc1ccc(CSC(N)=Nc2ccccc2)cc1C,5.596962925619413,ncgc;veith
Cc1ccc(CSC2=CS(=O)(=O)c3ccccc3N2)cc1,4.592241033466911,veith
Cc1ccc(CSc2nnc([C@@H]3CCCN3)o2)cc1.Cl,4.292241779935917,veith
Cc1ccc(CSc2nnc3c(n2)OC2(Nc4ccccc4-3)C(=O)Nc3ccc(F)cc32)cc1,4.092240288156335,veith
Cc1ccc(C[C@H](Cc2nc3ccccc3[nH]2)c2nc3ccccc3[nH]2)cc1,6.601848877894209,ncgc
Cc1ccc(Cl)c(OCC(O)CNC(C)(C)C)c1,5.415108912679584,challenge;tox21
Cc1ccc(Cl)cc1,4.0493617360883265,tox21
Cc1ccc(Cl)cc1N,3.965166320032056,tox21
Cc1ccc(Cn2c(C3CNCCO3)nc3ccccc32)cc1C,4.690975060439466,pharmabench
Cc1ccc(Cn2c(C3CNCCS3)nc3ccccc32)cc1,4.85703597800422,pharmabench
Cc1ccc(Cn2c(N3CCC(N(C)C)CC3)nc3ccccc32)cc1,4.561393577741265,pharmabench
Cc1ccc(Cn2c([C@H]3CNCCO3)nc3ccccc32)cc1,3.9675424069364036,pharmabench
Cc1ccc(F)cc1CN(c1ccc(C#N)c(Cl)c1)[C@H]1CCN(C(=O)OC(C)C)C1,4.243237583405013,pharmabench
Cc1ccc(N(C)C)cc1,4.023251954306619,tox21
Cc1ccc(N(CC2=NCCN2)c2cccc(O)c2)cc1,5.311014393874354,challenge;ncgc;pharmabench;tox21;veith
Cc1ccc(N(CCC#N)C(=O)CSc2ccc3c(c2)OCCO3)cc1,4.092240288156335,veith
Cc1ccc(N)c(C)c1.Cl,5.371844291874301,tox21
Cc1ccc(N)c([N+](=O)[O-])c1,3.9785933638002406,tox21
Cc1ccc(N)cc1,4.023251954306619,tox21
Cc1ccc(N)cc1.Cl,4.670423970333513,tox21
Cc1ccc(N)cc1C,4.519368277447284,tox21
Cc1ccc(N)cc1N,4.028982947035953,tox21
Cc1ccc(N)cc1O,5.173245141474492,tox21
Cc1ccc(N)cc1[N+](=O)[O-],3.9700735453014824,tox21
Cc1ccc(N)nc1,3.7872554785020185,tox21
Cc1ccc(N2C(=O)/C(=C/N3CCN(C(=O)c4ccco4)CC3)C(=O)NC2=S)cc1C,7.04224135682174,veith
Cc1ccc(N2C(=O)C(Cl)=C(NCc3ccccc3)C2=O)c(C)c1,4.142241126006169,veith
Cc1ccc(N=CN(C)C=Nc2ccc(C)cc2C)c(C)c1,4.071130420268283,tox21
Cc1ccc(N=Cc2cc(C)n(C3CCCC3)c2C)cc1,4.292241779935917,veith
Cc1ccc(NC(=O)/C(=C\c2ccc3c(c2)OCO3)NC(=O)c2ccco2)cc1,4.292241779935917,veith
Cc1ccc(NC(=O)C2CCCN(CC(F)(F)F)C2)cc1-n1cnnn1,4.4561602269923455,challenge
Cc1ccc(NC(=O)CCc2ccc(S(=O)(=O)NC3CCCCC3)cc2)cc1,4.442240306846953,veith
Cc1ccc(NC(=O)CN(C)C(=O)c2cccc(-n3ccnc3)c2)cc1,4.5840751649923455,challenge
Cc1ccc(NC(=O)CN(Cc2ccccc2)S(C)(=O)=O)cc1C,4.342240150210577,veith
Cc1ccc(NC(=O)CSCC(=O)Nc2ccc(N3CCOCC3)c(Cl)c2)cc1,4.342240150210577,veith
Cc1ccc(NC(=O)Cn2cnc3c(cnn3C(C)(C)C)c2=O)cc1,4.342240150210577,veith
Cc1ccc(NC(=O)N2CCN(c3cnccn3)CC2)cc1OCC(F)F,4.763546112992346,challenge
Cc1ccc(NC(=O)NC[C@H]2C[C@@H]2C(F)(F)F)c(N(C)C)n1,4.5391993949923455,challenge
Cc1ccc(NC(=O)NNc2cccc(Cl)n2)cc1,4.3922393223313625,veith
Cc1ccc(NC(=O)c2c(C(F)(F)F)nn(C)c2SCc2cccc(C(F)(F)F)c2)cc1C,4.342240150210577,veith
Cc1ccc(NC(=O)c2cc(Cl)nc3ccccc23)cc1,6.242240761051421,veith
Cc1ccc(NC(=O)c2cc([N+](=O)[O-])ccc2NCc2cccnc2)cc1Cl,5.592241033466911,veith
Cc1ccc(NC(=O)c2sc3ccccc3c2Cl)nc1,4.992240583789779,veith
Cc1ccc(NC(=S)N2CCN(C3CCCCC3)CC2)cc1,4.342240150210577,veith
Cc1ccc(NC(=[OH+])c2cc3ccccc3cc2O)c(C)c1.Cc1ccc(NC(=[OH+])c2cc3ccccc3cc2O)c(C)c1.[Ni],4.9969534480296955,ncgc;veith
Cc1ccc(NC(C)c2c[nH]cn2)cc1-c1nnnn1C1CC1,4.492220056992346,challenge
Cc1ccc(NC(CNS(=O)(=O)c2ccc(Cl)cc2)c2ccccc2)cc1,5.242240761051421,veith
Cc1ccc(NCC(=O)N/N=C/c2ccc(OC(=O)c3ccco3)cc2)cc1,4.292241779935917,veith
Cc1ccc(NCC(=O)N/N=C\c2ccc([N+](=O)[O-])o2)cc1,4.292241779935917,veith
Cc1ccc(NCc2c[nH]nc2-c2ccsc2)cc1C(N)=O,4.231444812992346,challenge
Cc1ccc(NCc2cccc3ccccc23)cc1-n1cnnn1,6.873033086992345,challenge
Cc1ccc(NNS(=O)(=O)c2ccc(C)cc2)cc1,4.742241156276297,veith
Cc1ccc(NP(=O)(Oc2ccccc2F)Oc2ccccc2F)cc1,4.592241033466911,veith
Cc1ccc(NS(=O)(=O)c2cc(C(=O)NCc3ccccn3)ccc2Cl)cc1,4.242240761051421,veith
Cc1ccc(NS(=O)(=O)c2cc(C(=O)NCc3ccccn3)ccc2Cl)cc1C,4.592241033466911,veith
Cc1ccc(NS(=O)(=O)c2ccc(C)c(NS(=O)(=O)CCOC(C)C)c2)c(C)c1,3.993069086992345,challenge
Cc1ccc(NS(=O)(=O)c2ccc(NC(=O)c3cccc(NC(=O)C(C)C)c3)cc2)cc1,4.3922393223313625,veith
Cc1ccc(NS(=O)(=O)c2ccccc2Cl)c2c1CC(C)(C)O2,4.292241779935917,veith
Cc1ccc(Nc2c([N+](=O)[O-])ccc3c2=NC2(CCCCC2)N=3)cc1,4.092240288156335,veith
Cc1ccc(Nc2ccc(-n3ccnc3)nn2)cc1C,5.092240288156335,veith
Cc1ccc(Nc2nc(-c3c(C)nc4ncccn34)cs2)cc1,4.3922393223313625,veith
Cc1ccc(Nc2nnc(-c3ccc4c(c3)OCO4)o2)c(C)c1,4.9969534480296955,ncgc;veith
Cc1ccc(Nc2nnns2)cc1,4.542240874986129,veith
Cc1ccc(O)c(C(=O)c2ccccc2)c1,4.4690165898379295,tox21
Cc1ccc(O)c(N=Nc2ccccc2)n1,4.901666293693565,ncgc
Cc1ccc(O)c([C@H](CCN(C(C)C)C(C)C)c2ccccc2)c1,5.108663176612341,challenge;tox21
Cc1ccc(O)c([N+](=O)[O-])c1,3.842559494914492,tox21
Cc1ccc(OC2C(O)COC2/C=C/C#Cc2ccc(C(C)(C)C)cc2)cc1,4.701667552503337,ncgc
Cc1ccc(OCC(=O)N2CCN(c3ccc([N+](=O)[O-])c(N4CCOCC4)c3)CC2)cc1,4.3922393223313625,veith
Cc1ccc(OCC(=O)Nn2cnc3ccccc32)cc1,4.492240905132714,veith
Cc1ccc(OCC(O)Cn2c3ccccc3c3ccccc32)cc1,4.692241142242068,veith
Cc1ccc(OCCCN(C)C)c(Br)c1,5.092240288156335,veith
Cc1ccc(OCCCN2C(=O)C(=O)c3cccc(C)c32)cc1,4.342240150210577,veith
Cc1ccc(OCCCn2c(=O)sc3ccccc32)cc1,4.342240150210577,veith
Cc1ccc(OCCOCCn2ccnc2)c(Br)c1,5.492240905132714,veith
Cc1ccc(OC[C@H](O)[C@H](C)NC(C)C)c2c1CCC2,4.2969560175302135,ncgc;veith
Cc1ccc(OCc2ccc(C(=O)Nc3nccs3)o2)cc1C,4.292241779935917,veith
Cc1ccc(S(=O)(=O)/C=C\C#N)cc1,7.2976270366514004,ncgc;veith
Cc1ccc(S(=O)(=O)CC#CCOC(=O)c2ccc([N+](=O)[O-])cc2)cc1,4.3922393223313625,veith
Cc1ccc(S(=O)(=O)CC(C)NC2CCC23CCCC3)cc1,5.658667389992345,challenge
Cc1ccc(S(=O)(=O)N(CC(=O)NCCC2=CCCCC2)Cc2ccccc2F)cc1,4.192241409015731,veith
Cc1ccc(S(=O)(=O)N(CCCN2CCCC2=O)Cc2cc3c(C)ccc(C)c3[nH]c2=O)cc1,4.342240150210577,veith
Cc1ccc(S(=O)(=O)N(Cc2ccccc2)c2ccccc2C(=O)NCc2ccco2)cc1,4.292241779935917,veith
Cc1ccc(S(=O)(=O)N2CCCC(C(=O)NCCCN3CCCCC3C)C2)cc1,4.242240761051421,veith
Cc1ccc(S(=O)(=O)N2CCN(C(=O)c3ccccc3)C2C(C)C)cc1,4.342240150210577,veith
Cc1ccc(S(=O)(=O)N2CCN(Cc3ccccc3C(F)(F)F)CC2)cc1,4.492240905132714,veith
Cc1ccc(S(=O)(=O)N2[C@H]3CC[C@@H]2CN(C)CC3)cc1F,5.305876269992345,challenge
Cc1ccc(S(=O)(=O)NC(=O)NN2CCCCCC2)cc1,4.62325365677871,tox21
Cc1ccc(S(=O)(=O)NC2CCNC23CCCC3)c2ncccc12,5.800178919992345,challenge
Cc1ccc(S(=O)(=O)NCC(=O)N(CC(=O)NCc2ccco2)Cc2cccs2)cc1,4.892241091189295,veith
Cc1ccc(S(=O)(=O)NCCC(=O)NCc2ccccc2)cc1,4.092240288156335,veith
Cc1ccc(S(=O)(=O)NCCN(C)Cc2nocc2C(C)C)cc1,5.136309262992346,challenge
Cc1ccc(S(=O)(=O)NCCn2c(C)cc3ccccc32)cc1,4.542240874986129,veith
Cc1ccc(S(=O)(=O)NNc2ccccc2)cc1,4.592241033466911,veith
Cc1ccc(S(=O)(=O)N[C@@H](CCCCN)C(=O)CCl)cc1,4.101668763344926,ncgc
Cc1ccc(S(=O)(=O)N[C@@H](CCCCN)C(=O)CCl)cc1.Cl,4.3344172940778565,tox21
Cc1ccc(S(=O)(=O)N[C@@H](CCc2ccccc2)CC(=O)C(C)(C)C)cc1,5.001666312269612,ncgc
Cc1ccc(S(=O)(=O)N[C@H]2COC(=O)C/C=C\[C@@H](C)[C@H](NS(=O)(=O)c3ccc(C)cc3)COC(=O)[C@H](C)NC(=O)C/C=C\[C@H]2C)cc1,4.89695369244143,ncgc;veith
Cc1ccc(S(=O)(=O)Nc2cc(=O)[nH]c3c2CCC3)cc1,5.096953661274842,ncgc;veith
Cc1ccc(S(=O)(=O)Nc2ccc(=O)n(Cc3ccc(Cl)c(Cl)c3)c2)cc1,4.892241091189295,veith
Cc1ccc(S(=O)(=O)O)cc1,4.072543524983272,tox21
Cc1ccc(S(=O)(=O)O)cc1.Cc1ccc(S(=O)(=O)OC2CCN(C)CC2)cc1,4.9969534480296955,ncgc;veith
Cc1ccc(S(=O)(=O)O)cc1.N=C(N)SC(c1ccccc1)c1ccccc1,4.89695369244143,ncgc;veith
Cc1ccc(S(=O)(=O)O)cc1.O,3.916970756856742,tox21
Cc1ccc(S(=O)(=O)O)cc1.O=C1C(c2ccccn2)=[N+]([O-])c2ccccc21,4.201669884204322,ncgc
Cc1ccc(S(=O)(=O)O)cc1.c1cc2c(c(NC3=NCCN3)c1)CCCC2,5.69694058165962,ncgc;veith
Cc1ccc(S(=O)(=O)OCC2CN3C(CCC(C)C3c3ccc(Br)cc3)C(=O)O2)cc1,5.051666673331481,ncgc
Cc1ccc(S(=O)(=O)OC[C@@H]2CN3[C@H](c4ccc(Br)cc4)[C@H](C)CC[C@H]3C(=O)O2)cc1,4.9969534480296955,ncgc;veith
Cc1ccc(S(=O)(=O)O[C@H]2CN3CCC2CC3)cc1,4.89695369244143,ncgc;veith
Cc1ccc(S(=O)(=O)Oc2ccc(C3C4=C(CCCC4=O)OC4=C3C(=O)CCC4)cc2)cc1,4.592241033466911,veith
Cc1ccc(S(=O)(=O)c2cc3ccccc3oc2=Nc2ccc3c(c2)OCO3)cc1,4.592241033466911,veith
Cc1ccc(S(N)(=O)=O)cc1NC(=O)/C=C/c1cccs1,4.342240150210577,veith
Cc1ccc(SCC(=O)Nc2cccc(NC(=O)c3ccco3)c2)cc1,4.192241409015731,veith
Cc1ccc(SCCNC(=O)c2ccc(C)c(S(=O)(=O)Nc3ccccc3C)c2)cc1,4.592241033466911,veith
Cc1ccc(SCCNC(=S)Nc2ccc(C)c(C)c2)cc1,4.842240508595863,veith
Cc1ccc(SCc2ccc(C(=O)NCc3ccncc3)cc2)cc1,6.842240508595863,veith
Cc1ccc(SCc2ccc(C(=O)Nc3cc([N+](=O)[O-])ccc3C)cc2)cc1,4.992240583789779,veith
Cc1ccc(SCc2nc3ccccc3n2CC(=O)Nc2ccc(Cl)cc2)cc1,4.592241033466911,veith
Cc1ccc(Sc2ccccc2N2CCNCC2)c(C)c1,4.428102766768199,pharmabench
Cc1ccc(Sc2ccccc2N2CCNCC2)c(Cl)c1,5.243237583405013,pharmabench
Cc1ccc(Sc2ccccc2N2CCNCC2)cc1,4.987965078301706,pharmabench
Cc1ccc(Sc2ccccc2N2CCNCC2)cc1C,4.972170811118475,pharmabench
Cc1ccc([C@@H](O)c2cnc(C)n2Cc2ccccc2)cc1,5.69694058165962,ncgc;veith
Cc1ccc([N+](=O)[O-])c([N+](=O)[O-])c1,4.018686228849094,tox21
Cc1ccc([N+](=O)[O-])cc1N,4.023606279019087,tox21
Cc1ccc([N+](=O)[O-])cc1NC(=S)NC(=O)CC(C)(C)C,4.3922393223313625,veith
Cc1ccc([N+](=O)[O-])cc1S(=O)(=O)O,3.9019989210400796,tox21
Cc1ccc([N+](=O)[O-])cc1[N+](=O)[O-],3.7793097018648982,tox21
Cc1ccc2[nH]c(-c3ccccc3)c(CN(C)C)c(=O)c2c1,6.992240583789779,veith
Cc1ccc2[nH]c3c(N4CCc5ccccc5C4)ncnc3c2c1,5.642240772861618,veith
Cc1ccc2[nH]c3c(c2c1)CC(Nc1nc(C)ns1)CC3,4.817660002992346,challenge
Cc1ccc2[nH]cc(CCNC(=O)NC3CCC(F)(F)C3)c2c1,4.459569294992345,challenge
Cc1ccc2c(-c3cnc4[nH]cc(C(=O)NC5(C)CCNC5)c4n3)nn(C)c2c1,4.942207587741032,pharmabench
Cc1ccc2c(C)nc(Nc3nc(CSc4nc5ccccc5[nH]4)cc(=O)[nH]3)nc2c1,4.942241381558047,veith
Cc1ccc2c(CC(=O)OCc3cc(=O)n4c(n3)sc3ccccc34)coc2c1,3.992240583789779,veith
Cc1ccc2c(CCC(=O)Nc3cccc(C(=O)Nc4ccncc4)c3)c[nH]c2c1,5.740053707992345,challenge
Cc1ccc2c(N3CCN(CCc4cccc(N5CCNC5=O)c4)CC3)cccc2n1,3.484830391217127,pharmabench
Cc1ccc2c(OCCN3CCN(Cc4ccc5c(c4)N(CCc4ccccc4)C(=O)CO5)CC3)cccc2n1,4.273200806782456,pharmabench
Cc1ccc2c(OCCN3CCN(Cc4ccc5c(c4)N(Cc4ccccc4)C(=O)CO5)CC3)cccc2n1,4.243237583405013,pharmabench
Cc1ccc2c(c1)C(=O)N(CC(=O)NC1(C)CC=CCC1)C2=O,2.867100461992345,challenge
Cc1ccc2c(c1)C(=O)OC2=O,4.573250733112706,tox21
Cc1ccc2c(c1)C(=O)[C@@]1(O)CCN(c3ccccc3)C1=N2,3.9016695663778864,ncgc
Cc1ccc2c(c1)C(NC(=O)N1CCc3c(ncn3-c3ccccc3)C1)CO2,4.577067669992346,challenge
Cc1ccc2c(c1)C1CN(C)CCC1N2,4.945650869932547,tox21
Cc1ccc2c(c1)C1CN(C)CCC1N2C(=O)Nc1cccc(Cl)c1,5.492240905132714,veith
Cc1ccc2c(c1)C1CN(C)CCC1N2C(=O)c1cncc(-c2ccc3c(c2)CCO3)c1,4.8511353919923454,challenge
Cc1ccc2c(c1)CC(C(=O)Nc1ncc(Cl)cc1O)S2(=O)=O,4.329587507992346,challenge
Cc1ccc2c(c1)CC(CCN(C)C)=C2Cc1cnccn1,4.599784906918826,pharmabench
Cc1ccc2c(c1)CC(CCN(C)C)=C2[C@@H](C)c1cnccn1,4.076906161638488,pharmabench
Cc1ccc2c(c1)CC(CCN(C)C)=C2[C@@H](C)c1nccs1,5.273200806782456,pharmabench
Cc1ccc2c(c1)CCCN2,4.573250733112706,tox21
Cc1ccc2c(c1)CCN(c1ncc(S(N)(=O)=O)cc1C(F)(F)F)C2,4.818200186992346,challenge
Cc1ccc2c(c1)N(CC(=O)NC1CCC(C)CC1)C(=O)CO2,4.342240150210577,veith
Cc1ccc2c(c1)N(CC(=O)NC1CCCc3ccccc31)C(=O)CO2,4.3922393223313625,veith
Cc1ccc2c(c1)N(CC(=O)NCc1cccs1)C(=O)C(C)O2,4.3922393223313625,veith
Cc1ccc2c(c1)N(CCC(=O)NCc1ccc3c(c1)OCO3)C(=O)CO2,4.342240150210577,veith
Cc1ccc2c(c1)N(CCC(=O)NCc1cccnc1)C(=O)CO2,4.542240874986129,veith
Cc1ccc2c(c1)OCC(=O)CO2,4.023251954306619,tox21
Cc1ccc2c(c1)SC(C(=O)NCC(N1CCNCC1)C(F)(F)F)C2,6.041904174992346,challenge
Cc1ccc2c(c1)[C@@H]1CN(C)CC[C@@H]1N2S(=O)(=O)c1ccc(F)cc1.Cl,4.342240150210577,veith
Cc1ccc2c(c1)[C@@H]1CN(C)CC[C@@H]1N2S(=O)(=O)c1ccc([N+](=O)[O-])cc1.Cl,4.242240761051421,veith
Cc1ccc2c(c1)c1c3n2CCN[C@H]3CCC1,5.196951293391612,ncgc;veith
Cc1ccc2c(c1)nc(-c1cnn(Cc3ccccc3)c1)n2C,4.880917067992345,challenge
Cc1ccc2c(c1)nnn2C1CCN(CC(=O)N2c3ccccc3CC2C)CC1,4.092240288156335,veith
Cc1ccc2cc(-c3c[nH]c4cnccc34)cnc2c1C,2.082371521992345,challenge
Cc1ccc2ccccc2c1C,3.813077327712967,tox21
Cc1ccc2ccccc2c1CSc1nc(N)nc2c1ncn2CC(C)C,4.89695369244143,ncgc;veith
Cc1ccc2cccnc2c1,3.865751227233024,tox21
Cc1ccc2nc(-c3ccccc3)cc(C(=O)NCCCn3ccnc3)c2c1,4.792241107578132,veith
Cc1ccc2nc(-c3cccnc3)oc2c1,4.742241156276297,veith
Cc1ccc2nc(/C(C#N)=C\c3ccc(OC(=O)c4cccs4)cc3)[nH]c2c1,4.942241381558047,veith
Cc1ccc2nc(C3CCCN(C(=S)Nc4ccccc4C)C3)[nH]c2c1,5.192241409015731,veith
Cc1ccc2nc(CNc3ccc(CCC(C)C)cc3)cc(=O)n2c1,5.075189546992346,challenge
Cc1ccc2nc(CSc3nc(C)cc(C)c3C#N)[nH]c2c1,4.342240150210577,veith
Cc1ccc2nc(Cc3ccc(N)cc3)[nH]c2c1.Cl,4.892241091189295,veith
Cc1ccc2nc(N)[nH]c(=O)c2c1Sc1ccncc1.Cl.Cl,4.384416994074168,tox21
Cc1ccc2nc(N/N=C/c3ccccc3C#N)nc(-c3ccccc3)c2c1,5.3922393223313625,veith
Cc1ccc2nc(N/N=C\c3cccc(C)n3)cc(C)c2c1,4.9969534480296955,ncgc;veith
Cc1ccc2nc(NC(=O)COC(=O)c3ccc(Br)o3)sc2c1,4.292241779935917,veith
Cc1ccc2nc(NC(=O)c3cccn3Cc3ccncc3)sc2c1,2.1027249749923453,challenge
Cc1ccc2nc(Nc3ccccc3O)nc(-c3ccccc3)c2c1,4.942241381558047,veith
Cc1ccc2nc(SCC(=O)NCc3cccs3)c(C#N)cc2c1,5.992240583789779,veith
Cc1ccc2nc(SCC(=O)c3ccc4c(c3)OCO4)[nH]c2c1,4.842240508595863,veith
Cc1ccc2nc(SCc3ccc([N+](=O)[O-])cc3)[nH]c2c1,4.792241107578132,veith
Cc1ccc2oc(C(=O)N[C@H]3CCC[C@H]3C(=O)O)cc2c1,4.4012008319923455,challenge
Cc1ccc2oc(CN(Cc3ccccc3)C(=O)Nc3c(F)cc(F)cc3F)c(-c3ccc(Cl)cc3)c2c1,6.386866375831759,tox21
Cc1ccc2occ(/C=C/C(=O)O)c(=O)c2c1,4.292241779935917,veith
Cc1cccc(-c2ccc3c(c2)[nH]c(=O)c2nc(-c4c(F)cccc4Cl)[nH]c23)c1,5.215208859804769,pharmabench
Cc1cccc(-c2cncc(C(=O)Nc3ccccc3C(N)=O)c2)c1,3.9384117649923454,challenge
Cc1cccc(-c2nc(CN3CCCC(C(=O)NC4CCCCC4)C3)c(C)o2)c1,4.842240508595863,veith
Cc1cccc(-n2c(C)cc(/C=N/n3cnnc3)c2C)c1,4.3922393223313625,veith
Cc1cccc(-n2nc([N+](=O)[O-])c(=NCc3cccnc3)n2O)c1,4.3922393223313625,veith
Cc1cccc(-n2nnc(C(=O)NC3CCCc4ccccc43)c2N)c1,4.592241033466911,veith
Cc1cccc(/C=C\c2ccccc2)n1,4.851676790558421,ncgc
Cc1cccc(C#Cc2ccccc2)n1,3.9016695663778864,ncgc
Cc1cccc(C(=O)NCN2CCN(c3ccccc3C#N)CC2)c1,4.4969551427270105,ncgc;veith
Cc1cccc(C(=O)O)c1[N+](=O)[O-],4.046824213765937,tox21
Cc1cccc(C(C)(C)CNc2nccc3c2nnn3C)n1,4.888509807992346,challenge
Cc1cccc(C(C)NC(=O)c2cc(-c3ccccc3O)[nH]n2)c1C,2.0009560979923453,challenge
Cc1cccc(C(CCCN)(c2ccccc2)c2ccccc2)c1,4.489909916746401,pharmabench
Cc1cccc(C)c1,4.23616574353795,tox21
Cc1cccc(C)c1-c1cc(C)c2nc(Nc3ccc(OCCN4CCCC4)cc3)nnc2c1,4.021388833788657,pharmabench
Cc1cccc(C)c1-n1c(SCC(=O)NCc2ccco2)nc2ccccc2c1=O,4.04224135682174,veith
Cc1cccc(C)c1-n1nnnc1C(C)(C)N=Cc1ccc(Cl)cc1,4.192241409015731,veith
Cc1cccc(C)c1-n1nnnc1C(C)(C)N=Cc1ccc(Cl)cc1Cl,4.792241107578132,veith
Cc1cccc(C)c1C1CCCN1C(=O)NCc1nccn1CC(C)C,5.044180692992346,challenge
Cc1cccc(C)c1CNc1cc(-c2ccco2)cn2c(C)c(C)nc12,5.076906161638488,pharmabench
Cc1cccc(C)c1CNc1cc(-n2ccccc2=O)cn2c(C)c(C)nc12,3.432557108194449,pharmabench
Cc1cccc(C)c1CNc1cc(-n2cccn2)cn2c(C)c(C)nc12,4.377936157302469,pharmabench
Cc1cccc(C)c1CNc1cc(C(=O)NCCO)cn2c(C)c(C)nc12,3.6559008488977573,pharmabench
Cc1cccc(C)c1CNc1nc(-c2cccc(=O)[nH]2)cc2c(C)c(C)[nH]c12,3.6411775920770504,pharmabench
Cc1cccc(C)c1CNc1nc(-c2ccccc2)cc2c(C)c(C)[nH]c12,5.64117759207705,pharmabench
Cc1cccc(C)c1CNc1nc(N2CCCC2=O)cc2c(C)c(C)[nH]c12,5.140575241507865,pharmabench
Cc1cccc(C)c1CNc1nc(N2CCNC2=O)cc2c(C)c(C)[nH]c12,5.574230802446437,pharmabench
Cc1cccc(C)c1CNc1nc(N2CCOCC2=O)cc2c(C)c(C)n(CCO)c12,3.8630263416934065,pharmabench
Cc1cccc(C)c1CNc1ncnc2c(C)c(C)[nH]c12,5.942207587741032,pharmabench
Cc1cccc(C)c1COc1cccn2c(C)c(C)nc12,5.057601006443101,pharmabench
Cc1cccc(C)c1N,4.17930894280649,tox21
Cc1cccc(C)c1NC(=O)/C(C#N)=C/c1cccs1,4.692241142242068,veith
Cc1cccc(C)c1NC(=O)C(c1ccc(Cl)cc1Cl)N1CCCCC1,4.492240905132714,veith
Cc1cccc(C)c1NC(=O)CC12CCCN1CCC2,4.281545344436354,tox21
Cc1cccc(C)c1NC(=O)CN1CCCC1,4.484418434588723,tox21
Cc1cccc(C)c1NC(=O)CN1CCCCCC1,4.534418069800762,tox21
Cc1cccc(C)c1NC(=O)CN1CCN(CCCC(c2ccc(F)cc2)c2ccc(F)cc2)CC1,4.8427736296568185,ncgc;tox21;veith
Cc1cccc(C)c1NC(=O)CSc1nnc(-c2ccccc2)n1Cc1ccc2c(c1)OCO2,5.3922393223313625,veith
Cc1cccc(C)c1NC1=NCCCS1,4.318043114211113,ncgc;tox21
Cc1cccc(C)c1OCC(=O)N[C@@H](Cc1ccccc1)[C@@H](O)C[C@H](Cc1ccccc1)NC(=O)[C@H](C(C)C)N1CCCNC1=O,4.384416994074168,tox21
Cc1cccc(C)c1OCC(C)N.Cl,4.43441675507263,tox21
Cc1cccc(C)c1OCC(O)CNC(C)(C)C.Cl,4.542240874986129,veith
Cc1cccc(C)c1OC[C@@H](N)C(C)C,4.2969560175302135,ncgc;veith
Cc1cccc(C)c1OC[C@H](C)N,4.421955012119886,ncgc;veith
Cc1cccc(CCN2CCC(C(=O)c3ccc(NS(C)(=O)=O)cc3)CC2)n1,5.196951293391612,ncgc;veith
Cc1cccc(CN(C2CCOCC2)[C@H]2CCNC2)c1Cl,4.22342919005146,pharmabench
Cc1cccc(CN2CCN(C(c3ccccc3)c3ccc(Cl)cc3)CC2)c1,5.688813319992346,challenge
Cc1cccc(CN2CCN(C(c3ccccc3)c3ccc(Cl)cc3)CC2)c1.Cl.Cl,5.184424060232335,tox21
Cc1cccc(CN2CCN([C@@H](c3ccccc3)c3ccc(Cl)cc3)CC2)c1,4.9969534480296955,ncgc;veith
Cc1cccc(CNc2cc(-c3c(C)noc3C)ncn2)c1,4.00166905897837,ncgc
Cc1cccc(CNc2cc(-c3cccc(C#N)c3)ncn2)c1,4.101668763344926,ncgc
Cc1cccc(CNc2cc(-c3ccccc3C)ncn2)c1,3.9016695663778864,ncgc
Cc1cccc(CNc2cc(-c3ccccc3CN(C)C)ncn2)c1,4.196955646610027,ncgc;veith
Cc1cccc(CNc2cc(-c3ccccc3Cl)ncn2)c1,3.9016695663778864,ncgc
Cc1cccc(CNc2cc(-c3cccnc3)ncn2)c1,4.596954724317373,ncgc;veith
Cc1cccc(CNc2cc(-c3ccoc3)ncn2)c1,4.096954525750631,ncgc;veith
Cc1cccc(CNc2ccnc(-c3ccc(N(C)C)cc3)n2)c1,4.4969551427270105,ncgc;veith
Cc1cccc(CNc2ccnc(-c3cccc(C#N)c3)n2)c1,4.101668763344926,ncgc
Cc1cccc(CNc2ccnc(-c3cccc(NS(C)(=O)=O)c3)n2)c1,3.9016695663778864,ncgc
Cc1cccc(CNc2ccnc(-c3ccccc3C(F)(F)F)n2)c1,4.101668763344926,ncgc
Cc1cccc(CNc2ccnc(-c3ccccc3CN(C)C)n2)c1,5.096953661274842,ncgc;veith
Cc1cccc(CNc2ccnc(-c3ccccc3Cl)n2)c1,4.2969560175302135,ncgc;veith
Cc1cccc(CNc2ccnc(-c3cccnc3)n2)c1,5.69694058165962,ncgc;veith
Cc1cccc(CNc2ccnc(-c3ccoc3)n2)c1,4.00166905897837,ncgc
Cc1cccc(CNc2nc(-c3ccc(C(=O)N(C)C)cc3)nc3ccccc23)c1,4.096954525750631,ncgc;veith
Cc1cccc(CNc2nc(-c3ccc4c(c3)OCO4)nc3ccccc23)c1,4.196955646610027,ncgc;veith
Cc1cccc(CNc2nc(-c3cccc(NS(C)(=O)=O)c3)nc3ccccc23)c1,4.396953559925658,ncgc;veith
Cc1cccc(CNc2nc(-c3ccccc3CN(C)C)nc3ccccc23)c1,4.396953559925658,ncgc;veith
Cc1cccc(CNc2nc(-c3cccnc3)nc3ccccc23)c1,4.096954525750631,ncgc;veith
Cc1cccc(CNc2nc(-c3ccoc3)nc3ccccc23)c1,4.4969551427270105,ncgc;veith
Cc1cccc(CNc2ncnc3ccc(-c4c(C)noc4C)cc23)c1,4.2969560175302135,ncgc;veith
Cc1cccc(CNc2ncnc3ccc(-c4ccc(C(=O)N(C)C)cc4)cc23)c1,4.101668763344926,ncgc
Cc1cccc(CNc2ncnc3ccc(-c4ccc5c(c4)OCO5)cc23)c1,5.7969497127886624,ncgc;veith
Cc1cccc(CNc2ncnc3ccc(-c4cccc(NS(C)(=O)=O)c4)cc23)c1,4.396953559925658,ncgc;veith
Cc1cccc(CNc2ncnc3ccc(-c4ccccc4CN(C)C)cc23)c1,4.596954724317373,ncgc;veith
Cc1cccc(CNc2ncnc3ccc(-c4cccnc4)cc23)c1,4.396953559925658,ncgc;veith
Cc1cccc(CNc2ncnc3ccc(-c4ccoc4)cc23)c1,4.4969551427270105,ncgc;veith
Cc1cccc(CNc2ncncc2-c2ccc3c(c2)OCO3)c1,4.696954347372703,ncgc;veith
Cc1cccc(CNc2ncncc2-c2cccc(C#N)c2)c1,4.00166905897837,ncgc
Cc1cccc(CNc2ncncc2-c2cccc(NS(C)(=O)=O)c2)c1,4.196955646610027,ncgc;veith
Cc1cccc(CNc2ncncc2-c2ccccc2C(F)(F)F)c1,4.396953559925658,ncgc;veith
Cc1cccc(CNc2ncncc2-c2ccccc2C)c1,4.89695369244143,ncgc;veith
Cc1cccc(CNc2ncncc2-c2ccccc2CN(C)C)c1,4.89695369244143,ncgc;veith
Cc1cccc(CNc2ncncc2-c2ccccc2Cl)c1,5.196951293391612,ncgc;veith
Cc1cccc(CNc2ncncc2-c2cccnc2)c1,4.101668763344926,ncgc
Cc1cccc(COc2ccc(C(C)NCC3=Nc4ccccc4S(=O)(=O)N3)cc2)c1,4.574187229992345,challenge
Cc1cccc(CSCCNC(=O)CSCc2ccc([N+](=O)[O-])cc2)c1,5.442240306846952,veith
Cc1cccc(CSCCNC(=O)c2ccc(N(C)S(=O)(=O)c3ccccc3)cc2)c1,4.892241091189295,veith
Cc1cccc(Cc2c[nH]cn2)c1C,5.669635832992346,challenge
Cc1cccc(Cc2cnc[nH]2)c1C.Cl,5.184424060232335,tox21
Cc1cccc(N(CC(=O)NCCSCc2ccco2)S(=O)(=O)c2ccccc2)c1,4.492240905132714,veith
Cc1cccc(N)c1,4.123251823480467,tox21
Cc1cccc(N)c1.Cl,4.22183606718715,tox21
Cc1cccc(N)c1C,4.465400931788768,tox21
Cc1cccc(N/C(N)=N/c2nc(C)cc(C)n2)c1,5.04224135682174,veith
Cc1cccc(N2CCCC(n3cc(-c4cncn4C)nn3)C2=O)c1,4.421912284992346,challenge
Cc1cccc(N2CCN(C(=O)CCCn3c(=S)[nH]c4cc5c(cc4c3=O)OCO5)CC2)c1C,4.492240905132714,veith
Cc1cccc(N2CNC(=O)C23CCN(C[C@H](C)NC(=O)c2ccc(Br)cc2)CC3)c1,4.446200988860996,pharmabench
Cc1cccc(N=C2NN=C(c3ccc4c(c3)OCCO4)CS2)c1,4.242240761051421,veith
Cc1cccc(NC(=O)C2(c3ccccc3)CC2(Cl)Cl)c1,4.242240761051421,veith
Cc1cccc(NC(=O)C2CCCN(Cc3csnn3)C2)n1,4.3517448769923455,challenge
Cc1cccc(NC(=O)C2CCN(S(=O)(=O)c3cccc4nsnc34)CC2)n1,4.342240150210577,veith
Cc1cccc(NC(=O)CC2Nc3cccc4cccc(c34)NC2=O)c1,4.342240150210577,veith
Cc1cccc(NC(=O)CSc2nc(COc3ccccc3)nc3ccccc23)c1C,4.3922393223313625,veith
Cc1cccc(NC(=O)CSc2nc3ccccc3c3nc(CCc4c(C)n[nH]c4C)nn23)c1,4.542240874986129,veith
Cc1cccc(NC(=O)CSc2nnc(-c3ccco3)c(-c3ccco3)n2)c1C,4.3922393223313625,veith
Cc1cccc(NC(=O)Cn2c(=O)n3nc(CCn4nc(C)cc4C)nc3c3ccccc32)c1,4.342240150210577,veith
Cc1cccc(NC(=O)Cn2c(=O)oc3ccccc32)c1,4.992240583789779,veith
Cc1cccc(NC(=S)N(CCc2nc3cc(C)c(C)cc3[nH]2)Cc2cccnc2)c1,4.992240583789779,veith
Cc1cccc(NC(=S)NC2CC3CCCC(C2)N3Cc2cccs2)c1,4.892241091189295,veith
Cc1cccc(NC(=S)Nc2ccc(Br)cc2)c1,4.542240874986129,veith
Cc1cccc(NC(=S)c2nc3ccccc3s2)c1,3.9422413815580466,veith
Cc1cccc(NCC2CCCN2C(=O)c2nnn(-c3ccc(OC(F)F)cc3)c2C)n1,5.071021306992345,challenge
Cc1cccc(NCCNc2cccc(C)c2)c1,4.3922393223313625,veith
Cc1cccc(Nc2cc(Cl)nc(SCC(=O)O)n2)c1C,4.9969534480296955,ncgc;veith
Cc1cccc(O)c1N,3.918666789759147,tox21
Cc1cccc(OC(C)C(=O)N2CCCC2c2ncc[nH]2)c1,4.464258599992346,challenge
Cc1cccc(OCC(=O)N2CCC(N3CCCCCC3)CC2)c1,4.842240508595863,veith
Cc1cccc(OCC(=O)NNC(=O)CSc2ncc(C#N)c(N)n2)c1,4.842240508595863,veith
Cc1cccc(OCC(O)CNC(C)(C)C)c1C,4.584416971394304,tox21
Cc1cccc(OCCCC(=O)Nc2ccc(N3CCCCC3)cc2)c1,5.542240874986129,veith
Cc1cccc(OCCCCCn2ccnc2)c1,6.492240905132714,veith
Cc1cccc(OCCSCc2nc3ccccc3[nH]2)c1,6.04224135682174,veith
Cc1cccc(OCCn2c(-c3ccco3)nc3ccccc32)c1,4.792241107578132,veith
Cc1cccc(Oc2ccccc2)c1,4.033990042403503,tox21
Cc1cccc(Oc2ncc(-c3ccc(Cl)cc3)cn2)c1C,4.242240761051421,veith
Cc1cccc(S(=O)(=O)NCC(O)c2cccc3ccccc23)c1,4.666988199992345,challenge
Cc1cccc(Sc2ccccc2N2CCNCC2)c1C,4.900814902582807,pharmabench
Cc1cccc([C@@H]2CN(C)CCc3c2cc(O)c(O)c3Cl)c1,4.096954525750631,ncgc;veith
Cc1cccc([C@H](C)c2c[nH]cn2)c1C,5.427903489992346,challenge
Cc1cccc([C@H](C)c2cnc[nH]2)c1C,4.401667797519954,ncgc
Cc1cccc([N+](=O)[O-])c1C(=O)O,3.722543762081142,tox21
Cc1cccc([N+](=O)[O-])c1[N+](=O)[O-],3.9479687070334455,tox21
Cc1cccc2[nH]c(CNC3CCc4cn[nH]c4C3)cc12,5.000404384992346,challenge
Cc1cccc2c1C(c1ccccc1)N(C(=O)CNC[C@@H](C)O)CC2,4.6711408154544936,pharmabench
Cc1cccc2c1CCN(CC(C)(O)c1ccc(S(C)(=O)=O)cc1)C2,5.534866572992346,challenge
Cc1cccc2c1sc(=O)n2CC(=O)N1CCCCC1C,4.419842626992346,challenge
Cc1cccc2cc(C(=O)Nc3cccc4c3CNCC4)nn12,4.7950394699923455,challenge
Cc1cccc2cc(CN(Cc3ccccc3)C(=O)c3cccc(F)c3)c(Cl)nc12,4.292241779935917,veith
Cc1cccc2ccccc12,3.966913844191221,tox21
Cc1cccc2nc(C(=O)C3(CCC(C)(C)C)CCNC3)ccc12,4.465086333021369,pharmabench
Cc1cccc2nc(NC(=O)c3cccc(C(F)(F)F)c3)n([C@@H]3CCCCN(C(=O)/C=C/CN(C)C)C3)c12,4.196612371313111,pharmabench
Cc1cccc2nc(NC(=O)c3ccnc(C(F)(F)F)c3)n([C@@H]3CCCCN(C(=O)/C=C/CN(C)C)C3)c12,4.633999007449927,pharmabench
Cc1cccc2ncc(CNC3CCCN(C(=O)Cc4ccccc4)C3)n12,4.297870982992346,challenge
Cc1cccc2ncnc(Nc3ccc4[nH]ccc4c3)c12,4.131899834992345,challenge
Cc1cccc2sc(N)nc12,3.9676135386826976,tox21
Cc1cccc2sc3nncn3c12,4.073252490208837,tox21
Cc1ccccc1-c1cc(-n2ccnc2)ncn1,4.596954724317373,ncgc;veith
Cc1ccccc1-c1cc(N(C)C)ncn1,3.9016695663778864,ncgc
Cc1ccccc1-c1cc(N(C)Cc2ccco2)ncn1,3.9016695663778864,ncgc
Cc1ccccc1-c1cc(NCc2ccccc2)ncn1,3.9969548213840747,ncgc;veith
Cc1ccccc1-c1cc(Nc2ccc(F)cc2)ncn1,4.00166905897837,ncgc
Cc1ccccc1-c1cc(Nc2ccccc2)ncn1,3.9016695663778864,ncgc
Cc1ccccc1-c1ccc2ncnc(-n3ccnc3)c2c1,4.096954525750631,ncgc;veith
Cc1ccccc1-c1ccc2ncnc(N(C)C)c2c1,4.196955646610027,ncgc;veith
Cc1ccccc1-c1ccc2ncnc(N(C)Cc3ccco3)c2c1,4.4969551427270105,ncgc;veith
Cc1ccccc1-c1ccc2ncnc(NC3CC3)c2c1,4.596954724317373,ncgc;veith
Cc1ccccc1-c1ccc2ncnc(NCCN3CCOCC3)c2c1,4.2969560175302135,ncgc;veith
Cc1ccccc1-c1ccc2ncnc(NCc3cccnc3)c2c1,5.201661177767493,ncgc
Cc1ccccc1-c1ccc2ncnc(NCc3cccs3)c2c1,4.4969551427270105,ncgc;veith
Cc1ccccc1-c1cncnc1N(C)Cc1ccco1,4.196955646610027,ncgc;veith
Cc1ccccc1-c1cncnc1N1CCN(C)CC1,4.396953559925658,ncgc;veith
Cc1ccccc1-c1cncnc1N1CCNCC1,4.396953559925658,ncgc;veith
Cc1ccccc1-c1cncnc1NC1CCNCC1,4.4969551427270105,ncgc;veith
Cc1ccccc1-c1cncnc1NCCN1CCOCC1,3.9016695663778864,ncgc
Cc1ccccc1-c1cncnc1NCCc1cnc[nH]1,4.396953559925658,ncgc;veith
Cc1ccccc1-c1cncnc1NCc1ccccc1,4.396953559925658,ncgc;veith
Cc1ccccc1-c1cncnc1NCc1cccnc1,4.2969560175302135,ncgc;veith
Cc1ccccc1-c1cncnc1NCc1cccs1,4.396953559925658,ncgc;veith
Cc1ccccc1-c1cncnc1Nc1ccc(F)cc1,3.9016695663778864,ncgc
Cc1ccccc1-c1cncnc1Nc1ccccc1,3.9016695663778864,ncgc
Cc1ccccc1-c1nc(-n2ccnc2)c2ccccc2n1,4.2969560175302135,ncgc;veith
Cc1ccccc1-c1nc(CS(=O)CC(=O)N2CCC3(CC2)OCCO3)c(C)o1,4.092240288156335,veith
Cc1ccccc1-c1nc(CS(=O)CC(=O)NCCN2CCN(Cc3ccccc3)CC2)c(C)o1,4.342240150210577,veith
Cc1ccccc1-c1nc(N(C)C)c2ccccc2n1,4.396953559925658,ncgc;veith
Cc1ccccc1-c1nc(N(C)Cc2ccco2)c2ccccc2n1,4.9969534480296955,ncgc;veith
Cc1ccccc1-c1nc(N2CCN(C)CC2)c2ccccc2n1,4.201669884204322,ncgc
Cc1ccccc1-c1nc(N2CCNCC2)c2ccccc2n1,4.201669884204322,ncgc
Cc1ccccc1-c1nc(NC2CC2)c2ccccc2n1,3.9016695663778864,ncgc
Cc1ccccc1-c1nc(NCCN2CCOCC2)c2ccccc2n1,3.9969548213840747,ncgc;veith
Cc1ccccc1-c1nc(NCc2cccnc2)c2ccccc2n1,3.9016695663778864,ncgc
Cc1ccccc1-c1nc(NCc2cccs2)c2ccccc2n1,4.396953559925658,ncgc;veith
Cc1ccccc1-c1nccc(-n2ccnc2)n1,4.4969551427270105,ncgc;veith
Cc1ccccc1-c1nccc(NCCN2CCOCC2)n1,4.00166905897837,ncgc
Cc1ccccc1-c1nccc(NCc2cccnc2)n1,4.196955646610027,ncgc;veith
Cc1ccccc1-c1nccc(NCc2cccs2)n1,5.096953661274842,ncgc;veith
Cc1ccccc1-c1nccc(Nc2ccc(F)cc2)n1,4.201669884204322,ncgc
Cc1ccccc1-n1ncc2c([N+](=O)[O-])cc([N+](=O)[O-])cc21,4.092240288156335,veith
Cc1ccccc1/C=C\C1=NCCN1,4.096954525750631,ncgc;veith
Cc1ccccc1C(=O)N/N=C/c1ccncc1,4.142241126006169,veith
Cc1ccccc1C(=O)NCC(=O)N1CCC(c2ccccc2)CC1,4.6954292469923455,challenge
Cc1ccccc1C(=O)Nc1ccc(C(=O)N2CCCC(O)c3cc(Cl)ccc32)c(C)c1,4.084417373518855,tox21
Cc1ccccc1C(=O)c1c[nH]c(C(=O)NCc2cccs2)c1,4.342240150210577,veith
Cc1ccccc1C(N)=O,3.723606122464715,tox21
Cc1ccccc1C(O)Cn1cc(CN2CCCC2)nn1,4.272804337992346,challenge
Cc1ccccc1C(OCCN(C)C)c1ccccc1,4.285122912992346,challenge
Cc1ccccc1C(OCCN(C)C)c1ccccc1.Cl,4.723251101656649,tox21
Cc1ccccc1C(OCCN(C)C)c1ccccc1.O=C(O)CC(O)(CC(=O)O)C(=O)O,4.628834555370355,tox21
Cc1ccccc1CC(=O)N[C@H]1c2ccccc2OC[C@H]1CO,4.6008994049923455,challenge
Cc1ccccc1CC(CO)CNC(CC(C)C)c1ccccn1,6.142876514992346,challenge
Cc1ccccc1CCN(Cc1ncc[nH]1)C(=O)c1ccc2c(c1)SCC(=O)N2,4.990122079992346,challenge
Cc1ccccc1CN(C1CCOCC1)[C@H]1CCNC1,3.9422075877410316,pharmabench
Cc1ccccc1CN(c1ccc(C#N)c(Cl)c1)[C@H]1CCN(S(C)(=O)=O)C1,4.076906161638488,pharmabench
Cc1ccccc1CN1CCN(CC(=O)NCCCN2CCN(c3ccc(F)cc3)CC2)C1=O,4.692241142242068,veith
Cc1ccccc1CNC(=O)Cc1noc([C@]23CC[C@H]2CNC3)n1,5.003302422992346,challenge
Cc1ccccc1CS(=O)(=O)CCC(=O)NCCCN1CCN(c2ccccc2F)CC1,4.942241381558047,veith
Cc1ccccc1CS(=O)(=O)Cc1ccc(C(=O)NCc2cccnc2)o1,4.492240905132714,veith
Cc1ccccc1CSCCNC(=O)CSCc1ccc([N+](=O)[O-])cc1,5.992240583789779,veith
Cc1ccccc1CSc1nccn1-c1ccccc1,4.242240761051421,veith
Cc1ccccc1N.Cl,3.994034592441558,tox21
Cc1ccccc1N1CCN(CCc2nnc3n2CCCC3)CC1.Cl,4.384416994074168,tox21
Cc1ccccc1N=C(N)N=C(N)N,4.673250392126571,tox21
Cc1ccccc1N=C(N)Nc1ccccc1C,7.4313722964141276,tox21
Cc1ccccc1NC(=O)/C(=C/c1ccccc1)c1ccccc1,4.342240150210577,veith
Cc1ccccc1NC(=O)CSc1nnc(-c2ccccc2)n1-c1ccccc1,5.242240761051421,veith
Cc1ccccc1NS(=O)(=O)c1ccc2[nH]cc(C(=O)N(C)Cc3ccco3)c(=O)c2c1,4.242240761051421,veith
Cc1ccccc1OC1C(=O)N(Cc2ccc3c(c2)OCO3)C1c1sccc1C,4.542240874986129,veith
Cc1ccccc1OC1C=CC(C#Cc2ccc(Br)cc2)OC1CO,6.201726480298539,ncgc
Cc1ccccc1OCC(O)CN1CC23CCCCC2(CN(C)C3)C1,4.789957304992345,challenge
Cc1ccccc1OCC(O)CNC(C)(C)Cc1cc2ccccc2n1C,6.465086333021369,pharmabench
Cc1ccccc1OCC(O)CO,4.134416852957513,tox21
Cc1ccccc1OCC(O)Cn1c2ccccc2c2ccccc21,5.542240874986129,veith
Cc1ccccc1OCCCN1CCCC1,4.342240150210577,veith
Cc1ccccc1OCCCn1c(=O)sc2ccccc21,4.442240306846953,veith
Cc1ccccc1OCCNc1ccc(C(F)(F)F)cc1[N+](=O)[O-],4.792241107578132,veith
Cc1ccccc1S,4.469531401210253,tox21
Cc1ccccc1[C@@H](OCCN(C)C)c1ccccc1,4.246954982055543,ncgc;veith
Cc1ccccc1[C@H](OC[C@H](O)CNC(C)(C)Cc1ccc2ccccc2c1)C1CC1,5.7203588381246755,pharmabench
Cc1ccccc1[C@H]1C[C@@H](NCc2ccc(Cl)cc2)CC[C@@H]1C(=O)N1CC(c2ccccc2)(c2ccccc2)C1,4.118298846796713,pharmabench
Cc1ccccc1[C@H]1[C@@H]2CN(C3=NC(=O)CO3)C[C@H]2CC[C@@H]1O[C@H](CO)c1cc(C(F)(F)F)cc(C(F)(F)F)c1,3.633999007449927,pharmabench
Cc1cccn2c(=O)cc(CNC(C)c3ccc(OCc4cccnc4)cc3)nc12,5.279725627992345,challenge
Cc1cccn2cc(CC(=O)NC3CCCOc4cc(F)ccc43)nc12,4.400387009992346,challenge
Cc1cccnc1NCc1nc(C(F)(F)F)n2c1CCCC2,5.235496079992346,challenge
Cc1cccnc1[C@H](C)c1c(CCN(C)C)sc2ccccc12,4.67896615296645,pharmabench
Cc1ccco1,3.8321853187751627,tox21
Cc1ccn(C)c(=O)c1NC(=O)C1CN(C(=O)C2CCCCC2)C1,4.201409391992346,challenge
Cc1ccn2cc(CSc3ccccc3N)nc2c1,5.3922393223313625,veith
Cc1ccnc(-c2noc(C3CN4CC5CC4(CO3)C5)n2)c1,4.3093304049923455,challenge
Cc1ccnc(NC(=O)C(C)c2cccc(C(=O)c3ccccc3)c2)c1,4.283116051992345,challenge
Cc1ccnc2c1NC(=O)c1cccnc1N2C1CC1,4.055400953839022,tox21
Cc1ccnc2ccccc12,3.7743157553591695,tox21
Cc1ccoc1C(=O)NCc1ccc(-n2ccnc2)nc1,5.852477644992345,challenge
Cc1ccsc1-c1cccnc1,3.4375102352900306,pharmabench
Cc1ccsc1/C=C/C1=NCCCN1C.O=C(O)[C@@H](O)[C@@H](O)C(=O)O,5.134423160747318,tox21
Cc1ccsc1/C=C\C1=NCCCN1C.O=C(O)[C@@H](O)[C@@H](O)C(=O)O,4.796954045378592,ncgc;veith
Cc1ccsc1C(=CCCN1CCC[C@@H](C(=O)O)C1)c1sccc1C,4.527574417992346,challenge
Cc1cn(-c2ccccc2Cl)nc1C(=O)NCc1nccs1,3.885503659992345,challenge
Cc1cn([C@H]2C=C[C@@H](CO)O2)c(=O)[nH]c1=O,3.9150376546768326,tox21
Cc1cn([C@H]2C[C@H](N=[N+]=[N-])[C@H](CO)O2)c(=O)[nH]c1=O,4.501669380321306,ncgc
Cc1cn([C@H]2C[C@H](O)[C@@H](COC(N)=O)O2)c(=O)[nH]c1=O,4.901666293693565,ncgc
Cc1cn2c(-c3cn[nH]c3)cnc2c(Nc2cc(C(NC(C)(C)C)c3ccccn3)ns2)n1,4.358631002107082,pharmabench
Cc1cn2ccc(NC(=O)NC[C@H]3C[C@@H]3C(F)(F)F)cc2n1,4.4650803469923455,challenge
Cc1cnc(C(=O)N2C[C@H](C(=O)N(C)Cc3cc(C(F)(F)F)cc(C(F)(F)F)c3)[C@@H](c3ccc(F)cc3C)C2)cn1,3.5560059823402383,pharmabench
Cc1cnc(C(=O)NCCc2ccc(S(=O)(=O)NC(=O)NC3CCCCC3)cc2)cn1,3.8805058863155573,tox21
Cc1cnc(C(=O)N[C@H]2c3ccccc3C[C@@H]2O)cc1C,5.025232474992346,challenge
Cc1cnc(CNc2cc(-c3ccccc3CN(C)C)ncn2)cn1,4.396953559925658,ncgc;veith
Cc1cnc(CNc2ccnc(-c3ccccc3CN(C)C)n2)cn1,4.696954347372703,ncgc;veith
Cc1cnc(CNc2ccnc(-c3cccnc3)n2)cn1,4.101668763344926,ncgc
Cc1cnc(CNc2nc(-c3ccc(N(C)C)cc3)nc3ccccc23)cn1,3.9016695663778864,ncgc
Cc1cnc(CNc2nc(-c3ccc4c(c3)OCO4)nc3ccccc23)cn1,4.2969560175302135,ncgc;veith
Cc1cnc(CNc2nc(-c3ccccc3C(F)(F)F)nc3ccccc23)cn1,4.101668763344926,ncgc
Cc1cnc(CNc2nc(-c3ccccc3C)nc3ccccc23)cn1,3.9016695663778864,ncgc
Cc1cnc(CNc2nc(-c3ccccc3Cl)nc3ccccc23)cn1,4.101668763344926,ncgc
Cc1cnc(CNc2nc(-c3ccoc3)nc3ccccc23)cn1,4.201669884204322,ncgc
Cc1cnc(CNc2ncnc3ccc(-c4ccc(N(C)C)cc4)cc23)cn1,4.096954525750631,ncgc;veith
Cc1cnc(CNc2ncnc3ccc(-c4ccc5c(c4)OCO5)cc23)cn1,4.396953559925658,ncgc;veith
Cc1cnc(CNc2ncnc3ccc(-c4cccc(NS(C)(=O)=O)c4)cc23)cn1,4.101668763344926,ncgc
Cc1cnc(CNc2ncnc3ccc(-c4ccccc4C(F)(F)F)cc23)cn1,4.101668763344926,ncgc
Cc1cnc(CNc2ncnc3ccc(-c4ccccc4C)cc23)cn1,4.196955646610027,ncgc;veith
Cc1cnc(CNc2ncnc3ccc(-c4ccccc4CN(C)C)cc23)cn1,5.096953661274842,ncgc;veith
Cc1cnc(CNc2ncnc3ccc(-c4ccccc4Cl)cc23)cn1,4.2969560175302135,ncgc;veith
Cc1cnc(CNc2ncnc3ccc(-c4ccoc4)cc23)cn1,3.9016695663778864,ncgc
Cc1cnc(CNc2ncncc2-c2ccc(N(C)C)cc2)cn1,4.301670255124509,ncgc
Cc1cnc(CNc2ncncc2-c2ccc3c(c2)OCO3)cn1,4.196955646610027,ncgc;veith
Cc1cnc(CNc2ncncc2-c2ccccc2C)cn1,4.396953559925658,ncgc;veith
Cc1cnc(CNc2ncncc2-c2ccccc2CN(C)C)cn1,3.9016695663778864,ncgc
Cc1cnc(CNc2ncncc2-c2ccccc2Cl)cn1,4.101668763344926,ncgc
Cc1cnc(N2CCCC3c4ncn(C)c4CCC32)nc1,4.965197051992345,challenge
Cc1cnc(NC(=O)C2=C([O-])c3ccccc3S(=O)(=O)N2C)s1.[Na+],4.00166905897837,ncgc
Cc1cnc(NC(=O)CSc2ccc(Cl)cc2)s1,4.892241091189295,veith
Cc1cnc(OC2CCN(c3nc(C)nc4[nH]ccc34)CC2)nc1,4.335170542992346,challenge
Cc1cnc[nH]1,4.040175629606336,tox21
Cc1cnccc1-c1ccc(C(=O)NCC2(C#N)CCCC2)s1,5.362379389992346,challenge
Cc1cnccc1CCN1CCN(c2ncnc3c2cnn3C)CC1,4.820187104992345,challenge
Cc1cnccc1CNC(=O)C1CCC(NC(=O)CC2CCCC2)CC1,4.249198179992345,challenge
Cc1cnccc1OC1CCN(C(=O)NC2CCOC3(CCOCC3)C2)CC1,4.380346847992346,challenge
Cc1cnccc1OC1CCN(C(=O)c2cnc3c(c2)nnn3C)CC1,5.122424897992346,challenge
Cc1cnccc1OC1CCN(Cc2cn(-c3ccccc3)nn2)CC1,7.284201226992345,challenge
Cc1cnn(C2CCN(C(=O)c3sc4ncccc4c3N)C2)c1,2.0247861379923453,challenge
Cc1cnn(C2CCN(c3nc4ccccc4n3Cc3ccc(F)cc3)CC2)c1,4.686935082637726,pharmabench
Cc1coc([C@H]2C[C@H]3CSC(N)=N[C@@]3(c3ccc(F)cc3F)CO2)n1,4.67896615296645,pharmabench
Cc1coc([C@H]2C[C@H]3[C@@H](CF)SC(N)=N[C@@]3(c3ccc(F)cc3F)CO2)n1,3.9422075877410316,pharmabench
Cc1coc2c1CCC(C)C2,3.758924909955817,tox21
Cc1conc1NC(=O)CCc1c(-c2ccc(F)cc2)[nH]c2ccccc12,4.515868184992346,challenge
Cc1csc(-c2ccc(C(=O)NCC(C)c3ncc[nH]3)cc2)n1,4.945611147992346,challenge
Cc1csc(C(C)N2CCN(CC(O)c3ccc(F)cc3Cl)CC2)n1,5.602696507992346,challenge
Cc1csc(N(C)C(=O)CSc2ccc(-c3ccccc3)nn2)n1,4.039117600749088,pharmabench
Cc1csc(NC(=O)NC2(C)CN(C)C(=O)OC2CN2CCC[C@@H](Cc3ccc(F)cc3)C2)n1,5.097109547726775,pharmabench
Cc1n[nH]c(C)c1CC(=O)N[C@H]1CN(CC(F)(F)F)C[C@@H]1c1ccccc1,4.8360333569923455,challenge
Cc1n[nH]c(C)c1CCC(=O)N1CCN(C(=O)Cc2c[nH]c3ccccc23)CC1,4.450867919992346,challenge
Cc1n[nH]c(CN2Cc3cnn(-c4ccccc4)c3CC(C)(C)C2)n1,4.962064124992346,challenge
Cc1n[nH]c(NC(=O)c2ccn(-c3c(F)cccc3F)n2)c1-c1ccc2c(c1)OCCO2,4.136853677992345,challenge
Cc1n[nH]c2cc(N(C)c3ccnc(Nc4cccc(S(N)(=O)=O)c4)n3)ccc12,4.738087605085107,pharmabench
Cc1n[nH]c2ccc(C(=O)NCC3(Cc4ccc(F)cc4)CCCC3O)cc12,4.393644701992345,challenge
Cc1n[nH]c2ncc(NCc3cccc(OC4CC4)c3F)cc12,4.978516549992346,challenge
Cc1nc(-c2c(C)noc2C)sc1C(=O)Nc1cccc(-c2cn[nH]c2)c1,1.9553956149923453,challenge
Cc1nc(-c2c[nH]c(C(=O)NCc3ccc(Br)s3)c2)cs1,2.089289739992345,challenge
Cc1nc(-c2ccc(-c3ccc(C(=O)N4CCc5cc6c(cc54)C4(CCN(C)CC4)CO6)cc3)c(C)c2)no1,3.9969548213840747,ncgc;veith
Cc1nc(-c2cccc(CNC(=O)[C@H]3C[C@@H]3c3ccncc3)c2)n[nH]1,5.750609367992346,challenge
Cc1nc(-c2ccccc2)c(C(=O)Nc2ccc(F)c(C(N)=O)c2)s1,2.0400577629923453,challenge
Cc1nc(-c2ccccn2)ncc1C(=O)Nn1cc(C)c2cc(F)ccc21,4.023251954306619,tox21
Cc1nc(-c2cccnc2)sc1C(=O)Nc1ccc(Cl)cc1,4.292241779935917,veith
Cc1nc(C)c(C(=O)NC(C)(c2ccc(Br)cc2)C(C)C)o1,4.396432177992346,challenge
Cc1nc(C)c(CNc2nc(C3CC3)nc(Cl)c2C)s1,4.5055149900769775,pharmabench
Cc1nc(C2CCCCC2)c(-c2ccc(S(N)(=O)=O)c(F)c2)o1,4.43441675507263,tox21
Cc1nc(F)ccc1NC(=O)NC1CCCc2sc(-c3ccc(F)cc3)nc21,2.176043604992345,challenge
Cc1nc(N(C)CCN(C)C(=O)CCc2ncc[nH]2)ccc1[N+](=O)[O-],5.459332969992346,challenge
Cc1nc(N)nc(N)c1-c1ccc(Cl)c(Cl)c1,5.234419181965621,tox21
Cc1nc(N2CCC(O)(CN3CCCCC3)CC2)ccc1C#N,4.873686127992346,challenge
Cc1nc(N=Nc2cc(S(=O)(=O)[O-])c3cc([N+](=O)[O-])cc(S(=O)(=O)[O-])c3c2)c(COP(=O)([O-])[O-])c(C=O)c1O,4.201669884204322,ncgc
Cc1nc(N=Nc2ccc(C(=O)O)cc2)c(COP(=O)([O-])[O-])c(C=O)c1[O-].[Na+].[Na+].[Na+],3.9016695663778864,ncgc
Cc1nc(NC(=O)CN(Cc2ccccc2)C(=O)c2ccncc2)sc1-c1ccc(N)nc1,4.785860386881108,pharmabench
Cc1nc(NC(=O)CN2C(=O)OC[C@H]2C(C)C)sc1-c1ccc(N)cc1,4.021388833788657,pharmabench
Cc1nc(NC(=O)NCc2c(C3CC3)cnn2C)sc1Cc1ccc(F)cc1,2.103264409992345,challenge
Cc1nc(NC(=O)c2ccc(Cl)cc2)sc1-c1csc(Nc2cccc(F)c2)n1,4.142241126006169,veith
Cc1nc(NC(=O)c2ccccc2)sc1-c1csc(Nc2ccc(Cl)cc2Cl)n1,4.3922393223313625,veith
Cc1nc(NC(=O)c2ccccc2)sc1-c1csc(Nc2cccc(Cl)c2)n1,4.492240905132714,veith
Cc1nc(NC(=O)c2ccccc2)sc1-c1csc(Nc2cccc(F)c2)n1,4.492240905132714,veith
Cc1nc(NCc2cc(F)c(Cl)cc2F)c2cnn(C)c2n1,4.864011589992345,challenge
Cc1nc(NCc2cnn(C)c2)sc1Cc1c(F)cccc1F,4.479598364992346,challenge
Cc1nc(SC(C(=O)c2ccccc2)c2ccccc2)n[nH]1,4.192241409015731,veith
Cc1nc(SCC(=O)NCCc2ccc(Cl)cc2)nc(C)c1C,4.942241381558047,veith
Cc1nc(SCC(=O)c2ccc(F)cc2)c([N+](=O)[O-])[nH]1,4.492240905132714,veith
Cc1nc(SCc2cccc(Oc3ccccc3)c2)n[nH]1,4.342240150210577,veith
Cc1nc2c(O)cccc2c(=O)[nH]1,4.396953559925658,ncgc;veith
Cc1nc2c(OCc3ccccc3)cccn2c1CC#N,3.5055149900769775,pharmabench
Cc1nc2c([nH]1)c(=O)n(C)c(=O)n2Cc1ccco1,4.131545305157794,tox21
Cc1nc2c(c(NCc3cc(Br)cnc3N)n1)CCCC2,5.045499137992346,challenge
Cc1nc2cc(N(C)C(=O)c3cc(-c4ccc(Cl)cc4)nn3CC3CC3)ccc2[nH]1,2.3941343049923454,challenge
Cc1nc2ccc(-c3ccc(Cl)cc3)cc2c(=O)n1C[C@H]1CCCN(C(C)C)C1,4.437057609421125,pharmabench
Cc1nc2ccc(-c3cccc(S(N)(=O)=O)c3)cc2cc1O,4.500421857992346,challenge
Cc1nc2ccc(Cl)cc2[nH]1,4.073961242663414,tox21
Cc1nc2ccc(N(C)c3ccnc(Nc4cccc(S(N)(=O)=O)c4)n3)cc2n1C,4.021388833788657,pharmabench
Cc1nc2ccc(NC(=O)N3CC4(CCCC4)c4ccccc43)cn2n1,4.722456261992345,challenge
Cc1nc2ccc(NC(=O)Nc3ccnc4cccnc34)cc2o1,4.4969551427270105,ncgc;veith
Cc1nc2ccccc2c(=O)n1-c1ccccc1Cl,3.6821850472254045,tox21
Cc1nc2ccccc2n1C1CCN(CCC(c2ccccc2)c2ccccc2)CC1,6.817268851132731,pharmabench
Cc1nc2ccccc2n1CC(=O)N/N=C\C=C\c1ccccc1,3.9422413815580466,veith
Cc1nc2ccccc2n1Cc1ccc(Cl)cc1,4.501525991033256,challenge;tox21
Cc1nc2ccccn2c(=O)c1CCN1CCC(C(=O)c2ccc(F)cc2)CC1,4.818044571919673,ncgc;tox21
Cc1nc2ccccn2c1C(=O)CSc1ccccc1Cl,4.092240288156335,veith
Cc1nc2cnc(N(C)C)nc2n(Cc2cccs2)c1=O,4.401667797519954,ncgc
Cc1nc2cnc(N3CCN(C)CC3)nc2n(C2CC2)c1=O,4.301670255124509,ncgc
Cc1nc2cnc(N3CCN(C)CC3)nc2n(CCc2ccccc2)c1=O,5.096953661274842,ncgc;veith
Cc1nc2cnc(N3CCN(C)CC3)nc2n(Cc2cccs2)c1=O,4.301670255124509,ncgc
Cc1nc2cnc(N3CCNCC3)nc2n(CCc2ccccc2)c1=O,5.196951293391612,ncgc;veith
Cc1nc2cnc(N3CCNCC3)nc2n(Cc2cccs2)c1=O,4.396953559925658,ncgc;veith
Cc1nc2cnc(N3CCOCC3)nc2n(Cc2cccs2)c1=O,3.9016695663778864,ncgc
Cc1nc2cnc(Nc3ccccc3)nc2n(C)c1=O,3.9016695663778864,ncgc
Cc1nc2cnc(Oc3ccccc3)nc2n(Cc2cccs2)c1=O,4.00166905897837,ncgc
Cc1nc2n(c(=O)c1CCN1CCC(C(=O)c3ccc(F)cc3)CC1)CCS2,5.884456992650004,tox21
Cc1nc2n(c(=O)c1CCN1CCC(c3noc4cc(F)ccc34)CC1)CCCC2,4.85529162505224,challenge;ncgc;pharmabench;tox21;veith
Cc1nc2n(c(=O)c1CCN1CCC(c3noc4cc(F)ccc34)CC1)CCC[C@H]2O,4.7456498845557045,tox21
Cc1nc2nc(C)c(CCC(=O)NCCCN3CCN(c4cccc(Cl)c4)CC3)c(C)n2n1.Cl,4.3922393223313625,veith
Cc1nc2sccc2c(=O)n1-c1ccccc1Cl,4.342240150210577,veith
Cc1nc2sccn2c(=O)c1CCN1CCC(=C(c2ccc(F)cc2)c2ccc(F)cc2)CC1,4.368043288518008,ncgc;tox21
Cc1nc2sccn2c(=O)c1CCN1CCC(=C(c2ccccc2)c2ccc(F)cc2)CC1,4.601668415167836,ncgc
Cc1nc2sccn2c(=O)c1CCN1CCN(C)CC1C,5.532116549992345,challenge
Cc1ncc(CO)c(CO)c1O,3.72038000092905,tox21
Cc1ncc(CO)c(CO)c1O.Cl,4.023251954306619,tox21
Cc1ncc(CSSCc2cnc(C)c(O)c2CO)c(CO)c1O.Cl.Cl,4.784418794579006,tox21
Cc1ncc(CSc2ccccc2N)c(CO)c1O,5.69694058165962,ncgc;veith
Cc1ncc(C[n+]2csc(CCO)c2C)c(N)n1.O=[N+]([O-])[O-],3.773251730425014,tox21
Cc1ncc(S(=O)(=O)NCCN2CC=C(C(C)(C)C)CC2)cc1C#N,4.570009372992346,challenge
Cc1ncc2c(c1O)COP(=O)(O)OC2,5.4969551427270105,ncgc;veith
Cc1nccc(N2CCN(CC(=O)Nc3ccnn3Cc3cccs3)CC2)n1,4.306635099992346,challenge
Cc1nccc(NC2CCN(c3ccc(F)c(Cl)c3)C2)n1,4.221894254992345,challenge
Cc1nccc(NCc2cccc(C(=O)Nc3cc(-c4cccc(F)c4F)n[nH]3)c2)n1,4.643247684992346,challenge
Cc1nccc2c1[nH]c1ccccc12,4.4969551427270105,ncgc;veith
Cc1nccn1-c1ccc(-c2cn(CC(=O)Nc3cccc(Cl)c3Cl)nn2)cc1,4.446200988860996,pharmabench
Cc1nccn1-c1ccc(-c2cn(CC(=O)Nc3cccc(Cl)c3Cl)nn2)cn1,4.164056337357388,pharmabench
Cc1nccn1-c1ccc(CNC(C)c2c[nH]cn2)cc1F,5.240445257992346,challenge
Cc1nccn1-c1ccc(OCC(=O)Nc2ccc(-c3ccccc3)cc2)cc1,5.140575241507865,pharmabench
Cc1nccn1-c1nccc(NCCN2CCCCC2)n1,4.444178671992345,challenge
Cc1nccn1CC1CCCN1C(=O)[C@H]1C[C@@H]1c1ccccc1,4.035237119992345,challenge
Cc1nccn1CC1CCc2c(c3ccccc3n2C)C1=O,4.43441675507263,tox21
Cc1nccn1CCCN1C(=O)/C(=C/c2ccc(C#N)cc2)NC1=S,4.292241779935917,veith
Cc1nccn1C[C@@H]1CCc2c(c3ccccc3n2C)C1=O,4.4969551427270105,ncgc;veith
Cc1nccnc1CC1=C(CCN(C)C)Cc2ccccc21,4.076906161638488,pharmabench
Cc1ncn(-c2cc(Cl)c(C(=O)NC[C@@H](c3cccc(F)c3)c3ccc4[nH]c(C)nc4c3)c(Cl)c2)n1,3.91895512810732,pharmabench
Cc1ncn(-c2cc(Cl)c(C(=O)NC[C@@H](c3cccc(F)c3)c3nc4ccc(Cl)cc4[nH]3)c(Cl)c2)n1,3.9364552588519404,pharmabench
Cc1ncn(-c2ccccc2O)c1C,5.001666312269612,ncgc
Cc1ncoc1-c1nnc(SCCCN2CC3CC3(c3ccc(S(F)(F)(F)(F)F)cc3)C2)n1C,4.5162388554687505,pharmabench
Cc1ncoc1-c1nnc(SCCCN2CC3CC3(c3cccc(S(F)(F)(F)(F)F)c3)C2)n1C,4.7203588381246755,pharmabench
Cc1ncoc1-c1nnc(SCCCN2CC[C@@]3(C[C@H]3c3ccc(F)cc3F)C2)n1C,5.340147596413069,pharmabench
Cc1ncoc1-c1nnc(SCCCN2CC[C@]3(C[C@H]3c3ccc(C(F)(F)F)cc3)C2)n1C,5.305385490153857,pharmabench
Cc1ncsc1C(=O)NCC1CCN(CC(O)c2ccccc2)CC1,4.563517454992346,challenge
Cc1ncsc1CCCl,4.396953559925658,ncgc;veith
Cc1nn(-c2ccc(Cl)cc2)c(C)c1CNCC1(CO)CC1,5.957840627992345,challenge
Cc1nn(-c2ccc(Cl)cc2Cl)c(C)c1CC(=O)N1CC(CO)c2ccccc21,4.624523774992346,challenge
Cc1nn(-c2ccc(F)cc2)c(C)c1NS(=O)(=O)c1ccc2ccccc2c1,4.442240306846953,veith
Cc1nn(-c2ccccc2)c(C)c1CNCc1cc(C2CC2)no1,4.926531459992345,challenge
Cc1nn(-c2ccccc2)cc1CNC(=O)c1cc(-c2ccncc2)nc2ccccc12,4.990114324992346,challenge
Cc1nn(-c2ccccc2)cc1CNC(C)c1c[nH]cn1,5.2909194199923455,challenge
Cc1nn(-c2ccccn2)c(C)c1CNC[C@H]1CCCN1S(C)(=O)=O,5.564575439992345,challenge
Cc1nn(-c2cnn(C)c2)nc1C(=O)N(C)C1CCN(c2ccncc2)C1,5.956214794992346,challenge
Cc1nn(-c2nc3ccccc3[nH]2)c(N)c1-c1ccc(Cl)cc1,4.3922393223313625,veith
Cc1nn(C(=O)CN2C(=O)c3ccccc3C2=O)c(C)c1Br,4.642240772861618,veith
Cc1nn(C(=O)c2cccnc2)c(C)c1Sc1ccc(Br)cc1,4.092240288156335,veith
Cc1nn(C(C)C)c(C)c1CN1CCC(C(O)c2nccn2C)CC1,4.2921017099923455,challenge
Cc1nn(C(C)C)c(C)c1CN1CCCC2(CCS(=O)(=O)C2)C1,4.632878522992345,challenge
Cc1nn(C)c(Cn2cnc(C(C)(C)C)c2)c1S(N)(=O)=O,4.361597744992346,challenge
Cc1nn(C)c2ncc(C(=O)N3CCCC3c3cccc(F)c3)cc12,4.482635807992346,challenge
Cc1nn(C)cc1C(=O)Nc1ccc(Cc2ccncc2)cc1,5.610969839992346,challenge
Cc1nn(C)cc1C(C)NC(=O)NCc1ccc(-n2ccnc2)c(F)c1,4.891956714992346,challenge
Cc1nn(C)cc1S(=O)(=O)NC(=O)c1ccc(-n2ccc(OCC(C)(C)C(F)(F)F)n2)nc1N1C[C@@H](C)CC1(C)C,4.4717630599923455,challenge
Cc1nn(CC(=O)N2CCCn3nncc3C2)c2ncccc12,4.456975517992346,challenge
Cc1nn(CC(=O)NCc2ccccc2Cl)c(C)c1[N+](=O)[O-],4.092240288156335,veith
Cc1nn(CC(F)(F)F)c(C)c1CC(=O)NC1CCCc2cnn(C(C)C)c21,4.590657099992345,challenge
Cc1nn(Cc2c(F)c(F)c(F)c(F)c2F)c(C)c1NC(=O)c1cccc(COc2ccccc2Cl)c1,5.592241033466911,veith
Cc1nn(S(=O)(=O)c2cccs2)c(C)c1Sc1ccc([N+](=O)[O-])cc1,5.142241126006169,veith
Cc1nnc(-c2cccc(-c3noc(C4CC(=O)N(c5ccc6c(c5)CCC6)C4)n3)c2)[nH]1,4.449237827992346,challenge
Cc1nnc(-c2cccc(Br)c2)c2cn(-c3ccc(Br)cc3)nc12,4.3922393223313625,veith
Cc1nnc(-c2ccccc2C(=O)N(C)C2CCc3ccccc3C2)o1,4.387594247992346,challenge
Cc1nnc(C(C)C)n1[C@@H]1C[C@H]2CC[C@@H](C1)N2CC[C@H](NC(=O)C1CCCC1)c1cccs1,4.194019560734831,pharmabench
Cc1nnc(C(C)C)n1[C@@H]1C[C@H]2CC[C@@H](C1)N2CC[C@H](NC(=O)C1CCCCC1)c1cccs1,4.2403518951675245,pharmabench
Cc1nnc(C)n1-c1ccc(O[C@H]2c3cc(Cl)ccc3C[C@@H]2N2CCCC2)c(Cl)c1,5.021388833788657,pharmabench
Cc1nnc(C)n1-c1ccc(O[C@H]2c3ccccc3C[C@@H]2N2CCCC2)c(Cl)c1,5.556005982340238,pharmabench
Cc1nnc(NS(=O)(=O)c2ccc(N)cc2)s1,3.881924870114994,tox21
Cc1nnc2n1-c1sc(CCc3ccc(CC(C)C)cc3)cc1C(c1ccccc1Cl)=NC2C,4.084417373518855,tox21
Cc1nnc2sc(C(=O)NC3CN(c4cccc(F)c4F)C3)c(N)c2c1C,4.273200806782456,pharmabench
Cc1nnc2sc(C(=O)NCc3ccc(-c4cccnc4F)cc3)c(N)c2c1C,4.140575241507865,pharmabench
Cc1nnc2sc(C(=O)NCc3ccc(S(=O)(=O)C(F)F)cc3)c(N)c2c1C,4.101265507497932,pharmabench
Cc1nnc2sc(C(=O)NCc3ccc(S(F)(F)(F)(F)F)cc3)c(N)c2c1C,4.040930941512556,pharmabench
Cc1nnccc1NC(=O)NCCC1OCCc2ccccc21,5.329559389992346,challenge
Cc1noc(C)c1-c1cc(NC2CC2)ncn1,4.196955646610027,ncgc;veith
Cc1noc(C)c1-c1cc(NCc2cccs2)ncn1,4.201669884204322,ncgc
Cc1noc(C)c1-c1ccc2ncnc(N(C)Cc3ccco3)c2c1,4.196955646610027,ncgc;veith
Cc1noc(C)c1-c1ccc2ncnc(NCCN3CCOCC3)c2c1,4.00166905897837,ncgc
Cc1noc(C)c1-c1ccc2ncnc(NCc3ccccc3)c2c1,3.9016695663778864,ncgc
Cc1noc(C)c1-c1ccc2ncnc(NCc3cccnc3)c2c1,4.396953559925658,ncgc;veith
Cc1noc(C)c1-c1ccc2ncnc(NCc3cccs3)c2c1,4.196955646610027,ncgc;veith
Cc1noc(C)c1-c1ccc2ncnc(Nc3ccc(F)cc3)c2c1,3.9016695663778864,ncgc
Cc1noc(C)c1-c1cncnc1N1CCN(C)CC1,3.9016695663778864,ncgc
Cc1noc(C)c1-c1nc(N(C)C)c2ccccc2n1,4.201669884204322,ncgc
Cc1noc(C)c1-c1nc(N(C)Cc2ccco2)c2ccccc2n1,4.2969560175302135,ncgc;veith
Cc1noc(C)c1-c1nc(N2CCN(C)CC2)c2ccccc2n1,3.9016695663778864,ncgc
Cc1noc(C)c1-c1nc(NCCN2CCOCC2)c2ccccc2n1,4.101668763344926,ncgc
Cc1noc(C)c1-c1nc(NCc2ccccc2)c2ccccc2n1,4.596954724317373,ncgc;veith
Cc1noc(C)c1-c1nc(NCc2cccnc2)c2ccccc2n1,3.9016695663778864,ncgc
Cc1noc(C)c1-c1nc(NCc2cccs2)c2ccccc2n1,4.89695369244143,ncgc;veith
Cc1noc(C)c1-c1nc(Nc2ccncc2)c2ccccc2n1,4.396953559925658,ncgc;veith
Cc1noc(C)c1-c1nccc(-n2ccnc2)n1,4.196955646610027,ncgc;veith
Cc1noc(C)c1-c1nccc(NC2CC2)n1,4.00166905897837,ncgc
Cc1noc(C)c1-c1nccc(NCCN2CCOCC2)n1,4.201669884204322,ncgc
Cc1noc(C)c1-c1nccc(NCc2ccccc2)n1,3.9016695663778864,ncgc
Cc1noc(C)c1-c1nccc(NCc2cccnc2)n1,4.201669884204322,ncgc
Cc1noc(C)c1-c1nccc(NCc2cccs2)n1,4.396953559925658,ncgc;veith
Cc1noc(C)c1C(=O)N1CCC2(CC1)CCN(C(c1ccccc1)c1ccccc1)CC2,4.101668763344926,ncgc
Cc1noc(C)c1C(=O)N1CCC2(CC1)CCN(c1ccncc1)CC2,4.396953559925658,ncgc;veith
Cc1noc(C)c1C(=O)N1CCC2(CCCN(C(c3ccccc3)c3ccccc3)C2)CC1,5.196951293391612,ncgc;veith
Cc1noc(C)c1C(=O)N1CCC2(CCCN(CC(C)C)C2)CC1,4.396953559925658,ncgc;veith
Cc1noc(C)c1C(=O)N1CCC2(CCCN(c3ccccc3)C2)CC1,4.396953559925658,ncgc;veith
Cc1noc(C)c1C(=O)N1CCC2(CCN(C(=O)Nc3ccccc3)CC2)CC1,4.401667797519954,ncgc
Cc1noc(C)c1C(=O)N1CCC2(CCN(Cc3cc(C(F)(F)F)cc(C(F)(F)F)c3)CC2)CC1,3.9016695663778864,ncgc
Cc1noc(C)c1C(=O)N1CCC[C@@]2(CCN(CC(C)C)C2)C1,4.201669884204322,ncgc
Cc1noc(C)c1C(=O)N1CCC[C@@]2(CCN(Cc3ccccc3)C2)C1,4.596954724317373,ncgc;veith
Cc1noc(C)c1C(=O)N1CCC[C@@]2(CCN(c3cccc(-c4ccccc4)c3)C2)C1,5.996974049257448,ncgc;veith
Cc1noc(C)c1C(=O)N1CCC[C@@]2(CCN(c3ccccn3)C2)C1,4.696954347372703,ncgc;veith
Cc1noc(C)c1C(=O)OCC(=O)NC(c1ccccc1)c1ccccc1,4.992240583789779,veith
Cc1noc(C)c1C(C)c1nc(CCCOc2cccc3ccccc23)no1,4.354840729992346,challenge
Cc1noc(C)c1CCNC(=O)N1CCC(CCc2ccc(F)cc2F)CC1,3.758702394992345,challenge
Cc1noc(C2CCCN(CCc3ccc(F)c(F)c3)C2)n1,5.145621629992346,challenge
Cc1noc([C@H]2C[C@@H]2C(=O)NCc2ccc(-c3cccc(OC(F)(F)F)c3)c3c2CN(C(=O)NC(C)(C)C)CC3)n1,5.118298846796713,pharmabench
Cc1noc2nc(NCc3cc(N(C)C)ccn3)cc(C(F)(F)F)c12,4.512414654992345,challenge
Cc1noc2ncnc(NCC3CCOc4ccccc43)c12,5.268248464992346,challenge
Cc1nsc(-c2nnc3n2CCN(C(=O)c2ccc(-c4cccs4)cc2)[C@@H]3C)n1,3.8282642354341947,pharmabench
Cc1o[nH]c(=O)c1C[C@H](N)C(=O)O,4.2969560175302135,ncgc;veith
Cc1oc(-c2ccccc2)cc1C(=O)Nc1ccc(N(C)C)cc1,4.592241033466911,veith
Cc1oc(-c2ccccc2)nc1CC(=O)N1CCNC(C)(C)C1,4.797625326992346,challenge
Cc1oc(-c2ccccc2)nc1CN1CCN(C(=O)c2ccco2)CC1,4.5152349049923455,challenge
Cc1oc(-c2ccccc2F)nc1CSCC(=O)NCc1ccc2c(c1)OCO2,5.142241126006169,veith
Cc1oc(-c2cccs2)nc1CC(=O)N(C)Cc1c(F)cccc1Cl,4.8841959099923455,challenge
Cc1oc(C)c(C(=O)Nc2ccccc2)c1C,3.773251730425014,tox21
Cc1oc2ccc(NS(=O)(=O)c3ccc(C(C)(C)C)cc3)cc2c1C(=O)Nc1ccccc1,4.842240508595863,veith
Cc1oc2ccccc2c1C(=O)N1CCC(Cc2nc3ccccc3[nH]2)CC1,4.377780349992346,challenge
Cc1occc1C(=O)Nc1ccc(C(=O)N2CCC(F)(F)/C(=C\C(=O)N3CCC(N4CCCCC4)CC3)c3ccccc32)cc1.Cc1occc1C(=O)Nc1ccc(C(=O)N2CCC(F)(F)/C(=C\C(=O)N3CCC(N4CCCCC4)CC3)c3ccccc32)cc1.O=C(O)/C=C/C(=O)O,5.228582226747799,tox21
Cc1onc(-c2c(Cl)cccc2Cl)c1C(=O)N[C@@H]1C(=O)N2[C@@H]1SC(C)(C)[C@@H]2C(=O)O,4.482368271992346,challenge
Cc1onc(-c2c(Cl)cccc2Cl)c1C(=O)Nc1ccc2c(c1)OCO2,4.642240772861618,veith
Cc1onc(-c2ccccc2)c1-c1ccc(S(N)(=O)=O)cc1,4.184416982767381,tox21
Cc1onc(-c2ccccc2)c1C(=O)NCCc1c[nH]c2ccccc12,4.3922393223313625,veith
Cc1onc(-c2ccccc2Cl)c1C(=O)NCc1cccs1,4.04224135682174,veith
Cc1onc(-c2ccccc2Cl)c1C(=O)N[C@@H]1C(=O)N2[C@@H]1SC(C)(C)[C@@H]2C(=O)[O-].[Na+],4.0344169708398665,tox21
Cc1onc(-c2ccccn2)c1C(=O)NCc1nc2c([nH]1)CCCC2,5.093788239992346,challenge
Cc1onc(-c2cccnc2)c1C(=O)N[C@H]1c2ccccc2C[C@H]1O,4.876228749992346,challenge
Cc1onc(N)c1S(=O)(=O)N1CC(c2ccccc2)C2(CCC2)C1,4.716784167992346,challenge
Cc1sc(-c2ccc3c(c2)OCO3)nc1-c1cn(CC2CCCN2)nn1,5.183713616992346,challenge
Cc1sc(=O)n(CCC(=O)N2CC(CO)c3ccccc32)c1C,4.905353234992345,challenge
Cc1sc(N/N=C/c2cccnc2)nc1-c1ccccc1,5.592241033466911,veith
Cc1sc(NC(=O)C2CCCCC2)c(C#N)c1-c1ccccc1,4.642240772861618,veith
Cc1sc(NC(=O)c2ccccc2)c(C(=O)NCCN(C)C)c1C,4.342240150210577,veith
Cc1sc(NC(=O)c2ccco2)c(C(c2cccnc2)N2CCCC2)c1C,4.492240905132714,veith
Cc1sc(NC(=O)c2ccco2)c(C(c2cccnc2)N2CCN(C)CC2)c1C,4.3922393223313625,veith
Cc1sc2ccccc2[n+]1CCC(=O)O,4.601668415167836,ncgc
Cc1sc2ccccc2c1CC1=NCCN1,3.9969548213840747,ncgc;veith
Cc1sc2nc(-c3cccnc3)nc(N3CCC(S(N)(=O)=O)C3)c2c1C,4.2313838449923455,challenge
Cc1sc2nc(SCc3ccccc3)n(Cc3ccco3)c(=O)c2c1C,4.3922393223313625,veith
Cc1scc2c1N(C(=O)CN1CCN(C)CC1)c1ccccc1NC2=O,4.796954045378592,ncgc;veith
Cl.Cl.Cl.Cl.Cl.Cl.N.N.N.N.NNNNN.NNNNN.O.O.[Ru].[Ru].[Ru],6.396941486272403,ncgc;veith
Cl.Cl.Cl.O[C@@H](COc1cccc2ncccc12)CN1CCN(C2c3ccccc3[C@@H]3[C@H](c4ccccc42)C3(F)F)CC1,4.3344172940778565,tox21
Cl.Cl.Fc1ccc(C(OCCN2CCN(CCCc3ccccc3)CC2)c2ccc(F)cc2)cc1,5.484411373980493,tox21
Cl.Cl.NC(=NCCCCCCN=C(N)/N=C(\N)Nc1ccc(Cl)cc1)/N=C(\N)Nc1ccc(Cl)cc1,5.065292152856843,tox21
Cl.Cl.NC(=O)C1(N2CCCCC2)CCN(CCCC(=O)c2ccc(F)cc2)CC1,4.984415167151363,tox21
Cl.Cl.NCCNc1cccc2ccccc12,4.58362658594642,tox21
Cl.Cl.Nc1ccc(N)cc1,4.0344169708398665,tox21
Cl.Cl.Nc1ccc(O)c(N)c1,4.049673003335869,tox21
Cl.Cl.Nc1cccc(N)c1,3.973960950587643,tox21
Cl.Cl.OCCN1CCN(CCCN2c3ccccc3C=Cc3ccccc32)CC1,4.43441675507263,tox21
Cl.Cl.c1ccc(CNCCNCc2ccccc2)cc1,5.684413458264227,tox21
Cl.Cl/C(=C\n1cncn1)c1ccc(Cl)cc1Cl,4.384416994074168,tox21
Cl.ClCCCN1CCN(c2cccc(Cl)c2)CC1,5.684413458264227,tox21
Cl.ClCCNc1nc2ccc(Cl)cc2[nH]1,4.692241142242068,veith
Cl.ClCc1ccccn1,4.027358448434058,tox21
Cl.ClCc1cccnc1,3.7807454588698377,tox21
Cl.Clc1cc(Cl)c2c(c1)N=C1CCCCCN1C2,5.334412295551285,tox21
Cl.Clc1ccc(C(OCCN2CCCCC2)c2ccccc2)cc1,6.334337324555574,tox21
Cl.Clc1ccc(Cn2c(CN3CCCC3)nc3ccccc32)cc1,5.384419798316951,tox21
Cl.Clc1cccc(C(c2ccc3nc[nH]c3c2)n2ccnc2)c1,4.084417373518855,tox21
Cl.Clc1cccc(Cl)c1NC1=NCCN1,4.273252882834265,tox21
Cl.Cn1c(=O)cc(Oc2ccc(F)cc2F)c2cnc(NCC(C)(C)O)nc21,4.023251954306619,tox21
Cl.Cn1c(NCCN(CCO)CCCc2ccc([N+](=O)[O-])cc2)cc(=O)n(C)c1=O,4.134416852957513,tox21
Cl.Cn1cc(C(=O)[C@@H]2CCc3nc[nH]c3C2)c2ccccc21,4.3344172940778565,tox21
Cl.Cn1cccc1CNCCc1ccccc1,5.092240288156335,veith
Cl.FC(F)(F)c1cccc(C2=CCN(CCc3ccc4ccccc4c3)CC2)c1,6.284352485305704,tox21
Cl.Fc1ccc(CCNCc2ccc(Cl)c(Cl)c2)cc1,5.892241091189295,veith
Cl.Fc1ccc(CCNCc2cccc(Cl)c2)cc1,5.592241033466911,veith
Cl.Fc1ccc(COc2ccc(Br)cc2CNCc2ccncc2)cc1,6.3922393223313625,veith
Cl.Fc1ccccc1CCNCc1cccc(Cl)c1Cl,6.592241033466911,veith
Cl.N#Cc1ccc(C(c2nnnn2Cc2ccccc2)N2CCCC2)cc1,4.592241033466911,veith
Cl.N#Cc1ccc(C2CCCc3cncn32)cc1,4.47063809342456,tox21
Cl.N#Cc1cccc(C(c2nnnn2C2CCCC2)N2CCCCCC2)c1,4.442240306846953,veith
Cl.N=C(N)c1ccccc1,3.8268067313305068,tox21
Cl.N=C(N)n1cc(/C=N\N=C(N)N)cn1,4.901666293693565,ncgc
Cl.N=c1sccn1CC(=O)Nc1cccc(Oc2ccccc2)c1,5.492240905132714,veith
Cl.NC(CO)C(=O)NNCc1ccc(O)c(O)c1O,4.191671420232989,tox21
Cl.NC(N)=NC(=O)Cc1c(Cl)cccc1Cl,4.084417373518855,tox21
Cl.NC(N)=NC(N)=NCCc1ccccc1,4.734419094663767,tox21
Cl.NC1(c2ccccc2)CCCCC1,4.076806494965413,tox21
Cl.NC1=NCC2c3ccccc3Cc3ccccc3N12,5.534418069800762,tox21
Cl.NC1CCN(c2cccc(Cl)n2)CC1,5.484411373980493,tox21
Cl.NCC(O)c1ccc(O)cc1,3.887281489023642,tox21
Cl.NCCCCCc1nnc(SCc2ccc(Cl)c(Cl)c2)o1,4.892241091189295,veith
Cl.NCCCCCc1nnc(SCc2ccc(Cl)cc2Cl)o1,5.342240150210578,veith
Cl.NCCCCCc1nnc(SCc2ccccc2Cl)o1,4.442240306846953,veith
Cl.NCCNC(=O)c1ccc(Cl)cn1,4.225073622375159,tox21
Cl.NCCc1ccc(O)c(O)c1,3.8218370018744876,tox21
Cl.NCCc1ccc(O)cc1,4.026450022566678,tox21
Cl.NN=C(N)N,3.723251713511802,tox21
Cl.NNC(N)=O,3.8678728575698944,tox21
Cl.NNc1ccccc1,4.073606866436125,tox21
Cl.N[C@@H](CCC(=O)O)C(=O)O,4.073252490208837,tox21
Cl.N[C@@H](CS)C(=O)O,3.966913844191221,tox21
Cl.N[C@@H]1C[C@H]1c1ccccc1,4.134416852957513,tox21
Cl.N[C@H]1C(O)O[C@H](CO)[C@@H](O)[C@@H]1O,4.084417373518855,tox21
Cl.Nc1c2c(nc3c1CCC3)CCCC2.O,4.534418069800762,tox21
Cl.Nc1c2c(nc3ccccc13)CCCC2,4.223252007786247,tox21
Cl.Nc1c2c(nc3ccccc13)CCCC2.O,4.796954045378592,ncgc;veith
Cl.Nc1c2ccccc2nc2ccccc12.O,4.856686491878899,tox21
Cl.Nc1cc(C(F)(F)F)ccc1S,4.3344172940778565,tox21
Cl.Nc1cc(Cl)ccc1Oc1ccc(Cl)cc1,4.292241779935917,veith
Cl.Nc1ccc(Cl)cc1,4.198252647148247,tox21
Cl.Nc1ccc(Nc2ccccc2)cc1,4.027877746828589,tox21
Cl.Nc1ccc2cc3ccc(N)cc3nc2c1,4.023251954306619,tox21
Cl.Nc1ccccc1,3.869035003349593,tox21
Cl.O.O.O=C1CC[C@]2(O)[C@H]3Cc4ccc(O)c5c4[C@@]2(CCN3CC2CC2)[C@@H]1O5,4.596954724317373,ncgc;veith
Cl.O.c1cnc2c(c1)ccc1cccnc12,3.9732520511108227,tox21
Cl.O=C(CCCN1CCC(O)(c2cccc(C(F)(F)F)c2)CC1)c1ccc(F)cc1,6.034433255011826,tox21
Cl.O=C(CN1CCCCC1)Nc1cccc([N+](=O)[O-])c1,4.292241779935917,veith
Cl.O=C(CN1CCN(C2CCCCC2)CC1)NCCC1=CCCCC1,4.292241779935917,veith
Cl.O=C(CN1CCN(c2ncccn2)CC1)NCCC1=CCCCC1,5.04224135682174,veith
Cl.O=C(COc1ccc(Cl)cc1)N1CCN(Cc2ccc3c(c2)OCO3)CC1,5.2288363005927705,tox21
Cl.O=C(NC1CCN(CCc2c[nH]c3ccccc23)CC1)c1ccccc1,4.834419399908713,tox21
Cl.O=C(NCCCn1ccnc1)c1ccc(S(=O)(=O)N2CCCCCC2)cc1,5.742241156276297,veith
Cl.O=C(N[C@H](c1ccccc1)[C@@H]1CN2CCC1CC2)c1c(Cl)ccc(C(F)(F)F)c1Cl,5.216566552729859,tox21
Cl.O=C(Nc1ccccc1)OCC(CN1CCCCC1)OC(=O)Nc1ccccc1,6.034433255011826,tox21
Cl.O=C(OCC(O)CO)c1ccccc1Nc1ccnc2cc(Cl)ccc12,4.384416994074168,tox21
Cl.O=C(c1ccc(F)cc1)C1CCN(CCn2c(=S)[nH]c3ccccc3c2=O)CC1,4.9344127982132715,tox21
Cl.O=C(c1ccc(OCCN2CCCCC2)cc1)c1c(-c2ccc(O)cc2)sc2cc(O)ccc12,4.028834712314839,tox21
Cl.O=C1NCC2(CCN(CCc3ccccc3)CC2)O1,4.384416994074168,tox21
Cl.O=C1OC(CCN2CCCCC2)OC1(c1ccccc1)c1ccccc1,5.284419304981489,tox21
Cl.O=C1OC(CN2CCOCC2)CN1/N=C/c1ccc([N+](=O)[O-])o1,3.9844173999188213,tox21
Cl.O=C1[C@H]2CCCC[C@H]2C(=O)N1CCCCN1CCN(c2nsc3ccccc23)CC1,4.084417373518855,tox21
Cl.O=C1c2cccc3c2[C@H](CCC3)CN1[C@@H]1CN2CCC1CC2,4.084417373518855,tox21
Cl.O=C1c2cccc3cccc(c23)C(=O)N1CC1CCN(CC(O)COc2ccc3ccccc3c2)CC1,5.642240772861618,veith
Cl.O=S(=O)(c1cccc2cnccc12)N1CCCNCC1,5.584403638366823,tox21
Cl.O=c1n(CCCN2CCN(c3cccc(Cl)c3)CC2)nc2ccccn12,4.203834892143347,tox21
Cl.OC(CCN1CCCC1)(c1ccccc1)C1CCCCC1,5.534418069800762,tox21
Cl.OC(CCN1CCCCC1)(c1ccccc1)C1CC2C=CC1C2,5.584403638366823,tox21
Cl.OC(CCN1CCCCC1)(c1ccccc1)C1CCCCC1,5.73440653898988,tox21
Cl.OC(COCC1COc2ccccc2O1)CN1CCN(c2ccccc2F)CC1,5.142241126006169,veith
Cl.OC(COCC1COc2ccccc2O1)CN1CCc2ccccc2C1,5.842240508595863,veith
Cl.OC(c1ccccc1)(c1ccc(F)cc1)C(c1ccccc1)N1CCOCC1,4.342240150210577,veith
Cl.OCCCCNCc1ccc(OCc2ccccc2Cl)cc1,4.942241381558047,veith
Cl.OCCN1CCN(CCOc2cccc(Cl)c2)CC1,4.792241107578132,veith
Cl.OCCOCCN1CCN(C(c2ccccc2)c2ccc(Cl)cc2)CC1,6.078981533522029,tox21
Cl.O[C@@H](CNC[C@H](O)[C@H]1CCc2cc(F)ccc2O1)[C@@H]1CCc2cc(F)ccc2O1,6.134423160747318,tox21
Cl.O[C@@H](c1cc(C(F)(F)F)nc2c(C(F)(F)F)cccc12)[C@H]1CCCCN1,4.384416994074168,tox21
Cl.Oc1ccc([C@H]2CNCc3c2ccc(O)c3O)cc1O,4.3344172940778565,tox21
Cl.Oc1ccc2c3c1O[C@H]1[C@@H](O)C=C[C@H]4[C@@H](C2)NCC[C@@]341,4.010257427290113,tox21
Cl.Oc1cn2c(n1)Nc1ccc(Cl)c(Cl)c1C2,4.445651896700825,tox21
Cl.c1cc2c(c(N3CCNCC3)c1)OCCO2,4.058697999807861,tox21
Cl.c1ccc(-c2nc(NCCCn3ccnc3)c3oc4ccccc4c3n2)cc1,5.192241409015731,veith
Cl.c1ccc(CC2=NCCN2)cc1,4.634418806116886,tox21
Cl.c1ccc(CN(CC2=NCCN2)c2ccccc2)cc1,5.434413608683764,tox21
Cl.c1ccc([C@H]2CN3CCSC3=N2)cc1,4.3344172940778565,tox21
Cl.c1ccc2c(CC3=NCCN3)cccc2c1,4.584416971394304,tox21
Cl.c1ccc2c(c1)CCCC2C1=NCCN1,5.234419181965621,tox21
Cl.c1ccc2c(c1)oc1c(NCCCn3ccnc3)ncnc12,5.3922393223313625,veith
Cl.c1coc(CN2CCN(C(c3cccs3)c3nnnn3C3CCCC3)CC2)c1,5.3922393223313625,veith
Cl/C=C\C[N+]12CN3CN(CN(C3)C1)C2.[Cl-],3.723251713511802,tox21
ClC(=Nc1cccc2ccccc12)N(c1ccccc1)c1ccccc1,5.096953661274842,ncgc;veith
ClC(Cl)(Br)Br,3.98074554117691,tox21
ClC(Cl)(Cl)c1ccc(C(Cl)(Cl)Cl)cc1,3.827521024595188,tox21
ClC(Cl)=C(Cl)C(Cl)=C(Cl)Cl,4.000731221565845,tox21
ClC/C=C/CCl,3.976450703026483,tox21
ClC/C=C\CCl,3.7551472737155143,tox21
ClC1=C(Cl)[C@]2(Cl)[C@@H]3[C@@H]4C[C@@H]([C@H]5O[C@@H]45)[C@@H]3[C@@]1(Cl)C2(Cl)Cl,4.173252039198229,tox21
ClC1=C(Cl)[C@]2(Cl)[C@H]3[C@H]([C@@H]4C=C[C@H]3C4)[C@@]1(Cl)C2(Cl)Cl,4.023606134478928,tox21
ClC1C(Cl)C(Cl)C(Cl)C(Cl)C1Cl,3.7693690562159183,tox21
ClCC(Cl)CCl,4.06649683344816,tox21
ClCCBr,4.024670411368043,tox21
ClCCN(CCCl)CCCl,4.084417373518855,tox21
ClCCOCCCl,3.7950204382951176,tox21
ClCc1cccc(Cl)c1,4.184416982767381,tox21
ClCc1ccccc1,4.025737302769844,tox21
ClCc1ccccc1CCl,3.9732520511108227,tox21
ClSC(Cl)(Cl)Cl,4.372190405161937,tox21
Cl[C@H]1OCCO[C@@H]1Cl,4.078079338233338,tox21
Cl[Pt+2]Cl.[NH2-].[NH2-],4.052068671789281,tox21
Cl[Pt-2](Cl)(Cl)Cl.[NH4+].[NH4+],4.021130487921923,tox21
Cl[Pt](Cl)(Cl)Cl.O=C(O)c1ccncc1.O=C(O)c1ccncc1,5.001666312269612,ncgc
Cl[Pt](Cl)(Cl)Cl.OCc1ccncc1.OCc1ccncc1,4.89695369244143,ncgc;veith
Cl[Pt]Cl.N.N,3.9016695663778864,ncgc
Cl[Si](Cl)(c1ccccc1)c1ccccc1,3.9630781056599096,tox21
Clc1cc(Cl)c(Cl)c(O[C@H](c2ccccc2)[C@@H]2CCNC2)c1,5.119329346343711,pharmabench
Clc1cc(Cl)cc(O[C@@H](c2ccccc2)[C@H]2CCNC2)c1,5.21932802158,pharmabench
Clc1cc(Cl)nc(Cl)n1,3.7918947648661705,tox21
Clc1cc(I)cc(Cl)c1NC1=NCCN1,4.89695369244143,ncgc;veith
Clc1cc2c(c(CSC3=NCN(CC4CC4)CN3)c1)OCOC2,6.196983944657134,ncgc;veith
Clc1ccc(-c2ccc(C#Cc3ccc(OCCN4CCCC4)cc3)nc2)cc1,4.64117759207705,pharmabench
Clc1ccc(-c2nnc(CCc3ccccc3)o2)c(Cl)c1,4.442240306846953,veith
Clc1ccc(-c2noc(CN3CCCCC3)n2)cc1,5.001666312269612,ncgc
Clc1ccc(-n2cc(-c3ccc4cnccc4c3)nn2)cc1,4.143071927992346,challenge
Clc1ccc(-n2cc(COc3ccc4c(c3)CNC4)nn2)cc1,4.567117234992346,challenge
Clc1ccc(C(Cl)(Cl)Cl)c(Cl)c1,4.070072581140654,tox21
Clc1ccc(C(Cn2ccnc2)OCc2c(Cl)cccc2Cl)c(Cl)c1,4.634418806116886,tox21
Clc1ccc(C(Cn2ccnc2)OCc2ccc(Sc3ccccc3)cc2)c(Cl)c1,5.984437495342514,tox21
Clc1ccc(C(Cn2ccnc2)OCc2ccsc2Cl)c(Cl)c1,5.28409666661234,challenge;tox21
Clc1ccc(C(Cn2ccnc2)OCc2csc3c(Cl)cccc23)c(Cl)c1,5.184403734992346,challenge
Clc1ccc(C(OCCN2CCCCC2)c2ccccc2)cc1,6.464088687992346,challenge
Clc1ccc(C(c2ccc(Cl)cc2)C(Cl)Cl)cc1,3.8390266655102954,tox21
Clc1ccc(C(c2ccc(Cl)cc2)n2cc[n+](C[C@@H](OCc3ccc(Cl)cc3Cl)c3ccc(Cl)cc3Cl)c2)cc1,6.897013699718457,ncgc;veith
Clc1ccc(C(c2ccccc2Cl)C(Cl)(Cl)Cl)cc1,3.7704249635726903,tox21
Clc1ccc(C(c2ccccc2Cl)C(Cl)Cl)cc1,4.023251954306619,tox21
Clc1ccc(C(c2nnnn2C2CCCC2)N2CCN(Cc3ccncc3)CC2)cc1,5.3922393223313625,veith
Clc1ccc(C2(Cn3cncn3)CC(Br)CO2)c(Cl)c1,4.3757382558898446,tox21
Clc1ccc(C2(Cn3cncn3)OCCO2)c(Cl)c1,3.773251730425014,tox21
Clc1ccc(C23CNCC2C3)cc1Cl,4.574230802446437,pharmabench
Clc1ccc(C2=C3CCCCn4c(-c5ccccc5)c[n+](c43)C2)cc1.[Br-],5.492240905132714,veith
Clc1ccc(C2CC=CCNC2)cc1Cl,4.819862907494589,pharmabench
Clc1ccc(C2CCCCNC2)cc1Cl,5.057601006443101,pharmabench
Clc1ccc(CCC(Cn2ccnc2)Sc2c(Cl)cccc2Cl)cc1.O=[N+]([O-])O,5.184424060232335,tox21
Clc1ccc(CCNc2nc3ccccc3s2)cc1,4.942241381558047,veith
Clc1ccc(CC[C@H](Cn2ccnc2)Sc2c(Cl)cccc2Cl)cc1,5.396958734553992,ncgc;veith
Clc1ccc(CN2CCCN(Cc3ccc(Cl)cc3)C2c2cc3ccccc3c3ccccc23)cc1,6.196983944657134,ncgc;veith
Clc1ccc(CNc2cccc(-c3nnc[nH]3)c2)c(Cl)c1,4.5248664019923455,challenge
Clc1ccc(CO/N=C(\Cn2ccnc2)c2ccc(Cl)cc2Cl)c(Cl)c1,5.419328842460694,pharmabench
Clc1ccc(CO/N=C(\Cn2ccnc2)c2ccc(Cl)cc2Cl)c(Cl)c1.O=[N+]([O-])O,4.834419399908713,tox21
Clc1ccc(COC(Cn2ccnc2)c2ccc(Cl)cc2Cl)c(Cl)c1,5.471079709304905,ncgc;pharmabench;veith
Clc1ccc(COC(Cn2ccnc2)c2ccc(Cl)cc2Cl)cc1,5.817268851132732,pharmabench
Clc1ccc(COC(Cn2ccnc2)c2ccc(Cl)cc2Cl)cc1.O=[N+]([O-])O,6.125063003569496,tox21
Clc1ccc(CO[C@@H](Cn2ccnc2)c2ccc(Cl)cc2Cl)cc1,6.196983944657134,ncgc;veith
Clc1ccc(COc2ccccn2)cc1Cl,4.442240306846953,veith
Clc1ccc(COn2c(-c3ccccc3)nc3ccccc32)cc1,4.292241779935917,veith
Clc1ccc(CSC(Cn2ccnc2)c2ccc(Cl)cc2Cl)cc1,5.5162388554687505,pharmabench
Clc1ccc(CSC(Cn2ccnc2)c2ccc(Cl)cc2Cl)cc1.O=[N+]([O-])O,5.634418806116886,tox21
Clc1ccc(CSC2=NCCN2)cc1Cl,4.9969534480296955,ncgc;veith
Clc1ccc(CSCCc2ccncc2)cc1Cl,5.996974049257448,ncgc;veith
Clc1ccc(CS[C@@H](Cn2ccnc2)c2ccc(Cl)cc2Cl)cc1,6.396941486272403,ncgc;veith
Clc1ccc(CSc2nccn2Cc2ccccc2)cc1,4.792241107578132,veith
Clc1ccc(CSc2nnc(-c3cccnc3)o2)cc1,4.342240150210577,veith
Clc1ccc(CSc2nnc(-c3sccc3-n3cccc3)o2)cc1,4.442240306846953,veith
Clc1ccc(Cc2nc(-c3cccnc3)no2)cc1,5.242240761051421,veith
Clc1ccc(Cl)c(O[C@@H](c2ccccc2)[C@H]2CCNC2)c1Cl,5.319327259659342,pharmabench
Clc1ccc(Cl)c(SCCCN2CCNCC2)c1,5.096953661274842,ncgc;veith
Clc1ccc(Cn2c(-c3cccnc3Cl)nc3ccccc32)c(Cl)c1,4.592241033466911,veith
Clc1ccc(Cn2c(CN3CCCC3)nc3ccccc32)cc1,5.496960830086702,ncgc;veith
Clc1ccc(N2CCN(Cc3c[nH]c4ncccc34)CC2)cc1,4.446955370923793,ncgc;veith
Clc1ccc(N=C(c2ccccc2)N2CCOCC2)cc1Cl,4.992240583789779,veith
Clc1ccc(NCC2CCCN(c3ncnc4nc[nH]c34)C2)cc1,4.553075757992346,challenge
Clc1ccc(Nc2nnc(Cc3ccncc3)c3ccccc23)cc1,6.084428617243388,tox21
Clc1ccc(Sc2ccc(/C=N/n3cnnc3)o2)cc1,4.292241779935917,veith
Clc1ccc(Sc2ccccc2N2CCNCC2)c(Cl)c1,5.465086333021369,pharmabench
Clc1ccc(Sc2ccccc2N2CCNCC2)cc1,5.817268851132732,pharmabench
Clc1ccc([C@@H](OCCN2CCCCC2)c2ccccc2)cc1,7.2976270366514004,ncgc;veith
Clc1ccc([C@@]23CCCC[C@@H]2CNC3)cc1Cl,4.758069311833489,pharmabench
Clc1ccc([C@H](Cn2ccnc2)OCc2c(Cl)cccc2Cl)c(Cl)c1,4.696954347372703,ncgc;veith
Clc1ccc([C@H](Cn2ccnc2)OCc2csc3c(Cl)cccc23)c(Cl)c1,4.796954045378592,ncgc;veith
Clc1ccc([C@]23CCC[C@H]2CNC3)cc1Cl,4.80167574602558,pharmabench
Clc1ccc2[nH]cc(-c3nnnn3-c3ccccc3)c2c1,4.04224135682174,veith
Clc1ccc2c(N3CCC(CCC4CCN(c5ncnc6cc(Cl)ccc56)CC4)CC3)ncnc2c1,5.596962925619413,ncgc;veith
Clc1ccc2c(NC3CCC(N4CCCCC4)CC3)ccnc2c1,4.901666293693565,ncgc
Clc1ccc2c(NCCNC3CCCCC3)ccnc2c1,4.9969534480296955,ncgc;veith
Clc1ccc2c(c1)C(N1CCNCC1)=Nc1ccccc1O2,4.849636416858155,challenge;ncgc;pharmabench;tox21;veith
Clc1ccc2c(c1)C(c1cccs1)=NNC(c1cccnc1)=N2,4.492240905132714,veith
Clc1ccc2c(c1)CCc1cccnc1C2=C1CCNCC1,4.634418806116886,tox21
Clc1ccc2c(c1)N(CCCN1CCCC13CCCCC3)c1ccccc1S2,7.598141661248887,ncgc;veith
Clc1ccc2c(c1)N=C(N1CCNCC1)c1ccccc1N2,4.696954347372703,ncgc;veith
Clc1ccc2ccccc2c1,3.9599602696025746,tox21
Clc1ccc2nsnc2c1NC1=NCCN1,4.4308671787905345,challenge;tox21
Clc1cccc(-c2nc(CN3CCC(c4ncco4)CC3)co2)c1,6.0404000949923455,challenge
Clc1cccc(C=NC=Nc2cccc(Cl)c2)c1,4.096954525750631,ncgc;veith
Clc1cccc(CN(C2CCOCC2)[C@H]2CCNC2)c1Cl,4.738087605085107,pharmabench
Clc1cccc(CN(CC2CC2)[C@H]2CCNC2)c1Cl,6.942207587741032,pharmabench
Clc1cccc(CN(Cc2ccccn2)[C@@H]2CCNC2)c1Cl,5.7203588381246755,pharmabench
Clc1cccc(Cl)c1CSc1nnc(/C=C/c2ccccc2)o1,4.04224135682174,veith
Clc1cccc(Cl)c1NC1=NCCN1,4.43566680767283,challenge;ncgc;tox21;veith
Clc1cccc(N2CCNCC2)c1,4.62610695673117,ncgc;tox21;veith
Clc1cccc(Nc2nnc(-c3ccccc3)c3ccccc23)c1,5.196951293391612,ncgc;veith
Clc1cccc(OC(c2ccccn2)[C@H]2CCNC2)c1Cl,4.695052972859905,pharmabench
Clc1cccc(OC(c2cccnc2)[C@@H]2CCCNC2)c1Cl,5.039117600749088,pharmabench
Clc1cccc(O[C@@H](c2ccccc2)[C@H]2CCNC2)c1,6.019326496532738,pharmabench
Clc1cccc(O[C@@H](c2ccccc2)[C@H]2CCNC2)c1Cl,5.519327877307225,pharmabench
Clc1cccc(SC2CCNCC2)n1,5.084414562633206,tox21
Clc1cccc(Sc2ccccc2N2CCNCC2)c1Cl,5.7203588381246755,pharmabench
Clc1cccc2c1cc1n2CCN(Cc2nnc(-c3ccccc3)o2)C1,4.724097407992346,challenge
Clc1ccccc1-c1cc(NCc2ccccc2)ncn1,4.196955646610027,ncgc;veith
Clc1ccccc1-c1ccc2ncnc(NC3CCNCC3)c2c1,4.201669884204322,ncgc
Clc1ccccc1-c1ccc2ncnc(NCCN3CCOCC3)c2c1,4.4969551427270105,ncgc;veith
Clc1ccccc1-c1ccc2ncnc(NCc3cccnc3)c2c1,4.696954347372703,ncgc;veith
Clc1ccccc1-c1cncnc1NCCN1CCOCC1,4.4969551427270105,ncgc;veith
Clc1ccccc1-c1cncnc1NCCc1cnc[nH]1,4.89695369244143,ncgc;veith
Clc1ccccc1-c1cncnc1NCc1cccs1,4.4969551427270105,ncgc;veith
Clc1ccccc1-c1nc(-c2ccncc2)no1,4.9969534480296955,ncgc;veith
Clc1ccccc1-c1nc(-n2ccnc2)c2ccccc2n1,4.396953559925658,ncgc;veith
Clc1ccccc1-c1nc(N2CCNCC2)c2ccccc2n1,4.00166905897837,ncgc
Clc1ccccc1-c1nc(NCCN2CCOCC2)c2ccccc2n1,4.196955646610027,ncgc;veith
Clc1ccccc1-c1nc(NCc2cccnc2)c2ccccc2n1,4.196955646610027,ncgc;veith
Clc1ccccc1-c1nc(NCc2cccs2)c2ccccc2n1,4.396953559925658,ncgc;veith
Clc1ccccc1-c1nc(Nc2ccncc2)c2ccccc2n1,3.9016695663778864,ncgc
Clc1ccccc1-c1nccc(-n2ccnc2)n1,4.596954724317373,ncgc;veith
Clc1ccccc1-c1nccc(NCCN2CCOCC2)n1,4.396953559925658,ncgc;veith
Clc1ccccc1-c1nccc(NCc2ccccc2)n1,3.9016695663778864,ncgc
Clc1ccccc1-c1nccc(NCc2cccs2)n1,4.2969560175302135,ncgc;veith
Clc1ccccc1C(c1ccccc1)(c1ccccc1)n1ccnc1,4.222387476531044,ncgc;tox21;veith
Clc1ccccc1CC(c1ccccc1)N1CCNCC1,5.67896615296645,pharmabench
Clc1ccccc1CN1CCc2sccc2C1,5.443631155233865,challenge;ncgc;pharmabench;tox21;veith
Clc1ccccc1CNCC1CCC(CNCc2ccccc2Cl)CC1,4.396953559925658,ncgc;veith
Clc1ccccc1CSc1nnc(-c2ccncc2)o1,5.192241409015731,veith
Clc1ccccc1N1CCNCC1,4.584416971394304,tox21
Clc1ccccc1NN(Cc1ccncc1)c1ccccc1Cl,4.9969534480296955,ncgc;veith
Clc1ccccc1OCCCCN1CCCC1,4.442240306846953,veith
Clc1nc(C(Cl)(Cl)Cl)c(Cl)c(Cl)c1Cl,4.223252007786247,tox21
Clc1nc(Cl)nc(Cl)n1,4.080745049754132,tox21
Clc1nc(NCCc2ccccc2)c2ncn(-c3ccccc3)c2n1,4.901666293693565,ncgc
Clc1nc2ccccc2nc1Cl,3.9179649723621877,tox21
Clc1nnc(Cl)c2ccccc12,3.772154353510932,tox21
Cn1c(-c2ccc(-c3cnccn3)cc2)nnc1C1(c2ccc(Cl)cc2)CCC1,4.215208859804769,pharmabench
Cn1c(-c2ccc(-c3cnccn3)cc2Cl)nnc1C1(c2ccc(Cl)cc2)CC(F)C1,4.021388833788657,pharmabench
Cn1c(-c2ccc(Br)cc2)cnc1NCc1cccnc1,5.792241107578132,veith
Cn1c(-c2ccc(F)cc2)cnc1NCc1ccc(F)cc1,6.942241381558047,veith
Cn1c(-c2ccc(F)cc2)cnc1NCc1cccc(F)c1,6.742241156276297,veith
Cn1c(-c2ccc3c(c2)OCO3)cc(=O)c2ccccc21,5.296954647425311,ncgc;veith
Cn1c(-c2ccc3c(c2)OCO3)cnc1NCc1ccccc1.O=C(O)C(=O)O,5.592241033466911,veith
Cn1c(-c2ccccc2)cnc1N,4.442240306846953,veith
Cn1c(-c2ccccn2)c(C2CCCCC2)c2ccc(C(=O)NC(C)(C)C(=O)Nc3ccc(/C=C/C(=O)O)cc3)cc21,4.199220754420639,pharmabench
Cn1c(-c2ccoc2)c(C2CCCCC2)c2ccc(C(=O)NC(C)(C)C(=O)Nc3ccc(/C=C/C(=O)O)cc3)cc21,4.465086333021369,pharmabench
Cn1c(-c2cn(-c3cccc4c3CN(C3CCC(=O)NC3=O)C4=O)nn2)nc2ccccc21,4.361894417992346,challenge
Cn1c(/C=C/c2ccc([N+](=O)[O-])o2)nc2ccccc2c1=O,4.242240761051421,veith
Cn1c(=N)c(S(=O)(=O)c2ccc(F)cc2)cc2c(=O)n3ccccc3nc21,4.992240583789779,veith
Cn1c(=O)c(C(=O)CN2CCOCC2)c(N)n(Cc2ccccc2)c1=O,4.592241033466911,veith
Cn1c(=O)c2[nH]c(CCCCc3nc4ccccc4[nH]3)nc2n(C)c1=O,5.601684817771915,ncgc
Cn1c(=O)c2[nH]c(Cl)nc2n(C)c1=O,5.240639602685104,pharmabench
Cn1c(=O)c2c(cc(N3CCC[C@@H](N)C3)n2Cc2cc(F)ccc2C#N)n(C)c1=O,4.544267579068994,pharmabench
Cn1c(=O)c2c(cc(N3CCC[C@@](C)(N)C3)n2Cc2cc(F)ccc2C#N)n(C)c1=O,3.839545245843884,pharmabench
Cn1c(=O)c2c(nc(/C=C\c3cccc(Cl)c3)n2C)n(C)c1=O,3.9016695663778864,ncgc
Cn1c(=O)c2c(ncn2C)n(C)c1=O,3.9679648839976647,tox21
Cn1c(=O)c2c(ncn2CC(COCc2ccccc2Cl)OCc2ccccc2Cl)n(C)c1=O,4.292241779935917,veith
Cn1c(=O)c2cc(S(=O)(=O)NCCC(=O)NCCc3ccc(Cl)cc3)ccc2n(C)c1=O,4.292241779935917,veith
Cn1c(=O)c2cc(S(=O)(=O)NCCC(=O)NCc3ccccc3Cl)ccc2n(C)c1=O,4.242240761051421,veith
Cn1c(=O)cc(Nc2cc(C(=O)NC3CC3)ccc2Cl)c2cnn(-c3ccc(F)cc3F)c21,4.063302985267572,pharmabench
Cn1c(=O)cc(OCCCC(=O)Nc2cccnc2)c2ccccc21,4.492240905132714,veith
Cn1c(=O)cc(SCC(=O)NCCN2CCN(c3ccccc3F)CC2)c2cc(Cl)ccc21,4.342240150210577,veith
Cn1c(=O)n(C)c2cc(/C=C(/C#N)c3ccc(Cl)cc3)ccc21,4.3922393223313625,veith
Cn1c(=O)oc2c(C(=O)N[C@H]3c4ccccc4CC[C@H]3O)cccc21,5.679755864992345,challenge
Cn1c(=O)oc2cc(NS(=O)(=O)c3ccc(Cl)c(F)c3)ccc21,5.729430404992345,challenge
Cn1c(C2CC2)nc2c1CCN(C(=O)Nc1ccns1)C2,4.625127439992346,challenge
Cn1c(CC(=O)Nc2ccc(Cl)c(Cl)c2)nnc1SCC(=O)N1CCN(c2ccccc2)CC1,4.092240288156335,veith
Cn1c(CN2CCC(C3CCOC3)C2)nc2cc(C(F)(F)F)ccc21,5.420231394992346,challenge
Cn1c(C[C@@H](O)c2nc3ccccc3n2C)nc2ccccc21,5.096953661274842,ncgc;veith
Cn1c(Cc2ccsc2)nnc1N1CCCc2ccccc2CC1,4.548565442992346,challenge
Cn1c(N)c(N=O)c(=O)n(C)c1=O,4.009269222575887,tox21
Cn1c(N)nc2c3cccnc3ccc21,4.545324084738876,tox21
Cn1c(N)nc2nc[nH]c2c1=O,3.927878485798514,tox21
Cn1c(N/N=C/c2c[nH]c3ccccc23)nc2ccccc21,4.592241033466911,veith
Cn1c(N2CCC(C(=O)NCc3ccc(F)cc3)CC2)nc2c(F)cccc21,3.3684646799923454,challenge
Cn1c(N2CCC(S(N)(=O)=O)CC2)nc2cccc(F)c21,5.051544526992346,challenge
Cn1c(N2CCOC(C3CCC3)C2)nc(-c2ccncc2F)cc1=O,3.8429874922549017,pharmabench
Cn1c(N2CCOC(Cc3ccccc3)C2)nc2cnccc21,5.719939132992345,challenge
Cn1c(N2CCOC(c3ccccc3)C2)nc(-c2ccncc2)cc1=O,3.7435505007866094,pharmabench
Cn1c(N2CCO[C@@H](c3ccc(C#N)cc3F)C2)nc(-c2ccncn2)cc1=O,3.9928175810961193,pharmabench
Cn1c(N2CCO[C@@H](c3ccc(F)cc3)C2)nc(-c2ccncc2)cc1=O,3.8196761944642104,pharmabench
Cn1c(N2CCO[C@@H](c3ccc(F)cc3)C2)nc(-c2ccncc2F)cc1=O,4.074936568775583,pharmabench
Cn1c(N2CCO[C@@H](c3ccc(F)cc3)C2)nc(-c2ccncn2)cc1=O,3.820538335697579,pharmabench
Cn1c(N2CCO[C@@H](c3ccccc3F)C2)nc(-c2ccncn2)cc1=O,3.908783832254082,pharmabench
Cn1c(O)c(C(C#N)=C2N=c3ccccc3=N2)c2ccccc21,4.642240772861618,veith
Cn1c(OCc2ccc3c(c2)OCO3)nc2c1c(=O)n(Cc1ccc(Cl)c(Cl)c1)c(=O)n2C,4.792241107578132,veith
Cn1c(SCC(=O)N2CCN(S(=O)(=O)c3ccccc3)CC2)nc2ccccc21,4.342240150210577,veith
Cn1c(SCC(=O)NCc2ccc3c(c2)OCO3)nnc1-c1cc2ccccc2cc1O,4.492240905132714,veith
Cn1c(SCc2nnc(-c3ccc(F)cc3)o2)nnc1C1COc2ccccc2O1,4.792241107578132,veith
Cn1c(Sc2ccc(-c3cccnc3)n2C)ccc1-c1cccnc1,4.9969534480296955,ncgc;veith
Cn1cc(-c2cc(C(O)(C(F)(F)F)C(F)(F)F)cnc2N2CCN(S(=O)(=O)c3ccc(N)nc3)CC2)cn1,4.164056337357388,pharmabench
Cn1cc(-c2ccccc2)c(=O)c(-c2cccc(C(F)(F)F)c2)c1,3.9836288309478904,tox21
Cn1cc(-c2ccccc2CNC(=O)N[C@H]2c3ccccc3C[C@H]2O)cn1,4.4836222069923455,challenge
Cn1cc(-c2cnc3ccc4ccc(CS(=O)(=O)NCc5ccccn5)cc4c(=O)c3c2)cn1,3.7549689679095533,pharmabench
Cn1cc(-c2cncc(C(=O)Nc3ccccc3N3CCC(O)CC3)c2)cn1,4.537143372992346,challenge
Cn1cc(-c2nc3cnc(N4CCNCC4)nc3n(CCc3ccccc3)c2=O)c2ccccc21,3.9016695663778864,ncgc
Cn1cc(-c2nc3cnc(N4CCNCC4)nc3n(Cc3ccc(F)cc3)c2=O)c2ccccc21,4.201669884204322,ncgc
Cn1cc(C(=O)C(=O)N[C@H]2CN3CCC2CC3)c2ccccc21,6.69694058165962,ncgc;veith
Cn1cc(C(=O)NCC2CCN(c3ccncc3)CC2)c2ccccc21,4.452146104992345,challenge
Cn1cc(C(=O)NCc2ncc(-c3ccccc3)[nH]2)c(-c2ccncc2)n1,5.212197904992346,challenge
Cn1cc(C(=O)N[C@H]2c3ccccc3CC[C@H]2O)c2cc(F)ccc21,5.583530927992346,challenge
Cn1cc(C(=O)c2ccc(Cl)cc2)cc1-c1nc2ccccc2n1C,4.542240874986129,veith
Cn1cc(C(F)(F)F)nc1-c1ccc(OC[C@@H](O)CNCCOc2ccc(O)c(C(N)=O)c2)cc1,5.096953661274842,ncgc;veith
Cn1cc(C2=C(c3ccc(Cl)cc3Cl)C(=O)NC2=O)c2ccccc21,4.00166905897837,ncgc
Cn1cc(CC2CN(C(=O)[C@@H]3CCCO[C@H]3c3ccccc3)C2)cn1,4.354577761992346,challenge
Cn1cc(CCC(=O)N2CCC(Cc3cccc(F)c3)CC2)cn1,4.610946354992346,challenge
Cn1cc(CN(CC2CCc3ccccc32)c2nccc(C#N)n2)cn1,4.513393754992346,challenge
Cn1cc(CNC(CO)CC(F)(F)F)c(-c2cc3ccccc3o2)n1,5.188969776992345,challenge
Cn1cc(CNCCc2c(C(F)(F)F)[nH]c3ccccc23)cc1C#N,5.451932174992345,challenge
Cn1cc(CNCCc2cccc(Br)c2)n2ncc(C#N)c12,6.218204099992346,challenge
Cn1cc(CNCc2ccc(-n3ccnc3)nc2)c(C(C)(C)C)n1,6.110516642992346,challenge
Cn1cc(CN[C@H]2c3ccccc3C[C@@H]2O)c(C2CC2)n1,4.287920739992345,challenge
Cn1cc(NC(=O)NCc2ccc3occc3c2)c(C2CCCCC2)n1,5.1473525269923455,challenge
Cn1cc(NCc2cc(-c3ccncc3)n[nH]2)c(-c2ccccc2)n1,4.659826112992346,challenge
Cn1cc(OC2CN(c3cc(Br)cc(F)c3C#N)C2)cn1,4.561984722992346,challenge
Cn1cc(S(=O)(=O)N2CCC3=Cc4c(cnn4-c4ccc(F)cc4)C[C@]3(C(=O)c3cc(C(F)(F)F)ccn3)C2)cn1,4.465086333021369,pharmabench
Cn1cc([C@H]2C[C@H]3CSC(N)=N[C@@]3(c3ccc(F)cc3F)CO2)cn1,4.276314042206599,pharmabench
Cn1cc([C@H]2C[C@H]3[C@@H](CF)SC(N)=N[C@@]3(c3ccc(F)cc3F)CO2)cn1,3.9977249155908634,pharmabench
Cn1cc([N+](=O)[O-])c(C(=O)Nc2cc(Oc3cccnc3)cc([N+](=O)[O-])c2)n1,4.3922393223313625,veith
Cn1ccc(CN(CC2C(F)(F)C23CCC3)c2ncc(F)cn2)n1,4.294674529992346,challenge
Cn1ccc(NC(=O)N(Cc2cccc(F)c2)C2CCC2)cc1=O,4.358671277992346,challenge
Cn1ccc(NC(=O)NCc2ccc(-n3ccnc3)c(F)c2)n1,5.338612329992346,challenge
Cn1ccc2c(Nc3cccc(Cl)c3)ncc(C(=O)N3CCOCC3)c21,4.097109547726775,pharmabench
Cn1ccc2cc(NC(=O)Nc3cccnc3)ccc21,4.396953559925658,ncgc;veith
Cn1ccc2cc3c(cc21)CCN3C(=O)Nc1cccnc1,4.146955440303538,ncgc;veith
Cn1cccc1/C=N/NC(=O)c1sc2ccccc2c1Cl,4.492240905132714,veith
Cn1cccc1C(=O)N1CCC2(CC1)CCN(c1ccncc1)CC2,4.101668763344926,ncgc
Cn1cccc1C(=O)N1CCC2(CC1)CN(C(c1ccccc1)c1ccccc1)C2,4.9969534480296955,ncgc;veith
Cn1cccc1C(=O)N1CCC2(CC1)CN(Cc1cc(C(F)(F)F)cc(C(F)(F)F)c1)C2,4.101668763344926,ncgc
Cn1cccc1C(=O)N1CCC2(CCCN(C(c3ccccc3)c3ccccc3)C2)CC1,4.4969551427270105,ncgc;veith
Cn1cccc1C(=O)N1CCC2(CCCN(Cc3ccccc3)C2)CC1,4.4969551427270105,ncgc;veith
Cn1cccc1C(=O)N1CCC2(CCCN(Cc3ccncc3)C2)CC1,4.596954724317373,ncgc;veith
Cn1cccc1C(=O)N1CCC2(CCCN(c3ccccn3)C2)CC1,4.101668763344926,ncgc
Cn1cccc1C(=O)N1CCC2(CCCN(c3ncccn3)C2)CC1,4.501669380321306,ncgc
Cn1cccc1C(=O)N1CCC2(CCN(Cc3ccccc3)CC2)CC1,4.596954724317373,ncgc;veith
Cn1cccc1C(=O)N1CCC[C@@]2(CCN(C(c3ccccc3)c3ccccc3)C2)C1,4.201669884204322,ncgc
Cn1cccc1C(=O)N1CCC[C@@]2(CCN(Cc3cc(C(F)(F)F)cc(C(F)(F)F)c3)C2)C1,4.89695369244143,ncgc;veith
Cn1cccc1C(=O)N1CCC[C@@]2(CCN(Cc3ccc(C#N)cc3)C2)C1,4.201669884204322,ncgc
Cn1cccc1C(=O)N1CCC[C@@]2(CCN(Cc3ccccc3)C2)C1,5.196951293391612,ncgc;veith
Cn1cccc1C(=O)N1CCC[C@@]2(CCN(Cc3nccs3)C2)C1,4.00166905897837,ncgc
Cn1cccc1C(=O)N1CCC[C@@]2(CCN(c3ncccn3)C2)C1,4.201669884204322,ncgc
Cn1ccnc(N2CCN(S(=O)(=O)c3ccccc3)CC2)c1=O,4.343164011992346,challenge
Cn1ccnc(N2CCN(c3ncc(Cl)cc3Cl)CC2)c1=O,5.811462021992345,challenge
Cn1ccnc1C(Nc1nccn2ncc(Br)c12)c1ccccc1,4.700553131992345,challenge
Cn1ccnc1C(O)C=C(c1ccccc1)c1ccccc1,4.243237583405013,pharmabench
Cn1ccnc1CN1CCC(c2c[nH]c3ccccc23)CC1,5.157569277992346,challenge
Cn1ccnc1Cn1cc(-c2ccc3cnccc3c2)nn1,5.431971726992345,challenge
Cn1ccnc1[C@@H]1OCCC[C@H]1NC(=O)CC(C1CCC1)C1CCC1,4.479045724992345,challenge
Cn1cnc(C(=O)N(Cc2cccc(OC(F)(F)F)c2)[C@@H]2C[C@@H]3CN(CC(C)(C)O)C[C@@H]3C2)c1,5.377936157302469,pharmabench
Cn1cnc(CCNCc2cn(-c3ccccc3)nc2-c2ccccc2)n1,5.519655369992345,challenge
Cn1cnc([N+](=O)[O-])c1Sc1ncnc2nc[nH]c12,3.9757377311954647,tox21
Cn1cnc2c(NC(Cc3ccccc3)c3cccs3)ncnc21,4.309038884992345,challenge
Cn1cnc2c(NC3CCCC3)ncnc21,4.196955646610027,ncgc;veith
Cn1cnc2c(NCc3ccccc3)nc(NCCO)nc21,5.296955775927239,ncgc;veith
Cn1cnc2c(c1=O)CCN(C(=O)NC1CCCc3c(F)cc(Cl)cc31)C2,4.127668866992345,challenge
Cn1cncc1-c1cn(CC(O)Cc2cccc(F)c2)nn1,6.056284737992345,challenge
Cn1cncc1C(=O)Nc1cc(-c2ccc(Cl)cc2)nn1CCO,4.554106921992346,challenge
Cn1cncc1[C@@H]1C[C@H]1C(=O)Nc1c[nH]c2ccccc12,4.679070261992345,challenge
Cn1nc(-c2ccncc2)cc1NC(=O)C1CCC(F)(F)C1,4.788874927992346,challenge
Cn1nc(C(F)(F)F)c(/C=N/OC(=O)c2ccc(Cl)cc2)c1Cl,4.292241779935917,veith
Cn1nc(C(F)(F)F)c(C(=O)Nc2ccc(F)cc2F)c1Sc1ccc(C(F)(F)F)cc1,4.342240150210577,veith
Cn1nc(C(F)(F)F)cc1CNC(=O)CCc1ccccc1O,4.797526184992345,challenge
Cn1nc(CC(=O)NCc2ccnc(-n3ccnc3)c2)c2ccccc2c1=O,3.457433947992345,challenge
Cn1nc(CNC[C@@H](O)c2ccc(Cl)cc2)c2ccccc21,6.116139111992346,challenge
Cn1ncc(C#N)c1NC(=O)C1CC(c2ccc(Cl)cc2)=NO1,4.892241091189295,veith
Cn1ncc(C(=O)NCCn2cccc2)c1-n1cccc1,4.750333076992345,challenge
Cn1ncc(C(=O)Nc2cccc3cc[nH]c23)c1-n1cccc1,5.7859635799923455,challenge
Cn1ncc(CNC2Cc3ccccc3NC2=O)c1C1CC1,4.395583257992346,challenge
Cn1ncc([N+](=O)[O-])c1C(=O)Nc1ccc2c(c1)OCCO2,4.3922393223313625,veith
Cn1ncc2c(NCCc3ccccc3)nc(Cl)nc21,6.396941486272403,ncgc;veith
Cn1ncc2c1CC(C(=O)N1CCN(c3cncc(F)c3)CC1)CC2,4.085402259992346,challenge
Cn1ncc2cc(C#N)c(N3CCC(Nc4ccncc4)CC3)nc21,5.0020488319923455,challenge
Cn1nccc1CN1CC(O)(c2cccc3ccccc23)C1,4.444506246992345,challenge
Cn1nncc1C(=O)NC1CCN(c2cccc(OC(F)(F)F)c2)C1,4.784524919992346,challenge
Cn1nncc1NC(=O)NCCc1cccc2c1OCCO2,4.480490054992345,challenge
Cn1nnnc1-c1cc(NC(=O)NCCCN2CCC[C@@H](Cc3ccc(F)cc3)C2)cc(C(C)(C)C(=O)O)c1,4.076906161638488,pharmabench
Cn1nnnc1-c1cccc(NC(=O)NCCCN2CCC[C@@H](Cc3ccc(F)cc3)C2)c1,5.215208859804769,pharmabench
Cn1nnnc1C1CCN(C(=O)c2cc(F)cc3ccoc23)CC1,3.5310049169923454,challenge
FC(F)(F)C(F)(F)C(F)(F)C(F)(F)C(F)(F)C(F)(F)CCI,4.0344169708398665,tox21
FC(F)(F)C1(c2nc(-c3cc(C4CC4)[nH]n3)no2)CC2(CCC2)C1,2.0094137379923454,challenge
FC(F)(F)COc1ccc(Cn2cc(Cn3ccnc3)nn2)cc1,5.7666216119923455,challenge
FC(F)(F)Cn1c(-c2ccccc2)cnc1SCc1nccs1,4.4793509619923455,challenge
FC(F)(F)c1cc(-c2ccco2)nc(NCCc2ccccc2)n1,4.792241107578132,veith
FC(F)(F)c1cc(-c2ccco2)nc(NCc2cccs2)n1,4.192241409015731,veith
FC(F)(F)c1cc(CN2CCC3(CCNCC3)CC2)cc(C(F)(F)F)c1,4.101668763344926,ncgc
FC(F)(F)c1cc(CN2CCCC3(CCNCC3)C2)cc(C(F)(F)F)c1,4.396953559925658,ncgc;veith
FC(F)(F)c1cc(CN2CC[C@@]3(CCCNC3)C2)cc(C(F)(F)F)c1,3.9016695663778864,ncgc
FC(F)(F)c1cc(CO[C@@H]2CCCN[C@H]2c2ccccc2)cc(C(F)(F)F)c1,5.4969551427270105,ncgc;veith
FC(F)(F)c1cc(CO[C@H]2CCCN[C@H]2c2ccccc2)cc(C(F)(F)F)c1,6.797036381016095,ncgc;veith
FC(F)(F)c1cc(NCC2CCOCC2)nc(-c2cccnc2)n1,5.545770914992346,challenge
FC(F)(F)c1ccc(-n2cc(C3CCCCN3)nn2)cc1,6.738610117992346,challenge
FC(F)(F)c1ccc(CCNc2ccn(-c3ncccn3)n2)cc1,4.397846656992345,challenge
FC(F)(F)c1ccc(CCn2nnnc2N2CCOCC2)cc1,4.637379844992346,challenge
FC(F)(F)c1ccc(N2CCN(c3cc(-c4ccccc4)nc4ncnn34)CC2)nc1,4.442240306846953,veith
FC(F)(F)c1ccc(SCC(c2c[nH]cn2)C2CCNCC2)cc1,4.441605237171847,pharmabench
FC(F)(F)c1ccc(SCC(c2ccncc2)c2c[nH]cn2)cc1,4.785860386881108,pharmabench
FC(F)(F)c1cccc(N2CCN(CC3CC4C=CC3C4)CC2)c1,5.092240288156335,veith
FC(F)(F)c1cccc(NC(=S)Nc2ccc(Cl)cc2Cl)c1,4.592241033466911,veith
FC(F)(F)c1ccccc1-c1cc(NCCN2CCOCC2)ncn1,3.9016695663778864,ncgc
FC(F)(F)c1ccccc1-c1cc(NCc2ccccc2)ncn1,3.9016695663778864,ncgc
FC(F)(F)c1ccccc1-c1cc(NCc2cccnc2)ncn1,4.101668763344926,ncgc
FC(F)(F)c1ccccc1-c1cc(NCc2cccs2)ncn1,4.101668763344926,ncgc
FC(F)(F)c1ccccc1-c1ccc2ncnc(NC3CC3)c2c1,4.196955646610027,ncgc;veith
FC(F)(F)c1ccccc1-c1ccc2ncnc(NCCN3CCOCC3)c2c1,4.4969551427270105,ncgc;veith
FC(F)(F)c1ccccc1-c1ccc2ncnc(NCc3cccnc3)c2c1,5.296954647425311,ncgc;veith
FC(F)(F)c1ccccc1-c1ccc2ncnc(NCc3cccs3)c2c1,4.4969551427270105,ncgc;veith
FC(F)(F)c1ccccc1-c1cncnc1-n1ccnc1,4.396953559925658,ncgc;veith
FC(F)(F)c1ccccc1-c1cncnc1NCCN1CCOCC1,4.2969560175302135,ncgc;veith
FC(F)(F)c1ccccc1-c1cncnc1NCCc1cnc[nH]1,4.396953559925658,ncgc;veith
FC(F)(F)c1ccccc1-c1cncnc1NCc1ccccc1,4.096954525750631,ncgc;veith
FC(F)(F)c1ccccc1-c1cncnc1NCc1cccnc1,4.196955646610027,ncgc;veith
FC(F)(F)c1ccccc1-c1cncnc1NCc1cccs1,4.2969560175302135,ncgc;veith
FC(F)(F)c1ccccc1-c1cncnc1Nc1ccccc1,3.9016695663778864,ncgc
FC(F)(F)c1ccccc1-c1nc(-n2ccnc2)c2ccccc2n1,3.9016695663778864,ncgc
FC(F)(F)c1ccccc1-c1nc(N2CCOCC2)c2ccccc2n1,4.101668763344926,ncgc
FC(F)(F)c1ccccc1-c1nc(NC2CC2)c2ccccc2n1,4.00166905897837,ncgc
FC(F)(F)c1ccccc1-c1nc(NCCN2CCOCC2)c2ccccc2n1,4.00166905897837,ncgc
FC(F)(F)c1ccccc1-c1nc(NCc2cccnc2)c2ccccc2n1,4.2969560175302135,ncgc;veith
FC(F)(F)c1ccccc1-c1nc(NCc2cccs2)c2ccccc2n1,4.101668763344926,ncgc
FC(F)(F)c1ccccc1-c1nc(Nc2ccncc2)c2ccccc2n1,4.096954525750631,ncgc;veith
FC(F)(F)c1ccccc1-c1nccc(-n2ccnc2)n1,4.4969551427270105,ncgc;veith
FC(F)(F)c1ccccc1-c1nccc(NCCN2CCOCC2)n1,4.396953559925658,ncgc;veith
FC(F)(F)c1ccccc1-c1nccc(NCc2ccccc2)n1,4.101668763344926,ncgc
FC(F)(F)c1ccccc1-c1nccc(NCc2cccs2)n1,4.096954525750631,ncgc;veith
FC(F)(F)c1ccccc1-n1ccnc1,4.968043367234479,ncgc;tox21
FC(F)(F)c1ccccc1CN(C1CCOCC1)[C@H]1CCNC1,3.9422075877410316,pharmabench
FC(F)(F)c1ccccc1Cl,3.9120363707838353,tox21
FC(F)(F)c1ccccc1OC1CCN(c2ccc(-n3ccnc3)nn2)CC1,5.942207587741032,pharmabench
FC(F)(F)c1nc(-c2cccnc2)ncc1-c1nnnn1-c1ccccc1,4.892241091189295,veith
FC(F)(F)c1nc2ccccc2nc1N/N=C/c1ccc(Cl)cc1,5.692241142242068,veith
FC(F)(F)c1nc2ccccc2nc1N/N=C\c1ccccc1,4.342240150210577,veith
FC(F)(F)c1nc2nc(Cl)c(Cl)nc2n1CCCN1CCOCC1,4.89695369244143,ncgc;veith
FC(F)C(F)(F)OCC(Cn1cncn1)c1ccc(Cl)cc1Cl,4.525739459903225,tox21
FC(F)C1CCC(NCc2cccnc2-n2cncn2)CC1,4.594240209992345,challenge
FC(F)COc1ccccc1CNCCc1ccc2[nH]ccc2c1,5.937773681992346,challenge
FC(F)Oc1cc(CNc2nnc(-c3ccon3)s2)ccn1,4.670069744992346,challenge
FC(F)Oc1ccccc1CC(c1ccccc1)N1CCNCC1,4.822731746834234,pharmabench
FC(F)Sc1ccc(N=C2NN=C(c3ccc4c(c3)OCCO4)CS2)cc1,4.342240150210577,veith
FC1(F)CC(c2nnc(Nc3ccc4c(c3)OCO4)[nH]2)C1,4.984880084992346,challenge
FC1(F)CC1n1nccc1-c1cn(Cc2n[nH]c3ccccc23)nn1,4.358981166992345,challenge
FC1(F)CCC(NC/C=C\CN(C[C@H]2Cc3ccccc3CN2)[C@H]2CCCc3cccnc32)CC1,5.4724479614317225,pharmabench
FC1(F)CCN(CCC2=C(Cc3cnccn3)c3ccccc3C2)C1,4.542360875028109,pharmabench
FC1CCN(CCC2=C(Cc3cnccn3)c3ccccc3C2)C1,4.786567953981256,pharmabench
FC1CN(CCC2=C(Cc3cnccn3)c3ccccc3C2)C1,4.608693142185157,pharmabench
F[B-](F)(F)F.OCC[NH+]=c1cc(-c2ccccc2)oc2ccc(Cl)cc12,4.692241142242068,veith
Fc1cc(-c2noc(-c3cc(CC4CCCCN4)on3)n2)cc(F)c1F,4.658237104992346,challenge
Fc1cc(Br)ccc1NC(=S)NCCc1ccccc1,4.192241409015731,veith
Fc1cc(F)c(F)c(O[C@H](c2ccccc2)[C@@H]2CCNC2)c1F,4.8193290285172745,pharmabench
Fc1cc(F)cc(C2(c3nc(Cc4cccnc4)no3)CCCC2)c1,3.5363795899923454,challenge
Fc1cc(OC(F)(F)C(F)F)cc([C@@](Cc2ccccc2)(Nc2nc(C(F)(F)F)cs2)c2ccc(Cl)cn2)c1,3.8172688511327317,pharmabench
Fc1cc(OC(F)(F)C(F)F)cc([C@@](Cc2ccccc2)(Nc2nc3cc(F)cc(F)c3[nH]2)c2ccc(Cl)cn2)c1,3.8172688511327317,pharmabench
Fc1cc(OC(F)(F)C(F)F)cc([C@@](Cc2ccccc2)(Nc2nc3ccccc3[nH]2)c2ccc(Cl)cn2)c1,3.8172688511327317,pharmabench
Fc1cc2nc(-c3ccncc3)[nH]c2cc1F,4.3922393223313625,veith
Fc1ccc(-c2cnc(-c3cccs3)o2)cc1,4.04224135682174,veith
Fc1ccc(-c2n[nH]cc2CN2CCC(c3c[nH]c4ncccc34)CC2)cc1,5.444403312992345,challenge
Fc1ccc(-c2nc(CCNCc3ccc4c(c3)OCCO4)co2)cc1,5.572677386992345,challenge
Fc1ccc(-c2noc(-c3cn(C[C@@H]4CCCN4)nn3)n2)c(Cl)c1,4.504367614992345,challenge
Fc1ccc(C(CNC2CCN(c3ccc4c(c3)OCO4)CC2)N2CCCC2)cc1,5.620216424992345,challenge
Fc1ccc(C(Cc2ccccc2OC(F)(F)F)N2CCNCC2)cc1,5.021388833788657,pharmabench
Fc1ccc(C(OCCCc2cnc[nH]2)c2ccc(F)cc2)cc1,5.69694058165962,ncgc;veith
Fc1ccc(C(OCCN2CCC(CCCc3ccccc3)CC2)c2ccc(F)cc2)cc1,5.336543472144244,pharmabench
Fc1ccc(C(OCCN2CCN(C/C=C\c3ccccc3)CC2)c2ccc(F)cc2)cc1,4.596954724317373,ncgc;veith
Fc1ccc(C(OCCN2CCN(CCCc3ccccc3)CC2)c2ccc(F)cc2)cc1,5.196951293391612,ncgc;veith
Fc1ccc(C(c2ccc(F)cc2)N2CCN(C/C=C/c3ccccc3)CC2)cc1,4.828337499999296,pharmabench;tox21
Fc1ccc(C(c2ccc(F)cc2)N2CCN(C/C=C\c3ccccc3)CC2)cc1,4.89695369244143,ncgc;veith
Fc1ccc(C(c2ccc(F)cc2)N2CCNCC2)cc1,5.234419181965621,tox21
Fc1ccc(C2(Cn3cncn3)OC2c2ccccc2Cl)cc1,4.023251954306619,tox21
Fc1ccc(C2CC(c3ccco3)=NN2c2ccccc2)cc1,4.542240874986129,veith
Fc1ccc(C2CC=CCNC2)cc1Cl,4.613148868476807,pharmabench
Fc1ccc(C2CCC2c2nc(-c3cnc(OCC(F)F)cn3)no2)cc1,4.888629917992346,challenge
Fc1ccc(CC2(CNCc3c[nH]nc3-c3cccnc3)CC2)cc1,5.210917769992346,challenge
Fc1ccc(CC2CCN(c3nccn4cnnc34)CC2)cc1F,4.141625581992345,challenge
Fc1ccc(CN(C2=NCCN2)c2c(Cl)cccc2Cl)cc1,5.396958734553992,ncgc;veith
Fc1ccc(CNC2(c3nccc(C(F)(F)F)n3)CC2)cc1,5.005770847992346,challenge
Fc1ccc(Cn2c(C3CCCN(Cc4ncco4)C3)nc3ccccc32)cc1,4.0093957191294,pharmabench
Fc1ccc(Cn2c(C3CNCCS3)nc3ccccc32)cc1,4.313568343840579,pharmabench
Fc1ccc(Cn2c(N3CCC(NCC4CCOCC4)CC3)nc3ccccc32)cc1,4.335324851852665,pharmabench
Fc1ccc(Cn2c(N3CCC(n4cccc4)CC3)nc3ccccc32)cc1,5.233503482847732,pharmabench
Fc1ccc(Cn2c(N3CCC(n4cccn4)CC3)nc3ccccc32)cc1,5.249067127065737,pharmabench
Fc1ccc(Cn2c(SCc3ccc(F)c(C(F)(F)F)c3)nnc2C(F)(F)F)cc1,4.292241779935917,veith
Fc1ccc(Nc2ccnc(-c3ccc4c(c3)OCO4)n2)cc1,4.4969551427270105,ncgc;veith
Fc1ccc(Nc2ccnc(-c3ccccc3C(F)(F)F)n2)cc1,3.9016695663778864,ncgc
Fc1ccc(Nc2ccnc(-c3ccoc3)n2)cc1,4.201669884204322,ncgc
Fc1ccc(Nc2ncnc3ccc(-c4ccoc4)cc23)cc1,4.2969560175302135,ncgc;veith
Fc1ccc(Nc2ncncc2-c2ccccc2C(F)(F)F)cc1,3.9016695663778864,ncgc
Fc1ccc(OC2CCN(c3nnc(C(F)F)o3)CC2)c(F)c1,5.258979827992346,challenge
Fc1ccc(O[C@@H](c2ccccc2)[C@H]2CCNC2)c(Cl)c1,5.7193264453184405,pharmabench
Fc1ccc(SCCc2cc[nH+]cc2)cc1.[Cl-],4.792241107578132,veith
Fc1ccc([C@@H]2CCNC[C@H]2COc2ccc3c(c2)OCO3)cc1,5.652265377801117,challenge;pharmabench;tox21
Fc1ccc([C@H]2C[C@@H]2c2nc(Cn3cncn3)no2)c(F)c1,4.826443864992346,challenge
Fc1ccc2c(C3CCN(c4cnc5c(n4)CCCC5)CC3)noc2c1,4.367943324992345,challenge
Fc1ccc2c(c1)C(c1ccncc1)=NNC(c1ccc(Cl)cc1)=N2,5.892241091189295,veith
Fc1ccc2c(c1)[nH]c1ncnc(N[C@H]3CCC[C@H]3n3cccn3)c12,4.481437737992346,challenge
Fc1ccc2ncnc(NC3CCN(c4cccnn4)CC3)c2c1,2.719989759992345,challenge
Fc1cccc(/C=N\N=C/c2cccc(F)c2)c1,4.096954525750631,ncgc;veith
Fc1cccc(C2NC(=S)NC3=C2N2CCC3CC2)c1,4.992240583789779,veith
Fc1cccc(CN(C2CCOCC2)[C@H]2CCNC2)c1C(F)(F)F,3.9422075877410316,pharmabench
Fc1cccc(Cl)c1CCl,4.297847172471782,tox21
Fc1cccc(NC(=S)NCCCN2CCOCC2)c1,4.592241033466911,veith
Fc1cccc(OC2CCN(c3ccn4nccc4n3)CC2)c1,5.031414102992346,challenge
Fc1cccc2c1CCC1(CCN(c3ccc(-c4nnc(Cc5cccnc5)o4)nn3)CC1)O2,3.9879650783017064,pharmabench
Fc1ccccc1C(Cc1ccccc1OC(F)(F)F)N1CCNCC1,4.875260798110419,pharmabench
Fc1ccccc1NC(=S)NCCc1ccccc1,4.292241779935917,veith
Fc1ccccc1OCCCCCCN1CCCC1,4.342240150210577,veith
Fc1ccccc1OCCCCSc1ncccn1,4.242240761051421,veith
Fc1ccccc1[C@@H](F)COC1CCC(Nc2ncnc3[nH]ncc23)CC1,3.7475325606879375,tox21
Fc1cccnc1N1CCCN(c2ncnc3[nH]ccc23)CC1,2.7233575479923453,challenge
I.I.NCCN,4.073252490208837,tox21
ICCc1ccccc1,4.8321884639449655,tox21
Ic1ccc(N2CCN(Cc3c[nH]c4ncccc34)CC2)cc1,4.396953559925658,ncgc;veith
Ic1ccc2c(c1)N(c1ccccc1)c1cc(Nc3ccc4nc5ccc(I)cc5[n+](-c5ccccc5)c4c3)ccc1N2,5.396958734553992,ncgc;veith
Ic1ccccc1CN[C@@H]1C2CCN(CC2)[C@H]1C(c1ccccc1)c1ccccc1,6.69694058165962,ncgc;veith
Ic1cncc(OC[C@@H]2CCN2)c1,3.9016695663778864,ncgc
N#C/C(=C/c1ccc(N2CCCC2)c([N+](=O)[O-])c1)c1nc2ccccc2[nH]1,6.192241409015731,veith
N#C/C(=C1/SC[C@@H](c2ccc(Cl)cc2Cl)S1)n1ccnc1,6.234339779006829,tox21
N#C/C(=C1\SCC(c2ccccc2Cl)S1)n1ccnc1,5.184424060232335,tox21
N#C/C(=C\c1c[nH]c2ccccc12)C(=O)c1ccc(O)c(O)c1,4.101668763344926,ncgc
N#C/C(=C\c1ccc(Cl)cc1)c1nc2ncccc2[nH]1,4.3922393223313625,veith
N#C/C(=C\c1ccc(N2CCCC2)c([N+](=O)[O-])c1)c1nc2ccccc2[nH]1,5.692241142242068,veith
N#C/C(=C\c1ccc(O)c(O)c1)C(=O)NCCCCc1ccccc1,3.9969548213840747,ncgc;veith
N#C/C(=C\c1ccc(O)c(O)c1)C(=O)NCCCc1ccccc1,3.971954948233954,ncgc;veith
N#C/C(=C\c1ccc(O)c(O)c1)C(=O)NCCc1ccccc1,3.9016695663778864,ncgc
N#C/C(=C\c1ccc(O)c(O)c1)C(=O)Nc1ccccc1,3.9016695663778864,ncgc
N#C/C(=C\c1ccc(O)c(O)c1)C(=O)OCCc1cccs1,4.396953559925658,ncgc;veith
N#C/C(=C\c1ccc(O)c(O)c1)C(N)=S,4.00166905897837,ncgc
N#C/C(=C\c1cn[nH]c1-c1ccccc1)C(=O)NC1CCCCCC1,4.04224135682174,veith
N#C/C=C/C#N,3.7030979461834796,tox21
N#CC(=C(/N)Sc1ccccc1N)/C(C#N)=C(/N)Sc1ccccc1N,6.39669781541679,ncgc;veith
N#CC(Br)(Br)C(N)=O,3.8232520113632606,tox21
N#CC(Br)Br,4.050018240544697,tox21
N#CC(C#N)=C(C#N)C#N,4.0541210931594955,tox21
N#CC(C#N)=C/C(N)=C(/C#N)c1cc(O)c(O)c(O)c1,3.9969548213840747,ncgc;veith
N#CC(C#N)=Cc1ccc(O)c(O)c1,4.196955646610027,ncgc;veith
N#CC(Cl)(Cl)Cl,4.033990042403503,tox21
N#CC(Cl)Cl,3.7847140362431917,tox21
N#CC(O)c1ccccc1,3.7739607906501433,tox21
N#CC(c1ccccc1)C1CCCN1C(=O)Nc1ccc2c(c1)SCC(=O)N2,4.4582628299923455,challenge
N#CC(c1ccccc1)c1ccccc1,3.773251730425014,tox21
N#CC1(N=NC2(C#N)CCCCC2)CCCCC1,3.9975328446976874,tox21
N#CC1=C(N)Oc2cc(Nc3ccccc3)ccc2C1c1ccncc1,6.792241107578132,veith
N#CC1CC2(C1)CC(C(=O)N1CCc3sccc3C1c1ccccc1)C2,4.3594443969923455,challenge
N#CCC#N,4.261839520225104,tox21
N#CCCl,3.8606366426942946,tox21
N#CCN(CC(=O)N1CCCC(c2ccccc2)C1CN1CCCC1)c1ccc(Cl)c(Cl)c1,5.057601006443101,pharmabench
N#CCN(CC(=O)N1CCCC(c2ccccc2)C1CN1CCOCC1)c1ccc(Cl)c(Cl)c1,4.851127118393699,pharmabench
N#CCO/N=C(\c1ccccc1)c1ccncc1,4.3922393223313625,veith
N#CCc1ccccc1,3.9630781056599096,tox21
N#CCc1ccccc1C(=O)N1CCN2C(=O)CCC2C1,4.640990072992346,challenge
N#CCc1ccccc1[N+](=O)[O-],3.6528743737302083,tox21
N#CN(CC(N)=O)c1nc(N2CCCCC2)nc(N2CCCCC2)n1,4.342240150210577,veith
N#CN=C1SCCN1Cc1ccc(Cl)nc1,3.9732520511108227,tox21
N#CSCc1ccccc1,3.9214835243833415,tox21
N#CSc1ccc(N)c([N+](=O)[O-])c1,4.0204252248318,tox21
N#CSc1ccc([N+](=O)[O-])cc1[N+](=O)[O-],4.123251823480467,tox21
N#CSc1ccc2oc(C3=NCCN3)cc2c1,3.9016695663778864,ncgc
N#C[C@@H]1CC(F)(F)CN1C(=O)CNC1CC2CCC(C1)N2c1ncccn1,4.373252267075299,tox21
N#C[C@@H]1C[C@@H]2C[C@@H]2N1C(=O)[C@@H](N)C12CC3CC(CC(O)(C3)C1)C2,3.9844173999188213,tox21
N#C[C@H](c1ccccc1)N1CCCN([C@@H](C#N)c2ccccc2)C1c1ccccc1O,4.796954045378592,ncgc;veith
N#Cc1c(-c2ccc(Cl)cc2)[nH]c(C(F)(F)F)c1Br,3.773251730425014,tox21
N#Cc1c(-c2ccccc2)no[n+]1[O-],3.9016695663778864,ncgc
N#Cc1c(-n2ccnc2)cccc1-n1ccnc1,4.692241142242068,veith
N#Cc1c(C2CC2)n[nH]c1NS(=O)(=O)c1ccc2c3c(cccc13)C(=O)N2,1.9630484879923453,challenge
N#Cc1c(Cl)c(Cl)c(Cl)c(C#N)c1Cl,4.031464617603892,tox21
N#Cc1c(Cl)cccc1-n1ccnc1,4.642240772861618,veith
N#Cc1c(N2CCCC(O)C2)nc(N)c2c(N)nc3c(c12)CC(=O)N3C12CC3CC(CC(C3)C1)C2,4.592241033466911,veith
N#Cc1c(NC(=O)C(F)(F)F)sc2c3c(=O)c4ccccc4c(=O)c=3oc3ccccc3c12,5.596962925619413,ncgc;veith
N#Cc1c[nH]c2ccc(C3(Cc4ccccc4)CCNC3)cc12,5.5162388554687505,pharmabench
N#Cc1cc(-c2ccccc2)cnc1Sc1ccc(Cl)cc1,4.492240905132714,veith
N#Cc1cc(C(F)(F)F)cc(N2CCCN(C3CC3)CC2)n1,4.8234586249923455,challenge
N#Cc1cc(Cl)cc(Oc2cc(OCc3n[nH]c4nc(N)ccc34)cc(F)c2Cl)c1,3.7435505007866094,pharmabench
N#Cc1cc(F)c(Cl)cc1O[C@H](CCN)c1ccccc1,5.887849925418439,pharmabench
N#Cc1cc(N)ccc1Sc1ccc(Cl)cc1,4.142241126006169,veith
N#Cc1cc(S(=O)(=O)NCC(F)(F)F)ccc1N1CCC2(CCC2)C1,4.6957945099923455,challenge
N#Cc1cc(S(=O)(=O)NCCNc2cnccn2)ccc1C(F)(F)F,5.807263129992346,challenge
N#Cc1cc2ccccc2nc1N[C@@H]1CC(Cn2ccnc2)C[C@H]1O,4.792809791992346,challenge
N#Cc1ccc(C(=O)N2CCN(c3ccc(OCCCN4CCCCC4)cc3)C(=O)C2)cc1,3.532838117288212,pharmabench
N#Cc1ccc(C(=O)NCC(=O)NC(c2ccccc2)c2ccc(Cl)cc2)cc1,4.72913276243218,pharmabench
N#Cc1ccc(C(=O)O)cc1,4.073252490208837,tox21
N#Cc1ccc(C(c2nnnn2C2CCCC2)N2CCC(Cc3ccccc3)CC2)cc1,4.492240905132714,veith
N#Cc1ccc(C/C(=N/NC(=O)Nc2ccc(OC(F)(F)F)cc2)c2cccc(C(F)(F)F)c2)cc1,4.073252490208837,tox21
N#Cc1ccc(CC(=O)c2cccc(C(F)(F)F)c2)cc1,4.023251954306619,tox21
N#Cc1ccc(CN2CC3(CCN(C(=O)c4cc(C(F)(F)F)cc(C(F)(F)F)c4)CC3)C2)cc1,4.00166905897837,ncgc
N#Cc1ccc(CN2CCC3(CC2)CCN(C(=O)c2cc(C(F)(F)F)cc(C(F)(F)F)c2)CC3)cc1,3.9016695663778864,ncgc
N#Cc1ccc(CN2CCC3(CC2)CCN(C(=O)c2cccc(F)c2)CC3)cc1,4.396953559925658,ncgc;veith
N#Cc1ccc(CN2CCC3(CC2)CCN(C(=O)c2ccncc2)CC3)cc1,4.696954347372703,ncgc;veith
N#Cc1ccc(CN2CCC3(CC2)CCN(C(=O)c2cnccn2)CC3)cc1,4.796954045378592,ncgc;veith
N#Cc1ccc(CN2CCCC3(CCN(C(=O)c4cnccn4)CC3)C2)cc1,4.4969551427270105,ncgc;veith
N#Cc1ccc(CN2CCCC3(CCN(S(=O)(=O)c4ccccc4)CC3)C2)cc1,5.69694058165962,ncgc;veith
N#Cc1ccc(CN2CCCC3(CCNCC3)C2)cc1,4.201669884204322,ncgc
N#Cc1ccc(CN2CC[C@@]3(CCCN(C(=O)Oc4ccccc4)C3)C2)cc1,4.9969534480296955,ncgc;veith
N#Cc1ccc(CN2CC[C@@]3(CCCN(C(=O)c4cccc(F)c4)C3)C2)cc1,4.596954724317373,ncgc;veith
N#Cc1ccc(CN2CC[C@@]3(CCCN(C(=O)c4ccco4)C3)C2)cc1,4.2969560175302135,ncgc;veith
N#Cc1ccc(CN2CC[C@@]3(CCCN(C(=O)c4ccncc4)C3)C2)cc1,4.201669884204322,ncgc
N#Cc1ccc(CN2CC[C@@]3(CCCN(C(=O)c4cnccn4)C3)C2)cc1,4.201669884204322,ncgc
N#Cc1ccc(CN2CC[C@@]3(CCCN(S(=O)(=O)c4ccccc4)C3)C2)cc1,5.396958734553992,ncgc;veith
N#Cc1ccc(CNC(=O)NCC(O)COc2cccc(C(F)(F)F)c2)c(F)c1,4.3813362219923455,challenge
N#Cc1ccc(CNc2cnccn2)cc1,4.592241033466911,veith
N#Cc1ccc(Cl)cc1O[C@H](CCN)c1ccccc1,5.817268851132732,pharmabench
N#Cc1ccc(Cl)cc1S[C@H](CCN)c1ccccc1,4.806544985740959,pharmabench
N#Cc1ccc(Cn2ccc(NC(=O)Cc3ccc(C4(C(F)(F)F)CC4)cc3)n2)nc1,4.243237583405013,pharmabench
N#Cc1ccc(N(CC(N)=O)CC(F)(F)F)cc1C(F)(F)F,4.073252490208837,tox21
N#Cc1ccc(N2CCC(C(=O)NC3(c4ccc(F)c(Cl)c4)CC3)CC2)nc1,4.681517072992346,challenge
N#Cc1ccc(NC[C@@H]2CCCN2C(=O)C[C@H](N)Cc2cc(F)c(F)cc2F)nc1,4.75657101077912,pharmabench
N#Cc1ccc(N[C@@H]2CCN(C(=O)O[C@H]3C4CC5CC3C[C@](C(N)=O)(C5)C4)C2)nc1,4.021388833788657,pharmabench
N#Cc1ccc(O)c(-c2ccc3c(c2)C(c2ccccc2)=NCC(=O)N3)c1,3.6610529179923454,challenge
N#Cc1ccc(OC(=O)c2ccc(N=C(N)N)cc2)cc1.c1ccncc1,4.9969534480296955,ncgc;veith
N#Cc1ccc(OC[C@@H]2CCCN2C(=O)C[C@H](N)Cc2cc(F)c(F)cc2F)nc1,5.164056337357388,pharmabench
N#Cc1ccc2c(c1)CCC2NCc1cnccc1C(F)(F)F,4.828885359992346,challenge
N#Cc1cccc(-c2cc(NCc3cccs3)ncn2)c1,4.201669884204322,ncgc
N#Cc1cccc(-c2ccc3ncnc(NCc4ccccc4)c3c2)c1,4.4969551427270105,ncgc;veith
N#Cc1cccc(-c2ccc3ncnc(NCc4cccnc4)c3c2)c1,4.696954347372703,ncgc;veith
N#Cc1cccc(-c2ccc3ncnc(NCc4cccs4)c3c2)c1,4.396953559925658,ncgc;veith
N#Cc1cccc(-c2cncnc2-n2ccnc2)c1,3.9016695663778864,ncgc
N#Cc1cccc(-c2cncnc2NCCc2cnc[nH]2)c1,4.00166905897837,ncgc
N#Cc1cccc(-c2cncnc2NCc2ccccc2)c1,4.196955646610027,ncgc;veith
N#Cc1cccc(-c2cncnc2NCc2cccs2)c1,4.00166905897837,ncgc
N#Cc1cccc(-c2nc(N3CCNCC3)c3ccccc3n2)c1,3.9016695663778864,ncgc
N#Cc1cccc(-c2nc(NCCN3CCOCC3)c3ccccc3n2)c1,4.596954724317373,ncgc;veith
N#Cc1cccc(-c2nc(NCc3ccccc3)c3ccccc3n2)c1,4.4969551427270105,ncgc;veith
N#Cc1cccc(-c2nc(NCc3cccs3)c3ccccc3n2)c1,4.796954045378592,ncgc;veith
N#Cc1cccc(-c2nc3cnc(Nc4ccccc4)nc3n(C[C@H]3CCCO3)c2=O)c1,5.4969551427270105,ncgc;veith
N#Cc1cccc(-c2nccc(-n3ccnc3)n2)c1,4.396953559925658,ncgc;veith
N#Cc1cccc(-c2nccc(NCc3ccccc3)n2)c1,4.596954724317373,ncgc;veith
N#Cc1cccc(-c2nccc(NCc3cccs3)n2)c1,4.196955646610027,ncgc;veith
N#Cc1cccc(C#N)c1,4.030027552444108,tox21
N#Cc1cccc(CC(=O)NCCNc2ccc3ccccc3n2)c1,4.964212882992346,challenge
N#Cc1cccc(CNC(=O)CSc2ncc(-c3ccccc3)o2)c1,3.4039347429923454,challenge
N#Cc1cccc(NC(=O)N2CC3(CCN(C(=O)Oc4ccccc4)CC3)C2)c1,3.9016695663778864,ncgc
N#Cc1cccc(NC(=O)N2CC3(CCN(C(=O)c4cc(C(F)(F)F)cc(C(F)(F)F)c4)CC3)C2)c1,4.201669884204322,ncgc
N#Cc1cccc(NC(=O)N2CCC3(CC2)CCN(C(=O)c2csnn2)CC3)c1,4.2969560175302135,ncgc;veith
N#Cc1cccc(NC(=O)N2CCCC3(CCN(C(=O)c4cccc(F)c4)CC3)C2)c1,3.9016695663778864,ncgc
N#Cc1cccc(NC(=O)N2CCCC3(CCN(C(=O)c4ccncc4)CC3)C2)c1,4.101668763344926,ncgc
N#Cc1cccc(NC(=O)N2CC[C@@]3(CCCN(C(=O)Oc4ccccc4)C3)C2)c1,4.301670255124509,ncgc
N#Cc1cccc(NC(=O)N2CC[C@@]3(CCCN(S(=O)(=O)c4ccccc4)C3)C2)c1,3.9016695663778864,ncgc
N#Cc1ccccc1-c1ccc(C(=O)N2CCSCC2)cc1,4.642903757992346,challenge
N#Cc1ccccc1-c1ccc(CNCc2cn[nH]c2)cc1,5.2007711749923455,challenge
N#Cc1ccccc1-c1ccc2ncnc(NC3CC3)c2c1,3.9016695663778864,ncgc
N#Cc1ccccc1-c1ccc2ncnc(NCCN3CCOCC3)c2c1,3.9016695663778864,ncgc
N#Cc1ccccc1-c1ccc2ncnc(NCc3ccccc3)c2c1,4.89695369244143,ncgc;veith
N#Cc1ccccc1-c1nc(NCCN2CCOCC2)c2ccccc2n1,4.4969551427270105,ncgc;veith
N#Cc1ccccc1/C=N/Nc1nc(-c2ccccc2)c2cc(Cl)ccc2n1,6.242240761051421,veith
N#Cc1ccccc1C(=O)N1CCC(c2ccc(C(=O)NC(=N)N)cc2C(F)(F)F)CC1,4.419328842460694,pharmabench
N#Cc1ccccc1N,4.523250016076943,tox21
N#Cc1ccccc1OCCN1CCN(CC2CCOCC2)CC1,5.876646282992346,challenge
N#Cc1cccnc1NCC1CCCCC1N1CCCC1,6.374114086992345,challenge
N#Cc1cccnc1N[C@H]1CCN(C(=O)O[C@H]2C3CC4CC2C[C@](C(N)=O)(C4)C3)C1,3.9422075877410316,pharmabench
N#Cc1ccnc(OC[C@@H]2CCCN2C(=O)C[C@H](N)Cc2cc(F)c(F)cc2F)c1,4.785860386881108,pharmabench
N#Cc1ccsc1N1CCC(N2CCCC(O)(C(F)(F)F)C2)C1=O,4.251472672992346,challenge
N#Cc1cnc2c(F)c(F)c(F)cc2c1NCc1nnc(-c2ccncc2)[nH]1,5.099409901992345,challenge
N#Cc1cnc2cnccc2c1N1C2CCC1CC(O)(c1ccc(Cl)cc1)C2,4.4318893949923455,challenge
N#Cc1csc(NC(=O)C2c3ccccc3Oc3ccccc32)n1,4.406491617755522,pharmabench
N#Cc1nc(-c2cccs2)oc1NCc1ccccc1,4.842240508595863,veith
N#Cc1nc(COc2ccccc2Cl)oc1NCc1ccco1,5.04224135682174,veith
N#Cc1nn(-c2c(Cl)cc(C(F)(F)F)cc2Cl)c(N)c1S(=O)C(F)(F)F,4.502422011971222,tox21
N#[O+].[C-]#N.[C-]#N.[C-]#N.[C-]#N.[C-]#N.[Fe+2].[Na+].[Na+],4.00166905897837,ncgc
N.N.N.N.N.N.N.N.N.N.N.N.N.N.O.O.[Ru].[Ru].[Ru],4.00166905897837,ncgc
N/C(=N\OC(=O)Cc1ccc(Cl)cc1)c1cccnc1,4.692241142242068,veith
N/C(=N\c1nc2c(c(=O)[nH]1)CCC2)Nc1ccccc1C(F)(F)F,5.142241126006169,veith
N/C(CC/C(N)=N/O)=N\O,4.801666983179052,ncgc
N/C(Cc1cccs1)=N\OC(=O)COc1ccc(Br)cc1Cl,4.442240306846953,veith
N/N=C1/c2ccccc2N[C@H]1OC(=O)Nc1cccc(Cl)c1,4.901666293693565,ncgc
N/N=C1/c2ccccc2N[C@H]1OC(=O)Nc1ccccc1,4.9969534480296955,ncgc;veith
N=C(C[C@@H](O)COc1ccccc1-c1ccccc1)N1CCCCC1,3.9969548213840747,ncgc;veith
N=C(N)NC(=O)c1ccc(C2CCN(C(=O)C3CC3)CC2)c(C(F)(F)F)c1,4.18887992108242,pharmabench
N=C(N)NC(=O)c1ccc(C2CCN(C(=O)c3ccc(C(N)=O)cc3)CC2)c(C(F)(F)F)c1,4.340147596413069,pharmabench
N=C(N)NC(=O)c1ccc(C2CCN(C(=O)c3ccccn3)CC2)c(C(F)(F)F)c1,3.9879650783017064,pharmabench
N=C(N)NC(=O)c1ccc(C2CCN(C(=O)c3ccncc3)CC2)c(C(F)(F)F)c1,4.377936157302469,pharmabench
N=C(N)NCC1COc2ccccc2O1,4.699538254992346,challenge
N=C(N)NN=Cc1c(Cl)cccc1Cl,4.590097274992345,challenge
N=C(N)SCCc1ccc(CCSC(=N)N)cc1,4.00166905897837,ncgc
N=C(N)SCCc1cccc(CCSC(=N)N)c1,4.301670255124509,ncgc
N=C(N)SCCc1cnc[nH]1,4.396954436561666,ncgc;veith
N=C(N)SCc1ccc(Cl)c2ccccc12.O=[N+]([O-])c1c(O)c(Cl)cc(Cl)c1Cl,4.9969534480296955,ncgc;veith
N=C(N)SCc1ccc(Cl)c2ccccc12.O=[N+]([O-])c1ccc(O)c([N+](=O)[O-])c1,4.89695369244143,ncgc;veith
N=C(N)SCc1ccc(Cl)cc1Cl.O=[N+]([O-])c1c(O)c(Cl)cc(Cl)c1Cl,4.9969534480296955,ncgc;veith
N=C(N)SCc1cccc2c(=O)cc(-c3ccccc3)oc12,5.096953661274842,ncgc;veith
N=C(N)SCc1nc(-c2ccc(Cl)cc2)no1,4.9969534480296955,ncgc;veith
N=C(N)S[C@H]1c2ccccc2-c2cc([N+](=O)[O-])ccc21,5.096953661274842,ncgc;veith
N=C(N)c1ccc(N=Nc2c(O)ccc3c2[nH]c2ccccc23)cc1,4.801666983179052,ncgc
N=C(N)c1ccc(OCCCCCOc2ccc(C(=N)N)cc2)cc1,4.419328842460694,pharmabench
N=C(N)c1ccc(OCCCCCOc2ccc(C(=N)N)cc2)cc1.O=S(=O)(O)CCO.O=S(=O)(O)CCO,4.092892871886598,tox21
N=C(Nc1ccc2c(c1)CCN2C1CCNCC1)c1cccs1,5.544267579068994,pharmabench
N=C(Nc1ccccc1)Nc1ccccc1,5.169517963894608,challenge;pharmabench
N=C(c1ccc2ccccc2c1)c1ccccc1Cc1ccccc1,5.001666312269612,ncgc
N=C1C=CC(=C(c2ccc(N)cc2)c2ccc(N)cc2)C=C1,5.301667514914704,ncgc
N=C1N=C(N)c2cc3ccccc3cc21,4.223252007786247,tox21
N=C1N=C(N)c2ccccc21,3.723251713511802,tox21
N=C1[C@@H](O)[C@]2(I)c3ccccc3N3C(=N)[C@H](O)[C@@H]4c5ccccc5N1[C@@H]4[C@@H]32,4.701667552503337,ncgc
N=c1c(C(=O)NC2CCCC2)cc2c(=O)n3ccccc3nc2n1C1CCCC1,4.942241381558047,veith
N=c1nc(N)nc(N)n1-c1ccc(S(N)(=O)=O)cc1,4.89695369244143,ncgc;veith
N=c1nc(N2CCCCC2)cc(N)n1O,4.534418069800762,tox21
N=c1sc2ccccc2n1CC[S-].c1ccc2c(c1)sc1[n+]2CCS1,5.996974049257448,ncgc;veith
NC(=NC1C2CC3CC(C2)CC1C3)Nc1ccc(I)cc1,6.897013699718457,ncgc;veith
NC(=NCCCCCCN=C(N)/N=C(\N)Nc1ccc(Cl)cc1)/N=C(\N)Nc1ccc(Cl)cc1,4.7403586087633025,ncgc;tox21;veith
NC(=NCc1ccc(Cl)c(Cl)c1)NC(=O)c1nc(Cl)c(N)nc1N,4.396953559925658,ncgc;veith
NC(=NCc1ccc(Cl)cc1)SCCCc1cnc[nH]1,4.396953559925658,ncgc;veith
NC(=NCc1ccccc1)NC(=O)c1nc(Cl)c(N)nc1N,4.546955031454402,ncgc;veith
NC(=Nc1ccccc1)Nc1ccccc1,6.053834869225361,tox21
NC(=O)/C(=C\c1ccncc1)c1cccc2ccccc12,5.196951293391612,ncgc;veith
NC(=O)/C(=N\OC(=O)c1ccco1)c1nc(-c2ccc(Br)cc2)cs1,4.092240288156335,veith
NC(=O)C(Cc1ccc(Cl)cc1)NC(=O)C1CCN(c2ccccc2F)C1,5.290599581992345,challenge
NC(=O)C(c1ccccc1)(c1ccccc1)[C@@H]1CCN(CCc2ccc3c(c2)CCO3)C1,6.673307632992346,challenge
NC(=O)C(c1ccccc1)N1CCN(C(=O)NCc2ccc3occc3c2)CC1,4.584444499992346,challenge
NC(=O)C1(N2CCCCC2)CCN(CCCN2c3ccccc3CCc3ccc(Cl)cc32)CC1,4.834419399908713,tox21
NC(=O)C1(NC(=O)[C@@H]2CC3(CC(c4cccc(NC(=O)c5cc([N+](=O)[O-])cc([N+](=O)[O-])c5)c4)=NO3)CN2C(=O)c2ccccc2)CC1,4.292241779935917,veith
NC(=O)C1(c2ccccc2)CCN(Cc2coc(-c3ccc(Cl)cc3)n2)C1,4.9007880149923455,challenge
NC(=O)C1CCN(c2ccc(C(F)(F)F)cc2[N+](=O)[O-])CC1,4.342240150210577,veith
NC(=O)CCCCn1ccc(NC(N)=NCC(F)(F)F)n1,4.796954045378592,ncgc;veith
NC(=O)CCOc1ccccc1NCc1c[nH]nc1-c1ccc(Br)s1,1.9467802919923451,challenge
NC(=O)CF,3.723251713511802,tox21
NC(=O)CNCCC(c1ccccc1)c1ccccc1,4.196955646610027,ncgc;veith
NC(=O)C[S+]([O-])Cc1ccccc1Oc1ccc(Cl)c(Cl)c1,3.430324226762157,pharmabench
NC(=O)N/N=C/c1ccc([N+](=O)[O-])o1,4.173252039198229,tox21
NC(=O)N/N=C\c1ccc([N+](=O)[O-])o1,4.401667797519954,ncgc
NC(=O)N1CCN(CCCN(C[C@H]2Cc3ccccc3CN2)[C@H]2CCCc3cccnc32)CC1,4.802328501339796,pharmabench
NC(=O)N1c2ccccc2C=Cc2ccccc21,5.2753812802175855,tox21
NC(=O)N1c2ccccc2CC(=O)c2ccccc21,4.084417373518855,tox21
NC(=O)NC1NC(=O)NC1=O,4.027521300152932,tox21
NC(=O)NNc1ccccc1,3.7246710879417098,tox21
NC(=O)Nc1ccc(Cl)c(Cl)c1,4.124315130376442,tox21
NC(=O)Nc1cccc(O[C@H]2c3ccccc3C[C@@H]2N2CCC[C@@H](N)C2)c1,4.484830391217127,pharmabench
NC(=O)Nc1nc2ccccc2[nH]1,4.076450334817253,tox21
NC(=O)OCC(COC(N)=O)c1ccccc1,5.596962925619413,ncgc;veith
NC(=O)[C@@H]1CCCN1Cc1ccc2c(c1)OCO2,4.901666293693565,ncgc
NC(=O)[C@@H]1CCCNC1,4.601668415167836,ncgc
NC(=O)[C@]12CC3CC(C1)[C@@H](OC(=O)N1CC[C@@H](Nc4ccc(C(F)(F)F)cn4)C1)C(C3)C2,4.354870853233776,pharmabench
NC(=O)[C@]12CC3CC(C1)[C@@H](OC(=O)N1CC[C@@H](Nc4cccc(C(F)(F)F)n4)C1)C(C3)C2,4.64847683081855,pharmabench
NC(=O)c1c(Cl)cccc1Cl,4.023251954306619,tox21
NC(=O)c1cc([N+](=O)[O-])cc([N+](=O)[O-])c1,4.618383021992345,challenge
NC(=O)c1cc2cc(C3(Cc4ccccc4)CCNC3)ccc2[nH]1,4.806544985740959,pharmabench
NC(=O)c1ccc(-c2nc(-c3ccc4c(c3)OCO4)c(-c3ccccn3)[nH]2)cc1,4.396953559925658,ncgc;veith
NC(=O)c1ccc(-c2nc(CN3CCN(c4ccc(F)cn4)CC3)cs2)cc1,4.572781034992346,challenge
NC(=O)c1ccc(C(=O)N2CC3(CCCC3)c3cccc(Cl)c32)s1,3.8264842779923454,challenge
NC(=O)c1ccc(C2=CC3(CCNCC3)Oc3ccccc32)cc1,5.775876165974506,pharmabench
NC(=O)c1ccc(NC(=O)NCCN2CCc3sccc3C2)cc1,4.186298221992345,challenge
NC(=O)c1ccc(OC[C@H](O)CN2CC=C(c3ccc(F)cc3)CC2)cc1,3.9016695663778864,ncgc
NC(=O)c1cccc(N)c1,4.196955646610027,ncgc;veith
NC(=O)c1cccc(NC(=O)NCC2C3CC4CC(C3)CC2C4)c1,4.323496841992346,challenge
NC(=O)c1ccccc1-c1nc(-n2ccnc2)c2ccccc2n1,3.9016695663778864,ncgc
NC(=O)c1ccccc1C(N)=O,3.9714832229827737,tox21
NC(=O)c1cnc(N2CC(Cc3ccc(F)c(F)c3)C2)c(Cl)c1,4.646209329992345,challenge
NC(=O)c1cnccn1,4.078950999349035,tox21
NC(=O)c1nc(-c2cccc(-c3cc(F)ccc3OCC(F)(F)C(F)(F)F)c2)n[n-]1.O.[K+],3.6732520280752654,tox21
NC(=O)c1nc(-c2cccc(-c3ccccc3OC(F)(F)F)c2)cs1,3.7380876050851066,pharmabench
NC(=S)C(N)=S,3.723251713511802,tox21
NC(=S)NC(N)=S,3.8305059103332066,tox21
NC(=S)Nc1cc2ccccc2c2ccccc12,4.04224135682174,veith
NC(=S)Nc1cccc2ccccc12,5.170511936758823,tox21
NC(=S)Nc1ccccc1,4.119558009573017,tox21
NC(CCC(=O)O)C(=O)O.O,4.083263629650253,tox21
NC(CSS(=O)(=O)O)=N[C@@H]1C[C@H]2CC[C@@H]1C2,4.601668415167836,ncgc
NC(Cc1c[nH]c2ccccc12)C(=O)O,4.2321539675251305,tox21
NC(N)=N/N=C(/c1ccccc1)c1ccc(O)cc1O,5.396958734553992,ncgc;veith
NC(N)=N/N=C/c1c(Cl)cccc1Cl,4.43441675507263,tox21
NC(N)=N/N=C\c1c(Cl)cccc1Cl,4.4969551427270105,ncgc;veith
NC(N)=NC(=O)Cc1c(Cl)cccc1Cl,6.396941486272403,ncgc;veith
NC(N)=NC(=O)c1nc(Cl)c(N)nc1N,4.196955646610027,ncgc;veith
NC(N)=NC(=O)c1nc(Cl)c(N2CCCCCC2)nc1N,3.9016695663778864,ncgc
NC(N)=NC(N)=NCCc1ccccc1,4.4969551427270105,ncgc;veith
NC(N)=NC(N)=Nc1cccc(Cl)c1,4.04695472650887,ncgc;veith
NC(N)=NCCNOS(=O)c1cccc2cnccc12,4.096954525750631,ncgc;veith
NC(N)=NCc1cccc(I)c1,4.2969560175302135,ncgc;veith
NC(N)=Nc1ccc(Cl)cc1,3.9969548213840747,ncgc;veith
NC(N)=Nc1nc(CCN2C(=O)c3ccccc3C2=O)cs1,4.292241779935917,veith
NC(N)=Nc1nc(CSCC/C(N)=N/S(N)(=O)=O)cs1,3.773251730425014,tox21
NC/C=C/CN(C[C@H]1Cc2ccccc2CN1)[C@H]1CCCc2cccnc21,5.806286784472782,pharmabench
NC1(C(=O)O)CCCCC1,4.101668763344926,ncgc
NC1(C(=O)O)C[C@H](C(=O)O)[C@H](C(=O)O)C1,4.101668763344926,ncgc
NC1(Cc2ccc(Cl)cc2)CCN(c2ncnc3[nH]ccc23)CC1,5.419328842460694,pharmabench
NC1=NC2(CCCCC2)N=C(Nc2ccc(F)cc2F)N1,4.3922393223313625,veith
NC1=NC2(CCCCCC2)n2c(nc3ccccc32)N1,4.3922393223313625,veith
NC1=NCC2c3ccccc3Cc3ccccc3N12,5.790099297992346,challenge
NC1=N[C@@]2(c3ccc(F)cc3F)CO[C@@H](C3CC3)C[C@H]2CS1,5.273200806782456,pharmabench
NC1=N[C@@]2(c3ccc(F)cc3F)CO[C@@H](c3ncco3)C[C@H]2CS1,5.900814902582806,pharmabench
NC1=N[C@H](c2ccc(Cl)cc2)N(c2ccc(S(N)(=O)=O)cc2)C(N)=N1,4.9969534480296955,ncgc;veith
NC1=Nc2nc3cc4c(cc3n2C(c2cccc(OCc3ccc(F)cc3F)c2)N1)OCCCO4,5.179052309992346,challenge
NC1CCC(CC2CCC(N)CC2)CC1,4.030746111655144,tox21
NC1CCCCC1N,4.170608351997887,tox21
NC1CCN(c2cccc(Cl)n2)CC1,4.346955394668518,ncgc;veith
NC1CN(c2cc(-c3ccsc3)ncn2)CC1c1cc(F)c(F)cc1F,6.428102766768199,pharmabench
NCC#Cc1cnccc1-c1ccoc1,4.75657101077912,pharmabench
NCC1=C(CN(C[C@H]2Cc3ccccc3CN2)[C@H]2CCCc3cccnc32)CCCC1,6.164056337357388,pharmabench
NCC1CCCC(CN)C1,4.4232533068601185,tox21
NCC1CCCCC1.O=C(O)NCC1CCCCC1,4.89695369244143,ncgc;veith
NCCC(=O)NCCc1cnc[nH]1,4.371955062391276,ncgc;veith
NCCC(=O)N[C@@H](Cc1cnc[nH]1)C(=O)O,4.00166905897837,ncgc
NCCCCC(=O)O,4.901666293693565,ncgc
NCCCCCCCCCCNS(=O)(=O)c1cccc2c(Cl)cccc12,5.396958734553992,ncgc;veith
NCCCCCCN,4.04631036906316,tox21
NCCCCCCNCCCCCCN,4.880387700245703,tox21
NCCCCCCNS(=O)(=O)c1ccc2c(Cl)cccc2c1,4.596954724317373,ncgc;veith
NCCCCCCNS(=O)(=O)c1cccc2c(Cl)cccc12,4.246954042838144,ncgc;veith
NCCCCNS(=O)(=O)c1ccc2c(Cl)cccc2c1,3.9969548213840747,ncgc;veith
NCCCCNS(=O)(=O)c1cccc2c(Cl)cccc12,3.9016695663778864,ncgc
NCCCN(CCO)CCO,3.9732520511108227,tox21
NCCCN1CCN(CCCN)CC1,3.966448720773241,tox21
NCCCN1CCN(c2ccccc2)CC1,5.001666312269612,ncgc
NCCCN1CCOCC1,4.023606134478928,tox21
NCCCNCCCN,3.7665633114327814,tox21
NCCCOCCOCCOCCCN,4.273252882834265,tox21
NCCC[C@@H](CC(=O)N[C@@H]1CCCC[C@H]1C(=O)N[C@H](CC(=O)N[C@@H](CCC(=O)O)CC(=O)O)Cc1c[nH]c2ccccc12)NC(=O)C[C@H](CO)NC(=O)[C@@H]1CNCC[C@H]1N,3.9016695663778864,ncgc
NCCC[C@@H](CC(=O)N[C@@H]1CCNC[C@H]1C(=O)N[C@H](CC(=O)N[C@@H](CCC(=O)O)CC(=O)O)Cc1c[nH]c2ccccc12)NC(=O)C[C@H](Cc1c[nH]c2ccccc12)NC(=O)[C@@H]1CNCC[C@H]1N,3.9016695663778864,ncgc
NCCC[C@@H](CC(=O)N[C@@H]1CCNC[C@H]1C(=O)N[C@H](CC(=O)N[C@@H](CCC(=O)O)CC(=O)O)Cc1ccccc1)NC(=O)C[C@H](CO)NC(=O)[C@@H]1CCCC[C@H]1N,4.601668415167836,ncgc
NCCCc1ccc2oc3ccccc3c2c1,5.096953661274842,ncgc;veith
NCCN.[Cl-].[Cl-].[Pt+2],3.9844173999188213,tox21
NCCN1C(=O)c2ccccc2[C@@]1(O)c1ccc(Cl)cc1,4.89695369244143,ncgc;veith
NCCN1CCNCC1,3.723251713511802,tox21
NCCN1CCOCC1,4.023251954306619,tox21
NCCNCCN,3.7725440598424624,tox21
NCCNCCNCCN,4.0785930768933545,tox21
NCCNCCNCCNCCN,3.775381703677658,tox21
NCCNCCO,4.068315221742872,tox21
NCCNS(=O)(=O)c1cccc2c(Cl)cccc12,4.096954525750631,ncgc;veith
NCCNS(=O)(=O)c1cccc2cnccc12,4.346954625034002,ncgc;veith
NCCNc1ncnc2ccc(Cl)cc12,5.001666312269612,ncgc
NCCO,3.9732520511108227,tox21
NCCOCCOCCN,4.173252039198229,tox21
NCCSC(c1ccccc1)c1ccccc1,5.596962925619413,ncgc;veith
NCCSCCc1ccccc1,4.9969534480296955,ncgc;veith
NCCSCc1ccccc1Cl,4.9969534480296955,ncgc;veith
NCCSc1nc2ccccc2s1,4.89695369244143,ncgc;veith
NCC[C@H]1Cc2ccccc2[C@@H](c2ccc(Cl)c(Cl)c2)C1,4.279449756059457,pharmabench
NCCc1c[nH]c2c(OCc3ccccc3)cccc12,4.478287434992346,challenge
NCCc1c[nH]c2ccc(O)cc12,4.4969551427270105,ncgc;veith
NCCc1c[nH]c2ccccc12,4.00166905897837,ncgc
NCCc1ccc(O)c(O)c1,4.00166905897837,ncgc
NCCc1ccc(O)cc1,4.43441675507263,tox21
NCCc1ccc(S(=O)(=O)F)cc1,3.8969553287835907,ncgc;veith
NCCn1c(=O)c(CCc2ccccc2)nc2cncnc21,4.396953559925658,ncgc;veith
NC[C@@H](O)CSCc1ccc(Cl)cc1,4.9969534480296955,ncgc;veith
NC[C@@H]1O[C@H](C23CC4CC(CC(C4)C2)C3)Cc2c1ccc(O)c2O,4.00166905897837,ncgc
NC[C@@H]1O[C@H](c2ccccc2)Cc2c1ccc(O)c2O,3.9969548213840747,ncgc;veith
NC[C@H](CC(=O)O)c1ccc(Cl)cc1,5.596962925619413,ncgc;veith
NC[C@H]1CC[C@H](CN(C[C@H]2Cc3ccccc3CN2)[C@H]2CCCc3cccnc32)CC1,4.340147596413069,pharmabench
NC[C@]1(c2cccc(Cl)c2)CC[C@H](N2CCc3c(nc(C(F)(F)F)nc3C3CC3)C2=O)CC1,4.419328842460694,pharmabench
NC[C@]1(c2cccc(Cl)c2)CC[C@H](N2CCn3c(nnc3C(F)(F)F)C2=O)CC1,4.76611632868535,pharmabench
NCc1cccc(C2CCN(C(=O)c3ccc(C#Cc4ccccc4F)o3)CC2)c1,4.073252490208837,tox21
NCc1cccc(CN)c1,4.542297335181458,tox21
NCc1ccccc1,4.123251823480467,tox21
NCc1ccccc1.O=C(O)NCc1ccccc1,4.89695369244143,ncgc;veith
NCc1ccccc1Sc1ccccc1CO,4.834419399908713,tox21
NCc1noc(-c2n[nH]c3ccccc23)n1,5.419328842460694,pharmabench
NCc1noc(-c2nn(CCc3ccccc3)c3ccccc23)n1,5.298754911254845,pharmabench
NCc1noc(-c2nn(Cc3ccc(C(N)=O)cc3)c3ccccc23)n1,5.305385490153857,pharmabench
NCc1noc(-c2nn(Cc3ccccc3)c3ccccc23)n1,6.465086333021369,pharmabench
NN.O=S(=O)(O)O,3.8203799078315726,tox21
NNC(=O)CCCCC(=O)NN,3.773251730425014,tox21
NNC(=O)CCSc1ccccc1,4.89695369244143,ncgc;veith
NNC(=O)CCc1ccc2ccc3ccccc3c2c1,5.296954647425311,ncgc;veith
NNC(=O)CNC(c1ccccc1)c1cc(Br)ccc1NC(=O)c1ccccc1Br,4.592241033466911,veith
NNC(=O)c1ccc(OCc2nc3ccccc3[nH]2)cc1,4.9969534480296955,ncgc;veith
NNC(=O)c1ccc[n+](CCc2ccccc2)c1,5.196951293391612,ncgc;veith
NNC(=O)c1cccc(C(=O)NN)c1,4.023251954306619,tox21
NNC(=O)c1ccccc1,3.8113433990633316,tox21
NNC(=O)c1cccnc1,3.9214835243833415,tox21
NNC(=O)c1ccncc1,4.188581169703743,ncgc;tox21;veith
NNC(=S)NN,3.8113433990633316,tox21
NNC(N)=S,3.7065179101951315,tox21
NNCCc1ccccc1,4.988343588879964,challenge;ncgc;veith
NNc1ccccc1,3.8278782230008153,tox21
NNc1nncc2ccccc12,4.401667797519954,ncgc
NS(=O)(=O)CC1CCN(Cc2ccn(-c3cccc(F)c3)n2)C1,4.677536994992345,challenge
NS(=O)(=O)N1CCC(C(=O)NCc2ccc(-n3ccnc3)c(F)c2)CC1,5.124925991992345,challenge
NS(=O)(=O)N1CCCN(c2nc(-c3ccncc3)nc3ccccc23)CC1,5.552233994992346,challenge
NS(=O)(=O)c1cc(C(=O)O)c(Cl)c([N+](=O)[O-])c1Cl,4.801666983179052,ncgc
NS(=O)(=O)c1cc(C(=O)O)c(NCc2ccco2)cc1Cl,3.8287374018046956,tox21
NS(=O)(=O)c1cc2c(cc1C(F)(F)F)NC(Cc1ccccc1)NS2(=O)=O,4.134416852957513,tox21
NS(=O)(=O)c1cc2c(cc1C(F)(F)F)NCNS2(=O)=O,5.001328996992346,challenge
NS(=O)(=O)c1cc2c(cc1Cl)N=C(CCC(=O)O)N=S2(=O)O,5.201661177767493,ncgc
NS(=O)(=O)c1cc2c(cc1Cl)NC(C1CC3C=CC1C3)NS2(=O)=O,4.0344169708398665,tox21
NS(=O)(=O)c1cc2c(cc1Cl)NC(CSCc1ccccc1)=NS2(=O)=O,4.292774831123391,ncgc;tox21;veith
NS(=O)(=O)c1ccc(Cl)c(S(N)(=O)=O)c1,4.084417373518855,tox21
NS(=O)(=O)c1ccc(N=Nc2c[nH]c(=O)c(O)c2)cc1,4.801666983179052,ncgc
NS(=O)(=O)c1ccc(NCc2ccccc2OCc2ccccc2F)cc1,4.292241779935917,veith
NS(=O)(=O)c1cccc(Cc2noc(-c3cc(C4CC4)on3)n2)c1,4.223853326992345,challenge
NS(=O)(=O)c1sccc1CNC1Cc2ccc(Cl)cc2C1,7.074411177992346,challenge
N[C@@H](C(=O)O)[C@H](CC(=O)O)c1ccc(Cl)cc1,5.096953661274842,ncgc;veith
N[C@@H](C(=O)O)c1ccc(C(=O)O)c(C(=O)O)c1,4.596954724317373,ncgc;veith
N[C@@H](C(=O)O)c1ccc(P(=O)(O)O)cc1,4.096954525750631,ncgc;veith
N[C@@H](CC(=O)N1CCC[C@H]1CN(C1CC1)S(=O)(=O)C(F)(F)F)Cc1cc(F)c(F)cc1F,6.419328842460694,pharmabench
N[C@@H](CC(=O)N1CCC[C@H]1CNC(=O)C1(C(F)(F)F)CC1)Cc1cc(F)c(F)cc1F,4.8630263416934065,pharmabench
N[C@@H](CC(=O)N1CCC[C@H]1CNS(=O)(=O)C(F)(F)F)Cc1cc(F)c(F)cc1F,4.325907157298459,pharmabench
N[C@@H](CC(=O)N1CCC[C@H]1CNc1ccc(C(F)(F)F)nc1)Cc1cc(F)c(F)cc1F,4.7203588381246755,pharmabench
N[C@@H](CC(=O)N1CCC[C@H]1CNc1ccc(F)cn1)Cc1cc(F)c(F)cc1F,5.5162388554687505,pharmabench
N[C@@H](CC(=O)N1CCC[C@H]1CNc1ncc(F)cn1)Cc1cc(F)c(F)cc1F,6.419328842460694,pharmabench
N[C@@H](CC(=O)N1CCC[C@H]1CNc1nccc(C(F)(F)F)n1)Cc1cc(F)c(F)cc1F,5.817268851132732,pharmabench
N[C@@H](CC(=O)N1CCC[C@H]1CNc1ncccn1)Cc1cc(F)c(F)cc1F,5.076906161638488,pharmabench
N[C@@H](CC(=O)N1CCC[C@H]1COCC1CC1)Cc1cc(F)c(F)cc1F,5.18887992108242,pharmabench
N[C@@H](CC(=O)N1CCC[C@H]1COc1ccnc(C(F)(F)F)n1)Cc1cc(F)c(F)cc1F,5.18887992108242,pharmabench
N[C@@H](Cc1c[nH]c2ccccc12)C(=O)O,4.022543240495432,tox21
N[C@@H](Cc1ccc(N(CCCl)CCCl)cc1)C(=O)O,4.037912160709359,tox21
N[C@@H](Cn1cc(I)c(=O)n(Cc2ccc(C(=O)O)cc2)c1=O)C(=O)O,5.096953661274842,ncgc;veith
N[C@@H](Cn1ccc(=O)n(Cc2ccccc2C(=O)O)c1=O)C(=O)O,4.196955646610027,ncgc;veith
N[C@@H]1CCN(c2ccc(Cl)c(Cl)c2)c2ccccc21,4.73179988124606,pharmabench
N[C@@H]1C[C@H]1c1ccccc1,4.00166905897837,ncgc
N[C@H](C(=O)O)C1[C@H](C(=O)O)[C@H]1C(=O)O,4.596954724317373,ncgc;veith
N[C@H](C(=O)O)[C@@H]1[C@@H](C(=O)O)C1(F)F,6.4969551427270105,ncgc;veith
N[C@H](C(=O)O)[C@H](OCc1ccccc1)C(=O)O,4.596954724317373,ncgc;veith
N[C@H](CCC(=O)O)C(=O)O,4.501669380321306,ncgc
N[C@H](Cc1c[nH]c2ccccc12)C(=O)O,3.9844173999188213,tox21
N[C@H](Cc1cc(I)c(Oc2ccc(O)c(I)c2)c(I)c1)C(=O)O,4.401667797519954,ncgc
N[C@H](Cc1ccc(F)cc1)C(=O)O,4.401667797519954,ncgc
N[C@H](Cc1o[nH]c(=O)c1Cl)C(=O)O,6.296940946851727,ncgc;veith
N[C@H](Cn1ccc(=O)[nH]c1=O)C(=O)O,4.89695369244143,ncgc;veith
N[C@H]1C[C@@H](N2Cc3cnc4nnc(C5CC5)n4c3C2)CC[C@@H]1c1cc(F)c(F)cc1F,4.140575241507865,pharmabench
N[C@H]1C[C@@H](N2Cc3nn4nccnc4c3C2)CO[C@@H]1c1cc(F)ccc1F,3.7758761659745064,pharmabench
N[C@H]1C[C@H]1c1ccccc1,4.396953559925658,ncgc;veith
N[C@H]1Cn2c(nc3cnc(C(F)(F)F)cc32)C[C@@H]1c1cc(F)c(F)cc1F,4.377936157302469,pharmabench
N[C@H]1Cn2c(nc3cnc(F)cc32)C[C@@H]1c1cc(F)c(F)cc1F,4.340147596413069,pharmabench
N[C@H]1Cn2c(nc3cnccc32)C[C@@H]1c1cc(F)c(F)cc1F,4.305385490153857,pharmabench
N[C@H]1Cn2c(nc3ncccc32)C[C@@H]1c1cc(F)c(F)cc1F,4.703325498825895,pharmabench
Nc1c(Br)cc(Br)cc1CNC1CCC(O)CC1,4.9969534480296955,ncgc;veith
Nc1c(Br)cc(Br)cc1CN[C@H]1CC[C@H](O)CC1,5.673161878083409,pharmabench
Nc1c(C(=O)NCC(O)(CN(CCF)C(=O)c2c(F)cccc2F)C(F)(F)F)cnn1-c1ccc(F)cc1,4.118298846796713,pharmabench
Nc1c(C(=O)NCC(O)(CN(CCO)C(=O)c2c(Cl)cccc2Cl)C(F)(F)F)cnn1-c1ccc(F)cc1,3.686935082637725,pharmabench
Nc1c(C(=O)Nc2ccc([As](=O)(O)O)cc2)cnc2nnnn12,4.701667552503337,ncgc
Nc1c(Cl)cc([N+](=O)[O-])cc1Cl,4.04470591471502,tox21
Nc1c(NC/C=C\COc2cc(CN3CCCCC3)ccn2)c(=O)c1=O,4.595654358595038,tox21
Nc1c(S(=O)(=O)[O-])cc(Nc2ccc(Nc3nc(Cl)nc(Nc4ccc(S(=O)(=O)[O-])cc4)n3)c(S(=O)(=O)[O-])c2)c2c1C(=O)c1ccccc1C2=O.[Na+].[Na+].[Na+],3.9016695663778864,ncgc
Nc1c(S(=O)(=O)c2ccccc2)c2nc3ccccc3nc2n1Cc1ccco1,4.092240288156335,veith
Nc1c2c(=O)oc(-c3ccccc3)cc2nn1-c1ccccc1,4.792241107578132,veith
Nc1c2c(nc3ccccc13)CCCC2,4.643692473688076,challenge;ncgc;pharmabench;tox21;veith
Nc1c2c(nc3ccccc13)CCCC2O.O=C(O)/C=C\C(=O)O,4.084417373518855,tox21
Nc1c2ccccc2nc2ccccc12,4.708154171992346,challenge
Nc1c[n+](N2CCOCC2)no1,4.4969551427270105,ncgc;veith
Nc1cc(-c2ccncc2)c[nH]c1=O,4.332580670664888,ncgc;tox21;veith
Nc1cc(C(=O)O)c(O)c(S(=O)(=O)O)c1,4.029310180157159,tox21
Nc1cc(CN2CCC(F)(C(=O)N3CCC(N4Cc5ccccc5-c5ccccc5C4)CC3)CC2)ccn1,5.942207587741032,pharmabench
Nc1cc(Cl)c(N)c(Cl)c1,3.7750291595716536,tox21
Nc1cc(Cl)c(O)c(Cl)c1,4.373252267075299,tox21
Nc1cc(Cl)cc(C(=O)O)c1Cl,4.023934925549482,tox21
Nc1cc(Cl)ccc1O,4.037619132308652,tox21
Nc1cc(N)cc(C(=O)O)c1,4.023251954306619,tox21
Nc1cc(S(=O)(=O)O)ccc1O,4.050731008920351,tox21
Nc1cc(S(=O)(=O)[O-])cc2cc(S(=O)(=O)O)cc(O)c12.[Na+],4.025025750699936,tox21
Nc1cc2c(nc3c4ccccc4c(N)cc3[n+]2-c2cccc3ccccc23)c2ccccc12.Nc1cc2c(nc3c4ccccc4ccc3[n+]2-c2cccc3ccccc23)c2ccccc12,5.296954647425311,ncgc;veith
Nc1ccc(-c2cnc(NC(=O)CN(Cc3ccccc3)C(=O)c3ccncc3)s2)cn1,5.004355494489876,pharmabench
Nc1ccc(Br)cc1,3.8232520113632606,tox21
Nc1ccc(C(=O)N2CC3CC(CN(Cc4ccccc4)C3)C2)cc1,4.384416994074168,tox21
Nc1ccc(C(=O)OCCCOC(=O)c2ccc(N)cc2)cc1,4.023251954306619,tox21
Nc1ccc(CC2CCN(C(=O)CCc3ccccc3F)CC2)cn1,4.150241029992346,challenge
Nc1ccc(CCN2CCN(c3cccc(C(F)(F)F)c3)CC2)cc1,4.396953559925658,ncgc;veith
Nc1ccc(Cc2ccc(N)cc2)cc1,3.9732520511108227,tox21
Nc1ccc(Cl)c(N)c1,4.021836898171879,tox21
Nc1ccc(Cl)cc1,3.9655156903143185,tox21
Nc1ccc(Cl)cc1C(=O)c1ccccc1,3.9732520511108227,tox21
Nc1ccc(Cl)cc1[N+](=O)[O-],4.027521300152932,tox21
Nc1ccc(N(c2ccccc2)c2ccc(N)cc2)cc1,4.342240150210577,veith
Nc1ccc(N)c(Cl)c1.O=S(=O)(O)O,4.223606375896051,tox21
Nc1ccc(N)c2ccccc12,4.823608798015112,tox21
Nc1ccc(O)c(C(=O)O)c1,4.023251954306619,tox21
Nc1ccc(Oc2ccc(Cl)cc2)cc1,3.7825456284211567,tox21
Nc1ccc(S(=O)(=O)N2CCN(c3ncc(C(O)(C(F)(F)F)C(F)(F)F)cc3-c3cccnc3)CC2)cn1,3.9879650783017064,pharmabench
Nc1ccc(S(=O)(=O)NCCS(=O)(=O)O)cc1,5.1016670343933495,ncgc
Nc1ccc(S(=O)(=O)Nc2nccs2)cc1,3.8204250572030194,tox21
Nc1ccc(S(=O)(=O)O)c(N)c1,3.870379937831447,tox21
Nc1ccc(S(N)(=O)=O)cc1,3.770777731499943,tox21
Nc1ccc(Sc2ccc(N)cc2)cc1,4.373252267075299,tox21
Nc1ccc([N+](=O)[O-])c(N)c1,4.33435231771939,tox21
Nc1ccc([N+](=O)[O-])cc1,4.023251954306619,tox21
Nc1ccc([N+](=O)[O-])cc1O,4.023251954306619,tox21
Nc1ccc2[nH]c(SCc3ccccn3)nc2c1,5.082869108612165,pharmabench
Nc1ccc2cc(S(=O)(=O)O)cc(O)c2c1,3.925737327402336,tox21
Nc1ccc2cc(S(=O)(=O)O)ccc2c1,3.9732520511108227,tox21
Nc1ccc2cc3ccc(N)cc3nc2c1.Nc1ccc2cc3ccc(N)cc3nc2c1.O=S(=O)(O)O,4.209012380064693,tox21
Nc1ccc2ccccc2c1,4.2806183602931975,tox21
Nc1ccc2oc(CCc3ccccc3)nc2c1,4.492240905132714,veith
Nc1cccc(-c2c(O)ccc3cc(-c4cccc(O)c4)ccc23)c1,3.8172688511327317,pharmabench
Nc1cccc(Cl)c1,3.718315279040448,tox21
Nc1cccc(N)c1,3.7285935019301766,tox21
Nc1cccc(N)n1,3.9056177437715798,tox21
Nc1cccc(O)c1,3.7603053904770336,tox21
Nc1cccc(S(=O)(=O)O)c1,3.7461175317343667,tox21
Nc1cccc2c(=O)[nH][nH]c(=O)c12,4.870777639102453,tox21
Nc1cccc2ccccc12,4.346838383675437,tox21
Nc1ccccc1-c1ccccc1,3.9757377311954647,tox21
Nc1ccccc1C(=O)/C=C\c1ccc2c(c1)OCO2,4.9969534480296955,ncgc;veith
Nc1ccccc1C(=O)O,3.770777731499943,tox21
Nc1ccccc1C(=O)OCC(=O)Nc1ccc(Br)cc1F,4.342240150210577,veith
Nc1ccccc1Cl,4.687620090178355,tox21
Nc1ccccc1NC(=O)c1ccc(C2CCN(CCC(=O)Nc3ccccc3F)CC2)cc1,4.419328842460694,pharmabench
Nc1ccccc1NC(=O)c1ccc(CNC2=N[C@@H](c3ccccc3)CS2)cc1,6.5162388554687505,pharmabench
Nc1ccccc1Nc1ccccc1,4.107039103273744,tox21;veith
Nc1ccccc1O,4.028951319415825,tox21
Nc1ccccc1SCc1csc(-c2ccc(Cl)cc2)n1,5.001666312269612,ncgc
Nc1ccccc1S[C@@H](C[N+](=O)[O-])c1ccc2c(c1)OCO2,4.89695369244143,ncgc;veith
Nc1ccccn1,4.89421481435692,tox21
Nc1cccnc1N,3.773251730425014,tox21
Nc1ccn([C@@H]2O[C@H](CO)[C@@H](O)[C@H]2O)c(=O)n1,4.460877789992345,challenge
Nc1ccn([C@H]2CC[C@H](CO)O2)c(=O)n1,5.001666312269612,ncgc
Nc1ccncc1,5.7210834065117195,ncgc;tox21;veith
Nc1n[nH]c(-c2ccc(Br)cc2)c1Cl,4.442240306846953,veith
Nc1nc(-c2ccccc2)c(-c2ccccc2)s1,4.292241779935917,veith
Nc1nc(-c2cccs2)cs1,4.901666293693565,ncgc
Nc1nc(=S)[nH][nH]1,3.8118390659231514,tox21
Nc1nc(Br)c2c(F)cccc2c1-c1ccc(Cl)cc1,4.992240583789779,veith
Nc1nc(CC(=O)Nc2ccc(CCNC[C@H](O)c3ccccc3)cc2)cs1,4.617477476992346,challenge
Nc1nc(CC(=O)O)cs1,3.877326533652975,tox21
Nc1nc(CSc2nnnn2-c2ccc(Cl)cc2)nc(N2CCOCC2)n1,5.092240288156335,veith
Nc1nc(Cc2ccccc2)nc(Cc2ccccc2)c1-c1ccccc1,4.9969534480296955,ncgc;veith
Nc1nc(Cl)cc(N2CCC(c3cc(-c4ccc(Cl)cc4Cl)n[nH]3)CC2)n1,4.3922393223313625,veith
Nc1nc(Cl)cc(NCCO)n1,5.201661177767493,ncgc
Nc1nc(F)nc2c1ncn2[C@@H]1O[C@H](CO)[C@@H](O)[C@@H]1O,4.084417373518855,tox21
Nc1nc(N)c(-c2cccc(C(F)(F)F)c2)c(Cc2cccc(C(F)(F)F)c2)n1,4.89695369244143,ncgc;veith
Nc1nc(N)c(CCCCc2ccccc2)c(N)n1,4.89695369244143,ncgc;veith
Nc1nc(N)c2c(OCC3CCN(Cc4ccccc4F)CC3)cccc2n1,4.44712600408163,pharmabench
Nc1nc(N)c2nc(-c3ccccc3)c(N)nc2n1,4.419328842460694,pharmabench
Nc1nc(NCCc2ccc(O)cc2)nc2nc(-c3ccco3)nn12,4.4969551427270105,ncgc;veith
Nc1nc(Nc2ccccc2)nc2c1ncn2[C@@H]1O[C@@H](CO)[C@H](O)[C@H]1O,4.2969560175302135,ncgc;veith
Nc1nc(OCc2ccccc2)c2[nH]cnc2n1,5.801658317999193,ncgc
Nc1nc(SC/C=C\c2ccccc2)c2[nH]cnc2n1,5.001666312269612,ncgc
Nc1nc(SCC(=O)Nc2ccccc2Sc2ccc(Cl)cc2)n[nH]1,4.3922393223313625,veith
Nc1nc(SCCc2ccccc2)c2[nH]cnc2n1,4.89695369244143,ncgc;veith
Nc1nc(SCc2ccccc2[N+](=O)[O-])c2[nH]cnc2n1,4.9969534480296955,ncgc;veith
Nc1nc2c(Cl)cccc2s1,4.621836802770021,tox21
Nc1nc2c(nc(Br)n2[C@@H]2O[C@H]3COP(=O)([O-])O[C@H]3[C@@H]2O)c(=O)[nH]1,3.9969548213840747,ncgc;veith
Nc1nc2c(s1)CC[C@H]2C(=O)Nc1ccc(C[C@@H]2CC[C@H]([C@H](O)c3ccccc3)N2)cc1,4.1568777527302645,pharmabench
Nc1nc2ccc(Cl)cc2c2nc(-c3ccco3)nn12,4.396953559925658,ncgc;veith
Nc1nc2ccc([N+](=O)[O-])cc2s1,4.073252490208837,tox21
Nc1nc2ccccc2[nH]1,3.7752128878186904,tox21
Nc1nc2ccccc2n1Cc1ccc(F)cc1,5.73440653898988,tox21
Nc1nc2ccccc2s1,4.015166552491753,tox21
Nc1ncc(-c2ccc(OCCCN3CCC(Cc4c[nH]cn4)CC3)cc2)cn1,4.340147596413069,pharmabench
Nc1ncc(-c2ccccc2)n1CC1CCCO1,4.942241381558047,veith
Nc1nccs1,3.723251713511802,tox21
Nc1ncnc2c1c(-c1ccc(Oc3ccccc3)cc1)cn2C1CCCC1,4.00166905897837,ncgc
Nc1ncnc2c1ncn2[C@@H]1O[C@@H](CO)[C@H](O)[C@@H]1O,3.9016695663778864,ncgc
Nc1nnc(-c2ccc([N+](=O)[O-])o2)o1,3.9732520511108227,tox21
Nc1nnc(-c2cccc(Cl)c2Cl)c(N)n1,4.526108559170929,ncgc;tox21;veith
Nc1nnc(SCCOc2cccc(Br)c2)s1,4.442240306846953,veith
Nn1nnc2ccccc21,4.00166905897837,ncgc
O.O.O.O.[Na+].[O-]c1ccccc1-c1ccccc1,4.035714038016811,tox21
O.O.O=[N+]([O-])c1ccc(S(=O)(=O)O)c([N+](=O)[O-])c1,3.6704250538904137,tox21
O.O.OC[C@H]1O[C@H](O[C@H]2O[C@H](CO)[C@@H](O)[C@H](O)[C@H]2O)[C@H](O)[C@@H](O)[C@@H]1O,3.8610818192614245,tox21
O.O.[Ba+2].[Cl-].[Cl-],4.567613092671361,tox21
O.O=C(O)[C@@H](O)[C@@H](O)C(=O)O.O=C(c1ccc(F)cc1)C1CCN(CCn2c(=O)[nH]c3ccccc3c2=O)CC1,4.696954347372703,ncgc;veith
O.O=C(O)[C@@H]1[C@@H]2C[C@H]3c4[nH]c5ccccc5c4CCN3C[C@@H]2CC[C@@H]1O,4.596954724317373,ncgc;veith
O.O=C(O)[C@@H]1[C@H]2C[C@H]3c4[nH]c5ccccc5c4CCN3C[C@@H]2CC[C@@H]1O,5.384419798316951,tox21
O.S=C1NC=NC2N=CNC12,4.072897862927041,tox21
O.[Br-].[Br-].c1cc[n+]2c(c1)-c1cccc[n+]1CC2,4.884412652001449,tox21
O/N=C/C=N/O,3.7978471689934254,tox21
O/N=C/c1cc(Br)ccc1OCc1cccc(F)c1,4.292241779935917,veith
O/N=C/c1cc(Cl)ccc1OCc1cccc2ccccc12,4.292241779935917,veith
O=C(/C=C/c1cc([N+](=O)[O-])ccc1Cl)c1ccc[nH]1,4.340147596413069,pharmabench
O=C(/C=C/c1ccc(O)c(O)c1)O[C@@H](C(=O)O)[C@@H](OC(=O)/C=C/c1ccc(O)c(O)c1)C(=O)O,4.198200815358347,tox21
O=C(/C=C/c1ccc(OC(F)(F)F)cc1)c1ccc[nH]1,4.215208859804769,pharmabench
O=C(/C=C/c1ccc2c(c1)OCO2)NCCSCc1cccc(Cl)c1,5.942241381558047,veith
O=C(/C=C/c1ccc2c(c1)OCO2)c1cccnc1,4.273200806782456,pharmabench
O=C(/C=C/c1ccc2ccccc2c1)c1cccnc1,4.419328842460694,pharmabench
O=C(/C=C/c1cccc(Br)c1)c1ccc[nH]1,4.273200806782456,pharmabench
O=C(/C=C/c1cccc(Cl)c1)Nc1ccncc1,4.592241033466911,veith
O=C(/C=C/c1ccccc1)NC(NC(=S)Nc1ccc(Cl)cc1)C(Cl)(Cl)Cl,4.592241033466911,veith
O=C(/C=C/c1ccccc1)c1cccnc1,4.5055149900769775,pharmabench
O=C(/C=C/c1ccccc1Cl)Nc1ccncc1,5.04224135682174,veith
O=C(/C=C/c1ccccc1Cl)c1ccc[nH]1,4.340147596413069,pharmabench
O=C(/C=C/c1cccnc1)c1ccc(NC(=O)c2cccc(Br)c2)cc1,5.192241409015731,veith
O=C(/C=C/c1cccnc1)c1ccc2ccccc2c1,4.775876165974506,pharmabench
O=C(/C=C/c1cccnc1)c1cccc(Br)c1,4.5162388554687505,pharmabench
O=C(/C=C/c1cccnc1)c1cccc(Cl)c1,4.394022977195924,pharmabench
O=C(/C=C/c1ccco1)Nc1ccc(Oc2ccccc2)cc1,4.842240508595863,veith
O=C(/C=C\C=C/c1ccc2c(c1)OCO2)N1CCCCC1,4.401667797519954,ncgc
O=C(/C=C\c1ccc(Cl)cc1)N[C@@]12CCC(=O)[C@@H]3Oc4c(O)ccc5c4[C@@]31CCN(CC1CC1)[C@@H]2C5,4.796954045378592,ncgc;veith
O=C(/C=C\c1ccc(O)c(O)c1)OCCc1ccccc1,3.9016695663778864,ncgc
O=C(/C=C\c1ccc(O)cc1)c1ccc(O)cc1O,4.2969560175302135,ncgc;veith
O=C(/C=C\c1ccc2c(c1)OCO2)c1ccc(F)cc1,5.196951293391612,ncgc;veith
O=C(C(=O)c1ccccc1)c1ccccc1,4.0750258571176765,tox21
O=C(C(=O)c1ccco1)c1ccco1,4.019368868015691,tox21
O=C(C(Cl)(Cl)Cl)C(Cl)(Cl)Cl,3.7641209658499415,tox21
O=C(C/C=N/OCc1ccc(Cl)cc1Cl)c1ccc(Cl)cc1,4.242240761051421,veith
O=C(C1CCC(=O)N1Cc1ccccc1Cl)N1CCN(c2ccc(F)cc2)CC1,4.292241779935917,veith
O=C(C1CCC(=O)N1Cc1ccccc1Cl)N1CCN(c2cccc(Cl)c2)CC1,4.342240150210577,veith
O=C(C1CCCCC1)N1CC(=O)N2CCc3ccccc3C2C1,4.1041887932494685,tox21
O=C(C1CCCCC1)N1CCC(C(O)CC2c3ccccc3-c3cncn32)CC1,4.441605237171847,pharmabench
O=C(C1CCCCN1CCc1ccc(F)c(F)c1)N1CCOCC1,4.144549439992345,challenge
O=C(C1CCCN(S(=O)(=O)c2cccc3nsnc23)C1)N1CC=C(c2ccccc2)CC1,4.792241107578132,veith
O=C(C1CCN(Cc2ccncc2)CC1)N1CCC(n2c(=O)n(CCN3CCCCC3)c3ccccc32)CC1,4.851127118393699,pharmabench
O=C(C1CCN(Cc2ccncc2)CC1)N1CCC(n2c(=O)n(CCOc3ccccc3)c3ccccc32)CC1,4.118298846796713,pharmabench
O=C(C1CCN(Cc2ccncc2)CC1)N1CCC(n2c(=O)n(Cc3cccc(Cl)c3)c3ccccc32)CC1,4.7960795520627935,pharmabench
O=C(C1CCN(S(=O)(=O)c2cccc3nsnc23)CC1)N1CCc2ccccc21,4.342240150210577,veith
O=C(C1CCN(S(=O)(=O)c2cccc3nsnc23)CC1)N1CCn2c1nc1ccccc12,4.242240761051421,veith
O=C(C1CCN(c2ccncc2)CC1)N1CC[C@@H](CNS(=O)(=O)/C=C/c2ccc(-c3ccc(Cl)s3)s2)C1,4.517870521064582,pharmabench
O=C(C1CCSc2ccccc21)N1CCC(c2ccncn2)CC1,4.935606361992345,challenge
O=C(C1SCCc2sccc21)N1CCC(c2ccncc2)CC1,5.949935864992345,challenge
O=C(C=C1CCN(C(=O)c2ccccc2O)CC1)N[C@@H]1CCN(Cc2ccc3cc(F)ccc3c2)C1,3.9569308445617386,pharmabench
O=C(CBr)c1ccc(O)cc1,3.8232520113632606,tox21
O=C(CBr)c1ccccc1,5.0204312893384415,tox21
O=C(CC(=O)N1CCC(c2nccs2)CC1)NCC(F)(F)F,2.267230694992345,challenge
O=C(CC(=O)c1ccccc1)O[C@H]1CN2CCC1CC2,5.096953661274842,ncgc;veith
O=C(CC(=O)c1ccncc1)c1ccccc1,5.296954647425311,ncgc;veith
O=C(CC(NS(=O)(=O)c1ccc(Cl)cc1)c1ccco1)NCc1ccco1,4.742241156276297,veith
O=C(CC(O)c1ccc(Cl)cc1)N1CCCCC1c1ncc[nH]1,4.402160076992345,challenge
O=C(CC(c1ccccc1)c1ccccc1)NCC1CCCO1,4.442240306846953,veith
O=C(CC(c1ccccc1)c1ccccc1)Nc1ccc2c(c1)OCCO2,6.092240288156335,veith
O=C(CC1(N2CCOCC2)CCCC1)NCc1ccc2c(c1)OCCO2,4.3735303449923455,challenge
O=C(CC1C(=O)N(c2ccc(Cl)cc2)C(=S)N1CCc1ccncc1)Nc1ccc(F)cc1,5.142241126006169,veith
O=C(CC1CC2CCC1O2)Nc1ccc(Oc2ccncc2)c(Cl)c1,7.287375549992346,challenge
O=C(CC1CCCCC1)NC1CCC(C(=O)NCc2c[nH]cn2)CC1,4.492107221992345,challenge
O=C(CC1OCCc2ccsc21)Nc1ccc(-n2cnnn2)c(F)c1,5.926127486992345,challenge
O=C(CC1c2ccccc2Oc2ccccc21)N1CCN(c2ccccn2)CC1,4.342240150210577,veith
O=C(CCBr)N1CCN(C(=O)CCBr)CC1,4.273004380011202,tox21
O=C(CCC(=O)N1CCC(O)CC1)N[C@@H]1C[C@H]1c1c(F)cccc1Cl,5.013470624992346,challenge
O=C(CCC(=O)OCc1ccc(Cl)cc1)Nc1cccc([N+](=O)[O-])c1,4.342240150210577,veith
O=C(CCC1CCCCC1)Nc1c2c(nn1-c1ccc(F)cc1)CS(=O)(=O)C2,4.442240306846953,veith
O=C(CCC1CCN(Cc2ccccc2)CC1)c1ccc2c(c1)NCCCC2.O=C(O)/C=C/C(=O)O,4.684419053436598,tox21
O=C(CCC1CCNCC1)Nc1ccc(-n2ccnc2)cc1,5.552559792992346,challenge
O=C(CCCCCCC(=O)Nc1ccccc1)NO,4.734419094663767,tox21
O=C(CCCCCCCCC#CI)Oc1ccccc1,4.084417373518855,tox21
O=C(CCCCCn1c(=O)[nH]c2ccsc2c1=O)NCc1ccc2c(c1)OCO2,4.242240761051421,veith
O=C(CCCCCn1c(=S)[nH]c2cc3c(cc2c1=O)OCO3)N1CCN(C2CCCCC2)CC1,4.542240874986129,veith
O=C(CCCCCn1c(=S)[nH]c2ccccc2c1=O)NCc1ccc2c(c1)OCO2,4.842240508595863,veith
O=C(CCCCn1c(=O)c2ccccc2n(CC(=O)NC2CCCC2)c1=O)NC1CCCC1,4.342240150210577,veith
O=C(CCCN1C=C[C@@H](n2c(=O)[nH]c3ccccc32)CC1)c1ccc(F)cc1,4.696954347372703,ncgc;veith
O=C(CCCN1CC=C(n2c(=O)[nH]c3ccccc32)CC1)c1ccc(F)cc1,5.151395004071018,challenge;ncgc;tox21;veith
O=C(CCCN1CCC(O)(c2ccc(Br)cc2)CC1)c1ccc(F)cc1,4.992777148371732,ncgc;tox21;veith
O=C(CCCN1CCC(O)(c2ccc(Cl)cc2)CC1)c1ccc(F)cc1,4.7393442308763,challenge;ncgc;pharmabench;tox21;veith
O=C(CCCN1CCC(O)(c2cccc(C(F)(F)F)c2)CC1)c1ccc(F)cc1,5.7969497127886624,ncgc;veith
O=C(CCCN1CCC(n2c(=O)[nH]c3ccccc32)CC1)c1ccc(F)cc1,4.782711478463659,challenge;ncgc;tox21;veith
O=C(CCCN1CCC2(CC1)C(=O)N(CCc1ccc(N=C=S)cc1)CN2c1ccccc1)c1ccc(F)cc1,4.301670255124509,ncgc
O=C(CCCN1CCC2(CC1)C(=O)N(Cc1cccc(F)c1)CN2c1ccccc1)c1ccc(F)cc1,4.9969534480296955,ncgc;veith
O=C(CCCN1CCC2(CC1)C(=O)NCN2c1ccccc1)c1ccc(F)cc1,5.426107584371617,ncgc;tox21;veith
O=C(CCCN1CCN(c2ccc(F)cc2)CC1)NC1c2ccccc2CSc2ccccc21,4.484418434588723,tox21
O=C(CCCN1CCN(c2ccccn2)CC1)c1ccc(F)cc1,4.559442627741157,ncgc;tox21;veith
O=C(CCCNS(=O)(=O)c1cccc2nsnc12)NCCc1ccccc1,4.342240150210577,veith
O=C(CCCl)NCCc1ccccc1,4.0344169708398665,tox21
O=C(CCCn1c(=S)[nH]c2cc3c(cc2c1=O)OCO3)N1CCN(c2ccccc2)CC1,5.3922393223313625,veith
O=C(CCCn1c(=S)[nH]c2cc3c(cc2c1=O)OCO3)N1CCN(c2ncccn2)CC1,4.792241107578132,veith
O=C(CCCn1cnc([N+](=O)[O-])n1)Nc1ccc(Cl)c(Cl)c1,4.292241779935917,veith
O=C(CCN1C(=O)c2cccc3cccc(c23)C1=O)N1CCN(Cc2ccc3c(c2)OCO3)CC1,4.342240150210577,veith
O=C(CCN1CC2CCC(CC2)C1)c1cccs1,5.196951293391612,ncgc;veith
O=C(CCN1CCC(Cc2c[nH]cn2)CC1)Nc1ccc(CN2CCCCC2)cc1,4.465086333021369,pharmabench
O=C(CCN1CCC(Cc2c[nH]cn2)CC1)Nc1ccc(Cl)cc1,6.817268851132731,pharmabench
O=C(CCN1CCC(Cc2c[nH]cn2)CC1)Nc1cccc(F)c1,6.419328842460694,pharmabench
O=C(CCN1CCC(c2ccccc2)C1)c1ccc2c(c1)OCCO2,5.234419181965621,tox21
O=C(CCN1CCC2CCC(O)C1C2)Nc1ccccc1,5.1000846119923455,challenge
O=C(CCN1CCCCC1)N1CCc2c([nH]c3ccccc23)[C@H]1c1cccnc1,4.9969534480296955,ncgc;veith
O=C(CCN1CCCCC1)c1csc2ccccc12,5.4969551427270105,ncgc;veith
O=C(CCN1CCN(CC(=O)Nc2ccccc2Cl)CC1)Nc1ccccc1F,5.3922393223313625,veith
O=C(CCN1CCN(c2ccccc2F)CC1)Nc1ccccc1F,4.442240306846953,veith
O=C(CCN1CCN2CCCC2C1)N1c2ccccc2Sc2ccc(Cl)cc21,4.795649944129041,tox21
O=C(CCN1CCOC(c2cccc(F)c2)C1)Nc1ccccc1,4.587084696992346,challenge
O=C(CCN1CCOCC1)Nc1cccc(CNCc2c[nH]nc2-c2ccc3c(c2)OCO3)c1,4.648029974992346,challenge
O=C(CCN1CCc2ccccc2C1)Nc1ccc(F)cc1,5.142241126006169,veith
O=C(CCNC(=O)Cn1ccc2ccccc2c1=O)NCCCN1CCN(c2ccc(F)cc2)CC1,4.492240905132714,veith
O=C(CCNC(=O)c1c[nH]c2ccccc12)Nc1ccc(-n2cnc3ccccc32)cc1,4.813623607992346,challenge
O=C(CCNNC(=O)c1ccncc1)NCc1ccccc1,4.3594421585602685,ncgc;tox21;veith
O=C(CCNS(=O)(=O)c1cccs1)N1CCc2ccccc2C1,4.3922393223313625,veith
O=C(CCOc1ccc(C(=O)N2CCNCC2)cc1)N1CCC(Cc2c[nH]cn2)CC1,3.9422075877410316,pharmabench
O=C(CCOc1ccc(CN2CCCCC2)cc1)N1CCC(Cc2c[nH]cn2)CC1,5.419328842460694,pharmabench
O=C(CCS(=O)(=O)c1cccs1)N1CCN(c2ccc(F)cc2)CC1,4.192241409015731,veith
O=C(CCSc1ccc(Cl)cc1)Nc1cccc(S(=O)(=O)Nc2cn[nH]c2)c1,5.177992224992345,challenge
O=C(CCc1c[nH]cn1)N1CCC(c2c[nH]c3cc(F)ccc23)CC1,7.022912184992346,challenge
O=C(CCc1ccc(CN2CCCCC2)cc1)N1CCC(Cc2c[nH]cn2)CC1,4.942207587741032,pharmabench
O=C(CCc1ccc(O)cc1)NCC1CCN(CC(O)c2ccccc2)CC1,4.536498834992345,challenge
O=C(CCc1ccc(O)cc1)c1c(O)cc(O)cc1O,4.001669164861406,ncgc
O=C(CCc1ccccc1)Nc1nncs1,4.342240150210577,veith
O=C(CCc1ccccc1Cl)N1CCCC1CN1CCOCC1,4.305725716992345,challenge
O=C(CCc1ccncc1)N1CCC(Cc2ccccc2)C1,5.594525604992346,challenge
O=C(CCc1cn[nH]c1)N1CC2CCN(C(=O)CC3CCCCC3)C(C2)C1,5.427175734992345,challenge
O=C(CCc1nc(-c2ccncc2)no1)N1CCCCC1Cc1ccc(O)cc1,4.666479734992346,challenge
O=C(CCl)C(Cl)Cl,4.01901812527003,tox21
O=C(CCl)Nc1ccccc1,3.8232520113632606,tox21
O=C(CCl)c1ccc(Cl)cc1Cl,3.991861982419029,tox21
O=C(CCl)c1ccccc1,4.070258349772147,tox21
O=C(CCn1cccn1)NCC1CCN(CCc2ccccc2)C1,4.270086722992346,challenge
O=C(CCn1ccnn1)N1CCCC1CCc1ccccc1,4.448726739992345,challenge
O=C(CCn1cnc2sccc2c1=O)N1CC(c2ccccc2)C2CCCCC21,4.311468567992345,challenge
O=C(CCn1nc(-c2ccccc2)ccc1=O)NCCCN1CCCCCC1,4.142241126006169,veith
O=C(CN(C(=O)CSc1nc2ccccc2o1)c1cccc(F)c1)NC1CCCCC1,4.3922393223313625,veith
O=C(CN(Cc1ccccc1Cl)C(=O)c1ccc(CN2CCOCC2)o1)NCC1CCCO1,4.642240772861618,veith
O=C(CN(Cc1ccco1)C(=O)c1cccc(Cl)c1)Nc1c(Cl)cc(Cl)cc1Cl,4.642240772861618,veith
O=C(CN(Cc1ccco1)C(=O)c1ccccc1)Nc1ccc(Cl)c(Cl)c1,4.092240288156335,veith
O=C(CN(c1ccccc1)S(=O)(=O)c1ccccc1)NCCSCc1ccco1,4.292241779935917,veith
O=C(CN(c1ccccc1)S(=O)(=O)c1ccccc1)NCCSc1nc2ccccc2s1,4.492240905132714,veith
O=C(CN(c1ccccc1)S(=O)(=O)c1ccccc1[N+](=O)[O-])NN=C1CCCCCCC1,4.842240508595863,veith
O=C(CN1C(=O)C2C3C=CC(C3)C2C1=O)NC1CCCc2ccccc21,4.592241033466911,veith
O=C(CN1CCC(CN2CCCCC2)C1)Nc1cc(F)ccc1F,5.9856581919923455,challenge
O=C(CN1CCCC(c2nc3ccccc3n2Cc2ccc(F)cc2)C1)N1CCCCC1,5.273200806782456,pharmabench
O=C(CN1CCCC2=C1C(=O)N(C1CC1)C2=O)Nc1ccc(-c2cccnc2)nn1,4.495049556398812,pharmabench
O=C(CN1CCCCC1)Nc1ccc(Br)cc1C(=O)c1ccccc1Cl,4.442240306846953,veith
O=C(CN1CCN(CC(=O)Nc2ccccc2Cl)CC1)Nc1ccc2c(c1)OCCO2,4.342240150210577,veith
O=C(CN1CCN(Cc2ccc3c(c2)OCO3)CC1)N1c2ccccc2Sc2ccccc21,5.884456992650004,tox21
O=C(CN1CCN(Cc2ccccc2)CC1)N1CCCc2c1c(=O)oc1ccc(O)cc21,4.3922393223313625,veith
O=C(CN1CCN(Cc2ccccc2)CC1)c1ccc(Br)cc1,5.342240150210578,veith
O=C(CN1CCN(S(=O)(=O)c2ccc(Cl)cc2)CC1)Nc1ccc2c(c1)OCO2,5.092240288156335,veith
O=C(CN1CCN(S(=O)(=O)c2ccc(F)cc2)CC1)Nc1ccc(Cl)c(C(F)(F)F)c1,3.8922410911892946,veith
O=C(CN1CCN(S(=O)(=O)c2ccc(F)cc2)CC1)Nc1ccc2c(c1)OCO2,4.792241107578132,veith
O=C(CN1CCN(c2ccc(Cl)cc2)CC1)Nc1ccc(F)c(F)c1,4.942241381558047,veith
O=C(CN1CCN(c2ccc(Cl)cc2)CC1)Nc1cccc(F)c1,5.342240150210578,veith
O=C(CN1CCN(c2nc3ccccc3s2)CC1)Nc1ccc(F)cc1F,4.710200439992346,challenge
O=C(CN1CCOCC1=O)NCc1ccc(-n2ccnc2)c(F)c1,4.706699084992346,challenge
O=C(CN1CCc2ccc(O)cc2CC1)NC(c1ccccc1)c1nccs1,5.115861844992346,challenge
O=C(CN1CCc2ccccc21)NC(=O)NCc1ccco1,4.342240150210577,veith
O=C(CN1C[C@H](Cc2ccccc2)[C@@H](O)C1)Nc1cc(F)ccc1F,5.660632229992346,challenge
O=C(CNC(=O)/C(=C\c1ccccc1)NC(=O)c1ccc(Br)cc1)OCc1ccccc1,4.342240150210577,veith
O=C(CNC(=O)c1cccs1)NCC(=O)OCc1ccc(Cl)cc1,4.292241779935917,veith
O=C(CNC(=O)c1cccs1)NCC(=O)OCc1ccc(Cl)cc1Cl,4.942241381558047,veith
O=C(CNC(=O)c1cccs1)NCc1ccccc1-n1ccnc1,4.574240567992345,challenge
O=C(CNC(=O)c1cn(-c2ccccc2)nc1-c1cccnc1)Nc1ccc(F)cc1,3.216535529992345,challenge
O=C(CNC1CCCCCC1)Nc1ccccc1N1CCCCC1.O=C(O)C(=O)O,5.342240150210578,veith
O=C(CNC1CCCOc2c(Br)cccc21)NCC1CC1,5.3986176769923455,challenge
O=C(CNCC1(O)CCCCC1)N1CCc2ccccc2[C@@H]1C1CCCCC1,5.584205915923632,pharmabench
O=C(CNS(=O)(=O)c1ccc(Br)s1)N1CCC(N2CCCCC2)CC1,4.3922393223313625,veith
O=C(CNc1cccc(Cl)c1)c1ccc(Cl)cc1,5.842240508595863,veith
O=C(COC(=O)c1ccccc1Nc1ccc(SC(F)F)cc1)NCc1ccco1,4.892241091189295,veith
O=C(COC(=O)c1ccccc1Nc1cccc(C(F)(F)F)c1)NCc1ccco1,4.492240905132714,veith
O=C(COC(=O)c1cccnc1)c1ccc(Cl)c(Cl)c1,5.092240288156335,veith
O=C(COC(=O)c1cccnc1Nc1cccc(C(F)(F)F)c1)NCc1ccc2c(c1)OCO2,5.442240306846952,veith
O=C(COC1CCCCC1)NCC1CCN(CCc2ccccc2)C1,4.671842394992345,challenge
O=C(COc1ccc(-n2ccnc2)cc1)Nc1ccc(-c2ccccc2)cc1,6.419328842460694,pharmabench
O=C(COc1ccc(Br)cc1)N1CCC(c2ccccc2)C1,4.242240761051421,veith
O=C(COc1ccc(Cl)cc1)N1CCN(Cc2ccc3c(c2)OCO3)CC1,6.196983944657134,ncgc;veith
O=C(COc1ccc(Cl)cc1)NC1CCC(NC2CCN(CC(F)(F)F)C2)CC1,4.828361689992346,challenge
O=C(COc1ccc(Cl)cc1Cl)N/N=C/CCc1ccccc1,4.992240583789779,veith
O=C(COc1ccc(F)cc1)Nc1nnc(-c2ccncc2)s1,4.542240874986129,veith
O=C(COc1ccc(F)cc1F)N1CCCN(C2CCCC2)CC1,5.223778559992346,challenge
O=C(COc1ccc([N+](=O)[O-])cc1)Nc1ccc(C(=O)NCc2cccnc2)cc1,4.992240583789779,veith
O=C(COc1ccc2ccccc2c1)N1CCN(CC2CC3C=CC2C3)CC1.O=C(O)C(=O)O,4.792241107578132,veith
O=C(COc1ccc2ccccc2c1)Nc1ccc(Cc2ccncc2)cc1,5.942241381558047,veith
O=C(COc1ccccc1-n1ccnc1)Nc1ccc(Cl)cc1,6.964228024992345,challenge
O=C(COc1cccnc1)NC1CC2(CCOCC2)Oc2ccccc21,4.269778199992346,challenge
O=C(CS(=O)(=O)c1cccc(Cl)c1)Nc1ccccc1Cl,4.242240761051421,veith
O=C(CS(=O)Cc1ccco1)NC/C=C\COc1cc(CN2CCCCC2)ccn1,4.134416852957513,tox21
O=C(CSC1=NCCN1)Nc1ccccc1,5.296954647425311,ncgc;veith
O=C(CSC1=NCCN1)c1ccccc1,4.9969534480296955,ncgc;veith
O=C(CSC1CC(=O)N(CC(c2ccccc2)c2ccccc2)C1=O)Nc1ccc(Cl)cc1,5.192241409015731,veith
O=C(CSC1CC1)Nc1ccc(-c2noc(C(F)(F)F)n2)cc1,4.198262334992346,challenge
O=C(CSCC(=O)OCn1nnc2ccccc2c1=O)Nc1ccc(Cl)cc1,4.092240288156335,veith
O=C(CSCc1c(Cl)cccc1Cl)NCc1cccnc1,4.292241779935917,veith
O=C(CSCc1ccc(Cl)cc1)Nc1ccc2c(c1)OCCO2,4.892241091189295,veith
O=C(CSCc1ccc(Cl)cc1)Nc1nccs1,4.742241156276297,veith
O=C(CSCc1cccc(Br)c1)N/N=C/c1ccc2c(c1)OCO2,5.192241409015731,veith
O=C(CSCc1cccc(Cl)c1)N/N=C/c1ccc(OCC(=O)N2CCCCC2)cc1,4.242240761051421,veith
O=C(CSCc1cccc(Cl)c1)NCc1ccc2c(c1)OCO2,5.492240905132714,veith
O=C(CSCc1ccccc1)Nc1ccc(S(=O)(=O)N2CCOCC2)cc1,4.692241142242068,veith
O=C(CSCc1ccccc1Cl)NNC(=S)Nc1ccccc1,4.342240150210577,veith
O=C(CSc1ccc(Cl)cc1)N1CCN(c2ccc(Cl)cc2[N+](=O)[O-])CC1,5.092240288156335,veith
O=C(CSc1ccc(Cl)cc1)Nc1cccc(-c2nc3ncccc3o2)c1,4.542240874986129,veith
O=C(CSc1ccc(Cl)cc1)Nc1cccc(NC(=O)c2ccco2)c1,4.692241142242068,veith
O=C(CSc1ccccn1)Nc1nc2ccc(Br)cc2s1,4.292241779935917,veith
O=C(CSc1n[nH]c(-c2ccccc2O)n1)N1CCCc2ccccc21,4.092240288156335,veith
O=C(CSc1n[nH]c(-c2cccnc2)n1)Nc1ccc(Oc2ccccc2)cc1,4.619061424992346,challenge
O=C(CSc1n[nH]c(-c2cccs2)n1)N1CCCc2ccccc21,4.3922393223313625,veith
O=C(CSc1nc2ccccc2c(=O)n1CCCN1CCCCC1)NCc1ccccc1,6.092240288156335,veith
O=C(CSc1nc2ccccc2o1)Nc1ccccc1N1CCCCCC1,4.292241779935917,veith
O=C(CSc1nc2ccccc2s1)Nc1nccs1,5.992240583789779,veith
O=C(CSc1nccn1-c1ccccc1)c1ccc(Cl)cc1,4.992240583789779,veith
O=C(CSc1nccn1-c1ncc(C(F)(F)F)cc1Cl)c1ccc(Cl)cc1,6.692241142242068,veith
O=C(CSc1nnc(-c2cccc(S(=O)(=O)N3CCOCC3)c2)n1C1CCCCCC1)NCc1ccccc1,4.592241033466911,veith
O=C(CSc1nnc(-c2ccccc2)n1-c1ccccc1)c1cccs1,5.092240288156335,veith
O=C(CSc1nnc(-c2ccco2)n1-c1ccccc1)NCc1ccco1,4.342240150210577,veith
O=C(CSc1nnc(-c2cccs2)n1-c1ccccc1)N1CCCC1,4.592241033466911,veith
O=C(CSc1nnc(-c2ccncc2)n1Cc1ccccc1)Nc1nccs1,4.242240761051421,veith
O=C(CSc1nnc(CNc2ccc(F)cc2)o1)N1c2ccccc2Sc2ccccc21,4.642240772861618,veith
O=C(CSc1nnc(Cn2nnc3ccccc32)o1)Nc1cccc(Cl)c1,4.3922393223313625,veith
O=C(CSc1nnc(SCc2cccc3ccccc23)s1)c1ccc2c(c1)OCO2,4.592241033466911,veith
O=C(CSc1nnc2c3ccccc3c3ccccc3c2n1)Nc1ccccc1,4.592241033466911,veith
O=C(CSc1nnc2c3ccccc3c3ccccc3c2n1)Nc1ccccc1F,4.742241156276297,veith
O=C(CSc1nnnn1-c1ccccc1)NCc1cccs1,5.092240288156335,veith
O=C(CSc1nnnn1C1CCCC1)Nc1ccc(F)cc1,4.342240150210577,veith
O=C(C[n+]1ccc2ccccc2c1)c1ccc2ccc3ccccc3c2c1,5.596962925619413,ncgc;veith
O=C(C[n+]1cccc(NC(=O)c2ccccc2)c1)c1ccc(NC(=O)c2ccccc2)cc1.[Br-],4.342240150210577,veith
O=C(Cc1c[nH]c2ccc(F)cc12)NCC1NCCc2sccc21,5.742236472992346,challenge
O=C(Cc1c[nH]c2cnccc12)NC[C@@H](O)CN1CCc2ccccc2C1,5.320922539992345,challenge
O=C(Cc1c[nH]c2ncccc12)NCc1ccc(-n2ccnc2)c(F)c1,5.3985300299923455,challenge
O=C(Cc1cc(C2CC2)on1)N1CC(c2ccccc2Br)C1,4.793450774992346,challenge
O=C(Cc1cc(Cl)c2c(c1)OCCO2)Nc1cnccc1-c1ccccc1,4.526403687992346,challenge
O=C(Cc1ccc(-c2ccccc2)cc1)Nc1ccccn1,2.393250544992345,challenge
O=C(Cc1ccc(-n2c(=O)[nH]c3ccccc3c2=O)cc1)N1CCN(c2cccc(Cl)c2)CC1,4.342240150210577,veith
O=C(Cc1ccc(-n2ccnc2)cc1)N[C@@H]1CC(Cn2ccnc2)C[C@H]1O,4.357701844992346,challenge
O=C(Cc1ccc(-n2nc(C(F)(F)F)c3c2CCCC3)cc1)NC1CCCC1,4.5162388554687505,pharmabench
O=C(Cc1ccc(Br)cc1)Nc1cccc(C(=O)NCc2ccc[nH]2)c1,2.121980252992345,challenge
O=C(Cc1ccc(Br)cc1)Nc1ccccc1Sc1ccccc1,4.442240306846953,veith
O=C(Cc1ccc(Br)cc1F)NCCCNc1ccccn1,4.635499834992346,challenge
O=C(Cc1ccc(Cl)c(Cl)c1)N1CCCC[C@H]1CN1CCCC1,4.846954192796108,ncgc;veith
O=C(Cc1ccc(Cl)c(Cl)c1)OCCN1CCCC1,3.9969548213840747,ncgc;veith
O=C(Cc1ccc(F)cc1)N1CCC(C(O)CC2c3ccccc3-c3cncn32)CC1,4.738087605085107,pharmabench
O=C(Cc1ccc(F)cc1F)NCc1ccccc1-c1cccnc1,4.929379414992345,challenge
O=C(Cc1ccc2cn[nH]c2c1)NC1CC1c1ccccc1Cl,4.948839299992346,challenge
O=C(Cc1ccc2ncsc2c1)N1CCC(NC2CCC2)CC1,5.199933942992345,challenge
O=C(Cc1cccc(C(F)(F)F)n1)Nc1cncc2c1CCCC2,4.321618354992346,challenge
O=C(Cc1cccc(C(F)(F)F)n1)Nc1n[nH]cc1C1CC1,4.357622782992346,challenge
O=C(Cc1cccc(F)c1F)NC1CCN(C(=O)CCn2ccnc2)C1,5.254083776992346,challenge
O=C(Cc1cccc(OCc2ccccc2)c1)N1CCCC(C2(O)CC2)C1,4.936492514992346,challenge
O=C(Cc1ccccc1)N1CCC(C(O)CC2c3ccccc3-c3cncn32)CC1,4.129294231098176,pharmabench
O=C(Cc1ccccc1)NC(NCCc1ccccc1)C(Cl)(Cl)Cl,4.342240150210577,veith
O=C(Cc1ccccc1)NCCSCc1ccc(Cl)cc1,4.992240583789779,veith
O=C(Cc1ccccc1)N[C@@H](Cc1ccccc1)c1nc2ccccc2[nH]1,4.592241033466911,veith
O=C(Cc1ccccc1)Nc1nc2ccc(Cl)cc2c2nc(-c3ccco3)nn12,4.4969551427270105,ncgc;veith
O=C(Cc1ccccc1I)Nc1ccccc1,4.196955646610027,ncgc;veith
O=C(Cc1ccccc1[N+](=O)[O-])NCCSCc1c(F)cccc1Cl,5.04224135682174,veith
O=C(Cc1ccccc1[N+](=O)[O-])NCc1ccccc1Cl,4.292241779935917,veith
O=C(Cc1cccs1)NNC(=S)NCc1ccc(Cl)cc1,4.542240874986129,veith
O=C(Cc1ccncc1)N1CCC(C(O)CC2c3ccccc3-c3cncn32)CC1,3.8172688511327317,pharmabench
O=C(Cc1cn(-c2ccccc2)nc1-c1ccc(F)cc1)Nc1cccnc1,2.2604795799923454,challenge
O=C(Cc1cn2c(n1)CCCC2)N1CCc2ccc(F)cc21,4.491041669992346,challenge
O=C(Cc1cncs1)N1CCC2(CC1)CNCc1ccccc1O2,6.234004676992345,challenge
O=C(Cc1csc(-c2ccc3c(c2)OCO3)n1)NC1CCc2[nH]ncc2C1,4.341911314992346,challenge
O=C(Cc1n[nH]c2ccccc12)N1CCc2cc(Cl)ccc21,3.275732414992345,challenge
O=C(Cc1ncc(C(F)(F)F)cc1Cl)Nc1cccc(Br)c1,5.892241091189295,veith
O=C(Cl)C(Cl)(Cl)Cl,4.121483369274528,tox21
O=C(Cl)CCl,3.8614340840036556,tox21
O=C(Cl)OCCOC(=O)Cl,4.147847371242316,tox21
O=C(Cl)OCCOCCOC(=O)Cl,3.7978471689934254,tox21
O=C(Cl)c1c(Cl)c(Cl)c(C(=O)Cl)c(Cl)c1Cl,3.975459968323123,tox21
O=C(Cl)c1cc(C(=O)Cl)cc(C(=O)Cl)c1,3.9732520511108227,tox21
O=C(Cl)c1ccc(Cl)cc1,4.147532764343121,tox21
O=C(Cl)c1ccc(F)c(Cl)c1,4.023251954306619,tox21
O=C(Cl)c1ccc([N+](=O)[O-])cc1,4.030746111655144,tox21
O=C(Cl)c1ccccc1F,3.9785933638002406,tox21
O=C(Cn1c(-c2cscn2)nc2ccccc21)Nc1cc(F)ccc1F,4.142241126006169,veith
O=C(Cn1c(=O)cnc2cc(Cl)c(Cl)cc21)N1CCCC(c2ccccc2)C1CN1CCOCC1,4.097109547726775,pharmabench
O=C(Cn1c(=O)oc2ccc(Cl)cc21)N1CCCC(c2ccccc2)C1CN1CCOCC1,4.875260798110419,pharmabench
O=C(Cn1c(=O)sc2ccc(Cl)cc21)N1CCCC(c2ccccc2)C1CN1CCCC1,5.18887992108242,pharmabench
O=C(Cn1c(=O)sc2ccc(Cl)cc21)N1CCCC(c2ccccc2)C1CN1CCOCC1,4.5162388554687505,pharmabench
O=C(Cn1c(C(F)(F)F)nc2ccccc21)c1ccccc1,4.292241779935917,veith
O=C(Cn1c(SCC(=O)N2CCc3ccccc3C2)nc2ccccc21)NC1CCCC1,4.092240288156335,veith
O=C(Cn1cc(-c2cncc(F)c2)nn1)N1CC2CCCCC21c1ccccc1,5.157251314992346,challenge
O=C(Cn1cc(C(O)c2ccc(F)cc2)nn1)NC1CCCCC1,4.630787229992346,challenge
O=C(Cn1cccc1C(=O)c1ccccc1)NCc1cccs1,4.792241107578132,veith
O=C(Cn1ccnc1[N+](=O)[O-])NCc1ccccc1,4.327614091058589,tox21
O=C(Cn1cnc2ccccc21)NC(c1ccccc1)c1ccccc1,4.642240772861618,veith
O=C(N/C(=C/c1ccc(Br)cc1)c1nc2ccccc2[nH]1)c1ccco1,4.3922393223313625,veith
O=C(N/N=C/C1C(c2ccccc2)C1(Cl)Cl)c1cccc(Br)c1,4.642240772861618,veith
O=C(N/N=C/c1c[nH]c2ccc(Br)cc12)c1ccn(Cc2ccc(Cl)cc2)n1,4.3922393223313625,veith
O=C(N/N=C/c1c[nH]c2ccccc12)c1ccn(Cc2ccc(Cl)cc2Cl)n1,4.642240772861618,veith
O=C(N/N=C/c1ccc([N+](=O)[O-])o1)c1cc(-c2ccncc2)nc2ccccc12,4.342240150210577,veith
O=C(N/N=C/c1cccc(OCc2ccccc2)c1)c1cccs1,4.092240288156335,veith
O=C(N/N=C/c1cccnc1)c1ccc([N+](=O)[O-])cc1,4.342240150210577,veith
O=C(N/N=C/c1ccncc1)c1cc([N+](=O)[O-])cc([N+](=O)[O-])c1O,4.342240150210577,veith
O=C(N/N=C1/C[C@@H](O)[C@@H](O)[C@@H]2[C@@H]3C(=O)N(Cc4ccc5c(c4)OCO5)C(=O)[C@H]3CC[C@@H]12)OCc1ccccc1,4.701667552503337,ncgc
O=C(N/N=C1/C[C@@H](O)[C@@H](O)[C@@H]2[C@@H]3C(=O)N(Cc4ccccc4)C(=O)[C@H]3CC[C@H]12)OCc1ccccc1,5.001666312269612,ncgc
O=C(N/N=C1/C[C@@H](O)[C@@H](O)[C@@H]2[C@@H]3C(=O)N(c4cccc(Oc5ccccc5)c4)C(=O)[C@H]3CC[C@@H]12)OCc1ccccc1,4.901666293693565,ncgc
O=C(N/N=C1/C[C@@H](O)[C@@H](O)[C@@H]2[C@H]3C(=O)N(c4ccc(F)cc4F)C(=O)[C@@H]3CC[C@@H]12)OCc1ccccc1,4.901666293693565,ncgc
O=C(N/N=C\c1ccc2c(c1)CCC2)c1ccccc1O,4.796954045378592,ncgc;veith
O=C(N/N=C\c1cccc(O)c1)c1ccncc1,4.9969534480296955,ncgc;veith
O=C(N/N=C\c1ccccc1O)c1ccccc1O,4.601668415167836,ncgc
O=C(N1CCc2ccccc2C1)N1CCC(n2cnc3c2CCCC3)C1,4.656436291992346,challenge
O=C(NC(=S)Nc1ccc(Br)cn1)c1cncc(Br)c1,5.692241142242068,veith
O=C(NC(=S)Nc1ccc2c(c1)OCO2)c1ccccc1,4.942241381558047,veith
O=C(NC(Cc1ccccc1)c1ncco1)N[C@H]1CCC[C@@H](C2CC2)C1,4.697481607992346,challenge
O=C(NC(NC(=S)Nc1cc(Cl)ccc1Cl)C(Cl)(Cl)Cl)c1ccco1,4.442240306846953,veith
O=C(NC(NC(=S)Nc1ccccc1)C(Cl)(Cl)Cl)c1cccc(Cl)c1,4.342240150210577,veith
O=C(NC(c1cccc(Cl)c1)C1CCCCC1)c1ccc(=O)[nH]n1,4.965271617992346,challenge
O=C(NC(c1ccccc1)c1ccc2[nH]cnc2c1)C1CCN(c2ccccc2F)C1,2.2208522979923453,challenge
O=C(NC1(c2ccccc2Cl)CC1)c1ccc(N2CCOCC2)nc1,4.493461016992345,challenge
O=C(NC12CC3CC(CC(C3)C1)C2)C12CC3CC(C1)CC(n1cnc(Cl)n1)(C3)C2,4.442240306846953,veith
O=C(NC12CC3CC(CC(C3)C1)C2)c1ccc(COc2ccc(Cl)cc2[N+](=O)[O-])o1,4.04224135682174,veith
O=C(NC1CC1)c1cccc(S(=O)(=O)N[C@]23CCC[C@H]2CNC3)c1,4.004343816992345,challenge
O=C(NC1CC2CCC(C1)N2Cc1ccc2cc(F)ccc2c1)c1ccccc1-c1ccccc1,5.817268851132732,pharmabench
O=C(NC1CCCC1)C(c1ccsc1)N(Cc1ccccc1)C(=O)Cc1cccs1,4.3922393223313625,veith
O=C(NC1CCCCC1)C(c1cccs1)N(C(=O)C(F)(F)F)c1ccccc1,4.492240905132714,veith
O=C(NC1CCCCC1)C(c1cccs1)N(Cc1cccs1)C(=O)c1ccco1,4.242240761051421,veith
O=C(NC1CCCCC1)C12CC3CC(C1)CC(n1cncn1)(C3)C2,4.442240306846953,veith
O=C(NC1CCCCC1)N1CCCC(c2nc(-c3cccs3)no2)C1,4.3922393223313625,veith
O=C(NC1CCCCC1)NC1CC2CCC(C1)N2Cc1nnnn1Cc1ccc2c(c1)OCO2,4.692241142242068,veith
O=C(NC1CCCCC1)NC1CC2CCCC(C1)N2C1CCCC1,4.3922393223313625,veith
O=C(NC1CCCCC1)[C@H](C1CCCCC1)n1c(-c2ccc(Cl)cc2)nc2cc(F)c(F)cc21,3.914178864140788,pharmabench
O=C(NC1CCCCC1)c1nc(CS(=O)(=O)c2ccccc2)no1,4.118298846796713,pharmabench
O=C(NC1CCCCC1)c1nnc(CS(=O)(=O)c2ccccc2)o1,4.118298846796713,pharmabench
O=C(NC1CCCCCC1)c1cccs1,4.3922393223313625,veith
O=C(NC1CCCN(c2cccc(F)c2)C1)c1ccnn1C1CCC1,4.321523302992346,challenge
O=C(NC1CCCc2ccccc21)c1ccc(=O)[nH]c1,4.04224135682174,veith
O=C(NC1CCCc2cnccc21)c1cc2occc2s1,4.677883909992346,challenge
O=C(NC1CCN(C2CCCC2)CC1)c1ccc(F)c(F)c1F,6.613189974992346,challenge
O=C(NC1CCN(C2CCCC2)CC1)c1ccc(S(=O)(=O)C(F)F)cc1,5.353943029992346,challenge
O=C(NC1CCN(CC(F)F)CC1)c1cccc2cnccc12,5.394531834992346,challenge
O=C(NC1CCN(CC2=CCCCC2)CC1)c1cccc(=O)[nH]1,4.996869802992346,challenge
O=C(NC1CCN(CC2CCOC2)CC1)c1cc(Cl)c[nH]1,6.9009620649923455,challenge
O=C(NC1CCN(CCCCC2(C(=O)NCC(F)(F)F)c3ccccc3-c3ccccc32)CC1)c1ccccc1-c1ccc(C(F)(F)F)cc1,4.776236901992346,challenge
O=C(NC1CCN(CCc2c[nH]c3ccccc23)CC1)c1ccccc1,5.078495464992345,challenge
O=C(NC1CCN(Cc2ccccc2)CC1)c1ccc(I)cc1,4.396953559925658,ncgc;veith
O=C(NC1CCN(c2ccc(Cl)c(F)c2)C1)c1ccc2nnnn2c1,4.149180492992346,challenge
O=C(NC1CCN(c2cccc(OC(F)(F)F)c2)C1)N1CCN(c2ncccn2)CC1,3.8336534849923454,challenge
O=C(NC1CCN(c2cccnn2)CC1)N1CCc2c(F)ccc(F)c2C1,4.425597777992346,challenge
O=C(NC1CCOC(c2cccnc2)C1)N1CCCc2ccccc2CC1,5.411656011992346,challenge
O=C(NC1CCOc2ccc(F)cc21)c1ccc(N2CCCC2)nn1,4.9753387619923455,challenge
O=C(NC1CCc2[nH]cnc2C1)c1c[nH]nc1-c1cccc(OC(F)F)c1,4.393742114992346,challenge
O=C(NC1CCc2cn[nH]c2C1)c1sc2cc(C(F)(F)F)ccc2c1Cl,4.477070881992345,challenge
O=C(NC1CN(c2ccncn2)C1)c1ccc2c(n1)CCCN2,4.578535599992346,challenge
O=C(NC1CNCCc2ccccc21)c1ncnc2c1CCC2,5.875719032992346,challenge
O=C(NCC(Cc1ccccc1)Cc1ccccc1)N1CCC(O)C(F)(F)C1,4.410375492992346,challenge
O=C(NCC(F)(F)C1(O)CCCCC1)c1cnc2n1CCC2,4.496569797992346,challenge
O=C(NCC(O)(c1ccccc1)C(F)(F)F)c1cc2ccccc2s1,5.538714164992346,challenge
O=C(NCC(O)c1ccc(Cl)c(F)c1)C1CC(c2c(F)cccc2F)=NO1,4.632342334992345,challenge
O=C(NCC(O)c1cccc(Cl)c1)c1c[nH]nc1-c1cccnc1,4.828253219992345,challenge
O=C(NCC(c1cccc(Cl)c1)N1CCOCC1)c1cccc2c1CCC2,5.235721252992346,challenge
O=C(NCC1(Cc2ccccc2)CCC1)c1cccc2cn[nH]c12,4.419100411992345,challenge
O=C(NCC1(N2CCSCC2)CCCC1)c1ncccc1O,4.480675324992346,challenge
O=C(NCC1(c2cccc(F)c2F)CCCC1)NC1CCc2[nH]ncc2C1,4.272198509992346,challenge
O=C(NCC1(c2ccccc2)CCCO1)c1nnc(-c2ccccc2)o1,4.452241959992346,challenge
O=C(NCC1(c2ccccn2)CCC1)c1cccc(-c2noc(C(F)(F)F)n2)c1,4.6999397219923456,challenge
O=C(NCC1(c2ccncc2)CCCC1)c1ccc(NC(=O)c2ccccc2)cc1,4.605879899992345,challenge
O=C(NCC1C2Cc3ccccc3C12)c1cc2c(F)cccc2[nH]1,5.669179067992346,challenge
O=C(NCC1CC1)[C@@H]1C[C@H]1[C@@H](NP(=O)(c1ccccc1)c1ccccc1)c1ccccc1,4.101668763344926,ncgc
O=C(NCC1CC1)[C@H]1C[C@@H]1[C@H](NP(=O)(c1ccccc1)c1ccccc1)c1ccccc1,4.101668763344926,ncgc
O=C(NCC1CCC1)c1cnc(Nc2cccc(Cl)c2)nc1C(F)(F)F,4.076906161638488,pharmabench
O=C(NCC1CCCCN1)c1cc(OCC(F)(F)F)ccc1OCC(F)(F)F,5.201628847838055,challenge;tox21
O=C(NCC1CCCN(Cc2cccs2)C1)NCC1CCC2(CCCC2)O1,5.188684512992346,challenge
O=C(NCC1CCCN1CCCO)c1cccc2ccsc12,4.824752184992346,challenge
O=C(NCC1CCCO1)C(c1cccnc1)N(C(=O)Cc1cccs1)c1ccccc1,4.292241779935917,veith
O=C(NCC1CCN(CC(O)c2ccccc2)CC1)NC(CO)c1ccc(C(F)(F)F)cc1,5.172627054992346,challenge
O=C(NCC1CCN(Cc2cccs2)CC1)c1cccc(-n2cccn2)n1,2.8304665129923454,challenge
O=C(NCC1CCN(Cc2cccs2)CC1)c1ccnc(-n2cncn2)c1,5.842200026992345,challenge
O=C(NCC1CCN(c2ccc(Cl)cc2)C1)c1cccc(C2(O)COC2)c1,4.582288154992345,challenge
O=C(NCC1CCN(c2ccc(F)c(F)c2)C1)c1ccc(-n2cnnn2)cc1,5.0566632299923455,challenge
O=C(NCC1CCN(c2ccc(F)cc2)C1)c1ccsc1,4.518552069992346,challenge
O=C(NCC1CCN(c2cccc(Br)c2)C1)c1c[nH]c2ncccc12,3.131869341992345,challenge
O=C(NCC1CCN1C1CCCC1)c1c[nH]nc1OCC(F)(F)F,4.347770029992346,challenge
O=C(NCC1CCN1C1CCOCC1)c1csc(-c2ccoc2)n1,6.255231014992345,challenge
O=C(NCC1CCN1C1CCOCC1)c1nc(C2CC2)no1,5.447034672992346,challenge
O=C(NCC1CCOCC1)c1cnc(Nc2cc(Cl)ccc2Cl)cc1C1CC1,3.7960795520627935,pharmabench
O=C(NCC1CCOCC1)c1cnc(Nc2cc(F)cc(F)c2)nc1C(F)(F)F,3.7661163286853503,pharmabench
O=C(NCC1CCOCC1)c1cnc(Nc2ccc(Cl)cc2Cl)cc1C1CC1,3.67896615296645,pharmabench
O=C(NCC1CCOCC1)c1cnc(Nc2cccc(Br)c2)cc1C1CC1,4.215208859804769,pharmabench
O=C(NCC1CCOCC1)c1cnc(Nc2cccc(OC(F)(F)F)c2)cc1C1CC1,4.039117600749088,pharmabench
O=C(NCC1CCOc2ccccc21)N1CCC(C2CCNC2)CC1,4.734502726992345,challenge
O=C(NCC1CCOc2ccccc21)N1CCOC(c2ccccc2F)C1,4.436259061992346,challenge
O=C(NCC1CCc2ccccc21)c1ccnc(-n2ccnc2)c1,6.7159627569923455,challenge
O=C(NCC1COc2ccccc2O1)C1C2C=CC3(CN(Cc4cccs4)C(=O)C13)O2,4.342240150210577,veith
O=C(NCC1COc2ccccc2O1)C1CCN(S(=O)(=O)c2cccc3nsnc23)CC1,4.942241381558047,veith
O=C(NCC1Cc2ccccc2CN1)c1cc(Cl)c2[nH]ncc2c1,5.888906359992346,challenge
O=C(NCCC1=CCCCC1)C1CCCN(c2nc3ccccc3o2)C1,4.342240150210577,veith
O=C(NCCC1CCC(F)(F)CC1)c1cccc(-c2cnco2)c1,6.4104141019923455,challenge
O=C(NCCCCc1ccccc1)C1CC(c2ccccc2[N+](=O)[O-])=NO1,6.492240905132714,veith
O=C(NCCCN1CCC(Cc2ccccc2)CC1)C1CCN(S(=O)(=O)N2CCOCC2)CC1,4.3922393223313625,veith
O=C(NCCCN1CCCCCC1)C1CC(=O)N(CCc2ccccc2)C1,4.092240288156335,veith
O=C(NCCCN1CCCCCC1)[C@@H](c1ccccc1)C1CCCCC1,5.69694058165962,ncgc;veith
O=C(NCCCN1CCC[C@@H](Cc2ccc(F)cc2)C1)Nc1cc(-n2cccn2)cc(-n2cccn2)c1,4.972170811118475,pharmabench
O=C(NCCCN1CCN(C2CCCCC2)CC1)Nc1ccccc1C(F)(F)F,4.792241107578132,veith
O=C(NCCCN1CCN(Cc2ccccc2)CC1)C1CCN(S(=O)(=O)N2CCCC2)CC1,4.892241091189295,veith
O=C(NCCCN1CCN(c2cccc(Cl)c2)CC1)C1CCC(=O)N1Cc1ccccc1Cl,4.792241107578132,veith
O=C(NCCCN1CCOCC1)C1COc2ccccc2O1,4.592241033466911,veith
O=C(NCCCN1CCOCC1)c1cc(C(=O)C2CC2)c[nH]1,4.242240761051421,veith
O=C(NCCCN1CCOCC1)c1cc2c(s1)CSC2,5.3922393223313625,veith
O=C(NCCCN1CCOCC1)c1ccc(Cl)cc1,5.184424060232335,tox21
O=C(NCCCN1CCc2ccccc2C1)C1CCN(S(=O)(=O)N2CCCC2)CC1,4.592241033466911,veith
O=C(NCCCN1CCc2ccccc2C1)Nc1ccc(Cl)cc1,4.942241381558047,veith
O=C(NCCC[N+]1=CC=N[C@H]1c1ccccc1)N1CCCc2nc(-c3ccc(Br)cc3)ccc21,6.59704495568056,ncgc;veith
O=C(NCCCc1nc2ccccc2[nH]1)N1CCCC(n2ccnc2)C1,5.120050241992345,challenge
O=C(NCCCn1ccnc1)Nc1ccc(Cl)cc1,5.292241779935917,veith
O=C(NCCCn1ccnc1)c1ccc(Br)c(S(=O)(=O)N2CCOCC2)c1,5.992240583789779,veith
O=C(NCCN1CCC2(CC1)C(=O)NCN2c1cccc(F)c1)c1ccc(F)c(F)c1,4.521701751170252,pharmabench
O=C(NCCN1CCCC1)C1(S(=O)(=O)c2ccc(Cl)cc2)CC1,4.3922393223313625,veith
O=C(NCCN1CCCCC1)c1ccc(I)cc1,4.4969551427270105,ncgc;veith
O=C(NCCN1CCCCCC1)c1ncc2ccccn12,5.387554946992346,challenge
O=C(NCCN1CCN(Cc2ccccc2)CC1)C1CC(=O)N(C2CCCC2)C1,4.342240150210577,veith
O=C(NCCN1CCN(Cc2ccccc2)CC1)C1c2ccccc2C(=O)N2CCc3ccccc3C12,4.442240306846953,veith
O=C(NCCN1CCOCC1)c1ccc(Cl)cc1,4.794015709996897,challenge;tox21
O=C(NCCN1CCOCC1)c1ccc2ccccc2c1,4.292241779935917,veith
O=C(NCCN1CCc2ccccc2C1)Nc1cccc(C(=O)Nc2ccc(Cl)cn2)c1,5.557577817992346,challenge
O=C(NCCN1CCc2sccc2C1)c1cc2ccccc2[nH]1,5.645484287992345,challenge
O=C(NCCNC(=O)c1cc(OCC(F)(F)F)ccc1OCC(F)(F)F)Nc1ccc(OC(F)(F)F)cc1,4.142241126006169,veith
O=C(NCCNC(=O)c1cccc(-c2cccs2)n1)NC1CCCCC1,4.360058656992345,challenge
O=C(NCCNCc1cccc2[nH]ccc12)c1ccn[nH]1,4.435025591992345,challenge
O=C(NCCNc1ccc([N+](=O)[O-])cc1)c1ccccc1Br,4.442240306846953,veith
O=C(NCCNc1cnccn1)c1c[nH]nc1-c1ccc2c(c1)OCCO2,4.7097830099923454,challenge
O=C(NCCO)c1ccc(Cl)cc1,5.196951293391612,ncgc;veith
O=C(NCCOc1ncc(Cl)cc1Cl)N1CCN(CC2CC2)CC1,4.596181877992346,challenge
O=C(NCCc1c[nH]c2c(Cl)cccc12)C(F)(F)c1cccnc1,4.654289806992345,challenge
O=C(NCCc1c[nH]c2cc(F)ccc12)C1COc2ccccc21,5.170745014992345,challenge
O=C(NCCc1c[nH]c2ccccc12)C1CCN(c2nnc(N3CCCC3=O)s2)CC1,4.492240905132714,veith
O=C(NCCc1c[nH]c2ccccc12)c1cccnc1,4.084417373518855,tox21
O=C(NCCc1ccc(CN2CCCC2)cc1)c1ccc(-c2ccc(Cl)cc2)cc1,5.7203588381246755,pharmabench
O=C(NCCc1ccc(Cl)cc1)C1CCN(S(=O)(=O)N2CCC3(CC2)OCCO3)CC1,4.342240150210577,veith
O=C(NCCc1ccc(Cl)cc1)Nc1cccc(Cl)c1,5.542240874986129,veith
O=C(NCCc1ccc(O)cc1)c1ccc(Cl)cc1,4.092240288156335,veith
O=C(NCCc1ccccc1)N1c2ccccc2Sc2ccccc21,4.192241409015731,veith
O=C(NCCc1ccccc1)c1noc2c1CCc1ccccc1-2,5.092240288156335,veith
O=C(NCCc1ccccc1OC(F)F)N1CCOCC(C2CCC2)C1,4.5080090899923455,challenge
O=C(NCCc1cccs1)C1CC(c2c(Cl)cccc2Cl)=NO1,4.792241107578132,veith
O=C(NCCc1cn[nH]c1)c1cn(-c2ccc(Cl)c(Cl)c2)cn1,4.824518454992345,challenge
O=C(NCCc1cnn(-c2ccccc2)n1)C1(c2ccc(Cl)cc2)CC1,4.546142191992345,challenge
O=C(NCCc1nc2c(s1)CCCC2)NCc1ccc(-n2ccnc2)nc1,5.334976387992346,challenge
O=C(NCCc1nnc(-c2ccccc2)o1)c1ccc(F)c(Cl)c1,4.360274912992345,challenge
O=C(NC[C@@H]1CCCCN1)c1cc(OCC(F)(F)F)ccc1OCC(F)(F)F,4.89695369244143,ncgc;veith
O=C(NC[C@H]1CCCCN1)c1cc(OCC(F)(F)F)ccc1OCC(F)(F)F,4.4969551427270105,ncgc;veith
O=C(NC[C@H]1CCCCN1)c1sccc1S(=O)(=O)N1CCc2ccccc21,4.638122051992346,challenge
O=C(NC[C@]12CNC[C@@]1(C(F)(F)F)C2)N1Cc2ccccc2C1,5.420927846992345,challenge
O=C(NCc1c[nH]c2ccc(F)cc12)c1cc2c(nn1)CCCC2,4.4610242219923455,challenge
O=C(NCc1cc(F)c(Cl)cc1F)c1c[nH]c2ccccc2c1=O,2.0850739149923454,challenge
O=C(NCc1cc2c(cc1OC(F)F)OCO2)NCC1CCCCC(F)(F)C1,4.844977807992346,challenge
O=C(NCc1cc2ccccc2[nH]1)NCc1cccc(F)c1F,2.040247084992345,challenge
O=C(NCc1cc[nH]c1)c1cccc(Cn2cc(-c3cccc4cnccc34)nn2)c1,2.6576851579923453,challenge
O=C(NCc1ccc(-c2ccncc2)cc1)c1ccc2n1CCNC21CCC1,5.763478647992346,challenge
O=C(NCc1ccc(-n2ccnc2)c(F)c1)N1CCC(O)(C(F)(F)F)C1,6.555268826992346,challenge
O=C(NCc1ccc(-n2ccnc2)c(F)c1)c1ccc(O)c(Cl)c1,5.032280944992346,challenge
O=C(NCc1ccc(-n2ccnc2)c(F)c1)c1csc(-c2cnccn2)n1,5.8030416049923454,challenge
O=C(NCc1ccc(-n2ccnc2)cc1)c1cccc(NC(=O)c2ccc(F)cc2)c1,6.622295059992346,challenge
O=C(NCc1ccc(-n2ccnc2)nc1)C1CCCN1c1nccs1,5.272312909992346,challenge
O=C(NCc1ccc(-n2ccnc2)nc1)NC1COc2ccccc21,5.0123023949923455,challenge
O=C(NCc1ccc(-n2ccnc2)nc1)Nc1cc(F)cc(Cl)c1,6.9081669369923455,challenge
O=C(NCc1ccc(-n2ccnc2)nc1)c1ccn(C2CCCC2)n1,5.1010806469923455,challenge
O=C(NCc1ccc(-n2ccnc2)nc1)c1n[nH]c(=O)c2ccccc12,5.890073304992345,challenge
O=C(NCc1ccc(-n2cnc3ccccc32)cc1)c1cc2cnccc2[nH]1,4.9170099719923455,challenge
O=C(NCc1ccc(C2CC2)cc1F)c1cc2occc2[nH]1,2.1047213379923453,challenge
O=C(NCc1ccc(F)cc1)C(c1ccncc1)N(C(=O)c1csnn1)C1CC1,4.442240306846953,veith
O=C(NCc1ccc(OCC2CC2)nc1)NC1CC2CCC1C2,4.119364111992346,challenge
O=C(NCc1ccc(S(=O)(=O)c2ccccc2)cc1)N1Cc2ccncc2C1,4.7203588381246755,pharmabench
O=C(NCc1ccc2c(c1)OCO2)C1CC(c2cccc(Br)c2)=NO1,5.542240874986129,veith
O=C(NCc1ccc2occc2c1)NC1CCCc2cn(C3CCCC3)nc21,4.989080672992346,challenge
O=C(NCc1cccc(-n2ccnc2)c1)NCC(CO)Cc1ccccc1Cl,6.788253807992346,challenge
O=C(NCc1cccc(C(F)(F)F)c1)c1cc(Cl)cc(Cl)c1,4.3922393223313625,veith
O=C(NCc1cccc(Cn2ccnc2)c1)c1ccc2oc(=O)[nH]c2c1,6.123416897992346,challenge
O=C(NCc1cccc(Cn2ccnc2)c1)c1cn2ccccc2n1,4.815805044992346,challenge
O=C(NCc1cccc(O)c1)c1sc2ccccc2c1Cl,5.322218072992346,challenge
O=C(NCc1cccc2c1OCO2)N1CCCC2(CC=CCC2)C1,4.831614754992346,challenge
O=C(NCc1ccccc1)C(c1cccs1)N(Cc1cccs1)C(=O)c1cnccn1,4.292241779935917,veith
O=C(NCc1ccccc1)C12CN(Cc3ccccc3)CC1C(c1cccc([N+](=O)[O-])c1)=NO2,4.792241107578132,veith
O=C(NCc1ccccc1)C1CCN(CC2CC(F)(F)C2)C1,4.890540236992345,challenge
O=C(NCc1ccccc1)[C@@H]1C[C@H]1[C@@H](NP(=O)(c1ccccc1)c1ccccc1)c1ccccc1,3.9016695663778864,ncgc
O=C(NCc1ccccc1)[C@H]1C[C@@H]1[C@H](NP(=O)(c1ccccc1)c1ccccc1)c1ccccc1,4.101668763344926,ncgc
O=C(NCc1ccccc1)c1ccc(S(=O)(=O)N2CCCc3ccccc32)cc1,4.492240905132714,veith
O=C(NCc1ccccc1)c1onc(CSc2ccc(F)cc2)c1C(=O)NCCCN1CCOCC1,4.492240905132714,veith
O=C(NCc1ccccc1-c1ccncc1)C(O)c1cccc(C(F)(F)F)c1,5.220961941992345,challenge
O=C(NCc1ccccc1Cl)c1ccc2c(=O)n(CCCN3CCCC3=O)c(=S)[nH]c2c1,4.142241126006169,veith
O=C(NCc1ccccn1)[C@H]1C[C@@H]1[C@H](NP(=O)(c1ccccc1)c1ccccc1)c1ccccc1,4.00166905897837,ncgc
O=C(NCc1cccnc1)Nc1ccc([N+](=O)[O-])cc1,4.023251954306619,tox21
O=C(NCc1cccnc1)c1[nH]nc(-c2ccccc2)c1Br,4.486147289992346,challenge
O=C(NCc1ccco1)C(c1ccccc1)N(C(=O)Cc1cccs1)c1ccccc1F,4.3922393223313625,veith
O=C(NCc1ccco1)Nc1cccs1,4.342240150210577,veith
O=C(NCc1cccs1)C1CCN(S(=O)(=O)c2cccc3nsnc23)CC1,4.692241142242068,veith
O=C(NCc1ccnc(-n2cncn2)c1)N[C@@H]1CCCc2ccccc21,4.454191562992346,challenge
O=C(NCc1ccncc1)Nc1cccc(CNC(=O)c2ccc(-n3cnc4ccccc43)cc2)c1,4.794812772992346,challenge
O=C(NCc1ccncc1)c1nc(CS(=O)(=O)c2ccccc2)no1,4.446200988860996,pharmabench
O=C(NCc1ccncc1)c1nnc(CS(=O)(=O)c2ccccc2)o1,4.663453986788203,pharmabench
O=C(NCc1cn2c(n1)CCCC2)NC1CC(c2cccc(Cl)c2)C1,4.375300794992346,challenge
O=C(NCc1cnc2n1CCCC2)c1ccccc1Oc1ccccc1,4.941706289992346,challenge
O=C(NCc1csc2ccccc12)c1cc(C2CC2)[nH]n1,4.837867077992346,challenge
O=C(NCc1nc2c([nH]1)CCCC2)c1ccc2ccncc2c1,4.948697697992346,challenge
O=C(NCc1nc2ccccc2o1)c1cc(C2CC2)nc2onc(-c3ccccc3)c12,2.2970162829923453,challenge
O=C(NCc1ncc(C(F)(F)F)cc1Cl)c1c(Cl)cccc1Cl,4.823254322212624,tox21
O=C(NCc1nnnn1-c1ccccc1)Nc1ccc(OC(F)(F)F)cc1,4.683762396992345,challenge
O=C(NN=c1c(=O)c2ccccc2c1=O)c1ccccc1,4.3922393223313625,veith
O=C(NNC(=O)c1ccccc1O)c1ccc(Cl)cc1,5.04224135682174,veith
O=C(NNS(=O)(=O)c1ccc(Cl)cc1)C1CCN(Cc2ccccc2)CC1,5.492240905132714,veith
O=C(NNS(=O)(=O)c1ccc(Cl)cc1)c1cnn(-c2ccccc2)c1-n1cccc1,5.192241409015731,veith
O=C(NNS(=O)(=O)c1ccc(Cl)cc1)c1sccc1-n1cccc1,5.242240761051421,veith
O=C(NO)[C@@H]1[C@H](c2ccccc2)[C@H]1c1ccc(-c2cnco2)cc1,4.987965078301706,pharmabench
O=C(NO)c1ccccc1,3.7945857706120494,tox21
O=C(NO)c1cnc(N2C[C@@H]3[C@H](C2)[C@H]3NCc2ccc(Cl)cc2)nc1,4.419328842460694,pharmabench
O=C(NOCc1cccnc1)C1CCCCN1C(=O)c1ccccc1,4.5459944019923455,challenge
O=C(N[C@@H](Cc1ccccc1)C(=O)CCl)OCc1ccccc1,3.9016695663778864,ncgc
O=C(N[C@@H](Cc1ccccc1)[C@@H](O)C(=O)N1C[C@@H](O)[C@@H](O)C1)c1cc2cc(Cl)ccc2[nH]1,3.9732520511108227,tox21
O=C(N[C@@H](c1ccccc1)[C@@H]1CCCCN1)c1cccc(C(F)(F)F)c1Cl,5.773257909088518,tox21
O=C(N[C@@H]1CC(Cn2ccnc2)C[C@H]1O)C1CC2(C1)CC(F)(F)C2,5.303545722992346,challenge
O=C(N[C@@H]1CC(Cn2ccnc2)C[C@H]1O)c1c[nH]c(-c2ccccc2)c1,4.533304371992346,challenge
O=C(N[C@@H]1CC(Cn2ccnc2)C[C@H]1O)c1occc1C1CC1,4.651437554992346,challenge
O=C(N[C@@H]1C[C@H]2CC[C@@H](C1)N2Cc1ccc2cc(F)ccc2c1)c1cc[n+]([O-])cc1C(=O)N1CCCCC1,3.9569308445617386,pharmabench
O=C(N[C@@H]1C[C@H]2CC[C@@H](C1)N2Cc1ccc2cc(F)ccc2c1)c1ccccc1-c1ccccn1,4.817268851132732,pharmabench
O=C(N[C@@H]1C[C@H]2CC[C@@H](C1)N2Cc1ccc2cc(F)ccc2c1)c1ccccc1-c1cccnc1,5.215208859804769,pharmabench
O=C(N[C@@H]1C[C@H]2CC[C@@H](C1)N2Cc1ccc2cc(F)ccc2c1)c1ccccc1-c1nccs1,5.039117600749088,pharmabench
O=C(N[C@@H]1C[C@H]2CC[C@@H](C1)N2Cc1ccc2cc(F)ccc2c1)c1ccccc1C(=O)N1CCCC1,4.556005982340238,pharmabench
O=C(N[C@@H]1C[C@H]2CC[C@@H](C1)N2Cc1ccc2cc(F)ccc2c1)c1ccccc1C(=O)N1CCCCCC1,4.942207587741032,pharmabench
O=C(N[C@@H]1C[C@H]2CC[C@@H](C1)N2Cc1ccc2cc(F)ccc2c1)c1ccccc1OC1CCCCC1,5.655900848897757,pharmabench
O=C(N[C@@H]1C[C@H]2CC[C@@H](C1)N2Cc1ccc2cc(F)ccc2c1)c1cccnc1C(=O)N1CCCCC1,4.1568777527302645,pharmabench
O=C(N[C@@H]1C[C@H]2CC[C@@H](C1)N2Cc1ccc2cc(F)ccc2c1)c1ncccc1C(=O)N1CCCCC1,4.0482609801889575,pharmabench
O=C(N[C@H](CO)[C@H](O)c1ccc([N+](=O)[O-])cc1)C(Cl)Cl,4.023251954306619,tox21
O=C(N[C@H]1CN2CCC1CC2)c1cc2ccoc2cn1,4.123251823480467,tox21
O=C(N[C@H]1CN2CCC1CC2)c1ccc2c(c1)OCCO2,4.073252490208837,tox21
O=C(N[C@H]1CN2CCC1CC2)c1ccc2occc2c1,4.8630263416934065,pharmabench
O=C(N[C@H]1CNC[C@@H]1c1ccccc1)c1cccnc1O,6.415027864992346,challenge
O=C(Nc1c[nH]nc1-c1nccs1)[C@H]1C[C@](O)(c2cccc(Cl)c2)C1,4.713948521992346,challenge
O=C(Nc1cc(F)cc(N2CCOCC2)c1)N[C@]12CCC[C@H]1CNC2,4.610813281992345,challenge
O=C(Nc1cc(Sc2ccccn2)cc([N+](=O)[O-])c1)c1ccc(Cl)cc1,4.542240874986129,veith
O=C(Nc1ccc(-c2cncnc2)cc1)[C@@H]1C[C@@H]2[C@H](C1)C2(F)F,4.7405417349923455,challenge
O=C(Nc1ccc(-c2nnn[nH]2)cc1F)[C@H](C1CCCCC1)n1c(-c2ccc(Cl)cc2)nc2cc(F)c(F)cc21,3.927967148626421,pharmabench
O=C(Nc1ccc(-n2cccn2)c(F)c1)c1ccnn1-c1ccccc1,5.132540714992346,challenge
O=C(Nc1ccc(-n2nncc2-c2ccco2)cc1)c1cc2ccccc2oc1=O,5.092240288156335,veith
O=C(Nc1ccc(-n2nncc2-c2ccco2)cc1)c1ccc(F)cc1,5.442240306846952,veith
O=C(Nc1ccc(/C=C/c2nc3ccccc3o2)cc1)c1ccc(F)cc1,4.942241381558047,veith
O=C(Nc1ccc(Br)cc1)c1ccc(CSC2=NCCS2)cc1,4.642240772861618,veith
O=C(Nc1ccc(C(F)(F)F)c(F)c1)N1CCOC(c2ccsc2)C1,5.395895971992346,challenge
O=C(Nc1ccc(Cc2ccncc2)cc1)c1ccc(S(=O)(=O)N2CCOCC2)cc1,4.542240874986129,veith
O=C(Nc1ccc(Cl)c(C(F)(F)F)c1)C1CCCN(S(=O)(=O)c2cnc[nH]2)C1,4.892241091189295,veith
O=C(Nc1ccc(Cl)c(F)c1)N1CCc2cnccc2C1,5.727459314992346,challenge
O=C(Nc1ccc(Cl)cc1)N1CCCC(CCC2=NNNN2)(c2ccccc2)C1,4.419328842460694,pharmabench
O=C(Nc1ccc(Cl)cc1)N1CCCC(CCO)(c2ccccc2)C1,4.419328842460694,pharmabench
O=C(Nc1ccc(Cl)cc1)Nc1nccs1,3.992240583789779,veith
O=C(Nc1ccc(Cl)cc1)OC(CN1CCCCC1)C(F)(F)F,4.992240583789779,veith
O=C(Nc1ccc(Cl)cc1)OCCn1nnnc1C(c1ccccc1Cl)N1CCOCC1,4.292241779935917,veith
O=C(Nc1ccc(Cl)cc1)OCc1cn(-c2ccc(Cl)cc2)nn1,4.742241156276297,veith
O=C(Nc1ccc(Cl)cc1C(F)(F)F)c1ccc(Cl)cc1,6.04224135682174,veith
O=C(Nc1ccc(Cn2ccnc2)cc1)c1ccnc2[nH]ccc12,5.146796594992345,challenge
O=C(Nc1ccc(F)cc1)C1CCc2ccccc2N1C(=O)C1CCN(c2ncccn2)CC1,5.399259726992345,challenge
O=C(Nc1ccc(F)cc1)N1N=C(c2ccncc2)CC1c1ccc(F)cc1,3.7758761659745064,pharmabench
O=C(Nc1ccc(F)cc1)NC1CCN(c2cc(C(F)(F)F)nc(-c3ccncc3)n2)CC1,3.8702724999923452,challenge
O=C(Nc1ccc(F)cc1)Nc1nnc(-c2ccncc2)s1,5.092240288156335,veith
O=C(Nc1ccc(F)cc1)c1cc(S(=O)(=O)N2CCCCC2)cs1,4.092240288156335,veith
O=C(Nc1ccc(F)cc1)c1ccc(-n2ccnc2)nc1,6.242240761051421,veith
O=C(Nc1ccc(OCCN2CCCCC2)cc1)c1cccc(Cn2ccnc2)c1,4.636173694992346,challenge
O=C(Nc1ccc(Oc2ccc(F)cc2)cc1)[C@@H]1C[C@@H](Cc2ccc(F)cc2)CN1C(=O)Cn1ccnn1,4.111298288194589,pharmabench
O=C(Nc1ccc(Oc2ccc(F)cc2)cc1)[C@@H]1C[C@@H](Cc2ccc(F)cc2)CN1C(=O)Cn1cncn1,4.697225029550649,pharmabench
O=C(Nc1ccc(Oc2ccc(F)cc2)cc1)[C@@H]1C[C@@H](Cc2ccccc2)CN1C(=O)Cn1cncn1,5.826042775440237,pharmabench
O=C(Nc1ccc(Oc2ccc(F)cc2)cc1)[C@@H]1C[C@@H](c2ccccc2)CN1C(=O)Cc1cnc[nH]1,5.5978153140559215,pharmabench
O=C(Nc1ccc(Oc2cccc(C(F)(F)F)c2)cc1)C1CCNC1,4.526393936992346,challenge
O=C(Nc1ccc(Oc2ccccc2)cc1)C1CCN(c2c3c(nc4ncnn24)CCC3)CC1,4.3922393223313625,veith
O=C(Nc1ccc(S(=O)(=O)N2CCCC2)cc1)c1ccc(CN2CCOCC2)cc1,4.792241107578132,veith
O=C(Nc1ccc(S(=O)(=O)N2CCCCC2)cc1)c1ccc(CN2CCc3ccccc3C2)cc1,6.092240288156335,veith
O=C(Nc1ccc(S(=O)(=O)N2CCOCC2)cc1)c1ccc(CN2CCc3ccccc3C2)cc1,6.242240761051421,veith
O=C(Nc1ccc(S(=O)(=O)Nc2cccc(-c3nc(C4CC4)n[nH]3)c2)cc1)c1ccc(F)cc1,4.7233020049923455,challenge
O=C(Nc1ccc(SCCN2CCCC2)cc1)c1cccc(Cn2ccnc2)c1,6.220280082992345,challenge
O=C(Nc1ccc([N+](=O)[O-])cc1Cl)c1cc(Cl)ccc1O,3.9969548213840747,ncgc;veith
O=C(Nc1ccc2[nH]ccc2c1)c1cc2cc(F)ccc2n1Cc1cccc(F)c1,4.523250016076943,tox21
O=C(Nc1ccc2c(c1)OCCO2)c1cc2sccc2n1Cc1ccc(F)cc1,4.842240508595863,veith
O=C(Nc1ccc2c(c1)OCCO2)c1cc2sccc2n1Cc1ccccc1,4.592241033466911,veith
O=C(Nc1ccc2c(c1)OCCO2)c1cccc2nc3ccccc3nc12,4.542240874986129,veith
O=C(Nc1ccc2c(c1)nc1n2CCN(C2CCCCC2)C1)NC1CCCCC1,4.3922393223313625,veith
O=C(Nc1ccc2c[nH]nc2c1)c1csc(-c2ccccn2)n1,6.605198794992345,challenge
O=C(Nc1cccc(-c2cn[nH]c2)c1)C1CC(=O)N(CC(F)(F)F)C1,4.628811674992345,challenge
O=C(Nc1cccc(-c2cn[nH]c2)c1)c1cccc2c1OCO2,5.2809695149923455,challenge
O=C(Nc1cccc(-c2cn[nH]c2)c1)c1cnc2cn[nH]c2c1,4.268160379992346,challenge
O=C(Nc1cccc(-c2nc3ccccc3s2)c1)c1ccc2c(c1)OCO2,6.492240905132714,veith
O=C(Nc1cccc(C(F)(F)F)c1)C1CCCN(S(=O)(=O)c2cnc[nH]2)C1,4.842240508595863,veith
O=C(Nc1cccc(C(F)(F)F)c1)N(Cc1ccc(Cl)cc1)CC(O)C(F)(F)F,4.292241779935917,veith
O=C(Nc1cccc(Cl)c1)N1CCN2C(=O)c3ccccc3C12c1ccccc1,4.492240905132714,veith
O=C(Nc1cccc(Cl)c1Cl)c1snnc1-c1ccccc1,4.492240905132714,veith
O=C(Nc1cccc(Cn2cccn2)c1)c1ccc(-c2cc[nH]n2)s1,4.644959847992346,challenge
O=C(Nc1cccc(Cn2cccnc2=O)c1)NC1CC(c2ccc(OC(F)(F)F)cc2)C1,4.257638744992346,challenge
O=C(Nc1cccc(F)c1)N1CC2(CCN(C(=O)c3ccncc3)CC2)C1,4.596954724317373,ncgc;veith
O=C(Nc1cccc(F)c1)N1CC2(CCN(S(=O)(=O)c3ccccc3)CC2)C1,3.9016695663778864,ncgc
O=C(Nc1cccc(F)c1)N1CC2(CCNCC2)C1,4.596954724317373,ncgc;veith
O=C(Nc1cccc(F)c1)N1CCC2(CCNCC2)CC1,4.396953559925658,ncgc;veith
O=C(Nc1cccc(F)c1)N1CCCC2(CCN(S(=O)(=O)c3ccccc3)CC2)C1,4.396953559925658,ncgc;veith
O=C(Nc1cccc(F)c1)N1CC[C@@]2(CCCN(C(=O)Oc3ccccc3)C2)C1,4.201669884204322,ncgc
O=C(Nc1cccc(F)c1)N1CC[C@@]2(CCCN(S(=O)(=O)c3ccccc3)C2)C1,3.9016695663778864,ncgc
O=C(Nc1cccc(NC(=O)c2ccccc2[N+](=O)[O-])n1)c1ccccc1[N+](=O)[O-],4.192241409015731,veith
O=C(Nc1cccc(OC2CCCC2)c1)c1cc(=O)[nH]c2c(Br)cccc12,5.134060716992345,challenge
O=C(Nc1cccc2ccccc12)c1ccccc1,8.103729371649269,ncgc
O=C(Nc1cccc2cccnc12)c1ccc(-c2ccccn2)[nH]c1=O,5.082416999992346,challenge
O=C(Nc1ccccc1)/C(=C\c1ccc2c(c1)OCO2)NC(=O)c1ccco1,4.292241779935917,veith
O=C(Nc1ccccc1)C(Cc1ccccc1)NC(=O)C12CC3CC(CC(C3)C1)C2,7.592241033466911,veith
O=C(Nc1ccccc1)N(Cc1ccc(Cl)cc1)C1CCCC1,4.473252039336182,tox21
O=C(Nc1ccccc1)N1CCC2(CC1)CCN(S(=O)(=O)c1ccccc1)CC2,3.9016695663778864,ncgc
O=C(Nc1ccccc1)N1CCC2(CCNCC2)CC1,4.101668763344926,ncgc
O=C(Nc1ccccc1)N1CCCC2(CCN(C(=O)Oc3ccccc3)CC2)C1,4.201669884204322,ncgc
O=C(Nc1ccccc1)N1CCCC2(CCN(C(=O)c3csnn3)CC2)C1,3.9016695663778864,ncgc
O=C(Nc1ccccc1)N1CCCC2(CCN(S(=O)(=O)c3ccccc3)CC2)C1,4.2969560175302135,ncgc;veith
O=C(Nc1ccccc1)N1CC[C@@]2(CCCN(C(=O)c3cc(C(F)(F)F)cc(C(F)(F)F)c3)C2)C1,4.2969560175302135,ncgc;veith
O=C(Nc1ccccc1)N[C@H]1C[C@H](C(=O)O)Nc2cc(Cl)cc(Cl)c21,4.396953559925658,ncgc;veith
O=C(Nc1ccccc1)Nc1cnns1,4.123251823480467,tox21
O=C(Nc1ccccc1)OC[C@H](CN1CCCCC1)OC(=O)Nc1ccccc1,5.896959146963251,ncgc;veith
O=C(Nc1ccccc1)OCc1cc(-c2ccc(Cl)cc2)on1,4.992240583789779,veith
O=C(Nc1ccccc1)c1cc([N+](=O)[O-])ccc1Cl,4.305720631461822,ncgc;tox21;veith
O=C(Nc1ccccc1)c1ccccc1I,4.023251954306619,tox21
O=C(Nc1ccccc1-c1ccc(Cl)cc1)c1cccnc1Cl,4.223252007786247,tox21
O=C(Nc1ccccc1C(=O)Nc1ccc2c(c1)OCO2)c1ccco1,4.3922393223313625,veith
O=C(Nc1ccccc1N1CCOCC1)c1ccc([N+](=O)[O-])cc1,4.292241779935917,veith
O=C(Nc1cccnc1)N1CCC(=Cc2cccc(Oc3ccc(C(F)(F)F)cn3)c2)CC1,5.273200806782456,pharmabench
O=C(Nc1cccnc1)c1ccc(COc2cc(Cl)ccc2Cl)o1,4.292241779935917,veith
O=C(Nc1cccnc1)c1ccc2snnc2c1,4.292241779935917,veith
O=C(Nc1cccnc1N1CCOCC1)N1CCCc2ccccc2CC1,4.557998454992346,challenge
O=C(Nc1cccnn1)N1CCC(=Cc2cccc(Oc3ccc(C(F)(F)F)cn3)c2)CC1,4.25796084022572,pharmabench
O=C(Nc1ccnc(-c2cccnc2)n1)c1cccc(Cl)c1Cl,5.142241126006169,veith
O=C(Nc1ccncc1)c1cccc(NS(=O)(=O)c2cccc(Cl)c2O)c1,4.616928887992346,challenge
O=C(Nc1ccnnc1)N1CCC(c2ccccc2F)C1,4.715383211992346,challenge
O=C(Nc1cn(Cc2ccccc2)nn1)c1ccc(Cn2ccnc2)cc1,3.7257988199923453,challenge
O=C(Nc1cnc(-c2ccncc2)c(-c2ccco2)n1)C1CC1,4.7203588381246755,pharmabench
O=C(Nc1cnc(-c2ccncc2)c(-c2ccncc2)n1)C1CC1,4.7203588381246755,pharmabench
O=C(Nc1cnc(C2CC2)nc1)N1CC2(CCC2)C1c1ccccc1,4.407693237992346,challenge
O=C(Nc1cnc2c(c1)CCCC2)c1cccc(Cn2ccnc2)c1,6.370402794992346,challenge
O=C(Nc1cncc2ccc(F)cc12)C1CCOc2ccc(Cl)cc21,5.516911277992346,challenge
O=C(Nc1cnccc1CO)c1cc2c(s1)CCCCC2,2.043040691992345,challenge
O=C(Nc1cnccn1)N1CCC(=Cc2cccc(Oc3ccc(C(F)(F)F)cn3)c2)CC1,4.019655120979656,pharmabench
O=C(Nc1cnn(Cc2ccncc2)c1)C1(c2ccccc2)CCCN1,6.430726146992345,challenge
O=C(Nc1n[nH]c2c(Cl)cccc12)c1csc(CC2CCNC2)n1,4.856693531992346,challenge
O=C(Nc1nc(-c2ccccc2)c(-c2ccccc2)o1)c1ccc(F)cc1,4.442240306846953,veith
O=C(Nc1nc2ccccc2n1CCN1CCCCC1)C1CCCCC1,4.842240508595863,veith
O=C(Nc1nc2ccccc2n1Cc1ccccc1)c1ccc(COc2ccccc2[N+](=O)[O-])o1,4.242240761051421,veith
O=C(Nc1nc2ccccc2s1)C1COc2ccccc2O1,4.442240306846953,veith
O=C(Nc1ncc(C2CC2)s1)c1cccn1C1CCCC1,5.495574587992346,challenge
O=C(Nc1ncc(Cc2ccc(Cl)cc2F)s1)C1CCCc2[nH]cnc21,5.221734086992345,challenge
O=C(Nc1ncc(Cc2cccc(Cl)c2)s1)c1cccs1,4.642240772861618,veith
O=C(Nc1ncccn1)N1CCC(Cc2c[nH]cn2)CC1,4.64117759207705,pharmabench
O=C(Nc1nccs1)C1Cc2ccccc2CN1S(=O)(=O)c1ccc(F)cc1,4.3922393223313625,veith
O=C(Nc1nccs1)N1CCC(Cc2c[nH]cn2)CC1,5.118298846796713,pharmabench
O=C(Nc1nnc(C2CC2)s1)C1Cc2ccccc2CN1S(=O)(=O)c1ccccc1F,4.3922393223313625,veith
O=C(Nn1cnc2ccccc2c1=O)c1ccc(F)cc1Cl,4.04224135682174,veith
O=C(O)/C(=C\c1ccncc1)c1cccc2ccccc12,4.901666293693565,ncgc
O=C(O)/C=C/C(=O)O,3.9997008279856194,tox21
O=C(O)/C=C/C(=O)O.O=C(O)/C=C/C(=O)O.c1ccc(CN2CCNCC2)cc1,4.438300999284125,tox21
O=C(O)/C=C/C(=O)O.O=C1c2ccccc2C(=O)N1CCc1noc(-c2ccc(CN3CCCCCC3)s2)n1,4.611019605375504,tox21
O=C(O)/C=C/C(=O)O.OCCOCCN1CCN(C2=Nc3ccccc3Sc3ccccc32)CC1.OCCOCCN1CCN(C2=Nc3ccccc3Sc3ccccc32)CC1,4.384416994074168,tox21
O=C(O)/C=C/C(=O)O.c1ccc(C(O[C@H]2CCCN(CCc3ccc4c(c3)OCO4)C2)c2ccccc2)cc1,5.184424060232335,tox21
O=C(O)/C=C/c1ccc(/C=C/C(=O)O)cc1,4.4828608240371315,tox21
O=C(O)/C=C/c1ccc(Cn2ccnc2)cc1OCCc1ccc2ccccc2c1,4.775876165974506,pharmabench
O=C(O)/C=C/c1ccc(NC(=O)C2(NC(=O)c3ccc4c(c3)nc(-c3ccccn3)n4C3CCCCC3)CCCC2)cc1,3.9422075877410316,pharmabench
O=C(O)/C=C/c1ccc(NC(=O)C2(NC(=O)c3ccc4c(c3)nc(-c3ccoc3)n4C3CCCCC3)CCCC2)cc1,3.9422075877410316,pharmabench
O=C(O)/C=C/c1ccccc1,4.073252490208837,tox21
O=C(O)/C=C/c1cnc[nH]1,3.722543762081142,tox21
O=C(O)/C=C1\CCCc2ccccc2[C@H]1O,4.696954347372703,ncgc;veith
O=C(O)/C=C\C(=O)O,4.073252490208837,tox21
O=C(O)/C=C\C(=O)O.O=C(O)/C=C\C(=O)O.c1cc(CN2CCCCC2)cc(OCCCNc2nc3ccccc3s2)c1,4.834419399908713,tox21
O=C(O)/C=C\C(=O)O.O=c1[nH]c2ccccc2n1CCCN1CCC(n2c(=O)[nH]c3cc(Cl)ccc32)CC1,4.9969534480296955,ncgc;veith
O=C(O)C(=O)Cc1c[nH]c2ccccc12,4.073252490208837,tox21
O=C(O)C(Br)Br,4.073252490208837,tox21
O=C(O)C(Br)CBr,3.9655156903143185,tox21
O=C(O)C(Cl)Cl,4.157779037830991,tox21
O=C(O)C/C=C\CC(=O)O,4.801666983179052,ncgc
O=C(O)C1(C(=O)O)CCC1.[NH2-].[NH2-].[Pt+2],4.134416852957513,tox21
O=C(O)C1(C(=O)O)CCN(S(=O)(=O)c2ccccc2)CC1,6.901786308247618,ncgc
O=C(O)C1=CC(=C(c2ccc(O)c(C(=O)O)c2)c2ccc(O)c(C(=O)O)c2)C=CC1=O,3.9016695663778864,ncgc
O=C(O)C1=CCCN(CCON=C(c2ccccc2)c2ccccc2)C1,7.697284986554896,ncgc;veith
O=C(O)C1C2C=CC(O2)C1C(=O)NC1CCCc2ccccc21,3.992240583789779,veith
O=C(O)C1Cc2c([nH]c3ccccc23)C(c2ccccc2)N1,4.901666293693565,ncgc
O=C(O)C=Cc1ccc(Cn2ccnc2)cc1,6.59704495568056,ncgc;veith
O=C(O)CC(=O)O,3.8221903222606315,tox21
O=C(O)CC/C=C\C[C@@H]1CO[C@H](c2ccccc2Cl)O[C@@H]1c1ccccc1O,4.196955646610027,ncgc;veith
O=C(O)CCC(=O)C(=O)O,3.723251713511802,tox21
O=C(O)CCC(=O)c1ccc2ccc3cccc4ccc1c2c34,5.001666312269612,ncgc
O=C(O)CCCC(=O)O,4.231465264149074,tox21
O=C(O)CCCCCC(=O)O,3.7175531185279196,tox21
O=C(O)CCCCCCC(=O)O,3.9932985789329,tox21
O=C(O)CCCCCCCCCC(=O)O,3.7475325606879375,tox21
O=C(O)CCCCCCCCCCC(=O)O,4.0213104111611555,tox21
O=C(O)CCCCCCCCCCCC(=O)O,3.9766398754597816,tox21
O=C(O)CCCCCCNC1c2ccccc2CCc2ccccc21,4.134416852957513,tox21
O=C(O)CCCc1ccc2ccc3ccccc3c2c1,5.1016670343933495,ncgc
O=C(O)CCN1CCC2(CC1)C(=O)Nc1cc(/C=C3\c4ccccc4COc4cc(F)ccc43)ccc12,3.943948249317333,pharmabench
O=C(O)CC[C@@H](C(=O)O)N1C(=O)c2ccccc2C1=O,5.201661177767493,ncgc
O=C(O)CC[P+](c1ccccc1)(c1ccccc1)c1ccccc1,4.89695369244143,ncgc;veith
O=C(O)CN(CC(=O)O)c1ccccc1,4.9969534480296955,ncgc;veith
O=C(O)CN1CCN(CC(=O)O)CC(=O)O[Hg]OC(=O)C1,4.9969534480296955,ncgc;veith
O=C(O)CN1CCN(Cc2ccccc2)C1=O,4.292241779935917,veith
O=C(O)CNC(=O)c1ccc(CO)o1,3.977877968326224,tox21
O=C(O)COc1cc(Cl)c(Cl)cc1Cl,3.7725438259755624,tox21
O=C(O)COc1ccc(Cl)cc1Cl,4.022898062743507,tox21
O=C(O)COc1cccc(-c2ocnc2-c2nc(-c3ccccc3)c(-c3ccccc3)o2)c1,4.596954724317373,ncgc;veith
O=C(O)COc1nc(Cl)c(Cl)cc1Cl,4.412731656676198,tox21
O=C(O)CSCC(=O)O,4.901666293693565,ncgc
O=C(O)CSSCC(=O)O,4.901666293693565,ncgc
O=C(O)CSc1nnc(Br)n1-c1ccc(C2CC2)c2ccccc12,3.6244923846461328,pharmabench
O=C(O)C[C@H]1OCC=C2CN3CC[C@@]45C6=CC(=O)C(=O)C([N+](=O)[O-])=C6N[C@H]4[C@H]1[C@H]2C[C@@H]35,4.89695369244143,ncgc;veith
O=C(O)Cc1ccc(Cl)cc1Cl,4.023251954306619,tox21
O=C(O)Cc1cccc2ccccc12,4.223252007786247,tox21
O=C(O)Cc1ccccc1,4.1283041442317705,tox21
O=C(O)Cn1c(=O)n(Cc2ccc(Br)cc2F)c(=O)c2ccc(Cl)cc21,4.073252490208837,tox21
O=C(O)[C@@H](O)[C@@H](O)C(=O)O.O=C(c1ccc(F)cc1)C1CCN(CCn2c(=O)[nH]c3ccccc3c2=O)CC1,4.396953559925658,ncgc;veith
O=C(O)[C@@H](S)[C@@H](S)C(=O)O,4.393162479992346,challenge
O=C(O)[C@@H](c1ccccc1)[C@@H](C(=O)O)c1ccccc1,4.901666293693565,ncgc
O=C(O)[C@@H]1C[C@@H](C(=O)O)N1,3.9016695663778864,ncgc
O=C(O)[C@@H]1Cc2c([nH]c3ccccc23)[C@@H](CCCCO)N1,4.89695369244143,ncgc;veith
O=C(O)[C@@H]1[C@@H](C(=O)O)[C@]23C[C@@]2(C(=O)O)[C@]2(C(=O)O)CCC3=C3CCC[C@]312,5.001666312269612,ncgc
O=C(O)[C@@H]1[C@@H]2C[C@H]3c4[nH]c5ccccc5c4CCN3C[C@@H]2CC[C@@H]1O,4.00166905897837,ncgc
O=C(O)[C@H]1CCCN(CCC=C(c2ccccc2)c2ccccc2)C1,4.196955646610027,ncgc;veith
O=C(O)[C@H]1CCc2ccc3ccccc3c2[C@H]1c1cccc2ccccc12,5.001666312269612,ncgc
O=C(O)[C@H]1CN[C@H](C(=O)O)C1,3.9016695663778864,ncgc
O=C(O)[C@H]1C[C@H](C(=O)O)N1,4.00166905897837,ncgc
O=C(O)c1c(Cl)c(Cl)c(Cl)c(Cl)c1-c1c2cc(I)c(=O)c(I)c-2oc2c(I)c(O)c(I)cc12,5.595320341992346,challenge
O=C(O)c1c(Cl)c(Cl)c(Cl)c(Cl)c1C(=O)Nc1ccc2cn[nH]c2c1,4.89695369244143,ncgc;veith
O=C(O)c1cc(=O)[nH]c(=O)[nH]1,4.772544511371275,tox21
O=C(O)c1cc(=O)c2c(Cl)cc(Cl)cc2[nH]1,4.401667797519954,ncgc
O=C(O)c1cc(C(=O)O)cc(S(=O)(=O)[O-])c1.[Na+],4.017963975296937,tox21
O=C(O)c1cc(Cl)cc(Cl)c1,4.025025750699936,tox21
O=C(O)c1cc(N=Nc2ccc([As](=O)(O)O)cc2)ccc1O,4.901666293693565,ncgc
O=C(O)c1cc2ccccc2c(S(=O)(=O)O)c1O,4.601668415167836,ncgc
O=C(O)c1ccc(/C=N\N=C2c3ccccc3-c3ccccc32)cc1,6.901786308247618,ncgc
O=C(O)c1ccc(C(=O)O)c(C(=O)O)c1,4.023251954306619,tox21
O=C(O)c1ccc(CO)o1,4.3151660396934215,tox21
O=C(O)c1ccc(NC(=O)[C@H](C2CCCCC2)n2c(-c3ccc(Cl)cc3)nc3cc(F)c(F)cc32)c(Cl)c1,3.7203588381246755,pharmabench
O=C(O)c1ccc(NC(=O)[C@H](C2CCCCC2)n2c(-c3ccc(Cl)cc3)nc3cc(F)c(F)cc32)c(F)c1,3.7203588381246755,pharmabench
O=C(O)c1ccc(NC(=O)[C@H](C2CCCCC2)n2c(-c3ccc(Cl)cc3)nc3cc(F)c(F)cc32)cc1,3.7203588381246755,pharmabench
O=C(O)c1ccc(NC(=O)[C@H](C2CCCCC2)n2c(-c3ccc(Cl)cc3)nc3ccccc32)c(C(F)(F)F)c1,3.8630263416934065,pharmabench
O=C(O)c1ccc(Nc2ccnc3cc(Cl)ccc23)cc1O,4.89695369244143,ncgc;veith
O=C(O)c1ccc(OCCCOc2ccc(C(=O)O)cc2)cc1,4.684419053436598,tox21
O=C(O)c1ccc(Oc2nc3ccccc3s2)cc1,4.89695369244143,ncgc;veith
O=C(O)c1ccc(S(=O)(=O)N(Cl)Cl)cc1,4.070072581140654,tox21
O=C(O)c1ccc([Hg]Cl)cc1,4.401667797519954,ncgc
O=C(O)c1ccc([Hg]Sc2ncnc3nc[nH]c23)cc1,5.4969551427270105,ncgc;veith
O=C(O)c1ccc2[nH]cc(CCCCN3CC=C(c4ccccc4)CC3)c2c1,4.43441675507263,tox21
O=C(O)c1ccc2c(c1)C(=O)N(C(Cc1ccc(O)cc1)C(=O)O)C2=O,7.492240905132714,veith
O=C(O)c1ccc2c3c1cccc3c(=O)n1c3ccccc3nc21,4.2969560175302135,ncgc;veith
O=C(O)c1ccc2ccccc2c1O.OCc1cc(C(O)CNCCCCCCOCCCCc2ccccc2)ccc1O,4.9344127982132715,tox21
O=C(O)c1cccc(C(=O)O)c1C(=O)O,4.016145463673968,tox21
O=C(O)c1cccc(CN2CCCCC2)c1,5.4969551427270105,ncgc;veith
O=C(O)c1cccc(Cl)c1Cl,4.022898062743507,tox21
O=C(O)c1cccc(Cl)n1,3.911839382159787,tox21
O=C(O)c1cccc(N(Cc2cccnc2)c2ccc(OC(F)F)c(OC(F)F)c2)c1,3.9732520511108227,tox21
O=C(O)c1cccc(N2CCCC2=O)c1,6.092240288156335,veith
O=C(O)c1ccccc1,4.001736181415864,tox21
O=C(O)c1ccccc1C(=O)Nc1cccc2ccccc12,4.073252490208837,tox21
O=C(O)c1ccccc1C(=O)O,3.6778256079627054,tox21
O=C(O)c1ccccc1Nc1cccc(OCc2ccc3ccccc3n2)c1,4.596954724317373,ncgc;veith
O=C(O)c1ccccc1O,4.023251954306619,tox21
O=C(O)c1ccccc1Oc1ccc(Cl)cc1NS(=O)(=O)c1ccc(Cl)c(Cl)c1,3.6893288395253387,pharmabench
O=C(O)c1cccnc1,4.013467126100638,tox21
O=C(O)c1nc(Cl)c(Cl)c(Cl)c1Cl,3.9139081989674045,tox21
O=C(O)c1nn(-c2ccccc2-c2n[nH]c(=O)[nH]c2=O)c(=O)[nH]c1=O,5.001666312269612,ncgc
O=C(O)c1nn(Cc2ccc(Cl)cc2Cl)c2ccccc12,3.888881310405024,ncgc;tox21
O=C(OC(C(=O)O)C(OC(=O)c1ccccc1)C(=O)NCc1ccccc1)c1ccccc1,4.192241409015731,veith
O=C(OC(C(F)(F)F)C(F)(F)F)N1CCN(Cc2ccc(C(F)(F)F)cc2N2CCCC2)CC1,4.6064154858178386,pharmabench
O=C(OC1CCC2(COC2)C1)c1nc(-c2cccs2)n(-c2ccc(F)cc2)n1,4.447399359992346,challenge
O=C(OC1CCN(CCCl)CC1)C(c1ccccc1)c1ccccc1,3.9969548213840747,ncgc;veith
O=C(OC1C[C@H]2CC[C@@H](C1)[N+]21CCCC1)C(O)(c1ccccc1)c1ccccc1.[Cl-],4.884412652001449,tox21
O=C(OCC(=O)c1ccc([N+](=O)[O-])cc1)/C(=C\c1ccc(Cl)cc1)NC(=O)c1ccccc1,4.342240150210577,veith
O=C(OCC(=O)c1cccs1)c1cccc(C(=O)OCC(=O)c2cccs2)n1,4.842240508595863,veith
O=C(OCC(O)CO)c1ccccc1Nc1ccnc2c(C(F)(F)F)cccc12,4.184416982767381,tox21
O=C(OCC1(COC(=O)c2cccnc2)CCCC(COC(=O)c2cccnc2)(COC(=O)c2cccnc2)C1O)c1cccnc1,4.225073622375159,tox21
O=C(OCC1CCC2OC2C1)C1CCC2OC2C1,4.153217681572409,tox21
O=C(OCCCN1CCCCC1)c1ccc(O)cc1,4.742241156276297,veith
O=C(OCCN1CCCCC1)c1c[nH]c2ccccc12,4.89695369244143,ncgc;veith
O=C(OCCN1CCOCC1)C1(c2ccccc2)CCCCC1,4.546953953649181,ncgc;veith
O=C(OCCNC(=O)c1ccc2ccccc2n1)c1ccc(F)cc1,4.292241779935917,veith
O=C(OC[C@@H](O)CO)c1ccccc1Nc1ccnc2cc(Cl)ccc12,4.396953559925658,ncgc;veith
O=C(OCc1ccc(Cl)cc1Cl)c1cccnc1Cl,4.292241779935917,veith
O=C(OCc1ccccc1)N1CCC(CNc2cccnc2)CC1,5.18887992108242,pharmabench
O=C(OCc1ccccc1)N1CCC(CNc2ccncc2)CC1,4.243237583405013,pharmabench
O=C(OCc1ccccn1)c1ccc(COc2ccccc2Cl)o1,4.242240761051421,veith
O=C(OCc1nc2ccccc2[nH]1)C12CC3CC(CC(C3)C1)C2,4.292241779935917,veith
O=C(O[C@@H](C(=O)O)[C@@H](OC(=O)c1ccccc1)C(=O)O)c1ccccc1,3.965864272175411,tox21
O=C(O[C@H]1C[C@H]2CC[C@@H](C1)[N+]21CCCC1)C(O)(c1ccccc1)c1ccccc1,4.579720801992345,challenge
O=C(Oc1ccc([N+](=O)[O-])cc1)N1CCC(N2CCCCC2)CC1,3.9016695663778864,ncgc
O=C(Oc1ccc2c(c1)CN(Cc1ccccc1)CO2)c1ccccc1,5.7969497127886624,ncgc;veith
O=C(Oc1ccccc1)N1CCC2(CC1)CCN(c1ccncc1)CC2,3.9016695663778864,ncgc
O=C(Oc1ccccc1)N1CCC2(CC1)CN(C(c1ccccc1)c1ccccc1)C2,4.596954724317373,ncgc;veith
O=C(Oc1ccccc1)N1CCC2(CCCN(Cc3ccccc3)C2)CC1,4.4969551427270105,ncgc;veith
O=C(Oc1ccccc1)N1CCC2(CCCN(Cc3nccs3)C2)CC1,4.796954045378592,ncgc;veith
O=C(Oc1ccccc1)N1CCC2(CCCN(c3ccccn3)C2)CC1,3.9016695663778864,ncgc
O=C(Oc1ccccc1)N1CCC2(CCCN(c3ccncc3)C2)CC1,4.2969560175302135,ncgc;veith
O=C(Oc1ccccc1)N1CCC2(CCCN(c3ncccn3)C2)CC1,4.396953559925658,ncgc;veith
O=C(Oc1ccccc1)N1CCC2(CCN(Cc3ccccc3)CC2)CC1,3.9016695663778864,ncgc
O=C(Oc1ccccc1)N1CCC[C@@]2(CCN(C(c3ccccc3)c3ccccc3)C2)C1,4.796954045378592,ncgc;veith
O=C(Oc1ccccc1)N1CCC[C@@]2(CCN(Cc3cc(C(F)(F)F)cc(C(F)(F)F)c3)C2)C1,4.396953559925658,ncgc;veith
O=C(Oc1ccccc1)N1CCC[C@@]2(CCN(Cc3ccccc3)C2)C1,4.196955646610027,ncgc;veith
O=C(Oc1ccccc1)N1CCC[C@@]2(CCN(c3ccccn3)C2)C1,4.596954724317373,ncgc;veith
O=C(Oc1ccccc1)N1CCC[C@@]2(CCN(c3ccncc3)C2)C1,4.201669884204322,ncgc
O=C(Oc1ccccc1)c1cccc(C(=O)Oc2ccccc2)c1,4.350377470932072,tox21
O=C([C@@H]1C[C@H]1c1ccc(C(F)(F)F)cc1)N1CCN(S(=O)(=O)c2cc(-c3nnc[nH]3)cc(C(F)(F)F)c2)CC1,4.377936157302469,pharmabench
O=C([C@H]1CCN[C@@H](c2ccccc2)C1)N1CCCC(c2cccc(O)c2F)C1,5.041268099992346,challenge
O=C([C@H]1C[C@@H]1c1c(F)cccc1Cl)N1CCN(c2cnccn2)CC1,5.1298916669923456,challenge
O=C([C@H]1[C@@H]2CNC[C@@H]21)N(Cc1ccccc1Cl)CC1CC1,4.4983988249923454,challenge
O=C([O-])C(F)(F)F.O=C([O-])C(F)(F)F.c1cc2cc(c1)C[n+]1ccc(c3ccccc31)NCc1ccc(cc1)CNc1cc[n+](c3ccccc13)C2,3.9016695663778864,ncgc
O=C([O-])C(O)[C@H](O)[C@@H](O)[C@H](O)[C@H](O)CO.[Na+],3.76796425712865,tox21
O=C([O-])c1cc(C(=O)O)cc(S(=O)(=O)O)c1.[Li+],4.173252039198229,tox21
O=C([O-])c1ccccc1Nc1cc(Cl)ccc1C(=O)[O-].[Na+].[Na+],5.395640300139265,tox21
O=C([O-])c1ccccn1.O=C([O-])c1ccccn1.O=C([O-])c1ccccn1.[Cr+3],3.6718365125381407,tox21
O=C(c1[nH]c2ccc(Cl)cc2c1Cl)N1CCC(O)(c2ccc(F)cc2)C1,4.603096389992346,challenge
O=C(c1[nH]cc2c1CCS2(=O)=O)N1CCN(c2ccnc3ccccc23)CC1,5.124832376992345,challenge
O=C(c1c(O)c2ccc(Cl)cc2[nH]c1=O)C1CC1,6.4969551427270105,ncgc;veith
O=C(c1c[nH]c2cc(Cl)ccc12)N1CCC(n2c(=O)[nH]c3ccccc32)CC1,4.569853109992346,challenge
O=C(c1cc(-c2ccc(Cl)cc2Cl)on1)N1CCN(C(=O)c2ccco2)CC1,4.192241409015731,veith
O=C(c1cc(-c2ccccc2O)[nH]n1)N1CCC(O)(Cc2ccc(F)cc2)C1,4.528372734992345,challenge
O=C(c1cc(-c2ccccn2)ns1)N1CCCC(c2cc(O)cc(F)c2)C1,4.490113569992346,challenge
O=C(c1cc(-c2ccncc2)on1)N1CCC(CCO)CC1,4.533086339992345,challenge
O=C(c1cc(C(F)(F)F)cc(C(F)(F)F)c1)N1CCC2(CC1)CCN(c1ccncc1)CC2,4.2969560175302135,ncgc;veith
O=C(c1cc(C(F)(F)F)cc(C(F)(F)F)c1)N1CCC2(CC1)CN(c1ccccn1)C2,4.401667797519954,ncgc
O=C(c1cc(C(F)(F)F)cc(C(F)(F)F)c1)N1CCC2(CC1)CN(c1ncccn1)C2,4.301670255124509,ncgc
O=C(c1cc(C(F)(F)F)cc(C(F)(F)F)c1)N1CCC2(CCCN(c3ccncc3)C2)CC1,4.2969560175302135,ncgc;veith
O=C(c1cc(C(F)(F)F)cc(C(F)(F)F)c1)N1CCC2(CCCN(c3ncccn3)C2)CC1,4.4969551427270105,ncgc;veith
O=C(c1cc(C(F)(F)F)cc(C(F)(F)F)c1)N1CCC2(CCN(Cc3nccs3)CC2)CC1,4.4969551427270105,ncgc;veith
O=C(c1cc(C(F)(F)F)cc(C(F)(F)F)c1)N1CCC[C@@]2(CCN(Cc3ccccc3)C2)C1,4.4969551427270105,ncgc;veith
O=C(c1cc(C(F)(F)F)cc(C(F)(F)F)c1)N1CCC[C@@]2(CCN(Cc3ccncc3)C2)C1,4.796954045378592,ncgc;veith
O=C(c1cc(C(F)(F)F)cc(C(F)(F)F)c1)N1CCC[C@@]2(CCN(c3ccccn3)C2)C1,4.201669884204322,ncgc
O=C(c1cc(Cc2n[nH]c(=O)c3ccccc23)ccc1F)N1CCN(c2ccncn2)CC1,4.714447832992346,challenge
O=C(c1cc(F)c2[nH]ccc2c1)C1(Cc2ccccc2)CCNC1,6.544267579068994,pharmabench
O=C(c1cc(O)c(O)c(O)c1)c1ccc(O)c(O)c1O,4.04878392637281,tox21
O=C(c1cc2c(F)cccc2[nH]1)N1CCN(C2CCOCC2)CC1,5.8372517469923455,challenge
O=C(c1ccc(-c2c[nH]cn2)cc1)N1CCNC(Cc2ccccc2)C1,6.631293674992346,challenge
O=C(c1ccc(-c2ccncc2)[nH]c1=O)N1CCNCC1c1cccc(Cl)c1,4.430142779992345,challenge
O=C(c1ccc(-n2nc(C(F)(F)F)c3c2CCCC3)cc1)N1CCCC1,4.64117759207705,pharmabench
O=C(c1ccc(C(F)(F)F)cc1)c1c[nH]c(C(=O)NCCCn2ccnc2)c1,5.092240288156335,veith
O=C(c1ccc(C2=CC3(CCNCC3)Oc3ccccc32)cc1)N1CCCC1,4.747230984524976,pharmabench
O=C(c1ccc(C2=CC3(CCNCC3)Oc3ccccc32)cc1)N1CCCCC1,4.775876165974506,pharmabench
O=C(c1ccc(C2=CC3(CCNCC3)Oc3ccccc32)cc1)N1CCOCC1,4.538515250179903,pharmabench
O=C(c1ccc(C2=CC3(CCNCC3)Oc3ccccc32)cc1)N1Cc2ccccc2C1,5.164056337357388,pharmabench
O=C(c1ccc(CN2CCc3ccccc3C2)cc1)N1CCc2ccccc2C1,5.192241409015731,veith
O=C(c1ccc(Cl)c(Cl)c1)c1cc(-c2ccccn2)c(N2CCOCC2)s1,4.492240905132714,veith
O=C(c1ccc(Cn2cncn2)cc1)N1C[C@H](C2CC2)C[C@@H]1C1CC1,5.233587241992345,challenge
O=C(c1ccc(F)c(O)c1)c1nc2ccc(O)cc2s1,3.686935082637725,pharmabench
O=C(c1ccc(F)cc1)C1CCN(C(=S)Nc2ccccc2)CC1,4.342240150210577,veith
O=C(c1ccc(F)cc1)C1CCN(CCCCc2ccccc2)CC1,7.396769078767552,ncgc;veith
O=C(c1ccc(F)cc1)C1CCN(CCn2c(=O)[nH]c3ccccc3c2=O)CC1,4.834419399908713,tox21
O=C(c1ccc(F)cc1)C1CCN(CCn2c(=S)[nH]c3ccccc3c2=O)CC1,4.4969551427270105,ncgc;veith
O=C(c1ccc(F)cc1)N1CCn2c(nnc2-c2ccccn2)C1,4.243237583405013,pharmabench
O=C(c1ccc(NCC2CC2)nc1)N1CC=C(c2c[nH]c3cc(F)ccc23)CC1,4.641966667992346,challenge
O=C(c1ccc(NCCn2ccnc2)cc1)N1CC[C@H]2CCC[C@H]21,4.719826352992346,challenge
O=C(c1ccc(NS(=O)(=O)c2cc(Cl)ccc2Cl)cc1)N1CCC(c2cn[nH]c2)CC1,5.671216786992345,challenge
O=C(c1ccc(O)cc1)c1ccc(O)cc1,3.723251713511802,tox21
O=C(c1ccc(OCCCN2CCC(Cc3c[nH]cn3)CC2)nc1)N1CCCCC1,5.118298846796713,pharmabench
O=C(c1ccc(OCCN2CCCCC2)cc1)c1c(-c2ccc(O)cc2)sc2cc(O)ccc12,4.446302788260906,challenge;ncgc;tox21;veith
O=C(c1ccc([N+](=O)[O-])cc1)[C@@H](Br)[C@@H](Br)c1ccnc2ccccc12,4.89695369244143,ncgc;veith
O=C(c1ccc2[nH]ccc2c1)N1CCC(c2c[nH]cn2)CC1,4.518592989992346,challenge
O=C(c1ccc2[nH]ncc2c1)N1CC(CC2COCCN2)c2ccccc21,6.138897051992346,challenge
O=C(c1ccc2c(c1)OCCO2)C1CCN(S(=O)(=O)c2ccccc2F)CC1,6.992240583789779,veith
O=C(c1ccc2c(c1)OCO2)N1CCCCC1,4.4969551427270105,ncgc;veith
O=C(c1ccc2noc(-c3ccc(F)cc3)c2c1)N1CCOC(c2ccc(F)cc2)C1,4.699461677992345,challenge
O=C(c1cccc(Br)c1)N1CCN(c2ccc(Cl)cn2)CC1,4.488517361992345,challenge
O=C(c1cccc(Cl)c1)N1CCC(=CC#Cc2cccc(Cl)n2)CC1,4.315525121504737,pharmabench
O=C(c1cccc(F)c1)N1CCC2(CC1)CCN(C(c1ccccc1)c1ccccc1)CC2,4.9969534480296955,ncgc;veith
O=C(c1cccc(F)c1)N1CCC2(CC1)CCN(c1ccc(-c3ccccc3)cc1)CC2,4.4969551427270105,ncgc;veith
O=C(c1cccc(F)c1)N1CCC2(CC1)CCN(c1ccccn1)CC2,4.196955646610027,ncgc;veith
O=C(c1cccc(F)c1)N1CCC2(CC1)CCN(c1ccncc1)CC2,4.196955646610027,ncgc;veith
O=C(c1cccc(F)c1)N1CCC2(CC1)CCN(c1ncccn1)CC2,4.301670255124509,ncgc
O=C(c1cccc(F)c1)N1CCC2(CC1)CN(Cc1ccccc1)C2,4.796954045378592,ncgc;veith
O=C(c1cccc(F)c1)N1CCC2(CC1)CN(c1ccccc1)C2,3.9016695663778864,ncgc
O=C(c1cccc(F)c1)N1CCC2(CC1)CN(c1ccccn1)C2,4.201669884204322,ncgc
O=C(c1cccc(F)c1)N1CCC2(CCCN(C(c3ccccc3)c3ccccc3)C2)CC1,4.501669380321306,ncgc
O=C(c1cccc(F)c1)N1CCC2(CCCN(Cc3cc(C(F)(F)F)cc(C(F)(F)F)c3)C2)CC1,4.4969551427270105,ncgc;veith
O=C(c1cccc(F)c1)N1CCC2(CCCN(Cc3ccccc3)C2)CC1,4.4969551427270105,ncgc;veith
O=C(c1cccc(F)c1)N1CCC2(CCCN(Cc3ccncc3)C2)CC1,4.596954724317373,ncgc;veith
O=C(c1cccc(F)c1)N1CCC2(CCCN(c3ccncc3)C2)CC1,4.2969560175302135,ncgc;veith
O=C(c1cccc(F)c1)N1CCC2(CCCN(c3ncccn3)C2)CC1,4.00166905897837,ncgc
O=C(c1cccc(F)c1)N1CCC2(CCN(Cc3ccccc3)CC2)CC1,4.596954724317373,ncgc;veith
O=C(c1cccc(F)c1)N1CCC2(CCN(Cc3ccncc3)CC2)CC1,4.396953559925658,ncgc;veith
O=C(c1cccc(F)c1)N1CCC[C@@]2(CCN(C(c3ccccc3)c3ccccc3)C2)C1,4.396953559925658,ncgc;veith
O=C(c1cccc(F)c1)N1CCC[C@@]2(CCN(Cc3ccccc3)C2)C1,5.396958734553992,ncgc;veith
O=C(c1cccc(F)c1)N1CCC[C@@]2(CCN(Cc3ccncc3)C2)C1,4.101668763344926,ncgc
O=C(c1cccc(F)c1)N1CCC[C@@]2(CCN(Cc3nccs3)C2)C1,4.201669884204322,ncgc
O=C(c1cccc(F)c1)N1CCC[C@@]2(CCN(c3ncccn3)C2)C1,4.396953559925658,ncgc;veith
O=C(c1cccc(Nc2ccccc2)c1)N1CCN(C2=NS(=O)(=O)c3ccccc32)CC1,5.0287365949923455,challenge
O=C(c1cccc2cnccc12)N1CCN(c2nc(-c3cccs3)cs2)CC1,5.9949189619923455,challenge
O=C(c1ccccc1)C(Cl)Cl,3.8732518948441816,tox21
O=C(c1ccccc1)C(O)c1ccccc1,4.099905736714368,tox21
O=C(c1ccccc1)C1CN(c2ccccc2)CC1c1ccc(Cl)cc1,4.992240583789779,veith
O=C(c1ccccc1)N1CCC(NC2CCC3CCC2C3)CC1,5.3241988999923455,challenge
O=C(c1ccccc1)[C@H](Nc1ccc2ccccc2c1)c1ccccc1,5.296954647425311,ncgc;veith
O=C(c1ccccc1)c1c[nH]c(C(=O)NCCCn2ccnc2)c1,4.892241091189295,veith
O=C(c1ccccc1)c1c[nH]c(C(=O)NCc2cccnc2)c1,4.292241779935917,veith
O=C(c1ccccc1)c1cc(Cl)ccc1O,3.9956940329399595,tox21
O=C(c1ccccc1)c1ccc(O)c(O)c1O,3.8713105536633705,tox21
O=C(c1ccccc1)c1ccc(O)cc1,4.018315074397287,tox21
O=C(c1ccccc1)c1ccc(OCC(O)CN2CCN(Cc3ccccc3)CC2)cc1,4.992240583789779,veith
O=C(c1ccccc1)c1ccc2nc(-c3ccc(NC(=O)c4ccccc4Br)cc3)[nH]c2c1,4.342240150210577,veith
O=C(c1ccccc1)c1cccc(O)c1,3.81621428473698,tox21
O=C(c1ccccc1)c1ccccc1,3.9603054751993483,tox21
O=C(c1ccccc1)c1ccccc1O,3.9678178016022647,tox21
O=C(c1ccccc1C(F)(F)F)N(CC1CCC1)[C@H]1CCNC1,4.2403518951675245,pharmabench
O=C(c1ccccc1C1CCCC1)N(CC1CCC1)[C@H]1CCNC1,5.785860386881108,pharmabench
O=C(c1ccccc1Nc1ccc(SC(F)F)cc1)N1CCCCC1,5.442240306846952,veith
O=C(c1ccccc1O)c1ccccc1O,4.177520251606813,tox21
O=C(c1ccccc1Oc1ccccc1)N(C1CCC1)[C@H]1CCNC1,4.891698941589356,pharmabench
O=C(c1ccccc1Oc1ccccc1)N(CC1CCC1)[C@H]1CCNC1,6.6064154858178386,pharmabench
O=C(c1ccccc1Oc1ccccc1)N(c1ccccc1)[C@H]1CCNC1,4.675819077732265,pharmabench
O=C(c1cccnc1N1CCC(c2nc3ccccc3[nH]2)CC1)N1CCc2ccccc21,4.3482553199923455,challenge
O=C(c1ccco1)N1CCC2(CC1)CCN(C(c1ccccc1)c1ccccc1)CC2,4.796954045378592,ncgc;veith
O=C(c1ccco1)N1CCC2(CC1)CCN(c1ccccc1)CC2,4.101668763344926,ncgc
O=C(c1ccco1)N1CCC2(CC1)CCN(c1ccccn1)CC2,4.4969551427270105,ncgc;veith
O=C(c1ccco1)N1CCC2(CC1)CCN(c1ccncc1)CC2,4.4969551427270105,ncgc;veith
O=C(c1ccco1)N1CCC2(CC1)CN(C(c1ccccc1)c1ccccc1)C2,5.396958734553992,ncgc;veith
O=C(c1ccco1)N1CCC2(CC1)CN(Cc1cc(C(F)(F)F)cc(C(F)(F)F)c1)C2,4.696954347372703,ncgc;veith
O=C(c1ccco1)N1CCC2(CC1)CN(Cc1ccncc1)C2,4.396953559925658,ncgc;veith
O=C(c1ccco1)N1CCC2(CC1)CN(c1ccccn1)C2,4.2969560175302135,ncgc;veith
O=C(c1ccco1)N1CCC2(CCCN(C(c3ccccc3)c3ccccc3)C2)CC1,4.4969551427270105,ncgc;veith
O=C(c1ccco1)N1CCC2(CCCN(Cc3ccncc3)C2)CC1,4.9969534480296955,ncgc;veith
O=C(c1ccco1)N1CCC2(CCCN(c3cccc(-c4ccccc4)c3)C2)CC1,3.9016695663778864,ncgc
O=C(c1ccco1)N1CCC2(CCCN(c3ccccn3)C2)CC1,4.396953559925658,ncgc;veith
O=C(c1ccco1)N1CCC2(CCN(Cc3cc(C(F)(F)F)cc(C(F)(F)F)c3)CC2)CC1,4.796954045378592,ncgc;veith
O=C(c1ccco1)N1CCC2(CCN(Cc3ccccc3)CC2)CC1,4.89695369244143,ncgc;veith
O=C(c1ccco1)N1CCC2(CCN(Cc3ccncc3)CC2)CC1,4.4969551427270105,ncgc;veith
O=C(c1ccco1)N1CCC2(CCN(Cc3nccs3)CC2)CC1,5.4969551427270105,ncgc;veith
O=C(c1ccco1)N1CCC[C@@]2(CCN(C(c3ccccc3)c3ccccc3)C2)C1,4.9969534480296955,ncgc;veith
O=C(c1ccco1)N1CCC[C@@]2(CCN(Cc3ccccc3)C2)C1,5.196951293391612,ncgc;veith
O=C(c1ccco1)N1CCC[C@@]2(CCN(Cc3ccncc3)C2)C1,4.396953559925658,ncgc;veith
O=C(c1ccco1)N1CCC[C@@]2(CCN(Cc3nccs3)C2)C1,4.4969551427270105,ncgc;veith
O=C(c1ccco1)N1CCC[C@@]2(CCN(c3cccc(-c4ccccc4)c3)C2)C1,4.101668763344926,ncgc
O=C(c1ccco1)N1CCC[C@@]2(CCN(c3ccccc3)C2)C1,4.201669884204322,ncgc
O=C(c1ccco1)N1CCC[C@@]2(CCN(c3ccccn3)C2)C1,4.396953559925658,ncgc;veith
O=C(c1ccco1)N1CCC[C@@]2(CCN(c3ccncc3)C2)C1,4.101668763344926,ncgc
O=C(c1ccco1)N1CCC[C@@]2(CCN(c3ncccn3)C2)C1,4.101668763344926,ncgc
O=C(c1cccs1)N1CCC(CCN2CCOCC2)CC1,4.309542779992346,challenge
O=C(c1cccs1)N1CCN(C(=O)C(c2ccccc2)c2ccccc2)CC1,4.492240905132714,veith
O=C(c1ccncc1)N1CCC2(CC1)CCN(C(c1ccccc1)c1ccccc1)CC2,4.9969534480296955,ncgc;veith
O=C(c1ccncc1)N1CCC2(CC1)CCN(c1cccc(-c3ccccc3)c1)CC2,4.596954724317373,ncgc;veith
O=C(c1ccncc1)N1CCC2(CC1)CCN(c1ccccn1)CC2,4.00166905897837,ncgc
O=C(c1ccncc1)N1CCC2(CC1)CCN(c1ncccn1)CC2,4.301670255124509,ncgc
O=C(c1ccncc1)N1CCC2(CC1)CN(C(c1ccccc1)c1ccccc1)C2,7.097117973498301,ncgc;veith
O=C(c1ccncc1)N1CCC2(CC1)CN(Cc1cc(C(F)(F)F)cc(C(F)(F)F)c1)C2,4.00166905897837,ncgc
O=C(c1ccncc1)N1CCC2(CC1)CN(Cc1ccccc1)C2,4.696954347372703,ncgc;veith
O=C(c1ccncc1)N1CCC2(CC1)CN(c1cccc(-c3ccccc3)c1)C2,5.7969497127886624,ncgc;veith
O=C(c1ccncc1)N1CCC2(CC1)CN(c1ccccc1)C2,4.596954724317373,ncgc;veith
O=C(c1ccncc1)N1CCC2(CC1)CN(c1ccccn1)C2,4.00166905897837,ncgc
O=C(c1ccncc1)N1CCC2(CC1)CN(c1ncccn1)C2,4.196955646610027,ncgc;veith
O=C(c1ccncc1)N1CCC2(CCCN(C(c3ccccc3)c3ccccc3)C2)CC1,6.897013699718457,ncgc;veith
O=C(c1ccncc1)N1CCC2(CCCN(Cc3ccncc3)C2)CC1,4.696954347372703,ncgc;veith
O=C(c1ccncc1)N1CCC2(CCCN(Cc3nccs3)C2)CC1,4.696954347372703,ncgc;veith
O=C(c1ccncc1)N1CCC2(CCCN(c3ccc(-c4ccccc4)cc3)C2)CC1,4.396953559925658,ncgc;veith
O=C(c1ccncc1)N1CCC2(CCCN(c3cccc(-c4ccccc4)c3)C2)CC1,4.796954045378592,ncgc;veith
O=C(c1ccncc1)N1CCC2(CCCN(c3ccccc3)C2)CC1,4.4969551427270105,ncgc;veith
O=C(c1ccncc1)N1CCC2(CCCN(c3ccccn3)C2)CC1,4.101668763344926,ncgc
O=C(c1ccncc1)N1CCC2(CCCN(c3ncccn3)C2)CC1,4.201669884204322,ncgc
O=C(c1ccncc1)N1CCC2(CCN(Cc3ccccc3)CC2)CC1,4.396953559925658,ncgc;veith
O=C(c1ccncc1)N1CCC2(CCN(Cc3ccncc3)CC2)CC1,4.101668763344926,ncgc
O=C(c1ccncc1)N1CCC2(CCN(Cc3nccs3)CC2)CC1,4.2969560175302135,ncgc;veith
O=C(c1ccncc1)N1CCC[C@@]2(CCN(C(c3ccccc3)c3ccccc3)C2)C1,5.196951293391612,ncgc;veith
O=C(c1ccncc1)N1CCC[C@@]2(CCN(Cc3cc(C(F)(F)F)cc(C(F)(F)F)c3)C2)C1,4.4969551427270105,ncgc;veith
O=C(c1ccncc1)N1CCC[C@@]2(CCN(Cc3ccncc3)C2)C1,4.196955646610027,ncgc;veith
O=C(c1ccncc1)N1CCC[C@@]2(CCN(Cc3nccs3)C2)C1,4.201669884204322,ncgc
O=C(c1ccncc1)N1CCC[C@@]2(CCN(c3cccc(-c4ccccc4)c3)C2)C1,4.4969551427270105,ncgc;veith
O=C(c1cnc(F)c(Cl)c1)N1CCN(c2ccc(F)cn2)CC1,4.315347079992345,challenge
O=C(c1cnc(N2CCN(c3ncccn3)CC2)c2ccccc12)N1CCN(c2ccccn2)CC1,4.442240306846953,veith
O=C(c1cnc(N2CCN(c3ncccn3)CC2)c2ccccc12)N1CCN(c2ncccn2)CC1,4.442240306846953,veith
O=C(c1cnc2ccccn12)N1CCN(C2CC2)c2ccccc21,4.421305336992345,challenge
O=C(c1cnc2ccoc2c1)N(Cc1ccccn1)Cc1ccccn1,4.204356249992346,challenge
O=C(c1cnc[nH]1)N1C[C@H]2COC[C@@]2(c2ccccc2)C1,4.346829181992345,challenge
O=C(c1cnccn1)N1CCC2(CC1)CCN(C(c1ccccc1)c1ccccc1)CC2,4.89695369244143,ncgc;veith
O=C(c1cnccn1)N1CCC2(CC1)CN(C(c1ccccc1)c1ccccc1)C2,4.696954347372703,ncgc;veith
O=C(c1cnccn1)N1CCC2(CC1)CN(Cc1cc(C(F)(F)F)cc(C(F)(F)F)c1)C2,5.896959146963251,ncgc;veith
O=C(c1cnccn1)N1CCC2(CCCN(C(c3ccccc3)c3ccccc3)C2)CC1,4.4969551427270105,ncgc;veith
O=C(c1cnccn1)N1CCC2(CCCN(Cc3ccccc3)C2)CC1,4.596954724317373,ncgc;veith
O=C(c1cnccn1)N1CCC2(CCCN(Cc3ccncc3)C2)CC1,4.396953559925658,ncgc;veith
O=C(c1cnccn1)N1CCC2(CCCN(Cc3nccs3)C2)CC1,4.596954724317373,ncgc;veith
O=C(c1cnccn1)N1CCC2(CCCN(c3ccccn3)C2)CC1,4.201669884204322,ncgc
O=C(c1cnccn1)N1CCC2(CCCN(c3ncccn3)C2)CC1,4.2969560175302135,ncgc;veith
O=C(c1cnccn1)N1CCC2(CCN(Cc3ccccc3)CC2)CC1,4.796954045378592,ncgc;veith
O=C(c1cnccn1)N1CCC[C@@]2(CCN(C(c3ccccc3)c3ccccc3)C2)C1,4.4969551427270105,ncgc;veith
O=C(c1cnccn1)N1CCC[C@@]2(CCN(Cc3cc(C(F)(F)F)cc(C(F)(F)F)c3)C2)C1,4.9969534480296955,ncgc;veith
O=C(c1cnccn1)N1CCC[C@@]2(CCN(Cc3ccccc3)C2)C1,4.596954724317373,ncgc;veith
O=C(c1cnccn1)N1CCC[C@@]2(CCN(c3cccc(-c4ccccc4)c3)C2)C1,4.101668763344926,ncgc
O=C(c1cnn(-c2ccccc2)c1)c1ccc2ccccc2c1O,4.642240772861618,veith
O=C(c1coc2ccccc12)N1CCN(Cc2nccn2C(F)F)CC1,4.361858232992346,challenge
O=C(c1csnn1)N1CCC2(CC1)CCN(C(c1ccccc1)c1ccccc1)CC2,5.7969497127886624,ncgc;veith
O=C(c1csnn1)N1CCC2(CC1)CCN(c1ccccc1)CC2,4.596954724317373,ncgc;veith
O=C(c1csnn1)N1CCC2(CC1)CCN(c1ccccn1)CC2,4.201669884204322,ncgc
O=C(c1csnn1)N1CCC2(CC1)CCN(c1ncccn1)CC2,3.9016695663778864,ncgc
O=C(c1csnn1)N1CCC2(CC1)CN(C(c1ccccc1)c1ccccc1)C2,4.396953559925658,ncgc;veith
O=C(c1csnn1)N1CCC2(CC1)CN(Cc1cc(C(F)(F)F)cc(C(F)(F)F)c1)C2,4.396953559925658,ncgc;veith
O=C(c1csnn1)N1CCC2(CC1)CN(Cc1ccncc1)C2,4.596954724317373,ncgc;veith
O=C(c1csnn1)N1CCC2(CC1)CN(c1cccc(-c3ccccc3)c1)C2,4.4969551427270105,ncgc;veith
O=C(c1csnn1)N1CCC2(CC1)CN(c1ccccc1)C2,4.2969560175302135,ncgc;veith
O=C(c1csnn1)N1CCC2(CC1)CN(c1ccccn1)C2,4.396953559925658,ncgc;veith
O=C(c1csnn1)N1CCC2(CCCN(C(c3ccccc3)c3ccccc3)C2)CC1,4.9969534480296955,ncgc;veith
O=C(c1csnn1)N1CCC2(CCCN(Cc3ccccc3)C2)CC1,5.396958734553992,ncgc;veith
O=C(c1csnn1)N1CCC2(CCCN(c3ccccc3)C2)CC1,4.201669884204322,ncgc
O=C(c1csnn1)N1CCC2(CCCN(c3ccccn3)C2)CC1,4.101668763344926,ncgc
O=C(c1csnn1)N1CCC2(CCCN(c3ccncc3)C2)CC1,4.196955646610027,ncgc;veith
O=C(c1csnn1)N1CCC2(CCCN(c3ncccn3)C2)CC1,4.2969560175302135,ncgc;veith
O=C(c1csnn1)N1CCC2(CCN(Cc3cc(C(F)(F)F)cc(C(F)(F)F)c3)CC2)CC1,4.796954045378592,ncgc;veith
O=C(c1csnn1)N1CCC2(CCN(Cc3ccccc3)CC2)CC1,5.7969497127886624,ncgc;veith
O=C(c1csnn1)N1CCC[C@@]2(CCN(C(c3ccccc3)c3ccccc3)C2)C1,5.69694058165962,ncgc;veith
O=C(c1csnn1)N1CCC[C@@]2(CCN(Cc3cc(C(F)(F)F)cc(C(F)(F)F)c3)C2)C1,6.096945016706242,ncgc;veith
O=C(c1csnn1)N1CCC[C@@]2(CCN(Cc3ccccc3)C2)C1,6.196983944657134,ncgc;veith
O=C(c1csnn1)N1CCC[C@@]2(CCN(Cc3ccncc3)C2)C1,4.696954347372703,ncgc;veith
O=C(c1csnn1)N1CCC[C@@]2(CCN(Cc3nccs3)C2)C1,4.796954045378592,ncgc;veith
O=C(c1csnn1)N1CCC[C@@]2(CCN(c3ccccn3)C2)C1,4.396953559925658,ncgc;veith
O=C(c1csnn1)N1CCC[C@@]2(CCN(c3ccncc3)C2)C1,4.4969551427270105,ncgc;veith
O=C(c1n[nH]c2c1C[C@H]1C[C@@H]21)N1CC=C(c2cccc3ccccc23)CC1,2.197595661992345,challenge
O=C(c1nc(NCc2ccco2)ncc1Cl)N1CCc2sccc2C1,2.518479329992345,challenge
O=C(c1nn(Cc2ccccc2)c(=O)c2ccccc12)N1CCN(C/C=C/c2ccccc2)CC1,4.242240761051421,veith
O=C(c1occ2c1CCC2)N1CCN(CCc2ccncc2)CC1,4.813807307992346,challenge
O=C(c1sccc1-n1ccnn1)N1CCCC(N2CCOCC2)CC1,4.5645447419923455,challenge
O=C1/C(=C/c2ccccc2)[C@@H](NC2CCCCC2)c2ccccc21,5.4969551427270105,ncgc;veith
O=C1C(=O)N(Cc2ccc(Cl)c(Cl)c2)c2ccccc21,4.89695369244143,ncgc;veith
O=C1C(=O)c2cccc3cccc1c23,4.173605694302373,tox21
O=C1C(=O)c2ccccc2C(O)=C1C(C1=C(O)c2ccccc2C(=O)C1=O)c1ccc(Cl)cc1,5.096953661274842,ncgc;veith
O=C1C(CCS(=O)c2ccccc2)C(=O)N(c2ccccc2)N1c1ccccc1,4.23441719671471,tox21
O=C1C(Cl)=C(Nc2ccc(S(=O)(=O)Nc3ccccn3)cc2)C(=O)c2ccccc21,4.9969534480296955,ncgc;veith
O=C1C(Cl)=C(Sc2nnc3c4ccccc4c4ccccc4c3n2)C(=O)c2ccccc21,4.89695369244143,ncgc;veith
O=C1C(Cl)C(CCl)CN1c1cccc(C(F)(F)F)c1,4.023251954306619,tox21
O=C1C(SCCO)=C(SCCO)C(=O)c2ccccc21,4.301668737073103,ncgc
O=C1C(c2[nH]c3ccccc3c2O)=Nc2ccccc21,3.7743157553591695,tox21
O=C1C2(Cl)C3(Cl)C4(Cl)C(Cl)(Cl)C5(Cl)C3(Cl)C1(Cl)C5(Cl)C24Cl,3.7303861040192396,tox21
O=C1C2=C(NC(=S)NC2c2ccc(Cl)cc2)NC(c2ccc(Cl)cc2)N1c1ccc(Cl)cc1,4.292241779935917,veith
O=C1C2CC=CCC2C(=O)N1SC(Cl)(Cl)C(Cl)Cl,4.023251954306619,tox21
O=C1C=C(N2CCN(c3ccccn3)CC2)C(=O)c2c(O)ccc(O)c21,4.89695369244143,ncgc;veith
O=C1C=C(NCCc2cc(Br)c(O)c(Br)c2)C(=O)c2ncccc21,5.296954647425311,ncgc;veith
O=C1C=C(Nc2ccc(Cl)cc2)CC(c2ccc(Cl)cc2)C1,4.542240874986129,veith
O=C1C=C(c2cccs2)CC(c2cccs2)C1n1cnc([N+](=O)[O-])c1,4.292241779935917,veith
O=C1C=CC(=O)N1c1cccc(N2C(=O)C=CC2=O)c1,4.173252039198229,tox21
O=C1C=CC(=O)c2c1ccc1c2ccc2ccccc21,4.801666983179052,ncgc
O=C1C=CC2=C3c4cc(O)c(O)cc4C[C@@]3(O)COC2=C1O,4.101668763344926,ncgc
O=C1CC(NCCC2=CCCCC2)C(=O)N1c1cccc(Cl)c1Cl,4.292241779935917,veith
O=C1CC(SC(=Nc2ccccc2)Nc2ccccc2)C(=O)N1c1cccc(Cl)c1,4.492240905132714,veith
O=C1CC(c2ccc3c(c2)OCO3)Sc2nc3ccccc3n21,4.542240874986129,veith
O=C1CC(c2cccc(F)c2)SC(N(c2ccccc2)c2ccccc2)=N1,4.092240288156335,veith
O=C1CC(c2cccs2)c2cc3c(cc2N1)OCO3,4.542240874986129,veith
O=C1CC2(CCCC2)CC(=O)N1CCCCN1CCN(c2ncccn2)CC1,4.199248207464355,ncgc;tox21;veith
O=C1CC2(CCCC2)CC(=O)N1CCCCNC[C@H]1COc2ccccc2O1,4.796954045378592,ncgc;veith
O=C1CC2(CCCC2)CC(=O)N1CCNC[C@H]1COc2ccccc2O1,6.396941486272403,ncgc;veith
O=C1CCC(C(O)CC2c3c(F)cccc3-c3cncn32)CC1,3.4416052371718466,pharmabench
O=C1CCC(CN2CC=C(c3ccc4c(c3)OCCO4)CC2)CCN1,5.072653324992346,challenge
O=C1CCC(N2C(=O)c3ccccc3C2=O)C(=O)N1,4.384416994074168,tox21
O=C1CCC(c2ccc(-n3ccnc3)cc2)=NN1,5.096953661274842,ncgc;veith
O=C1CCC(c2ccccc2)=NN1c1nc2ccccc2s1,4.89695369244143,ncgc;veith
O=C1CCC(n2cc(-c3cncc4ccccc34)nn2)C(=O)N1,4.013157339992346,challenge
O=C1CCCC2=C1C(c1ccc(Cl)cc1)C1C(=O)c3ccccc3C1=N2,4.092240288156335,veith
O=C1CCCC2=C1C(c1ccc(OS(=O)(=O)c3ccc(Cl)cc3)cc1)C1=C(CCCC1=O)O2,4.3922393223313625,veith
O=C1CCCCCO1,3.7693690562159183,tox21
O=C1CCCCN1C1CCN(c2nc3ccccc3n2Cc2ccc(F)cc2)CC1,4.780540175303296,pharmabench
O=C1CCCN1C1CCCCC1,3.923251608931447,tox21
O=C1CCCN1CC#CCN1CCCC1,4.596954724317373,ncgc;veith
O=C1CCCN1c1ccc(S(=O)(=O)Oc2cccc(Cl)c2)cc1[N+](=O)[O-],5.242240761051421,veith
O=C1CCCN1c1cccc(CNC2CCOC3(CCCC3)C2)c1,4.934151262992346,challenge
O=C1CCCc2ccccc21,3.96831543802747,tox21
O=C1CCN(c2ccccc2)N1,4.071483606674939,tox21
O=C1CC[C@@]2(O)[C@H]3Cc4ccc(O)c5c4[C@@]2(CCN3CC2CC2)[C@@H]1O5,4.4469548852700065,ncgc;veith
O=C1CC[C@@]2(O)[C@H]3Cc4ccc(O)c5c4[C@@]2(CCN3CC2CC2)[C@H]1O5,4.951873638524709,pharmabench;tox21
O=C1CC[C@](CCc2nc3ccccc3[nH]2)(c2ccccc2)C(=O)N1,5.1016670343933495,ncgc
O=C1CCc2cc(-c3cccc(O)c3F)cc3c2N1CCC3,3.393216992992345,challenge
O=C1CCc2ccc(OCCCCN3CCN(c4cccc(Cl)c4Cl)CC3)cc2N1,4.599470692496897,challenge;tox21
O=C1CN(/N=C/c2ccc([N+](=O)[O-])o2)C(=O)N1,3.723961519253198,tox21
O=C1CN2CCOC2(c2ccccc2Cl)c2cc(Cl)ccc2N1,4.384416994074168,tox21
O=C1CN=C(c2ccccc2)c2cc(Cl)ccc2N1CC1CC1,3.8520197548212023,tox21
O=C1CN=C(c2ccccc2)c2cc([N+](=O)[O-])ccc2N1,4.084417373518855,tox21
O=C1CN=C(c2cccs2)c2c(sc3c2CCCC3)N1,5.492240905132714,veith
O=C1COC(c2ccccc2O)=NN1CCCN1CCCC1,5.001666312269612,ncgc
O=C1COc2cc(Cl)c(Cl)cc2N1CC(=O)N1CCCC(c2ccccc2)C1CN1CCCC1,5.215208859804769,pharmabench
O=C1COc2cc(Cl)c(Cl)cc2N1CC(=O)N1CCCC(c2ccccc2)C1CN1CCOCC1,4.738087605085107,pharmabench
O=C1COc2cc(NC(=O)NCc3ccc(-n4ccnc4)c(F)c3)ccc2N1,5.614492346992345,challenge
O=C1COc2ccc(CN3c4ccccc4COc4cc(F)ccc43)cc2N1,4.205014945036295,pharmabench
O=C1COc2ccc(S(=O)(=O)N3c4ccccc4COc4cc(F)ccc43)cc2N1,4.090847303924222,pharmabench
O=C1CS/C(=C\[N+](=O)[O-])N1c1ccc(OC(F)(F)F)cc1,4.292241779935917,veith
O=C1CSC(c2ccccc2F)N1c1cc(Cl)ccc1O,3.992240583789779,veith
O=C1CSC2(CCN(CCCN3c4ccccc4Sc4ccc(Cl)cc43)CC2)N1,5.69694058165962,ncgc;veith
O=C1C[C@@H]2OCC=C3CN4CC[C@]56c7ccccc7N1[C@H]5[C@H]2[C@H]3C[C@H]46.O=C1C[C@@H]2OCC=C3CN4CC[C@]56c7ccccc7N1[C@H]5[C@H]2[C@H]3C[C@H]46.O=S(=O)(O)O,4.9344127982132715,tox21
O=C1C[C@H](c2ccccc2)Oc2cc(O)cc(O)c21,4.201669884204322,ncgc
O=C1Cc2c([nH]c3ccc(Br)cc23)-c2ccccc2N1,5.896959146963251,ncgc;veith
O=C1Cc2cc(NS(=O)(=O)c3cccc(-c4ccccc4)c3)ccc2N1,4.978560572992346,challenge
O=C1Cc2ccccc2N1c1c(Cl)cccc1Cl,3.9732520511108227,tox21
O=C1N(c2ccccc2)c2ccccc2C1(Cc1ccncc1)Cc1ccncc1,4.509442247570868,ncgc;tox21;veith
O=C1NC(=O)C(c2ccccc2)(c2ccccc2)N1,4.026450022566678,tox21
O=C1NC(=O)c2cc(S(=O)(=O)N3CC4(CCCC4)c4ccccc43)ccc21,2.063591291992345,challenge
O=C1NC(=O)c2cc([N+](=O)[O-])ccc21,3.7693690562159183,tox21
O=C1NC(CC2CCCc3ccccc32)C(=O)N1c1cccc2cccnc12,4.482889494992346,challenge
O=C1NC(Cc2nccs2)C(=O)NC1Cc1cc(Cl)cc(Cl)c1,4.277831246992346,challenge
O=C1NC(c2cccc([N+](=O)[O-])c2)=CCN1c1ccccc1O,4.196955646610027,ncgc;veith
O=C1NC2CCCCN2C12CCN(CCCN1c3ccccc3CCc3ccc(Cl)cc31)CC2,4.734419094663767,tox21
O=C1NCC2(CCN(CC(O)c3ccccc3C(F)(F)F)CC2)Oc2ccccc21,6.695637489992346,challenge
O=C1NCC2(CCN(CCc3ccccc3)CC2)O1,4.271954002140141,ncgc;veith
O=C1NCCC1CCn1cc(-c2ccc3cnccc3c2)nn1,4.850859631992345,challenge
O=C1NCCN1,4.09200809025958,tox21
O=C1NCCN1CCN1CCC(c2cn(-c3ccc(F)cc3)c3ccc(Cl)cc23)CC1,4.884412652001449,tox21
O=C1NCN(c2ccccc2)C12CCN(CC1COc3ccccc3O1)CC2,6.234339779006829,tox21
O=C1NCN(c2ccccc2)C12CCN(CCCC(c1ccc(F)cc1)c1ccc(F)cc1)CC2,5.0594431961564235,ncgc;tox21;veith
O=C1NCN(c2ccccc2)C12CCN(CCCOc1ccc(F)cc1)CC2,6.1594462954511515,ncgc;tox21;veith
O=C1NCN(c2ccccc2)C12CCN(C[C@H]1COc3ccccc3O1)CC2,6.621941488943687,ncgc;veith
O=C1NS(=O)(=O)c2ccccc21,3.850688894975228,tox21
O=C1Nc2cc(Cl)c(Cl)cc2N2CCNC[C@H]12,4.796954045378592,ncgc;veith
O=C1Nc2ccc(Cl)cc2C(c2ccccc2)=NC1O,3.982551973732659,tox21
O=C1Nc2ccc(Cl)cc2[C@@](C#CC2CC2)(C(F)(F)F)O1,2.1322560249923455,challenge
O=C1Nc2ccc(F)cc2C12Nc1ccccc1-c1nnc(SCc3ccccc3F)nc1O2,4.342240150210577,veith
O=C1Nc2ccc(I)cc2/C1=C/c1cc(Br)c(O)c(Br)c1,3.9016695663778864,ncgc
O=C1Nc2ccc([N+](=O)[O-])cc2C1=O,4.723961433727539,tox21
O=C1Nc2ccccc2/C1=C\c1ccc2c(/C=C/c3ccncc3)n[nH]c2c1,4.118298846796713,pharmabench
O=C1Nc2ccccc2/C1=N/c1sc2c(c1C(=O)NCCc1ccccc1)CCCC2,4.842240508595863,veith
O=C1Nc2ccccc2C(O)(C(=O)NCc2ccc3c(c2)OCO3)N1c1ccc(Cl)c(Cl)c1,5.442240306846952,veith
O=C1Nc2ccccc2C1(c1ccc(O)cc1)c1ccc(O)cc1,3.723251713511802,tox21
O=C1OC(=O)C2CC=CCC12,4.071483606674939,tox21
O=C1OC(=O)[C@@H]2[C@@H]1[C@@H]1CC[C@H]2O1,4.00166905897837,ncgc
O=C1OC(=O)c2cc([N+](=O)[O-])ccc21,3.8246708734794685,tox21
O=C1OC(c2ccc(O)cc2)(c2ccc(O)cc2)c2ccccc21,4.097676790033805,challenge;tox21
O=C1OCC(CO)(CO)N=C1NNc1ccc(Cl)c(Cl)c1,4.642240772861618,veith
O=C1OCCN1/N=C\c1ccc([N+](=O)[O-])o1,4.396953559925658,ncgc;veith
O=C1O[C@@H](Cn2ccnn2)CN1c1ccc(-c2cccnc2)c(F)c1,4.599784906918826,pharmabench
O=C1O[C@@]2(CN3CCC2CC3)CN1c1ccc(Br)s1,4.465086333021369,pharmabench
O=C1O[C@]2(CN3CCC2CC3)CN1c1ccc(Cl)s1,5.118298846796713,pharmabench
O=C1Oc2ccccc2C(=O)/C1=C\N1C(=O)N/C(=C\c2ccccc2O)C1=O,4.89695369244143,ncgc;veith
O=C1[C@@H]2C=CC=CC2=NC(=S)N1CCN1CCC(=C(c2ccc(F)cc2)c2ccc(F)cc2)CC1,4.396953559925658,ncgc;veith
O=C1[C@@H]2[C@@H](C(=O)N1c1ccc(OCc3ccccc3)cc1)[C@@H]1c3ccccc3[C@@H]2[n+]2ccccc21,4.89695369244143,ncgc;veith
O=C1[C@@H]2[C@H]3CC[C@H](C3)[C@@H]2C(=O)N1CCCCN1CCN(c2ncccn2)CC1,4.484418434588723,tox21
O=C1[C@@H]2[C@H]3[C@H](O)[C@H](O)C/C(=N/OCc4ccccc4)[C@@H]3CC[C@H]2C(=O)N1c1ccc(F)cc1F,4.701667552503337,ncgc
O=C1[C@H](CC[C@H](O)c2ccc(F)cc2)[C@@H](c2ccc(O)cc2)N1c1ccc(F)cc1,4.1682592857556005,challenge;tox21
O=C1[C@H]2[C@H]3[C@H](O)[C@H](O)C/C(=N/OCc4ccccc4)[C@@H]3CC[C@@H]2C(=O)N1Cc1ccc2c(c1)OCO2,4.89695369244143,ncgc;veith
O=C1[C@H]2[C@H]3[C@H](O)[C@H](O)C/C(=N/OCc4ccccc4)[C@@H]3CC[C@@H]2C(=O)N1c1cccc(Oc2ccccc2)c1,4.89695369244143,ncgc;veith
O=C1c2c(O)ccc(O)c2C(=O)c2c(NCCNCCO)ccc(NCCNCCO)c21,3.9016695663778864,ncgc
O=C1c2cccc(O)c2C(=O)c2c(O)cccc21,3.824155720376594,tox21
O=C1c2cccc3c(Nc4ccccc4Cl)c([N+](=O)[O-])cc(c23)C(=O)N1CCO,4.342240150210577,veith
O=C1c2ccccc2-c2cc([N+](=O)[O-])c([N+](=O)[O-])cc21,4.9969534480296955,ncgc;veith
O=C1c2ccccc2-c2n[nH]c3cccc1c23,5.896959146963251,ncgc;veith
O=C1c2ccccc2C(=O)C1(O)O,4.020778320154059,tox21
O=C1c2ccccc2C(=O)C1C(=O)C(c1ccccc1)c1ccc(Cl)cc1,4.023251954306619,tox21
O=C1c2ccccc2C(=O)C1C(=O)C(c1ccccc1)c1ccccc1,4.0344169708398665,tox21
O=C1c2ccccc2C(=O)N1CCCSc1ccccc1,4.9969534480296955,ncgc;veith
O=C1c2ccccc2C(=O)c2c1ccc(C(=O)O)c2-c1ccc2ccccc2c1,4.601668415167836,ncgc
O=C1c2ccccc2C(=O)c2cc(S(=O)(=O)[O-])ccc21.[Na+],3.9714832229827737,tox21
O=C1c2ccccc2C(O)(O)[C@@]1(O)[C@]1(O)C(=O)c2ccccc2C1(O)O,4.601668415167836,ncgc
O=C1c2ccccc2CC[C@H]1CNCCc1ccc(O)cc1,5.896959146963251,ncgc;veith
O=C1c2ccccc2NC(c2ccc3c(c2)OCO3)N1O,4.342240150210577,veith
O=C1c2ccccc2S(=O)(=O)N1CCCCN1CCN(c2ncccn2)CC1,4.8180417464440435,ncgc;tox21
O=C=NC1CCC(CC2CCC(N=C=O)CC2)CC1,4.023251954306619,tox21
O=C=NCC1CCCC(CN=C=O)C1,4.073252490208837,tox21
O=C=NCCCCCCN=C=O,3.7655153913158976,tox21
O=CC(=O)c1ccccc1,4.122543884304775,tox21
O=CC1CC=CCC1,3.8271633424862017,tox21
O=CC=C(c1ccccc1)c1ccccc1,3.9693688010834585,tox21
O=CCCc1ccccc1,3.9732520511108227,tox21
O=CCc1ccccc1,3.976450703026483,tox21
O=CNC(N1CCN(C(NC=O)C(Cl)(Cl)Cl)CC1)C(Cl)(Cl)Cl,4.173252039198229,tox21
O=Cc1ccc(Cl)c([N+](=O)[O-])c1,3.9732520511108227,tox21
O=Cc1ccc(F)cc1,4.023251954306619,tox21
O=Cc1cccc([N+](=O)[O-])c1,3.8260936109501706,tox21
O=NN(CCCl)C(=O)NCCCl,4.3344172940778565,tox21
O=NN(c1ccccc1)c1ccccc1,4.23326727753303,tox21
O=NN1CCNCC1,4.027817290633169,tox21
O=Nc1c(-c2c(O)[nH]c3ccccc23)[nH]c2ccccc12,4.00166905897837,ncgc
O=Nc1ccc(O)cc1,3.9832679278651133,tox21
O=Nc1ccc2oc(=O)ccc2c1,4.2969560175302135,ncgc;veith
O=P(O)(O)c1ccccc1,4.473252039336182,tox21
O=P(OC(CCl)CCl)(OC(CCl)CCl)OC(CCl)CCl,4.0243166676574225,tox21
O=P(OCC(Br)CBr)(OCC(Br)CBr)OCC(Br)CBr,4.2066752212052885,tox21
O=P(c1ccccc1)(c1ccccc1)N1CC2(CC2)CC(O)(c2ccccc2)C1,4.201669884204322,ncgc
O=P1(N(CCCl)CCCl)NCCCO1,5.0554502499923455,challenge
O=P1(NCCCl)OCCCN1CCCl,4.2228980729318515,tox21
O=S(=O)(/N=C(\Sc1ccc(Cl)cc1)c1ccccc1)c1ccccc1,4.442240306846953,veith
O=S(=O)(CCC1CCCC1)Nc1ccc(-n2cncn2)cc1,5.4467982099923455,challenge
O=S(=O)(CCNCc1cc2ccccc2nc1N1CCCCC1)c1ccccc1,6.246195764992346,challenge
O=S(=O)(Cc1ccc2c(c1)CCNCC2)c1ccc(-c2ccc(F)c(F)c2)cc1,6.419328842460694,pharmabench
O=S(=O)(Cc1ccc2c(c1)CCNCC2)c1ccc(-c2ccc(F)cc2)cc1,6.118298846796713,pharmabench
O=S(=O)(Cc1ccc2c(c1)CCNCC2)c1ccc(N2CCCCC2)nc1,5.377936157302469,pharmabench
O=S(=O)(Cc1ccc2c(c1)CCNCC2)c1ccc(N2CCOCC2)nc1,4.215208859804769,pharmabench
O=S(=O)(Cl)c1c(Cl)cccc1Cl,4.122510128621616,tox21
O=S(=O)(N/N=C\c1ccc2c(c1)OCO2)c1ccc(Cl)cc1,4.592241033466911,veith
O=S(=O)(N/N=C\c1cccn1-c1ccccc1)c1ccc2ccccc2c1,4.792241107578132,veith
O=S(=O)(N/N=C\c1cn(-c2ccccc2)nc1-c1ccccc1)c1ccccc1,6.442240306846953,veith
O=S(=O)(N1CCc2ccccc2C1)N(Cc1cccc(O)c1)CC1CC1,4.701276347992346,challenge
O=S(=O)(NC1CCN(Cc2ccccc2)CC1)c1cccc2cccnc12,5.292241779935917,veith
O=S(=O)(NCCN1CCCC1)c1cnc2ccccc2c1,5.277414504992346,challenge
O=S(=O)(NCCNC/C=C\c1ccc(Br)cc1)c1cccc2cnccc12,4.096954525750631,ncgc;veith
O=S(=O)(NCCNS(=O)(=O)c1cccs1)c1cccs1,4.142241126006169,veith
O=S(=O)(NCCSCc1ccc(Cl)cc1Cl)c1ccc2c(c1)OCCO2,4.642240772861618,veith
O=S(=O)(NC[C@@H]1OCC[C@@]2(S(=O)(=O)c3ccc(Cl)cc3)c3c(F)ccc(F)c3OC[C@@H]12)C(F)(F)F,3.9422075877410316,pharmabench
O=S(=O)(NCc1cc(-c2ccc(Cl)cc2)no1)c1ccc(Cl)cc1,5.692241142242068,veith
O=S(=O)(NCc1cc(-c2ccccc2Cl)no1)c1ccc(Cl)cc1,4.3922393223313625,veith
O=S(=O)(N[C@]12CCC[C@H]1CNC2)c1onc(C2CC2)c1Cl,6.5204986219923455,challenge
O=S(=O)(Nc1ccc(-c2cc[nH]n2)cc1)c1cc(Cl)cc(Cl)c1,4.347446835154568,pharmabench
O=S(=O)(Nc1ccc(-c2ccncc2)cc1)c1cc(Cl)cc(Cl)c1,6.118298846796713,pharmabench
O=S(=O)(Nc1ccc(-c2cncnc2)cc1)c1cc(Cl)cc(Cl)c1,4.561996346029425,pharmabench
O=S(=O)(Nc1ccc(-c2nnco2)cc1)c1cc(Cl)cc(Cl)c1,4.2403518951675245,pharmabench
O=S(=O)(Nc1ccc(-n2cccn2)cc1)c1ccc(Cl)cc1,2.055729004992345,challenge
O=S(=O)(Nc1ccc(Cc2ccncc2)cc1)c1ccc(Br)cc1,5.692241142242068,veith
O=S(=O)(Nc1ccc(Cc2ccncc2)cc1)c1ccc(Cl)c(Cl)c1,5.492240905132714,veith
O=S(=O)(Nc1ccc(Cc2ccncc2)cc1)c1cccs1,5.942241381558047,veith
O=S(=O)(Nc1ccc2c(c1)CCN(Cc1cc[nH]n1)CC2)c1ccc(-c2ccccn2)s1,6.118298846796713,pharmabench
O=S(=O)(Nc1ccc2occc2c1)c1cccc2cccnc12,4.451750092992346,challenge
O=S(=O)(Nc1ccn(-c2ncccc2F)n1)c1ccc(OC(F)(F)F)cc1,4.276122024992346,challenge
O=S(=O)(Nc1cnc(C2CC2)nc1)c1cccc2c1COC2,4.463267782992346,challenge
O=S(=O)(O)C(F)(F)F,3.9732520511108227,tox21
O=S(=O)(O)O.Oc1ccc(C(O)CNCCCCCCNCC(O)c2ccc(O)c(O)c2)cc1O,4.084417373518855,tox21
O=S(=O)(O)c1ccc(Cl)cc1,3.8721211752381146,tox21
O=S(=O)(O)c1ccc(N=Nc2ccccc2)cc1,5.201661177767493,ncgc
O=S(=O)(O)c1ccccc1,3.7485966230364482,tox21
O=S(=O)(O)c1ccccc1O,4.173252039198229,tox21
O=S(=O)(Oc1ccc(Cl)cc1)c1ccc(Cl)cc1,4.270258319107744,tox21
O=S(=O)(Oc1ccc(Cl)cc1)c1ccccc1,4.023251954306619,tox21
O=S(=O)([O-])C(F)(F)C(F)(F)C(F)(F)C(F)(F)F.[K+],4.147672561496097,tox21
O=S(=O)([O-])CCS.[Na+],4.078950999349035,tox21
O=S(=O)([O-])c1cc(O)ccc1O.[K+],3.8305059103332066,tox21
O=S(=O)([O-])c1ccc(N=Nc2c(O)ccc3cc(S(=O)(=O)[O-])ccc23)cc1.[Na+].[Na+],3.8214832015476894,tox21
O=S(=O)([O-])c1ccc2cc(O)c(S(=O)(=O)[O-])cc2c1.[Na+].[Na+],3.8232520113632606,tox21
O=S(=O)(c1ccc(-c2cccc3c2OCO3)cc1)N1CCNCC1,4.139846376992345,challenge
O=S(=O)(c1ccc(CNC2(Cc3ccc(F)cc3)CCOCC2)o1)N1CCCC1,4.452307369992345,challenge
O=S(=O)(c1ccc(CNC2CCC23CCC3)cc1)N1CCOCC1,5.407307174992345,challenge
O=S(=O)(c1ccc(F)cc1)n1ccc(-c2cnc(-c3ccccc3)s2)n1,4.242240761051421,veith
O=S(=O)(c1ccc(O)cc1)c1ccc(O)cc1,3.8204250572030194,tox21
O=S(=O)(c1ccc2[nH]c(SCc3cccc(Cl)c3)nc2c1)N1CCOCC1,4.377936157302469,pharmabench
O=S(=O)(c1ccc2c(c1)OCO2)N(CC1CC1)CC1CC1,4.177024429992346,challenge
O=S(=O)(c1cccc2c(Cl)cccc12)N1CCCNCC1,4.001669164861406,ncgc
O=S(=O)(c1cccc2c(I)cccc12)N1CCCNCC1,4.4969551427270105,ncgc;veith
O=S(=O)(c1cccc2cnccc12)N1CCCNCC1,5.9538111914355385,challenge;ncgc;veith
O=S(=O)(c1ccccc1)N1CCC2(CC1)CN(C(c1ccccc1)c1ccccc1)C2,5.096953661274842,ncgc;veith
O=S(=O)(c1ccccc1)N1CCC2(CC1)CN(Cc1ccccc1)C2,6.296940946851727,ncgc;veith
O=S(=O)(c1ccccc1)N1CCC2(CC1)CN(c1ccccn1)C2,4.196955646610027,ncgc;veith
O=S(=O)(c1ccccc1)N1CCC2(CCCN(C(c3ccccc3)c3ccccc3)C2)CC1,5.7969497127886624,ncgc;veith
O=S(=O)(c1ccccc1)N1CCC2(CCCN(Cc3cc(C(F)(F)F)cc(C(F)(F)F)c3)C2)CC1,5.096953661274842,ncgc;veith
O=S(=O)(c1ccccc1)N1CCC2(CCCN(Cc3ccccc3)C2)CC1,6.797036381016095,ncgc;veith
O=S(=O)(c1ccccc1)N1CCC2(CCCN(Cc3ccncc3)C2)CC1,5.4969551427270105,ncgc;veith
O=S(=O)(c1ccccc1)N1CCC2(CCCN(c3ccccc3)C2)CC1,4.4969551427270105,ncgc;veith
O=S(=O)(c1ccccc1)N1CCC2(CCCN(c3ccccn3)C2)CC1,4.396953559925658,ncgc;veith
O=S(=O)(c1ccccc1)N1CCC2(CCCN(c3ccncc3)C2)CC1,4.596954724317373,ncgc;veith
O=S(=O)(c1ccccc1)N1CCC2(CCCN(c3ncccn3)C2)CC1,4.396953559925658,ncgc;veith
O=S(=O)(c1ccccc1)N1CCC2(CCN(Cc3ccncc3)CC2)CC1,4.096954525750631,ncgc;veith
O=S(=O)(c1ccccc1)N1CCC2(CCN(Cc3nccs3)CC2)CC1,4.101668763344926,ncgc
O=S(=O)(c1ccccc1)N1CCC2(CCN(c3ccncc3)CC2)CC1,4.2969560175302135,ncgc;veith
O=S(=O)(c1ccccc1)N1CCC[C@@]2(CCN(C(c3ccccc3)c3ccccc3)C2)C1,5.69694058165962,ncgc;veith
O=S(=O)(c1ccccc1)N1CCC[C@@]2(CCN(Cc3ccccc3)C2)C1,7.097117973498301,ncgc;veith
O=S(=O)(c1ccccc1)N1CCC[C@@]2(CCN(Cc3nccs3)C2)C1,5.096953661274842,ncgc;veith
O=S(=O)(c1ccccc1)N1CCC[C@@]2(CCN(c3ccncc3)C2)C1,4.2969560175302135,ncgc;veith
O=S(=O)(c1ccccc1)N1CCC[C@@]2(CCN(c3ncccn3)C2)C1,4.2969560175302135,ncgc;veith
O=S(=O)(c1ccccc1)N1CCN(S(=O)(=O)c2ccccc2)c2ccccc21,4.796954045378592,ncgc;veith
O=S(=O)(c1ccccc1)N1N=C(c2cccs2)CC1c1ccc(Br)cc1,5.442240306846952,veith
O=S(=O)(c1cccs1)N1CN(Cc2ccc(Cl)cc2)c2nc3ccccc3nc21,5.842240508595863,veith
O=S(Cc1ccccc1)CC(O)(c1ccccc1)c1ccccc1,5.142241126006169,veith
O=S1(=O)C=C(SCc2cccc(Cl)c2)Nc2ccccc21,4.3922393223313625,veith
O=S1(=O)CCC(CNCCCCN(C[C@H]2Cc3ccccc3CN2)[C@H]2CCCc3cccnc32)CC1,5.351142980714533,pharmabench
O=S1(=O)CCC(COc2ccc3c(c2)CCC2(CCN(C4CCC4)CC2)O3)CC1,4.377936157302469,pharmabench
O=S1(=O)CCC(Oc2ccc3c(c2)CCC2(CCN(C4CCC4)CC2)O3)CC1,4.599784906918826,pharmabench
O=S1(=O)CCC2(CCCN(Cc3cnc(-c4ccccc4)o3)C2)C1,4.088904774992345,challenge
O=S1(=O)CCN(CCc2cn(Cc3ccc(F)cc3)c3ccccc23)CC1,4.192241409015731,veith
O=S1(=O)N(CCN2CC=C(c3c[nH]c4cc(F)ccc34)CC2)c2cccc3c2N1CCC3,6.196983944657134,ncgc;veith
O=S1(=O)[C@H]([C@H]2CC3c4ccccc4C2c2ccccc23)[C@@H](N2CCCCC2)[C@@H]1c1ccccc1,4.9969534480296955,ncgc;veith
O=S1(=O)c2cccc3cccc(c23)N1CCCN1CCN(c2ccc(F)cc2)CC1,4.0344169708398665,tox21
O=S1OCC2C(CO1)C1(Cl)C(Cl)=C(Cl)C2(Cl)C1(Cl)Cl,4.5725452562645135,tox21
O=S1OC[C@@H]2[C@H](CO1)[C@]1(Cl)C(Cl)=C(Cl)[C@@]2(Cl)C1(Cl)Cl,3.773251730425014,tox21
O=[As](O)(O)c1ccc(NCc2ccccc2)cc1,4.701667552503337,ncgc
O=[Cr]O[Cr]=O,4.863077694095358,tox21
O=[N+]([O-])/C=C/c1cn(Cc2ccccc2)c2ccccc12,4.292241779935917,veith
O=[N+]([O-])/C=C\c1cc2ccccc2[nH]1,4.796954045378592,ncgc;veith
O=[N+]([O-])C(/C=C(\Cl)[N+](=O)[O-])=C1N(Cc2ccc(Cl)nc2)CCN1Cc1ccc(Cl)nc1,4.292241779935917,veith
O=[N+]([O-])C(CO)(CO)CO,3.779668370555698,tox21
O=[N+]([O-])C([N+](=O)[O-])([N+](=O)[O-])[N+](=O)[O-],4.019034860392668,tox21
O=[N+]([O-])OCCN(CCO[N+](=O)[O-])CCO[N+](=O)[O-],4.134416852957513,tox21
O=[N+]([O-])c1c(Cl)c(Cl)c(Cl)c(Cl)c1Cl,3.975025927916712,tox21
O=[N+]([O-])c1c(Cl)c(Cl)cc(Cl)c1Cl,4.023251954306619,tox21
O=[N+]([O-])c1c(NCCO)cc(Sc2nc3ccccc3s2)c2nonc12,4.342240150210577,veith
O=[N+]([O-])c1cc(C(F)(F)F)c(Cl)c([N+](=O)[O-])c1Nc1ncc(C(F)(F)F)cc1Cl,3.9732520511108227,tox21
O=[N+]([O-])c1cc(C(F)(F)F)cc([N+](=O)[O-])c1Cl,4.321131498782716,tox21
O=[N+]([O-])c1cc(Cc2cc([N+](=O)[O-])c3cccnc3c2O)c(O)c2ncccc12,4.89695369244143,ncgc;veith
O=[N+]([O-])c1cc(F)c(N2CCOCC2)cc1N1CCCCC1,4.492240905132714,veith
O=[N+]([O-])c1cc([N+](=O)[O-])c2ccccc2c1,4.123251823480467,tox21
O=[N+]([O-])c1cc[n+]([O-])cc1,4.023251954306619,tox21
O=[N+]([O-])c1ccc(-c2cnc(SCc3ccccc3Cl)[nH]2)cc1,4.3922393223313625,veith
O=[N+]([O-])c1ccc(C2=Nn3c(nnc3-c3ccc(Cl)cc3)SC2)o1,4.801666983179052,ncgc
O=[N+]([O-])c1ccc(C2C3C(c4ccccc4)=NC4(CCCCC4)N32)cc1,4.3922393223313625,veith
O=[N+]([O-])c1ccc(Cl)c(/C=N/N2CCN(Cc3ccccc3)CC2)c1,4.442240306846953,veith
O=[N+]([O-])c1ccc(Cl)c(/C=N/N2CCN(Cc3ccccc3Cl)CC2)c1,4.592241033466911,veith
O=[N+]([O-])c1ccc(Cl)c([N+](=O)[O-])c1,3.744732849601145,tox21
O=[N+]([O-])c1ccc(Cl)cc1Cl,3.69714940043234,tox21
O=[N+]([O-])c1ccc(F)c([N+](=O)[O-])c1,3.9690173961119024,tox21
O=[N+]([O-])c1ccc(N/N=C\c2cccn2-c2ccccc2)nc1,4.842240508595863,veith
O=[N+]([O-])c1ccc(N2CCN(CCOc3nonc3-c3ccccc3)CC2)c(Cl)c1,6.442240306846953,veith
O=[N+]([O-])c1ccc(Nc2ccccc2)cc1,4.046486247109592,tox21
O=[N+]([O-])c1ccc(Nc2nc3ccccc3s2)cc1,5.001666312269612,ncgc
O=[N+]([O-])c1ccc(O)cc1C(F)(F)F,3.9865459750312384,tox21
O=[N+]([O-])c1ccc(Oc2ccc(C(F)(F)F)cc2[N+](=O)[O-])cc1,4.223252007786247,tox21
O=[N+]([O-])c1ccc(Oc2ccc(Cl)cc2Cl)cc1,3.922014625639598,tox21
O=[N+]([O-])c1ccc(S(=O)(=O)Cc2ccccc2)c([N+](=O)[O-])c1,5.096953661274842,ncgc;veith
O=[N+]([O-])c1ccc(S(=O)(=O)Cc2ccccc2)c2nonc12,4.701667552503337,ncgc
O=[N+]([O-])c1ccc([N+](=O)[O-])cc1,3.9732520511108227,tox21
O=[N+]([O-])c1ccc2c(N=Nc3ccc4ccccc4c3O)c(O)cc(S(=O)(=O)O)c2c1,5.701640021077171,ncgc
O=[N+]([O-])c1ccc2c(c1)Cc1ccccc1-2,3.773606115829792,tox21
O=[N+]([O-])c1ccc2ccc3cccc4ccc1c2c34,4.073252490208837,tox21
O=[N+]([O-])c1ccc2nc(-c3ccccc3)n(OCc3ccc(Cl)cc3)c2c1,4.692241142242068,veith
O=[N+]([O-])c1ccc2ncccc2c1,3.8218370018744876,tox21
O=[N+]([O-])c1cccc(-c2nc(-c3ccccc3)c(-c3cccs3)[nH]2)c1,4.842240508595863,veith
O=[N+]([O-])c1cccc(-c2nc(-c3cccs3)c(-c3cccs3)[nH]2)c1,4.292241779935917,veith
O=[N+]([O-])c1cccc(/C=N\Nc2ccc3ccccc3n2)c1O,4.9969534480296955,ncgc;veith
O=[N+]([O-])c1cccc(CCl)c1,4.063425417319078,tox21
O=[N+]([O-])c1cccc(S(=O)(=O)NCCNS(=O)(=O)c2cccc([N+](=O)[O-])c2)c1,4.3344172940778565,tox21
O=[N+]([O-])c1cccc(S(=O)(=O)[O-])c1.[Na+],4.066563595953827,tox21
O=[N+]([O-])c1cccc([N+](=O)[O-])c1,3.7551472737155143,tox21
O=[N+]([O-])c1cccc2c(Br)[nH]nc12,6.096945016706242,ncgc;veith
O=[N+]([O-])c1cccc2c([N+](=O)[O-])cccc12,4.520778599448215,tox21
O=[N+]([O-])c1ccccc1,4.258580429247212,tox21
O=[N+]([O-])c1ccccc1CCl,3.8569025814098667,tox21
O=[N+]([O-])c1ccccc1Nc1ccccc1,4.025737302769844,tox21
O=[N+]([O-])c1ccccc1O,3.7934662970164075,tox21
O=[N+]([O-])c1ccccc1OCCCN1CCOCC1,4.442240306846953,veith
O=[N+]([O-])c1ccccc1[N+](=O)[O-],3.839062436290005,tox21
O=[N+]([O-])c1nccn1CO[C@@H](CO)[C@H](O)CO,4.0344169708398665,tox21
O=[p+]1oc2ccccc2c2ccccc21,3.9753822304266384,tox21
O=c1[nH]c(=O)[nH]c(=O)[nH]1,3.7978871291382044,tox21
O=c1[nH]c(SCc2c(Cl)c(Cl)c(Cl)c(Cl)c2Cl)nc(=S)[nH]1,4.89695369244143,ncgc;veith
O=c1[nH]c2c(c(=O)[nH]1)CN(CC1CCC(c3ccccc3)O1)C2,4.483276882992346,challenge
O=c1[nH]c2cc(Cl)ccc2c(O)c1-c1cccc(Oc2ccccc2)c1,4.696954347372703,ncgc;veith
O=c1[nH]c2cc(Cl)ccc2n1C1CCNCC1,4.384416994074168,tox21
O=c1[nH]c2cc3c(cc2cc1CN(CCCO)Cc1nnnn1Cc1ccc(F)cc1)OCO3,4.3922393223313625,veith
O=c1[nH]c2ccc(S(=O)CCN3CCC(Cc4ccc(F)cc4)CC3)cc2o1,4.073252490208837,tox21
O=c1[nH]c2ccccc2n1C1=CCN(CCc2ccsc2)CC1,6.967115307992346,challenge
O=c1[nH]c2ccccc2n1C1CCN(CCCC(c2ccc(F)cc2)c2ccc(F)cc2)CC1,5.056875301147748,challenge;ncgc;tox21;veith
O=c1[nH]c2ccccc2n1C1CCNCC1,4.191671420232989,tox21
O=c1[nH]c2ccccc2n1CCCN1CCC(n2c(=O)[nH]c3cc(Cl)ccc32)CC1,5.009442376491375,ncgc;tox21;veith
O=c1[nH]c2ccccc2n1CCCN1CCN(C(c2ccccc2)c2ccccc2)CC1,5.642777463409568,ncgc;tox21;veith
O=c1[nH]c2ccccc2o1,3.9721903241203718,tox21
O=c1[nH]ccn1-c1cccc(O[C@H]2c3ccccc3C[C@@H]2N2CCCC2)c1,4.839545245843884,pharmabench
O=c1[nH]cnc2[nH]ncc12,3.9630781056599096,tox21
O=c1[nH]cnc2c1ncn2[C@@H]1O[C@H](CO)[C@@H](O)[C@H]1O,4.343276144992346,challenge
O=c1[nH]nc(-c2c(N3CCCCC3)nc3ccc(Cl)cc3c2-c2ccccc2)o1,3.839545245843884,pharmabench
O=c1[nH]nc(-c2ccc([N+](=O)[O-])o2)o1,4.023251954306619,tox21
O=c1[nH]nc(-c2nc(C3CCCc4ccccc43)no2)c2ccccc12,4.3205972949923455,challenge
O=c1c(-c2cc(F)cc(F)c2)nc2cnc(N3CCNCC3)nc2n1CCc1ccccc1,4.201669884204322,ncgc
O=c1c(-c2ccc(Cl)cc2)nc2cnc(N3CCNCC3)nc2n1CCc1ccccc1,4.101668763344926,ncgc
O=c1c(-c2ccc(F)cc2)nc2cnc(N3CCNCC3)nc2n1Cc1ccc(F)cc1,4.201669884204322,ncgc
O=c1c(-c2ccc(F)cc2)nc2cnc(N3CCNCC3)nc2n1Cc1cccs1,4.201669884204322,ncgc
O=c1c(-c2ccc(F)cc2)nc2cnc(N3CCOCC3)nc2n1Cc1ccc(F)cc1,3.9016695663778864,ncgc
O=c1c(-c2ccc(F)cc2)nc2cncnc2n1-c1ccccc1,4.201669884204322,ncgc
O=c1c(-c2ccc(O)cc2)coc2cc(O)ccc12,4.2969560175302135,ncgc;veith
O=c1c(-c2cccc(Cl)c2)nc2cncnc2n1Cc1ccccc1,3.9016695663778864,ncgc
O=c1c(-c2cccc(Cl)c2)nc2cncnc2n1Cc1ccccc1Cl,4.2969560175302135,ncgc;veith
O=c1c(-c2cccs2)nc2cnc(N3CCNCC3)nc2n1-c1ccccc1,4.196955646610027,ncgc;veith
O=c1c(-c2cccs2)nc2cnc(N3CCNCC3)nc2n1CCc1ccccc1,4.101668763344926,ncgc
O=c1c(-c2cccs2)nc2cncnc2n1Cc1ccc(F)cc1,5.701640021077171,ncgc
O=c1c(CCc2ccccc2)nc2cnc(N3CCNCC3)nc2n1C1CC1,3.9016695663778864,ncgc
O=c1c(CCc2ccccc2)nc2cnc(N3CCNCC3)nc2n1CCc1ccccc1,4.101668763344926,ncgc
O=c1c(CCc2ccccc2)nc2cnc(N3CCNCC3)nc2n1Cc1ccc(F)cc1,4.101668763344926,ncgc
O=c1c(CCc2ccccc2)nc2cncnc2n1-c1ccccc1,4.101668763344926,ncgc
O=c1c(CCc2ccccc2)nc2cncnc2n1C1CC1,4.301670255124509,ncgc
O=c1c(CCc2ccccc2)nc2cncnc2n1Cc1ccc(F)cc1,4.101668763344926,ncgc
O=c1c(CCc2ccccc2)nc2cncnc2n1Cc1ccccc1,4.101668763344926,ncgc
O=c1c(O)c(-c2cc(O)c(O)c(O)c2)oc2cc(O)cc(O)c12,4.201669884204322,ncgc
O=c1c(O)c(-c2ccc(O)c(O)c2)oc2cc(O)cc(O)c12,3.951669312678129,ncgc
O=c1c(O)c(-c2ccc(O)c(O)c2)oc2ccccc12,4.00166905897837,ncgc
O=c1c(O)c(-c2ccc(O)cc2)oc2cc(O)cc(O)c12,4.446955361427811,ncgc;veith
O=c1c(O)c(-c2ccc(O)cc2)oc2cc(O)ccc12,4.201669884204322,ncgc
O=c1c(O)c(-c2cccc(O)c2)oc2ccccc12,4.101668763344926,ncgc
O=c1c(O)c(-c2ccccc2)oc2cc(O)cc(O)c12,4.201669884204322,ncgc
O=c1c(Oc2ccccc2Br)c(C(F)(F)F)oc2c(CN3CCCC3)c(O)ccc12,4.242240761051421,veith
O=c1c2c(-c3ccc(Cl)cc3)csc2ncn1CCC1CCNC1,4.675246759992346,challenge
O=c1c2c(-c3cccs3)csc2ncn1-c1ccc(Br)cc1,4.942241381558047,veith
O=c1c2cc(Br)ccc2[nH]c(=S)n1Cc1cccnc1,4.542240874986129,veith
O=c1c2cc(Br)ccc2nc(-c2cccc(C(F)(F)F)c2)n1O,4.542240874986129,veith
O=c1c2ccccc2[se]n1-c1ccccc1,5.001669380321306,ncgc
O=c1c2ccccc2c(-c2ccccc2)nn1-c1ccc(Cl)c(Cl)c1,4.492240905132714,veith
O=c1c2ccccc2c(-c2ccccc2)nn1Cc1ccc(Cl)cc1,4.442240306846953,veith
O=c1c2ccccc2c(-c2nc(Cn3cncn3)no2)nn1Cc1ccccc1,2.714225954992345,challenge
O=c1c2ccccc2c(Cc2ccc(Cl)cc2)nn1C[C@H]1CCCN1CCCCc1ccc(OCCCN2CCCCCC2)cc1,6.817268851132731,pharmabench
O=c1c2ccccc2nc(-c2ccc(Br)cc2)n1Cc1ccccc1,4.092240288156335,veith
O=c1c2ccccc2nc(-c2ccc(Cl)cc2Cl)n1CCCn1ccnc1,7.242240761051421,veith
O=c1c2ccccc2nc(N2CCCC2)n1-c1ccc(Cl)cc1,4.492240905132714,veith
O=c1c2ccccc2nc(NCC2CCCCO2)n1CCO,5.025922761992346,challenge
O=c1c2ccccc2nc2n1C(CSCc1cccc(C(F)(F)F)c1)CS2,4.642240772861618,veith
O=c1c2ccccc2nc2n1CC/C2=C\c1ccccc1[N+](=O)[O-],4.792241107578132,veith
O=c1c2ccccc2ncn1CCCSc1ccccc1,4.342240150210577,veith
O=c1c2ccccc2nnn1CCl,4.273252882834265,tox21
O=c1c2ccccc2nnn1CSc1ccc2c(c1)OCCO2,4.04224135682174,veith
O=c1c2ccccc2nnn1CSc1nnnn1-c1ccccc1,4.242240761051421,veith
O=c1c2ccccc2sc2c(CO)ccc(NCCN3CCCCC3)c12,5.396958734553992,ncgc;veith
O=c1c2cncn2c2ccccc2n1CC1C2CCCCCC21,3.3852107019923454,challenge
O=c1c2cnn(-c3ccccc3)c2nnn1/N=C/c1cccnc1,4.442240306846953,veith
O=c1c2nnn(C3CC3)c2ncn1Cc1cccc(Cl)c1,5.441056266992345,challenge
O=c1cc(-c2ccc(O)c(O)c2)oc2cc(O)cc(O)c12,4.00166905897837,ncgc
O=c1cc(-c2ccc(O)cc2)oc2cc(O)cc(O)c12,4.15166868194892,ncgc
O=c1cc(-c2cccc(O)c2O)oc2ccccc12,4.00166905897837,ncgc
O=c1cc(-c2ccccc2)oc2c1ccc1ccccc12,4.401667797519954,ncgc
O=c1cc(-c2ccccc2)oc2cc(O)c(O)c(O)c12,4.00166905897837,ncgc
O=c1cc(-c2ccccc2)oc2cc(O)cc(O)c12,4.396953559925658,ncgc;veith
O=c1cc(-c2ccccc2O)oc2c(O)c(O)ccc12,4.301670255124509,ncgc
O=c1cc(-c2ccccc2O)oc2cc(O)cc(O)c12,4.101668763344926,ncgc
O=c1cc(-c2ccccc2O)oc2ccc3ccccc3c12,4.201669884204322,ncgc
O=c1cc(N2CCOCC2)oc2c(-c3ccccc3)cccc12,4.096954525750631,ncgc;veith
O=c1ccc(-c2nc3cc(S(=O)(=O)C(F)(F)F)ccc3[nH]2)cn1-c1ccccc1,4.118298846796713,pharmabench
O=c1ccc(NS(=O)(=O)c2ccc(Cl)cc2)cn1Cc1ccc(Cl)c(Cl)c1,4.592241033466911,veith
O=c1ccc(NS(=O)(=O)c2ccccc2)cn1Cc1ccc(Cl)c(Cl)c1,4.342240150210577,veith
O=c1ccc2[nH]cc(C3=CCNCC3)c2[nH]1,5.096953661274842,ncgc;veith
O=c1ccc2c(OCCCCc3ccccc3)c3ccoc3cc2o1,6.797036381016095,ncgc;veith
O=c1ccc2cc3ccoc3cc2o1,5.201661177767493,ncgc
O=c1ccc2ccc(O)c(O)c2o1,4.601668415167836,ncgc
O=c1ccc2ccc(OCCCCN3CCN(c4cccc5sccc45)CC3)cc2[nH]1,4.358201269992346,challenge
O=c1cccc2n1C[C@@H]1C[C@H]2CN2CCCC[C@H]12,4.101668763344926,ncgc
O=c1cnc2cnc(N3CCNCC3)nc2n1CCc1ccccc1,4.2969560175302135,ncgc;veith
O=c1cnc2cnc(N3CCNCC3)nc2n1Cc1cccs1,4.201669884204322,ncgc
O=c1cnc2cnc(N3CCOCC3)nc2n1Cc1cccs1,4.096954525750631,ncgc;veith
O=c1cnc2cnc(OCc3ccccc3)nc2n1CCc1ccccc1,4.00166905897837,ncgc
O=c1cnc2cnc(OCc3ccccc3)nc2n1Cc1ccc(F)cc1,3.9016695663778864,ncgc
O=c1cnc2cnc(Oc3cccc(Cl)c3)nc2n1CCc1ccccc1,3.9016695663778864,ncgc
O=c1cnc2cnc(Oc3cccc(Cl)c3)nc2n1Cc1ccc(F)cc1,4.201669884204322,ncgc
O=c1cnc2cnc(Oc3ccccc3)nc2n1Cc1cccs1,3.9016695663778864,ncgc
O=c1cnc2cncnc2n1Cc1ccccc1Cl,4.201669884204322,ncgc
O=c1n(CCCN2CCN(c3cccc(Cl)c3)CC2)nc2ccccn12,4.396953559925658,ncgc;veith
O=c1n(CCO)c(=O)n(CCO)c(=O)n1CCO,3.9679648839976647,tox21
O=c1nc([O-])n(Cl)c(=O)n1Cl.[K+],5.4732589208294655,tox21
O=c1oc(Cl)c(Cl)c2ccccc12,4.00166905897837,ncgc
O=c1oc2c(CN3CCOCC3)c(O)ccc2c2ccccc12,5.192241409015731,veith
O=c1oc2cc(Oc3c([N+](=O)[O-])cc(C(F)(F)F)cc3[N+](=O)[O-])ccc2c2c1CCCC2,4.442240306846953,veith
O=c1oc2ccccc2c(O)c1Cc1c(O)c2ccccc2oc1=O,4.439522149992346,challenge
O=c1oc2ccccc2cc1-c1csc(NN=C2CCCCC2)n1,5.04224135682174,veith
O=c1onc(-c2cccs2)n1Cc1ccccc1,4.442240306846953,veith
OC(C#CCN1CCCC1)(c1ccccc1)c1ccccc1,4.484418434588723,tox21
OC(CC1CCCO1)CN1CCN(c2ccccc2F)CC1,5.372491527992346,challenge
OC(CC1c2c(Cl)cccc2-c2cncn21)C1CCCCC1,3.474846170310525,pharmabench
OC(CC1c2c(F)cccc2-c2cncn21)C1CCC(F)(F)CC1,4.118298846796713,pharmabench
OC(CC1c2c(F)cccc2-c2cncn21)C1CCCCC1,5.118298846796713,pharmabench
OC(CC1c2ccccc2-c2cncn21)C1CCCCC1,5.076906161638488,pharmabench
OC(CCCN1CCCCC1)(c1ccccc1)c1ccccc1,6.377287293549427,challenge;ncgc;tox21;veith
OC(CCN1CCCCC1)(c1ccccc1)C1CCCCC1,5.0974651960732,challenge;pharmabench
OC(CCN1CCCCC1)(c1ccccc1)c1ccccc1,5.418045877730193,ncgc;tox21
OC(CN1CCC(Cc2ccc(F)cc2)CC1)c1ccc(Cl)cc1,6.4844819852288245,tox21
OC(CN1CCC(O)(c2ccc(F)cc2)C1)CC1(O)CCC1,4.449540457992346,challenge
OC(CN1CCOCC1)Cn1cc(-c2cncc(F)c2)nn1,4.205234992992346,challenge
OC(CNCc1ccc(F)cc1)(c1ccc(F)cc1)c1ccc(F)cc1,5.592241033466911,veith
OC(CN[C@@H]1CCCC[C@H]1O)Cc1ccc2ccccc2c1,4.675714061992346,challenge
OC(COCc1ccccc1)Cn1cnc2ccccc21,4.342240150210577,veith
OC(Cc1ccccc1Cl)(Cn1cncn1)C1(Cl)CC1,4.023251954306619,tox21
OC(Cc1nc2ccccc2[nH]1)c1ccccc1Cl,5.442240306846952,veith
OC(Cn1c2ccccc2c2ccccc21)C[n+]1cccc2ccccc21.[O-][Cl+3]([O-])([O-])[O-],6.192241409015731,veith
OC(Cn1c2ccccc2c2ccccc21)C[n+]1ccccc1.[O-][Cl+3]([O-])([O-])[O-],7.3922393223313625,veith
OC(Cn1cncn1)(Cn1cncn1)c1ccc(F)cc1F,4.01901812527003,tox21
OC(Cn1cncn1)(c1ccc(F)cc1)c1ccccc1F,4.023251954306619,tox21
OC(c1ccc(Cl)cc1)(c1ccc(Cl)cc1)C(Cl)(Cl)Cl,4.073252490208837,tox21
OC(c1ccc(Cl)cc1)(c1ccc(Cl)cc1)c1cccnc1,4.523250016076943,tox21
OC(c1ccc(F)cc1)(c1cncnc1)c1ccccc1Cl,4.023251954306619,tox21
OC(c1ccccc1)(c1ccccc1)C1CCNCC1,4.4680445306206975,ncgc;tox21
OC(c1ccccc1)C1CCCN1Cc1coc(-c2ccccc2C(F)(F)F)n1,7.186430106992345,challenge
OC/C(Br)=C(\Br)CO,4.026450022566678,tox21
OC/C=C/CO,3.9743152893660056,tox21
OC/C=C/c1ccccc1,3.8032179450492087,tox21
OC1(C(F)(F)F)CCN(c2cncc(OC3CCCCC3)n2)C1,4.504881527992346,challenge
OC1(C2CCN(Cc3cnnn3Cc3ccccc3)CC2)CC1,6.182878469992346,challenge
OC1(CNCc2cn(Cc3ccccc3)nc2-c2cccnc2)CCCCC1,5.608274594992346,challenge
OC1(c2ccc(-c3cc4c(cc3Cl)NCC4)cc2)CCC1,4.223151437992346,challenge
OC1(c2ccc(Cl)c(C(F)(F)F)c2)CCN(CCCC(c2ccc(F)cc2)c2ccc(F)cc2)CC1,4.884412652001449,tox21
OC1(c2ccc(Cl)cc2)CCN(Cc2c[nH]c3ccccc23)CC1,5.596964119956157,ncgc;veith
OC1(c2ccc(Cl)cc2)CCNCC1,4.884412652001449,tox21
OC1(c2ccc(OC(F)F)cc2)CSC(=Nc2cccnc2)N1C1CC1,5.192241409015731,veith
OC1(c2ccccc2)CCNCC1,4.384416994074168,tox21
OC1(c2nc(-c3cccc(OCc4cccnc4)c3)no2)CCCCC1,4.570779909992345,challenge
OC1CCC(C2CCCCC2)CC1,3.9732520511108227,tox21
OC1CCCCC1c1cn(Cc2ccc(OCc3ccncc3)cc2)nn1,4.824143019992346,challenge
OC1CCN(c2ccc(CNCc3c[nH]nc3-c3cccs3)cc2)CC1,4.678777709992346,challenge
OC1c2ccccc2-c2nc3ccccc3cc21,4.201669884204322,ncgc
OCC(CO)n1cnc(-c2ccc(F)cc2)c1-c1ccnc(Oc2ccccc2)n1,4.023251954306619,tox21
OCC(Cc1ccc(F)cc1)NCc1ccc(Cl)cc1-n1cncn1,6.9125985769923455,challenge
OCC(O)CN1CCN(c2ccccc2)CC1,4.134416852957513,tox21
OCC1(NCc2cc(O)cc(Cl)c2)CCCc2ccccc21,5.710005254992345,challenge
OCC1CCCN(Cc2ccc(-c3ccccc3)cc2)C1,6.492240905132714,veith
OCC1CN(Cc2nc(-c3ccccc3)no2)c2ccccc21,5.485458349992346,challenge
OCC1OC(/C=C\c2ccccc2)C=CC1Oc1ccc2c(c1)OCO2,4.901666293693565,ncgc
OCC1OC(C#Cc2ccccc2)C=CC1O,4.601668415167836,ncgc
OCC1OC(c2ccc3c(c2)OCO3)C=CC1Oc1cc(Cl)cc(Cl)c1,5.001666312269612,ncgc
OCC1OC(c2ccc3c(c2)OCO3)C=CC1Oc1ccc(C2CCCC2)cc1,5.001666312269612,ncgc
OCCBr,3.722190218662779,tox21
OCCC(Cc1ccccc1)Nc1nccn2ncc(Br)c12,5.078974154992346,challenge
OCCC(Nc1ncnc2[nH]c3cc(F)ccc3c12)c1ccc(Cl)c(F)c1,4.636247756992345,challenge
OCCC1(CNC2CCCc3ccc(O)cc32)CCOC1,4.575766956992346,challenge
OCCC1CCCCN1,3.7704249635726903,tox21
OCCCBr,4.023251954306619,tox21
OCCCCCCO,4.017963975296937,tox21
OCCN(CCO)c1nc(N2CCCCC2)c2nc(N(CCO)CCO)nc(N3CCCCC3)c2n1,4.509442155149216,ncgc;tox21;veith
OCCN(CO)CO,5.201661177767493,ncgc
OCCN(Cc1ccccc1)Cc1cccc(Cl)c1Cl,5.292241779935917,veith
OCCN1CCCC(c2nc3ccccc3n2Cc2ccc(F)cc2)C1,4.775876165974506,pharmabench
OCCN1CCN(CC/C=C2/c3ccccc3Sc3ccc(C(F)(F)F)cc32)CC1,4.43441675507263,tox21
OCCN1CCN(CC/C=C2\c3ccccc3Sc3ccc(C(F)(F)F)cc32)CC1,4.346954584378389,ncgc;veith
OCCN1CCN(CC/C=C2\c3ccccc3Sc3ccc(Cl)cc32)CC1,4.4969551427270105,ncgc;veith
OCCN1CCN(CCCN2c3ccccc3Sc3ccc(C(F)(F)F)cc32)CC1,5.666497401528668,challenge;ncgc;tox21;veith
OCCN1CCN(CCCN2c3ccccc3Sc3ccc(Cl)cc32)CC1,6.537181679172965,challenge;ncgc;tox21;veith
OCCN=C1CCCc2c1[nH]c1ccc(Br)cc21,5.492240905132714,veith
OCCNCCCOc1cccc(Cl)c1Cl,6.296940946851727,ncgc;veith
OCCNCc1ccccc1,3.9732520511108227,tox21
OCCNc1nc(NCCC2=CCCCC2)nc(N2CCOCC2)n1,4.642240772861618,veith
OCCNc1nc(SCc2ccccc2)nc2sc3c(c12)CCC3,4.092240288156335,veith
OCCO,4.035009857577766,tox21
OCCOCCN1CCN(C(c2ccccc2)c2ccc(Cl)cc2)CC1,5.9647203119923455,challenge
OCCOCCN1CCN(C2=Nc3ccccc3Sc3ccccc32)CC1,4.134416852957513,tox21
OCCOCCN1CCN([C@@H](c2ccccc2)c2ccc(Cl)cc2)CC1,5.69694058165962,ncgc;veith
OCCSCCO,4.065864110996913,tox21
OCC[C@]1(c2ccc(Cl)c(Cl)c2)CCCCNC1,4.164056337357388,pharmabench
OCCc1ccccc1,3.8618392473561594,tox21
OCCc1ccncc1,3.773251730425014,tox21
OC[C@@H](NC[C@@H](O)c1ccc(Cl)c(Cl)c1)c1ccccc1,5.606690881992345,challenge
OC[C@@H]1O[C@@H](n2cnc3c(N[C@H]4CCC[C@@H]4O)ncnc32)[C@H](O)[C@H]1O,4.2969560175302135,ncgc;veith
OC[C@H](CCc1c[nH]c2ccccc12)c1c[nH]c2ccccc12,5.001666312269612,ncgc
OC[C@H](Cc1cccc(O)c1)[C@H](CO)Cc1cccc(O)c1,3.812383376049194,tox21
OC[C@H](NCc1cn2ccc(Br)cc2n1)c1ccccc1,5.662576331992346,challenge
OC[C@H]1CN(c2nsc(C3CC3)n2)C[C@@H]1c1ccccc1,4.9446820699923455,challenge
OCc1c[nH]c2ccccc12,4.173252039198229,tox21
OCc1cc([C@@H](O)CNCCCCCCOCCCCc2ccccc2)ccc1O,4.596954371070074,ncgc;veith
OCc1ccc(-c2nn(Cc3ccccc3)c3ccccc23)o1,3.9016695663778864,ncgc
OCc1cccc(Oc2ccccc2)c1,3.8697328197649137,tox21
OCc1cccnc1,4.134416852957513,tox21
ON(CCc1ccncc1)Cc1ccccc1,4.696954347372703,ncgc;veith
ON(Cc1ccccc1)Cc1ccccc1,3.923251608931447,tox21
ON=C1CCCC1,3.958236243387206,tox21
O[C@@H](C1=C/C(=C\c2ccncc2)c2ccccc21)c1ccncc1,5.296954647425311,ncgc;veith
O[C@@H](CNc1nc(C(F)(F)F)nc2[nH]cnc12)c1ccc(Cl)cc1,4.201527366992345,challenge
O[C@@H](COc1ccc(Cl)cc1Cl)CN1CCCC1,5.996974049257448,ncgc;veith
O[C@@H](COc1ccc(OCc2cccnc2)cc1)c1ccc(Cl)cc1,5.2046635549923455,challenge
O[C@@H](C[C@H]1c2c(F)cccc2-c2cncn21)[C@H]1CC[C@H](O)CC1,3.484830391217127,pharmabench
O[C@@H](c1cc(-c2ccc(Cl)cc2)nc2ccccc12)[C@@H]1CCCCN1,5.69694058165962,ncgc;veith
O[C@@H](c1cc(-c2ccccc2)nc2c1ccc1ccccc12)[C@@H]1CCCCN1,4.9969534480296955,ncgc;veith
O[C@@H](c1cc([C@@]23C[C@H]4CC[C@@H]2C[C@H](C4)C3)nc2c(Cl)cc(Cl)cc12)[C@@H]1CCCCN1,4.9969534480296955,ncgc;veith
O[C@@H](c1ccccc1)C1CCN(CCc2ccccc2)CC1,4.096954525750631,ncgc;veith
O[C@@H]1CCCC[C@H]1N1CCC(c2ccccc2)CC1,5.7969497127886624,ncgc;veith
O[C@@H]1CC[C@H]2Cc3ccccc3N=C21,4.201669884204322,ncgc
O[C@@H]1[C@@H]2c3cc4c(cc3CN3CCC(=C[C@@H]1O)[C@H]23)OCO4,4.89695369244143,ncgc;veith
O[C@@](CCN1CCCC1)(c1ccccc1)C1CCCCC1,5.296954647425311,ncgc;veith
O[C@@](CCN1CCCCC1)(c1ccccc1)C1CCCCC1,5.096956389966293,ncgc;veith
O[C@@](CCN1CCCCC1)(c1ccccc1)[C@@H]1C[C@H]2C=C[C@@H]1C2,5.196951293391612,ncgc;veith
O[C@H](CN1CCN(c2cccc(Cl)c2)CC1)C(c1ccccc1)c1ccccc1,4.396953559925658,ncgc;veith
O[C@H](CNc1ccccn1)c1ccccc1,5.296954647425311,ncgc;veith
O[C@H](COc1ccccc1)CN1CCCCC1,4.796954045378592,ncgc;veith
O[C@H](C[C@@H]1CCCCN1)c1ccc2c(c1)oc1ccccc12,6.4969551427270105,ncgc;veith
O[C@H](c1cc(C(F)(F)F)nc2c(C(F)(F)F)cccc12)[C@@H]1CCCCN1,4.551545304992346,challenge
O[C@H](c1cc(C(F)(F)F)nc2c(C(F)(F)F)cccc12)[C@H]1CCCCN1,4.4969551427270105,ncgc;veith
O[C@H]1CC(Cn2cccn2)C[C@@H]1NCc1cccc(-n2cccn2)c1,5.113465019992345,challenge
O[C@H]1CC(Cn2cccn2)C[C@@H]1Nc1ccc(-n2ccnc2)nn1,5.3417527969923455,challenge
O[C@H]1CC(Cn2ccnc2)C[C@@H]1NC1CCN(Cc2ccco2)CC1,5.495682997992346,challenge
O[C@H]1CCCC[C@H]1N1CCC(c2ccccc2)CC1,6.246962445754431,ncgc;veith
O[C@H]1C[C@](CNc2ccnc3c(Br)cnn23)(c2ccccc2)C1,4.475924801992345,challenge
O[C@]1(c2ccccc2)c2ccccc2NC2=NCCN21,5.096953661274842,ncgc;veith
O[Si@](CCCN1CCCCC1)(c1ccc(F)cc1)C1CCCCC1,5.7969497127886624,ncgc;veith
Oc1[nH]c2ccccc2c1/C=N/c1nccs1,4.342240150210577,veith
Oc1c(Br)cc(Br)cc1CN(Cc1cc(Br)cc(Br)c1O)C1CCCCC1,6.096945016706242,ncgc;veith
Oc1c(Br)cc(CN(Cc2cc(Br)c(O)c(Br)c2)C2CCCCC2)cc1Br,5.096953661274842,ncgc;veith
Oc1c(C(O)(c2ccccc2)c2ccc3ccccc3c2O)ccc2ccccc12,4.901666293693565,ncgc
Oc1c(CN2CCCCC2)cc(Br)c2cccnc12,4.592241033466911,veith
Oc1c(CN2CCN(c3ccccc3)CC2)cc(Br)c2cccnc12,4.89695369244143,ncgc;veith
Oc1c(CN2CCOCC2)cc(-c2ccccc2)cc1CN1CCOCC1,4.3922393223313625,veith
Oc1c(Cl)cc(CN(Cc2cc(Cl)c(O)c(Cl)c2)C2CCCCC2)cc1Cl,4.801666983179052,ncgc
Oc1c(Cl)cc(Cl)cc1Cl,3.8278782230008153,tox21
Oc1c(Cl)ccc(Cl)c1Cl,3.723251713511802,tox21
Oc1c([C@H](Nc2ccccn2)c2ccccc2)ccc2cccnc12,5.996974049257448,ncgc;veith
Oc1cc(Cl)c(Cl)c(Cl)c1,4.1460643651009645,tox21
Oc1cc(Cl)cc(Cl)c1,3.6186666432396803,tox21
Oc1cc(Cl)cc(Cl)c1Cl,3.6623830394395727,tox21
Oc1cc(Cl)ccc1Oc1ccc(Cl)cc1Cl,4.1127295277761355,tox21
Oc1cc2c(NCCc3ccc4[nH]ccc4c3)ncnc2cc1F,4.916487049992345,challenge
Oc1cc2c(c(Cl)c1O)CCNC[C@H]2c1ccccc1,4.371955062391276,ncgc;veith
Oc1cc2c(cc1O)CN(C(=S)NCCc1ccc(Cl)cc1)CCC2,4.296953875290262,ncgc;veith
Oc1cc2c(cc1O)[C@H]1c3ccccc3CN[C@@H]1CC2,4.396953559925658,ncgc;veith
Oc1cc2c(cc1O)[C@H]1c3ccccc3CN[C@H]1CC2,4.4969551427270105,ncgc;veith
Oc1ccc(-c2[nH]ncc2-c2ccc(Cl)cc2)c(O)c1,4.542240874986129,veith
Oc1ccc(-c2nc(-c3ccc(F)cc3)c(-c3ccncc3)[nH]2)cc1,4.696954248963817,ncgc;veith
Oc1ccc(/C=C\c2cc(O)cc(O)c2)cc1,4.3469551892411555,ncgc;veith
Oc1ccc(C(c2ccc(O)cc2)(C(F)(F)F)C(F)(F)F)cc1,3.697532719043176,tox21
Oc1ccc(C2(c3ccc(O)cc3)c3ccccc3-c3ccccc32)cc1,3.6732520280752654,tox21
Oc1ccc(C2CNCCc3c2cc(O)c(O)c3Cl)cc1,4.384416994074168,tox21
Oc1ccc(C2Nc3cccc4cccc(c34)N2)c(O)c1,4.092240288156335,veith
Oc1ccc(CCNCCCCCCNCCc2ccccc2)cc1O,4.43441675507263,tox21
Oc1ccc(CCNCc2cc3c(cc2Br)OCO3)cc1,5.996974049257448,ncgc;veith
Oc1ccc(CNCc2ccccc2)c2cccnc12,5.296954647425311,ncgc;veith
Oc1ccc(Cc2cc(Cl)cc(Cl)c2O)cc1Cl,4.601668415167836,ncgc
Oc1ccc(Cc2ccccc2O)cc1,3.6176137656968956,tox21
Oc1ccc(Cc2nccc3cc(O)c(O)cc23)cc1O,5.396958734553992,ncgc;veith
Oc1ccc(Cl)cc1,3.979668671454033,tox21
Oc1ccc(Cl)cc1C=Nc1cnc2ccccc2c1,4.796954045378592,ncgc;veith
Oc1ccc(Cl)cc1Cc1ccccc1,3.9679648839976647,tox21
Oc1ccc(Cl)cc1Cl,3.8764502038442856,tox21
Oc1ccc(Cl)cc1Sc1cc(Cl)ccc1O,5.001666312269612,ncgc
Oc1ccc(I)cc1,3.773251730425014,tox21
Oc1ccc(Nc2ccccc2)cc1,3.773251730425014,tox21
Oc1ccc(O)cc1,3.8187884581883074,tox21
Oc1ccc(Oc2ccccc2)cc1,4.146140502406938,tox21
Oc1ccc(Sc2ccc(O)cc2)cc1,4.1023946243746385,tox21
Oc1ccc([C@@H]2CNCCc3c2cc(O)c(O)c3Cl)cc1,4.9969534480296955,ncgc;veith
Oc1ccc2[nH]cc(CCCCN3CC=C(c4ccccc4)CC3)c2c1,5.984437495342514,tox21
Oc1ccc2c(c1)CCC(NCc1c[nH]nc1-c1ccccc1)C2,5.449095071992346,challenge
Oc1ccc2c(c1)CCN(c1nccn3nc(C(F)(F)F)cc13)CC2,3.165873504992345,challenge
Oc1ccc2c(c1)OCO2,3.976450703026483,tox21
Oc1ccc2c3c1O[C@H]1c4[nH]c5ccccc5c4C[C@]4(O)[C@H](C2)N(CC2CC2)CC[C@@]314,5.396947121467231,ncgc;veith
Oc1ccc2c3c1O[C@H]1c4oc5ccccc5c4C[C@]4(O)[C@H](C2)N(CC2CC2)CC[C@@]314,3.9969548213840747,ncgc;veith
Oc1ccc2cc(SSc3ccc4cc(O)ccc4c3)ccc2c1,3.7728977782002877,tox21
Oc1ccc2ccccc2c1,3.762383369655308,tox21
Oc1ccc2ccccc2c1C=NCc1c(O)ccc2ccccc12,4.89695369244143,ncgc;veith
Oc1ccc2ccccc2c1CN(Cc1c(O)ccc2ccccc12)C1CCCCC1,5.69694058165962,ncgc;veith
Oc1cccc(-c2c3nc(c(-c4cccc(O)c4)c4ccc([nH]4)c(-c4cccc(O)c4)c4nc(c(-c5cccc(O)c5)c5ccc2[nH]5)CC4)C=C3)c1,4.0344169708398665,tox21
Oc1cccc(-c2ccc(-c3ccc(O)c(F)c3)s2)c1,5.243237583405013,pharmabench
Oc1cccc(-c2ccc3c(-c4cccc(O)c4)c(O)ccc3c2)c1,4.024877161634478,pharmabench
Oc1cccc(-c2ccc3c(-c4ccccc4)c(O)ccc3c2)c1,4.229277424701488,pharmabench
Oc1cccc(-c2ccc3c(-c4cccnc4)c(O)ccc3c2)c1,4.059493360120807,pharmabench
Oc1cccc(Cl)c1Cl,3.8214832015476894,tox21
Oc1cccc(O)c1O,4.076806494965413,tox21
Oc1cccc2[nH]ccc12,4.384416994074168,tox21
Oc1cccc2c(O)cccc12,3.9732520511108227,tox21
Oc1cccc2ccccc12,3.7676438722609946,tox21
Oc1cccc2cccnc12,4.073252490208837,tox21
Oc1ccccc1-c1ccccc1,3.9730747711781333,tox21
Oc1ccccc1C1Nc2cccc3cccc(c23)N1,4.492240905132714,veith
Oc1ccccc1CNCc1ccccc1O,4.9969534480296955,ncgc;veith
Oc1ccccc1Cc1ccccc1O,3.773251730425014,tox21
On1nnc2ccccc21,4.073252490208837,tox21
S=C(NC1CCCCC1)N1CCC([C@H]2C=NC=N2)CC1,4.596954724317373,ncgc;veith
S=C(NC1CCCCC1)N1CCC(c2cnc[nH]2)CC1,4.3469547887279365,ncgc;veith
S=C(NC1CCCCC1)NC1CCCCC1,4.102358286835922,tox21
S=C(NCCC(c1ccccc1)c1ccccc1)Nc1ccc(Cl)cc1,4.792241107578132,veith
S=C(NCCSCc1c(Cl)cccc1Cl)Nc1ccccc1,4.842240508595863,veith
S=C(NCCSCc1ccc(Cl)cc1Cl)Nc1ccccc1,4.692241142242068,veith
S=C(NCc1ccco1)N1CCN(C(c2ccccc2)c2ccccc2)CC1,4.592241033466911,veith
S=C(NCc1ccco1)N1CCN(Cc2ccco2)CC1,4.592241033466911,veith
S=C(Nc1ccc(Cl)cc1)NC1CC2CCCC(C1)N2C1CCCC1,5.792241107578132,veith
S=C(Nc1ccc2cn[nH]c2c1)Nc1ccc2cn[nH]c2c1,5.196951293391612,ncgc;veith
S=C(Nc1ccccc1)Nc1ccccc1,4.015864520776794,tox21
S=C(Nc1ccccc1)Nc1ccccc1C#Cc1ccccc1,4.2969560175302135,ncgc;veith
S=C(Nc1ccccc1)Nc1nccs1,4.00166905897837,ncgc
S=C(S)NCCCn1ccnc1,5.596962925619413,ncgc;veith
S=C([S-])N1CCCC1,4.596954724317373,ncgc;veith
S=C1N[C@H](c2ccccc2)N[C@H](c2ccccc2)S1,4.89695369244143,ncgc;veith
S=C1SCN(C2CCCCCCCCCCC2)CN1C1CCCCCCCCCCC1,4.9969534480296955,ncgc;veith
S=C1SCN(CCN2CCOCC2)CN1Cc1ccccc1,4.3922393223313625,veith
S=C1SCN(Cc2ccccn2)CN1Cc1ccco1,4.242240761051421,veith
S=C=NCc1ccccc1,4.218665543517475,tox21
S=C=Nc1cccc(C2(N3CCCCC3)CCCCC2)c1,4.4969551427270105,ncgc;veith
S=C=Nc1cccc2ccccc12,4.427521387215951,tox21
S=C=Nc1ccccc1,3.7592697851107593,tox21
S=C=S,3.8967915488895466,tox21
S=P(C1CCCCC1)(C1CCCCC1)[C@H](c1cccnc1)N1CCCC1,4.9969534480296955,ncgc;veith
S=P(N1CC1)(N1CC1)N1CC1,4.05037805210916,tox21
S=c1[nH]nc(C23CC4CC(CC(C4)C2)C3)n1Cc1ccco1,4.292241779935917,veith
S=c1[nH]nc(C2CCCCC2)n1/N=C/c1cccs1,5.142241126006169,veith
S=c1nccc[nH]1,4.022543240495432,tox21
S[C@@H]1CCCN(Cc2ccccc2)C1,5.596962925619413,ncgc;veith
Sc1ccc2ccccc2c1CNCc1ccccc1,5.396958734553992,ncgc;veith
[Br-].[Br-].[Ca+2],3.8232520113632606,tox21
[Ca+2].[Cl-].[Cl-],4.466487214933647,tox21
[Cl-].[Cl-].[Ni+2],3.9732520511108227,tox21
[Cl-].[Cl-].[Pd+2],3.773251730425014,tox21
[Cl-].c1ccc(C[P+](c2ccccc2)(c2ccccc2)c2ccccc2)cc1,6.273357101004241,tox21
[Cl-].c1ccc(C[n+]2cccc3ccccc32)cc1,5.023254395939615,tox21
[N-]=[N+]=CC(=O)OC[C@H](N)C(=O)O,4.084417373518855,tox21
[N-]=[N+]=[N-].[Na+],3.9876501774438857,tox21
[Na+].[O-]c1c(Cl)c(Cl)c(Cl)c(Cl)c1Cl,5.123245675875459,tox21
[Na+].[S-]c1nc2ccccc2s1,3.773251730425014,tox21
[O-][n+]1cccc(/C(Cl)=N/OC[C@@H](O)CN2CCCCC2)c1,4.384416994074168,tox21
c1c[nH]cn1,3.7606310339269173,tox21
c1cc(-c2cc(C3CCN(c4cnccn4)CC3)n[nH]2)ccn1,4.485690114992345,challenge
c1cc(-c2cc[nH]n2)cc(-c2cncc(NC3CCNC3)n2)c1,4.304557197992346,challenge
c1cc(-c2ccncc2)ccn1,4.019368868015691,tox21
c1cc(-c2noc(C34CCCN(CCC3)C4)n2)cc(-n2ccnc2)c1,5.581530457992345,challenge
c1cc(-c2noc(C3CCCCC3)n2)ccn1,4.419328842460694,pharmabench
c1cc(-c2sc(-c3ccncc3)c(-c3ccncc3)c2-c2ccncc2)ccn1,4.9969534480296955,ncgc;veith
c1cc(CCCc2ccncc2)ccn1,5.423262506617541,tox21
c1cc(CN2CC3(CCNCC3)C2)ccn1,3.9016695663778864,ncgc
c1cc(CN2CCCC3(CCNCC3)C2)ccn1,4.101668763344926,ncgc
c1cc(CN2CCCCC2)cc(OCCCNc2nc3ccccc3s2)c1,4.396953559925658,ncgc;veith
c1cc(CNCCCN2CCOCC2)ccn1,4.292241779935917,veith
c1cc(CNCCN2CCNCC2)ccn1,4.901666293693565,ncgc
c1cc(CNC[C@H]2CC[C@@H](c3nc(C4CC4)n[nH]3)O2)n(CC2CCC2)n1,4.8950348899923455,challenge
c1cc(CNc2cccc3ccccc23)cc(OCCn2ccnc2)c1,6.507839187992346,challenge
c1cc(CSSCc2ccncc2)ccn1,5.196951293391612,ncgc;veith
c1cc(CSc2ncnc3nc[nH]c23)ccn1,5.096953661274842,ncgc;veith
c1cc(N(CC2CO2)CC2CO2)ccc1OCC1CO1,3.871462128436696,tox21
c1cc(N2CCCC3(CCNCC3)C2)ccn1,4.4969551427270105,ncgc;veith
c1cc(NC2CC2)nc(-c2ccoc2)n1,3.9016695663778864,ncgc
c1cc(OC2CCC2)cc(CNc2nnc(-c3ccon3)s2)n1,5.201118531992345,challenge
c1cc(OCC2CO2)ccc1Cc1ccc(OCC2CO2)cc1,4.247367814138833,tox21
c1cc(OCCCN2CCC(Cc3c[nH]cn3)CC2)cc(OC2CCCCC2)c1,5.118298846796713,pharmabench
c1cc2[nH]ncc2cc1N1CCNCC1CC1CCCCC1,5.398139543390756,pharmabench
c1cc2[nH]ncc2cc1N1CCNCC1CC1CCOCC1,4.502348795140312,pharmabench
c1cc2c(cc1C1CCCCC1)c1c3n2CCN[C@H]3CCC1,4.401667797519954,ncgc
c1cc2c(cc1[C@H]1OC[C@H]3[C@@H]1CO[C@H]3c1ccc3c(c1)OCO3)OCO2,4.301670255124509,ncgc
c1cc2c3c(c1)c1c(n3CCNC2)CCCC1,5.196951293391612,ncgc;veith
c1cc2ccc3cccc4ccc(c1)c2c34,3.8027577315369054,tox21
c1ccc(-c2c[nH]c(C3CCCCN3c3nc(C4CC4)ns3)n2)cc1,4.737507999992346,challenge
c1ccc(-c2cc(CNc3ccccc3-n3cccn3)n[nH]2)cc1,4.466487647992346,challenge
c1ccc(-c2ccc(C(c3ccccc3)n3ccnc3)cc2)cc1,5.600644094271815,challenge;tox21
c1ccc(-c2ccc(N3CC4(CCNCC4)C3)cc2)cc1,4.101668763344926,ncgc
c1ccc(-c2ccc(N3CCCC4(CCNCC4)C3)cc2)cc1,4.196955646610027,ncgc;veith
c1ccc(-c2ccc(N3CC[C@@]4(CCCNC4)C3)cc2)cc1,3.9016695663778864,ncgc
c1ccc(-c2cccc(N3CC4(CCNCC4)C3)c2)cc1,4.196955646610027,ncgc;veith
c1ccc(-c2cccc(N3CCC4(CCNCC4)CC3)c2)cc1,3.9016695663778864,ncgc
c1ccc(-c2cccc(N3CCCC4(CCNCC4)C3)c2)cc1,4.4969551427270105,ncgc;veith
c1ccc(-c2cccc(N3CC[C@@]4(CCCNC4)C3)c2)cc1,4.4969551427270105,ncgc;veith
c1ccc(-c2ccccc2CN(C2CCOCC2)[C@H]2CCNC2)cc1,6.419328842460694,pharmabench
c1ccc(-c2nc(CSc3n[nH]c(-c4cccs4)n3)cs2)cc1,5.442240306846952,veith
c1ccc(-c2nc(N3CCC(Oc4cnccn4)CC3)c3ccccc3n2)nc1,6.942711299992346,challenge
c1ccc(-c2nc(N3CCCCCC3)nc(-n3ccnc3)n2)cc1,4.342240150210577,veith
c1ccc(-c2nc3c(CN4CCCCC4)cccc3[nH]2)cc1,4.7203588381246755,pharmabench
c1ccc(-c2nc3ccccn3c2NCc2ccc3c(c2)OCO3)cc1,4.892241091189295,veith
c1ccc(-c2nc[nH]c2-c2ccccc2)cc1,4.184416982767381,tox21
c1ccc(-c2nnc(SCc3nc4ccccc4[nH]3)n2Cc2ccco2)cc1,4.692241142242068,veith
c1ccc(-c2nnn(CCN3CCCCC3)n2)cc1,4.9969534480296955,ncgc;veith
c1ccc(-c2nnn(Cc3nc(-c4ccc5[nH]cnc5c4)no3)n2)cc1,4.530712932992346,challenge
c1ccc(-n2cnc3cc(NCc4cccs4)ccc32)cc1,5.442240306846952,veith
c1ccc(-n2nnc3c2CCN(CCc2ccc4c(c2)CCO4)C3)cc1,5.597076214992346,challenge
c1ccc(C(CCN2CC3CCC(CC3)C2)c2ccccc2)cc1,5.596962925619413,ncgc;veith
c1ccc(C(Cn2ccnc2)NC2CCc3cnoc3C2)cc1,5.138365074992346,challenge
c1ccc(C(NCc2ccc(-n3ccnc3)cc2)c2ncc[nH]2)cc1,6.273570914992345,challenge
c1ccc(C(O[C@@H]2CCCN(CCc3ccc4c(c3)OCO4)C2)c2ccccc2)cc1,5.173245141474492,tox21
c1ccc(C(c2ccccc2)N2CC3(CCNCC3)C2)cc1,5.096953661274842,ncgc;veith
c1ccc(C(c2ccccc2)N2CCCC3(CCNCC3)C2)cc1,4.596954724317373,ncgc;veith
c1ccc(C(c2ccccc2)N2CC[C@@]3(CCCNC3)C2)cc1,4.2969560175302135,ncgc;veith
c1ccc(C2CC2)c(OCC2=NCCN2)c1,4.609440456447498,ncgc;tox21;veith
c1ccc(C2CCC(N3CCC(N4CCCCC4)CC3)CC2)cc1,4.342240150210577,veith
c1ccc(C2CNCCN2c2ccc3[nH]ncc3c2)cc1,5.942207587741032,pharmabench
c1ccc(CC2(c3c[nH]c4ccccc34)CCNC2)cc1,5.164056337357388,pharmabench
c1ccc(CC2(c3ccc4[nH]ccc4c3)CCNC2)nc1,4.875260798110419,pharmabench
c1ccc(CC2(c3ccc4[nH]ncc4c3)CCNC2)cc1,5.817268851132732,pharmabench
c1ccc(CC2(c3ccc4cc[nH]c4c3)CCNC2)cc1,5.322418829452638,pharmabench
c1ccc(CC2(c3cnc4[nH]ccc4c3)CCNC2)cc1,4.358631002107082,pharmabench
c1ccc(CC2=NCCN2)cc1,4.301670255124509,ncgc
c1ccc(CC2CN(c3nnc(-c4ccccn4)s3)CCN2)cc1,5.587125646992345,challenge
c1ccc(CCC2CNCCN2c2ccc3[nH]ncc3c2)cc1,6.64117759207705,pharmabench
c1ccc(CCCCN2CCC(c3ccccc3)CC2)cc1,6.897013699718457,ncgc;veith
c1ccc(CCCN2CCN(CCOC(c3ccccc3)c3ccccc3)CC2)cc1,5.546963855266144,ncgc;veith
c1ccc(CCCNc2nnnc3ccccc23)cc1,4.89695369244143,ncgc;veith
c1ccc(CCCc2ccncc2)cc1,4.923254518117741,tox21
c1ccc(CCN2CCN(c3nc4cccnc4s3)CC2)cc1,4.5176975449923455,challenge
c1ccc(CCN2CCN=C2Cc2ccccc2)cc1,6.396941486272403,ncgc;veith
c1ccc(CCNCCC2c3ccccc3Sc3ccccc32)cc1,6.004355494489876,pharmabench
c1ccc(CCNCc2ccco2)nc1,5.096953661274842,ncgc;veith
c1ccc(CCSc2nccn2-c2ccccc2)cc1,5.342240150210578,veith
c1ccc(CCc2cccnc2)nc1,4.601668415167836,ncgc
c1ccc(CCn2ccnc2CNc2nccn3nc(-c4ccccc4)cc23)cc1,4.932604859992345,challenge
c1ccc(CN(CC2=NCCN2)c2ccccc2)cc1,4.767412271625738,challenge;ncgc;veith
c1ccc(CN(Cc2ccccc2)Cc2ccccc2)cc1,4.62325365677871,tox21
c1ccc(CN(Cc2ncc[nH]2)c2ccccc2)cc1,4.796954045378592,ncgc;veith
c1ccc(CN2CCC3(CCCc4ccccc43)CC2)cc1,6.096945016706242,ncgc;veith
c1ccc(CN2CCC3(CCc4ccccc43)CC2)cc1,7.697284986554896,ncgc;veith
c1ccc(CN2CCCC3(CCNCC3)C2)cc1,4.396953559925658,ncgc;veith
c1ccc(CN2CCN(Cc3ccc4c(c3)OCCO4)CC2)cc1,4.3922393223313625,veith
c1ccc(CN2CCN(Cc3nc(-c4ccccc4)no3)CC2)cc1,4.410728670698776,pharmabench
c1ccc(CN2CC[C@@H](CNc3ncnc4ccccc34)C2)cc1,5.596962925619413,ncgc;veith
c1ccc(CN2CC[C@@]3(CCCNC3)C2)cc1,4.2969560175302135,ncgc;veith
c1ccc(CN2c3ccccc3-c3nc4ccccc4n3C2c2ccccn2)cc1,4.292241779935917,veith
c1ccc(CNCc2ccc(CN(C[C@H]3Cc4ccccc4CN3)[C@H]3CCCc4cccnc43)cc2)nc1,5.842987492254902,pharmabench
c1ccc(CNCc2ccccc2)cc1,5.373263199460843,tox21
c1ccc(CNc2cc(-c3cccnc3)ncn2)cc1,4.2969560175302135,ncgc;veith
c1ccc(CNc2cc(-c3ccoc3)ncn2)cc1,4.101668763344926,ncgc
c1ccc(CNc2ccnc(-c3ccc4c(c3)OCO4)n2)cc1,5.296954647425311,ncgc;veith
c1ccc(CNc2ccnc(-c3cccnc3)n2)cc1,5.396958734553992,ncgc;veith
c1ccc(CNc2ccnc(-c3ccoc3)n2)cc1,4.196955646610027,ncgc;veith
c1ccc(CNc2nc(-c3ccc4c(c3)OCO4)nc3ccccc23)cc1,4.396953559925658,ncgc;veith
c1ccc(CNc2nc(-c3cccnc3)nc3ccccc23)cc1,4.2969560175302135,ncgc;veith
c1ccc(CNc2nc(-c3ccoc3)nc3ccccc23)cc1,4.4969551427270105,ncgc;veith
c1ccc(CNc2ncnc3ccc(-c4ccc5c(c4)OCO5)cc23)cc1,5.7969497127886624,ncgc;veith
c1ccc(CNc2ncnc3ccc(-c4cccnc4)cc23)cc1,4.4969551427270105,ncgc;veith
c1ccc(CNc2ncnc3ccc(-c4ccoc4)cc23)cc1,4.301670255124509,ncgc
c1ccc(CNc2ncnc3nc[nH]c23)cc1,4.187459924315388,ncgc;tox21
c1ccc(CNc2ncncc2-c2ccc3c(c2)OCO3)cc1,4.396953559925658,ncgc;veith
c1ccc(CNc2ncncc2-c2cccnc2)cc1,3.9016695663778864,ncgc
c1ccc(CNc2ncncc2-c2ccoc2)cc1,4.196955646610027,ncgc;veith
c1ccc(COc2ccc3c(c2)CCN(C2CCCC2)CC3)cc1,5.64117759207705,pharmabench
c1ccc(COc2ccc3c(c2)CCN(CC2CC2)CC3)cc1,5.243237583405013,pharmabench
c1ccc(COc2cccc(CNc3ncnc4sccc34)c2)nc1,2.450622571992345,challenge
c1ccc(CSCCc2ccncc2)cc1,5.396958734553992,ncgc;veith
c1ccc(CSc2nc3ccccc3[nH]2)nc1,4.4753399673869225,pharmabench
c1ccc(CSc2nnc(-c3sccc3-n3cccc3)o2)cc1,4.342240150210577,veith
c1ccc(C[C@@H](Nc2cccnc2)c2ccccc2)cc1,5.4969551427270105,ncgc;veith
c1ccc(C[C@@H](c2ccccc2)N2CCCCC2)cc1,5.196951293391612,ncgc;veith
c1ccc(C[n+]2cccc(-c3cc4ccccc4[nH]3)c2)cc1,5.396958734553992,ncgc;veith
c1ccc(Cc2nccc(N3CCN(c4ccccc4)CC3)n2)cc1,2.386767959992345,challenge
c1ccc(Cn2c(CN3CCCC3)nc3ccccc32)cc1,4.542240874986129,veith
c1ccc(Cn2ccnc2)cc1,5.118298846796713,pharmabench
c1ccc(Cn2nnnc2C(c2ccc(-n3cncn3)cc2)N2CCCN(C3CCC3)CC2)cc1,5.574230802446437,pharmabench
c1ccc(Cn2nnnc2C(c2ccc3occc3c2)N2CCCN(C3CCC3)CC2)cc1,5.419328842460694,pharmabench
c1ccc(N2CCC(CNc3ncnc4ccccc34)C2)cc1,5.250347729992345,challenge
c1ccc(N2CCC3(CCNCC3)CC2)cc1,4.2969560175302135,ncgc;veith
c1ccc(N2CCC3(CCNCC3)CC2)nc1,5.396958734553992,ncgc;veith
c1ccc(N2CCCC3(CCNCC3)C2)cc1,4.596954724317373,ncgc;veith
c1ccc(N2CCCC3(CCNCC3)C2)nc1,4.4969551427270105,ncgc;veith
c1ccc(N2CCN(CCCOc3ccc4c(c3)OCO4)CC2)cc1,6.396941486272403,ncgc;veith
c1ccc(N2CC[C@@]3(CCCNC3)C2)cc1,4.4969551427270105,ncgc;veith
c1ccc(Nc2cc(-c3ccoc3)ncn2)cc1,4.201669884204322,ncgc
c1ccc(Nc2ccccc2)cc1,3.773251730425014,tox21
c1ccc(Nc2nc(-c3ccc4c(c3)OCO4)nc3ccccc23)cc1,3.9016695663778864,ncgc
c1ccc(Nc2nc(-c3ccoc3)nc3ccccc23)cc1,3.9016695663778864,ncgc
c1ccc(Nc2ncnc3ccc(-c4ccc5c(c4)OCO5)cc23)cc1,6.396941486272403,ncgc;veith
c1ccc(Nc2ncnc3ccc(-c4ccoc4)cc23)cc1,4.201669884204322,ncgc
c1ccc(Nc2ncncc2-c2ccc3c(c2)OCO3)cc1,4.396953559925658,ncgc;veith
c1ccc(Nc2ncncc2-c2ccoc2)cc1,4.101668763344926,ncgc
c1ccc(OCCn2c(C3CCCN(Cc4ncco4)C3)nc3ccccc32)cc1,4.16165026759151,pharmabench
c1ccc(OC[C@@H]2CCCN2c2nccc3nccnc23)cc1,4.336998752992345,challenge
c1ccc(OC[C@@H]2CCCN2c2nnc(-c3ccon3)s2)cc1,5.450793184992346,challenge
c1ccc(OCc2ccc(CCCN3CCOCC3)cc2)cc1,4.43441675507263,tox21
c1ccc(Oc2ccccc2)cc1,3.866778865288768,tox21
c1ccc(Oc2ccnc(NC3CCOC(c4ccccc4)C3)n2)cc1,4.302920407992346,challenge
c1ccc(P(c2ccccc2)c2ccccc2)cc1,4.023251954306619,tox21
c1ccc(SC(Sc2ccccc2)c2ccc3c(c2)OCO3)cc1,4.9969534480296955,ncgc;veith
c1ccc(SCCc2ccncc2)cc1,5.309459243176587,ncgc;veith
c1ccc(SCc2nc3ccccc3[nH]2)cc1,4.492240905132714,veith
c1ccc(SSc2ccccc2)cc1,3.8586607040531566,tox21
c1ccc([Bi](c2ccccc2)c2ccccc2)cc1,4.073252490208837,tox21
c1ccc([C@@H]2CN3CCSC3=N2)cc1,4.346955394668518,ncgc;veith
c1ccc([C@@H]2C[C@H](c3nc(-c4cnc5cnccn45)no3)CCN2)cc1,5.416173659992346,challenge
c1ccc([C@H]2CNCc3ccccc32)cc1,4.796954045378592,ncgc;veith
c1ccc([C@H]2NCCc3c2[nH]c2ccccc32)cc1,7.396769078767552,ncgc;veith
c1ccc2[nH]c(-c3cn(CCCn4ccnc4)nn3)cc2c1,5.3291900769923455,challenge
c1ccc2[nH]c(-c3cscn3)nc2c1,4.4969551427270105,ncgc;veith
c1ccc2[nH]ccc2c1,3.773251730425014,tox21
c1ccc2c(-c3c[nH]c4ccccc34)c3ccccc3nc2c1,4.492240905132714,veith
c1ccc2c(-n3ccnc3)nc(-c3ccoc3)nc2c1,4.201669884204322,ncgc
c1ccc2c(CC3=NCCN3)cccc2c1,4.647140286209031,challenge;ncgc;veith
c1ccc2c(CC3NCCN3)cccc2c1,4.89695369244143,ncgc;veith
c1ccc2c(CN3CCN(Cc4c[nH]c5ccccc45)CC3)c[nH]c2c1,5.096953661274842,ncgc;veith
c1ccc2c(CSCCc3ccncc3)cccc2c1,5.892241091189295,veith
c1ccc2c(CSc3nnc(-c4ccncc4)o3)cccc2c1,5.792241107578132,veith
c1ccc2c(N3CCNCC3)cccc2c1,4.2969560175302135,ncgc;veith
c1ccc2c(N3CCNCC3)nc(-c3ccc4c(c3)OCO4)nc2c1,4.9969534480296955,ncgc;veith
c1ccc2c(NC3CCNCC3)nc(-c3ccoc3)nc2c1,4.601668415167836,ncgc
c1ccc2c(NCCN3CCOCC3)nc(-c3ccc4c(c3)OCO4)nc2c1,4.596954724317373,ncgc;veith
c1ccc2c(NCCN3CCOCC3)nc(-c3ccoc3)nc2c1,4.101668763344926,ncgc
c1ccc2c(Nc3ccncc3)nc(-c3ccc4c(c3)OCO4)nc2c1,4.196955646610027,ncgc;veith
c1ccc2c(Nc3ccncc3)nc(-c3ccoc3)nc2c1,4.301670255124509,ncgc
c1ccc2c([C@@H]3CCN(CCN4CCOCC4)C3)c[nH]c2c1,4.89695369244143,ncgc;veith
c1ccc2c(c1)-c1ccccc1C2N1CC2CCC(CC2)C1,4.89695369244143,ncgc;veith
c1ccc2c(c1)CC(CCN1CCC1)=C2Cc1cnccn1,4.472631005214953,pharmabench
c1ccc2c(c1)CC(CCN1CCCC1)=C2Cc1cnccn1,4.889770169439531,pharmabench
c1ccc2c(c1)CCCC2,4.714120979271432,tox21
c1ccc2c(c1)CCCC2C1=NCCN1,4.439202422992346,challenge
c1ccc2c(c1)CCC[C@@H]2C1=NCCN1,4.796954045378592,ncgc;veith
c1ccc2c(c1)CCC[C@H]2C1=NCCN1,3.9969548213840747,ncgc;veith
c1ccc2c(c1)CCNC2,4.362036995285447,tox21
c1ccc2c(c1)CN[C@@H](CN(CCCN1CCN(C3CC3)CC1)[C@H]1CCCc3cccnc31)C2,4.638291903839562,pharmabench
c1ccc2c(c1)CN[C@@H](CN(CC[C@H]1CCCNC1)[C@H]1CCCc3cccnc31)C2,6.377936157302469,pharmabench
c1ccc2c(c1)CN[C@@H](CN(Cc1ccc(CNC3CCOCC3)cc1)[C@H]1CCCc3cccnc31)C2,5.714320883127359,pharmabench
c1ccc2c(c1)CN[C@H](CN(CCCN1CCNCC1)[C@H]1CCCc3cccnc31)C2,5.273200806782456,pharmabench
c1ccc2c(c1)Cc1cc3cc4c(cc3nc1-2)OCO4,5.4016781467766215,ncgc
c1ccc2c(c1)Cc1cc3ccccc3nc1-2,4.401667797519954,ncgc
c1ccc2c(c1)Nc1ccccc1S2,4.173252039198229,tox21
c1ccc2c(c1)OCC(C1=NCCN1)O2,4.43441675507263,tox21
c1ccc2c(c1)OCCC2CNc1ncnc2c1ncn2C1CC1,7.361906979992345,challenge
c1ccc2c(c1)OC[C@@H](C1=NCCN1)O2,4.796955202004348,ncgc;veith
c1ccc2c(c1)Sc1ccccc1N2CC1CN2CCC1CC2,6.084428617243388,tox21
c1ccc2c(c1)Sc1ccccc1N2C[C@H]1CN2CCC1CC2,5.896959146963251,ncgc;veith
c1ccc2c(c1)[I+]c1ccccc1-2,5.246958309030421,ncgc;veith
c1ccc2c(c1)[nH]c1cnccc12,4.722541929508009,tox21
c1ccc2c(c1)c1cccc3ccc4cccc2c4c31,3.9032997167692267,tox21
c1ccc2c(c1)ncn2-c1ccc(-c2ccnc(-c3ccncc3)n2)cc1,5.442240306846952,veith
c1ccc2c(c1)ncn2Cc1nnc2sc(-c3ccc4c(c3)OCO4)nn12,4.292241779935917,veith
c1ccc2c(c1)nnn2CN1CCOCC1,8.501669380321307,ncgc
c1ccc2c3c([nH]c2c1)[C@@H]1[C@H]2CC[C@H]([C@H]4CCCN[C@H]42)N1CC3,4.596954724317373,ncgc;veith
c1ccc2c[n+](Cc3ccnc4ccccc34)ccc2c1,4.9969534480296955,ncgc;veith
c1ccc2cc(CC3=NCCN3)ccc2c1,3.9016695663778864,ncgc
c1ccc2cc(NCNc3ccc4ccccc4c3)ccc2c1,5.4969551427270105,ncgc;veith
c1ccc2cc([C@]34CCC[C@H]3CNC4)ccc2c1,4.445277939667817,pharmabench
c1ccc2ccccc2c1,3.725026043193753,tox21
c1ccc2cnccc2c1,3.9732520511108227,tox21
c1ccc2nc(-c3ccncc3)ccc2c1,4.292241779935917,veith
c1ccc2nc(C3=NCCN3)ccc2c1,4.196955646610027,ncgc;veith
c1ccc2nc(CC[C@@H]3CCCCN3)ccc2c1,4.89695369244143,ncgc;veith
c1ccc2oc(C3=NCCN3)cc2c1,3.9016695663778864,ncgc
c1ccc2oc(C3CCCCN3Cc3nnc4n3CCCCC4)nc2c1,4.533113724992345,challenge
c1ccc2occc2c1,4.073252490208837,tox21
c1ccc2sc(C3(N4CCCCC4)CCCCC3)cc2c1,4.696953503977677,ncgc;veith
c1ccc2sc(CN3CCC(Cc4c[nH]cn4)CC3)nc2c1,6.956523054992346,challenge
c1ccc2sc(N3CCN(Cc4ccc5c(c4)OCO5)CC3)nc2c1,3.9016695663778864,ncgc
c1ccc2sc(NC3=NCN(C4CCCCCC4)CN3)nc2c1,5.492240905132714,veith
c1ccc2sc(SCCSc3nc4ccccc4s3)nc2c1,5.001666312269612,ncgc
c1ccc2sc(SCN(C3CCCCC3)C3CCCCC3)nc2c1,5.296954647425311,ncgc;veith
c1ccc2sc(SCSc3nc4ccccc4s3)nc2c1,5.096953661274842,ncgc;veith
c1ccc2sc(SN(C3CCCCC3)C3CCCCC3)nc2c1,6.228229794436214,tox21
c1ccc2sc(SN3CCOCC3)nc2c1,4.0344169708398665,tox21
c1cn(-c2cc(-c3ccc4c(c3)OCO4)ncn2)cn1,4.796954045378592,ncgc;veith
c1cn(-c2ccc(CNCc3cn4c(n3)CCCCC4)cc2)cn1,6.1588867299923455,challenge
c1cn(-c2ccnc(-c3ccc4c(c3)OCO4)n2)cn1,4.9969534480296955,ncgc;veith
c1cn(-c2ncnc3ccc(-c4ccoc4)cc23)cn1,3.9016695663778864,ncgc
c1cn2ccnc2c(N2CCCCC3(CCCCC3)C2)n1,4.838211169992346,challenge
c1cn2cncc2cc1-c1noc(-c2ccc(CN3CCCCC3)o2)n1,4.829552771992346,challenge
c1cn2cncc2cc1-c1noc(C2CC23CCOC3)n1,4.539402349992345,challenge
c1cnc(-c2ccc(OCCCN3CCC(Cc4c[nH]cn4)CC3)cc2)nc1,4.64117759207705,pharmabench
c1cnc(N2CCC3(CCNCC3)CC2)nc1,4.4969551427270105,ncgc;veith
c1cnc(N2CCCC3(CCNCC3)C2)nc1,5.196951293391612,ncgc;veith
c1cnc(N2CCN(Cc3ccc4c(c3)OCO4)CC2)nc1,5.726116820454879,ncgc;tox21;veith
c1cnc(N2CC[C@@]3(CCCNC3)C2)nc1,4.596954724317373,ncgc;veith
c1cnc2c(Nc3ccc4cnccc4c3)n[nH]c2c1,4.819445770387007,pharmabench
c1cnc2c(c1)CCC[C@@H]2N(CCCN1CCNCC1)Cc1cc2ccccc2cn1,4.9480371314017555,pharmabench
c1cnc2c(c1)ccc1cccnc12,4.301670255124509,ncgc
c1cnc2ccc(CNc3ncnc4sccc34)cc2c1,4.674876454992345,challenge
c1cnc2ccc(OCCCN3CCC(Cc4c[nH]cn4)CC3)cc2c1,5.118298846796713,pharmabench
c1cncc(-c2cc(-n3ccnc3)ncn2)c1,4.2969560175302135,ncgc;veith
c1cncc(-c2cc(NCc3cccs3)ncn2)c1,4.101668763344926,ncgc
c1cncc(-c2ccc3ncnc(NCCN4CCOCC4)c3c2)c1,3.9016695663778864,ncgc
c1cncc(-c2cncnc2NCc2cccs2)c1,3.9016695663778864,ncgc
c1cncc(-c2nc(N3CCNCC3)c3ccccc3n2)c1,4.596954724317373,ncgc;veith
c1cncc(-c2nc(NCCN3CCOCC3)c3ccccc3n2)c1,4.4969551427270105,ncgc;veith
c1cncc(-c2nc(NCc3cccs3)c3ccccc3n2)c1,4.696954347372703,ncgc;veith
c1cncc(-c2nccc(-n3ccnc3)n2)c1,4.596954724317373,ncgc;veith
c1cncc(-c2nccc(NCc3cccs3)n2)c1,5.69694058165962,ncgc;veith
c1cncc(CC2CCCN(c3nsc4cccnc34)C2)c1,4.3413411169923455,challenge
c1cncc(CNCc2cccnc2)c1,4.601668415167836,ncgc
c1cncc(CNc2cc(-c3ccc4c(c3)OCO4)ncn2)c1,4.196955646610027,ncgc;veith
c1cncc(CNc2ccnc(-c3ccc4c(c3)OCO4)n2)c1,4.4969551427270105,ncgc;veith
c1cncc(CNc2ccnc(-c3cccnc3)n2)c1,4.4969551427270105,ncgc;veith
c1cncc(CNc2nc(-c3ccc4c(c3)OCO4)nc3ccccc23)c1,4.396953559925658,ncgc;veith
c1cncc(CNc2nc(-c3cccnc3)nc3ccccc23)c1,4.196955646610027,ncgc;veith
c1cncc(CNc2nc(-c3ccoc3)nc3ccccc23)c1,4.796954045378592,ncgc;veith
c1cncc(CNc2ncnc3ccc(-c4cccnc4)cc23)c1,4.4969551427270105,ncgc;veith
c1cncc(CNc2ncnc3ccc(-c4ccoc4)cc23)c1,4.101668763344926,ncgc
c1cncc(CNc2ncncc2-c2ccc3c(c2)OCO3)c1,4.2969560175302135,ncgc;veith
c1cncc([C@@H]2CCCCN2)c1,4.371429839092153,ncgc;tox21;veith
c1cncc([C@H]2CCCCN2)c1,4.401667797519954,ncgc
c1csc(CN2CC3(CCNCC3)C2)n1,3.9016695663778864,ncgc
c1csc(CN2CCN(c3ncnc4[nH]ccc34)CC2)c1,4.6019584619923455,challenge
c1csc(CN2CC[C@@]3(CCCNC3)C2)n1,4.396953559925658,ncgc;veith
c1csc(CNc2cc(-c3ccoc3)ncn2)c1,4.2969560175302135,ncgc;veith
c1csc(CNc2ccnc(-c3ccc4c(c3)OCO4)n2)c1,5.7969497127886624,ncgc;veith
c1csc(CNc2ccnc(-c3ccoc3)n2)c1,4.9969534480296955,ncgc;veith
c1csc(CNc2nc(-c3ccc4c(c3)OCO4)nc3ccccc23)c1,4.4969551427270105,ncgc;veith
c1csc(CNc2nc(-c3ccoc3)nc3ccccc23)c1,4.89695369244143,ncgc;veith
c1csc(CNc2ncnc3ccc(-c4ccc5c(c4)OCO5)cc23)c1,5.901677202737208,ncgc
c1csc(CNc2ncnc3ccc(-c4ccoc4)cc23)c1,4.2969560175302135,ncgc;veith
c1csc(CNc2ncncc2-c2ccc3c(c2)OCO3)c1,4.4969551427270105,ncgc;veith
c1csc(CNc2ncncc2-c2ccoc2)c1,4.2969560175302135,ncgc;veith
c1nc(CC2CCN(CCCOc3ccc(CN4CCCCC4)nc3)CC2)c[nH]1,4.942207587741032,pharmabench
c1nc(CC2CCN(CCCOc3ccc(NC4CCCCC4)cc3)CC2)c[nH]1,5.465086333021369,pharmabench
c1nc(CC2CCN(CCCOc3ccc(OC4CCCCC4)cc3)CC2)c[nH]1,5.942207587741032,pharmabench
c1nc(CC2CCN(CCOc3ccc(CN4CCCCC4)cc3)CC2)c[nH]1,4.942207587741032,pharmabench
c1nc(N2CC(c3ncc(C4CC4)cn3)C2)c2cc[nH]c2n1,4.4805249319923455,challenge
c1nc(N2CCNCC2)c2cc(-c3ccc4c(c3)OCO4)ccc2n1,5.096953661274842,ncgc;veith
c1nc(N2CCNCC2)c2cc(-c3ccoc3)ccc2n1,3.9016695663778864,ncgc
c1nc(NC2CC2)c2cc(-c3ccoc3)ccc2n1,3.9016695663778864,ncgc
c1nc(NC2CCNCC2)c2cc(-c3ccc4c(c3)OCO4)ccc2n1,4.196955646610027,ncgc;veith
c1nc(NC2CCNCC2)c2cc(-c3ccoc3)ccc2n1,4.101668763344926,ncgc
c1nc(NCCN2CCOCC2)c2cc(-c3ccc4c(c3)OCO4)ccc2n1,4.596954724317373,ncgc;veith
c1nc(NCCN2CCOCC2)c2cc(-c3ccoc3)ccc2n1,5.196951293391612,ncgc;veith
c1nc(NCc2ccc3c(c2)OCO3)c2nnn(C3CC3)c2n1,3.773737056992345,challenge
c1nc(NCc2ccn(C3CCCC3)n2)c2ccsc2n1,4.377796762992346,challenge
c1ncc(-c2ccc(OCCCN3CCC(Cc4c[nH]cn4)CC3)cc2)cn1,4.817268851132732,pharmabench
c1ncc(-c2ccc3c(c2)OCO3)c(NCCc2cnc[nH]2)n1,5.096953661274842,ncgc;veith
c1ncc(-c2ccoc2)c(NC2CC2)n1,4.101668763344926,ncgc
c1nn(CC2CCC2)cc1CN1CC(C2CCOCC2)C1,4.907253129992346,challenge
