SMILES,pAC50,source
Br.CC(C)CC1CC(=O)OC1(C)C(=O)CSc1nc2ccccc2s1,3.8312389898347954,veith
Br.CCOc1ccc2c(c1)nc(SCC(=O)c1ccc(Br)s1)n2C,4.931238759019225,veith
Br.COc1ccc2c(c1)nc(SCC(=O)c1ccc(Br)s1)n2C,4.081239412948973,veith
Br.N=C(N)SCc1nc2ccccc2c(=O)n1-c1ccccc1Cl,4.7812382168028345,veith
Br.N=c1n(CCN2CCOCC2)c2ccccc2n1CC(=O)c1ccc(Cl)c(Cl)c1,4.28123853814577,veith
BrC(c1cccc2ccccc12)c1cccc2ccccc12,4.784219133178269,ncgc;veith
BrC1CCC(Br)C(Br)CCC(Br)C(Br)CCC1Br,4.425659481172465,tox21
BrCC(Br)C1CCC(Br)C(Br)C1,4.140304247684445,tox21
BrCC(Br)c1ccccc1,3.7885301040785704,tox21
BrCCCCCCBr,3.7885301040785704,tox21
BrCc1cccc(Oc2ccccc2)c1,3.738530418642034,tox21
Brc1c2ccccc2cc2ccccc12,4.084296515836798,tox21
Brc1cc(Br)c(Oc2cc(Br)c(Br)cc2Br)cc1Br,4.399413358055546,tox21
Brc1cc(Oc2cc(Br)c(Br)c(Br)c2Br)c(Br)c(Br)c1Br,4.005002850178369,tox21
Brc1cc2c(cc1/C=N/Nc1nc(N3CCCC3)nc(N3CCOCC3)n1)OCO2,4.431238405874674,veith
Brc1cc2ccccc2c2ccccc12,3.8849991931134227,tox21
Brc1ccc(-c2csc(N3CCC(c4ccccc4)C3)n2)cc1,4.28123853814577,veith
Brc1ccc(-c2csc(N3CCc4ccccc4C3)n2)cc1,3.731239014571102,veith
Brc1ccc(-c2n[nH]cc2CN2CCN(C3CCOCC3)CC2)cc1,3.7474079500037276,challenge
Brc1ccc(-c2nnc(-c3ccccc3)c(N3CCSCC3)n2)cc1,4.28123853814577,veith
Brc1ccc(/C=C/C=N/Nc2nc3ccccc3s2)cc1,4.431238405874674,veith
Brc1ccc(CSc2nccn2-c2ccccc2)cc1,4.131237783223632,veith
Brc1ccc(N=C/C=C/C=C/Nc2ccc(Br)cc2)cc1.Cl,3.981239042028786,veith
Brc1ccc(Oc2cc(Br)c(Br)cc2Br)c(Br)c1,4.436766071917197,tox21
Brc1ccc(Oc2ccc(Br)cc2)cc1,4.213353325923412,tox21
Brc1ccc(Oc2ccccc2)cc1,3.9457842768823257,tox21
Brc1ccc2ncnc(Nc3cccc4ccccc34)c2c1,4.88123792116939,veith
Brc1cccc(C2CCN(c3ncnc4nc[nH]c34)C2)c1,5.025751562003728,challenge
Brc1ccccc1-c1ccccc1,4.112453328491874,tox21
C#CC(C)(C)NC(=O)c1cc(Cl)cc(Cl)c1,3.7842959678547405,tox21
C#CC(O)C(CC)CCCC,3.8385301209917824,tox21
C#CCC1=C(C)C(OC(=O)C2C(C=C(C)C)C2(C)C)CC1=O,4.541371414027482,tox21
C#CCCC(=O)Nc1nc(-c2ccc(NS(C)(=O)=O)cc2)cs1,4.716332523003728,challenge
C#CCCCC(=S)Nc1ccccc1,3.6872033036619767,ncgc
C#CCCCCCCCCCCCCCCCC(=O)O,4.184219245074232,ncgc;veith
C#CCCCO/N=C1/C[C@@H](O)[C@@H](O)[C@@H]2[C@@H]3C(=O)N(c4cccc(Oc5ccccc5)c4)C(=O)[C@H]3CC[C@H]12,4.984216978540185,ncgc;veith
C#CCCCO/N=C1/C[C@@H](O)[C@@H](O)[C@@H]2[C@H]3C(=O)N(c4ccc(F)cc4F)C(=O)[C@@H]3CC[C@H]12,5.084220332573883,ncgc;veith
C#CCCCO/N=C1/[C@H]2O[C@@H]2[C@@H](O)[C@H]2[C@H]1CCn1c(=O)n(Cc3cc4c(cc3Cl)OCO4)c(=O)n12,5.887183482540238,ncgc
C#CCN1C(=O)COc2cc(F)c(N3C(=O)C4=C(CCCC4)C3=O)cc21,4.088530344873387,tox21
C#CCN1C(C)=C(C(=O)OC)[C@@H](c2cccc([N+](=O)[O-])c2)C(C(=O)OCC)=C1C,5.78423973440602,ncgc;veith
C#CCOC(=O)/C=C(C)/C=C/CC(C)CCCC(C)C,4.138530880775606,tox21
C#CCOC(=O)NC(/C=C/CCCC)c1ccccc1,4.087203992408599,ncgc
C#CCOC(=O)Nc1ccc(=O)n(Cc2c(Cl)cccc2Cl)c1,5.081239412948973,veith
C#CCOC(=O)[C@@H](C)Oc1ccc(Oc2ncc(Cl)cc2F)cc1,4.1406606175790355,tox21
C#CCOC(C(=O)OCCN(C)C)(c1ccccc1)c1ccccc1.Cl,5.249702450799103,tox21
C#CCOS(=O)OC1CCCCC1Oc1ccc(C(C)(C)C)cc1,5.888187428246569,tox21
C#CCSc1nc(Cc2ccc(Cl)cc2)nc2ccccc12,4.831238989834795,veith
C#CCSc1nncn1C(=O)/C=C/c1ccccc1,4.68123872420235,veith
C#CCn1c(S(=O)(=O)Cc2ccc(OC)cc2)nc(-c2ccccc2)c1-c1ccccc1,4.831238989834795,veith
C#C[C@@]1(O)CC[C@@H]2[C@@H]3CCC4=C(CCC(=O)C4)[C@H]3CC[C@]21C,4.584219730527165,ncgc;veith
C#C[C@@]1(O)CC[C@H]2[C@H]3CCC4=Cc5oncc5C[C@]4(C)[C@@H]3CC[C@@]21C,4.9871949150515835,ncgc
C#C[C@@]1(OC(C)=O)CC[C@@H]2[C@@H]3CCC4=C[C@@H](OC(C)=O)CC[C@H]4[C@H]3CC[C@]21C,4.084221702678786,ncgc;veith
C#C[C@]1(O)C=C[C@H]2[C@@H]3CCC4=CC(=O)CC[C@@H]4[C@H]3CC[C@@]21CC,4.949691042568217,tox21
C#C[C@]1(O)CC[C@@H]2[C@H]3CCC4=CCCC[C@@H]4[C@@H]3CC[C@@]21C,4.284220827875583,ncgc;veith
C#C[C@]1(O)CC[C@@H]2[C@H]3CCC4=Cc5oncc5C[C@]4(C)[C@@H]3CC[C@@]21C,5.184224419702565,ncgc;veith
C#C[C@]1(O)CC[C@H]2[C@@H]3CCC4=CC(=O)CCC4=C3C=C[C@@]21CC,5.5996964603675305,tox21
C#C[C@]1(O)CC[C@H]2[C@@H]3CCC4=CC(=O)CC[C@@H]4[C@H]3CC[C@@]21C,4.419113209520216,tox21
C#C[C@]1(O)CC[C@H]2[C@@H]3CCC4=CC(=O)CC[C@@H]4[C@H]3CC[C@@]21CC,5.219110802239799,tox21
C#C[C@]1(O)CC[C@H]2[C@@H]3CCC4=CC(=O)CC[C@]4(C)[C@H]3CC[C@@]21C,4.8941103405017286,tox21
C#C[C@]1(O)CC[C@H]2[C@@H]3CCC4=CCCC[C@@H]4[C@H]3CC[C@@]21C,4.644112801663683,tox21
C#C[C@]1(O)CC[C@H]2[C@@H]3CCC4=Cc5oncc5C[C@]4(C)[C@H]3CC[C@@]21C,5.186922636040271,pharmabench;tox21
C#C[C@]1(O)CC[C@H]2[C@@H]3CCc4cc(O)ccc4[C@H]3CC[C@@]21C,4.548141516629045,challenge;tox21
C#C[C@]1(O)CC[C@H]2[C@@H]3CCc4cc(OC)ccc4[C@H]3CC[C@@]21C,4.769113468113392,tox21
C#C[C@]1(O)CC[C@H]2[C@@H]3CCc4cc(OC5CCCC5)ccc4[C@H]3CC[C@@]21C,4.399695684644625,tox21
C#C[C@]1(O)CC[C@H]2[C@@H]3[C@H](C)CC4=C(CCC(=O)C4)[C@H]3CC[C@@]21C,4.499695145639398,tox21
C#C[C@]1(OC(C)=O)CC[C@H]2[C@@H]3CCC4=C/C(=N/O)CC[C@@H]4[C@H]3CC[C@@]21CC,4.5996964603675305,tox21
C#C[C@]1(OC(C)=O)CC[C@H]2[C@@H]3CCC4=C[C@@H](OC(C)=O)CC[C@@H]4[C@H]3CC[C@@]21C,4.499695145639398,tox21
C#Cc1cnc2[nH]cc(C(=O)c3c(F)ccc(NS(=O)(=O)CCC)c3F)c2c1,4.639124518466617,pharmabench
C(#CC1C=CC2OC(c3ccccc3)OCC2O1)c1ccccc1,5.187211884060712,ncgc
C(=C(c1ccccc1)c1ccccc1)c1ccccc1,4.938529421142464,tox21
C(=C/c1ccccc1)\CN1CCN(C(c2ccccc2)c2ccccc2)CC1,4.231367894822332,challenge;tox21
C(=C/c1nnc(-c2cccs2)o1)\c1ccccc1,4.131237783223632,veith
C(=C1\CCCC2=C1Nc1ncnn1C2c1ccccc1)\c1ccccc1,4.381238666479966,veith
C(=C\c1ccccc1)\CN1CCN(C(c2ccccc2)c2ccccc2)CC1,4.087203992408599,ncgc
C(=C\c1ccccc1)\CN1CCN(CCOC(c2ccccc2)c2ccccc2)CC1,4.584219730527165,ncgc;veith
C(=N/N1CCN(C2c3ccccc3-c3ccccc32)CC1)\c1cccnc1,5.981239042028786,veith
C(=N/n1cnnc1)\c1cccn1-c1ccccc1,4.581238740591187,veith
C(=Nc1ccc2c(c1)Cc1ccccc1-2)c1ccccn1,4.687200030977656,ncgc
C/C(=C(/OCCOc1ccc(Cl)cc1)c1ccc(Cl)cc1Cl)n1ccnc1,5.699697196683655,tox21
C/C(=C1/SC(N2CCCC2)=NC1=O)c1ccc(Br)cc1,4.931238759019225,veith
C/C(=C\C(=O)c1ccc(Br)cc1)NCc1ccc2c(c1)OCO2,4.231237939860009,veith
C/C(=C\C(=O)c1ccc(Cl)cc1)NCc1ccc2c(c1)OCO2,4.381238666479966,veith
C/C(=C\C(=O)c1ccccc1)Nc1ccc(Br)c(Cl)c1,4.231237939860009,veith
C/C(=C\C1CCCCC1)C(NC(=O)c1cccnc1)c1ccc(-c2ccccc2)cc1,4.284220827875583,ncgc;veith
C/C(=C\c1ccc(Cl)cc1)C(C)(C)C(=O)O,4.787200049553703,ncgc
C/C(=C\c1ccccc1)[N+](=O)[O-],4.138530880775606,tox21
C/C(=C\c1ccco1)C1C(C#N)=C(N)Oc2n[nH]c(-c3ccccc3)c21,6.331238507999185,veith
C/C(=N/NC(=O)Cc1cccn1C)c1ccccc1,3.88123792116939,veith
C/C(=N/NC(=O)c1ccc(C)s1)c1cccc(NC(=O)COc2ccc(Cl)cc2C)c1,5.181236955344418,veith
C/C(=N/NC(=O)c1ccc(NC(=O)c2ccc(F)cc2)cc1)c1ccccc1,4.581238740591187,veith
C/C(=N/NC(=O)c1cccs1)c1ccc(NC(=O)COc2ccc(Cl)cc2Cl)cc1,4.631238141608918,veith
C/C(=N/NS(=O)(=O)c1ccc(C)cc1)c1cccc(NC(=O)c2cccc(Cl)c2)c1,4.68123872420235,veith
C/C(=N/Nc1ccc2ccccc2n1)c1ccccc1O,4.884219346423415,ncgc;veith
C/C(=N\N1CCN(C2c3ccccc3-c3ccccc32)CC1)c1cccnc1,5.531238789289352,veith
C/C(=N\N1CCN(C2c3ccccc3-c3ccccc32)CC1)c1ccncc1,4.931238759019225,veith
C/C(=N\N=C(c1ccccc1)c1ccccc1)c1cccs1,5.431238405874674,veith
C/C(=N\NC(=O)CSCc1ccc(Cl)cc1)c1ccc2c(c1)OCCO2,4.381238666479966,veith
C/C(=N\NC(=O)Cc1ccc(Cl)cc1)c1ccccn1,4.131237783223632,veith
C/C(=N\NC(=O)Cc1ccccc1)c1cccs1,4.131237783223632,veith
C/C(=N\NC(=O)Nc1cc(F)cc(F)c1)c1ncccc1C(=O)O,4.588528406643712,tox21
C/C(=N\NC(=O)Nc1cc(F)cc(F)c1)c1ncccc1C(=O)[O-].[Na+],4.638529123679475,tox21
C/C(=N\NC(=O)c1[nH]c2c([N+](=O)[O-])cc(C)cc2c1-c1ccccc1)c1cccnc1,4.331238507999185,veith
C/C(=N\NC(=O)c1ccccc1C)c1ccc(NC(=O)c2cccs2)cc1,4.131237783223632,veith
C/C(=N\NC(=O)c1ccncc1)c1ccc2ccccc2c1O,6.284220827875583,ncgc;veith
C/C(=N\NC(=S)Nc1cccc(C)c1)c1ccccc1,4.4812387752551235,veith
C/C(=N\Nc1ccc([N+](=O)[O-])cc1)c1cccc(N)c1,4.531238789289352,veith
C/C(=N\Nc1nc(N)cc(Cl)n1)c1cccc([N+](=O)[O-])c1,4.131237783223632,veith
C/C(=N\Nc1nnc(-c2ccccc2)c(-c2ccccc2)n1)c1cccc([N+](=O)[O-])c1,3.981239042028786,veith
C/C(=N\OC(=O)NC(C)C)c1sc(-c2ccc(Cl)cc2)nc1C,4.431238405874674,veith
C/C(=N\OC(=O)NC(C)C)c1sc(-c2ccccc2)nc1C,4.231237939860009,veith
C/C(=N\OC(=O)NC1CCCCC1)c1sc(-c2ccccc2)nc1C,4.231237939860009,veith
C/C(=N\OCc1cccc(Cl)c1Cl)c1ccc(CC#N)s1,4.331238507999185,veith
C/C(=N\n1nnnc1Nc1ccccc1)c1ccc(N)cc1,4.231237939860009,veith
C/C(CC(=O)Nc1cccc2c1CCCC2)=N\NC(=O)c1ccccc1N,4.131237783223632,veith
C/C(CC(=O)Nc1ccccn1)=N\NC(=O)C(=O)Nc1cccc(Cl)c1C,4.68123872420235,veith
C/C(CCC(=O)OC[C@@H]1O[C@H](C#Cc2ccccc2)C=C[C@@H]1Oc1ccc(C)cc1)=N/OC[C@@H](O)COCc1ccco1,5.084220332573883,ncgc;veith
C/C(CCC(=O)OC[C@@H]1O[C@H](C#Cc2ccccc2)C=C[C@@H]1Oc1ccc(C)cc1)=N/O[C@@H](C)CN1CCCc2nc(C)c(C)cc21,4.884219346423415,ncgc;veith
C/C(CCC(=O)OC[C@@H]1O[C@H](C#Cc2ccccc2)C=C[C@@H]1Oc1ccc(C)cc1)=N/O[C@@H](C)c1cn([C@H](CO)Cc2ccccc2)nn1,4.8342192398008415,ncgc;veith
C/C(CCC(=O)OC[C@@H]1O[C@H](C#Cc2ccccc2)C=C[C@@H]1Oc1ccc(C)cc1)=N/O[C@@H](C)c1cn([C@H]2COC[C@H]2O)nn1,5.084220332573883,ncgc;veith
C/C(CCN1CCCCc2nc(C)c(C)cc21)=N\O[C@@H](C)c1cc(-c2c(C)cc(C)cc2C)no1,4.884219346423415,ncgc;veith
C/C(CCN1CCCc2nc(C)c(C)cc21)=N\O[C@@H](C)c1cc(-c2c(C)cc(C)cc2C)no1,4.784219133178269,ncgc;veith
C/C(CCN1CCCc2nc(C)c(C)cc21)=N\O[C@@H](C)c1cn([C@H](CO)Cc2ccccc2)nn1,4.6842193775900025,ncgc;veith
C/C(CCN1CCc2nc(-c3ccccc3)c(-c3ccccc3)cc2C1)=N\O[C@@H](C)c1cc(-c2c(C)cc(C)cc2C)no1,5.787241252009206,ncgc
C/C(CCN1CCc2nc(-c3ccccc3)c(-c3ccccc3)cc2C1)=N\O[C@@H](C)c1cn([C@H](CO)Cc2ccccc2)nn1,4.787200049553703,ncgc
C/C(CCc1ccc2c(c1)OCO2)=N\N=C1\NC(=O)CC(C(=O)Nc2ccccc2)S1,4.381238666479966,veith
C/C(C[n+]1ccccc1)=N\N=C(N)N,5.887183482540238,ncgc
C/C(Cl)=C/CSc1nnc2n(N)c(=O)c3ccccc3n12,3.931238759019225,veith
C/C(N)=C(/C#N)C(=O)CSc1nnc(COc2cc(C)ccc2C)o1,4.431238405874674,veith
C/C(O)=C(/C#N)C(=O)Nc1cc(Br)ccc1Br,4.387202152451927,ncgc
C/C1=C2/N=C(/C=C3\N=C(/C(C)=C4\[N-][C@@](C)([C@@H]5N=C1[C@](C)(CCC(=O)NC[C@@H](C)OP(=O)([O-])O[C@H]1[C@@H](O)[C@@H](n6cnc7cc(C)c(C)cc76)O[C@@H]1CO)[C@H]5CC(N)=O)[C@@](C)(CC(N)=O)[C@@H]4CCC(N)=O)[C@@](C)(CC(N)=O)[C@@H]3CCC(N)=O)C(C)(C)[C@@H]2CCC(N)=O.[C-]#N.[Co+3],4.449695384640936,tox21
C/C=C(C(=C/C)/c1ccc(O)cc1)\c1ccc(O)cc1,4.399695684644625,tox21
C/C=C(C(=C/C)/c1ccc(OC(C)=O)cc1)\c1ccc(OC(C)=O)cc1,4.699697196683655,tox21
C/C=C(C(=C\C)\c1ccc(O)cc1)/c1ccc(O)cc1,5.384228610767986,ncgc;veith
C/C=C(C)/C=C/C=C(C)C,3.7910220573923734,tox21
C/C=C(\C)C(=O)OCCC(C)CCC=C(C)C,4.038530441677591,tox21
C/C=C(\C)C(=O)O[C@@H]1C(C)=C2[C@H]([C@@H]1OC(=O)CCCCCCC)[C@@](C)(OC(C)=O)C[C@@H](OC(=O)CCC)[C@@]1(O)[C@H]2OC(=O)[C@]1(C)O,3.7842205065326477,ncgc;veith
C/C=C/C(=O)CCCC,3.888530401930029,tox21
C/C=C/C(=O)N(CC)c1ccccc1C,4.038530441677591,tox21
C/C=C/C(=O)Oc1c(CCCCCC(C)C)cc([N+](=O)[O-])cc1[N+](=O)[O-],5.188524066442228,tox21
C/C=C/C=C/C(=O)O,3.888530401930029,tox21
C/C=C/C=C/CCCCCCCO,4.788529492223417,tox21
C/C=C/C=C/CO,3.7885301040785704,tox21
C/C=C/C=C/COC(=O)C(C)C,4.038530441677591,tox21
C/C=C/C=N/NC(=O)c1ccncc1,4.449695384640936,tox21
C/C=C/C=O,4.155518033667482,tox21
C/C=C/OC(=O)NC(c1ccccc1)[C@@]1(C(=O)OCC)CCCC1=O,4.687200030977656,ncgc
C/C=C/OC(=O)NC(c1ccccc1)[C@]1(C(C)=O)CCCC1=O,4.687200030977656,ncgc
C/C=C/OC(=O)NC(c1ccccc1)[C@]1(C(C)=O)CCOC1=O,5.387218555056005,ncgc
C/C=C/c1ccc(O)c(OC)c1,4.53853042990295,tox21
C/C=C/c1ccc(OC)c(OC)c1,4.088530344873387,tox21
C/C=C/c1ccc(OC)cc1,4.449695384640936,tox21
C/C=C1/C(=O)C[C@H]2[C@@H]3CCC4=CC(=O)CC[C@]4(C)[C@H]3CC[C@]12C,4.439595122201758,tox21
C/C=C1/CC2C=CC1C2,3.7885301040785704,tox21
C/C=C1\C(=O)C[C@@H]2[C@@H]3CCC4=CC(=O)CC[C@@]4(C)[C@H]3CC[C@@]12C,3.6872033036619767,ncgc
C/C=C1\C(=O)C[C@H]2[C@@H]3CCC4=CC(=O)CC[C@]4(C)[C@H]3CC[C@]12C,4.197080684914892,tox21
C/C=C\C/C=C/CCCCCCCCOC(C)=O,4.3885311946544245,tox21
C1=Cc2ccccc2C1,4.038530441677591,tox21
C1C2OC2C2C1C1CC2C2OC12,3.736761743931008,tox21
C1CC(COCC2CO2)CCC1COCC1CO1,3.8385301209917824,tox21
C1CCC(SSC2CCCCC2)CC1,3.9885299994982155,tox21
C1CN(SSN2CCOCC2)CCO1,4.140664952383467,tox21
C1CNCCN1,4.075929358400354,tox21
C1COC(NC(C2CC2)C2CC2)=N1,4.287203117605396,ncgc
C1COCO1,3.7628111096099444,tox21
C=C(C#N)C(=O)OCC,3.888530401930029,tox21
C=C(C)C(=O)Nc1ccc(Cl)c(Cl)c1,3.961949205936137,tox21
C=C(C)C(=O)OCC(CC)(COC(=O)C(=C)C)COC(=O)C(=C)C,4.463937636946358,tox21
C=C(C)C(=O)OCC(CC)CCCC,3.8300963461551314,tox21
C=C(C)C(=O)OCC(O)COc1ccc(C(C)(C)c2ccc(OCC(O)COC(=O)C(=C)C)cc2)cc1,5.088532786506383,tox21
C=C(C)C(=O)OCCC(C)OC(=O)C(=C)C,4.038530441677591,tox21
C=C(C)C(=O)OCCCCCCCCCCOC(=O)C(=C)C,4.088530344873387,tox21
C=C(C)C(=O)OCCCCCCOC(=O)C(=C)C,4.088530344873387,tox21
C=C(C)C(=O)OCCCCOC(=O)C(=C)C,4.038530441677591,tox21
C=C(C)C(=O)OCCC[Si](Cl)(Cl)Cl,4.184296742273221,tox21
C=C(C)C(=O)OCCC[Si](OC)(OC)OC,4.140843908143539,tox21
C=C(C)C(=O)OCCN(C)C,3.8839445667093635,tox21
C=C(C)C(=O)OCCOC1CC2CC1C1C=CCC21,4.007581909791714,tox21
C=C(C)C(=O)OCCOCC,4.086408878488691,tox21
C=C(C)C(=O)OCCOCCOCCOC(=O)C(=C)C,3.963176549691461,tox21
C=C(C)C(=O)OCCOCCOCCOCCOC(=O)C(=C)C,4.138530880775606,tox21
C=C(C)C(O)/C=C/c1ccc(Br)cc1,4.787200049553703,ncgc
C=C(C)C(O)/C=C/c1ccc(C)cc1,4.787200049553703,ncgc
C=C(C)C(O)/C=C/c1ccc(OC)cc1,4.88720077167744,ncgc
C=C(C)C(O)/C=C/c1cccc(OC)c1,4.387202152451927,ncgc
C=C(C)C1CC=C(C)/C(=N/NC(=O)c2ccc(NC(=O)c3cccc(C)c3)cc2)C1,5.081239412948973,veith
C=C(C)C1OCCC1CNC(=O)N1CCCC1c1nc2cc(C)ccc2[nH]1,3.3755135800037275,challenge
C=C(C)CCCC(C)CCO,3.8385301209917824,tox21
C=C(C)CN(CC)c1c([N+](=O)[O-])cc(C(F)(F)F)cc1[N+](=O)[O-],4.138530880775606,tox21
C=C(C)CN(Cc1ccccc1)C(=O)C(=O)Nc1ccc2c(c1)C(=O)NCC2,4.8532496100037275,challenge
C=C(C)CNCC(=C)C.Oc1c(Cl)c(Cl)c(Cl)c(Cl)c1Cl,4.784219133178269,ncgc;veith
C=C(C)COc1ccc2c(c1)CC[C@@H]1[C@H]3C/C(=N\O)C(=O)[C@@]3(C)CC[C@@H]21,4.787200049553703,ncgc
C=C(C)CSc1nnc([C@@H](N)Cc2c[nH]c3ccccc23)o1.Cl,4.181236955344418,veith
C=C(C)[C@@H]1CC=C(C=O)CC1,3.7885301040785704,tox21
C=C(C)[C@@H]1CCC2=CC(=O)C[C@@H](C)[C@]2(C)C1,4.038530441677591,tox21
C=C(C)[C@@H]1CCC2=CCC[C@@H](C)[C@]2(C)C1,4.188530214047235,tox21
C=C(C)[C@@H]1[C@H]2OC(=O)[C@@H]1[C@]1(O)C[C@H]3O[C@]34C(=O)O[C@H]2[C@@]14C.CC(C)(O)[C@@H]1[C@H]2OC(=O)[C@@H]1[C@]1(O)C[C@H]3O[C@]34C(=O)O[C@H]2[C@@]14C,3.8842202108992034,ncgc;veith
C=C(C)[C@H]1Cc2c(ccc3c2O[C@@H]2COc4cc(OC)c(OC)cc4[C@@H]2C3=O)O1,4.218449079111767,ncgc;tox21
C=C(C)[C@H]1Cc2c(ccc3c2O[C@H]2COc4cc(OC)c(OC)cc4[C@@H]2C3=O)O1,3.7842205065326477,ncgc;veith
C=C(C)c1cccc(C(C)(C)N=C=O)c1,4.438530657642067,tox21
C=C(C)c1cccc(C(C)(C)NC(=O)N2CCN(C/C=C/c3ccccc3)CC2)c1,4.28123853814577,veith
C=C(C)c1cccc(C(C)(C)NC(=O)Nc2cc(C)ccc2OC)c1,4.28123853814577,veith
C=C(CC)C(=O)c1ccc(OCC(=O)O)c(Cl)c1Cl,5.484206266808193,ncgc;veith
C=C(CC1(C(C)NP(=O)(c2ccccc2)c2ccccc2)CC1)c1ccccc1,4.3842204094659465,ncgc;veith
C=C(CC1(CNP(=O)(c2ccccc2)c2ccccc2)CC1)c1ccccc1,4.284220827875583,ncgc;veith
C=C(CC1([C@@H](NP(=O)(c2ccccc2)c2ccccc2)[C@H]2C[C@@H]2CCCC)CC1)c1cccc(OC)c1,3.6872033036619767,ncgc
C=C(CC1([C@@H](NP(=O)(c2ccccc2)c2ccccc2)[C@H]2C[C@@H]2CCCC)CC1)c1ccccc1,4.284220827875583,ncgc;veith
C=C(CC1([C@@H](NP(=O)(c2ccccc2)c2ccccc2)[C@H]2C[C@@H]2CCN(C(=O)OCC)S(=O)(=O)c2ccc(C)cc2)CC1)c1ccccc1,4.584219730527165,ncgc;veith
C=C(CO)[C@H]1Cc2c(ccc3c(=O)c4c(oc23)COc2cc(OC)c(OC)cc2-4)O1,7.186832572487833,ncgc
C=C(Cl)CSC(=S)N(CC)CC,4.0999597415441436,tox21
C=C(c1ccc(C(=O)O)cc1)c1cc2c(cc1C)C(C)(C)CCC2(C)C,4.167676813944417,tox21
C=C/C(C)=C/C/C=C(\C)CCC=C(C)C,4.088530344873387,tox21
C=C/C=C/C=C/CCCCC,4.360932458613285,tox21
C=C1/C(=C/C=C2\CCC[C@]3(C)[C@@H]([C@H](C)/C=C/[C@@H](O)C4CC4)CC[C@@H]23)C[C@@H](O)C[C@@H]1O,4.449695384640936,tox21
C=C1C(=O)C=C2CN(C(=O)c3ccccc3)[C@@](Cc3ccc(F)cc3)(C(=O)OC)[C@@H]12,4.6842193775900025,ncgc;veith
C=C1C(=O)C=C2CN(C(=O)c3ccccc3)[C@@](Cc3ccc(OC)cc3)(C(=O)OC)[C@@H]12,4.784219133178269,ncgc;veith
C=C1C(=O)O[C@H]2C[C@@]3(C)CCCC(=C)[C@@H]3C[C@H]12,3.6872033036619767,ncgc
C=C1C(C)(C)[C@@]2(Cl)C(Cl)[C@]1(Cl)C(Cl)(Cl)C2(Cl)Cl,4.696383718904835,tox21
C=C1C(CCl)(CCl)C2(Cl)C(Cl)C(Cl)C1(Cl)C2(Cl)Cl,4.593513836206531,tox21
C=C1CCN(C(=O)NCc2ccc(S(=O)(=O)NC3CC3)cc2)CC1,4.445633612003728,challenge
C=C1CC[C@@H](O)C/C1=C/C=C1\CCC[C@]2(C)[C@@H]1CC[C@H]2[C@@H](C)/C=C\[C@@H](C)C(C)C,3.987203621488413,ncgc
C=C1CC[C@@H]2O[C@]2(C)CC[C@@H]2[C@H]1CC2(C)C,3.8872025006290167,ncgc
C=C1CC[C@H](O)C/C1=C\C=C1/CCC[C@]2(C)[C@@H]([C@H](C)/C=C/[C@H](C)C(C)C)CC[C@@H]12,4.240307826556935,tox21
C=C1CC[C@H](O)C/C1=C\C=C1/CCC[C@]2(C)[C@@H]([C@H](C)CCCC(C)C)CC[C@@H]12,4.142442720171185,tox21
C=C1CC[C@H]2C(C)(C)[C@H](O)CC[C@]2(C)[C@@H]1COc1ccc2ccc(=O)oc2c1,4.687200030977656,ncgc
C=C1C[C@H]2[C@@H]3C=C(C)C4=CC(=O)CC[C@]4(C)[C@H]3CC[C@]2(C)[C@@]1(OC(C)=O)C(C)=O,4.364460326066331,tox21
C=C1[C@@H](C)[C@H]2[C@@H](Cc3ccccc3)NC(=O)[C@@]23[C@H](OC(C)=O)/C=C\[C@](C)(O)C(=O)[C@@H](C)C/C=C\[C@H]3[C@@H]1O,3.787202796262461,ncgc
C=CC(=C)CC/C=C(\C)CCC=C(C)C,4.410931578858854,tox21
C=CC(=C)CCC=C(C)C,3.6885301032844655,tox21
C=CC(=O)NC(C)(C)CS(=O)(=O)[O-].[Na+],4.0318417383661584,tox21
C=CC(=O)OC(C)(C)C,4.051484571438339,tox21
C=CC(=O)OCC(C)OCC(C)OCC(C)OC(=O)C=C,4.088530344873387,tox21
C=CC(=O)OCC(CC)(COC(=O)C=C)COC(=O)C=C,4.307661302033679,tox21
C=CC(=O)OCC(CO)(COC(=O)C=C)COC(=O)C=C,4.562645228615201,tox21
C=CC(=O)OCC(CO)(COCC(COC(=O)C=C)(COC(=O)C=C)COC(=O)C=C)COC(=O)C=C,4.7935140107061756,tox21
C=CC(=O)OCC(COC(=O)C=C)(COC(=O)C=C)COC(=O)C=C,4.488531697426887,tox21
C=CC(=O)OCC(O)COc1ccccc1,3.888530401930029,tox21
C=CC(=O)OCC1CC2CC1C1CCC(COC(=O)C=C)C21,4.3885311946544245,tox21
C=CC(=O)OCCCCCCOC(=O)C=C,3.9357112992320626,tox21
C=CC(=O)OCCCCOC(=O)C=C,3.9885299994982155,tox21
C=CC(=O)OCCOCC(CC)(COCCOC(=O)C=C)COCCOC(=O)C=C,4.220470006327886,tox21
C=CC(=O)OCCOc1ccccc1,4.038530441677591,tox21
C=CC(=O)OCCn1c(=O)n(CCOC(=O)C=C)c(=O)n(CCOC(=O)C=C)c1=O,4.088530344873387,tox21
C=CC(C)(C)CC(=O)OC,4.087115288738647,tox21
C=CC(C)(C)c1[nH]c2ccccc2c1C1=C(O)C(=O)C(c2c[nH]c3c(CC=C(C)C)cccc23)=C(O)C1=O,4.3842204094659465,ncgc;veith
C=CC(C)(CCC=C(C)C)OC(=O)/C=C/c1ccccc1,4.838529434479041,tox21
C=CC(C)(CCC=C(C)C)OC(=O)C(C)C,4.012811047080735,tox21
C=CC(C)(CCC=C(C)C)OC(=O)CC,4.138530880775606,tox21
C=CC(C)(CCC=C(C)C)OC(=O)CC(C)C,3.6885301032844655,tox21
C=CC(C)(CCC=C(C)C)OC(=O)c1ccccc1,4.288530398353015,tox21
C=CC(C)(CCC=C(C)C)OC(C)=O,4.088530344873387,tox21
C=CC(C)(CCC=C(C)C)OC=O,4.088530344873387,tox21
C=CC(C)(O)CC/C=C(/C)CCC=C(C)C,4.088530344873387,tox21
C=CC(C)(O)CC/C=C(\C)CC,3.7878221526479106,tox21
C=CC(C)(O)CC/C=C(\C)CCC=C(C)C,4.038530441677591,tox21
C=CC(C)=CCC=C(C)C,3.8385301209917824,tox21
C=CC(Cl)CCl,3.954226833399936,tox21
C=CC1(C)OC(=O)N(c2cc(Cl)cc(Cl)c2)C1=O,3.891016267307144,tox21
C=CC1=C(C)C2=NC1=CC1=NC(=CC3=NC(=CC4=NC(=C2)C(C)=C4CCC(=O)O)C(CCC(=O)O)=C3C)C(C=C)=C1C.[Zn],3.6872033036619767,ncgc
C=CCC1(NC(=O)c2nn[nH]c2-c2ccccc2)CCOCC1,3.8477616020037275,challenge
C=CCC1([C@H](C)CCC)C(=O)NC(=O)NC1=O,3.8427991787482476,tox21
C=CCC1(c2ccccc2)Oc2ccccc2-c2nc3cc(Cl)c(Cl)cc3nc21,4.587200720463143,ncgc
C=CCC1=C(C)C(OC(=O)C2C(C=C(C)C)C2(C)C)CC1=O,4.862949778590406,tox21
C=CCC1=C(C)[C@@H](OC(=O)[C@@H]2[C@@H](C=C(C)C)C2(C)C)CC1=O,4.588528406643712,tox21
C=CCC1C=CC(Oc2ccc(F)cc2C)C(CO)O1,4.687200030977656,ncgc
C=CCC1C=CC(Oc2ccc(OC)cc2)C(COC(=O)c2ccc(Br)cc2)O1,4.687200030977656,ncgc
C=CCCC(=O)/C=C/C1C(C)=CCCC1(C)C,3.888530401930029,tox21
C=CCCC(=O)Nc1nc(C)c(-c2csc(Nc3ccc(Cl)cc3)n2)s1,4.28123853814577,veith
C=CCCCCCCCCC(=O)O,3.08354789477292,challenge;tox21
C=CCCCCCCCCC=O,4.138530880775606,tox21
C=CCN(CC=C)CC(O)Cn1c2ccccc2c2ccccc21,4.131237783223632,veith
C=CCN1C(=O)C(CC(=O)Nc2ccccc2)SC1=Nc1ccc(S(N)(=O)=O)cc1,4.831238989834795,veith
C=CCN1C(=O)CN=C1Nc1ccccc1,6.431238405874674,veith
C=CCN1C(=O)c2ccccc2Sc2ccc(C(=O)N3CCC4(CC3)OCCO4)cc21,5.181236955344418,veith
C=CCN1CCC(n2cnc3c(sc4ncccc43)c2=O)C1=O,3.5676870480037275,challenge
C=CCN1CCN(c2nc3ccccc3nc2C#N)CC1,3.9842213317585995,ncgc;veith
C=CCN1CCc2c(cc(O)c(O)c2Br)[C@H](c2ccccc2)C1,3.7842205065326477,ncgc;veith
C=CCN1CCc2c(cc(O)c(O)c2Cl)[C@H](c2ccccc2)C1,3.787202796262461,ncgc
C=CCN1CCc2cccc3c2[C@@H]1Cc1ccc(O)c(O)c1-3,3.787202796262461,ncgc
C=CCN1C[C@H](C)N([C@@H](c2ccccc2)c2ccc(C(=O)N(CC)CC)cc2)C[C@H]1C,3.787202796262461,ncgc
C=CCN1C[C@H](C)N([C@H](c2ccc(C(=O)N(CC)CC)cc2)c2cccc(O)c2)C[C@H]1C,4.6842193775900025,ncgc;veith
C=CCN=C(NC#N)SCc1ccccc1,4.081239412948973,veith
C=CCN=C=S,4.028703126287901,tox21
C=CCNC(=O)/C(=C\C=C\c1ccccc1)NC(=O)c1ccc(OCCCC)cc1,4.181236955344418,veith
C=CCNC(=O)/C(=C\c1ccc2c(c1)OCO2)NC(=O)c1ccc(Br)cc1,4.531238789289352,veith
C=CCNC(=O)c1ccc2nc(-c3ccccc3)c(-c3ccccc3)nc2c1,4.131237783223632,veith
C=CCNC(=O)c1csc(-c2ccccc2)n1,4.081239412948973,veith
C=CCNC(=O)c1onc(CSc2cc(C)cc(C)c2)c1C(=O)O,4.981239042028786,veith
C=CCNC(=O)c1onc(CSc2ccc(F)cc2)c1C(=O)O,4.331238507999185,veith
C=CCNC(=S)NNc1ncnc2sc3c(c12)CC(C)(C)OC3,4.331238507999185,veith
C=CCNC(=S)Nc1ccc2nc(C)c(C)nc2c1,4.181236955344418,veith
C=CCNC(N)=S,4.048184602504039,tox21
C=CCNS(=O)(=O)c1cccc2cc(C(=O)O)c(O)cc12,4.831238989834795,veith
C=CCNc1nc(-c2ccc(Cl)cc2)cs1,3.931238759019225,veith
C=CCNc1oc(/C=C/c2ccccc2)nc1C#N,4.631238141608918,veith
C=CCOC(=O)/C(=C\c1cccc2ccccc12)NC(=O)c1ccccc1,5.131237783223633,veith
C=CCOC(=O)/C=C/NC(=O)/C=C/C=C/CCCCCCCC(C)O,4.787200401327548,ncgc
C=CCOC(=O)/C=C\C(=O)OCC=C,3.8807936970500236,tox21
C=CCOC(=O)C(C(C)=O)C(NC(=O)OC)c1ccc(Cl)cc1,4.787200049553703,ncgc
C=CCOC(=O)C(C(C)=O)C(NC(=O)OC)c1cccc(C)c1,4.687200030977656,ncgc
C=CCOC(=O)C(C(C)=O)C(NC(=O)OC)c1cccc(F)c1,5.287203117605396,ncgc
C=CCOC(=O)C(C)(C)OC(=O)c1cc(-n2c(=O)cc(C(F)(F)F)n(C)c2=O)ccc1Cl,4.196743809342676,tox21
C=CCOC(=O)C1=C(C)NC(SC)=C(C#N)C1c1cccs1,5.031238394064476,veith
C=CCOC(=O)C1=C(C)NC(SCC(=O)Nc2nccs2)=C(C#N)C1c1ccc(Cl)cc1,4.88123792116939,veith
C=CCOC(=O)C1=C(C)NC(SCC(=O)OCC)=C(C#N)C1c1ccc(C)cc1,4.381238666479966,veith
C=CCOC(=O)NCC1(CNS(=O)(=O)C(F)(F)F)CCN(S(=O)(=O)c2ccc(Cl)cc2S(=O)(=O)c2ccccc2F)CC1,4.224151170495799,pharmabench
C=CCOC(=O)c1ccc(C(=O)OCC=C)c(C(=O)OCC=C)c1,6.138469245207903,tox21
C=CCOC(=O)c1ccccc1C(=O)OCC=C,4.966919401577451,tox21
C=CCOC(=O)c1ccccc1N,4.035351935868251,tox21
C=CCOC(C)=O,3.894588352343705,tox21
C=CCOC(Cn1ccnc1)c1ccc(Cl)cc1Cl,5.712824714608205,tox21
C=CCOC(Cn1ccnc1)c1ccc(Cl)cc1Cl.O=S(=O)(O)O,5.799684929556649,tox21
C=CCOCC(CC)(CO)COCC=C,4.138530880775606,tox21
C=CCOCC(CO)(COCC=C)COCC=C,4.88396590856083,tox21
C=CCOCC/C=C1/c2ccccc2C(OC)C1C,6.787516034986992,ncgc
C=CCON/C(CCC)=C1\C(=O)CC(C)(C)C(C(=O)OC)=C1[O-].[Na+],4.093514111766024,tox21
C=CCO[C@@H](Cn1ccnc1)c1ccc(Cl)cc1Cl,6.284220827875583,ncgc;veith
C=CCOc1c(Br)cc(Br)cc1Br,4.588528406643712,tox21
C=CCOc1cccc(CNn2cn[nH]c2=S)c1,4.4812387752551235,veith
C=CCOc1nc(OCC=C)nc(OCC=C)n1,4.53853042990295,tox21
C=CCSC[C@@H]1Nc2cc(Cl)c(S(N)(=O)=O)cc2S(=O)(=O)N1,6.187177387497534,ncgc
C=CCSc1ccccc1NC(=O)C(=O)N1CCN(C(=O)c2ccc(F)cc2)CC1,4.681246973003728,challenge
C=CCSc1nc(Oc2ccccc2)c2sccc2n1,4.331238507999185,veith
C=CCSc1nc2c(sc3nc(C)cc(C)c32)c(=O)[nH]1,4.381238666479966,veith
C=CCSc1nc2ccccc2c(=O)n1Cc1ccco1,4.687200030977656,ncgc
C=CCSc1nc2ccccc2n1C(=O)/C=C/c1cc(OC)c(OC)c(OC)c1,4.381238666479966,veith
C=CCSc1ncccc1C(=O)NCc1ccc(C)cc1,4.181236955344418,veith
C=CCSc1nnc(-c2cc3c(-c4ccccc4)nn(C)c3s2)n1C,4.131237783223632,veith
C=CCSc1nnc2c(n1)OC(c1c(C)[nH]n(-c3ccccc3)c1=O)Nc1ccccc1-2,5.631238141608918,veith
C=CC[C@@H]1C=C[C@@H](O/N=C(/C)CCC(=O)OC[C@@H]2O[C@H](c3ccccc3)C=C[C@@H]2Oc2ccc(OC)cc2)[C@@H](CO)O1,7.186832572487833,ncgc
C=CC[C@@H]1C=C[C@@H](O/N=C\c2ccc(C(=O)N3[C@H](c4ccc(C)cc4)[C@@H](C)CC[C@H]3C(=O)OC)cc2)[C@@H](CO)O1,4.6842193775900025,ncgc;veith
C=CC[C@@H]1C=C[C@H](O/N=C(\C)CCN2CCc3nc(-c4ccccc4)c(-c4ccccc4)cc3C2)[C@H](CO)O1,6.384310640829133,ncgc;veith
C=CC[C@@H]1C=C[C@H](O/N=C2\c3cc(OC)ccc3O[C@H](c3cccc(OC)c3)[C@H]2O)[C@H](CO)O1,5.684224832111824,ncgc;veith
C=CC[C@@H]1C=C[C@H](O/N=C\[C@@H](C)[C@H](OCc2ccccc2)C(C)C)[C@H](CO)O1,4.687200030977656,ncgc
C=CC[C@@H]1C=C[C@H](Oc2ccc(C)cc2)[C@H](COC(=O)NCc2cccc3ccccc23)O1,4.687200030977656,ncgc
C=CC[C@]1(O)CC[C@H]2[C@@H]3CCC4=CC(=O)CCC4=C3C=C[C@@]21C,4.499695145639398,tox21
C=CCc1cc(C=O)cc(OC)c1OCc1ccc(Cl)cc1,4.331238507999185,veith
C=CCc1cc(OC)c2c(c1)OCO2,4.068717628152405,tox21
C=CCc1cc(S(=O)(=O)c2ccc(O)c(CC=C)c2)ccc1O,5.988484424790303,tox21
C=CCc1ccc(O)c(OC)c1,3.9885299994982155,tox21
C=CCc1ccc(OC)c(OC)c1,4.038530441677591,tox21
C=CCc1ccc(OCCOCCOc2ccc(C)cc2[N+](=O)[O-])c(OC)c1,5.531238789289352,veith
C=CCc1cccc(C2C(C)CCC3C(=O)N4C(CCC(C)C4c4cccc(CC=C)c4)C(=O)N32)c1,4.687200030977656,ncgc
C=CCc1cccc(C2Nc3ccccc3C(=O)N2O)c1O,4.581238740591187,veith
C=CCc1ccccc1O,4.088530344873387,tox21
C=CCn1c(-c2ccc(Cl)cc2)ccc(C#N)c1=O,4.431238405874674,veith
C=CCn1c(=O)c(C=Nc2cccc([N+](=O)[O-])c2)c(O)n(CCCC)c1=O,4.131237783223632,veith
C=CCn1c(=O)c2c(nc(Br)n2Cc2ccccc2Cl)n(C)c1=O,4.131237783223632,veith
C=CCn1c(C)c(C(C)=O)c(N2CCN(c3ccccc3)CC2)nc1=S,4.181236955344418,veith
C=CCn1c(C)c(C)c2cc(-n3ccccc3=O)nc(NCc3c(C)cccc3C)c21,5.639124518466617,pharmabench
C=CCn1c(CCC(=O)O)ccc1-c1ccc(F)cc1,3.981239042028786,veith
C=CCn1c(COc2ccccc2)nnc1SCC(=O)N/N=C/c1ccc(C)cc1,4.231237939860009,veith
C=CCn1c(CSCc2ccccc2)nnc1SCC(=O)NCc1ccccc1,4.231237939860009,veith
C=CCn1c(Cc2c[nH]c3ccccc23)nnc1SCC(=O)NCc1ccccc1,4.131237783223632,veith
C=CCn1c(Cc2ccc(OC)cc2)nnc1SCC(=O)c1cccc([N+](=O)[O-])c1,4.231237939860009,veith
C=CCn1c(SC(C)C(=O)NCc2ccc3c(c2)OCO3)nc2scc(-c3ccccc3)c2c1=O,4.88123792116939,veith
C=CCn1c(SCC(=O)N2CC(=O)Nc3ccccc32)nc2scc(-c3ccccc3)c2c1=O,4.631238141608918,veith
C=CCn1c(SCC(=O)N2CCc3ccccc3C2)nc2ccccc2c1=O,5.981239042028786,veith
C=CCn1c(SCC(=O)Nc2c(C)n(C)n(-c3ccccc3)c2=O)nc2sc(C)c(-c3ccccc3)c2c1=O,4.131237783223632,veith
C=CCn1c(SCC)nc2sc3c(c2c1=O)CCc1ccccc1-3,4.28123853814577,veith
C=CCn1c(SCc2ccc(C#N)cc2)nnc1-c1ccc(C)cc1,4.381238666479966,veith
C=CCn1c(SCc2ccc(C(=O)Nc3ccccc3)cc2)nnc1-c1ccccc1,4.68123872420235,veith
C=CCn1c(SCc2nc3ccccc3[nH]2)nnc1-c1cccc(OC)c1,4.731239014571102,veith
C=COCC1CN2C(CCC(C)C2c2ccc(Br)cc2)C(=O)O1,4.787200049553703,ncgc
C=COCCCCO,3.738530418642034,tox21
C=C[C@@H]1OCC[C@H]1NC(=O)NCCc1c[nH]c2ccc(C)cc12,4.429830910003727,challenge
C=C[C@@](C)(O)CC[C@H]1[C@]2(C)CCCC(C)(C)[C@H]2CC[C@]1(C)O,3.787202796262461,ncgc
C=C[C@@]1(C)C=C2CC[C@@H]3[C@](C)(CCC[C@@]3(C)C(=O)O)[C@H]2CC1,4.487201289787428,ncgc
C=C[C@@]1(C)CC(=O)[C@@]2(O)[C@@]3(C)[C@@H](O)CCC(C)(C)[C@@H]3[C@H](OC(=O)CCN(C)C)[C@H](OC(C)=O)[C@@]2(C)O1,6.184207171420976,ncgc;veith
C=C[C@@]1(C)CC(=O)[C@]2(O)[C@@]3(C)[C@@H](O)CCC(C)(C)[C@@H]3[C@H](O)[C@H](OC(C)=O)[C@@]2(C)O1,3.944112955738686,tox21
C=C[C@H]1CN2CC[C@H]1C[C@H]2[C@H](O)c1ccnc2ccc(OC)cc12.Cl.O.O,3.8385301209917824,tox21
C=C[C@](C)(O)CC[C@@H]1[C@@]2(C)CCCC(C)(C)[C@@H]2CC[C@@]1(C)O,4.938529421142464,tox21
C=Cc1c(C)c2cc3[nH]c(cc4nc(cc5nc(cc1[nH]2)C(C)=C5CCC(=O)O)C(CCC(=O)O)=C4C)c(C)c3C=C,4.484220032521275,ncgc;veith
C=Cc1c(C)c2cc3nc(cc4[nH]c(cc5nc(cc1[nH]2)C(C)=C5CCC(=O)O)c(CCC(=O)OC)c4C)[C@@]1(C)C3=CC=C(C(=O)OC)[C@H]1C(=O)OC.C=Cc1c(C)c2cc3nc(cc4[nH]c(cc5nc(cc1[nH]2)C(C)=C5CCC(=O)OC)c(CCC(=O)O)c4C)[C@@]1(C)C3=CC=C(C(=O)OC)[C@H]1C(=O)OC,5.184224419702565,ncgc;veith
C=Cc1ccc(O)c(OC)c1,4.138530880775606,tox21
C=Cc1ccccc1C=C,3.3367936511673006,tox21
C=Cn1ccnc1P(=S)(c1nccn1C=C)C1CCCCC1,4.231237939860009,veith
CC#CCCCC(=O)Nc1cc(OC)nc(OC)n1,4.231237939860009,veith
CC#CCOC(=O)c1c(C)nc2sc3c(c2c1N)CC[C@@H](O)C3,4.087203992408599,ncgc
CC#C[C@@H](CC(=O)O)c1ccc(OC[C@H]2COc3ccc(Cl)cc3O2)cc1,3.5563391481501676,pharmabench
CC#C[C@@H](c1ccc(Oc2ccc(C(F)(F)F)cc2OC(F)F)cc1)[C@H]1OC(=O)NC1=O,4.957883281091029,pharmabench
CC#C[C@@]1(O)CC[C@@H]2[C@@H]3CCC4=CC(=O)CCC4=C3[C@@H](c3ccc(N(C)C)cc3)C[C@]21C,4.387202152451927,ncgc
CC#C[C@@]1(O)CC[C@H]2[C@@H]3CCC4=CC(=O)CCC4=C3[C@H](c3ccc(N(C)C)cc3)C[C@]21C,4.6842193775900025,ncgc;veith
CC#C[C@]1(O)CC[C@H]2[C@@H]3CCC4=CC(=O)CCC4=C3[C@@H](c3ccc(N(C)C)cc3)C[C@@]21C,5.284080091974719,challenge;tox21
CC#C[C@]1(O)CC[C@H]2[C@@H]3C[C@H](C)C4=CC(=O)CC[C@]4(C)[C@H]3CC[C@@]21C,4.256949810799758,tox21
CC(/C=C1\N=C(SCc2ccccc2Cl)SC1=O)=C\c1ccccc1,5.081239412948973,veith
CC(/C=N/NC(=O)Cc1cccs1)=C\c1ccco1,4.381238666479966,veith
CC(/C=N/NC(=O)c1cccc([N+](=O)[O-])c1)=C\c1ccccc1,5.731239014571102,veith
CC(/C=N/n1c(-c2cccnc2)n[nH]c1=S)=C\c1ccccc1,4.28123853814577,veith
CC(/C=N\NC(=O)Cn1c(C)nc2ccccc21)=C\c1ccccc1,4.831238989834795,veith
CC(=C/c1ccccc1)/C=N/n1cnnc1,4.68123872420235,veith
CC(=NCCN1CCOCC1)c1c(O)n(Cc2ccccc2)c(=O)[nH]c1=O,3.88123792116939,veith
CC(=NCc1ccco1)c1c(O)n(-c2ccccc2)c(=O)[nH]c1=O,3.68123872420235,veith
CC(=O)/C(=C\c1ccccc1F)C(=O)c1ccccc1,4.487201289787428,ncgc
CC(=O)/C(C)=N\O,3.7372030499622193,ncgc
CC(=O)/C=C(\O)c1c(C)[nH]n(-c2nc(-c3ccc(Cl)cc3)cs2)c1=O,4.131237783223632,veith
CC(=O)/C=C/C1C(C)=CCC(C)C1(C)C,3.8385301209917824,tox21
CC(=O)/C=C/C=C1/C2CCC(C2)C1(C)C,4.099695361406635,tox21
CC(=O)/C=C1/SC=C(c2ccc(Br)cc2)N1c1ccccc1,4.831238989834795,veith
CC(=O)C(=O)CC(C)C,3.9910157179691046,tox21
CC(=O)C(Cl)(Cl)Cl,4.453627845182656,tox21
CC(=O)C(N=Nc1ccccc1)(Sc1nnc(-c2ccccc2)n1-c1ccccc1)C(=O)Nc1ccccc1,4.88123792116939,veith
CC(=O)C(N=Nc1ccccc1)(Sc1nnc(-c2ccccc2)n1-c1ccccc1)C(C)=O,4.88123792116939,veith
CC(=O)C1=C(C)OC(N)=C(C#N)C1c1cc2cccc(C)c2nc1Cl,4.831238989834795,veith
CC(=O)C1=C(NC(=O)c2ccc(F)cc2)CC2C1C2(C)C,4.731239014571102,veith
CC(=O)C1=C(O)C=C(c2ccco2)CC1c1ccco1,4.381238666479966,veith
CC(=O)C1=C(O)C=C2Oc3c(C(C)=O)c(O)c(C)c(O)c3[C@]2(C)C1=O,7.487862568151814,ncgc
CC(=O)C1=C(O)[C@@H]2[C@@H]3c4c[nH]c5cccc(c45)C[C@@H]3C(C)(C)N2C1=O,3.7842205065326477,ncgc;veith
CC(=O)C1C(=O)C=C(C)OC1=O,3.888530401930029,tox21
CC(=O)C1C(c2ccccc2OC(F)F)NC(=O)NC1(O)C(F)(F)F,4.081239412948973,veith
CC(=O)CC(=O)Nc1ccc(C)cc1C,4.138530880775606,tox21
CC(=O)CC(=O)Nc1ccccc1,3.813707317011633,tox21
CC(=O)CC(=O)Nc1ccccc1C,3.861061911810644,tox21
CC(=O)CC(=O)[C@@]1(O)CC[C@@H]2[C@@H]3C=C(C)C4=CC(=O)CC[C@@H]4[C@H]3CC[C@]21C,4.187201534804045,ncgc
CC(=O)CC(=O)c1ccccc1,3.885703447769788,tox21
CC(=O)CC(c1ccc(Cl)cc1)c1c(O)c2ccccc2oc1=O,4.567356756081656,tox21
CC(=O)CC(c1ccc([N+](=O)[O-])cc1)c1c(O)c2ccccc2oc1=O,5.099699119238278,tox21
CC(=O)CC(c1ccccc1)c1c(O)c2ccccc2oc1=O,4.362646166068465,tox21
CC(=O)CC(c1ccccc1)c1c([O-])c2ccccc2oc1=O.[K+],4.499695145639398,tox21
CC(=O)CC(c1ccccc1)c1c([O-])c2ccccc2oc1=O.[Na+],4.3885311946544245,tox21
CC(=O)CC/C=C(\C)CC/C=C(\C)CC/C=C(\C)CCC=C(C)C,4.04969579048559,tox21
CC(=O)CC/C=C(\C)CCC=C(C)C,4.088530344873387,tox21
CC(=O)CCC1=C(C)CCCC1(C)C,4.138530880775606,tox21
CC(=O)CCc1ccc(OC(C)=O)cc1,3.9356583283982154,tox21
CC(=O)CCc1ccc2c(c1)OCO2,4.288530398353015,tox21
CC(=O)COc1ccc2c(C)c(C)c(=O)oc2c1,3.931238759019225,veith
CC(=O)C[C@H](c1ccc([N+](=O)[O-])cc1)c1c(O)c2ccccc2oc1=O,5.484206266808193,ncgc;veith
CC(=O)N(/N=C1\Sc2ccccc2C1=O)c1ccccc1C,4.131237783223632,veith
CC(=O)N(C)C1(c2ccccc2)CCN(CCC[C@]2(c3ccc(Cl)c(Cl)c3)CCCN(C(=O)c3ccccc3)C2)CC1,4.29670183764441,pharmabench
CC(=O)N(C[C@@H](C)C(=O)O)c1c(I)cc(I)c(N)c1I,7.78205313928549,ncgc
CC(=O)N(NC(=O)c1ccccc1Cl)C1CC(=O)N(c2ccc(C)cc2)C1=O,4.131237783223632,veith
CC(=O)N(c1ccc2oc(=O)sc2c1)S(=O)(=O)c1cccs1,4.131237783223632,veith
CC(=O)N1CC(=O)N(OCc2ccccc2)C1c1ccc(Cl)cc1Cl,3.931238759019225,veith
CC(=O)N1CCC(C(=O)N2C[C@@H](c3nc(C(C)(C)c4cc(C(F)(F)F)cc(C(F)(F)F)c4)no3)[C@H](c3ccc(F)cc3C)C2)CC1,3.388704516157723,pharmabench
CC(=O)N1CCC(C(=O)N2C[C@H](C(=O)N(C)Cc3cc(C(F)(F)F)cc(C(F)(F)F)c3)[C@@H](c3ccc(F)cc3C)C2)CC1,3.4992454320653805,pharmabench
CC(=O)N1CCC(C(=O)N2C[C@H](C(=O)N(C)Cc3cc(C(F)(F)F)cc(C(F)(F)F)c3)[C@@H](c3ccccc3)C2)CC1,3.923121174831818,pharmabench
CC(=O)N1CCC(C(=O)N2C[C@H](c3noc(C(C)(C)c4cc(C(F)(F)F)cc(C(F)(F)F)c4)n3)[C@@H](c3ccc(F)cc3C)C2)CC1,4.3838520133633105,pharmabench
CC(=O)N1CCC2(CC1)CCN(C(c1ccccc1)c1ccccc1)CC2,3.6872033036619767,ncgc
CC(=O)N1CCC2(CC1)CCN(c1ccc(-c3ccccc3)cc1)CC2,3.8872025006290167,ncgc
CC(=O)N1CCC2(CC1)CCN(c1ccncc1)CC2,3.8872025006290167,ncgc
CC(=O)N1CCC2(CC1)CN(c1ccncc1)C2,3.6872033036619767,ncgc
CC(=O)N1CCC2(CCCN(C(c3ccccc3)c3ccccc3)C2)CC1,3.787202796262461,ncgc
CC(=O)N1CCC2(CCCN(c3ccc(-c4ccccc4)cc3)C2)CC1,3.6842210139321634,ncgc;veith
CC(=O)N1CCC2(CCCN(c3cccc(-c4ccccc4)c3)C2)CC1,4.184219245074232,ncgc;veith
CC(=O)N1CCC2(CCN(Cc3ccc(C#N)cc3)CC2)CC1,4.884219346423415,ncgc;veith
CC(=O)N1CCCC(C(=O)Nc2cc(C(F)(F)F)n(C)n2)C1,3.7014447670037276,challenge
CC(=O)N1CCCCC(NC(=O)c2cccc(C(N)=O)c2)C1,3.2700911200037277,challenge
CC(=O)N1CCCN(c2ccc3ccc(Cl)c(C)c3n2)CC1,4.967071435003728,challenge
CC(=O)N1CCN(C(=O)CC2OC(=O)c3ccccc32)CC1,4.081239412948973,veith
CC(=O)N1CCN(c2ccc(OCC3COC(Cn4ccnc4)(c4ccc(Cl)cc4Cl)O3)cc2)CC1,4.386757004006718,pharmabench
CC(=O)N1CCN(c2ccc(OC[C@@H]3CO[C@@](Cn4ccnc4)(c4ccc(Cl)cc4Cl)O3)cc2)CC1,4.087202809117207,ncgc
CC(=O)N1CCN(c2ccc(OC[C@H]3CO[C@](Cn4ccnc4)(c4ccc(Cl)cc4Cl)O3)cc2)CC1,4.418990400975951,ncgc;tox21;veith
CC(=O)N1CCN(c2ccccc2NC(=O)COc2ccc(Br)cc2)CC1,4.131237783223632,veith
CC(=O)N1CCN(c2nc(C)nc3sc4c(c23)CCC(C)C4)CC1,4.131237783223632,veith
CC(=O)N1CCN(c2nc(NCc3cc4ccccc4cn3)c3c(n2)C(=O)N(C(C)C)C3)CC1,4.492996482788379,pharmabench
CC(=O)N1CCN(c2nc(NCc3ccc(Cl)cc3)c3c(n2)C(=O)N(C(C)C)C3)CC1,4.957883281091029,pharmabench
CC(=O)N1CCN(c2nc3c(c(N(C)Cc4cc5ccccc5cn4)n2)CN(C(C)C)C3=O)CC1,4.492996482788379,pharmabench
CC(=O)N1CC[C@H](N(Cc2ccccc2C(F)(F)F)c2ccc(C#N)c(Cl)c2)C1,5.082822017699329,pharmabench
CC(=O)N1CCc2cc(Br)cc(S(=O)(=O)N3CCN(C(=O)c4ccco4)CC3)c21,4.581238740591187,veith
CC(=O)N1N=C(c2ccc(C)o2)CC1c1ccc(Br)cc1,4.731239014571102,veith
CC(=O)N1N=C(c2ccc3nccnc3c2)CC1c1ccccc1,5.231237939860008,veith
CC(=O)N1N=C(c2cccc([N+](=O)[O-])c2)OC1c1ccc(Cl)cc1Cl,5.181236955344418,veith
CC(=O)N1N=C(c2cccc([N+](=O)[O-])c2)OC1c1ccccc1Cl,5.331238507999185,veith
CC(=O)N=c1sc(S(N)(=O)=O)nn1C,4.187201534804045,ncgc
CC(=O)NC(C)C(c1cccs1)N1CCN(c2ccccc2)CC1,4.231237939860009,veith
CC(=O)NC(C)c1nc(C(C)Oc2ccc(Br)cc2Cl)no1,4.427168987003728,challenge
CC(=O)NC(Cc1nc(-c2ccc(F)c(F)c2)no1)c1c(F)cccc1F,4.933646340003728,challenge
CC(=O)NC1(c2cccc(F)c2)CCN(CC[C@@]2(c3ccc(Cl)c(Cl)c3)CN(c3ccccc3)C(=O)CO2)CC1.O=C(O)CCC(=O)O,4.6873187030108205,tox21
CC(=O)NC1C(OCCOc2ccc(Cl)cc2Cl)OC(COC(C)=O)C(OC(C)=O)C1OC(C)=O,4.631238141608918,veith
CC(=O)NC1CCN(c2ncnc(N3CCC(NC(C)=O)C3)c2C)C1,3.142433313003728,challenge
CC(=O)NCCC(=O)Nc1sc2c(c1-c1nc3ccccc3[nH]1)CCCC2,4.231237939860009,veith
CC(=O)NCCNc1nc(-c2ccccc2C)nc2ccccc12,5.887183482540238,ncgc
CC(=O)NCCNc1ncncc1-c1ccccc1C,7.287203117605396,ncgc
CC(=O)NCCO,4.088530344873387,tox21
CC(=O)NCC[C@H](NC(=O)N(C)Cc1csc(C(C)C)n1)C(=O)N[C@@H](CC[C@@H](Cc1ccccc1)NC(=O)OCc1cncs1)Cc1ccccc1,4.147762824632344,pharmabench
CC(=O)NCCc1c(Cc2ccccc2)[nH]c2ccccc12,4.087203992408599,ncgc
CC(=O)NCCn1c(SCc2ccc(C)cc2)nc2ccccc2c1=O,5.231237939860008,veith
CC(=O)NCc1c(Cl)cccc1-n1cccc1,3.8312389898347954,veith
CC(=O)NNc1ccccc1,4.341371460881198,tox21
CC(=O)N[C@@H](C)/C=C/c1ccc(Oc2ccc3nc(C(C)(C)O)sc3c2Cl)nc1,4.107645601424362,pharmabench
CC(=O)N[C@@H](C)/C=C/c1ccc(Oc2ccc3nc(C(C)C)sc3c2C(F)(F)F)nc1,4.191966487124398,pharmabench
CC(=O)N[C@@H](C)/C=C/c1cnc(Oc2ccc(OCC3CC3)cc2)s1,4.424280670418919,pharmabench
CC(=O)N[C@@H](C)/C=C/c1cnc(Oc2ccc(OCC3CC3)cc2Cl)s1,4.79402647845236,pharmabench
CC(=O)N[C@@H](C)/C=C/c1nnc(Oc2ccc(OCC3CC3)cc2Cl)s1,4.162003263746954,pharmabench
CC(=O)N[C@@H](Cc1c[nH]c2ccccc12)C(=O)OCc1cc(C(F)(F)F)cc(C(F)(F)F)c1,4.187201534804045,ncgc
CC(=O)N[C@@H](c1ccccc1)[C@]1(C)C[C@H]1[C@@H](C)C(=O)Nc1ccc2ccccc2c1,4.484220032521275,ncgc;veith
CC(=O)N[C@H](c1ccccc1)[C@@]1(C)C[C@@H]1[C@@H](C)C(=O)Nc1ccc2ccccc2c1,4.284220827875583,ncgc;veith
CC(=O)Nc1c(S(=O)(=O)c2ccccc2)c2nc3ccccc3nc2n1Cc1ccccc1,4.331238507999185,veith
CC(=O)Nc1c2c3c(cccc3n(C)c1=O)C(=O)c1ccccc1-2,4.081239412948973,veith
CC(=O)Nc1cc(-c2ccccc2)nn1Cc1ccc(Cl)cc1,3.88123792116939,veith
CC(=O)Nc1cc(C(F)(F)F)ccc1Oc1cccc(Br)c1,4.68123872420235,veith
CC(=O)Nc1cc(NC(C)=O)cc(C(=O)NC2CCN(c3ccccc3F)C2)c1,4.584069432003727,challenge
CC(=O)Nc1cc(S(=O)(=O)[O-])cc2cc(S(=O)(=O)[O-])c(N=Nc3ccccc3)c(O)c12.[Na+].[Na+],4.088530344873387,tox21
CC(=O)Nc1ccc(-c2ccc(S(=O)(=O)N3CC(OC(=O)NC(C)C)C3)cc2)cc1,5.222089855003728,challenge
CC(=O)Nc1ccc(-c2ccc(S(=O)(=O)NCc3cc4n(n3)CCCO4)cc2)cc1,4.367487787003728,challenge
CC(=O)Nc1ccc(-c2nnc(SCC(=O)c3ccc4c(c3)Cc3ccccc3-4)n2C)cc1,4.181236955344418,veith
CC(=O)Nc1ccc(C(=O)CCl)cc1,3.8385301209917824,tox21
CC(=O)Nc1ccc(C(=O)N2CCN(C(=O)c3ccc(F)cc3)CC2)s1,3.0885124750037276,challenge
CC(=O)Nc1ccc(C(=O)NNC(=O)CCc2ccccc2)cc1,3.68123872420235,veith
CC(=O)Nc1ccc(C2=NN(CC#N)C(=O)SC2)cc1,4.331238507999185,veith
CC(=O)Nc1ccc(Cc2ccc3[nH]c(=O)cc(C)c3c2)cc1,4.487201289787428,ncgc
CC(=O)Nc1ccc(N)cc1,4.082191971526303,tox21
CC(=O)Nc1ccc(N2C(=O)CSC2c2c(F)cccc2Cl)cc1,4.28123853814577,veith
CC(=O)Nc1ccc(NC(=O)CC2Nc3cccc4cccc(c34)NC2=O)cc1,4.581238740591187,veith
CC(=O)Nc1ccc(NC(=O)CSc2ncnn2-c2ccccc2)cc1,4.181236955344418,veith
CC(=O)Nc1ccc(NC(=O)CSc2nnc(-c3ccccc3)n2Cc2ccc3c(c2)OCO3)cc1,4.231237939860009,veith
CC(=O)Nc1ccc(NC(=O)CSc2nnc(-c3ccco3)n2Cc2ccco2)cc1,4.231237939860009,veith
CC(=O)Nc1ccc(NC2=Nc3ccccc3N3C2=Nc2c(c(C)nn2-c2ccccc2)C3c2ccccc2)cc1,5.031238394064476,veith
CC(=O)Nc1ccc(Nc2ncnc3c2cnn3-c2ccccc2)cc1,5.331238507999185,veith
CC(=O)Nc1ccc(OCC(O)Cn2c3ccccc3c3ccccc32)c(C)c1,5.581238740591187,veith
CC(=O)Nc1ccc(OCCOCCOc2ccc(NC(C)=O)cc2)cc1,4.899697790475481,tox21
CC(=O)Nc1ccc(S(=O)(=O)N2CCN(c3cc4c(cc3[N+](=O)[O-])n(C)c(=O)n4C)CC2)cc1,4.581238740591187,veith
CC(=O)Nc1ccc(S(=O)(=O)N2CCN(c3nc(NC4CCCC4)c4ccccc4n3)CC2)cc1,4.831238989834795,veith
CC(=O)Nc1ccc(S(=O)(=O)NC(CC(=O)NCCC2=CCCCC2)C(C)C)cc1,4.331238507999185,veith
CC(=O)Nc1ccc(S(=O)(=O)NC2(C(F)(F)F)NC(=O)N(c3ccc(Cl)cc3)C2=O)cc1,4.28123853814577,veith
CC(=O)Nc1ccc(S(=O)(=O)Nc2ccc([N+](=O)[O-])cc2)cc1,4.499695145639398,tox21
CC(=O)Nc1ccc2c(c1)/C(=C/c1ccc([N+](C)(C)C)cc1)c1ccccc1-2,4.784219133178269,ncgc;veith
CC(=O)Nc1ccc2nc(C3CCCCC3)[nH]c2c1,4.031238394064476,veith
CC(=O)Nc1cccc(-c2ccc(Cc3ocnc3C(=O)N[C@@H](Cc3ccccc3)C(=O)O)cc2)c1,4.630524346704699,pharmabench
CC(=O)Nc1cccc(C(=O)OC(C(=O)c2ccc(C)c(C)c2)c2ccccc2)c1,4.68123872420235,veith
CC(=O)Nc1cccc(N)c1,4.082191971526303,tox21
CC(=O)Nc1cccc(NC(=O)c2cc(-c3cccnc3)nc3ccc(Br)cc23)c1,4.68123872420235,veith
CC(=O)Nc1cccc2c1CCN(C(=O)C(C)n1cnc3c(N)ncnc31)C2,2.8191781870037276,challenge
CC(=O)Nc1ccccc1C(=O)OCC(=O)c1ccc2ccccc2c1,4.331238507999185,veith
CC(=O)Nc1ccccc1C(=O)OCc1ccc(C(=O)c2ccccc2)cc1,4.731239014571102,veith
CC(=O)Nc1ccccc1C=C1c2ccccc2-c2ccccc21,5.484206266808193,ncgc;veith
CC(=O)Nc1nc2ccc(Br)cc2s1,4.081239412948973,veith
CC(=O)Nc1nc2ccccc2n1Cc1ccccc1,3.731239014571102,veith
CC(=O)O.CC(=O)O.NC(=NCCCCCCN=C(N)/N=C(\N)Nc1ccc(Cl)cc1)/N=C(\N)Nc1ccc(Cl)cc1,4.240651494470068,tox21
CC(=O)O.CC(C)c1ccc2c(c1)CC[C@H]1[C@](C)(CN)CCC[C@]21C,4.088530344873387,tox21
CC(=O)O.Cc1c(-c2ccc(O)cc2)n(Cc2ccc(OCCN3CCCCCC3)cc2)c2ccc(O)cc12,5.449698188883719,tox21
CC(=O)O.O=C(NCC1CCCCN1)c1cc(OCC(F)(F)F)ccc1OCC(F)(F)F,3.896383120295927,tox21
CC(=O)O/C(=C1/C[C@H]2[C@@H]3CC=C4C[C@@H](OC(C)=O)CC[C@]4(C)[C@@H]3CC[C@]2(C)C1=O)C(F)(F)F,4.787200049553703,ncgc
CC(=O)OC(C(=O)c1ccccc1)c1ccccc1,4.136408810835052,tox21
CC(=O)OC(C)(C)C1CC=C(C)CC1,4.038530441677591,tox21
CC(=O)OC(C)(C)N=Nc1ccc(Br)cc1,4.587200720463143,ncgc
CC(=O)OC(C)OC(=O)C(C)c1ccc(-c2ccccc2)c(F)c1,4.749697444003367,tox21
CC(=O)OC(OC(C)=O)c1ccc([N+](=O)[O-])o1,4.030794080881087,tox21
CC(=O)OC/C=C(C)/C=C/C=C(C)/C=C/C1=C(C)CCCC1(C)C,4.148906620061797,tox21
CC(=O)OC/C=C(\C)CC/C=C(\C)CCC=C(C)C,3.8385301209917824,tox21
CC(=O)OC/C=C(\C)CCC=C(C)C,4.062811235264456,tox21
CC(=O)OC/C=C/c1ccccc1,3.8385301209917824,tox21
CC(=O)OC1COC(N2CCc3cc([N+](=O)[O-])ccc32)C(OC(C)=O)C1OC(C)=O,5.331238507999185,veith
CC(=O)OC1N=C(c2ccccc2)c2cc(Br)ccc2N(C)C1=O,4.031238394064476,veith
CC(=O)OCC(=O)[C@@]1(O)CCC2C3CCC4=CC(=O)CC[C@]4(C)C3[C@@H](O)C[C@@]21C,4.399695684644625,tox21
CC(=O)OCC(=O)[C@@]1(O)CC[C@H]2[C@@H]3CCC4=CC(=O)C=C[C@]4(C)[C@@]3(F)[C@@H](O)C[C@@]21C,4.344634164237581,tox21
CC(=O)OCC(=O)[C@@]1(O)[C@H](C)C[C@@H]2[C@H]3CCC4=CC(=O)C=C[C@]4(C)[C@]3(F)[C@@H](O)C[C@@]21C,4.487201289787428,ncgc
CC(=O)OCC(=O)[C@@]1(O)[C@H](C)C[C@H]2[C@@H]3CCC4=CC(=O)C=C[C@]4(C)[C@@]3(F)[C@@H](O)C[C@@]21C,4.449695384640936,tox21
CC(=O)OCC(=O)[C@@]1(OC(C)=O)[C@@H](C)C[C@H]2[C@@H]3C[C@H](F)C4=CC(=O)C=C[C@]4(C)[C@@]3(F)[C@@H](O)C[C@@]21C,4.399695684644625,tox21
CC(=O)OCC(=O)[C@@]12N=C(C)O[C@@H]1C[C@H]1[C@@H]3CCC4=CC(=O)C=C[C@]4(C)[C@H]3[C@@H](O)C[C@@]12C,3.8385301209917824,tox21
CC(=O)OCC(=O)[C@@]12OC(C)(C)O[C@@H]1C[C@H]1[C@@H]3C[C@H](F)C4=CC(=O)C=C[C@]4(C)[C@@]3(F)[C@@H](O)C[C@@]12C,5.049693557718132,tox21
CC(=O)OCC(=O)[C@H]1CC[C@H]2[C@@H]3CCC4=CC(=O)CC[C@]4(C)[C@H]3CC[C@]12C,4.949691042568217,tox21
CC(=O)OCC(=O)[C@]12OC(C)(C)O[C@@H]1C[C@H]1[C@H]3CC=C4C[C@@H](O)CC[C@]4(C)[C@H]3CC[C@]12C,4.387202152451927,ncgc
CC(=O)OCC1=C(C(=O)O)N2C(=O)[C@@H](NC(=O)Cc3cccs3)[C@H]2SC1,4.399695684644625,tox21
CC(=O)OCC1=C(C(=O)[O-])N2C(=O)[C@@H](NC(=O)CCC[C@@H](N)C(=O)[O-])[C@@H]2SC1.[Zn+2],3.6872033036619767,ncgc
CC(=O)OCC1=C(C(=O)[O-])N2C(=O)[C@@H](NC(=O)CSc3ccncc3)[C@H]2SC1.[Na+],4.499695145639398,tox21
CC(=O)OCC1OC(C#CCCCc2ccccc2)C=CC1OC(C)=O,4.88720077167744,ncgc
CC(=O)OCC1OC(C#Cc2ccc(C(C)(C)C)cc2)C=CC1OC(C)=O,4.487201289787428,ncgc
CC(=O)OCC1OC(C#Cc2ccc(C)cc2C)C=CC1OC(C)=O,4.88720077167744,ncgc
CC(=O)OCC1OC(C#Cc2ccc(F)cc2F)C=CC1OC(C)=O,4.587200720463143,ncgc
CC(=O)OCC1OC(C#Cc2ccccc2)C=CC1OC(C)=O,4.487201289787428,ncgc
CC(=O)OCC1OC(c2ccc3c(c2)OCO3)C=CC1OC(C)=O,4.587200720463143,ncgc
CC(=O)OCCCN1c2ccccc2Nc2nnc(-c3ccccc3)cc21,5.031238394064476,veith
CC(=O)OC[C@@H]1O[C@@H](O/N=C2/C[C@@H](O)[C@@H](O)[C@@H]3[C@@H]4C(=O)N(C(C)(C)C)C(=O)[C@H]4CC[C@@H]23)[C@H](OC(C)=O)[C@H](OC(C)=O)[C@@H]1OC(C)=O,6.187177387497534,ncgc
CC(=O)OC[C@@H]1O[C@@H](O/N=C2/C[C@@H](O)[C@@H](O)[C@@H]3[C@@H]4C(=O)N(C5CCCCC5)C(=O)[C@H]4CC[C@@H]23)[C@H](OC(C)=O)[C@H](OC(C)=O)[C@@H]1OC(C)=O,5.187211884060712,ncgc
CC(=O)OC[C@@H]1O[C@H](C/C=N\OC[C@@H](C)[C@H](OCc2ccccc2)C(C)C)C=C[C@@H]1OC(C)=O,4.487201289787428,ncgc
CC(=O)OC[C@@H]1O[C@H](C/C=N\O[C@@H](C)c2cc(-c3c(C)cc(C)cc3C)no2)C=C[C@@H]1OC(C)=O,4.787200049553703,ncgc
CC(=O)OC[C@@H]1O[C@H](CCO/N=C(\C)CCC(=O)OC[C@@H]2O[C@H](C#Cc3ccccc3)C=C[C@@H]2Oc2ccc(C)cc2)C=C[C@@H]1OC(C)=O,4.487201289787428,ncgc
CC(=O)OC[C@@H]1O[C@H](CCO/N=C(\C)CCN2CCc3nc(-c4ccccc4)c(-c4ccccc4)cc3C2)C=C[C@@H]1OC(C)=O,4.784219133178269,ncgc;veith
CC(=O)OC[C@H]1O[C@@](COC(C)=O)(O[C@H]2O[C@H](COC(C)=O)[C@@H](OC(C)=O)[C@H](OC(C)=O)[C@H]2OC(C)=O)[C@@H](OC(C)=O)[C@@H]1OC(C)=O,4.085747281736679,tox21
CC(=O)OCc1ccc2c(c1)OCO2,4.137999373624076,tox21
CC(=O)OCc1ccco1,3.7910164465176486,tox21
CC(=O)O[C@@H]1CC2C3CCc4cc(OC(=O)c5ccccc5)ccc4C3CCC2(C)[C@H]1OC(C)=O,4.281394573033,tox21
CC(=O)O[C@@H]1CC[C@]2(C)[C@H]3CC[C@]4(C)[C@H](C[C@H]5CCCC[C@@]54C(C)=O)[C@@H]3CC(=O)[C@@]2(O)C1,3.8872025006290167,ncgc
CC(=O)O[C@H]1C(=O)[C@]2(C)[C@H]([C@H](OC(=O)c3ccccc3)[C@@]3(O)C[C@H](OC(=O)[C@H](O)[C@@H](NC(=O)c4ccccc4)c4ccccc4)C(C)=C1C3(C)C)[C@]1(OC(C)=O)CO[C@@H]1C[C@@H]2O,3.8842202108992034,ncgc;veith
CC(=O)O[C@H]1CC[C@@]2(C)C(=CC[C@@H]3[C@@H]2CC[C@]2(C)C(=O)CC[C@@H]32)C1,4.138530880775606,tox21
CC(=O)O[C@H]1CC[C@@]2(C)C(=CC[C@@H]3[C@H]2CC[C@]2(C)C(=O)CC[C@H]32)C1,4.087203992408599,ncgc
CC(=O)O[C@H]1C[C@H]2CC[C@@H]3[C@H]4C[C@@H]([N+]5(C)CCCCC5)[C@@H](OC(C)=O)[C@]4(C)CC[C@@H]3[C@@]2(C)C[C@@H]1[N+]1(C)CCCCC1,3.8842202108992034,ncgc;veith
CC(=O)O[C@]1(C(C)=O)CC[C@@H]2[C@@H]3C=C(C)C4=CC(=O)CC[C@@]4(C)[C@H]3CC[C@]21C,4.187201534804045,ncgc
CC(=O)O[C@]1(C(C)=O)CC[C@@H]2[C@@H]3C=C(Cl)C4=CC(=O)[C@H]5C[C@@H]5[C@]4(C)[C@H]3CC[C@]21C,3.9372033943355307,ncgc
CC(=O)O[C@]1(C(C)=O)CC[C@H]2[C@@H]3C=C(C)C4=CC(=O)CC[C@]4(C)[C@H]3CC[C@@]21C,4.528603756245566,pharmabench;tox21
CC(=O)O[C@]1(C(C)=O)CC[C@H]2[C@@H]3C=C(Cl)C4=CC(=O)CC[C@]4(C)[C@H]3CC[C@@]21C,4.419466775029397,tox21
CC(=O)O[C@]1(C(C)=O)CC[C@H]2[C@@H]3C=C(Cl)C4=CC(=O)[C@@H]5C[C@@H]5[C@]4(C)[C@H]3CC[C@@]21C,4.288530398353015,tox21
CC(=O)O[C@]1(C(C)=O)CC[C@H]2[C@@H]3CCC4=CC(=O)CCC4=C3[C@@H](c3ccc(N(C)C)cc3)C[C@@]21C,4.6752084650037276,challenge
CC(=O)O[C@]1(C(C)=O)CC[C@H]2[C@@H]3C[C@H](C)C4=CC(=O)CC[C@]4(C)[C@H]3CC[C@@]21C,5.094291851955103,tox21
CC(=O)Oc1c(S(=O)(=O)c2ccc(C)cc2)c(C)nn1C(C)(C)C,4.431238405874674,veith
CC(=O)Oc1cc2c(s1)CCN(C(C(=O)C1CC1)c1ccccc1F)C2.Cl,4.499695145639398,tox21
CC(=O)Oc1ccc(C(=C2CCCCC2)c2ccc(OC(C)=O)cc2)cc1,4.649695361961072,tox21
CC(=O)Oc1ccc(C(c2ccc(OC(C)=O)cc2)c2ccccn2)cc1,4.3235514493372404,ncgc;pharmabench;tox21
CC(=O)Oc1ccc(C2(c3ccc(OC(C)=O)cc3)C(=O)Nc3ccccc32)cc1,4.899697790475481,tox21
CC(=O)Oc1ccc(C2(c3ccc(OC(C)=O)cc3)Oc3ccccc3NC2=O)cc1,5.249702450799103,tox21
CC(=O)Oc1ccc([N+](=O)[O-])cc1CCl,3.8385301209917824,tox21
CC(=O)Oc1ccc2ccccc2c1C(NC(=O)Cc1ccccc1)c1ccc(Cl)cc1,5.031238394064476,veith
CC(=O)Oc1ccccc1C(=O)Oc1ccccc1C(=O)O,4.087203992408599,ncgc
CC(=O)SC[C@@H](Cc1ccccc1)C(=O)NCC(=O)OCc1ccccc1,4.893449575107967,ncgc;tox21
CC(=O)S[C@@H]1CC2=CC(=O)CC[C@]2(C)[C@H]2CC[C@@]3(C)[C@@H](CC[C@@]34CCC(=O)O4)[C@H]12,3.8385301209917824,tox21
CC(=O)[C@@H]1CC[C@@H]2[C@@H]3CCC4=CC(=O)CC[C@@]4(C)[C@H]3CC[C@]21C,3.887203648035288,ncgc
CC(=O)[C@@H]1CC[C@@H]2[C@@H]3C[C@H](C)C4=CC(=O)CC[C@@]4(C)[C@H]3[C@H](O)C[C@]21C,5.684224832111824,ncgc;veith
CC(=O)[C@@H]1CC[C@@H]2[C@H]3CC[C@H]4C[C@@H](O)CC[C@]4(C)[C@@H]3C(=O)C[C@]21C,3.6872033036619767,ncgc
CC(=O)[C@@H]1CC[C@H]2[C@H]3CC[C@H]4C[C@@H](O)CC[C@]4(C)[C@@H]3C(=O)C[C@@]12C,4.187201534804045,ncgc
CC(=O)[C@@H]1CC[C@H]2[C@H]3CC[C@H]4C[C@@H](O)CC[C@]4(C)[C@@H]3CC[C@]12C,4.984216978540185,ncgc;veith
CC(=O)[C@@H]1[C@@H]2C(=O)N(C3CCCCC3)C(=O)[C@@H]2C2c3ccccc3C=CN21,4.081239412948973,veith
CC(=O)[C@@H]1[C@H]2[C@@H](C(=O)[C@H]3OC[C@H]2O3)[C@@H]2C=Cc3ccccc3N12,3.787202796262461,ncgc
CC(=O)[C@@]1(O)CC[C@H]2[C@@H]3CCC4=CC(=O)CC[C@]4(C)[C@H]3CC[C@@]21C,4.344112907202967,tox21
CC(=O)[C@@]1(O)CC[C@H]2[C@@H]3C[C@H](C)C4=CC(=O)C=C[C@]4(C)[C@@]3(F)[C@@H](O)C[C@@]21C,4.694113283841421,tox21
CC(=O)[C@@]1(O)CC[C@H]2[C@@H]3C[C@H](C)C4=CC(=O)CC[C@]4(C)[C@H]3CC[C@@]21C,4.399695684644625,tox21
CC(=O)[C@@]1(O)CC[C@H]2[C@H]3C[C@@H](C)C4=CC(=O)C=C[C@]4(C)[C@@]3(F)[C@@H](O)C[C@]21C,4.187201534804045,ncgc
CC(=O)[C@H]1CC[C@H]2[C@@H]3C=CC4=CC(=O)CC[C@@]4(C)[C@@H]3CC[C@]12C,4.149695764085624,tox21
CC(=O)[C@H]1CC[C@H]2[C@@H]3CC=C4C[C@@H](O)CC[C@]4(C)[C@H]3CC[C@]12C,4.083228975003728,challenge
CC(=O)[C@H]1CC[C@H]2[C@@H]3CCC4=CC(=O)CC[C@]4(C)[C@H]3CC[C@]12C,4.374220664887548,challenge;tox21
CC(=O)[C@H]1CC[C@H]2[C@@H]3CC[C@H]4C[C@H](O)CC[C@]4(C)[C@H]3C(=O)C[C@]12C,4.649695361961072,tox21
CC(=O)[C@H]1CC[C@H]2[C@@H]3C[C@H](C)C4=CC(=O)CC[C@]4(C)[C@H]3[C@@H](O)C[C@]12C,5.549689764547262,tox21
CC(=O)[C@H]1[C@H]2[C@H](C(=O)[C@@H]3OC[C@H]2O3)[C@@H]2c3ccccc3C=CN12,3.787202796262461,ncgc
CC(=O)[C@]1(O)CC[C@@H]2[C@H]3C[C@@H](C)C4=CC(=O)CC[C@@]4(C)[C@H]3[C@@H](O)C[C@]21C,4.387202152451927,ncgc
CC(=O)[O-].CC(=O)[O-].[Mn+2],3.9570863333818407,tox21
CC(=O)c1c(C(C)=O)c(C)n(NC(=O)c2ccncc2)c1C,5.081239412948973,veith
CC(=O)c1c(C)[nH]c(C(=O)COc2cc(C)cc(C)c2)c1C,4.181236955344418,veith
CC(=O)c1c(C)[nH]c(C(=O)COc2ccc(C#N)cc2)c1C,4.331238507999185,veith
CC(=O)c1c(C)[nH]c(C(=O)N2CCc3ccccc3C2)c1C,4.531238789289352,veith
CC(=O)c1c(N2CCN(C)CC2)[nH]c(-c2ccccc2)nc1=S,4.431238405874674,veith
CC(=O)c1c(O)c(C)c(-c2ccccc2)n(-c2ccccc2)c1=O,4.131237783223632,veith
CC(=O)c1c(O)c(C)c(O)c(Cc2c(O)c3c(c(C(=O)/C=C\c4ccccc4)c2O)OC(C)(C)C=C3)c1O,5.487173758361262,ncgc
CC(=O)c1c(O)c(C)c(O)c2c1OC1=CC(=O)[C@H](C(C)=O)C(=O)[C@]12C,7.186832572487833,ncgc
CC(=O)c1cc(C#N)c(Oc2ccc(F)cc2)nc1C,4.68123872420235,veith
CC(=O)c1cc(C(C)(C)C)cc2c1CCC2(C)C,4.138530880775606,tox21
CC(=O)c1cc(CC=C(C)C)c(O)cc1O,4.88123792116939,veith
CC(=O)c1cc2c(cc1C)C(C)(C)C(C)CC2(C)C,4.088530344873387,tox21
CC(=O)c1cc2c(cc1N/C=C\c1nnnn1-c1ccc(Br)cc1)OCO2,4.68123872420235,veith
CC(=O)c1cc2c(cc1N/C=C\c1nnnn1-c1ccc(Cl)cc1)OCO2,4.981239042028786,veith
CC(=O)c1cc2c(cc1NC(=O)c1c(-c3ccccc3)noc1C)OCO2,4.7812382168028345,veith
CC(=O)c1ccc(-n2c(CCC(=O)O)ccc2-c2cccs2)cc1,4.131237783223632,veith
CC(=O)c1ccc(-n2nc(C(F)(F)F)c3c2CCCC3)cc1,4.736034531474673,pharmabench
CC(=O)c1ccc(C2C=CC(Oc3ccc(-c4ccccc4)cc3)C(CO)O2)cc1,4.687200030977656,ncgc
CC(=O)c1ccc(N2CCC(c3cc(-c4ccc(Cl)cc4)n[nH]3)CC2)c([N+](=O)[O-])c1,4.68123872420235,veith
CC(=O)c1ccc(N2CCC(c3cc(-c4ccc(Cl)cc4Cl)n[nH]3)CC2)c([N+](=O)[O-])c1,4.68123872420235,veith
CC(=O)c1ccc(NC(=O)C(Cc2ccccc2)NC(=O)c2ccco2)cc1,4.131237783223632,veith
CC(=O)c1ccc(NC(=O)C2(c3ccccc3)CCOCC2)cc1,4.581238740591187,veith
CC(=O)c1ccc(O)c(CN(C2CCCCC2)C2CCCCC2)c1O,4.687200030977656,ncgc
CC(=O)c1ccc(OC(=O)C2c3ccccc3Oc3ccccc32)cc1,3.8312389898347954,veith
CC(=O)c1ccc(OC2C(O)COC2/C=C/c2ccc(Cl)cc2)cc1,4.88720077167744,ncgc
CC(=O)c1ccc(OC2C=CC(c3ccc(Cl)cc3)OC2CO)cc1,4.587200720463143,ncgc
CC(=O)c1ccc(OCc2ccccc2)c(C)c1O,4.9871949150515835,ncgc
CC(=O)c1ccc(S(=O)(=O)NC(=O)NC2CCCCC2)cc1,4.1406606175790355,tox21
CC(=O)c1ccc2c(c1)[C@H](NC(=O)c1ccc(F)cc1)[C@@H](O)C(C)(C)O2,4.114684208514847,tox21
CC(=O)c1cccc(NC(=O)/C(=C\c2ccco2)NC(=O)c2cccs2)c1,4.331238507999185,veith
CC(=O)c1cccc(NC(=O)CCC2CCCC2)c1,4.131237783223632,veith
CC(=O)c1cccc(NC(=O)CSCc2ccccc2)c1,4.381238666479966,veith
CC(=O)c1cccc(NC(=O)c2csc(-n3nc(C)cc3C(F)(F)F)n2)c1,5.28123853814577,veith
CC(=O)c1cccc(NC(=S)NC(=O)CC(C)(C)C)c1,4.331238507999185,veith
CC(=O)c1cccc(NS(=O)(=O)c2ccc(N/C=C\C(=O)c3ccc(F)cc3)cc2)c1,4.831238989834795,veith
CC(=O)c1cn(CC(=O)Nc2c(C)cccc2C)c2ccccc12,4.331238507999185,veith
CC(=O)c1cn(CC(=O)Nc2ccccc2C)c2ccccc12,4.4812387752551235,veith
CC(=O)c1nccs1,4.0731702500877,tox21
CC(=O)c1sc(N)c(C(=O)OC(C)C)c1C,4.28123853814577,veith
CC(=O)n1cc(/C=N/NC(=O)c2sc(C)nc2C)c2ccccc21,6.331238507999185,veith
CC(Br)C(=O)O,3.8469235630041183,tox21
CC(C(=O)N(C)Cc1cccc(-c2nn[nH]n2)c1)c1cccc(O)c1,4.836496233003728,challenge
CC(C(=O)NC(N)=O)N1CCCC(Nc2ccccc2)C1,3.8570843050037276,challenge
CC(C(=O)NC1CCCC1)N(C(=O)c1ccc(-c2ccccc2)[nH]1)c1ccccc1F,4.581238740591187,veith
CC(C(=O)NC1CCCC1)N(C(=O)c1snc(C(N)=O)c1N)c1ccc2c(c1)OCCO2,4.181236955344418,veith
CC(C(=O)NCC1CC(=O)N(Cc2ccccc2)C1)c1cn(C)c2ccccc12,4.808916437003727,challenge
CC(C(=O)Nc1ccc2c(c1)C=CCCC2)n1cnc2c(N)ncnc21,4.707371583003727,challenge
CC(C(=O)Nc1cccc(-c2ccn[nH]2)c1)c1ccccc1,5.057958487003727,challenge
CC(C(=O)Nc1cccc(-c2nnnn2C)c1)n1nnc(-c2ccccc2)n1,5.124903523003728,challenge
CC(C(=O)Nc1ccccc1Sc1ccccc1)N(c1ccccc1)S(C)(=O)=O,4.631238141608918,veith
CC(C(=O)O)c1ccc(-c2ccccc2)c(F)c1,4.188530214047235,tox21
CC(C(=O)O)c1ccc(C(=O)c2cccs2)cc1,4.369407041003547,challenge;tox21
CC(C(=O)O)c1ccc2c(c1)CC(=O)c1ccccc1S2,4.149695764085624,tox21
CC(C(=O)O)c1cccc(C(=O)c2ccccc2)c1,4.169289835249215,tox21
CC(C(=O)[O-])c1cccc(Oc2ccccc2)c1.CC(C(=O)[O-])c1cccc(Oc2ccccc2)c1.O.O.[Ca+2],4.149695764085624,tox21
CC(C(O)c1ccccc1)N(C)C/C=C/c1ccccc1,4.449695384640936,tox21
CC(C(O)c1ccccc1)N(C)CCOC(c1ccccc1)c1ccccc1,4.399695684644625,tox21
CC(C)(C#N)c1cc(Cn2cncn2)cc(C(C)(C)C#N)c1,4.675194624728049,tox21
CC(C)(C#N)c1cnc(N2CCN(C(=O)[C@@H]3CCCC[C@H]3C(=O)NC3(C#N)CC3)CC2)s1,4.8380942014597,pharmabench
CC(C)(C(=O)N1CCC(C(=O)Nc2ccc3c(c2)OCO3)CC1)c1cccc2ccccc12,5.389260240003727,challenge
CC(C)(C(=O)N1CCC(c2cc(O)[nH]n2)C1)c1ccccc1,4.432133955003728,challenge
CC(C)(C(=O)N1CCCC(CO)(Cc2ccccc2)C1)n1cccn1,4.703555175003728,challenge
CC(C)(C(=O)N1CCN(c2cc(C3CC3)n[nH]2)CC1)c1ccc(F)cc1,4.633100738003728,challenge
CC(C)(C(=O)Nc1cc(C2CCOCC2)[nH]n1)c1cccc(Cl)c1F,5.451556570003728,challenge
CC(C)(C(=O)Nc1nncs1)[C@@H]1c2ccc(-c3ccc(C(=O)N4CCOCC4)cc3)nc2Oc2c(F)cccc21,4.492996482788379,pharmabench
CC(C)(C)C(=O)C(Cc1cccc(-c2cc(C(C)(C)S(C)(=O)=O)cc3cccnc23)c1)c1ccc(S(C)(=O)=O)cc1,5.492996482788379,pharmabench
CC(C)(C)C(=O)C(Oc1ccc(Cl)cc1)n1ccnc1,5.099699119238278,tox21
CC(C)(C)C(=O)C(Oc1ccc(Cl)cc1)n1cncn1,4.588883720957307,tox21
CC(C)(C)C(=O)C1=C(O)C(=O)N(c2ccc(-c3cccs3)cc2)C1c1ccccc1OCCO,4.435004535810692,pharmabench
CC(C)(C)C(=O)C1=C(O)C(=O)N(c2ccc(-c3ccoc3)cc2)C1c1ccccc1OCCO,4.162003263746954,pharmabench
CC(C)(C)C(=O)N(CCN(C(=O)C(C)(C)C)c1ccccc1)c1ccccc1,4.081239412948973,veith
CC(C)(C)C(=O)N1CCC(c2ccc(C(=O)NC(=N)N)cc2C(F)(F)F)CC1,4.107645601424362,pharmabench
CC(C)(C)C(=O)N1CCN(c2ccc([N+](=O)[O-])c(NCC3CCCO3)c2)CC1,4.181236955344418,veith
CC(C)(C)C(=O)N1CC[C@H](N(Cc2ccccc2C(F)(F)F)c2ccc(C#N)c(Cl)c2)C1,5.694641846316448,pharmabench
CC(C)(C)C(=O)NC(=S)NCCc1ccccc1,4.231237939860009,veith
CC(C)(C)C(=O)NC(Nc1cccc2cccnc12)C(Cl)(Cl)Cl,5.181236955344418,veith
CC(C)(C)C(=O)NC(c1ccc(Cl)cc1)[C@]1(C)C[C@H]1C1CCCCC1,4.184219245074232,ncgc;veith
CC(C)(C)C(=O)Nc1cccc(-c2nc3ccccc3c(=O)o2)c1,4.181236955344418,veith
CC(C)(C)C(=O)Nc1cccn2c(C(F)(F)F)nnc12,3.88123792116939,veith
CC(C)(C)C(=O)Nc1ccnc(-c2cccnc2)n1,4.7812382168028345,veith
CC(C)(C)C(=O)OCOC(=O)C1N2C(=O)CC2S(=O)(=O)C1(C)C,4.073976427488115,tox21
CC(C)(C)C(=O)OCOC(=O)[C@@H]1N2C(=O)[C@@H](NC(=O)[C@H](N)c3ccccc3)[C@H]2SC1(C)C,4.249695373334149,tox21
CC(C)(C)C(=O)[C@H]1[C@H](c2ccccc2)[C@@]2(N=C(c3ccccc3)OC2=O)C2c3ccccc3C=NN21,4.081239412948973,veith
CC(C)(C)C(O)(CCc1ccc(Cl)cc1)Cn1cncn1,5.135882835451769,tox21
CC(C)(C)C(O)/C(=C\c1ccc(Cl)cc1Cl)n1cncn1,4.9558172753939465,tox21
CC(C)(C)C(O)C(Oc1ccc(-c2ccccc2)cc1)n1cncn1,4.838529434479041,tox21
CC(C)(C)C(O)C(Oc1ccc(Cl)cc1)n1cncn1,4.238530429764998,tox21
CC(C)(C)C1(CCc2ccc(Cl)cc2)CO1,4.188530214047235,tox21
CC(C)(C)C1=CC(=O)C(C(C)(C)C)=CC1=O,4.349695468060089,tox21
CC(C)(C)C1CCC(CC2=C(O)c3ccccc3C(=O)C2=O)CC1,5.29969757253239,tox21
CC(C)(C)C1CCC(O)CC1,3.832192022404528,tox21
CC(C)(C)CC(=O)NC(=S)Nc1ccccc1C(F)(F)F,4.88123792116939,veith
CC(C)(C)CC(=O)OCC(=O)[C@@]1(O)CC[C@H]2[C@@H]3CCC4=CC(=O)C=C[C@]4(C)[C@H]3[C@@H](O)C[C@@]21C,4.449695384640936,tox21
CC(C)(C)CC(C)(C)c1cc(O)c(O)c(CN2CCCCC2)c1,4.387202152451927,ncgc
CC(C)(C)CC(C)(C)c1ccc(O)c(-n2nc3ccccc3n2)c1,4.632541014799557,tox21
CC(C)(C)CC(C)(C)c1ccc(O)c(Cc2ccc(Cl)cc2Cl)c1,4.899697790475481,tox21
CC(C)(C)CC(C)(C)c1ccc(O)cc1,4.41911328964768,tox21
CC(C)(C)CC(C)(C)c1ccc(OCCO)cc1,4.091015693336613,tox21
CC(C)(C)CC(C)(C)c1ccc(OCCOCC[N+](C)(C)Cc2ccccc2)cc1.[Cl-],3.73888447382396,tox21
CC(C)(C)CC(C)(C)c1ccccc1O,4.38605613264551,tox21
CC(C)(C)CCN1CCN(C(=O)c2nnc3ccccc3n2)CC1,3.778718200003728,challenge
CC(C)(C)Cc1ncc(C(=O)Nc2cc3n(n2)CCCC3)s1,4.8531110920037275,challenge
CC(C)(C)N(NC(=O)Nc1ccc(Cl)c(Cl)c1)C(=O)c1ccccc1,5.131237783223633,veith
CC(C)(C)N(NC(=O)Nc1ccccc1)C(=O)c1ccccc1Cl,4.131237783223632,veith
CC(C)(C)N(NC(=O)c1ccc(Cl)cc1)C(=O)c1ccccc1,4.591017850469993,tox21
CC(C)(C)N(NC(=O)c1ccccc1)C(=O)c1cccc(C(=O)N(NC(=O)c2ccccc2)C(C)(C)C)c1,4.081239412948973,veith
CC(C)(C)NC(=O)C(=O)N/N=C/c1ccc(Br)cc1,4.081239412948973,veith
CC(C)(C)NC(=O)CN(Cc1cccs1)C(=O)C1COc2ccccc2O1,4.331238507999185,veith
CC(C)(C)NC(=O)CSC(=Nc1ccc(F)cc1)NC#N,4.181236955344418,veith
CC(C)(C)NC(=O)NC(=O)CSc1nnc2ccccn12,4.031238394064476,veith
CC(C)(C)NC(=O)[C@@H]1CC[C@@H]2[C@@H]3CC[C@@H]4NC(=O)C=C[C@@]4(C)[C@H]3CC[C@]21C,5.5842153979372355,ncgc;veith
CC(C)(C)NC(=O)[C@@H]1CN(Cc2cccnc2)CCN1C[C@@H](O)C[C@@H](Cc1ccccc1)C(=O)N[C@H]1c2ccccc2C[C@H]1O.O=S(=O)(O)O,4.166726292498755,tox21
CC(C)(C)NC(=O)[C@@H]1C[C@@H]2CCCC[C@@H]2CN1C[C@@H](O)[C@H](Cc1ccccc1)NC(=O)[C@H](CC(N)=O)NC(=O)c1ccc2ccccc2n1.CS(=O)(=O)O,4.082892755441484,tox21
CC(C)(C)NC(=O)[C@H]1CC[C@H]2[C@@H]3CC[C@H]4NC(=O)C=C[C@]4(C)[C@H]3CC[C@]12C,4.99470961262795,challenge;pharmabench;tox21
CC(C)(C)NC(=O)c1c[nH]c2ncc(-c3nn(CCC(O)CO)c4ccc(OC(F)F)cc34)nc12,4.435004535810692,pharmabench
CC(C)(C)NC(=S)Nc1ccc(Nc2ccccc2)cc1,4.431238405874674,veith
CC(C)(C)NC[C@@H](O)COc1ccccc1C1CCCC1,4.187201534804045,ncgc
CC(C)(C)NC[C@H](O)c1cc(O)cc(O)c1,5.487173758361262,ncgc
CC(C)(C)NCc1cc(Nc2ccnc3cc(Cl)ccc23)ccc1F,3.6220911791678367,pharmabench
CC(C)(C)NS(=O)(=O)c1ccc(Cl)c(C(=O)NCCc2nc3ccccc3s2)c1,5.294196572003727,challenge
CC(C)(C)NS(=O)(=O)c1ccc(NC(=O)NC2CCCCC2)cc1,3.981239042028786,veith
CC(C)(C)NS(=O)(=O)c1ccc(NC(=O)c2cc(-c3ccccc3)nc3ccccc23)cc1,4.4812387752551235,veith
CC(C)(C)NS(=O)(=O)c1ccc(NS(=O)(=O)c2ccc(F)cc2)cc1,5.981239042028786,veith
CC(C)(C)OC(=O)COc1cc(OCC(=O)OC(C)(C)C)c2c(=O)cc(-c3ccccc3)oc2c1,4.981239042028786,veith
CC(C)(C)OC(=O)N1CCC2(CC1)CC2CNC(=O)c1cc2ccncc2s1,4.480762026371367,pharmabench
CC(C)(C)OC(=O)N1CCCC(CCNC(=O)c2cc3cnccc3[nH]2)C1,4.80661560576038,pharmabench
CC(C)(C)OC(=O)NC1CCc2ncc(NC(=O)NCC(C)(O)c3ccc(F)cc3F)cc2C1,5.026001208003728,challenge
CC(C)(C)OC(=O)NC[C@H]1CC[C@H](CNC(=O)c2cc(-c3cccc(CN)c3)nc3ccccc23)CC1,5.435004535810692,pharmabench
CC(C)(C)OC(=O)c1ncn2c1[C@@H]1CCCN1C(=O)c1c(Br)cccc1-2,4.749697444003367,tox21
CC(C)(C)S,4.073858975707542,tox21
CC(C)(C)Sc1c(CC(C)(C)C(=O)O)n(Cc2ccc(-c3cccnc3)cc2)c2ccc(OCc3ccccn3)cc12,7.147762824632344,pharmabench
CC(C)(C)Sc1c(CC(C)(C)C(=O)O)n(Cc2ccc(Cl)cc2)c2ccc(OCc3ccc4ccccc4n3)cc12,8.639124518466616,pharmabench
CC(C)(C)Sc1c(CC(C)(C)C(=O)O)n(Cc2ccc(Cl)cc2)c2ccc(OCc3ccccn3)cc12,8.338094522802637,pharmabench
CC(C)(C)[C@@H](O)[C@@H](Cc1ccc(Cl)cc1)n1cncn1,4.614950222982588,tox21
CC(C)(C)[C@@]1(O)CCN2C[C@@H]3c4ccccc4CCc4cccc(c43)[C@@H]2C1,4.7592207185898,ncgc;veith
CC(C)(C)[C@H]1CC[C@@H]([C@H](NC(=O)c2cc3ccccc3cc2NC(=O)Nc2c(Cl)cc(Cl)cc2Cl)C(=O)O)CC1,6.015875228068716,pharmabench
CC(C)(C)[Si](C)(C)c1c2c(nc3ccc(OCc4ccccc4)cc13)-c1cccc(=O)n1C2,3.987203621488413,ncgc
CC(C)(C)c1[nH]nc2c1C(c1ccc(OC(=O)c3ccco3)cc1)C(C#N)=C(N)O2,4.631238141608918,veith
CC(C)(C)c1cc(/C=C(\C#N)C(N)=S)cc(C(C)(C)C)c1O,6.284220827875583,ncgc;veith
CC(C)(C)c1cc(/C=C2\SC(=N)NC2=O)cc(C(C)(C)C)c1O.CS(=O)(=O)O,5.388538502257119,tox21
CC(C)(C)c1cc(/C=N/n2cnnc2)cc(C(C)(C)C)c1O,4.731239014571102,veith
CC(C)(C)c1cc(Br)c(O)c(CN(Cc2cc(C(C)(C)C)cc(Br)c2O)C2CCCCC2)c1,4.787200049553703,ncgc
CC(C)(C)c1cc(C(C)(C)C)c(NC(=O)c2c[nH]c3ccccc3c2=O)cc1O,5.477437085003728,challenge
CC(C)(C)c1cc(C(C)(C)C)c(O)c(C(C)(C)C)c1,3.8385301209917824,tox21
CC(C)(C)c1cc(C=C(C#N)C#N)cc(C(C)(C)C)c1O,6.784377125894913,ncgc;veith
CC(C)(C)c1cc(C=O)cc(C(C)(C)C)c1O,4.899697790475481,tox21
CC(C)(C)c1cc(CCC(=O)NCCCCCCNC(=O)CCc2cc(C(C)(C)C)c(O)c(C(C)(C)C)c2)cc(C(C)(C)C)c1O,5.4885408971843095,tox21
CC(C)(C)c1cc(CCC(=O)NN)cc(C(C)(C)C)c1O,4.8885327127793925,tox21
CC(C)(C)c1cc(CCC(=O)OCCSCCOC(=O)CCc2cc(C(C)(C)C)c(O)c(C(C)(C)C)c2)cc(C(C)(C)C)c1O,5.199701551314086,tox21
CC(C)(C)c1cc(CO)cc(C(C)(C)C)c1O,4.180096603170561,tox21
CC(C)(C)c1cc(Cc2cc(C(C)(C)C)c(O)c(C(C)(C)C)c2)cc(C(C)(C)C)c1O,4.088530344873387,tox21
CC(C)(C)c1cc(NC(=O)[C@@H]2CCCN2c2ccc(Cl)cc2)no1,3.675336691121062,pharmabench
CC(C)(C)c1cc(Nc2ccc(Cl)cc2Cl)ncc1C(=O)NCC1CCOCC1,4.107645601424362,pharmabench
CC(C)(C)c1cc(O)c(C(C)(C)C)cc1O,3.9885299994982155,tox21
CC(C)(C)c1cc(O)ccc1O,4.387202152451927,ncgc
CC(C)(C)c1cc([N+](=O)[O-])cc(C(C)(C)C)c1O,4.53853042990295,tox21
CC(C)(C)c1ccc(-c2c(C#N)c(N)nc3c2CCCC3)s1,4.431238405874674,veith
CC(C)(C)c1ccc(-c2nnc(SCC(=O)c3ccc4c(c3)OCCO4)o2)cc1,4.7812382168028345,veith
CC(C)(C)c1ccc(-c2nnc(SCc3ccc(Cl)cc3)n2-c2cccc(C(F)(F)F)c2)cc1,4.784219133178269,ncgc;veith
CC(C)(C)c1ccc(C(=O)CCCN2CCC(OC(c3ccccc3)c3ccccc3)CC2)cc1,4.499695145639398,tox21
CC(C)(C)c1ccc(C(=O)N2CCC(C(=O)NCCC3=CCCCC3)CC2)cc1,4.181236955344418,veith
CC(C)(C)c1ccc(C(=O)NCCC(=O)NCc2ccco2)cc1,4.931238759019225,veith
CC(C)(C)c1ccc(C(=O)Nc2ccc(NC(=O)c3ccco3)cc2)cc1,4.331238507999185,veith
CC(C)(C)c1ccc(C(=O)c2c[nH]c(C(=O)NCCCn3ccnc3)c2)cc1,5.68123872420235,veith
CC(C)(C)c1ccc(C2CC2C(=O)N/N=C\c2cc3ccccc3nc2Cl)cc1,4.731239014571102,veith
CC(C)(C)c1ccc(CCC=O)cc1,4.088530344873387,tox21
CC(C)(C)c1ccc(CN(Cc2ccco2)Cc2nnnn2C2CCCC2)cc1,4.731239014571102,veith
CC(C)(C)c1ccc(CSc2cnn(C(C)(C)C)c(=O)c2Cl)cc1,4.838529434479041,tox21
CC(C)(C)c1ccc(O)c(C(C)(C)C)c1,4.564417215905725,tox21
CC(C)(C)c1ccc(OC(=O)Cn2c(C(F)(F)F)nc3ccccc32)cc1,5.331238507999185,veith
CC(C)(C)c1ccc(OC2C(O)COC2/C=C/C#Cc2ccccc2)cc1,4.587200720463143,ncgc
CC(C)(C)c1ccc(OP(=O)(Oc2ccccc2)Oc2ccccc2)cc1,4.835703354139459,tox21
CC(C)(C)c1ccc(S(=O)(=O)/C=C\C#N)cc1,4.509220064272325,ncgc;veith
CC(C)(C)c1ccc(S(=O)(=O)N2CC(O)Cc3ccccc32)s1,5.929771308003728,challenge
CC(C)(C)c1ccc(S)cc1,4.138530880775606,tox21
CC(C)(C)c1cccc(C(C)(C)C)c1O,3.8719844558310434,tox21
CC(C)(C)c1cnc(NC(=O)N2CCC(c3ccncc3)CC2)s1,5.804004390003728,challenge
CC(C)(C)c1coc(CNC(=O)N[C@H]2C[C@@H]2c2ccc(F)cc2F)n1,4.829916615003728,challenge
CC(C)(C)c1n[nH]c(=S)n(N)c1=O,3.7885301040785704,tox21
CC(C)(C)c1nc(-c2nc3cccc(F)c3c(=O)[nH]2)co1,4.815765433003728,challenge
CC(C)(C)c1nc(C(=O)N2CCC(Cn3cncn3)CC2)cs1,4.495757232003728,challenge
CC(C)(C)c1nc(SCC(=O)Nc2ccc(N3CCOCC3)cc2)c2ccccc2n1,4.381238666479966,veith
CC(C)(C)c1nc(SCC(=O)Nc2ccc3c(c2)OCCO3)c2ccccc2n1,4.731239014571102,veith
CC(C)(C)c1nnc(-c2nn(-c3ccc(Cl)cc3Cl)c(-c3ccc(Br)cc3)c2Cn2cncn2)s1,7.9231211748318175,pharmabench
CC(C)(C)c1nnc(NC(=O)c2cc(-c3ccccc3)nc3ccccc23)s1,4.431238405874674,veith
CC(C)(C)c1nnc(NS(=O)(=O)c2ccccc2)s1,4.199695243524282,tox21
CC(C)(C)c1o[nH]c(=O)c1C[C@H](N)C(=O)O,3.787202796262461,ncgc
CC(C)(C)n1cc(C(=O)Nc2cccc3c2C(=O)NC3)nn1,4.562186845003728,challenge
CC(C)(C)n1nc(-c2ccc(Cl)cc2)c2c(N)ncnc21,4.431238405874674,veith
CC(C)(C)n1nc(C(=O)Nc2nc3ccc(S(C)(=O)=O)cc3s2)cc1C1CC1,5.846871845003728,challenge
CC(C)(C)n1ncc2c(=O)n(Cc3ccc(Cl)cc3Cl)cnc21,4.531238789289352,veith
CC(C)(C)n1nnnc1C(c1cccnc1)N(Cc1ccccc1)Cc1ccco1,4.68123872420235,veith
CC(C)(C1CCC(O)CC1)C1CCC(O)CC1,3.895784300899975,tox21
CC(C)(CC(=O)O)c1ccc(-c2cccc(-c3cc(C(C)(C)S(C)(=O)=O)cc4cccnc34)c2)cc1,4.162003263746954,pharmabench
CC(C)(CCc1nc2ccccc2[nH]1)C(=O)O,5.487173758361262,ncgc
CC(C)(CN1CCC(Oc2ncccc2F)CC1)N1CCOCC1,4.152542152003727,challenge
CC(C)(CNC(=O)N1CCOCC1)c1ccc2c(c1)OCCO2,4.698640435003727,challenge
CC(C)(CNC(=O)NC1CC(=O)N(C2CC2)C1)c1ccc2c(c1)OCCO2,3.7200096050037277,challenge
CC(C)(CNC(=O)c1ccc([N+](=O)[O-])c(Cl)c1)CNC(=O)c1ccc([N+](=O)[O-])c(Cl)c1,5.331238507999185,veith
CC(C)(CO)C(Cc1cccc(-c2cc(C(C)(C)S(C)(=O)=O)cc3cccnc23)c1)c1ccc(S(C)(=O)=O)cc1,5.162003263746954,pharmabench
CC(C)(CO)COC(=O)C(C)(C)CO,3.838176024530635,tox21
CC(C)(CO)Cc1cc(C(C)(C)C)c(O)c(C(C)(C)C)c1,7.389576026314955,ncgc
CC(C)(COC(=O)c1ccccc1)COC(=O)c1ccccc1,4.838529434479041,tox21
CC(C)(Cc1ccc(-c2cccc(-c3cc(C(C)(C)S(C)(=O)=O)cc4cccnc34)c2)cc1)C(=O)O,5.133974540146711,pharmabench
CC(C)(Cc1nc(-c2ccc(O)cn2)no1)C(=O)NC1=C(C(=O)O)CCCC1,3.7470299157761366,pharmabench
CC(C)(Cl)[N+](=O)[O-],3.886408846305094,tox21
CC(C)(N=C=O)c1cccc(C(C)(C)N=C=O)c1,4.091728413133446,tox21
CC(C)(NC(=O)C1CCN(c2ccc3nnnn3n2)CC1)c1cccs1,4.651935355003728,challenge
CC(C)(NC(=O)CC1CCC(F)(F)CC1)c1nc2ccccc2s1,5.665117610003728,challenge
CC(C)(NC(=O)Nc1c2c(nn1-c1ccccc1)CCC2)c1nccs1,4.1730872800037275,challenge
CC(C)(NC(=O)c1ccc2c(c1O)CCCC2)c1nnn[nH]1,4.692394450003728,challenge
CC(C)(NC(N)=O)c1cn(Cc2nc(-c3c(F)cccc3F)cs2)nn1,4.160295888003728,challenge
CC(C)(NCCCc1cc(-c2cccc(C(F)(F)F)c2)nc(C#N)n1)C(N)=O,3.7940264784523605,pharmabench
CC(C)(NCc1ccnc2[nH]ccc12)C(O)c1ccc(Br)cc1,4.940116185003728,challenge
CC(C)(O)C#Cc1ccc(C(=O)NCc2cccs2)s1,3.88123792116939,veith
CC(C)(O)C#N,4.036894920318026,tox21
CC(C)(O)C(=O)C(Cc1cccc(-c2cc(C(C)(C)S(C)(=O)=O)cc3cccnc23)c1)c1ccc(S(C)(=O)=O)cc1,4.781792022035348,pharmabench
CC(C)(O)C(=O)Nc1ccc([N+](=O)[O-])c(C(F)(F)F)c1,4.226994923851869,tox21
CC(C)(O)C(Cc1cccc(-c2cc(C(C)(C)S(C)(=O)=O)cc3cccnc23)c1)c1ccc(S(C)(=O)=O)cc1,4.531914548818748,pharmabench
CC(C)(O)C(F)(Cc1cccc(-c2cc(C(C)(C)S(C)(=O)=O)cc3cccnc23)c1)c1ccc(S(C)(=O)=O)cc1,4.675336691121061,pharmabench
CC(C)(O)CC(=O)N1CCC(c2ccc(NC(=O)N3Cc4ccccc4C3)cc2)CC1,4.413815236740754,pharmabench
CC(C)(O)CC(=O)N[C@@H]1CC[C@@]2(S(=O)(=O)c3ccc(F)cc3)c3ccc(C(F)(C(F)(F)F)C(F)(F)F)cc3CC[C@@H]12,4.258913276755011,pharmabench
CC(C)(O)CCCC1=CCC(C=O)CC1,3.860259492473177,tox21
CC(C)(O)c1ccc(-c2cccc(-c3cc(C(C)(C)S(C)(=O)=O)cc4cccnc34)c2)c[n+]1[O-],4.162003263746954,pharmabench
CC(C)(O)c1ccc(-c2cccc(-n3cc(C(=O)NC4CC4)c(=O)c4cccnc43)c2)c[n+]1[O-],3.5672425111604915,pharmabench
CC(C)(O)c1ccc(CNC(=O)c2cccnc2Oc2ccc(F)cc2)cc1,4.188530214047235,tox21
CC(C)(O)c1ccc(CNC(=O)c2cccnc2Oc2ccc3nonc3c2)cc1,4.3885311946544245,tox21
CC(C)(O)c1cnn2c(-c3ccc(F)c(-c4c(F)cccc4C#N)c3)cnc2n1,5.538537311396234,tox21
CC(C)(O)c1coc(S(=O)(=O)NC(=O)Nc2c3c(cc4c2CCC4)CCC3)c1,4.238530429764998,tox21
CC(C)(OO)c1ccccc1,3.9885299994982155,tox21
CC(C)(OOC(C)(C)c1ccccc1)c1ccccc1,4.14155924418555,tox21
CC(C)(Oc1ccc(-c2cccc3ccccc23)cc1)C(=O)O,5.684224832111824,ncgc;veith
CC(C)(Oc1ccc(C2CC2(Cl)Cl)cc1)C(=O)O,4.288530398353015,tox21
CC(C)(Oc1ccc(Cl)cc1)C(=O)Nc1cccnc1,4.131237783223632,veith
CC(C)(Oc1ccc(Cl)cc1)C(=O)Nc1ccncc1,5.581238740591187,veith
CC(C)(Oc1ccc(Cl)cc1)C(=O)O,3.1291087159385573,challenge;tox21
CC(C)(Oc1ccc(Cl)cc1)C(=O)OCCCOC(=O)C(C)(C)Oc1ccc(Cl)cc1,4.949691042568217,tox21
CC(C)(Oc1ccc([C@@H]2CC2(Cl)Cl)cc1)C(=O)O,3.7842205065326477,ncgc;veith
CC(C)(Sc1ccc(CCN(CCCCC2CCCCC2)C(=O)NC2CCCCC2)cc1)C(=O)O,3.787202796262461,ncgc
CC(C)(c1cc(-c2cccc(-c3ccc(C(=O)NC4CC4)[n+]([O-])c3)c2)c2ncccc2c1)S(C)(=O)=O,4.736034531474673,pharmabench
CC(C)(c1cc(-c2cccc(-c3ccc(C4CC4C(=O)O)cc3)c2)c2ncccc2c1)S(C)(=O)=O,4.948928438438103,pharmabench
CC(C)(c1cc(-c2cccc(-c3ccc(CCC(=O)O)cc3)c2)c2ncccc2c1)S(C)(=O)=O,4.346868447110141,pharmabench
CC(C)(c1cc(-c2cccc(-c3ccc(CS(C)(=O)=O)cc3)c2)c2ncccc2c1)S(C)(=O)=O,5.133974540146711,pharmabench
CC(C)(c1cc(-c2cccc(-c3ccc(S(C)(=O)=O)cc3)c2)c2ncccc2c1)S(C)(=O)=O,5.47477166268218,pharmabench
CC(C)(c1cc(-c2cccc(-c3cccc(CCC(=O)O)c3)c2)c2ncccc2c1)S(C)(=O)=O,4.480762026371367,pharmabench
CC(C)(c1cc(-c2cccc(-c3cccnc3)c2)c2ncccc2c1)S(C)(=O)=O,5.538753973349054,pharmabench
CC(C)(c1cc(-c2cccc(-c3ccncc3)c2)c2ncccc2c1)S(C)(=O)=O,6.29670183764441,pharmabench
CC(C)(c1cc(-c2cccc(-c3cnc4nc[nH]c4c3)c2)c2ncccc2c1)S(C)(=O)=O,4.87569652490368,pharmabench
CC(C)(c1cc(-c2cccc(CC(C(=O)c3ccc(F)cc3)c3ccc(S(C)(=O)=O)cc3)c2)c2ncccc2c1)S(C)(=O)=O,6.0370645271386545,pharmabench
CC(C)(c1cc(-c2cccc(CC(C(=O)c3cccnc3)c3ccc(S(C)(=O)=O)cc3)c2)c2ncccc2c1)S(C)(=O)=O,6.0370645271386545,pharmabench
CC(C)(c1cc(-c2cccc(CC(CO)c3ccc(S(C)(=O)=O)cc3)c2)c2ncccc2c1)S(C)(=O)=O,4.781792022035348,pharmabench
CC(C)(c1cc(-c2cccc(CC(F)(c3ccc(S(C)(=O)=O)cc3)C(O)(C3CC3)C3CC3)c2)c2ncccc2c1)S(C)(=O)=O,4.868272506824472,pharmabench
CC(C)(c1cc(-c2cccc(CC(F)(c3ccc(S(C)(=O)=O)cc3)S(=O)(=O)C3CC3)c2)c2ncccc2c1)S(C)(=O)=O,4.758310926185826,pharmabench
CC(C)(c1cc(-c2cccc(CC(F)(c3ccc(S(C)(=O)=O)cc3)S(C)(=O)=O)c2)c2ncccc2c1)S(C)(=O)=O,4.684882009027292,pharmabench
CC(C)(c1cc(Br)c(OCCO)c(Br)c1)c1cc(Br)c(OCCO)c(Br)c1,5.048133430117492,tox21
CC(C)(c1cc(Cl)c(O)c(Cl)c1)c1cc(Cl)c(O)c(Cl)c1,4.213352776711938,tox21
CC(C)(c1ccc(O)c(-c2ccccc2)c1)c1ccc(O)c(-c2ccccc2)c1,5.288526528653142,tox21
CC(C)(c1ccc(OCC2CO2)cc1)c1ccc(OCC2CO2)cc1,3.9357112992320626,tox21
CC(C)(c1ccccc1)c1ccc(Nc2ccc(C(C)(C)c3ccccc3)cc2)cc1,5.013708194906599,tox21
CC(C)(c1ccccc1)c1ccc(O)c(C(C)(C)c2ccccc2)c1,4.99048578053265,tox21
CC(C)(c1ccccc1)c1ccc(O)cc1,4.565308672291826,tox21
CC(C)(c1noc(C2(c3ccccc3)CC2)n1)S(C)(=O)=O,3.838267275003728,challenge
CC(C)=C1C(=O)C(c2ccccc2)=C2CN3C(=O)N(CCc4ccccc4)C(=O)[C@]3(C)[C@H]21,4.3842204094659465,ncgc;veith
CC(C)=C1C(=O)C(c2ccccc2)=C2CN3C(=O)N(CCc4ccccc4)C(=O)[C@]3(Cc3ccc(C(F)(F)F)cc3)[C@H]21,3.8842202108992034,ncgc;veith
CC(C)=C1C(=O)C(c2ccccc2)=C2CN3C(=O)N(CCc4ccccc4)C(=O)[C@]3(Cc3ccccc3)[C@H]21,4.284220827875583,ncgc;veith
CC(C)=CC(=O)Nc1nnc(C(C)C)s1,4.28123853814577,veith
CC(C)=CC1C(C(=O)OC(C#N)c2cccc(Oc3ccccc3)c2)C1(C)C,4.588528406643712,tox21
CC(C)=CC1C(C(=O)OCN2C(=O)C3=C(CCCC3)C2=O)C1(C)C,4.1441127941988345,tox21
CC(C)=CC1C(C(=O)OCc2cccc(Oc3ccccc3)c2)C1(C)C,5.094108794832669,tox21
CC(C)=CC1C(C(=O)OCc2coc(Cc3ccccc3)c2)C1(C)C,4.963354935304389,tox21
CC(C)=CCC/C(C)=C/C(=O)O,3.7885301040785704,tox21
CC(C)=CCC/C(C)=C/C=N/O,3.9885299994982155,tox21
CC(C)=CCC/C(C)=C/C=O,3.7885301040785704,tox21
CC(C)=CCC/C(C)=C/CC/C(C)=C/C(=O)OCC(=O)[C@@]1(O)CC[C@H]2[C@@H]3CCC4=CC(=O)C=C[C@]4(C)[C@H]3[C@@H](O)C[C@@]21C,5.049693557718132,tox21
CC(C)=CCC/C(C)=C/CC/C(C)=C/CC/C(C)=C/C[C@@H]1C(=O)c2ccccc2C(=O)[C@@H]1C,4.584219730527165,ncgc;veith
CC(C)=CCC/C(C)=C/CC/C(C)=C/CO,4.288530398353015,tox21
CC(C)=CCC/C(C)=C/CC/C(C)=C/CSc1ccccc1C(=O)O,4.184219245074232,ncgc;veith
CC(C)=CCC/C(C)=C/CO,4.069112901542113,tox21
CC(C)=CCC/C(C)=C/COc1c2ccoc2cc2oc(=O)ccc12,6.787516034986992,ncgc
CC(C)=CCC/C(C)=C\CO,4.088530344873387,tox21
CC(C)=CCC1=C(O)c2ccccc2C(=O)C1=O,4.290660086291924,tox21
CC(C)=CCC1=C(OCC(=O)O)C(=O)c2ccccc2C1=O,4.687200030977656,ncgc
CC(C)=CCC1C(=O)N(c2ccccc2)N(c2ccccc2)C1=O,4.099695361406635,tox21
CC(C)=CCCC(C)CC(=O)O,3.8385301209917824,tox21
CC(C)=CCCC(C)CCO,3.7885301040785704,tox21
CC(C)=CCCC(C)CCOC=O,3.7885301040785704,tox21
CC(C)=CCC[C@@](C)(O)[C@H]1CC=C(C)CC1,4.399695684644625,tox21
CC(C)=CCC[C@H](C)CCO,3.7356582082561207,tox21
CC(C)=CCC[C@](C)(O)[C@@H]1CC=C(C)CC1,4.138530880775606,tox21
CC(C)=CCOc1c2occc2cc2ccc(=O)oc12,5.849661966844502,tox21
CC(C)=CCOc1ccc(/C=C/C(=O)c2ccc(OCC=C(C)C)cc2OCC(=O)O)cc1,4.449695384640936,tox21
CC(C)=CCc1c(O)cc(O)c2c1O[C@H](c1ccccc1)CC2=O,4.787200049553703,ncgc
CC(C)=CCc1c2c(c3occ(-c4ccc(O)c(O)c4)c(=O)c3c1O)C=CC(C)(C)O2,4.784219133178269,ncgc;veith
CC(C)=C[C@@H]1[C@@H](C(=O)OCc2coc(Cc3ccccc3)c2)C1(C)C,5.069112208375255,tox21
CC(C)=C[C@H]1[C@@H](C(=O)OCc2cc3c(cc2Cl)OCO3)C1(C)C,4.784219133178269,ncgc;veith
CC(C)=NOCc1cccc(-c2cc(-c3ccccc3)no2)c1,4.6842193775900025,ncgc;veith
CC(C)Br,4.03746871468714,tox21
CC(C)C(=O)N1CCC(c2ccc(C(=O)NC(=N)N)cc2C(F)(F)F)CC1,4.492996482788379,pharmabench
CC(C)C(=O)N1CCN(c2ccccc2NC(=O)c2cccc(Cl)c2)CC1,4.131237783223632,veith
CC(C)C(=O)N1CC[C@H](N(Cc2ccccc2C(F)(F)F)c2ccc(C#N)c(Cl)c2)C1,5.480762026371368,pharmabench
CC(C)C(=O)NC(=S)Nc1ccccc1C(=O)Nc1ccccc1,4.4812387752551235,veith
CC(C)C(=O)NCCCc1ccccc1,4.531238789289352,veith
CC(C)C(=O)NCCc1nc2ccccc2n1CCCOc1ccc(Cl)cc1,4.7812382168028345,veith
CC(C)C(=O)Nc1cc2c(cc1C(=O)c1ccccc1)OCCO2,4.331238507999185,veith
CC(C)C(=O)Nc1ccc(C(=O)NNC(=O)CCCOc2ccc(Cl)cc2Cl)cc1,4.88123792116939,veith
CC(C)C(=O)Nc1ccc(Sc2ccc(F)cc2)cc1,4.131237783223632,veith
CC(C)C(=O)Nc1ccc([N+](=O)[O-])c(C(F)(F)F)c1,4.037866650004308,ncgc;tox21
CC(C)C(=O)Nc1cccc(C2CN3CCSC3=N2)c1,4.199695243524282,tox21
CC(C)C(=O)Nc1sc2c(c1-c1nc3ccccc3[nH]1)CCCC2,4.68123872420235,veith
CC(C)C(=O)OCCOc1ccccc1,4.038530441677591,tox21
CC(C)C(=O)OCCc1ccccc1,3.738530418642034,tox21
CC(C)C(=O)OCc1cccc(OC(=O)[C@@H]2N3C(=O)[C@@H](NC(=O)Cc4ccccc4)[C@H]3SC2(C)C)c1,4.5496968251554915,tox21
CC(C)C(=O)c1c(C(C)C)nn2ccccc12,5.487173758361262,ncgc
CC(C)C(C(=O)N1CCc2cnc(N)nc2C1)c1cccc(Cl)c1,4.228971210003728,challenge
CC(C)C(C(=O)O)N1C(=O)/C(=C/C=C/c2ccco2)SC1=S,4.4812387752551235,veith
CC(C)C(C)(C)C(C)(C)C(C)(C)S,4.138530880775606,tox21
CC(C)C(CCNC(=O)CC(Cc1ccccc1)c1ccco1)c1ccco1,4.831238989834795,veith
CC(C)C(NC(=O)OCc1ccccc1)C(=O)O,4.231237939860009,veith
CC(C)C(NC(=O)c1ccc(-c2cn[nH]c2)cn1)c1cnn(C)c1,5.697183942003727,challenge
CC(C)C(NS(=O)(=O)c1cccc2nsnc12)C(=O)N1CCc2ccccc2C1,4.731239014571102,veith
CC(C)C(NS(=O)(=O)c1cccs1)C(=O)Nc1nc(C(C)(C)C)cs1,4.981239042028786,veith
CC(C)C(Nc1ccc(C(F)(F)F)cc1Cl)C(=O)OC(C#N)c1cccc(Oc2ccccc2)c1,4.935000301780462,tox21
CC(C)C(O)(c1ccc(OC(F)(F)F)cc1)c1cncnc1,4.089948801934812,tox21
CC(C)C(O)C(C)(C)CO,3.9131355073475422,tox21
CC(C)C(OC(=O)c1ccccc1)C(C)(C)COC(=O)c1ccccc1,5.338526931519975,tox21
CC(C)C/C=C(\C=O)c1ccccc1,4.088530344873387,tox21
CC(C)C1(C(=O)N2CCN(c3ccc4nncn4n3)CC2)COC1,3.7654358480037278,challenge
CC(C)C1(c2ccccc2)CN(C(=O)C2CCN(S(N)(=O)=O)CC2)C1,3.8119755600037277,challenge
CC(C)C1=CC2=CC[C@@H]3[C@](C)(CCC[C@@]3(C)C(=O)[O-])[C@H]2CC1.[Na+],4.188530214047235,tox21
CC(C)C1=CC2=CC[C@H]3[C@@](C)(CCC[C@]3(C)C(=O)O)[C@@H]2CC1,4.187201534804045,ncgc
CC(C)C1=Nc2cccc3cccc(c23)N1.Cl,4.731239014571102,veith
CC(C)C1CCC(C(=O)N[C@H](Cc2ccccc2)C(=O)O)CC1,4.449695384640936,tox21
CC(C)C1CCC(Cc2ccc(Cl)cc2)C1(O)Cn1cncn1,5.7424233844296255,tox21
CC(C)C1NC(=S)N(Cc2ccccc2)C1=O,4.331238507999185,veith
CC(C)CC#N,4.2856098968705005,tox21
CC(C)CC(=O)C1C(=O)c2ccccc2C1=O,4.438530657642067,tox21
CC(C)CC(=O)N1CCC(N2CCN(c3ccccc3)CC2)CC1,4.131237783223632,veith
CC(C)CC(=O)N1CCN(Cc2cccc(F)c2)CC1,6.88123792116939,veith
CC(C)CC(=O)NC(Sc1ccc(Cl)cc1)C(Cl)(Cl)Cl,4.88123792116939,veith
CC(C)CC(=O)Nc1ccccc1-c1nnn(CC(=O)N2CCc3ccccc3C2)n1,4.581238740591187,veith
CC(C)CC(=O)O/N=C1\C(=O)N(c2ccccc2)c2ccccc21,4.4812387752551235,veith
CC(C)CC(C(=O)NCC1CCCO1)N(C(=O)Cn1nnc(-c2ccc(F)cc2)n1)c1cccc(C(F)(F)F)c1,4.381238666479966,veith
CC(C)CC(C(=O)NCC1CCCO1)N(C(=O)Cn1nnc(-c2ccc(F)cc2)n1)c1ccccc1F,4.231237939860009,veith
CC(C)CC(C(=O)OCC(=O)Nc1ncc(Cl)cc1Cl)N1C(=O)c2ccccc2C1=O,4.431238405874674,veith
CC(C)CC(C)(C)C,3.9910386379295737,tox21
CC(C)CC(C)(O)C#CC(C)(O)CC(C)C,4.142997458309028,tox21
CC(C)CC(C)(c1ccc(O)cc1)c1ccc(O)cc1,4.2628228214451,tox21
CC(C)CC(C)CC(C)CC(C)COC(=O)c1ccccc1C(=O)OCC(C)CC(C)CC(C)CC(C)C,3.8706790543351817,tox21
CC(C)CC(C)N(c1ccccc1)c1ccc(N)cc1,4.8885327127793925,tox21
CC(C)CC(C)O,4.188530214047235,tox21
CC(C)CC(CC(=O)[O-])C(=O)Nc1ccc2ncccc2c1,3.7225661270037276,challenge
CC(C)CC(c1nc(Cc2cncn2C)no1)N1CCCCC1=O,4.469144978003728,challenge
CC(C)CC(c1nnnn1C(C)C)N1CCN(c2ccccc2)CC1,4.981239042028786,veith
CC(C)CC1(CO)CCCN1C(=O)NCC(C)(C)c1cccs1,4.939769743003728,challenge
CC(C)CC1C(=O)NCCN1S(=O)(=O)c1c[nH]c2ncccc12,3.614555483003728,challenge
CC(C)CC1NC(=S)N(C2CCCCC2)C1=O,4.031238394064476,veith
CC(C)CC=O,3.9957846495909823,tox21
CC(C)CCCC(C)CC=O,3.8385301209917824,tox21
CC(C)CCCC(C)CCO,3.6885301032844655,tox21
CC(C)CCCCCCCOC(=O)c1ccc(C(=O)OCCCCCCCC(C)C)c(C(=O)OCCCCCCCC(C)C)c1,3.9950821570619617,tox21
CC(C)CCCCCCCOC(=O)c1ccccc1C(=O)OCCCCCCCC(C)C,4.0440199334661715,tox21
CC(C)CCCCCCCOP(=O)(Oc1ccccc1)Oc1ccccc1,4.886411912425424,tox21
CC(C)CCCCCCCOP(OCCCCCCCC(C)C)Oc1ccccc1,4.238530429764998,tox21
CC(C)CCCCCCOC(=O)c1ccc(C(=O)OCCCCCCC(C)C)c(C(=O)OCCCCCCC(C)C)c1,3.7885301040785704,tox21
CC(C)CCCCCCOC(=O)c1ccccc1C(=O)OCCCCCCC(C)C,4.0135303220382585,tox21
CC(C)CCCCCOC(=O)CCCCC(=O)OCCCCCC(C)C,4.038530441677591,tox21
CC(C)CCCCCOC(=O)CS,4.138530880775606,tox21
CC(C)CCCCCOC(=O)c1ccccc1C(=O)OCCCCCC(C)C,4.543513545033426,tox21
CC(C)CCCCOC(=O)c1ccccc1C(=O)OCCCCC(C)C,4.387468031870115,tox21
CC(C)CCN1C(=O)c2ccc(-c3nc4ccccc4c(=O)o3)cc2C1=O,4.7812382168028345,veith
CC(C)CCN1CCc2nc(COc3ccccc3)c3c(c2C1)COC(C)C3,4.487201289787428,ncgc
CC(C)CCNC(=O)C12CN(Cc3ccccc3)CC1C(c1cccc([N+](=O)[O-])c1)=NO2,4.531238789289352,veith
CC(C)CCNC(=O)CN(C(=O)Cn1nnc(-c2ccccc2F)n1)c1cccc2c1CCCC2,4.931238759019225,veith
CC(C)CCOc1ccc(S(=O)(=O)N2CC(=O)Nc3ccccc32)cc1,5.617345842003727,challenge
CC(C)CCc1ccc(NC(=O)N2Cc3cn[nH]c3CC(C)(C)C2)nc1,4.702331753003728,challenge
CC(C)CCn1c(N)c(C(=O)NCc2cccs2)c2nc3ccccc3nc21,4.28123853814577,veith
CC(C)CCn1c(Oc2ccccc2Cl)nc2c1c(=O)n(C)c(=O)n2C,5.28123853814577,veith
CC(C)CCn1ccc(NC(=O)NCC2CCC3(CCCC3)O2)n1,4.637005870003728,challenge
CC(C)CN(CC(C)C)C1=N/C(=C\c2ccco2)C(=O)N1c1ccccc1,4.68123872420235,veith
CC(C)CN(CC(C)C)S(=O)(=O)N1CCC(C(=O)NCc2ccc(F)cc2)CC1,4.231237939860009,veith
CC(C)CN(Cc1c(O)ccc2c3c(c(=O)oc12)CCC3)CC(C)C,3.8312389898347954,veith
CC(C)CN1CC2(CCN(C(=O)c3ccco3)CC2)C1,4.184219245074232,ncgc;veith
CC(C)CN1CCC(S(=O)(=O)c2ccc(CNC(=O)c3cc4ccncc4o3)cc2)CC1,6.059340921849807,pharmabench
CC(C)CN1CCC([S+]([O-])c2ccc(CNC(=O)c3cc4ccncc4o3)cc2)CC1,5.059340921849807,pharmabench
CC(C)CN1CCC2(CC1)CCN(C(=O)c1cc(C(F)(F)F)cc(C(F)(F)F)c1)CC2,4.184219245074232,ncgc;veith
CC(C)CN1CCCC2(CCN(C(=O)c3cc(C(F)(F)F)cc(C(F)(F)F)c3)CC2)C1,3.6872033036619767,ncgc
CC(C)CN1CCCC2(CCN(C(=O)c3ccco3)CC2)C1,3.6872033036619767,ncgc
CC(C)CN1CC[C@@]2(CCCN(C(=O)Oc3ccccc3)C2)C1,3.787202796262461,ncgc
CC(C)CNC(=O)c1ccc(COc2ccc(Cl)cc2Cl)o1,4.731239014571102,veith
CC(C)CNC(=S)NC1CC2CCCC(C1)N2Cc1ccco1,4.831238989834795,veith
CC(C)CNS(=O)(=O)c1cc(C(=O)N2CC(C)OC(C)C2)c(Cl)cc1Cl,3.88123792116939,veith
CC(C)CNc1cc(N2CCCC2)ccc1[N+](=O)[O-],4.731239014571102,veith
CC(C)CNc1ncnc2c1sc1nc(N3CCOCC3)c3c(c12)CC(C)(C)OC3,4.431238405874674,veith
CC(C)CO/N=C1/C[C@@H](O)[C@@H](O)[C@@H]2[C@@H]3C(=O)N(c4cccc(Oc5ccccc5)c4)C(=O)[C@H]3CC[C@@H]12,4.787200049553703,ncgc
CC(C)CO/N=C1/[C@H]2O[C@@H]2[C@@H](O)[C@H]2[C@H]1CCn1c(=O)n(-c3ccccc3)c(=O)n12,4.787200049553703,ncgc
CC(C)CO/N=C1/[C@H]2O[C@@H]2[C@@H](O)[C@H]2[C@H]1CCn1c(=O)n(Cc3cc4c(cc3Cl)OCO4)c(=O)n12,4.787200049553703,ncgc
CC(C)COC(=O)C(C)C,4.038175881812212,tox21
CC(C)COC(=O)CC(C(=O)OCC(C)C)S(=O)(=O)[O-].[Na+],4.138530880775606,tox21
CC(C)COC(=O)CCCCC(=O)OCC(C)C,4.188530214047235,tox21
CC(C)COC(=O)COc1cc(Cl)c(Cl)cc1Cl,4.139593757109527,tox21
CC(C)COC(=O)OCN1C(=O)CN(CCN2CC(=O)N(COC(=O)OCC(C)C)C(=O)C2)CC1=O,3.6872033036619767,ncgc
CC(C)COC(=O)c1ccc(N)cc1,4.449695384640936,tox21
CC(C)COC(=O)c1ccccc1C(=O)OCC(C)C,4.338353328317792,tox21
CC(C)COCC(CN(Cc1ccccc1)c1ccccc1)N1CCCC1,4.703617252641904,pharmabench
CC(C)COP(=O)(c1ccc(N(C)C)cc1)C(O)c1ccccc1F,4.181236955344418,veith
CC(C)CO[C@H](c1ccc2c(c1)OCO2)[C@H](C)Br,4.984216978540185,ncgc;veith
CC(C)COc1ccc(C(=O)Nc2scc(-c3ccc(Cl)cc3Cl)c2C(N)=O)cc1,5.031238394064476,veith
CC(C)COc1ccc(C2(C(=O)N3CCc4[nH]ncc4C3)CCC2)cc1,5.509886370003728,challenge
CC(C)COc1ccc(C2(c3noc(Cn4cnnn4)n3)CCCC2)cc1,5.478290500003728,challenge
CC(C)COc1ncc(-c2cn(C)c3cc(C(=O)NS(C)(=O)=O)ccc23)cc1Cl,4.342459328205086,pharmabench
CC(C)CP(=S)([S-])CC(C)C.[Na+],4.138530880775606,tox21
CC(C)CS(=O)(=O)N1CC[C@H](N(Cc2ccccc2C(F)(F)F)c2ccc(C#N)c(Cl)c2)C1,6.133974540146711,pharmabench
CC(C)C[C@@H](CC(=O)N[C@@H](CCC(=O)O)CC(=O)O)NC(=O)[C@@H]1CCCC[C@H]1NC(=O)C[C@@H](NC(=O)C[C@H](CO)NC(=O)[C@@H]1CCCC[C@H]1N)C(C)C,3.987203621488413,ncgc
CC(C)C[C@@H](CC(=O)N[C@@H](CCC(=O)O)CC(=O)O)NC(=O)[C@@H]1CCCC[C@H]1NC(=O)C[C@@H](NC(=O)C[C@H](CO)NC(=O)[C@@H]1CNCC[C@H]1N)C(C)C,3.787202796262461,ncgc
CC(C)C[C@@H](CC(=O)N[C@@H](CCC(=O)O)CC(=O)O)NC(=O)[C@@H]1CCCC[C@H]1NC(=O)C[C@H](CCCN)NC(=O)C[C@H](CO)NC(=O)[C@@H]1CCCC[C@H]1N,3.6872033036619767,ncgc
CC(C)C[C@@H](CC(=O)N[C@@H](CCC(=O)O)CC(=O)O)NC(=O)[C@@H]1CCCC[C@H]1NC(=O)C[C@H](CCCN)NC(=O)C[C@H](CO)NC(=O)[C@@H]1CNCC[C@H]1N,3.787202796262461,ncgc
CC(C)C[C@@H](CC(=O)N[C@@H](CCC(=O)O)CC(=O)O)NC(=O)[C@@H]1CNCC[C@H]1NC(=O)C[C@@H](NC(=O)C[C@H](CO)NC(=O)[C@@H]1CNCC[C@H]1N)C(C)C,4.487201289787428,ncgc
CC(C)C[C@@H](CC(=O)N[C@@H](CCC(=O)O)CC(=O)O)NC(=O)[C@@H]1CNCC[C@H]1NC(=O)C[C@H](CCCN)NC(=O)C[C@H](CO)NC(=O)[C@@H]1CNCC[C@H]1N,3.8872025006290167,ncgc
CC(C)C[C@@H](CC(=O)N[C@@H](CCCN)CC(=O)N[C@@H]1CCCC[C@H]1C(=O)N[C@H](CC(=O)N[C@@H](CCC(=O)O)CC(=O)O)CC(C)C)NC(=O)[C@@H]1CNCC[C@H]1N,3.6872033036619767,ncgc
CC(C)C[C@@H](CC(=O)N[C@@H](CCCN)CC(=O)N[C@@H]1CCCC[C@H]1C(=O)N[C@H](CC(=O)N[C@@H](CCC(=O)O)CC(=O)O)Cc1c[nH]c2ccccc12)NC(=O)[C@@H]1CCCC[C@H]1N,3.6872033036619767,ncgc
CC(C)C[C@@H](CC(=O)N[C@@H](CCCN)CC(=O)N[C@@H]1CCCC[C@H]1C(=O)N[C@H](CC(=O)N[C@@H](CCC(=O)O)CC(=O)O)Cc1ccccc1)NC(=O)[C@@H]1CCCC[C@H]1N,4.687200030977656,ncgc
CC(C)C[C@@H](CC(=O)N[C@@H](CCCN)CC(=O)N[C@@H]1CCNC[C@H]1C(=O)N[C@H](CC(=O)N[C@@H](CCC(=O)O)CC(=O)O)CC(C)C)NC(=O)[C@@H]1CCCC[C@H]1N,4.187201534804045,ncgc
CC(C)C[C@@H](CC(=O)N[C@@H](CCCN)CC(=O)N[C@@H]1CCNC[C@H]1C(=O)N[C@H](CC(=O)N[C@@H](CCC(=O)O)CC(=O)O)CC(C)C)NC(=O)[C@@H]1CNCC[C@H]1N,3.6872033036619767,ncgc
CC(C)C[C@@H](CC(=O)N[C@@H](CCCN)CC(=O)N[C@@H]1CCNC[C@H]1C(=O)N[C@H](CC(=O)N[C@@H](CCC(=O)O)CC(=O)O)Cc1c[nH]c2ccccc12)NC(=O)[C@@H]1CCCC[C@H]1N,3.787202796262461,ncgc
CC(C)C[C@@H](CC(=O)N[C@H](CC(=O)N[C@@H]1CCCC[C@H]1C(=O)N[C@H](CC(=O)N[C@@H](CCC(=O)O)CC(=O)O)CC(C)C)C(C)C)NC(=O)[C@@H]1CCCC[C@H]1N,3.6872033036619767,ncgc
CC(C)C[C@@H](CC(=O)N[C@H](CC(=O)N[C@@H]1CCCC[C@H]1C(=O)N[C@H](CC(=O)N[C@@H](CCC(=O)O)CC(=O)O)Cc1ccccc1)C(C)C)NC(=O)[C@@H]1CCCC[C@H]1N,3.6872033036619767,ncgc
CC(C)C[C@@H](CC(=O)N[C@H](CC(=O)N[C@@H]1CCCC[C@H]1C(=O)N[C@H](CC(=O)N[C@@H](CCC(=O)O)CC(=O)O)Cc1ccccc1)C(C)C)NC(=O)[C@@H]1CNCC[C@H]1N,3.787202796262461,ncgc
CC(C)C[C@@H](CC(=O)N[C@H](CC(=O)N[C@@H]1CCNC[C@H]1C(=O)N[C@H](CC(=O)N[C@@H](CCC(=O)O)CC(=O)O)CC(C)C)C(C)C)NC(=O)[C@@H]1CCCC[C@H]1N,3.6872033036619767,ncgc
CC(C)C[C@@H](CC(=O)N[C@H](CC(=O)N[C@@H]1CCNC[C@H]1C(=O)N[C@H](CC(=O)N[C@@H](CCC(=O)O)CC(=O)O)CC(C)C)C(C)C)NC(=O)[C@@H]1CNCC[C@H]1N,3.6872033036619767,ncgc
CC(C)C[C@@H](CC(=O)N[C@H](CC(=O)N[C@@H]1CCNC[C@H]1C(=O)N[C@H](CC(=O)N[C@@H](CCC(=O)O)CC(=O)O)Cc1c[nH]c2ccccc12)C(C)C)NC(=O)[C@@H]1CCCC[C@H]1N,3.8872025006290167,ncgc
CC(C)C[C@@H](NC(=O)OCC1c2ccccc2-c2ccccc21)C(=O)O,4.3842204094659465,ncgc;veith
CC(C)C[C@H](NC(=O)N1CCCCCC1)C(=O)N[C@H](Cc1cn(C)c2ccccc12)C(=O)N[C@H](Cc1ccccn1)C(=O)O,4.484220032521275,ncgc;veith
CC(C)C[C@H](NC(=O)[C@H](Cc1ccccc1)NC(=O)c1cnccn1)B(O)O,4.399695684644625,tox21
CC(C)C[C@H]1C(=O)N2CCC[C@@H]2[C@]2(O)O[C@](NC(=O)[C@@H]3C=C4c5cccc6[nH]c(Br)c(c56)C[C@H]4N(C)C3)(C(C)C)C(=O)N12,4.284220827875583,ncgc;veith
CC(C)C[C@H]1C(=O)N2CCC[C@@H]2[C@]2(O)O[C@](NC(=O)[C@H]3C=C4c5cccc6[nH]c(Br)c(c56)C[C@H]4N(C)C3)(C(C)C)C(=O)N12.CS(=O)(=O)O,4.137202763606322,ncgc
CC(C)C[C@H]1C(=O)N2CCC[C@@H]2[C@]2(O)O[C@](NC(=O)[C@H]3C=C4c5cccc6[nH]cc(c56)C[C@H]4N(C)C3)(C(C)C)C(=O)N12,4.187201534804045,ncgc
CC(C)C[C@H]1C(=O)N2CCC[C@H]2[C@]2(O)O[C@](NC(=O)[C@@H]3C=C4c5cccc6[nH]c(Br)c(c56)C[C@H]4N(C)C3)(C(C)C)C(=O)N12.CS(=O)(=O)O,4.759097683739452,tox21
CC(C)Cc1ccc(C(C)C(=O)O)cc1,4.081842003161234,tox21
CC(C)Cc1ccc(C(C)C(=O)OCc2ccccn2)cc1,4.855766258821562,challenge;tox21
CC(C)Cc1ccc(CC(=O)O)cc1,4.249695373334149,tox21
CC(C)Cc1ccc([C@H](C)C(=O)O)cc1,3.787202796262461,ncgc
CC(C)Cc1nc(N2CCN(C(=O)c3ccccc3)CC2)c(C#N)c2c1CCC2,4.731239014571102,veith
CC(C)Cc1nccs1,4.054725659351104,tox21
CC(C)Cc1nn(C)c(=O)c2c(SCCCO)n(Cc3cccc4ccccc34)cc12,4.9231211748318175,pharmabench
CC(C)Cn1c(-c2ccc(Cl)cc2)cnc1SCC(=O)N1CCOCC1,4.131237783223632,veith
CC(C)Cn1c(-c2csc3c2CCCC3)n[nH]c1=S,4.88123792116939,veith
CC(C)Cn1c(=O)n(C)c(=O)c2c(C(=O)N3CC[C@@H](O)C3)c(Cc3c[nH]c4ccccc34)sc21,5.191966487124398,pharmabench
CC(C)Cn1c(=O)n(C)c(=O)c2c(C(=O)N3CC[C@@H](O)C3)c(Cc3c[nH]c4ncccc34)sc21,3.7940264784523605,pharmabench
CC(C)Cn1c(=O)n(C)c(=O)c2c(C(=O)N3CC[C@@H](O)C3)c(Cc3cccc4ncccc34)sc21,4.559943272418992,pharmabench
CC(C)Cn1c(=O)n(C)c(=O)c2c(C(=O)N3CC[C@@H](O)C3)c(Cc3ccccc3C(F)(F)F)sc21,5.107645601424362,pharmabench
CC(C)Cn1c(=O)n(C)c(=O)c2c(C(=O)N3CC[C@@H](O)C3)c(Cc3ccnc4ccccc34)sc21,4.133974540146711,pharmabench
CC(C)Cn1c(=O)n(C)c(=O)c2c(C(=O)N3CC[C@@H](O)C3)c(Cc3cncc4ccccc34)sc21,4.224151170495799,pharmabench
CC(C)Cn1c(=O)n(C)c(=O)c2c(C(=O)N3C[C@H](O)CO3)c(Cc3c[nH]c4ncccc34)sc21,4.107645601424362,pharmabench
CC(C)Cn1c(=O)n(C)c(=O)c2c(C(=O)N3C[C@H](O)CO3)c(Cc3ccnc4ccccc34)sc21,4.224151170495799,pharmabench
CC(C)Cn1c(=O)n(C)c(=O)c2c(S(=O)(=O)N3CC[C@@H](O)C3)c(Cc3ccccc3C(F)(F)F)sc21,6.0370645271386545,pharmabench
CC(C)Cn1c(=O)n(C)c(=O)c2c(S(=O)(=O)[C@@H]3CC[C@H](O)C3)c(Cc3ccccc3C(F)(F)F)sc21,6.0370645271386545,pharmabench
CC(C)Cn1c(=O)n(C)c(=O)c2c(SCCCO)c(Cc3cccc4ccccc34)sc21,5.639124518466617,pharmabench
CC(C)Cn1c(=O)n(C)c(=O)c2c(S[C@@H]3CC[C@H](O)C3)c(Cc3ccccc3C(F)(F)F)sc21,6.0370645271386545,pharmabench
CC(C)Cn1c(N)c(C(=O)CSc2ccc3c(c2)OCCO3)c(=O)n(C)c1=O,4.731239014571102,veith
CC(C)Cn1c(SCc2nc3ccccc3c(=O)[nH]2)nc2ccccc2c1=O,4.981239042028786,veith
CC(C)Cn1cnc(S(=O)(=O)N2CC(=O)Nc3ccccc32)c1,4.1609763650037275,challenge
CC(C)Cn1cnc2c(SCc3ccc(Cl)cc3Cl)nc(N)nc21,4.387202152451927,ncgc
CC(C)Cn1ncc2cc(C(=O)NCC[C@H]3CCCC[C@H]3O)cnc21,4.702120372003728,challenge
CC(C)N(C(=O)CCl)c1ccccc1,3.8385301209917824,tox21
CC(C)N(C(=O)COc1nnc(C(F)(F)F)s1)c1ccc(F)cc1,4.088530344873387,tox21
CC(C)N(C(=O)CSc1nc2ccccc2n1-c1ccccc1)C(C)C,4.081239412948973,veith
CC(C)N(C(=O)SC/C(Cl)=C/Cl)C(C)C,4.2853514794481695,tox21
CC(C)N(C(=O)SCC(Cl)=C(Cl)Cl)C(C)C,4.138530880775606,tox21
CC(C)N(CCC(=O)c1ccc2ccccc2c1)Cc1ccccc1,4.184219245074232,ncgc;veith
CC(C)N(CCNC(=O)C1CCN(S(=O)(=O)N2CCOCC2)CC1)Cc1ccccc1,3.981239042028786,veith
CC(C)N(CCO)Cc1csc(-c2cn(CC3CCOCC3)c3c(Cl)cccc23)n1,4.890936491460416,pharmabench
CC(C)N(Cc1ccc(Cl)c(Cl)c1)CC1CNC1,3.82354677014235,pharmabench
CC(C)N(Cc1ccccc1)C(=O)C(C)(C)C,4.088530344873387,tox21
CC(C)N(Cc1ccccc1)S(=O)(=O)c1n[nH]c(C(C)(C)C)n1,4.6842193775900025,ncgc;veith
CC(C)N(Cc1nc2ccccc2c(=O)[nH]1)C(=O)Cc1cccc(C(F)(F)F)c1,5.033315338003728,challenge
CC(C)N1C(=O)N(c2ccccc2)CSC1=NC(C)(C)C,4.838529434479041,tox21
CC(C)N1C(=O)c2ccccc2NS1(=O)=O,4.38853096552155,tox21
CC(C)N1CCC(NS(=O)(=O)c2cnn3ncccc23)C1=O,3.7775100630037275,challenge
CC(C)N1CCCN(c2nccc(Oc3ccccc3)n2)CC1,4.061193560003728,challenge
CC(C)N=C(N)/N=C(\N)Nc1ccc(Cl)cc1.Cl,4.099695361406635,tox21
CC(C)N=C(NC#N)SCc1ccc(Br)cc1,4.68123872420235,veith
CC(C)N=c1scc(-c2ccco2)n1/N=C/c1ccc(O)c(O)c1,4.231237939860009,veith
CC(C)NC(=O)C(C)n1cccc1C(=O)c1ccccc1,4.181236955344418,veith
CC(C)NC(=O)CC(=O)N/N=C/c1ccc(Br)cc1,4.4812387752551235,veith
CC(C)NC(=O)CSc1nnc(C2CC2)n1-c1ccccc1,3.7812382168028345,veith
CC(C)NC(=O)N1CC(=O)N(c2cc(Cl)cc(Cl)c2)C1=O,5.563525138091922,tox21
CC(C)NC(=O)N1CCC2(CC1)CCN(C(=O)c1cc(C(F)(F)F)cc(C(F)(F)F)c1)CC2,4.187201534804045,ncgc
CC(C)NC(=O)N1CCCC2(CCN(C(=O)Oc3ccccc3)CC2)C1,4.187201534804045,ncgc
CC(C)NC(=O)N1CCN(c2ccncc2S(=O)(=O)N2CCOCC2)CC1,3.731239014571102,veith
CC(C)NC(=O)N1CC[C@@]2(CCCN(S(C)(=O)=O)C2)C1,3.8872025006290167,ncgc
CC(C)NC(=O)Nc1ccc(-c2cccc(-c3cc(C(C)(C)S(C)(=O)=O)cc4cccnc34)c2)c[n+]1[O-],5.162003263746954,pharmabench
CC(C)NC(=O)Nc1cccc(C(=O)NC(c2ccccc2)c2nnc[nH]2)c1,4.497818115003728,challenge
CC(C)NC(=O)c1ccc(Cl)c(NC(=O)c2cc3ncccn3n2)c1,4.537829718003728,challenge
CC(C)NCC(O)COc1cccc2ccccc12,2.8348373070037276,challenge
CC(C)NCC(O)c1ccc(O)c(O)c1.Cl,4.066201049620198,tox21
CC(C)NCCCC1(C(N)=O)c2ccccc2-c2ccccc21,4.249695373334149,tox21
CC(C)NCCCOc1ccc(Cl)cc1Br.O=C(O)C(=O)O,4.631238141608918,veith
CC(C)NC[C@@H](O)COc1ccc(CCOCC2CC2)cc1,5.484206266808193,ncgc;veith
CC(C)NC[C@@H](O)COc1cccc2[nH]ccc12,3.6872033036619767,ncgc
CC(C)NC[C@@H](O)COc1cccc2ccccc12,4.184219245074232,ncgc;veith
CC(C)NS(=O)(=O)Cc1ccc(CNC2CCC23CCC3)cc1,4.611032530003728,challenge
CC(C)NS(=O)(=O)c1ccc(NC(=S)NC(=O)c2ccc(-c3ccccc3)cc2)cc1,4.831238989834795,veith
CC(C)Nc1cc(N2CCCC2)ccc1[N+](=O)[O-],4.331238507999185,veith
CC(C)Nc1cc2c(cc1NS(=O)(=O)c1ccc(-c3ccc(Cl)cc3)cc1)CCN(C)CC2,4.107645601424362,pharmabench
CC(C)Nc1cccnc1N1CCN(C(=O)c2cc3cc(NS(C)(=O)=O)ccc3[nH]2)CC1,5.249702450799103,tox21
CC(C)Nc1nc(NC(C)(C)C)nc(Oc2ccc(=O)n(-c3ccccc3)n2)n1,3.981239042028786,veith
CC(C)Nc1nc(Oc2ccc(Cl)cc2)cc(C(F)(F)F)n1,4.081239412948973,veith
CC(C)OC(=O)/C(=C\C=C\c1ccccc1)NC(=O)c1ccccc1,4.831238989834795,veith
CC(C)OC(=O)/C(=C\c1ccc2c(c1)c1ccccc1n2C)NC(=O)c1ccccc1,4.4812387752551235,veith
CC(C)OC(=O)C(C#N)c1nc2ccccc2nc1N1CCN(Cc2ccccc2)CC1,4.831238989834795,veith
CC(C)OC(=O)C(C(=O)OC(C)C)=C1SC=CS1,4.149695764085624,tox21
CC(C)OC(=O)C(C)(C)Oc1ccc(C(=O)c2ccc(Cl)cc2)cc1,5.065172123733435,challenge;ncgc
CC(C)OC(=O)C(C)N(C(=O)c1ccccc1)c1ccc(F)c(Cl)c1,4.53853042990295,tox21
CC(C)OC(=O)C(O)(CC(=O)O)CC(=O)O,4.088530344873387,tox21
CC(C)OC(=O)C(O)(c1ccc(Cl)cc1)c1ccc(Cl)cc1,4.53853042990295,tox21
CC(C)OC(=O)C1=C2SCC(=O)N2C(N)=C(C#N)C1,4.331238507999185,veith
CC(C)OC(=O)CN1CCN(C2c3ccccc3-c3ccccc32)CC1,4.131237783223632,veith
CC(C)OC(=O)CSc1nc(-c2ccc(F)cc2)nc2ccc(F)cc12,7.031238394064476,veith
CC(C)OC(=O)NCCOC(=O)Nc1cccc(Cl)c1,3.981239042028786,veith
CC(C)OC(=O)c1cc(C(=O)OC(C)C)cc([N+](=O)[O-])c1,5.82802346578184,tox21
CC(C)OC(=O)c1cc2c(ccn2C)n1CC(=O)N1CCC(Cc2ccccc2)CC1,4.131237783223632,veith
CC(C)OC(=O)c1cc2ccccc2oc1=O,4.28123853814577,veith
CC(C)OC(=O)c1ccccc1C(=O)OC(C)C,4.038530441677591,tox21
CC(C)OC(=O)c1nnn(-c2nonc2N)c1CSc1ccccn1,5.081239412948973,veith
CC(C)OC(=O)c1sc2nc(-c3ccccc3)ccc2c1N,4.831238989834795,veith
CC(C)OC(=S)[S-].[Na+],4.138530880775606,tox21
CC(C)OC(c1cccc(C(F)(F)F)c1)c1nc(-n2ccc(NC(=O)c3cscn3)cc2=O)c[nH]1,5.191966487124398,pharmabench
CC(C)OCCCN1C(=O)c2ccccc2C1C(=O)NC1CCCCC1,4.431238405874674,veith
CC(C)OCCCN1CN(S(=O)(=O)c2cccc(Cl)c2)c2nc3ccccc3nc21,4.831238989834795,veith
CC(C)OP(=O)(OC(C)C)C(NC(=O)c1ccc(Br)cc1)c1ccccc1,4.28123853814577,veith
CC(C)OP(=S)(OC(C)C)SCCNS(=O)(=O)c1ccccc1,5.4385415900276115,tox21
CC(C)Oc1cc(-n2c(=S)[nH]c3ccccc3c2=O)c(Cl)cc1Cl,4.931238759019225,veith
CC(C)Oc1cc(-n2nc(C(C)(C)C)oc2=O)c(Cl)cc1Cl,4.241559067901825,tox21
CC(C)Oc1ccc(-c2nc(-c3cccc4c3OCCN(CCCC(=O)O)C4)no2)cc1Cl,3.9067307586436484,pharmabench
CC(C)Oc1ccc(C(=O)Nc2ccc(NC(=O)c3ccco3)c(Cl)c2)cc1,4.131237783223632,veith
CC(C)Oc1ccc(CNC(=O)CC(c2ccccc2)c2cc(Cl)ccc2O)cc1,4.931238759019225,veith
CC(C)Oc1ccc(COc2ccc3c(c2)c(Cl)c2n3CC[C@@H]2CC(=O)O)cc1C#N,4.408675597088343,pharmabench
CC(C)Oc1ccc(NC(=O)c2cccn3c(=O)[nH]nc23)c(Cl)c1,4.361947080003728,challenge
CC(C)Oc1ccc2c(=O)c3cc(C(=O)O)ccc3oc2c1,3.787202796262461,ncgc
CC(C)Oc1ccc2ccccc2c1C=O,4.28123853814577,veith
CC(C)Oc1cccc(C(=O)NC(=S)N2CCN(c3ccc(C(F)(F)F)cc3[N+](=O)[O-])CC2)c1,4.7812382168028345,veith
CC(C)Oc1cccc(C(=O)Nc2c[nH]nc2-c2ccccn2)n1,5.480493273003728,challenge
CC(C)Oc1cccc(CN(C)C(=O)c2ccnc(N3CCOCC3)n2)c1,4.6207874170037275,challenge
CC(C)Oc1cccc(NC(=O)c2ccccc2C(F)(F)F)c1,4.738528782693339,tox21
CC(C)S(=O)(=O)N1CC[C@H](N(Cc2ccccc2C(F)(F)F)c2ccc(C#N)c(Cl)c2)C1,5.890936491460416,pharmabench
CC(C)S(=O)(=O)c1ccccc1C(=O)Nc1ccc(-c2nc(-c3ccccc3)n[nH]2)cc1,5.225713437003727,challenge
CC(C)Sc1cc(N2CCCC2)nc(-c2ccc(F)cc2)n1,4.381238666479966,veith
CC(C)Sc1cc(N2CCOCC2)nc(-c2ccc(Cl)cc2)n1,4.231237939860009,veith
CC(C)[C@@H](C(=O)O[C@@H](C#N)c1cccc(Oc2ccccc2)c1)c1ccc(Cl)cc1,4.760186733412976,tox21
CC(C)[C@@H](CC(=O)N[C@@H]1CCCC[C@H]1C(=O)N[C@H](CC(=O)N[C@@H](CCC(=O)O)CC(=O)O)Cc1c[nH]c2ccccc12)NC(=O)C[C@H](CO)NC(=O)[C@@H]1CNCC[C@H]1N,3.787202796262461,ncgc
CC(C)[C@@H](CC(=O)N[C@@H]1CCCC[C@H]1C(=O)N[C@H](CC(=O)N[C@@H](CCC(=O)O)CC(=O)O)Cc1ccccc1)NC(=O)C[C@H](CO)NC(=O)[C@@H]1CCCC[C@H]1N,3.6872033036619767,ncgc
CC(C)[C@@H](CC(=O)N[C@@H]1CCCC[C@H]1C(=O)N[C@H](CC(=O)N[C@@H](CCC(=O)O)CC(=O)O)Cc1ccccc1)NC(=O)C[C@H](CO)NC(=O)[C@@H]1CNCC[C@H]1N,3.787202796262461,ncgc
CC(C)[C@@H](CC(=O)N[C@@H]1CCCC[C@H]1C(=O)N[C@H](CC(=O)N[C@@H](CCC(=O)O)CC(=O)O)Cc1ccccc1)NC(=O)C[C@H](Cc1ccccc1)NC(=O)[C@@H]1CNCC[C@H]1N,4.487201289787428,ncgc
CC(C)[C@@H](CC(=O)N[C@@H]1CCNC[C@H]1C(=O)N[C@H](CC(=O)N[C@@H](CCC(=O)O)CC(=O)O)Cc1c[nH]c2ccccc12)NC(=O)C[C@H](CO)NC(=O)[C@@H]1CNCC[C@H]1N,3.6872033036619767,ncgc
CC(C)[C@@H](CC(=O)N[C@@H]1CCNC[C@H]1C(=O)N[C@H](CC(=O)N[C@@H](CCC(=O)O)CC(=O)O)Cc1ccccc1)NC(=O)C[C@H](CO)NC(=O)[C@@H]1CNCC[C@H]1N,3.8872025006290167,ncgc
CC(C)[C@@H](Nc1ccc(C(F)(F)F)cc1Cl)C(=O)OC(C#N)c1cccc(Oc2ccccc2)c1,4.854720279904601,tox21
CC(C)[C@@H]1NC(=O)[C@H](CCCCN)NC(=O)[C@H](Cc2c[nH]c3ccccc23)NC(=O)[C@H](Cc2ccc(O)cc2)NC(=O)[C@H](C)N(C)C(=O)[C@H](Cc2ccccc2)NC1=O,3.8842202108992034,ncgc;veith
CC(C)[C@@H]1O[C@H](/C=C\c2ccccc2)OCC1(C)C,4.784219133178269,ncgc;veith
CC(C)[C@@H]1c2nn(-c3ccc(CO)c(S(C)(=O)=O)c3)cc2CN1c1ncc(CO)c(C(F)(F)F)n1,5.645247603525406,pharmabench
CC(C)[C@@H]1c2nn(-c3cccc(S(C)(=O)=O)c3)cc2CN1c1ccnc(C(F)(F)F)n1,5.0669502048535575,pharmabench
CC(C)[C@@H]1c2nn(-c3cccc(S(C)(=O)=O)c3)cc2CN1c1nccc(C(F)(F)F)n1,5.013812067504943,pharmabench
CC(C)[C@@]1(NC(=O)[C@@H]2C=C3c4cccc5[nH]cc(c45)C[C@@H]3N(C)C2)O[C@]2(O)[C@H]3CCCN3C(=O)[C@H](Cc3ccccc3)N2C1=O,4.287203117605396,ncgc
CC(C)[C@@]1(NC(=O)[C@@H]2C[C@@H]3c4cccc5[nH]cc(c45)C[C@H]3N(C)C2)O[C@@]2(O)[C@@H]3CCCN3C(=O)[C@H](Cc3ccccc3)N2C1=O,4.860973268082973,pharmabench
CC(C)[C@@]1(NC(=O)[C@@H]2C[C@H]3c4cccc5[nH]cc(c45)C[C@@H]3N(C)C2)O[C@@]2(O)[C@H]3CCCN3C(=O)[C@@H](Cc3ccccc3)N2C1=O,5.187211884060712,ncgc
CC(C)[C@@]1(NC(=O)[C@@H]2C[C@H]3c4cccc5[nH]cc(c45)C[C@@H]3N(C)C2)O[C@@]2(O)[C@H]3CCCN3C(=O)[C@H](Cc3ccccc3)N2C1=O,4.884219346423415,ncgc;veith
CC(C)[C@@]1(NC(=O)[C@@H]2C[C@H]3c4cccc5[nH]cc(c45)C[C@@H]3N(C)C2)O[C@@]2(O)[C@H]3CCCN3C(=O)[C@H](Cc3ccccc3)N2C1=O.CS(=O)(=O)O,4.484220032521275,ncgc;veith
CC(C)[C@@]1(NC(=O)[C@@H]2C[C@H]3c4cccc5[nH]cc(c45)C[C@@H]3N(C)C2)O[C@]2(O)[C@H]3CCCN3C(=O)CN2C1=O.CS(=O)(=O)O,4.487201289787428,ncgc
CC(C)[C@@]1(NC(=O)[C@@H]2C[C@H]3c4cccc5[nH]cc(c45)C[C@@H]3N(C)C2)O[C@]2(O)[C@H]3CCCN3C(=O)[C@H](Cc3ccccc3)N2C1=O.CS(=O)(=O)O,4.884219346423415,ncgc;veith
CC(C)[C@@]1(NC(=O)[C@H]2C[C@H]3c4cccc5[nH]cc(c45)C[C@@H]3N(C)C2)O[C@]2(O)[C@H]3CCCN3C(=O)[C@H](Cc3ccccc3)N2C1=O.CS(=O)(=O)O,4.88720077167744,ncgc
CC(C)[C@@]12CC[C@@]3(CC[C@H]4[C@@](C)(CCC[C@]4(C)C(=O)O)[C@@H]3C1)[C@@H](CN)C2,5.187211884060712,ncgc
CC(C)[C@H](C(=O)OC(C#N)c1cccc(Oc2ccccc2)c1)c1ccc(OC(F)F)cc1,4.938529421142464,tox21
CC(C)[C@H](C(=O)O[C@H](C#N)c1cccc(Oc2ccccc2)c1)c1ccc(Cl)cc1,4.88888718858188,tox21
CC(C)[C@H](CO)Nc1nc(Nc2cc(N)cc(Cl)c2)c2ncn(C(C)C)c2n1,3.9842213317585995,ncgc;veith
CC(C)[C@H](CO)Nc1nc(Nc2cccc(Cl)c2)c2ncn(C(C)C)c2n1,4.037202728056951,ncgc
CC(C)[C@H](N)c1nnc(SCc2ccc(Cl)cc2)o1.Cl,5.031238394064476,veith
CC(C)[C@H](NC(=O)OCc1ccccc1)C(=O)N[C@H](C=O)Cc1ccccc1,3.6872033036619767,ncgc
CC(C)[C@H]1C(=O)N2CCC[C@@H]2[C@]2(O)O[C@@](NC(=O)[C@H]3C=C4c5cccc6[nH]cc(c56)C[C@H]4N(C)C3)(C(C)C)C(=O)N12,3.8872025006290167,ncgc
CC(C)[C@]1(NC(=O)[C@H]2C=C3c4cccc5[nH]cc(c45)C[C@H]3N(C)C2)O[C@@]2(O)[C@H]3CCCN3C(=O)[C@H](Cc3ccccc3)N2C1=O,4.387202152451927,ncgc
CC(C)[N+](C)(CCC(C(N)=O)(c1ccccc1)c1ccccc1)C(C)C,4.04969579048559,tox21
CC(C)c1c(C(=O)Nc2ccccc2)c(-c2ccccc2)c(-c2ccc(F)cc2)n1CC[C@@H](O)C[C@@H](O)CC(=O)O,4.068047482536141,tox21
CC(C)c1c(C(=O)Nc2ccccc2)c(-c2ccccc2)c(-c2ccc(F)cc2)n1CC[C@@H](O)C[C@@H](O)CC(=O)[O-].CC(C)c1c(C(=O)Nc2ccccc2)c(-c2ccccc2)c(-c2ccc(F)cc2)n1CC[C@@H](O)C[C@@H](O)CC(=O)[O-].[Ca+2],4.1045575332943365,tox21
CC(C)c1c(CN(C)C(C)Cc2ccccc2)n(C)n(-c2ccccc2)c1=O,4.949691042568217,tox21
CC(C)c1c(CN(C)[C@@H](C)Cc2ccccc2)n(C)n(-c2ccccc2)c1=O,4.3842204094659465,ncgc;veith
CC(C)c1cc(Nc2ccc(Cl)cc2Cl)ncc1C(=O)NCC1CCOCC1,3.7360345314746737,pharmabench
CC(C)c1cc(Oc2c(Cl)cc(-n3nc(C#N)c(=O)[nH]c3=O)cc2Cl)n[nH]c1=O,3.9956718419804296,pharmabench
CC(C)c1ccc(-c2nn(-c3ccccc3)cc2C2C(C#N)=C(N)OC3=C2C(=O)CC(C)(C)C3)cc1,4.831238989834795,veith
CC(C)c1ccc(/C(C(=O)O)=C(\O)C(=O)O)cc1,4.784219133178269,ncgc;veith
CC(C)c1ccc(/C=N/NC(=O)CN(c2cccc(Cl)c2Cl)S(C)(=O)=O)cc1,4.331238507999185,veith
CC(C)c1ccc(C(=O)CC2(O)C(=O)N(CN3CCOCC3)c3ccccc32)cc1,4.181236955344418,veith
CC(C)c1ccc(C(CCO)Nc2ccn3ncc(Br)c3n2)cc1,5.380046788003727,challenge
CC(C)c1ccc(C(O)(C(=O)O)c2ccc(C(C)C)cc2)cc1,4.687200030977656,ncgc
CC(C)c1ccc(C(c2c(O)c3ccccc3oc2=O)c2c(O)c3ccccc3oc2=O)cc1,4.784219133178269,ncgc;veith
CC(C)c1ccc(CN(C(=O)C2COc3ccccc3O2)C2CCS(=O)(=O)C2)cc1,4.231237939860009,veith
CC(C)c1ccc(CNc2cc(N3CCCC3)ccc2[N+](=O)[O-])cc1,4.931238759019225,veith
CC(C)c1ccc(CO)cc1,4.038530441677591,tox21
CC(C)c1ccc(N(C(=O)C(F)(F)F)C(C(=O)NC2CCCCC2)c2ccncc2)cc1,4.931238759019225,veith
CC(C)c1ccc(N2C(=O)CC(Sc3nc4ccccc4o3)C2=O)cc1,4.931238759019225,veith
CC(C)c1ccc(N=c2c([N+](=O)[O-])nn(-c3ccc4c(c3)OCCO4)n2O)cc1,4.431238405874674,veith
CC(C)c1ccc(NC(=O)C(c2ccccc2)N2CCN(C=O)CC2)cc1,4.131237783223632,veith
CC(C)c1ccc(NC(=O)N(CCc2nc3ccccc3[nH]2)C2CCCC2)cc1,4.381238666479966,veith
CC(C)c1ccc(O)c(C(C)C)c1,4.188530214047235,tox21
CC(C)c1ccc(O)cc1,3.879186835675175,tox21
CC(C)c1ccc(OCC(=O)NCCc2ccnc(N)c2)cc1,4.353435570003728,challenge
CC(C)c1ccc(OCC(=O)Nc2ccc(OC3COC3)cc2)cc1,5.693059887003728,challenge
CC(C)c1ccc(OCc2ccc(C(=O)N3CCN(c4ccccn4)CC3)cc2)cc1,4.7812382168028345,veith
CC(C)c1ccc(OP(=O)(Oc2ccc(C(C)C)cc2)Oc2ccc(C(C)C)cc2)cc1,5.135357770678592,tox21
CC(C)c1ccc(S(=O)(=O)O)cc1,3.7885301040785704,tox21
CC(C)c1ccc2c(C(C)C)cc(C(C)C)c(S(=O)(=O)[O-])c2c1.[Na+],4.123859176269369,tox21
CC(C)c1ccc2c(c1)C(c1ccc(N3CCOCC3)cc1)=NNC(c1cccs1)=N2,4.131237783223632,veith
CC(C)c1ccc2c(c1)CC[C@@H]1[C@@](C)(CN)CCC[C@@]21C,4.087203992408599,ncgc
CC(C)c1ccc2c(c1)[C@@H](NC(=O)c1c[nH]c(C(=O)N3CCCC3)c1)CCC2,5.4660848200037275,challenge
CC(C)c1ccc2c(c1)[C@@H](NC(=O)c1c[nH]nc1C1CCCNC1)CCO2,4.5833665050037276,challenge
CC(C)c1ccc2c(c1)c(SC(C)(C)C)c(CC(C)(C)C(=O)O)n2Cc1ccc(Cl)cc1,4.187201534804045,ncgc
CC(C)c1ccc2c(c1)c(SC(C)(C)C)c(CC(C)(C)C(=O)[O-])n2Cc1ccc(Cl)cc1.[Na+],4.484220032521275,ncgc;veith
CC(C)c1ccc2nc3sc(C(=O)N4CCc5ccccc5C4)c(N)c3cc2c1,4.631238141608918,veith
CC(C)c1cccc(C(C)C)c1,3.8385301209917824,tox21
CC(C)c1cccc(C(C)C)c1N1C(=O)c2ccc(O)cc2C1=O,4.53853042990295,tox21
CC(C)c1cccc(C(C)C)c1NC(=O)[N-]S(=O)(=O)c1cc(C(C)(C)O)co1.[Na+],4.138530880775606,tox21
CC(C)c1cccc(C(C)C)c1O,4.088530344873387,tox21
CC(C)c1cccc(NC(=O)CN2CCC(c3ccn(C)n3)CC2)c1,5.401684545003728,challenge
CC(C)c1cccc2c([Si](C)(C)C)c3c(nc12)-c1cccc(=O)n1C3,4.984216978540185,ncgc;veith
CC(C)c1cccc2nc3c(c(C(C)(C)C)c12)Cn1c-3cccc1=O,4.284220827875583,ncgc;veith
CC(C)c1cccc2nc3c(c([Si](C)(C)C(C)(C)C)c12)Cn1c-3cccc1=O,3.6872033036619767,ncgc
CC(C)c1cccc2nc3c(c([Si](C)(C)C)c12)Cn1c-3cccc1=O,3.6872033036619767,ncgc
CC(C)c1ccccc1-n1c(SCC(=O)N2CCN(c3ccccc3)CC2)nnc1-c1cccnc1,4.231237939860009,veith
CC(C)c1ccccc1C(C)C,4.038175881812212,tox21
CC(C)c1nc(-c2nnc3n2CCN(C(=O)c2ccc(-c4cccs4)cc2)[C@@H]3C)co1,4.191966487124398,pharmabench
CC(C)c1nc(-c2nnc3n2CCN(C(=O)c2ccc(-c4cccs4)cc2)[C@@H]3C)cs1,4.736034531474673,pharmabench
CC(C)c1nc(CN(C)C(=O)N[C@@H](CCN2CCOCC2)C(=O)N[C@H](CCN(Cc2ccccc2)C(=O)OCc2cncs2)Cc2ccccc2)cs1,4.429609503923986,pharmabench
CC(C)c1nc(CN(C)C(=O)N[C@@H](Cc2c[nH]cn2)C(=O)N[C@@H](CC[C@@H](Cc2ccccc2)NC(=O)OCc2cncs2)Cc2ccccc2)cs1,4.665996664866918,pharmabench
CC(C)c1nc(CN(C)C(=O)N[C@@H](Cc2cn(C)cn2)C(=O)N[C@H](CC[C@H](Cc2ccccc2)NC(=O)OCc2cncs2)Cc2ccccc2)cs1,4.665996664866918,pharmabench
CC(C)c1nc(CN(C)C(=O)N[C@H](C(=O)N[C@@H](Cc2ccccc2)C[C@H](O)[C@H](Cc2ccccc2)NC(=O)OCc2cncs2)C(C)C)cs1,6.291836364515214,pharmabench;tox21
CC(C)c1nc2cccnc2n1-c1ccc(C[C@H](NC2=C(Br)C(=O)C23CCCCC3)C(=O)O)cc1,4.082822017699329,pharmabench
CC(C)c1nccn1Cc1cccc(NC(=O)NC2CC3CCCC(C2)N3C)c1,3.7319124580037277,challenge
CC(C)c1nn(C)cc1-c1noc(C2CC3C=CC2C3)n1,4.9712061320037275,challenge
CC(C)c1nnc(-c2ccc(Cl)cc2)c(N(C)C)n1,4.28123853814577,veith
CC(C)c1nnc(NC(=O)CCC(=O)N2CCN(c3ccccn3)CC2)s1,4.431238405874674,veith
CC(C)c1nnc(NC(=O)c2sc3ccccc3c2Cl)s1,4.181236955344418,veith
CC(C)c1nnc2ccc(-c3ocnc3-c3cc(F)ccc3F)cn12,4.8885327127793925,tox21
CC(C)c1noc(-c2nnc3n2CCN(C(=O)c2ccc(F)cc2)[C@@H]3C)n1,3.5319145488187487,pharmabench
CC(C)c1oncc1NC(=O)c1ccc2nnc(C(F)F)n2c1,3.994174403003728,challenge
CC(C)n1c(/C=C/C(O)CC(O)CC(=O)O)c(-c2ccc(F)cc2)c2ccccc21,5.736034531474673,pharmabench
CC(C)n1c(/C=C/[C@@H](O)C[C@@H](O)CC(=O)O)c(-c2ccc(F)cc2)c2ccccc21,5.088532786506383,tox21
CC(C)n1c(/C=C/[C@@H](O)C[C@@H](O)CC(=O)[O-])c(-c2ccc(F)cc2)c2ccccc21.[Na+],4.99969118878004,tox21
CC(C)n1c(/C=C\[C@@H](O)C[C@@H](O)CC(=O)[O-])c(-c2ccc(F)cc2)c2ccccc21.[Na+],5.484206266808193,ncgc;veith
CC(C)n1c(N2CCN(C(=O)Nc3ccccc3)CC2)nc2ccccc21,4.4812387752551235,veith
CC(C)n1c(O)c(/C=C2\C=Nc3ccccc32)sc1=Nc1ccccc1,4.88123792116939,veith
CC(C)n1cc(/C=C2/SC(=O)N(CC(=O)Nc3ccc4c(c3)OCO4)C2=O)c2ccccc21,4.68123872420235,veith
CC(C)n1cc(S(=O)(=O)c2ccc(CNC(=O)c3cc4ccncc4o3)cc2)cn1,6.492996482788379,pharmabench
CC(C)n1cc(S(=O)(=O)c2ccc(CNC(=O)c3cc4ccncc4o3)nc2)cn1,6.133974540146711,pharmabench
CC(C)n1ccc(CC(=O)N2CCCCC2CS(C)(=O)=O)n1,2.324801003003728,challenge
CC(C)n1cccc1C(=O)N1CCC(Cc2nnn[nH]2)CC1,3.654124673003728,challenge
CC(C)n1cnc(S(=O)(=O)N2CCOC(C3CCC3)C2)c1,3.613834993003728,challenge
CC(C)n1cnc2c(C(=O)N[C@H]3CN4CCC3CC4)cc(Cl)cc21,5.684224832111824,ncgc;veith
CC(C)n1nc(-c2cc3cc(O)ccc3[nH]2)c2c(N)ncnc21,5.149692953199974,tox21
CC(C)n1nccc1C(=O)NCC1CCOc2ccccc21,4.1674015570037275,challenge
CC(C)n1nnnc1-c1cccc(NC(=O)[C@H]2OCCO[C@H]2C)c1,4.358172748003728,challenge
CC(C)n1nnnc1SCC(=O)NCCc1ccccc1,4.081239412948973,veith
CC(C)n1nnnc1SCC(=O)c1ccc2c(c1)OCCO2,4.031238394064476,veith
CC(C/C=N/NC(=O)COc1cc(Cl)ccc1Cl)c1ccccc1,4.28123853814577,veith
CC(C1CC1)C(O)(Cn1cncn1)c1ccc(Cl)cc1,6.541021761417934,tox21
CC(C1Cc2ccccc2O1)N(C)C(=O)Nc1ccncc1,6.1005964020037275,challenge
CC(C1Cc2ccccc2O1)N(C)C(=O)c1ccc(F)c(S(N)(=O)=O)c1,4.462325437003727,challenge
CC(C=O)Cc1ccc(C(C)(C)C)cc1,3.888530401930029,tox21
CC(C=O)Cc1ccc2c(c1)OCO2,4.53853042990295,tox21
CC(C=O)c1ccccc1,4.088530344873387,tox21
CC(CC(=O)NC1=C(C(=O)O)CCCC1)c1csc(-c2ccc(O)cc2Cl)n1,4.630524346704699,pharmabench
CC(CC(=O)Nc1ccc(Cl)c([N+](=O)[O-])c1)c1ccccc1,4.131237783223632,veith
CC(CC(O)c1ccco1)Nc1ccn2ncc(Br)c2n1,4.459796502003727,challenge
CC(CC=O)CC(C)(C)C,3.8385301209917824,tox21
CC(CC=O)CCCC(C)(C)O,3.85957222223613,tox21
CC(CC=O)c1ccccc1,4.138530880775606,tox21
CC(CCC(=O)O)(c1cc(Br)c(O)c(Br)c1)c1cc(Br)c(O)c(Br)c1,4.784219133178269,ncgc;veith
CC(CCC(=O)O)(c1ccc(O)cc1)c1ccc(O)cc1,3.7858865249931144,tox21
CC(CCO)CCc1ccccc1,4.088530344873387,tox21
CC(CCc1ccc2c(c1)OCO2)NN.Cl,4.449695384640936,tox21
CC(CCc1ccccc1)NC(=O)/C=C/c1ccccc1,4.431238405874674,veith
CC(CCc1ccccc1)NC(=O)C(=O)NCCO,5.381238666479966,veith
CC(CCc1ccccc1)NS(=O)(=O)c1ccccc1,4.68123872420235,veith
CC(CCc1nc2ccccc2s1)(c1ccc(O)cc1)c1ccc(O)cc1,4.884219346423415,ncgc;veith
CC(CCl)OP(=O)(OC(C)CCl)OC(C)CCl,4.026262590584535,tox21
CC(CN(CCN(CC(C)OCCO)CC(C)OCCO)CC(C)OCCO)OCCO,4.573142030771121,tox21
CC(CN)CC(C)(C)CCN,3.97711730043915,tox21
CC(CN1C(=O)/C(=C/c2ccc(C#N)cc2)NC1=S)Cn1ccnc1,6.181236955344418,veith
CC(CN1CCN(c2ccccn2)CC1)NC(=O)c1c[nH]c2cccnc12,4.468207203003728,challenge
CC(CN1CCOCC1)NC(=O)c1cccnc1C(F)(F)F,3.265350053003728,challenge
CC(CN1c2ccccc2Sc2ccccc21)N(C)C.Cl,3.9898092633738678,tox21
CC(CO)(CO)N=Cc1cc(I)cc(I)c1O,4.487201289787428,ncgc
CC(CO)Nc1nc(SCc2ccccc2)nc2sc3c(c12)CCC3,4.631238141608918,veith
CC(COC(=O)c1ccccc1)OC(=O)c1ccccc1,4.438530657642067,tox21
CC(COCC(C)OC(=O)c1ccccc1)OC(=O)c1ccccc1,4.865129651662213,tox21
CC(COc1ccc(Oc2ccccc2)cc1)Oc1ccccn1,4.638529123679475,tox21
CC(COc1ccccc1)N(CCCl)Cc1ccccc1,4.499695145639398,tox21
CC(COc1ccccc1)N(CCCl)Cc1ccccc1.Cl,4.311237439094125,tox21
CC(COc1ccccc1)NC(C)C(O)c1ccc(O)cc1.Cl,4.449695384640936,tox21
CC(Cc1ccc(C(C)(C)C)cc1)CN1C[C@@H](C)O[C@@H](C)C1,4.038530441677591,tox21
CC(Cc1ccc(O)cc1)NC(=O)N1CCc2cc(Cl)ccc2C1,5.5658787100037275,challenge
CC(Cc1ccc2c(c1)OCO2)NO.Cl,4.053407966507951,tox21
CC(Cc1cccc(C(F)(F)F)c1)NCCOC(=O)c1ccccc1.Cl,4.199695243524282,tox21
CC(Cc1ccccc1)(NC(=O)CN)c1ccccc1.Cl,4.299695587281478,tox21
CC(Cc1cccnc1)NC(=O)c1ccnc(N2CCOCC2)n1,4.174445888003728,challenge
CC(Cc1ccn(-c2ccc(O)cn2)n1)C(=O)NC1=C(C(=O)O)CC(c2cc(F)cc(F)c2)CC1,3.976366686785043,pharmabench
CC(Cc1ccncc1)NC(=O)N1CC2(CCC2)C1C1CCOCC1,4.386957620003727,challenge
CC(Cc1cn(C)c2ccc(F)cc12)Nc1ncnc2c1ncn2C,4.574071600003728,challenge
CC(Cc1nc(-c2ccc(S(C)(=O)=O)cc2)no1)C(F)(F)F,4.1110643970037275,challenge
CC(Cl)(Cl)C(=O)O,3.8385301209917824,tox21
CC(Cl)C(Cl)Cl,4.095305943010876,tox21
CC(Cl)COP(=O)(OCC(C)Cl)OCC(C)Cl,4.041016121762233,tox21
CC(F)(F)c1ccccc1NC(=O)NC(C)(C)c1nc2ccccc2s1,5.563282045003728,challenge
CC(N)C(=O)OC(C)(C)Cc1ccc(Cl)cc1,4.449695384640936,tox21
CC(N=C(NC#N)Nc1ccncc1)C(C)(C)C.O,4.499695145639398,tox21
CC(NC(=O)C1(C)CC1(Br)Br)C(C)(C)C,3.7812382168028345,veith
CC(NC(=O)C1CCCC1)C(=O)N1CCC(C(F)(F)F)C2(CCOCC2)C1,2.5296922980037277,challenge
CC(NC(=O)C1CCCN1C(=O)c1ccc2ccccc2c1O)c1cnn(C)c1,4.7950759020037275,challenge
CC(NC(=O)CCSc1nc(-c2ccc3c(c2)OCO3)cc(C(F)(F)F)n1)c1ccccc1,4.981239042028786,veith
CC(NC(=O)Cc1ccc(F)cc1)c1ccccc1,4.28123853814577,veith
CC(NC(=O)Cc1ccc2[nH]ncc2c1)c1cc2cc(F)ccc2o1,6.112180515003728,challenge
CC(NC(=O)Cn1cnc([N+](=O)[O-])n1)c1ccccc1,3.731239014571102,veith
CC(NC(=O)N1CCC(Cc2ccccc2)CC1)c1cn[nH]c1,5.155332777003728,challenge
CC(NC(=O)N1CCC[C@H]1CN1CCOCC1)c1nc(Cc2ccccc2)no1,3.8661796400037276,challenge
CC(NC(=O)NC1CC(=O)N(C2CC2)C1)c1cccc2ccccc12,4.343539390003728,challenge
CC(NC(=O)[C@H]1CCN[C@@H](C)C1)c1cccc2ccccc12,3.4017345450037277,challenge
CC(NC(=O)c1ccc(-c2cn[nH]c2)cc1)(C(N)=O)c1ccccc1,5.811044720003728,challenge
CC(NC(=O)c1ccc(CN2CCCC2=O)cc1)c1ccc(NC(=O)c2ccc(F)cc2)cc1,5.211141053003728,challenge
CC(NC(=O)c1ccc(Cn2cc([N+](=O)[O-])cn2)o1)c1ccccc1,4.4812387752551235,veith
CC(NC(=O)c1ccc(N2CCCC2=O)cc1)c1ccccc1,4.081239412948973,veith
CC(NC(=O)c1cccc(F)c1CNC(=O)OC(C)(C)C)c1cccc(OC(F)F)c1,5.1553869200037274,challenge
CC(NC(=O)c1ccccc1)c1nc2ccccc2n1Cc1ccccc1F,4.531238789289352,veith
CC(NC(=O)c1cccn2cnnc12)c1cccc(OC(F)F)c1,4.658822490003728,challenge
CC(NC1CCCC1)C(=O)Nc1ccccc1-c1ccccc1,4.131237783223632,veith
CC(NCCC(c1ccccc1)c1ccccc1)c1ccccc1.Cl,4.449695384640936,tox21
CC(NS(=O)(=O)c1cccc(-c2ccccc2)c1)C(=O)O,4.455477128003728,challenge
CC(N[NH3+])c1ccccc1.O=S(=O)([O-])O,4.560929621327653,tox21
CC(O)(CNC(=O)Nc1cnc2c(c1)COCC2)c1cccc(Cl)c1,4.137838903003727,challenge
CC(O)(CS(=O)(=O)Cc1ccc(Cl)cc1)C(=O)Nc1cccc(C(F)(F)F)c1,4.331238507999185,veith
CC(O)(CS(=O)(=O)c1ccc(F)cc1)C(=O)Nc1ccc(C#N)c(C(F)(F)F)c1,4.822344766415805,tox21
CC(O)(CS(=O)(=O)c1cccc(C(F)(F)F)c1)C(=O)Nc1ccc(C(F)(F)F)cc1,4.231237939860009,veith
CC(O)(CS(=O)(=O)c1ccccc1)C(=O)Nc1cccc(C(F)(F)F)c1,3.731239014571102,veith
CC(O)(c1ccc(Cl)cc1)c1ccc(Cl)cc1,4.738528782693339,tox21
CC(O)(c1cccc(C(F)(F)F)c1)c1nc(-n2ccc(NC(=O)c3cscn3)cc2=O)c[nH]1,4.860973268082973,pharmabench
CC(O)C(=O)O,2.1100438770037275,challenge
CC(O)C1(CNS(=O)(=O)C(F)(F)F)CCN(S(=O)(=O)c2ccc(Cl)cc2S(=O)(=O)c2ccccc2F)CC1,5.338094522802636,pharmabench
CC(O)CCO,4.138530880775606,tox21
CC(O)CN1CCN(CC(=O)[O-])CCN(CC(=O)[O-])CCN(CC(=O)[O-])CC1.[Gd+3],4.649695361961072,tox21
CC(O)CNCC(C)O,4.035704196799243,tox21
CC(O)CO,5.135888418638285,tox21
CC(O)Cc1cn(C2CCC(NC(=O)c3cnn(C)c3Cc3ccccc3)CC2)nn1,3.019224770003728,challenge
CC(O)c1cn(CC(=O)NCC2(N3CCOCC3)CCCCC2)nn1,2.6047261400037276,challenge
CC(Oc1c(Cl)cccc1Cl)C1=NCCN1,4.199695243524282,tox21
CC(Oc1cc(Cl)c(Cl)cc1Cl)C(=O)O,4.187467970986238,tox21
CC(Oc1cc(Cl)ccc1Cl)C(=O)O,3.7885301040785704,tox21
CC(Oc1ccc(-c2ccccc2)c(F)c1)c1ccn(S(=O)(=O)c2ccc(Cl)cc2)n1,4.431238405874674,veith
CC(Oc1ccc(Cl)cc1)C(=O)/C=C/N(C)C,4.181236955344418,veith
CC(Oc1ccc(Cl)cc1)c1ccnn1S(=O)(=O)c1ccccc1,4.381238666479966,veith
CC(Oc1ccc(Cl)cc1Cl)C(=O)/C=C/N(C)C,4.181236955344418,veith
CC(Oc1ccc(Cl)cc1Cl)C(=O)O,4.012822509853651,tox21
CC(Oc1ccc(Oc2ncc(C(F)(F)F)cc2Cl)cc1)C(=O)O,4.038530441677591,tox21
CC(Oc1ccccc1)C(=O)Nc1nc2c(s1)C(=O)CC(C)(C)C2,4.4812387752551235,veith
CC(Oc1ccccc1)c1ccnn1S(=O)(=O)c1ccccc1,4.631238141608918,veith
CC(Oc1ccccc1)c1nc(-c2ccccc2OC(F)(F)F)no1,5.491822847003728,challenge
CC(Sc1ccc2c(c1)OCCO2)C(=O)Nc1ncc(Cl)cc1Cl,4.68123872420235,veith
CC(Sc1nc(-c2ccccc2)cc(C(F)(F)F)n1)C(=O)N1CCCCC1,4.331238507999185,veith
CC(Sc1nc(NCc2ccccc2)nc(N(C)C)n1)C(=O)Nc1ccccc1,5.531238789289352,veith
CC(Sc1ncnc2ccccc12)C(=O)Nc1ccc2c(c1)OCO2,4.981239042028786,veith
CC(Sc1nnc(-c2c[nH]c3ccccc23)o1)C(=O)NCC(F)(F)F,6.353453120003728,challenge
CC(c1cc(C(C)(C)C)cc(C(C)(C)C)c1O)c1cc(C(C)(C)C)cc(C(C)(C)C)c1O,4.3885311946544245,tox21
CC(c1cc2ccccc2s1)N(O)C(N)=O,3.8385301209917824,tox21
CC(c1ccc(Cl)cc1)n1c(-c2ccc3ccccc3n2)n[nH]c1=S,4.88123792116939,veith
CC(c1ccc(F)cc1)n1c(-c2ccc3ccccc3n2)n[nH]c1=S,4.731239014571102,veith
CC(c1ccc(O)cc1)(c1ccc(O)cc1)c1ccc(O)cc1,4.688532047345478,tox21
CC(c1cccc(C#N)c1)N1CCN(C(=O)NC2CCCCC2)CC1,4.0799996420037274,challenge
CC(c1cccc(C(F)(F)F)c1)n1cnc(-n2ccc(NC(=O)c3cscn3)cc2=O)c1,5.015875228068716,pharmabench
CC(c1ccccc1)(c1ccc(O)cc1)c1ccc(O)cc1,4.788529492223417,tox21
CC(c1ccccc1)N1CC(C(=O)NS(=O)(=O)c2ccc3c(c2)CCCC3)CC1=O,4.127431312003727,challenge
CC(c1ncccn1)N1CCN(Cc2cnn(-c3ccccc3)c2)CC1,3.7915746200037277,challenge
CC(c1nnnn1C1CC1)N1CCCC(Nc2ccccc2)C1,4.539779715003728,challenge
CC/C(=C(/CC)c1ccc(O)cc1)c1ccc(O)cc1,4.9632562252984895,challenge;tox21
CC/C(=C(/c1ccc(/C=C/C(=O)O)cc1)c1ccc2[nH]ncc2c1)c1ccc(F)cc1Cl,4.995671841980429,pharmabench
CC/C(=C(/c1ccc(O)cc1)c1ccc(OCCN(C)C)cc1)c1ccccc1,3.9690374747308512,tox21
CC/C(=C(\CC)c1ccc(O)cc1)c1ccc(O)cc1,4.184219245074232,ncgc;veith
CC/C(=C(\c1ccc(O)cc1)c1ccc(OCCN(C)C)cc1)c1ccccc1,3.787283098831022,tox21
CC/C(=C(\c1ccccc1)c1ccc(OCCN(C)C)cc1)c1ccccc1,3.7885301040785704,tox21
CC/C(=C(\c1ccccc1)c1ccc(OCCN(C)C)cc1)c1ccccc1.O=C(O)CC(O)(CC(=O)O)C(=O)O,3.8110071255758724,ncgc;tox21
CC/C(=N/Nc1ccccc1)c1cnnc(SC)n1,5.331238507999185,veith
CC/C(=N\OC/C=C/Cl)C1=C(O)CC(C2CCOCC2)CC1=O,4.138884426974148,tox21
CC/C(C)=N\O[Si](C)(O/N=C(\C)CC)O/N=C(\C)CC,3.882542116949531,tox21
CC/C=C(\C(=O)N[C@@H]1C(=O)N2C(C(=O)OCOC(=O)C(C)(C)C)=C(COC(N)=O)CS[C@H]12)c1csc(N)n1.Cl,4.499696104898214,tox21
CC/C=C\C/C=C\C/C=C\CCCCCCCC(=O)O,3.9654863117197685,tox21
CC/C=C\C/C=C\C/C=C\CCCCCCCC(=O)OC,4.188530214047235,tox21
CC/C=C\C/C=C\C/C=C\CCCCCCCC(=O)OCC,4.028356496226678,tox21
CC/C=C\CC/C=C/C(OCC)OCC,4.038530441677591,tox21
CC/C=C\CCOC(=O)C(C)C,3.888530401930029,tox21
CC/C=C\CC[C@H](OC(=O)c1ccc(Br)cc1)C1=CCCCC1=O,4.787200049553703,ncgc
CC1(C(=O)Nc2ccc(O)c(Cl)c2Cl)CCCCC1,4.238530429764998,tox21
CC1(C)C(/C=C(\Cl)C(F)(F)F)C1C(=O)OC(C#N)c1cccc(Oc2ccccc2)c1,4.7314915560423945,tox21
CC1(C)C(=O)C(c2ccccc2)=C2CN3C(=O)N(CCc4ccccc4)C(=O)C3(Cc3ccc(F)cc3)C=C21,4.284220827875583,ncgc;veith
CC1(C)C(=O)C(c2ccccc2)=C2CN3C(=O)N(CCc4ccccc4)C(=O)C3(Cc3ccccc3)C=C21,4.184219245074232,ncgc;veith
CC1(C)C(=O)N(Br)C(=O)N1Cl,3.8385301209917824,tox21
CC1(C)C(=O)N(CCN2CCC(C(=O)c3ccc(F)cc3)CC2)c2ccccc21,5.087201252198795,ncgc
CC1(C)C(=O)N(Cl)C(=O)N1Br,3.7885301040785704,tox21
CC1(C)C(=O)NC2=C1C(=O)C(=O)c1ccccc12,3.8872025006290167,ncgc
CC1(C)C(=O)Nc2cc(C(=O)NC3CCCc4c(O)cccc43)ccc21,4.801960850003728,challenge
CC1(C)C(=O)Nc2ccc(C(=O)N3CCOC(c4cccs4)C3)cc21,4.941546918003728,challenge
CC1(C)C(C(=O)OC(C#N)c2cccc(Oc3ccccc3)c2)C1(C)C,4.61194229284479,tox21
CC1(C)C(C=C(Cl)Cl)C1C(=O)OC(C#N)c1ccc(F)c(Oc2ccccc2)c1,5.088532786506383,tox21
CC1(C)C(C=C(Cl)Cl)C1C(=O)OC(C#N)c1cccc(Oc2ccccc2)c1,4.694113129817266,tox21
CC1(C)C(C=C(Cl)Cl)C1C(=O)OCc1cccc(Oc2ccccc2)c1,4.664951657233353,tox21
CC1(C)C2=CCCC(C)(C)[C@]23CC[C@H]1C3,4.038530441677591,tox21
CC1(C)CC(=O)C(C(C#Cc2ccccc2)C2=C(O)CC(C)(C)CC2=O)=C(O)C1,4.081239412948973,veith
CC1(C)CC(=O)C(C(c2ccccc2F)C2C(=O)CC(C)(C)CC2=O)C(=O)C1,4.831238989834795,veith
CC1(C)CC(=O)C(CCCN2C(=O)c3ccccc3C2=O)C(=O)C1,4.031238394064476,veith
CC1(C)CC(=O)C([C@H]2C3=C(CC(C)(C)CC3=O)Oc3ccccc32)C(=O)C1,4.184219245074232,ncgc;veith
CC1(C)CC(=O)C2=C(C1)NC(=O)C21C(C(=O)OC(C)(C)C)=C(N)Oc2ccc(Br)cc21,4.531238789289352,veith
CC1(C)CC(=O)C2=C(C1)Nc1cc3c(cc1C2c1ccc(F)cc1)OCO3,4.631238141608918,veith
CC1(C)CC(=O)C2=C(C1)Oc1nc3ccccc3cc1C2C(C#N)C#N,4.731239014571102,veith
CC1(C)CC(=O)c2c(Cc3ccccc3)n[nH]c2C1,4.131237783223632,veith
CC1(C)CC(C)(C(=O)NCc2ccccc2N2CCCC2)CN1,3.6651286880037275,challenge
CC1(C)CC(NC(=O)CCn2cnc3ccccc3c2=O)c2ccc(F)cc2O1,4.541609525003728,challenge
CC1(C)CC(NC(=O)c2ccc3c(c2)OCO3)CC(C)(C)N1,4.331238507999185,veith
CC1(C)CC(NC(=O)c2ncoc2-c2ccc3c(c2)OCCO3)c2ccc(F)cc2O1,5.558221168003728,challenge
CC1(C)CC(Nc2ncnc3c2oc2ccccc23)CCS1(=O)=O,3.9513360420037276,challenge
CC1(C)CC(c2ccccc2)CN1C(=O)c1cn[nH]c(=O)c1,3.8576899370037276,challenge
CC1(C)CC(c2ccccc2)CN1C(=O)c1nnc(C2CC2)o1,5.165006490003727,challenge
CC1(C)CC/C(=C/c2ccc(Cl)cc2)C1(O)Cn1cncn1,5.791045369800857,tox21
CC1(C)CC1C(=O)NCc1cccc(NS(=O)(=O)C2CC2)c1,4.126344150003728,challenge
CC1(C)CC2(CC(c3cccs3)c3cc(Cl)c(O)cc3O2)NC(=S)N1,5.28123853814577,veith
CC1(C)CCC(C)(C)c2c1cc(C(=O)Nc1cc(F)c(C(=O)O)c(F)c1)c(O)c2Cl,3.9401545141305987,pharmabench
CC1(C)CCC(C)(C)c2cc(C(=O)Nc3ccc(C(=O)O)cc3)ccc21,4.087203992408599,ncgc
CC1(C)CCC(CCNC(=O)c2csc3cncn23)OC1,5.218507295003728,challenge
CC1(C)CCC(Cc2ccc(Cl)cc2)C1(O)Cn1cncn1,6.388514144059636,tox21
CC1(C)CCC2=C(O1)c1ccccc1C(=O)C2=O,3.7842205065326477,ncgc;veith
CC1(C)CCC[C@@]2(C)[C@@H]1CC[C@]1(C)OC(=O)C[C@@H]21,3.6872033036619767,ncgc
CC1(C)CCC[C@]2(C)[C@H]3CC(=O)O[C@]3(C)CC[C@@H]12,4.038530441677591,tox21
CC1(C)CN(C(=O)CCc2ccc(C#N)cc2)c2ccccc2O1,4.7845676850037275,challenge
CC1(C)CN(C(=O)NCCCc2cccc(Cl)c2)CCS1(=O)=O,3.9104330750037275,challenge
CC1(C)CN(C(=O)c2cc(-c3ccccc3)ccn2)[C@@H]2COC[C@H]2O1,3.845194338003728,challenge
CC1(C)CN(C(CNC(=O)c2cnn3cccnc23)c2ccc(Cl)cc2)CCO1,5.843404918003728,challenge
CC1(C)CN(S(=O)(=O)CCC2CCCC2)C1c1ccncc1,5.326777680003728,challenge
CC1(C)CN(S(=O)(=O)CCn2cnnn2)C1c1ccccc1,3.734503483003728,challenge
CC1(C)CN(c2cc(-c3ccccc3)nc3ncnn23)CC2(CCOC2)O1,4.263361048003728,challenge
CC1(C)CN(c2ccccc2)N(C(=O)c2ccc(F)cc2)C1=O,4.231237939860009,veith
CC1(C)CN=C(NN=C(/C=C/c2ccc(C(F)(F)F)cc2)/C=C/c2ccc(C(F)(F)F)cc2)NC1,4.338531273401033,tox21
CC1(C)CON(Cc2ccccc2Cl)C1=O,4.020229345459254,tox21
CC1(C)CO[C@H](CC(=O)O)CN1,3.6872033036619767,ncgc
CC1(C)Cc2c(C#N)c(SCc3ccccc3)nc(N3CCOCC3)c2CO1,5.431238405874674,veith
CC1(C)Cc2c(sc3nc(-c4ccccc4)n(N)c(=O)c23)CO1,4.181236955344418,veith
CC1(C)Cc2c(sc3nc(SCC(=O)NCc4ccccc4)n(-c4ccccc4)c(=O)c23)CS1,4.4812387752551235,veith
CC1(C)Cc2cccc(N)c2O1,4.53853042990295,tox21
CC1(C)Cc2ccccc2C(N/N=C/c2cccc(F)c2)=N1.Cl,4.131237783223632,veith
CC1(C)NC(=O)N(c2ccc([N+](=O)[O-])c(C(F)(F)F)c2)C1=O,4.26565796614358,ncgc;tox21
CC1(C)OC(=O)C(=CNn2cnc3ccccc3c2=O)C(=O)O1,4.28123853814577,veith
CC1(C)OC(=S)Nc2ccc(S(=O)(=O)N3c4ccccc4COc4cc(F)ccc43)cc21,5.739304016039521,pharmabench
CC1(C)O[C@@H]2C[C@H]3[C@@H]4CCC5=CC(=O)C=C[C@]5(C)[C@@]4(F)[C@@H](O)C[C@]3(C)[C@]2(C(=O)CO)O1,3.888530401930029,tox21
CC1(C)O[C@@H]2C[C@H]3[C@@H]4CCC5=CC(=O)CC[C@]5(C)[C@@]4(F)[C@@H](O)C[C@]3(C)[C@]2(C(=O)CCl)O1,4.449695384640936,tox21
CC1(C)O[C@@H]2C[C@H]3[C@@H]4C[C@H](F)C5=CC(=O)C=C[C@]5(C)[C@@]4(F)[C@@H](O)C[C@]3(C)[C@]2(C(=O)CO)O1,4.038530441677591,tox21
CC1(C)O[C@@H]2C[C@H]3[C@@H]4C[C@H](F)C5=CC(=O)CC[C@]5(C)[C@H]4[C@@H](O)C[C@]3(C)[C@]2(C(=O)CO)O1,3.8385301209917824,tox21
CC1(C)Oc2ccc(C#N)cc2[C@H](N2CCCC2=O)[C@H]1O,3.6872033036619767,ncgc
CC1(C)Oc2ccc(NC(=O)c3ccco3)cc2O1,4.231237939860009,veith
CC1(C)SC(=S)N(Cc2ccc3c(c2)OCO3)C1N(O)C(=O)NC1CCCCC1,4.731239014571102,veith
CC1(C)SC(=S)N(NC(=O)Nc2ccccc2)C1N(O)C(=O)Nc1ccccc1,4.28123853814577,veith
CC1(C)S[C@@H]2[C@H](NC(=O)COc3ccccc3)C(=O)N2[C@H]1C(=O)[O-].[K+],3.7349502123763703,tox21
CC1(C)[C@@H]2CC[C@@](C)(C2)[C@H]1OC(=O)c1ccccc1C(=O)O,4.787200049553703,ncgc
CC1(C)[C@@H]2CC[C@@]1(CS(=O)(=O)O)C(=O)C2.CN1[C@@H](c2ccccc2)CC(=NO)C[C@H]1c1ccccc1,5.084220332573883,ncgc;veith
CC1(C)[C@@H]2CC[C@]3(C2)[C@@H]1C(=O)CCC3(C)C,3.7885301040785704,tox21
CC1(C)[C@H](/C=C2\CCSC2=O)[C@@H]1C(=O)OCc1coc(Cc2ccccc2)c1,6.038583759450968,tox21
CC1(C)[C@H](C(=O)O[C@H](C#N)c2cccc(Oc3ccccc3)c2)[C@@H]1/C=C(\Cl)C(F)(F)F,4.78012031663,tox21
CC1(C)[C@H](C(=O)O[C@H](C#N)c2cccc(Oc3ccccc3)c2)[C@@H]1C=C(Br)Br,5.079820710731492,tox21
CC1(C)[C@H](C=C(Cl)Cl)[C@@H]1C(=O)O[C@@H](C#N)c1cccc(Oc2ccccc2)c1,5.088532786506383,tox21
CC1(C)[C@H](NC(=O)Nc2ncn(C(C)(C)C)n2)[C@H]1c1ccccc1,4.904468920003728,challenge
CC1(C)c2ssc(=S)c2-c2ccccc2N1C(=O)CSC1=NCCS1,4.831238989834795,veith
CC1(C2CC2)CN(C(=O)NCc2ccc(-c3ccncc3)cc2)CCO1,5.1005096770037275,challenge
CC1(CC(=O)NCc2ccc(OC(F)(F)F)cc2)CC2(CCCCC2)OO1,4.736034531474673,pharmabench
CC1(CC(=O)NCc2cccc(Cl)c2)CC2(CCCCC2)OO1,4.80661560576038,pharmabench
CC1(CN2CCC(n3c(=O)[nH]c4ccccc43)CC2)OCc2ccccc2-n2cccc21,4.449695384640936,tox21
CC1(CNS(=O)(=O)C(F)(F)F)CCN(S(=O)(=O)c2ccc(Cl)cc2S(=O)(=O)c2ccccc2F)CC1,5.0370645271386545,pharmabench
CC1(CO)CN(c2ccccc2)NC1=O,4.188530214047235,tox21
CC1(NC(=O)Cc2c[nH]c3ncccc23)CCCc2ccccc21,4.315455870003728,challenge
CC1(NS(=O)(=O)c2cccc3cnccc23)CCOC1C1CC1,4.306328040003728,challenge
CC1(O)CSC(C)(O)CS1,3.7885301040785704,tox21
CC1(O)c2ccccc2C(=O)N1CCc1ccccc1F,4.081239412948973,veith
CC1(c2ccc(C(=O)N3CCN(C4CC4)c4ccccc43)cc2)NC(=O)NC1=O,4.646084325003728,challenge
CC1(c2ccc(F)cc2)NC(=O)N(CC(=O)NCc2nc3ccccc3s2)C1=O,4.517229793003728,challenge
CC1(c2ccc(Oc3ccccc3)cc2)OC(=O)N(Nc2ccccc2)C1=O,4.685702946683671,tox21
CC1(c2cccc(-c3noc(-c4cccc5c6c([nH]c45)CCCC6)n3)c2)NC(=O)NC1=O,5.540223850003728,challenge
CC1(c2cccc(CNC(=O)NCC(=O)N3CCc4ccccc43)c2)NC(=O)NC1=O,4.521206545003728,challenge
CC1(c2ccccc2)CCN(C(=O)C(Cc2ccccc2)NC(N)=O)C1,4.571889525003727,challenge
CC1(c2ccccc2)NC(=O)N(CC(=O)NCCC2=CCCCC2)C1=O,3.88123792116939,veith
CC12C=C(/C=C/C=C/c3ccccc3)C(C)(C1)C(/C=C/c1ccccc1)CC2=O,4.787200049553703,ncgc
CC12C=C(/C=C/c3ccc(Br)cc3)C(C)(C1)C(c1ccc(Br)cc1)CC2=O,4.88720077167744,ncgc
CC12CC(CN1C(=O)NCc1ccccc1-c1ccc(Cn3cccn3)cc1)C2,5.415779555003728,challenge
CC12CC(NC(=O)N1c1cccc(C(=O)NCc3ccccc3)c1)c1ccccc1O2,4.68123872420235,veith
CC12CC1(C)C(=O)N(c1cc(Cl)cc(Cl)c1)C2=O,4.038530441677591,tox21
CC12CCC(C(=O)N(NC(=O)c3ccc(O)cc3)C1=O)C2(C)C,4.731239014571102,veith
CC12CCC(C(=O)Nc3cccc4ccccc34)(C1Br)C2(C)C,4.88123792116939,veith
CC12c3ccccc3C(c3ccccc31)C1C(=O)N(Cc3cccnc3)C(=O)C12,4.231237939860009,veith
CC1=C(/C=C/C(C)=C/C=C/C(C)=C/C(=O)Nc2ccc(O)cc2)C(C)(C)CCC1,4.613505960638404,tox21
CC1=C(/C=C/C(C)=C/C=C/C(C)=C/C=O)C(C)(C)CCC1,4.090659771574994,tox21
CC1=C(/C=C/C(C)=C/C=C/C(C)=C/CO)C(C)(C)CCC1,3.945731228486566,challenge;tox21
CC1=C(/C=C/C(C)=C/C=C/C(C)=C\C=O)C(C)(C)CCC1,4.162082678065888,tox21
CC1=C(/C=C\C(C)=C\C=C/C(C)=C/C(=O)Nc2ccc(O)cc2)C(C)(C)CCC1,4.387202152451927,ncgc
CC1=C(/C=C\C(C)=C\C=C/C(C)=C/C(=O)O)C(C)(C)CCC1,4.284220827875583,ncgc;veith
CC1=C(Br)C(=O)C(C)=C(Br)C1=O.Cc1c(O)c(Br)c(C)c(O)c1Br,5.684224832111824,ncgc;veith
CC1=C(C#N)C(NC(=O)C2CCCCC2)(C(F)(F)F)C(=O)N1,4.381238666479966,veith
CC1=C(C#N)C(Nc2ccc(Cl)cn2)(C(F)(F)F)C(=O)N1,4.131237783223632,veith
CC1=C(C(=O)Nc2cc3cn[nH]c3cc2F)C(c2ccc(Cl)cc2F)N=C(c2ccnc(Cl)c2)N1,4.940154514130598,pharmabench
CC1=C(C(=O)Nc2ccc3[nH]ncc3c2)C(c2ccc(F)cc2)N=C(c2ccccc2)N1,5.531914548818748,pharmabench
CC1=C(C(=O)Nc2ccccc2)C(c2ccco2)NC(=S)N1,4.181236955344418,veith
CC1=C(C(=O)Nc2cccnc2)C(c2cccnc2)n2nc(-c3cccs3)nc2N1,4.331238507999185,veith
CC1=C(C(=O)OC(C)C)C(c2cccc([N+](=O)[O-])c2)C(C(=O)OC2CN(C(c3ccccc3)c3ccccc3)C2)=C(N)N1,5.449698188883719,tox21
CC1=C(C(=O)OCc2ccccc2)C(c2ccc(Cl)cc2)NC(=O)N1CCCCCC(=O)O,4.184219245074232,ncgc;veith
CC1=C(C(=O)OCc2ccccc2)C(c2ccc([N+](=O)[O-])cc2)NC(=O)N1CCCCCC(=O)O,4.084221702678786,ncgc;veith
CC1=C(C(=O)OCc2ccccc2)C(c2ccc3ccccc3c2)NC(=O)N1CCCCCC(=O)O,4.3842204094659465,ncgc;veith
CC1=C(C(=O)OCc2ccccc2)C(c2ccccc2)NC(=O)N1CCCCCC(=O)O,3.8872025006290167,ncgc
CC1=C(C(=O)OCc2ccccc2)C(c2cccnc2)c2c(n(C)c(=O)n(C)c2=O)N1,4.631238141608918,veith
CC1=C(C(N)=O)C(c2ccccc2)n2nc(-c3ccncc3)nc2N1,4.28123853814577,veith
CC1=C(C(N)=O)C(c2ccccn2)n2nc(SCc3ccccc3Cl)nc2N1,3.981239042028786,veith
CC1=C(C(N)=O)C(c2cccs2)n2nc(-c3cccc(Cl)c3)nc2N1,4.181236955344418,veith
CC1=C(C)C(=O)C(C(CCCCCC(=O)O)c2ccccc2)=C(C)C1=O,4.199695243524282,tox21
CC1=C(C)C(=O)C(CCCCC#CCCCC#CCO)=C(C)C1=O,4.793445954621591,ncgc;tox21
CC1=C(C)CC(C(=O)NS(=O)(=O)c2cncc(Cl)c2)CC1,4.747596567003728,challenge
CC1=C(C/C=C(\C)CCC[C@H](C)CCC[C@H](C)CCCC(C)C)C(=O)c2ccccc2C1=O,4.249695373334149,tox21
CC1=C(C=O)C(C)(C)CCC1,3.93853028541095,tox21
CC1=C(CC(=O)O)c2cc(F)ccc2/C1=C\c1ccc(S(C)=O)cc1,4.1356563106086845,ncgc;tox21;veith
CC1=C(CC=O)C(C)(C)CCC1,3.9885299994982155,tox21
CC1=C(O)C(=O)CO1,3.9885299994982155,tox21
CC1=C/C(=C(/c2ccc(O)c(C)c2)c2ccccc2C(=O)O)C=CC1=O,7.284220827875583,ncgc;veith
CC1=C2[C@H](/C=C(\C)C(=O)O)CC[C@@H](C)[C@H]2CC1,3.822483020828595,tox21
CC1=CC(=C(c2ccc(N)cc2)c2ccc(N)cc2)C=CC1=N.Cl,5.033800422342003,tox21
CC1=CC(=C2C(=O)c3ccccc3C2=O)C=C(C)N1Cc1ccco1,4.931238759019225,veith
CC1=CC(=C2C(=O)c3ccccc3C2=O)C=C(C)O1,4.88123792116939,veith
CC1=CC(=O)/C(=C(/C)[O-])C(=O)O1.[Na+],4.038530441677591,tox21
CC1=CC(=O)N(c2cccc(C(F)(F)F)c2)C1c1ccc(Cl)cc1,4.181236955344418,veith
CC1=CC(=O)[N-]S(=O)(=O)O1.[K+],3.7845966078665008,tox21
CC1=CC(=O)c2ccccc2C1=O,4.415657098495197,ncgc;tox21
CC1=CC(C)(C)N(C(=O)c2ccccc2)c2ccc(C)cc21,4.131237783223632,veith
CC1=CC(C)(C)Nc2ccc(CSc3ccccc3)cc21,5.984249629805708,ncgc;veith
CC1=CC(C)(C)Nc2ccccc21,4.355300771603831,tox21
CC1=CC2C3CC(C=C3C)C2C1,4.038530441677591,tox21
CC1=CC=C(C(C)C)CC1,3.8385301209917824,tox21
CC1=CCC(=C(C)C)CC1,4.038530441677591,tox21
CC1=CCC(C(C)C)C=C1,3.93853028541095,tox21
CC1=CCC2C(C1)C2(C)C,3.8385301209917824,tox21
CC1=CCCC(C)(C)C12CCC(C)O2,3.9202293689122465,tox21
CC1=CC[C@H](C(C)C)C=C1,4.038530441677591,tox21
CC1=C[C@H]([C@H]2/C(=N\O)C=C(C)CC2(C)C)[C@@H](O)C(C)(C)C1,4.884219346423415,ncgc;veith
CC1=NN(c2ccc(Br)cc2)C(=O)/C1=C/c1cccs1,4.531238789289352,veith
CC1=NN(c2ccc(C)cc2C)C(=O)C1C(c1ccccc1)C1C(=O)N(c2ccc(C)cc2C)N=C1C,5.28123853814577,veith
CC1=NN(c2ccc(F)cc2)C(=O)C1C(c1cccc(O)c1)c1c(C)[nH]n(-c2ccc(F)cc2)c1=O,4.631238141608918,veith
CC1=NN(c2ccccc2)C(=O)/C1=C\c1c(C)[nH]n(-c2ccccc2)c1=O,4.88123792116939,veith
CC1=NN(c2ccccc2)C(=O)C1,4.535704491247064,tox21
CC1=NN(c2ccccc2)C(=O)C1C(=O)c1ccc(Cl)cc1,5.531238789289352,veith
CC1=NN(c2ccccc2)C(=O)[C@@H]1N=Nc1ccc([As](=O)(O)O)c(O)c1,4.784219133178269,ncgc;veith
CC1=NN=C(c2ccc(N)cc2)c2cc3c(cc2C1)OCO3,5.184224419702565,ncgc;veith
CC1=NOC(=O)/C1=C\c1ccc(-c2ccc(Cl)cc2Cl)o1,4.28123853814577,veith
CC1=Nc2ccc3ccccc3c2C1(C)C,4.038530441677591,tox21
CC1=c2c(oc3cc(O)c(Nc4c(C)cc(O)cc4O)c(C)c23)=CC(=O)C1=Nc1c(C)cc(O)cc1O,4.784219133178269,ncgc;veith
CC1C(=NO)C(C)C(c2ccc(N(C)C)cc2)NC1c1ccc(N(C)C)cc1,4.4812387752551235,veith
CC1C(=O)C[C@]2(C(C)C)C[C@H]12,3.852132046038016,tox21
CC1C(=O)N(CCc2cccc(C(F)(F)F)n2)C(=O)N1C1CCC1,3.9594688650037275,challenge
CC1C(=O)N(Cc2ccc(OC(F)(F)F)cc2)C(=O)N1C1CCC1,4.555498840003728,challenge
CC1C(=O)Nc2cc(-c3nc(-c4ccc(N5CCCC5)nc4)no3)ccc2N1C,5.351833293003728,challenge
CC1C(=O)OC2C(O)C34C5CC(C(C)(C)C)C36C(OC(=O)C6O)OC4(C(=O)O5)C12O,3.787202796262461,ncgc
CC1C2CC(CC2C2CCCC(O)C2)C1(C)C,4.038530441677591,tox21
CC1CC(=O)NN=C1c1ccc(NCC(C)(C)NCC(O)COc2cc(Cl)ccc2C#N)cc1,4.5496968251554915,tox21
CC1CC(C)CN(C(=O)CNS(=O)(=O)c2ccc(Br)s2)C1,4.28123853814577,veith
CC1CC(C)CN(C/C=C/c2ccccc2[N+](=O)[O-])C1,5.081239412948973,veith
CC1CC(C)CN(Cc2nc(N)nc(Nc3ccccc3)n2)C1,4.031238394064476,veith
CC1CC(OC(=O)c2ccccc2O)CC(C)(C)C1,4.094113335630597,tox21
CC1CC(c2cccc(F)c2)N(C(=O)Nc2cnns2)C1,4.630324435003728,challenge
CC1CC2(CCCCC2)N2C(=O)C(=O)c3cccc1c32,4.581238740591187,veith
CC1CC2=C(NC(=S)NC2c2ccc(F)cc2)/C(=C/c2ccc(F)cc2)C1,4.331238507999185,veith
CC1CCC(=C(C#N)C(=O)Nc2cccc(Cl)c2)CC1,4.531238789289352,veith
CC1CCC(C(=O)O)NC1c1ccc(-c2ccco2)cc1,4.687200030977656,ncgc
CC1CCC(C(C)(C)S)C(=O)C1,4.038530441677591,tox21
CC1CCC(C(C)C)C(OC(=O)c2ccccc2N)C1,4.944586770738354,tox21
CC1CCC(NC(=O)CC(C)(C)Cc2nc3ccccc3c(=O)[nH]2)CC1,4.731239014571102,veith
CC1CCC(O)([C@](C)(C(=O)O)c2ccccc2)CC1,5.084220332573883,ncgc;veith
CC1CCC2C(=O)N3C(CCC(C)C3c3ccccc3Br)C(=O)N2C1c1ccc(C#CCN(C)C)cc1,4.687200030977656,ncgc
CC1CCC2C(=O)N3C(CCC(C)[C@@H]3c3ccc(Br)cc3)C(=O)N2C1c1ccc(Br)cc1,4.787200049553703,ncgc
CC1CCC2C(=O)N3C(CCC(C)[C@@H]3c3cccc(N4CCOCC4)c3)C(=O)N2C1c1cccc(Br)c1,4.88720077167744,ncgc
CC1CCC2C(=O)N3C(CCC(C)[C@H]3c3cccc(N4CCCC4=O)c3)C(=O)N2C1c1cccc(N2CCCC2=O)c1,4.88720077167744,ncgc
CC1CCC2C(=O)N3C(CCC(C)[C@H]3c3ccccc3Br)C(=O)N2C1c1ccccc1Br,4.487201289787428,ncgc
CC1CCC2C(=O)N3CCCC3C(=O)N2C1c1ccc(Br)cc1,5.487173758361262,ncgc
CC1CCC2C(=O)OC(CN3C(=O)c4ccccc4C3=O)CN2C1c1ccc(Br)cc1,4.787200049553703,ncgc
CC1CCC2C(=O)OC(CN=[N+]=[N-])CN2C1c1ccc(Br)cc1,4.837202635028661,ncgc
CC1CCC2C(=O)OC(CO)CN2C1c1ccc(Br)cc1,4.687200030977656,ncgc
CC1CCC2C(=O)OC(Cc3ccccc3)CN2C1c1ccc(Br)cc1,4.88720077167744,ncgc
CC1CCCC(C)N1C(=O)C1CC(c2ccc(F)cc2)=NO1,4.28123853814577,veith
CC1CCCC(C)N1C(=O)c1ccccc1Nc1ccc(SC(F)F)cc1,4.431238405874674,veith
CC1CCCC(NC(=O)c2n[nH]c(=O)c3ccccc23)C1C,4.181236955344418,veith
CC1CCCC(n2c(=S)[nH]c3ccccc3c2=O)C1C,4.731239014571102,veith
CC1CCCC1,4.64530433532699,tox21
CC1CCCCN1c1cc(C#N)c(C#N)cc1[N+](=O)[O-],4.581238740591187,veith
CC1CCCCN1c1nc(-c2ccncc2)nc2ccccc12,5.68123872420235,veith
CC1CCCN(C(C(=O)Nc2ccc3c(c2)OCCO3)c2ccccc2)C1,4.131237783223632,veith
CC1CCN(C(=O)C(NS(=O)(=O)c2cccc3nsnc23)c2ccccc2)CC1,5.331238507999185,veith
CC1CCN(C(=O)Nc2c[nH]nc2-c2nccs2)CC1C(=O)O,3.431913418003728,challenge
CC1CCN(C(=O)Nc2ccc3nsnc3c2)CC1,4.081239412948973,veith
CC1CCN(C(=O)Oc2c(Cl)cc(Cl)c3cccnc23)CC1,4.131237783223632,veith
CC1CCN(C(=O)c2ccc(COc3ccccc3Cl)o2)CC1,4.031238394064476,veith
CC1CCN(C(NC(=O)c2ccco2)C(=O)c2ccccc2)CC1,4.88123792116939,veith
CC1CCN(Cc2nc3c(cnn3-c3ccccc3)c(=O)[nH]2)CC1CO,4.420736525003727,challenge
CC1CCN(S(=O)(=O)c2ccc(NC(=O)NCc3cccnc3)cc2)CCN1,5.369611574248701,pharmabench
CC1CCN(S(=O)(=O)c2ccc3c(c2)C(=NO)c2cc(S(=O)(=O)N4CCC(C)CC4)ccc2-3)CC1,4.68123872420235,veith
CC1CCN(c2cc(N3CCC(C)CC3)c([N+](=O)[O-])cc2/C=C(\C#N)c2nn(-c3ccccc3)c(N)c2C#N)CC1,5.931238759019225,veith
CC1CCN(c2ccc(S(=O)(=O)Nc3cc(C(=O)O)cc(C(=O)O)c3)cc2[N+](=O)[O-])CC1,4.131237783223632,veith
CC1CCN(c2ccccc2NC(=S)NC(=O)c2cccs2)CC1,4.581238740591187,veith
CC1CCc2c(C(=O)Nc3nccs3)csc2C1,4.7812382168028345,veith
CC1CCc2cc(F)ccc2N1C(=O)CSc1nnc2c(n1)[nH]c1ccc(F)cc12,5.031238394064476,veith
CC1CCc2cccc3c2N1c1cc(C#N)c(C#N)cc1O3,5.131237783223633,veith
CC1CCc2ccccc2N1C(=O)COc1ccc2c(c1)NC(=O)CC2,4.393364195003728,challenge
CC1CN(C(=O)Cc2c[nH]c3ncccc23)c2ccccc2O1,5.033881150003728,challenge
CC1CN(C(=O)c2ccc(NCc3nnc4n(C)c(=O)c5ccccc5n34)cc2)CC(C)O1,4.230006555003728,challenge
CC1CN(C(=O)c2ccnc(-n3cccn3)c2)CCN1c1ccccc1,5.306912353003728,challenge
CC1CN(C(NC(=O)C(C)(C)C)C(Cl)(Cl)Cl)CC(C)O1,4.131237783223632,veith
CC1CN(CC(C)(C)O)CCN1C(=O)NCCCc1ccc(Cl)cc1,4.437455658003728,challenge
CC1CN(c2ccc(C(=O)Nc3ccc4[nH]ncc4c3Cl)cn2)CC(C)O1,4.621326012003728,challenge
CC1CN(c2ccccc2)CCN1C(=O)c1cccc2sncc12,5.980268472003727,challenge
CC1CN(c2ccccc2)NC1=O,4.238530429764998,tox21
CC1CN2C(CCC(C)C2c2ccc(Br)cc2)C(=O)O1,4.687200030977656,ncgc
CC1CNCCN(S(=O)(=O)c2ccc(NC(=O)NCc3cccnc3)cc2)C1,4.999638029198031,pharmabench
CC1COC(Cn2cncn2)(c2ccc(Oc3ccc(Cl)cc3)cc2Cl)O1,5.538537311396234,tox21
CC1COC(c2cccc(Cl)c2)CN1C(=O)Cc1n[nH]c2ccccc12,5.1071219820037275,challenge
CC1COC2(c3ccccc3Cl)c3cc(Cl)ccc3NC(=O)CN12,4.149695764085624,tox21
CC1COc2ccccc2CN1C(=O)c1ccnc(-n2ccnc2)c1,5.860867745003728,challenge
CC1COc2ccccc2N1,3.6885301032844655,tox21
CC1COc2ccccc2N1C(=O)C(Cl)Cl,4.539061910261719,tox21
CC1CSc2nc3sc4c(c3c(=O)n21)CCCC4,4.131237783223632,veith
CC1Cc2ccccc2N1C(=O)C1CCCN(S(=O)(=O)c2cccc3nsnc23)C1,4.581238740591187,veith
CC1Cc2ccccc2N1C(=O)CN1C(=O)COc2ccccc21,4.231237939860009,veith
CC1Cc2ccccc2N1C(=O)CN1CCCC(S(N)(=O)=O)C1,3.2907491550037276,challenge
CC1Cc2ccccc2N1C(=O)Cn1c(=O)cc(O)c2ccccc21,4.131237783223632,veith
CC1Cc2ccccc2N1C(=O)c1cc2c(=O)n3ccccc3nc2n1C,4.131237783223632,veith
CC1Cc2ccccc2N1Cc1nc2cc(C(F)(F)F)ccc2c(=O)[nH]1,4.581238740591187,veith
CC1Cc2ccccc2N1NC(=O)c1ccc(Cl)c(S(N)(=O)=O)c1,4.038530441677591,tox21
CC1N(C(=O)Cc2n[nH]c3c2CCCC3)c2ccccc2C1(C)C,4.883998907003727,challenge
CC1N(P(=O)(c2ccccc2)c2ccccc2)CC(O)(c2ccccc2)CC12CC2,3.8872025006290167,ncgc
CC1OC(=O)NC1C(=O)N(C)CCc1cccc2ccccc12,3.867533475003728,challenge
CC1Oc2c(cccc2C(=O)NC2COc3ccccc3C2)NC1=O,4.775703208003728,challenge
CCC(=O)/C=C/C1C(C)=CCCC1(C)C,3.894020082787934,tox21
CCC(=O)C(=O)CC,3.8200833880973306,tox21
CCC(=O)C(CC(C)N(C)C)(c1ccccc1)c1ccccc1.Cl,3.9744241854053897,tox21
CCC(=O)C(CCN(C)C)(c1ccccc1)c1ccccc1,4.399695684644625,tox21
CCC(=O)C1CC(C(C)C)CC=C1C,3.888530401930029,tox21
CCC(=O)CCCCC[C@H](NC(=O)C1CN(C)C1)c1ncc(-c2cc3ccccc3nc2OC)[nH]1,4.597731833308392,pharmabench
CCC(=O)N(C)/C=C1\Sc2ccccc2C1=O,4.181236955344418,veith
CCC(=O)N(Cc1ccc(OC(F)(F)F)cc1)c1cc(F)cc(-c2nnn[nH]2)c1,6.0370645271386545,pharmabench
CCC(=O)N(Cc1cccc(O)c1)c1cc(F)cc(-c2nnn[nH]2)c1,5.0370645271386545,pharmabench
CCC(=O)N(Cc1cccc(OC(C)C)c1)c1cc(F)cc(-c2nnn[nH]2)c1,5.80661560576038,pharmabench
CCC(=O)N(Cc1ccco1)c1nc(-c2ccccc2)cs1,4.88123792116939,veith
CCC(=O)N(c1ccccc1)C1(COC)CCN(CCc2cccs2)CC1.O=C(O)CC(O)(CC(=O)O)C(=O)O,3.7856583914958186,tox21
CCC(=O)N(c1ccccc1)C1(COC)CCN(CCn2nnn(CC)c2=O)CC1.Cl,3.9967431711295482,tox21
CCC(=O)N(c1ccccc1)C1CCN(C(C)Cc2ccccc2)CC1.Cl,3.7869623040753924,tox21
CCC(=O)N(c1ccccc1)[C@H]1CCN(CCc2ccccc2)C[C@H]1C.Cl,3.9853599280247867,tox21
CCC(=O)N(c1ccccc1)[C@H]1CCN(CCc2cccs2)C[C@H]1C.Cl,4.25292937426247,tox21
CCC(=O)N1CC[C@H](N(Cc2cc(Cl)ccc2Cl)c2ccc(C#N)c(Cl)c2)C1,4.87569652490368,pharmabench
CCC(=O)N1CC[C@H](N(Cc2cc(F)ccc2C)c2ccc(C#N)c(Cl)c2)C1,4.87569652490368,pharmabench
CCC(=O)N1CC[C@H](N(Cc2ccccc2Br)c2ccc(C#N)c(Cl)c2)C1,4.860973268082973,pharmabench
CCC(=O)N1CC[C@H](N(Cc2ccccc2C(F)(F)F)c2ccc(C#N)c(Cl)c2)C1,5.258913276755011,pharmabench
CCC(=O)N1CC[C@H](N(Cc2ccccc2C)c2ccc(C#N)c(Cl)c2)C1,4.736034531474673,pharmabench
CCC(=O)NC(NC(=O)CC)C(Cl)Cl,3.981239042028786,veith
CCC(=O)NC(Nc1sc2c(c1C(=O)OC)CCCC2)(C(F)(F)F)C(F)(F)F,5.181236955344418,veith
CCC(=O)NCc1ccc(-n2nc(C(F)(F)F)c3c2CCCC3)cc1,4.435004535810692,pharmabench
CCC(=O)NNc1cc(=O)c2c(=O)n(C)c(=O)n(C)c2[nH]1,4.831238989834795,veith
CCC(=O)N[C@@H]1CCc2cccc(OC)c2C1,4.084221702678786,ncgc;veith
CCC(=O)Nc1cc(-c2nn(C)c(=O)c3ccccc23)ccc1N1CCCCC1,4.581238740591187,veith
CCC(=O)Nc1ccc(/C(C)=N\NC(=O)c2ccc(C)s2)cc1,4.531238789289352,veith
CCC(=O)Nc1ccc(/C(C)=N\NS(=O)(=O)c2ccc(C)cc2)cc1,4.931238759019225,veith
CCC(=O)Nc1ccc(C(=O)CSc2nnc(-c3ccc(O)cc3)n2CC2CCCO2)cc1OC,4.081239412948973,veith
CCC(=O)Nc1ccc(C(=O)OCC(=O)c2ccc(C)c([N+](=O)[O-])c2)cc1,4.381238666479966,veith
CCC(=O)Nc1ccc(Cl)c(Cl)c1,3.8341389162273822,tox21
CCC(=O)Nc1ccc(S(=O)(=O)N2CCN(c3ccc(F)cc3)CC2)cc1,4.531238789289352,veith
CCC(=O)Nc1ccc2c(c1)C(=O)c1ccccc1C2=O,4.7812382168028345,veith
CCC(=O)Nc1cccc(NC(=O)CSc2nnnn2Cc2ccccc2)c1,4.581238740591187,veith
CCC(=O)Nc1cccc(NC(=O)c2cccc([N+](=O)[O-])c2)c1,4.031238394064476,veith
CCC(=O)Nc1ccccc1C(=O)OCC(=O)c1cccc2ccccc12,4.931238759019225,veith
CCC(=O)Nc1ccccc1C(=O)OCC(=O)c1ccccc1,5.4812387752551235,veith
CCC(=O)Nc1nnc(SCC(=O)c2ccc3c(c2)Cc2ccccc2-3)s1,4.581238740591187,veith
CCC(=O)Nc1nonc1-c1nc2ccccc2n1N(C(=O)CC)C(=O)CC,4.28123853814577,veith
CCC(=O)OC/C=C/c1ccccc1,4.038530172185801,tox21
CCC(=O)OCC(=O)[C@@]1(OC(=O)CC)[C@H](C)C[C@@H]2[C@@H]3[C@H]([C@@H](O)C[C@@]21C)[C@]1(C)C=CC(=O)C=C1C[C@@H]3Cl,4.187201534804045,ncgc
CCC(=O)OCCC(C)CCC=C(C)C,4.088530344873387,tox21
CCC(=O)OCCc1ccccc1,4.156919067665597,tox21
CCC(=O)OCc1c(C(F)(F)F)nn(C)c1Sc1ccc(F)cc1,4.28123853814577,veith
CCC(=O)OCc1ccc(OC)cc1,3.8275064532640286,tox21
CCC(=O)O[C@@H]1C=C2CCC3C(CCC4(C)C3CC[C@@H]4OC(=O)CC)C2CC1,4.449695384640936,tox21
CCC(=O)O[C@@]1(C(=O)CCl)[C@@H](C)C[C@@H]2[C@H]3CCC4=CC(=O)C=C[C@@]4(C)[C@]3(F)[C@@H](O)C[C@@]21C,4.087203992408599,ncgc
CCC(=O)O[C@H]1CC[C@H]2[C@@H]3CCC4=CC(=O)CC[C@]4(C)[C@H]3CC[C@]12C,4.178157261935237,ncgc;tox21
CCC(=O)O[C@H]1[C@H](O[C@@H]2[C@@H](C)[C@H](O[C@H]3C[C@@](C)(OC)[C@@H](O)[C@H](C)O3)[C@@H](C)C(=O)O[C@H](CC)[C@@](C)(O)[C@H](O)[C@@H](C)C(=O)[C@H](C)C[C@@]2(C)O)O[C@H](C)C[C@@H]1N(C)C.CCCCCCCCCCCCOS(=O)(=O)O,4.0669460308721135,tox21
CCC(=O)O[C@]1(C(=O)CCl)[C@@H](C)C[C@H]2[C@@H]3CCC4=CC(=O)C=C[C@]4(C)[C@@]3(F)[C@@H](O)C[C@@]21C,4.399695684644625,tox21
CCC(=O)O[C@]1(C(=O)COC)[C@@H](C)C[C@H]2[C@@H]3CCC4=CC(=O)C=C[C@]4(C)C3(F)[C@@H](O)C[C@@]21C,4.199695243524282,tox21
CCC(=O)O[C@]1(C(=O)SCF)[C@H](C)C[C@H]2[C@@H]3C[C@H](F)C4=CC(=O)C=C[C@]4(C)[C@@]3(F)[C@@H](O)C[C@@]21C,4.949691042568217,tox21
CCC(=O)Oc1ccc2c(c1)CC[C@@H]1[C@@H]2CC[C@@]2(C)[C@H]1C[C@@H](OC(=O)CC)[C@@H]2OC(=O)CC,4.399695684644625,tox21
CCC(=O)c1c(O)cc(O)cc1O,4.499695145639398,tox21
CCC(=O)c1ccc(OCC(O)CN(CCc2ccccc2)Cc2ccccc2)cc1.Cl,4.7812382168028345,veith
CCC(=S)/C=C1\Sc2ccc3ccccc3c2N1CCCS(=O)(=O)[O-].[Na+],3.981239042028786,veith
CCC(C#CCN1CCCCC1)(CC)OCCC#N,5.731239014571102,veith
CCC(C(=O)NC(C)(C)C)N(C(=O)Cn1nnc(-c2ccccc2F)n1)c1cccc2c1CCCC2,4.88123792116939,veith
CCC(C(=O)NC(C)(C)C)N(C(=O)Cn1nnc(-c2cccs2)n1)c1cnc2ccccc2c1,4.831238989834795,veith
CCC(C(=O)NC(CNS(=O)(=O)c1cnn(C)c1)c1ccccc1)c1c(C)noc1C,4.240203798003727,challenge
CCC(C(=O)Nc1cccc(C(F)(F)F)c1)c1ccccc1,4.831238989834795,veith
CCC(C(=O)OCCN1CCOC(c2ccccc2)C1C)c1ccccc1,4.949691042568217,tox21
CCC(C(=O)c1ccccc1)N(C(=O)c1ccccc1Cl)N1C(=O)C2C3C=CC(C3)C2C1=O,4.28123853814577,veith
CCC(C)(C(=O)NC1CCCCC1)N(Cc1ccco1)C(=O)Cc1cccs1,4.081239412948973,veith
CCC(C)(C)C(=O)O[C@H]1C[C@@H](C)C=C2C=C[C@H](C)[C@H](CC[C@@H]3C[C@@H](O)CC(=O)O3)[C@H]21,4.088530344873387,tox21
CCC(C)(C)C1CCC(OC)CC1,3.7885301040785704,tox21
CCC(C)(C)NC(=O)c1ccc2c(c1)N(CC(=O)OC)C(=O)C(C)(C)O2,3.8312389898347954,veith
CCC(C)(C)c1cc(-n2nc3ccccc3n2)c(O)c(C(C)(C)CC)c1,4.0318417383661584,tox21
CCC(C)(C)c1cc(O)c(C(C)(C)CC)cc1O,3.8385301209917824,tox21
CCC(C)(C)c1ccc(CC(C)CN2C[C@@H](C)O[C@@H](C)C2)cc1,4.199695243524282,tox21
CCC(C)(C)c1ccc(O)c(C(C)(C)CC)c1,4.965841678590871,tox21
CCC(C)(C)c1ccc(Oc2cccc(C(=O)O)c2)cc1,4.587200720463143,ncgc
CCC(C)(C)n1nnnc1C(C(C)C)N(CCCO)Cc1cc2cc(C)ccc2[nH]c1=O,4.131237783223632,veith
CCC(C)(C)n1nnnc1C(c1ccc(C)cc1)N1CCC(C)CC1.Cl,3.8312389898347954,veith
CCC(C)(CC(=O)O)NC(=O)c1c(Cl)c2ccccc2n1C,3.8019306900037275,challenge
CCC(C)(CC)c1cc(NC(=O)c2c(OC)cccc2OC)on1,4.096101314408861,tox21
CCC(C)(CCC(C)C)C(=O)O,4.088530344873387,tox21
CCC(C)(CCC(C)C)C(=O)O[Sn](C)(C)OC(=O)C(C)(CC)CCC(C)C,4.238530429764998,tox21
CCC(C)(N=Cc1ccccc1)c1nnnn1-c1c(C)cccc1C,4.081239412948973,veith
CCC(C)(NC(=O)c1cc(Cl)c(C)c(Cl)c1)C(=O)CCl,4.035704196799243,tox21
CCC(C)(NC(=O)c1ccccn1)C(=O)NC1CCCCC1,4.031238394064476,veith
CCC(C)(c1ccc(O)cc1)c1ccc(O)cc1,4.263708329671392,tox21
CCC(C)C(=O)Nc1nc(-c2ccc3c(c2)NC(=O)CO3)cs1,4.081239412948973,veith
CCC(C)C(NC(=O)OCc1ccccc1)C(=O)OCN1C(=O)c2ccccc2C1=O,4.181236955344418,veith
CCC(C)C(NS(=O)(=O)c1ccc(C)cc1)C(=O)Oc1ccc2c3c(c(=O)oc2c1)CCC3,4.581238740591187,veith
CCC(C)C1N=C(C)C(C)S1,4.038530441677591,tox21
CCC(C)C1NC(=S)N(C2CCCCC2)C1=O,4.731239014571102,veith
CCC(C)C1NC(=S)N(Cc2ccccc2)C1=O,4.28123853814577,veith
CCC(C)CO,3.9937453420602926,tox21
CCC(C)COC(=O)CC(C)C,3.7885301040785704,tox21
CCC(C)N(C)C(=O)c1cc2ccccc2c(-c2ccccc2Cl)n1,4.327598199874043,tox21
CCC(C)N1C(=O)S/C(=C/c2ccc(Sc3nc4ccccc4[nH]3)o2)C1=O,5.181236955344418,veith
CCC(C)NC(=O)C(NS(=O)(=O)c1cccc2nsnc12)c1ccccc1,4.68123872420235,veith
CCC(C)NC(=O)C1CCCN(C(=O)NC2CCCCC2)C1,3.981239042028786,veith
CCC(C)NC(=O)c1ccccc1NC(=O)Nc1ccccc1,4.081239412948973,veith
CCC(C)NS(=O)(=O)c1ccc(OCC(=O)Nc2ccc3c(c2)OCCO3)cc1,4.68123872420235,veith
CCC(C)Nc1c([N+](=O)[O-])cc(C)cc1[N+](=O)[O-],4.081239412948973,veith
CCC(C)OC(=O)C1=C(C)NC(=O)CC1c1ccccc1OC,4.431238405874674,veith
CCC(C)OC(=O)N1CCCCC1CCO,3.8385301209917824,tox21
CCC(C)[C@H](NC(=O)NC1CCN(Cc2ccccc2)CC1)C(=O)OC,4.931238759019225,veith
CCC(C)[C@H](NC(=O)Nc1ccc(Oc2ccccc2)cc1)C(=O)O,4.331238507999185,veith
CCC(C)[C@H](NC(=O)OC(C)(C)C)c1nnc(SCc2c(C)[nH]c(=O)[nH]c2=O)o1,4.131237783223632,veith
CCC(C)[O-].CCC(C)[O-].CCOC(=O)/C=C(/C)[O-].[Al+3],3.8385301209917824,tox21
CCC(C)c1cc([N+](=O)[O-])cc([N+](=O)[O-])c1O,4.588528406643712,tox21
CCC(C)c1cc([N+](=O)[O-])cc([N+](=O)[O-])c1OC(=O)C=C(C)C,4.088530344873387,tox21
CCC(C)c1cc([N+](=O)[O-])cc([N+](=O)[O-])c1OC(=O)OC(C)C,4.088530344873387,tox21
CCC(C)c1ccc(Nc2ncccc2C#N)cc1,4.031238394064476,veith
CCC(C)c1cccc(C(C)CC)c1O,4.338531273401033,tox21
CCC(C)c1ccccc1O,3.8399513385891044,tox21
CCC(C)n1c(=O)[nH]c(C)c(Br)c1=O,3.7885301040785704,tox21
CCC(C)n1c(NC(=O)c2ccccc2)c(C#N)c2nc3ccccc3nc21,4.431238405874674,veith
CCC(C)n1ccc(NC(=O)Cc2cnn(Cc3ccccc3)c2)n1,4.363811735003727,challenge
CCC(C)n1ncn(-c2ccc(N3CCN(c4ccc(OC[C@H]5CO[C@](Cn6cncn6)(c6ccc(Cl)cc6Cl)O5)cc4)CC3)cc2)c1=O,4.499695145639398,tox21
CCC(CC)C(=O)Nc1c2c(nn1-c1ccc(OC)cc1)CS(=O)(=O)C2,4.381238666479966,veith
CCC(CC)C(=O)Nc1c2cnn(-c3ccccc3)c2nc(=O)n1-c1ccccc1,3.8312389898347954,veith
CCC(CC)C(=O)Nc1ccc(C)c(O)c1,4.7812382168028345,veith
CCC(CC)C(=O)Nc1cccc(/C(C)=N/NC(=O)c2c(Br)cnn2C)c1,4.331238507999185,veith
CCC(CC)C(=O)Nc1cccc(/C(C)=N\NC(=O)c2ccc(C)s2)c1,5.731239014571102,veith
CCC(CC)C(=O)Nc1cccc(C(=O)Nc2ccc(OC)cc2[N+](=O)[O-])c1,5.331238507999185,veith
CCC(CC)Nc1c([N+](=O)[O-])cc(C)c(C)c1[N+](=O)[O-],4.185536514833611,tox21
CCC(CC)c1nnc(NC(=O)C2COc3ccccc3O2)s1,5.081239412948973,veith
CCC(CC)c1nnc(NC(=O)COc2ccc3c(C)cc(=O)oc3c2)s1,4.431238405874674,veith
CCC(CC)c1nnc(NC(=O)c2ccc3ccccc3n2)s1,4.381238666479966,veith
CCC(CC)c1nnc(NC(=O)c2cccc(S(=O)(=O)N3CCc4ccccc43)c2)s1,5.081239412948973,veith
CCC(CN)=C(c1ccccc1)c1ccccc1.Cl,4.5496968251554915,tox21
CCC(COC(=O)CCS)(COC(=O)CCS)COC(=O)CCS,4.638529123679475,tox21
CCC(COC(=O)c1cc(OC)c(OC)c(OC)c1)(c1ccccc1)N(C)C.O=C(O)/C=C\C(=O)O,4.449695384640936,tox21
CCC(Cc1c(I)cc(I)c(N)c1I)C(=O)O,4.125913983918881,tox21
CCC(Cc1ccccc1)(C(=O)c1ccc(N2CCOCC2)cc1)N(C)C,4.088530344873387,tox21
CCC(Cl)C(Cl)C(Cl)CC(Cl)C(Cl)C(C)Cl,4.738528782693339,tox21
CCC(Cl)CC(Cl)C(Cl)C(Cl)C(Cl)C(C)Cl,5.500794629915487,tox21
CCC(NC(=O)C1(C)CC1(Br)Br)c1ccc(C)cc1,4.581238740591187,veith
CCC(NC(=O)Nc1cc(OC)c(OC)c(OC)c1)(C(F)(F)F)C(F)(F)F,4.131237783223632,veith
CCC(NC(=O)c1ccccc1NC(=O)c1ccco1)C(=O)NC1CCCCC1,4.431238405874674,veith
CCC(N[C@H]1c2ccccc2OC[C@H]1CO)c1ccc(F)cc1F,5.134713935003727,challenge
CCC(O)CNc1nc(-n2nc(C)cc2C)nc2sc3c(c12)CC(C)(C)OC3,4.131237783223632,veith
CCC(Sc1nc(=O)cc(N)n1CCc1ccccc1)C(=O)Nc1ccccc1C#N,4.88123792116939,veith
CCC(Sc1nc(C)cc(=O)[nH]1)C(=O)Nc1nc2c(s1)CCCC2,4.381238666479966,veith
CCC(Sc1nc2cc3c(cc2c(=O)n1Cc1ccco1)OCO3)C(=O)Nc1cccc(OC)c1,4.981239042028786,veith
CCC(Sc1nc2cc3c(cc2c(=O)n1Cc1ccco1)OCO3)C(=O)Nc1ccccc1OC,5.4812387752551235,veith
CCC(Sc1nc2n[nH]c(C)c2c(=N)n1-c1cccc(Cl)c1)C(=O)NCCOC,4.631238141608918,veith
CCC/C(=N\OCC)C1=C(O)CC(CC(C)SCC)CC1=O,4.1357032985333735,tox21
CCC/C=C(\C=O)CC,3.8385301209917824,tox21
CCC/C=C(\CCC)C(NC(=O)C(C)(C)C)c1ccc(C(=O)OC)cc1,4.884219346423415,ncgc;veith
CCC/C=C(\CCC)C(NC(=O)CCc1ccccc1)c1ccc(C(F)(F)F)cc1,4.284220827875583,ncgc;veith
CCC/C=C(\CCC)C(NC(=O)Cc1ccccc1)c1ccc(C(=O)OC)cc1,4.284220827875583,ncgc;veith
CCC/C=C(\CCC)C(NC(=O)OCC(C)C)c1ccc(C(=O)OC)cc1,4.6842193775900025,ncgc;veith
CCC/C=C(\CCC)C(NC(=O)Oc1ccc(F)cc1)c1ccc(C(=O)OC)cc1,3.6872033036619767,ncgc
CCC/C=C(\CCC)C(NC(=O)c1ccc(C(=O)OC)cc1)c1ccc(C(=O)OC)cc1,4.984216978540185,ncgc;veith
CCC/C=C(\CCC)C(NC(=O)c1ccc(C(F)(F)F)cc1)c1ccccc1,4.784219133178269,ncgc;veith
CCC/C=C(\CCC)C(NC(=O)c1ccccc1)c1ccc(C(=O)OC)cc1,4.784219133178269,ncgc;veith
CCC/C=C(\CCC)C(NC(=O)c1ccco1)c1ccc(C(=O)OC)cc1,4.884219346423415,ncgc;veith
CCC/C=C(\CCC)C(NC(=O)c1cccs1)c1ccc(C(=O)OC)cc1,4.984216978540185,ncgc;veith
CCC/C=C(\CCC)C(NC(=O)c1cccs1)c1ccc(C(F)(F)F)cc1,5.5842153979372355,ncgc;veith
CCC/C=C(\CCC)C(NP(=O)(c1ccccc1)c1ccccc1)c1ccc(-c2ccccc2)cc1,4.284220827875583,ncgc;veith
CCC/C=C(\CCC)C(NP(=O)(c1ccccc1)c1ccccc1)c1ccc(C(F)(F)F)cc1,4.187201534804045,ncgc
CCC/C=C(\CCC)C(NP(=O)(c1ccccc1)c1ccccc1)c1ccccc1,3.8872025006290167,ncgc
CCC/C=C(\CCC)C(NS(=O)(=O)CC12CCC(CC1=O)C2(C)C)c1ccc(C(=O)OC)cc1,4.084221702678786,ncgc;veith
CCC/C=C(\CCC)C(NS(=O)(=O)c1ccc(-c2ccccc2)cc1)c1ccc(C(=O)OC)cc1,4.784219133178269,ncgc;veith
CCC/C=C(\CCC)C(NS(=O)(=O)c1ccc(C(F)(F)F)cc1)c1ccc(C(=O)OC)cc1,4.784219133178269,ncgc;veith
CCC/C=C(\CCC)C(NS(=O)(=O)c1ccc(C(F)(F)F)cc1)c1ccccc1,4.3842204094659465,ncgc;veith
CCC/C=C(\CCC)C(NS(=O)(=O)c1ccc(Cl)cc1)c1ccc(C(=O)OC)cc1,4.784219133178269,ncgc;veith
CCC/C=C(\CCC)C(NS(=O)(=O)c1ccc(Cl)cc1)c1ccccc1,4.884219346423415,ncgc;veith
CCC/C=C(\CCC)C(NS(=O)(=O)c1cccc2cccnc12)c1ccc(-c2ccccc2)cc1,4.984216978540185,ncgc;veith
CCC/C=C(\CCC)C(NS(=O)(=O)c1cccc2cccnc12)c1ccc(C(=O)OC)cc1,5.084220332573883,ncgc;veith
CCC/C=C(\CCC)C(NS(=O)(=O)c1ccccc1)c1ccc(C(F)(F)F)cc1,4.284220827875583,ncgc;veith
CCC/C=C(\CCC)C(NS(=O)(=O)c1cccs1)c1ccc(C(=O)OC)cc1,4.984216978540185,ncgc;veith
CCC/C=C/C=O,3.738530418642034,tox21
CCC1(C(=O)NCc2ccc3occc3c2)CCN(C(=O)c2ccccc2)CC1,5.322581850003727,challenge
CCC1(C)CC(CCNS(=O)(=O)c2ccc(C)cc2)(c2ccc(C)cc2)CCO1,4.531238789289352,veith
CCC1(C)Cc2c(sc3nnn(CC(=O)Nc4ccc(C)cc4)c(=O)c23)CO1,4.231237939860009,veith
CCC1(C)Cc2c(sc3nnn(CC(=O)Nc4cccc5ccccc45)c(=O)c23)CO1,4.381238666479966,veith
CCC1(CC)CNC(=O)C1NC(=O)c1cc(-c2ccncc2)nn1C,5.256709498003728,challenge
CCC1(CC)CNC(=O)C1NC(=O)c1csc(-c2ncc[nH]2)n1,2.9355186980037278,challenge
CCC1(CO)CCCN(C(=O)Nc2ccc3c(c2)N(C)CC3)C1,3.4000318300037278,challenge
CCC1(Cn2cc(C(=O)Nc3c[nH]c4ccccc34)nn2)COC1,4.121854577003727,challenge
CCC1(O)CCC(NC(=O)Nc2ccc(Oc3ccccc3C(N)=O)cc2)CC1,3.6224939000037275,challenge
CCC1(O)CCN(S(=O)(=O)c2ccc(C#N)c(Cl)c2)CC1,4.002191877003727,challenge
CCC1(c2ccccc2)C(=O)N=C([O-])NC1=O.[Na+],3.799992648111262,tox21
CCC1(c2cnc[nH]2)Cc2ccccc2C1,5.5996964603675305,tox21
CCC12C=C(/C=C/c3ccccc3)C(CC)(C1)C(c1ccccc1)CC2=O,5.087201252198795,ncgc
CCC12COCN1COC2,3.7878221526479106,tox21
CCC1=C(C)CN(C(=O)NCCc2ccc(S(=O)(=O)NC(=O)NC3CCC(C)CC3)cc2)C1=O,5.489392419762507,ncgc;tox21;veith
CCC1=C(C)CN(C(=O)NCCc2ccc(S(=O)(=O)NC(=O)N[C@H]3CC[C@H](C)CC3)cc2)C1=O,5.431467965003728,challenge
CCC1=C(C[C@H]2NCCc3cc(OC)c(OC)cc32)C[C@H]2c3ccccc3CCN2C1,4.784219133178269,ncgc;veith
CCC1=NN(C(=O)CCc2ccccc2)C(O)(C(F)(F)F)C1,4.631238141608918,veith
CCC1CC2CC(NC(C)=O)C1C2,4.431238405874674,veith
CCC1CCC(CCC(=O)O)C1,4.078703720680497,tox21
CCC1CN(C(=O)Nc2ccccc2)c2ccc(-c3ccc(OCC(C)(C)C(=O)O)nc3)cc2O1,5.639124518466617,pharmabench
CCC1CN(C(=O)c2cnn3cccc(OC)c23)c2ccccc2O1,4.673295933003728,challenge
CCC1CN(c2ccccc2)CCN1C(=O)c1cn(Cc2noc(C)n2)nn1,4.3305303150037275,challenge
CCC1COC(Cn2cncn2)(c2ccc(Cl)cc2Cl)O1,4.838529434479041,tox21
CCC1OC23CCCCC2C(C#N)(C(=N)O3)C1(C#N)C#N,4.131237783223632,veith
CCCC(=O)C(C)=O,4.038530441677591,tox21
CCCC(=O)C(CC)Sc1ccoc1C,4.038530441677591,tox21
CCCC(=O)N1c2ccccc2C(N(C(C)=O)c2ccccc2)CC1C,4.68123872420235,veith
CCCC(=O)N=C1SC2CS(=O)(=O)CC2N1c1ccc(CC)cc1,4.28123853814577,veith
CCCC(=O)NC(Nc1cccc(C(F)(F)F)c1)C(Cl)(Cl)Cl,5.131237783223633,veith
CCCC(=O)NC(Nc1ccccc1F)C(Cl)(Cl)Cl,4.331238507999185,veith
CCCC(=O)NCCc1c2n(c3ccc(OC)cc13)CCCc1ccccc1-2,4.6842193775900025,ncgc;veith
CCCC(=O)NCCc1c2n(c3ccc(OC)cc13)Cc1ccccc1-2,5.184224419702565,ncgc;veith
CCCC(=O)Nc1c2c(nn1-c1ccc(C)cc1C)CSC2,4.131237783223632,veith
CCCC(=O)Nc1ccc(C(=O)/C=C/c2ccc(SC)cc2)cc1,5.031238394064476,veith
CCCC(=O)Nc1ccc(C(=O)NNC(=S)NC(=O)c2cccs2)cc1,3.981239042028786,veith
CCCC(=O)Nc1ccc2nc(SCC(=O)Nc3ccc(N4CCOCC4)c(Cl)c3)sc2c1,4.931238759019225,veith
CCCC(=O)Nc1cccc(Oc2nc(C)cc(C)c2C#N)c1,4.28123853814577,veith
CCCC(=O)OC/C=C(\C)CCC=C(C)C,3.863125559560194,tox21
CCCC(=O)OCC,4.53853042990295,tox21
CCCC(=O)OCC(COC(=O)CCC)OC(=O)CCC,4.8885327127793925,tox21
CCCC(=O)OCCC(C)CCC=C(C)C,4.138530880775606,tox21
CCCC(=O)OCOC(=O)C1=C(C)NC(C)=C(C(=O)OC)C1c1cccc(Cl)c1Cl,5.29969757253239,tox21
CCCC(=O)OC[C@@H](OC(=O)CCC)[C@@H](OC(=O)CCC)[C@H](Cn1c2nc(=O)[nH]c(=O)c-2nc2cc(C)c(C)cc21)OC(=O)CCC,4.499695145639398,tox21
CCCC(=O)O[C@]1(C(=O)CC)CC[C@H]2[C@@H]3CCC4=CC(=O)CC[C@]4(C)[C@H]3[C@@H](O)C[C@@]21C,4.5496968251554915,tox21
CCCC(=O)O[C@]1(C(=O)CCl)[C@@H](C)C[C@H]2[C@@H]3CCC4=CC(=O)C=C[C@]4(C)[C@@]3(F)C(=O)C[C@@]21C,4.449695384640936,tox21
CCCC(C(=O)Nc1nccs1)c1ccccc1,4.181236955344418,veith
CCCC(C(=O)OCCN(CC)CC)(c1ccccc1)c1ccccc1,4.184219245074232,ncgc;veith
CCCC(C(=O)OCCN(CC)CC)(c1ccccc1)c1ccccc1.Cl,4.499695145639398,tox21
CCCC(C)C,4.034295786678671,tox21
CCCC(C)C(=O)O,3.956186171772094,tox21
CCCC(C)C1(CC)C(=O)N=C([S-])NC1=O.[Na+],4.399695684644625,tox21
CCCC(C)c1ccccc1O,4.088530344873387,tox21
CCCC(CC)CCCCCCCN,4.127661876741062,tox21
CCCC(CCC)C(=O)O,3.914417437719056,tox21
CCCC(Cn1cncn1)c1ccc(Cl)cc1Cl,4.8885327127793925,tox21
CCCC(O)(CCC)C(=O)NN(C(=O)Nc1csc2c1CCCC2)c1ccccc1,4.131237783223632,veith
CCCC(c1cc(C(C)(C)C)c(O)cc1C)c1cc(C(C)(C)C)c(O)cc1C,4.98521938370993,ncgc;tox21
CCCC/C=C/C(NC(=O)C(C)(C)C)c1ccccc1,3.6872033036619767,ncgc
CCCC/C=C/C(NC(=O)CCc1ccccc1)c1ccccc1,4.784219133178269,ncgc;veith
CCCC/C=C/C(NC(=O)OCc1ccccc1Cl)c1ccccc1,4.087203992408599,ncgc
CCCC/C=C/C(NC(=O)Oc1cccc(C(F)(F)F)c1)c1ccccc1,4.3842204094659465,ncgc;veith
CCCC/C=C/C(NC(=O)c1ccc(C(=O)OC)cc1)c1ccccc1,4.6842193775900025,ncgc;veith
CCCC/C=C/C(NC(=O)c1ccc(C(F)(F)F)cc1)c1ccccc1,4.984216978540185,ncgc;veith
CCCC/C=C/C(NC(=O)c1ccccc1)c1ccccc1,4.284220827875583,ncgc;veith
CCCC/C=C/C(NC(=O)c1ccco1)c1ccccc1,4.084221702678786,ncgc;veith
CCCC/C=C/C(NC(=O)c1cccs1)c1ccccc1,5.78423973440602,ncgc;veith
CCCC/C=C/CCCCO,3.7885301040785704,tox21
CCCC1(C(=O)OC)C=C2C(=C(C(C)C)C(=O)C2C)CN1,3.987203621488413,ncgc
CCCC1(C(=O)OC)C=C2C(=C(c3ccccc3)C(=O)C2C)CN1,4.584219730527165,ncgc;veith
CCCC1(C)Nc2ccccc2-c2nc3ccccc3n21,4.68123872420235,veith
CCCC1(CNS(=O)(=O)C(F)(F)F)CCN(S(=O)(=O)c2ccc(Cl)cc2S(=O)(=O)c2ccccc2F)CC1,5.0370645271386545,pharmabench
CCCC1C(=O)N(c2ccccc2)C1c1ccccc1,4.28123853814577,veith
CCCC1C(CC)=CC(CC)=CN1c1ccccc1,4.138530880775606,tox21
CCCC1CCCC(=O)O1,4.038530441677591,tox21
CCCC1COC(Cn2cncn2)(c2ccc(Cl)cc2Cl)O1,5.259484607544555,tox21
CCCC1O[C@@H]2C[C@H]3[C@@H]4CCC5=CC(=O)C=C[C@]5(C)[C@H]4[C@@H](O)C[C@]3(C)[C@]2(C(=O)CO)O1,4.238353132005079,tox21
CCCC1S/C(=N/N=C/c2ccc(OC)cc2)N(Cc2ccc(OC)cc2)C1=O,4.081239412948973,veith
CCCCC#CC1C=CC(Oc2cc(OC)c(OC)c(OC)c2)C(COC(=O)OCC)O1,4.487201289787428,ncgc
CCCCC#CC1C=CC(Oc2ccc(C(=O)OC)cc2)C(COC(=O)OCC)O1,4.787200049553703,ncgc
CCCCC#CC1C=CC(Oc2ccc(OC)cc2)C(CO)O1,5.087201252198795,ncgc
CCCCC#Cc1ccccc1CC(=O)Nc1ccccc1,4.884219346423415,ncgc;veith
CCCCC#Cc1nc(N)c2ncn([C@@H]3O[C@@H](C(=O)NCC)[C@H](O)[C@@H]3O)c2n1,3.8872025006290167,ncgc
CCCCC#Cc1nc(NC)c2ncn([C@@H]3O[C@@H](CO)[C@H](O)[C@H]3O)c2n1,5.484206266808193,ncgc;veith
CCCCC(=O)N(Cc1ccc2c(c1)OCCO2)c1cccc(-c2nnn[nH]2)c1,5.531914548818748,pharmabench
CCCCC(=O)NC(Nc1cc(C)ccn1)(C(=O)OCC)C(F)(F)F,3.931238759019225,veith
CCCCC(=O)NNC(=S)NC(=O)c1cccc([N+](=O)[O-])c1,4.28123853814577,veith
CCCCC(=O)Nc1cc(C(=O)NCCc2ccccc2)ccc1Cl,4.181236955344418,veith
CCCCC(=O)Nc1ccc(C(=O)Nc2nccs2)cc1,3.7360345314746737,pharmabench
CCCCC(=O)Nc1ccc(C)c(O)c1,4.131237783223632,veith
CCCCC(=O)OCC(=O)[C@H]1[C@H](C)C[C@H]2[C@@H]3C[C@H](F)C4=CC(=O)C=C[C@]4(C)[C@@]3(F)[C@@H](O)C[C@@]21C,4.5996964603675305,tox21
CCCCC(=O)OCc1cn(-c2ccc(Cl)cc2)nn1,4.031238394064476,veith
CCCCC(=O)O[C@]1(C(=O)CO)CC[C@H]2[C@@H]3CCC4=CC(=O)CC[C@]4(C)[C@H]3[C@@H](O)C[C@@]21C,4.099695361406635,tox21
CCCCC(=O)O[C@]1(C(=O)CO)[C@@H](C)C[C@H]2[C@@H]3CCC4=CC(=O)C=C[C@]4(C)[C@@]3(F)[C@@H](O)C[C@@]21C,4.088530344873387,tox21
CCCCC(=O)O[C@]1(C(=O)CO)[C@H](C)C[C@H]2[C@@H]3CCC4=CC(=O)C=C[C@]4(C)[C@@]3(F)[C@@H](O)C[C@@]21C,4.399695684644625,tox21
CCCCC(C#N)(Cn1cncn1)c1ccc(Cl)cc1,4.214239996805927,tox21
CCCCC(CC)(CO)CO,3.9885299994982155,tox21
CCCCC(CC)C(=O)O,4.088530344873387,tox21
CCCCC(CC)C(=O)OCCOCCOCCOC(=O)C(CC)CCCC,4.635885679203412,tox21
CCCCC(CC)C(=O)OCCOCCOCCOCCOC(=O)C(CC)CCCC,4.53853042990295,tox21
CCCCC(CC)C(=O)[O-].[K+],3.8385301209917824,tox21
CCCCC(CC)CCC(CC(C)C)OS(=O)(=O)[O-].[Na+],4.138530880775606,tox21
CCCCC(CC)CN1C(=O)C2C3C=CC(C3)C2C1=O,4.588528406643712,tox21
CCCCC(CC)CN=C(N)NC(N)=NCCCCCCN=C(N)NC(N)=NCC(CC)CCCC.Cl.Cl,4.099695361406635,tox21
CCCCC(CC)CNC(=O)CC(C)OC(=O)CCC(=O)O,4.149695764085624,tox21
CCCCC(CC)COC(=O)/C=C/c1ccc(OC)cc1,4.53853042990295,tox21
CCCCC(CC)COC(=O)/C=C\C(=O)OCC(CC)CCCC,4.388707865417187,tox21
CCCCC(CC)COC(=O)C(C#N)=C(c1ccccc1)c1ccccc1,5.144111592840253,tox21
CCCCC(CC)COC(=O)CC#N,4.188530214047235,tox21
CCCCC(CC)COC(=O)CC(C(=O)OCC(CC)CCCC)S(=O)(=O)[O-].[Na+],4.446809134972517,tox21
CCCCC(CC)COC(=O)CCCCC(=O)OCC(CC)CCCC,4.107086262300888,tox21
CCCCC(CC)COC(=O)CCCCC(=O)OCc1ccccc1,4.338531273401033,tox21
CCCCC(CC)COC(=O)CCCCCCCC(=O)OCC(CC)CCCC,4.038530441677591,tox21
CCCCC(CC)COC(=O)COc1cc(Cl)c(Cl)cc1Cl,4.688532047345478,tox21
CCCCC(CC)COC(=O)COc1ccc(Cl)cc1Cl,4.181142458188389,tox21
CCCCC(CC)COC(=O)CS,4.035711293275766,tox21
CCCCC(CC)COC(=O)c1ccc(C(=O)OCC(CC)CCCC)c(C(=O)OCC(CC)CCCC)c1,4.112811436622717,tox21
CCCCC(CC)COC(=O)c1ccc(C(=O)OCC(CC)CCCC)cc1,4.07711747536896,tox21
CCCCC(CC)COC(=O)c1ccc(N(C)C)cc1,4.499695145639398,tox21
CCCCC(CC)COC(=O)c1ccc(O)cc1,4.11423994455339,tox21
CCCCC(CC)COC(=O)c1ccccc1C(=O)O,5.130799236296533,tox21
CCCCC(CC)COC(=O)c1ccccc1C(=O)OCC(CC)CCCC,4.588528406643712,tox21
CCCCC(CC)COCCC#N,3.8385301209917824,tox21
CCCCC(CC)COCCCN,4.093156137395358,tox21
CCCCC(CC)COP(=O)(O)O,4.081142911343562,tox21
CCCCC(CC)COP(=O)(O)OCC(CC)CCCC,4.363000057795993,tox21
CCCCC(CC)COP(=O)(Oc1ccccc1)Oc1ccccc1,4.988532908684509,tox21
CCCCC(O)(Cn1cncn1)c1ccc(Cl)cc1Cl,5.888540415699407,tox21
CCCCC/C(=C\c1ccccc1)CO,4.093745100091985,tox21
CCCCC/C(=N\O)c1c[nH]c2ccccc12,4.531238789289352,veith
CCCCC/C(C=O)=C\c1ccccc1,4.06317652116314,tox21
CCCCC/C=C/C/C=C/CCCCCCCC(=O)OCC,4.5496968251554915,tox21
CCCCC/C=C/C=C/C=O,4.088530344873387,tox21
CCCCC/C=C\C/C=C\C/C=C\C/C=C\CCCC(=O)NCC(=O)O,4.149695764085624,tox21
CCCCC/C=C\C/C=C\C/C=C\C/C=C\CCCC(=O)Nc1ccc(O)cc1,4.584219730527165,ncgc;veith
CCCCC/C=C\C/C=C\CCCCCCCC(=O)NC(C)c1ccccc1,5.149692953199974,tox21
CCCCC/C=C\C/C=C\CCCCCCCC(=O)OC,4.365842630537417,tox21
CCCCC/C=C\C=C\C(=O)OCC,4.320426139762918,tox21
CCCCC/C=C\CCC=O,3.7570860256005663,tox21
CCCCC/C=C\C[C@H](O)/C=C\c1cccc(C[C@H](O)CCCCO)n1,3.987203621488413,ncgc
CCCCC1(C)NC(=O)c2c(C)sc(C(=O)OCC)c2N1,5.831238989834795,veith
CCCCC1(C)Nc2ccccc2-c2nc3ccccc3n21,4.181236955344418,veith
CCCCC1(CCCC)C(=O)NC(=Nc2cccc(C)c2)NC1=O,4.581238740591187,veith
CCCCC1(COC(=O)CCC(=O)O)C(=O)N(c2ccccc2)N(c2ccccc2)C1=O,3.814417277376152,tox21
CCCCC1=NC2(CCCC2)C(=O)N1Cc1ccc(-c2ccccc2-c2nn[nH]n2)cc1,4.449695384640936,tox21
CCCCC1C(=O)N(c2ccccc2)N(c2ccc(O)cc2)C1=O,4.649695361961072,tox21
CCCCC1C(=O)N(c2ccccc2)N(c2ccccc2)C1=O,4.512212151129138,challenge;ncgc;tox21
CCCCC1CC(/C(C)=N/NC(N)=O)OC1=O,3.981239042028786,veith
CCCCC1CCC(c2nc(-c3ccccn3)no2)CC1,4.131237783223632,veith
CCCCC1S/C(=N/N=C/c2ccc(OC)cc2)N(Cc2ccc(OC)cc2)C1=O,4.28123853814577,veith
CCCCC=O,3.738530418642034,tox21
CCCCCC#CC(=O)OC,3.8385301209917824,tox21
CCCCCC(=O)N1CCCC(c2nc(-c3ccc(OC)cc3)no2)C1,4.731239014571102,veith
CCCCCC(=O)Nc1cc2[nH]c(=O)cc(COC)c2cc1C,4.28123853814577,veith
CCCCCC(=O)Nc1cccc(-c2nc3ncccc3o2)c1,4.031238394064476,veith
CCCCCC(=O)O[C@]1(C(C)=O)CC[C@H]2[C@@H]3CCC4=CC(=O)CC[C@]4(C)[C@H]3CC[C@@]21C,4.595533891326616,tox21
CCCCCC(=O)c1cc(CC(C(=O)OC)C(=O)OC)cc2cc(OC)c(OC)cc12,4.787200049553703,ncgc
CCCCCC(C)OC(=O)COc1ccc(Cl)c2cccnc12,4.438530657642067,tox21
CCCCCC(CC)OC(=O)CCCOc1ccc(Cl)cc1Cl,4.539594915691064,tox21
CCCCCC/C(C)=C1/SC(=S)NC1=O,4.581238740591187,veith
CCCCCC/C(C=O)=C\c1ccccc1,4.086061904918721,tox21
CCCCCC/C=C/C=O,3.8385301209917824,tox21
CCCCCC/C=C\CCCCCCCC(=O)O,3.895784300899975,tox21
CCCCCC1=C2CNC(C)(C(=O)OC)C=C2C(C)C1=O,3.787202796262461,ncgc
CCCCCC1=C2CNC(CC(C)C)(C(=O)OC)C=C2C(C)C1=O,4.784219133178269,ncgc;veith
CCCCCC1=C2CNC(CCC)(C(=O)OC)C=C2C(C)C1=O,4.284220827875583,ncgc;veith
CCCCCC1=C2CNC(Cc3ccccc3)(C(=O)OC)C=C2C(C)C1=O,4.584219730527165,ncgc;veith
CCCCCC1=CCCC1=O,3.858964879173369,tox21
CCCCCC1C(=O)CCC1CC(=O)OC,4.190664682800467,tox21
CCCCCC1CC1C(=O)N/N=C/c1ccc(N(C)C)cc1,5.031238394064476,veith
CCCCCC1CCC(=O)O1,4.038530441677591,tox21
CCCCCC1Nc2cc(C(F)(F)F)c(S(N)(=O)=O)cc2S(=O)(=O)N1,5.449698188883719,tox21
CCCCCCC#Cc1cc(OC)c(OC)cc1C(N1CC(C)c2ccccc21)N1CC(C)c2ccccc21,4.787200049553703,ncgc
CCCCCCC(=O)Cc1cc(OC)c(OC)cc1/C=C(/C(C)=O)C(=O)OC,4.787200049553703,ncgc
CCCCCCC(=O)Nc1ccc(C(=O)N/N=C/c2cccnc2)cc1,4.531238789289352,veith
CCCCCCC(=O)OCC,4.038530441677591,tox21
CCCCCCC(C)(C)C(=O)[O-].CCCCCCC(C)(C)C(=O)[O-].[Ca+2],4.188530214047235,tox21
CCCCCCC(C)(C)S,3.83499935771409,tox21
CCCCCCC(C)(C)c1ccc([C@@H]2C[C@H](O)CC[C@H]2CCCO)c(O)c1,3.8872025006290167,ncgc
CCCCCCC(C)Nc1ccc(Nc2ccccc2)cc1,4.8885327127793925,tox21
CCCCCCC(C)OC(=O)COc1nc(F)c(Cl)c(N)c1Cl,4.3885311946544245,tox21
CCCCCCC(CCCCCCCCCCC(=O)OCC(COC(C)=O)OC(C)=O)OC(C)=O,5.249702450799103,tox21
CCCCCCC(O)CCCCCCCCCCC(=O)OC,4.338531273401033,tox21
CCCCCCC/C=C/C=O,3.7885301040785704,tox21
CCCCCCC/C=C\CCCCCCCCC(=O)O,3.6872033036619767,ncgc
CCCCCCC1=Cc2cc(OC)c(OC)cc2C(C(C(C)=O)C(=O)OC)O1,4.687200030977656,ncgc
CCCCCCC1CC(C)(/C(C)=N/NC(N)=O)OC1=O,3.931238759019225,veith
CCCCCCC1CCC(=O)O1,3.7780086309581753,tox21
CCCCCCC1CCCC(=O)O1,4.238530429764998,tox21
CCCCCCC=O,3.833790700779918,tox21
CCCCCCCC#Cc1ccccc1C(NC(=O)OC)C(C(=O)OC)C(=O)OC,4.387202152451927,ncgc
CCCCCCCC(=O)Cl,3.731775752352526,tox21
CCCCCCCC(=O)Oc1c(Br)cc(C#N)cc1Br,4.089948801934812,tox21
CCCCCCCC/C=C/CCCCCCCC(=O)OCCOCC(OCCO)C1OC(OCCO)CC1OCCO,4.146162824009827,tox21
CCCCCCCC/C=C/CCCCCCCC1=NCCN1CCO,4.188530214047235,tox21
CCCCCCCC/C=C\CCCCCCCC(=O)N(C)CC(=O)O,3.9885299994982155,tox21
CCCCCCCC/C=C\CCCCCCCC(=O)N(CCO)CCO,4.489950760946439,tox21
CCCCCCCC/C=C\CCCCCCCC(=O)NCCO,3.787202796262461,ncgc
CCCCCCCC/C=C\CCCCCCCC(=O)NCCc1ccc(O)c(O)c1,5.084220332573883,ncgc;veith
CCCCCCCC/C=C\CCCCCCCC(=O)NCc1ccc(O)c(OC)c1,5.349697695548257,tox21
CCCCCCCC/C=C\CCCCCCCC(=O)N[C@@H](CO)Cc1ccc(O)cc1,3.787202796262461,ncgc
CCCCCCCC/C=C\CCCCCCCC(=O)O,4.533867900003727,challenge
CCCCCCCC/C=C\CCCCCCCC(=O)OC(CO)CO,4.53853042990295,tox21
CCCCCCCC/C=C\CCCCCCCC(=O)OCC,3.7885301040785704,tox21
CCCCCCCC/C=C\CCCCCCCC(=O)OCCO,4.3663516356594085,tox21
CCCCCCCC/C=C\CCCCCCCC(=O)OCCOC(=O)CCCCCCC/C=C\CCCCCCCC,4.472167972430459,tox21
CCCCCCCC/C=C\CCCCCCCC(=O)OC[C@@H](O)[C@H]1OC[C@H](O)[C@H]1O,4.138530880775606,tox21
CCCCCCCC/C=C\CCCCCCCCN,4.099695361406635,tox21
CCCCCCCC/C=C\CCCCCCCCOCCO,4.174438831407674,tox21
CCCCCCCC1=CC2=CC(=O)C(C)(OC(C)=O)C(=O)C2=CN1CCc1ccccc1,4.487201289787428,ncgc
CCCCCCCC1=Cc2ccccc2C(CC(C)=O)N1C(=O)OC,4.487201289787428,ncgc
CCCCCCCC1CCC(=O)O1,3.7885301040785704,tox21
CCCCCCCCC(=O)N/N=C/c1cccc(Br)c1,4.981239042028786,veith
CCCCCCCCC(=O)NCc1ccc(O)c(OC)c1,4.937517085925573,ncgc;tox21;veith
CCCCCCCCC(=O)O,3.7455318901029724,tox21
CCCCCCCCC(=O)OCC(C)OC(=O)CCCCCCCC,4.068376016044385,tox21
CCCCCCCCC(CCCCCC)C(=O)O,4.238530429764998,tox21
CCCCCCCCC(CO)CCCCCC,4.138530880775606,tox21
CCCCCCCCC1CCC(=O)O1,3.9885299994982155,tox21
CCCCCCCCCC,4.138530880775606,tox21
CCCCCCCCCC(=O)N(C)C,4.0318417383661584,tox21
CCCCCCCCCC(=O)N[C@@H](CN1CCOCC1)[C@@H](O)c1ccccc1,8.08308313494947,ncgc
CCCCCCCCCC(=O)O,3.7767396116791687,tox21
CCCCCCCCCC(=O)O[C@H]1CC[C@H]2[C@@H]3CCC4=CC(=O)CC[C@@H]4[C@H]3CC[C@]12C,4.449695384640936,tox21
CCCCCCCCCC(CC)c1ccc(S(=O)(=O)O)cc1,4.463706872783364,tox21
CCCCCCCCCC(CC)c1ccc(S(=O)(=O)O)cc1.OCCN(CCO)CCO,4.143400236764945,tox21
CCCCCCCCCC(CC)c1ccc(S(=O)(=O)[O-])cc1.CCCCCCCCCC(CC)c1ccc(S(=O)(=O)[O-])cc1.[Ca+2],4.699697196683655,tox21
CCCCCCCCCC(CC)c1ccc(S(=O)(=O)[O-])cc1.[Na+],3.8360561220667115,tox21
CCCCCCCCCCC,3.7128110911023073,tox21
CCCCCCCCCCC/C=C\C(C)(C)/C=C\CCCC(=O)O,4.087203992408599,ncgc
CCCCCCCCCCCC#N,3.807874391982738,tox21
CCCCCCCCCCCC(=O)N(CC)CC,3.9885299994982155,tox21
CCCCCCCCCCCC(=O)NC(C(=O)OCC)C(O)c1cccc([N+](=O)[O-])c1,4.7812382168028345,veith
CCCCCCCCCCCC(=O)NCCCN(C)C,3.7885301040785704,tox21
CCCCCCCCCCCC(=O)OCC(C)OC(=O)CCCCC(=O)O,4.749697444003367,tox21
CCCCCCCCCCCC(=O)OCC(O)CO,4.038530441677591,tox21
CCCCCCCCCCCC(=O)OC[C@@H](O)[C@H]1OC[C@H](OCCO)[C@H]1OCCO,4.598908916907046,tox21
CCCCCCCCCCCC1=C(O)C(=O)C=C(O)C1=O,3.8872025006290167,ncgc
CCCCCCCCCCCCC(=O)N1CCCC[C@H]1CNC(=O)[C@@H](N)CCCCN,4.287203117605396,ncgc
CCCCCCCCCCCCC/C=C\[C@@H](O)[C@@H](N)CO,3.6872033036619767,ncgc
CCCCCCCCCCCCC/C=C\[C@@H](O)[C@H](CO)NC(C)=O,4.784219133178269,ncgc;veith
CCCCCCCCCCCCCC(=O)OCC(O)CO,4.3885311946544245,tox21
CCCCCCCCCCCCCC(=O)O[C@H]1[C@@H](C)[C@@]2(O)[C@@H](C=C(CO)C[C@]3(O)C(=O)C(C)=C[C@@H]23)[C@H]2C(C)(C)[C@@]12OC(C)=O,4.287203117605396,ncgc
CCCCCCCCCCCCCCC(Br)C(=O)O,3.7885301040785704,tox21
CCCCCCCCCCCCCCCC,4.088530344873387,tox21
CCCCCCCCCCCCCCCC(=O)NC[C@@H](COP(=O)([O-])OCC[N+](C)(C)C)OCC,4.087203992408599,ncgc
CCCCCCCCCCCCCCCC(=O)O,4.183945301768372,tox21
CCCCCCCCCCCCCCCC(=O)OC/C=C(C)/C=C/C=C(C)/C=C/C1=C(C)CCCC1(C)C,4.238530429764998,tox21
CCCCCCCCCCCCCCCC(=O)O[C@H](CC(=O)O)C[N+](C)(C)C,3.6872033036619767,ncgc
CCCCCCCCCCCCCCCCCC(=O)NC[C@@H](COP(=O)([O-])OCC[N+](C)(C)C)OCC,4.187201534804045,ncgc
CCCCCCCCCCCCCCCCCC(=O)O[C@H](CC(=O)O)C[N+](C)(C)C,3.787202796262461,ncgc
CCCCCCCCCCCCCCCCCCNC(=O)OC1CCN(C(=O)OC[C@H](COC(=O)N(Cc2cccc[n+]2CC)C(=O)c2ccccc2OC)OC)CC1.[Cl-],4.04969579048559,tox21
CCCCCCCCCCCCCCCCCCNC(=O)OC[C@@H](COP(=O)([O-])OCC[n+]1ccsc1)OC,3.6872033036619767,ncgc
CCCCCCCCCCCCCCCCCCOS(=O)(=O)[O-].[Na+],4.188530214047235,tox21
CCCCCCCCCCCCCCCCCC[N+](C)(C)C.[Cl-],3.8371147798266794,tox21
CCCCCCCCCCCCCCCCCC[N+](C)(C)Cc1ccccc1.[Cl-],4.034295786678671,tox21
CCCCCCCCCCCCCCCCCCn1cc[n+](C)c1.F[P-](F)(F)(F)(F)F,4.091015693336613,tox21
CCCCCCCCCCCCCCCCO,4.3885311946544245,tox21
CCCCCCCCCCCCCCCCOC[C@@H](COCC(F)(F)F)OP(=O)([O-])OCO.[Li+],3.6872033036619767,ncgc
CCCCCCCCCCCCCCCC[N+](C)(C)CCN(Cc1ccc(OC)cc1)c1ncccn1,4.087203992408599,ncgc
CCCCCCCCCCCCCCCC[N+](C)(C)CCN(Cc1ccc(OC)cc1)c1ncccn1.[Br-],4.04969579048559,tox21
CCCCCCCCCCCCCCCC[N+](C)(C)Cc1ccccc1.[Cl-],3.9305694485189484,tox21
CCCCCCCCCCCCCCCC[n+]1ccccc1.[Br-],3.7814738304405964,tox21
CCCCCCCCCCCCCCCC[n+]1ccccc1.[Cl-],3.738530418642034,tox21
CCCCCCCCCCCCCCCCn1cc[n+](C)c1.F[B-](F)(F)F,3.7846475433209683,tox21
CCCCCCCCCCCCCCCCn1cc[n+](C)c1.O=S(=O)([N-]S(=O)(=O)C(F)(F)F)C(F)(F)F,4.637114996579705,tox21
CCCCCCCCCCCCCCCO,4.034647191650227,tox21
CCCCCCCCCCCCCCCS(=O)(=O)Oc1ccccc1,5.449698188883719,tox21
CCCCCCCCCCCCCCN(CCO)CCO,4.138530880775606,tox21
CCCCCCCCCCCCCCSCC(=O)O,3.6872033036619767,ncgc
CCCCCCCCCCCCCC[N+](C)(C)Cc1ccccc1.[Cl-],3.705772945771864,tox21
CCCCCCCCCCCCCC[P+](CCCC)(CCCC)CCCC.CCCCCCCCCCCCc1ccccc1S(=O)(=O)[O-],4.385702663861285,tox21
CCCCCCCCCCCCCC[P+](CCCC)(CCCC)CCCC.[Cl-],4.0395955313354985,tox21
CCCCCCCCCCCCCC[P+](CCCCCC)(CCCCCC)CCCCCC.F[P-](F)(F)(F)(F)F,4.339594168233481,tox21
CCCCCCCCCCCCCC[P+](CCCCCC)(CCCCCC)CCCCCC.N#CN=C=[N-],4.238175339376641,tox21
CCCCCCCCCCCCCC[P+](CCCCCC)(CCCCCC)CCCCCC.O=S(=O)([N-]S(=O)(=O)C(F)(F)F)C(F)(F)F,4.88888718858188,tox21
CCCCCCCCCCCCCC[P+](CCCCCC)(CCCCCC)CCCCCC.[Br-],4.084999495748506,tox21
CCCCCCCCCCCCCC[P+](CCCCCC)(CCCCCC)CCCCCC.[Cl-],4.136408810835052,tox21
CCCCCCCCCCCCCCn1cc[n+](C)c1.F[P-](F)(F)(F)(F)F,3.7888845130314834,tox21
CCCCCCCCCCCCCCn1cc[n+](C)c1.O=S(=O)([N-]S(=O)(=O)C(F)(F)F)C(F)(F)F,4.637469177164996,tox21
CCCCCCCCCCCCCN1CC(C)OC(C)C1,3.835658340554035,tox21
CCCCCCCCCCCCCOC(=O)CCSCCC(=O)OCCCCCCCCCCCCC,4.815487567148806,tox21
CCCCCCCCCCCCCOP(=O)(O)O,3.7885301040785704,tox21
CCCCCCCCCCCCN,4.233361595335189,tox21
CCCCCCCCCCCCN(CCO)CCO,3.840304946908219,tox21
CCCCCCCCCCCCN.Cl,4.838529434479041,tox21
CCCCCCCCCCCCN1CCCCCC1=O,4.138530880775606,tox21
CCCCCCCCCCCCOC(=O)c1cc(O)c(O)c(O)c1,4.689355694054086,tox21
CCCCCCCCCCCCOC(=O)c1ccc(O)cc1,4.884996136950655,tox21
CCCCCCCCCCCCOCCOCCOCCOCCOCCOCCOCCOCCOCCO,4.449695384640936,tox21
CCCCCCCCCCCCOCCOS(=O)(=O)[O-].[Na+],3.7885301040785704,tox21
CCCCCCCCCCCCOS(=O)(=O)[O-].[Na+],3.766559259294783,tox21
CCCCCCCCCCCCSCCOCCO,4.249695373334149,tox21
CCCCCCCCCCCC[N+](C)(C)CCOc1ccccc1.[Br-],3.8881762171023686,tox21
CCCCCCCCCCCC[N+](C)(C)Cc1ccccc1.[Cl-],3.733752422013488,tox21
CCCCCCCCCCCCc1ccc(O)cc1,4.838529434479041,tox21
CCCCCCCCCCCCc1ccccc1O,4.741380336639669,tox21
CCCCCCCCCCCCn1cc[n+](C)c1.O=S(=O)([N-]S(=O)(=O)C(F)(F)F)C(F)(F)F,4.785001224337929,tox21
CCCCCCCCCCCCn1cc[n+](C)c1.O=S(=O)([O-])C(F)(F)F,3.7811427262869675,tox21
CCCCCCCCCCCO,4.06514692505239,tox21
CCCCCCCCCCCSCC(=O)O,3.8385301209917824,tox21
CCCCCCCCCCC[C@@H](C[C@@H]1OC(=O)[C@H]1CCCCCC)OC(=O)[C@H](CC(C)C)NC=O,5.199701551314086,tox21
CCCCCCCCCCN,4.035704196799243,tox21
CCCCCCCCCCOCC(O)CN.Cl,4.5496968251554915,tox21
CCCCCCCCCCOS(=O)(=O)[O-].[Na+],4.089948801934812,tox21
CCCCCCCCCC[N+](C)(C)CCCCCCCCCC.[Cl-],4.038530441677591,tox21
CCCCCCCCCC[Si](C)(C)CCC(=O)N[C@@H](Cc1ccc(C)cc1)c1ccccc1,3.6872033036619767,ncgc
CCCCCCCCCCn1cc[n+](C)c1.O=S(=O)([N-]S(=O)(=O)C(F)(F)F)C(F)(F)F,4.833947196450782,tox21
CCCCCCCCCCn1cc[n+](C)c1.O=S(=O)([O-])C(F)(F)F,4.126967752940036,tox21
CCCCCCCCCCn1cc[n+](CCCCCCCCCC)c1C.[Cl-],4.037822697452893,tox21
CCCCCCCCCI,3.7804449040378127,tox21
CCCCCCCCCOC(=O)c1ccccc1C(=O)OCCCCCCCCC,4.139239633230183,tox21
CCCCCCCCCOCC1CO1,3.9718839024617836,tox21
CCCCCCCCCOS(=O)(=O)[O-].[Na+],4.338531273401033,tox21
CCCCCCCCCOc1ccc2[nH]cc(CCN)c2c1,3.8842202108992034,ncgc;veith
CCCCCCCCCc1ccc(O)cc1,4.1862380798886445,tox21
CCCCCCCCCc1ccc(OCCOCCO)cc1,4.615968669186274,tox21
CCCCCCCCN1CCCC1=O,4.038530441677591,tox21
CCCCCCCCN[C@@H](C)[C@H](O)c1ccc(SC(C)C)cc1,7.588233113269378,ncgc
CCCCCCCCN[C@H](C)[C@@H](O)c1ccc(SC(C)C)cc1,4.099695361406635,tox21
CCCCCCCCOC(=O)c1cc(O)c(O)c(O)c1,5.038529353627921,tox21
CCCCCCCCOC(=O)c1ccc(C(=O)OCCCCCCCC)c(C(=O)OCCCCCCCC)c1,3.933243023142996,tox21
CCCCCCCCOC(=O)c1ccc(O)cc1,4.139240212504499,tox21
CCCCCCCCOC(=O)c1ccccc1C(=O)OCCCCCCCC,4.164062200859409,tox21
CCCCCCCCOCCCN,4.188530214047235,tox21
CCCCCCCCOS(=O)(=O)[O-].[Na+],4.138530880775606,tox21
CCCCCCCCOc1ccc(C(=O)c2ccccc2)c(O)c1,4.269112799290735,tox21
CCCCCCCCOc1ccccc1C(=O)Nc1ccc(C(=O)OCC[N+](C)(CC)CC)cc1.[Br-],4.99969118878004,tox21
CCCCCCCCS(=O)(=O)Cl,4.184296742273221,tox21
CCCCCCCCS(=O)(=O)[O-].[Na+],4.037115020209086,tox21
CCCCCCCCS(=O)C(C)Cc1ccc2c(c1)OCO2,5.029751077148993,tox21
CCCCCCCCSC(=O)Oc1cc(Cl)nnc1-c1ccccc1,3.888530401930029,tox21
CCCCCCCCSCc1cc(C)c(O)c(CSCCCCCCCC)c1,4.688532047345478,tox21
CCCCCCCCSc1nnc(CSc2nc3nc(C)cc(C)n3n2)o1,4.031238394064476,veith
CCCCCCCC[N+](C)(CCCCCCCC)CCCCCCCC.O=S(=O)([N-]S(=O)(=O)C(F)(F)F)C(F)(F)F,4.937821299303451,tox21
CCCCCCCC[N+](C)(CCCCCCCC)CCCCCCCC.O=S(=O)([O-])C(F)(F)F,4.189239309112095,tox21
CCCCCCCC[N+](C)(CCCCCCCC)CCCCCCCC.[Cl-],4.038530441677591,tox21
CCCCCCCC[N+](CCCCCCCC)(CCCCCCCC)CCCCCCCC.[Br-],4.0892389942983245,tox21
CCCCCCCC[Sn](Cl)(Cl)CCCCCCCC,3.7885301040785704,tox21
CCCCCCCCc1ccc(Nc2ccc(CCCCCCCC)cc2)cc1,4.149695764085624,tox21
CCCCCCCCc1ccc(O)cc1,4.28570311858146,tox21
CCCCCCCCc1ccc(S(=O)(=O)[O-])cc1.[Na+],3.7420851263458648,tox21
CCCCCCCCn1cc(C(C)=O)c(=O)[nH]c1=O,4.031238394064476,veith
CCCCCCCCn1cc[n+](C)c1.F[B-](F)(F)F,3.8388845063965604,tox21
CCCCCCCCn1cc[n+](C)c1.O=S(=O)([N-]S(=O)(=O)C(F)(F)F)C(F)(F)F,4.785001224337929,tox21
CCCCCCCOC(=O)c1ccccc1C(=O)OCCCCCCC,4.588528406643712,tox21
CCCCCCCOC1(c2ccccc2)OC(=O)c2ccccc21,4.331238507999185,veith
CCCCCCC[N+](CC)(CC)CCCCc1ccc(Cl)cc1.Cc1ccc(S(=O)(=O)[O-])cc1,4.087203992408599,ncgc
CCCCCCC[n+]1ccc(-c2cc[n+](CCCCCCC)cc2)cc1,3.6872033036619767,ncgc
CCCCCCCc1ccc(O)cc1,4.088530344873387,tox21
CCCCCCN(C(=O)CCCCCN1C(=O)NC(c2ccc(-c3ccccc3)cc2)C(C(=O)OCc2ccccc2)=C1C)C(C(=O)NCCCC)c1ccc(OCC(=O)OC)c(C(=O)OC)c1,6.0871738510516264,ncgc
CCCCCCN(CCCCCC)C(=O)Cc1c(-c2ccc(F)cc2)[nH]c2ccccc12,4.584219730527165,ncgc;veith
CCCCCCN1C=CC(=C/C=C(\C#N)C(=O)OCC)C=C1,4.931238759019225,veith
CCCCCCN=Cc1c(O)n(C)c(=O)n(C)c1=O,4.131237783223632,veith
CCCCCCNC(=O)n1cc(F)c(=O)[nH]c1=O,4.449695384640936,tox21
CCCCCCOC(=O)C(C#N)c1nc2ccccc2nc1N1CCN(CC)CC1,4.381238666479966,veith
CCCCCCOC(=O)CC(CC(=O)OCCCCCC)(OC(=O)CCC)C(=O)OCCCCCC,4.138530880775606,tox21
CCCCCCOC(=O)CCCCC(=O)OCCCCCC,4.138530880775606,tox21
CCCCCCOC(=O)N=C(N)c1ccc(NCc2nc3cc(C(=O)N(CCC(=O)OCC)c4ccccn4)ccc3n2C)cc1,5.928811482003728,challenge
CCCCCCOC(=O)NC(=N)c1ccc(NCc2nc3cc(C(=O)N(CCC(=O)OCC)c4ccccn4)ccc3n2C)cc1,5.149692953199974,tox21
CCCCCCOC(=O)c1ccccc1C(=O)OCCCCCC,4.533964761525418,tox21
CCCCCCOCCOCCO,3.7881759841076734,tox21
CCCCCCOc1cc(C)c(O)c(C)c1C,4.233242837680446,tox21
CCCCCCOc1ccccc1C(N)=O,4.649695361961072,tox21
CCCCCCSc1nc2cc(OC)ccc2[nH]1,4.872711671354217,pharmabench
CCCCCC[C@@H](CCC)C(=O)O,4.099695361406635,tox21
CCCCCC[C@@H](O)C/C=C\CCCCCCCC(=O)OC,4.636407500768759,tox21
CCCCCC[C@@H](O)C/C=C\CCCCCCCC(=O)OCC(O)CO,4.638529123679475,tox21
CCCCCC[C@H]1C(=O)O[C@@H](C)[C@H](NC(=O)c2cccc(NC=O)c2O)C(=O)O[C@@H](C)[C@@H]1OC(=O)CC(C)C,3.787202796262461,ncgc
CCCCCCc1ccc(-c2ccc(C#N)cc2)cc1,3.896024043061714,tox21
CCCCCCc1ccc(N)cc1,4.288530398353015,tox21
CCCCCCc1ccc(O)cc1O,4.838529434479041,tox21
CCCCCCc1nc2ccccc2c(=O)n1NC(=O)c1c(O)c2c(n(CC(C)C)c1=O)CCCC2,5.431238405874674,veith
CCCCCCn1cc[n+](C)c1.O=S(=O)([N-]S(=O)(=O)C(F)(F)F)C(F)(F)F,4.837822901938043,tox21
CCCCCCn1cc[n+](C)c1.[Cl-],3.8207682104347374,tox21
CCCCCN(CCCCC)C(=O)C(CCC(=O)[O-])NC(=O)c1ccc(Cl)c(Cl)c1.[Na+],5.149692953199974,tox21
CCCCCN(CCCCC)C(=O)[C@H](CCC(=O)[O-])NC(=O)c1ccc(Cl)c(Cl)c1.[Na+],4.9842201027327935,ncgc;veith
CCCCCN(CCCOC)C(=O)C(CCC(=O)O)NC(=O)c1ccc(Cl)c(Cl)c1,4.649695361961072,tox21
CCCCCN1CC(O)=C(c2nc(-c3ccc(Cl)cc3)cs2)C1=N,5.4812387752551235,veith
CCCCCN=C(N)N/N=C/c1c[nH]c2ccc(OC)cc12,4.04969579048559,tox21
CCCCCN=c1ccn(Cc2ccccc2)c2ccccc12,5.78423973440602,ncgc;veith
CCCCCOC(=O)COc1cc(N2C(=O)C3=C(CCCC3)C2=O)c(F)cc1Cl,4.8885327127793925,tox21
CCCCCOC(=O)CSc1nnc(-c2ccccc2)c(=O)[nH]1,4.981239042028786,veith
CCCCCOC(=O)c1c(N)n(CCOC)c2nc3ccccc3nc12,4.581238740591187,veith
CCCCCOC(=O)c1ccccc1C(=O)OCCCCC,4.489062992113533,tox21
CCCCCOC(C)=O,4.023027149455732,tox21
CCCCCOc1ccc(C(=O)NCC2(c3ccccc3)CCOCC2)cc1,4.831238989834795,veith
CCCCCOc1ccc(C2SC(=O)NC2=O)cc1OCC,4.499695145639398,tox21
CCCCCOc1ccc(OC(=O)c2ccncc2)cc1,4.831238989834795,veith
CCCCCOc1ccccc1/C(=C\SC)n1ccnc1,4.899697790475481,tox21
CCCCCSc1nc2cc(OC)ccc2[nH]1,4.3752518416013935,pharmabench
CCCCCSc1nncc(=O)[nH]1,4.631238141608918,veith
CCCCC[C@H](O)c1cccc(OCc2ccc3ccccc3n2)c1,3.787202796262461,ncgc
CCCCC[Si](OCC)(OCC)OCC,4.138530880775606,tox21
CCCCC[n+]1ccn(-c2nc3ccccc3nc2[N-]S(=O)(=O)c2ccc(C)cc2)c1,4.331238507999185,veith
CCCCCc1ccc(N)cc1,4.138530880775606,tox21
CCCCCc1cccc(=O)o1,3.8385301209917824,tox21
CCCCCc1ccco1,4.274261748668614,tox21
CCCCCc1nc2c(C#N)c(-c3ccc(Cl)cc3)ccn2n1,4.731239014571102,veith
CCCCCn1c(=O)c(C(=O)c2ccccc2)nc2ccccc21,4.131237783223632,veith
CCCCCn1c(CN2CCCCC2C)nc2c1c(=O)n(C)c(=O)n2C,4.081239412948973,veith
CCCCCn1c(CN2CCN(c3cc(Cl)ccc3C)CC2)nc2c1c(=O)[nH]c(=O)n2C,4.731239014571102,veith
CCCCCn1c(N)c(C(=O)NCc2cccs2)c2nc3ccccc3nc21,4.731239014571102,veith
CCCCCn1c(SCC(=O)c2ccccc2)nc2cc(C(=O)NCc3ccco3)ccc2c1=O,4.68123872420235,veith
CCCCCn1c(SCc2ccncc2)nc2cc(C(=O)NCc3ccco3)ccc2c1=O,6.181236955344418,veith
CCCCCn1nc(-c2ccccc2)c2nc3ccccc3nc21,4.031238394064476,veith
CCCCN(C(=O)c1c(C)[nH]c(C(=O)OCC)c1C)c1ccccc1,4.231237939860009,veith
CCCCN(C)S(=O)(=O)c1ccc(C(=O)Nc2nnc(CSC)o2)cc1,5.381238666479966,veith
CCCCN(CC)S(=O)(=O)N1CCC(C(=O)NCCCN2CCOCC2)CC1,3.88123792116939,veith
CCCCN(CC)S(=O)(=O)c1ccc(C(=O)Nc2nnc(CSC)o2)cc1,5.331238507999185,veith
CCCCN(CC)c1c([N+](=O)[O-])cc(C(F)(F)F)cc1[N+](=O)[O-],4.238530429764998,tox21
CCCCN(CCCC)C(=S)SSC(=S)N(CCCC)CCCC,5.192802255752475,tox21
CCCCN(CCCC)C(=S)[S-].CCCCN(CCCC)C(=S)[S-].[Zn+2],4.438530657642067,tox21
CCCCN(CCCC)C(=S)[S-].[Na+],3.8385301209917824,tox21
CCCCN(CCCC)C(C(N)=O)c1ccc(OC)cc1,4.099695361406635,tox21
CCCCN(CCCC)CC(O)c1cc(Cl)cc2c1-c1ccc(Cl)cc1/C2=C/c1ccc(Cl)cc1,4.399695684644625,tox21
CCCCN(CCCC)CCCC,4.038884896437171,tox21
CCCCN(CCCC)SN(C)C(=O)Oc1cccc2c1OC(C)(C)C2,4.210011069584345,tox21
CCCCN(CCCC)c1ccc(C(=O)c2ccccc2C(=O)O)c(O)c1,4.884293790215962,tox21
CCCCN(CCCCO)N=O,4.038530441677591,tox21
CCCCN(c1cccc(-c2ccc(C(F)(F)F)cc2)c1Cl)S(=O)(=O)c1ccc(OC(C)C(=O)O)c(C)c1C,5.438093557649166,pharmabench
CCCCN(c1cccc(-c2ccc(OC(F)(F)F)cc2)c1Cl)S(=O)(=O)c1ccc(OC(C)C(=O)O)c(C)c1C,5.438093557649166,pharmabench
CCCCN1C(=O)/C(=C\c2ccco2)C(=O)N(CCc2ccccc2)C1=O,4.381238666479966,veith
CCCCN1C(=O)/C(=c2\sc3nc(=O)c(-c4ccccc4)nn3c2=O)c2ccccc21,5.7812382168028345,veith
CCCCN1C(=O)C(C2c3ccccc3C(=O)N2Cc2ccccc2)C(=O)NC1=S,4.981239042028786,veith
CCCCN1C(=O)C(CC(C)C)NC(=O)C12CCN(Cc1ccc(Oc3ccccc3)cc1)CC2,4.567242511160491,pharmabench
CCCCN1C(=O)C(NC(=O)C2CC2)(C(F)(F)F)C2=C1CC(C)(C)CC2=O,4.4812387752551235,veith
CCCCN1C(=O)C(NC(=O)CC(C)C)(C(F)(F)F)C2=C1CC(C)(C)CC2=O,4.531238789289352,veith
CCCCN1C(=O)COc2ccc(CN3CCN(CCOc4cccc5nc(C)ccc45)CC3)cc21,4.258913276755011,pharmabench
CCCCN1C(=O)NC(NC(=O)c2ccco2)(C(F)(F)F)C1=O,4.181236955344418,veith
CCCCN1C(=O)[C@@H]([C@H](O)C2CCCCC2)NC(=O)C12CCN(Cc1ccc(Oc3ccccc3)cc1)CC2,4.769892798735641,pharmabench
CCCCN1C(=O)[C@H](CC2CCCCC2)NC(=O)C12CCN(Cc1ccc(Oc3ccc(C(=O)O)cc3)cc1)CC2,4.393611850652467,pharmabench
CCCCN1C(=O)c2ccccc2C1=O,4.023170018314781,tox21
CCCCN1C2=C(C(=O)CCC2)C(c2ccc(Cl)c(Cl)c2)C2=C1c1ccccc1C2=O,4.68123872420235,veith
CCCCN1CCC(CCC(=O)c2cc(Cl)c(N)cc2OC)CC1,3.8872025006290167,ncgc
CCCCN1CCC(COC(=O)c2cc(Cl)c(N)c3c2OCCO3)CC1,3.6872033036619767,ncgc
CCCCN1CCC(n2c(=O)[nH]c3ccccc32)CC1,3.6872033036619767,ncgc
CCCCN1CCC[C@@H]1CNC(=O)c1cc(C#N)c2ccccc2c1OC,3.6872033036619767,ncgc
CCCCN1CSC(=S)N(Cc2ccccc2)C1,4.387202152451927,ncgc
CCCCN=C1N/C(=C\c2ccco2)C(=O)N1c1ccccc1,4.631238141608918,veith
CCCCNC(=O)C(=O)NC(C)CCc1ccccc1,4.031238394064476,veith
CCCCNC(=O)C(CC)Sc1nc2sc(C(=O)OC)c(C)c2c(=O)n1N,4.88123792116939,veith
CCCCNC(=O)CC(=O)Nc1ccccc1C(=O)O,4.131237783223632,veith
CCCCNC(=O)CCn1c(=S)[nH]c2cc3c(cc2c1=O)OCO3,4.68123872420235,veith
CCCCNC(=O)CN1C(=O)NC2(CCCc3ccccc32)C1=O,4.931238759019225,veith
CCCCNC(=O)CSc1nc2cc(OC)c(OC)cc2c(=O)n1Cc1ccc(OC)cc1,4.931238759019225,veith
CCCCNC(=O)NS(=O)(=O)c1ccc(C(=O)OC(C)C)o1,4.831238989834795,veith
CCCCNC(=O)NS(=O)(=O)c1ccc(C)cc1,3.9645952459265263,tox21
CCCCNC(=O)NS(=O)(=O)c1cnccc1Sc1ccc(Cl)cc1,4.4812387752551235,veith
CCCCNC(=O)OCC#CI,5.014596763618236,tox21
CCCCNC(=O)c1ccc(OC)c(CSc2nc3cc(F)ccc3n2CC(=O)O)c1,4.559943272418992,pharmabench
CCCCNC(=S)NCCCC,4.038530441677591,tox21
CCCCNP(N)(N)=S,4.088530344873387,tox21
CCCCNS(=O)(=O)c1ccc(C)cc1,4.138530880775606,tox21
CCCCNS(=O)(=O)c1ccccc1,4.09138002742799,tox21
CCCCN[C@H]1CC[C@@H](c2ccc(OCCCN3CCCCC3)cc2)CC1,5.338094522802636,pharmabench
CCCCNc1c(C(=O)OCC)c(C)nc2c1cnn2CC,3.7372030499622193,ncgc
CCCCNc1c(C(=O)OCC)c(C)nc2c1cnn2CC.Cl,4.199695243524282,tox21
CCCCNc1cc(=O)oc2ccccc12,4.4812387752551235,veith
CCCCNc1ccc(C(=O)OCCOCCOCCOCCOCCOCCOCCOCCOCCOC)cc1,4.499695145639398,tox21
CCCCNc1nc(-c2ccccc2)c(C(=O)OCC)cc1C#N,4.7812382168028345,veith
CCCCNc1nc(N)nc2cccc(C(=O)NC)c12,4.435004535810692,pharmabench
CCCCNc1nc(N)nc2cccc(OCc3ccc(CO)cc3OC)c12,4.639124518466617,pharmabench
CCCCOC(=O)/C=C\C(=O)OCCCC,4.073858975707542,tox21
CCCCOC(=O)C(C)Oc1ccc(Oc2ccc(C(F)(F)F)cn2)cc1,4.288530398353015,tox21
CCCCOC(=O)C1=C(C)Nc2ncnn2C1c1cc(OC)ccc1OC,4.381238666479966,veith
CCCCOC(=O)C1=C(C)Nc2nnnn2C1c1ccc(OC)c(OC)c1OC,4.231237939860009,veith
CCCCOC(=O)CC#N,4.568037506064521,tox21
CCCCOC(=O)CC(CC(=O)OCCCC)(OC(C)=O)C(=O)OCCCC,5.199701551314086,tox21
CCCCOC(=O)CCC(=O)OCCCC,4.038530441677591,tox21
CCCCOC(=O)CCCCC(=O)OCCCC,4.588528406643712,tox21
CCCCOC(=O)CCCCCCCC(=O)OCCCC,4.038530441677591,tox21
CCCCOC(=O)CCCCCCCCC(=O)OCCCC,3.944019667946529,tox21
CCCCOC(=O)CCS,3.888530401930029,tox21
CCCCOC(=O)CSc1nnc(-c2cc(OC)c(OC)c(OC)c2)o1,4.331238507999185,veith
CCCCOC(=O)NS(=O)(=O)c1sc(CC(C)C)cc1-c1ccc(Cn2c(CC)nc3c(C)cc(C)nc32)cc1,4.184219245074232,ncgc;veith
CCCCOC(=O)Nc1ccc(C)c(Cl)c1,4.231237939860009,veith
CCCCOC(=O)Nc1cccc(C(=O)OCC)c1,4.331238507999185,veith
CCCCOC(=O)[C@@H](C)Oc1ccc(Oc2ccc(C#N)cc2F)cc1,4.6910178311065,tox21
CCCCOC(=O)[C@@H](C)Oc1ccc(Oc2ccc(C(F)(F)F)cn2)cc1,4.385702663861285,tox21
CCCCOC(=O)c1cc2c(cn1)[nH]c1ccccc12,4.3842204094659465,ncgc;veith
CCCCOC(=O)c1ccc(N)cc1,4.187201534804045,ncgc
CCCCOC(=O)c1ccccc1C(=O)OCC(CC)CCCC,4.588177240185059,tox21
CCCCOC(=O)c1ccccc1C(=O)OCCCC,4.163353233770522,tox21
CCCCOC(=O)c1ccccc1C(=O)OCc1ccccc1,4.688884695388644,tox21
CCCCOC(=S)NC(=O)c1sc2ccccc2c1Cl,5.831238989834795,veith
CCCCOC(OCCCC)[C@H](O)CSc1ccc2ccccc2c1,4.984216978540185,ncgc;veith
CCCCOCCOC(=O)CCCCCCCCC(=O)OCCOCCCC,4.138530880775606,tox21
CCCCOCCOC(=O)COc1cc(Cl)c(Cl)cc1Cl,3.888530401930029,tox21
CCCCOCCOC(=O)COc1ccc(Cl)cc1Cl,4.088530344873387,tox21
CCCCOCCOC(=O)c1ccccc1C(=O)OCCOCCCC,4.793176961004415,tox21
CCCCOCCOCCOC(=O)CCCCC(=O)OCCOCCOCCCC,4.487999602253456,tox21
CCCCOCCOCCOCc1cc2c(cc1CCC)OCO2,5.991470078169593,tox21
CCCCOCCOCCSC#N,4.015317375403162,tox21
CCCCOCCOP(=O)(OCCOCCCC)OCCOCCCC,4.513176958447829,tox21
CCCCOCN(C(=O)CCl)c1c(CC)cccc1CC,4.8885327127793925,tox21
CCCCOCc1ccc(O)c(OC)c1,3.3661811950037275,challenge
CCCCOP(=O)(CCCC)OCCCC,4.088530344873387,tox21
CCCCOP(=O)(O)OCCCC,4.088530344873387,tox21
CCCCOP(=O)(OCCCC)OCCCC,4.366380769768134,tox21
CCCCOP(OCCCC)OCCCC,4.038530441677591,tox21
CCCCOc1cc(C(=O)OCCN(CC)CC)ccc1N.Cl,4.190352197615957,tox21
CCCCOc1ccc(/C=C/C(=O)NCCc2nc3ccccc3[nH]2)cc1,4.4812387752551235,veith
CCCCOc1ccc(C(=O)CCN2CCCCC2)cc1,4.884219346423415,ncgc;veith
CCCCOc1ccc(C(=O)CCN2CCCCC2)cc1.Cl,4.499695145639398,tox21
CCCCOc1ccc(C(=O)N/C(=C\c2ccc(OC)cc2)C(=O)OCc2ccco2)cc1,4.831238989834795,veith
CCCCOc1ccc(C(=O)N/C(=C\c2cccc([N+](=O)[O-])c2)C(=O)OCCC)cc1,5.431238405874674,veith
CCCCOc1ccc(C(=O)NCc2ccco2)cc1,4.28123853814577,veith
CCCCOc1ccc(CC(=O)NO)cc1,4.299695587281478,tox21
CCCCOc1ccc(CNn2c(C)nc3ccccc3c2=O)cc1,4.631238141608918,veith
CCCCOc1ccc(N)cc1,4.038530441677591,tox21
CCCCOc1ccc(OC(=O)c2cccnc2)cc1,4.131237783223632,veith
CCCCOc1ccc(OCCCN2CCOCC2)cc1,3.917782455003728,challenge
CCCCOc1ccc(S(=O)(=O)Nc2cccnc2)cc1,5.181236955344418,veith
CCCCOc1cccc(NS(=O)(=O)N2CCOCC2)c1,4.775766350003727,challenge
CCCCOc1ccccc1C1CC(=O)NC2=C1C(=O)CCC2,4.031238394064476,veith
CCCCOc1ncnc2c1[nH]c1ccc(OC)cc12,4.7812382168028345,veith
CCCCP(CCCC)CCCC,3.8385301209917824,tox21
CCCCSC(=S)N(C)C1CCS(=O)(=O)C1,4.031238394064476,veith
CCCCSCCCC,3.8385301209917824,tox21
CCCCSCc1nc2nc(Cl)c(Cl)nc2[nH]1,5.5842153979372355,ncgc;veith
CCCCSP(=O)(SCCCC)SCCCC,4.918537419200096,tox21
CCCCSc1ccc2nc(-c3ccc(C#N)cc3)cn2c1,4.731239014571102,veith
CCCCSc1nc2cc(OC)ccc2[nH]1,3.737121627115888,pharmabench
CCCC[C@@H]1CN2[C@H](c3ccc(Br)cc3)[C@H](C)CC[C@H]2C(=O)O1,4.587200720463143,ncgc
CCCC[C@@H]1C[C@H]1C(NC(=O)Cc1ccccc1)c1ccc(Cl)cc1,5.184224419702565,ncgc;veith
CCCC[C@@H]1C[C@H]1C(NC(=O)c1ccccc1)c1ccc(-c2ccccc2)cc1,4.984216978540185,ncgc;veith
CCCC[C@@H]1C[C@H]1C(NC(=O)c1ccccc1)c1ccc(C(=O)OC)cc1,4.784219133178269,ncgc;veith
CCCC[C@@H]1C[C@H]1C(NC(=O)c1ccccc1)c1ccc(C(F)(F)F)cc1,4.6842193775900025,ncgc;veith
CCCC[C@@H]1C[C@H]1C(NC(=O)c1ccccc1)c1ccc(Cl)cc1,4.884219346423415,ncgc;veith
CCCC[C@@H]1C[C@H]1C(NC(=O)c1ccccc1)c1ccccc1,4.3842204094659465,ncgc;veith
CCCC[C@@H]1C[C@H]1C(NC(=O)c1ccccc1)c1ccccc1C(F)(F)F,5.184224419702565,ncgc;veith
CCCC[C@@H]1C[C@H]1C(NC(=O)c1cccnc1)c1ccc(-c2ccccc2)cc1,4.584219730527165,ncgc;veith
CCCC[C@@H]1C[C@H]1C(NC(=O)c1cccnc1)c1ccc(Cl)cc1,4.184219245074232,ncgc;veith
CCCC[C@@H]1C[C@H]1C(NC(=O)c1ccco1)c1ccc(-c2ccccc2)cc1,4.784219133178269,ncgc;veith
CCCC[C@@H]1C[C@H]1C(NC(=O)c1ccco1)c1ccc(C(=O)OC)cc1,5.384228610767986,ncgc;veith
CCCC[C@@H]1C[C@H]1C(NC(=O)c1ccco1)c1ccc(Cl)cc1,4.6842193775900025,ncgc;veith
CCCC[C@@H]1C[C@H]1C(NC(=O)c1ccco1)c1ccccc1,4.084221702678786,ncgc;veith
CCCC[C@@H]1C[C@H]1C(NC(=O)c1ccco1)c1ccccc1C(F)(F)F,4.584219730527165,ncgc;veith
CCCC[C@@H]1C[C@H]1C(NC(=O)c1cccs1)c1ccc(-c2ccccc2)cc1,5.084220332573883,ncgc;veith
CCCC[C@@H]1C[C@H]1C(NC(=O)c1cccs1)c1ccc(C(F)(F)F)cc1,5.084220332573883,ncgc;veith
CCCC[C@@H]1C[C@H]1C(NC(=O)c1cccs1)c1ccc(Cl)cc1,5.284220827875583,ncgc;veith
CCCC[C@@H]1C[C@H]1C(NC(=O)c1cccs1)c1ccccc1C(F)(F)F,5.284220827875583,ncgc;veith
CCCC[C@@H]1C[C@H]1C(NP(=O)(c1ccccc1)c1ccccc1)c1ccc(Cl)cc1,4.087203992408599,ncgc
CCCC[C@@H]1C[C@H]1C(NS(=O)(=O)c1cccc2cccnc12)c1ccc(-c2ccccc2)cc1,4.784219133178269,ncgc;veith
CCCC[C@H](CC)CN=C(N)NC(N)=NCCCCCCN=C(N)NC(N)=NC[C@@H](CC)CCCC,3.987203621488413,ncgc
CCCC[C@H]1C(=O)N(c2ccccc2)N(c2ccc(O)cc2)C1=O,4.187201534804045,ncgc
CCCC[C@H]1C[C@@H]1[C@@H]1N(C(C)=O)[C@H](c2cccc(OC)c2)CC12CC2,4.084221702678786,ncgc;veith
CCCC[C@H]1C[C@@H]1[C@@H]1N(P(=O)(c2ccccc2)c2ccccc2)[C@](CO)(c2ccccc2)CC12CC2,4.084221702678786,ncgc;veith
CCCC[C@]1(C2CCCC2)Cc2cc(OCC(=O)O)c(Cl)c(Cl)c2C1=O,4.884219346423415,ncgc;veith
CCCC[N+](C)(C)C.O=S(=O)([N-]S(=O)(=O)C(F)(F)F)C(F)(F)F,4.887471018034477,tox21
CCCC[N+](C)(CCCC)CCCC.O=S(=O)([N-]S(=O)(=O)C(F)(F)F)C(F)(F)F,4.836761834999523,tox21
CCCC[N+]1(C)CCCC1.O=S(=O)([N-]S(=O)(=O)C(F)(F)F)C(F)(F)F,4.635352713428228,tox21
CCCC[N+]1(C)CCCC1.[I-],4.2102984309450475,tox21
CCCC[N+]12CCC(CC1)C(C(=O)c1cccs1)C2.[Br-],4.28123853814577,veith
CCCC[Sn](CCCC)(CCCC)O[Sn](CCCC)(CCCC)CCCC,5.298132045794584,tox21
CCCC[Sn](Cl)(Cl)CCCC,4.310711592672217,tox21
CCCC[n+]1ccc(C)cc1.[Cl-],4.240660158992992,tox21
CCCCc1c(C)nc(NCC)nc1OS(=O)(=O)N(C)C,4.138530880775606,tox21
CCCCc1c(O)cc(-c2cccnc2)n(-c2ccc(Cl)cc2)c1=O,3.88123792116939,veith
CCCCc1ccc(-c2csc(/C(C#N)=C/c3ccc(C)o3)n2)cc1,4.7812382168028345,veith
CCCCc1ccc(-c2nc(NC(=O)C3C4CCC(O4)C3C(=O)O)sc2C)cc1,4.731239014571102,veith
CCCCc1ccc(N)cc1,3.9885299994982155,tox21
CCCCc1ccc(NC(=S)NCc2cccs2)cc1,4.181236955344418,veith
CCCCc1ccc2c(n1)[C@@H](c1ccc(OC)cc1C[C@H](C)C(=O)[O-])[C@H](C(=O)[O-])[C@H]2c1ccc2c(c1)OCO2.[Na+].[Na+],4.088530344873387,tox21
CCCCc1ccc2cccc(S(=O)(=O)[O-])c2c1.[Na+],4.068422636674767,tox21
CCCCc1n[nH]c2c1/C(=N/O)CC(c1ccccc1)C2,4.981239042028786,veith
CCCCc1nc(Cl)c(CO)n1Cc1ccc(-c2ccccc2-c2nn[nH]n2)cc1,4.899697790475481,tox21
CCCCc1nc(Cl)c(CO)n1Cc1ccc(-c2ccccc2-c2nnn[nH]2)cc1,4.878400546324666,pharmabench
CCCCc1nc2ccccc2c(=O)n1-c1ccccc1[N+](=O)[O-],4.231237939860009,veith
CCCCc1nc2cccnc2n1Cc1ccc(-c2ccccc2-c2nnn[n-]2)cc1.[Na+],6.088581622049211,tox21
CCCCc1oc2ccc(NS(C)(=O)=O)cc2c1C(=O)c1ccc(OCCCN(CCCC)CCCC)cc1,4.449695384640936,tox21
CCCCc1oc2ccccc2c1C(=O)c1cc(I)c(OCCN(CC)CC)c(I)c1,6.2397697478209,ncgc;tox21;veith
CCCCc1oc2ccccc2c1C(=O)c1cc(I)c(OCCN(CC)CC)c(I)c1.Cl,4.184808436675276,tox21
CCCCn1c(N)c(C(=O)NCc2cccs2)c2nc3ccccc3nc21,4.131237783223632,veith
CCCCn1c(NCc2ccccc2NS(=O)(=O)c2ccc(C)cc2)nc2ccccc21,5.081239412948973,veith
CCCCn1c(O)c(C(CC)=NCc2ccc(F)cc2)c(=O)[nH]c1=O,4.731239014571102,veith
CCCCn1c(O)c(C(CC)=Nc2ccc(OC)cc2OC)c(=O)[nH]c1=O,4.131237783223632,veith
CCCCn1c(SC(C)C(=O)c2ccc(OC)cc2)nc2cc(S(N)(=O)=O)ccc21,4.28123853814577,veith
CCCCn1c(SC(C)C(N)=O)nc2cc(C(=O)OC)ccc2c1=O,4.331238507999185,veith
CCCCn1c(SCC(=O)Nc2nccs2)nc2ccccc2c1=O,5.68123872420235,veith
CCCCn1c(SCC(N)=O)nc2ccc(N3CCOCC3)cc2c1=O,4.081239412948973,veith
CCCCn1c(SCc2c(C)noc2C)nc2cc(S(N)(=O)=O)ccc21,4.28123853814577,veith
CCCCn1cc[n+](C)c1.O=S(=O)([N-]S(=O)(=O)C(F)(F)F)C(F)(F)F,4.688177400259352,tox21
CCCCn1cc[n+](C)c1C.O=S(=O)([N-]S(=O)(=O)C(F)(F)F)C(F)(F)F,4.536762064537816,tox21
CCCCn1ccnc1C(=O)c1ccc(S(=O)(=O)N(CCOC)CCOC)cc1,4.68123872420235,veith
CCCCn1cnc2c(cnn2-c2ccc(F)cc2)c1=O,4.231237939860009,veith
CCCCn1nc2cc(C(=O)NCc3ccc(C(F)(F)F)cc3C(F)(F)F)ccc2c1OCC,4.231237939860009,veith
CCCN(C(=O)Cc1nc(N)n[nH]1)C1(C(=O)Nc2ccccc2C)CCCCC1,5.931238759019225,veith
CCCN(C/C=C\I)[C@@H]1CCc2ccc(O)cc2C1,3.8872025006290167,ncgc
CCCN(CC)c1ccc(C(=O)N2CCC(C(=O)N3CCOCC3)CC2)cc1,4.069478327003727,challenge
CCCN(CC1CC1)c1c([N+](=O)[O-])cc(C(F)(F)F)cc1[N+](=O)[O-],4.288530398353015,tox21
CCCN(CC1CC1)c1nc(C)nc(Nc2c(Cl)cc(Cl)cc2Cl)c1Cl,3.787202796262461,ncgc
CCCN(CCC)C(=O)C(CCC(=O)OCCCN1CCN(CCOC(=O)Cc2c(C)n(C(=O)c3ccc(Cl)cc3)c3ccc(OC)cc23)CC1)NC(=O)c1ccccc1,4.949691042568217,tox21
CCCN(CCC)C(=O)CSc1nc2ccccc2c(=O)n1CC1COc2ccccc2O1,5.231237939860008,veith
CCCN(CCC)C(=O)Cc1c(-c2ccc(Cl)cc2)nc2ccc(Cl)cn12,4.399695684644625,tox21
CCCN(CCC)C(=O)SCC,3.738530418642034,tox21
CCCN(CCC)C(=S)NC(=O)c1ccc(Cl)cc1Cl,4.731239014571102,veith
CCCN(CCC)C1Cc2cc(OC)c(OC)cc2C1,3.6872033036619767,ncgc
CCCN(CCC)CCc1c[nH]c2ccc(C(N)=O)cc12,3.6872033036619767,ncgc
CCCN(CCC)CCc1cccc2c1CC(=O)N2,3.6872033036619767,ncgc
CCCN(CCC)C[C@@H]1CCCCN1CCNC(=O)N1c2ccccc2C(=O)Nc2cccnc21,3.987203621488413,ncgc
CCCN(CCC)c1c([N+](=O)[O-])cc(C(C)C)cc1[N+](=O)[O-],4.267997294871261,tox21
CCCN(CCC)c1c([N+](=O)[O-])cc(C(F)(F)F)c(N)c1[N+](=O)[O-],4.589595222867553,tox21
CCCN(CCC)c1c([N+](=O)[O-])cc(C(F)(F)F)cc1[N+](=O)[O-],4.213885015791599,tox21
CCCN(CCC)c1c([N+](=O)[O-])cc(S(C)(=O)=O)cc1[N+](=O)[O-],4.188530214047235,tox21
CCCN(CCC)c1c([N+](=O)[O-])cc(S(N)(=O)=O)cc1[N+](=O)[O-],4.910597938535702,tox21
CCCN(CCCl)c1c([N+](=O)[O-])cc(C(F)(F)F)cc1[N+](=O)[O-],4.338531273401033,tox21
CCCN(CCOc1c(Cl)cc(Cl)cc1Cl)C(=O)n1ccnc1,5.683976250946399,tox21
CCCN(CCc1cccs1)[C@H]1CCc2c(O)cccc2C1,4.449695384640936,tox21
CCCN1C(=O)/C(=C/c2ccc(C)o2)SC1=Nc1ccc(OC)cc1,4.631238141608918,veith
CCCN1C(=O)/C(=C/c2ccc(C)s2)SC1=Nc1ccc(OC)cc1,4.381238666479966,veith
CCCN1C(=O)C(Cc2nc3ccccc3c(=O)n2C)c2ccccc21,4.181236955344418,veith
CCCN1C(=O)CCc2cc(NS(=O)(=O)c3cccc(C(=O)O)c3)ccc21,4.1542736970037275,challenge
CCCN1CC=C2C(C#N)=C(N)C(C#N)(C#N)C(c3cc(OC)ccc3OC)C2C1,4.381238666479966,veith
CCCN1CCN(C(=O)CCn2ccnc2)C(C)(C)C1=O,4.583566398003728,challenge
CCCN1CCN(C(=O)c2cc(COC)on2)C(C)(C)C1=O,3.9430659530037278,challenge
CCCN1CCc2cc(O)cc3c2[C@H]1Cc1ccc(O)c(O)c1-3,3.6872033036619767,ncgc
CCCN=C(N)NCCC[C@H](N)C(=O)O,4.6842193775900025,ncgc;veith
CCCN=Cc1c(CCC)[nH]n(-c2nc3ccccc3s2)c1=O,4.28123853814577,veith
CCCNC(=O)CC(NS(=O)(=O)c1ccc(Cl)cc1)c1ccco1,4.88123792116939,veith
CCCNC(=O)CSc1nc(-c2cccs2)cc(C(F)(F)F)n1,4.831238989834795,veith
CCCNC(=O)Cn1cnc2sc(C(=O)Nc3ccc4c(c3)OCO4)c(C)c2c1=O,5.231237939860008,veith
CCCNC(=O)NS(=O)(=O)c1ccc(Cl)cc1,4.088530344873387,tox21
CCCNC(=O)OC[C@@H]1O[C@H](CCO/N=C(\C)CCC(=O)OC[C@@H]2O[C@H](c3ccccc3)C=C[C@@H]2Oc2ccc(OC)cc2)C=C[C@@H]1Oc1ccc(OC)cc1,4.687200030977656,ncgc
CCCNC(=O)OC[C@@H]1O[C@H](CCO/N=C(\C)CCN2CCCCc3nc(C)c(C)cc32)C=C[C@@H]1Oc1ccc(OC)cc1,4.687200030977656,ncgc
CCCNC(=O)OC[C@@H]1O[C@H](CCO/N=C(\C)CCN2CCc3nc(-c4ccccc4)c(-c4ccccc4)cc3C2)C=C[C@@H]1Oc1ccc(OC)cc1,4.984216978540185,ncgc;veith
CCCNC(=O)OC[C@@H]1O[C@H](CCO/N=C2\c3cc(OC)ccc3O[C@H](c3cccc(OC)c3)[C@H]2O)C=C[C@@H]1Oc1ccc(OC)cc1,4.487201289787428,ncgc
CCCNC(=O)OC[C@@H]1O[C@H](CCO/N=C\c2ccc(C(=O)N3[C@H](c4ccc(C)cc4)[C@@H](C)CC[C@H]3C(=O)OC)cc2)C=C[C@@H]1Oc1ccc(OC)cc1,4.6842193775900025,ncgc;veith
CCCNC(=O)OC[C@H]1O[C@@H](CCO/N=C\[C@@H](NS(=O)(=O)c2ccc(C)cc2)[C@H](C)/C=C\CC(=O)OC)C=C[C@@H]1Oc1ccc(OC)cc1,4.6842193775900025,ncgc;veith
CCCNC(=O)c1c(C)cc(=O)oc1C,6.231237939860009,veith
CCCNC(=S)Nc1ccc(Br)cc1,4.131237783223632,veith
CCCNS(=O)(=O)c1ccc(OCC(=O)OC)cc1,4.431238405874674,veith
CCCNc1c(F)c(F)c2c(C)c3ccccc3nc2c1F,4.081239412948973,veith
CCCOC(=O)CCCCC(=O)OCCC,4.338531273401033,tox21
CCCOC(=O)NCCCN(C)C.Cl,4.051824365598007,tox21
CCCOC(=O)c1c(-c2ccccc2)nc(CC)c(C(=O)SCC)c1CCC,4.387202152451927,ncgc
CCCOC(=O)c1c(Cl)c(Cl)c(Cl)c(Cl)c1C(=O)OCCC,4.338531273401033,tox21
CCCOC(=O)c1cc(O)c(O)c(O)c1,4.090659771574994,tox21
CCCOC(=O)c1ccc(N)cc1,4.349695468060089,tox21
CCCOC(=O)c1ccc(NC(=O)c2cn(CC)c3nc(C)ccc3c2=O)cc1,4.081239412948973,veith
CCCOC(=O)c1ccccc1,3.8291866475782346,tox21
CCCOC(=O)c1ccccc1C(=O)OCCC,4.16001149557075,tox21
CCCOC(=O)c1cncn1C(C)c1ccccc1,4.499695145639398,tox21
CCCOCC(=Nc1ccc(Cl)cc1C(F)(F)F)n1ccnc1,5.088532786506383,tox21
CCCOc1ccc(-c2nc(C#N)c(NCCCn3ccnc3)o2)cc1,5.381238666479966,veith
CCCOc1ccc(/C=C/C(=O)Nc2ccc([N+](=O)[O-])cc2C)cc1,5.131237783223633,veith
CCCOc1ccc(C(=O)NNC(=S)NC(=O)c2cc(-c3ccccc3)nc3ccccc23)cc1,4.88123792116939,veith
CCCOc1ccc(C2C(=O)N(C3CCCCC3)CC(=O)N2C2CC2)cc1OC,4.28123853814577,veith
CCCOc1ccc(Cn2c(C)nc([N+](=O)[O-])c2SCC(O)COC)cc1[N+](=O)[O-],4.231237939860009,veith
CCCOc1ccc(N2C(=O)CC(S/C(N)=N/N=C(\C)c3cccs3)C2=O)cc1,4.631238141608918,veith
CCCOc1ccc(S(=O)(=O)N2CCN(CC)CC2)cc1-c1nc2c(CC)n(Cc3ccccn3)nc2c(=O)[nH]1,5.238523532041261,tox21
CCCOc1ccc2[nH]cc(C3=CCNCC3)c2n1,4.284220827875583,ncgc;veith
CCCOc1ccc2[nH]cc(CCNC(=O)c3cncc4[nH]ccc34)c2c1,5.051713033003728,challenge
CCCOc1ccc2c(c1)CC[C@@H]1[C@@H]2CC[C@]2(C)C(OC)CC[C@@H]12,4.073976427488115,tox21
CCCOc1ccc2oc(=O)c3c(c2c1)CCCN3C(=O)CN1CCCC(C(=O)OCC)C1,4.331238507999185,veith
CCCOc1cccc(-c2cc(-c3n[nH]c(=S)n3CC)c3ccccc3n2)c1,4.631238141608918,veith
CCCOc1cccc(-c2nc3cccc(F)c3c(=O)[nH]2)c1,4.033609225003728,challenge
CCCOc1cccc(CCNC(=O)C2CC(=O)N(Cc3ccccn3)C2)c1,4.535252425003728,challenge
CCCOc1cccc(CCNC(=O)N2C3CCC2CC2(C3)CC2(F)F)c1,4.885998127003727,challenge
CCCOc1ccccc1C1CC(=O)NC(C)=C1C(=O)OCC(C)C,5.231237939860008,veith
CCCOc1nn(C(=O)[N-]S(=O)(=O)c2ccccc2C(=O)OC)c(=O)n1C.[Na+],4.039949399660961,tox21
CCCOc1sc(C(=O)N2CCC(c3cc(CN)ccc3F)CC2)c(C)c1Br.Cl,5.4763549982713045,tox21
CCCS(=O)(=O)N1CCC(C(=O)N2CCN(Cc3ccccc3)CC2)CC1,4.081239412948973,veith
CCCS(=O)(=O)N1CCCC(C(=O)N2CCN(c3ccccc3)CC2)C1,4.131237783223632,veith
CCCS(=O)(=O)N1CCCC(C(=O)NCCN2CCOCC2)C1,4.431238405874674,veith
CCCS(=O)(=O)N1CCCC(C(=O)NCc2cccnc2)C1,4.381238666479966,veith
CCCS(=O)(=O)N1CC[C@H](N(Cc2ccccc2C(F)(F)F)c2ccc(C#N)c(Cl)c2)C1,6.29670183764441,pharmabench
CCCS(=O)(=O)Nc1ccc(F)c(C(=O)c2c[nH]c3ncc(-c4ccc(C#CCN(CC)CC)nc4)cc23)c1F,4.639124518466617,pharmabench
CCCS(=O)(=O)Nc1ccc(F)c(C(=O)c2c[nH]c3ncc(-c4ccc(C(=O)NCC)nc4)cc23)c1F,4.639124518466617,pharmabench
CCCS(=O)(=O)Nc1ccc(F)c(C(=O)c2c[nH]c3ncc(-c4ccc(N5CCCC5)nc4)cc23)c1F,4.639124518466617,pharmabench
CCCS(=O)(=O)Nc1ccc(F)c(C(=O)c2c[nH]c3ncc(-c4ccc(OC)nc4OC)cc23)c1F,4.639124518466617,pharmabench
CCCS(=O)(=O)Nc1ccc(F)c(C(=O)c2c[nH]c3ncc(-c4ccc(OCCCN(C)C)nc4)cc23)c1F,4.639124518466617,pharmabench
CCCS(=O)(=O)Nc1ccc(F)c(C(=O)c2c[nH]c3ncc(-c4ccc(S(=O)(=O)NC)cc4)cc23)c1F,4.639124518466617,pharmabench
CCCS(=O)(=O)Nc1ccc(F)c(C(=O)c2c[nH]c3ncc(-c4ccc(S(C)(=O)=O)cc4)cc23)c1F,4.639124518466617,pharmabench
CCCS(=O)(=O)Nc1ccc(F)c(C(=O)c2c[nH]c3ncc(-c4cnc(N(C)C)nc4)cc23)c1F,4.639124518466617,pharmabench
CCCS(=O)(=O)Nc1ccc(F)c(C(=O)c2c[nH]c3ncc(C#CCOC)cc23)c1F,4.639124518466617,pharmabench
CCCS(=O)(=O)Nc1cccc(C(=O)c2c[nH]c3ncc(-c4cnc(N(C)C)nc4)cc23)c1F,4.639124518466617,pharmabench
CCCS(=O)(=O)Nc1ccccc1C(=O)NCc1cccc2c1OCC2,6.150488705003728,challenge
CCCS(=O)(=O)c1ccc2[nH]c(-c3ccc(-c4ccccc4)cc3)nc2c1,4.957883281091029,pharmabench
CCCS(=O)(=O)c1ccc2[nH]c(-c3cccc(-c4ccccc4)c3)nc2c1,4.360370917513788,pharmabench
CCCS(=O)(=O)c1ccc2[nH]c(-c3cccc(C(F)(F)F)c3)nc2c1,4.4688628030716595,pharmabench
CCCS(=O)(=O)c1ccc2[nH]c(-c3ccccc3)nc2c1,4.360370917513788,pharmabench
CCCSC1=C(C#N)C(c2cccnc2)C(C(=O)OCC)=C(c2ccccc2)N1,4.331238507999185,veith
CCCSP(=O)(OCC)Oc1ccc(Br)cc1Cl,4.652253975875126,tox21
CCCSP(=O)(OCC)SCCC,4.0731702500877,tox21
CCCSP(=S)(OCC)Oc1ccc(Cl)cc1Cl,5.338526931519975,tox21
CCCSP(=S)(OCC)Oc1ccc(SC)cc1,5.238523532041261,tox21
CCCSc1cc(N2CCCC2)nc(-c2ccccc2)n1,4.981239042028786,veith
CCCSc1nc(NCc2ccco2)c2c3c(sc2n1)COC(C)(C)C3,4.4812387752551235,veith
CCCSc1nc(N[C@@H]2C[C@H]2c2ccc(F)c(F)c2)c2nnn([C@H]3[C@H](O)[C@H](O)[C@@H](O)[C@H]3F)c2n1,4.392625937670816,pharmabench
CCCSc1nc(SCC(=O)NCc2ccccc2)c2c3c(sc2n1)COC(C)(C)C3,5.131237783223633,veith
CCCSc1nc(SCC(=O)NCc2ccccc2)c2c3c(sc2n1)COC(C)(CC)C3,4.68123872420235,veith
CCCSc1nc2cc(OC)ccc2[nH]1,3.7842114961587616,pharmabench
CCC[C@@H]1C[C@@]1(CCC)C(NC(=O)OCc1ccccc1)c1ccc(-c2ccccc2)cc1,4.687200030977656,ncgc
CCC[C@@H]1C[C@@]1(CCC)C(NC(=O)c1ccccc1)c1cccc(Cl)c1,3.987203621488413,ncgc
CCC[C@@H]1C[C@@]1(CCC)C(NC(=O)c1ccco1)c1ccc(Cl)cc1,4.084221702678786,ncgc;veith
CCC[C@@H]1C[C@@]1(CCC)C(NC(=O)c1cccs1)c1ccc(Cl)cc1,4.584219730527165,ncgc;veith
CCC[C@@H]1C[C@@]1(CCC)C(NP(=O)(c1ccccc1)c1ccccc1)c1ccc(Cl)cc1,3.9842213317585995,ncgc;veith
CCC[C@@H]1C[C@@]1(CCC)C(NS(=O)(=O)c1cccc2cccnc12)c1ccc(Cl)cc1,4.3842204094659465,ncgc;veith
CCC[C@@H]1O[C@@H]2C[C@@H]3[C@@H]4CCC5=CC(=O)C=C[C@@]5(C)[C@H]4[C@H](O)C[C@@]3(C)[C@@]2(C(=O)CO)O1,3.8872025006290167,ncgc
CCC[C@H]1C[C@H](C(=O)N[C@H]([C@@H]2O[C@H](SC)[C@@H](O)[C@H](O)[C@@H]2O)[C@H](C)O)N(C)C1,5.087201252198795,ncgc
CCC[N+]1(C)CCCC1.O=S(=O)([N-]S(=O)(=O)C(F)(F)F)C(F)(F)F,4.787820320074777,tox21
CCC[N+]1(C)CCCCC1.O=S(=O)([N-]S(=O)(=O)C(F)(F)F)C(F)(F)F,4.739238271674991,tox21
CCCc1[nH]nc2c1C(c1ccc(OC)c(CSc3ccccn3)c1)C(C#N)=C(N)O2.CCO,4.68123872420235,veith
CCCc1[nH]nc2c1C(c1ccncc1)C(C#N)=C(N)O2,4.88123792116939,veith
CCCc1c(-c2ccc(O)cc2)nn(-c2ccc(O)cc2)c1-c1ccc(O)cc1,4.787200049553703,ncgc
CCCc1c(OCCCCc2nn[nH]n2)ccc(C(C)=O)c1O,6.469163995430683,tox21
CCCc1c(OCCCOc2ccc(OCC(=O)O)cc2)ccc(C(C)=O)c1O,4.235657512175591,ncgc;tox21;veith
CCCc1cc(=O)[nH]c(SCc2cc(Cl)ccc2OC(F)F)n1,4.831238989834795,veith
CCCc1cc(=O)oc2cc(OCc3nn[nH]n3)ccc12,5.181236955344418,veith
CCCc1cc(C(=O)Cc2nc3ccccc3s2)c(O)cc1O,5.431238405874674,veith
CCCc1cc2c(cc1NC(=O)c1ccc(Br)cc1)OCO2,4.831238989834795,veith
CCCc1cc2c(n1CCO)C(C)C1CN(C(=O)c3ccccc3)C(C)(C(=O)OC)C21,4.184219245074232,ncgc;veith
CCCc1cc2c(n1CCc1ccc(Cl)cc1)C(C)C1CN(C(=O)c3ccccc3)C(C)(C(=O)OC)C21,4.784219133178269,ncgc;veith
CCCc1cc2c(n1Cc1cc(F)cc(F)c1)C(C)C1CN(C(=O)c3ccccc3)C(C)(C(=O)OC)C21,4.484220032521275,ncgc;veith
CCCc1cc2c(n1Cc1ccc(C)cc1)C(C)C1CN(C(=O)c3ccccc3)C(C)(C(=O)OC)C21,4.3842204094659465,ncgc;veith
CCCc1cc2c(n1Cc1ccc(OC)cc1)C(C)C1CN(C(=O)c3ccccc3)C(C)(C(=O)OC)C21,4.184219245074232,ncgc;veith
CCCc1cc2c(n1Cc1cccc(Cl)c1)C(C)C1CN(C(=O)c3ccccc3)C(C)(C(=O)OC)C21,4.584219730527165,ncgc;veith
CCCc1cc2c(n1Cc1ccco1)C(C)C1CN(C(=O)c3ccccc3)C(C)(C(=O)OC)C21,4.184219245074232,ncgc;veith
CCCc1ccc(-c2cc(C(=O)NN3CCOCC3)c3ccccc3n2)cc1,4.88123792116939,veith
CCCc1ccc(C(=O)CCCN2CCC(C(O)(c3ccccc3)c3ccccc3)CC2)cc1,3.923121174831818,pharmabench
CCCc1ccc(C2C3=C(CC(C)(C)CC3=O)NC3=C2C(=O)c2ccccc23)cc1,4.381238666479966,veith
CCCc1ccc(N)cc1,3.888530401930029,tox21
CCCc1ccc(O)cc1,3.8385301209917824,tox21
CCCc1ccc(OCC(=O)N2CCN(C(=O)COc3ccc(CCC)cc3OC)CC2)c(OC)c1,5.099699119238278,tox21
CCCc1ccc(Oc2cc(C)nc(N3CCOCC3)n2)cc1,3.88123792116939,veith
CCCc1ccc2c(c1)[nH]c(=O)c1nc(-c3ccccc3Cl)[nH]c12,3.95788328109103,pharmabench
CCCc1nc(C)c2c(=O)[nH]c(-c3cc(S(=O)(=O)N4CCN(CC)CC4)ccc3OCC)nn12.O=C(O)CC(O)(CC(=O)O)C(=O)O,4.5496968251554915,tox21
CCCc1nc(SCC(=O)Nc2nc3c(s2)CCCC3)c2ccccc2n1,5.181236955344418,veith
CCCc1nc2ccccc2c(=O)n1-c1ccc(OC)cc1,3.88123792116939,veith
CCCc1nc2ccccc2c(C(=O)OCC(=O)Nc2cccc(S(=O)(=O)N3CCOCC3)c2)c1CC,4.131237783223632,veith
CCCc1nn(-c2ccccc2)c2c1C(c1cccs1)C(C#N)=C(N)O2,4.631238141608918,veith
CCCc1nn(C)c2c(=O)[nH]c(-c3cc(S(=O)(=O)N4CCN(C)CC4)ccc3OCC)nc12.O=C(O)CC(O)(CC(=O)O)C(=O)O,4.449695384640936,tox21
CCCc1nn2c(=O)c(C(c3ccc(C)cc3)c3c(O)nc4sc(CCC)nn4c3=O)c(O)nc2s1,4.181236955344418,veith
CCCc1nnc(NC(=O)C(CC)OC(=O)c2cc(C)nc3ccccc23)s1,4.7812382168028345,veith
CCCc1nnc(NC(=O)Cn2cnc3ccccc3c2=O)s1,4.031238394064476,veith
CCCc1nnc(SCC(=O)N2CCCCC2C)n1CCCOC,6.88123792116939,veith
CCCc1noc2c1/C(=N\O)CCC2,4.381238666479966,veith
CCCn1c(-c2ccccc2)nc2c(=O)n(C)c(=O)[nH]c21,4.181236955344418,veith
CCCn1c(-c2cccs2)nc2nc3ccccc3nc21,4.28123853814577,veith
CCCn1c(=O)c(C)cn2nc(N)nc12,4.3842204094659465,ncgc;veith
CCCn1c(=O)c2[nH]c(-c3ccc(OCC(=O)Nc4ccc(C(C)=O)cc4)cc3)nc2n(CCC)c1=O,3.6872033036619767,ncgc
CCCn1c(=O)c2[nH]c(-c3ccccc3)nc2n(CCC)c1=O,5.087201252198795,ncgc
CCCn1c(=O)c2[nH]c(C3CCCC3)nc2n(CCCOC(=O)c2ccc(S(=O)(=O)F)cc2)c1=O,4.787200049553703,ncgc
CCCn1c(C)nc2c(c1=O)c1nc3ccccc3nc1n2CCC1=CCCCC1,4.531238789289352,veith
CCCn1c(NC(=O)C2CCN(S(=O)(=O)c3cccs3)CC2)nc2ccccc21,4.88123792116939,veith
CCCn1cc(CN2CCCN(c3ncnc4scc(C)c34)CC2)cn1,4.574304230003728,challenge
CCCn1cc(S(=O)(=O)c2ccc(CNC(=O)c3cc4ccncc4o3)cc2)cn1,6.492996482788379,pharmabench
CCCn1cc(S(=O)(=O)c2ccc(CNC(=O)c3cc4ccncc4o3)nc2)cn1,6.492996482788379,pharmabench
CCCn1cc[n+](C)c1.O=S(=O)([N-]S(=O)(=O)C(F)(F)F)C(F)(F)F,4.736407243728904,tox21
CCCn1cc[n+](C)c1C.O=S(=O)([N-]S(=O)(=O)C(F)(F)F)C(F)(F)F,4.781844684132611,tox21
CCCn1cnc2c(SCc3ccc(Cl)cc3)nc(N)nc21,4.487201289787428,ncgc
CCCn1nc(NC(=O)CC(C)C)c2cc3ccccc3nc21,4.981239042028786,veith
CCCn1nc2cc(C(=O)NCCCCc3ccccc3)ccc2c1OCC,4.181236955344418,veith
CCCn1nc2cc(C(=O)NCc3ccc(C)cc3)ccc2c1OC,3.981239042028786,veith
CCCn1nc2cc(C(=O)NCc3ccc4c(c3)OCO4)ccc2c1OCC,4.28123853814577,veith
CCCn1nnnc1-c1cccc(Cl)c1,5.181236955344418,veith
CCCn1nnnc1NC(=O)COc1ccc(Cl)cc1C,4.28123853814577,veith
CCCn1nnnc1NC(=O)c1ccc(C)cc1Cl,5.981239042028786,veith
CCN(/C=N/c1sc2c(c1C#N)CCCCC2)CC,4.131237783223632,veith
CCN(C(=O)COc1cc(=O)n(C)c2ccccc12)c1cccc(Cl)c1,4.381238666479966,veith
CCN(C(=O)CSc1nc2cc(C(=O)OC)ccc2c(=O)n1Cc1ccco1)c1cccc(C)c1,5.981239042028786,veith
CCN(C(=O)Cc1ccccc1OC)c1nnc(-c2ccncc2)s1,5.331238507999185,veith
CCN(C(=O)N(CC)c1ccccc1)c1ccccc1,4.338531273401033,tox21
CCN(C(=O)c1cc(C)cc(OC[C@H](C)Nc2ccncc2)c1)C(C)C.Cc1ccc(S(=O)(=O)O)cc1,4.893272630055167,tox21
CCN(C(=O)c1cnc(N2CCN(c3ncccn3)CC2)c2ccccc12)c1cccc(Cl)c1,4.7812382168028345,veith
CCN(C(C)=O)c1cccc(-c2ccnc3c(C#N)cnn23)c1,4.199695243524282,tox21
CCN(C)C(C(=O)NC1CCCN(c2ncccn2)C1)c1ccccc1,4.221872663003728,challenge
CCN(C)c1ccccc1Cn1c(=O)[nH]c2ccccc2c1=O,5.096937387003727,challenge
CCN(C1(C(=O)O)CC1)S(=O)(=O)c1ccc(-n2ccnn2)cc1,3.813014690003728,challenge
CCN(C1CCCCC1)S(=O)(=O)c1ccc(S(=O)(=O)NCc2ccncc2)cc1,6.68123872420235,veith
CCN(CC#N)c1cccc(C)c1,4.088530344873387,tox21
CCN(CC(=O)NC1CCS(=O)(=O)C1)c1ccc(S(C)(=O)=O)cc1[N+](=O)[O-],4.28123853814577,veith
CCN(CC(=O)Nc1ccc(N2CCOCC2)cc1)Cc1nc2ccccc2c(=O)[nH]1,4.181236955344418,veith
CCN(CC(=O)Nc1ccc([N+](=O)[O-])cc1OC)c1ccccc1,4.831238989834795,veith
CCN(CC(O)(CNC(=O)c1cnn(-c2ccc(F)cc2)c1N)C(F)(F)F)C(=O)c1c(Cl)cccc1Cl,5.435004535810692,pharmabench
CCN(CC(O)(CNC(=O)c1cnn(-c2ccc(F)cc2)c1N)C(F)(F)F)C(=O)c1c(F)cccc1F,4.435004535810692,pharmabench
CCN(CC(O)(CNC(=O)c1cnn(-c2ccc(F)cc2)c1N)C(F)(F)F)C(=O)c1ccccc1Cl,4.492996482788379,pharmabench
CCN(CC(O)(CNC(=O)c1cnn(-c2ccc(F)cc2)c1N)C(F)(F)F)C(=O)c1ccccc1S(C)(=O)=O,3.976366686785043,pharmabench
CCN(CC(O)(CNC(=O)c1cnn(-c2ccc(F)cc2)c1N)C(F)(F)F)C(=O)c1ncccc1Cl,4.191966487124398,pharmabench
CCN(CC)C(=O)/C(C#N)=C/c1cc(O)c(O)c([N+](=O)[O-])c1,6.349630875872473,tox21
CCN(CC)C(=O)C(C)Oc1cccc2ccccc12,4.2865894333481664,tox21
CCN(CC)C(=O)C1CCCN(c2ccc([N+](=O)[O-])cc2/C=N/NC(=O)c2ccc([N+](=O)[O-])cc2)C1,4.181236955344418,veith
CCN(CC)C(=O)COc1cccc(NC(=O)c2cc(OC)c(C)c(OC)c2)c1,4.874973953003727,challenge
CCN(CC)C(=O)CSc1nc2ccc(NC(=O)CSc3nnc(COc4ccccc4C)n3C)cc2s1,5.081239412948973,veith
CCN(CC)C(=O)Cn1cc(/C=C(\C#N)C(=O)N2CCN(c3ccccc3)CC2)c2ccccc21,4.731239014571102,veith
CCN(CC)C(=O)N[C@@H]1C=C2c3cccc4[nH]cc(c34)C[C@@H]2N(C)C1,4.449695384640936,tox21
CCN(CC)C(=O)[C@@H]1C=C2c3cccc4[nH]cc(c34)C[C@H]2N(C)C1,3.7768700498632146,tox21
CCN(CC)C(=O)c1cc(S(=O)(=O)Cc2ccccc2)c(N2CCC(c3ccccc3)CC2)cc1N(CC)CCN(C)C.O=C(O)C(F)(F)F,4.190552110480732,tox21
CCN(CC)C(=O)c1sc2[nH]c(=S)n(-c3ccccc3)c(=O)c2c1C,4.331238507999185,veith
CCN(CC)C(=S)SSC(=S)N(CC)CC,5.28422208926762,ncgc;veith
CCN(CC)C(=S)[S-].O.O.O.[Na+],3.8897732540537104,tox21
CCN(CC)CC,4.2792898434527755,tox21
CCN(CC)CC#CCC(C)(c1ccccc1)c1ccccc1.Cl,4.081239412948973,veith
CCN(CC)CC#CCOC(=O)[C@@](O)(c1ccccc1)C1CCCCC1,4.187203555006998,ncgc
CCN(CC)CC(=O)c1c[nH]c2ccc(OC)cc12,4.68123872420235,veith
CCN(CC)CCCC(C)Nc1c2ccc(Cl)cc2nc2ccc(OC)cc12,4.4347901320037275,challenge
CCN(CC)CCNC(=O)c1cc(S(C)(=O)=O)ccc1OC,4.187201534804045,ncgc
CCN(CC)CCNc1ccc(CNC=O)c2sc3ccc(OC)cc3c(=O)c12,3.9885299994982155,tox21
CCN(CC)CCOC(=O)C(C)(c1ccccc1)c1ccccc1,4.5496968251554915,tox21
CCN(CC)CCOC(=O)C1(C2CCCCC2)CCCCC1,4.387202152451927,ncgc
CCN(CC)CCOC(=O)c1cc(Cl)c(N)cc1OC,3.6872033036619767,ncgc
CCN(CC)CCOc1ccc(/C(=C(\Cl)c2ccccc2)c2ccccc2)cc1.O=C(O)CC(O)(CC(=O)O)C(=O)O,5.13331280949504,ncgc;tox21
CCN(CC)CCOc1ccc(C(O)(Cc2ccc(Cl)cc2)c2ccc(C)cc2)cc1,4.04969579048559,tox21
CCN(CC)CCOc1ccc(Cc2ccccc2)cc1,4.084221702678786,ncgc;veith
CCN(CC)CCSC(=O)C(c1ccccc1)c1ccccc1,4.399695684644625,tox21
CCN(CC)COC(=S)S,4.88720077167744,ncgc
CCN(CC)Cc1c(O)c(Cl)cc2c3c(c(=O)oc12)CCCC3,3.88123792116939,veith
CCN(CC)Cc1c(O)ccc2c(=O)c(Oc3ccccc3OC)coc12,4.381238666479966,veith
CCN(CC)Cc1cc(Nc2ccnc3cc(Cl)ccc23)ccc1O,3.754248223154055,challenge;pharmabench
CCN(CC)Cc1ccc(Nc2ccnc3cc(Cl)ccc23)cc1O,3.463033259410936,pharmabench
CCN(CC)Cc1nc2c(c(=O)[nH]1)C1(CCCC1)Cc1ccccc1-2,4.181236955344418,veith
CCN(CC)S(=O)(=O)c1cc(-c2nn(C)c(=O)c3ccccc23)ccc1C,4.68123872420235,veith
CCN(CC)S(=O)(=O)c1cc(C(=O)Nc2ccccc2C(=O)O)ccc1OC,4.931238759019225,veith
CCN(CC)S(=O)(=O)c1cc(C(=O)Nc2ccncc2)ccc1Cl,6.131237783223632,veith
CCN(CC)S(=O)(=O)c1ccc(C(=O)NC2=C(C(=O)OC)SCC2)cc1,4.981239042028786,veith
CCN(CC)S(=O)(=O)c1ccc(C(=O)Nc2ncn(Cc3ccccc3)n2)cc1,4.231237939860009,veith
CCN(CC)S(=O)(=O)c1ccc(NC(=O)COC(=O)c2ccc(Br)o2)cc1,4.331238507999185,veith
CCN(CC)S(=O)(=O)c1ccc(OC)c(NC(=O)CSc2ccccc2)c1,4.88123792116939,veith
CCN(CC)S(=O)(=O)c1ccc2c(c1)nc(CCC(=O)Nc1cccc(C(F)(F)F)c1)n2CC,4.981239042028786,veith
CCN(CC)S(=O)(=O)c1ccc2c(c1)nc(SCC(=O)N1CCOCC1)n2-c1ccccc1OC,4.381238666479966,veith
CCN(CC)c1ccc(NC(=O)CN2CCN(c3ccccc3F)CC2)cc1,4.231237939860009,veith
CCN(CC)c1ccc(SS(=O)(=O)O)cc1,4.581238740591187,veith
CCN(CC)c1ccc2c(Cl)c(Br)c(=O)oc2c1,4.28123853814577,veith
CCN(CC)c1ccc2c(c1)OC(N)=C(C#N)C2c1cccnc1,4.381238666479966,veith
CCN(CC)c1cccc(O)c1,4.704027247466499,tox21
CCN(CC)c1ccccc1,3.7885301040785704,tox21
CCN(CC)c1nc(C)cc(OP(=S)(OC)OC)n1,4.288530398353015,tox21
CCN(CC)c1nc(Nc2ccccc2)nc(Oc2ccc(C(=O)OC)cc2)n1,4.68123872420235,veith
CCN(CC)c1ncnc2c1ncn2[C@@H]1O[C@@H](COP(=O)([O-])OP(=O)([O-])C(Br)(Br)P(=O)([O-])O)[C@H](O)[C@@H]1O.[Na+].[Na+].[Na+],4.787200049553703,ncgc
CCN(CC)c1ncnc2c1sc1nc(C)cc(C)c12,4.031238394064476,veith
CCN(CCC#N)c1ccccc1,4.038530441677591,tox21
CCN(CCC(=O)O)C(=O)c1ccc(-n2cnnc2)cc1,2.232522223003728,challenge
CCN(CCN)c1cccc(C)c1,4.011412893088443,tox21
CCN(CCO)CCO.Oc1c(Cl)c(Cl)c(Cl)c(Cl)c1Cl,4.984216978540185,ncgc;veith
CCN(CCO)c1cccc(C)c1,4.038530441677591,tox21
CCN(Cc1c(F)cccc1Cl)c1c([N+](=O)[O-])cc(C(F)(F)F)cc1[N+](=O)[O-],4.788529492223417,tox21
CCN(Cc1cc(C(F)(F)F)ccc1-c1cc(CC(=O)O)ccc1OC)C(=O)OCc1ccccc1,4.082822017699329,pharmabench
CCN(Cc1cc(Cl)cc(C)c1O)Cc1c(O)ccc2ccccc12,4.587200720463143,ncgc
CCN(Cc1cccc(S(=O)(=O)O)c1)c1ccccc1,4.3885311946544245,tox21
CCN(Cc1ccccc1)Cc1cccc([N+](=O)[O-])c1,4.28123853814577,veith
CCN(Cc1ccccc1)c1ccccc1,4.143871467460123,tox21
CCN(Cc1cccnc1)C(=O)c1cccc(Cl)c1[C@]1(C)C(=O)N(Cc2ccc(OC)cc2OC)c2ccc(Cl)cc21.Cl,5.318046346987716,tox21
CCN(Cc1ccncc1)C(=O)C(CO)c1ccccc1,5.249702450799103,tox21
CCN(Cc1ccncc1)C(=O)[C@@H](CO)c1ccccc1,4.859219363159407,ncgc;veith
CCN(Cc1nc2ccccc2c(=O)[nH]1)C(=O)c1ccncn1,3.7376868620037276,challenge
CCN(c1ccc(NC(=O)COC(=O)c2ccc3ccccc3n2)cc1)C(C)C,3.981239042028786,veith
CCN(c1ccccc1)S(=O)(=O)c1ccc(NC(=S)NC(=O)c2ccc(Br)o2)cc1,5.081239412948973,veith
CCN(c1ccccc1)S(=O)(=O)c1ccc(NC(=S)NC(=O)c2cccs2)cc1,5.28123853814577,veith
CCN1C(=O)/C(=C/C=C2/SCCN2C)SC1=S,4.631238141608918,veith
CCN1C(=O)/C(=C2\SC(=S)N(CCCOC)C2=O)c2ccccc21,5.381238666479966,veith
CCN1C(=O)C(CC(=O)Nc2ccc(Br)cc2)N(CCCc2ccccc2)C1=S,5.431238405874674,veith
CCN1C(=O)C(CC(=O)Nc2ccc(OC)cc2)N(Cc2cccnc2)C1=S,4.28123853814577,veith
CCN1C(=O)C(CC(=O)Nc2ccc(OC)cc2)N(Cc2cccs2)C1=S,4.431238405874674,veith
CCN1C(=O)COc2ccc(CN3CCN(CCOc4cccc5nc(C)ccc45)CC3)cc21,4.191966487124398,pharmabench
CCN1C(=O)[C@@H]2[C@H]3C(=CC[C@@H]2C1=O)C1(OCCCO1)[C@H]1O[C@@H]1[C@H]3O,4.587200720463143,ncgc
CCN1C(=O)[C@H]2[C@H]3[C@H](O)[C@H](O)C/C(=N/OCc4ccccc4)[C@@H]3CC[C@@H]2C1=O,4.88720077167744,ncgc
CCN1CC(NC(=O)N2CC(C)(CC(F)(F)F)C2)CC1=O,3.3898408030037275,challenge
CCN1CC(n2nccc2-c2cc(Cl)ccc2Oc2cc(F)c(S(=O)(=O)Nc3cscn3)cc2F)C1,4.828354507232254,pharmabench
CCN1CCC(c2ccc(Nc3cc(N(C)C(=O)Nc4c(Cl)c(OC)cc(OC)c4Cl)ncn3)cc2)CC1,4.736034531474673,pharmabench
CCN1CCC2(CC1)COc1cc3c(cc12)N(C(=O)c1ccc(-c2ccc(-c4nnc(C)o4)cc2C)cc1)CC3.Cl,4.147603882722392,tox21
CCN1CCCC1CNC(=O)C1c2cc(OC)c(OC)cc2C(=O)N(C)C1c1cccnc1,5.031238394064476,veith
CCN1CCCC1CNC(=O)c1cc(S(N)(=O)=O)ccc1OC,4.062811235264456,tox21
CCN1CCC[C@H]1CNC(=O)c1c(O)c(Cl)cc(Cl)c1OC,4.387202152451927,ncgc
CCN1CCCc2cc(-c3nc4cc(S(N)(=O)=O)ccc4n3C)ccc21,4.636610530003727,challenge
CCN1CCN(C(=O)N[C@@H](C(=O)N[C@@H]2C(=O)N3[C@@H]2SC(C)(C)[C@@H]3C(=O)O)c2ccccc2)C(=O)C1=O,2.212716840003728,challenge
CCN1CCN(C(c2ccccn2)c2c(NC(=O)c3ccccc3)sc(C)c2C)CC1,4.331238507999185,veith
CCN1CCN(CCCn2cc(-c3ccc4c(c3)ncn4-c3cc(O[C@H](C)c4ccccc4Cl)c(C(N)=O)s3)cn2)CC1,4.957883281091029,pharmabench
CCN1CCOCC1,4.015298810212149,tox21
CCN1CCc2nc(NC(=O)CC(c3ccccc3)c3ccccc3)sc2C1,4.131237783223632,veith
CCN1CCc2nc(NC(=O)c3ccc4c(c3)OCCO4)sc2C1,4.181236955344418,veith
CCN1C[C@]2(COC(=O)c3ccccc3N3C(=O)C[C@H](C)C3=O)CC[C@H](OC)[C@@]34[C@@H]5C[C@H]6[C@H](OC)[C@H]5[C@](O)(C[C@@H]6OC)[C@@](O)([C@@H](OC)[C@@H]23)[C@@H]14,3.8872025006290167,ncgc
CCN1c2ccccc2N(CC(=O)N2CCCc3ccccc32)S1(=O)=O,4.996132548003728,challenge
CCN=C(Nc1cccc(F)c1)SC1CC(=O)N(c2ccc(OC)cc2)C1=O,4.4812387752551235,veith
CCN=C1NN=C(c2ccc(C)cc2)CS1,4.4812387752551235,veith
CCN=C1S/C(=C\c2ccc(Sc3ccc(Cl)cc3)o2)C(=O)N1CC,5.231237939860008,veith
CCNC(=O)C(C)OC(=O)Nc1ccccc1,4.138530880775606,tox21
CCNC(=O)C1CC(=O)OC12CCCCC2,3.88123792116939,veith
CCNC(=O)C1CC(C)CCC1C(C)C,3.8385301209917824,tox21
CCNC(=O)NC(=O)/C(C#N)=N/OC,3.834950331747491,tox21
CCNC(=O)NC(=O)CN1CCOC(c2cccc(F)c2)C1,3.919794560003728,challenge
CCNC(=O)O/N=C(\C)c1sc(-c2ccccc2)nc1C,4.331238507999185,veith
CCNC(=O)[C@@H]1O[C@@H](n2cnc3c(N)ncnc32)[C@H](O)[C@H]1O,3.8842202108992034,ncgc;veith
CCNC(=O)c1c(NC(C)=O)sc2c1CCCC2,4.031238394064476,veith
CCNC(=O)c1ccc(-n2nc(C)cc2-c2ccccc2)cc1,4.381238666479966,veith
CCNC(=O)c1ccc(CNC(=O)CN(C(=O)CC2OCCc3ccsc32)C2CC2)cc1,4.507726435003728,challenge
CCNC(=O)c1cccc(NC(=O)CN2CCN(c3cnn(C)c3)CC2)c1,4.138669045003728,challenge
CCNC(=S)NNC(=O)c1cc(C2CC2)nc2ccccc12,4.981239042028786,veith
CCNC(=S)NNC(=O)c1cc(CC(C)C)nc2ccccc12,4.831238989834795,veith
CCNC(=S)NNC(=O)c1cccn(Cc2ccc(Cl)cc2Cl)c1=O,4.131237783223632,veith
CCNC(C)(C)[C@@H](SS)c1ccc(Br)cc1,4.487201289787428,ncgc
CCNCc1cc(Nc2ccnc3cc(Cl)ccc23)ccc1O,3.5746665292396993,pharmabench
CCNP(=S)(OC)O/C(C)=C/C(=O)OC(C)C,5.838536299655287,tox21
CCNS(=O)(=O)C(F)(F)C(F)(F)C(F)(F)C(F)(F)C(F)(F)C(F)(F)C(F)(F)C(F)(F)F,5.406923424514254,tox21
CCNS(=O)(=O)c1ccc(CC(=O)N[C@H]2C[C@H](c3ccc(Cl)cc3)C2)cc1,5.617653735003728,challenge
CCNS(=O)(=O)c1ccc(NS(C)(=O)=O)cc1,4.381238666479966,veith
CCNS(=O)(=O)c1ccc2c(c1)N(C(=O)C1CCc3cccnc31)CC2,5.1002819120037275,challenge
CCNc1cc(O)ccc1C,4.6431581930714465,tox21
CCNc1cc2oc3cc(=[NH+]CC)c(C)cc-3c(-c3ccccc3C(=O)OCC)c2cc1C.[Cl-],4.739241683716742,tox21
CCNc1ccc(Br)cc(C(=O)/C=C/c2ccc3c(c2)OCO3)c1=O,4.231237939860009,veith
CCNc1ccc(NC(=O)C(F)(F)Cc2c(C)[nH]c3ccccc23)cn1,5.409001743003728,challenge
CCNc1nc(Cl)nc(NC(C)(C)C)n1,5.988484424790303,tox21
CCNc1nc(NC(C)C)nc(SCCOc2ccc(C)cc2)n1,4.181236955344418,veith
CCNc1nc(Sc2ccc(C)cc2)cc(C(F)(F)F)n1,3.88123792116939,veith
CCNc1ncc(S(=O)(=O)N(C)CC2CCOC2)cc1Cl,4.758412830003728,challenge
CCNc1ncc(S(=O)(=O)NCc2nncn2CC)cc1Cl,2.2277460400037277,challenge
CCNc1ncc2nc(-c3cc(F)cc(F)c3)c(=O)n(CCc3ccccc3)c2n1,4.084221702678786,ncgc;veith
CCNc1ncc2nc(-c3ccc(Cl)cc3)c(=O)n(Cc3cccs3)c2n1,3.787202796262461,ncgc
CCNc1ncc2nc(-c3ccc(OC)cc3)c(=O)n(C)c2n1,3.787202796262461,ncgc
CCNc1ncc2nc(-c3ccc(OC)cc3)c(=O)n(Cc3ccc(F)cc3)c2n1,3.787202796262461,ncgc
CCNc1ncc2nc(-c3ccccc3)c(=O)n(C)c2n1,4.184219245074232,ncgc;veith
CCNc1ncc2nc(-c3ccccc3)c(=O)n(CCOC)c2n1,3.9842213317585995,ncgc;veith
CCNc1ncc2nc(-c3ccccc3)c(=O)n(CCc3ccccc3)c2n1,5.184224419702565,ncgc;veith
CCNc1ncc2nc(-c3ccccc3)c(=O)n(Cc3ccc(F)cc3)c2n1,7.088546030650973,ncgc
CCNc1ncc2nc(-c3cccs3)c(=O)n(-c3ccccc3)c2n1,4.087203992408599,ncgc
CCNc1ncc2nc(-c3cccs3)c(=O)n(C)c2n1,4.284220827875583,ncgc;veith
CCNc1ncc2nc(-c3cccs3)c(=O)n(CCC#N)c2n1,4.184219245074232,ncgc;veith
CCNc1ncc2nc(-c3cccs3)c(=O)n(Cc3ccc(F)cc3)c2n1,3.787202796262461,ncgc
CCNc1ncc2nc(-c3cccs3)c(=O)n(Cc3cccs3)c2n1,3.6872033036619767,ncgc
CCNc1ncc2nc(-c3cn(C)c4ccccc34)c(=O)n(-c3ccccc3)c2n1,4.187201534804045,ncgc
CCNc1ncc2nc(-c3cn(C)c4ccccc34)c(=O)n(C)c2n1,3.6872033036619767,ncgc
CCNc1ncc2nc(-c3cn(C)c4ccccc34)c(=O)n(Cc3ccc(F)cc3)c2n1,3.8872025006290167,ncgc
CCNc1ncc2nc(-c3cn(C)c4ccccc34)c(=O)n(Cc3cccs3)c2n1,3.9842213317585995,ncgc;veith
CCNc1ncc2nc(C)c(=O)n(Cc3cccc(OC)c3)c2n1,4.084221702678786,ncgc;veith
CCNc1ncc2nc(CCc3ccccc3)c(=O)n(-c3ccc(OC)cc3)c2n1,4.084221702678786,ncgc;veith
CCNc1ncc2nc(CCc3ccccc3)c(=O)n(-c3ccccc3)c2n1,4.184219245074232,ncgc;veith
CCNc1ncc2nc(CCc3ccccc3)c(=O)n(C)c2n1,4.184219245074232,ncgc;veith
CCNc1ncc2nc(CCc3ccccc3)c(=O)n(C3CC3)c2n1,4.6842193775900025,ncgc;veith
CCNc1ncc2nc(CCc3ccccc3)c(=O)n(CCC#N)c2n1,4.484220032521275,ncgc;veith
CCNc1ncc2nc(CCc3ccccc3)c(=O)n(CCOC)c2n1,4.284220827875583,ncgc;veith
CCNc1ncc2ncc(=O)n(C3CC3)c2n1,3.987203621488413,ncgc
CCNc1ncc2ncc(=O)n(CCc3ccccc3)c2n1,4.087203992408599,ncgc
CCNc1ncc2ncc(=O)n(Cc3ccc(F)cc3)c2n1,3.9842213317585995,ncgc;veith
CCNc1ncc2ncc(=O)n(Cc3cccc(OC)c3)c2n1,4.184219245074232,ncgc;veith
CCNc1ncc2ncc(=O)n(Cc3cccs3)c2n1,4.087203992408599,ncgc
CCO/C(C)=N/n1c2nc3ccccc3nc2c2c(=O)n(CC(C)C)c(C)nc21,4.181236955344418,veith
CCO/C=C1\N=C(c2ccccc2)OC1=O,3.8399494009978987,tox21
CCO/N=C(\CC)C1=C(O)CC(c2c(C)cc(C)cc2C)CC1=O,4.938529421142464,tox21
CCOC(=O)/C(C#N)=C1/SC(CC)C(=O)N1c1ccc(Br)cc1,4.181236955344418,veith
CCOC(=O)/C(C#N)=C\c1ccc(OCC(=O)Nc2ccc(C)cc2C)c(OC)c1,3.88123792116939,veith
CCOC(=O)/C=C(C)/C=C/C=C(C)/C=C/c1c(C)cc(OC)c(C)c1C,4.749697444003367,tox21
CCOC(=O)/C=C(C)/C=C/C[C@@H](C)CCCC(C)C,4.3885311946544245,tox21
CCOC(=O)/C=C1\NC(C)(C)Cc2cc(OC)c(O)cc21,4.4812387752551235,veith
CCOC(=O)/C=C1\SCC(=O)N1CC(=O)Nc1ccc2c(c1)CCC2,4.131237783223632,veith
CCOC(=O)C(/C(N)=N/C(=O)Nc1ccccc1)=C(\C)O,4.131237783223632,veith
CCOC(=O)C(=Cc1ccc(-c2ccsc2C(=O)OC)o1)C(=O)OCC,5.181236955344418,veith
CCOC(=O)C(=O)CCCCCCl,4.149695764085624,tox21
CCOC(=O)C(=O)CCc1ccccc1,4.149695764085624,tox21
CCOC(=O)C(=O)NCc1ccc(/C=C2\C(=O)C(C(=O)OC)=C(C)N2c2ccccc2)o1,5.831238989834795,veith
CCOC(=O)C(Br)c1ccccc1,3.738530418642034,tox21
CCOC(=O)C(C#N)=C(c1ccccc1)c1ccccc1,4.994111489430297,tox21
CCOC(=O)C(C)OC(=O)c1cc(Oc2ccc(C(F)(F)F)cc2Cl)ccc1[N+](=O)[O-],4.76459511427332,tox21
CCOC(=O)C(C)Oc1ccc(Oc2cnc3cc(Cl)ccc3n2)cc1,4.397408949241814,tox21
CCOC(=O)C(C)Sc1ncc(OC)c(Sc2ccc(Cl)cc2)n1,4.88123792116939,veith
CCOC(=O)C(C)Sc1nnc(CNC(=O)c2ccc(OC)cc2)n1C1CCCCC1,4.081239412948973,veith
CCOC(=O)C(C)n1cnc2c(oc3ccccc32)c1=O,3.8312389898347954,veith
CCOC(=O)C(CC)(CC)C(=O)/C=C/c1ccc(Br)cc1,4.581238740591187,veith
CCOC(=O)C(Cl)Cc1cc(-n2nc(C)n(C(F)F)c2=O)c(F)cc1Cl,4.788529492223417,tox21
CCOC(=O)C(NC(=O)CC)(Nc1sc2c(c1C(=O)OC)CCN(C)C2)C(F)(F)F,4.081239412948973,veith
CCOC(=O)C(O)(c1ccc(Cl)cc1)c1ccc(Cl)cc1,4.736236962802058,tox21
CCOC(=O)C(SP(=S)(OC)OC)c1ccccc1,5.538537311396234,tox21
CCOC(=O)C(c1c(O)c2ccccc2oc1=O)c1c(O)c2ccccc2oc1=O,5.29969757253239,tox21
CCOC(=O)C1(F)CN(c2ncnc3[nH]cc(CC)c23)CC12COC2,4.565800400003727,challenge
CCOC(=O)C1(N(CC)CC)Sc2cc(C)ccc2NC1=O,5.331238507999185,veith
CCOC(=O)C1(S(=O)(=O)c2ccc(Cl)cc2)CCN(Cc2ccc(Cl)cc2)CC1,4.731239014571102,veith
CCOC(=O)C1(S(=O)(=O)c2ccccc2)CCN(Cc2ccccc2)CC1,4.231237939860009,veith
CCOC(=O)C1(c2ccccc2)CCN(CCC(C#N)(c2ccccc2)c2ccccc2)CC1.Cl,5.149692953199974,tox21
CCOC(=O)C1(c2ccccc2)CCN(CCc2ccc(N)cc2)CC1,4.399695684644625,tox21
CCOC(=O)C1=C(C)C(c2ccccc2OC)NC(=S)N1,4.081239412948973,veith
CCOC(=O)C1=C(C)N(C)C(=S)NC1c1ccccc1Cl,4.081239412948973,veith
CCOC(=O)C1=C(C)N(CC(C)C)C(=O)/C1=C\c1ccc(OCC(=O)Nc2ccccc2)cc1,4.831238989834795,veith
CCOC(=O)C1=C(C)N=C2SC(C(=O)OC)=CC(=O)N2C1c1ccc(F)cc1,4.431238405874674,veith
CCOC(=O)C1=C(C)N=C2SC(C(=O)OC)=CC(=O)N2C1c1cccc(OC)c1,4.88123792116939,veith
CCOC(=O)C1=C(C)N=C2c3ccccc3C(=O)C2C1c1ccc(C)cc1,5.331238507999185,veith
CCOC(=O)C1=C(C)N=C2c3ccccc3C(=O)C2C1c1ccc(Cl)cc1,5.531238789289352,veith
CCOC(=O)C1=C(C)NC(=O)NC1c1ccoc1,4.181236955344418,veith
CCOC(=O)C1=C(C)NC(=S)NC1c1cccc(O)c1,3.9842213317585995,ncgc;veith
CCOC(=O)C1=C(C)NC(C)=C(C(=O)OC)C1c1cccc(Cl)c1Cl,4.938489005381189,pharmabench;tox21
CCOC(=O)C1=C(C)NC(C)=C(C(=O)OC)C1c1cccc([N+](=O)[O-])c1,5.755327648508283,pharmabench;tox21
CCOC(=O)C1=C(C)NC(C)=C(C(=O)OC)[C@@H]1c1cccc(Cl)c1Cl,5.884210701854814,ncgc;veith
CCOC(=O)C1=C(C)NC(C)=C(C(=O)OC)[C@@H]1c1cccc([N+](=O)[O-])c1,5.78423973440602,ncgc;veith
CCOC(=O)C1=C(C)NC(C)=C(C(=O)OC)[C@H]1c1cccc(Cl)c1Cl,5.184224419702565,ncgc;veith
CCOC(=O)C1=C(C)NC(C)=C(C(=O)OC)[C@H]1c1cccc([N+](=O)[O-])c1,5.834213482287092,ncgc;veith
CCOC(=O)C1=C(C)NC(C)=C(C(=O)OCC)C1c1ccccc1/C=C/C(=O)OC(C)(C)C,5.2683782631945935,pharmabench;tox21
CCOC(=O)C1=C(C)NC(C)=C(C(=O)OCC)C1c1sccc1C,5.331238507999185,veith
CCOC(=O)C1=C(C)NC(SCC(N)=O)=C(C#N)C1c1ccccc1,4.181236955344418,veith
CCOC(=O)C1=C(C)NC2=C(C(=O)C(C(=O)OCC)C(c3ccc(OC)cc3)C2)C1c1ccccn1,4.331238507999185,veith
CCOC(=O)C1=C(C)Nc2ncnn2C1c1cccnc1,3.88123792116939,veith
CCOC(=O)C1=C(COc2ccc(F)cc2Cl)NC(=O)NC1c1cc(C)ccc1C,4.88123792116939,veith
CCOC(=O)C1=C(CSc2nc(-c3ccccc3)ccc2C#N)OC(N)=C(C#N)C1c1ccc(OC)cc1,5.081239412948973,veith
CCOC(=O)C1=C(CSc2nc3ccccc3s2)NC(=O)NC1c1cc(C)ccc1C,4.731239014571102,veith
CCOC(=O)C1=C(CSc2nc3ccccc3s2)NC(=O)NC1c1cccc([N+](=O)[O-])c1,4.68123872420235,veith
CCOC(=O)C1=C(N)n2c(s/c(=C\c3ccco3)c2=O)=C(C(=O)OCC)C1c1ccco1,5.181236955344418,veith
CCOC(=O)C1=C(NC(=S)NC(=O)c2ccccc2)c2ccccc2CC1(C)C,4.131237783223632,veith
CCOC(=O)C1=C(O)C(=O)N(Cc2ccccc2)C1,4.6842193775900025,ncgc;veith
CCOC(=O)C1=C(O)C(=O)N(c2ccc(S(N)(=O)=O)cc2)C1c1ccc(OC)cc1,4.131237783223632,veith
CCOC(=O)C1=C(c2ccccc2)N=c2s/c(=C\c3cc(OC)c(OC)c(OC)c3)c(=O)n2C1c1cccs1,5.181236955344418,veith
CCOC(=O)C1=C(c2ccccc2)N=c2s/c(=C\c3ccco3)c(=O)n2C1c1cccs1,4.331238507999185,veith
CCOC(=O)C1=C(c2ccccc2)NC(=S)NC1c1cc([N+](=O)[O-])ccc1OC,4.431238405874674,veith
CCOC(=O)C1=C2SCC(=O)N2C(N)=C(C#N)C1,3.981239042028786,veith
CCOC(=O)C1=C[C@]2(CC)CCCN3CCc4c(n1c1ccccc41)[C@@H]32,4.399695684644625,tox21
CCOC(=O)C1=NN(c2ccc(Cl)cc2Cl)C(C)(C(=O)OCC)C1,4.788529492223417,tox21
CCOC(=O)C1=NN(c2ccccc2)C(=O)C1,3.7885301040785704,tox21
CCOC(=O)C1=NNC2(c3ccc(Cl)cc3)C(=O)N(c3cc(C)cc(C)c3)C(=O)C12,4.731239014571102,veith
CCOC(=O)C1C(=O)C=C(c2ccc(C)cc2)CC1c1ccco1,4.7812382168028345,veith
CCOC(=O)C1C(=O)C=C(c2ccc(NS(C)(=O)=O)cc2)CC1c1ccco1,4.631238141608918,veith
CCOC(=O)C1CC(=O)C(=C(O)C2CC2)C(=O)C1,4.038530441677591,tox21
CCOC(=O)C1CCCN(C(=O)CCn2nc(-c3ccccc3)ccc2=O)C1,3.7812382168028345,veith
CCOC(=O)C1CCCN(C(=O)CSCc2ccccc2)C1,4.28123853814577,veith
CCOC(=O)C1CCCN(C(=O)c2cc3nc(-c4ccc5c(c4)OCO5)cc(C(F)(F)F)n3n2)C1,4.4812387752551235,veith
CCOC(=O)C1CCCN(C(=O)c2sc3nc(-c4ccc(OC)cc4)cn3c2C)C1,4.631238141608918,veith
CCOC(=O)C1CCCN(C/C=C/c2ccccc2[N+](=O)[O-])C1,4.081239412948973,veith
CCOC(=O)C1CCCN(c2ncnc3c2cnn3-c2ccc(Cl)cc2)C1,4.431238405874674,veith
CCOC(=O)C1CCCN(c2ncnc3c2cnn3-c2cccc(C)c2)C1,4.181236955344418,veith
CCOC(=O)C1CCN(C(=O)C23CC4CC(CC(C4)C2)C3)CC1,4.581238740591187,veith
CCOC(=O)C1CCN(C(=O)C2CCN(c3nc4ccc(OC)cc4s3)CC2)CC1,4.731239014571102,veith
CCOC(=O)C1CCN(Cc2cnc(Oc3ccc(OC)cc3)s2)CC1,4.28123853814577,veith
CCOC(=O)C1CN(S(=O)(=O)c2cccc(C(F)(F)F)c2)c2cc(CC(=O)OC)ccc2O1,4.4812387752551235,veith
CCOC(=O)C1Cc2c([nH]c3ccccc23)CN1.Cl,4.031238394064476,veith
CCOC(=O)C1OC1c1ccccc1,3.829747711462982,tox21
CCOC(=O)CC(=O)CSc1nc(-c2ccccc2)cc(-c2ccc(Cl)cc2)c1C#N,5.231237939860008,veith
CCOC(=O)CC(=O)CSc1nc(-c2cccnc2)cc(C)c1C#N,5.181236955344418,veith
CCOC(=O)CC(=O)CSc1nnc2c(n1)[nH]c1ccccc12,4.331238507999185,veith
CCOC(=O)CC(=O)c1ccccc1,4.088530344873387,tox21
CCOC(=O)CC(CC(=O)OCC)(OC(C)=O)C(=O)OCC,4.138530880775606,tox21
CCOC(=O)CC(NC(=O)c1ccc(C)cc1)c1ccc(C)cc1,4.081239412948973,veith
CCOC(=O)CC(NC(=O)c1ccco1)c1ccc(OC)cc1,4.081239412948973,veith
CCOC(=O)CC(NC(=O)c1cccs1)c1ccc(OCC)cc1,4.731239014571102,veith
CCOC(=O)CC(Nc1nc(N2CCOCC2)nc(N2CCOCC2)n1)c1ccccc1Cl,4.631238141608918,veith
CCOC(=O)CC(O)(CC(=O)OCC)C(=O)OCC,4.638529123679475,tox21
CCOC(=O)CC(SP(=O)(OC)OC)C(=O)OCC,3.924381394281774,tox21
CCOC(=O)CCC(=O)OCC,4.088530344873387,tox21
CCOC(=O)CCCCCCCCC(=O)OCC,4.138530880775606,tox21
CCOC(=O)CCCS(=O)(=O)N1CCC(n2cc(C)cn2)CC1,3.771417367003728,challenge
CCOC(=O)CCCc1c[nH]c2ccccc12,4.381238666479966,veith
CCOC(=O)CCN(SN(C)C(=O)Oc1cccc2c1OC(C)(C)C2)C(C)C,4.3885311946544245,tox21
CCOC(=O)CN(C(=O)CCC(=O)Nc1cc(C)on1)C(C(=O)NC1CCCC1)c1cccnc1,4.031238394064476,veith
CCOC(=O)CN1C(=O)C(Sc2n[nH]c(-c3ccc(C)cc3)n2)CCc2ccccc21,4.631238141608918,veith
CCOC(=O)CN1C(=O)Nc2ccc(Br)cc2C1c1ccccc1,4.4812387752551235,veith
CCOC(=O)CNC(=O)CSc1nnc(-c2ccncc2)n1-c1ccc(Cl)cc1,4.181236955344418,veith
CCOC(=O)CNS(=O)(=O)c1cc(-c2nn(C)c(=O)c3ccccc23)ccc1C,5.7812382168028345,veith
CCOC(=O)CNc1c(-c2ccccc2)nc2ccc(Cl)cn12,4.831238989834795,veith
CCOC(=O)COC(=O)c1cc(Oc2ccc(C(F)(F)F)cc2Cl)ccc1[N+](=O)[O-],4.738528782693339,tox21
CCOC(=O)COC(=O)c1ccccc1C(=O)OCC,4.138530880775606,tox21
CCOC(=O)COc1c(OC)cc(Cl)cc1C1Nc2ccccc2C(=O)N1c1ccc(F)cc1,5.831238989834795,veith
CCOC(=O)COc1c(OC)cc(Cl)cc1C1Nc2ccccc2C(=O)N1c1cccc(C)c1,5.431238405874674,veith
CCOC(=O)COc1cc(-c2nn(C)c(OC(F)F)c2Cl)c(F)cc1Cl,4.838529434479041,tox21
CCOC(=O)COc1cc(-n2ncc(C(F)(F)F)c(C)c2=O)c(F)cc1Cl,4.088530344873387,tox21
CCOC(=O)COc1cc(OCC(=O)OCC)c2c(=O)cc(-c3ccccc3)oc2c1,4.331238507999185,veith
CCOC(=O)COc1ccc(/C=C/[N+](=O)[O-])c(OCC(=O)OCC)c1,4.381238666479966,veith
CCOC(=O)COc1ccc2c(c1)CC(NCC(O)c1cccc(Cl)c1)CC2.Cl,4.184811484280997,tox21
CCOC(=O)CS,3.7444855729260915,tox21
CCOC(=O)CSC1=C(C#N)C(C)C2=C(CCCC2=O)N1,3.931238759019225,veith
CCOC(=O)CSC1=C(C#N)C(c2ccccc2F)C(C(C)=O)=C(C)N1,4.731239014571102,veith
CCOC(=O)CSC1=C(C#N)C(c2sccc2C)C(C(C)=O)=C(C)N1,5.031238394064476,veith
CCOC(=O)CSC1=C(C#N)C(c2sccc2C)CC(=O)N1,4.181236955344418,veith
CCOC(=O)CSC1=NC(=O)/C(=C\c2ccc(Cl)cc2)S1,5.181236955344418,veith
CCOC(=O)CSc1cc(=O)n(C)c2cc(Cl)ccc12,4.131237783223632,veith
CCOC(=O)CSc1cc(CS(=O)c2ccc(Cl)cc2)nc(-c2ccccc2)n1,5.181236955344418,veith
CCOC(=O)CSc1n[nH]c(NC(=O)c2cccc(C(F)(F)F)c2)n1,4.581238740591187,veith
CCOC(=O)CSc1nc(-c2ccccc2)nc2ccccc12,4.4812387752551235,veith
CCOC(=O)CSc1nc2c(cnn2-c2ccc(C)cc2)c(=O)[nH]1,4.931238759019225,veith
CCOC(=O)CSc1nc2ccccc2c(=O)n1CC1CCC(C(=O)NCc2ccco2)CC1,4.381238666479966,veith
CCOC(=O)CSc1ncc(OC)c(Sc2ccc(Cl)cc2)n1,5.331238507999185,veith
CCOC(=O)CSc1nnc(CSc2nc3sc4c(c3c(=O)[nH]2)CCCC4)n1-c1ccccc1,4.581238740591187,veith
CCOC(=O)CSc1nnc(NC(=O)c2cccc(S(=O)(=O)N3CCCCCC3)c2)s1,5.28123853814577,veith
CCOC(=O)C[n+]1c(C)sc2ccc(OC)cc21.[Br-],4.131237783223632,veith
CCOC(=O)Cc1c(C)nc2c(-c3ccccc3)c(-c3ccccc3)[nH]n2c1=O,4.131237783223632,veith
CCOC(=O)Cc1c(C)nc2c(C#N)c[nH]n2c1=O,4.181236955344418,veith
CCOC(=O)Cc1csc(NC(=O)CCCCCN2C(=O)c3ccccc3C2=O)n1,5.181236955344418,veith
CCOC(=O)Cc1csc(NC(=O)c2c(-c3c(Cl)cccc3Cl)noc2C)n1,4.7812382168028345,veith
CCOC(=O)Cc1csc(NC(=O)c2ccc(Cl)nc2)n1,4.231237939860009,veith
CCOC(=O)Cc1csc(NC(=O)c2sc3nc4ccc(CC)cc4cc3c2N)n1,5.631238141608918,veith
CCOC(=O)Cc1csc(NC(=S)NC(=O)c2ccc(Cl)cc2)n1,4.931238759019225,veith
CCOC(=O)Cc1csc(NC(=S)NC(=O)c2ccc(F)cc2)n1,5.181236955344418,veith
CCOC(=O)Cc1csc(NS(=O)(=O)c2ccccc2)n1,4.581238740591187,veith
CCOC(=O)Cc1nnc(NC(=O)CSc2ccc(C)cc2)s1,4.731239014571102,veith
CCOC(=O)Cn1c(-c2ccccc2)nc2ccccc2c1=O,4.981239042028786,veith
CCOC(=O)Cn1c(=O)sc2cccc(Cl)c21,4.638529123679475,tox21
CCOC(=O)Cn1c(C(F)(F)F)nc2nc(Cl)c(Cl)nc21,5.384228610767986,ncgc;veith
CCOC(=O)Cn1c(CN(Cc2ccccc2)Cc2ccccc2)nc2c1c(=O)[nH]c(=O)n2C,4.131237783223632,veith
CCOC(=O)Cn1cc(C(=O)c2ccccc2F)c2ccccc21,4.431238405874674,veith
CCOC(=O)Cn1cccc1-c1nc(-c2ccc(OC)cc2)c(-c2ccc(OC)cc2)s1,4.949691042568217,tox21
CCOC(=O)Cn1nc(C)n(-c2ccc(C(C)(C)C)cc2)c1=O,4.28123853814577,veith
CCOC(=O)Cn1nc(Cc2ccccc2)c2ccccc2c1=O,4.28123853814577,veith
CCOC(=O)Cn1nnc2c(sc3nc4c(c(-c5ccc(Cl)cc5)c32)CCC4)c1=O,4.181236955344418,veith
CCOC(=O)N(C)C(=O)CSP(=S)(OCC)OCC,5.788529492223417,tox21
CCOC(=O)N(c1ccccc1)P1(=S)OCC(C)O1,4.531238789289352,veith
CCOC(=O)N/N=C1/C[C@@H](O)[C@@H](O)[C@@H]2[C@@H]3C(=O)N(c4cccc(Oc5ccccc5)c4)C(=O)[C@H]3CC[C@@H]12,4.687200030977656,ncgc
CCOC(=O)N1CCC(=C2c3ccc(Cl)cc3CCc3cccnc32)CC1,5.2897063943877205,challenge;ncgc;tox21;veith
CCOC(=O)N1CCC(NC(=O)CS(=O)(=O)Cc2nc(-c3cccc(OC)c3)oc2C)CC1,3.88123792116939,veith
CCOC(=O)N1CCC(NC(=O)CSCc2cnn(-c3ccccc3)c2-n2cccc2)CC1,4.631238141608918,veith
CCOC(=O)N1CCC(NC(=O)c2cc(S(=O)(=O)N3CCCC3)cn2C)CC1,4.431238405874674,veith
CCOC(=O)N1CCC(Nc2ccc(Cl)cc2N)CC1,4.699697196683655,tox21
CCOC(=O)N1CCC(n2c(=O)[nH]c3cc(Cl)ccc32)CC1,4.6739770657778825,tox21
CCOC(=O)N1CCC(n2c(SCC(=O)c3ccccc3)nc3ccsc3c2=O)CC1,4.981239042028786,veith
CCOC(=O)N1CCN(C(=O)C(C)SCc2ccccc2)CC1,4.731239014571102,veith
CCOC(=O)N1CCN(C(=O)C(CC)n2nc(C)c3sc4ccccc4c3c2=O)CC1,4.7812382168028345,veith
CCOC(=O)N1CCN(C(=O)CNS(=O)(=O)c2cccs2)CC1,4.68123872420235,veith
CCOC(=O)N1CCN(C(=O)Cc2ccsc2)CC1,4.131237783223632,veith
CCOC(=O)N1CCN(C(=O)c2ccc3nc(N4CCC(C)CC4)sc3c2)CC1,4.88123792116939,veith
CCOC(=O)N1CCN(C(=O)c2ccc3nc(SCc4ccc(F)cc4)n(C)c3c2)CC1,5.081239412948973,veith
CCOC(=O)N1CCN(C(=O)c2cccn3c(=O)c4cc(Cl)ccc4nc23)CC1,4.331238507999185,veith
CCOC(=O)N1CCN(C(=O)c2oc3ccc(S(=O)(=O)N4CCCCC4)cc3c2C)CC1,4.28123853814577,veith
CCOC(=O)N1CCN(Cc2nc(-c3ccc(Cl)cc3)no2)CC1,4.28123853814577,veith
CCOC(=O)N1CCN(S(=O)(=O)c2ccc(C(=O)Nc3ccc(F)cc3F)cc2)CC1,4.081239412948973,veith
CCOC(=O)N1CCN(c2c(-c3ccccc3)c3cc(Cl)ccc3[nH]c2=O)CC1,5.181236955344418,veith
CCOC(=O)N1CCN(c2nc(-c3ccco3)cc(C(F)(F)F)n2)CC1,5.231237939860008,veith
CCOC(=O)N1CCN(c2nc(-c3cccs3)cc(C(F)(F)F)n2)CC1,5.081239412948973,veith
CCOC(=O)N1CC[C@H](N(Cc2cc(F)ccc2C)c2ccc(C#N)c(Cl)c2)C1,5.162003263746954,pharmabench
CCOC(=O)N1N=C(c2ccccc2)CC1(O)C(F)(F)F,4.28123853814577,veith
CCOC(=O)NC(C)(C)Cc1ccc(Cl)cc1,4.449695384640936,tox21
CCOC(=O)NC1(C(F)(F)F)C(=O)N(Cc2ccccc2)C2=C1C(=O)CC(C)(C)C2,3.8312389898347954,veith
CCOC(=O)Nc1ccc(C(=O)N2CCN(S(=O)(=O)c3ccc(F)cc3)CC2)cc1,4.6712118720037274,challenge
CCOC(=O)Nc1ccc(C(=O)Oc2ccccc2)c(O)c1,4.031238394064476,veith
CCOC(=O)Nc1ccc(NCc2ccc(F)cc2)nc1N,3.8872025006290167,ncgc
CCOC(=O)Nc1ccc(NCc2ccc(F)cc2)nc1N.O=C(O)/C=C\C(=O)O,4.649695361961072,tox21
CCOC(=O)Nc1ccc(S(=O)(=O)NCc2ccccc2)cc1,4.531238789289352,veith
CCOC(=O)Nc1ccc2c(c1)N(C(=O)CCN1CCOCC1)c1ccccc1S2.Cl,4.449695384640936,tox21
CCOC(=O)Nc1nc(-c2ccccc2)c(C)s1,4.387202152451927,ncgc
CCOC(=O)Nc1sc(C(=O)N(C)C)c(C)c1C(=O)OCC,4.181236955344418,veith
CCOC(=O)OC(C)OC1=C(C(=O)Nc2ccccn2)N(C)S(=O)(=O)c2ccccc21,4.199695243524282,tox21
CCOC(=O)OC1=C(c2cc(C)ccc2C)C(=O)NC12CCC(OC)CC2,3.93853028541095,tox21
CCOC(=O)OCC1C=C[C@H](c2cc(-c3ccccc3)ccc2O)C(c2ccc(C(C)=O)cc2)O1,5.787241252009206,ncgc
CCOC(=O)OCC1OC(C#Cc2ccc(Br)cc2)C=CC1OC(=O)OCC,4.88720077167744,ncgc
CCOC(=O)OCC1OC(C#Cc2ccc(C(C)(C)C)cc2)C=CC1OC(=O)OCC,7.889263108933359,ncgc
CCOC(=O)OCC1OC(C#Cc2ccccc2)C=CC1OC(=O)OCC,6.3873826151783,ncgc
CCOC(=O)OCC1OC(C#Cc2ccccc2)C=CC1Oc1cccc(N(C)C)c1,4.88720077167744,ncgc
CCOC(=O)OCC1OC(c2ccc(C(C)=O)cc2)C=CC1Oc1ccc(-c2ccccc2)cc1,4.587200720463143,ncgc
CCOC(=O)OCC1OC(c2ccccc2)C=CC1OC(=O)OCC,4.787200049553703,ncgc
CCOC(=O)OCC1OC(c2ccccc2)C=CC1Oc1ccc(F)cc1C,4.787200049553703,ncgc
CCOC(=O)O[C@H](C)OC(=O)c1ccc2c(c1)cc(C(=O)NC1CCN(C(C)C)CC1)n2Cc1cc(-c2ccc(Cl)s2)on1.Cl,4.118047590141455,tox21
CCOC(=O)O[C@]1(C(=O)COC(=O)CC)CC[C@@H]2[C@@H]3CCC4=CC(=O)C=C[C@@]4(C)[C@H]3[C@H](O)C[C@]21C,4.184219245074232,ncgc;veith
CCOC(=O)Oc1ccc(CCNC(=O)[C@H](CCSC)NC(C)=O)cc1OC(=O)OCC,4.399695684644625,tox21
CCOC(=O)[C@@H](C)Oc1ccc(Oc2nc3ccc(Cl)cc3o2)cc1,4.038530441677591,tox21
CCOC(=O)[C@@H](O)Cc1cnc2ccccc2n1,4.687200030977656,ncgc
CCOC(=O)[C@@]12C[C@@H]1/C(=N/O)c1ccccc1O2,3.6872033036619767,ncgc
CCOC(=O)[C@H](CCc1ccccc1)N[C@@H](C)C(=O)N(CC(=O)O)C1Cc2ccccc2C1.Cl,4.449695384640936,tox21
CCOC(=O)[C@H](CCc1ccccc1)N[C@@H](C)C(=O)N1Cc2cc(OC)c(OC)cc2C[C@H]1C(=O)O.Cl,4.449695384640936,tox21
CCOC(=O)[C@H](CCc1ccccc1)N[C@@H](C)C(=O)N1Cc2ccccc2C[C@H]1C(=O)O.Cl,4.6425235866005,tox21
CCOC(=O)[C@H](CCc1ccccc1)N[C@H]1CCc2ccccc2N(CC(=O)O)C1=O.Cl,4.749697444003367,tox21
CCOC(=O)[C@H](N)/C=C(\C)CP(=O)(O)O,3.8872025006290167,ncgc
CCOC(=O)[C@]1(c2ccccc2)Oc2ccccc2[C@@H]1N,4.038530441677591,tox21
CCOC(=O)[CH-]C(=O)C(=O)OCC.[Na+],4.088530344873387,tox21
CCOC(=O)c1[nH]c(C(=O)O)c(CCC(=O)OC)c1C,3.7812382168028345,veith
CCOC(=O)c1[nH]c(C)c(C(=O)N2CCC3(CC2)OCCO3)c1C,3.981239042028786,veith
CCOC(=O)c1[nH]c(C)c(C(=O)OCC(=O)N2c3ccccc3CC2C)c1C,3.88123792116939,veith
CCOC(=O)c1[nH]c(C)c(CN(CCc2ccccc2)C(=O)CCC(=O)O)c1C,3.8312389898347954,veith
CCOC(=O)c1[nH]c(COC(=O)CCOc2ccccc2OC)c(C(=O)OCC)c1C,4.631238141608918,veith
CCOC(=O)c1[nH]c2cc(OC)c(OC)cc2c1NC(=O)c1nonc1C,5.431238405874674,veith
CCOC(=O)c1[nH]c2ccc(OC)cc2c1NC(=O)c1ccc2c(c1)OCO2,4.131237783223632,veith
CCOC(=O)c1c(-c2ccc(C)o2)csc1NC(=S)NC(=O)N(C)C,4.28123853814577,veith
CCOC(=O)c1c(-c2ccc(OC)cc2)csc1NC(=O)CCN1C(=O)c2ccccc2C1=O,5.131237783223633,veith
CCOC(=O)c1c(-c2ccccc2)cn2ccccc12,4.731239014571102,veith
CCOC(=O)c1c(-c2ccccc2)csc1NC(=O)c1cccc(N2C(=O)CCC2=O)c1,5.7812382168028345,veith
CCOC(=O)c1c(-c2ccccc2)nc2c(C)cccn12,4.231237939860009,veith
CCOC(=O)c1c(-c2ccccc2)nc2ccc(Cl)cn12,4.081239412948973,veith
CCOC(=O)c1c(-c2ccccc2)nc2ccccn12,3.88123792116939,veith
CCOC(=O)c1c(C(C)(C)C)oc2ccc(O)cc12,3.981239042028786,veith
CCOC(=O)c1c(C)[nH]c(C(=O)C(C)Sc2ccc(Cl)cc2)c1C,5.431238405874674,veith
CCOC(=O)c1c(C)[nH]c(C(=O)COC(=O)c2ccccc2NC(=O)c2ccco2)c1C,5.181236955344418,veith
CCOC(=O)c1c(C)[nH]c(C(=O)CSc2nnc(-c3cccs3)n2Cc2ccccc2)c1C,4.68123872420235,veith
CCOC(=O)c1c(C)[nH]c(C)c1C(=O)COC(=O)c1ccc(S(=O)(=O)N(CC)CC)cc1,5.731239014571102,veith
CCOC(=O)c1c(C)[nH]c(C)c1C(=O)COC(=O)c1cccc(S(=O)(=O)N(CC)CC)c1,4.7812382168028345,veith
CCOC(=O)c1c(C)[nH]c2c1cc(O)c1ccccc12,5.4812387752551235,veith
CCOC(=O)c1c(C)n(C)c2ccc(O)cc12,4.5496968251554915,tox21
CCOC(=O)c1c(C)n(C)c2ccc(OC(=O)c3ccco3)cc12,5.231237939860008,veith
CCOC(=O)c1c(C)nc2c(c1-c1ccc(OC)cc1)C(=O)CC(C)(C)C2,4.081239412948973,veith
CCOC(=O)c1c(C)nc2c(c1-c1ccccc1)C(=O)CCC2,4.031238394064476,veith
CCOC(=O)c1c(C)nc2sc3c(=O)n(-c4ccc(C(C)=O)cc4)nnc3c2c1-c1ccc(Cl)cc1,4.831238989834795,veith
CCOC(=O)c1c(C)nc2sc3c(=O)n(-c4ccc(OC)cc4)nnc3c2c1-c1ccc(OC)cc1,4.28123853814577,veith
CCOC(=O)c1c(C)nc2sc3c(c2c1-c1ccc(OC)cc1)NC(c1ccccc1)NC3=O,5.28123853814577,veith
CCOC(=O)c1c(C)oc2c1cc(O)c1ccccc12,5.231237939860008,veith
CCOC(=O)c1c(CC(C)C)csc1NC=O,4.28123853814577,veith
CCOC(=O)c1c(N)sc2c1CCN(Cc1ccccc1)C2,5.099699119238278,tox21
CCOC(=O)c1c(N2C(=O)Nc3cc(Cl)c(Cl)cc3N2O)sc2c1CCCCC2,4.731239014571102,veith
CCOC(=O)c1c(NC(=O)C(c2ccccc2)c2ccccc2)sc2c1C1CCN2CC1.Cl,5.081239412948973,veith
CCOC(=O)c1c(NC(=O)CSc2nnc(C)s2)sc2c1CCCCC2,4.231237939860009,veith
CCOC(=O)c1c(NC(=O)CSc2nnnn2C)sc(C)c1C,3.931238759019225,veith
CCOC(=O)c1c(NC(=O)Cn2cc([N+](=O)[O-])cn2)sc2c1CCC2,4.731239014571102,veith
CCOC(=O)c1c(NC(=O)Cn2nc([N+](=O)[O-])c(Br)c2C)sc2c1CCC(C)C2,4.731239014571102,veith
CCOC(=O)c1c(NC(=O)Nc2ccccc2)sc(C)c1C,4.731239014571102,veith
CCOC(=O)c1c(NC(=O)c2c(Br)cnn2C)c(C#N)nn1-c1ccccc1,4.981239042028786,veith
CCOC(=O)c1c(NC(=O)c2c(N)n(CCCOC)c3nc4ccccc4nc23)sc2c1CCCC2,4.731239014571102,veith
CCOC(=O)c1c(NC(=S)NC(=O)c2cnn(CC)c2)sc2c1CCC(C)C2,4.581238740591187,veith
CCOC(=O)c1c(NC(=S)Nc2ccccc2)sc2c1CCN(CCc1ccccc1)C2,5.831238989834795,veith
CCOC(=O)c1c(NC(C)=O)sc2c(OC)cccc12,4.581238740591187,veith
CCOC(=O)c1c2ccc(OCC(=O)N/N=C/c3ccc(Cl)cc3)cc2n2ccccc12,4.4812387752551235,veith
CCOC(=O)c1cc(-c2ccc(Cl)cc2)nc2c1c(C)nn2CCC#N,4.28123853814577,veith
CCOC(=O)c1cc(-c2ccc(OC)cc2F)nc2c1c(C)nn2CCC#N,4.081239412948973,veith
CCOC(=O)c1cc(-c2ccccc2)sc1NC(=O)c1ccc(OC)cc1,4.231237939860009,veith
CCOC(=O)c1cc(-c2ccccc2)sc1NC(=S)Nc1cc(C)ccn1,4.531238789289352,veith
CCOC(=O)c1cc(=O)c2c(OCC(COc3cccc4oc(C(=O)OCC)cc(=O)c34)OC(=O)[C@@H](N)CCCCN)cccc2o1,4.5996964603675305,tox21
CCOC(=O)c1cc(C#N)c(N2CC(C(=O)NS(=O)(=O)Cc3ccc(C)cc3)C2)nc1C,4.0370645271386545,pharmabench
CCOC(=O)c1cc(C#N)c(N2CC(C(=O)NS(=O)(=O)Cc3ccc(Cl)cc3)C2)nc1C,4.48683617408356,pharmabench
CCOC(=O)c1cc(C#N)c(N2CCC(C(=O)NS(=O)(=O)Cc3ccc(C(C)C)cc3)CC2)nc1C,4.957883281091029,pharmabench
CCOC(=O)c1cc(C#N)c(N2CCC(C(=O)NS(=O)(=O)Cc3ccc(F)cc3)CC2)nc1C,4.567242511160491,pharmabench
CCOC(=O)c1cc(C#N)c(N2CCC(C(=O)NS(=O)(=O)Cc3ccc(F)cc3F)CC2)nc1C,4.7253106660829,pharmabench
CCOC(=O)c1cc(C#N)c(N2CCC(C(=O)NS(=O)(=O)Cc3ccc(OC)cc3)CC2)nc1C,4.162003263746954,pharmabench
CCOC(=O)c1cc(C#N)c(N2CCC(C(=O)NS(=O)(=O)Cc3ccccc3)CC2)nc1C,4.819580582924749,pharmabench
CCOC(=O)c1cc(C#N)c(Oc2ccccc2OC)nc1-c1ccccc1,4.431238405874674,veith
CCOC(=O)c1cc(CC)sc1NC(=O)C(c1ccccc1)c1ccccc1,4.4812387752551235,veith
CCOC(=O)c1cc(NC(=O)c2ccc(OC)cc2)c(=O)oc1-c1ccccc1,4.931238759019225,veith
CCOC(=O)c1cc2c(=O)n3cccc(C)c3nc2n(CCCOC)c1=NC(=O)c1cccnc1,3.8312389898347954,veith
CCOC(=O)c1cc2c(=O)n3cccc(C)c3nc2n(Cc2ccco2)c1=NC(=O)c1ccccc1,4.431238405874674,veith
CCOC(=O)c1cc2c(=O)n3ccccc3nc2n(CCCOC)c1=NC(=O)C(C)(C)C,5.081239412948973,veith
CCOC(=O)c1cc2c(=O)n3ccccc3nc2n(CCOC)c1=NC(=O)C(C)(C)C,4.031238394064476,veith
CCOC(=O)c1cc2c(C(F)(F)F)cc(-c3ccccc3)nc2o1,4.931238759019225,veith
CCOC(=O)c1cc2c(C)n(-c3ccc(C)cc3)c(C)c2ccc1=O,4.131237783223632,veith
CCOC(=O)c1cc2sc(C)cc2n1CC(=O)N1CCN(C(=O)c2ccco2)CC1,3.981239042028786,veith
CCOC(=O)c1cc2sc(C)cc2n1CCCN1C(=O)c2ccccc2C1=O,4.731239014571102,veith
CCOC(=O)c1ccc(-c2ccc(CO)o2)cc1,4.081239412948973,veith
CCOC(=O)c1ccc(C2CCC(NC[C@H](O)COc3ccc(O)c(NS(C)(=O)=O)c3)CC2)cc1.Cl,4.8733270119837035,tox21
CCOC(=O)c1ccc(N)cc1,4.088530344873387,tox21
CCOC(=O)c1ccc(N/C(=N\S(=O)(=O)c2ccccc2C)c2ccccc2)cc1,4.68123872420235,veith
CCOC(=O)c1ccc(N2C(=O)CC(Nc3ccc(CCO)cc3)C2=O)cc1,4.4812387752551235,veith
CCOC(=O)c1ccc(NC(=O)C(=O)NCC2CCCO2)cc1,3.88123792116939,veith
CCOC(=O)c1ccc(NC(=O)C2(c3ccc(OC)cc3)CCOCC2)cc1,4.531238789289352,veith
CCOC(=O)c1ccc(NC(=O)C2(c3ccccc3)CCCC2)cc1,4.581238740591187,veith
CCOC(=O)c1ccc(NC(=O)CN2CCCCC2)cc1,4.04969579048559,tox21
CCOC(=O)c1ccc(NC(=O)COc2ccccc2OC)cc1,4.031238394064476,veith
CCOC(=O)c1ccc(NC(=O)Nc2ccc3c4c(cccc24)C(=O)N3CC)cc1,3.981239042028786,veith
CCOC(=O)c1ccc(Nc2nc(-c3cccnc3)nc3ccccc23)cc1,4.581238740591187,veith
CCOC(=O)c1ccc(Nc2nc(=O)c3cccnc3s2)cc1,4.381238666479966,veith
CCOC(=O)c1ccc(Nc2nc(C(=O)OCC)nc3ccccc23)cc1,4.731239014571102,veith
CCOC(=O)c1ccc(O)cc1,4.187137015003728,challenge
CCOC(=O)c1ccc(OC(=O)CCCCCN=C(N)N)cc1.CS(=O)(=O)O,4.087203992408599,ncgc
CCOC(=O)c1ccc(S(=O)(=O)N2CCN(C)CC2)cc1,3.68123872420235,veith
CCOC(=O)c1ccc(S(=O)(=O)Nc2ccc3cn[nH]c3c2)cc1,5.381238666479966,veith
CCOC(=O)c1cccc(NC(=O)COc2ccc([N+](=O)[O-])cc2)c1,4.131237783223632,veith
CCOC(=O)c1cccc2c1-c1ccccc1/C2=N/O,4.331238507999185,veith
CCOC(=O)c1ccccc1C(=O)OCC,3.881142666910451,tox21
CCOC(=O)c1ccccc1OCc1cc(/C=N/n2cnnc2)ccc1OC,4.931238759019225,veith
CCOC(=O)c1ccccc1Oc1c(F)c(F)nc(NCCO)c1F,4.4812387752551235,veith
CCOC(=O)c1cn2nc(OP(=S)(OCC)OCC)cc2nc1C,5.088532786506383,tox21
CCOC(=O)c1cnc(-c2ccccc2)nc1Oc1cccc(Cl)c1,4.231237939860009,veith
CCOC(=O)c1cnc(-c2ccccc2)nc1Oc1ccccc1,4.4812387752551235,veith
CCOC(=O)c1cnc(SCCc2ccccc2)nc1N,4.231237939860009,veith
CCOC(=O)c1cnc2c(cnn2CC)c1NN=C(C)C,3.787202796262461,ncgc
CCOC(=O)c1cnc2c(cnn2CC)c1NN=C(C)C.Cl,4.449695384640936,tox21
CCOC(=O)c1cnc2cc(-c3ccc(C(C)(C)C)cc3)nn2c1N,4.7812382168028345,veith
CCOC(=O)c1cnc2cc(-c3ccc(C)cc3)nn2c1-c1ccccc1,4.231237939860009,veith
CCOC(=O)c1cnc2ccc(C)cc2c1Sc1ccccc1C(=O)OC,5.131237783223633,veith
CCOC(=O)c1cncc(C(=O)O)c1,4.88123792116939,veith
CCOC(=O)c1cncn1C(C)c1ccccc1,4.5496968251554915,tox21
CCOC(=O)c1cncn1[C@@H](C)c1ccccc1,4.187201534804045,ncgc
CCOC(=O)c1cnn(-c2nc(-c3ccc(F)cc3)cs2)c1C(F)(F)F,4.181236955344418,veith
CCOC(=O)c1cnn(-c2nc(-c3cccc(F)c3)cs2)c1C(F)(F)F,4.931238759019225,veith
CCOC(=O)c1nc(C(Cl)(Cl)Cl)n(-c2ccc(Cl)cc2Cl)n1,5.088532786506383,tox21
CCOC(=O)c1ncn2c1CN(C)C(=O)c1cc(F)ccc1-2,4.399695684644625,tox21
CCOC(=O)c1ncn2c1COc1c(CCN3CCN(c4cccc5nc(C)ccc45)CC3)cccc1-2,4.736034531474673,pharmabench
CCOC(=O)c1nn(-c2ccccc2)c(-c2ccccc2)c1C(=O)c1ccccc1,4.28123853814577,veith
CCOC(=O)c1nnc(-c2ccccc2)nc1NCc1ccccc1,3.88123792116939,veith
CCOC(=O)c1nnn(-c2nonc2N)c1-c1ccc(C)cc1,4.231237939860009,veith
CCOC(=O)c1oc2ccccc2c1NC(=O)c1cc(OC)cc(OC)c1,4.131237783223632,veith
CCOC(=O)c1oc2ccccc2c1NC(=O)c1ccc(S(=O)(=O)N(C)C)cc1,5.531238789289352,veith
CCOC(=O)c1sc(-c2ccc(Br)cc2)cc1N,4.131237783223632,veith
CCOC(=O)c1sc(=N)n(-c2ccc(OC)cc2)c1C,4.7812382168028345,veith
CCOC(=O)c1sc(=S)n(-c2cccc(C(F)(F)F)c2)c1SC,5.081239412948973,veith
CCOC(=O)c1sc(C)c(C(=O)NCC(C)(C)CN(C)C)c1N,3.68123872420235,veith
CCOC(=O)c1sc(C)c2c(=O)n(Cc3ccc(Cl)cc3)c(C)nc12,4.431238405874674,veith
CCOC(=O)c1sc(NC(=O)CCCCCN2C(=O)c3cccc4cccc(c34)C2=O)nc1C,4.931238759019225,veith
CCOC(=O)c1sc(NC(=O)CSc2n[nH]c(-c3ccc(Cl)cc3Cl)n2)c(C#N)c1C,5.181236955344418,veith
CCOC(=O)c1sc(NC(=O)CSc2nc(C)cc(C)c2C#N)c(C#N)c1C,5.28123853814577,veith
CCOC(=O)c1sc(NC(=O)CSc2nc(C)cc(C)n2)c(C#N)c1C,4.731239014571102,veith
CCOC(=O)c1sc(NC(C)=O)nc1-c1ccccc1,3.7812382168028345,veith
CCOC(=O)c1sc(NS(=O)(=O)c2ccccc2)nc1C,5.28123853814577,veith
CCOC(=O)c1sc2nc3c(cc2c1N)COC(C)(CC)C3,4.28123853814577,veith
CCOC(=O)n1c(=O)n(Cc2c(Cl)cccc2Cl)c2ccccc21,4.68123872420235,veith
CCOC(=O)n1c(=O)n(Cc2ccccc2Cl)c2ccccc21,4.331238507999185,veith
CCOC(=S)NC(=O)c1sc2ccccc2c1Cl,6.4812387752551235,veith
CCOC(=S)SSC(=S)OCC,4.288530398353015,tox21
CCOC(=S)[S-].[K+],4.138530880775606,tox21
CCOC(C(=O)OCCN(C)C)(c1ccccc1)c1ccccc1,4.649695361961072,tox21
CCOC(CN1CCN(CC(C)C(=O)c2ccccc2)CC1)c1ccccc1.Cl.Cl,4.510930287267594,tox21
CCOC(c1cc(OC)cc([N+](=O)[O-])c1OC)C(C)C(OC)[C@@H](C)/C=C/CC(=O)OC,4.88720077167744,ncgc
CCOC1(c2ccc(Br)cc2)SC=C(C)n2c1noc2=O,4.073276699793099,pharmabench
CCOC1(c2ccc(OC)cc2)SC=C(C)n2c1noc2=O,4.204555614432418,pharmabench
CCOC1(c2ccc(OC)cc2)Sc2ccccc2-n2c1noc2=O,4.26621251549651,pharmabench
CCOC1(c2ccccc2)Sc2ccccc2-n2c1noc2=O,4.059340921849807,pharmabench
CCOC1CC(CC(=O)N2CCCCC2Cc2ccc(O)cc2)C1,4.047274208003728,challenge
CCOC1Oc2ccc(OS(C)(=O)=O)cc2C1(C)C,4.392084981001155,tox21
CCOCC(=O)Nc1cc(C(=O)Nc2ccccc2)ccc1Cl,4.531238789289352,veith
CCOCC(=O)Nc1cc(C(F)(F)F)ccc1Oc1cccc(Br)c1,4.381238666479966,veith
CCOCCCN1C(=O)CN(C2CCCCC2)C(=O)C1c1ccc(OCC)c(OC)c1,4.231237939860009,veith
CCOCCCN1CC(C(=O)NCCc2ccc(C)cc2)CC1=O,4.331238507999185,veith
CCOCCCn1cnc2c(c1=O)c1nc3ccccc3nc1n2-c1ccccc1,4.081239412948973,veith
CCOCCOC(=O)/C=C/c1ccc(OC)cc1,4.499695145639398,tox21
CCOCCOCCO,3.8762756833141694,tox21
CCOCCOCCOCCO,3.7981395899806607,tox21
CCOCCn1c(CN(Cc2ccccc2)Cc2ccccc2)nc2c1c(=O)[nH]c(=O)n2C,4.381238666479966,veith
CCOCN(C(=O)CCl)c1c(C)cccc1CC,4.100863302493099,tox21
CCOC[C@H](NC(=O)c1cc2ccccc2cc1NC(=O)Nc1c(C)cc(C)cc1C)C(=O)O,4.819580582924749,pharmabench
CCOCn1c(-c2ccc(Cl)cc2)c(C#N)c(Br)c1C(F)(F)F,4.688532047345478,tox21
CCOP(=O)(CN(CC)CCNP(=O)(OCC)OCC)OCC,6.181236955344418,veith
CCOP(=O)(NC(C)C)Oc1ccc(SC)c(C)c1,4.738528782693339,tox21
CCOP(=O)(OCC)O/C(=C/Cl)c1ccc(Cl)cc1Cl,4.138530880775606,tox21
CCOP(=O)(OCC)OCC,4.096024502221913,tox21
CCOP(=O)(OCC)Oc1ccc([N+](=O)[O-])cc1,3.9108863235968165,tox21
CCOP(=O)(OCC)Oc1nc(Cl)c(Cl)cc1Cl,4.091015693336613,tox21
CCOP(=O)(OCC)SCCSCC,4.108389714233421,tox21
CCOP(=O)(OCC)c1nc(/C=C/c2ccccc2)oc1NCc1ccccc1,4.631238141608918,veith
CCOP(=O)(SC(C)CC)N1CCSC1=O,4.138530880775606,tox21
CCOP(=O)(Sc1ccccc1)Sc1ccccc1,4.188530214047235,tox21
CCOP(=O)([O-])OCC.CCn1cc[n+](C)c1,3.892085121897275,tox21
CCOP(=S)(CC)Sc1ccccc1,4.690304759856709,tox21
CCOP(=S)(NC(C)C)Oc1ccccc1C(=O)OC(C)C,5.4885408971843095,tox21
CCOP(=S)(OCC)O/N=C(\C#N)c1ccccc1,5.219110802239799,tox21
CCOP(=S)(OCC)OC(Cl)C(Cl)(Cl)Cl,5.038529353627921,tox21
CCOP(=S)(OCC)OP(=S)(OCC)OCC,4.407749156543954,tox21
CCOP(=S)(OCC)Oc1cc(C)nc(C(C)C)n1,5.288526528653142,tox21
CCOP(=S)(OCC)Oc1cc(C)nc(N(CC)CC)n1,4.588528406643712,tox21
CCOP(=S)(OCC)Oc1cc(Cl)c(Br)cc1Cl,5.288526528653142,tox21
CCOP(=S)(OCC)Oc1ccc(Cl)cc1Cl,5.088532786506383,tox21
CCOP(=S)(OCC)Oc1ccc(S(C)=O)cc1,5.688522327127439,tox21
CCOP(=S)(OCC)Oc1ccc([N+](=O)[O-])cc1,5.491538924363481,tox21
CCOP(=S)(OCC)Oc1cnc2ccccc2n1,5.738534235879619,tox21
CCOP(=S)(OCC)Oc1nc(Cl)c(Cl)cc1Cl,4.712820713872948,tox21
CCOP(=S)(OCC)Oc1nc(Cl)n(C(C)C)n1,4.938529421142464,tox21
CCOP(=S)(OCC)Oc1ncn(-c2ccccc2)n1,5.938529421142465,tox21
CCOP(=S)(OCC)SC(CCl)N1C(=O)c2ccccc2C1=O,5.5885129647876095,tox21
CCOP(=S)(OCC)SCCS(=O)(=O)CC,5.388538502257119,tox21
CCOP(=S)(OCC)SCCSCC,4.3176536587435095,tox21
CCOP(=S)(OCC)SCCl,4.188530214047235,tox21
CCOP(=S)(OCC)SCS(=O)(=O)C(C)(C)C,4.738528782693339,tox21
CCOP(=S)(OCC)SCS(=O)(=O)CC,4.53853042990295,tox21
CCOP(=S)(OCC)SCSC(C)(C)C,4.561764624643872,tox21
CCOP(=S)(OCC)SCSCC,4.088530344873387,tox21
CCOP(=S)(OCC)SCSP(=S)(OCC)OCC,5.938529421142465,tox21
CCOP(=S)(OCC)SCSc1ccc(Cl)cc1,5.5885129647876095,tox21
CCOP(=S)(OCC)SCn1nnc2ccccc2c1=O,5.838536299655287,tox21
CCOP(=S)(Oc1ccc([N+](=O)[O-])cc1)c1ccccc1,5.888540415699407,tox21
CCOP(=S)(Oc1cnc(C(C)(C)C)nc1)OC(C)C,5.388538502257119,tox21
CCOS(=O)(=O)OCC,3.7349502123763703,tox21
CCO[C@@H]1O[C@H](C(COCc2ccccc2)OCc2ccccc2)[C@H](OCc2ccccc2)[C@H]1O,4.699697196683655,tox21
CCO[C@H]1CCN(C(=O)Cc2cc(-c3ccccc3)on2)C1,4.400317350003728,challenge
CCO[C@H]1O[C@@H]([C@H](COCc2ccccc2)OCc2ccccc2)[C@@H](OCc2ccccc2)[C@H]1O,4.284220827875583,ncgc;veith
CCO[C@H]1O[C@@H]2OC3(C)CC[C@H]4[C@H](C)CC[C@@H]([C@H]1C)[C@@]24OO3,4.5996964603675305,tox21
CCO[Si](CC(C)C)(OCC)OCC,3.888530401930029,tox21
CCO[Si](CC)(OCC)OCC,3.7885301040785704,tox21
CCO[Si](CCCCl)(OCC)OCC,4.092085212128412,tox21
CCO[Si](CCCSSSSCCC[Si](OCC)(OCC)OCC)(OCC)OCC,4.587822503166986,tox21
CCOc1[nH]n(-c2ccc(Cl)cc2)c(=O)c1C=Nc1ccc(Cl)cc1,4.181236955344418,veith
CCOc1[nH]n(-c2ccc(Cl)cc2)c(=O)c1C=Nc1ccc(O)cc1,4.731239014571102,veith
CCOc1c(Cl)cc(C(=O)Nc2ccccc2-c2ccccc2)cc1Cl,4.831238989834795,veith
CCOc1c(OC(C)=O)ccc(/C=C2\N=C(SCC)SC2=O)c1[N+](=O)[O-],4.531238789289352,veith
CCOc1c2ccc(C(=O)NCCCCc3ccccc3)cc2nn1C,4.631238141608918,veith
CCOc1c2ccc(C(=O)NCCCCc3ccccc3)cc2nn1CC,4.231237939860009,veith
CCOc1c2ccc(C(=O)NCCc3cccs3)cc2nn1CC,3.8312389898347954,veith
CCOc1c2ccc(C(=O)NCc3ccc(C)cc3)cc2nn1CC,4.331238507999185,veith
CCOc1c2ccc(C(=O)NCc3ccc(OC(F)(F)F)cc3)cc2nn1C,4.081239412948973,veith
CCOc1c2ccc(C(=O)NCc3ccc4c(c3)OCO4)cc2nn1CC,4.131237783223632,veith
CCOc1c2ccc(C(=O)NCc3ccc4c(c3)OCO4)cc2nn1CCOC,5.431238405874674,veith
CCOc1c2ccc(C(=O)NCc3ccccc3)cc2nn1CCOC,4.431238405874674,veith
CCOc1c2ccc(C(=O)NCc3ccco3)cc2nn1CCOC,4.4812387752551235,veith
CCOc1c2ccc(C(=O)N[C@H](C)C3CCCCC3)cc2nn1CC,4.131237783223632,veith
CCOc1cc(-c2noc(N)c2C#N)cc(OCC)c1OCC,4.381238666479966,veith
CCOc1cc(/C=C2/C(=N)N3C=CSC3=NC2=O)ccc1OCCCOc1ccccc1C,5.4812387752551235,veith
CCOc1cc(/C=C2/C(=O)N(c3ccccc3)N=C2C)ccc1OC(=O)c1ccco1,5.4812387752551235,veith
CCOc1cc(/C=C2/C(=O)N(c3ccccc3)N=C2C)ccc1OC(=O)c1cccs1,5.081239412948973,veith
CCOc1cc(/C=C2/SC(=O)N(CC(=O)N3CCc4ccccc4C3)C2=O)ccc1OCC(=O)O,4.181236955344418,veith
CCOc1cc(/C=C2\C(=O)N(Cc3ccc(C)cc3)C(C)=C2C(=O)OC)ccc1O,5.131237783223633,veith
CCOc1cc(/C=N/NC(=O)CNc2cccc(C)c2)ccc1OC(=O)c1ccccc1,4.581238740591187,veith
CCOc1cc(/C=N/NC(=O)COc2cccc(C)c2)ccc1OC(=O)c1cccs1,4.7812382168028345,veith
CCOc1cc(/C=N/NC(=O)Cc2ccc(C(F)(F)F)cc2[N+](=O)[O-])c(Br)cc1OC,5.331238507999185,veith
CCOc1cc(/C=N/NC(=O)c2cccc([N+](=O)[O-])c2)ccc1OS(=O)(=O)c1ccccc1,4.231237939860009,veith
CCOc1cc(/C=N/O)ccc1OS(=O)(=O)c1ccc(C)cc1,4.981239042028786,veith
CCOc1cc(/C=N/n2cnnc2)c(Br)cc1O,4.28123853814577,veith
CCOc1cc(/C=N/n2cnnc2)ccc1OC(=O)c1cccc([N+](=O)[O-])c1,4.131237783223632,veith
CCOc1cc(C(C)(C)C)ccc1C1COC(c2c(F)cccc2F)=N1,4.605000941155037,tox21
CCOc1cc(C)c(S(=O)(=O)Nc2ccc3cn[nH]c3c2)cc1C,4.831238989834795,veith
CCOc1cc(C2CC(=O)c3c(ccc4ccccc34)N2)ccc1O,4.7812382168028345,veith
CCOc1cc(C2NC(=O)NC(c3ccccc3)=C2C(C)=O)ccc1OCC(N)=O,4.081239412948973,veith
CCOc1cc(C2NN=C(c3ccccc3)S2)ccc1OCc1ccccc1Cl,4.331238507999185,veith
CCOc1cc(CNCCc2ccc(S(N)(=O)=O)cc2)cc(Cl)c1OCc1ccccc1.Cl,4.181236955344418,veith
CCOc1cc(CNc2ccc3c(c2)OCCO3)cc(Br)c1OCC,4.7812382168028345,veith
CCOc1cc(NC(=O)C2(NC(=O)c3ccc4c(C5CCCC5)c(-c5ncc(Cl)cn5)n(C)c4c3)CCC2)ccc1/C=C/C(=O)O,4.207760754307629,pharmabench
CCOc1cc(NC(=S)NCC2CCCO2)c(OCC)cc1NC(=O)c1cccc(C)c1,4.381238666479966,veith
CCOc1cc(NC(=S)NCC2CCCO2)c(OCC)cc1NC(=O)c1ccccc1C,4.28123853814577,veith
CCOc1cc(NC(=S)Nc2cccc(OC)c2)c(OCC)cc1NC(=O)c1ccc(C)cc1,4.28123853814577,veith
CCOc1cc(NC(=S)Nc2ccccc2)c(OCC)cc1NC(=O)c1ccc(OC)cc1,5.031238394064476,veith
CCOc1cc(OCC)c(C(C)=O)cc1OCC,4.096024502221913,tox21
CCOc1cc(Oc2ccc(C(F)(F)F)cc2Cl)ccc1[N+](=O)[O-],4.836061767462293,tox21
CCOc1cc(S(=O)(=O)N(Cc2ccccc2)Cc2ccccc2)c(OCC)cc1-n1cnnn1,4.381238666479966,veith
CCOc1cc([N+](=O)[O-])c(OCC)cc1N1CCOCC1,4.738528782693339,tox21
CCOc1cc2[nH]c(=O)n(CCCC(=O)NCc3ccc(OC)cc3)c(=O)c2cc1OCC,4.631238141608918,veith
CCOc1cc2[nH]c(=S)n(CCC(=O)N3CCc4ccccc4C3)c(=O)c2cc1OCC,4.031238394064476,veith
CCOc1ccc(-c2c(=O)n(OCc3ccccn3)c3ccccc3[n+]2[O-])cc1,4.531238789289352,veith
CCOc1ccc(-c2cc(CCCC(=O)NCCc3ccc(OC)c(OC)c3OC)no2)cc1,5.28123853814577,veith
CCOc1ccc(-c2cc(CCCC(=O)Nc3cc(OC)ccc3OC)no2)cc1,4.931238759019225,veith
CCOc1ccc(-c2ccc(CCCc3nn(-c4ccc(C(F)(F)F)cc4)c(=O)n3-c3ccccc3F)cc2)cc1CC(=O)O,4.424280670418919,pharmabench
CCOc1ccc(-c2nn(-c3ccccc3)cc2/C=C(\C#N)S(=O)(=O)c2ccccc2)cc1C,4.28123853814577,veith
CCOc1ccc(-c2nnc(-c3ccncc3)o2)cc1,4.181236955344418,veith
CCOc1ccc(-c2nnc3ccc(SCC(=O)NCc4ccco4)nn23)cc1,4.231237939860009,veith
CCOc1ccc(-c2nnc3n2N=C(c2ccc(OC)cc2)CS3)cc1,4.88123792116939,veith
CCOc1ccc(-n2c(=O)[nH]cc(C(=O)N3CCCc4ccccc43)c2=O)cc1,4.181236955344418,veith
CCOc1ccc(-n2c(C)nc3cc(C(=O)NCc4ccco4)ccc32)cc1,4.031238394064476,veith
CCOc1ccc(-n2c(Cc3ccccc3)nnc2SCc2c(C)noc2C)cc1,4.231237939860009,veith
CCOc1ccc(-n2c(N)c(C(=O)NCC3CCCO3)sc2=S)cc1,4.181236955344418,veith
CCOc1ccc(-n2c(N)c(C(=O)NCc3cccnc3)sc2=S)cc1,4.731239014571102,veith
CCOc1ccc(-n2c(SCC(=O)Nc3ccc(OC)cc3)nc3c(c2=O)SCC3)cc1,4.731239014571102,veith
CCOc1ccc(-n2c(SCC(=O)Nc3ccc(OC)cc3OC)nc3c(c2=O)SCC3)cc1,4.631238141608918,veith
CCOc1ccc(-n2c(SCC(=O)Nc3ccc4c(c3)OCCO4)nc3c(c2=O)SCC3)cc1,4.831238989834795,veith
CCOc1ccc(-n2cc(C(=O)NCc3ccco3)c3cc(OC)c(OC)cc3c2=O)cc1,4.631238141608918,veith
CCOc1ccc(-n2ccnc2SCC(=O)Nc2nnc(CC)s2)cc1,4.181236955344418,veith
CCOc1ccc(/C(O)=C2/C(=O)C(=O)N(CCCn3ccnc3)C2c2cccs2)cc1Cl,4.581238740591187,veith
CCOc1ccc(/C=C/C(=O)c2c(O)c3ccccc3oc2=O)cc1,5.081239412948973,veith
CCOc1ccc(/C=C/C2=Cc3c(sc(NC(=O)CSc4n[nH]c(N)n4)c3C#N)C(C)(C)C2)cc1,4.28123853814577,veith
CCOc1ccc(/C=C2\C(=O)c3ccccc3OC2c2ccccc2)cc1,4.28123853814577,veith
CCOc1ccc(/C=N/NC(=O)COc2ccccc2-c2ccccc2)cc1,4.131237783223632,veith
CCOc1ccc(/C=N/n2c(SC)nnc2-c2ccccc2)cc1OCC,4.381238666479966,veith
CCOc1ccc(C(=O)NC(=S)N(Cc2ccccc2)Cc2ccccc2)cc1,4.28123853814577,veith
CCOc1ccc(C(=O)Nc2ccc(NC(=O)c3ccco3)c(Cl)c2)cc1Br,5.531238789289352,veith
CCOc1ccc(C(=O)Nc2cccc(-c3cc4ccccc4oc3=O)c2)cc1[N+](=O)[O-],5.131237783223633,veith
CCOc1ccc(C(=O)Nc2cnn(Cc3ccc(Cl)c(Cl)c3)c2)cc1,4.031238394064476,veith
CCOc1ccc(C(C)(C)COCc2cccc(Oc3ccccc3)c2)cc1,4.788529492223417,tox21
CCOc1ccc(C(C)=O)cc1N1C(=O)C2C(C1=O)C1C=CC2C12CC2,4.131237783223632,veith
CCOc1ccc(C(C)=O)cc1N1C(=O)C2C3C=CC(C3=C(C)C)C2C1=O,4.531238789289352,veith
CCOc1ccc(C(F)(F)F)cc1NC(C)=O,3.7812382168028345,veith
CCOc1ccc(C2=Nn3c(nnc3-c3ccccc3OC)SC2)cc1,4.131237783223632,veith
CCOc1ccc(C2=Nn3c(nnc3-c3ccco3)SC2)cc1,4.931238759019225,veith
CCOc1ccc(C2C(C#N)=C(N)Oc3c2c(=O)oc2ccccc32)cc1,6.931238759019225,veith
CCOc1ccc(CC(=O)C2C(=O)CCCC2=O)cc1OCC,4.431238405874674,veith
CCOc1ccc(CCC2CCN(CCn3cncn3)CC2)cc1,4.549163078003728,challenge
CCOc1ccc(CCC2CCN(c3cnn(C)c(=O)c3Cl)CC2)cc1,5.127351522003727,challenge
CCOc1ccc(CCNC(=O)CCCN2C(=O)c3ccccc3C2=O)cc1OCC,4.081239412948973,veith
CCOc1ccc(CN(C(=O)c2oc3ccccc3c2C)C2CCS(=O)(=O)C2)cc1,4.331238507999185,veith
CCOc1ccc(CNC(=O)N2CCC(n3ccnc3)CC2)cc1,5.111211362003727,challenge
CCOc1ccc(CSC(CC(=O)O)C(=O)O)cc1,4.081239412948973,veith
CCOc1ccc(Cc2nc3cc([N+](=O)[O-])ccc3n2CCN(CC)CC)cc1,4.068035836973284,tox21
CCOc1ccc(Cc2nccc3cc(OCC)c(OCC)cc23)cc1OCC,4.6842193775900025,ncgc;veith
CCOc1ccc(Cc2nccc3cc(OCC)c(OCC)cc23)cc1OCC.Cl,4.99969118878004,tox21
CCOc1ccc(N(C(=O)/C=C/C(=O)Nc2cc(C)on2)C(C(=O)NC2CCCC2)c2ccccc2C)cc1,4.7812382168028345,veith
CCOc1ccc(N(C(C)C(=O)N/N=C(\C)c2cccc(NC(=O)c3ccccc3)c2)S(C)(=O)=O)cc1,4.68123872420235,veith
CCOc1ccc(N(C(C)C(=O)NC(C)CC)S(C)(=O)=O)cc1,4.531238789289352,veith
CCOc1ccc(N(CCC#N)S(=O)(=O)c2ccc(OC)cc2)cc1,4.131237783223632,veith
CCOc1ccc(N)c([N+](=O)[O-])c1,4.088530344873387,tox21
CCOc1ccc(N2C(=O)CC(Sc3nc(-c4cccs4)cc(C(F)(F)F)c3C#N)C2=O)cc1,4.68123872420235,veith
CCOc1ccc(N2C(=O)CN=C2Nc2ccccc2F)cc1,4.181236955344418,veith
CCOc1ccc(N2CC(C(=O)NCc3cccc(C)c3)CC2=O)cc1,4.181236955344418,veith
CCOc1ccc(N=C2NC(=O)S/C2=C\c2ccc(O)cc2)cc1,4.831238989834795,veith
CCOc1ccc(NC(=O)C(C)Oc2ccccc2C(=O)Nc2ccc(C)c(Cl)c2)cc1,4.731239014571102,veith
CCOc1ccc(NC(=O)CCSc2nnc(C)s2)cc1,3.981239042028786,veith
CCOc1ccc(NC(=O)CN2CCN(S(=O)(=O)c3ccc(Cl)cc3)CC2)cc1,4.981239042028786,veith
CCOc1ccc(NC(=O)CSc2nc(C)c3c(c2C#N)CCCC3)cc1,4.181236955344418,veith
CCOc1ccc(NC(=O)CSc2nnc(CCNC(=O)c3ccc(OC)cc3)n2CC)cc1,4.581238740591187,veith
CCOc1ccc(NC(=O)N(C2CCCCC2)C(C)c2ccncc2)cc1,4.731239014571102,veith
CCOc1ccc(NC(=O)N2CCC(C(=O)c3ccc(F)cc3)CC2)cc1,4.181236955344418,veith
CCOc1ccc(NC(=O)c2ccnc(Oc3ccc(F)cc3F)c2)cc1CO,5.674395955003727,challenge
CCOc1ccc(NC(=O)c2nnn(CC(=O)Nc3ccccc3OC)c2N)cc1,4.88123792116939,veith
CCOc1ccc(NC(=S)N(Cc2ccc(Cl)cc2)Cc2ccco2)cc1,4.28123853814577,veith
CCOc1ccc(NC(=S)N(Cc2ccc(N(C)C)cc2)Cc2ccco2)cc1,5.28123853814577,veith
CCOc1ccc(NC(=S)NC(=O)/C=C/c2ccc(C)cc2)c([N+](=O)[O-])c1,4.731239014571102,veith
CCOc1ccc(NC(=S)NC(=O)/C=C/c2ccc(OC)c(OC)c2)c([N+](=O)[O-])c1,4.131237783223632,veith
CCOc1ccc(NC(C)=O)cc1N,4.132542599902225,tox21
CCOc1ccc(NC2=NCC(=O)N2Cc2cccs2)cc1.Cl,4.031238394064476,veith
CCOc1ccc(NCc2nnc(SCc3ccccc3Cl)n2-c2ccccc2)cc1,4.381238666479966,veith
CCOc1ccc(OC(=O)NC(c2ccccc2)C(Cl)(Cl)Cl)cc1,3.981239042028786,veith
CCOc1ccc(OCC)c(-c2c(=O)n(OCc3ccc(C(C)(C)C)cc3)c3ccccc3[n+]2[O-])c1,4.4812387752551235,veith
CCOc1ccc(OCC)c(-c2c(=O)n(OCc3ccccc3C(=O)OC)c3ccccc3[n+]2[O-])c1,4.131237783223632,veith
CCOc1ccc(OCC)c(NC(=O)C2CCCN(S(=O)(=O)c3cccs3)C2)c1,4.88123792116939,veith
CCOc1ccc(OCC)c(NC(=O)CN(C)S(=O)(=O)c2cnc[nH]2)c1,5.581238740591187,veith
CCOc1ccc(OCCOc2ncnc3ccccc23)cc1,4.031238394064476,veith
CCOc1ccc(OCc2ccc(C(=O)N3CCc4ccccc4C3)o2)cc1,4.581238740591187,veith
CCOc1ccc(OCc2ccc(C(=O)NCc3cccnc3)o2)cc1,4.181236955344418,veith
CCOc1ccc(S(=O)(=O)Nc2c(C)cccc2CC)cc1OCC,5.410899278003727,challenge
CCOc1ccc([N+](=O)[O-])cc1,4.531841831839121,tox21
CCOc1ccc2[nH]c(=O)c(CN(CCc3ccccc3)C(=O)N3CCCC3)cc2c1,4.381238666479966,veith
CCOc1ccc2[nH]c(=O)c(CN(CCc3ccccc3)C(=O)N3CCOCC3)cc2c1,4.431238405874674,veith
CCOc1ccc2[nH]c(SCc3ccccn3)nc2c1,3.954279156822205,pharmabench
CCOc1ccc2[nH]cc(C(=O)NCc3ccccc3)c(=O)c2n1,4.3885311946544245,tox21
CCOc1ccc2c(c1)C(C)=CC(C)(C)N2,4.984216978540185,ncgc;veith
CCOc1ccc2nc(NC(=O)c3ccc(S(=O)(=O)N4CCOCC4)cc3)sc2c1,4.031238394064476,veith
CCOc1cccc(-n2cc(C(=O)N3CCN(c4cc(C(=O)[O-])c5ccccc5c4)CC3)nc2-c2ccc(C)cc2)c1.[Na+],3.808757469740571,tox21
CCOc1cccc(/C(O)=C2/C(=O)C(=O)N(Cc3cccnc3)C2c2ccco2)c1,5.081239412948973,veith
CCOc1cccc(/C(O)=C2/C(=O)C(=O)N(Cc3ccco3)C2c2ccncc2)c1,4.131237783223632,veith
CCOc1cccc(C2(N3CCN(c4ccccc4)CC3)CCC(C)CC2)c1.CS(=O)(=O)O,3.738530418642034,tox21
CCOc1cccc(C2C(C(=O)c3ccc(C)o3)=C(O)C(=O)N2Cc2ccncc2)c1,4.181236955344418,veith
CCOc1cccc(N)c1,4.740660736323222,tox21
CCOc1cccc(NS(=O)(=O)c2ccnn2C2CCC2)n1,5.296508428003728,challenge
CCOc1ccccc1-c1ccc(-c2nc3ccc(F)cc3c(N[C@@H](C)C(=O)O)c2C#N)cc1,6.5185505872607665,pharmabench
CCOc1ccccc1-n1c([S-])c(C(=O)Nc2ccc(OC)cc2)[n+]2cc(C)ccc12,4.4812387752551235,veith
CCOc1ccccc1/C=C(\C#N)C(N)=O,4.787200049553703,ncgc
CCOc1ccccc1/C=N/NC(=O)Cc1csc(Nc2cccc(C(F)(F)F)c2)n1,4.28123853814577,veith
CCOc1ccccc1N,4.1413728570795785,tox21
CCOc1ccccc1Nc1nc(-c2sc(NC(=O)c3cccc(Cl)c3)nc2C)cs1,5.181236955344418,veith
CCOc1ccccc1Nc1nc(-c2sc(NC(=O)c3ccccc3)nc2C)cs1,4.88123792116939,veith
CCOc1ccccc1OCC,4.138530880775606,tox21
CCOc1ccccc1O[C@@H](c1ccccc1)[C@@H]1CNCCO1,3.787202796262461,ncgc
CCOc1nc(C(Cl)(Cl)Cl)ns1,4.138530880775606,tox21
CCOc1nc(C)ccc1C(=O)NCc1noc(-c2ccccc2)c1C,5.3983253970037275,challenge
CCOc1nc(F)cc2nc(S(=O)(=O)Nc3c(Cl)cccc3C(=O)OC)nn12,3.888530401930029,tox21
CCOc1nc(F)cc2nc(S(=O)(=O)Nc3c(Cl)cccc3Cl)nn12,3.7885301040785704,tox21
CCOc1nc(N2CCCCC2)nc(-n2cc(-c3ccccc3)nn2)n1,4.931238759019225,veith
CCOc1nc2ccc(Oc3ccc(/C=C/[C@H](C)NC(C)=O)cn3)c(Cl)c2s1,4.224151170495799,pharmabench
CCOc1nc2cccc(C(=O)O)c2n1Cc1ccc(-c2ccccc2-c2nn[nH]n2)cc1,4.199695243524282,tox21
CCOc1nc2cccc(C(=O)O)c2n1Cc1ccc(-c2ccccc2-c2nnn[nH]2)cc1,3.795196638003728,challenge
CCOc1nc2cccc(C(=O)OC(C)OC(=O)OC3CCCCC3)c2n1Cc1ccc(-c2ccccc2-c2nnn[nH]2)cc1,5.753006065003728,challenge
CCOc1ncccc1C(=O)OCC(=O)Nc1cc(C)ccc1C,4.331238507999185,veith
CCOc1ncnc2c1oc1nc(CC(C)C)c3c(c12)CC(C)(C)OC3,3.981239042028786,veith
CCS(=O)(=O)N1CCC[C@H]2CN3CCc4cc(OC)ccc4[C@@H]3C[C@@H]21,3.787202796262461,ncgc
CCS(=O)(=O)N1CCN(C(=O)c2cnn(-c3ccncc3)c2)CC1,3.9513690770037275,challenge
CCS(=O)(=O)N1CCN(c2c(Cl)cccc2[N+](=O)[O-])CC1,4.231237939860009,veith
CCS(=O)(=O)N1CC[C@H](N(Cc2ccccc2C(F)(F)F)c2ccc(C#N)c(Cl)c2)C1,5.79402647845236,pharmabench
CCS(=O)(=O)Nc1ccc(C2=NN(C(=O)c3ccco3)C(c3ccc(C)cc3)C2)cc1,4.931238759019225,veith
CCS(=O)(=O)Nc1cccc(C(=C2CCCCC2)c2cnc[nH]2)c1,5.484206266808193,ncgc;veith
CCS(=O)(=O)c1cc2cc(C[C@](O)(CC(C)(C)c3ccccc3C(N)=O)C(F)(F)F)[nH]c2cn1,4.258913276755011,pharmabench
CCS(=O)(=O)c1ccc(C(=O)Nc2ccccc2)c(Cl)c1Cl,4.28123853814577,veith
CCS(=O)(=O)c1ccc(CC(=O)Nc2cc(Cl)c(-c3ccccc3OC(F)(F)F)c(Cl)c2)cc1,5.015875228068716,pharmabench
CCS(=O)(=O)c1ccc(N2CCC(Nc3ncnc4[nH]ccc34)CC2)cc1,4.135316493003728,challenge
CCS(=O)(=O)c1ccc2[nH]c(-c3cc(-c4ccccc4)ccc3Cl)nc2c1,4.48683617408356,pharmabench
CCS(=O)(=O)c1ccc2[nH]c(-c3cc(-c4ccccc4)ccn3)nc2c1,4.338094522802636,pharmabench
CCS(=O)(=O)c1ccc2[nH]c(-c3ccc(Cl)c(-c4ccccc4)c3)nc2c1,4.605700762979668,pharmabench
CCS(=O)(=O)c1ccc2[nH]c(-c3ccc(F)c(-c4ccccc4)c3)nc2c1,4.360370917513788,pharmabench
CCS(=O)(=O)c1ccc2[nH]c(-c3cccc(-c4ccccc4)c3)nc2c1,4.342459328205086,pharmabench
CCS(=O)(=O)c1ccc2[nH]c(-c3cccc(-c4ccccc4)c3Cl)nc2c1,4.736034531474673,pharmabench
CCS(=O)(=O)c1ccc2[nH]c(-c3cccc(-c4ccccc4)c3F)nc2c1,4.480762026371367,pharmabench
CCS(=O)(=O)c1ccc2[nH]c(-c3cccc(-c4ccccc4)n3)nc2c1,4.191966487124398,pharmabench
CCS(=O)(=O)c1ccc2c(c1)N(S(=O)(=O)c1ccccc1)CC(C(=O)O)O2,4.181236955344418,veith
CCS(=O)(=O)c1ccc2oc(Nc3cc(C)cc(C)c3)nc2c1,4.331238507999185,veith
CCS(=O)(=O)c1cccnc1S(=O)(=O)NC(=O)Nc1nc(OC)cc(OC)n1,3.7885301040785704,tox21
CCSC(=O)N(CC)C1CCCCC1,3.927117637922928,tox21
CCSC(=O)N1CCCCCC1,4.051080080928674,tox21
CCSC(C)CC1CC(=O)C(/C(CC)=N/OC/C=C/Cl)=C(O)C1,4.449695384640936,tox21
CCSC1=C(C#N)C2(CCCCC2)C(C#N)=C(N)N1,4.831238989834795,veith
CCSCCCl,4.095664453488588,tox21
CCSCc1ccccc1OC(=O)NC,3.927117637922928,tox21
CCSc1c(C(=O)NC)ccc2c1C(=O)c1ccccc1C2=O,4.28123853814577,veith
CCSc1nc2c(c(=O)[nH]1)C(c1ccncc1)C(C(=O)OC(C)C)=C(C)N2,4.831238989834795,veith
CCSc1nc2ccccc2n1C(=O)/C=C\c1ccc(OC)c(OC)c1,5.081239412948973,veith
CCSc1ncc(/C=N/Nc2ccc(F)cc2)n1C,4.181236955344418,veith
CCSc1ncnc2c1sc1nc(-c3ccco3)c3c(c12)CC(C)(C)OC3,4.981239042028786,veith
CCSc1nnc(-c2ccc(Cl)cc2)c2ccccc12,4.981239042028786,veith
CCSc1nnc(-c2sc3nnc(-c4ccccc4)c(-c4ccccc4)c3c2N)o1,4.4812387752551235,veith
CCSc1nnc(C(N)Cc2ccccc2)o1.Cl,4.931238759019225,veith
CCSc1nnc(NC(=O)C(C(F)(F)F)C(F)(F)F)s1,4.381238666479966,veith
CCSc1nnc(NC(=O)COc2ccc3ccccc3c2)s1,5.931238759019225,veith
CCSc1nnc(NC(=O)CSc2nc3c(cc2C#N)CCCC3)s1,4.88123792116939,veith
CCSc1nnc(NC(=O)Cc2ccc(OC)c(OC)c2)s1,4.831238989834795,veith
CC[C@@H](C)[C@H]1O[C@]2(CC[C@@H]1C)C[C@@H]1C[C@H](C/C=C(/C)[C@H](O[C@@H]3C[C@H](OC)[C@H](O[C@@H]4C[C@H](OC)[C@@H](O)[C@H](C)O4)[C@H](C)O3)[C@@H](C)/C=C\C=C3CO[C@@H]4[C@H](O)C(C)=C[C@@H](C(=O)O1)[C@]34O)O2.CO[C@H]1C[C@@H](O[C@@H]2[C@H](C)O[C@H](O[C@H]3/C(C)=C\C[C@H]4C[C@@H](C[C@]5(CC[C@H](C)[C@@H](C(C)C)O5)O4)OC(=O)[C@@H]4C=C(C)[C@@H](O)[C@H]5OCC(=C/C=C\[C@@H]3C)[C@]54O)C[C@@H]2OC)O[C@@H](C)[C@@H]1O,3.8842202108992034,ncgc;veith
CC[C@@H](CO)NC(=O)[C@@H]1C=C2c3cccc4c3c(cn4C)C[C@H]2N(C)C1,4.199695243524282,tox21
CC[C@@H](CO)Nc1nc(NCc2ccccc2)c2ncn(C(C)C)c2n1,5.787241252009206,ncgc
CC[C@@H](NC(=O)c1ccc2c(c1)ncn2Cc1ncc(F)cc1F)c1ccccc1,3.7148452324047354,pharmabench
CC[C@@H](OCc1ccccc1)[C@H](NC(=O)c1cc2ccccc2cc1NC(=O)Nc1c(C)cc(C)cc1C)C(=O)O,5.505585610096399,pharmabench
CC[C@@H](Oc1cccc(Cn2c(C)c(C(=O)c3ccc(Cl)cc3)c3ccc(OC(F)(F)F)cc32)c1)C(=O)O,4.338094522802636,pharmabench
CC[C@@H]([C@H](C)O)n1ncn(-c2ccc(N3CCN(c4ccc(OC[C@@H]5CO[C@@](Cn6cncn6)(c6ccc(F)cc6F)C5)cc4)CC3)cc2)c1=O,4.5496968251554915,tox21
CC[C@@H](c1ccc(-c2ccc(=O)n(CC)c2)cc1)N1CC[C@](CC(C)(C)O)(c2ccccc2)OC1=O,4.030598484889423,pharmabench
CC[C@@H](c1ccc2cc(O)ccc2c1)C(C)(C)C(=O)O,4.787200049553703,ncgc
CC[C@@H](c1ccccc1)n1c(=O)n2n(c1=O)[C@H]1[C@H](O)[C@H]3O[C@@H]3/C(=N/OC/C=C(\C)CCC=C(C)C)[C@@H]1CC2,4.787200049553703,ncgc
CC[C@@H]1C(=O)NCCCN1Cc1nc(-c2cccc(Cl)c2)no1,4.512599342003727,challenge
CC[C@@H]1C(=O)OC[C@@H]1Cc1cncn1C,4.084221702678786,ncgc;veith
CC[C@@H]1Cc2cc(O)ccc2C2=C1c1ccc(O)cc1C[C@H]2CC,4.784219133178269,ncgc;veith
CC[C@@]1(O)C(=O)OCc2c1cc1n(c2=O)Cc2c-1nc1ccccc1c2/C=N/OC(C)(C)C,4.399695684644625,tox21
CC[C@@]12CCCN3CCc4c(n(c5ccccc45)C(=O)C1)[C@H]32,3.8872025006290167,ncgc
CC[C@H](C(=O)Nc1ccccc1N1CCCC1)c1ccccc1,4.061632718629392,pharmabench
CC[C@H](C(=O)c1cccs1)C(O)(C(F)(F)F)C(F)(F)F,4.387202152451927,ncgc
CC[C@H](C)C(=O)O[C@@H]1CCC=C2C=C[C@H](C)[C@@H](CC[C@H]3C[C@@H](O)CC(=O)O3)[C@H]21,3.6872033036619767,ncgc
CC[C@H](C)C(=O)O[C@H]1C[C@@H](C)C=C2C=C[C@H](C)[C@H](CC[C@@H]3C[C@@H](O)CC(=O)O3)[C@H]21,3.9365745851041343,tox21
CC[C@H](C)C(=O)O[C@H]1C[C@H](O)C=C2C=C[C@H](C)[C@H](CC[C@@H](O)C[C@@H](O)CC(=O)[O-])[C@H]21.[Na+],3.7885301040785704,tox21
CC[C@H](C)N(C)C(=O)c1cc2ccccc2c(-c2ccccc2Cl)n1,3.9372033943355307,ncgc
CC[C@H](C)[C@H]1O[C@]2(C=C[C@@H]1C)C[C@@H]1C[C@@H](C/C=C(\C)[C@@H](O[C@H]3C[C@H](OC)[C@@H](O[C@H]4C[C@H](OC)[C@@H](O)[C@H](C)O4)[C@H](C)O3)[C@@H](C)/C=C/C=C3\CO[C@@H]4[C@H](O)C(C)=C[C@@H](C(=O)O1)[C@]34O)O2,4.616936142517559,tox21
CC[C@H](C)[C@H]1O[C@]2(C=C[C@@H]1C)C[C@@H]1C[C@@H](C/C=C(\C)[C@@H](O[C@H]3C[C@H](OC)[C@@H](O[C@H]4C[C@H](OC)[C@@H]([NH2+]C)[C@H](C)O4)[C@H](C)O3)[C@@H](C)/C=C/C=C3\CO[C@@H]4[C@H](O)C(C)=C[C@@H](C(=O)O1)[C@]34O)O2.O=C([O-])c1ccccc1,3.8385301209917824,tox21
CC[C@H](Cc1c(I)cc(I)c(N)c1I)C(=O)O,4.487201289787428,ncgc
CC[C@H](NC(=O)c1c(C)c(-c2ccccc2)nc2ccccc12)c1ccccc1,4.187201534804045,ncgc
CC[C@H](NC(=O)c1c(O)c(-c2ccccc2)nc2ccccc12)c1ccccc1,5.0370645271386545,pharmabench
CC[C@H](NC(=O)c1cc(F)ccc1[N-]S(=O)(=O)c1cccc2cccnc12)c1ccccc1.[Na+],4.562453883401919,tox21
CC[C@H](NC(C)C)[C@H](O)c1ccc(O)c2[nH]c(=O)ccc12,4.184219245074232,ncgc;veith
CC[C@H](NS(=O)(=O)c1ccc(-c2sc(C(=O)NCC(C)(C)O)nc2C(=O)N(CC)CC)c(Cl)c1Cl)C(F)(F)F,4.531914548818748,pharmabench
CC[C@H](Oc1ccc(Cl)cc1)C(=O)OC1C[C@H]2CC[C@@H](C1)N2C,6.284220827875583,ncgc;veith
CC[C@H](c1ccc(O)cc1)[C@@H](CC)c1ccc(O)cc1,4.4208508546453125,ncgc;tox21;veith
CC[C@H](c1ccccc1)c1cc(C(C)(C)C)cc(C(C)(C)C)c1O,4.387202152451927,ncgc
CC[C@H](c1ccccc1)n1c(=O)[nH]c2cnc3cc(-c4c(C)noc4C)c(OC)cc3c21,4.957883281091029,pharmabench
CC[C@H]1C(=O)NCCCN1Cc1oc(-c2ccccc2)nc1C,4.029292283003728,challenge
CC[C@H]1C(=O)OC[C@@H]1Cc1cncn1C,4.187201534804045,ncgc
CC[C@H]1C(=O)OC[C@H]1Cc1cncn1C,3.7372030499622193,ncgc
CC[C@H]1C2=C3C(CC[C@H]4C(OC)OC[C@](C)([C@@H]34)N(C(=O)OC(C)(C)C)C2)C(CO)C1CO,3.8872025006290167,ncgc
CC[C@H]1C2=C3C(CC[C@H]4C(OCc5ccc(F)cc5C(F)(F)F)OC[C@](C)([C@@H]34)N(C(=O)OC(C)(C)C)C2)C(COC(C)=O)C1COC(C)=O,3.787202796262461,ncgc
CC[C@H]1C2=C3C(CC[C@H]4C(OCc5ccc(F)cc5C(F)(F)F)OC[C@](C)([C@@H]34)N(C(=O)OC(C)(C)C)C2)C2COC(=O)OCC21,3.987203621488413,ncgc
CC[C@H]1CCO[C@H]1C(=O)NS(=O)(=O)c1ccc(OCc2ccccc2)cc1,5.467756697003728,challenge
CC[C@H]1CC[C@H](NCc2cc3c(cc2OC)[C@H]2C[C@H]2C(=O)N3C)[C@H](c2ccccc2)N1,3.888530401930029,tox21
CC[C@H]1CN2CCc3cc(OC)c(OC)cc3[C@@H]2C[C@@H]1C[C@H]1NCCc2cc(OC)c(OC)cc21.Cl.Cl,3.98676191495011,tox21
CC[C@H]1C[C@@H]2C[C@H]3c4[nH]c5ccc(OC)cc5c4CCN(C2)[C@@H]13.Cl,4.095664453488588,tox21
CC[C@H]1C[C@H]2[C@@H]3CCC4=CC(=O)CC[C@@H]4[C@H]3CC[C@]2(C)[C@H]1O,4.099695361406635,tox21
CC[C@H]1O[C@]2(CC[C@@H]1C)C[C@@H]1C[C@@H](C/C=C(\C)C[C@@H](C)/C=C/C=C3\CO[C@@H]4[C@H](O)C(C)=C[C@@H](C(=O)O1)[C@]34O)O2,4.54244289471509,tox21
CC[C@H]1[C@@H](O)[C@@H]2[C@H](CC[C@]3(C)[C@@H]([C@H](C)CCC(=O)O)CC[C@@H]23)[C@@]2(C)CC[C@@H](O)C[C@@H]12,4.693474330003728,challenge
CC[C@]1(O)C[C@H]2CN(CCc3c([nH]c4ccccc34)[C@](C(=O)OC)(c3cc4c(cc3OC)N(C)[C@@H]3[C@](O)(C(=O)OC)[C@H](OC(C)=O)[C@]5(CC)C=CCN6CC[C@]43[C@@H]65)C2)C1,3.6872033036619767,ncgc
CC[C@]1(c2ncc[nH]2)Cc2ccccc2O1,3.8872025006290167,ncgc
CC[C@]12CCCN3CCc4c(n(c5ccccc45)C(=O)C1)[C@@H]32,4.399695684644625,tox21
CC[N+](C)(CC)CCC[n+]1c(-c2ccccc2)c2cc(N)ccc2c2ccc(N)cc21,4.187201534804045,ncgc
CC[N+](CC)(CC)CC(=O)Nc1c(C)cccc1C,3.6872033036619767,ncgc
CC[N+]1(C)CCCC1.F[P-](F)(F)(F)(F)F,4.027661942660476,tox21
CC[N+]1(C)CCCC1.O=S(=O)([N-]S(=O)(=O)C(F)(F)F)C(F)(F)F,4.789951320088004,tox21
CC[S+](C)CC.O=S(=O)([N-]S(=O)(=O)C(F)(F)F)C(F)(F)F,4.779052015682718,tox21
CC[S+](CC)CC.O=S(=O)([N-]S(=O)(=O)C(F)(F)F)C(F)(F)F,4.637469177164996,tox21
CC[Si](OC(C)=O)(OC(C)=O)OC(C)=O,3.7885301040785704,tox21
CC[Sn](Br)(CC)CC,4.088530344873387,tox21
CC[n+]1c(-c2ccccc2)c2cc(N)ccc2c2ccc(N)cc21.[Br-],4.195000011296639,tox21
CC[n+]1c(/C=C/C=C/N(C(C)=O)c2ccccc2)sc2ccccc21.[I-],4.131237783223632,veith
CC[n+]1ccccc1.[Br-],4.6420869023436655,tox21
CCc1[nH]ccc1C(=O)Nc1ccc(-n2ccnc2)cc1,6.556153238003728,challenge
CCc1c(C(=O)NN2CCCCC2)nn(-c2ccc(Cl)cc2Cl)c1-c1ccc(Br)cc1,4.688532047345478,tox21
CCc1c(C(=O)O)[nH]c2ccc(Br)cc12,4.081239412948973,veith
CCc1c(C(C)O)oc2ccc3c(C)cc(=O)oc3c12,4.381238666479966,veith
CCc1c(C)c(C#N)c2nc3ccccc3n2c1N1CCN(c2cc(C)ccn2)CC1,5.181236955344418,veith
CCc1c(C)cc(N)c(CC)c1N,4.088530344873387,tox21
CCc1c(C)nc2ccc(Br)cc2c1Cl,4.231237939860009,veith
CCc1c(C)nc2ncnn2c1NCCc1ccc(OC)cc1,5.081239412948973,veith
CCc1c(CCCC(=O)O)cccc1-c1ccc(-c2ccc(OC(C)C)c(C#N)c2)cc1,4.738094708859216,pharmabench
CCc1c(CCCC(=O)O)cccc1-c1nnc(-c2ccc(OC(C)C)c(C#N)c2)o1,4.438094651136832,pharmabench
CCc1c(CCCC(=O)O)cccc1-c1nsc(-c2ccc(OC(C)C)c(C#N)c2)n1,4.638094725248053,pharmabench
CCc1c(O)nc(SCC(=O)NC(C)(C)C)n(-c2ccccc2)c1=O,3.981239042028786,veith
CCc1c(O)nc2sc3ccccc3n2c1=O,4.7812382168028345,veith
CCc1c2c(nc3c(C(C)C)cccc13)-c1cccc(=O)n1C2,4.084221702678786,ncgc;veith
CCc1c2c(nc3cccc(C(C)C)c13)-c1cccc(=O)n1C2,3.8842202108992034,ncgc;veith
CCc1c[nH]c(=O)c(C(=O)NCCc2nc(-c3ccccc3)oc2C)c1,5.444827798003728,challenge
CCc1c[nH]c2ncnc(N3CCC4(CC3)OCCc3ccccc34)c12,5.4830211700037275,challenge
CCc1c[nH]c2ncnc(NCCC3C(=O)NN=C3C)c12,3.714084918003728,challenge
CCc1c[nH]c2ncnc(NCc3ccc(CO)c(F)c3)c12,4.826926822003728,challenge
CCc1cc(/C=C2\CC/C(=C\c3cc(CC)c(O)c(CC)c3)C2=O)cc(CC)c1O,3.7617531725968436,pharmabench
CCc1cc(=O)oc2cc(OCC(=O)N3CCCc4ccccc43)ccc12,5.231237939860008,veith
CCc1cc(C(=O)N2CCC(COc3ccccc3)CC2)[nH]n1,4.982965595003727,challenge
CCc1cc(C(c2ccc(F)cc2)N2CCOCC2)c(NC(=O)c2ccccc2)s1,4.381238666479966,veith
CCc1cc(C(c2ccccc2OC)N2CCOCC2)c(NC(=O)c2ccccc2)s1,5.081239412948973,veith
CCc1cc(C2=C(C(=O)[O-])N(c3ccccc3C(F)(F)F)S(=O)(=O)c3ccccc32)cc2c1OCO2.[K+],4.593513836206531,tox21
CCc1cc(Cc2cc(CC)cc(C(C)(C)C)c2O)c(O)c(C(C)(C)C)c1,5.088532786506383,tox21
CCc1cc(N2CCN(CC(=O)Nc3ccc(F)cc3)CC2)ncn1,4.2376392270037275,challenge
CCc1cc(NC(=O)N2CC3(CCCC3)C2c2ccccc2)no1,5.197979617003727,challenge
CCc1cc(NC(=O)c2coc3ccc(OC)cc23)n(C)n1,4.963618288003728,challenge
CCc1cc(NC(=O)c2oc3ccccc3c2CS(C)(=O)=O)n(C)n1,4.191658603003727,challenge
CCc1cc(S(=O)(=O)[O-])c2cc(C(C)C)cccc1-2.[Na+],4.099695361406635,tox21
CCc1cc(SCc2sc(-c3ccc(C(F)(F)F)cc3)nc2CN2CCN(c3ccc(OC)cc3)CC2)ccc1OCC(=O)O,4.438530657642067,tox21
CCc1cc2c(=O)c(-c3cnn(-c4ccccc4)c3)coc2c(CN2CCOCC2)c1O,4.88123792116939,veith
CCc1cc2c(=O)c(-c3nc4ccccc4[nH]3)coc2cc1OC(=O)N1CCOCC1,4.331238507999185,veith
CCc1cc2c(=O)c(-c3nc4ccccc4n3C)c(C)oc2c(CN(CC)CC)c1O,4.131237783223632,veith
CCc1cc2c(=O)n(-c3ccccc3)c(=S)[nH]c2s1,4.131237783223632,veith
CCc1cc2c(NCCO)ncnc2s1,5.081239412948973,veith
CCc1cc2c(NCc3ccco3)ncnc2s1.Cl,4.631238141608918,veith
CCc1cc2c(Sc3nc4ccccc4s3)ncnc2s1,4.231237939860009,veith
CCc1cc2c(c(CC)n1)CCC(=O)N2Cc1ccc(-c2ccccc2-c2nn[nH]n2)cc1,3.8842202108992034,ncgc;veith
CCc1cc2c(nc1CC)CCN(CC/C(C)=N/OC[C@H]1O[C@H](c3ccccc3)C=C[C@@H]1Oc1ccc(OC)cc1)C2,4.487201289787428,ncgc
CCc1cc2cc(OC)c(OC)cc2c(Cc2ccccc2)n1,4.499695145639398,tox21
CCc1ccc(-c2cc(C(=O)NCc3ccco3)c3ccccc3n2)s1,4.981239042028786,veith
CCc1ccc(-c2cc(C(F)(F)F)n3nc(C(=O)Nc4cnn(Cc5ccccc5C)c4)cc3n2)s1,4.381238666479966,veith
CCc1ccc(-c2csc(NC(=O)C3CCCO3)c2C(=O)OC(C)C)cc1,4.631238141608918,veith
CCc1ccc(/C=C\C(=O)N2CCc3ccccc3C2)cc1,3.931238759019225,veith
CCc1ccc(C(=O)COC(=O)c2cccc(N3C(=O)c4c(C)nc5ccccc5c4C3=O)c2)cc1,4.7812382168028345,veith
CCc1ccc(C(=O)N2CCC(c3nc4ccccc4s3)CC2)cc1,5.081239412948973,veith
CCc1ccc(C(=O)N2CCN(S(=O)(=O)c3ccccc3OC(F)F)CC2)cc1,5.164130532003727,challenge
CCc1ccc(C(=O)NN(C(=O)c2cc(C)cc(C)c2)C(C)(C)C)cc1,4.488531697426887,tox21
CCc1ccc(C(=O)c2oc3nc(C)cc(C)c3c2N)cc1,4.28123853814577,veith
CCc1ccc(C(C(=O)NCc2ccc(OC)cc2)N(CCOC)C(=O)Cc2cccs2)cc1,4.28123853814577,veith
CCc1ccc(C(CC(=O)c2ccc(Cl)cc2)C(=O)O)cc1,4.28123853814577,veith
CCc1ccc(C(c2ccc(CC)cc2)C(Cl)Cl)cc1,4.584836486389683,tox21
CCc1ccc(C2=Nn3c(nnc3-c3cccs3)SC2)cc1,4.431238405874674,veith
CCc1ccc(CN(C(=O)c2cc3ccccc3oc2=O)C2CCS(=O)(=O)C2)cc1,4.331238507999185,veith
CCc1ccc(CSc2nccn2-c2ccccc2)cc1,4.4812387752551235,veith
CCc1ccc(N(C(=O)c2ccoc2C)C(C(=O)NC2CCCC2)c2ccc(OC)cc2)cc1,3.8312389898347954,veith
CCc1ccc(N(C(=O)c2csnn2)C(C(=O)NCc2ccccc2)c2ccco2)cc1,4.131237783223632,veith
CCc1ccc(N(C(=O)c2snc(C(N)=O)c2N)C(C(=O)NCCC(C)C)c2c[nH]c3ccccc23)cc1,4.531238789289352,veith
CCc1ccc(N/C(SCc2ccccc2C)=C(/C#N)C(=O)NCc2ccco2)cc1,4.7812382168028345,veith
CCc1ccc(N2C(=O)/C(=C/c3cccs3)N(CC(=O)OC)C2=S)cc1,4.181236955344418,veith
CCc1ccc(N2CC(C(=O)N/N=C/c3cccc([N+](=O)[O-])c3)CC2=O)cc1,4.731239014571102,veith
CCc1ccc(N2CC(C(=O)NC3=NCCS3)CC2=O)cc1,4.181236955344418,veith
CCc1ccc(N2CC(C(=O)NCc3cccnc3-n3ccnc3)CC2=O)cc1,5.010029225003728,challenge
CCc1ccc(NC(=O)CS(=O)CC(=O)NCCCc2ccccc2)cc1,5.381238666479966,veith
CCc1ccc(NCCC(=O)c2ccc(Cl)cc2)cc1,4.431238405874674,veith
CCc1ccc(Nc2ncccc2C#N)cc1,4.031238394064476,veith
CCc1ccc(O)c(C(C)(C)C)c1,4.138530880775606,tox21
CCc1ccc(OCC(=O)NC(=S)Nc2ccc(C)cc2C)c(Br)c1,5.4812387752551235,veith
CCc1ccc(OCCNC(=O)c2cc(SC)ccc2Cl)cc1,4.88123792116939,veith
CCc1ccc(OCCNc2nc(Nc3cc(C)[nH]n3)cc(C)c2C#N)cn1,5.191966487124398,pharmabench
CCc1ccc(S(=O)(=O)N2CCN(c3cnccn3)CC2)s1,5.565423000003728,challenge
CCc1ccc2c(-c3cccc(Cl)c3)nc(=O)n(CC)c2n1,3.6872033036619767,ncgc
CCc1ccc2c(c1)CCN2C(=O)NCc1n[nH]c(C(C)(C)C)n1,5.043785370003728,challenge
CCc1ccc2c(c1)CCN2C(=O)Nc1cn(C)nc1C(F)(F)F,4.266596710003728,challenge
CCc1ccc2c(c1)[nH]c(=O)c1nc(-c3ccccc3Cl)[nH]c12,4.015875228068716,pharmabench
CCc1ccc2c(c1)c(N=NC1=NC(=O)CS1)c(O)n2CC,4.181236955344418,veith
CCc1ccc2nc(NC(=O)c3cc(C)on3)sc2c1,4.331238507999185,veith
CCc1ccc2nc(Nc3nc(COC)cc(=O)[nH]3)nc(C)c2c1,4.381238666479966,veith
CCc1cccc(-n2cc(C3CCN(C(=O)OC(C)(C)C)CC3)c(C(=O)Nc3ccc(F)cc3)n2)c1,4.68123872420235,veith
CCc1cccc(C)c1CNc1cc(C(N)=O)cn2c(C)c(C)nc12,4.781792022035348,pharmabench
CCc1cccc(C)c1CNc1cccn2c(C)c(C)nc12,5.162003263746954,pharmabench
CCc1cccc(C)c1N,3.8385301209917824,tox21
CCc1cccc(C)c1N(C(=O)C(=O)O)C(C)COC,3.7885301040785704,tox21
CCc1cccc(C)c1N(C(=O)CCl)C(C)COC,4.201421237263869,tox21
CCc1cccc(C)c1N(C(=O)CCl)[C@@H](C)COC,4.3885311946544245,tox21
CCc1cccc(C)c1NC(=O)CSc1nc2ccc(N3C(=O)c4ccccc4C3=O)cc2s1,4.731239014571102,veith
CCc1cccc(C)c1NS(=O)(=O)c1ccc(C)c(C(=O)OC)c1,5.860128827003727,challenge
CCc1cccc(CC)c1-n1c(SCc2cc(=O)n3ccsc3n2)nnc1-c1cccnc1,4.531238789289352,veith
CCc1cccc(CC)c1N,3.9115886478643986,tox21
CCc1cccc(CC)c1N(COC)C(=O)CCl,4.120532264944411,tox21
CCc1cccc(CC)c1N(COC)C(=O)CS(=O)(=O)[O-].[Na+],4.038530441677591,tox21
CCc1cccc(NC(=O)CN(C)S(=O)(=O)c2cnc[nH]2)c1,5.4812387752551235,veith
CCc1cccc(NC(=O)c2cc(Oc3cncnc3)cc(C)n2)n1,5.082822017699329,pharmabench
CCc1cccc2c(-c3ccccc3)c3c(nc12)OCC3,4.184219245074232,ncgc;veith
CCc1cccc2c(CCO)c[nH]c12,4.4739761112173735,tox21
CCc1cccc2c3c([nH]c12)C(CC)(CC(=O)O)OCC3,4.294644570875231,tox21
CCc1cccc2c3c([nH]c12)[C@](CC)(CC(=O)O)OCC3,3.6872033036619767,ncgc
CCc1cccc2nc3c(c([Si](C)(C)C)c12)Cn1c-3cccc1=O,3.9842213317585995,ncgc;veith
CCc1cccc2nc3c(c([Si](CC)(CC)CC)c12)Cn1c-3cccc1=O,4.3842204094659465,ncgc;veith
CCc1ccccc1N1C(=O)c2cccc3c(N4CCOCC4)c([N+](=O)[O-])cc(c23)C1=O,4.081239412948973,veith
CCc1ccccc1NC(=O)C(C)n1nc([N+](=O)[O-])c(Br)c1C,4.231237939860009,veith
CCc1ccccc1NC(=O)CSc1nc(-c2ccccc2)nn1C(=O)c1cccc([N+](=O)[O-])c1,5.631238141608918,veith
CCc1ccccc1O,4.090659771574994,tox21
CCc1ccccc1OC[C@H](O)CN[C@@H]1CCc2ccccc2C1,3.787202796262461,ncgc
CCc1cnc(CNS(=O)(=O)c2cnn(-c3ccccc3)c2)s1,4.954679050003728,challenge
CCc1cnc(NC(=O)N2CCc3cc(OC)c(OC)cc3C2)s1,4.696315893003728,challenge
CCc1nc(C)c(C(=O)N2CCC(C(F)(F)F)C3(CCOCC3)C2)o1,4.120759590003727,challenge
CCc1nc(CC(=O)N2CCC(c3ncc(C)s3)CC2)cs1,4.514549963003728,challenge
CCc1nc(CS(=O)(=O)CC(=O)Nc2ccc3c(c2)CCC3)cs1,4.672109782003727,challenge
CCc1nc(N)nc(N)c1-c1ccc(Cl)cc1,3.989096203266045,tox21
CCc1nc(N)nc(N)c1-c1ccc2c(c1)N(CCCOC)C(=O)C(C)(CC)O2,3.8609732680829736,pharmabench
CCc1nc(N)nc(N)c1-c1ccc2c(c1)N(CCCOC)C(=O)C(C)(c1cc(F)cc(F)c1)O2,4.3169052237326975,pharmabench
CCc1nc(N)nc(N)c1-c1ccc2c(c1)N(CCCOC)C(=O)C(C)(c1ccc(F)c(F)c1)O2,4.419016430426562,pharmabench
CCc1nc(N)nc(N)c1-c1ccc2c(c1)N(CCCOC)C(=O)C(CC)(CC)O2,4.162003263746954,pharmabench
CCc1nc(N)nc(N)c1-c1ccc2c(c1)N(CCCOC)C(=O)C(CC)(c1cc(F)cc(F)c1)O2,4.647898442774122,pharmabench
CCc1nc(N)nc(N)c1-c1ccc2c(c1)N(CCNC(C)=O)C(=O)C(C)(c1ccc(Cl)cc1)O2,4.258913276755011,pharmabench
CCc1nc(N2CCC3(CC2)OCCO3)c2nnn(Cc3ccccc3Cl)c2n1,4.231237939860009,veith
CCc1nc(SCC(=O)NCCc2ccccc2)c2oc3ccccc3c2n1,5.231237939860008,veith
CCc1nc(SCC(=O)c2ccc(Cl)s2)c2oc3ccccc3c2n1,5.231237939860008,veith
CCc1nc(SCC(=O)c2cccs2)c2oc3ccccc3c2n1,4.88123792116939,veith
CCc1nc2c(C(=O)N3CCCCC3c3cncn3C)ccnc2[nH]1,3.967762340003728,challenge
CCc1nc2c(C(=O)N3CCOc4c(C)cc(C)cc43)ccnc2[nH]1,4.7052153320037275,challenge
CCc1nc2n(n1)CCCC2NC(=O)N1CCC(c2nccs2)CC1,2.8699533170037275,challenge
CCc1ncc(NC(=O)C2COc3ccc(Cl)cc3C2)cn1,4.872136230003727,challenge
CCc1ncnc(N2CCN(C(=O)NC3CCCCC3)CC2)c1F,4.386116125003728,challenge
CCc1nn(C)c(C(=O)NCc2ccc(C(C)(C)C)cc2)c1Cl,4.3885311946544245,tox21
CCc1nn(C)c2[nH]nc(NC(=O)c3cc(C)nc4onc(C)c34)c12,4.564269930003728,challenge
CCc1nn(C)cc1NC(=O)NC(C)CN1CCOCC1,2.6923142720037276,challenge
CCc1nn(C2CCCCC2)c2cc(C3(C#N)CCC(C(=O)O)CC3)ccc12,4.338531273401033,tox21
CCc1nn(CCCN2CCN(c3cccc(Cl)c3)CC2)c(=O)n1CCOc1ccccc1,4.824902188003728,challenge
CCc1nn(Cc2cccc3c2CCOC3)c(=O)c(C#N)c1CC,4.632911925003728,challenge
CCc1nn(Cc2coc(-c3cccc(OC)c3)n2)c(=O)c(C#N)c1CC,4.974725937003727,challenge
CCc1nnc(NC(=O)C2Cc3ccccc3CN2S(=O)(=O)c2ccc(C)cc2)s1,4.68123872420235,veith
CCc1nnc(NC(=O)CSc2nc3cc4c(cc3cc2C)OCCO4)s1,5.68123872420235,veith
CCc1nnc(NC(=O)c2c(C)nn(-c3ccccc3)c2Cl)s1,4.331238507999185,veith
CCc1nnc(NC(=O)c2cc(-c3ccccc3)nn2-c2ccccc2)s1,4.331238507999185,veith
CCc1nnc(NC=C2C(=O)OC(C)(C)OC2=O)s1,5.181236955344418,veith
CCc1nnc(NS(=O)(=O)c2ccc(N)cc2)s1,4.5496968251554915,tox21
CCc1nnc(NS(=O)(=O)c2ccc(N=Cc3c(C)[nH]n(-c4ccc(C)cc4)c3=O)cc2)s1,4.331238507999185,veith
CCc1noc(C)c1C(=O)Nc1nc(-c2cc(C)ccc2C)c(C)s1,4.381238666479966,veith
CCc1noc(N)c1C(=O)Nc1ccc(F)c(Cl)c1,4.131237783223632,veith
CCc1oc2ccccc2c1C(=O)c1cc(Br)c(O)c(Br)c1,6.648673889342479,ncgc;pharmabench;tox21;veith
CCc1oc2ccccc2c1C(=O)c1cc(I)c(O)c(I)c1,5.499691999250532,tox21
CCc1sc(-c2c(C#N)c(N)nc3c2CCCCCC3)cc1[N+](=O)[O-],4.831238989834795,veith
CCc1sc(N(C(=O)Cc2ccccc2)c2cccc(F)c2)nc1-c1ccc(C)cc1,4.4812387752551235,veith
CCn1c(-c2ccccc2Cl)nn(CC(=O)Nc2ccc(OC)cc2)c1=S,4.931238759019225,veith
CCn1c(-c2nonc2NC(=O)c2ccccc2)nc2ccccc21,5.581238740591187,veith
CCn1c(/C=C2/C(=O)N(C)c3ccccc32)nc2ccccc2c1=O,4.28123853814577,veith
CCn1c(=O)[nH]c2cc(C(=O)NC[C@H]3CCO[C@@H]3c3ccccc3)ccc2c1=O,4.070270208003728,challenge
CCn1c(=O)c2c(nc(/C=C/c3ccc(OC)c(OC)c3)n2C)n(CC)c1=O,4.286923319277944,pharmabench;tox21
CCn1c(=O)cc(OCC(=O)Nc2cccnc2)c2ccccc21,4.081239412948973,veith
CCn1c(=O)cc(SCC(=O)NCc2ccc3c(c2)OCO3)c2ccccc21,4.28123853814577,veith
CCn1c(C)c(C)c2cc(-n3ccccc3=O)nc(NCc3c(C)cccc3C)c21,5.492996482788379,pharmabench
CCn1c(C)cc(/C=C2\SC(=O)N(CC(=O)Nc3ccc(C)c(C)c3)C2=O)c1C,5.081239412948973,veith
CCn1c(C)nc2cc(C(=O)NNS(=O)(=O)c3ccccc3F)ccc21,3.981239042028786,veith
CCn1c(CC(=O)Nc2ccc(C)cc2)nnc1SCC(=O)NCCc1ccccc1,4.081239412948973,veith
CCn1c(CC(=O)Nc2ccc(C)cc2)nnc1SCC(=O)Nc1nc(C)cs1,5.731239014571102,veith
CCn1c(CCNC(=O)c2ccccc2Cl)n[nH]c1=S,5.081239412948973,veith
CCn1c(COc2ccccc2)nnc1SCC(=O)c1cccc([N+](=O)[O-])c1,3.931238759019225,veith
CCn1c(CSCc2ccc(C)cc2)nnc1SCC(=O)NCc1ccccc1,4.081239412948973,veith
CCn1c(Cc2ccccc2)nnc1SCC(=O)c1cccc([N+](=O)[O-])c1,4.081239412948973,veith
CCn1c(N)c(C(=O)NCc2cccnc2)sc1=S,4.181236955344418,veith
CCn1c(NCc2cc(Br)ccc2NS(=O)(=O)c2ccc(C)cc2)nc2ccccc21,4.88123792116939,veith
CCn1c(O)c(/C=C2\C=Nc3ccccc32)sc1=Nc1ccc(C)cc1,4.931238759019225,veith
CCn1c(SCC(=O)N2CCOCC2)nc2oc3c(Cl)cc(Cl)cc3c(=O)c2c1=O,4.68123872420235,veith
CCn1c(SCC(=O)Nc2ccc3c(c2)OCCO3)nc2c(c1=O)SC(C)C2,4.981239042028786,veith
CCn1c(SCC(=O)Nc2ccccc2C(=O)OC)nnc1-c1ccc(N)cc1,3.931238759019225,veith
CCn1c(SCC(=O)Nc2nc3ccc(C)cc3s2)nc2c(c1=O)SC(C)C2,4.7812382168028345,veith
CCn1c(SCC(=O)Nc2sc3c(c2C#N)CCC(C(C)(C)C)C3)nnc1-c1ccco1,4.331238507999185,veith
CCn1c(SCC(=O)Nc2sc3c(c2C(N)=O)CCC(C)C3)nnc1-c1ccco1,4.7812382168028345,veith
CCn1c(SCC(=O)OC)nc2sc3c(c2c1=O)CCC3,4.581238740591187,veith
CCn1c(SCc2ccc(C#N)cc2)nnc1-c1ccc(S(=O)(=O)N2CCCCC2)cc1,4.631238141608918,veith
CCn1c(SCc2ccc(C(=O)Nc3nccs3)cc2)nnc1-c1ccc(NC(C)=O)cc1,5.031238394064476,veith
CCn1c(SCc2ccc(C)cc2)nnc1-c1cnn(-c2ccccc2)c1C(F)(F)F,4.28123853814577,veith
CCn1c(SCc2ccc(Cl)cc2)nnc1-c1cnn(-c2ccccc2)c1C(F)(F)F,4.7812382168028345,veith
CCn1c(SCc2ccc(Cl)cc2Cl)nc2nc3c(cc2c1=O)CCCC3,4.581238740591187,veith
CCn1c(SCc2cccc(Cl)c2)nnc1-c1cnn(-c2ccccc2)c1C(F)(F)F,4.131237783223632,veith
CCn1c(SCc2nc3ccccc3[nH]2)nnc1-c1ccc(OC)cc1,4.181236955344418,veith
CCn1c2ccc(Cl)cc2c2nc3ccccc3nc21,4.28123853814577,veith
CCn1c2ccccc2c2cc(N)ccc21,4.363530321975093,tox21
CCn1c2ccccc2c2cc(N)ccc21.Cl,4.54280064320188,tox21
CCn1c2ccccc2c2cc(N=C3SC(CC(=O)Nc4ccccc4)C(=O)N3C)ccc21,6.181236955344418,veith
CCn1c2ccccc2c2cc(N=C3SC(CC(=O)Nc4ccccc4OC)C(=O)N3C)ccc21,5.331238507999185,veith
CCn1c2ccccc2c2cc(NC(=O)C(C)Oc3ccc(OC)cc3)ccc21,4.381238666479966,veith
CCn1c2ccccc2c2cc(NC(=O)C/C(C)=N/NC(=O)c3ccccc3N)ccc21,3.731239014571102,veith
CCn1c2ccccc2c2cc(NC(=O)CSc3nnc(-c4ccc(OC)c(OC)c4)n3N)ccc21,3.931238759019225,veith
CCn1c2ccccc2c2cc(NS(=O)(=O)c3ccccc3C)ccc21,5.331238507999185,veith
CCn1c2ccccc2c2ccccc21,3.8385301209917824,tox21
CCn1c2ccccc2c2cnc(N=CN(C)C)c(C#N)c21,4.131237783223632,veith
CCn1cc(-c2ccc([C@H](C)N3CC[C@](CC(C)(C)O)(c4ccccc4)OC3=O)cc2)ccc1=O,3.8609732680829736,pharmabench
CCn1cc(-c2ccc([C@H](C)N3CC[C@](CCCO)(c4ccccc4)OC3=O)cc2)ccc1=O,4.3169052237326975,pharmabench
CCn1cc(-c2ccnc3[nH]ccc23)c(-c2cccc(NC(=O)Nc3ccc(C(F)(F)F)cc3)c2)n1,5.238092940001284,pharmabench
CCn1cc(-c2ccnc3[nH]ccc23)c(-c2cccc(NC(=O)Nc3cccc(OC)c3)c2)n1,5.838091454750942,pharmabench
CCn1cc(-c2nc(-c3ccc(N4CCCCC4)nc3)no2)cn1,5.123199592003727,challenge
CCn1cc(C(=O)N/N=C(/C)c2ccc(F)cc2)c(=O)c2cc(F)c(N3CCCC3)cc21,4.28123853814577,veith
CCn1cc(C(=O)O)c(=O)c2cc(F)c(N3CCNCC3)nc21,4.087203992408599,ncgc
CCn1cc(C(=O)O)c(=O)c2cc3c(cc21)OCO3,4.132191476966765,tox21
CCn1cc(CC(=O)Nc2c3c(nn2-c2ccccc2)CCC3)nn1,3.3476110930037275,challenge
CCn1cc(CN(C)C(=O)N[C@@H]2C[C@H]2c2ccc(F)cc2)cn1,4.192898545003728,challenge
CCn1cc(CNC(=O)N2CCC(Cc3ccccc3)CC2)nn1,4.514806463003728,challenge
CCn1cc(CNC(=O)N2CC[C@@H](Oc3ccncc3)C2)cn1,4.0147555770037275,challenge
CCn1cc(NC(=O)Cc2ccc(C)c(Cl)c2)c(C(N)=O)n1,4.647186257003728,challenge
CCn1cc(NC(=O)NCCNc2ccccc2)c(C(N)=O)n1,4.215352828003728,challenge
CCn1cc(NC(=O)c2ccc3cc(C)ccc3n2)cn1,4.537842343003728,challenge
CCn1cc[n+](C)c1.F[P-](F)(F)(F)(F)F,3.9588909146715245,tox21
CCn1cc[n+](C)c1.O=S(=O)([N-]S(=O)(=O)C(F)(F)F)C(F)(F)F,4.684998541770508,tox21
CCn1cc[n+](C)c1C.O=S(=O)([N-]S(=O)(=O)C(F)(F)F)C(F)(F)F,4.840662853807275,tox21
CCn1ccc(C(=O)Oc2ccc(Cl)cc2)n1,4.331238507999185,veith
CCn1cccc(NC(=O)CC2CC(=O)Nc3ccccc32)c1=O,3.563222173003728,challenge
CCn1cccc(NC(=O)N2CCCC(C(C)C)CC2)c1=O,4.716009430003727,challenge
CCn1ccnc(N2CCN(C(=O)c3ccc(O)cc3)CC2)c1=O,4.338183110003728,challenge
CCn1cnc2sc(C(=O)N3CCN(c4ccc(OC)cc4)CC3)c(C)c2c1=O,4.381238666479966,veith
CCn1nc(C)c(C(=O)OCc2nc(-c3c(F)cccc3F)cs2)c1C,5.766372338003728,challenge
CCn1nc(C)c(NC(=O)CCSc2nc(-c3ccco3)cc(C(F)(F)F)n2)c1C,4.7812382168028345,veith
CCn1nc(C)c2c1C(=O)NCC(c1ccc(O)cc1)=N2,3.9885299994982155,tox21
CCn1nc(Cc2ccccc2)cc1C1CCN(C[C@H]2C[C@H](N(C)[C@@H](C(=O)O)C(C)C)C[C@@H]2c2cccc(F)c2)CC1,3.9885299994982155,tox21
CCn1nc2c(-c3ccc(Cl)cc3)c(-c3ccncc3)c(=O)n(Cc3ccc(C(F)(F)F)nc3)n2c1=O,4.647898442774122,pharmabench
CCn1nc2c(-c3ccc(Cl)cc3)c(-c3ccncc3)c(=O)n(Cc3ccc(C(F)(F)F)nc3C)n2c1=O,4.714845232404735,pharmabench
CCn1nc2c(c1Nc1nc(-c3ccc(-n4cnc(C)c4)c(OC)n3)cs1)CCC2(C)C,3.6568532854270486,pharmabench
CCn1nc2cc(C(=O)NCC34CC5CC(CC(C5)C3)C4)ccc2c1OC,4.131237783223632,veith
CCn1ncc(Cl)c1C(=O)NCc1cn(-c2ccc(OC)cc2)nn1,4.769103968003727,challenge
CCn1nncc1CNC(=O)N1CCC(c2cncn2C)CC1,4.368059097003727,challenge
CCn1nnnc1-c1cccc(NC(=O)C2CCCc3[nH]ncc32)c1,4.718979825003728,challenge
CCn1nnnc1-c1cccc(NC(=O)N2CCC(c3cnn(C)c3)CC2)c1,4.449016013003727,challenge
CN(C(=O)C(Cl)Cl)c1ccc(OC(=O)c2ccco2)cc1,4.449695384640936,tox21
CN(C(=O)CC(NC(=O)c1ccccc1)(c1ccccc1)c1ccccc1)c1ccccc1,4.081239412948973,veith
CN(C(=O)CCCOc1ccc2[nH]c(=O)ccc2c1)C1CCCCC1,4.399695684644625,tox21
CN(C(=O)CN(CCO)CC(=O)N(C)C(C)(C)Cc1ccccc1)C(C)(C)Cc1ccccc1,4.149695764085624,tox21
CN(C(=O)Cc1ccc(Cl)c(Cl)c1)[C@H](CN1CCCC1)c1ccccc1,6.284220827875583,ncgc;veith
CN(C(=O)Cc1cccc2occc12)[C@H]1CC[C@@]2(CCCO2)C[C@@H]1N1CCCC1,4.14104345611149,tox21
CN(C(=O)Nc1nc(C2CCOCC2)cs1)C1CCCC1C(C)(C)C,5.2361369520037275,challenge
CN(C(=O)c1cc2c(C(F)F)nn(C)c2s1)C1CCCc2c1cnn2C,4.8261389070037275,challenge
CN(C(=O)c1cnc(N2CCN(c3ncccn3)CC2)c2ccccc12)c1ccc(Cl)cc1,4.581238740591187,veith
CN(C(=S)Nc1ccccc1F)C1(c2ccccc2Cl)CCCCC1=O,4.031238394064476,veith
CN(C)/C(CN1CCOCC1)=C1\N=C(c2ccccc2)OC1=O,4.031238394064476,veith
CN(C)C(=C(C#N)C#N)N1CCN(c2ccc(Cl)c(Cl)c2)CC1,4.181236955344418,veith
CN(C)C(=O)C(Cc1ccccc1)NCc1cccc2[nH]ccc12,4.699743610003727,challenge
CN(C)C(=O)C(c1ccccc1)c1ccccc1,3.9419154817135524,tox21
CN(C)C(=O)C1(N2CCCCC2)CCN(CC[C@@]2(c3ccc(Cl)c(Cl)c3)CN(C(=O)c3ccccc3)CCO2)CC1.Cl,4.118047590141455,tox21
CN(C)C(=O)Cc1ccccc1NCc1ccnc2[nH]ccc12,4.349862283003728,challenge
CN(C)C(=O)NC1(c2ccccc2)CCN(CCC[C@]2(c3ccc(Cl)c(Cl)c3)CCCN(C(=O)c3ccccc3)C2)CC1,4.460930201446486,tox21
CN(C)C(=O)NC1(c2ccccc2)CCN(CC[C@@]2(c3ccc(F)c(F)c3)CN(C(=O)c3ccccc3)CCO2)CC1.Cl,3.8706790543351817,tox21
CN(C)C(=O)Nc1ccc(Cl)c(Cl)c1,3.8892399551978167,tox21
CN(C)C(=O)[C@H]1CC[C@@H](C2CCN(c3ncc4c(n3)CCCC4)CC2)O1,4.105874055003728,challenge
CN(C)C(=O)c1ccc(-c2cc(Nc3ccccc3)ncn2)cc1,5.187211884060712,ncgc
CN(C)C(=O)c1ccc(-c2ccc3ncnc(N(C)C)c3c2)cc1,5.187211884060712,ncgc
CN(C)C(=O)c1ccc(-c2ccc3ncnc(N4CCC(C(=O)O)CC4)c3c2)cc1,5.287203117605396,ncgc
CN(C)C(=O)c1ccc(-c2nc(NC3CCNCC3)c3ccccc3n2)cc1,5.187211884060712,ncgc
CN(C)C(=O)c1ccc(N(Cc2cc(Br)cs2)C(=O)c2ccc(O)cc2O)cc1,4.082822017699329,pharmabench
CN(C)C(=O)c1ccc(N(Cc2ccc(O)cc2)C(=O)c2ccc(O)cc2O)cc1,4.210989724437828,pharmabench
CN(C)C(=O)c1ccc(NC(=O)c2cnn3ccccc23)cc1Cl,4.481545455003728,challenge
CN(C)C(=O)c1cccc(COc2ccc(CNC(=O)c3cc4cnccc4[nH]3)cc2)c1,5.736034531474673,pharmabench
CN(C)C(=O)c1cn(N(C)c2ncc(C(F)(F)F)cc2Cl)c(=O)c2ccccc12,4.831238989834795,veith
CN(C)C(=S)[S-].CN(C)C(=S)[S-].[Cu+2],4.402358061528405,tox21
CN(C)C/C=C(\c1ccc(Br)cc1)c1cccnc1,4.584219730527165,ncgc;veith
CN(C)C1CSSSC1.O=C(O)C(=O)O,4.188530214047235,tox21
CN(C)C=C1C(=O)N(C2CCCCC2)C(=O)N(C2CCCCC2)C1=O,4.931238759019225,veith
CN(C)C=O.COCCn1c(SCc2nc3sc(C(=O)OC)c(C)c3c(=O)[nH]2)nc2ccccc21,5.331238507999185,veith
CN(C)CC(=O)N1CCC2(CC1)C(=O)Nc1cc(/C=C3\c4ccccc4COc4cc(F)ccc43)ccc12,4.825010162337492,pharmabench
CN(C)CC/C=C1/c2ccccc2Sc2ccc(Cl)cc21,4.575055157003728,challenge
CN(C)CCC(=O)[C@@]1(O)CC[C@H]2[C@H]3CC=C4C[C@@H](O)CC[C@]4(C)[C@H]3CC[C@]21C,4.884219346423415,ncgc;veith
CN(C)CCC=C1c2ccccc2COc2ccccc21,3.7351231570037275,challenge
CN(C)CCCN1c2ccc3ccccc3c2Sc2cccc(Cl)c21,4.387202152451927,ncgc
CN(C)CCCN1c2ccccc2CCc2ccc(Cl)cc21.Cl,3.7885301040785704,tox21
CN(C)CCCN1c2ccccc2Sc2ccc(Cl)cc21,4.123273970003727,challenge
CN(C)CCC[C@@]1(c2ccc(F)cc2)OCc2cc(C#N)ccc21,4.784219133178269,ncgc;veith
CN(C)CCCn1cc(C2=C(c3c[nH]c4ccccc34)C(=O)NC2=O)c2ccccc21,4.087203992408599,ncgc
CN(C)CCN(Cc1cccs1)c1ccccn1,3.6872033036619767,ncgc
CN(C)CCNCCN,4.387202152451927,ncgc
CN(C)CCNc1ncnc2c1sc1nc(N3CCOCC3)c3c(c12)CC(C)(C)SC3,3.88123792116939,veith
CN(C)CCOC(c1ccccc1)c1ccc(Br)cc1,4.199695243524282,tox21
CN(C)CCOC(c1ccccc1)c1ccccc1.Cn1c(=O)c2[nH]c(Cl)nc2n(C)c1=O,4.034998881187818,tox21
CN(C)CCOCCN(C)C,3.887698909720072,tox21
CN(C)CCOc1ccc(/C(=C(/CCCl)c2ccccc2)c2ccccc2)cc1.O=C(O)CC(O)(CC(=O)O)C(=O)O,3.8171567772910606,tox21
CN(C)CC[C@H](c1ccc(Cl)cc1)c1ccccn1,5.287366349893167,ncgc
CN(C)CCc1c[nH]c2ccc(O)cc12,4.348545383783075,tox21
CN(C)CCc1c[nH]c2cccc(O)c12,4.742797700321402,tox21
CN(C)CCn1c(=O)n(Cc2ccco2)c(=O)c2c3c(sc21)CCCCC3,4.131237783223632,veith
CN(C)CCn1c(=O)oc2ccc(NC(=O)C3Cc4ccccc4O3)cc21,4.594852832003728,challenge
CN(C)CCn1c(=O)oc2ccc(NCc3cc(O)c4ccsc4c3)cc21,5.389580785003727,challenge
CN(C)CN1CSC(=S)N(CN(C)C)C1,4.784219133178269,ncgc;veith
CN(C)Cc1cc(C(C)(C)C)c(O)c(C(C)(C)C)c1,4.588528406643712,tox21
CN(C)Cc1cc(O)c(O)c(CN(C)C)c1,4.387202152451927,ncgc
CN(C)Cc1ccccc1-c1cc(NC2CC2)ncn1,7.389576026314955,ncgc
CN(C)S(=O)(=O)Oc1ccc(Cl)cc1C(=O)Nc1cccc(C(F)(F)F)c1,4.381238666479966,veith
CN(C)S(=O)(=O)Oc1cccc(C(=O)Nc2ccc(Cl)c(Cl)c2)c1,4.831238989834795,veith
CN(C)S(=O)(=O)Oc1cccc(C(=O)Nc2ccccc2Cl)c1,4.581238740591187,veith
CN(C)S(=O)(=O)Oc1ccsc1C(=O)Nc1ccc(Cl)c(Cl)c1,4.581238740591187,veith
CN(C)S(=O)(=O)Oc1ccsc1C(=O)Nc1ccc(Cl)cc1,4.231237939860009,veith
CN(C)S(=O)(=O)Oc1ccsc1C(=O)Nc1cccc(Cl)c1,4.331238507999185,veith
CN(C)S(=O)(=O)c1cc(NC(=O)c2cc3cc(F)ccc3[nH]2)ccc1F,5.579995453003728,challenge
CN(C)S(=O)(=O)c1ccc(-n2nc(C(F)(F)F)c3c2CCCC3)cc1,5.0370645271386545,pharmabench
CN(C)S(=O)(=O)c1ccc(C(=O)Nc2ccc(CN3CCCC3)cc2)cc1,5.031238394064476,veith
CN(C)S(=O)(=O)c1ccc(NC(=O)COC(=O)c2ccccn2)cc1,4.28123853814577,veith
CN(C)S(=O)(=O)c1ccc(NC(=O)c2c(F)cccc2Cl)cc1,4.68123872420235,veith
CN(C)S(=O)(=O)c1ccc(Nc2ccc(O)c3c2C(=O)c2c([N+](=O)[O-])ccc(O)c2C3=O)cc1,4.787200049553703,ncgc
CN(C)S(=O)(=O)c1ccc2c(c1)/C(=C/c1cc3c([nH]1)CCCC3)C(=O)N2,4.284220827875583,ncgc;veith
CN(C)S(=O)(=O)c1cccc(NC(=O)CN2C(=O)NC3(CCCc4ccccc43)C2=O)c1,6.864538590003728,challenge
CN(C)S(=O)(=O)c1cccc(NC(=O)COC(=O)c2ccc(Br)o2)c1,4.4812387752551235,veith
CN(C)[C@@H](CCOc1cccc2ccccc12)c1ccccc1,4.449695384640936,tox21
CN(C)[C@@H]1C(=O)C(C(N)=O)=C(O)[C@@]2(O)C(=O)C3=C(O)c4c(O)ccc(Cl)c4[C@@](C)(O)[C@H]3C[C@@H]12.Cl,4.129036039088098,tox21
CN(C)[C@@H]1C(=O)C(C(N)=O)=C(O)[C@@]2(O)C(=O)C3=C(O)c4c(O)cccc4[C@@](C)(O)[C@H]3C[C@@H]12,3.8385301209917824,tox21
CN(C)[C@@H]1C(=O)C(C(N)=O)=C(O)[C@@]2(O)C(=O)C3=C(O)c4c(O)cccc4[C@@](C)(O)[C@H]3C[C@@H]12.Cl,4.399695684644625,tox21
CN(C)[C@@H]1C(=O)C(C(N)=O)=C(O)[C@@]2(O)C(=O)C3=C(O)c4c(O)cccc4[C@@](C)(O)[C@H]3[C@H](O)[C@@H]12,4.088530344873387,tox21
CN(C)[C@@H]1C(=O)C(C(N)=O)=C(O)[C@@]2(O)C(=O)C3=C(O)c4c(O)cccc4[C@@](C)(O)[C@H]3[C@H](O)[C@@H]12.Cl,4.06907313871159,tox21
CN(C)[C@@H]1C(=O)C(C(N)=O)=C(O)[C@@]2(O)C(=O)C3=C(O)c4c(O)cccc4[C@@](C)(O)[C@H]3[C@H](O)[C@@H]12.O.O,4.042085470418684,tox21
CN(C)[C@@H]1C(=O)C(C(N)=O)=C(O)[C@]2(O)C(=O)C3=C(O)c4c(O)ccc(Cl)c4[C@H](O)[C@H]3C[C@@H]12,4.287203117605396,ncgc
CN(C)[C@@H]1C(=O)C(C(N)=O)=C(O)[C@]2(O)C(=O)C3=C(O)c4c(O)cccc4[C@@](C)(O)[C@H]3[C@H](O)[C@@H]12.O.O,4.587200720463143,ncgc
CN(C)[C@@H]1C(O)=C(C(N)=O)C(=O)[C@@]2(O)C(O)=C3C(=O)c4c(O)cccc4[C@@](C)(O)[C@H]3C[C@@H]12,4.441580440003728,challenge
CN(C)[C@@H]1C(O)=C(C(N)=O)C(=O)[C@@]2(O)C(O)=C3C(=O)c4c(O)cccc4[C@@](C)(O)[C@H]3[C@H](O)[C@@H]12,4.720440800003728,challenge
CN(C)[C@H]1C(=O)C(C(=O)NCN2CCCC2)=C(O)[C@]2(O)C(=O)C3=C(O)c4c(O)cccc4[C@@](C)(O)[C@H]3C[C@@H]12,4.087203992408599,ncgc
CN(C)[C@H]1CC[C@H](c2ccc(OCCCN3CCCCC3)cc2)CC1,4.006758096448316,pharmabench
CN(C)c1cc2c(Nc3ccc4c(cnn4Cc4ccccc4)c3)ncnc2cn1,4.184219245074232,ncgc;veith
CN(C)c1ccc(-c2cc(-n3ccnc3)ncn2)cc1,5.384228610767986,ncgc;veith
CN(C)c1ccc(-c2cc(Nc3ccc(F)cc3)ncn2)cc1,6.487173758361262,ncgc
CN(C)c1ccc(-c2cncnc2NCCc2cnc[nH]2)cc1,5.5842153979372355,ncgc;veith
CN(C)c1ccc(-c2cncnc2NCc2cccnc2)cc1,5.5842153979372355,ncgc;veith
CN(C)c1ccc(-c2nc(-n3ccnc3)c3ccccc3n2)cc1,5.787241252009206,ncgc
CN(C)c1ccc(-c2nc(N(C)C)c3ccccc3n2)cc1,5.387218555056005,ncgc
CN(C)c1ccc(-c2nc(N(C)Cc3ccco3)c3ccccc3n2)cc1,5.387218555056005,ncgc
CN(C)c1ccc(-c2nc(NCCc3cnc[nH]3)c3ccccc3n2)cc1,5.384228610767986,ncgc;veith
CN(C)c1ccc(-c2nc(NCc3cccnc3)c3ccccc3n2)cc1,5.087201252198795,ncgc
CN(C)c1ccc(-c2nc(Nc3ccncc3)c3ccccc3n2)cc1,5.384228610767986,ncgc;veith
CN(C)c1ccc(-c2nc3c(N4CCN(CC(=O)Nc5nccs5)CC4)c(Cl)cnc3[nH]2)cc1,4.338094522802636,pharmabench
CN(C)c1ccc(-c2nccc(Nc3ccc(F)cc3)n2)cc1,5.484206266808193,ncgc;veith
CN(C)c1ccc(-c2noc(C3CCN(S(=O)(=O)c4cccc(C(=O)O)c4)CC3)n2)cc1,4.081239412948973,veith
CN(C)c1ccc(/C=C2/C(=O)Nc3ccccc32)cc1,4.13720201206256,ncgc
CN(C)c1ccc(/C=N/N2C(=S)SC(C)(C)C2N(O)C(=O)Nc2ccc([N+](=O)[O-])cc2)cc1,4.581238740591187,veith
CN(C)c1ccc(/C=N/NC(=S)NCc2ccccc2)cc1,4.88123792116939,veith
CN(C)c1ccc(C(=C2C=CC(=[N+](C)C)C=C2)c2c(O)c(S(=O)(=O)O)cc3cc(S(=O)(=O)O)ccc23)cc1,4.88720077167744,ncgc
CN(C)c1ccc(C(=C2C=CC(=[N+](C)C)C=C2)c2ccccc2)cc1.O=C(O)C(=O)O.O=C(O)C(=O)O,5.284220827875583,ncgc;veith
CN(C)c1ccc(C(=O)N2CCN(C(=O)c3ccc(O)cc3)CC2)cc1,4.446816350003727,challenge
CN(C)c1ccc(C(c2ccccc2)c2ccc(N(C)C)cc2)cc1,5.4885408971843095,tox21
CN(C)c1ccc(C2(c3ccc(N(C)C)cc3)OC(=O)c3cc(N(C)C)ccc32)cc1,5.289591997283304,tox21
CN(C)c1ccc(C=O)cc1,4.138530880775606,tox21
CN(C)c1ccc(CCO)cc1,4.341015420008598,tox21
CN(C)c1ccc(CNc2ncc(Br)cc2Br)cc1,4.131237783223632,veith
CN(C)c1ccc(Cc2ccc(N(C)C)cc2)cc1,4.1124695778542195,tox21
CN(C)c1ccc(N=Cc2nc(-c3ccccc3)oc2O)cc1,4.431238405874674,veith
CN(C)c1ccc(NC(=O)CN2CCN(c3ccccc3F)CC2)cc1,4.231237939860009,veith
CN(C)c1ccc(NC(=O)CSc2nc(N)c(C(=O)Nc3ccc(N(C)C)cc3)s2)cc1,4.831238989834795,veith
CN(C)c1ccc(O)c2c1C[C@H]1C[C@H]3[C@H](N(C)C)C(=O)C(C(N)=O)=C(O)[C@@]3(O)C(=O)C1=C2O.Cl,3.7356582082561207,tox21
CN(C)c1ccc(SC#N)cc1,4.238530429764998,tox21
CN(C)c1cccc(OC2C=CC(C#Cc3ccccc3)OC2CO)c1,7.389576026314955,ncgc
CN(C)c1cccc(S(=O)(=O)N2CCN(c3cnccn3)CC2)c1,4.814672103003728,challenge
CN(C)c1ccnc(-c2cccc(NS(C)(=O)=O)c2)n1,6.0871738510516264,ncgc
CN(C)c1ccnc(Oc2ccc(Cl)cc2)c1C#N,3.981239042028786,veith
CN(C)c1n[nH]c(NC(=O)c2cc3cc(C(F)(F)F)ccc3n2C)n1,3.4286632970037276,challenge
CN(C)c1nc(-c2ccc3c(c2)OCO3)nc2ccccc12,5.287203117605396,ncgc
CN(C)c1nc(-c2cccc(C#N)c2)nc2ccccc12,6.687320045531709,ncgc
CN(C)c1nc(-c2ccccc2C(F)(F)F)nc2ccccc12,5.287203117605396,ncgc
CN(C)c1nc(-c2cccnc2)nc2ccccc12,5.387218555056005,ncgc
CN(C)c1nc2sc(C(=O)N3CCc4[nH]ncc4C3)cc2s1,4.703773190003727,challenge
CN(C)c1ncc(S(=O)(=O)c2ccccc2)c(-c2ccc(Cl)cc2Cl)n1,4.431238405874674,veith
CN(C)c1ncc2nc(-c3cc(F)cc(F)c3)c(=O)n(CCC#N)c2n1,4.787200049553703,ncgc
CN(C)c1ncc2nc(-c3cc(F)cc(F)c3)c(=O)n(Cc3ccc(F)cc3)c2n1,4.687200030977656,ncgc
CN(C)c1ncc2nc(-c3ccc(F)cc3)c(=O)n(C3CC3)c2n1,5.884210701854814,ncgc;veith
CN(C)c1ncc2nc(-c3ccc(F)cc3)c(=O)n(Cc3ccc(F)cc3)c2n1,4.187201534804045,ncgc
CN(C)c1ncc2nc(-c3cccc(C#N)c3)c(=O)n(CCC#N)c2n1,4.387202152451927,ncgc
CN(C)c1ncc2nc(-c3ccccc3)c(=O)n(C)c2n1,4.284220827875583,ncgc;veith
CN(C)c1ncc2nc(-c3ccccc3)c(=O)n(C3CC3)c2n1,4.284220827875583,ncgc;veith
CN(C)c1ncc2nc(-c3ccccc3)c(=O)n(CCc3ccccc3)c2n1,5.484206266808193,ncgc;veith
CN(C)c1ncc2nc(-c3ccccc3)c(=O)n(C[C@H]3CCCO3)c2n1,3.987203621488413,ncgc
CN(C)c1ncc2nc(-c3ccccc3)c(=O)n(Cc3cccs3)c2n1,4.284220827875583,ncgc;veith
CN(C)c1ncc2nc(-c3cccs3)c(=O)n(C3CC3)c2n1,4.784219133178269,ncgc;veith
CN(C)c1ncc2nc(CCc3ccccc3)c(=O)n(-c3ccccc3)c2n1,4.184219245074232,ncgc;veith
CN(C)c1ncc2nc(CCc3ccccc3)c(=O)n(C3CC3)c2n1,4.184219245074232,ncgc;veith
CN(C)c1ncc2nc(CCc3ccccc3)c(=O)n(CCC#N)c2n1,4.084221702678786,ncgc;veith
CN(C)c1ncc2nc(CCc3ccccc3)c(=O)n(CCc3ccccc3)c2n1,4.184219245074232,ncgc;veith
CN(C)c1ncc2nc(CCc3ccccc3)c(=O)n(C[C@H]3CCCO3)c2n1,3.787202796262461,ncgc
CN(C)c1ncc2nc(CCc3ccccc3)c(=O)n(Cc3ccc(F)cc3)c2n1,4.284220827875583,ncgc;veith
CN(C)c1ncc2nc(CCc3ccccc3)c(=O)n(Cc3cccs3)c2n1,4.084221702678786,ncgc;veith
CN(C)c1ncc2ncc(=O)n(CCC#N)c2n1,4.287203117605396,ncgc
CN(C)c1ncc2ncc(=O)n(CCc3ccccc3)c2n1,4.484220032521275,ncgc;veith
CN(C)c1ncc2ncc(=O)n(Cc3ccc(F)cc3)c2n1,4.284220827875583,ncgc;veith
CN(C)c1ncc2ncc(=O)n(Cc3cccs3)c2n1,3.6872033036619767,ncgc
CN(C)c1nccc(N(Cc2ccccc2)Cc2ccccc2)c1C#N,4.931238759019225,veith
CN(C)c1nccc2c1CCCN2C(=O)c1coc(C2CC2)n1,3.932196203003728,challenge
CN(C)c1ncccc1NC(=O)c1cn2c(n1)CCCC2,2.116546882003728,challenge
CN(C)c1ncnc2ccc(-c3cccnc3)cc12,5.184224419702565,ncgc;veith
CN(C)c1noc(C2CCCN(c3ncnc4sccc34)C2)n1,4.774689355003727,challenge
CN(C/C=C/C#CC(C)(C)C)Cc1cccc2ccccc12,4.449695384640936,tox21
CN(C/C=C/c1ccccc1)Cc1cccc2ccccc12.Cl,4.499695145639398,tox21
CN(C1CCCCC1)C1CCCCC1,3.879186835675175,tox21
CN(C1CCCCC1)S(=O)(=O)c1ccc(NC(=S)NC(=O)c2cccs2)cc1,5.331238507999185,veith
CN(C1CCCCC1)S(=O)(=O)c1ccccc1N,4.8885327127793925,tox21
CN(CC(=O)N(CCc1ccccc1)CC(=O)O)S(=O)(=O)c1ccccc1,3.7520837300037275,challenge
CN(CC(=O)N1CCN(c2ccccc2)CC1)S(=O)(=O)c1cnc[nH]1,6.431238405874674,veith
CN(CC(=O)NCCc1cn(C)c2ccccc12)[C@@H]1CCC[C@H]1O,4.3931447550037275,challenge
CN(CC(=O)Nc1ccc(F)c(F)c1)S(=O)(=O)c1cccc2nsnc12,5.731239014571102,veith
CN(CC(O)(CNC(=O)c1cnn(-c2ccc(F)cc2)c1N)C(F)(F)F)C(=O)c1c(F)cccc1F,4.338094522802636,pharmabench
CN(CC1CC1)S(=O)(=O)Nc1ccc(F)cc1OCC(F)F,4.640909807003728,challenge
CN(CC1COc2ccccc2O1)C(=O)c1cc(N2CCOCC2)ccn1,3.709709253003728,challenge
CN(CCCN1c2ccccc2CCc2ccccc21)CC(=O)c1ccc(Cl)cc1.Cl,4.499695145639398,tox21
CN(CCCNC(=O)c1cccn2c(=O)c3ccccc3nc12)Cc1ccccc1,4.031238394064476,veith
CN(CCO)c1cc(Sc2nc3ccccc3s2)c2nonc2c1[N+](=O)[O-],4.731239014571102,veith
CN(CCO)c1nc(N)c2c(N)nc3c(c2c1C#N)CC(=O)N3C1CCCC1,5.131237783223633,veith
CN(CCOc1ccc(C[C@H](Nc2ccccc2C(=O)c2ccccc2)C(=O)O)cc1)c1ccccn1,4.386618744204301,ncgc;pharmabench
CN(CC[C@@H](Oc1ccc(-c2ccccc2)cc1)c1ccc(F)cc1)CC(=O)O,4.884219346423415,ncgc;veith
CN(CCc1ccc(Cl)c(Cl)c1)C[C@@H](O)COc1ccc(NS(C)(=O)=O)cc1,4.884219346423415,ncgc;veith
CN(CCc1ccccc1)C(=O)c1ccc(-n2nc(C(F)(F)F)c3c2CCCC3)cc1,5.338094522802636,pharmabench
CN(CCc1ccccn1)c1ccc2c(c1)C(=O)c1ccccc1-2,4.787200049553703,ncgc
CN(CCc1ccccn1)c1ccc2c(c1)Cc1ccccc1-2,4.387202152451927,ncgc
CN(CCc1ccncc1)C(=O)C1NCCOc2ccccc21,4.434559030003728,challenge
CN(C[C@@H](CC[N+]12CCC(C3CCCCC3)(CC1)CC2)c1ccc(Cl)c(Cl)c1)C(=O)c1cc(C(F)(F)F)cc(C(F)(F)F)c1.CS(=O)(=O)[O-],3.888530401930029,tox21
CN(C[C@@H]1COCCO1)S(=O)(=O)Nc1ccc2ccc3ncc(-c4cnn(C)c4)cc3c(=O)c2c1,5.258913276755011,pharmabench
CN(Cc1c(F)cccc1F)C(=O)c1cccc(Cn2ccnc2)c1,6.541585735003728,challenge
CN(Cc1c2c(=O)n(-c3ccccc3Cl)[nH]c2cc(=O)n1Cc1ccncc1)c1ccccc1,4.7253106660829,pharmabench
CN(Cc1cc(Br)cc(Br)c1N)C1CCCCC1.Cl,4.449695384640936,tox21
CN(Cc1cc(Br)cc(Br)c1O)Cc1c(O)ccc2ccccc12,4.787200049553703,ncgc
CN(Cc1cc(C(C)(C)C)cc(Br)c1O)Cc1cc(C(C)(C)C)cc(Br)c1O,4.687200030977656,ncgc
CN(Cc1cc(Cl)cc(Cl)c1O)Cc1c(O)ccc2ccccc12,4.787200049553703,ncgc
CN(Cc1ccc(C(C)(C)C)cc1)Cc1cccc2ccccc12,4.449695384640936,tox21
CN(Cc1ccccc1)C(=O)CC(c1ccccc1)c1cc(Cl)ccc1O,4.631238141608918,veith
CN(Cc1ccccc1)C(=O)N1CCC(Oc2ncccc2F)CC1,5.445564713003727,challenge
CN(Cc1ccccc1)Cn1ccnc1,4.884219346423415,ncgc;veith
CN(Cc1ccccc1)S(=O)(=O)c1ccc(OCC(=O)N2CCOCC2)cc1,4.131237783223632,veith
CN(Cc1ccccc1)c1nc(-c2ccc([N+](=O)[O-])cc2)nc2ccccc12,5.581238740591187,veith
CN(Cc1ccco1)c1cc(-c2cccc(C#N)c2)ncn1,6.487173758361262,ncgc
CN(Cc1ccco1)c1ccnc(-c2cccc(C#N)c2)n1,5.487173758361262,ncgc
CN(Cc1ccco1)c1nc(-c2cccc(C#N)c2)nc2ccccc12,5.287203117605396,ncgc
CN(Cc1ccco1)c1ncnc2ccc(-c3ccc4c(c3)OCO4)cc12,5.187211884060712,ncgc
CN(Cc1ccco1)c1ncnc2ccc(-c3cccc(C#N)c3)cc12,5.087201252198795,ncgc
CN(Cc1ccco1)c1ncnc2ccc(-c3cccc(NS(C)(=O)=O)c3)cc12,5.384228610767986,ncgc;veith
CN(Cc1ccco1)c1ncnc2ccc(-c3ccccc3C(F)(F)F)cc12,5.287203117605396,ncgc
CN(Cc1ccco1)c1ncnc2ccc(-c3ccccc3Cl)cc12,5.087201252198795,ncgc
CN(Cc1ccco1)c1ncncc1-c1ccc2c(c1)OCO2,5.384228610767986,ncgc;veith
CN(Cc1ccco1)c1ncncc1-c1cccc(NS(C)(=O)=O)c1,5.5842153979372355,ncgc;veith
CN(Cc1ccco1)c1ncncc1-c1ccccc1Cl,5.387218555056005,ncgc
CN(Cc1ccon1)C(=O)C1CCC(NC(=O)CC2CCCCC2)CC1,4.147305688003728,challenge
CN(Cc1cn(C)nc1C(F)(F)F)C(=O)c1n[nH]c2c1CCC2,3.6377407670037276,challenge
CN(Cc1cnc2nc(N)nc(N)c2n1)c1ccc(C(=O)N[C@@H](CCC(=O)O)C(=O)O)cc1,3.7856583914958186,tox21
CN(N=O)c1cc(O)ccc1O,4.287203117605396,ncgc
CN(N=O)c1ccc([N+](=O)[O-])cc1,3.8385301209917824,tox21
CN([C@@H]1CCC2=C(C1)C1C=CC=CC1N2CC(=O)O)S(=O)(=O)c1ccc(F)cc1,4.082822017699329,pharmabench
CN([C@@H]1CCc2c(CC(=O)O)c3ccc(F)c(F)c3n2C1)S(=O)(=O)c1ccc(F)cc1,4.531914548818748,pharmabench
CN([C@@H]1CCc2c(CC(=O)O)c3cccc(F)c3n2C1)S(=O)(=O)c1ccc(F)cc1,4.714845232404735,pharmabench
CN([C@@H]1CCc2c(CC(=O)O)c3ccccc3n2C1)S(=O)(=O)c1ccc(F)cc1,4.371170981604222,pharmabench
CN([C@@H]1CCc2c(CC(=O)O)c3ccccn3c2C1)S(=O)(=O)c1ccc(F)cc1,4.107645601424362,pharmabench
CN([C@@H]1CCc2c(c3ccccn3c2CC(=O)O)C1)S(=O)(=O)c1ccc(F)cc1,4.338094522802636,pharmabench
CN([C@@H]1CCc2c(c3nccnc3n2CC(=O)O)C1)S(=O)(=O)c1ccc(F)cc1,4.162003263746954,pharmabench
CN(c1ccc(C(=O)NCC2CCCO2)cc1)S(=O)(=O)c1ccccc1,3.88123792116939,veith
CN(c1ccccc1)C1CCN(c2ncc3c(n2)CCCC3)CC1,4.805213735003727,challenge
CN(c1ccccc1)S(=O)(=O)c1cccc(C(=O)Nc2c[nH]c(C(N)=O)c2)c1,4.491842020003728,challenge
CN(c1ccccc1)c1ccc(/C=c2\s/c(=C(/C#N)C(=O)C(C)(C)C)n(Cc3ccco3)c2=O)cc1,4.731239014571102,veith
CN(c1ccccc1)c1ccc(C(=O)N2CCC(NC(=O)c3ccsc3)CC2)cn1,5.304274470003728,challenge
CN(c1ccccc1)c1nc(-n2ccnc2)nc(-n2ccnc2)n1,5.831238989834795,veith
CN(c1cccnc1)S(=O)(=O)c1ccc2c(c1)CC(C)(C)O2,4.811714238003728,challenge
CN(c1nccc(=O)[nH]1)C1CCN(c2nc3ccccc3n2Cc2ccc(F)cc2)CC1,4.199695243524282,tox21
CN1/C(=C\C(=O)COC(=O)Cn2nnc(-c3ccccc3)n2)C(C)(C)c2ccccc21,4.68123872420235,veith
CN1C(=O)/C(=C/c2ccccc2OCc2ccccc2F)NC1=S,5.531238789289352,veith
CN1C(=O)/C(=C\c2ccccc2)Sc2ccc(C(=O)N3CCN(c4ccccn4)CC3)cc21,4.231237939860009,veith
CN1C(=O)/C(=N\OC(=O)c2cccc3ccccc23)c2ccccc21,4.831238989834795,veith
CN1C(=O)C(=Cc2ccc(N3CCCCCC3)o2)C(=O)N(C)C1=S,4.381238666479966,veith
CN1C(=O)C(=Cc2ccccc2Oc2ccc(Cl)c(F)c2)C(=O)N(C)C1=O,4.4812387752551235,veith
CN1C(=O)C(C2c3ccccc3C(=O)N2Cc2ccc([N+](=O)[O-])cc2)C(=O)N(C)C1=O,3.88123792116939,veith
CN1C(=O)C(CC(=O)Nc2ccc(F)cc2)N(CCCc2ccccc2)C1=S,4.831238989834795,veith
CN1C(=O)C(O)N=C(c2ccccc2)c2cc(Cl)ccc21,4.023170018314781,tox21
CN1C(=O)CCC(C(=O)N2CCC(O)(C(F)F)CC2)C1c1ccccc1,2.504007355003728,challenge
CN1C(=O)CCC(C(=O)NCCc2ccc3c(c2)OCCO3)C1c1ccccc1,4.187528027003728,challenge
CN1C(=O)CCc2cc(NC(=O)c3cccc(-c4noc(C(F)(F)F)n4)c3)ccc21,4.633133490003727,challenge
CN1C(=O)CCc2cc(NCc3ccc(OC(F)F)cc3)ccc21,5.147778683003728,challenge
CN1C(=O)CN=C(c2ccccc2)c2cc(Cl)ccc21,4.315768997389266,tox21
CN1C(=O)NC2(CCN(C(=O)Cc3n[nH]c4ccccc34)CC2)C1=O,2.961440200003728,challenge
CN1C(=O)[C@@H](NC(=O)c2cc3ccccc3[nH]2)N=C(c2ccccc2)c2ccccc21,4.949691042568217,tox21
CN1C(=O)c2ccccc2C(C(=O)O)C1c1cn(C)c2ccccc12,4.28123853814577,veith
CN1C(=O)c2ccccc2C1=O,4.188530214047235,tox21
CN1C(=O)c2ccccc2C1CNC(=O)C1CCc2cccc(O)c21,3.826366800003728,challenge
CN1C(=O)c2ccccc2Sc2ccc(C(=O)N3CCC4(CC3)OCCO4)cc21,4.331238507999185,veith
CN1C(=S)CN=C(c2ccccc2)c2cc(Cl)ccc21,4.399695684644625,tox21
CN1C(C(=O)Nc2ccccn2)=C(O)c2ccccc2S1(=O)=O,4.470145387262163,ncgc;tox21;veith
CN1C(C(=O)Nc2ccccn2)=C(O)c2sccc2S1(=O)=O,4.668448078159188,ncgc;tox21
CN1C(CSCC(F)(F)F)Nc2cc(Cl)c(S(N)(=O)=O)cc2S1(=O)=O,4.449695384640936,tox21
CN1C2C=C(N(CCc3c[nH]c4ccccc34)C(=O)c3ccc(Cl)cc3)CC1CC2.Cl,5.031238394064476,veith
CN1C2C=C3C(C#N)=C(N)C(C#N)(C#N)[C@H](c4c(F)cccc4F)[C@H]3C1CC2,4.031238394064476,veith
CN1CC(=O)N2[C@H](c3ccc4c(c3)OCO4)c3[nH]c4ccccc4c3C[C@@H]2C1=O,4.149695764085624,tox21
CN1CC(c2ccccc2)C2(COc3ccccc3C2=O)C12C(=O)Nc1ccccc12,4.68123872420235,veith
CN1CC(c2ccccc2Cl)C2(COc3ccccc3C2=O)C12C(=O)Nc1ccccc12,4.4812387752551235,veith
CN1CC(c2ccccn2)C2(SC(=S)N(Cc3ccccc3)C2=O)C12C(=O)Nc1ccccc12,4.631238141608918,veith
CN1CC(n2nccc2-c2cc(Cl)ccc2Oc2cc(F)c(S(=O)(=O)Nc3ncns3)cc2F)C1,5.916490595932805,pharmabench
CN1CCC(c2c[nH]c3ccc(O)cc23)CC1,3.787202796262461,ncgc
CN1CCC2(CC1)C(=O)Nc1cc(/C=C3\c4ccccc4COc4cc(F)ccc43)ccc12,4.886615117677774,pharmabench
CN1CCCC(O)(CC(=O)N2CCCC(c3c[nH]c4ncccc34)C2)C1,5.021961620003728,challenge
CN1CCCC2(CCN(C(=O)c3cccc(F)c3)CC2)C1,3.987203621488413,ncgc
CN1CCCC2(CCN(C(=O)c3ccncc3)CC2)C1,5.387218555056005,ncgc
CN1CCCCC(N(C)C(=O)Cc2ccc3c(c2)OCO3)C1=O,3.495170632003728,challenge
CN1CCCN(c2ccc(-c3noc(C4CC5C=CC4C5)n3)cn2)CC1,4.343554605003727,challenge
CN1CCC[C@@H]1CCO[C@](C)(c1ccccc1)c1ccc(Cl)cc1,3.787202796262461,ncgc
CN1CCC[C@@H]1CCO[C@](C)(c1ccccc1)c1ccc(Cl)cc1.O=C(O)/C=C/C(=O)O,4.199695243524282,tox21
CN1CCC[C@@H]1Cc1c[nH]c2ccc(CCS(=O)(=O)c3ccccc3)cc12,4.399695684644625,tox21
CN1CCC[C@@H]1c1cccnc1.O=C(O)c1ccccc1O.O=C([OH2+])c1ccccc1O.O=C([OH2+])c1ccccc1O.O=C([OH2+])c1ccccc1O.[Cu],5.484206266808193,ncgc;veith
CN1CCN(/C=N/C2=C(C#N)C(c3ccccc3)C3=C(CC(C)(C)CC3=O)O2)CC1,4.131237783223632,veith
CN1CCN(C(=O)Cc2cccc(NC(=O)c3cc(C4CC4)[nH]n3)c2)CC1,4.326239317003727,challenge
CN1CCN(C(=O)Cc2cccc(NC(=O)c3conc3C3CC3)c2)CC1,3.8724403200037276,challenge
CN1CCN(C(=O)c2c3ccc(Br)cc3nn2C)c2ccc(F)cc21,5.224300215003728,challenge
CN1CCN(C2=Nc3cc(Cl)ccc3Nc3ccccc32)CC1,3.6872033036619767,ncgc
CN1CCN(C2=Nc3ccccc3Oc3ccc(Cl)cc32)CC1.O=C(O)CCC(=O)O,4.187201534804045,ncgc
CN1CCN(C2=Nc3ccccc3Sc3ccc(Cl)cc32)CC1,4.199695243524282,tox21
CN1CCN(C2Cc3ccccc3Sc3ccc(Cl)cc32)CC1.O=C(O)/C=C\C(=O)O,4.149695764085624,tox21
CN1CCN(CCCN2c3ccccc3Sc3ccc(S(=O)(=O)N(C)C)cc32)CC1.CS(=O)(=O)O.CS(=O)(=O)O,4.399695684644625,tox21
CN1CCN(S(=O)(=O)c2cc3ccccc3o2)C(c2ccccc2)C1,5.055347473003728,challenge
CN1CCN(c2ccc(NC(=O)C3CC3c3ccccc3Cl)cn2)CC1,4.278445673003728,challenge
CN1CCN(c2ccccc2/C=C2\SCCN(c3ccc(Cl)c(Cl)c3)C2=O)CC1,4.638529123679475,tox21
CN1CCN(c2ncc3nc(-c4cc(F)cc(F)c4)c(=O)n(C)c3n2)CC1,4.487201289787428,ncgc
CN1CCN(c2ncc3nc(-c4cc(F)cc(F)c4)c(=O)n(C4CC4)c3n2)CC1,4.284220827875583,ncgc;veith
CN1CCN(c2ncc3nc(-c4cc(F)cc(F)c4)c(=O)n(CCC#N)c3n2)CC1,3.787202796262461,ncgc
CN1CCN(c2ncc3nc(-c4ccc(Cl)cc4)c(=O)n(-c4ccccc4)c3n2)CC1,7.186832572487833,ncgc
CN1CCN(c2ncc3nc(-c4ccc(F)cc4)c(=O)n(C4CC4)c3n2)CC1,4.184219245074232,ncgc;veith
CN1CCN(c2ncc3nc(-c4ccc(F)cc4)c(=O)n(Cc4cccs4)c3n2)CC1,7.186832572487833,ncgc
CN1CCN(c2ncc3nc(-c4cccc(C#N)c4)c(=O)n(C)c3n2)CC1,3.6872033036619767,ncgc
CN1CCN(c2ncc3nc(-c4cccc(C#N)c4)c(=O)n(C[C@H]4CCCO4)c3n2)CC1,3.8872025006290167,ncgc
CN1CCN(c2ncc3nc(-c4cccc(C#N)c4)c(=O)n(Cc4ccc(F)cc4)c3n2)CC1,3.8842202108992034,ncgc;veith
CN1CCN(c2ncc3nc(-c4ccccc4)c(=O)n(C4CC4)c3n2)CC1,4.184219245074232,ncgc;veith
CN1CCN(c2ncc3nc(-c4ccccc4)c(=O)n(CCc4ccccc4)c3n2)CC1,4.784219133178269,ncgc;veith
CN1CCN(c2ncc3nc(-c4cccs4)c(=O)n(Cc4cccs4)c3n2)CC1,4.284220827875583,ncgc;veith
CN1CCN(c2ncc3nc(-c4cn(C)c5ccccc45)c(=O)n(C)c3n2)CC1,4.184219245074232,ncgc;veith
CN1CCN(c2ncc3nc(-c4cn(C)c5ccccc45)c(=O)n(CCC#N)c3n2)CC1,3.6872033036619767,ncgc
CN1CCN(c2ncc3nc(-c4cn(C)c5ccccc45)c(=O)n(C[C@H]4CCCO4)c3n2)CC1,4.787200049553703,ncgc
CN1CCN(c2ncc3nc(CCc4ccccc4)c(=O)n(C)c3n2)CC1,3.6872033036619767,ncgc
CN1CCN(c2ncc3nc(CCc4ccccc4)c(=O)n(C4CC4)c3n2)CC1,3.6872033036619767,ncgc
CN1CCN(c2ncc3nc(CCc4ccccc4)c(=O)n(Cc4ccc(F)cc4)c3n2)CC1,4.187201534804045,ncgc
CN1CCN(c2ncc3nc(CCc4ccccc4)c(=O)n(Cc4cccs4)c3n2)CC1,3.8842202108992034,ncgc;veith
CN1CCN(c2ncncc2-c2ccc(N(C)C)cc2)CC1,6.787516034986992,ncgc
CN1CCN2c3ccccc3Cc3ccccc3[C@@H]2C1,4.087203992408599,ncgc
CN1CCN2c3ncccc3Cc3ccccc3C2C1,6.584302066164669,ncgc;veith
CN1CCOC(C(=O)Nc2nnc(Cc3ccc(Cl)cc3)s2)C1,3.746516660003728,challenge
CN1CCOc2ccc(NC(=O)c3cc4cc(F)ccc4[nH]3)cc21,5.308222345003728,challenge
CN1CC[C@H](N(Cc2ccccc2C(F)(F)F)c2ccc(C#N)c(Cl)c2)C1,5.29670183764441,pharmabench
CN1CC[C@H](c2c(O)cc(O)c3c(=O)cc(-c4ccccc4Cl)oc23)[C@H](O)C1.Cl,4.349695468060089,tox21
CN1CC[C@]2(C)c3cc(O)ccc3N(C)[C@@H]12,4.234220036474907,ncgc;veith
CN1CCc2cc3c(cc2[C@@H]1[C@@H]1C(=O)Oc2c1ccc1c2OCO1)OCO3,4.184219245074232,ncgc;veith
CN1CCc2cc3c(cc2[C@@H]1[C@@H]1OC(=O)c2c1ccc1c2OCO1)OCO3,3.6872033036619767,ncgc
CN1CCc2cc3c(cc2[C@@H]1[C@H]1OC(=O)c2c1ccc1c2OCO1)OCO3,4.187201667319816,ncgc
CN1CCc2ccc(NC(=O)Cc3cccc(F)c3F)cc2C1=O,3.7356930800037276,challenge
CN1CCc2ccc(NC(=O)c3ccc(-n4cnnn4)cc3)cc21,4.360821880003727,challenge
CN1CCc2cccc3c2[C@@H]1Cc1ccc(O)c(O)c1-3,3.6872033036619767,ncgc
CN1CCc2cccc3c2[C@@H]1Cc1ccc(O)c(O)c1-3.CN1CCc2cccc3c2[C@@H]1Cc1ccc(O)c(O)c1-3.Cl.Cl.O,4.087203992408599,ncgc
CN1CCc2cccc3c2[C@@H]1Cc1ccc(O)c(O)c1-3.Cl.O,3.6872033036619767,ncgc
CN1CCc2cccc3c2[C@H]1Cc1ccc(O)c(O)c1-3,4.118449090451699,ncgc;tox21
CN1CCc2cccc3c2[C@H]1Cc1ccc(O)c(O)c1-3.CN1CCc2cccc3c2[C@H]1Cc1ccc(O)c(O)c1-3.Cl.Cl.O,4.324781296001831,tox21
CN1CCc2ccccc2Cc2[nH]c3ccccc3c2CC1,4.284220827875583,ncgc;veith
CN1CCc2ccccc2[C@@H]1Cc1ccccc1NC(=O)c1sc2ccccc2c1Cl,4.784219133178269,ncgc;veith
CN1CCc2nc(-c3ccccc3)c(-c3ccccc3)cc2C1,4.687200030977656,ncgc
CN1CCc2nc3ccc(F)cc3c(C(N)=O)c2C1.Cl,4.031238394064476,veith
CN1CSC(=S)N(C)C1,4.415126737531935,tox21
CN1C[C@@H](C(=O)N[C@]2(C)O[C@]3(O)[C@H]4CCCN4C(=O)[C@H](Cc4ccccc4)N3C2=O)C[C@H]2c3cccc4[nH]cc(c34)C[C@@H]21.CS(=O)(=O)O,4.6842193775900025,ncgc;veith
CN1C[C@@H]2CCC[C@]2(c2ccc(Cl)c(Cl)c2)C1,4.3455410049705,pharmabench
CN1C[C@H](C(=O)N[C@]2(C)O[C@@]3(O)[C@@H]4CCCN4C(=O)[C@H](Cc4ccccc4)N3C2=O)C[C@@H]2c3cccc4[nH]cc(c34)C[C@H]21,5.199701551314086,tox21
CN1C[C@H](C(=O)N[C@]2(C)O[C@@]3(O)[C@H]4CCCN4C(=O)[C@@H](Cc4ccccc4)N3C2=O)C[C@H]2c3cccc4[nH]cc(c34)C[C@@H]21,4.287203117605396,ncgc
CN1C[C@H](C(=O)N[C@]2(C)O[C@@]3(O)[C@H]4CCCN4C(=O)[C@H](Cc4ccccc4)N3C2=O)C[C@H]2c3cccc4[nH]cc(c34)C[C@@H]21,4.784219133178269,ncgc;veith
CN1C[C@H](C(=O)N[C@]2(C)O[C@]3(O)[C@H]4CCCN4C(=O)[C@H](Cc4ccccc4)N3C2=O)C[C@H]2c3cccc4[nH]cc(c34)C[C@@H]21.CN1C[C@H](C(=O)N[C@]2(C)O[C@]3(O)[C@H]4CCCN4C(=O)[C@H](Cc4ccccc4)N3C2=O)C[C@H]2c3cccc4[nH]cc(c34)C[C@@H]21.O=C(O)[C@@H](O)[C@@H](O)C(=O)O,5.287203117605396,ncgc
CN1Cc2c(C(=O)OC(C)(C)C)ncn2-c2ccsc2C1=O,4.584219730527165,ncgc;veith
CN1Cc2c(N)cccc2C(c2ccccc2)C1,3.8385301209917824,tox21
CN1[C@@H]2CC[C@H]1CC(O)C2,4.187201534804045,ncgc
CN1[C@@H]2CC[C@H]1CC(OC(=O)C(CO)c1ccccc1)C2.CN1[C@@H]2CC[C@H]1CC(OC(=O)C(CO)c1ccccc1)C2.O=S(=O)(O)O,4.086056710720827,tox21
CN1[C@@H]2CC[C@H]1CC(OC(=O)[C@@H](O)c1ccccc1)C2,7.685143126277434,ncgc
CN1[C@@H]2CC[C@H]1CC(OC(c1ccc(F)cc1)c1ccc(F)cc1)C2,4.584219730527165,ncgc;veith
CN1[C@@H]2CC[C@H]1CC(O[C@@H](c1ccccc1)c1ccccc1N)C2,3.6872033036619767,ncgc
CN1c2ccccc2C(C)(C)C12C=Nc1c(cc(N3CCOCC3)c3ccccc13)O2,5.081239412948973,veith
CN1c2ccccc2C(O)=C(C(=O)Nc2ccccc2)S1(=O)=O,4.831238989834795,veith
CN1c2ccccc2Oc2c(c(=O)n(C)c(=O)n2C)C1c1cccc([N+](=O)[O-])c1,4.631238141608918,veith
CN=C(NC#N)NCCSCc1nc[nH]c1C,4.321068850623373,tox21
CN=C1S/C(=C\c2ccc(Sc3ccc(Cl)cc3)o2)C(=O)N1C,5.181236955344418,veith
CN=c1nc(-c2ccccc2)n(-c2ccccc2)s1,4.984216978540185,ncgc;veith
CNC(=O)/C=C1\NC(C)(C)Cc2c1ccc1ccccc21,4.581238740591187,veith
CNC(=O)C(=O)c1cc(C)n(-c2ccc(N3CCOCC3)c(Cl)c2)c1C,3.981239042028786,veith
CNC(=O)C(c1ccccc1)c1ccccc1,4.088530344873387,tox21
CNC(=O)CCC(=O)Nc1nc2cc3c(cc2s1)OCCO3,4.101973017003727,challenge
CNC(=O)CCC1(c2ccccc2)CCCN(C(=O)Nc2ccc(Cl)cc2)C1,4.338094522802636,pharmabench
CNC(=O)CCCN(C)C(=O)c1ccc2c(c1)c1c(n2C)CC[C@@H](C2CCOCC2)C1,4.492996482788379,pharmabench
CNC(=O)CN1CCC(NC(=O)c2ccc(Oc3cccc(F)c3)cn2)CC1,3.8848171650037275,challenge
CNC(=O)COc1cccc(CC(=O)NCc2ccccc2-n2ccnc2)c1,4.349199405003728,challenge
CNC(=O)CSP(=S)(OC)OC,4.182580560741915,tox21
CNC(=O)C[C@@H]1CN(C(=O)NCc2ccccc2-c2ccncc2)C[C@H]1O,3.4340616720037276,challenge
CNC(=O)N(C)c1nnc(C(C)(C)C)s1,3.926763362187768,tox21
CNC(=O)O/N=C/C(C)(C)SC,3.7842959678547405,tox21
CNC(=O)Oc1c(C(C)(C)C)cc(C)cc1C(C)(C)C,4.838529434479041,tox21
CNC(=O)Oc1ccc2c(c1)[C@]1(C)CCN(C)[C@@H]1N2C,3.738530418642034,tox21
CNC(=O)Oc1cccc(C(C)C)c1,3.738530418642034,tox21
CNC(=O)Oc1cccc(N=CN(C)C)c1.Cl,3.738530418642034,tox21
CNC(=O)Oc1cccc2c1OC(C)(C)O2,3.7885301040785704,tox21
CNC(=O)Oc1cccc2ccccc12,4.092442304496217,tox21
CNC(=O)Oc1ccccc1C1OCCO1,4.064941059911046,tox21
CNC(=O)[C@@H]1C[C@H]1[C@@H](NP(=O)(c1ccccc1)c1ccccc1)c1ccccc1,4.084221702678786,ncgc;veith
CNC(=O)[C@@H]1O[C@@H](n2cnc3c(NCc4ccc(I)cc4)nc(Cl)nc32)[C@H](O)[C@@H]1O,3.9842213317585995,ncgc;veith
CNC(=O)[C@H](C)[C@@H]1C[C@@]1(C)[C@@H](NC(=O)OCc1ccccc1)c1ccccc1,3.8872025006290167,ncgc
CNC(=O)[C@H](C)[C@H]1C[C@]1(C)[C@H](NC(=O)OCc1ccccc1)c1ccccc1,4.284220827875583,ncgc;veith
CNC(=O)c1cc(Oc2ccc(NC(=O)Nc3ccc(Cl)c(C(F)(F)F)c3)cc2)ccn1.Cc1ccc(S(=O)(=O)O)cc1,4.399695684644625,tox21
CNC(=O)c1cc2c(cn1)[nH]c1ccccc12,3.787202796262461,ncgc
CNC(=O)c1ccc(-c2sc3nc(N4CCOCC4)c4c(c3c2N)CC(C)(C)OC4)o1,4.631238141608918,veith
CNC(=O)c1ccc(C(=O)/N=C(\Nc2ccc3oc(C)cc3c2)N[C@H]2CCCCN(CC(=O)N3CCCC3)C2=O)cn1,3.95788328109103,pharmabench
CNC(=O)c1ccc(CN(C)C(=O)NCc2ccccc2-n2ccnc2)cc1,4.9821725850037275,challenge
CNC(=O)c1ccc(OC)c(NC(=O)C2Cc3cc(Cl)ccc3O2)c1,5.022580720003727,challenge
CNC(=O)c1cccc(NC(=O)N2CCC(Oc3cccc(F)c3)C2)c1,4.4769416620037275,challenge
CNC(=O)c1nnn(Cc2ccccc2)c1NC(=O)C(F)(F)F,4.181236955344418,veith
CNC(=O)c1sc(SC)cc1-c1ccc(Cl)cc1,4.531238789289352,veith
CNC(=S)N1CCN(c2ccccc2OC)CC1,4.131237783223632,veith
CNC(=S)N1N=C(c2ccc(OC)cc2)CC1c1ccc(N(C)C)cc1,5.031238394064476,veith
CNC(=S)NN,4.038530441677591,tox21
CNC(=S)Nc1ccc(Nc2ccccc2)cc1,3.68123872420235,veith
CNC(=S)[S-].O.O.O.[Na+],4.249629912250481,tox21
CNC(=S)[S-].[Na+],3.7885301040785704,tox21
CNC(C)Cc1ccccc1Sc1ccc(O)cc1.Cl,3.8312389898347954,veith
CNC.O=C(O)COc1ccc(Cl)cc1Cl,4.039949399660961,tox21
CNC/C(Cl)=N/S(=O)(=O)c1ccc(C)cc1,4.787200049553703,ncgc
CNCC(O)c1ccc(O)cc1,4.088884525045696,tox21
CNCC/C=C\c1cccnc1,3.6872033036619767,ncgc
CNCCC(Oc1ccc(C(F)(F)F)cc1)c1ccccc1,4.399695684644625,tox21
CNCCC(Oc1ccc(C(F)(F)F)cc1)c1ccccc1.Cl,4.093872381446384,tox21
CNCCCC12CCC(c3ccccc31)c1ccccc12.Cl,4.338531273401033,tox21
CNCCCCCCCCSc1nc(C(C)C)ccc1C(=O)c1cccs1.O=C(O)CC(=O)O,3.8872025006290167,ncgc
CNCCCCOc1ccccc1Cc1ccccc1,3.6872033036619767,ncgc
CNCC[C@H](Oc1ccc(C(F)(F)F)cc1)c1ccccc1,3.8872025006290167,ncgc
CNC[C@@H](Nc1ncnc2c(C(N)=O)cccc12)c1cccc(F)c1,4.781792022035348,pharmabench
CNC[C@H](O)c1ccc(O)c(O)c1.O=C(O)[C@H](O)[C@@H](O)C(=O)O,3.837822216542331,tox21
CNC[C@H](O)c1ccc(O)cc1,3.6872033036619767,ncgc
CNCc1cc(=O)oc2cc(OCc3cccc(Cl)c3)ccc12,4.639124518466617,pharmabench
CNCc1cc(F)ccc1Oc1ccc(Cl)c(Cl)c1,3.7885301040785704,tox21
CNNCc1ccc(C(=O)NC(C)C)cc1,3.7885301040785704,tox21
CNP(=O)(OC)Oc1ccc(C(C)(C)C)cc1Cl,4.088530344873387,tox21
CNS(=O)(=O)c1cc(C(=O)N2CCC(CCN3C4CCC3CC(n3c(C)nc5ccccc53)C4)(c3cccc(F)c3)CC2)c(Cl)cc1F,4.3885311946544245,tox21
CNS(=O)(=O)c1cnccc1N1CCN(c2ccc(Cl)c(C(F)(F)F)c2)CC1,4.131237783223632,veith
CN[C@@H](C)C(=O)N[C@H](C(=O)N1CCC[C@H]1C(=O)Nc1cc2c(OCC#CC#CCOc3ncnc4cc(OC)c(NC(=O)[C@@H]5CCCN5C(=O)[C@@H](NC(=O)[C@H](C)NC)C(C)(C)C)cc34)ncnc2cc1OC)C(C)(C)C,4.237723977685072,pharmabench
CN[C@@H](C)[C@@H](O)c1ccccc1,5.387218555056005,ncgc
CN[C@@H]1CCc2ccccc2[C@@H]1c1ccc(Cl)c(Cl)c1,4.457280930521844,pharmabench
CN[C@@H]1C[C@H](c2ccc(Cl)c(Cl)c2)c2ccccc21,4.087203992408599,ncgc
CN[C@H]1CC[C@@H](c2ccc(Cl)c(Cl)c2)c2ccc(S(N)(=O)=O)cc21,4.038530441677591,tox21
CN[C@H]1CC[C@@H](c2ccc(Cl)c(Cl)c2)c2ccccc21.Cl,4.249695373334149,tox21
CNc1cc(C)cc(N2CCC(C(=O)NCc3ccccc3C(F)(F)F)CC2)n1,4.29670183764441,pharmabench
CNc1cc(CSC)nc(SCc2ccc(Cl)c(Cl)c2)n1,4.331238507999185,veith
CNc1cc(N2CCCCCC2)ccc1[N+](=O)[O-],4.4812387752551235,veith
CNc1cc(NS(=O)(=O)c2ccc(N)cc2)nc(NC)n1,4.984216978540185,ncgc;veith
CNc1ccc(C(=O)NC(C)c2cccc(N3CCCC3)c2)c(Cl)c1,5.648088162003727,challenge
CNc1ccc(C(=O)NCCc2c(C)[nH]c3ccccc23)nc1,5.554866537003727,challenge
CNc1ccnc(-c2c(C)noc2C)n1,5.487173758361262,ncgc
CNc1nc(-c2c(C)noc2C)nc2ccccc12,5.587192055283284,ncgc
CNc1nc(-c2ccc(C(=O)N(C)C)cc2)nc2ccccc12,5.287203117605396,ncgc
CNc1nc(-c2ccc(N(C)C)cc2)nc2ccccc12,5.387218555056005,ncgc
CNc1nc(-c2ccccc2Cl)nc2ccccc12,5.387218555056005,ncgc
CNc1nc(-c2cccnc2)nc2ccccc12,5.387218555056005,ncgc
CNc1nc(C)nc(N2CCC(C(=O)NCc3ccccc3C(F)(F)F)CC2)n1,3.9401545141305987,pharmabench
CNc1nc(C2CCCCC2)nc(N2CCC(C(=O)NCc3ccccc3C(F)(F)F)CC2)n1,6.538753973349054,pharmabench
CNc1nc(N(C)CCN(C)C)nc(N2CCC(C(=O)NCc3ccccc3C(F)(F)F)CC2)n1,4.107645601424362,pharmabench
CNc1nc2[nH]c(-c3cccc(CNC(=O)COC)n3)cc2c2c1ncn2C,3.9401545141305987,pharmabench
CNc1nc2ccccc2n1Cc1sc2c(c1C(=O)N1CC[C@@H](O)C1)c(=O)n(C)c(=O)n2CC(C)C,4.29670183764441,pharmabench
CNc1nc2ccccc2n1Cc1sc2c(c1C(=O)N1C[C@H](O)CO1)c(=O)n(C)c(=O)n2CC(C)C,4.379053130481542,pharmabench
CNc1ncc(C(=O)c2ccccc2)s1,4.381238666479966,veith
CNc1ncnc2c1ncn2[C@H]1C[C@H](OP(=O)(O)O)[C@H](COP(=O)(O)O)O1.N.N.N.N,4.184219245074232,ncgc;veith
CNc1ncnc2ccc(-c3cccc(OC)c3)cc12,5.5842153979372355,ncgc;veith
CNc1oc(-c2ccc(Cl)cc2)nc1C#N,4.331238507999185,veith
CO/C=C(/C(=O)OC)c1ccccc1COc1cccc(C(F)(F)F)n1,4.038884202304637,tox21
CO/C=C(/C(=O)OC)c1ccccc1Oc1cc(Oc2ccccc2C#N)ncn1,4.860595951707277,tox21
CO/N=C(/C(=O)N[C@@H]1C(=O)N2C(C(=O)OCOC(=O)C(C)(C)C)=C(C)CS[C@H]12)c1csc(N)n1.Cl,4.499695145639398,tox21
CO/N=C(/C(=O)OC)c1ccccc1COc1ccccc1C,4.3885311946544245,tox21
CO/N=C(/C)CCC(=O)OC[C@@H]1O[C@H](c2ccccc2)C=C[C@@H]1Oc1ccc(OC)cc1,4.687200030977656,ncgc
CO/N=C(/C1=NOCCO1)c1ccccc1Oc1ncnc(Oc2ccccc2Cl)c1F,4.588528406643712,tox21
CO/N=C(/CNC(=O)c1ccc(Cl)cc1Cl)c1ccc(Cl)cc1,5.231237939860008,veith
CO/N=C(/CNC(=O)c1cccc(Cl)c1)c1ccc(Cl)cc1,4.731239014571102,veith
CO/N=C(\C(=O)OC)c1ccccc1CO/N=C(\C)c1cccc(C(F)(F)F)c1,4.688532047345478,tox21
CO/N=C(\C)c1ncn2c1COc1c(CCN3CCN(c4cccc5nc(C)ccc45)CC3)cccc1-2,4.736034531474673,pharmabench
CO/N=C/c1ccc(N2CCN(C(=O)c3ccc(Cl)cc3Cl)CC2)c([N+](=O)[O-])c1,4.381238666479966,veith
CO/N=C\c1ccc(C(=O)N2[C@H](c3ccc(C)cc3)[C@@H](C)CC[C@H]2C(=O)OC)cc1,4.884219346423415,ncgc;veith
COC(/C=C/Nc1ccc(Br)cc1)=C(C#N)C#N,5.931238759019225,veith
COC(=O)/C(=C\C(=O)c1ccccc1)Nc1cccc(C(F)(F)F)c1,4.081239412948973,veith
COC(=O)/C(C(C)=O)=C(\C=C\C=C\C=C\N(C)C)N(C)C,4.081239412948973,veith
COC(=O)/C=C(\C)CCC=C(C)C,4.038530441677591,tox21
COC(=O)/C=C/CSC1=N/C(=C/c2ccc(-n3cncn3)cc2)C(=O)N1,4.231237939860009,veith
COC(=O)/C=C\C(=O)N[C@@H]1CC[C@@]2(O)[C@H]3Cc4ccc(O)c5c4[C@@]2(CCN3CC2CC2)[C@@H]1O5,3.7842205065326477,ncgc;veith
COC(=O)/C=C\c1cc(O)ccc1O,4.3842204094659465,ncgc;veith
COC(=O)C(/C=C/C(C)Cc1cc(Br)cc(OCc2ccccc2)c1OC)OCc1ccccc1,4.787200049553703,ncgc
COC(=O)C(C)(C)C,4.081842003161234,tox21
COC(=O)C(C)(C)C(c1ccc(Nc2ccc3ccccc3c2)cc1)n1ccnc1,4.435004535810692,pharmabench
COC(=O)C(C)(C)C(c1ccc(Nc2ccc3ccccc3c2)cc1)n1cncn1,4.007680749453445,pharmabench
COC(=O)C(C)(C)C(c1ccc(Nc2ccccc2)cc1)n1cncn1,4.379053130481542,pharmabench
COC(=O)C(C)N(C(=O)Cc1ccccc1)c1c(C)cccc1C,4.288530398353015,tox21
COC(=O)C(C)N(C(=O)c1ccco1)c1c(C)cccc1C,4.138530880775606,tox21
COC(=O)C(C)Oc1ccc(Oc2ccc(Cl)cc2Cl)cc1,4.188530214047235,tox21
COC(=O)C(Cc1ccc(OC(=O)c2ccc(C(F)(F)F)cc2)cc1)N1Cc2ccccc2C1=O,4.331238507999185,veith
COC(=O)C(Cc1ccc(OC(=O)c2ccc(Cl)cc2)cc1)N1Cc2ccccc2C1=O,4.7812382168028345,veith
COC(=O)C(NC(=O)c1ccc(Cl)cc1)(Nc1nc(C)cs1)C(F)(F)F,4.331238507999185,veith
COC(=O)C(NC(=O)c1ccc(F)cc1)(Nc1ncc(S(=O)(=O)c2ccc([N+](=O)[O-])cc2)s1)C(F)(F)F,4.731239014571102,veith
COC(=O)C(NNc1ccccc1)(NC(=O)c1ccccc1F)C(F)(F)F,4.7812382168028345,veith
COC(=O)C(NS(=O)(=O)c1ccc(NC(C)=O)cc1)C(C)C,5.081239412948973,veith
COC(=O)C(c1ccccc1Cl)N1CCc2sccc2C1.O=S(=O)(O)O,4.499695145639398,tox21
COC(=O)C/C=C/C(C)C(OC)c1ccccc1Br,4.787200049553703,ncgc
COC(=O)C/C=C/C(C)C(OCc1cccc(Br)c1)C(C)C(OC)C1CCCCC1,4.88720077167744,ncgc
COC(=O)C/C=C\[C@@H](C)[C@@H](/C=N\OCC[C@H]1C=C[C@H](OC(C)=O)[C@@H](COC(C)=O)O1)NS(=O)(=O)c1ccc(C)cc1,4.587200720463143,ncgc
COC(=O)C/C=C\[C@@H](C)[C@@H](/C=N\OC[C@@H](C)[C@H](OCc1ccccc1)C(C)C)NS(=O)(=O)c1ccc(C)cc1,4.884219346423415,ncgc;veith
COC(=O)C/C=C\[C@@H](C)[C@@H](/C=N\OC[C@@H](C)[C@H](OCc1ccccc1)C(C)C)OC,4.787200049553703,ncgc
COC(=O)C/C=C\[C@@H](C)[C@@H](/C=N\OC[C@@H]1O[C@H](c2ccccc2)C=C[C@@H]1Oc1ccc(OC)cc1)NS(=O)(=O)c1ccc(C)cc1,5.184224419702565,ncgc;veith
COC(=O)C/C=C\[C@@H](C)[C@@H](/C=N\OC[C@@H]1O[C@H](c2ccccc2)C=C[C@@H]1Oc1ccc(OC)cc1)OC,5.087201252198795,ncgc
COC(=O)C/C=C\[C@@H](C)[C@@H](/C=N\O[C@@H](C)CN1CCCc2nc(C)c(C)cc21)NS(=O)(=O)c1ccc(C)cc1,4.787200049553703,ncgc
COC(=O)C/C=C\[C@@H](C)[C@@H](/C=N\O[C@@H](C)c1cc(-c2c(C)cc(C)cc2C)no1)NS(=O)(=O)c1ccc(C)cc1,4.884219346423415,ncgc;veith
COC(=O)C/C=C\[C@@H](C)[C@@H](/C=N\O[C@@H](C)c1cc(-c2c(C)cc(C)cc2C)no1)OC,4.787200049553703,ncgc
COC(=O)C/C=C\[C@@H](C)[C@@H](/C=N\O[C@@H](C)c1cn([C@H](CO)Cc2ccccc2)nn1)NS(=O)(=O)c1ccc(C)cc1,4.787200049553703,ncgc
COC(=O)C1(C)C=C2C(=C(c3ccccc3)C(=O)C2C)CN1,4.284220827875583,ncgc;veith
COC(=O)C1(CC(C)C)C=C2C(=C(C(C)C)C(=O)C2C)CN1,4.184219245074232,ncgc;veith
COC(=O)C1(CC(C)C)C=C2C(=C(c3ccccc3)C(=O)C2C)CN1,4.284220827875583,ncgc;veith
COC(=O)C1(Cc2ccccc2)C2c3cc(C(=O)N4CCCC4)n(Cc4ccc(OC(F)(F)F)cc4)c3CC2CN1C(=O)c1ccccc1,4.6842193775900025,ncgc;veith
COC(=O)C1(Cc2ccccc2)C=C2C(=C(C(C)C)C(=O)C2C)CN1,3.787202796262461,ncgc
COC(=O)C1(Cc2ccccc2)C=C2C(=C(c3ccccc3)C(=O)C2C)CN1,4.184219245074232,ncgc;veith
COC(=O)C1(O)CC(C(C)C)=NN1C(=O)c1ccc(Cl)cc1,4.68123872420235,veith
COC(=O)C1(O)c2ccccc2-c2ccccc21,3.9885299994982155,tox21
COC(=O)C1(S(=O)(=O)c2ccc(C)cc2)CCOCC1,3.931238759019225,veith
COC(=O)C12CC3(CCC4C5C(C(OCc6ccccc6)C41)C52)OCCO3,4.587200720463143,ncgc
COC(=O)C1=C(C(=O)OC)C(c2cc(Cl)ccc2O)c2sc(=O)[nH]c2S1,4.631238141608918,veith
COC(=O)C1=C(C(=O)c2ccc(C)cc2)C(c2ccccc2)n2nnnc2N1,4.031238394064476,veith
COC(=O)C1=C(C)C(c2ccc(OC)cc2)NC(=S)N1,4.081239412948973,veith
COC(=O)C1=C(C)N(Cc2ccccc2)C2=C3C(=O)N(C)C(=O)C3[C@@](O)(C(=O)OC)C(=O)N2C1c1ccccc1,6.187177387497534,ncgc
COC(=O)C1=C(C)N(Cc2ccccc2)C2=C3C(=O)N(c4ccccc4)C(=O)C3[C@@](O)(C(=O)OC)C(=O)N2C1c1ccccc1,5.487226568034959,ncgc
COC(=O)C1=C(C)N(Cc2ccccc2)[C@]23O[C@](C(=O)OC)(C(=O)N2C1c1ccccc1)C(C(=O)OC)C3C(=O)OC,4.687200030977656,ncgc
COC(=O)C1=C(C)N(Cc2ccccc2)[C@]23O[C@](C(=O)OC)(C(=O)N2C1c1ccccc1)C1C(=O)N(c2ccccc2)C(=O)C13,4.9871949150515835,ncgc
COC(=O)C1=C(C)N=C2SC(C#N)=C(N)N2C1c1ccc(OC)cc1,4.331238507999185,veith
COC(=O)C1=C(C)N=C2SC(C)C(=O)N2C1/C=C/c1ccccc1,4.631238141608918,veith
COC(=O)C1=C(C)NC(C)=C(C(=O)OC(C)(C)CN(C)CCC(c2ccccc2)c2ccccc2)C1c1cccc([N+](=O)[O-])c1.Cl,5.199701551314086,tox21
COC(=O)C1=C(C)NC(C)=C(C(=O)OC(C)C)C1c1cccc2nonc12,4.693447153803233,ncgc;tox21
COC(=O)C1=C(C)NC(C)=C(C(=O)OC(C)C)[C@H]1c1cccc2nonc12,5.384228610767986,ncgc;veith
COC(=O)C1=C(C)NC(C)=C(C(=O)OC)C1c1ccccc1OC(F)F,5.149692953199974,tox21
COC(=O)C1=C(C)NC(C)=C(C(=O)OC)C1c1ccccc1[N+](=O)[O-],3.9372033943355307,ncgc
COC(=O)C1=C(C)NC(C)=C(C(=O)OCC(C)=O)C1c1ccccc1[N+](=O)[O-],4.499695145639398,tox21
COC(=O)C1=C(C)NC(C)=C(C(=O)OCC(C)C)C1c1ccccc1[N+](=O)[O-],4.844113762940995,tox21
COC(=O)C1=C(C)NC(C)=C(C(=O)OCCCN2CCC(c3ccccc3)(c3ccccc3)CC2)C1c1cccc([N+](=O)[O-])c1.Cl,5.149692953199974,tox21
COC(=O)C1=C(C)NC(C)=C(C(=O)OCCCN2CCC(c3ccccc3)(c3ccccc3)CC2)[C@H]1c1cccc([N+](=O)[O-])c1,4.984224170647575,ncgc;veith
COC(=O)C1=C(C)NC(C)=C(C(=O)OCCN(C)Cc2ccccc2)C1c1cccc([N+](=O)[O-])c1,5.83632152543173,pharmabench;tox21
COC(=O)C1=C(C)NC(C)=C(C(=O)OCCN(C)Cc2ccccc2)C1c1cccc([N+](=O)[O-])c1.Cl,6.040984388327828,tox21
COC(=O)C1=C(C)NC(C)=C(C(=O)OCCN(C)Cc2ccccc2)[C@@H]1c1cccc([N+](=O)[O-])c1,5.984249629805708,ncgc;veith
COC(=O)C1=C(C)NC(C)=C(C(=O)OCCN(C)Cc2ccccc2)[C@H]1c1cccc([N+](=O)[O-])c1,5.78423973440602,ncgc;veith
COC(=O)C1=C(C)NC(C)=C(C(=O)OCCN2CCN(C(c3ccccc3)c3ccccc3)CC2)C1c1cccc([N+](=O)[O-])c1.Cl.Cl,5.799684929556649,tox21
COC(=O)C1=C(C)NC(C)=C(C(=O)OCCSc2ccccc2)[C@@H]1C,4.784219133178269,ncgc;veith
COC(=O)C1=C(C)NC(C)=C(C(=O)OCCc2ccc(N3CCN(C(c4ccccc4)c4ccccc4)CC3)cc2)C1c1cccc([N+](=O)[O-])c1,5.9497353832167725,tox21
COC(=O)C1=C(C)NC(C)=C(C(=O)O[C@@H]2CCCN(Cc3ccccc3)C2)[C@@H]1c1cccc([N+](=O)[O-])c1.Cl,5.799684929556649,tox21
COC(=O)C1=C(C)NC(C)=C([N+](=O)[O-])[C@@H]1c1ccccc1C(F)(F)F,6.084206632000299,ncgc;veith
COC(=O)C1=C(C)NC(C)=C([N+](=O)[O-])[C@H]1c1ccccc1C(F)(F)F,4.7592192478794395,ncgc;veith
COC(=O)C1=C(C)NC(COC(N)=O)=C(C(=O)OC(C)C)C1c1cccc(Cl)c1Cl,4.699697196683655,tox21
COC(=O)C1=C(C)NC2=C(C(=O)CCC2)C1c1cn(Cc2ccc(Cl)cc2Cl)nc1-c1ccccc1,5.28123853814577,veith
COC(=O)C1=C(C)OC(N)=C(C#N)C1C1CCCCC1,4.28123853814577,veith
COC(=O)C1=C(C)OC(N)=C(C#N)C1c1cc(OC)ccc1OC,4.581238740591187,veith
COC(=O)C1=C(CSCc2ccccc2)NC(=O)NC1c1cc(C)ccc1C,4.88123792116939,veith
COC(=O)C1=C(Cn2cccn2)NC(C)=C(C#N)C1c1ccc(F)cc1Cl,5.559943272418992,pharmabench
COC(=O)C1=C(Cn2ccnc2)NC(C)=C(C#N)C1c1ccc(F)cc1Cl,5.338094522802636,pharmabench
COC(=O)C1=C(NC(=O)c2ccc(C)c(C)c2)CCS1,4.131237783223632,veith
COC(=O)C1=C(NC(=O)c2cccc(OC)c2)CCS1,4.231237939860009,veith
COC(=O)C1=CO[C@@H](C)[C@H]2CN3CCc4c([nH]c5ccccc45)[C@@H]3C[C@H]12,4.284220827875583,ncgc;veith
COC(=O)C1=Nc2ccccc2/C1=C\c1c(O)n(-c2ccc(OC)cc2)c(=O)[nH]c1=O,5.181236955344418,veith
COC(=O)C1CC1C(NC(=O)[C@H]1CCCCN1)c1ccccc1,3.987203621488413,ncgc
COC(=O)C1CCC(C)(C(=O)Nc2ccccc2)C1(C)C,4.381238666479966,veith
COC(=O)C1CCN(CC(=O)Nc2sc3c(c2C#N)CCC3)CC1,4.531238789289352,veith
COC(=O)C1CCN(c2cc(=O)n(C3CCCCC3)c(=O)[nH]2)CC1,4.381238666479966,veith
COC(=O)C1CCn2c(CCCOc3ccc(Cl)cc3C)nnc2C1,4.165058180003728,challenge
COC(=O)C1CCn2c(Cc3cn4ccsc4n3)nnc2C1,2.185295185003728,challenge
COC(=O)CC(=O)C(C)(C)C,4.038530441677591,tox21
COC(=O)CC(C(C)=O)C(=O)OC,4.088530344873387,tox21
COC(=O)CC1CN(C(=O)C2CCCNC2=O)c2ccccc21,3.5755642150037277,challenge
COC(=O)CC1CN(C(=O)c2cc(C(F)(F)F)ccn2)c2ccccc21,5.167514233003728,challenge
COC(=O)CCC(=O)Nc1cccc(C(=O)Nc2cccc(Cl)c2)c1,4.7812382168028345,veith
COC(=O)CCC(=O)OC,3.7237498709336903,tox21
COC(=O)CCC(NC(=O)OCc1ccccc1)C(=O)NC(CC(C)C)C(=O)OC,5.731239014571102,veith
COC(=O)CCCCCCCCC(=O)OC,4.036408494240465,tox21
COC(=O)CCSc1cc([N+](=O)[O-])cc2c1c(C1OCCS1)nn2-c1ccccc1,4.28123853814577,veith
COC(=O)CC[C@@H](C)[C@@H]1CC[C@@H]2[C@@H]3CC[C@H]4C[C@@H](O)CC[C@@]4(C)[C@@H]3CC[C@]21C,4.387202152451927,ncgc
COC(=O)CC[C@@H](C)[C@H]1CC[C@H]2[C@H]3CC[C@H]4C[C@@H]5CC[C@@]4(C)[C@]3(O5)[C@@H](Br)[C@@H](Br)[C@@]12C,4.884219346423415,ncgc;veith
COC(=O)CN(c1ccc(OC)cc1)S(=O)(=O)c1c(C)noc1C,4.231237939860009,veith
COC(=O)CN1C(=O)S/C(=C/c2ccc(N3CCCCC3)o2)C1=O,4.531238789289352,veith
COC(=O)CN1CN(c2ccccc2)C2(CCN(Cc3ccc4ccccc4c3)CC2)C1=O,3.787202796262461,ncgc
COC(=O)CNC(=O)CN1C(=O)N(c2ccc(Cl)cc2)C(N(O)C(=O)Nc2ccc(Cl)cc2)C1(C)C,4.131237783223632,veith
COC(=O)CNC(=O)CN1C(=O)N(c2ccccc2)C(N(O)C(=O)Nc2ccccc2)C1(C)C,4.28123853814577,veith
COC(=O)CNC(c1ccccc1Cl)c1cc(Br)ccc1NC(=O)CCN1CCOCC1,4.081239412948973,veith
COC(=O)COc1ccc(/C=C2/SC(=O)N(CC(=O)N3CCCC3)C2=O)cc1Br,4.28123853814577,veith
COC(=O)COc1ccc(Cl)cc1C1Nc2ccccc2C(=O)N1c1ccc(OC)cc1,5.28123853814577,veith
COC(=O)COc1cccc(NC(=O)c2ccc(C)cc2)c1,4.381238666479966,veith
COC(=O)CSC(C(=O)Nc1ccc(C)c(C)c1)c1ccccc1,5.031238394064476,veith
COC(=O)CSc1cc(N=c2sc(=O)n3n2CCCC3)c(F)cc1Cl,4.688532047345478,tox21
COC(=O)CSc1ccc2nnc(-c3ccc(F)cc3)n2n1,4.28123853814577,veith
COC(=O)CSc1nnc2n(C3CCCCC3)c(=O)c3c4c(sc3n12)CCCC4,4.231237939860009,veith
COC(=O)C[C@@H]1O[C@H]1[C@H](C)[C@@H](OC)C(C)C,4.787200049553703,ncgc
COC(=O)Cc1c(C)nc2nc(NCc3ccccc3OC)[nH]n2c1=O,3.931238759019225,veith
COC(=O)Cn1c(=O)c2c(nc(Br)n2Cc2ccccc2Cl)n(C)c1=O,4.131237783223632,veith
COC(=O)Cn1c(C(=O)N(C)C)cc2c1C[C@H]1CN(C(=O)c3ccccc3)[C@@](Cc3ccc(F)cc3)(C(=O)OC)[C@@H]21,3.9842213317585995,ncgc;veith
COC(=O)Cn1c(C(=O)N(C)C)cc2c1C[C@H]1CN(C(=O)c3ccccc3)[C@@](Cc3ccc(OC)cc3)(C(=O)OC)[C@@H]21,4.184219245074232,ncgc;veith
COC(=O)Cn1c(C(=O)N2CCCC2)cc2c1C[C@H]1CN(C(=O)c3ccccc3)[C@@](Cc3ccc(F)cc3)(C(=O)OC)[C@@H]21,4.984216978540185,ncgc;veith
COC(=O)Cn1c(C(=O)N2CCCC2)cc2c1C[C@H]1CN(C(=O)c3ccccc3)[C@@](Cc3ccccc3)(C(=O)OC)[C@@H]21,5.384228610767986,ncgc;veith
COC(=O)Cn1c(CN(Cc2ccccc2)Cc2ccccc2)nc2c1c(=O)[nH]c(=O)n2C,4.131237783223632,veith
COC(=O)Cn1cc(/C=N/NC(=O)c2ccc(C#N)cc2F)c2ccccc21,4.331238507999185,veith
COC(=O)N(/C=C/c1ccc(OC)cc1)CCc1ccc(OC)c(OC)c1,4.787200049553703,ncgc
COC(=O)N(C(=O)N1COC2(C(=O)OC)Cc3cc(Cl)ccc3C2=N1)c1ccc(OC(F)(F)F)cc1,4.949691042568217,tox21
COC(=O)N(C(=O)N1CO[C@@]2(C(=O)OC)Cc3cc(Cl)ccc3C2=N1)c1ccc(OC(F)(F)F)cc1,5.102968193626806,tox21
COC(=O)N(C)c1ccc(NC(=O)c2ccn(-c3cccc(OC)c3)n2)cc1,4.843914723003728,challenge
COC(=O)N(OC)c1ccccc1COc1ccn(-c2ccc(Cl)cc2)n1,4.988532908684509,tox21
COC(=O)N1CCC2(CC1)CCN(C(c1ccccc1)c1ccccc1)CC2,3.6872033036619767,ncgc
COC(=O)N1CCC2(CC1)CN(C(c1ccccc1)c1ccccc1)C2,4.284220827875583,ncgc;veith
COC(=O)N1CCC2(CCCN(C(=O)Nc3cccc(C#N)c3)C2)CC1,4.084221702678786,ncgc;veith
COC(=O)N1CCC2(CCCN(C(c3ccccc3)c3ccccc3)C2)CC1,3.7842205065326477,ncgc;veith
COC(=O)N1CCC2(CCCN(Cc3ccc(C#N)cc3)C2)CC1,4.184219245074232,ncgc;veith
COC(=O)N1CCC2(CCCN(c3ccc(-c4ccccc4)cc3)C2)CC1,4.084221702678786,ncgc;veith
COC(=O)N1CCC2(CCCN(c3ccccn3)C2)CC1,3.787202796262461,ncgc
COC(=O)N1CCC2(CCN(C(=O)NC(C)C)CC2)CC1,4.184219245074232,ncgc;veith
COC(=O)N1CCC[C@@]2(CCN(C(=O)NC(C)C)C2)C1,4.284220827875583,ncgc;veith
COC(=O)N1CCC[C@@]2(CCN(C(=O)Nc3ccc(OC)cc3)C2)C1,3.9842213317585995,ncgc;veith
COC(=O)N1CCC[C@@]2(CCN(C(=O)Nc3cccc(F)c3)C2)C1,3.6872033036619767,ncgc
COC(=O)N1CCC[C@@]2(CCN(C(c3ccccc3)c3ccccc3)C2)C1,3.8872025006290167,ncgc
COC(=O)N1CCC[C@@]2(CCN(c3ccccc3)C2)C1,4.184219245074232,ncgc;veith
COC(=O)N1CCC[C@@]2(CCN(c3ccccn3)C2)C1,3.9842213317585995,ncgc;veith
COC(=O)N1CCC[C@@]2(CCN(c3ccncc3)C2)C1,3.6872033036619767,ncgc
COC(=O)N1CCN(C(=O)Cc2ccc(Cl)c(Cl)c2)[C@H](CN2CCCC2)C1,4.184219245074232,ncgc;veith
COC(=O)N1CC[C@H](N(Cc2cccc(F)c2F)c2ccc(C#N)c(Cl)c2)C1,5.258913276755011,pharmabench
COC(=O)N1CC[C@H](N(Cc2ccccc2)c2ccc(C#N)c(Cl)c2)C1,5.224151170495799,pharmabench
COC(=O)N1CC[C@H](N(Cc2ccccc2Cl)c2ccc(C#N)c(Cl)c2)C1,5.29670183764441,pharmabench
COC(=O)NC(/C(C(=O)OC)=C(\C)NCc1ccccc1)c1ccc(Cl)cc1,4.487201289787428,ncgc
COC(=O)NC(/C(C(=O)OC)=C(\C)NCc1ccccc1)c1ccc(F)cc1,4.88720077167744,ncgc
COC(=O)NC(/C(C(=O)OC)=C(\C)NCc1ccccc1)c1ccc2ccccc2c1,5.287203117605396,ncgc
COC(=O)NC(/C(C(=O)OC)=C(\C)NCc1ccccc1)c1cccc(F)c1,4.487201289787428,ncgc
COC(=O)NC(/C(C(=O)OC)=C(\C)NCc1ccccc1)c1ccccc1,4.787200049553703,ncgc
COC(=O)NC(/C(C(=O)OC)=C(\C)NCc1ccccc1)c1cccs1,4.387202152451927,ncgc
COC(=O)NC(=S)Nc1ccccc1NC(=S)NC(=O)OC,3.938530281334687,tox21
COC(=O)NC(CC(C)=O)c1ccc2c(c1)OCO2,4.487201289787428,ncgc
COC(=O)NC(c1ccc(Cl)cc1)C(C(C)=O)C(=O)OC,4.787200049553703,ncgc
COC(=O)NC(c1ccc2ccccc2c1)C(C(C)=O)C(=O)OC,4.687200030977656,ncgc
COC(=O)NC(c1cccc(C)c1)[C@]1(C(C)=O)CCOC1=O,4.787200049553703,ncgc
COC(=O)NC(c1cccc(F)c1)[C@]1(C(C)=O)CCCC1=O,4.687200030977656,ncgc
COC(=O)NC(c1ccccc1)[C@]1(C(C)=O)CCCC1=O,4.9871949150515835,ncgc
COC(=O)NC(c1ccco1)C(C(C)=O)C(=O)OC,5.287203117605396,ncgc
COC(=O)N[C@@H](C)/C=C/c1cnc(Oc2ccc(OC(C)C)cc2)s1,4.906730758643648,pharmabench
COC(=O)N[C@H](C(=O)N1CCC[C@H]1c1nc(Cl)c(-c2ccc(-c3ccc(-c4[nH]c([C@@H]5CCCN5C(=O)[C@@H](NC(=O)OC)C(C)C)nc4Cl)cc3)cc2)[nH]1)C(C)C,3.4264043640487754,pharmabench
COC(=O)N[C@H](C(=O)N1CCC[C@H]1c1ncc(-c2ccc(-c3ccc(-c4cnc([C@@H]5CCCN5C(=O)[C@@H](NC(=O)OC)C(C)C)[nH]4)cc3)cc2)[nH]1)C(C)C,3.5635775570740864,pharmabench
COC(=O)N[C@H](C(=O)N1CCC[C@H]1c1ncc(-c2ccc(-c3ccc(CO)cc3)cc2)[nH]1)C(C)C,3.843939928784193,pharmabench
COC(=O)N[C@H](C(=O)N1C[C@@H](C)C[C@H]1c1ncc(-c2ccc(-c3ccc(-c4cc5[nH]c([C@@H]6C[C@H](C)CN6C(=O)[C@@H](NC(=O)OC)C(C)C)nc5s4)s3)cc2)[nH]1)C(C)C,4.015875228068716,pharmabench
COC(=O)N[C@H](C(=O)N[C@@H](Cc1ccccc1)[C@@H](O)CN(Cc1ccc(-c2ccccn2)cc1)NC(=O)[C@@H](NC(=O)OC)C(C)(C)C)C(C)(C)C,4.449695384640936,tox21
COC(=O)N[C@H](c1ccccc1)[C@@]1(C)C[C@@H]1[C@@H](C)C(=O)Nc1ccc2ccccc2c1,4.6842193775900025,ncgc;veith
COC(=O)Nc1ccc(=O)n(Cc2c(Cl)cccc2Cl)c1,4.081239412948973,veith
COC(=O)Nc1ccc(Cl)c(Cl)c1,3.7906602942236614,tox21
COC(=O)Nc1nc2cc(C(=O)c3ccc(F)cc3)ccc2[nH]1,3.3482922270037276,challenge
COC(=O)Nc1nc2ccc(C(=O)c3ccccc3)cc2[nH]1,4.704916833601262,challenge;ncgc
COC(=O)Nc1nc2ccc(C(=O)c3cccs3)cc2[nH]1,4.78720701825632,ncgc
COC(=O)Nc1nc2ccccc2[nH]1,4.138530880775606,tox21
COC(=O)Sc1nnc(-c2ccc(Br)cc2)o1,4.131237783223632,veith
COC(=O)[C@@H](Cc1c[nH]cn1)NS(=O)(=O)c1ccc(C)c(C)c1,4.616034257003728,challenge
COC(=O)[C@@H](NC(=O)c1cc(-c2ccccc2)nc2ccccc12)c1ccccc1,4.187201534804045,ncgc
COC(=O)[C@@H]1CC[C@H](C(=O)NCCn2cc(-c3ccccc3)nn2)C1,3.2957515170037275,challenge
COC(=O)[C@@H]1CC[C@H](C)[C@@H](c2ccc(C)cc2)N1C(=O)c1ccc(/C=N\OCC[C@@H]2C=C[C@H](OC(C)=O)[C@H](COC(C)=O)O2)cc1,4.687200030977656,ncgc
COC(=O)[C@@H]1CC[C@H](C)[C@@H](c2ccc(C)cc2)N1C(=O)c1ccc(/C=N\OC[C@@H](O)COCc2ccco2)cc1,4.6842193775900025,ncgc;veith
COC(=O)[C@@H]1CC[C@H](C)[C@@H](c2ccc(C)cc2)N1C(=O)c1ccc(/C=N\OC[C@@H](O)[C@H]2O[C@H]3OC(C)(C)O[C@H]3[C@@H]2O)cc1,4.884219346423415,ncgc;veith
COC(=O)[C@@H]1CC[C@H](C)[C@@H](c2ccc(C)cc2)N1C(=O)c1ccc(/C=N\O[C@@H](C)CN2CCCCc3nc(C)c(C)cc32)cc1,4.787200049553703,ncgc
COC(=O)[C@@H]1CC[C@H](C)[C@@H](c2ccc(C)cc2)N1C(=O)c1ccc(/C=N\O[C@@H](C)CN2CCCc3nc(C)c(C)cc32)cc1,4.787200049553703,ncgc
COC(=O)[C@@H]1CC[C@H](C)[C@@H](c2ccc(C)cc2)N1C(=O)c1ccc(/C=N\O[C@@H](C)c2cc(-c3c(C)cc(C)cc3C)no2)cc1,5.084220332573883,ncgc;veith
COC(=O)[C@@H]1CC[C@H](C)[C@@H](c2ccc(C)cc2)N1C(=O)c1ccc(/C=N\O[C@@H](C)c2cn([C@H](CO)Cc3ccccc3)nn2)cc1,4.8342192398008415,ncgc;veith
COC(=O)[C@@H]1CC[C@H](C)[C@@H](c2ccc(C)cc2)N1C(=O)c1ccc(/C=N\O[C@@H](C)c2cn([C@H]3COC[C@H]3O)nn2)cc1,4.787200049553703,ncgc
COC(=O)[C@@H]1CC[C@H](C)[C@@H](c2ccc(C)cc2)N1C(=O)c1ccc(/C=N\O[C@@H]2O[C@H](COC(C)=O)[C@H](OC(C)=O)[C@H](OC(C)=O)[C@H]2OC(C)=O)cc1,5.087201252198795,ncgc
COC(=O)[C@@H]1C[C@@H]1[C@@H](NP(=O)(c1ccccc1)c1ccccc1)c1ccccc1,3.6872033036619767,ncgc
COC(=O)[C@@H]1C[C@H]1[C@@H](NC(=O)OCc1ccccc1)c1ccccc1,3.987203621488413,ncgc
COC(=O)[C@@H]1C[C@H]1[C@@H](NC(=O)Oc1ccc(F)cc1)c1ccccc1,4.6842193775900025,ncgc;veith
COC(=O)[C@@H]1C[C@H]1[C@@H](NC(=O)c1cc(C)on1)c1ccccc1,3.6872033036619767,ncgc
COC(=O)[C@@H]1C[C@H]1[C@@H](NC(=O)c1ccccc1)c1ccccc1,3.6872033036619767,ncgc
COC(=O)[C@@H]1C[C@H]1[C@@H](NP(=O)(c1ccccc1)c1ccccc1)c1ccccc1,3.6872033036619767,ncgc
COC(=O)[C@@H]1C[C@H]1[C@@H](NS(=O)(=O)c1ccc(-c2ccccc2)cc1)c1ccccc1,4.884219346423415,ncgc;veith
COC(=O)[C@@H]1C[C@H]1[C@@H](NS(=O)(=O)c1ccc2ccccc2c1)c1ccccc1,4.184219245074232,ncgc;veith
COC(=O)[C@@H]1C[C@H]1[C@@H](NS(=O)(=O)c1ccccc1)c1ccccc1,3.8872025006290167,ncgc
COC(=O)[C@@H]1[C@@H](O)[C@]2(O)c3ccccc3O[C@]2(c2ccccc2)[C@H]1c1ccccc1,6.384310640829133,ncgc;veith
COC(=O)[C@@H]1[C@@H]2C[C@H]3c4[nH]c5ccccc5c4CCN3C[C@@H]2CC[C@@H]1O,3.9342211254521113,ncgc;veith
COC(=O)[C@@H]1[C@H]2C[C@H]3c4[nH]c5cc(OC)ccc5c4CCN3C[C@@H]2C[C@@H](OC(=O)c2cc(OC)c(OC)c(OC)c2)[C@@H]1OC,4.087203992408599,ncgc
COC(=O)[C@@]1(C)[C@H](C)C[C@H]2[C@@H]3CCC4=CC(=O)C=C[C@]4(C)[C@H]3[C@@H](O)C[C@@]21C,4.499695145639398,tox21
COC(=O)[C@@]1(Cc2ccc(F)cc2)[C@@H]2C(=CC(=O)[C@H]2CC(=O)C(=O)N(C)C)CN1C(=O)c1ccccc1,3.8872025006290167,ncgc
COC(=O)[C@@]1(Cc2ccc(F)cc2)[C@@H]2C(=CC(=O)[C@H]2CC(=O)C(=O)N2CCCC2)CN1C(=O)c1ccccc1,4.284220827875583,ncgc;veith
COC(=O)[C@@]1(Cc2ccc(F)cc2)[C@@H]2[C@@H](CC(=O)[C@H]2CC(=O)C(=O)N(C)C)CN1C(=O)c1ccccc1,3.9842213317585995,ncgc;veith
COC(=O)[C@@]1(Cc2ccc(F)cc2)[C@@H]2[C@@H](CC(=O)[C@H]2CC(=O)C(=O)N2CCCC2)CN1C(=O)c1ccccc1,3.6872033036619767,ncgc
COC(=O)[C@@]1(Cc2ccc(F)cc2)[C@H]2c3cc(C(=O)N(C)C)[nH]c3C[C@H]2CN1C(=O)c1ccccc1,4.284220827875583,ncgc;veith
COC(=O)[C@@]1(Cc2ccc(F)cc2)[C@H]2c3cc(C(=O)N(C)C)n(C)c3C[C@H]2CN1C(=O)c1ccccc1,4.184219245074232,ncgc;veith
COC(=O)[C@@]1(Cc2ccc(F)cc2)[C@H]2c3cc(C(=O)N(C)C)n(CC4CC4)c3C[C@H]2CN1C(=O)c1ccccc1,4.284220827875583,ncgc;veith
COC(=O)[C@@]1(Cc2ccc(F)cc2)[C@H]2c3cc(C(=O)N(C)C)n(CCCNc4ccc(C(F)(F)F)cc4Cl)c3C[C@H]2CN1C(=O)c1ccccc1,3.9842213317585995,ncgc;veith
COC(=O)[C@@]1(Cc2ccc(F)cc2)[C@H]2c3cc(C(=O)N(C)C)n(CCF)c3C[C@H]2CN1C(=O)c1ccccc1,4.484220032521275,ncgc;veith
COC(=O)[C@@]1(Cc2ccc(F)cc2)[C@H]2c3cc(C(=O)N(C)C)n(CCO)c3C[C@H]2CN1C(=O)c1ccccc1,4.084221702678786,ncgc;veith
COC(=O)[C@@]1(Cc2ccc(F)cc2)[C@H]2c3cc(C(=O)N(C)C)n(CCSCCO)c3C[C@H]2CN1C(=O)c1ccccc1,3.9842213317585995,ncgc;veith
COC(=O)[C@@]1(Cc2ccc(F)cc2)[C@H]2c3cc(C(=O)N(C)C)n(CCc4c[nH]c5ccc(OC)cc45)c3C[C@H]2CN1C(=O)c1ccccc1,4.284220827875583,ncgc;veith
COC(=O)[C@@]1(Cc2ccc(F)cc2)[C@H]2c3cc(C(=O)N(C)C)n(CCc4ccc(O)c(O)c4)c3C[C@H]2CN1C(=O)c1ccccc1,4.184219245074232,ncgc;veith
COC(=O)[C@@]1(Cc2ccc(F)cc2)[C@H]2c3cc(C(=O)N(C)C)n(CCc4ccc(OC)c(Br)c4)c3C[C@H]2CN1C(=O)c1ccccc1,4.284220827875583,ncgc;veith
COC(=O)[C@@]1(Cc2ccc(F)cc2)[C@H]2c3cc(C(=O)N(C)C)n(CCc4ccccn4)c3C[C@H]2CN1C(=O)c1ccccc1,4.284220827875583,ncgc;veith
COC(=O)[C@@]1(Cc2ccc(F)cc2)[C@H]2c3cc(C(=O)N(C)C)n(Cc4c(CO)[nH]cc(C)c4=O)c3C[C@H]2CN1C(=O)c1ccccc1,4.284220827875583,ncgc;veith
COC(=O)[C@@]1(Cc2ccc(F)cc2)[C@H]2c3cc(C(=O)N(C)C)n(Cc4cc(C)n(C)n4)c3C[C@H]2CN1C(=O)c1ccccc1,3.9842213317585995,ncgc;veith
COC(=O)[C@@]1(Cc2ccc(F)cc2)[C@H]2c3cc(C(=O)N(C)C)n(Cc4ccc(C(F)(F)F)nc4)c3C[C@H]2CN1C(=O)c1ccccc1,3.8842202108992034,ncgc;veith
COC(=O)[C@@]1(Cc2ccc(F)cc2)[C@H]2c3cc(C(=O)N(C)C)n(Cc4ccc(C)c(F)c4F)c3C[C@H]2CN1C(=O)c1ccccc1,3.8842202108992034,ncgc;veith
COC(=O)[C@@]1(Cc2ccc(F)cc2)[C@H]2c3cc(C(=O)N(C)C)n(Cc4ccc(C)o4)c3C[C@H]2CN1C(=O)c1ccccc1,4.284220827875583,ncgc;veith
COC(=O)[C@@]1(Cc2ccc(F)cc2)[C@H]2c3cc(C(=O)N(C)C)n(Cc4ccc(Cl)c(C(F)(F)F)c4)c3C[C@H]2CN1C(=O)c1ccccc1,4.6842193775900025,ncgc;veith
COC(=O)[C@@]1(Cc2ccc(F)cc2)[C@H]2c3cc(C(=O)N(C)C)n(Cc4ccc(O)c(OC)c4)c3C[C@H]2CN1C(=O)c1ccccc1,4.284220827875583,ncgc;veith
COC(=O)[C@@]1(Cc2ccc(F)cc2)[C@H]2c3cc(C(=O)N(C)C)n(Cc4ccc(OC(F)(F)F)cc4)c3C[C@H]2CN1C(=O)c1ccccc1,4.184219245074232,ncgc;veith
COC(=O)[C@@]1(Cc2ccc(F)cc2)[C@H]2c3cc(C(=O)N(C)C)n(Cc4ccc(OC)c(OC)c4)c3C[C@H]2CN1C(=O)c1ccccc1,4.184219245074232,ncgc;veith
COC(=O)[C@@]1(Cc2ccc(F)cc2)[C@H]2c3cc(C(=O)N(C)C)n(Cc4ccc(S(C)(=O)=O)cc4)c3C[C@H]2CN1C(=O)c1ccccc1,4.084221702678786,ncgc;veith
COC(=O)[C@@]1(Cc2ccc(F)cc2)[C@H]2c3cc(C(=O)N(C)C)n(Cc4cccc5ccccc45)c3C[C@H]2CN1C(=O)c1ccccc1,4.784219133178269,ncgc;veith
COC(=O)[C@@]1(Cc2ccc(F)cc2)[C@H]2c3cc(C(=O)N(C)C)n(Cc4ccccc4)c3C[C@H]2CN1C(=O)c1ccccc1,4.284220827875583,ncgc;veith
COC(=O)[C@@]1(Cc2ccc(F)cc2)[C@H]2c3cc(C(=O)N(C)C)n(Cc4ccccn4)c3C[C@H]2CN1C(=O)c1ccccc1,4.284220827875583,ncgc;veith
COC(=O)[C@@]1(Cc2ccc(F)cc2)[C@H]2c3cc(C(=O)N(C)C)n(Cc4ccsc4Br)c3C[C@H]2CN1C(=O)c1ccccc1,4.3842204094659465,ncgc;veith
COC(=O)[C@@]1(Cc2ccc(F)cc2)[C@H]2c3cc(C(=O)N(C)C)n(Cc4nc5ccccc5[nH]4)c3C[C@H]2CN1C(=O)c1ccccc1,4.584219730527165,ncgc;veith
COC(=O)[C@@]1(Cc2ccc(F)cc2)[C@H]2c3cc(C(=O)N4CCCC4)n(CC4CC4)c3C[C@H]2CN1C(=O)c1ccccc1,4.584219730527165,ncgc;veith
COC(=O)[C@@]1(Cc2ccc(F)cc2)[C@H]2c3cc(C(=O)N4CCCC4)n(CCCNc4ncc(C(F)(F)F)cc4Cl)c3C[C@H]2CN1C(=O)c1ccccc1,4.784219133178269,ncgc;veith
COC(=O)[C@@]1(Cc2ccc(F)cc2)[C@H]2c3cc(C(=O)N4CCCC4)n(CCF)c3C[C@H]2CN1C(=O)c1ccccc1,4.3842204094659465,ncgc;veith
COC(=O)[C@@]1(Cc2ccc(F)cc2)[C@H]2c3cc(C(=O)N4CCCC4)n(CCN4CNCC4=O)c3C[C@H]2CN1C(=O)c1ccccc1,4.3842204094659465,ncgc;veith
COC(=O)[C@@]1(Cc2ccc(F)cc2)[C@H]2c3cc(C(=O)N4CCCC4)n(CCO)c3C[C@H]2CN1C(=O)c1ccccc1,4.484220032521275,ncgc;veith
COC(=O)[C@@]1(Cc2ccc(F)cc2)[C@H]2c3cc(C(=O)N4CCCC4)n(CCSCCO)c3C[C@H]2CN1C(=O)c1ccccc1,4.3842204094659465,ncgc;veith
COC(=O)[C@@]1(Cc2ccc(F)cc2)[C@H]2c3cc(C(=O)N4CCCC4)n(CCc4c[nH]c5cc(F)ccc45)c3C[C@H]2CN1C(=O)c1ccccc1,4.6842193775900025,ncgc;veith
COC(=O)[C@@]1(Cc2ccc(F)cc2)[C@H]2c3cc(C(=O)N4CCCC4)n(CCc4c[nH]c5ccc(OC)cc45)c3C[C@H]2CN1C(=O)c1ccccc1,4.3842204094659465,ncgc;veith
COC(=O)[C@@]1(Cc2ccc(F)cc2)[C@H]2c3cc(C(=O)N4CCCC4)n(CCc4c[nH]c5ccccc45)c3C[C@H]2CN1C(=O)c1ccccc1,4.884219346423415,ncgc;veith
COC(=O)[C@@]1(Cc2ccc(F)cc2)[C@H]2c3cc(C(=O)N4CCCC4)n(CCc4ccc(O)c(O)c4)c3C[C@H]2CN1C(=O)c1ccccc1,4.784219133178269,ncgc;veith
COC(=O)[C@@]1(Cc2ccc(F)cc2)[C@H]2c3cc(C(=O)N4CCCC4)n(CCc4ccc(OC)c(Br)c4)c3C[C@H]2CN1C(=O)c1ccccc1,4.784219133178269,ncgc;veith
COC(=O)[C@@]1(Cc2ccc(F)cc2)[C@H]2c3cc(C(=O)N4CCCC4)n(CCc4ccccn4)c3C[C@H]2CN1C(=O)c1ccccc1,4.584219730527165,ncgc;veith
COC(=O)[C@@]1(Cc2ccc(F)cc2)[C@H]2c3cc(C(=O)N4CCCC4)n(C[C@H](O)CO)c3C[C@H]2CN1C(=O)c1ccccc1,4.184219245074232,ncgc;veith
COC(=O)[C@@]1(Cc2ccc(F)cc2)[C@H]2c3cc(C(=O)N4CCCC4)n(Cc4c(CO)[nH]cc(C)c4=O)c3C[C@H]2CN1C(=O)c1ccccc1,4.284220827875583,ncgc;veith
COC(=O)[C@@]1(Cc2ccc(F)cc2)[C@H]2c3cc(C(=O)N4CCCC4)n(Cc4cc(C)n(C)n4)c3C[C@H]2CN1C(=O)c1ccccc1,4.6842193775900025,ncgc;veith
COC(=O)[C@@]1(Cc2ccc(F)cc2)[C@H]2c3cc(C(=O)N4CCCC4)n(Cc4cc(F)cc5c4OCOC5)c3C[C@H]2CN1C(=O)c1ccccc1,5.384228610767986,ncgc;veith
COC(=O)[C@@]1(Cc2ccc(F)cc2)[C@H]2c3cc(C(=O)N4CCCC4)n(Cc4ccc(C(F)(F)F)nc4)c3C[C@H]2CN1C(=O)c1ccccc1,4.284220827875583,ncgc;veith
COC(=O)[C@@]1(Cc2ccc(F)cc2)[C@H]2c3cc(C(=O)N4CCCC4)n(Cc4ccc(C)c(F)c4F)c3C[C@H]2CN1C(=O)c1ccccc1,4.284220827875583,ncgc;veith
COC(=O)[C@@]1(Cc2ccc(F)cc2)[C@H]2c3cc(C(=O)N4CCCC4)n(Cc4ccc(C)o4)c3C[C@H]2CN1C(=O)c1ccccc1,4.6842193775900025,ncgc;veith
COC(=O)[C@@]1(Cc2ccc(F)cc2)[C@H]2c3cc(C(=O)N4CCCC4)n(Cc4ccc(Cl)c(C(F)(F)F)c4)c3C[C@H]2CN1C(=O)c1ccccc1,4.184219245074232,ncgc;veith
COC(=O)[C@@]1(Cc2ccc(F)cc2)[C@H]2c3cc(C(=O)N4CCCC4)n(Cc4ccc(OC(F)(F)F)cc4)c3C[C@H]2CN1C(=O)c1ccccc1,4.484220032521275,ncgc;veith
COC(=O)[C@@]1(Cc2ccc(F)cc2)[C@H]2c3cc(C(=O)N4CCCC4)n(Cc4ccc(S(C)(=O)=O)cc4)c3C[C@H]2CN1C(=O)c1ccccc1,3.8842202108992034,ncgc;veith
COC(=O)[C@@]1(Cc2ccc(F)cc2)[C@H]2c3cc(C(=O)N4CCCC4)n(Cc4cccc5ccccc45)c3C[C@H]2CN1C(=O)c1ccccc1,5.084220332573883,ncgc;veith
COC(=O)[C@@]1(Cc2ccc(F)cc2)[C@H]2c3cc(C(=O)N4CCCC4)n(Cc4ccccc4)c3C[C@H]2CN1C(=O)c1ccccc1,4.6842193775900025,ncgc;veith
COC(=O)[C@@]1(Cc2ccc(F)cc2)[C@H]2c3cc(C(=O)N4CCCC4)n(Cc4ccccn4)c3C[C@H]2CN1C(=O)c1ccccc1,4.984216978540185,ncgc;veith
COC(=O)[C@@]1(Cc2ccc(OC)cc2)[C@@H]2C(=CC(=O)[C@H]2CC(=O)C(=O)N(C)C)CN1C(=O)c1ccccc1,3.8842202108992034,ncgc;veith
COC(=O)[C@@]1(Cc2ccc(OC)cc2)[C@@H]2C(=CC(=O)[C@H]2CC(=O)C(=O)N2CCCC2)CN1C(=O)c1ccccc1,4.284220827875583,ncgc;veith
COC(=O)[C@@]1(Cc2ccc(OC)cc2)[C@@H]2[C@@H](CC(=O)[C@H]2CC(=O)C(=O)N(C)C)CN1C(=O)c1ccccc1,3.6872033036619767,ncgc
COC(=O)[C@@]1(Cc2ccc(OC)cc2)[C@@H]2[C@@H](CC(=O)[C@H]2CC(=O)C(=O)N2CCCC2)CN1C(=O)c1ccccc1,3.987203621488413,ncgc
COC(=O)[C@@]1(Cc2ccc(OC)cc2)[C@H]2c3cc(C(=O)N(C)C)[nH]c3C[C@H]2CN1C(=O)c1ccccc1,4.6842193775900025,ncgc;veith
COC(=O)[C@@]1(Cc2ccc(OC)cc2)[C@H]2c3cc(C(=O)N(C)C)n(C)c3C[C@H]2CN1C(=O)c1ccccc1,4.3842204094659465,ncgc;veith
COC(=O)[C@@]1(Cc2ccc(OC)cc2)[C@H]2c3cc(C(=O)N(C)C)n(CCF)c3C[C@H]2CN1C(=O)c1ccccc1,3.9842213317585995,ncgc;veith
COC(=O)[C@@]1(Cc2ccc(OC)cc2)[C@H]2c3cc(C(=O)N(C)C)n(CCO)c3C[C@H]2CN1C(=O)c1ccccc1,4.184219245074232,ncgc;veith
COC(=O)[C@@]1(Cc2ccc(OC)cc2)[C@H]2c3cc(C(=O)N(C)C)n(CCSCCO)c3C[C@H]2CN1C(=O)c1ccccc1,4.187201534804045,ncgc
COC(=O)[C@@]1(Cc2ccc(OC)cc2)[C@H]2c3cc(C(=O)N(C)C)n(CCc4c[nH]c5ccc(O)cc45)c3C[C@H]2CN1C(=O)c1ccccc1,4.584219730527165,ncgc;veith
COC(=O)[C@@]1(Cc2ccc(OC)cc2)[C@H]2c3cc(C(=O)N(C)C)n(CCc4ccc(O)c(OC)c4)c3C[C@H]2CN1C(=O)c1ccccc1,4.3842204094659465,ncgc;veith
COC(=O)[C@@]1(Cc2ccc(OC)cc2)[C@H]2c3cc(C(=O)N(C)C)n(CCc4ccc(OC)c(Br)c4)c3C[C@H]2CN1C(=O)c1ccccc1,4.6842193775900025,ncgc;veith
COC(=O)[C@@]1(Cc2ccc(OC)cc2)[C@H]2c3cc(C(=O)N(C)C)n(C[C@H](O)CO)c3C[C@H]2CN1C(=O)c1ccccc1,3.787202796262461,ncgc
COC(=O)[C@@]1(Cc2ccc(OC)cc2)[C@H]2c3cc(C(=O)N(C)C)n(Cc4c(CO)[nH]cc(C)c4=O)c3C[C@H]2CN1C(=O)c1ccccc1,4.184219245074232,ncgc;veith
COC(=O)[C@@]1(Cc2ccc(OC)cc2)[C@H]2c3cc(C(=O)N(C)C)n(Cc4cc(C)n(C)n4)c3C[C@H]2CN1C(=O)c1ccccc1,4.184219245074232,ncgc;veith
COC(=O)[C@@]1(Cc2ccc(OC)cc2)[C@H]2c3cc(C(=O)N(C)C)n(Cc4cc(F)c(F)c(F)c4)c3C[C@H]2CN1C(=O)c1ccccc1,4.284220827875583,ncgc;veith
COC(=O)[C@@]1(Cc2ccc(OC)cc2)[C@H]2c3cc(C(=O)N(C)C)n(Cc4ccc(C(F)(F)F)nc4)c3C[C@H]2CN1C(=O)c1ccccc1,3.6872033036619767,ncgc
COC(=O)[C@@]1(Cc2ccc(OC)cc2)[C@H]2c3cc(C(=O)N(C)C)n(Cc4ccc(C)c(F)c4F)c3C[C@H]2CN1C(=O)c1ccccc1,4.484220032521275,ncgc;veith
COC(=O)[C@@]1(Cc2ccc(OC)cc2)[C@H]2c3cc(C(=O)N(C)C)n(Cc4ccc(C)o4)c3C[C@H]2CN1C(=O)c1ccccc1,4.084221702678786,ncgc;veith
COC(=O)[C@@]1(Cc2ccc(OC)cc2)[C@H]2c3cc(C(=O)N(C)C)n(Cc4ccc(Cl)c(C(F)(F)F)c4)c3C[C@H]2CN1C(=O)c1ccccc1,4.284220827875583,ncgc;veith
COC(=O)[C@@]1(Cc2ccc(OC)cc2)[C@H]2c3cc(C(=O)N(C)C)n(Cc4ccc(O)c(OC)c4)c3C[C@H]2CN1C(=O)c1ccccc1,4.3842204094659465,ncgc;veith
COC(=O)[C@@]1(Cc2ccc(OC)cc2)[C@H]2c3cc(C(=O)N(C)C)n(Cc4ccc(OC(F)(F)F)cc4)c3C[C@H]2CN1C(=O)c1ccccc1,4.084221702678786,ncgc;veith
COC(=O)[C@@]1(Cc2ccc(OC)cc2)[C@H]2c3cc(C(=O)N(C)C)n(Cc4ccc(OC)c(OC)c4)c3C[C@H]2CN1C(=O)c1ccccc1,4.3842204094659465,ncgc;veith
COC(=O)[C@@]1(Cc2ccc(OC)cc2)[C@H]2c3cc(C(=O)N(C)C)n(Cc4ccc(S(C)(=O)=O)cc4)c3C[C@H]2CN1C(=O)c1ccccc1,4.184219245074232,ncgc;veith
COC(=O)[C@@]1(Cc2ccc(OC)cc2)[C@H]2c3cc(C(=O)N(C)C)n(Cc4cccc5ccccc45)c3C[C@H]2CN1C(=O)c1ccccc1,4.484220032521275,ncgc;veith
COC(=O)[C@@]1(Cc2ccc(OC)cc2)[C@H]2c3cc(C(=O)N(C)C)n(Cc4ccccc4)c3C[C@H]2CN1C(=O)c1ccccc1,4.3842204094659465,ncgc;veith
COC(=O)[C@@]1(Cc2ccc(OC)cc2)[C@H]2c3cc(C(=O)N(C)C)n(Cc4ccccn4)c3C[C@H]2CN1C(=O)c1ccccc1,3.9842213317585995,ncgc;veith
COC(=O)[C@@]1(Cc2ccc(OC)cc2)[C@H]2c3cc(C(=O)N(C)C)n(Cc4ccsc4Br)c3C[C@H]2CN1C(=O)c1ccccc1,4.784219133178269,ncgc;veith
COC(=O)[C@@]1(Cc2ccc(OC)cc2)[C@H]2c3cc(C(=O)N(C)C)n(Cc4nc5ccccc5[nH]4)c3C[C@H]2CN1C(=O)c1ccccc1,4.284220827875583,ncgc;veith
COC(=O)[C@@]1(Cc2ccc(OC)cc2)[C@H]2c3cc(C(=O)N4CCCC4)n(CCCNc4ncc(C(F)(F)F)cc4Cl)c3C[C@H]2CN1C(=O)c1ccccc1,4.3842204094659465,ncgc;veith
COC(=O)[C@@]1(Cc2ccc(OC)cc2)[C@H]2c3cc(C(=O)N4CCCC4)n(CCF)c3C[C@H]2CN1C(=O)c1ccccc1,4.284220827875583,ncgc;veith
COC(=O)[C@@]1(Cc2ccc(OC)cc2)[C@H]2c3cc(C(=O)N4CCCC4)n(CCN4CCOCC4)c3C[C@H]2CN1C(=O)c1ccccc1,3.787202796262461,ncgc
COC(=O)[C@@]1(Cc2ccc(OC)cc2)[C@H]2c3cc(C(=O)N4CCCC4)n(CCO)c3C[C@H]2CN1C(=O)c1ccccc1,4.184219245074232,ncgc;veith
COC(=O)[C@@]1(Cc2ccc(OC)cc2)[C@H]2c3cc(C(=O)N4CCCC4)n(CCSCCO)c3C[C@H]2CN1C(=O)c1ccccc1,4.184219245074232,ncgc;veith
COC(=O)[C@@]1(Cc2ccc(OC)cc2)[C@H]2c3cc(C(=O)N4CCCC4)n(CCc4c[nH]c5cc(F)ccc45)c3C[C@H]2CN1C(=O)c1ccccc1,4.784219133178269,ncgc;veith
COC(=O)[C@@]1(Cc2ccc(OC)cc2)[C@H]2c3cc(C(=O)N4CCCC4)n(CCc4c[nH]c5ccc(O)cc45)c3C[C@H]2CN1C(=O)c1ccccc1,4.784219133178269,ncgc;veith
COC(=O)[C@@]1(Cc2ccc(OC)cc2)[C@H]2c3cc(C(=O)N4CCCC4)n(CCc4c[nH]c5ccc(OC)cc45)c3C[C@H]2CN1C(=O)c1ccccc1,4.6842193775900025,ncgc;veith
COC(=O)[C@@]1(Cc2ccc(OC)cc2)[C@H]2c3cc(C(=O)N4CCCC4)n(CCc4c[nH]c5ccccc45)c3C[C@H]2CN1C(=O)c1ccccc1,4.584219730527165,ncgc;veith
COC(=O)[C@@]1(Cc2ccc(OC)cc2)[C@H]2c3cc(C(=O)N4CCCC4)n(CCc4ccc(O)c(O)c4)c3C[C@H]2CN1C(=O)c1ccccc1,4.184219245074232,ncgc;veith
COC(=O)[C@@]1(Cc2ccc(OC)cc2)[C@H]2c3cc(C(=O)N4CCCC4)n(CCc4ccc(O)c(OC)c4)c3C[C@H]2CN1C(=O)c1ccccc1,4.884219346423415,ncgc;veith
COC(=O)[C@@]1(Cc2ccc(OC)cc2)[C@H]2c3cc(C(=O)N4CCCC4)n(CCc4ccc(OC)c(Br)c4)c3C[C@H]2CN1C(=O)c1ccccc1,4.784219133178269,ncgc;veith
COC(=O)[C@@]1(Cc2ccc(OC)cc2)[C@H]2c3cc(C(=O)N4CCCC4)n(CCc4ccccn4)c3C[C@H]2CN1C(=O)c1ccccc1,4.084221702678786,ncgc;veith
COC(=O)[C@@]1(Cc2ccc(OC)cc2)[C@H]2c3cc(C(=O)N4CCCC4)n(CCn4cc([N+](=O)[O-])nc4C)c3C[C@H]2CN1C(=O)c1ccccc1,3.787202796262461,ncgc
COC(=O)[C@@]1(Cc2ccc(OC)cc2)[C@H]2c3cc(C(=O)N4CCCC4)n(C[C@H](O)CO)c3C[C@H]2CN1C(=O)c1ccccc1,3.787202796262461,ncgc
COC(=O)[C@@]1(Cc2ccc(OC)cc2)[C@H]2c3cc(C(=O)N4CCCC4)n(Cc4c(CO)[nH]cc(C)c4=O)c3C[C@H]2CN1C(=O)c1ccccc1,4.184219245074232,ncgc;veith
COC(=O)[C@@]1(Cc2ccc(OC)cc2)[C@H]2c3cc(C(=O)N4CCCC4)n(Cc4cc(C)n(C)n4)c3C[C@H]2CN1C(=O)c1ccccc1,4.184219245074232,ncgc;veith
COC(=O)[C@@]1(Cc2ccc(OC)cc2)[C@H]2c3cc(C(=O)N4CCCC4)n(Cc4cc(F)c(F)c(F)c4)c3C[C@H]2CN1C(=O)c1ccccc1,4.184219245074232,ncgc;veith
COC(=O)[C@@]1(Cc2ccc(OC)cc2)[C@H]2c3cc(C(=O)N4CCCC4)n(Cc4cc(F)cc5c4OCOC5)c3C[C@H]2CN1C(=O)c1ccccc1,4.484220032521275,ncgc;veith
COC(=O)[C@@]1(Cc2ccc(OC)cc2)[C@H]2c3cc(C(=O)N4CCCC4)n(Cc4ccc(C(F)(F)F)nc4)c3C[C@H]2CN1C(=O)c1ccccc1,4.184219245074232,ncgc;veith
COC(=O)[C@@]1(Cc2ccc(OC)cc2)[C@H]2c3cc(C(=O)N4CCCC4)n(Cc4ccc(C)c(F)c4F)c3C[C@H]2CN1C(=O)c1ccccc1,4.084221702678786,ncgc;veith
COC(=O)[C@@]1(Cc2ccc(OC)cc2)[C@H]2c3cc(C(=O)N4CCCC4)n(Cc4ccc(C)o4)c3C[C@H]2CN1C(=O)c1ccccc1,4.584219730527165,ncgc;veith
COC(=O)[C@@]1(Cc2ccc(OC)cc2)[C@H]2c3cc(C(=O)N4CCCC4)n(Cc4ccc(Cl)c(C(F)(F)F)c4)c3C[C@H]2CN1C(=O)c1ccccc1,3.9842213317585995,ncgc;veith
COC(=O)[C@@]1(Cc2ccc(OC)cc2)[C@H]2c3cc(C(=O)N4CCCC4)n(Cc4ccc(O)c(OC)c4)c3C[C@H]2CN1C(=O)c1ccccc1,4.784219133178269,ncgc;veith
COC(=O)[C@@]1(Cc2ccc(OC)cc2)[C@H]2c3cc(C(=O)N4CCCC4)n(Cc4ccc(OC(F)(F)F)cc4)c3C[C@H]2CN1C(=O)c1ccccc1,4.184219245074232,ncgc;veith
COC(=O)[C@@]1(Cc2ccc(OC)cc2)[C@H]2c3cc(C(=O)N4CCCC4)n(Cc4ccc(OC)c(OC)c4)c3C[C@H]2CN1C(=O)c1ccccc1,4.284220827875583,ncgc;veith
COC(=O)[C@@]1(Cc2ccc(OC)cc2)[C@H]2c3cc(C(=O)N4CCCC4)n(Cc4ccc(S(C)(=O)=O)cc4)c3C[C@H]2CN1C(=O)c1ccccc1,4.284220827875583,ncgc;veith
COC(=O)[C@@]1(Cc2ccc(OC)cc2)[C@H]2c3cc(C(=O)N4CCCC4)n(Cc4ccccn4)c3C[C@H]2CN1C(=O)c1ccccc1,4.184219245074232,ncgc;veith
COC(=O)[C@@]1(Cc2ccc(OC)cc2)[C@H]2c3cc(C(=O)N4CCCC4)n(Cc4ccsc4Br)c3C[C@H]2CN1C(=O)c1ccccc1,4.3842204094659465,ncgc;veith
COC(=O)[C@@]1(Cc2ccc(OC)cc2)[C@H]2c3cc(C(=O)N4CCCC4)n(Cc4nc5ccccc5[nH]4)c3C[C@H]2CN1C(=O)c1ccccc1,4.184219245074232,ncgc;veith
COC(=O)[C@@]1(Cc2ccccc2)[C@@H]2[C@@H](CC(=O)[C@H]2CC(=O)C(=O)N(C)C)CN1C(=O)c1ccccc1,4.084221702678786,ncgc;veith
COC(=O)[C@@]1(Cc2ccccc2)[C@H]2c3cc(C(=O)N(C)C)[nH]c3C[C@H]2CN1C(=O)c1ccccc1,5.78423973440602,ncgc;veith
COC(=O)[C@@]1(Cc2ccccc2)[C@H]2c3cc(C(=O)N(C)C)n(C)c3C[C@H]2CN1C(=O)c1ccccc1,4.784219133178269,ncgc;veith
COC(=O)[C@@]1(Cc2ccccc2)[C@H]2c3cc(C(=O)N(C)C)n(CCF)c3C[C@H]2CN1C(=O)c1ccccc1,4.984216978540185,ncgc;veith
COC(=O)[C@@]1(Cc2ccccc2)[C@H]2c3cc(C(=O)N(C)C)n(CCN4CNCC4=O)c3C[C@H]2CN1C(=O)c1ccccc1,3.8872025006290167,ncgc
COC(=O)[C@@]1(Cc2ccccc2)[C@H]2c3cc(C(=O)N(C)C)n(CCO)c3C[C@H]2CN1C(=O)c1ccccc1,4.984216978540185,ncgc;veith
COC(=O)[C@@]1(Cc2ccccc2)[C@H]2c3cc(C(=O)N(C)C)n(CCSCCO)c3C[C@H]2CN1C(=O)c1ccccc1,4.584219730527165,ncgc;veith
COC(=O)[C@@]1(Cc2ccccc2)[C@H]2c3cc(C(=O)N(C)C)n(C[C@H](O)CO)c3C[C@H]2CN1C(=O)c1ccccc1,4.584219730527165,ncgc;veith
COC(=O)[C@@]1(Cc2ccccc2)[C@H]2c3cc(C(=O)N(C)C)n(Cc4c(CO)[nH]cc(C)c4=O)c3C[C@H]2CN1C(=O)c1ccccc1,5.484206266808193,ncgc;veith
COC(=O)[C@@]1(Cc2ccccc2)[C@H]2c3cc(C(=O)N(C)C)n(Cc4cc(C)n(C)n4)c3C[C@H]2CN1C(=O)c1ccccc1,4.3842204094659465,ncgc;veith
COC(=O)[C@@]1(Cc2ccccc2)[C@H]2c3cc(C(=O)N(C)C)n(Cc4cc(F)c(F)c(F)c4)c3C[C@H]2CN1C(=O)c1ccccc1,4.6842193775900025,ncgc;veith
COC(=O)[C@@]1(Cc2ccccc2)[C@H]2c3cc(C(=O)N(C)C)n(Cc4ccc(O)c(OC)c4)c3C[C@H]2CN1C(=O)c1ccccc1,4.884219346423415,ncgc;veith
COC(=O)[C@@]1(Cc2ccccc2)[C@H]2c3cc(C(=O)N(C)C)n(Cc4ccc(OC)c(OC)c4)c3C[C@H]2CN1C(=O)c1ccccc1,4.784219133178269,ncgc;veith
COC(=O)[C@@]1(Cc2ccccc2)[C@H]2c3cc(C(=O)N(C)C)n(Cc4ccc(S(C)(=O)=O)cc4)c3C[C@H]2CN1C(=O)c1ccccc1,3.8872025006290167,ncgc
COC(=O)[C@@]1(Cc2ccccc2)[C@H]2c3cc(C(=O)N(C)C)n(Cc4ccccc4)c3C[C@H]2CN1C(=O)c1ccccc1,4.884219346423415,ncgc;veith
COC(=O)[C@@]1(Cc2ccccc2)[C@H]2c3cc(C(=O)N(C)C)n(Cc4ccccn4)c3C[C@H]2CN1C(=O)c1ccccc1,4.3842204094659465,ncgc;veith
COC(=O)[C@@]1(Cc2ccccc2)[C@H]2c3cc(C(=O)N(C)C)n(Cc4ccsc4Br)c3C[C@H]2CN1C(=O)c1ccccc1,4.6842193775900025,ncgc;veith
COC(=O)[C@@]1(Cc2ccccc2)[C@H]2c3cc(C(=O)N(C)C)n(Cc4nc5ccccc5[nH]4)c3C[C@H]2CN1C(=O)c1ccccc1,4.584219730527165,ncgc;veith
COC(=O)[C@@]1(Cc2ccccc2)[C@H]2c3cc(C(=O)N4CCCC4)[nH]c3C[C@H]2CN1C(=O)c1ccccc1,5.384228610767986,ncgc;veith
COC(=O)[C@@]1(Cc2ccccc2)[C@H]2c3cc(C(=O)N4CCCC4)n(C)c3C[C@H]2CN1C(=O)c1ccccc1,5.184224419702565,ncgc;veith
COC(=O)[C@@]1(Cc2ccccc2)[C@H]2c3cc(C(=O)N4CCCC4)n(CC4CC4)c3C[C@H]2CN1C(=O)c1ccccc1,5.284220827875583,ncgc;veith
COC(=O)[C@@]1(Cc2ccccc2)[C@H]2c3cc(C(=O)N4CCCC4)n(CCN4CNCC4=O)c3C[C@H]2CN1C(=O)c1ccccc1,4.984216978540185,ncgc;veith
COC(=O)[C@@]1(Cc2ccccc2)[C@H]2c3cc(C(=O)N4CCCC4)n(CCO)c3C[C@H]2CN1C(=O)c1ccccc1,4.884219346423415,ncgc;veith
COC(=O)[C@@]1(Cc2ccccc2)[C@H]2c3cc(C(=O)N4CCCC4)n(CCSCCO)c3C[C@H]2CN1C(=O)c1ccccc1,5.084220332573883,ncgc;veith
COC(=O)[C@@]1(Cc2ccccc2)[C@H]2c3cc(C(=O)N4CCCC4)n(CCc4ccccn4)c3C[C@H]2CN1C(=O)c1ccccc1,5.384228610767986,ncgc;veith
COC(=O)[C@@]1(Cc2ccccc2)[C@H]2c3cc(C(=O)N4CCCC4)n(Cc4c(CO)[nH]cc(C)c4=O)c3C[C@H]2CN1C(=O)c1ccccc1,5.284220827875583,ncgc;veith
COC(=O)[C@@]1(Cc2ccccc2)[C@H]2c3cc(C(=O)N4CCCC4)n(Cc4cc(F)cc5c4OCOC5)c3C[C@H]2CN1C(=O)c1ccccc1,5.78423973440602,ncgc;veith
COC(=O)[C@@]1(Cc2ccccc2)[C@H]2c3cc(C(=O)N4CCCC4)n(Cc4ccc(C(F)(F)F)nc4)c3C[C@H]2CN1C(=O)c1ccccc1,4.584219730527165,ncgc;veith
COC(=O)[C@@]1(Cc2ccccc2)[C@H]2c3cc(C(=O)N4CCCC4)n(Cc4ccc(C)o4)c3C[C@H]2CN1C(=O)c1ccccc1,5.284220827875583,ncgc;veith
COC(=O)[C@@]1(Cc2ccccc2)[C@H]2c3cc(C(=O)N4CCCC4)n(Cc4ccc(O)c(OC)c4)c3C[C@H]2CN1C(=O)c1ccccc1,4.884219346423415,ncgc;veith
COC(=O)[C@@]1(Cc2ccccc2)[C@H]2c3cc(C(=O)N4CCCC4)n(Cc4ccc(OC)c(OC)c4)c3C[C@H]2CN1C(=O)c1ccccc1,5.184224419702565,ncgc;veith
COC(=O)[C@@]1(Cc2ccccc2)[C@H]2c3cc(C(=O)N4CCCC4)n(Cc4ccc(S(C)(=O)=O)cc4)c3C[C@H]2CN1C(=O)c1ccccc1,4.184219245074232,ncgc;veith
COC(=O)[C@@]1(Cc2ccccc2)[C@H]2c3cc(C(=O)N4CCCC4)n(Cc4cccc5ccccc45)c3C[C@H]2CN1C(=O)c1ccccc1,5.884210701854814,ncgc;veith
COC(=O)[C@@]1(Cc2ccccc2)[C@H]2c3cc(C(=O)N4CCCC4)n(Cc4ccccc4)c3C[C@H]2CN1C(=O)c1ccccc1,5.184224419702565,ncgc;veith
COC(=O)[C@@]1(Cc2ccccc2)[C@H]2c3cc(C(=O)N4CCCC4)n(Cc4ccccn4)c3C[C@H]2CN1C(=O)c1ccccc1,5.984249629805708,ncgc;veith
COC(=O)[C@@]1(Cc2ccccc2)[C@H]2c3cc(C(=O)N4CCCC4)n(Cc4ccsc4Br)c3C[C@H]2CN1C(=O)c1ccccc1,4.984216978540185,ncgc;veith
COC(=O)[C@@]1(Cc2ccccc2)[C@H]2c3cc(C(=O)N4CCCC4)n(Cc4nc5ccccc5[nH]4)c3C[C@H]2CN1C(=O)c1ccccc1,5.284220827875583,ncgc;veith
COC(=O)[C@@]12C[C@@H]1[C@@H](n1cnc3c(NC(C4CC4)C4CC4)nc(Cl)nc31)[C@H](O)[C@@H]2O,4.034898465382147,pharmabench
COC(=O)[C@H](C)[C@@H]1C[C@@]1(C)[C@@H](NC(=O)OCc1ccccc1)c1ccccc1,4.584219730527165,ncgc;veith
COC(=O)[C@H](C)[C@H]1C[C@]1(C)[C@H](NC(=O)OCc1ccccc1)c1ccccc1,4.984216978540185,ncgc;veith
COC(=O)[C@H](CCSC)NC(=O)C/C=C\[C@@H](C)CO,6.287203117605396,ncgc
COC(=O)[C@H](Cc1c[nH]cn1)NCc1ccccc1,4.0370645271386545,pharmabench
COC(=O)[C@H](Cc1ccccc1)NC(=O)C/C=C\[C@@H](C)[C@@H](CO)OC,4.784219133178269,ncgc;veith
COC(=O)[C@H](Cc1ccccc1)NC(=O)[C@@H](C)CO,4.687200030977656,ncgc
COC(=O)[C@H]1C[C@@H]1[C@H](NC(=O)OCc1ccccc1)c1ccccc1,4.084221702678786,ncgc;veith
COC(=O)[C@H]1C[C@@H]1[C@H](NC(=O)Oc1ccc(F)cc1)c1ccccc1,3.6872033036619767,ncgc
COC(=O)[C@H]1C[C@@H]1[C@H](NC(=O)c1cc(C)nn1C)c1ccccc1,3.6872033036619767,ncgc
COC(=O)[C@H]1C[C@@H]1[C@H](NC(=O)c1cc(C)on1)c1ccccc1,3.787202796262461,ncgc
COC(=O)[C@H]1C[C@@H]1[C@H](NC(=O)c1ccccc1)c1ccccc1,3.6872033036619767,ncgc
COC(=O)[C@H]1C[C@@H]1[C@H](NP(=O)(c1ccccc1)c1ccccc1)c1ccccc1,3.6872033036619767,ncgc
COC(=O)[C@H]1C[C@@H]1[C@H](NS(=O)(=O)c1ccc(-c2ccccc2)cc1)c1ccccc1,4.584219730527165,ncgc;veith
COC(=O)[C@H]1C[C@@H]1[C@H](NS(=O)(=O)c1ccc2ccccc2c1)c1ccccc1,4.284220827875583,ncgc;veith
COC(=O)[C@H]1C[C@@H]1[C@H](NS(=O)(=O)c1ccccc1)c1ccccc1,3.6872033036619767,ncgc
COC(=O)[C@H]1[C@H](c2ccccc2)C(=O)[C@@]2(O)c3ccccc3O[C@@]12c1ccccc1,4.484220032521275,ncgc;veith
COC(=O)[C@H]1[C@H]2C[C@@H]3c4[nH]c5cc(OC)ccc5c4CCN3C[C@H]2C[C@@H](OC(=O)/C=C/c2ccc(O)c(OC)c2)[C@@H]1OC,4.699697196683655,tox21
COC(=O)[C@H]1[C@H]2C[C@@H]3c4[nH]c5cc(OC)ccc5c4CCN3C[C@H]2C[C@@H](OC(=O)COc2ccc(OC)cc2)[C@@H]1OC,4.199695243524282,tox21
COC(=O)[C@H]1[C@H]2C[C@@H]3c4[nH]c5cc(OC)ccc5c4CCN3C[C@H]2C[C@@H](OC(=O)c2cc(OC)c(OC)c(OC)c2)[C@@H]1OC,4.239239755456776,tox21
COC(=O)[C@]1(C)CCC[C@@]2(C)[C@H]1CC=C1C=C(C(C)C)CC[C@@H]12,4.288530398353015,tox21
COC(=O)c1[nH]c2cc(C)ccc2c1NC(=O)CN1CCCc2ccccc21,4.231237939860009,veith
COC(=O)c1[nH]c2cc(OC)ccc2c1NC(=O)CCN1CCSCC1,3.931238759019225,veith
COC(=O)c1[nH]c2cc(OC)ccc2c1NC(=O)c1ccc2c(c1)OCO2,4.731239014571102,veith
COC(=O)c1[nH]c2cc(OC)ccc2c1NC(=O)c1nonc1C,5.181236955344418,veith
COC(=O)c1[nH]c2ccc(Br)cc2c1NC(=O)CN1CCCc2ccccc21,5.331238507999185,veith
COC(=O)c1[nH]c2ccc(Br)cc2c1NC(=O)Oc1ccccc1,4.331238507999185,veith
COC(=O)c1[nH]c2cccc(OC)c2c1NC(=O)CN(C)CC1OCCO1,4.131237783223632,veith
COC(=O)c1c(-c2cc(OC)c(OC)c(OC)c2)c2ccc(OCc3ccccn3)cc2c(=O)n1-c1ccc(N)cc1,4.6842193775900025,ncgc;veith
COC(=O)c1c(-c2cc(OC)c(OC)c(OC)c2)c2ccnc(OCc3ncccn3)c2c(=O)n1Cc1ccnc(C)c1,4.0342197279867165,ncgc;veith
COC(=O)c1c(-c2ccc3ccccc3c2)csc1NC(=O)Cc1ccc(OC)c(OC)c1,5.631238141608918,veith
COC(=O)c1c(-c2ccccc2)csc1NC(=O)CSc1ncnc2sc(C)c(C)c12,5.181236955344418,veith
COC(=O)c1c(-n2c(C)cc(C=O)c2C)sc2c1CCCC2,5.231237939860008,veith
COC(=O)c1c(C(F)F)nc(C(F)(F)F)c(C2=NCCS2)c1CC(C)C,4.088530344873387,tox21
COC(=O)c1c(C)[nH]c(C)c1C(=O)c1ccccc1Cc1ccccc1,4.88720077167744,ncgc
COC(=O)c1c(C)ccc2c(O)c3c(cc12)C(=O)c1c2c(cc(O)c1C3=O)[C@@]1(C)O[C@@](C)(O2)[C@@H](O)[C@H](N(C)C)[C@H]1O,4.884219346423415,ncgc;veith
COC(=O)c1c(C)n(-c2ccccc2)c2ccc(O)cc12,4.831238989834795,veith
COC(=O)c1c(C)oc2ccc(N(C(=O)c3ccncc3)S(=O)(=O)c3ccccc3)cc12,4.88123792116939,veith
COC(=O)c1c(CNS(=O)(=O)c2ccc(F)c(C(=O)N3CCCC3)c2)nn2c1CCCC2,4.402859193003728,challenge
COC(=O)c1c(COc2ccc(C3CC3)cc2Cl)nn2c1CCCC2,5.586979483003728,challenge
COC(=O)c1c(NC(=O)C(C)(C)C)sc2c1C(C(=O)OC)CC2,3.981239042028786,veith
COC(=O)c1c(NC(=O)Cn2cc([N+](=O)[O-])cn2)sc2c1CCC2,4.731239014571102,veith
COC(=O)c1c(NC(=O)c2ccco2)sc2c1CCC2,4.831238989834795,veith
COC(=O)c1c(NC(C)=O)sc(Cc2ccccc2)c1C,4.28123853814577,veith
COC(=O)c1cc(-c2ccccc2)sc1NC(=O)CN1C(=O)c2ccccc2C1=O,4.831238989834795,veith
COC(=O)c1cc(Br)c(=O)n(CCc2ccc(O)cc2)c1.Cl,4.181236955344418,veith
COC(=O)c1cc(C#N)c(Oc2ccc(OC)cc2)nc1C,4.131237783223632,veith
COC(=O)c1cc(NC(=O)N2c3ccccc3Sc3ccccc32)cc(C(=O)OC)c1,4.731239014571102,veith
COC(=O)c1cc(NS(=O)(=O)c2ccc(N3CCCCC3)c([N+](=O)[O-])c2)cc(C(=O)OC)c1,5.4812387752551235,veith
COC(=O)c1cc(NS(=O)(=O)c2ccc(N3CCCCCC3)c([N+](=O)[O-])c2)cc(C(=O)OC)c1,4.931238759019225,veith
COC(=O)c1cc(OC)c(OC)cc1NC(=O)CSc1ccc(C)cc1,4.381238666479966,veith
COC(=O)c1cc(Oc2ccc(Cl)cc2Cl)ccc1[N+](=O)[O-],4.788529492223417,tox21
COC(=O)c1cc2c(ccn2-c2ccc(F)cc2)n1CC(C)C,4.28123853814577,veith
COC(=O)c1cc2n(n1)CCN(Cc1ccccc1F)C2=O,4.28123853814577,veith
COC(=O)c1ccc(-c2nc3ncccc3n2C)cc1Br,3.7740664350037276,challenge
COC(=O)c1ccc(-n2cncn2)c(F)c1,4.131237783223632,veith
COC(=O)c1ccc(/C=N\NC(=O)c2ccc(C)cc2Cl)cc1,4.331238507999185,veith
COC(=O)c1ccc(C#CC(NP(=O)(c2ccccc2)c2ccccc2)c2ccccc2)cc1,4.284220827875583,ncgc;veith
COC(=O)c1ccc(C(=O)N[C@H]2CC[C@H]2c2ccccc2)n1C,4.9859139100037275,challenge
COC(=O)c1ccc(C(=O)OC)c(NC(=O)CSCc2ccc(Br)cc2)c1,4.7812382168028345,veith
COC(=O)c1ccc(C(=O)OC)c(NC(=S)N2CCN(c3ccccc3)CC2)c1,4.4812387752551235,veith
COC(=O)c1ccc(C(NC(=O)c2ccco2)[C@]2(C)C[C@H]2C2CCCCC2)cc1,4.284220827875583,ncgc;veith
COC(=O)c1ccc(C23CC2(C(NP(=O)(c2ccccc2)c2ccccc2)c2ccccc2)C3)cc1,4.284220827875583,ncgc;veith
COC(=O)c1ccc(C=O)cc1,3.7881759841076734,tox21
COC(=O)c1ccc(CCc2cc(O)ccc2O)cc1,4.387202152451927,ncgc
COC(=O)c1ccc(COc2ccc(/C=C(\C#N)c3nc4ccccc4[nH]3)cc2OC)o1,5.531238789289352,veith
COC(=O)c1ccc(COc2ccccc2/C=N/NS(=O)(=O)c2ccc(C)cc2)cc1,5.4812387752551235,veith
COC(=O)c1ccc(CSc2nc3cc(Cl)ccc3s2)o1,4.731239014571102,veith
COC(=O)c1ccc(CSc2nnc(NC(C)C)s2)cc1,4.231237939860009,veith
COC(=O)c1ccc(I)cc1S(=O)(=O)[N-]C(=O)Nc1nc(C)nc(OC)n1.[Na+],4.107286980152362,tox21
COC(=O)c1ccc(N2CCN(CC(=O)c3ccc(-c4ccccc4)cc3)CC2)c([N+](=O)[O-])c1,4.581238740591187,veith
COC(=O)c1ccc(N=C2S/C(=C\c3cc(C)n(-c4cccnc4)c3C)C(=O)N2C)cc1,4.631238141608918,veith
COC(=O)c1ccc(NC(=O)COc2ccc(C3C(C#N)=C(N)Oc4c3ccc3ccccc43)cc2OC)cc1,5.28123853814577,veith
COC(=O)c1ccc(NC(=O)Cn2nc(-c3ccncc3)nc2SCC(=O)Nc2nccs2)cc1,5.931238759019225,veith
COC(=O)c1ccc(NC(=O)c2ccccc2NS(=O)(=O)c2ccccc2)cc1,5.981239042028786,veith
COC(=O)c1ccc(NC(=S)N2CCN(Cc3cccc(C)c3)CC2)cc1,3.88123792116939,veith
COC(=O)c1ccc(NC(=S)NC2CCCCC2)cc1,4.081239412948973,veith
COC(=O)c1ccc(OCC2c3cc(OC)c(OC)cc3CCN2C(=O)C2CC2)cc1,4.381238666479966,veith
COC(=O)c1ccc(OCC2c3cc(OC)c(OC)cc3CCN2C(=O)c2ccco2)cc1,4.531238789289352,veith
COC(=O)c1ccc(Oc2cc(C)nc(-n3nc(C)cc3C)n2)cc1,3.88123792116939,veith
COC(=O)c1ccc(Sc2ccccc2NS(=O)(=O)c2ccc(C)cc2)nc1,5.231237939860008,veith
COC(=O)c1ccc2c(c1)C(C)(C)C(/C=C/c1ccc(OC)c(OC)c1OC)=[N+]2C.[I-],3.981239042028786,veith
COC(=O)c1ccc2ccn(CC(=O)NC3CCCCC3)c2c1,5.081239412948973,veith
COC(=O)c1cccc(NC(=O)CCCOc2ccccc2)c1,4.7812382168028345,veith
COC(=O)c1cccc(NC(=O)Nc2ccc(Cl)c(Cl)c2)c1,4.88123792116939,veith
COC(=O)c1ccccc1-c1ccc(/C=C2\C(=O)N(c3ccccc3)N=C2c2ccccc2)o1,4.531238789289352,veith
COC(=O)c1ccccc1N/C=C1\CCc2c(c(C)nn2-c2ccccn2)C1=O,4.131237783223632,veith
COC(=O)c1ccccc1NC(=O)c1cc2nc(C3CC3)cc(C(F)(F)F)n2n1,4.731239014571102,veith
COC(=O)c1ccccc1NS(=O)(=O)c1ccc2c3c(cccc13)C(=O)N2,6.031238394064476,veith
COC(=O)c1ccccc1OCC(=O)N1CCN(c2ccc(Cl)cc2)CC1,4.131237783223632,veith
COC(=O)c1ccccc1Oc1c(F)c(F)nc(N2CCOCC2)c1F,4.081239412948973,veith
COC(=O)c1ccccc1S(=O)(=O)NC(=O)Nc1nc(C)nc(OC)n1,4.091371907029669,tox21
COC(=O)c1ccncc1-n1cc(-c2cccc3c2CN(C2CCC(=O)NC2=O)C3=O)nn1,5.325529552003728,challenge
COC(=O)c1cn(CC(=O)N2CCCCC2C)c2ccccc12,4.4812387752551235,veith
COC(=O)c1cn(NC(=O)C2CCC(C(C)(C)C)CC2)c(=O)c2ccccc12,5.381238666479966,veith
COC(=O)c1cn(NC(=O)c2cccc(OC)c2)c(=O)c2ccccc12,4.231237939860009,veith
COC(=O)c1cn[nH]c1NC(=S)Nc1ccccc1C,4.131237783223632,veith
COC(=O)c1cncn1C(C)c1ccccc1.Cl,4.149695764085624,tox21
COC(=O)c1csc(S(=O)(=O)N(C)Cc2ccccc2)c1,5.401598977003728,challenge
COC(=O)c1nn(C23CC4CC(CC(C4)C2)C3)c2c1C(=O)N(c1ccc(F)cc1)C2=O,4.181236955344418,veith
COC(=O)c1nnn(-c2nonc2N)c1CSc1nc2ccccc2o1,5.031238394064476,veith
COC(=O)c1sc(=S)n(-c2ccccc2OC)c1N,4.331238507999185,veith
COC(=O)c1sc2ccccc2c1-n1cccc1C(=O)C(=O)Nc1ccc(Cl)cc1,6.28123853814577,veith
COC(=O)c1sc2ncccc2c1OCc1c(Cl)cccc1Cl,5.031238394064476,veith
COC(=O)c1sccc1-c1ccc(/C=N/OCc2c(Cl)cccc2Cl)o1,4.431238405874674,veith
COC(=O)c1sccc1-c1ccc(C(=O)Nc2cccc(Cl)c2)o1,4.28123853814577,veith
COC(=O)c1sccc1-c1ccc(C(=O)Nc2cccnc2)o1,4.581238740591187,veith
COC(=O)c1sccc1C(=O)N1CC(c2ccccc2)(C(C)C)C1,4.720976613003728,challenge
COC(=O)c1sccc1NC(=O)CSc1cc(Cl)ccc1Cl,4.431238405874674,veith
COC(=O)c1sccc1NC(=O)CSc1ccc(Cl)cc1,4.081239412948973,veith
COC(=O)c1sccc1NC(=O)CSc1ccccc1NS(=O)(=O)c1ccc(Cl)cc1,5.031238394064476,veith
COC(=O)c1sccc1NC(=O)c1cc(-c2ccc(C)cc2)nc2ccccc12,4.68123872420235,veith
COC(=O)c1sccc1NC(=O)c1cc(-c2ccc(C)cc2C)nc2ccccc12,4.931238759019225,veith
COC(C)(C(=O)N1CCN(c2nccc(C(C)C)n2)CC1)c1ccccc1,5.175987735003727,challenge
COC(C)(C)CCCC(C)C/C=C/C(C)=C/C(=O)OC(C)C,3.9726798259436604,tox21
COC(C)(C)CCC[C@H](C)C/C=C/C(C)=C/C(=O)OC(C)C,4.288530398353015,tox21
COC(C)COC(C)COC(C)CO,4.288530398353015,tox21
COC(C)c1noc(CN2CCC(COc3ccccc3)CC2)n1,4.273051912003727,challenge
COC(CNC(=O)c1ccc(Oc2cccc(C)c2)cn1)OC,4.525902473003728,challenge
COC(OC)(C(=O)c1ccccc1)c1ccccc1,4.288884621887252,tox21
COC1(CS(=O)c2ccccc2)CCN(CCc2c[nH]c3ccc(F)cc23)CC1,3.8872025006290167,ncgc
COC1(OC)N=C(NC(=O)Nc2ccccc2)C2(C#N)C(c3ccccc3)C12C#N,4.181236955344418,veith
COC1(c2ccnn2C)CN(c2ncnc3scc(C)c23)C1,5.373127572003727,challenge
COC1(c2nccn2C)CCN(c2nc(C)cnc2C)CC1,4.849658437003728,challenge
COC1(c2noc(CCc3ccccc3C)n2)CCOCC1,4.190566768003728,challenge
COC1(c2noc(Cc3ccc(O)cc3C)n2)CCCC1,4.593671830003728,challenge
COC1=C(OC)C(=O)C(CCCCCCCCCCO)=C(C)C1=O,4.619410489417074,pharmabench;tox21
COC1=C(OC)C(=O)c2ccccc2C1=O,3.6872033036619767,ncgc
COC1=CC(=O)C[C@@H](C)[C@]12Oc1c(Cl)c(OC)cc(OC)c1C2=O,3.9153074893916386,tox21
COC1=CC(=O)O[C@@H](/C=C/c2ccccc2)C1,4.2321913013971955,tox21
COC1=CC(=O)O[C@@H](CCc2ccccc2)C1,4.121110751912802,tox21
COC1CCN(C(=O)NCCOc2ccc(C(C)(C)C)cc2)C(C)C1,4.746364475003728,challenge
COCC#CCn1cnc2cc(-c3ccc(OC)cc3)sc2c1=O,5.525399845003728,challenge
COCC#Cc1ccc(C2C(C)CCC3C(=O)N4C(CCC(C)C4c4ccc(C#CCOC)cc4)C(=O)N32)cc1,4.387202152451927,ncgc
COCC(=O)N(c1c(C)cccc1C)C(C)C(=O)OC,3.789239211438449,tox21
COCC(=O)N1CCC2(CC1)CCN(c1ccncc1)CC2,4.687200030977656,ncgc
COCC(=O)N1CCC2(CC1)CN(C(=O)Nc1ccccc1)C2,5.084220332573883,ncgc;veith
COCC(=O)N1CCC2(CC1)CN(Cc1cc(C(F)(F)F)cc(C(F)(F)F)c1)C2,4.184219245074232,ncgc;veith
COCC(=O)N1CCC2(CCCN(Cc3ccncc3)C2)CC1,4.584219730527165,ncgc;veith
COCC(=O)N1CCC2(CCCN(c3ccc(-c4ccccc4)cc3)C2)CC1,3.987203621488413,ncgc
COCC(=O)N1CCC2(CCCN(c3cccc(-c4ccccc4)c3)C2)CC1,3.8842202108992034,ncgc;veith
COCC(=O)N1CCC2(CCN(Cc3ccncc3)CC2)CC1,5.684224832111824,ncgc;veith
COCC(=O)N1CCc2cc(NS(=O)(=O)c3cccc(OC)c3)ccc21,5.029456863003728,challenge
COCC(=O)O[C@]1(CCN(C)CCCc2nc3ccccc3[nH]2)CCc2cc(F)ccc2[C@@H]1C(C)C,3.884776182755598,pharmabench
COCC(=O)Oc1c(S(=O)(=O)c2ccc(C)cc2)c(C)nn1-c1ccccc1,5.031238394064476,veith
COCC(C)N(C(=O)CCl)c1c(C)csc1C,4.53853042990295,tox21
COCC(C)NCc1cccc([N+](=O)[O-])c1.O=C(O)C(=O)O,5.68123872420235,veith
COCC(C)n1c(C)cc(C(=O)CSc2nnc(Nc3ccccc3F)s2)c1C,4.231237939860009,veith
COCC1(C)CCN(CC(=O)Nc2nc3c(s2)CCCC3)CC1,4.385489642003727,challenge
COCC1(O)CN(S(=O)(=O)c2ccc3c(c2)CC(C)(C)O3)C1,4.370210617003727,challenge
COCC1C2CC[C@H]3C(OCc4ccc(F)cc4C(F)(F)F)OC[C@]4(C)[C@H]3C2=C(CN4C(=O)OC(C)(C)C)[C@H](C)C1COC,3.987203621488413,ncgc
COCC1C2CC[C@H]3C(OCc4ccc(OC)cc4)OC[C@]4(C)[C@H]3C2=C(CN4C(=O)OC(C)(C)C)[C@H](C)C1COC,4.084221702678786,ncgc;veith
COCC1CN(C(=O)C(C)(O)CCc2ccccc2)CC(C)(C)O1,3.5872276550037276,challenge
COCC1CN(C(=O)C2(S(=O)(=O)c3ccccc3)CCCCC2)CC(C)(C)O1,3.7622997300037277,challenge
COCC1CNCCN1S(=O)(=O)c1cc2cc(Cl)ccc2s1,4.5305041520037275,challenge
COCC1COCCN1C(=O)c1cccc(Oc2nccs2)c1,3.811110198003728,challenge
COCCC1(CNC(=O)Nc2ccc(-n3ccnn3)cc2)CC1,4.7530696850037275,challenge
COCCCC/C(=N/OCCN)c1ccc(C(F)(F)F)cc1,4.209220002653319,ncgc;veith
COCCCC/C(=N\OCCN)c1ccc(C(F)(F)F)cc1,4.749697444003367,tox21
COCCCCCCCCOCCC[Si](C)(O[Si](C)(C)C)O[Si](C)(C)C,4.088530344873387,tox21
COCCCN1CCC(NC(=O)c2cc(Cl)c(N)c3c2OCC3)CC1,5.099699119238278,tox21
COCCCN1CCN(c2nnc3n2-c2sc(Br)cc2C(c2ccccc2Cl)=NC3)CC1.CS(=O)(=O)O,4.181236955344418,veith
COCCCNC(=O)C1CCC(=O)N1Cc1ccccc1Cl,4.531238789289352,veith
COCCCNC(=O)CN(c1ccc(OC)cc1)S(=O)(=O)c1ccc(NC(C)=O)cc1,4.231237939860009,veith
COCCCNC(=O)c1c(N)n(/N=C/c2ccccn2)c2nc3ccccc3nc12,4.531238789289352,veith
COCCCNC(=O)c1c(NC(=O)c2cccs2)sc2c1CCCC2,5.531238789289352,veith
COCCCOc1ccnc(CS(=O)c2nc3ccccc3[n-]2)c1C.[Na+],4.2698221444483675,tox21
COCCCn1c(CN(C)Cc2ccccc2)c2c(=O)n(-c3ccc(F)cc3Cl)[nH]c2cc1=O,5.3838520133633105,pharmabench
COCCCn1c(N)c(C(=O)Nc2sc3c(c2C(=O)OC)CCCC3)c2nc3ccccc3nc21,4.931238759019225,veith
COCCCn1c(SCc2nnc(-c3ccccc3)o2)nc2sc3c(c2c1=O)CCC3,5.081239412948973,veith
COCCCn1nnnc1SCC(=O)N1CCCC1,7.181236955344418,veith
COCCN(C(=O)C(C)C)c1nnc(-c2ccc(C)cc2)s1,4.431238405874674,veith
COCCN(C(=O)c1ccco1)c1nnc(-c2ccc(OC)cc2)s1,3.8312389898347954,veith
COCCN1C(=O)C(=O)/C(=C(/O)c2cccc(OC)c2)C1c1ccc(C)o1,3.7812382168028345,veith
COCCN=C1Sc2nc3c(C)cccc3cc2CN1Cc1ccco1,4.631238141608918,veith
COCCNC(=O)COc1ccc(Oc2ccccc2)cc1,5.7812382168028345,veith
COCCNC(=O)CSc1nc2cc(OC)c(OC)cc2c(=O)n1Cc1ccco1,4.931238759019225,veith
COCCNC(=O)CSc1nc2ccc(N3CCOCC3)cc2c(=O)n1Cc1ccc(OC)cc1,4.531238789289352,veith
COCCNC(=O)Cn1cnc2ccc(S(=O)(=O)N3CCC(C)CC3)cc2c1=O,4.28123853814577,veith
COCCNC(=O)[C@H](C)[C@@H]1C[C@@]1(C)[C@@H](NC(=O)OCc1ccccc1)c1ccccc1,3.787202796262461,ncgc
COCCNC(=O)[C@H](C)[C@H]1C[C@]1(C)[C@H](NC(=O)OCc1ccccc1)c1ccccc1,3.987203621488413,ncgc
COCCNC(=O)c1ccc2c(c1)ncn2-c1ccc(F)c(F)c1,4.031238394064476,veith
COCCNC(=O)c1onc(CSc2ccc(Cl)cc2)c1C(=O)O,4.581238740591187,veith
COCCNC(=O)c1onc(CSc2cccc(Cl)c2)c1C(=O)O,4.68123872420235,veith
COCCNC(=O)c1onc(CSc2ccccc2F)c1C(=O)O,4.081239412948973,veith
COCCNCC(=O)Nc1ncc(Cc2ccc(C(F)(F)F)cc2)s1,4.974282858003727,challenge
COCCNS(=O)(=O)c1cccc(CNC(=O)C2Cc3cc(Cl)ccc3O2)c1,4.8443832920037275,challenge
COCCNc1cc(-c2ccccc2CN(C)C)ncn1,5.6872109400212985,ncgc
COCCNc1ccnc(-c2ccccc2C(F)(F)F)n1,5.6872109400212985,ncgc
COCCNc1nc(C)nc(N2CCC(C(=O)NCc3ccccc3C(F)(F)F)CC2)n1,5.082822017699329,pharmabench
COCCNc1nc(SCc2ccccc2)nc2sc3c(c12)CCC3,4.7812382168028345,veith
COCCNc1ncncc1-c1c(C)noc1C,6.187177387497534,ncgc
COCCOC,3.7591262728607067,tox21
COCCOC(=O)C1=C(C)NC(=O)N(C(C)=O)C1c1ccc(Cl)cc1,4.631238141608918,veith
COCCOC(=O)C1=C(C)NC(C)=C(C(=O)OC(C)C)C1c1cccc([N+](=O)[O-])c1,5.354532118857371,pharmabench;tox21
COCCOC(=O)C1=C(C)NC(C)=C(C(=O)OC(C)C)[C@@H]1c1cccc([N+](=O)[O-])c1,5.234223984392409,ncgc;veith
COCCOC(=O)C1=C(C)NC(C)=C(C(=O)OC(C)C)[C@H]1c1cccc([N+](=O)[O-])c1,5.484206266808193,ncgc;veith
COCCOC(=O)C1=C(C)NC(C)=C(C(=O)OC/C=C/c2ccccc2)C1c1cccc([N+](=O)[O-])c1,6.2996181695735975,tox21
COCCOC(=O)c1ccccc1C(=O)OCCOC,3.9570863333818407,tox21
COCCOc1ccc(Cl)cc1S(=O)(=O)NC(=O)c1csc(C)c1,4.496250013003728,challenge
COCCOc1ccccc1C1C(C(=O)C(C)(C)C)=C(O)C(=O)N1c1ccc(-c2ccsc2)cc1,4.639124518466617,pharmabench
COCCOc1ncccc1NC(=O)N1CCOCC(C2CCC2)C1,3.9577221870037276,challenge
COCCc1ccc(OCC(O)CNC(C)C)cc1,3.7885301040785704,tox21
COCCl,3.8718108581223465,tox21
COCCn1c(=O)[nH]c2cc(C(=O)N3CCN(c4ccccc4OC)CC3)ccc2c1=O,4.381238666479966,veith
COCCn1c(=O)c(-c2cc(F)cc(F)c2)nc2cnc(N3CCN(C)CC3)nc21,3.6872033036619767,ncgc
COCCn1c(=O)c(-c2cc(F)cc(F)c2)nc2cnc(N3CCNCC3)nc21,5.184224419702565,ncgc;veith
COCCn1c(=O)c(-c2cc(F)cc(F)c2)nc2cnc(OC)nc21,3.6872033036619767,ncgc
COCCn1c(=O)c(-c2cc(F)cc(F)c2)nc2cnc(OCc3ccccc3)nc21,4.084221702678786,ncgc;veith
COCCn1c(=O)c(-c2cc(F)cc(F)c2)nc2cnc(Oc3ccc(OC)cc3)nc21,4.184219245074232,ncgc;veith
COCCn1c(=O)c(-c2cc(F)cc(F)c2)nc2cnc(Oc3cccc(Cl)c3)nc21,4.6842193775900025,ncgc;veith
COCCn1c(=O)c(-c2cc(F)cc(F)c2)nc2cnc(Oc3ccccc3)nc21,3.9842213317585995,ncgc;veith
COCCn1c(=O)c(-c2ccc(Cl)cc2)nc2cnc(N3CCNCC3)nc21,4.3842204094659465,ncgc;veith
COCCn1c(=O)c(-c2ccc(Cl)cc2)nc2cnc(OC)nc21,3.6872033036619767,ncgc
COCCn1c(=O)c(-c2ccc(Cl)cc2)nc2cnc(Oc3ccc(OC)cc3)nc21,4.184219245074232,ncgc;veith
COCCn1c(=O)c(-c2ccc(Cl)cc2)nc2cnc(Oc3cccc(Cl)c3)nc21,4.884219346423415,ncgc;veith
COCCn1c(=O)c(-c2ccc(Cl)cc2)nc2cnc(Oc3ccccc3)nc21,4.3842204094659465,ncgc;veith
COCCn1c(=O)c(-c2ccc(Cl)cc2)nc2cncnc21,3.787202796262461,ncgc
COCCn1c(=O)c(-c2ccc(F)cc2)nc2cnc(N(C)C)nc21,4.184219245074232,ncgc;veith
COCCn1c(=O)c(-c2ccc(F)cc2)nc2cnc(Nc3cccc(OC)c3)nc21,6.986173121941415,ncgc
COCCn1c(=O)c(-c2ccc(F)cc2)nc2cnc(OCc3ccccc3)nc21,3.987203621488413,ncgc
COCCn1c(=O)c(-c2ccc(F)cc2)nc2cnc(Oc3ccc(OC)cc3)nc21,4.184219245074232,ncgc;veith
COCCn1c(=O)c(-c2ccc(F)cc2)nc2cnc(Oc3cccc(Cl)c3)nc21,4.884219346423415,ncgc;veith
COCCn1c(=O)c(-c2ccc(F)cc2)nc2cnc(Oc3ccccc3)nc21,4.284220827875583,ncgc;veith
COCCn1c(=O)c(-c2ccc(OC)cc2)nc2cnc(N3CCNCC3)nc21,4.084221702678786,ncgc;veith
COCCn1c(=O)c(-c2ccc(OC)cc2)nc2cnc(Nc3ccccc3)nc21,4.787200049553703,ncgc
COCCn1c(=O)c(-c2ccc(OC)cc2)nc2cnc(OC)nc21,3.6872033036619767,ncgc
COCCn1c(=O)c(-c2ccc(OC)cc2)nc2cnc(Oc3cccc(Cl)c3)nc21,5.484206266808193,ncgc;veith
COCCn1c(=O)c(-c2ccc(OC)cc2)nc2cnc(Oc3ccccc3)nc21,4.3842204094659465,ncgc;veith
COCCn1c(=O)c(-c2cccc(C#N)c2)nc2cnc(N3CCN(C)CC3)nc21,4.687200030977656,ncgc
COCCn1c(=O)c(-c2cccc(C#N)c2)nc2cnc(N3CCNCC3)nc21,4.6842193775900025,ncgc;veith
COCCn1c(=O)c(-c2cccc(C#N)c2)nc2cnc(N3CCOCC3)nc21,4.184219245074232,ncgc;veith
COCCn1c(=O)c(-c2cccc(C#N)c2)nc2cnc(OC)nc21,3.787202796262461,ncgc
COCCn1c(=O)c(-c2cccc(C#N)c2)nc2cnc(OCc3ccccc3)nc21,4.284220827875583,ncgc;veith
COCCn1c(=O)c(-c2cccc(C#N)c2)nc2cnc(Oc3ccc(OC)cc3)nc21,4.284220827875583,ncgc;veith
COCCn1c(=O)c(-c2cccc(C#N)c2)nc2cnc(Oc3cccc(Cl)c3)nc21,4.3842204094659465,ncgc;veith
COCCn1c(=O)c(-c2cccc(C#N)c2)nc2cnc(Oc3ccccc3)nc21,4.3842204094659465,ncgc;veith
COCCn1c(=O)c(-c2ccccc2)nc2cnc(N(C)C)nc21,3.9842213317585995,ncgc;veith
COCCn1c(=O)c(-c2ccccc2)nc2cnc(N3CCNCC3)nc21,4.784219133178269,ncgc;veith
COCCn1c(=O)c(-c2ccccc2)nc2cnc(Nc3ccccc3)nc21,4.184219245074232,ncgc;veith
COCCn1c(=O)c(-c2ccccc2)nc2cnc(OC)nc21,3.987203621488413,ncgc
COCCn1c(=O)c(-c2ccccc2)nc2cnc(OCc3ccccc3)nc21,4.184219245074232,ncgc;veith
COCCn1c(=O)c(-c2ccccc2)nc2cnc(Oc3ccc(OC)cc3)nc21,4.284220827875583,ncgc;veith
COCCn1c(=O)c(-c2ccccc2)nc2cnc(Oc3cccc(Cl)c3)nc21,5.5842153979372355,ncgc;veith
COCCn1c(=O)c(-c2ccccc2)nc2cnc(Oc3ccccc3)nc21,4.284220827875583,ncgc;veith
COCCn1c(=O)c(-c2cccs2)nc2cnc(N3CCNCC3)nc21,4.984216978540185,ncgc;veith
COCCn1c(=O)c(-c2cccs2)nc2cnc(OC)nc21,3.6872033036619767,ncgc
COCCn1c(=O)c(-c2cccs2)nc2cnc(Oc3ccc(OC)cc3)nc21,4.584219730527165,ncgc;veith
COCCn1c(=O)c(-c2cccs2)nc2cnc(Oc3cccc(Cl)c3)nc21,5.484206266808193,ncgc;veith
COCCn1c(=O)c(-c2cccs2)nc2cnc(Oc3ccccc3)nc21,4.6842193775900025,ncgc;veith
COCCn1c(=O)c(-c2cccs2)nc2cncnc21,3.987203621488413,ncgc
COCCn1c(=O)c(-c2cn(C)c3ccccc23)nc2cncnc21,4.284220827875583,ncgc;veith
COCCn1c(=O)c(C)nc2cnc(N3CCN(C)CC3)nc21,4.087203992408599,ncgc
COCCn1c(=O)c(C)nc2cnc(Nc3cccc(OC)c3)nc21,3.6872033036619767,ncgc
COCCn1c(=O)c(C)nc2cnc(Oc3ccc(OC)cc3)nc21,3.987203621488413,ncgc
COCCn1c(=O)c(C)nc2cnc(Oc3cccc(Cl)c3)nc21,4.184219245074232,ncgc;veith
COCCn1c(=O)c(C)nc2cncnc21,3.787202796262461,ncgc
COCCn1c(=O)c(CCc2ccccc2)nc2cnc(N(C)C)nc21,3.8872025006290167,ncgc
COCCn1c(=O)c(CCc2ccccc2)nc2cnc(N3CCNCC3)nc21,4.184219245074232,ncgc;veith
COCCn1c(=O)c(CCc2ccccc2)nc2cnc(N3CCOCC3)nc21,3.8872025006290167,ncgc
COCCn1c(=O)c(CCc2ccccc2)nc2cnc(Nc3cccc(OC)c3)nc21,5.187211884060712,ncgc
COCCn1c(=O)c(CCc2ccccc2)nc2cnc(OC)nc21,3.987203621488413,ncgc
COCCn1c(=O)c(CCc2ccccc2)nc2cnc(OCc3ccccc3)nc21,4.184219245074232,ncgc;veith
COCCn1c(=O)c(CCc2ccccc2)nc2cnc(Oc3ccc(OC)cc3)nc21,4.284220827875583,ncgc;veith
COCCn1c(=O)c(CCc2ccccc2)nc2cnc(Oc3cccc(Cl)c3)nc21,5.284220827875583,ncgc;veith
COCCn1c(=O)c(CCc2ccccc2)nc2cnc(Oc3ccccc3)nc21,4.484220032521275,ncgc;veith
COCCn1c(=O)cnc2cnc(Nc3cccc(OC)c3)nc21,3.8872025006290167,ncgc
COCCn1c(=O)cnc2cnc(Oc3cccc(Cl)c3)nc21,4.084221702678786,ncgc;veith
COCCn1c(C(=O)N(C)C)cc2c1C[C@H]1CN(C(=O)c3ccccc3)[C@@](Cc3ccc(F)cc3)(C(=O)OC)[C@@H]21,3.8872025006290167,ncgc
COCCn1c(C(=O)N2CCCC2)cc2c1C[C@H]1CN(C(=O)c3ccccc3)[C@@](Cc3ccc(F)cc3)(C(=O)OC)[C@@H]21,4.284220827875583,ncgc;veith
COCCn1c(C(=O)N2CCCC2)cc2c1C[C@H]1CN(C(=O)c3ccccc3)[C@@](Cc3ccc(OC)cc3)(C(=O)OC)[C@@H]21,3.6872033036619767,ncgc
COCCn1c(C(=O)N2CCCC2)cc2c1C[C@H]1CN(C(=O)c3ccccc3)[C@@](Cc3ccccc3)(C(=O)OC)[C@@H]21,5.984249629805708,ncgc;veith
COCCn1cc(C(=O)Nc2ccc(N3CCN(C)CC3)nc2)c2ccccc21,4.700835203003727,challenge
COCCn1cc(NC(=O)Nc2nc3c(s2)CCCCCC3)cn1,4.391836107003727,challenge
COCCn1nc2cc(C(=O)NCC34CC5CC(CC(C5)C3)C4)ccc2c1OC,4.081239412948973,veith
COCN(COC)c1nc(N(COC)COC)nc(N(COC)COC)n1,3.7857039806225536,tox21
COCOc1cc(OC)ccc1C(=O)/C=C\c1ccc2c(c1)OCO2,4.884219346423415,ncgc;veith
COCOc1ccc(Br)cc1C(=O)/C=C\c1ccc2c(c1)OCO2,4.984216978540185,ncgc;veith
COC[C@@H](NC(=O)c1c[nH]nc1-c1cccc(Cl)c1)c1cccnc1,4.018752065003728,challenge
COC[C@@]12CNCC[C@]1(c1ccc(Cl)c(Cl)c1)C2,4.338094522802636,pharmabench
COC[C@@]12CNCC[C@]1(c1ccc3ccccc3c1)C2,4.435004535810692,pharmabench
COCc1c(C(C)C)nc(C(C)C)c(/C=C/[C@@H](O)C[C@@H](O)CC(=O)[O-])c1-c1ccc(F)cc1.[Na+],4.121404358812756,tox21
COCc1cc(Cn2cc(C34CC5CC(CC(C5)C3)C4)nn2)no1,4.770699970003728,challenge
COCc1cc(NC(=O)N2CCC(Cc3ccccc3)C2)ncn1,4.363102817003727,challenge
COCc1cc(NS(=O)(=O)c2cc3cc(Cl)ccc3s2)ccc1OC,5.914623525003727,challenge
COCc1cnc(C2=NC(C)(C(C)C)C(=O)N2)c(C(=O)O)c1,4.138530880775606,tox21
COCc1cnc(OC)c(C(=O)N[C@@H]2CC(Cn3cc(Cl)cn3)C[C@H]2O)c1,4.027627188003728,challenge
COCc1nc(C(=O)N2CCN(C(=O)c3ccc(C)c(F)c3)CC2)cs1,4.241167078003728,challenge
COCc1nc(C(=O)NC2CCN(c3ccccc3OC)CC2)cs1,4.7186071750037275,challenge
COCc1nc(C(=O)NCc2cccnc2)c(-c2ccccc2)s1,4.275581293003728,challenge
COCc1nc(OC)cc(N2CCC(C(N)=O)(c3ccccc3)CC2)n1,4.802125903003728,challenge
COCc1nc(OC)cc(N2CCN(C(=O)c3ccccc3)CC2)n1,4.269849583003728,challenge
COCc1nnc(NC(=O)CC(c2ccccc2)c2ccccc2)s1,5.28123853814577,veith
COCc1nnc(NC(=O)CSc2ccc(C)cc2)s1,4.431238405874674,veith
COCc1nnc(NC(=O)c2ccc(S(=O)(=O)N3CCCCCC3)cc2)o1,4.28123853814577,veith
CON(C)C(=O)Nc1ccc(Br)cc1,4.038530441677591,tox21
CON(C)C(=O)Nc1ccc(Cl)c(Cl)c1,4.037469467959028,tox21
CON(C)C(=O)Nc1ccc(Cl)cc1,3.8385301209917824,tox21
CON(c1nc(N(C)C)nc(N(C)C)n1)S(=O)(=O)c1ccccc1Cl,4.231237939860009,veith
CON/C=C(\C=Nc1ccccc1)c1ncc(C(F)(F)F)cc1Cl,4.381238666479966,veith
CON1CCC(Cc2nc(-c3ccc(F)c(F)c3)no2)CC1,4.065137697003728,challenge
COP(=O)(OC)C(Cc1cccc(-c2cc(C(C)(C)S(C)(=O)=O)cc3cccnc23)c1)c1ccc(S(C)(=O)=O)cc1,4.281189671466163,pharmabench
COP(=O)(OC)O/C(=C/Cl)c1cc(Cl)c(Cl)cc1Cl,4.164302335987329,tox21
COP(=O)(OC)O/C(=C\Cl)c1cc(Cl)c(Cl)cc1Cl,4.038530441677591,tox21
COP(=O)(OC)OC,3.7849994036295413,tox21
COP(=O)(OC)OC(Br)C(Cl)(Cl)Br,4.213176237380509,tox21
COP(=O)(OC)SCn1c(=O)oc2cc(Cl)cnc21,4.138530880775606,tox21
COP(=S)(Cl)OC,4.184646944168016,tox21
COP(=S)(NC(C)C)Oc1ccc(C)cc1[N+](=O)[O-],5.238523532041261,tox21
COP(=S)(OC)Oc1c(Cl)cc(C)cc1Cl,4.688532047345478,tox21
COP(=S)(OC)Oc1cc(Cl)c(Br)cc1Cl,4.8885327127793925,tox21
COP(=S)(OC)Oc1cc(Cl)c(Cl)cc1Cl,4.695713190665941,tox21
COP(=S)(OC)Oc1ccc(S(=O)(=O)N(C)C)cc1,6.044149822680126,tox21
COP(=S)(OC)Oc1ccc(S(N)(=O)=O)cc1,5.099699119238278,tox21
COP(=S)(OC)Oc1ccc(SC)c(C)c1,4.749697444003367,tox21
COP(=S)(OC)Oc1ccc([N+](=O)[O-])c(C)c1,4.8885327127793925,tox21
COP(=S)(OC)Oc1ccc([N+](=O)[O-])cc1,4.313176030482575,tox21
COP(=S)(OC)Oc1nc(Cl)c(Cl)cc1Cl,4.238530429764998,tox21
COP(=S)(Oc1cc(Cl)c(Br)cc1Cl)c1ccccc1,5.688522327127439,tox21
COP(N)(=O)SC,3.8449467611224666,tox21
COP(N)(=S)Oc1ccccc1C(=O)OC(C)C,4.938529421142464,tox21
COS(=O)(=O)[O-].Cn1c(-c2ccccc2)cc(-c2ccccc2)[n+]1C,4.138530880775606,tox21
CO[C@@H](C[Hg])CN1C(=O)c2ccccc2S1(=O)=O.Cn1c(=O)c2nc[nH]c2n(C)c1=O,4.387202152451927,ncgc
CO[C@@H]1/C=C\O[C@@]2(C)Oc3c(C)c(O)c4c(c3C2=O)C(=N[C@H]2CC[C@H](O)O[C@@H]2C)C=C(NC(=O)/C(C)=C\C(=O)[C@@H]2C[C@@H]2[C@@H](O)[C@H](C)[C@@H](O)[C@H](C)[C@H](OC(C)=O)[C@@H]1C)C4=O,4.687200030977656,ncgc
CO[C@@H]1C=CO[C@]2(C)Oc3c(C)c(O)c4c(O)c(c(CN5CCN(C)CC5)c(O)c4c3C2=O)NC(=O)/C(C)=C\C=C[C@@H](C)[C@@H](O)[C@H](C)[C@@H](O)[C@H](C)[C@H](OC(C)=O)[C@@H]1C,4.487201289787428,ncgc
CO[C@@H]1CCOC[C@H]1NC(=O)Cc1ccn(-c2ccc(F)cc2)n1,3.3039558120037276,challenge
CO[C@@H]1COC(=O)[C@H](C)NC(=O)C/C=C\[C@@H](C)[C@H](OC)COC(=O)[C@H](C)NC(=O)C/C=C\[C@H]1C,5.487173758361262,ncgc
CO[C@@H]1[C@@H](OC(N)=O)[C@@H](O)[C@H](Oc2ccc3c([O-])c(NC(=O)c4ccc(O)c(CC=C(C)C)c4)c(=O)oc3c2C)OC1(C)C.[Na+],4.5996964603675305,tox21
CO[C@@H]1[C@H](OC(=O)/C=C/C=C/C=C/C=C/C(=O)O)CC[C@]2(CO2)[C@H]1[C@@]1(C)O[C@@H]1CC=C(C)C,3.8385301209917824,tox21
CO[C@@H]1[C@H](OC(=O)NC(=O)CCl)CC[C@]2(CO2)[C@H]1[C@@]1(C)O[C@@H]1CC=C(C)C,4.350739182995383,tox21
CO[C@H](C)[C@H](NC(=O)c1cc2ccccc2cc1NC(=O)Nc1c(C)cc(C)cc1C)C(=O)O,3.83294454448273,pharmabench
CO[C@H]1C=CO[C@@]2(C)Oc3c(C)c(O)c4c(O)c(c(/C=N/N5CCN(C)CC5)c(O)c4c3C2=O)NC(=O)/C(C)=C\C=C/[C@H](C)[C@H](O)[C@@H](C)[C@@H](O)[C@@H](C)[C@H](OC(C)=O)[C@@H]1C,4.13605591142095,tox21
CO[C@H]1C=CO[C@@]2(C)Oc3c(C)c(O)c4c(O)c(c5c(c4c3C2=O)=NC2(CCN(CC(C)C)CC2)N=5)NC(=O)/C(C)=C\C=C/[C@H](C)[C@H](O)[C@@H](C)[C@@H](O)[C@@H](C)[C@H](OC(C)=O)[C@@H]1C,4.147823533214101,tox21
CO[C@H]1C=CO[C@@]2(C)Oc3c(C)c(O)c4c(O)c(cc([O-])c4c3C2=O)NC(=O)/C(C)=C\C=C/[C@H](C)[C@H](O)[C@@H](C)[C@@H](O)[C@@H](C)[C@H](OC(C)=O)[C@@H]1C.[Na+],5.085345959316208,tox21
CO[C@H]1COC(=O)C/C=C\[C@@H](C)COC(=O)[C@H]2CCCN2C(=O)C/C=C\[C@H]1C,4.787200049553703,ncgc
CO[C@H]1COC(=O)C/C=C\[C@H](C)[C@@H](NS(=O)(=O)c2ccc(C)cc2)COC(=O)CCC[C@@H]1C,4.687200030977656,ncgc
CO[C@H]1COC(=O)C/C=C\[C@H](C)[C@@H](OC)COC(=O)[C@@H](C)COC(=O)C/C=C\[C@@H]1C,4.884219346423415,ncgc;veith
CO[C@H]1COC(=O)C/C=C\[C@H](C)[C@@H](OC)COC(=O)[C@H](C)COC(=O)C/C=C\[C@@H]1C,4.487201289787428,ncgc
CO[C@H]1COC(=O)[C@H](C)NC(=O)[C@@H](C)COC(=O)[C@H]2CCCN2C(=O)C/C=C\[C@H]1C,4.387202152451927,ncgc
CO[C@H]1COC[C@H]1NC(=O)c1c(Cl)cccc1OCC1CC1,3.6013890300037277,challenge
CO[C@H]1C[C@@H]2CC[C@@H](C)[C@@](O)(O2)C(=O)C(=O)N2CCCC[C@H]2C(=O)O[C@H]([C@H](C)C[C@@H]2CC[C@@H](O)[C@H](OC)C2)CC(=O)[C@H](C)/C=C(\C)[C@@H](O)[C@@H](OC)C(=O)[C@H](C)C[C@H](C)/C=C/C=C/C=C/1C,5.0370645271386545,pharmabench
CO[C@H]1C[C@H](c2nnc(C)o2)N(C(=O)Cc2c[nH]c3ccc(Cl)cc23)C1,4.464804055003728,challenge
CO[C@H]1OC[C@@]2(C)[C@@H]3C4=C(CN2C(=O)OC(C)(C)C)[C@H](C)[C@H](CO)[C@H](CO)[C@H]4CC[C@H]13,3.987203621488413,ncgc
CO[C@]1(C2=NCCN2)COc2ccccc2O1,3.787202796262461,ncgc
CO[Si](C)(OC)c1ccccc1,4.088530344873387,tox21
CO[Si](CCCCl)(OC)OC,4.0449470620208015,tox21
CO[Si](CCCNc1ccccc1)(OC)OC,3.888530401930029,tox21
CO[Si](OC)(c1ccccc1)c1ccccc1,4.338531273401033,tox21
COc1[nH]c2ccc(F)cc2c1C(=O)OCC1CCN(CCNS(C)(=O)=O)CC1.NS(=O)(=O)O,3.6872033036619767,ncgc
COc1[nH]c2ccc(F)cc2c1C(=O)OCC1CCN(CCNS(C)(=O)=O)CC1.NS(=O)(=O)[O-],3.6872033036619767,ncgc
COc1c(-c2ccccc2)oc2c(ccc3occc32)c1=O,5.287203117605396,ncgc
COc1c(/C=N/Nc2ccc([N+](=O)[O-])cc2[N+](=O)[O-])c(C)nn1-c1ccccc1,3.981239042028786,veith
COc1c(C#N)ccc2[nH]c(-c3cn4c(n3)[C@H](c3cccc(F)c3C)OCC4)cc12,4.567242511160491,pharmabench
COc1c(C(C)(C)C)cc([N+](=O)[O-])c(C)c1[N+](=O)[O-],4.091728413133446,tox21
COc1c(C)c2c(c(O)c1C/C=C(\C)CCC(=O)OCCN1CCOCC1)C(=O)OC2,4.499695145639398,tox21
COc1c(C)ccc(NC(=O)Nc2cnn(CC3CCCO3)c2)c1C,2.598618060003728,challenge
COc1c(Cl)ccc(Cl)c1C(=O)O,3.9885299994982155,tox21
COc1c(F)c(F)c(C(=O)O)c(Nc2ccc(C)cc2)c1F,4.381238666479966,veith
COc1c(F)c(F)c(C(=O)O)c(Nc2ccccc2C)c1F,4.131237783223632,veith
COc1c(NC(C)=O)c2ccccc2c2ccccc12,4.88720077167744,ncgc
COc1c(Nc2ccc(S(C)(=O)=O)nc2C)ncnc1OC1CCN(C(=O)OC(C)C)CC1,4.49924543206538,pharmabench
COc1c(O)cc2oc3cc(O)c(CC=C(C)C)c(O)c3c(=O)c2c1CC=C(C)C,4.587200720463143,ncgc
COc1c2ccoc2cc2oc(=O)ccc12,4.897908127910643,ncgc;tox21
COc1c2ccoc2nc2c(OC)c(OC[C@H](O)C(C)(C)O)ccc12,3.987202165533253,ncgc
COc1c2occc2c(OC)c2c(=O)cc(C)oc12,4.449695384640936,tox21
COc1c2occc2cc2ccc(=O)oc12,4.885347736719372,tox21
COc1cc(-c2cc(-c3ccccc3)nc(SCC(=O)Nc3nccs3)c2C#N)cc(OC)c1OC,4.981239042028786,veith
COc1cc(-c2cc(=O)c3ccccc3o2)ccc1O,4.487201289787428,ncgc
COc1cc(-c2cc(C(F)(F)F)ccc2C)ccc1-n1c(=O)ccc2cc(S(=O)(=O)Nc3ccon3)ccc21,5.107645601424362,pharmabench
COc1cc(-c2cc(F)cc(F)c2)c(Cl)cc1-n1c(=O)ccc2cc(S(=O)(=O)Nc3ccon3)ccc21,5.059340921849807,pharmabench
COc1cc(-c2cc(F)cc(F)c2)c(F)cc1-n1c(=O)ccc2cc(S(=O)(=O)Nc3ccon3)ccc21,4.424280670418919,pharmabench
COc1cc(-c2cc(OC)c(-n3c(=O)ccc4cc(S(=O)(=O)Nc5ncccn5)ccc43)cc2F)ccc1Cl,4.224151170495799,pharmabench
COc1cc(-c2ccc(=O)[nH]n2)ccc1OC(F)F,5.284220827875583,ncgc;veith
COc1cc(-c2ccc(C(F)(F)F)cc2)c(F)cc1-n1c(=O)ccc2cc(S(=O)(=O)Nc3ccon3)ccc21,4.890936491460416,pharmabench
COc1cc(-c2ccc(Cl)c(C)c2)c(F)cc1-n1c(=O)ccc2cc(S(=O)(=O)Nc3ccon3)ccc21,5.224151170495799,pharmabench
COc1cc(-c2ccc(F)c(C)c2)c(F)cc1-n1c(=O)ccc2cc(S(=O)(=O)Nc3ccon3)ccc21,5.059340921849807,pharmabench
COc1cc(-c2ccc(F)c(C)c2)ccc1-n1c(=O)ccc2cc(S(=O)(=O)Nc3ccon3)ccc21,4.976366686785043,pharmabench
COc1cc(-c2ccc(N)c(OC)c2)ccc1N,4.440842556733063,tox21
COc1cc(-c2ccc(N=Nc3ccc4c(S(=O)(=O)[O-])cc(S(=O)(=O)[O-])c(N)c4c3O)c(OC)c2)ccc1N=Nc1ccc2c(S(=O)(=O)[O-])cc(S(=O)(=O)[O-])c(N)c2c1O.[Na+].[Na+].[Na+].[Na+],4.287203117605396,ncgc
COc1cc(-c2cccc(C(F)(F)F)c2)ccc1-n1c(=O)ccc2cc(S(=O)(=O)Nc3ccon3)ccc21,5.015875228068716,pharmabench
COc1cc(-c2cccc(F)c2)c(Cl)cc1-n1c(=O)ccc2cc(S(=O)(=O)Nc3ccon3)ccc21,4.714845232404735,pharmabench
COc1cc(-c2cnc3[nH]cc(C(=O)NC(C)C)c3n2)cc(OC)c1OC,4.133974540146711,pharmabench
COc1cc(-c2nc(NC(=O)c3cc4cc(C)cc(C)c4n3CC(=O)O)sc2CCC2CCCCC2)c(OC)cc1Cl.O=C(O)C(F)(F)F,3.9763000684905263,tox21
COc1cc(-c2nc3ccccn3c2/N=C/c2ccccc2)ccc1O,4.131237783223632,veith
COc1cc(-c2nc3n(n2)CCC[C@H]3c2ccc(F)cc2C)ccc1-n1cnc(C)c1,4.585278091614364,pharmabench
COc1cc(-c2nnc(COC(=O)c3c4c(nc5ccccc35)CCCC4)o2)cc(OC)c1OC,4.981239042028786,veith
COc1cc(-c2nnc(SCC(=O)Nc3ccc4c(c3)OCCO4)o2)cc(OC)c1OC,5.131237783223633,veith
COc1cc(/C=C(/C#N)c2nc3ccccc3[nH]2)ccc1OCC(=O)Nc1ccccc1C,4.7812382168028345,veith
COc1cc(/C=C(/C#N)c2nc3ccccc3[nH]2)ccc1Oc1ncccc1[N+](=O)[O-],4.981239042028786,veith
COc1cc(/C=C(/NC(=O)c2ccccc2)C(=O)Nc2ccccc2)c([N+](=O)[O-])cc1OC,4.031238394064476,veith
COc1cc(/C=C(\C#N)C(=O)c2ccc(O)c(O)c2)cc(I)c1O,5.5842153979372355,ncgc;veith
COc1cc(/C=C/C(=O)/C=C(O)/C=C/c2ccc(O)c(OC)c2)ccc1O,4.7046260672230495,pharmabench
COc1cc(/C=C/C(=O)O)cc(S(=O)(=O)NCCCO)c1OC,4.28123853814577,veith
COc1cc(/C=C2/C(=N)N3C=CSC3=NC2=O)ccc1OCCCOc1c(C)cccc1C,4.981239042028786,veith
COc1cc(/C=C2/C(=N)N3C=CSC3=NC2=O)ccc1OCCCOc1ccccc1C,5.431238405874674,veith
COc1cc(/C=C2\CCCN3C2=NO[C@H](c2cc(F)cc(F)c2)[C@@H]3C)ccc1-n1cnc(C)c1,3.8195805829247482,pharmabench
COc1cc(/C=C2\SC(=S)N(Nc3ccccc3)C2=O)cc(OC)c1OC,4.4812387752551235,veith
COc1cc(/C=C\C(=O)CC(=O)/C=C\c2ccc(O)c(OC)c2)ccc1O,5.187211884060712,ncgc
COc1cc(/C=N/NC(=O)c2cccc([N+](=O)[O-])c2)ccc1OCc1ccc(C)cc1,5.081239412948973,veith
COc1cc(/C=N/NC(=O)c2cccs2)ccc1OCc1ccccc1,4.931238759019225,veith
COc1cc(/C=N/NC(=O)c2ccncc2)ccc1OC(=O)c1ccc([N+](=O)[O-])cc1,4.731239014571102,veith
COc1cc(/C=N/NC(=O)c2cncc(Br)c2)ccc1OC(=O)c1ccc2c(c1)OCO2,4.831238989834795,veith
COc1cc(/C=N/NC(N)=O)c(Br)cc1OCC(=O)Nc1ccccc1C,4.7812382168028345,veith
COc1cc(/C=N/Nc2snc(SC)c2C#N)cc(OC)c1OC,4.631238141608918,veith
COc1cc(/C=N\Nc2ccc([N+](=O)[O-])cc2)ccc1OCC(=O)Nc1ccc(C)c(C)c1,4.7812382168028345,veith
COc1cc(/C=N\Nc2nc3ccccc3[nH]2)cc(OC)c1OC,4.081239412948973,veith
COc1cc(Br)c(C(C)NC(=O)c2cccc(Br)c2)cc1OC,4.831238989834795,veith
COc1cc(Br)cc(/C=N/NC(=O)C(C)n2cc([N+](=O)[O-])c(OC)n2)c1O,4.381238666479966,veith
COc1cc(Br)ccc1NC(=O)C(C)c1cn(C)c2ccccc12,5.6204137370037275,challenge
COc1cc(C(=O)N2CCCC3(CCCc4ccccc43)C2)ncn1,4.724873365003727,challenge
COc1cc(C(=O)NC(=S)Nc2cccc(-c3cc4ccccc4oc3=O)c2)cc(OC)c1OC,4.731239014571102,veith
COc1cc(C(=O)NC2CCCNC2)cc(OC)c1OC,4.399695684644625,tox21
COc1cc(C(=O)NC2CCN(C)CC2)ccc1Nc1ncc2c(n1)N(C1CCCC1)CC(F)(F)C(=O)N2C,4.276361947126778,tox21
COc1cc(C(=O)NCCN2CCc3sccc3C2)ccc1C,4.692787228003728,challenge
COc1cc(C(=O)Nc2cc(C(F)(F)F)ccc2Cl)cc(OC)c1OC,4.331238507999185,veith
COc1cc(C(=O)Nc2cc(Cl)cc(C(=O)O)c2)cc(OC)c1C,4.686238868003728,challenge
COc1cc(C(=O)OC(C)C(=O)Nc2ccc3c(c2)OCO3)ccc1OCc1c(C)noc1C,4.231237939860009,veith
COc1cc(C(=O)OC(COCCC(C)C)CN2CCOCC2)cc(OC)c1OC,5.149692953199974,tox21
COc1cc(C(=O)OCCCN2CCCN(CCCOC(=O)c3cc(OC)c(OC)c(OC)c3)CC2)cc(OC)c1OC,4.643447153192718,ncgc;tox21
COc1cc(C(=O)OCCC[NH+]2CCC[NH+](CCCOC(=O)c3cc(OC)c(OC)c(OC)c3)CC2)cc(OC)c1OC,4.184219245074232,ncgc;veith
COc1cc(C(=O)O[C@@H]2CC(C)=CC[C@@]3(C)CC[C@](O)(C(C)C)[C@H]23)ccc1O,4.087203992408599,ncgc
COc1cc(C(=O)Oc2ccccc2/C=N/NC(=O)c2ccc(C)cc2)cc(OC)c1OC,5.7812382168028345,veith
COc1cc(C(C)(C)C)c(O)c(C(C)(C)C)c1,4.338531273401033,tox21
COc1cc(C(C)=O)ccc1OCCCN1CCC(c2noc3cc(F)ccc23)CC1,4.573013837003728,challenge
COc1cc(C(F)(F)F)ccc1N1CCOc2cc(S(=O)(=O)Nc3nccs3)ccc21,5.940154514130598,pharmabench
COc1cc(C)c(/C=C/C(C)=C/C=C/C(C)=C/C(=O)O)c(C)c1C,4.918141108003728,challenge
COc1cc(C)ccc1NC(=O)c1cccc(-c2ncn[nH]2)c1,4.801253305003728,challenge
COc1cc(C)ccc1OCCCOc1ccccc1Cl,4.181236955344418,veith
COc1cc(C)ccc1OCCOc1cc(C)ccc1Cl,5.381238666479966,veith
COc1cc(C)ccc1Oc1ccc(NC(=O)NC23CC2COC3(C)C)cn1,3.679634403003728,challenge
COc1cc(C2=NC(c3ccc(Cl)cc3F)C(C(=O)Nc3cc4cn[nH]c4cc3F)=C(C)N2)ccn1,4.413815236740754,pharmabench
COc1cc(C2C(=O)N(C3CCCC3)CC(=O)N2Cc2ccco2)ccc1OC(C)C,4.28123853814577,veith
COc1cc(C2C(C#N)=C(N)N(Nc3ccccc3)C3=C2C(=O)CC(C)(C)C3)ccc1OCc1cccc(F)c1,4.68123872420235,veith
COc1cc(C2C(C#N)=C(N)Oc3c2ccc2ccccc32)ccc1OCC(=O)Nc1ccccc1C,5.081239412948973,veith
COc1cc(C2C(C#N)=C(N)Oc3cc(O)ccc32)cc(OC)c1OC,4.731239014571102,veith
COc1cc(C2C(C(=O)OCCC#N)=C(C)NC3=C2S(=O)(=O)c2ccccc23)cc(OC)c1OC,4.431238405874674,veith
COc1cc(C2C(C(=O)c3ccc(C)o3)=C(O)C(=O)N2CCc2ccccc2)ccc1O,4.431238405874674,veith
COc1cc(C=C(C#N)C#N)cc(O)c1O,4.884219346423415,ncgc;veith
COc1cc(C=CC(=O)CC(=O)C=Cc2ccc(O)c(OC)c2)ccc1O,5.644330747003727,challenge
COc1cc(C=O)ccc1OC(=O)C(C)C,4.138530880775606,tox21
COc1cc(C=O)ccc1OCCOCCOc1ccccc1Cl,4.181236955344418,veith
COc1cc(CNC(=O)CCCC/C=C/C(C)C)ccc1O,4.799992648111262,tox21
COc1cc(CNC(=O)CCCC/C=C\C(C)C)ccc1O,5.084220699121374,ncgc;veith
COc1cc(CNC(=O)CCCCCCC(C)C)ccc1O,4.734219932905404,ncgc;veith
COc1cc(CSc2nc3ccc(OC)cc3[nH]2)cc(OC)c1,4.972606537911736,pharmabench
COc1cc(C[C@H]2C(=O)OC[C@@H]2Cc2ccc(OC)c(OC)c2)ccc1O,4.084221702678786,ncgc;veith
COc1cc(Cl)c(C)cc1NC(=O)CNC(=O)Cn1cnc2ccccc2c1=O,4.28123853814577,veith
COc1cc(Cl)c(OC)cc1Cl,4.088530344873387,tox21
COc1cc(Cl)c(OC)cc1N,4.088530344873387,tox21
COc1cc(Cl)ccc1C(=O)N1CCC(c2c[nH]c3ncccc23)CC1,5.293121875003727,challenge
COc1cc(Cl)ccc1Oc1ccc(Cl)cc1Cl,4.6007156568270275,tox21
COc1cc(F)c(C(=O)Nc2cc(C)n(C3CCCCC3)n2)c(F)c1,4.6073924170037275,challenge
COc1cc(F)c(C(C)NC(=O)c2ccccc2OC(F)(F)F)cc1OC,4.766145335003728,challenge
COc1cc(N)[nH]c2nc(-c3ccc(F)cc3)c(-c3ccncc3)c1-2,5.338094522802636,pharmabench
COc1cc(N)c(Cl)cc1C(=O)CCC1CCN(CCNS(C)(=O)=O)CC1,5.884210701854814,ncgc;veith
COc1cc(N)c(Cl)cc1C(=O)NC1CCN(Cc2ccccc2)CC1,4.387202152451927,ncgc
COc1cc(N)c(Cl)cc1C(=O)N[C@@H]1CN2CCC1CC2,4.184219245074232,ncgc;veith
COc1cc(N)c(Cl)cc1C(=O)N[C@H]1CCN(CCCOc2ccc(F)cc2)C[C@@H]1OC,5.284220827875583,ncgc;veith
COc1cc(N)c(Cl)cc1C(=O)N[C@H]1CCN(CCCOc2ccc(F)cc2)C[C@H]1OC,4.787200049553703,ncgc
COc1cc(N)ccc1C,4.842799872043697,tox21
COc1cc(N2C(=O)N(c3ccc(-c4ccc(C#N)cc4)cc3)C(=O)C23CCN(Cc2ncccc2C)CC3)ncn1,4.338094522802636,pharmabench
COc1cc(N2C(=O)N(c3ccc(-c4ccc5nc[nH]c5c4)cc3)C(=O)C23CCN(Cc2ncccc2C)CC3)ncn1,3.8609732680829736,pharmabench
COc1cc(N2Cc3cn(-c4cccc(S(C)(=O)=O)c4)nc3[C@H]2C(C)C)ccn1,4.5879719960192356,pharmabench
COc1cc(N2Cc3cn(-c4cccc(S(C)(=O)=O)c4)nc3[C@H]2C(C)C)nc(C)n1,4.517499026258146,pharmabench
COc1cc(N=Nc2cccc(S(N)(=O)=O)c2)c2ccccc2c1N,4.784219133178269,ncgc;veith
COc1cc(N=c2ssnc2Cl)cc(OC)c1OC,4.4812387752551235,veith
COc1cc(NC(=O)CC(C)=O)c(OC)cc1Cl,4.037469467959028,tox21
COc1cc(NC(=O)CN2CCN(c3cnn(C)c3)CC2)c(OC)cc1Cl,4.412506458003728,challenge
COc1cc(NC(=O)COC(=O)c2nc3nc(C)cc(C)n3n2)cc(OC)c1,3.8312389898347954,veith
COc1cc(NC(=O)Cc2c(C(=O)O)[nH]c3ccccc23)cc(OC)c1OC,4.181236955344418,veith
COc1cc(NC(=O)N[C@H]2c3ccccc3OC[C@H]2CO)n(C)n1,3.296598073003728,challenge
COc1cc(NC(=O)c2cc(Cl)ccc2Cl)ccc1-c1cc2ccccc2oc1=O,4.631238141608918,veith
COc1cc(NC(=O)c2cc3nc(-c4ccccc4)cc(-c4ccccc4)n3n2)cc(OC)c1OC,4.931238759019225,veith
COc1cc(NC(=O)c2ccccc2)c(OC)cc1NC(=O)CN1CCN(c2ccccn2)CC1,4.7812382168028345,veith
COc1cc(NC(=O)c2nc3cnccc3s2)cc(OC)c1,4.691422000003728,challenge
COc1cc(NC(=S)Nc2ccc(S(=O)(=O)N3CCOCC3)cc2)cc(OC)c1OC,4.081239412948973,veith
COc1cc(NC(C(=O)c2c[nH]c3ccccc23)c2ccccc2)cc(OC)c1,4.736034531474673,pharmabench
COc1cc(NC(C(=O)c2c[nH]c3ccccc23)c2ccccc2)cc(OCCO)c1,4.846732828968363,pharmabench
COc1cc(NC(C)CCCN)c2ncccc2c1.O=P(O)(O)O.O=P(O)(O)O,4.149695764085624,tox21
COc1cc(NC2CCCN(c3ncnc4c3nnn4C)C2)cc(OC)c1,4.845308820003727,challenge
COc1cc(NC2CCN(c3cc(O)ncn3)CC2)cc(OC)c1,3.902483403003728,challenge
COc1cc(NCc2ccc3nc(N)nc(N)c3c2C)cc(OC)c1OC.Cl.Cl.Cl,4.449695384640936,tox21
COc1cc(NS(C)(=O)=O)ccc1Nc1c2ccccc2nc2ccccc12,4.187201534804045,ncgc
COc1cc(Nc2nc(-c3ccccc3)c3cc(C)ccc3n2)cc(OC)c1OC,4.331238507999185,veith
COc1cc(O)c(C(=O)/C=C/c2ccccc2)c(O)c1,4.9871949150515835,ncgc
COc1cc(O)c(C(=O)/C=C\c2ccc3c(c2)OCO3)c(OC)c1,4.984216978540185,ncgc;veith
COc1cc(O)c2c(=O)cc(-c3ccccc3)oc2c1,4.88720077167744,ncgc
COc1cc(O)c2c(O)c3c(c4c2c1[C@@]1(C4)C(C)=CCCC1(C)C)[C@H](O)[C@@]1(O)CC(=O)C(C(N)=O)=C(O)[C@]1(O)C3=O,4.784219133178269,ncgc;veith
COc1cc(O)oc1C=Nc1ccc(C(F)(F)F)cc1,4.031238394064476,veith
COc1cc(O)oc1C=Nc1ccc(Cl)cc1,3.931238759019225,veith
COc1cc(OC)c(/C=C2/C(=O)Nc3ccccc32)c(OC)c1,3.8842202108992034,ncgc;veith
COc1cc(OC)c(Cl)c(NC(=O)N(C)c2cc(Nc3cccc(N4CCN(C)CC4)c3)ncn2)c1Cl,5.107645601424362,pharmabench
COc1cc(OC)c(NC(=S)Nc2cccc(C(C)=O)c2)cc1Cl,4.581238740591187,veith
COc1cc(OC)c(OC)cc1C=O,4.101806111643043,tox21
COc1cc(OC)cc(C(=O)NC(=S)NCCc2ccccc2)c1,4.831238989834795,veith
COc1cc(OC)cc(C(=O)Nn2cc(C(=O)N3CCN(C)CC3)c3ccccc3c2=O)c1,4.231237939860009,veith
COc1cc(OC)cc(N2CCC(NC(=O)c3cccc(C(N)=O)c3)C2)c1,5.014080273003728,challenge
COc1cc(OC)cc([C@H](CNc2ncnc3c2ncn3[C@@H]2O[C@@H](CO)[C@H](O)[C@@H]2O)c2ccccc2C)c1,7.088546030650973,ncgc
COc1cc(OC)nc(NC(=O)NS(=O)(=O)Nc2ccccc2C(=O)N(C)C)n1,4.238530429764998,tox21
COc1cc(OC)nc(NC(=O)[N-]S(=O)(=O)c2ncccc2OCC(F)(F)F)n1.[Na+],3.9109725197690803,tox21
COc1cc(OC)nc(O[C@H](C(=O)O)C(OC)(c2ccccc2)c2ccccc2)n1,4.199695243524282,tox21
COc1cc(OC)nc(Oc2ccccc2C(=O)Oc2ccc(C)cc2)n1,4.181236955344418,veith
COc1cc(OC)nc(Oc2ccccc2C(=O)Oc2ccc(Cl)cc2)n1,4.181236955344418,veith
COc1cc(S(=O)(=O)Nc2ccccc2)c(OC)cc1N,4.088530344873387,tox21
COc1cc([C@@H]2Oc3cc([C@H]4Oc5cc(O)cc(O)c5C(=O)[C@H]4O)ccc3O[C@H]2CO)ccc1O,4.88720077167744,ncgc
COc1cc([C@@H]2c3cc4c(cc3[C@@H](O[C@@H]3O[C@@H]5CO[C@@H](C)O[C@H]5[C@H](O)[C@H]3O)[C@H]3COC(=O)[C@H]23)OCO4)cc(OC)c1O,4.062066601263933,challenge;tox21
COc1cc([C@@H]2c3cc4c(cc3[C@@H](O[C@@H]3O[C@H]5CO[C@@H](C)O[C@@H]5[C@@H](O)[C@H]3O)[C@@H]3COC(=O)[C@@H]23)OCO4)cc(OC)c1O,4.884219346423415,ncgc;veith
COc1cc([C@@H]2c3cc4c(cc3[C@H](O)[C@H]3COC(=O)[C@H]23)OCO4)cc(OC)c1OC,5.238578513655237,challenge;pharmabench;tox21
COc1cc([C@H]2CCN(CCO)C[C@@H]2O)ccc1Nc1ncc2ccc(-c3ccccc3OC)n2n1,4.059340921849807,pharmabench
COc1cc([C@H]2Oc3cc([C@H]4Oc5cc(O)cc(O)c5C(=O)[C@@H]4O)ccc3O[C@@H]2CO)ccc1O,4.694645943427536,tox21
COc1cc([C@H]2c3cc4c(cc3[C@@H](O)[C@@H]3COC(=O)[C@H]23)OCO4)cc(OC)c1OC,4.834222226111921,ncgc;veith
COc1cc([N+](=O)[O-])ccc1NC(=O)CCCOc1cccc(C)c1,4.381238666479966,veith
COc1cc2c(C(=O)NCc3ccc(C)o3)cn(CC(C)C)c(=O)c2cc1OC,4.28123853814577,veith
COc1cc2c(CCNC(C)=O)c[nH]c2cc1Cl,4.209220953846337,ncgc;veith
COc1cc2c(NC3CCCCC3)c(C(N)=O)cnc2cc1-c1c(C)noc1C,4.7046260672230495,pharmabench
COc1cc2c(Nc3cccc4cccnc34)c(C(N)=O)cnc2cc1-c1c(C)noc1C,4.890936491460416,pharmabench
COc1cc2c(Nc3ccccc3C(=O)N3CCCCC3)c(C(N)=O)cnc2cc1-c1c(C)noc1C,4.408675597088343,pharmabench
COc1cc2c(Nc3ccccc3C(C)(C)C)c(C(N)=O)cnc2cc1-c1c(C)noc1C,5.258913276755011,pharmabench
COc1cc2c(Nc3ccccc3F)c(C(N)=O)cnc2cc1-c1c(C)noc1C,5.559943272418992,pharmabench
COc1cc2c(c(OC)c1OC)-c1ccc(O)c(=O)cc1[C@@H](NC(C)=O)CC2,4.087203992408599,ncgc
COc1cc2c(c(OC)c1OC)-c1ccc(OC)c(=O)cc1[C@@H](NC(C)=O)CC2,4.553984126040853,ncgc;tox21;veith
COc1cc2c(c(OC)c1OC)-c1ccc(OC)c(=O)cc1[C@H](NC(C)=O)CC2,3.6872033036619767,ncgc
COc1cc2c(cc1-c1c(C)noc1C)ncc1[nH]c(=O)n(-c3ccccc3C(C)(C)C)c12,5.3838520133633105,pharmabench
COc1cc2c(cc1-c1c(C)noc1C)ncc1[nH]c(=O)n(Cc3ccccc3)c12,5.258913276755011,pharmabench
COc1cc2c(cc1-c1c(C)noc1C)ncc1[nH]c(=O)n(Cc3ccccn3)c12,4.346868447110141,pharmabench
COc1cc2c(cc1-c1c(C)noc1C)ncc1[nH]c(=O)n([C@H](C)c3ccccc3)c12,5.281122846649217,pharmabench
COc1cc2c(cc1-c1c(C)noc1C)ncc1[nH]c(=O)n([C@H](C)c3ccccn3)c12,4.342459328205086,pharmabench
COc1cc2c(cc1C(F)(F)F)N(C(=O)Nc1cc(F)cc(-c3cccnc3)c1)CC2,5.109224751405334,ncgc;veith
COc1cc2c(cc1NC(=O)Nc1ccccc1)oc1ccccc12,5.031238394064476,veith
COc1cc2c(cc1NC(=O)c1cc(-c3cccnc3)nc3ccc(C)cc13)oc1ccccc12,4.88123792116939,veith
COc1cc2c(cc1Nc1ncc(Cl)c(Nc3ccc(N4CCOCC4)cc3OC)n1)CCN(CC(=O)N(C)C)CC2,5.082822017699329,pharmabench
COc1cc2c(cc1O)-c1c(O)c(OC)cc3c1[C@H](C2)N(C)CC3,3.787202796262461,ncgc
COc1cc2c(cc1O)C[C@H]1c3c(cc(O)c(OC)c3-2)CCN1C,3.787202796262461,ncgc
COc1cc2c(cc1O)C[C@H]1c3c(cc(OC)c(O)c3-2)CCN1C,3.8872025006290167,ncgc
COc1cc2c(cc1OC)-c1c(OC)c(OC)cc3ccnc(c13)C2=O,3.6872033036619767,ncgc
COc1cc2c(cc1OC)-c1cc(=Nc3c(C)cc(C)cc3C)n(C)c(=O)n1CC2,5.184224419702565,ncgc;veith
COc1cc2c(cc1OC)-c1cc(=Nc3c(C)cc(C)cc3C)n(C)c(=O)n1CC2.Cl,5.549689764547262,tox21
COc1cc2c(cc1OC)C(C(=O)N1CCN(c3ccccn3)CC1)C(c1cccs1)N(C)C2=O,4.031238394064476,veith
COc1cc2c(cc1OC)C(C(=O)Nc1ccccn1)C(c1cccnc1)N(C)C2=O,4.231237939860009,veith
COc1cc2c(cc1OC)C(C(C(=O)N(CCc1ccc(OC)c(OC)c1OC)CCc1ccc(OC)c(OC)c1OC)c1ccccc1)=NCC2.Cl,4.5496968251554915,tox21
COc1cc2c(cc1OC)C(c1ccc(N)cc1)=NNC(=O)C2,3.6872033036619767,ncgc
COc1cc2c(cc1OC)C1Cc3c(cnc4c(-c5ccc(F)cc5)cnn34)C(=O)N1CC2,4.28123853814577,veith
COc1cc2c(cc1OC)C1Cc3c(cnc4c(-c5ccsc5)cnn34)C(=O)N1CC2,4.831238989834795,veith
COc1cc2c(cc1OC)CN(C(=S)Nc1ccccc1)CC2,4.631238141608918,veith
COc1cc2c(cc1OC)[C@@H]1CC(=O)[C@@H](CC(C)C)CN1CC2,4.499695145639398,tox21
COc1cc2c3c(c1OC)C1(C=CC(=O)C=C1)CC3N(C(=O)c1ccccc1)CC2,4.7812382168028345,veith
COc1cc2cc(CN(CCCO)S(=O)(=O)c3ccccc3Cl)c(=O)[nH]c2cc1OC,4.431238405874674,veith
COc1cc2cc3c4c(cc(OC)c(OC)c4c2cc1OC)CCN3C,5.387218555056005,ncgc
COc1cc2ccc(=O)oc2c(O)c1O,3.8872025006290167,ncgc
COc1cc2ccc(=O)oc2c(O)c1OCC=C(C)C,3.787202796262461,ncgc
COc1cc2ccccc2cc1C(=O)Nc1ccc(S(=O)(=O)Nc2cc(C)on2)cc1,4.181236955344418,veith
COc1cc2nc(N3CCN(C(=O)C4CCCO4)CC3)nc(N)c2cc1OC,2.252633272003728,challenge
COc1cc2nc(N3CCN(C(=O)C4COc5ccccc5O4)CC3)nc(N)c2cc1OC,4.441327037003727,challenge
COc1cc2nc(N3CCN(C(=O)c4ccco4)CC3)nc(N)c2cc1OC,3.6534475106330944,challenge;ncgc
COc1cc2nc(SCc3ccc(Cl)cc3Cl)n(Cc3cccs3)c(=N)c2cc1OC,4.88123792116939,veith
COc1cc2nc3c(c([Si](C)(C)C(C)(C)C)c2cc1OC)Cn1c-3cccc1=O,4.084221702678786,ncgc;veith
COc1cc2ncnc(Nc3cccc(Br)c3)c2cc1OC,5.684224832111824,ncgc;veith
COc1cc2ncnc(Nc3cccc(Cl)c3)c2cc1OC,4.410931578858854,tox21
COc1cc2oc(-c3ccccc3)cc(=O)c2cc1OC,5.287203117605396,ncgc
COc1ccc(-c2[nH]c3ccccc3c2CCC(=O)NS(=O)(=O)c2cccs2)cc1,5.427060870003728,challenge
COc1ccc(-c2c(C(C)=O)c(C)nc3sc4c(c23)NC(c2ccccc2)NC4=O)cc1,5.531238789289352,veith
COc1ccc(-c2c(C)nn(Cc3ccccc3)c2N)cc1,4.68123872420235,veith
COc1ccc(-c2cc(=O)c3c(O)cc(O)cc3o2)cc1,5.184224419702565,ncgc;veith
COc1ccc(-c2cc(=O)c3ccc(O)cc3o2)cc1,4.687200030977656,ncgc
COc1ccc(-c2cc(=O)oc3cc4occ(C)c4cc23)cc1,5.131237783223633,veith
COc1ccc(-c2cc(C(=O)Nc3nc4c(C)cccc4s3)c3ccccc3n2)cc1OC,4.88123792116939,veith
COc1ccc(-c2cc(C(F)(F)F)n3nc(C(=O)N4CCCCC4)cc3n2)cc1,3.88123792116939,veith
COc1ccc(-c2cc(C(F)(F)F)n3nc(C(=O)NCc4ccco4)c(Cl)c3n2)cc1,5.68123872420235,veith
COc1ccc(-c2cc(C(F)(F)F)n3ncc(C(=O)NCC4CCCO4)c3n2)cc1OC,4.381238666479966,veith
COc1ccc(-c2cc(C(F)(F)F)nc(N3CCCCC3)n2)cc1OC,4.28123853814577,veith
COc1ccc(-c2cc(C(F)(F)F)nc(N3CCOCC3)n2)cc1OC,4.68123872420235,veith
COc1ccc(-c2cc(C(F)(F)F)nc(NC3CCCC3)n2)cc1OC,4.381238666479966,veith
COc1ccc(-c2cc(C(F)(F)F)nc(NCc3cccnc3)n2)cc1,4.531238789289352,veith
COc1ccc(-c2cc(C(F)(F)F)nc(SCc3cccc(C(=O)O)c3)n2)cc1,4.381238666479966,veith
COc1ccc(-c2cc(C(F)F)nc(-n3nc(C)cc3C)n2)cc1,3.8312389898347954,veith
COc1ccc(-c2cc(C(F)F)nn2-c2ccc(S(N)(=O)=O)cc2)cc1F,4.649695361961072,tox21
COc1ccc(-c2cc(C)c3nc(-c4c(N[C@H](CO)Cc5ccccc5)cc[nH]c4=O)[nH]c3c2)cc1,4.29670183764441,pharmabench
COc1ccc(-c2cc(C3CCN(c4cc(Cl)nc(N)n4)CC3)[nH]n2)cc1,4.131237783223632,veith
COc1ccc(-c2cc(C3CCN(c4ccc(C(C)=O)cc4[N+](=O)[O-])CC3)[nH]n2)cc1,4.381238666479966,veith
COc1ccc(-c2cc(CCCC(=O)NCCc3ccc(OC)cc3OC)no2)cc1,5.531238789289352,veith
COc1ccc(-c2cc3ncnc(N[C@H]4CCOC4)c3s2)cc1,5.3287549420037275,challenge
COc1ccc(-c2ccc(/C=C3\C(=O)N(c4ccccc4)N=C3c3ccccc3)o2)c([N+](=O)[O-])c1,4.88123792116939,veith
COc1ccc(-c2ccc(=N)n(CCCC(=O)O)n2)cc1,4.784219133178269,ncgc;veith
COc1ccc(-c2ccc(=O)n(CC(=O)Nc3nnc(C(C)C)s3)n2)cc1OC,4.131237783223632,veith
COc1ccc(-c2ccc(C(=S)N3CCN(C(C)=O)CC3)o2)cc1,4.68123872420235,veith
COc1ccc(-c2ccc(Cn3c(CC(C)(C)C(=O)O)c(SC(C)(C)C)c4cc(OCc5ccccn5)ccc43)cc2)nn1,6.908342242800228,pharmabench
COc1ccc(-c2ccc([C@H](C)N3CC[C@](CC(C)(C)O)(c4ccccc4)OC3=O)cc2)cn1,4.435004535810692,pharmabench
COc1ccc(-c2ccc3c(n2)CCCN3C[C@H](O)CN2CCCc3nc(-c4ccc(Br)cc4)ccc32)cc1,4.737200040265679,ncgc
COc1ccc(-c2ccc3c(n2)CCCN3C[C@H](O)CN2CCCc3nc(C)c(C)cc32)cc1,4.6842193775900025,ncgc;veith
COc1ccc(-c2ccccc2)cc1NNC(=O)OC(C)C,5.220536179493015,tox21
COc1ccc(-c2ccccc2C2NC(C(=O)O)CCC2C)cc1,4.787200049553703,ncgc
COc1ccc(-c2cn3c(C)c(C(=O)NCCN4CCOCC4)sc3n2)cc1,4.381238666479966,veith
COc1ccc(-c2cnnc(CCCn3ccnc3-c3ccccc3)n2)cc1,7.186832572487833,ncgc
COc1ccc(-c2cnnn2-c2ccc(NC(=O)c3ccco3)cc2)cc1OC,4.931238759019225,veith
COc1ccc(-c2coc3cc(O)cc(O)c3c2=O)cc1,6.887529396124358,ncgc
COc1ccc(-c2coc3cc(O)ccc3c2=O)cc1,7.287203117605396,ncgc
COc1ccc(-c2coc3cc(OC)cc(O)c3c2=O)cc1,4.831238989834795,veith
COc1ccc(-c2coc3cc4oc(=O)cc(C)c4cc23)cc1F,4.581238740591187,veith
COc1ccc(-c2coc3ccc(O[C@@H]4O[C@@H](COC(C)=O)[C@@H](OC(C)=O)[C@@H](OC(C)=O)[C@H]4OC(C)=O)cc3c2=O)cc1,3.987203621488413,ncgc
COc1ccc(-c2csc(-n3ncc(-c4cccs4)c3N)n2)cc1,6.581238740591187,veith
COc1ccc(-c2csc(N3C(=N)SCC3=O)n2)cc1,4.731239014571102,veith
COc1ccc(-c2csc(NC(=O)CCn3cnc4ccccc4c3=O)n2)cc1OC,5.28123853814577,veith
COc1ccc(-c2csc3c2[N+]2=CCC=C2C3=O)cc1,4.487201289787428,ncgc
COc1ccc(-c2n[nH]c(C)c2-c2ccc(Cl)cc2)c(O)c1,4.28123853814577,veith
COc1ccc(-c2n[nH]cc2C(=O)NCCNC(=O)c2ccc(F)cc2)cc1,4.573711272003727,challenge
COc1ccc(-c2n[nH]cc2CN2CCOC3(CCC3)C2)cc1,4.353083567003727,challenge
COc1ccc(-c2nc(-c3cccc(C(N)=O)c3)no2)c(F)c1,6.040967780003728,challenge
COc1ccc(-c2nc(-c3cccc(C)c3)nc(N3CCN(C)CC3)c2C#N)cc1,4.381238666479966,veith
COc1ccc(-c2nc(-c3ccccc3)c(-c3cc([N+](=O)[O-])ccc3C)[nH]2)cc1O,4.28123853814577,veith
COc1ccc(-c2nc(C(=O)N3CCN(C)CC3)sc2-c2ccc(OC)cc2)cc1,3.987203621488413,ncgc
COc1ccc(-c2nc(COc3cccc(CN(CC(=O)O)C(=O)Oc4ccc(C)cc4)c3)c(C)o2)cc1,4.890936491460416,pharmabench
COc1ccc(-c2nc(CS(=O)(=O)CC(=O)NCCc3cc(OC)ccc3OC)c(C)o2)cc1,4.831238989834795,veith
COc1ccc(-c2nc3ccccc3[nH]2)cc1NC(=O)c1ccc(-c2ncn(C)n2)cc1,4.092530700003728,challenge
COc1ccc(-c2nc3cnc(N4CCN(C)CC4)nc3n(-c3ccc(OC)cc3)c2=O)cc1,3.6872033036619767,ncgc
COc1ccc(-c2nc3cnc(N4CCNCC4)nc3n(C3CC3)c2=O)cc1,4.3842204094659465,ncgc;veith
COc1ccc(-c2nc3cnc(N4CCNCC4)nc3n(CCc3ccccc3)c2=O)cc1,4.6842193775900025,ncgc;veith
COc1ccc(-c2nc3cnc(N4CCNCC4)nc3n(Cc3ccc(F)cc3)c2=O)cc1,6.187177387497534,ncgc
COc1ccc(-c2nc3cnc(N4CCNCC4)nc3n(Cc3cccc(OC)c3)c2=O)cc1,3.8842202108992034,ncgc;veith
COc1ccc(-c2nc3cnc(N4CCNCC4)nc3n(Cc3cccs3)c2=O)cc1,3.6872033036619767,ncgc
COc1ccc(-c2nc3cnc(N4CCOCC4)nc3n(C[C@H]3CCCO3)c2=O)cc1,4.587200720463143,ncgc
COc1ccc(-c2nc3cnc(Nc4ccccc4)nc3n(Cc3cccs3)c2=O)cc1,4.184219245074232,ncgc;veith
COc1ccc(-c2nc3cnc(OC)nc3n(CCc3ccccc3)c2=O)cc1,4.484220032521275,ncgc;veith
COc1ccc(-c2nc3cnc(OC)nc3n(Cc3cccc(OC)c3)c2=O)cc1,4.787200049553703,ncgc
COc1ccc(-c2nc3cnc(OC)nc3n(Cc3cccs3)c2=O)cc1,4.584219730527165,ncgc;veith
COc1ccc(-c2nc3cnc(Oc4cccc(Cl)c4)nc3n(C3CC3)c2=O)cc1,5.5842153979372355,ncgc;veith
COc1ccc(-c2nc3cnc(Oc4cccc(Cl)c4)nc3n(C[C@H]3CCCO3)c2=O)cc1,4.584219730527165,ncgc;veith
COc1ccc(-c2nc3cnc(Oc4ccccc4)nc3n(C3CC3)c2=O)cc1,4.784219133178269,ncgc;veith
COc1ccc(-c2nc3cnc(Oc4ccccc4)nc3n(Cc3cccs3)c2=O)cc1,5.184224419702565,ncgc;veith
COc1ccc(-c2nn(-c3ccccc3)cc2/C=N/NC(=O)c2ccc(Br)o2)cc1,4.831238989834795,veith
COc1ccc(-c2nn(-c3ccccc3)cc2/C=N/NC(=O)c2ccc3c(c2)OCO3)cc1,4.7812382168028345,veith
COc1ccc(-c2nnc3n2N=C(C)CS3)cc1,3.981239042028786,veith
COc1ccc(-c2nnn(CC(=O)NCCc3c[nH]c4ccccc34)n2)cc1OC,4.631238141608918,veith
COc1ccc(-c2noc(C3CCCN(C(=O)c4ccccc4OC)C3)n2)cc1OC,4.231237939860009,veith
COc1ccc(-c2noc(CCC(=O)N3CCC(c4c[nH]cn4)CC3)n2)cc1,7.384353628003728,challenge
COc1ccc(-c2noc(CCC(=O)N3CCOCC3c3nc(C)no3)n2)cc1,4.625827430003728,challenge
COc1ccc(-c2noc(N(C)CC(=O)Nc3cccc(C(F)(F)F)c3)n2)cc1,4.581238740591187,veith
COc1ccc(-c2nsc3c(N4CCCCC4)ncnc23)cc1,4.581238740591187,veith
COc1ccc(-c2oc3cc(OC)c(OC(C)=O)c(OC)c3c(=O)c2OC)cc1OC(C)=O,3.787202796262461,ncgc
COc1ccc(-c2oc3ccccc3c(=O)c2OC(=O)c2ccc(C)cc2)cc1,5.181236955344418,veith
COc1ccc(-c2sc(/N=C/c3ccc(-c4ccccc4)cc3)c(C#N)c2C)cc1OC,5.191966487124398,pharmabench
COc1ccc(-c2sc(/N=C/c3ccc(N(C)CCC#N)cc3)c(C#N)c2C)cc1OC,5.258913276755011,pharmabench
COc1ccc(-n2c(=O)[nH]cc(C(=O)Nc3ccc4c(c3)OCCO4)c2=O)cc1,4.431238405874674,veith
COc1ccc(-n2c(=O)c(-c3cc(F)cc(F)c3)nc3cnc(N(C)C)nc32)cc1,3.8872025006290167,ncgc
COc1ccc(-n2c(=O)c(-c3ccc(Cl)cc3)nc3cnc(N4CCOCC4)nc32)cc1,3.787202796262461,ncgc
COc1ccc(-n2c(=O)c(-c3ccccc3)nc3cnc(N4CCN(C)CC4)nc32)cc1,3.787202796262461,ncgc
COc1ccc(-n2c(=O)c(-c3cccs3)nc3cnc(N4CCOCC4)nc32)cc1,3.9842213317585995,ncgc;veith
COc1ccc(-n2c(=O)c(-c3cccs3)nc3cnc(Oc4ccccc4)nc32)cc1,4.184219245074232,ncgc;veith
COc1ccc(-n2c(=O)c(-c3cn(C)c4ccccc34)nc3cnc(N4CCNCC4)nc32)cc1,3.6872033036619767,ncgc
COc1ccc(-n2c(=O)c(-c3cn(C)c4ccccc34)nc3cncnc32)cc1,5.487173758361262,ncgc
COc1ccc(-n2c(=O)c(C)nc3cnc(Nc4cccc(OC)c4)nc32)cc1,3.6872033036619767,ncgc
COc1ccc(-n2c(=O)c(C)nc3cnc(Nc4ccccc4)nc32)cc1,3.9842213317585995,ncgc;veith
COc1ccc(-n2c(=O)c(C)nc3cnc(Oc4cccc(Cl)c4)nc32)cc1,3.8872025006290167,ncgc
COc1ccc(-n2c(=O)c(C)nc3cncnc32)cc1,3.6872033036619767,ncgc
COc1ccc(-n2c(=O)c(CCc3ccccc3)nc3cnc(OC)nc32)cc1,4.3842204094659465,ncgc;veith
COc1ccc(-n2c(=O)c(CCc3ccccc3)nc3cncnc32)cc1,3.987203621488413,ncgc
COc1ccc(-n2c(=O)cnc3cnc(N4CCNCC4)nc32)cc1,3.6872033036619767,ncgc
COc1ccc(-n2c(C)cc(C=O)c2C)cc1Cl,4.031238394064476,veith
COc1ccc(-n2c(C)nnc2SCc2nc(-c3ccc(OC)c(OC)c3)no2)cc1,3.6848820090272922,pharmabench
COc1ccc(-n2c(CNC(=O)c3ccc(S(=O)(=O)N4CCCC4)cc3)n[nH]c2=S)cc1,3.981239042028786,veith
COc1ccc(-n2c(CNc3ccc(C)cc3)nnc2SCC(=O)Nc2nc(-c3ccccc3)cs2)cc1,4.381238666479966,veith
COc1ccc(-n2c(N)c(C(=O)NCc3ccco3)sc2=S)cc1,4.331238507999185,veith
COc1ccc(-n2c(O)c(C(C)=NCCCn3ccnc3)c(=O)[nH]c2=O)cc1,4.231237939860009,veith
COc1ccc(-n2c(SC)nc(O)c(Cc3ccccc3)c2=O)cc1,4.181236955344418,veith
COc1ccc(-n2cc(CNC(=O)N(C)CCC3CCCCN3C)nn2)cc1,3.4049349170037275,challenge
COc1ccc(-n2ccnc2SCC(=O)Nc2ccc(OC)cc2OC)cc1,4.631238141608918,veith
COc1ccc(-n2ccnc2SCC(=O)Nc2ccccc2)cc1,4.581238740591187,veith
COc1ccc(-n2nc(C(=O)NCC(=O)Nc3ccccn3)c3ccccc3c2=O)cc1Cl,4.931238759019225,veith
COc1ccc(-n2nc(C(F)(F)F)cc2-c2ccc(Cl)cc2)cc1,3.8842202108992034,ncgc;veith
COc1ccc(-n2nc(C(F)F)cc2-c2ccc(S(C)=O)cc2)cc1,4.138530880775606,tox21
COc1ccc(-n2nc(CCC(=O)N(C)O)cc2-c2ccc(Cl)cc2)cc1,4.99969118878004,tox21
COc1ccc(-n2nc([N+](=O)[O-])c(=NCCc3ccc(Cl)cc3)n2O)cc1,4.081239412948973,veith
COc1ccc(-n2ncc3c(NCC4CCCO4)ncnc32)cc1,4.181236955344418,veith
COc1ccc(/C(=C/C(=O)N2CCOCC2)c2ccc(Cl)cc2)cc1OC,4.138530880775606,tox21
COc1ccc(/C(C#N)=C/c2c(-c3ccc(Cl)cc3)nc3c(C)cccn23)cc1,4.581238740591187,veith
COc1ccc(/C(O)=C2/C(=O)C(=O)N(Cc3cccnc3)C2c2ccco2)cc1OC,4.331238507999185,veith
COc1ccc(/C=C(/C(=O)Nc2ccccc2C(=O)NC(C)C)c2ccccc2)cc1,4.28123853814577,veith
COc1ccc(/C=C(/NC(C)=O)C(=O)O)cc1,4.28123853814577,veith
COc1ccc(/C=C(\C#N)C(N)=O)c(OC)c1,4.687200030977656,ncgc
COc1ccc(/C=C(\NC(=O)c2ccccc2)C(=O)N/N=C/c2ccncc2)cc1,4.181236955344418,veith
COc1ccc(/C=C/C(=O)NCC(=O)N/N=C/c2cc(Br)ccc2OC)cc1,4.031238394064476,veith
COc1ccc(/C=C/C(=O)NCc2c(C)nn(C)c2C)cc1COc1ccc(Br)cc1,4.28123853814577,veith
COc1ccc(/C=C/C(=O)NCc2cn(C)nc2C)cc1COc1ccc(Br)cc1,4.181236955344418,veith
COc1ccc(/C=C/C(=O)Nc2ccccc2C(=O)N2CCCC2)cc1,4.081239412948973,veith
COc1ccc(/C=C/C(=O)Oc2cccc(/C=N/NC(=O)COc3c(C)cccc3C)c2)cc1,4.731239014571102,veith
COc1ccc(/C=C/C(=O)c2ccccc2O)cc1,4.687200030977656,ncgc
COc1ccc(/C=C/C(=O)c2ccoc2)cc1,3.8312389898347954,veith
COc1ccc(/C=C/C2=CC3(C)CC2(C)C(c2ccc(OC)cc2)CC3=O)cc1,4.387202152451927,ncgc
COc1ccc(/C=C/N(CCc2ccc(OC)c(OC)c2)C(=O)C(F)(F)F)cc1,4.787200049553703,ncgc
COc1ccc(/C=C/N(CCc2ccc(OC)c(OC)c2)C(C)=O)cc1,4.787200049553703,ncgc
COc1ccc(/C=C/NC(=O)Cc2ccc(OC)c(OC)c2)cc1,5.287203117605396,ncgc
COc1ccc(/C=C/c2ccncc2)cc1,5.331238507999185,veith
COc1ccc(/C=C2/S/C(=N/N=C3\CC4CCC3(C)C4(C)C)NC2=O)cc1,4.331238507999185,veith
COc1ccc(/C=C2\CCCC3C2=NN(C(=O)c2ccco2)C3c2ccc(OC)c(OC)c2)cc1OC,4.231237939860009,veith
COc1ccc(/C=C2\N=C(SC)N(C)C2=O)cc1,3.88123792116939,veith
COc1ccc(/C=C2\NC(=S)N(CC3CCCO3)C2=O)c(OC)c1,4.131237783223632,veith
COc1ccc(/C=C2\SC(=O)N(CCNC(=O)C3CC(=O)N(c4ccccc4)C3)C2=O)cc1,4.381238666479966,veith
COc1ccc(/C=C\C(=O)Nc2ccccc2C(=O)O)cc1OC,4.087203992408599,ncgc
COc1ccc(/C=N/NC(=O)CCCC(=O)NC2CCCCC2)cc1,4.28123853814577,veith
COc1ccc(/C=N/NC(=O)CCCOc2ccc(Cl)cc2Cl)cc1[N+](=O)[O-],4.931238759019225,veith
COc1ccc(/C=N/NC(=O)Cc2csc(Nc3cccc(C(F)(F)F)c3)n2)c(OC)c1,4.331238507999185,veith
COc1ccc(/C=N/NC(=O)Cc2csc(Nc3cccc(C(F)(F)F)c3)n2)cc1C,4.231237939860009,veith
COc1ccc(/C=N/NC(=O)c2cc(-c3ccc(C)cc3C)nc3ccccc23)cc1COC(C)=O,5.381238666479966,veith
COc1ccc(/C=N/NC(=O)c2cccc([N+](=O)[O-])c2)cc1OS(=O)(=O)c1ccc(C)cc1,5.331238507999185,veith
COc1ccc(/C=N/NC(=O)c2ccccc2)cc1CN1CCN(c2ccc(F)cc2)CC1,4.231237939860009,veith
COc1ccc(/C=N/NC(=O)c2ccn[nH]2)cc1COc1ccc(Cl)cc1,4.181236955344418,veith
COc1ccc(/C=N/NC(=O)c2ccn[nH]2)cc1COc1ccc(F)cc1,3.88123792116939,veith
COc1ccc(/C=N/NC(=O)c2ccncc2)cc1OC,4.449695384640936,tox21
COc1ccc(/C=N/NC(=O)c2sccc2OCc2ccc(F)cc2)cc1OC,5.4812387752551235,veith
COc1ccc(/C=N/NC(N)=S)cc1OC(=O)c1cccc2ccccc12,4.4812387752551235,veith
COc1ccc(/C=N/Nc2nonc2N)cc1,4.081239412948973,veith
COc1ccc(/C=N/Nc2snc(SC)c2C#N)cc1OC,4.181236955344418,veith
COc1ccc(/C=N/OCc2nc3c4c(ncn3n2)Oc2ccc3ccccc3c2C4c2ccccc2)cc1,5.181236955344418,veith
COc1ccc(/C=N/n2c(-c3cccs3)n[nH]c2=S)cc1,4.931238759019225,veith
COc1ccc(Br)cc1C(=O)Nc1cc(C)cc(C)c1,5.331238507999185,veith
COc1ccc(Br)cc1C(=O)Nc1ccc(Cc2ccncc2)cc1,6.631238141608918,veith
COc1ccc(C#CC2C=CC(OC(C)=O)C(COC(C)=O)O2)cc1,4.587200720463143,ncgc
COc1ccc(C#CC2C=CC(Oc3cc(C)cc(C)c3)C(CO)O2)cc1,4.9871949150515835,ncgc
COc1ccc(C(=O)/C(Br)=C\C(=O)[O-])cc1.[Na+],4.238530429764998,tox21
COc1ccc(C(=O)C(OC(=O)CNC(=O)c2ccco2)c2ccccc2)cc1,3.981239042028786,veith
COc1ccc(C(=O)CCN(C)C)c2ccccc12,4.6842193775900025,ncgc;veith
COc1ccc(C(=O)CN2C(=O)NC(C)(c3ccccc3)C2=O)cc1OC,4.731239014571102,veith
COc1ccc(C(=O)COC(=O)c2ccc(NC(=O)c3ccccc3)cc2)cc1,5.131237783223633,veith
COc1ccc(C(=O)N/C(=C/c2cccs2)C(=O)NCCCn2ccnc2)cc1OC,4.581238740591187,veith
COc1ccc(C(=O)N/N=C2/C(=O)c3c(C)cc(C)cc3CC2(C)C)cc1,4.487201289787428,ncgc
COc1ccc(C(=O)N/N=C2/SCC(=O)N2Cc2ccc3c(c2)OCO3)cc1OC,4.131237783223632,veith
COc1ccc(C(=O)N2CCC(Cn3cncn3)CC2)cn1,3.9750194920037276,challenge
COc1ccc(C(=O)N2CCC(NC(=O)c3cccc(C)n3)CC2)cc1OC,4.350010785003728,challenge
COc1ccc(C(=O)N2CCC3(CC2)CCN(C(c2ccccc2)c2ccccc2)CC3)cc1,3.6872033036619767,ncgc
COc1ccc(C(=O)N2CCC3(CC2)CCN(c2ccccn2)CC3)cc1,3.6872033036619767,ncgc
COc1ccc(C(=O)N2CCC3(CC2)CN(c2ccc(-c4ccccc4)cc2)C3)cc1,3.9842213317585995,ncgc;veith
COc1ccc(C(=O)N2CCC3(CC2)CN(c2ccccc2)C3)cc1,4.184219245074232,ncgc;veith
COc1ccc(C(=O)N2CCC3(CC2)CN(c2ccncc2)C3)cc1,3.6872033036619767,ncgc
COc1ccc(C(=O)N2CCC3(CCCN(C(=O)Nc4cccc(C#N)c4)C3)CC2)cc1,3.6872033036619767,ncgc
COc1ccc(C(=O)N2CCC3(CCCN(C(c4ccccc4)c4ccccc4)C3)CC2)cc1,4.6842193775900025,ncgc;veith
COc1ccc(C(=O)N2CCC3(CCCN(Cc4ccc(C#N)cc4)C3)CC2)cc1,3.6872033036619767,ncgc
COc1ccc(C(=O)N2CCC3(CCCN(Cc4ccncc4)C3)CC2)cc1,4.784219133178269,ncgc;veith
COc1ccc(C(=O)N2CCC3(CCCN(c4ccc(-c5ccccc5)cc4)C3)CC2)cc1,4.6842193775900025,ncgc;veith
COc1ccc(C(=O)N2CCC3(CCCN(c4cccc(-c5ccccc5)c4)C3)CC2)cc1,4.484220032521275,ncgc;veith
COc1ccc(C(=O)N2CCC3(CCCN(c4ccccc4)C3)CC2)cc1,4.284220827875583,ncgc;veith
COc1ccc(C(=O)N2CCC3(CCCN(c4ccccn4)C3)CC2)cc1,4.184219245074232,ncgc;veith
COc1ccc(C(=O)N2CCC3(CCCN(c4ccncc4)C3)CC2)cc1,3.987203621488413,ncgc
COc1ccc(C(=O)N2CCC3(CCN(Cc4ccc(C#N)cc4)CC3)CC2)cc1,3.787202796262461,ncgc
COc1ccc(C(=O)N2CCC3(CCN(Cc4ccncc4)CC3)CC2)cc1,4.3842204094659465,ncgc;veith
COc1ccc(C(=O)N2CCC3(CCN(Cc4nccs4)CC3)CC2)cc1,3.8872025006290167,ncgc
COc1ccc(C(=O)N2CCCC2=O)cc1,4.484220032521275,ncgc;veith
COc1ccc(C(=O)N2CCCCC2)cc1S(=O)(=O)Nc1ccccc1,4.131237783223632,veith
COc1ccc(C(=O)N2CCC[C@@]3(CCN(C(=O)Nc4cccc(F)c4)C3)C2)cc1,3.7842205065326477,ncgc;veith
COc1ccc(C(=O)N2CCC[C@@]3(CCN(Cc4ccncc4)C3)C2)cc1,3.987203621488413,ncgc
COc1ccc(C(=O)N2CCN(c3cc(C)ccn3)CC2)nn1,3.2153363720037276,challenge
COc1ccc(C(=O)N2CCc3ccccc32)cc1CSc1nc2cc(F)ccc2n1CC(=O)O,5.0370645271386545,pharmabench
COc1ccc(C(=O)NC(=S)NC(C)(C)C)cc1Br,4.28123853814577,veith
COc1ccc(C(=O)NC(=S)NCc2ccccc2)cc1,4.081239412948973,veith
COc1ccc(C(=O)NC(=S)NNC(=O)CCc2ccccc2)cc1,4.831238989834795,veith
COc1ccc(C(=O)NC(=S)Nc2cccc(Cl)c2N2CCOCC2)cc1[N+](=O)[O-],4.331238507999185,veith
COc1ccc(C(=O)NC(C)c2cc(OC)c(OC)cc2Br)cc1,4.181236955344418,veith
COc1ccc(C(=O)NC(CNS(=O)(=O)c2cnn(C)c2)c2ccccc2)cc1Cl,4.756405192003728,challenge
COc1ccc(C(=O)NC(CO)c2nnc(SCc3ccc(Cl)c(Cl)c3)n2C)cc1,4.131237783223632,veith
COc1ccc(C(=O)NC(NC(=S)Nc2ccc(S(N)(=O)=O)cc2)C(Cl)(Cl)Cl)cc1,4.631238141608918,veith
COc1ccc(C(=O)NC2CCCN(c3cc(C)nn3C)C2)cn1,2.881516308003728,challenge
COc1ccc(C(=O)NCC(c2ccc(F)cc2)N2CCOCC2)cc1S(=O)(=O)N1CCCC1,4.28123853814577,veith
COc1ccc(C(=O)NCS(=O)(=O)c2ccc(C)cc2)cc1,4.231237939860009,veith
COc1ccc(C(=O)NCc2ccc(-c3nc4ccccc4s3)cc2)cc1,4.981239042028786,veith
COc1ccc(C(=O)NN)cc1COc1ccc(Br)cc1,4.331238507999185,veith
COc1ccc(C(=O)NNC(=S)NC(=O)c2ccco2)cc1,4.431238405874674,veith
COc1ccc(C(=O)Nc2cc(Cl)ccc2OC(=O)c2ccc(OC)cc2)cc1,4.68123872420235,veith
COc1ccc(C(=O)Nc2cc(OCc3ccccc3)c(Cl)cc2Cl)cc1,5.7812382168028345,veith
COc1ccc(C(=O)Nc2ccc(Cl)cc2C(=O)NCCN2CCOCC2)cc1,4.831238989834795,veith
COc1ccc(C(=O)Nc2ccc(OCC(F)(F)C(F)F)c(C(F)(F)F)c2)cc1OC,4.381238666479966,veith
COc1ccc(C(=O)Nc2cccc(-c3noc(C)n3)c2)c(F)c1,5.3902148420037275,challenge
COc1ccc(C(=O)Nc2cccc(/C(C)=N/NC(=O)c3ccc([N+](=O)[O-])cc3)c2)cc1OC,4.88123792116939,veith
COc1ccc(C(=O)Nc2cccc(OC(=O)c3ccc(C)c(C)c3)c2)cc1,4.731239014571102,veith
COc1ccc(C(=O)Nc2ccccc2)cc1[N+](=O)[O-],4.084999495748506,tox21
COc1ccc(C(=O)Nc2n[nH]c(-c3ccncc3)n2)cc1,4.731239014571102,veith
COc1ccc(C(=O)Nc2nc3c(s2)Cc2cc(OC)ccc2-3)cc1,4.531238789289352,veith
COc1ccc(C(=O)Nc2nc3ccccc3c(NCc3ccccc3)c2C#N)cc1,5.4385415900276115,tox21
COc1ccc(C(=O)Nc2scc(-c3ccc(Cl)cc3Cl)c2C(N)=O)cc1,5.4812387752551235,veith
COc1ccc(C(=O)OC2CCN(c3ncc(C(F)(F)F)cc3Cl)CC2)cc1,4.931238759019225,veith
COc1ccc(C(=O)Oc2cc(/C=N/NS(=O)(=O)c3ccc(C)cc3)ccc2OC)cc1,4.931238759019225,veith
COc1ccc(C(=O)Oc2cc(C)nn3cnnc23)cc1,4.181236955344418,veith
COc1ccc(C(=O)[C@H]2[C@H]3[C@@H](C(=O)[C@@H]4OC[C@H]3O4)[C@H]3C=Cc4ccccc4N32)c(OC)c1,3.787202796262461,ncgc
COc1ccc(C(=O)c2c(C)n(CCN3CCOCC3)c3ccccc23)cc1,4.5996964603675305,tox21
COc1ccc(C(=O)c2ccc(OC)c(OC)c2)cc1OC,4.231237939860009,veith
COc1ccc(C(=O)c2ccccc2O)c(O)c1,4.089593753103551,tox21
COc1ccc(C(=O)n2c(SC)nc3cc4c(cc32)OCCO4)cc1,5.131237783223633,veith
COc1ccc(C(=O)n2nc(-c3ccccc3)nc2SC)cc1,6.131237783223632,veith
COc1ccc(C(C(=O)NC2CCCCC2)N(C(=O)c2sc(C)nc2C)c2ccc(OC)cc2)cc1,4.031238394064476,veith
COc1ccc(C(C(=O)NCc2ccccc2)N(Cc2cccs2)C(=O)c2cnccn2)cc1,4.381238666479966,veith
COc1ccc(C(C(=O)Nc2ccc(F)cc2)N(C(=O)Cn2nnc3ccccc32)C2CC2)cc1,4.181236955344418,veith
COc1ccc(C(C)(C)C)cc1NC(=O)c1cncc(Br)c1,3.981239042028786,veith
COc1ccc(C(C)=O)cc1CSc1nc2ccccc2n1CC(=O)O,3.95788328109103,pharmabench
COc1ccc(C(CC(=O)Nc2ccc(F)cc2)c2ccccc2)cc1,4.381238666479966,veith
COc1ccc(C(Cl)=C(c2ccc(OC)cc2)c2ccc(OC)cc2)cc1,4.690304759856709,tox21
COc1ccc(C(F)(F)F)cc1N/C=C\c1nnnn1-c1ccccc1,4.631238141608918,veith
COc1ccc(C(O)(c2cncnc2)C2CC2)cc1,4.088530344873387,tox21
COc1ccc(C(O)P(=O)(OC(C)C)OC(C)C)cc1OC,4.381238666479966,veith
COc1ccc(C(c2ccc(OC)cc2)C(Cl)(Cl)Cl)cc1,5.541021761417934,tox21
COc1ccc(C)cc1-n1ccc(C(=O)NS(=O)(=O)c2cnc3c(cnn3C)c2)n1,4.1822888270037275,challenge
COc1ccc(C)cc1-n1ccc(C(=O)NS(=O)(=O)c2nnc(C)s2)n1,4.621773723003727,challenge
COc1ccc(C)cc1N,4.120896619367224,tox21
COc1ccc(C)cc1NC(=O)CCC(=O)Nc1nnc(C(F)(F)F)s1,5.181236955344418,veith
COc1ccc(C)cc1NC(=O)CN1CCN(S(=O)(=O)c2ccc(F)cc2)CC1,4.88123792116939,veith
COc1ccc(C)cc1NC1=C(Cl)C(=O)N(C2CCCCC2)C1=O,4.831238989834795,veith
COc1ccc(C)cc1S(=O)(=O)NC1CC(C)(C)Oc2ccccc21,5.030292222003728,challenge
COc1ccc(C)cc1S(=O)(=O)Nc1cc(Cl)cc(Cl)c1,5.916701148003727,challenge
COc1ccc(C2(C)NC(=O)N(CC(=O)Nc3ccc4c(c3)OCO4)C2=O)cc1OC,4.331238507999185,veith
COc1ccc(C2(NC(=O)C3Cc4ccccc43)CC2)cc1,4.571280785003728,challenge
COc1ccc(C2/C(=C(/O)c3ccccc3)C(=O)C(=O)N2c2ccccn2)c(OC)c1,4.081239412948973,veith
COc1ccc(C2=NC(C(F)(F)F)(C(F)(F)F)c3c(n(C)c(=O)n(C)c3=O)N2)cc1,4.331238507999185,veith
COc1ccc(C2=NCC(CSc3nccc(=O)[nH]3)S2)cc1,4.081239412948973,veith
COc1ccc(C2C(=O)N(C3CCCCC3)CC(=O)N2CC2COc3ccccc3O2)cc1,4.131237783223632,veith
COc1ccc(C2C(=O)N(C3CCCCCC3)CC(=O)N2Cc2ccccc2)cc1OC,4.181236955344418,veith
COc1ccc(C2C(=O)N(CCc3ccccc3)CC(=O)N2C2CCCC2)cc1,3.931238759019225,veith
COc1ccc(C2C(=O)c3ccccc3C2=Nc2ccc(Br)cc2)cc1,5.331238507999185,veith
COc1ccc(C2C(C#N)=C(N)N(Nc3ccccc3)C3=C2C(=O)CC(C)(C)C3)cc1C,5.081239412948973,veith
COc1ccc(C2C(C#N)=C(N)OC3=C2C(=O)CC(C)(C)C3)c([N+](=O)[O-])c1OC,5.28123853814577,veith
COc1ccc(C2C(C(C)=O)=C(O)C(=O)N2CCCn2ccnc2)cc1,4.28123853814577,veith
COc1ccc(C2C(Oc3ccccc3)C(=O)N2c2cc(C)ccc2C)cc1OC,4.7812382168028345,veith
COc1ccc(C2CC(=O)c3cnc(Nc4cc(C)cc(C)c4)nc3C2)cc1,4.28123853814577,veith
COc1ccc(C2CC(C(F)(F)F)n3nc(C(=O)N(C)Cc4cn(C)nc4C)c(Cl)c3N2)cc1,4.031238394064476,veith
COc1ccc(C2CCCN2C(=O)c2csc(=O)[nH]2)cc1F,4.653321240003728,challenge
COc1ccc(C2CCN(C(=O)NCc3c[nH]nc3C)C2)cc1,4.496489430003727,challenge
COc1ccc(C2CCN(C(=O)c3ccc(C)c(NC(=O)c4ccccc4)c3)CC2)cc1,5.141846337003727,challenge
COc1ccc(C2NC(=O)c3sc4nc(C)c(C(C)=O)c(-c5ccc(Cl)cc5)c4c3N2)cc1,4.581238740591187,veith
COc1ccc(C2NC(=S)NC3=C2CCc2cc(OC)ccc23)cc1,4.831238989834795,veith
COc1ccc(C2Nc3ccccc3C(=O)N2Cc2ccco2)cc1COc1ccc([N+](=O)[O-])cc1,6.031238394064476,veith
COc1ccc(C2SCC(=O)Nc3c2c(C)nn3-c2ccccc2)cc1OC,4.28123853814577,veith
COc1ccc(C2c3c(ncn(CCN4CCOCC4)c3=N)Oc3ccc4ccccc4c32)cc1OC,4.331238507999185,veith
COc1ccc(C=NC(CO)C(O)c2ccc([N+](=O)[O-])cc2)cc1,4.88123792116939,veith
COc1ccc(C=O)cc1COc1ccc(C)cc1[N+](=O)[O-],4.631238141608918,veith
COc1ccc(C=O)cc1OC,3.8307219650405315,tox21
COc1ccc(CC(=O)N2CCN(c3ccc(C4=NNC(=O)CC4C)cc3)CC2)cc1,4.331238507999185,veith
COc1ccc(CC(=O)NC(=S)Nc2ccc(S(=O)(=O)NC(C)(C)C)cc2)cc1,4.331238507999185,veith
COc1ccc(CC(=O)NC2(c3nnn[nH]3)CCC2)cc1,3.6718445120037275,challenge
COc1ccc(CC(=O)Nc2ccc(-c3nnc(-c4ccccc4)o3)cc2)cc1,5.931238759019225,veith
COc1ccc(CC(=O)Nc2cccc(-c3nnc(-c4ccco4)o3)c2)cc1,5.7812382168028345,veith
COc1ccc(CC(=O)Nc2cccc(/C(C)=N/NC(=O)c3cccc([N+](=O)[O-])c3)c2)cc1,5.081239412948973,veith
COc1ccc(CC(NC(C)=O)C(=O)NC2CCN(C(=O)Nc3ccc(Cl)cc3)CC2)cc1OC,4.181236955344418,veith
COc1ccc(CC2CCCCN2C(=O)Nc2ccncc2)cc1,4.675404995003728,challenge
COc1ccc(CC2CCN(C(=O)C(C)(C)c3c(C)noc3C)CC2)cc1,4.807603055003728,challenge
COc1ccc(CC2CCN(C(=O)Cn3cccn3)CC2)cc1,3.775382437003728,challenge
COc1ccc(CCC(=O)c2c(O)cc(O[C@@H]3O[C@H](CO)[C@@H](O)[C@H](O)[C@H]3O[C@@H]3O[C@@H](C)[C@H](O)[C@@H](O)[C@H]3O)cc2O)cc1O,4.237115244537185,tox21
COc1ccc(CCC(C)=O)cc1,3.93853028541095,tox21
COc1ccc(CCC(C)Nc2cccc(F)c2)cc1,4.181236955344418,veith
COc1ccc(CCCC(=O)NC2CCCCC2)cc1,4.28123853814577,veith
COc1ccc(CCCOC(Cn2ccnc2)c2ccc(OC)cc2)cc1,5.995671841980429,pharmabench
COc1ccc(CCCOc2cc(CCn3ccnc3)ccc2OC)cc1,6.384310640829133,ncgc;veith
COc1ccc(CCN(C(=O)C(F)(F)F)C(C(=O)NC2CCCC2)c2cccs2)cc1,4.7812382168028345,veith
COc1ccc(CCN(C)CCC[C@@](C#N)(c2ccc(OC)c(OC)c2)C(C)C)cc1OC,7.186832572487833,ncgc
COc1ccc(CCN(C)Cc2ccc(OCc3ccccc3)c(OC)c2)cc1OC,4.081239412948973,veith
COc1ccc(CCN2C(=O)C(O)=C(C(=O)c3ccco3)C2c2cccs2)cc1OC,5.131237783223633,veith
COc1ccc(CCN2C(=O)C(Oc3ccccc3C)C2c2ccc3c(c2)OCO3)cc1OC,4.381238666479966,veith
COc1ccc(CCN2C(=O)N(NS(C)(=O)=O)C[C@H]2c2ccc(OC)cc2)cc1,3.665996664866918,pharmabench
COc1ccc(CCN2CC(O)=C(c3nc(C)cs3)C2=N)cc1OC,4.28123853814577,veith
COc1ccc(CCN2CCC(Nc3nc4ccccc4n3Cc3ccc(F)cc3)CC2)cc1,4.039258641962786,tox21
COc1ccc(CCN=CC2=C(O)CC(C)(C)CC2=O)cc1,4.181236955344418,veith
COc1ccc(CCNC(=O)C2CCCN(Cc3nc(-c4cccc(Cl)c4)oc3C)C2)cc1OC,4.4812387752551235,veith
COc1ccc(CCNC(=O)CC(NS(=O)(=O)c2ccc(NC(C)=O)cc2)C(C)C)cc1OC,4.88123792116939,veith
COc1ccc(CCNC(=O)CCCCCN2C(=O)c3ccccc3C2=O)cc1,5.331238507999185,veith
COc1ccc(CCNC(=O)CCN2C(=O)C(C)Oc3ccc(C)cc32)cc1OC,4.531238789289352,veith
COc1ccc(CCNC(=O)CCN2C(=O)COc3ccc(C)cc32)cc1OC,3.8312389898347954,veith
COc1ccc(CCNC(=O)COc2ccc(S(=O)(=O)NC3CCCCC3)cc2Cl)cc1,4.88123792116939,veith
COc1ccc(CCNC(=O)c2cc(-c3cc(Cl)cc(Cl)c3)oc2C)cc1,4.181236955344418,veith
COc1ccc(CCNC(=O)c2ccc(CS(=O)(=O)c3ccc(Cl)cc3)o2)cc1OC,4.88123792116939,veith
COc1ccc(CCNC(=O)c2ccc3c(=O)n(Cc4ccco4)c(=S)[nH]c3c2)cc1OC,4.631238141608918,veith
COc1ccc(CCNC(=O)c2ccccc2NC(=O)c2ccco2)cc1OC,4.68123872420235,veith
COc1ccc(CCNC(=O)c2n[nH]c(=O)c3ccccc23)cc1,4.7812382168028345,veith
COc1ccc(CCNC(=O)c2nnn(CC(=O)Nc3ccccc3C)c2N)cc1OC,4.081239412948973,veith
COc1ccc(CCNc2c(C)c(C)nc3ncnn23)cc1,4.331238507999185,veith
COc1ccc(CCNc2cc(-c3ccccc3)nc3ncnn23)cc1,4.531238789289352,veith
COc1ccc(CCNc2cc(N3CCN(C(=O)c4ccccc4F)CC3)ccc2[N+](=O)[O-])cc1OC,4.68123872420235,veith
COc1ccc(CCNc2ccncn2)cc1.Cl,4.631238141608918,veith
COc1ccc(CCNc2nc(-c3cccnc3)cs2)cc1OC,4.88123792116939,veith
COc1ccc(CCNc2nc(-c3ccco3)cc(C(F)(F)F)n2)cc1OC,4.7812382168028345,veith
COc1ccc(CCO)cc1,4.138530880775606,tox21
COc1ccc(CCn2c(=N)c(C(=O)NCc3ccco3)cc3c(=O)n4ccccc4nc32)cc1,3.981239042028786,veith
COc1ccc(CCn2c(C)cc(C(=O)CSc3nc(N)cc(=O)[nH]3)c2C)cc1,4.331238507999185,veith
COc1ccc(CCn2c3c(c(=O)[nH]c2=O)C(NC(=O)c2cccs2)(C(F)(F)F)C(=O)N3)cc1OC,4.331238507999185,veith
COc1ccc(CCn2nnnc2N2CCCC2)cc1F,4.116414900003727,challenge
COc1ccc(CN(C(=O)Cc2cccs2)C(C(=O)NC2CCCC2)c2ccncc2)cc1,4.581238740591187,veith
COc1ccc(CN(C(=O)c2cccs2)C(C(=O)NC2CCCCC2)c2ccc3ncccc3c2)cc1,4.231237939860009,veith
COc1ccc(CN(C)C(=O)N[C@@H]2C[C@H]2c2ccc(F)cc2)cc1OC,4.866594310003728,challenge
COc1ccc(CN(CCC#N)C(=S)NC(=O)c2ccccc2)cc1,5.4812387752551235,veith
COc1ccc(CN2C(=O)CN(C3CCCCCC3)C(=O)C2c2ccc(OC)c(OC)c2)cc1,4.231237939860009,veith
COc1ccc(CN2C(=O)c3ccccc3C(/C=N\OCc3ccc(F)cc3)C2=O)cc1,4.731239014571102,veith
COc1ccc(CN2CC(C(=O)NCCC3=CCCCC3)CC2=O)cc1,4.131237783223632,veith
COc1ccc(CN2CCN(C(c3ccc(F)cc3)c3ccc(F)cc3)CC2)c(OC)c1OC.Cl.Cl,4.5996964603675305,tox21
COc1ccc(CNC(=O)C(c2ccc(C)cc2)N(Cc2cccs2)C(=O)c2ccc3c(c2)OCCO3)cc1,4.431238405874674,veith
COc1ccc(CNC(=O)C2CCCN2C(=O)c2ccccc2O)cc1Cl,4.236852312003728,challenge
COc1ccc(CNC(=O)Cc2c(C(=O)O)[nH]c3ccccc23)cc1,4.331238507999185,veith
COc1ccc(CNC(=O)Cc2csc(Nc3nc(=S)[nH]c4ccccc34)n2)cc1,5.931238759019225,veith
COc1ccc(CNC(=O)N2CC3(CC=CC3)C2C(C)C)cc1OC(F)F,4.840467225003728,challenge
COc1ccc(CNC(=O)N2CCC(C)C(n3ccnc3)C2)cc1F,4.226813665003728,challenge
COc1ccc(CNC(=O)[C@H](C)[C@@H]2C[C@@]2(C)[C@@H](NC(=O)OCc2ccccc2)c2ccccc2)cc1OC,4.284220827875583,ncgc;veith
COc1ccc(CNC(=O)[C@H](C)[C@H]2C[C@]2(C)[C@H](NC(=O)OCc2ccccc2)c2ccccc2)cc1OC,4.784219133178269,ncgc;veith
COc1ccc(CNC(=O)[C@H]2C[C@@H]2[C@H](NP(=O)(c2ccccc2)c2ccccc2)c2ccccc2)cc1OC,3.8872025006290167,ncgc
COc1ccc(CNC(=O)c2cnc(C)cn2)cc1,3.731239014571102,veith
COc1ccc(CNC(=O)c2csc(Cc3ccc(Cl)cc3)n2)cc1,4.68123872420235,veith
COc1ccc(CNC(=O)c2csc(Cc3ccc(OC)cc3)n2)cc1,4.28123853814577,veith
COc1ccc(CNc2cc(-c3cccc(NS(C)(=O)=O)c3)ncn2)c(OC)c1,5.6872109400212985,ncgc
COc1ccc(CNc2ccnc(-c3c(C)noc3C)n2)c(OC)c1,5.284220827875583,ncgc;veith
COc1ccc(CNc2ccnc(-c3cccc(C#N)c3)n2)c(OC)c1,5.5842153979372355,ncgc;veith
COc1ccc(CNc2ccnc(-c3cccc(NS(C)(=O)=O)c3)n2)c(OC)c1,5.987260217582629,ncgc
COc1ccc(CNc2ccnc(-c3ccoc3)n2)c(OC)c1,5.287203117605396,ncgc
COc1ccc(CNc2nc(-c3c(C)noc3C)nc3ccccc23)c(OC)c1,5.284220827875583,ncgc;veith
COc1ccc(CNc2nc(-c3ccc(C(=O)N(C)C)cc3)nc3ccccc23)c(OC)c1,5.284220827875583,ncgc;veith
COc1ccc(CNc2nc(-c3ccc(N(C)C)cc3)nc3ccccc23)c(OC)c1,5.087201252198795,ncgc
COc1ccc(CNc2nc(-c3ccc4c(c3)OCO4)nc3ccccc23)c(OC)c1,5.5842153979372355,ncgc;veith
COc1ccc(CNc2nc(-c3cccc(C#N)c3)nc3ccccc23)c(OC)c1,5.284220827875583,ncgc;veith
COc1ccc(CNc2nc(-c3cccc(NS(C)(=O)=O)c3)nc3ccccc23)c(OC)c1,6.084206632000299,ncgc;veith
COc1ccc(CNc2nc(-c3ccccc3CN(C)C)nc3ccccc23)c(OC)c1,5.987260217582629,ncgc
COc1ccc(CNc2nc(-c3cccnc3)nc3ccccc23)c(OC)c1,5.5842153979372355,ncgc;veith
COc1ccc(CNc2nc(-c3ccoc3)nc3ccccc23)c(OC)c1,5.184224419702565,ncgc;veith
COc1ccc(CNc2nc3c(c(=O)[nH]c(=O)n3C)n2C)cc1OC(F)F,4.431757222003728,challenge
COc1ccc(CNc2nc3ccccc3n2Cc2ccccc2)cc1OC,4.331238507999185,veith
COc1ccc(CNc2ncnc3ccc(-c4ccc(N(C)C)cc4)cc23)c(OC)c1,5.6872109400212985,ncgc
COc1ccc(CNc2ncnc3ccc(-c4ccc5c(c4)OCO5)cc23)c(OC)c1,5.5842153979372355,ncgc;veith
COc1ccc(CNc2ncnc3ccc(-c4cccc(C#N)c4)cc23)c(OC)c1,7.088546030650973,ncgc
COc1ccc(CNc2ncnc3ccc(-c4cccc(NS(C)(=O)=O)c4)cc23)c(OC)c1,5.5842153979372355,ncgc;veith
COc1ccc(CNc2ncnc3ccc(-c4ccccc4C#N)cc23)c(OC)c1,5.384228610767986,ncgc;veith
COc1ccc(CNc2ncnc3ccc(-c4ccccc4CN(C)C)cc23)c(OC)c1,6.0871738510516264,ncgc
COc1ccc(CNc2ncnc3ccc(-c4ccccc4OC)cc23)c(OC)c1,5.684224832111824,ncgc;veith
COc1ccc(CNc2ncncc2-c2ccc3c(c2)OCO3)c(OC)c1,5.284220827875583,ncgc;veith
COc1ccc(CNc2ncncc2-c2ccccc2Cl)c(OC)c1,5.387218555056005,ncgc
COc1ccc(CNc2ncncc2-c2ccccc2OC)c(OC)c1,5.387218555056005,ncgc
COc1ccc(CNc2ncncc2-c2cccnc2)c(OC)c1,5.987260217582629,ncgc
COc1ccc(CNn2c(C)nc3ccccc3c2=O)cc1,4.531238789289352,veith
COc1ccc(COC(=O)N/N=C(\C)CC(=O)Nc2c(C)cc(C)cc2C)cc1,4.131237783223632,veith
COc1ccc(CONS(=O)(=O)c2ccc(NC(C)=O)cc2)cc1Cl,4.181236955344418,veith
COc1ccc(COc2ccsc2C(=O)Nc2ccc(Cl)c(Cl)c2)cc1,4.831238989834795,veith
COc1ccc(CSC2=C(C#N)C(=O)NC3(CCCCC3)S2)cc1,4.787200049553703,ncgc
COc1ccc(C[C@H]2NC[C@H](O)[C@@H]2OC(C)=O)cc1,4.187201534804045,ncgc
COc1ccc(Cc2ccccc2C(=O)O)c2ccccc12,4.6842193775900025,ncgc;veith
COc1ccc(Cc2n[nH]c(=O)c3ccccc23)cc1OC,3.88123792116939,veith
COc1ccc(Cc2nc(C(=O)NCc3ccccc3OC)cs2)cc1,4.28123853814577,veith
COc1ccc(Cc2nc3ccc(S(=O)(=O)N4CCOCC4)cc3[nH]2)cc1OC,4.131237783223632,veith
COc1ccc(Cc2nccc3cc(OC)c(OC)cc23)cc1OC,3.937202419233011,ncgc
COc1ccc(Cc2nccc3cc(OC)c(OC)cc23)cc1OC.Cl,4.449695384640936,tox21
COc1ccc(Cc2nnc(NC(=O)CSc3ccc(C)cc3)s2)cc1OC,4.88123792116939,veith
COc1ccc(Cc2nnc(NC(=O)Cn3cnc4c3c(=O)n(C)c(=O)n4C)s2)cc1OC,3.981239042028786,veith
COc1ccc(Cc2nnc(NC(=O)c3ccc(Cl)c([N+](=O)[O-])c3)s2)cc1,5.131237783223633,veith
COc1ccc(Cc2nnc(NC(=O)c3ccco3)s2)cc1,4.831238989834795,veith
COc1ccc(Cl)cc1C,4.011596520133352,tox21
COc1ccc(Cl)cc1C(=O)N1CCC(Oc2cccc(F)c2)CC1,5.815088023003728,challenge
COc1ccc(Cl)cc1C(=O)N1CCN(c2ccccn2)CC1,4.831238989834795,veith
COc1ccc(Cl)cc1C(=O)NCCc1ccc(S(=O)(=O)NC(=O)NC2CCCCC2)cc1,4.934124911044103,challenge;ncgc;pharmabench;tox21;veith
COc1ccc(Cl)cc1C(=O)NNC(=S)NC(=O)c1cc(-c2ccc(Cl)cc2)nc2ccccc12,4.081239412948973,veith
COc1ccc(Cl)cc1C(O)CNC(=O)c1cccc2c1OCC2,5.473566873003728,challenge
COc1ccc(Cl)cc1N1CCN(C(=O)c2ccc(C(=O)C(F)(F)F)s2)CC1,5.082822017699329,pharmabench
COc1ccc(Cl)cc1S(=O)(=O)N1CCN(C(=O)c2cc(OC)c(OC)c(OC)c2)CC1,4.231237939860009,veith
COc1ccc(Cn2c(SCc3ccccc3C)nc3cc(OC)c(OC)cc3c2=N)cc1,3.931238759019225,veith
COc1ccc(Cn2nnc(C(=O)NCc3nnc(C(C)C)[nH]3)c2C)cc1,4.328677935003728,challenge
COc1ccc(Cn2nnnc2C(c2ccccc2Cl)N2CCC(C(N)=O)CC2)cc1,4.081239412948973,veith
COc1ccc(F)cc1C(=O)Nc1c[nH]nc1-c1nccs1,5.719153940003728,challenge
COc1ccc(F)cc1CC(=O)NC(C)C1(N2CCOCC2)CCCC1,3.4348054070037275,challenge
COc1ccc(N(C(=O)COc2ccccc2OC)S(=O)(=O)c2ccc(C)cc2)cc1,5.28123853814577,veith
COc1ccc(N(C)C(=O)c2ccc3nc(-c4ccccc4)c(-c4ccccc4)nc3c2)cc1,4.7812382168028345,veith
COc1ccc(N(C)S(=O)(=O)c2c(C)[nH]c(=O)[nH]c2=O)cc1,4.131237783223632,veith
COc1ccc(N(CC(=O)N/N=C/c2cccs2)S(=O)(=O)c2ccc(OC)c(OC)c2)cc1,4.631238141608918,veith
COc1ccc(N(CC(=O)NCc2cccc(OC)c2)S(=O)(=O)c2c(C)noc2C)cc1,4.381238666479966,veith
COc1ccc(N(CC(=O)NN=C2CCCC2)S(=O)(=O)c2ccccc2)cc1,4.28123853814577,veith
COc1ccc(N(CC(=O)Nc2cccc(C)c2)S(=O)(=O)c2c(C)n[nH]c2C)cc1,5.131237783223633,veith
COc1ccc(N(Cc2c(C(F)(F)F)nn(C)c2Cl)S(=O)(=O)c2ccc(C)cc2)cc1,4.531238789289352,veith
COc1ccc(N(Cc2c(C(F)(F)F)nn(C)c2Cl)S(=O)(=O)c2ccccc2)cc1,4.4812387752551235,veith
COc1ccc(N)c(C)c1,3.9644171311292435,tox21
COc1ccc(N)c(OC)c1,4.088176453310275,tox21
COc1ccc(N)c(OC)c1.Cl,4.455465399257516,tox21
COc1ccc(N)c([N+](=O)[O-])c1,4.088530344873387,tox21
COc1ccc(N)cc1,3.8420849792850618,tox21
COc1ccc(N)cc1.Cl,4.038530441677591,tox21
COc1ccc(N)cc1N.O.O=S(=O)(O)O,4.356282835949213,tox21
COc1ccc(N2C(=O)CC(S/C(N)=N/N=C(\C)c3cccs3)C2=O)cc1,4.68123872420235,veith
COc1ccc(N2C(=O)CCC(C(=O)Nc3ccccn3)C2c2ccc(OC)c(OC)c2)cc1,4.7812382168028345,veith
COc1ccc(N2C(=O)CSC23CCC(C(C)(C)C)CC3)cc1,4.081239412948973,veith
COc1ccc(N2C(=O)NC(NC(=O)c3ccncc3)(C(F)(F)F)C2=O)cc1,4.4812387752551235,veith
COc1ccc(N2C(=O)[C@@H](Cc3cccc(OCCc4nc(-c5ccccc5)oc4C)c3)[C@H]2C(=O)O)cc1,4.995671841980429,pharmabench
COc1ccc(N2C(=O)c3ccccc3NC2c2ccc(OC)c(CSc3ccccn3)c2)cc1,5.231237939860008,veith
COc1ccc(N2CC(C(=O)Nc3cc(C)on3)CC2=O)cc1,4.131237783223632,veith
COc1ccc(N2CC(C(=O)OCC(=O)c3cccc(OC)c3)CC2=O)cc1,4.031238394064476,veith
COc1ccc(N2CCC(CNC(=O)Nc3ccc(OC)cc3OC)C2)cc1,4.031238394064476,veith
COc1ccc(N2CCN(C(=O)CN3CCC(c4nc(C)no4)CC3)CC2)cc1,4.292089115003727,challenge
COc1ccc(N2CCN(C(=O)Cc3ccccc3Cl)CC2)nc1,4.502336038003728,challenge
COc1ccc(N2CCN(C(=O)c3cc(C)oc3C)CC2)nc1,4.071066123003727,challenge
COc1ccc(N2CCN(C(=O)c3ccc(OCc4c(C)noc4C)c(OC)c3)CC2)cc1,4.731239014571102,veith
COc1ccc(N2CCN(c3oc(Cc4ccccc4)nc3C#N)CC2)cc1,4.68123872420235,veith
COc1ccc(N=C2S/C(=C\c3ccc(C)s3)C(=O)N2CC(C)C)cc1,4.431238405874674,veith
COc1ccc(NC(=O)/C(=C\c2cc(OC)c(OC)cc2[N+](=O)[O-])NC(=O)c2ccccc2)cc1,4.381238666479966,veith
COc1ccc(NC(=O)C2c3cc(OC)c(OC)cc3C(=O)N(C)C2c2cccnc2)cc1OC,4.031238394064476,veith
COc1ccc(NC(=O)CC2C(=O)N(c3cccc(OC)c3)C(=O)N2C2CCCCC2)cc1,4.081239412948973,veith
COc1ccc(NC(=O)CCCCC#Cc2ccccc2)cc1,4.3842204094659465,ncgc;veith
COc1ccc(NC(=O)CCNS(=O)(=O)c2ccc3c(c2)CCC(=O)N3)cc1,4.631238141608918,veith
COc1ccc(NC(=O)CCOc2ccccc2)cc1,4.231237939860009,veith
COc1ccc(NC(=O)CN2CCC(Cc3cccnc3)CC2)cc1OC,4.416142008003727,challenge
COc1ccc(NC(=O)CN2CCN(CC(=O)Nc3ccccc3Cl)CC2)cc1,4.331238507999185,veith
COc1ccc(NC(=O)COC(=O)CCCc2c[nH]c3ccccc23)cc1OC,4.031238394064476,veith
COc1ccc(NC(=O)COC(=O)c2c3c(nc4ccccc24)CCCC3)cc1,4.431238405874674,veith
COc1ccc(NC(=O)COC(=O)c2ccc(OCc3c(C)noc3C)cc2)cc1OC,4.68123872420235,veith
COc1ccc(NC(=O)CSc2ccc3c4c(cccc24)C(=O)c2ccccc2-3)cc1,5.531238789289352,veith
COc1ccc(NC(=O)CSc2nc(-c3ccc(C)cc3)cc(C(F)(F)F)c2C#N)cc1,5.381238666479966,veith
COc1ccc(NC(=O)CSc2nc(C)c3c(c2C#N)CCCC3)cc1,4.331238507999185,veith
COc1ccc(NC(=O)CSc2nc3ccccc3c(=O)n2CCC(=O)N2CCCCC2)cc1,4.68123872420235,veith
COc1ccc(NC(=O)CSc2ncnc3c2cnn3CCc2ccccc2)cc1,4.981239042028786,veith
COc1ccc(NC(=O)CSc2nnc(C3CC3)n2-c2ccccc2)cc1,4.28123853814577,veith
COc1ccc(NC(=O)CSc2nnc(CNC(=O)c3ccco3)n2-c2ccccc2OC)cc1,4.581238740591187,veith
COc1ccc(NC(=O)CSc2nnc(Cc3cccn3C)n2CCc2ccccc2)c(OC)c1,4.231237939860009,veith
COc1ccc(NC(=O)CSc2nncn2C)c([N+](=O)[O-])c1,4.131237783223632,veith
COc1ccc(NC(=O)Cc2c(C)nc3nc(SC)nn3c2C)cc1Cc1ccccc1,5.046452268003728,challenge
COc1ccc(NC(=O)Cn2cccc2)c(OC)c1,4.431238405874674,veith
COc1ccc(NC(=O)N(C2CCCCC2)C(C)c2cccnc2)c(OC)c1,4.031238394064476,veith
COc1ccc(NC(=O)N2CC3(CCN(C(=O)c4cc(C(F)(F)F)cc(C(F)(F)F)c4)CC3)C2)cc1,3.987203621488413,ncgc
COc1ccc(NC(=O)N2CCC(C(=O)c3ccc(F)cc3)CC2)cc1,4.381238666479966,veith
COc1ccc(NC(=O)N2CCC3(CC2)CCN(C(=O)c2cnccn2)CC3)cc1,3.787202796262461,ncgc
COc1ccc(NC(=O)N2CCC3(CC2)CCN(S(C)(=O)=O)CC3)cc1,4.084221702678786,ncgc;veith
COc1ccc(NC(=O)N2CCCC2C(=O)Nc2ccccc2)cc1,3.8312389898347954,veith
COc1ccc(NC(=O)N2CCCC3(CCN(C(=O)Oc4ccccc4)CC3)C2)cc1,5.084220332573883,ncgc;veith
COc1ccc(NC(=O)N2CCCC3(CCN(C(=O)c4ccc(OC)cc4)CC3)C2)cc1,3.6872033036619767,ncgc
COc1ccc(NC(=O)N2CCCC3(CCN(C(=O)c4ccncc4)CC3)C2)cc1,5.484206266808193,ncgc;veith
COc1ccc(NC(=O)N2CCCC3(CCN(S(=O)(=O)c4ccccc4)CC3)C2)cc1,3.9842213317585995,ncgc;veith
COc1ccc(NC(=O)N2CC[C@@]3(CCCN(C(=O)Oc4ccccc4)C3)C2)cc1,3.8872025006290167,ncgc
COc1ccc(NC(=O)N2CC[C@@]3(CCCN(C(=O)c4c(C)noc4C)C3)C2)cc1,3.6872033036619767,ncgc
COc1ccc(NC(=O)N2CC[C@@]3(CCCN(C(=O)c4ccc(OC)cc4)C3)C2)cc1,4.187201534804045,ncgc
COc1ccc(NC(=O)NCCCN2CCCCC2C)cc1,5.181236955344418,veith
COc1ccc(NC(=O)Nc2cc(C3CC3)n(C)n2)c2ccccc12,5.150167650003728,challenge
COc1ccc(NC(=O)[C@H](COCc2ccccc2)NC(=O)OC(C)(C)C)cc1,4.331238507999185,veith
COc1ccc(NC(=O)[C@H]2CC[C@H]2C(=O)O)cc1Cc1ccccc1,4.379170112003727,challenge
COc1ccc(NC(=O)c2c(C(F)(F)F)nn(C)c2SCc2ccccc2)cc1,5.031238394064476,veith
COc1ccc(NC(=O)c2cc(-c3cccnc3)nc3ccc(C)cc23)cc1OC,4.431238405874674,veith
COc1ccc(NC(=O)c2cc3sccc3n2Cc2ccc(F)cc2)cc1OC,4.731239014571102,veith
COc1ccc(NC(=O)c2ccc(-c3ccc(-c4noc(C)n4)cc3C)cc2)cc1N1CCN(C)CC1,4.3842204094659465,ncgc;veith
COc1ccc(NC(=O)c2ccc(COc3ccccc3)o2)cc1,5.88123792116939,veith
COc1ccc(NC(=O)c2ccc(C[S+](C)[O-])c3ccccc23)c(C(=O)NCC2CCOCC2)n1,5.133974540146711,pharmabench
COc1ccc(NC(=O)c2ccc(Cn3ccnn3)c3ccccc23)c(C(=O)NCC2CCOCC2)n1,6.29670183764441,pharmabench
COc1ccc(NC(=O)c2ccc3c(=O)n(Cc4ccco4)c(=S)[nH]c3c2)c(OC)c1,4.931238759019225,veith
COc1ccc(NC(=O)c2ccccc2NC(=O)CSc2ccc(C)cc2)cc1,5.68123872420235,veith
COc1ccc(NC(=O)c2cccs2)c([N+](=O)[O-])c1,4.381238666479966,veith
COc1ccc(NC(=O)c2cn(-c3ccccc3)nc2-c2cc3ccccc3o2)cc1,4.981239042028786,veith
COc1ccc(NC(=O)c2ncn[nH]2)cc1,5.431238405874674,veith
COc1ccc(NC(=S)N(CCc2nc3cc(C)c(C)cc3[nH]2)Cc2cccnc2)cc1,4.381238666479966,veith
COc1ccc(NC(=S)Nc2ncccc2C)c(OC)c1,3.981239042028786,veith
COc1ccc(NC(C)=O)cc1N,3.917162344188495,tox21
COc1ccc(NC(C)=O)cc1NC(=O)CN1CCN(C2c3ccccc3-c3ccccc32)CC1,4.28123853814577,veith
COc1ccc(NC2(c3ccc(Cl)cc3)C(=O)c3ccccc3C2=O)cc1,4.7812382168028345,veith
COc1ccc(NC2=NCC(=O)N2Cc2cccs2)cc1.Cl,4.131237783223632,veith
COc1ccc(NC2=Nc3cccc4cccc2c34)cc1OC,4.88123792116939,veith
COc1ccc(NS(=O)(=O)c2ccc(NC(=O)c3cnn4c(C(F)F)cc(-c5ccc(C)cc5)nc34)cc2)cc1,4.731239014571102,veith
COc1ccc(Nc2cc(C(=O)NCCCN3CCN(C)CC3)c3ccccc3n2)cc1,4.131237783223632,veith
COc1ccc(Nc2ncc(C(=O)N3CCN(Cc4ccccc4)CC3)c3ccccc23)cc1,4.68123872420235,veith
COc1ccc(Nc2ncc(C(=O)N3CCN(c4ccc(F)cc4)CC3)c3ccccc23)cc1,4.931238759019225,veith
COc1ccc(Nc2ncc3c(n2)CC(c2ccc(C)cc2)CC3=O)cc1,4.581238740591187,veith
COc1ccc(Nc2ncc3nc(-c4cccs4)c(=O)n(Cc4cccc(OC)c4)c3n2)cc1,3.6872033036619767,ncgc
COc1ccc(Nc2ncnc3sc(-c4ccccc4)cc23)cc1,4.68123872420235,veith
COc1ccc(Nc2nnc(-c3ccc(N4CCOCC4)c([N+](=O)[O-])c3)c3ccccc23)cc1,4.7812382168028345,veith
COc1ccc(O)c(C(C)(C)C)c1,4.337823119410087,tox21
COc1ccc(OC(=O)N(CC(=O)O)Cc2ccc(OCCc3nc(-c4ccccc4)oc3C)cc2)cc1,4.499695145639398,tox21
COc1ccc(OC(=O)c2ccncc2)cc1,4.631238141608918,veith
COc1ccc(OC(F)F)c(CNC(=O)c2n[nH]c3nc[nH]c(=O)c23)c1,4.710732240003727,challenge
COc1ccc(OC)c(-c2cc(C(=O)O)c3cc4ccccc4cc3n2)c1,4.787200049553703,ncgc
COc1ccc(OC)c(-c2ccccc2/C=N/NS(=O)(=O)c2ccc(C)cc2)c1,4.387202152451927,ncgc
COc1ccc(OC)c(-n2c(-c3ccc(C)cc3)n[nH]c2=S)c1,4.68123872420235,veith
COc1ccc(OC)c(C(=O)CSc2nnc(Cc3cccs3)n2CCc2ccccc2)c1,5.081239412948973,veith
COc1ccc(OC)c(C2C(C(=O)Nc3nc4ccccc4s3)=C(C)NC3=C2C(=O)CCC3)c1,5.4812387752551235,veith
COc1ccc(OC)c(C2CC(=O)C3=C(C2)NC(=O)CC3c2ccc(O)c(OC)c2)c1,4.231237939860009,veith
COc1ccc(OC)c(N2CC(O)=C(c3nc4ccccc4s3)C2=N)c1,4.331238507999185,veith
COc1ccc(OC)c(NC(=O)CC(C)=O)c1,4.088530344873387,tox21
COc1ccc(OC)c(NC(=O)CC(Cc2ccccc2OC)C(=O)O)c1,4.931238759019225,veith
COc1ccc(OC)c(NC(=O)CSc2nc3ccccc3cc2Cc2ccccc2)c1,4.88123792116939,veith
COc1ccc(OC)c(NC(=O)c2c3c(nc4ccccc24)CCC3)c1,4.131237783223632,veith
COc1ccc(OC)c(NC(=O)c2cc3n(n2)C(C(F)(F)F)CC(c2ccc4c(c2)OCO4)N3)c1,5.381238666479966,veith
COc1ccc(OC)c(Nc2nc(-c3cccc([N+](=O)[O-])c3)nc3ccccc23)c1,5.731239014571102,veith
COc1ccc(OC)c(Nc2nc(-c3sc(NC(=O)c4ccccc4)nc3C)cs2)c1,4.731239014571102,veith
COc1ccc(OC)c(OC)c1,4.288530398353015,tox21
COc1ccc(OC)c([C@H]2Nc3ccccc3NC3=C2C(=O)CC(C)(C)C3)c1Br,3.787202796262461,ncgc
COc1ccc(OC)c2[nH]c(=O)c(CCNC(=O)c3ccc(S(=O)(=O)N(C)C)cc3)cc12,4.381238666479966,veith
COc1ccc(OC)c2[nH]c(=O)c(CCNC(=O)c3ccc(S(=O)(=O)N4CCCC4)cc3)cc12,4.231237939860009,veith
COc1ccc(OC)c2[nH]c(=O)c(CCNS(=O)(=O)c3ccc(C)cc3)cc12,4.731239014571102,veith
COc1ccc(OC)c2[nH]c(=O)c(CCNS(=O)(=O)c3ccc(Cl)cc3)cc12,4.931238759019225,veith
COc1ccc(OC)c2c(=S)c3ccccc3[nH]c12,4.3842204094659465,ncgc;veith
COc1ccc(OC2C(O)COC2/C=C/C#Cc2ccc(F)cc2F)cc1,4.88720077167744,ncgc
COc1ccc(OC2C(O)COC2/C=C/c2ccccc2)cc1,4.837200410615572,ncgc
COc1ccc(OC2C=CC(C#Cc3ccc(Br)cc3)OC2CO)c(C(C)(C)C)c1,4.787200049553703,ncgc
COc1ccc(OC2C=CC(C#Cc3ccc(C(C)(C)C)cc3)OC2CO)cc1,5.6872109400212985,ncgc
COc1ccc(OC2C=CC(C#Cc3ccc(F)cc3F)OC2CO)cc1,6.986173121941415,ncgc
COc1ccc(OC2C=CC(C#Cc3ccccc3)OC2CO)cc1,5.187211884060712,ncgc
COc1ccc(OC2C=CC(c3ccccc3)OC2CO)c(C(C)(C)C)c1,4.787200049553703,ncgc
COc1ccc(OC2C=CC(c3ccccc3)OC2CO)c(C(C)=O)c1,4.787200049553703,ncgc
COc1ccc(OCC(=O)Nc2ccc(Cl)cc2C(=O)c2ccccc2)cc1,4.981239042028786,veith
COc1ccc(OCCNS(=O)(=O)c2ccc3oc4ccccc4c3c2)cc1,4.88123792116939,veith
COc1ccc(OCCSc2ncn[nH]2)cc1,3.931238759019225,veith
COc1ccc(OCCn2c(C)c(/C=N/n3cnnc3)c3ccccc32)cc1,5.7812382168028345,veith
COc1ccc(OCCn2cc(/C(N)=N/O)c3ccccc32)cc1,4.631238141608918,veith
COc1ccc(OC[C@@H](CO)OC)cc1,5.987260217582629,ncgc
COc1ccc(OCc2nc(CNc3ccc4c(c3)CCCC(=O)N4)cs2)cc1,4.8518564950037275,challenge
COc1ccc(OCc2nnc(SCC(=O)N3c4ccccc4Sc4ccc(Cl)cc43)o2)cc1,4.931238759019225,veith
COc1ccc(O[C@H]2C=C[C@@H](c3ccccc3)O[C@@H]2CO/N=C(\C)CCN2CCCCc3nc(C)c(C)cc32)cc1,4.487201289787428,ncgc
COc1ccc(O[C@H]2C=C[C@@H](c3ccccc3)O[C@@H]2CO/N=C(\C)CCN2CCCc3nc(C)c(C)cc32)cc1,4.787200049553703,ncgc
COc1ccc(O[C@H]2C=C[C@@H](c3ccccc3)O[C@H]2CO/N=C2/[C@H]3O[C@@H]3[C@@H](O)[C@H]3[C@H]2CCn2c(=O)n(-c4ccccc4)c(=O)n23)cc1,4.9871949150515835,ncgc
COc1ccc(O[C@H]2C=C[C@@H](c3ccccc3)O[C@H]2CO/N=C2/c3cc(OC)ccc3O[C@@H](c3cccc(OC)c3)[C@H]2O)cc1,4.784219133178269,ncgc;veith
COc1ccc(O[C@H]2C=C[C@@H](c3ccccc3)O[C@H]2CO/N=C\C[C@@H]2C=C[C@H](OC(C)=O)[C@H](COC(C)=O)O2)cc1,4.784219133178269,ncgc;veith
COc1ccc(O[C@H]2C=C[C@@H](c3ccccc3)O[C@H]2COC(=O)CC/C(C)=N/OCC[C@@H]2C=C[C@H](OC(C)=O)[C@H](COC(C)=O)O2)cc1,4.6842193775900025,ncgc;veith
COc1ccc(O[C@H]2C=C[C@@H](c3ccccc3)O[C@H]2COC(=O)CC/C(C)=N\OC[C@@H](O)COCc2ccco2)cc1,4.784219133178269,ncgc;veith
COc1ccc(O[C@H]2C=C[C@@H](c3ccccc3)O[C@H]2COC(=O)CC/C(C)=N\OC[C@@H](O)[C@H]2O[C@H]3OC(C)(C)O[C@H]3[C@@H]2O)cc1,5.084220332573883,ncgc;veith
COc1ccc(O[C@H]2C=C[C@@H](c3ccccc3)O[C@H]2COC(=O)CC/C(C)=N\O[C@@H](C)CN2CCCc3nc(C)c(C)cc32)cc1,4.6842193775900025,ncgc;veith
COc1ccc(O[C@H]2C=C[C@@H](c3ccccc3)O[C@H]2COC(=O)CC/C(C)=N\O[C@@H](C)c2cc(-c3c(C)cc(C)cc3C)no2)cc1,5.084220332573883,ncgc;veith
COc1ccc(O[C@H]2C=C[C@@H](c3ccccc3)O[C@H]2COC(=O)CC/C(C)=N\O[C@@H](C)c2cn([C@H](CO)Cc3ccccc3)nn2)cc1,5.03422188306299,ncgc;veith
COc1ccc(O[C@H]2C=C[C@@H](c3ccccc3)O[C@H]2COC(=O)CC/C(C)=N\O[C@@H](C)c2cn([C@H]3COC[C@H]3O)nn2)cc1,4.884219346423415,ncgc;veith
COc1ccc(O[C@H]2C=C[C@@H](c3ccccc3)O[C@H]2COC(=O)N2CCCCC2)cc1,4.884219346423415,ncgc;veith
COc1ccc(O[C@H]2C=C[C@@H](c3ccccc3)O[C@H]2COC(=O)NCc2cccc3ccccc23)cc1,4.884219346423415,ncgc;veith
COc1ccc(Oc2c(Cl)cnn(-c3ccccc3)c2=O)cc1,4.231237939860009,veith
COc1ccc(Oc2ccccc2C=O)cc1,4.031238394064476,veith
COc1ccc(Oc2nc(C)cc(C)c2S(=O)(=O)c2ccc(C)cc2)cc1,4.131237783223632,veith
COc1ccc(Oc2nc(C)cc(C)c2S(C)(=O)=O)cc1,4.081239412948973,veith
COc1ccc(Oc2nc(SC)nc3ccsc23)cc1,4.731239014571102,veith
COc1ccc(Oc2nc3ccccc3nc2C(F)(F)F)cc1,4.381238666479966,veith
COc1ccc(Oc2ncc3nc(-c4cc(F)cc(F)c4)c(=O)n(C4CC4)c3n2)cc1,3.9842213317585995,ncgc;veith
COc1ccc(Oc2ncc3nc(-c4cc(F)cc(F)c4)c(=O)n(CCC#N)c3n2)cc1,4.184219245074232,ncgc;veith
COc1ccc(Oc2ncc3nc(-c4cc(F)cc(F)c4)c(=O)n(C[C@H]4CCCO4)c3n2)cc1,4.084221702678786,ncgc;veith
COc1ccc(Oc2ncc3nc(-c4ccc(Cl)cc4)c(=O)n(C4CC4)c3n2)cc1,4.784219133178269,ncgc;veith
COc1ccc(Oc2ncc3nc(-c4ccc(Cl)cc4)c(=O)n(CCC#N)c3n2)cc1,4.3842204094659465,ncgc;veith
COc1ccc(Oc2ncc3nc(-c4ccc(Cl)cc4)c(=O)n(C[C@H]4CCCO4)c3n2)cc1,4.184219245074232,ncgc;veith
COc1ccc(Oc2ncc3nc(-c4ccc(F)cc4)c(=O)n(C4CC4)c3n2)cc1,4.984216978540185,ncgc;veith
COc1ccc(Oc2ncc3nc(-c4ccc(F)cc4)c(=O)n(C[C@H]4CCCO4)c3n2)cc1,3.6872033036619767,ncgc
COc1ccc(Oc2ncc3nc(-c4ccc(F)cc4)c(=O)n(Cc4cccs4)c3n2)cc1,4.784219133178269,ncgc;veith
COc1ccc(Oc2ncc3nc(-c4ccc(OC)cc4)c(=O)n(C4CC4)c3n2)cc1,4.484220032521275,ncgc;veith
COc1ccc(Oc2ncc3nc(-c4ccc(OC)cc4)c(=O)n(Cc4cccs4)c3n2)cc1,4.784219133178269,ncgc;veith
COc1ccc(Oc2ncc3nc(-c4cccc(C#N)c4)c(=O)n(CCC#N)c3n2)cc1,3.8872025006290167,ncgc
COc1ccc(Oc2ncc3nc(-c4cccc(C#N)c4)c(=O)n(Cc4cccc(OC)c4)c3n2)cc1,4.884219346423415,ncgc;veith
COc1ccc(Oc2ncc3nc(-c4ccccc4)c(=O)n(C4CC4)c3n2)cc1,4.584219730527165,ncgc;veith
COc1ccc(Oc2ncc3nc(-c4ccccc4)c(=O)n(CCC#N)c3n2)cc1,4.284220827875583,ncgc;veith
COc1ccc(Oc2ncc3nc(-c4ccccc4)c(=O)n(C[C@H]4CCCO4)c3n2)cc1,3.8842202108992034,ncgc;veith
COc1ccc(Oc2ncc3nc(-c4ccccc4)c(=O)n(Cc4cccs4)c3n2)cc1,4.984216978540185,ncgc;veith
COc1ccc(Oc2ncc3nc(-c4cccs4)c(=O)n(C)c3n2)cc1,4.784219133178269,ncgc;veith
COc1ccc(Oc2ncc3nc(-c4cccs4)c(=O)n(CCC#N)c3n2)cc1,4.6842193775900025,ncgc;veith
COc1ccc(Oc2ncc3nc(-c4cccs4)c(=O)n(Cc4cccc(OC)c4)c3n2)cc1,5.284220827875583,ncgc;veith
COc1ccc(Oc2ncc3nc(-c4cccs4)c(=O)n(Cc4cccs4)c3n2)cc1,5.084220332573883,ncgc;veith
COc1ccc(Oc2ncc3nc(-c4cn(C)c5ccccc45)c(=O)n(C)c3n2)cc1,4.487201289787428,ncgc
COc1ccc(Oc2ncc3nc(-c4cn(C)c5ccccc45)c(=O)n(CCC#N)c3n2)cc1,3.787202796262461,ncgc
COc1ccc(Oc2ncc3nc(C)c(=O)n(-c4ccc(OC)cc4)c3n2)cc1,3.6872033036619767,ncgc
COc1ccc(Oc2ncc3nc(C)c(=O)n(-c4ccccc4)c3n2)cc1,4.287203117605396,ncgc
COc1ccc(Oc2ncc3nc(C)c(=O)n(C4CC4)c3n2)cc1,3.8872025006290167,ncgc
COc1ccc(Oc2ncc3nc(C)c(=O)n(C[C@H]4CCCO4)c3n2)cc1,3.6872033036619767,ncgc
COc1ccc(Oc2ncc3nc(C)c(=O)n(Cc4ccc(F)cc4)c3n2)cc1,3.9842213317585995,ncgc;veith
COc1ccc(Oc2ncc3nc(C)c(=O)n(Cc4cccc(OC)c4)c3n2)cc1,4.184219245074232,ncgc;veith
COc1ccc(Oc2ncc3nc(C)c(=O)n(Cc4cccs4)c3n2)cc1,3.6872033036619767,ncgc
COc1ccc(Oc2ncc3nc(CCc4ccccc4)c(=O)n(C)c3n2)cc1,4.284220827875583,ncgc;veith
COc1ccc(Oc2ncc3nc(CCc4ccccc4)c(=O)n(C4CC4)c3n2)cc1,4.184219245074232,ncgc;veith
COc1ccc(Oc2ncc3nc(CCc4ccccc4)c(=O)n(CCC#N)c3n2)cc1,4.284220827875583,ncgc;veith
COc1ccc(Oc2ncc3nc(CCc4ccccc4)c(=O)n(C[C@H]4CCCO4)c3n2)cc1,4.484220032521275,ncgc;veith
COc1ccc(Oc2ncc3ncc(=O)n(C4CC4)c3n2)cc1,3.8872025006290167,ncgc
COc1ccc(Oc2ncc3ncc(=O)n(C[C@H]4CCCO4)c3n2)cc1,3.987203621488413,ncgc
COc1ccc(Oc2ncc3ncc(=O)n(Cc4ccc(F)cc4)c3n2)cc1,3.8842202108992034,ncgc;veith
COc1ccc(Oc2ncc3ncc(=O)n(Cc4cccc(OC)c4)c3n2)cc1,4.284220827875583,ncgc;veith
COc1ccc(Oc2ncc3ncc(=O)n(Cc4cccs4)c3n2)cc1,4.084221702678786,ncgc;veith
COc1ccc(S(=O)(=O)/N=C2/C=CC(=O)C(C)=C2C)cc1,4.931238759019225,veith
COc1ccc(S(=O)(=O)N(CC(=O)N2CCCC2)Cc2ccccc2)cc1,5.28123853814577,veith
COc1ccc(S(=O)(=O)N/N=C(/C)c2cccc(NC(=O)c3ccccc3Cl)c2)cc1,5.981239042028786,veith
COc1ccc(S(=O)(=O)N2C(=O)[C@@](c3ccccc3OC)(N3C[C@H](O)C[C@H]3C(=O)N(C)C)c3cc(Cl)ccc32)c(OC)c1,4.038530441677591,tox21
COc1ccc(S(=O)(=O)N2CC3C4C=CC(C4)C3C2)cc1,4.131237783223632,veith
COc1ccc(S(=O)(=O)N2CCC(O)(Cc3ccccc3F)CC2)cc1Cl,5.673513663003727,challenge
COc1ccc(S(=O)(=O)N2CCCCC2)cc1NC(=O)NCc1c(C)nc2ccccn12,4.724725225003728,challenge
COc1ccc(S(=O)(=O)N2CCCCCC2)cc1N(C)S(=O)(=O)c1ccc(Cl)cc1,4.631238141608918,veith
COc1ccc(S(=O)(=O)N2CCCN(CC(=O)Nc3ccc4c(c3)OCO4)CC2)cc1,4.131237783223632,veith
COc1ccc(S(=O)(=O)N2Cc3ccccc3CC2C(=O)Nc2nccs2)cc1,4.131237783223632,veith
COc1ccc(S(=O)(=O)N2c3cc(C)ccc3OCC2C(C)(C)C)cc1,4.431238405874674,veith
COc1ccc(S(=O)(=O)N2c3ccc(Cl)cc3[C@@](O)(c3ccccc3Cl)[C@H]2C(=O)N2CCC[C@@H]2C(N)=O)cc1OC,4.149695764085624,tox21
COc1ccc(S(=O)(=O)NC(CC(=O)NC2CCCC2)c2ccco2)cc1,4.731239014571102,veith
COc1ccc(S(=O)(=O)NCc2ccc(C(=O)N3CCN(c4ccccn4)CC3)cc2)cc1,4.68123872420235,veith
COc1ccc(S(=O)(=O)NNC(=O)C2Cc3c(ccc4ccccc34)O2)cc1,4.381238666479966,veith
COc1ccc(S(=O)(=O)Nc2cc3c4c(oc3c3ccccc23)CC(C)(C)CC4=O)cc1,5.581238740591187,veith
COc1ccc(S(=O)(=O)Nc2ccc(F)cc2)c(C)c1C,4.331238507999185,veith
COc1ccc(S(=O)(=O)Nc2ccc(S(=O)(=O)N3CCCCC3)cc2)cc1C,5.731239014571102,veith
COc1ccc(S(=O)(=O)Nc2nnc(CC(C)C)s2)cc1,4.5496968251554915,tox21
COc1ccc(S(=O)(=O)n2ccc(-c3cnc(-c4ccccc4)s3)n2)cc1,5.031238394064476,veith
COc1ccc([C@@H](C)Nc2nc(N3CCN(C(C)=O)CC3)nc3c2CN(C(C)C)C3=O)cc1,4.957883281091029,pharmabench
COc1ccc([C@@H](C)c2cc3c(cc2O)OCO3)cc1,5.084220332573883,ncgc;veith
COc1ccc([C@@H](Nc2ccccn2)c2cc(C(C)(C)C)cc(C(C)(C)C)c2O)cc1,4.884219346423415,ncgc;veith
COc1ccc([C@@H](Nc2ncccn2)c2cc3c(cc2O)OCO3)cc1,4.784219133178269,ncgc;veith
COc1ccc([C@@H]2CC(=O)c3c(O)cc(O)cc3O2)cc1O,4.234221046576383,ncgc;veith
COc1ccc([C@@H]2CNC(=O)C2)cc1OC1CCCC1,3.6872033036619767,ncgc
COc1ccc([C@@H]2C[C@H]2C(=O)N2CCC(C(=O)N3CCOCC3)CC2)cc1,5.1702903570037275,challenge
COc1ccc([C@@H]2OCC[C@H]2NC(=O)c2ccc(F)c(CSC)c2)cn1,4.636945110003728,challenge
COc1ccc([C@@H]2OC[C@]3(COC(C)=O)[C@H](C)C=C(C)[C@@H]2[C@H]3C)cc1,3.987203621488413,ncgc
COc1ccc([C@@H]2Sc3ccccc3NC(=O)[C@@H]2O)cc1,4.399695684644625,tox21
COc1ccc([C@H](C)NC(=O)COc2cc(C(F)(F)F)c3c(-c4ccccc4)nn(C)c3n2)cc1,4.639124518466617,pharmabench
COc1ccc([N+](=O)[O-])cc1COc1ccc2c(-c3ccccc3)cc(=O)oc2c1,4.431238405874674,veith
COc1ccc([N+](=O)[O-])cc1N,4.012645806523879,tox21
COc1ccc([N+](=O)[O-])cc1N(CC(O)CN(CC(C)C)CC(C)C)S(=O)(=O)c1ccccc1,4.181236955344418,veith
COc1ccc([N+](=O)[O-])cc1NC(=S)NC(NC(=O)Cc1ccc(OC)c(OC)c1)C(Cl)(Cl)Cl,5.181236955344418,veith
COc1ccc2[nH]c(-c3ccccc3)c(CCNC(C)=O)c2c1,4.084221702678786,ncgc;veith
COc1ccc2[nH]c(=O)c3c(c2c1)OC(C)(C)C=C3,3.8872025006290167,ncgc
COc1ccc2[nH]c(C(=O)N3CCC(c4nnc5n4CCCC5)CC3)cc2c1,4.623044613003728,challenge
COc1ccc2[nH]c(C(=O)NC(C)c3c(F)cncc3F)cc2c1,5.287962765003727,challenge
COc1ccc2[nH]c(C(=O)NC[C@@H]3C[C@H](OC)CN3c3ccncn3)cc2c1,5.822423482003727,challenge
COc1ccc2[nH]c(C(=O)c3ccccc3)cc2c1,3.6872033036619767,ncgc
COc1ccc2[nH]c(I)c(CCNC(C)=O)c2c1,3.6872033036619767,ncgc
COc1ccc2[nH]c(S(=O)Cc3ncc(C)c(OC)c3C)nc2n1,4.399695684644625,tox21
COc1ccc2[nH]c(SCC(C)(C)C)nc2c1,4.011758661873884,pharmabench
COc1ccc2[nH]c(SCC3CCCCC3)nc2c1,4.693655933334798,pharmabench
COc1ccc2[nH]c(SCc3ccc(Br)cc3)nc2c1,4.826211161823761,pharmabench
COc1ccc2[nH]c(SCc3ccc(C(C)C)cc3)nc2c1,4.8040684167465,pharmabench
COc1ccc2[nH]c(SCc3ccc(C)cc3)nc2c1,4.510079458578659,pharmabench
COc1ccc2[nH]c(SCc3ccc(Cl)cc3)nc2c1,4.5613933388142245,pharmabench
COc1ccc2[nH]c(SCc3ccc(I)cc3)nc2c1,4.626287293761445,pharmabench
COc1ccc2[nH]c(SCc3ccc(OCc4ccccc4)cc3)nc2c1,5.3936118506524675,pharmabench
COc1ccc2[nH]c(SCc3ccc4ccccc4n3)nc2c1,4.54710604771382,pharmabench
COc1ccc2[nH]c(SCc3cccc(Oc4ccccc4)c3)nc2c1,5.355823289763068,pharmabench
COc1ccc2[nH]c(SCc3ccccc3)nc2c1,4.349981682534284,pharmabench
COc1ccc2[nH]c(SCc3ccccn3)nc2c1,5.597731833308392,pharmabench
COc1ccc2[nH]c3c(NCCCN4CCCC4=O)ncnc3c2c1,4.68123872420235,veith
COc1ccc2[nH]cc(CCN(C)C)c2c1,3.6872033036619767,ncgc
COc1ccc2[nH]cc(CCNC(C)=O)c2c1,3.8421618884385573,challenge;tox21
COc1ccc2[nH]cc(CCNc3cc(-c4ccc5c(c4)OCO5)ncn3)c2c1,5.087201252198795,ncgc
COc1ccc2[nH]cc(CCNc3cc(-c4ccccc4C(F)(F)F)ncn3)c2c1,5.284220827875583,ncgc;veith
COc1ccc2[nH]cc(CCNc3cc(-c4ccccc4Cl)ncn3)c2c1,5.384228610767986,ncgc;veith
COc1ccc2[nH]cc(CCNc3ccnc(-c4c(C)noc4C)n3)c2c1,5.384228610767986,ncgc;veith
COc1ccc2[nH]cc(CCNc3ccnc(-c4cccc(C#N)c4)n3)c2c1,5.184224419702565,ncgc;veith
COc1ccc2[nH]cc(CCNc3ccnc(-c4cccc(NS(C)(=O)=O)c4)n3)c2c1,6.184207171420976,ncgc;veith
COc1ccc2[nH]cc(CCNc3ccnc(-c4ccccc4C)n3)c2c1,5.187211884060712,ncgc
COc1ccc2[nH]cc(CCNc3ccnc(-c4ccccc4Cl)n3)c2c1,5.287203117605396,ncgc
COc1ccc2[nH]cc(CCNc3ccnc(-c4cccnc4)n3)c2c1,5.387218555056005,ncgc
COc1ccc2[nH]cc(CCNc3ccnc(-c4ccoc4)n3)c2c1,5.384228610767986,ncgc;veith
COc1ccc2[nH]cc(CCNc3nc(-c4c(C)noc4C)nc4ccccc34)c2c1,5.5842153979372355,ncgc;veith
COc1ccc2[nH]cc(CCNc3nc(-c4ccc(C(=O)N(C)C)cc4)nc4ccccc34)c2c1,5.287203117605396,ncgc
COc1ccc2[nH]cc(CCNc3nc(-c4ccc(N(C)C)cc4)nc4ccccc34)c2c1,5.684224832111824,ncgc;veith
COc1ccc2[nH]cc(CCNc3nc(-c4cccc(C#N)c4)nc4ccccc34)c2c1,5.78423973440602,ncgc;veith
COc1ccc2[nH]cc(CCNc3nc(-c4cccc(NS(C)(=O)=O)c4)nc4ccccc34)c2c1,5.684224832111824,ncgc;veith
COc1ccc2[nH]cc(CCNc3nc(-c4cccnc4)nc4ccccc34)c2c1,5.484206266808193,ncgc;veith
COc1ccc2[nH]cc(CCNc3nc(-c4ccoc4)nc4ccccc34)c2c1,5.287203117605396,ncgc
COc1ccc2[nH]cc(CCNc3ncnc4ccc(-c5c(C)noc5C)cc34)c2c1,5.5842153979372355,ncgc;veith
COc1ccc2[nH]cc(CCNc3ncnc4ccc(-c5ccc(C(=O)N(C)C)cc5)cc34)c2c1,5.884210701854814,ncgc;veith
COc1ccc2[nH]cc(CCNc3ncnc4ccc(-c5ccc6c(c5)OCO6)cc34)c2c1,6.184207171420976,ncgc;veith
COc1ccc2[nH]cc(CCNc3ncnc4ccc(-c5cccc(C#N)c5)cc34)c2c1,6.484206266808193,ncgc;veith
COc1ccc2[nH]cc(CCNc3ncnc4ccc(-c5ccccc5C#N)cc34)c2c1,5.78423973440602,ncgc;veith
COc1ccc2[nH]cc(CCNc3ncnc4ccc(-c5ccccc5OC)cc34)c2c1,5.884210701854814,ncgc;veith
COc1ccc2[nH]cc(CCNc3ncnc4ccc(-c5cccnc5)cc34)c2c1,5.284220827875583,ncgc;veith
COc1ccc2[nH]cc(CCNc3ncnc4ccc(-c5ccoc5)cc34)c2c1,5.684224832111824,ncgc;veith
COc1ccc2[nH]cc(CCNc3ncncc3-c3c(C)noc3C)c2c1,5.187211884060712,ncgc
COc1ccc2[nH]cc(CCNc3ncncc3-c3ccc(C(=O)N(C)C)cc3)c2c1,5.684224832111824,ncgc;veith
COc1ccc2[nH]cc(CCNc3ncncc3-c3ccc(N(C)C)cc3)c2c1,5.5842153979372355,ncgc;veith
COc1ccc2[nH]cc(CCNc3ncncc3-c3ccc4c(c3)OCO4)c2c1,5.5842153979372355,ncgc;veith
COc1ccc2[nH]cc(CCNc3ncncc3-c3cccc(C#N)c3)c2c1,5.5842153979372355,ncgc;veith
COc1ccc2[nH]cc(CCNc3ncncc3-c3cccc(NS(C)(=O)=O)c3)c2c1,5.684224832111824,ncgc;veith
COc1ccc2[nH]cc(CCNc3ncncc3-c3ccccc3C(F)(F)F)c2c1,6.284220827875583,ncgc;veith
COc1ccc2[nH]cc(CCNc3ncncc3-c3ccccc3C)c2c1,6.184207171420976,ncgc;veith
COc1ccc2[nH]cc(CCNc3ncncc3-c3ccccc3Cl)c2c1,5.984249629805708,ncgc;veith
COc1ccc2[nH]cc(CCNc3ncncc3-c3ccccc3OC)c2c1,5.884210701854814,ncgc;veith
COc1ccc2[nH]cc(CCNc3ncncc3-c3ccoc3)c2c1,5.284220827875583,ncgc;veith
COc1ccc2c(-n3c(=O)n(Cc4cccc([C@@]5(C)OC(=O)NC5=O)c4)c4ccccc43)noc2c1,5.0370645271386545,pharmabench
COc1ccc2c(=O)c(-c3ccccc3C)c(C)oc2c1,4.031238394064476,veith
COc1ccc2c(=O)cc(-c3ccc(O)cc3)oc2c1,4.487201289787428,ncgc
COc1ccc2c(=O)cc(-c3ccccc3)oc2c1O,4.087203992408599,ncgc
COc1ccc2c(C(=O)c3ccc(Cl)cc3)c(C)n(CC(=O)O)c2c1,4.5996964603675305,tox21
COc1ccc2c(C(F)(F)F)c(CC(=O)O)c(=O)oc2c1,3.6391245184666174,pharmabench
COc1ccc2c(C)cc(SCC(=O)c3ccc4c(c3)OCO4)nc2c1,4.88123792116939,veith
COc1ccc2c(C=Nc3c(C)n(C)n(-c4ccccc4)c3=O)c(O)n(Cc3ccco3)c(=O)c2c1,4.381238666479966,veith
COc1ccc2c(Cc3c4ccccc4cc4ccccc34)cncc2c1O,7.685143126277434,ncgc
COc1ccc2c(Cl)c(C(=O)NCCCn3ccnc3)sc2c1Cl,5.331238507999185,veith
COc1ccc2c(Cl)cc(NC(=S)Nc3ccccc3)nc2c1,4.687200030977656,ncgc
COc1ccc2c(N3CCN(CCc4cnccn4)CC3)ncnc2c1F,3.993991235003728,challenge
COc1ccc2c(c1)-c1ccccc1S(=O)(=O)N2C,4.131237783223632,veith
COc1ccc2c(c1)-c1ccccc1S(=O)(=O)N2C(C)=O,4.181236955344418,veith
COc1ccc2c(c1)-c1nc(NC(=O)c3cccs3)sc1CC2,4.831238989834795,veith
COc1ccc2c(c1)C(=NN)c1cc(OC)ccc1-2,4.731239014571102,veith
COc1ccc2c(c1)C(=O)N(CCc1ccc(S(=O)(=O)NC(=O)NC3CCCCC3)cc1)C(=O)C2(C)C,4.218448454069097,ncgc;tox21
COc1ccc2c(c1)C(c1ccc([N+](=O)[O-])cc1)=NNC(c1ccco1)=N2,4.131237783223632,veith
COc1ccc2c(c1)C1(CC1)CN(C(=O)Cn1ncc3ccccc3c1=O)C2,4.657690602003727,challenge
COc1ccc2c(c1)C1(CC1)CN(C(=O)c1cc(F)cc3[nH]cnc13)C2,5.861857060003728,challenge
COc1ccc2c(c1)CCN2C(=O)CC(C)c1cnn(C)c1,4.625382248003728,challenge
COc1ccc2c(c1)CCN2C(=O)Cn1cc(C(N)=O)c2ccccc21,4.7717741300037275,challenge
COc1ccc2c(c1)CCc1c(C(=O)N3CCCCCC3)noc1-2,3.88123792116939,veith
COc1ccc2c(c1)CCc1sc(NC(=O)c3ccc(C)cc3)nc1-2,4.581238740591187,veith
COc1ccc2c(c1)CN([C@H](C)[C@@H]1CC[C@@H]3[C@H]4CC[C@H]5C[C@@H](O)CC[C@@]5(C)[C@H]4CC[C@]31C)CO2,4.387202152451927,ncgc
COc1ccc2c(c1)Cc1cc(N=[N+]([O-])c3ccc4c(c3)Cc3cc(OC)ccc3-4)ccc1-2,5.087201252198795,ncgc
COc1ccc2c(c1)Cc1sc(NC(=O)c3ccco3)nc1-2,4.28123853814577,veith
COc1ccc2c(c1)N(C(=O)C1CC(=O)N(c3ccc(F)c([N+](=O)[O-])c3)C1)CCCC2,4.891473783003728,challenge
COc1ccc2c(c1)N(C(=O)c1cccnc1)CCCC2,4.015162725003727,challenge
COc1ccc2c(c1)OC1=C(C(=O)CCC1)C2C1=C(O)CCCC1=O,3.931238759019225,veith
COc1ccc2c(c1)OCCC2NC(=O)c1cc(C)c(C)cn1,5.220034500003727,challenge
COc1ccc2c(c1)OCCN(C(=O)Nc1ncc(C)s1)C2,4.934191203003728,challenge
COc1ccc2c(c1)[C@]1(C)CCC[C@](C)(CO)[C@@H]1CC2,4.387202152451927,ncgc
COc1ccc2c(c1)[C@]1(C[C@H]1c1ccc3c(/C=C/c4ccc(CN5CCCCC5)nc4)n[nH]c3c1)C(=O)N2,5.191966487124398,pharmabench
COc1ccc2c(c1)[C@]1(C[C@H]1c1ccc3c(/C=C/c4ccc(CN5CCOCC5)cc4)n[nH]c3c1)C(=O)N2,5.191966487124398,pharmabench
COc1ccc2c(c1)[C@]1(C[C@H]1c1ccc3c(/C=C/c4ccc(CN5CCOCC5)cc4)n[nH]c3c1)C(=O)N2C,5.338094522802636,pharmabench
COc1ccc2c(c1)[C@]1(C[C@H]1c1ccc3c(/C=C/c4ccc(CN5C[C@@H](C)O[C@@H](C)C5)cc4)n[nH]c3c1)C(=O)N2,5.364966669202937,pharmabench
COc1ccc2c(c1)[C@]1(C[C@H]1c1ccc3c(/C=C/c4ccc(CN5C[C@@H](C)O[C@@H](C)C5)cc4)n[nH]c3c1)C(=O)N2C,5.694641846316448,pharmabench
COc1ccc2c(c1)[C@]1(C[C@H]1c1ccc3c(/C=C/c4ccc(CN5[C@H](C)CN(C)C[C@@H]5C)cc4)n[nH]c3c1)C(=O)N2,5.589906495796435,pharmabench
COc1ccc2c(c1)[C@]1(C[C@H]1c1ccc3c(/C=C/c4ccc([C@H](C)N5CCOCC5)cc4)n[nH]c3c1)C(=O)N2C,5.694641846316448,pharmabench
COc1ccc2c(c1)[nH]c1c(N3CCN(Cc4ccc5c(c4)OCO5)CC3)ncnc12,4.331238507999185,veith
COc1ccc2c(c1)c(=O)oc1c(C)c(OCC(=O)N3CCc4ccccc4C3)ccc12,5.28123853814577,veith
COc1ccc2c(c1)c(CC(=O)N1CCOCC1)c(C)n2C(=O)c1ccc(Cl)cc1,3.6872033036619767,ncgc
COc1ccc2c(c1)c(CC(=O)O)c(C)n2C(=O)c1ccc(Cl)cc1,4.1114530632182404,ncgc;tox21
COc1ccc2c(c1)c(CC(=O)O)c(C)n2C(=O)c1ccccc1,4.284220827875583,ncgc;veith
COc1ccc2c(c1)c(CC(=O)O)c(C)n2Cc1ccc(Cl)cc1,4.187201534804045,ncgc
COc1ccc2c(c1)c(CC(=O)O)c(C)n2Cc1ccc(F)cc1,3.8842202108992034,ncgc;veith
COc1ccc2c(c1)c(CC(=O)OC/C=C(\C)CC/C=C(\C)CCC=C(C)C)c(C)n2C(=O)c1ccc(Cl)cc1,4.449695384640936,tox21
COc1ccc2c(c1)c(CC(=O)OCC(=O)O)c(C)n2C(=O)c1ccc(Cl)cc1,4.399695684644625,tox21
COc1ccc2c(c1O)-c1c(OC)c(OC)cc3c1[C@H](C2)N(C)CC3,4.187201534804045,ncgc
COc1ccc2c(c1OC)C(=O)O[C@@H]2[C@H]1c2c(cc3c(c2OC)OCO3)CCN1C,5.623399032838586,ncgc;pharmabench;tox21;veith
COc1ccc2c(c1OC)C(=O)O[C@@H]2[C@H]1c2cc3c(cc2CCN1C)OCO3,4.390000180006789,ncgc;tox21
COc1ccc2c(c1OC)C(=O)O[C@H]2[C@@H]1c2cc3c(cc2CCN1C)OCO3,4.899697790475481,tox21
COc1ccc2c(c1OC)C(=O)O[C@H]2[C@H]1c2c(cc3c(c2OC)OCO3)CCN1C,4.859219671409203,ncgc;veith
COc1ccc2c(c1OC)C(=O)O[C@H]2[C@H]1c2cc3c(cc2CCN1C)OCO3,4.384219721963314,ncgc;veith
COc1ccc2c(c1OC)CN1CCc3cc4c(cc3C1C2)OCO4,4.149695764085624,tox21
COc1ccc2c(c[n+](C)c3c4cc5c(cc4ccc23)OCO5)c1OC,3.6872033036619767,ncgc
COc1ccc2c3c([nH]c2c1)[C@@H]1C[C@@H]2[C@@H](C[C@H](O)[C@H](OC)[C@H]2C(=O)O)CN1CC3,7.889263108933359,ncgc
COc1ccc2c3c1O[C@H]1C[C@H](O)C=C[C@@]31CCN(C)C2,5.384228610767986,ncgc;veith
COc1ccc2cc(-c3cncc4ccccc34)ccc2c1,5.2342908018466785,pharmabench
COc1ccc2cc(-c3cnccc3N)ccc2c1,3.6481644187844178,pharmabench
COc1ccc2cc(C(=O)NC(C)C3(N4CCOCC4)CCCC3)[nH]c2c1,4.523620613003728,challenge
COc1ccc2cc(C)c3nnc(SCC(=O)Nc4nc(-c5ccccc5)cs4)n3c2c1,4.831238989834795,veith
COc1ccc2cc(S(=O)(=O)N[C@H](CC(=O)N[C@H](Cc3ccc(CN4[C@H](C)CCC[C@@H]4C)cc3)C(=O)N(C)C(C)C)c3ccc4c(c3)OCO4)ccc2c1.Cl,4.012454324384802,tox21
COc1ccc2cc([C@H](C)C(=O)O)ccc2c1,3.8385301209917824,tox21
COc1ccc2cc([C@H](C)C(=O)[O-])ccc2c1.[Na+],3.6872033036619767,ncgc
COc1ccc2cc1Oc1ccc(cc1)C[C@H]1c3c(cc4c(c3Oc3cc5c(cc3OC)CCN(C)[C@@H]5C2)OCO4)CCN1C,4.149695764085624,tox21
COc1ccc2cc3cc(C(=O)NCc4ccc5c(c4)OCO5)oc3nc2c1,4.631238141608918,veith
COc1ccc2cc3cc(C(=O)Nc4ccc5c(c4)OCO5)oc3nc2c1,4.581238740591187,veith
COc1ccc2cccc(CCNC(C)=O)c2c1,4.449695384640936,tox21
COc1ccc2ccccc2c1/C=C\C(=O)c1ccccc1,5.184224419702565,ncgc;veith
COc1ccc2nc(C)cc(SCC(=O)NNC(=O)COc3ccccc3)c2c1,4.28123853814577,veith
COc1ccc2nc(C)cc(SCC(=O)Nc3c(C)cc(C)cc3C)c2c1,4.381238666479966,veith
COc1ccc2nc(CSc3ncc(Oc4ccccc4)cn3)[nH]c2n1,5.383703715003728,challenge
COc1ccc2nc(N3C(=O)CC(Cc4ccc(Cl)cc4)C3=O)sc2c1,4.181236955344418,veith
COc1ccc2nc(SCC(=O)Nc3ccc4c(c3)OCCO4)[nH]c2c1,4.931238759019225,veith
COc1ccc2nc(SCc3ccc4ccccc4c3)[nH]c2c1,4.982068665609513,pharmabench
COc1ccc2nc(Sc3c([N+](=O)[O-])nc(C)n3Cc3ccccc3)[nH]c2c1,4.081239412948973,veith
COc1ccc2nc3c(c(-c4ccccc4)c2c1)CCC3,4.184219245074232,ncgc;veith
COc1ccc2nc3c(c([Si](C)(C)C(C)(C)C)c2c1)Cn1c-3cccc1=O,4.184219245074232,ncgc;veith
COc1ccc2nc3c(cc2c1)Cc1ccccc1-3,4.487201289787428,ncgc
COc1ccc2nccc(N3CCCC(N4CCNC4=O)C3)c2c1,4.400627260003728,challenge
COc1ccc2oc(-c3ccc(C)c(NC(=O)CSc4ccc(Cl)cc4)c3)nc2c1,5.081239412948973,veith
COc1ccc2oc(-c3ccc(C)c(NC(=O)c4ccc(N5CCOCC5)c([N+](=O)[O-])c4)c3)nc2c1,4.7812382168028345,veith
COc1ccc2oc(-c3ccc(O)cc3)cc(=O)c2c1,4.88720077167744,ncgc
COc1ccc2oc(-c3ccccc3)c(OC)c(=O)c2c1,3.8872025006290167,ncgc
COc1ccc2oc(C(=O)c3ccccc3)c(N)c2c1,4.231237939860009,veith
COc1ccc2onc(CC(=O)Nc3cncnc3N3CCCC3)c2c1,4.684740840003728,challenge
COc1ccc2sc(C(=O)Nc3nnn[n-]3)c(OC(C)C)c2c1.[Na+],4.189949563846856,tox21
COc1cccc(-c2[nH]nc3c2C(c2ccsc2)C(C#N)=C(N)O3)c1,4.88123792116939,veith
COc1cccc(-c2cc(=O)c3cc(O)ccc3o2)c1,3.8872025006290167,ncgc
COc1cccc(-c2cc(=O)c3ccccc3o2)c1N,3.7842205065326477,ncgc;veith
COc1cccc(-c2cc(C(=O)N/N=C/c3ccc(OC)c(COC(C)=O)c3)c3ccccc3n2)c1,5.68123872420235,veith
COc1cccc(-c2cc(C(F)(F)F)nc(N3CCCCC3)n2)c1,5.731239014571102,veith
COc1cccc(-c2cc(C(F)(F)F)nc(N3CCOCC3)n2)c1,4.081239412948973,veith
COc1cccc(-c2cc(CNC(=O)[C@H]3OC[C@H]4CCC[C@H]43)on2)c1,4.9541660420037275,challenge
COc1cccc(-c2cc(NCCc3c[nH]c4ccc(OC)cc34)ncn2)c1,5.087201252198795,ncgc
COc1cccc(-c2cc3nc(-c4ccccc4)cc(N4CCC5(CC4)OCCO5)n3n2)c1,4.831238989834795,veith
COc1cccc(-c2ccc(/C=C\CN3CCCCCC3)cc2Cl)c1.Cl,4.0906524107555375,tox21
COc1cccc(-c2ccc3ncnc(N(C)Cc4ccco4)c3c2)c1,5.187211884060712,ncgc
COc1cccc(-c2ccc3ncnc(NCCc4c[nH]c5ccc(OC)cc45)c3c2)c1,5.684224832111824,ncgc;veith
COc1cccc(-c2ccc3ncnc(NCc4ccc(OC)cc4OC)c3c2)c1,5.5842153979372355,ncgc;veith
COc1cccc(-c2ccc3ncnc(NCc4ccccc4)c3c2)c1,5.684224832111824,ncgc;veith
COc1cccc(-c2ccc3ncnc(NCc4ccccc4OC)c3c2)c1,5.484206266808193,ncgc;veith
COc1cccc(-c2ccc3ncnc(NCc4cccnc4)c3c2)c1,5.087201252198795,ncgc
COc1cccc(-c2ccc3ncnc(NCc4cccs4)c3c2)c1,5.484206266808193,ncgc;veith
COc1cccc(-c2ccc3ncnc(Nc4ccccc4)c3c2)c1,5.487173758361262,ncgc
COc1cccc(-c2cncnc2-n2ccnc2)c1,5.484206266808193,ncgc;veith
COc1cccc(-c2cncnc2NCCc2c[nH]c3ccc(OC)cc23)c1,6.284220827875583,ncgc;veith
COc1cccc(-c2cncnc2NCCc2cnc[nH]2)c1,5.884210701854814,ncgc;veith
COc1cccc(-c2cncnc2NCc2ccc(OC)cc2OC)c1,5.284220827875583,ncgc;veith
COc1cccc(-c2cncnc2NCc2ccccc2)c1,6.084206632000299,ncgc;veith
COc1cccc(-c2cncnc2NCc2ccccc2OC)c1,5.484206266808193,ncgc;veith
COc1cccc(-c2cncnc2NCc2cccs2)c1,5.684224832111824,ncgc;veith
COc1cccc(-c2csc(N3CCN(C(=S)Nc4ccccc4)CC3)n2)c1,6.081239412948973,veith
COc1cccc(-c2csc(N3CCN(CC(=O)NNC(=O)c4ccc(Cl)cc4)CC3)n2)c1,5.181236955344418,veith
COc1cccc(-c2nc(CCOc3cccc(C[C@@H]4C(=O)N(c5ccc(C(C)(C)C)cc5)[C@@H]4C(=O)O)c3)c(C)o2)c1,5.52518116615978,pharmabench
COc1cccc(-c2nc(CS(=O)(=O)CC(=O)NCCCOC(C)C)c(C)o2)c1,4.231237939860009,veith
COc1cccc(-c2nc(N(C)C)c3ccccc3n2)c1,5.387218555056005,ncgc
COc1cccc(-c2nc(NCCc3c[nH]c4ccc(OC)cc34)c3ccccc3n2)c1,5.384228610767986,ncgc;veith
COc1cccc(-c2nc(NCc3ccc(OC)cc3OC)c3ccccc3n2)c1,5.78423973440602,ncgc;veith
COc1cccc(-c2nc(NCc3ccccc3)c3ccccc3n2)c1,5.184224419702565,ncgc;veith
COc1cccc(-c2nc(NCc3ccccc3OC)c3ccccc3n2)c1,5.287203117605396,ncgc
COc1cccc(-c2nccc(NCCc3c[nH]c4ccc(OC)cc34)n2)c1,5.5842153979372355,ncgc;veith
COc1cccc(-c2nccc(NCc3cccc(C)c3)n2)c1,5.087201252198795,ncgc
COc1cccc(-c2nccc(NCc3ccccc3OC)n2)c1,5.184224419702565,ncgc;veith
COc1cccc(-c2nnc3n2N=C(C(C)(C)C)CS3)c1,4.031238394064476,veith
COc1cccc(-c2nnc3sc(-c4ccc(C)cc4)nn23)c1,4.28123853814577,veith
COc1cccc(-c2noc(-c3cccnc3)n2)c1,4.081239412948973,veith
COc1cccc(-c2noc(Cn3nc(C)c([N+](=O)[O-])c3C)n2)c1,4.631238141608918,veith
COc1cccc(-c2oc3ccccc3c(=O)c2O)c1,4.187201534804045,ncgc
COc1cccc(-n2c(SCC(=O)Nc3sc4c(c3C(N)=O)CCC4)nc3ccccc3c2=O)c1,5.331238507999185,veith
COc1cccc(-n2ccnc2SCC(=O)Nc2nccs2)c1,4.231237939860009,veith
COc1cccc(/C(O)=C2/C(=O)C(=O)N(Cc3cccnc3)C2c2ccco2)c1,5.68123872420235,veith
COc1cccc(/C(O)=C2/C(=O)C(=O)N(c3cc(C)on3)C2c2cccs2)c1,4.131237783223632,veith
COc1cccc(/C(O)=C2/C(=O)C(=O)N(c3ccccn3)C2c2ccc(OC)c(OC)c2)c1,4.081239412948973,veith
COc1cccc(/C=C/C2=CC3(C)CC2(C)C(c2cccc(OC)c2)CC3=O)c1,4.787200049553703,ncgc
COc1cccc(/C=N/NC(=O)C(=O)NCc2cccnc2)c1,3.931238759019225,veith
COc1cccc(/C=N/NC(=O)c2c(-c3ccccc3)noc2C)c1,4.731239014571102,veith
COc1cccc(/C=N/NC(=O)c2cccc([N+](=O)[O-])c2)c1OS(=O)(=O)c1ccc(C)cc1,4.731239014571102,veith
COc1cccc(/C=N/Nc2nc(N3CCCC3)nc(N3CCCC3)n2)c1O,4.181236955344418,veith
COc1cccc(/C=N\NC(=O)C2C(=O)NCC2c2ccccc2)c1O,4.131237783223632,veith
COc1cccc(=O)c2c(C)n(-c3cc(C)cc(C)c3)c(C)c12,4.68123872420235,veith
COc1cccc(C(=O)CCN[C@@H](C)[C@H](O)c2ccccc2)c1.Cl,4.199695243524282,tox21
COc1cccc(C(=O)COc2ccc(CC3SC(=O)NC3=O)cc2)c1,3.976366686785043,pharmabench
COc1cccc(C(=O)N(C)c2nnc(-c3ccncc3)s2)c1,4.981239042028786,veith
COc1cccc(C(=O)N(Cc2ccccc2)Cc2cc3cc4c(cc3[nH]c2=O)OCCO4)c1,4.28123853814577,veith
COc1cccc(C(=O)N/N=C/c2cn[nH]c2-c2ccc(OC)cc2OC)c1,4.131237783223632,veith
COc1cccc(C(=O)N2N=C(c3cccc(OC)c3)CC2(O)C(F)(F)F)c1,5.081239412948973,veith
COc1cccc(C(=O)NC2CC3CCCC(C2)N3CC(=O)Nc2ccccc2)c1.Cl,6.581238740591187,veith
COc1cccc(C(=O)NCC(=O)NC2CC(C)(C)Oc3ccccc32)c1,4.3041210370037275,challenge
COc1cccc(C(=O)NCCN2CCOCC2)c1,4.731239014571102,veith
COc1cccc(C(=O)NCCNC(=O)C2COc3ccccc3C2)c1,4.924880705003727,challenge
COc1cccc(C(=O)NN(C(=O)c2cc(C)cc(C)c2)C(C)(C)C)c1C,4.3885311946544245,tox21
COc1cccc(C(=O)Nc2ccc(NC(=O)c3ccco3)cn2)c1,4.131237783223632,veith
COc1cccc(C(=O)n2c(SC)nc3cc4c(cc32)OCCO4)c1,3.981239042028786,veith
COc1cccc(C(C(=O)Nc2ccc(F)cc2)N(C(=O)Cn2nnc3ccccc32)C2CC2)c1,4.181236955344418,veith
COc1cccc(C(C)C(=O)N2CCCC(c3cn(C)nn3)C2)c1,4.3674845650037275,challenge
COc1cccc(C(C)C(=O)N2CCc3nccc(O)c3C2)c1,3.104872863003728,challenge
COc1cccc(C(CC(=O)Nc2cccc3ccccc23)NC(=O)c2ccccc2)c1,5.88123792116939,veith
COc1cccc(C(O)CNC(=O)COc2ccc3ccccc3c2)c1,5.5002432200037275,challenge
COc1cccc(C(O)CNC(=O)c2ccc(N3CCCCCC3)nc2)c1,4.789169343003728,challenge
COc1cccc(C2=CC(c3ccccc3)n3nnnc3N2)c1,5.581238740591187,veith
COc1cccc(C2=NOC(C(=O)Nc3cccnc3)C2)c1,3.88123792116939,veith
COc1cccc(C2C(C(=O)c3cc4ccccc4o3)=C(O)C(=O)N2c2cc(C)on2)c1OC,4.131237783223632,veith
COc1cccc(C2C3=C(CC(C)(C)CC3=O)OC(N)=C2[N+](=O)[O-])c1,4.181236955344418,veith
COc1cccc(C2CC(C(F)(F)F)n3ncc(C(=O)NC(C)(C)C)c3N2)c1,4.131237783223632,veith
COc1cccc(C2CC(C)CN2C(=O)NCCNC(=O)c2cccnc2)c1,4.242636380003728,challenge
COc1cccc(C2CCN(C(=O)Cc3cc(C)on3)CC2)c1,4.458132812003727,challenge
COc1cccc(C2CCN(S(=O)(=O)c3ccc(C#N)c(C)c3)CC2)c1,4.574708653003728,challenge
COc1cccc(C2CN(C(=O)c3ccc4c(c3)OCC(=O)N4)CCO2)c1,5.1315161970037275,challenge
COc1cccc(C2NC(c3cccc(OC)c3O)C(C)C(=O)C2C)c1O,4.28123853814577,veith
COc1cccc(C2c3c(-c4ccccc4)n[nH]c3C(=O)N2c2ccc(C(=O)O)cc2)c1,4.28123853814577,veith
COc1cccc(CC(=O)N2CCN(C(=O)c3cnc4ccccc4c3)CC2)c1,3.9142046100037278,challenge
COc1cccc(CC(=O)Nc2ccc(-n3cnc(C)c3C)cc2)n1,4.342404140003728,challenge
COc1cccc(CN2C(=O)N(C(C)C)C(N(O)C(=O)NC(C)C)C2(C)C)c1OC,4.081239412948973,veith
COc1cccc(CNC(=O)CC2(C)CC3(CCCCC3)OO2)c1,4.714845232404735,pharmabench
COc1cccc(CNC(=O)CCNC(=O)Cn2ccc3ccccc3c2=O)c1,4.7812382168028345,veith
COc1cccc(CNC(=O)CN2CC3CC3(c3ccc(C)cc3)C2)c1,5.512771585003728,challenge
COc1cccc(CNC(=O)CN2CCCC2CN2CCCCC2)c1,4.200690640003728,challenge
COc1cccc(CNC(=O)Cn2cc(-c3ccc(CO)cc3)nn2)c1,5.5175362150037275,challenge
COc1cccc(CNC(=O)N2CCCC(c3ccnn3C)C2)c1OC,4.301493400003728,challenge
COc1cccc(CNC(=O)NCC(O)c2cc(OC)cc(OC)c2)c1,4.413011153003728,challenge
COc1cccc(CNc2ccc(F)c(Cl)c2)c1O,4.831238989834795,veith
COc1cccc(CSc2nnc(C(F)(F)F)n2Cc2ccc(F)cc2)c1,4.231237939860009,veith
COc1cccc(Cc2noc(Cc3cnn(-c4ccccc4)n3)n2)n1,5.218423680003728,challenge
COc1cccc(Cc2noc([C@@H]3C[C@H]3c3ccc(F)cc3F)n2)n1,4.970555535003728,challenge
COc1cccc(Cn2c(=O)c(-c3cc(F)cc(F)c3)nc3cnc(N4CCNCC4)nc32)c1,4.3842204094659465,ncgc;veith
COc1cccc(Cn2c(=O)c(-c3cc(F)cc(F)c3)nc3cnc(N4CCOCC4)nc32)c1,7.287203117605396,ncgc
COc1cccc(Cn2c(=O)c(-c3cc(F)cc(F)c3)nc3cnc(OC)nc32)c1,4.784219133178269,ncgc;veith
COc1cccc(Cn2c(=O)c(-c3cc(F)cc(F)c3)nc3cncnc32)c1,4.584219730527165,ncgc;veith
COc1cccc(Cn2c(=O)c(-c3ccc(Cl)cc3)nc3cnc(N4CCNCC4)nc32)c1,4.184219245074232,ncgc;veith
COc1cccc(Cn2c(=O)c(-c3ccc(Cl)cc3)nc3cnc(OC)nc32)c1,4.3842204094659465,ncgc;veith
COc1cccc(Cn2c(=O)c(-c3ccc(Cl)cc3)nc3cncnc32)c1,4.084221702678786,ncgc;veith
COc1cccc(Cn2c(=O)c(-c3ccc(F)c(F)c3)nc3cncnc32)c1,4.084221702678786,ncgc;veith
COc1cccc(Cn2c(=O)c(-c3ccc(F)cc3)nc3cnc(N4CCNCC4)nc32)c1,4.084221702678786,ncgc;veith
COc1cccc(Cn2c(=O)c(-c3ccc(F)cc3)nc3cnc(OC)nc32)c1,3.9842213317585995,ncgc;veith
COc1cccc(Cn2c(=O)c(-c3ccc(F)cc3)nc3cncnc32)c1,4.284220827875583,ncgc;veith
COc1cccc(Cn2c(=O)c(-c3cccc(C#N)c3)nc3cnc(OC)nc32)c1,4.184219245074232,ncgc;veith
COc1cccc(Cn2c(=O)c(-c3cccc(Cl)c3)nc3cncnc32)c1,4.284220827875583,ncgc;veith
COc1cccc(Cn2c(=O)c(-c3cccc(F)c3)nc3cncnc32)c1,4.584219730527165,ncgc;veith
COc1cccc(Cn2c(=O)c(-c3ccccc3)nc3cnc(N(C)C)nc32)c1,4.084221702678786,ncgc;veith
COc1cccc(Cn2c(=O)c(-c3ccccc3)nc3cnc(N4CCNCC4)nc32)c1,4.184219245074232,ncgc;veith
COc1cccc(Cn2c(=O)c(-c3ccccc3)nc3cnc(OC)nc32)c1,4.184219245074232,ncgc;veith
COc1cccc(Cn2c(=O)c(-c3ccccc3)nc3cncnc32)c1,4.284220827875583,ncgc;veith
COc1cccc(Cn2c(=O)c(-c3cccs3)nc3cnc(N4CCN(C)CC4)nc32)c1,4.9871949150515835,ncgc
COc1cccc(Cn2c(=O)c(-c3cccs3)nc3cnc(N4CCNCC4)nc32)c1,4.184219245074232,ncgc;veith
COc1cccc(Cn2c(=O)c(-c3cccs3)nc3cnc(N4CCOCC4)nc32)c1,3.8872025006290167,ncgc
COc1cccc(Cn2c(=O)c(-c3cccs3)nc3cnc(Nc4cccc(OC)c4)nc32)c1,5.384228610767986,ncgc;veith
COc1cccc(Cn2c(=O)c(-c3cccs3)nc3cnc(OC)nc32)c1,4.784219133178269,ncgc;veith
COc1cccc(Cn2c(=O)c(-c3cccs3)nc3cnc(OCc4ccccc4)nc32)c1,5.484206266808193,ncgc;veith
COc1cccc(Cn2c(=O)c(-c3cccs3)nc3cncnc32)c1,4.884219346423415,ncgc;veith
COc1cccc(Cn2c(=O)c(-c3cn(C)c4ccccc34)nc3cnc(N4CCNCC4)nc32)c1,3.9842213317585995,ncgc;veith
COc1cccc(Cn2c(=O)c(-c3cn(C)c4ccccc34)nc3cnc(OC)nc32)c1,4.187201534804045,ncgc
COc1cccc(Cn2c(=O)c(-c3cn(C)c4ccccc34)nc3cncnc32)c1,5.384228610767986,ncgc;veith
COc1cccc(Cn2c(=O)c(C)nc3cnc(N(C)C)nc32)c1,4.184219245074232,ncgc;veith
COc1cccc(Cn2c(=O)c(C)nc3cnc(N4CCOCC4)nc32)c1,3.8842202108992034,ncgc;veith
COc1cccc(Cn2c(=O)c(C)nc3cnc(Nc4cccc(OC)c4)nc32)c1,5.284220827875583,ncgc;veith
COc1cccc(Cn2c(=O)c(C)nc3cnc(Nc4ccccc4)nc32)c1,4.984216978540185,ncgc;veith
COc1cccc(Cn2c(=O)c(C)nc3cnc(OC)nc32)c1,3.8872025006290167,ncgc
COc1cccc(Cn2c(=O)c(C)nc3cnc(OCc4ccccc4)nc32)c1,4.184219245074232,ncgc;veith
COc1cccc(Cn2c(=O)c(C)nc3cnc(Oc4cccc(Cl)c4)nc32)c1,4.584219730527165,ncgc;veith
COc1cccc(Cn2c(=O)c(C)nc3cnc(Oc4ccccc4)nc32)c1,4.3842204094659465,ncgc;veith
COc1cccc(Cn2c(=O)c(CCc3ccccc3)nc3cnc(N(C)C)nc32)c1,4.284220827875583,ncgc;veith
COc1cccc(Cn2c(=O)c(CCc3ccccc3)nc3cnc(N4CCN(C)CC4)nc32)c1,3.8842202108992034,ncgc;veith
COc1cccc(Cn2c(=O)c(CCc3ccccc3)nc3cnc(N4CCNCC4)nc32)c1,3.8872025006290167,ncgc
COc1cccc(Cn2c(=O)c(CCc3ccccc3)nc3cnc(OC)nc32)c1,4.484220032521275,ncgc;veith
COc1cccc(Cn2c(=O)c(CCc3ccccc3)nc3cncnc32)c1,4.184219245074232,ncgc;veith
COc1cccc(Cn2c(=O)cnc3cnc(N(C)C)nc32)c1,4.184219245074232,ncgc;veith
COc1cccc(Cn2c(=O)cnc3cnc(N4CCN(C)CC4)nc32)c1,3.8872025006290167,ncgc
COc1cccc(Cn2c(=O)cnc3cnc(N4CCOCC4)nc32)c1,3.9842213317585995,ncgc;veith
COc1cccc(Cn2c(=O)cnc3cnc(Nc4cccc(OC)c4)nc32)c1,4.984216978540185,ncgc;veith
COc1cccc(Cn2c(=O)cnc3cnc(Nc4ccccc4)nc32)c1,4.884219346423415,ncgc;veith
COc1cccc(Cn2c(=O)cnc3cnc(Oc4cccc(Cl)c4)nc32)c1,4.6842193775900025,ncgc;veith
COc1cccc(Cn2c(=O)cnc3cnc(Oc4ccccc4)nc32)c1,4.284220827875583,ncgc;veith
COc1cccc(Cn2c(=O)cnc3cncnc32)c1,3.7842205065326477,ncgc;veith
COc1cccc(Cn2c(NCc3cccnc3)nc3c2c(=O)n(C)c(=O)n3C)c1,4.4812387752551235,veith
COc1cccc(Cn2nnc3c(=O)[nH]c(C4CCCN(C(=O)c5ccccc5Cl)C4)nc32)c1,4.581238740591187,veith
COc1cccc(F)c1[C@@H]1C[C@@H](O)C(=O)N1Cc1ccc2oc3ccccc3c2c1,4.364966669202937,pharmabench
COc1cccc(N(C(=O)Cn2nnc(-c3ccc(C)cc3)n2)C(C(=O)NC(C)(C)C)c2c[nH]c3ccccc23)c1,4.581238740591187,veith
COc1cccc(N(C)C(=S)Oc2ccc3c(c2)CCCC3)n1,4.499695145639398,tox21
COc1cccc(N(CC(=O)Nc2cccc(C(C)=O)c2)S(C)(=O)=O)c1,3.88123792116939,veith
COc1cccc(N)c1,4.7853533714276875,tox21
COc1cccc(N2C(=O)C(CC(=O)Nc3ccccc3)N(C3CCCCC3)C2=O)c1,4.331238507999185,veith
COc1cccc(N2CCN(C(=O)Nc3ccc4c(c3)NC(=O)CO4)CC2)c1,4.181236955344418,veith
COc1cccc(N2CCN(C(=O)c3cc(-c4ccccn4)no3)CC2)c1,4.968570472003727,challenge
COc1cccc(N2CCN(C(=O)c3ccc(C(=O)C(F)(F)F)s3)CC2)c1,4.639124518466617,pharmabench
COc1cccc(N2CCN(C(=S)Nc3cccc(C)c3)CC2)c1,4.731239014571102,veith
COc1cccc(N=Cc2c[nH][nH]c2=O)c1,3.981239042028786,veith
COc1cccc(N=c2oc3c(C)ncc(CO)c3cc2C(N)=O)c1,4.231237939860009,veith
COc1cccc(NC(=O)/C=C\c2ccc(Cl)cc2)c1,4.287203117605396,ncgc
COc1cccc(NC(=O)COC(=O)c2c3c(nc4ccccc24)CCC(C)C3)c1,4.231237939860009,veith
COc1cccc(NC(=O)CSc2nc3ccccc3cc2Cc2ccccc2)c1,4.4812387752551235,veith
COc1cccc(NC(=O)Cc2c(C(=O)O)[nH]c3ccccc23)c1,3.931238759019225,veith
COc1cccc(NC(=O)Nc2cccn(Cc3c(F)cccc3Cl)c2=O)c1,4.769892798735641,pharmabench
COc1cccc(NC(=O)c2cc(-c3cccnc3)nc3c(Cl)cccc23)c1,5.381238666479966,veith
COc1cccc(NC(=O)c2oc3ccccc3c2NC(=O)c2ccc3c(c2)OCO3)c1,4.731239014571102,veith
COc1cccc(NC(=O)c2oc3ccccc3c2NC(C)=O)c1,4.731239014571102,veith
COc1cccc(NC(=S)N(CCc2nc3cc(C)c(C)cc3[nH]2)Cc2cccnc2)c1,4.581238740591187,veith
COc1cccc(NC(=S)NNC(=O)C(C)n2nc(C)c([N+](=O)[O-])c2C)c1,4.581238740591187,veith
COc1cccc(NS(=O)(=O)c2ccc3[nH]cc(C(=O)NCCN4CCOCC4)c(=O)c3c2)c1,4.381238666479966,veith
COc1cccc(Nc2nc(-c3ccc(O)cc3)cs2)c1,4.68123872420235,veith
COc1cccc(Nc2ncc3nc(-c4ccc(F)cc4)c(=O)n(CCC#N)c3n2)c1,5.487173758361262,ncgc
COc1cccc(Nc2ncc3nc(-c4ccc(F)cc4)c(=O)n(C[C@H]4CCCO4)c3n2)c1,4.787200049553703,ncgc
COc1cccc(Nc2ncc3nc(-c4ccccc4)c(=O)n(C4CC4)c3n2)c1,4.284220827875583,ncgc;veith
COc1cccc(Nc2ncc3nc(-c4ccccc4)c(=O)n(C[C@H]4CCCO4)c3n2)c1,4.787200049553703,ncgc
COc1cccc(Nc2ncc3nc(-c4cccs4)c(=O)n(C[C@H]4CCCO4)c3n2)c1,4.884219346423415,ncgc;veith
COc1cccc(Nc2ncc3nc(-c4cn(C)c5ccccc45)c(=O)n(C[C@H]4CCCO4)c3n2)c1,4.587200720463143,ncgc
COc1cccc(Nc2ncc3nc(C)c(=O)n(-c4ccccc4)c3n2)c1,3.787202796262461,ncgc
COc1cccc(Nc2ncc3nc(C)c(=O)n(CCc4ccccc4)c3n2)c1,4.784219133178269,ncgc;veith
COc1cccc(Nc2ncc3nc(C)c(=O)n(C[C@H]4CCCO4)c3n2)c1,3.6872033036619767,ncgc
COc1cccc(Nc2ncc3nc(CCc4ccccc4)c(=O)n(C)c3n2)c1,5.287203117605396,ncgc
COc1cccc(Nc2ncc3nc(CCc4ccccc4)c(=O)n(C[C@H]4CCCO4)c3n2)c1,4.184219245074232,ncgc;veith
COc1cccc(Nc2ncc3ncc(=O)n(C4CC4)c3n2)c1,4.084221702678786,ncgc;veith
COc1cccc(Nc2ncc3ncc(=O)n(CCc4ccccc4)c3n2)c1,5.384228610767986,ncgc;veith
COc1cccc(Nc2ncc3ncc(=O)n(C[C@H]4CCCO4)c3n2)c1,3.987203621488413,ncgc
COc1cccc(Nc2ncc3ncc(=O)n(Cc4ccc(F)cc4)c3n2)c1,5.084220332573883,ncgc;veith
COc1cccc(Nc2ncc3ncc(=O)n(Cc4cccs4)c3n2)c1,4.884219346423415,ncgc;veith
COc1cccc(OC)c1/C(O)=C(\C#N)c1nc2ccccc2[nH]1,4.231237939860009,veith
COc1cccc(OC)c1C(=O)N1CCN(C(=O)c2ccc(C)c(F)c2)CC1,4.755540072003727,challenge
COc1cccc(OC)c1C(=O)NC(=S)N1CCN(c2ccc(C(F)(F)F)cc2[N+](=O)[O-])CC1,5.731239014571102,veith
COc1cccc(OC)c1O,4.088530344873387,tox21
COc1cccc(S(=O)(=O)N2CCN(C)CC2c2ccccc2)c1,4.839729637003727,challenge
COc1cccc(Sc2cc(N3CCOCC3)nc(-c3ccccc3)n2)c1,4.28123853814577,veith
COc1cccc([C@@H]2Oc3ccc(Br)cc3C(=O)[C@H]2O)c1,4.884219346423415,ncgc;veith
COc1cccc([C@@H]2Oc3ccc(OC)cc3/C(=N/OC[C@@H](C)[C@H](OCc3ccccc3)C(C)C)[C@@H]2O)c1,4.6842193775900025,ncgc;veith
COc1cccc([C@@H]2Oc3ccc(OC)cc3/C(=N/OC[C@@H](O)COCc3ccco3)[C@@H]2O)c1,4.784219133178269,ncgc;veith
COc1cccc([C@@H]2Oc3ccc(OC)cc3/C(=N/O[C@@H](C)CN3CCCCc4nc(C)c(C)cc43)[C@@H]2O)c1,5.084220332573883,ncgc;veith
COc1cccc([C@@H]2Oc3ccc(OC)cc3/C(=N/O[C@@H](C)CN3CCCc4nc(C)c(C)cc43)[C@@H]2O)c1,4.9871949150515835,ncgc
COc1cccc([C@@H]2Oc3ccc(OC)cc3/C(=N/O[C@@H](C)c3cc(-c4c(C)cc(C)cc4C)no3)[C@@H]2O)c1,4.884219346423415,ncgc;veith
COc1cccc([C@H]2Oc3ccc(OC)cc3/C(=N\OCC[C@@H]3C=C[C@H](OC(C)=O)[C@H](COC(C)=O)O3)[C@@H]2O)c1,4.784219133178269,ncgc;veith
COc1cccc([C@H]2Oc3ccc(OC)cc3/C(=N\O[C@@H](C)c3cn([C@H](CO)Cc4ccccc4)nn3)[C@@H]2O)c1,4.984220027268599,ncgc;veith
COc1cccc2[nH]c3c(N4CC(C)CC(C)C4)ncnc3c12,4.28123853814577,veith
COc1cccc2c(=O)c(C(=O)NCc3cccs3)c[nH]c12,4.4812387752551235,veith
COc1cccc2c1C(=O)c1c(O)c3c(c(O)c1C2=O)C[C@@](O)(C(=O)CO)CC3OC1CC(N2CCOC(OC)C2)C(O)C(C)O1,5.249702450799103,tox21
COc1cccc2c1C(=O)c1c(O)c3c(c(O)c1C2=O)C[C@@](O)(C(=O)CO)C[C@@H]3O[C@H]1C[C@H](N)[C@H](O[C@@H]2CCCCO2)[C@H](C)O1,4.449695384640936,tox21
COc1cccc2oc(-c3ccc(O)cc3)cc(=O)c12,4.187201534804045,ncgc
COc1cccc2sc(NC(=O)C3CCCOC3C)nc12,4.198154762003727,challenge
COc1cccc2sc(NC(=O)N3CCC(C(=O)Nc4ccncc4)CC3)nc12,5.518729925003727,challenge
COc1ccccc1-c1c(C(F)(F)F)oc2cc(OC(=O)c3cccc([N+](=O)[O-])c3C)ccc2c1=O,5.631238141608918,veith
COc1ccccc1-c1cc(NCc2ccccc2)ncn1,5.187211884060712,ncgc
COc1ccccc1-c1ccc(C(=O)N2CCCNC(=O)[C@@H]2C)s1,4.827437525003727,challenge
COc1ccccc1-c1ccc2ncnc(NCc3ccccc3)c2c1,5.5842153979372355,ncgc;veith
COc1ccccc1-c1ccc2ncnc(Nc3ccccc3)c2c1,5.187211884060712,ncgc
COc1ccccc1-c1cn(C(C)c2cnc(C)cn2)nn1,4.511105465003728,challenge
COc1ccccc1-c1cn(Cc2nc3c(o2)CCCC3)nn1,4.932907910003728,challenge
COc1ccccc1-c1cncnc1NCCc1cnc[nH]1,5.5842153979372355,ncgc;veith
COc1ccccc1-c1n[nH]c(NC(=O)c2cc(-c3cnn(C)c3)ccc2F)c1C,4.989477733003728,challenge
COc1ccccc1-c1nn(C)cc1C(=O)N[C@@H](C)c1ccc(-n2cccn2)c(F)c1,4.637383277003727,challenge
COc1ccccc1-c1nn(C)cc1C(=O)Nc1ncc(-c2ccccn2)s1,4.332374510003728,challenge
COc1ccccc1-c1nnc2n1N=C(c1ccc(O)c(O)c1)CS2,4.081239412948973,veith
COc1ccccc1-c1oc2ccccc2c(=O)c1OC,3.8872025006290167,ncgc
COc1ccccc1-n1c(CNC(=O)c2ccco2)nnc1SCC(=O)Nc1ccc(F)cc1,4.181236955344418,veith
COc1ccccc1-n1c(SCC(=O)Nc2ccccc2F)nc2[nH]ncc2c1=O,4.081239412948973,veith
COc1ccccc1/C=C/C1=CC2(C)CC1(C)C(c1ccccc1OC)CC2=O,4.687200030977656,ncgc
COc1ccccc1/C=N/NC(=Nc1ccc(C)cc1)c1nc2ccccc2s1,4.031238394064476,veith
COc1ccccc1/C=N/NC(=O)CC(=O)Nc1ccc(Cl)c(Cl)c1,4.131237783223632,veith
COc1ccccc1C(=O)N/C(=C/c1ccc(Br)cc1)C(=O)NCC(=O)O,4.081239412948973,veith
COc1ccccc1C(=O)N1CCN(c2ccccn2)CC1,4.131237783223632,veith
COc1ccccc1C(=O)NCCn1cc(SCC(=O)Nc2nnc(C)s2)c2ccccc21,4.931238759019225,veith
COc1ccccc1C(=O)O/N=C1/CCCc2c1ccc(OC)c2[N+](=O)[O-],4.181236955344418,veith
COc1ccccc1C(C)CC(=O)N1CCCC(c2ncc[nH]2)C1,3.890240293003728,challenge
COc1ccccc1C(c1nnnn1C(C)(C)C)N1CCCc2ccccc21,4.68123872420235,veith
COc1ccccc1C(c1nnnn1C(C)(C)C)N1CCN(Cc2ccncc2)CC1,5.4812387752551235,veith
COc1ccccc1C1(CC(=O)Nc2nccs2)CCOC(C(C)C)C1,4.28123853814577,veith
COc1ccccc1C1(CNC(=O)N2CCC(c3ccnn3C)CC2)CC1,4.564030705003728,challenge
COc1ccccc1C1C(C(=O)C(C)C)=C(O)C(=O)N1c1ccc(-c2ccsc2)cc1,4.082822017699329,pharmabench
COc1ccccc1C1CC(c2c(-c3ccccc3)c3cc(Cl)ccc3[nH]c2=O)=NN1S(C)(=O)=O,4.831238989834795,veith
COc1ccccc1C1CCN(c2ncnc3c2CCCC3)C1,5.627217555003727,challenge
COc1ccccc1CC(=O)Nc1cc2oc3ccccc3c2cc1OC,4.68123872420235,veith
COc1ccccc1CC(=O)Nc1ccc2c(c1)CCCC(=O)N2,4.439156595003728,challenge
COc1ccccc1CC1CCCN1C(=O)CCn1nnc2ccccc2c1=O,4.856040695003728,challenge
COc1ccccc1CC1CCCN1C(=O)c1cnn(C(C)(C)C)c1,4.517468690003728,challenge
COc1ccccc1CCn1c(=O)c(-c2cc(F)cc(F)c2)nc2cncnc21,5.084220332573883,ncgc;veith
COc1ccccc1CCn1c(=O)c(-c2ccc(Cl)cc2)nc2cncnc21,4.6842193775900025,ncgc;veith
COc1ccccc1CCn1c(=O)c(-c2ccc(F)c(F)c2)nc2cncnc21,4.484220032521275,ncgc;veith
COc1ccccc1CCn1c(=O)c(-c2ccc(F)cc2)nc2cncnc21,4.6842193775900025,ncgc;veith
COc1ccccc1CCn1c(=O)c(-c2cccc(Cl)c2)nc2cncnc21,5.284220827875583,ncgc;veith
COc1ccccc1CCn1c(=O)c(-c2cccc(F)c2)nc2cncnc21,4.884219346423415,ncgc;veith
COc1ccccc1CCn1c(=O)c(-c2ccccc2)nc2cncnc21,4.584219730527165,ncgc;veith
COc1ccccc1CCn1c(=O)c(-c2cccs2)nc2cncnc21,4.884219346423415,ncgc;veith
COc1ccccc1CCn1c(=O)c(-c2cn(C)c3ccccc23)nc2cncnc21,5.78423973440602,ncgc;veith
COc1ccccc1CCn1c(=O)c(C)nc2cncnc21,3.787202796262461,ncgc
COc1ccccc1CCn1c(=O)c(CCc2ccccc2)nc2cncnc21,4.3842204094659465,ncgc;veith
COc1ccccc1CCn1c(=O)cnc2cncnc21,4.184219245074232,ncgc;veith
COc1ccccc1CN(Cc1cc2cc3c(cc2[nH]c1=O)OCCO3)Cc1nnnn1Cc1ccco1,4.181236955344418,veith
COc1ccccc1CN1CC2(CCN(S(=O)(=O)c3ccccc3)CC2)C1,3.6872033036619767,ncgc
COc1ccccc1CN1CCCC2(CCN(C(=O)c3ccncc3)CC2)C1,3.987203621488413,ncgc
COc1ccccc1CN1CC[C@@]2(CCCN(C(=O)c3c(C)noc3C)C2)C1,3.6872033036619767,ncgc
COc1ccccc1CNC(=O)Cn1nnc(-c2ccncc2)n1,4.381238666479966,veith
COc1ccccc1CNC(=O)c1cc2c(C)nn(Cc3ccc(F)cc3)c2s1,4.931238759019225,veith
COc1ccccc1CNCC(O)(c1ccc(Cl)cc1)c1ccc(Cl)cc1,4.081239412948973,veith
COc1ccccc1CNS(=O)(=O)c1ccc2[nH]cc(C(=O)O)c(=O)c2c1,4.231237939860009,veith
COc1ccccc1CNc1cc(-c2cccc(NS(C)(=O)=O)c2)ncn1,5.6872109400212985,ncgc
COc1ccccc1CNc1cc(-c2ccccc2OC)ncn1,7.588233113269378,ncgc
COc1ccccc1CNc1ccnc(-c2c(C)noc2C)n1,5.5842153979372355,ncgc;veith
COc1ccccc1CNc1ccnc(-c2ccccc2C(F)(F)F)n1,7.088546030650973,ncgc
COc1ccccc1CNc1ccnc(-c2ccoc2)n1,5.184224419702565,ncgc;veith
COc1ccccc1CNc1nc(-c2c(C)noc2C)nc2ccccc12,5.287203117605396,ncgc
COc1ccccc1CNc1nc(-c2ccc(C(=O)N(C)C)cc2)nc2ccccc12,5.287203117605396,ncgc
COc1ccccc1CNc1nc(-c2ccc(N(C)C)cc2)nc2ccccc12,5.384228610767986,ncgc;veith
COc1ccccc1CNc1nc(-c2ccc3c(c2)OCO3)nc2ccccc12,5.187211884060712,ncgc
COc1ccccc1CNc1nc(-c2cccc(C#N)c2)nc2ccccc12,5.284220827875583,ncgc;veith
COc1ccccc1CNc1nc(-c2cccc(NS(C)(=O)=O)c2)nc2ccccc12,5.484206266808193,ncgc;veith
COc1ccccc1CNc1nc(-c2cccnc2)nc2ccccc12,5.284220827875583,ncgc;veith
COc1ccccc1CNc1nc(-c2ccoc2)nc2ccccc12,5.387218555056005,ncgc
COc1ccccc1CNc1ncnc2ccc(-c3c(C)noc3C)cc12,5.387218555056005,ncgc
COc1ccccc1CNc1ncnc2ccc(-c3ccc(N(C)C)cc3)cc12,5.484206266808193,ncgc;veith
COc1ccccc1CNc1ncnc2ccc(-c3ccc4c(c3)OCO4)cc12,5.684224832111824,ncgc;veith
COc1ccccc1CNc1ncnc2ccc(-c3cccc(NS(C)(=O)=O)c3)cc12,5.384228610767986,ncgc;veith
COc1ccccc1CNc1ncnc2ccc(-c3ccccc3C#N)cc12,5.484206266808193,ncgc;veith
COc1ccccc1CNc1ncnc2ccc(-c3ccccc3OC)cc12,5.384228610767986,ncgc;veith
COc1ccccc1CNc1ncncc1-c1ccc(N(C)C)cc1,5.087201252198795,ncgc
COc1ccccc1CNc1ncncc1-c1ccc2c(c1)OCO2,5.684224832111824,ncgc;veith
COc1ccccc1CNc1ncncc1-c1ccccc1OC,5.087201252198795,ncgc
COc1ccccc1CNc1ncncc1-c1ccoc1,5.087201252198795,ncgc
COc1ccccc1C[C@@H](Cc1nc2ccccc2[nH]1)c1nc2ccccc2[nH]1,4.187201534804045,ncgc
COc1ccccc1Cn1c(=S)[nH]c2cc(C(=O)N3CCN(C)CC3)ccc2c1=O,6.231237939860009,veith
COc1ccccc1Cn1nnc2c(=O)[nH]c(C3CCN(C(=O)c4ccc(C)cc4)CC3)nc21,4.531238789289352,veith
COc1ccccc1Cn1nnc2c(=O)[nH]c(C3CCN(C(=O)c4ccc(F)cc4)CC3)nc21,4.581238740591187,veith
COc1ccccc1N,4.030794080881087,tox21
COc1ccccc1N.Cl,3.813707437876994,tox21
COc1ccccc1N/C(=N/S(=O)(=O)c1ccc(C)cc1)c1ccc(Cl)cc1,4.231237939860009,veith
COc1ccccc1N1CCC(NC(=O)Cc2cc(F)ccc2F)C1=O,2.9086982580037275,challenge
COc1ccccc1N1CCC(NC(=O)NCc2ccc(C(N)=O)cc2)C1=O,4.524396023003728,challenge
COc1ccccc1N1CCC(NC(=O)c2ccc3[nH]cnc3c2)C1,5.076532140003728,challenge
COc1ccccc1N1CCN(C(=O)/C=C/c2ccc3c(c2)OCO3)CC1,4.131237783223632,veith
COc1ccccc1N1CCN(C(=O)C(NS(=O)(=O)c2cccs2)c2ccccc2)CC1,4.231237939860009,veith
COc1ccccc1N1CCN(C(=O)c2cc(-c3ccc(Cl)cc3)n(C)n2)CC1,5.174912090003728,challenge
COc1ccccc1N1CCN(C(=O)c2cc(-c3ccc(Cl)cc3)n[nH]2)CC1,4.860973268082973,pharmabench
COc1ccccc1N1CCN(C(=O)c2cc(-c3ccc(Cl)cc3)nn2C)CC1,4.860973268082973,pharmabench
COc1ccccc1N1CCN(C(=O)c2cn(C(C)C)cn2)CC1,4.554688015003728,challenge
COc1ccccc1N1CCN(CC(O)COc2cc(OC)c(OC)c(OC)c2)CC1,4.149695764085624,tox21
COc1ccccc1N1CCN(CC(O)COc2cccc3ccccc23)CC1,4.881786123003728,challenge
COc1ccccc1N1CCN(CCCCN2C(=O)CCC2=O)CC1,4.6842193775900025,ncgc;veith
COc1ccccc1N1CCN(CCCCNC(=O)c2ccc(-c3ccc(C(C)=O)cc3)cc2)CC1,6.687320045531709,ncgc
COc1ccccc1N1CCN(CCCNc2cc(=O)n(C)c(=O)n2C)CC1,4.184219245074232,ncgc;veith
COc1ccccc1N1CCN(C[C@@H](O)COc2cccc3ccccc23)CC1,3.987202165533253,ncgc
COc1ccccc1N1CCN(C[C@@H]2CN3C(=O)N(C)c4ccccc4C3=N2)CC1,3.787202796262461,ncgc
COc1ccccc1N1CCN(c2nc(-c3ccccc3)cc(C(F)(F)F)n2)CC1,4.531238789289352,veith
COc1ccccc1NC(=O)C1=C(C)Nc2nc(-c3ccc(N(C)C)cc3)nn2C1c1ccncc1,4.331238507999185,veith
COc1ccccc1NC(=O)C1=C(C)Nc2nnnn2C1c1cc(Br)ccc1OC,4.181236955344418,veith
COc1ccccc1NC(=O)C1=C(C)Nc2nnnn2C1c1cccc(Br)c1,4.131237783223632,veith
COc1ccccc1NC(=O)CN1CCN(C2c3ccccc3-c3ccccc32)CC1,5.381238666479966,veith
COc1ccccc1NC(=O)CN1CCN(CC(=O)Nc2ccc(OCc3ccccc3)cc2)CC1,4.931238759019225,veith
COc1ccccc1NC(=O)CN1CCN(c2ccccc2F)CC1,4.581238740591187,veith
COc1ccccc1NC(=O)COC(=O)c1ccc(S(=O)(=O)NCc2ccco2)cc1,5.68123872420235,veith
COc1ccccc1NC(=O)Cc1csc(NC(=S)Nc2ccc(C)cc2)n1,4.731239014571102,veith
COc1ccccc1NC(=O)Cn1nnc(-c2ccccc2NC(=O)c2cc3ccccc3oc2=O)n1,5.381238666479966,veith
COc1ccccc1NC(=O)[C@H](COCc1ccccc1)NC(=O)OC(C)(C)C,4.381238666479966,veith
COc1ccccc1NC(=S)NNC(=O)c1c(Cl)c(C)nn1C,4.731239014571102,veith
COc1ccccc1NCC(=O)N1CCN(C)c2ccccc2C1,4.607570447003727,challenge
COc1ccccc1NS(=O)(=O)c1cccc(C(=O)OCC(=O)Nc2cc(C)on2)c1,4.181236955344418,veith
COc1ccccc1Nc1nc(-c2sc(NC(=O)c3ccc([N+](=O)[O-])cc3)nc2C)cs1,4.731239014571102,veith
COc1ccccc1Nc1nc(-c2sc(NC(=O)c3ccccc3)nc2C)cs1,4.931238759019225,veith
COc1ccccc1OC(C)c1nnc(SCC(=O)Nc2c(C)n(C)n(-c3ccccc3)c2=O)n1-c1ccccc1,4.631238141608918,veith
COc1ccccc1OCC(=O)N1CCC(NC(=O)c2cc(C)oc2C)CC1,4.298153518003728,challenge
COc1ccccc1OCCCOc1ccc([N+](=O)[O-])cc1Cl,4.231237939860009,veith
COc1ccccc1OCCNCC(O)COc1cccc2[nH]c3ccccc3c12.O=C(O)C(O)C(O)C(=O)O,4.499695145639398,tox21
COc1ccccc1OCCn1cc(C(=O)c2ccco2)c2ccccc21,5.531238789289352,veith
COc1ccccc1OP(C)(=O)Nc1ccc(C)cc1C,4.131237783223632,veith
COc1ccccc1Oc1c(NS(=O)(=O)c2ccc(C(C)(C)C)cc2)nc(-c2ncccn2)nc1OCCO,4.099695361406635,tox21
COc1ccccc1[C@H](O)CNC(=O)C1(c2cc(F)cc(F)c2)CCCC1,4.796339697003727,challenge
COc1ccccc1[C@H](O)CNC(=O)c1cc(C)nc(C)c1,3.8764113570037275,challenge
COc1cccn2ncc(C(=O)NC(C)c3noc(C(F)F)n3)c12,4.028416113003727,challenge
COc1ccn(C)c(=O)c1C#N,4.187201534804045,ncgc
COc1ccnc(CCc2nc3cccnc3[nH]2)c1,4.8380942014597,pharmabench
COc1ccnc(CS(=O)c2nc3cc(OC(F)F)ccc3[n-]2)c1OC.[Na+],4.1357032985333735,tox21
COc1ccnc(CS(=O)c2nc3ccc(OC(F)F)cc3[nH]2)c1OC,4.399695684644625,tox21
COc1ccnc(N2CCC(NC(=O)c3ccccc3C)CC2)n1,4.968276033003728,challenge
COc1ccnc(N2CCN(CC(=O)N3CCN(c4cnccn4)CC3)CC2)c1,3.6982353320037276,challenge
COc1ccnc2[nH]cc(C(=O)c3c(F)ccc(NS(=O)(=O)c4cc(F)ccc4F)c3F)c12,4.639124518466617,pharmabench
COc1ccnc2c1CCCCC2S(=O)c1nc2ccccc2[nH]1,4.499695145639398,tox21
COc1cn(-c2ccccc2)nc1-c1nc(-c2ccccn2)no1,4.738780262003727,challenge
COc1cnc(-c2ccc(Cn3c(CC(C)(C)C(=O)O)c(SC(C)(C)C)c4cc(OCc5ccc(C)cn5)ccc43)cc2)nc1,7.684882009027292,pharmabench
COc1cnc(-c2ccccn2)nc1Oc1ccc(Cl)c2ccccc12,4.181236955344418,veith
COc1cnc(-c2ccccn2)nc1Sc1c(Cl)cccc1Cl,4.081239412948973,veith
COc1cnc(NC(=O)NCc2nc3c(s2)CCCC3)s1,4.617187120003727,challenge
COc1cnc(OC)n2nc(NS(=O)(=O)c3c(OCC(F)F)cccc3C(F)(F)F)nc12,4.088530344873387,tox21
COc1cnc(SCc2ccc(Cl)cc2)nc1Cl,3.931238759019225,veith
COc1cncc(-c2ccc3cc(OC)ccc3c2)c1,5.062092532840586,pharmabench
COc1cncc(C(=O)NC(c2ccccc2)c2cccc(S(C)(=O)=O)c2)n1,5.106043240003728,challenge
COc1nc(-c2csc(Nc3c4c(nn3CC(F)(F)F)CCC4)n2)ccc1-n1cnc(C)c1,4.29670183764441,pharmabench
COc1nc(-c2nc3n(n2)CCC[C@H]3c2ccccc2C(F)(F)F)ccc1-n1cnc(C)c1,4.408164962718048,pharmabench
COc1nc(C)cc(N2Cc3cn(-c4cccc(S(C)(=O)=O)c4)nc3[C@H]2C(C)C)n1,4.5782756454278095,pharmabench
COc1nc(C2=NOC[C@H](c3cc4ccccc4o3)N2)ccc1-n1cnc(C)c1,4.435004535810692,pharmabench
COc1nc(Nc2cccc3c2nc(-c2ccc(F)cc2)n3C)ccc1-n1cnc(C)c1,3.9976504079625177,pharmabench
COc1ncc(-c2cnc3[nH]cc(C(=O)c4c(F)ccc(NS(=O)(=O)c5cc(F)ccc5F)c4F)c3c2)cn1,4.639124518466617,pharmabench
COc1ncc(C(=O)N2CCC2c2cccc(F)c2)cc1Cl,5.1755102650037275,challenge
COc1ncc(C)cc1NC(=O)N1CCC(N(C)c2ccccc2)CC1,4.734052542003727,challenge
COc1ncc(C)cc1NC(=O)c1ccc(N2CCC(C)CC2)nc1,4.813165022003727,challenge
COc1ncc(Cl)c(N2CCN(CCc3ccccc3)CC2)n1,4.918670342003728,challenge
COc1ncc(F)c(N2Cc3cn(-c4cccc(S(C)(=O)=O)c4)nc3[C@H]2C(C)C)n1,5.4046072349539305,pharmabench
COc1ncc(F)c2nc(S(=O)(=O)Nc3c(F)cccc3F)nn12,4.286030033177299,tox21
COc1ncc(OC)c2c(C(=O)C(=O)N3CCN(C(=O)c4ccccc4)CC3)c[nH]c12,3.8609732680829736,pharmabench
COc1ncc2nc(-c3cc(F)cc(F)c3)c(=O)n(C3CC3)c2n1,3.787202796262461,ncgc
COc1ncc2nc(-c3cc(F)cc(F)c3)c(=O)n(CCc3ccccc3)c2n1,4.484220032521275,ncgc;veith
COc1ncc2nc(-c3cc(F)cc(F)c3)c(=O)n(Cc3cccs3)c2n1,4.184219245074232,ncgc;veith
COc1ncc2nc(-c3ccc(Cl)cc3)c(=O)n(CCc3ccccc3)c2n1,4.687200030977656,ncgc
COc1ncc2nc(-c3ccc(Cl)cc3)c(=O)n(C[C@H]3CCCO3)c2n1,3.8872025006290167,ncgc
COc1ncc2nc(-c3ccc(Cl)cc3)c(=O)n(Cc3cccs3)c2n1,4.087203992408599,ncgc
COc1ncc2nc(-c3ccc(F)cc3)c(=O)n(C[C@H]3CCCO3)c2n1,3.787202796262461,ncgc
COc1ncc2nc(-c3ccccc3)c(=O)n(C3CC3)c2n1,3.8872025006290167,ncgc
COc1ncc2nc(-c3ccccc3)c(=O)n(CCc3ccccc3)c2n1,4.884219346423415,ncgc;veith
COc1ncc2nc(-c3ccccc3)c(=O)n(Cc3cccs3)c2n1,3.9842213317585995,ncgc;veith
COc1ncc2nc(-c3cccs3)c(=O)n(C)c2n1,4.184219245074232,ncgc;veith
COc1ncc2nc(-c3cccs3)c(=O)n(CCc3ccccc3)c2n1,5.184224419702565,ncgc;veith
COc1ncc2nc(-c3cccs3)c(=O)n(Cc3cccs3)c2n1,4.784219133178269,ncgc;veith
COc1ncc2nc(-c3cn(C)c4ccccc34)c(=O)n(-c3ccccc3)c2n1,4.187201534804045,ncgc
COc1ncc2nc(-c3cn(C)c4ccccc34)c(=O)n(CCc3ccccc3)c2n1,6.887529396124358,ncgc
COc1ncc2nc(C)c(=O)n(CCC#N)c2n1,5.787241252009206,ncgc
COc1ncc2nc(C)c(=O)n(CCc3ccccc3)c2n1,3.987203621488413,ncgc
COc1ncc2nc(C)c(=O)n(Cc3ccc(F)cc3)c2n1,3.6872033036619767,ncgc
COc1ncc2nc(CCc3ccccc3)c(=O)n(-c3ccccc3)c2n1,3.8872025006290167,ncgc
COc1ncc2nc(CCc3ccccc3)c(=O)n(C3CC3)c2n1,4.084221702678786,ncgc;veith
COc1ncc2nc(CCc3ccccc3)c(=O)n(CCc3ccccc3)c2n1,4.984216978540185,ncgc;veith
COc1ncc2nc(CCc3ccccc3)c(=O)n(Cc3ccc(F)cc3)c2n1,4.184219245074232,ncgc;veith
COc1ncc2nc(CCc3ccccc3)c(=O)n(Cc3cccs3)c2n1,3.8842202108992034,ncgc;veith
COc1ncc2ncc(=O)n(CCc3ccccc3)c2n1,4.084221702678786,ncgc;veith
COc1nccc(-c2c(-c3ccc(F)cc3)ncn2C2CCC(O)CC2)n1,4.387202152451927,ncgc
COc1ncccc1C(=O)NC1(c2ccccc2F)CC1,4.3408698820037275,challenge
COc1ncnc(N2Cc3cn(-c4cccc(S(C)(=O)=O)c4)nc3[C@H]2C(C)C)c1F,5.178226675710069,pharmabench
COc1nn(C(=O)[N-]S(=O)(=O)c2ccccc2OC(F)(F)F)c(=O)n1C.[Na+],4.127506937573559,tox21
COc1nn(C(C)C(=O)N/N=C/c2cccc3ccccc23)cc1[N+](=O)[O-],4.731239014571102,veith
COn1c(SCc2ccc(C)cc2C)nc2ccccc2c1=O,5.831238989834795,veith
COn1c(SCc2ccc(Cl)cc2)nc2ccccc2c1=O,4.68123872420235,veith
COn1c(SCc2cccc(Cl)c2)nc2ccccc2c1=O,5.031238394064476,veith
CP(=O)(Nc1ccc(Cl)cc1)Oc1ccc(F)cc1,4.28123853814577,veith
CS(=O)(=O)CC(=O)N(CCc1ccccc1)Cc1ccccc1,4.306365523003728,challenge
CS(=O)(=O)CC1CCCCN1C(=O)CCCOC1CCOCC1,2.6561721300037275,challenge
CS(=O)(=O)CCNCc1ccc(-c2ccc3ncnc(Nc4ccc(OCc5cccc(F)c5)c(Cl)c4)c3c2)o1,5.049693557718132,tox21
CS(=O)(=O)Cc1cc(N2CCOCC2)nc(-c2ccc3[nH]ccc3c2)n1,4.639124518466617,pharmabench
CS(=O)(=O)N(CC(=O)N/N=C/c1cccs1)c1cccc(Cl)c1Cl,4.68123872420235,veith
CS(=O)(=O)N(CC(=O)Nc1c(F)cccc1F)c1ccc(C23CC4CC(CC(C4)C2)C3)cc1,4.68123872420235,veith
CS(=O)(=O)N(CC(=O)Nc1cccc(F)c1)c1cccc([N+](=O)[O-])c1,4.731239014571102,veith
CS(=O)(=O)N1CC(C(=O)NC2CC2)Oc2ccc(Cl)cc21,4.28123853814577,veith
CS(=O)(=O)N1CC(C(=O)NC2CCCC2)Oc2ccc(Cl)cc21,4.381238666479966,veith
CS(=O)(=O)N1CCC2(CC1)CN(C(=O)Nc1cccc(F)c1)C2,4.6842193775900025,ncgc;veith
CS(=O)(=O)N1CCC2(CC1)CN(Cc1ccncc1)C2,3.6842210139321634,ncgc;veith
CS(=O)(=O)N1CCC2(CC1)CN(Cc1nccs1)C2,4.284220827875583,ncgc;veith
CS(=O)(=O)N1CCC2(CC1)CN(c1ccc(-c3ccccc3)cc1)C2,3.8872025006290167,ncgc
CS(=O)(=O)N1CCC2(CC1)CN(c1cccc(-c3ccccc3)c1)C2,4.387202152451927,ncgc
CS(=O)(=O)N1CCC2(CC1)CN(c1ccncc1)C2,4.084221702678786,ncgc;veith
CS(=O)(=O)N1CCC2(CCCN(C(c3ccccc3)c3ccccc3)C2)CC1,4.184219245074232,ncgc;veith
CS(=O)(=O)N1CCC2(CCCN(Cc3cc(C(F)(F)F)cc(C(F)(F)F)c3)C2)CC1,4.084221702678786,ncgc;veith
CS(=O)(=O)N1CCC2(CCCN(Cc3ccncc3)C2)CC1,5.284220827875583,ncgc;veith
CS(=O)(=O)N1CCC2(CCCN(c3cccc(-c4ccccc4)c3)C2)CC1,3.787202796262461,ncgc
CS(=O)(=O)N1CCC2(CCCN(c3ccncc3)C2)CC1,6.384310640829133,ncgc;veith
CS(=O)(=O)N1CCC2(CCN(Cc3ccncc3)CC2)CC1,3.787202796262461,ncgc
CS(=O)(=O)N1CCC2(CCN(c3cccc(-c4ccccc4)c3)CC2)CC1,3.787202796262461,ncgc
CS(=O)(=O)N1CCC2(CCN(c3ccccc3)CC2)CC1,3.6872033036619767,ncgc
CS(=O)(=O)N1CCC[C@@]2(CCN(c3ccccc3)C2)C1,3.8872025006290167,ncgc
CS(=O)(=O)N1CCN(c2ccc(C(=O)NC3C4CC5CC(C4)CC3C5)cc2[N+](=O)[O-])CC1,4.181236955344418,veith
CS(=O)(=O)N1CCN(c2ccc([N+](=O)[O-])c(N3CCOCC3)c2)CC1,3.88123792116939,veith
CS(=O)(=O)N1CCN(c2ccc([N+](=O)[O-])c(NCc3ccccc3)c2)CC1,4.181236955344418,veith
CS(=O)(=O)N1CCN(c2ccccc2NC(=O)c2ccc(Br)o2)CC1,3.981239042028786,veith
CS(=O)(=O)N1CC[C@H](N(Cc2ccccc2)c2ccc(C#N)c(Cl)c2)C1,4.957883281091029,pharmabench
CS(=O)(=O)N1CC[C@H](N(Cc2ccccc2C#N)c2ccc(C#N)c(Cl)c2)C1,5.162003263746954,pharmabench
CS(=O)(=O)N1CC[C@H](N(Cc2ccccc2F)c2ccc(C#N)c(Cl)c2)C1,5.107645601424362,pharmabench
CS(=O)(=O)N1N=C(c2ccc(Br)cc2)CC1c1ccc2c(c1)OCO2,4.931238759019225,veith
CS(=O)(=O)NC(=O)c1cc(Oc2ccc(C(F)(F)F)cc2Cl)ccc1[N+](=O)[O-],4.371079045167747,tox21
CS(=O)(=O)NC1CC12CCN(S(=O)(=O)c1cc(Cl)ccc1S(=O)(=O)c1ccccc1F)CC2,4.224151170495799,pharmabench
CS(=O)(=O)NCC1COCCN1C(=O)c1ccc(Oc2ccccc2)cc1,3.661552883003728,challenge
CS(=O)(=O)Nc1ccc(-c2csc(Nc3ccc(Cn4cncn4)cc3)n2)cc1,5.824781480003728,challenge
CS(=O)(=O)Nc1ccc(-c2noc(CC3CC4CC4C3)n2)cc1,4.819511200003728,challenge
CS(=O)(=O)Nc1ccc(C(=O)N2CCN(c3ccccc3)CC2)cc1,4.381238666479966,veith
CS(=O)(=O)Nc1ccc(Cc2noc(-c3ccc4[nH]cc(CCN)c4c3)n2)cc1,3.7842205065326477,ncgc;veith
CS(=O)(=O)Nc1ccc(Nc2c3ccccc3nc3ccccc23)cc1.CS(=O)(=O)O,4.487201289787428,ncgc
CS(=O)(=O)Nc1ccc([N+](=O)[O-])cc1Oc1ccccc1,4.629184415172541,ncgc;tox21;veith
CS(=O)(=O)Nc1cccc(-c2cc(NCc3cccs3)ncn2)c1,5.387218555056005,ncgc
CS(=O)(=O)Nc1cccc(-c2cc(Nc3ccccc3)ncn2)c1,5.287203117605396,ncgc
CS(=O)(=O)Nc1cccc(-c2ccc3ncnc(NCc4cccs4)c3c2)c1,5.5842153979372355,ncgc;veith
CS(=O)(=O)Nc1cccc(-c2cncnc2NCc2ccccc2)c1,5.684224832111824,ncgc;veith
CS(=O)(=O)Nc1cccc(-c2cncnc2NCc2cccs2)c1,6.184207171420976,ncgc;veith
CS(=O)(=O)Nc1cccc(-c2nc(NCc3cccnc3)c3ccccc3n2)c1,5.287203117605396,ncgc
CS(=O)(=O)Nc1cccc(-c2nc(NCc3cccs3)c3ccccc3n2)c1,5.187211884060712,ncgc
CS(=O)(=O)Nc1cccc(-c2nc(Nc3ccncc3)c3ccccc3n2)c1,5.487173758361262,ncgc
CS(=O)(=O)Nc1cccc(-c2nccc(NCc3ccccc3)n2)c1,5.187211884060712,ncgc
CS(=O)(=O)Nc1cccc(CC(=O)Nc2cc(-c3ccnc(F)c3)cs2)c1,4.258913276755011,pharmabench
CS(=O)(=O)O.Cc1c(C(=O)c2cccc3ccccc23)c2cccc3c2n1[C@H](CN1CCOCC1)CO3,5.184224419702565,ncgc;veith
CS(=O)(=O)O.Cc1c(O)cccc1C(=O)N[C@@H](CSc1ccccc1)[C@H](O)CN1C[C@H]2CCCC[C@H]2C[C@H]1C(=O)NC(C)(C)C.O,4.374663280258549,tox21
CS(=O)(=O)O.Cc1cc(CCN2CCN(c3nsc4ccccc34)CC2)cc2c1NC(=O)CC2(C)C,4.088530344873387,tox21
CS(=O)(=O)O.Cc1nccn1-c1ccc(Sc2cccc(C3(C(N)=O)CCOCC3)c2)cc1,4.988532908684509,tox21
CS(=O)(=O)O.Cn1cc(C(F)(F)F)nc1-c1ccc(OC[C@@H](O)CNCCOc2ccc(O)c(C(N)=O)c2)cc1,4.287203117605396,ncgc
CS(=O)(=O)O.c1ccc(-c2ccc3c(c2)c2c4n3CCN=C4CCC2)cc1,4.081239412948973,veith
CS(=O)(=O)c1cc(C(=O)Nc2ccc(-c3nc4ccccc4[nH]3)cc2)ccc1F,5.497380995003728,challenge
CS(=O)(=O)c1cc(C(F)(F)F)ccc1C(=O)c1cnoc1C1CC1,5.538537311396234,tox21
CS(=O)(=O)c1ccc(-c2cc(Br)sc2-c2ccc(F)cc2)cc1,5.384228610767986,ncgc;veith
CS(=O)(=O)c1ccc(-c2cn3ccccc3n2)cc1,4.199695243524282,tox21
CS(=O)(=O)c1ccc(C(=O)C2C(=O)CCCC2=O)c(Cl)c1COCC(F)(F)F,4.638529123679475,tox21
CS(=O)(=O)c1ccc(C(=O)C2C(=O)CCCC2=O)c([N+](=O)[O-])c1,4.280794488153747,tox21
CS(=O)(=O)c1ccc(C(CCNC(=O)c2ccc(C#N)cc2)c2ccc(F)cc2)cc1,4.492996482788379,pharmabench
CS(=O)(=O)c1ccc(CN(C(=O)C2CCCC2)c2cc(F)cc(-c3nnn[nH]3)c2)cc1,4.4688628030716595,pharmabench
CS(=O)(=O)c1ccc(CN(C(=O)Cc2ccccc2)c2cc(F)cc(-c3nnn[nH]3)c2)cc1,5.87569652490368,pharmabench
CS(=O)(=O)c1ccc(CNC(=O)[C@H]2C[C@@H]2[C@H](NP(=O)(c2ccccc2)c2ccccc2)c2ccccc2)cc1,4.184219245074232,ncgc;veith
CS(=O)(=O)c1ccc(Cn2c3c(c4cc(F)cc(F)c42)CCC[C@H]3CC(=O)O)cc1,5.6872109400212985,ncgc
CS(=O)(=O)c1ccc(Cn2cc(-c3ccncc3)cn2)cc1,5.224151170495799,pharmabench
CS(=O)(=O)c1ccc([C@@H](CC2CCCC2)C(=O)Nc2cnccn2)cc1Cl,4.8885327127793925,tox21
CS(=O)(=O)c1ccc2c(c1)CCC1(CCN(C(=O)Cc3ccc(Cl)cc3Cl)CC1)O2,4.338094522802636,pharmabench
CS(=O)(=O)c1ccc2c(c1)CCC1(CCN(C(=O)c3ccc(C(F)(F)F)cc3)CC1)O2,4.457280930521844,pharmabench
CS(=O)(=O)c1ccc2nc(NC(=O)c3cccn4nccc34)sc2c1,3.2569073000037276,challenge
CS(=O)(=O)c1cccc(C[C@H](NC(=O)c2c(Cl)cc3c(c2Cl)CCN(C(=O)c2ccc4ccoc4c2)C3)C(=O)O)c1,4.860973268082973,pharmabench
CS(=O)(=O)c1cccnc1C(=O)N1CCC(c2ccsc2)CC1,3.9866140600037276,challenge
CS(=O)(=O)c1nc(-c2ccccc2)cc(-c2ccccc2)c1C#N,5.831238989834795,veith
CS(=O)c1ccc(-c2nc(-c3ccc(F)cc3)c(-c3ccncc3)[nH]2)cc1,4.984216978540185,ncgc;veith
CS(C)=O,4.138530880775606,tox21
CSC(=NC#N)N1CCN(c2ccc(Cl)cc2)CC1,4.581238740591187,veith
CSC(=O)c1c(C(F)F)nc(C(F)(F)F)c(C(=O)SC)c1CC(C)C,4.641018247708281,tox21
CSC(=O)c1cccc2nnsc12,4.738528782693339,tox21
CSC([N-]/N=C/c1cccc(C)n1)=S=[Cu].CS[C@H]([S-])[N-]/N=C/c1cccc(C)n1,5.884210701854814,ncgc;veith
CSC1=C(C#N)C(c2ccccc2Cl)C2=C(N1)c1ccccc1C2=O,5.28123853814577,veith
CSC1=N/C(=C\c2ccc(Br)o2)C(=O)S1,3.68123872420235,veith
CSC1=N/C(=C\c2ccc(C)cc2)C(=O)S1,3.931238759019225,veith
CSC1=N[C@@](C)(c2ccccc2)C(=O)N1Nc1ccccc1,4.138530880775606,tox21
CSCC1(CC(=O)N2CCOc3ccc(O)cc3C2)CC1,3.981641483003728,challenge
CSCCC=O,3.9492273840137724,tox21
CSCCCN=C=S,4.038530441677591,tox21
CSCC[C@H](NC(=O)CC(C)(C)C)c1nc2ccccc2[nH]1,4.131237783223632,veith
CSCC[C@H](NC(=O)c1nn(C)c(=O)c2ccccc12)c1nc2ccccc2[nH]1,4.981239042028786,veith
CSSC,3.933243023142996,tox21
CSc1[nH]c(=O)c(C(=O)N2CCCC3(CCOCC3)C2)cc1C#N,4.270310470003728,challenge
CSc1[nH]c(=O)c(C(=O)N2Cc3ccccc3OCC2C)cc1C#N,5.461950770003727,challenge
CSc1c(-c2ccccc2)nc2ccc(Cl)cc2c1C(=O)O,5.381238666479966,veith
CSc1cc(C)nc(NC(C)=O)n1,4.7812382168028345,veith
CSc1cc2c(cc1C(F)(F)F)N(C(=O)Nc1cccnc1)CC2,7.484550671703468,ncgc;veith
CSc1ccc(/C=C2/C(C)=C(CC(=O)O)c3cc(F)ccc32)cc1,4.349695468060089,tox21
CSc1ccc(C(=O)C(C)(C)N2CCOCC2)cc1,4.338531273401033,tox21
CSc1ccc(C(=O)c2[nH]c(=O)[nH]c2C)cc1,3.6872033036619767,ncgc
CSc1ccc(CCNC(=O)CSc2ccsc2[N+](=O)[O-])cc1,5.28123853814577,veith
CSc1ccc(CNc2ccc(Cl)cc2)cc1,4.4812387752551235,veith
CSc1ccc(CNc2ccccc2)cc1,4.181236955344418,veith
CSc1ccc(NC(=O)NCCCN2CCN(c3ccccc3F)CC2)cc1,4.081239412948973,veith
CSc1ccc(NC(=O)NCCN2CCc3ccccc3C2)cc1,4.131237783223632,veith
CSc1ccc(O)cc1C,3.7885301040785704,tox21
CSc1ccc2c(c1)C(N1CCN(C)CC1)Cc1ccccc1S2,4.099695361406635,tox21
CSc1ccc2c(c1)N(CCC1CCCCN1C)c1ccccc1S2.Cl,3.7903044337605216,tox21
CSc1ccc2c(c1)[C@H](N1CCN(C)CC1)Cc1ccccc1S2,3.6872033036619767,ncgc
CSc1cccc(NC(=O)CN(c2ccccc2)S(=O)(=O)N(C)C)c1,4.581238740591187,veith
CSc1cccc(NC(=O)Cn2cccc2)c1,3.981239042028786,veith
CSc1cccc(NC(=O)Nc2ccc(Cl)cc2)c1,4.981239042028786,veith
CSc1ccccc1NC(=O)CSCc1ccc(C)cc1,4.28123853814577,veith
CSc1cncc(C(=O)NC2CCCc3c2cnn3Cc2ccccc2)n1,4.947919975003727,challenge
CSc1n[nH]c(-c2sccc2OCc2ccc(C)cc2)n1,4.581238740591187,veith
CSc1nc(-c2ccccc2)nn1C(=O)c1ccccc1,4.28123853814577,veith
CSc1nc(C)c(CCOC(=O)c2cccc(C)c2)c(=O)[nH]1,4.7812382168028345,veith
CSc1nc(C)c(CCOC(=O)c2ccccc2)c(=O)[nH]1,3.981239042028786,veith
CSc1nc(C)c2c(n1)N(c1ccc(C(C)C)cc1)CC2,4.231237939860009,veith
CSc1nc(Cl)c(C#N)c(-c2ccc(C)cc2)n1,5.4812387752551235,veith
CSc1nc(N)nc(-c2cccs2)c1C#N,4.431238405874674,veith
CSc1nc(N)nc(SCC(=O)Nc2ccc(Cl)cc2)c1C#N,5.731239014571102,veith
CSc1nc(N=[N+]=[N-])nc(NC(C)C)n1,4.038530441677591,tox21
CSc1nc(NC(C)C)nc(NC(C)C)n1,3.864417359585736,tox21
CSc1nc(NC2CC2)nc(NC(C)(C)C)n1,4.038530441677591,tox21
CSc1nc(NC2CCCC2)c([N+](=O)[O-])c(NC2CCCC2)n1,4.984216978540185,ncgc;veith
CSc1nc(Sc2cccc(Cl)c2)c2ccccc2n1,5.88123792116939,veith
CSc1nc2c(c(=O)[nH]1)C(c1ccncc1)C(C(=O)OC(C)C)=C(C)N2,4.381238666479966,veith
CSc1nc2ccc3nc(NC(=O)c4cccs4)sc3c2s1,5.731239014571102,veith
CSc1nc2ccccc2cc1/C=C(\C#N)c1ccc(Cl)cc1Cl,3.88123792116939,veith
CSc1nc2ccccc2cc1/C=C(\C#N)c1ccccc1,4.68123872420235,veith
CSc1nc2n(n1)C(c1cc(Br)ccc1F)C(C(=O)N(C)C)=C(C)N2,3.931238759019225,veith
CSc1nc2nc3c(c(=O)n2[nH]1)CN(Cc1ccccc1)CC3,4.081239412948973,veith
CSc1ncnc2c1ncn2CC(=O)[C@H]1CC[C@H]2[C@H]3CCC4=CC(=O)CC[C@@]4(C)[C@@H]3CC[C@@]12C,4.787200049553703,ncgc
CSc1nnc(-c2sccc2OCc2ccccc2)n1C,4.031238394064476,veith
CSc1nnc(C(C)(C)C)c(=O)[nH]1,4.088530344873387,tox21
CSc1nncc(/C(C)=N\Nc2ccccc2)n1,4.631238141608918,veith
CSc1nsc(/C=C/Nc2ccc(Cl)cc2)c1C#N,4.931238759019225,veith
CSc1nsc(SC)c1NC(=O)OCc1ccccc1,4.28123853814577,veith
CSc1nsc(SCc2ccc(Cl)cc2)n1,5.731239014571102,veith
C[C@@H](/C=C\c1cccc(Oc2ccc(F)cc2)c1)N(O)C(N)=O,3.8372026484457384,ncgc
C[C@@H](C(=O)Cc1ccc2ccccc2c1)[C@@H]1C[C@@]1(C)[C@@H](NP(=O)(c1ccccc1)c1ccccc1)c1ccccc1,4.784219133178269,ncgc;veith
C[C@@H](C(=O)NCC1CC1)[C@@H]1C[C@@]1(C)[C@@H](NC(=O)OCc1ccccc1)c1ccccc1,4.084221702678786,ncgc;veith
C[C@@H](C(=O)NCC1CC1)[C@H]1C[C@]1(C)[C@H](NC(=O)OCc1ccccc1)c1ccccc1,5.184224419702565,ncgc;veith
C[C@@H](C(=O)NCCF)[C@H]1C[C@]1(C)[C@H](NC(=O)OCc1ccccc1)c1ccccc1,3.8872025006290167,ncgc
C[C@@H](C(=O)NCCc1c[nH]c2ccccc12)[C@@H]1C[C@@]1(C)[C@@H](NC(=O)OCc1ccccc1)c1ccccc1,4.884219346423415,ncgc;veith
C[C@@H](C(=O)NCCc1c[nH]c2ccccc12)[C@H]1C[C@]1(C)[C@H](NC(=O)OCc1ccccc1)c1ccccc1,5.484206266808193,ncgc;veith
C[C@@H](C(=O)NCc1ccc(C(F)(F)F)nc1)[C@H]1C[C@]1(C)[C@H](NC(=O)OCc1ccccc1)c1ccccc1,4.584219730527165,ncgc;veith
C[C@@H](C(=O)NCc1ccc(S(C)(=O)=O)cc1)[C@@H]1C[C@@]1(C)[C@@H](NC(=O)OCc1ccccc1)c1ccccc1,3.8872025006290167,ncgc
C[C@@H](C(=O)NCc1ccc(S(C)(=O)=O)cc1)[C@H]1C[C@]1(C)[C@H](NC(=O)OCc1ccccc1)c1ccccc1,4.284220827875583,ncgc;veith
C[C@@H](C(=O)NCc1cccc2ccccc12)[C@H]1C[C@]1(C)[C@H](NC(=O)OCc1ccccc1)c1ccccc1,4.784219133178269,ncgc;veith
C[C@@H](C(=O)NCc1ccccc1)[C@@H]1C[C@@]1(C)[C@@H](NC(=O)OCc1ccccc1)c1ccccc1,4.3842204094659465,ncgc;veith
C[C@@H](C(=O)NCc1ccccc1)[C@H]1C[C@]1(C)[C@H](NC(=O)OCc1ccccc1)c1ccccc1,4.284220827875583,ncgc;veith
C[C@@H](C(=O)NCc1ccccn1)[C@@H]1C[C@@]1(C)[C@@H](NC(=O)OCc1ccccc1)c1ccccc1,3.8872025006290167,ncgc
C[C@@H](C(=O)NCc1ccccn1)[C@H]1C[C@]1(C)[C@H](NC(=O)OCc1ccccc1)c1ccccc1,4.284220827875583,ncgc;veith
C[C@@H](C(=O)NCc1nc2ccccc2[nH]1)[C@@H]1C[C@@]1(C)[C@@H](NC(=O)OCc1ccccc1)c1ccccc1,4.284220827875583,ncgc;veith
C[C@@H](C(=O)N[C@@H](CO)Cc1ccccc1)[C@@H]1C[C@@]1(C)[C@@H](NC(=O)OCc1ccccc1)c1ccccc1,4.084221702678786,ncgc;veith
C[C@@H](C(=O)N[C@@H](CO)Cc1ccccc1)[C@H]1C[C@]1(C)[C@H](NC(=O)OCc1ccccc1)c1ccccc1,4.184219245074232,ncgc;veith
C[C@@H](C(=O)Nc1ccc2ccccc2c1)[C@@H]1C[C@@]1(C)[C@@H](N)c1ccccc1,3.8872025006290167,ncgc
C[C@@H](C(=O)Nc1ccc2ccccc2c1)[C@@H]1C[C@@]1(C)[C@@H](NC(=O)Oc1ccc(F)cc1)c1ccccc1,5.884210701854814,ncgc;veith
C[C@@H](C(=O)Nc1ccc2ccccc2c1)[C@@H]1C[C@@]1(C)[C@@H](NC(=O)c1ccccc1)c1ccccc1,5.684224832111824,ncgc;veith
C[C@@H](C(=O)Nc1ccc2ccccc2c1)[C@@H]1C[C@@]1(C)[C@@H](NC(=O)c1cccnc1)c1ccccc1,4.984216978540185,ncgc;veith
C[C@@H](C(=O)Nc1ccc2ccccc2c1)[C@@H]1C[C@@]1(C)[C@@H](NC(=O)c1ccncc1Cl)c1ccccc1,3.6872033036619767,ncgc
C[C@@H](C(=O)Nc1ccc2ccccc2c1)[C@@H]1C[C@@]1(C)[C@@H](NC(=O)c1cnccn1)c1ccccc1,6.484206266808193,ncgc;veith
C[C@@H](C(=O)Nc1ccc2ccccc2c1)[C@@H]1C[C@@]1(C)[C@@H](NS(=O)(=O)c1ccc2ccccc2c1)c1ccccc1,3.6872033036619767,ncgc
C[C@@H](C(=O)Nc1ccc2ccccc2c1)[C@H]1C[C@]1(C)[C@H](NC(=O)OCc1ccccc1)c1ccccc1,5.084220332573883,ncgc;veith
C[C@@H](C(=O)Nc1ccc2ccccc2c1)[C@H]1C[C@]1(C)[C@H](NC(=O)Oc1ccc(F)cc1)c1ccccc1,3.787202796262461,ncgc
C[C@@H](C(=O)Nc1ccc2ccccc2c1)[C@H]1C[C@]1(C)[C@H](NC(=O)c1ccccc1)c1ccccc1,4.884219346423415,ncgc;veith
C[C@@H](C(=O)Nc1ccc2ccccc2c1)[C@H]1C[C@]1(C)[C@H](NC(=O)c1cccnc1)c1ccccc1,4.284220827875583,ncgc;veith
C[C@@H](C(=O)Nc1ccc2ccccc2c1)[C@H]1C[C@]1(C)[C@H](NC(=O)c1cnccn1)c1ccccc1,4.584219730527165,ncgc;veith
C[C@@H](C(=O)Nc1ccc2ccccc2c1)[C@H]1C[C@]1(C)[C@H](NP(=O)(c1ccccc1)c1ccccc1)c1ccccc1,4.784219133178269,ncgc;veith
C[C@@H](C(=O)Nc1ccc2ccccc2c1)[C@H]1C[C@]1(C)[C@H](NS(=O)(=O)c1ccc(-c2ccccc2)cc1)c1ccccc1,5.284220827875583,ncgc;veith
C[C@@H](C(=O)Nc1ccc2ccccc2c1)[C@H]1C[C@]1(C)[C@H](NS(=O)(=O)c1ccccc1)c1ccccc1,4.484220032521275,ncgc;veith
C[C@@H](C(=O)O)/C(=C/c1ccc2c(c1)OCO2)C(=O)O,4.884219346423415,ncgc;veith
C[C@@H](C(=O)O)[C@@H]1C[C@@]1(C)[C@@H](NC(=O)OCc1ccccc1)c1ccccc1,3.6872033036619767,ncgc
C[C@@H](C(=O)O)[C@H]1C[C@]1(C)[C@H](NC(=O)OCc1ccccc1)c1ccccc1,4.084221702678786,ncgc;veith
C[C@@H](C(=O)O)c1ccc(-c2ccccc2)c(F)c1,4.309220586587216,ncgc;veith
C[C@@H](C(=O)O)c1ccc(C(=O)c2ccccc2)s1,4.087203992408599,ncgc
C[C@@H](C(=O)O)c1ccc(C(=O)c2cccs2)cc1,4.187201534804045,ncgc
C[C@@H](C1=C(CCN(C)C)Cc2ccccc21)c1ccccn1,5.5842153979372355,ncgc;veith
C[C@@H](CCCCC(=O)Nc1ccc(C(F)(F)F)cc1)NCCc1cnc[nH]1,4.3842204094659465,ncgc;veith
C[C@@H](COc1ccc(/C=C\c2ccccc2)cc1)[N+](C)(C)C,3.6872033036619767,ncgc
C[C@@H](COc1ccccc1)N(CCCl)Cc1ccccc1,3.8842201911680436,ncgc;veith
C[C@@H](C[N+](C)(C)C)OC(N)=O,3.6872033036619767,ncgc
C[C@@H](Cc1ccc(OCC(=O)[O-])cc1)NC[C@H](O)c1cccc(Cl)c1,4.484220032521275,ncgc;veith
C[C@@H](Cc1cccc(C(F)(F)F)c1)NCCOC(=O)c1ccccc1,7.389576026314955,ncgc
C[C@@H](N)Cn1ccc2cc(F)c(Cl)cc21,4.6842193775900025,ncgc;veith
C[C@@H](NC(=O)/C(C#N)=C/c1ccc(O)c(O)c1)c1ccccc1,5.587192055283284,ncgc
C[C@@H](NC(=O)c1cc(-c2cn(C)nn2)on1)c1ccc(C(F)(F)F)nc1,3.496522623003728,challenge
C[C@@H](NC(=O)c1cc(N2CCOCC2)ccn1)c1cccc(Cl)c1,5.376227573003728,challenge
C[C@@H](NC(=O)c1n[nH]c2ccccc12)C1CCN(C(=O)c2cnn(-c3ccncc3)c2)CC1,6.121997667003727,challenge
C[C@@H](NCc1cc(Br)cc2[nH]c(=O)c(=O)[nH]c12)P(=O)(O)O,5.487173758361262,ncgc
C[C@@H](Nc1c(Nc2ccn[nH]2)c(=O)c1=O)c1ccccc1,4.258913276755011,pharmabench
C[C@@H](Nc1c(Nc2ccncc2)c(=O)c1=O)c1ccccc1,5.559943272418992,pharmabench
C[C@@H](O)CC(C)(C)N.Oc1c(Cl)c(Cl)c(Cl)c(Cl)c1Cl,4.784219133178269,ncgc;veith
C[C@@H](O)CN(CCN(C[C@@H](C)O)C[C@@H](C)O)C[C@@H](C)O.O=[N+]([O-])O.[Cu],5.384228610767986,ncgc;veith
C[C@@H](O)[C@H]1C(=O)N2C(C(=O)O)=C(S[C@@H]3CN[C@H](CNS(N)(=O)=O)C3)[C@H](C)[C@H]12,4.449695384640936,tox21
C[C@@H](O[C@H]1CC[C@@H]2CN(C3=CC(=O)CC3)C[C@H]2[C@@H]1c1ccc(F)cc1)c1cc(C(F)(F)F)cc(C(F)(F)F)c1,3.8609732680829736,pharmabench
C[C@@H](O[C@H]1CN2C(=O)C=C(C3=CCN(C(C)(C)C)CC3)CC2[C@@H]1c1ccc(F)cc1)c1cc(C(F)(F)F)cc(C(F)(F)F)c1,3.7758016583461615,pharmabench
C[C@@H](O[C@H]1CN2C(=O)[C@H]3C[C@@](C)(O)C[C@H]3[C@H]2[C@@H]1c1ccc(F)cc1)c1cc(C(F)(F)F)cc(C(F)(F)F)c1,3.703415770623954,pharmabench
C[C@@H](O[C@H]1OCCN(Cc2n[nH]c(=O)[nH]2)[C@H]1c1ccc(F)cc1)c1cc(C(F)(F)F)cc(C(F)(F)F)c1,4.499695145639398,tox21
C[C@@H](Oc1cc(-n2cnc3cc(-c4ccnc(NCCN(C)C)c4)ccc32)sc1C(N)=O)c1ccccc1C(F)(F)F,5.3838520133633105,pharmabench
C[C@@H](Oc1cc(-n2cnc3cc(-c4ccnc(NCCO)c4)ccc32)sc1C(N)=O)c1ccccc1Cl,6.0370645271386545,pharmabench
C[C@@H](Oc1cc(-n2cnc3cc(-c4cnn(CCN5CCN(C)CC5)c4)ccc32)sc1C(N)=O)c1ccccc1Cl,5.492996482788379,pharmabench
C[C@@H](Oc1ccc(CNC(=O)c2cccnc2Oc2ccc3c(c2)OCO3)c(F)c1)C(=O)O,3.7885301040785704,tox21
C[C@@H](Oc1ccc2c(c1)S(=O)(=O)N=C(c1c(O)c3cc(F)ccc3n(CCC3CC3)c1=O)N2)C(N)=O,5.107645601424362,pharmabench
C[C@@H](c1ccc(-c2ccc(=O)[nH]c2)cc1)N1CC[C@](CC(C)(C)NS(C)(=O)=O)(c2ccccc2)OC1=O,3.8609732680829736,pharmabench
C[C@@H](c1ccc(-c2ccc(=O)[nH]c2)cc1)N1CC[C@](CCCO)(c2ccccc2)OC1=O,4.463033259410936,pharmabench
C[C@@H](c1ccc(-c2ccc(=O)n(C)c2)cc1)N1CC[C@](CC(C)(C)O)(c2ccccc2)OC1=O,3.9436428419764202,pharmabench
C[C@@H](c1ccc(-c2ccc(=O)n(C)c2)cc1)N1CC[C@](CCC(N)=O)(c2ccccc2)OC1=O,3.8609732680829736,pharmabench
C[C@@H](c1ccc(-c2ccc(=O)n(C)c2)cc1)N1CC[C@](CCCO)(c2ccc(F)cc2)OC1=O,3.947159415699257,pharmabench
C[C@@H](c1ccc(-c2ccc(=O)n(C)c2)cc1)N1CC[C@](CCCO)(c2ccccc2)OC1=O,4.182758485337573,pharmabench
C[C@@H](c1ccc(-c2ccc(C#N)cn2)cc1)N1CC[C@](CC(C)(C)O)(c2ccccc2)OC1=O,3.9917415483519973,pharmabench
C[C@@H](c1ccc(-c2ccc(F)cc2)cc1)N1CC[C@](CC(C)(C)O)(c2ccccc2)OC1=O,4.940154514130598,pharmabench
C[C@@H](c1ccc(-c2ccc(F)cc2)cc1)N1CC[C@](CCC(N)=O)(c2ccccc2)OC1=O,4.597731833308392,pharmabench
C[C@@H](c1ccc(-c2ccc(F)cc2)cc1)N1CC[C@](CCCO)(c2ccccc2)OC1=O,4.940154514130598,pharmabench
C[C@@H](c1ccc(-c2ccc(F)cc2F)cc1)N1CC[C@](CCC(N)=O)(c2ccc(F)cc2)OC1=O,4.736034531474673,pharmabench
C[C@@H](c1ccc(-c2ccc(F)cc2F)cc1)N1CC[C@](CCCO)(c2ccccc2)OC1=O,4.860973268082973,pharmabench
C[C@@H](c1ccc(-c2ccc(F)cc2F)cc1)N1CC[C@](CCO)(c2ccc(F)cc2)OC1=O,4.647898442774122,pharmabench
C[C@@H](c1ccc(-c2ccc(F)cn2)cc1)N1CC[C@](CC(C)(C)O)(c2ccccc2)OC1=O,4.034898465382147,pharmabench
C[C@@H](c1ccc(-c2ccn(C3CC3)c(=O)c2)cc1)N1CCC(CC2CC2)(CC(C)(C)O)OC1=O,3.883249662794126,pharmabench
C[C@@H](c1ccc(OC(F)F)cc1)N1CC[C@](CCO)(c2ccc(F)cc2)OC1=O,3.947159415699257,pharmabench
C[C@@H](c1ccccc1)N1C(=O)[C@H]2[C@@H]3[C@H](O)[C@H](O)CC(=O)[C@H]3CC[C@H]2C1=O,6.187177387497534,ncgc
C[C@@H](c1ccccc1)N1C(=O)[C@H]2[C@H]3[C@H](O)[C@H](O)C/C(=N/NC(=O)OCc4ccccc4)[C@@H]3CC[C@@H]2C1=O,5.287203117605396,ncgc
C[C@@H](c1ncncc1F)C(O)(Cn1cncn1)c1ccc(F)cc1F,4.499695145639398,tox21
C[C@@H]1CCC[C@H](C)N1,7.889263108933359,ncgc
C[C@@H]1CC[C@H]2C(=O)N3[C@@H](CC[C@@H](C)[C@@H]3c3ccc(Br)cc3)C(=O)N2[C@@H]1c1ccc(Br)cc1,4.6842193775900025,ncgc;veith
C[C@@H]1CC[C@H]2C(=O)NC[C@@H](O)CN2[C@@H]1c1ccc(Br)cc1,4.587200720463143,ncgc
C[C@@H]1CC[C@H]2C(=O)O[C@H](CN=[N+]=[N-])CN2[C@@H]1c1ccc(Br)cc1,4.784219133178269,ncgc;veith
C[C@@H]1CC[C@H]2C(C)(C)[C@H]3C[C@@]12CC[C@@]3(C)O,4.388884536179949,tox21
C[C@@H]1CN(C(=O)Nc2ccccc2)c2ccc(-c3ccc([C@H]4CC[C@H](CC(=O)O)CC4)cc3)cc2O1,4.191966487124398,pharmabench
C[C@@H]1CN(C(=O)c2ccccc2)CCN1C(=O)C(=O)c1c[nH]c2ccccc12,4.622091179167836,pharmabench
C[C@@H]1CN(C(=O)c2ccccc2)CCN1C(=O)C(=O)c1c[nH]c2cnccc12,4.107645601424362,pharmabench
C[C@@H]1CN(C(=O)c2ccccc2)CCN1C(=O)C(=O)c1c[nH]c2ncccc12,4.440467431512194,pharmabench
C[C@@H]1CN(C2CCOCC2)CCN1C(=O)CCc1nc2ccccc2[nH]1,3.3305709250037276,challenge
C[C@@H]1CN(CCCn2c3ccccc3c3ccccc32)C[C@H](C)N1,4.184219245074232,ncgc;veith
C[C@@H]1CN(Cc2ccc(/C=C/c3n[nH]c4cc([C@@H]5C[C@@]56C(=O)Nc5ccccc56)ccc34)cc2)C[C@H](C)O1,5.435004535810692,pharmabench
C[C@@H]1CN(S(=O)(=O)c2ccc(NC(=O)NCc3cccnc3)cc2)C[C@H](C)O1,5.463033259410936,pharmabench
C[C@@H]1CNCCN1S(=O)(=O)c1cccc2cnccc12,3.787202796262461,ncgc
C[C@@H]1CN[C@@H](C2CC2)C(=O)N(C)[C@H](C)C(=O)N[C@H](Cc2ccc(F)cc2)C(=O)NCCCc2ccccc2O1,3.518550587260767,pharmabench
C[C@@H]1COCCN1c1nc(N2CCOC[C@@H]2C)nc2[nH]c(-c3cccc4[nH]ccc34)nc12,5.041429332541105,pharmabench
C[C@@H]1COC[C@@H](C)N1S(=O)(=O)c1ccc(NC(=O)NCc2cccnc2)cc1,5.559220050799897,pharmabench
C[C@@H]1COC[C@@](CO)(CNC(=O)c2ccc3nc(N(C)C)oc3c2)N1C,3.9439211120037276,challenge
C[C@@H]1C[C@@]2(C)Oc3ccccc3[C@H]3OC[C@]1(COC(=O)Nc1ccccc1)[C@@H](C)[C@@H]32,3.987203621488413,ncgc
C[C@@H]1C[C@H](C)CN(S(=O)(=O)c2cc(Cl)c(Oc3ccc([N+](=O)[O-])cc3Cl)c(Cl)c2)C1,4.487201289787428,ncgc
C[C@@H]1C[C@H](C)CN(S(=O)(=O)c2ccc3c(c2)C(=NO)c2cc(S(=O)(=O)N4C[C@H](C)C[C@H](C)C4)ccc2C3=NO)C1,4.588358207233575,pharmabench
C[C@@H]1C[C@H](OC(=O)c2ccccc2O)CC(C)(C)C1,4.287203117605396,ncgc
C[C@@H]1C[C@H]2[C@@H]3CCC4=CC(=O)C=C[C@]4(C)[C@@]3(Cl)[C@@H](O)C[C@]2(C)[C@@]1(OC(=O)c1ccco1)C(=O)CCl,4.749697444003367,tox21
C[C@@H]1C[C@H]2[C@@H]3CCC4=CC(=O)C=C[C@]4(C)[C@@]3(F)[C@@H](O)C[C@]2(C)[C@@]1(O)C(=O)CO,4.032192234757989,tox21
C[C@@H]1C[C@H]2[C@@H]3CCC4=CC(=O)C=C[C@]4(C)[C@@]3(F)[C@@H](O)C[C@]2(C)[C@@]1(O)C(=O)COC(=O)c1ccncc1,4.749697444003367,tox21
C[C@@H]1C[C@H]2[C@@H]3CCC4=CC(=O)C=C[C@]4(C)[C@@]3(F)[C@@H](O)C[C@]2(C)[C@H]1C(=O)CO,4.449695384640936,tox21
C[C@@H]1Cc2cc3c(cc2C(c2ccc(N)cc2)=NN1)OCO3,3.8842202108992034,ncgc;veith
C[C@@H]1NCCc2cc(O)c(O)cc21,4.087203992408599,ncgc
C[C@@H]1O[C@H]1P(=O)([O-])[O-].[Na+].[Na+],4.787200049553703,ncgc
C[C@@H]1Oc2ccc(C(=O)C[C@@H](C(=O)O)c3ccc4c(c3)OCO4)cc2O1,4.487201289787428,ncgc
C[C@@H]1[C@H]2C=C[C@@H]1[C@@H](c1c3ccc(=O)c(O)c-3oc3c(O)c(O)ccc13)[C@@H]2C(=O)O,4.387202152451927,ncgc
C[C@@H]1c2ccccc2Cn2cc3c(c21)C(=O)c1cccc(OP(=O)(O)OCc2ccccc2)c1C3=O.[Na],4.984216978540185,ncgc;veith
C[C@@H]1c2nnc(-c3nc(C(F)(F)F)ns3)n2CCN1C(=O)c1ccc(F)cc1,3.6848820090272922,pharmabench
C[C@@](Cc1ccc(O)c(O)c1)(NN)C(=O)O,2.1699633150037276,challenge
C[C@@](N)(C(=O)O)c1ccc(C(=O)O)cc1,3.987203621488413,ncgc
C[C@@](N)(Cc1ccc(O)c(O)c1)C(=O)O,3.8872025006290167,ncgc
C[C@@]1(C(=O)Nc2ccc(F)nc2)CCCN1c1nc(Nc2cc(C3CC3)n[nH]2)c2cccn2n1,3.976366686785043,pharmabench
C[C@@]1(O)CCOC(=O)C1,4.187201534804045,ncgc
C[C@@]12C=CC(=O)C=C1CC[C@@H]1C2=CC[C@]2(C)[C@@H]1CC[C@H]2C(=O)CN1CCN(c2cc(N3CCCC3)nc(N3CCCC3)n2)CC1,4.184219245074232,ncgc;veith
C[C@@]12CCC[C@H]1[C@@H]1CC[C@H]3C[C@@H](O)CC[C@]3(C)[C@H]1CC2,4.499695145639398,tox21
C[C@@]12CC[C@@H]3[C@@H](CC[C@H]4C[C@@H](O)CC[C@]43C)[C@H]1CC[C@@H]2c1cc(C(F)(F)F)n[nH]1,4.387202152451927,ncgc
C[C@@]12CC[C@@H]3c4ccc(O)cc4CC[C@H]3[C@H]1CC[C@H]2O,4.437202020981151,ncgc
C[C@@]12CC[C@@H]3c4ccc(O)cc4CC[C@H]3[C@H]1C[C@@H](O)[C@H]2O,4.687200030977656,ncgc
C[C@@]12CC[C@@H]3c4ccc(OS(=O)(=O)O)cc4CC[C@H]3[C@H]1CCC2=O,4.187201534804045,ncgc
C[C@@]12CC[C@H]3[C@@H](CC[C@@H]4C[C@H](O)CC[C@]43C)[C@H]1CC[C@H]2O,3.8872025006290167,ncgc
C[C@@]12CC[C@H]3[C@@H](CC[C@@H]4C[C@H]5S[C@H]5C[C@]43C)[C@H]1CC[C@H]2O,7.584735926930282,ncgc;veith
C[C@@]12C[C@@H](O)[C@H]3[C@@H](CCC4=CC(=O)CC[C@]43C)[C@H]1CC[C@H]2C(=O)CO,4.087203992408599,ncgc
C[C@H](Br)C(=O)c1ccc2cc(Br)c3ccccc3c2c1,5.187211884060712,ncgc
C[C@H](Br)CN(C[C@H](C)Br)c1ccc2c(c1)Cc1ccccc1-2,4.784219133178269,ncgc;veith
C[C@H](CCC(=O)NN)[C@@H]1CC[C@@H]2[C@H]3CC[C@H]4C[C@@H](O)CC[C@@]4(C)[C@@H]3CC[C@]21C,4.687200030977656,ncgc
C[C@H](CCC(=O)O)[C@H]1CC[C@H]2[C@@H]3[C@H](O)C[C@@H]4C[C@H](O)CC[C@]4(C)[C@H]3CC[C@]12C,4.125769155003728,challenge
C[C@H](CCC(=O)[O-])[C@H]1CC[C@H]2[C@@H]3CC[C@@H]4C[C@H](O)CC[C@]4(C)[C@H]3C[C@H](O)[C@]12C.[Na+],3.9367621374821997,tox21
C[C@H](CN[C@@H](C(=O)Nc1ccc(-c2cnn(C)c2)cn1)c1ccccc1)c1ccc(C#N)cc1,4.518550587260767,pharmabench
C[C@H](CO)NC(=O)[C@H](C)[C@@H]1C[C@@]1(C)[C@@H](NC(=O)OCc1ccccc1)c1ccccc1,3.6872033036619767,ncgc
C[C@H](CO)NC(=O)[C@H](C)[C@H]1C[C@]1(C)[C@H](NC(=O)OCc1ccccc1)c1ccccc1,3.8872025006290167,ncgc
C[C@H](CS)C(=O)N1CCC[C@H]1C(=O)O,4.449695384640936,tox21
C[C@H](Cc1ccc(O)c(O)c1)[C@@H](C)Cc1ccc(O)c(O)c1,4.409219174422919,ncgc;veith
C[C@H](N)C(=O)OC(C)(C)Cc1ccc(Cl)cc1,3.6872033036619767,ncgc
C[C@H](N)Cc1c[nH]c2ccc(O)cc12,4.284220827875583,ncgc;veith
C[C@H](N=C(NC#N)Nc1ccncc1)C(C)(C)C,4.187201758362802,ncgc
C[C@H](NC(=O)/C(C#N)=C/c1ccc(O)c(O)c1)c1ccccc1,5.387283463271097,ncgc
C[C@H](NC(=O)C(C)(C)Oc1ccc(C(F)(F)F)cn1)[C@@H](Cc1ccc(Cl)cc1)c1cccc(C#N)c1,8.369611574248701,pharmabench
C[C@H](NC(=O)Cc1cnn(-c2ccccc2)n1)c1ccc(C(F)(F)F)nc1,4.971353563003728,challenge
C[C@H](NC(=O)Nc1nc2cc3c(cc2s1)OCO3)C(C)(C)O,4.843546573003728,challenge
C[C@H](NC(=O)c1c(Cc2cncnc2)c(-c2cccs2)nc2ccccc12)C1CCCCC1,3.838094476131532,pharmabench
C[C@H](NC(=O)c1ccc(Cl)c(Cl)c1)c1ccc(-c2ccccc2)cc1,4.787200049553703,ncgc
C[C@H](NC[C@H](O)CP(=O)(O)Cc1ccccc1)c1ccc(Cl)c(Cl)c1,4.084221702678786,ncgc;veith
C[C@H](NS(=O)(=O)c1ccc(-c2sc(C(=O)NCC(C)(C)O)nc2C(=O)N2CCC(F)(F)C2)c(Cl)c1Cl)C(F)(F)F,4.379053130481542,pharmabench
C[C@H](NS(=O)(=O)c1ccc(-c2sc(C(=O)NCC(C)(C)O)nc2C(=O)N2CCC(F)(F)CC2)c(Cl)c1Cl)C(F)(F)F,4.355823289763067,pharmabench
C[C@H](NS(=O)(=O)c1ccc(-c2sc(C(=O)NCC(C)(C)O)nc2C(=O)N2CC[C@H](F)C[C@@H]2C)c(Cl)c1Cl)C(F)(F)F,4.758310926185826,pharmabench
C[C@H](NS(=O)(=O)c1ccc(-c2sc(NC(=O)CC(C)(C)O)nc2C(=O)N2CCC(F)CC2)c(Cl)c1Cl)C(F)(F)F,4.440467431512194,pharmabench
C[C@H](O)C(=O)N1CC[C@H](N(Cc2cc(Cl)ccc2Cl)c2ccc(C#N)c(Cl)c2)C1,4.440467431512194,pharmabench
C[C@H](O)C(=O)N1CC[C@H](N(Cc2ccccc2C(F)(F)F)c2ccc(C#N)c(Cl)c2)C1,4.957883281091029,pharmabench
C[C@H]([C@@H](c1ccc(Nc2nc3ccccc3s2)cc1)n1ccnc1)N(C)C,4.29670183764441,pharmabench
C[C@H](c1ccccc1)N(CC(N)=O)S(=O)(=O)c1cnn(-c2ccccc2)c1,4.794174375003728,challenge
C[C@H]1C(=O)N(c2ccc(S(=O)(=O)C(F)(F)F)cc2)C(=O)N1Cc1ccnc2ccccc12,5.492996482788379,pharmabench
C[C@H]1C(=O)NCCCN1C(=O)c1cnc(-c2ccccc2)s1,3.9181859570037276,challenge
C[C@H]1C2=C3C(CC[C@H]4C(OCc5ccc(F)cc5C(F)(F)F)OC[C@](C)([C@@H]34)N(C(=O)OC(C)(C)C)C2)C(CO)C1CO,3.6872033036619767,ncgc
C[C@H]1CCC/C=C\[C@@H]2C[C@H](OC(=O)CN(C)C)C[C@@H]2[C@@H](O)/C=C\C(=O)O1,4.787200049553703,ncgc
C[C@H]1CCC/C=C\[C@H]2C[C@H](O)C[C@@H]2[C@H](O)/C=C\C(=O)O1,4.087203992408599,ncgc
C[C@H]1CCCC(=O)CCC/C=C/c2cc(O)cc(O)c2C(=O)O1,4.864226156988217,tox21
C[C@H]1CCC[C@H](O)CCCCCc2cc(O)cc(O)c2C(=O)O1,4.135350971707423,tox21
C[C@H]1CC[C@@H](C(=O)O)N1S(=O)(=O)c1ccc(N2CCCC2=O)cc1,2.663378675003728,challenge
C[C@H]1CC[C@H]2C(=O)N3[C@H](c4ccc(Br)cc4)[C@@H](C)CC[C@H]3C(=O)N2[C@@H]1c1ccc(Br)cc1,4.487201289787428,ncgc
C[C@H]1CC[C@H]2C(=O)N[C@H](Cc3ccccc3)C(=O)N2[C@@H]1c1ccccc1,4.787200049553703,ncgc
C[C@H]1CN(C)c2ccccc2CN1C(=O)Nc1cc(-c2ccsc2)nn1C,4.488611300003727,challenge
C[C@H]1CN(C)c2ccccc2CN1C(=O)Nc1ccc(F)cc1N1CCOCC1,4.441652063003728,challenge
C[C@H]1CN(C2CCOCC2)CCN1C(=O)c1cc(-c2cccs2)on1,4.553783193003728,challenge
C[C@H]1CN(S(=O)(=O)C[C@]23CC[C@H](C[C@@H]2O)C3(C)C)CCN1c1ncc(C(F)(F)F)cc1F,4.736034531474673,pharmabench
C[C@H]1CN(c2cc(N(CCO)Cc3cccc4ccccc34)[nH]c(=O)n2)CCO1,4.736034531474673,pharmabench
C[C@H]1CNC[C@@H](C(=O)NCCc2c[nH]c3c(Cl)cccc23)O1,4.456505810003728,challenge
C[C@H]1C[C@@H]2[C@H]([C@@H](O)C[C@@]3(C)[C@H]2CC[C@]3(O)C(=O)CO)[C@@]2(C)C=CC(=O)C=C12,4.038530441677591,tox21
C[C@H]1C[C@@H]2[C@H]3CCC4=CC(=O)C=C[C@@]4(C)[C@@]3(Cl)[C@@H](O)C[C@]2(C)[C@]1(OC(=O)c1ccco1)C(=O)CCl,4.587200720463143,ncgc
C[C@H]1C[C@H](C(=O)O)CC[C@H]1NN1CC[C@@]2(S(=O)(=O)c3ccc(F)cc3)c3ccc(C(F)(C(F)(F)F)C(F)(F)F)cc3CC[C@@H]12,4.0370645271386545,pharmabench
C[C@H]1C[C@H]2[C@@H]3CCC4=CC(=O)C=C[C@]4(C)[C@@]3(Cl)[C@@H](O)C[C@]2(C)[C@@]1(O)C(=O)CO,4.399695684644625,tox21
C[C@H]1C[C@H]2[C@@H]3CCC4=CC(=O)C=C[C@]4(C)[C@@]3(F)[C@@H](O)C[C@]2(C)[C@@]1(O)C(=O)CO,4.038530441677591,tox21
C[C@H]1C[C@H]2[C@@H]3CCC4=CC(=O)C=C[C@]4(C)[C@H]3C(=O)C[C@]2(C)[C@@]1(O)C(=O)CO,4.499695145639398,tox21
C[C@H]1Cc2c([nH]c3cc(Cl)c(F)cc23)[C@@]2(N1)C(=O)Nc1ccc(Cl)cc12,4.604095236264249,pharmabench
C[C@H]1Cc2c([nH]c3cc(Cl)ccc23)[C@@]2(N1)C(=O)Nc1ccc(Cl)cc12,4.7242527009265665,pharmabench
C[C@H]1Cc2c([nH]c3cc(F)c(F)cc23)[C@@]2(N1)C(=O)Nc1ccc(Cl)cc12,4.4718071837184405,pharmabench
C[C@H]1Cc2c([nH]c3ccccc23)[C@@]2(N1)C(=O)Nc1ccc(Cl)cc12,5.159117575509466,pharmabench
C[C@H]1OCCO[C@H]1C(=O)N(Cc1ccc2c(c1)OCO2)C1CCCC1,4.695278873003728,challenge
C[C@H]1O[C@@H](CC(=O)O)Cc2c1c(O)c1c(O)cc(-c3cc(=O)c4c(=O)c5c(c(=O)c=4c3=O)C[C@H](CC(=O)O)O[C@@H]5C)c(O)c1c2O,4.387202152451927,ncgc
C[C@H]1O[C@@H](O[C@H]2[C@@H](O)C[C@H](O[C@H]3[C@@H](O)C[C@H](O[C@H]4CC[C@@]5(C)[C@H](CC[C@@H]6[C@@H]5C[C@@H](O)[C@]5(C)[C@@H](C7=CC(=O)OC7)CC[C@]65O)C4)O[C@@H]3C)O[C@@H]2C)C[C@H](O)[C@@H]1O,3.7853041751078873,tox21
C[C@H]1[C@H](c2ccc(Cl)cc2)SC(=O)N1C(=O)NC1CCCCC1,4.638529123679475,tox21
C[C@](N)(Cc1ccc(O)c(O)c1)C(=O)O.C[C@](N)(Cc1ccc(O)c(O)c1)C(=O)O.O.O.O,3.7895941997726625,tox21
C[C@]1(C2CCCC2)Cc2cc(OCC(=O)O)c(Cl)c(Cl)c2C1=O,3.6872033036619767,ncgc
C[C@]1(O)CC[C@H]2[C@@H]3CCC4=CC(=O)CC[C@]4(C)[C@@]3(F)[C@@H](O)C[C@@]21C,4.085703615398568,tox21
C[C@]12C/C(=C/O)C(=O)C[C@@H]1CC[C@@H]1[C@@H]2CC[C@@]2(C)[C@H]1CC[C@]2(C)O,4.14199587968054,tox21
C[C@]12C=CC(=O)C=C1CC[C@@H]1[C@@H]2C(=O)C[C@@]2(C)[C@H]1CC[C@]2(O)C(=O)CO,3.7867617752740506,tox21
C[C@]12C=CC(=O)C=C1CC[C@@H]1[C@@H]2CC[C@@]2(C)[C@H]1CC[C@]2(C)O,4.099695361406635,tox21
C[C@]12C=CC(=O)C=C1CC[C@@H]1[C@@H]2[C@@H](O)C[C@@]2(C)[C@H]1CC[C@]2(O)C(=O)CO,3.844229719708438,tox21
C[C@]12C=CC(=O)C=C1CC[C@@H]1[C@H]3C[C@@H](O)[C@](O)(C(=O)CO)[C@@]3(C)C[C@H](O)[C@]12F,4.087203992408599,ncgc
C[C@]12C=CC(=O)C=C1CC[C@@H]1[C@H]3C[C@@H](O)[C@](O)(C(=O)CO)[C@]3(C)C[C@H](O)[C@]12F,3.8872025006290167,ncgc
C[C@]12C=CC(=O)C=C1CC[C@H]1[C@@H]3C[C@@H](O)[C@](O)(C(=O)CO)[C@@]3(C)C[C@H](O)[C@@]12F,4.338531273401033,tox21
C[C@]12C=CC(=O)N[C@@H]1CC[C@@H]1[C@@H]2CC[C@]2(C)[C@@H](C(=O)Nc3cc(C(F)(F)F)ccc3C(F)(F)F)CC[C@@H]12,4.0278521670037275,challenge
C[C@]12C=CC3=C4CCC(=O)C=C4CC[C@H]3[C@@H]1CC[C@@H]2O,4.139951868927592,tox21
C[C@]12CC3CC(N)(C1)C[C@@](C)(C3)C2,3.9842213317585995,ncgc;veith
C[C@]12CCC(=O)C(O)=C1CC[C@@H]1[C@@H]2CC[C@]2(C)C(=O)CC[C@@H]12,4.269112864757162,tox21
C[C@]12CCC(=O)C=C1C=C[C@@H]1[C@@H]2CC[C@@]2(C)[C@H]1CC[C@@]21CCC(=O)O1,4.149695764085624,tox21
C[C@]12CCC(=O)C=C1CC[C@@H]1[C@@H]2CC[C@@]2(C)[C@H]1CC[C@]2(C)O,4.117253417130842,tox21
C[C@]12CCC(=O)C=C1CC[C@@H]1[C@@H]2CC[C@]2(C)C(=O)CC[C@@H]12,3.8920973641757257,tox21
C[C@]12CCC(=O)C=C1CC[C@H]1[C@@H]3CC[C@](O)(C(=O)CO)[C@@]3(C)C[C@H](O)[C@@]12F,4.399695684644625,tox21
C[C@]12CCC(=O)C=C1[C@@H]1C[C@@H]1[C@H]1[C@@H]3[C@@H]4C[C@@H]4[C@@]4(CCC(=O)O4)[C@@]3(C)CC[C@@H]12,4.149695764085624,tox21
C[C@]12CCC(=O)C[C@@H]1CC[C@@H]1[C@@H]2CC[C@]2(C)[C@@H](O)CC[C@@H]12,4.102263833884246,tox21
C[C@]12CC[C@@H](O)C[C@@H]1CC[C@@H]1[C@@H]2CC[C@]2(C)C(=O)CC[C@@H]12,3.8385301209917824,tox21
C[C@]12CC[C@@H]3c4ccc(O)cc4CC[C@H]3[C@@H]1CCC2=O,4.89616356182789,tox21
C[C@]12CC[C@@H]3c4ccc(O)cc4CC[C@H]3[C@@H]1CC[C@@H]2O,4.810827898003728,challenge
C[C@]12CC[C@@H]3c4ccc(O)cc4CC[C@H]3[C@@H]1CC[C@@H]2OC(=O)CCC1CCCC1,4.41911328964768,tox21
C[C@]12CC[C@@H]3c4ccc(O)cc4C[C@@H](CCCCCCCCCS(=O)CCCC(F)(F)C(F)(F)F)[C@H]3[C@@H]1CC[C@@H]2O,5.188524066442228,tox21
C[C@]12CC[C@H](O)CC1=CC[C@@H]1[C@@H]2CC[C@]2(C)C(=O)CC[C@@H]12,4.038530441677591,tox21
C[C@]12CC[C@H](O)C[C@@H]1CC[C@H]1[C@H]2CC[C@]2(C)[C@H](C(=O)CO)CC[C@@H]12,3.8842202108992034,ncgc;veith
C[C@]12CC[C@H]3[C@@H](CCC4=CC(=O)CC[C@@H]43)[C@@H]1CC[C@@H]2O,3.842442278566149,tox21
C[C@]12CC[C@H]3[C@@H](CCC4=CC(=O)CC[C@@H]43)[C@@H]1CC[C@@H]2OC(=O)CCC1CCCCC1,4.399695684644625,tox21
C[C@]12CC[C@H]3[C@@H](CCC4=CC(=O)CC[C@@H]43)[C@@H]1CC[C@@H]2OC(=O)CCc1ccccc1,4.149695764085624,tox21
C[C@]12CC[C@H]3[C@@H](CCC4=CC(=O)CC[C@@H]43)[C@@H]1CC[C@@H]2OC(=O)CCc1ccco1,4.199695243524282,tox21
C[C@]12CC[C@H]3[C@@H](CCC4=CC(=O)CC[C@@]43C)[C@@H]1CC[C@@H]2C(=O)CO,4.119112842600936,tox21
C[C@]12CC[C@H]3[C@@H](CCC4=CC(=O)CC[C@@]43C)[C@@H]1CC[C@@H]2C(=O)O,4.349695468060089,tox21
C[C@]12CC[C@H]3[C@@H](CCC4=CC(=O)CC[C@@]43C)[C@@H]1CC[C@@H]2O,4.041371913772016,tox21
C[C@]12CC[C@H]3[C@@H](CC[C@@]45O[C@@H]4C(O)=C(C#N)C[C@]35C)[C@@H]1CC[C@@H]2O,3.7885301040785704,tox21
C[C@]12CC[C@H]3c4ccc(OC[C@H]5CO5)cc4CC[C@H]3[C@H]1CC[C@@H]2O,4.784219133178269,ncgc;veith
C[C@]12C[C@H](O)[C@H]3[C@@H](CCC4=CC(=O)CC[C@@]43C)[C@@H]1CC[C@@H]2C(=O)CO,4.138530880775606,tox21
C[C@]12Cc3cn4c(nc3C=C1CC[C@H]1[C@@H]2CC[C@@]2(C)[C@H]1CC[C@@]2(O)C#N)nc1ccccc14,4.284220827875583,ncgc;veith
C[C@]12Cc3cn[nH]c3C[C@@H]1CC[C@@H]1[C@@H]2CC[C@@]2(C)[C@H]1CC[C@]2(C)O,5.649682028933592,tox21
C[C@]12Cc3nonc3C[C@@H]1CC[C@@H]1[C@@H]2CC[C@@]2(C)[C@H]1CC[C@]2(C)O,4.249695373334149,tox21
C[N+](C)(C)CCC(=O)c1cccc2ccccc12,4.187201534804045,ncgc
C[N+](C)(C)CCO.O=S(=O)([N-]S(=O)(=O)C(F)(F)F)C(F)(F)F,4.839594834123792,tox21
C[N+](C)(C)Cc1ccccc1.[Cl-],3.8406600942444262,tox21
C[N+](C)(C)Cc1ccccc1.[OH-],3.8385301209917824,tox21
C[N+]1(C)CCC(OC(=O)C(c2ccccc2)c2ccccc2)CC1,3.6872033036619767,ncgc
C[N+]1(C)[C@@H]2CC(OC(=O)[C@@H](CO)c3ccccc3)C[C@H]1[C@H]1O[C@H]12,3.6872033036619767,ncgc
C[N+]1(CC2COC(c3ccccc3)(c3ccccc3)O2)CCCCC1.[I-],4.6109316078856555,tox21
C[N+]1(CCN=C=NC2CCCCC2)CCOCC1.Cc1ccc(S(=O)(=O)O)cc1,5.087201252198795,ncgc
C[N+]1([O-])CCC2(CC1)C(=O)Nc1cc(/C=C3\c4ccccc4COc4cc(F)ccc43)ccc12,4.108003403053889,pharmabench
C[S+]([O-])Cc1ccc(C(=O)Nc2ccc(OCCOCCO)nc2C(=O)NCC2CCC2)c2ccccc12,4.512019720101809,pharmabench
C[S+]([O-])Cc1ccc(C(=O)Nc2cccnc2C(=O)NCC2CCOCC2)c2ccccc12,4.059340921849807,pharmabench
C[S+]([O-])c1ccc(-c2nc(-c3ccc(F)cc3)c(-c3ccncc3)[nH]2)cc1,5.338094522802636,pharmabench
C[Si](C)(C)C#Cc1ccccc1NC(=S)Nc1ccccc1,4.084221702678786,ncgc;veith
C[Si](Cl)(c1ccccc1)c1ccccc1,5.099636492955575,tox21
C[Si](Cn1cncn1)(c1ccc(F)cc1)c1ccc(F)cc1,5.331362947629656,tox21
C[Si](NC1CCCCC1)(NC1CCCCC1)NC1CCCCC1,4.038530441677591,tox21
C[Si]1(C)N[Si](C)(C)N[Si](C)(C)N1,4.038530441677591,tox21
C[n+]1c(/C=C\c2ccc(O)c3ncccc23)[se]c2ccccc21,4.487201289787428,ncgc
C[n+]1cc2c3c(ccc2c2ccc4cc5c(cc4c21)OCO5)OCO3,4.087203992408599,ncgc
Cc1[nH][nH]c(=O)c1C(c1c(C)[nH][nH]c1=O)c1cn(Cc2cccc3ccccc23)c2ccccc12,4.231237939860009,veith
Cc1[nH]c(=O)c(C#N)cc1-c1ccncc1,4.3191129332065525,tox21
Cc1[nH]c2c(C)cccc2c1CCNC(=O)c1ccc2c(c1[N+](=O)[O-])C(=O)c1ccccc1C2=O,5.231237939860008,veith
Cc1[nH]c2ccc(O)cc2c1CCN,3.6872033036619767,ncgc
Cc1[nH]c2ccccc2c1-c1cc(-c2cc(-c3c(C)[nH]c4ccccc34)nc(N)n2)nc(N)n1,4.787200049553703,ncgc
Cc1[nH]c2ccccc2c1-c1cc(-c2cc(-c3c(C)[nH]c4ccccc34)on2)no1,4.88720077167744,ncgc
Cc1[nH]c2ccccc2c1C(=O)/C=C/c1ccccc1,4.28123853814577,veith
Cc1[nH]c2ccccc2c1C(=O)CN1CCN(C(=O)c2ccco2)CC1,4.431238405874674,veith
Cc1[nH]c2ccccc2c1C(=O)Nc1cc(C(F)(F)F)c2cn[nH]c2c1,6.027333925003727,challenge
Cc1[nH]c2ccccc2c1C1=CCN(C(=O)Nc2cc(C)c3cn[nH]c3c2)CC1,5.9017717270037275,challenge
Cc1[nH]c2ccccc2c1C1CCN(C(=O)Cc2c[nH]c3ncccc23)CC1,5.429136105003728,challenge
Cc1[nH]c2ccccc2c1CC(=O)N1CCC(Nc2cccnn2)CC1,4.442178795003728,challenge
Cc1[nH]c2ccccc2c1SCCNC(=O)Nc1ccnn1C,5.026781045003728,challenge
Cc1[nH]c2ccccc2c1SCCNC1CCCOCC1,4.480717803003728,challenge
Cc1[nH]ccc2c1[nH]c1cc(=O)ccc12,4.087203992408599,ncgc
Cc1[nH]cnc1-c1ccc(Cl)cc1,4.449695384640936,tox21
Cc1[nH]cnc1CN1CCc2c(c3ccccc3n2C)C1=O.Cl,5.449698188883719,tox21
Cc1[nH]cnc1C[C@H]1CCc2c(C)c3ccccc3n2C1=O.Cl,5.949380784722361,tox21
Cc1[nH]n(-c2ccccc2)c(=S)c1C=Nc1cccc([N+](=O)[O-])c1,4.28123853814577,veith
Cc1[nH]n(C(C)(C)C)c(=O)c1Sc1ccc(Cl)cc1,4.181236955344418,veith
Cc1[nH]n(C(C)(C)C)c(=O)c1Sc1ccccc1,4.431238405874674,veith
Cc1[nH]n2c(=O)c(C#N)c(-c3ccccc3)nc2c1-c1ccccc1,4.231237939860009,veith
Cc1[nH]n2c(=O)c3c(nc2c1-c1cccc2ccccc12)CCC3,4.531238789289352,veith
Cc1[nH]nc(-c2ccc(O)cc2O)c1-c1ccc(Cl)cc1,4.431238405874674,veith
Cc1[nH]nc(-c2ccc(OCc3cnn(-c4ccccc4)c3)cc2O)c1Oc1ccc(F)cc1,4.68123872420235,veith
Cc1[nH]nc(-c2ccc(OCc3cnn(-c4ccccc4)c3)cc2O)c1Oc1ccccc1F,4.981239042028786,veith
Cc1[nH]nc(N2CCCCCC2)c1[N+](=O)[O-],4.031238394064476,veith
Cc1[nH]nc(Nc2ccccc2)c1[N+](=O)[O-],3.981239042028786,veith
Cc1[nH]nc2ccc(-c3cc(OC[C@@H](N)Cc4c[nH]c5ccccc45)cnc3-c3ccoc3)cc12,5.639124518466617,pharmabench
Cc1[nH]nc2ncc(C(=O)Nc3cccc(-c4nnc[nH]4)c3)cc12,3.825464348003728,challenge
Cc1c(-c2c(F)cc(C(N)=O)c3[nH]c4c(c23)CC[C@H](C(C)(C)O)C4)cccc1-n1c(=O)c2cccc(F)c2n(C)c1=O,4.105098412410482,pharmabench
Cc1c(-c2ccc(F)cc2)nc(N)c(C#N)c1-c1cccs1,5.081239412948973,veith
Cc1c(-c2ccc(O)cc2)nn(-c2ccc(O)cc2)c1-c1ccc(OCCN2CCCCC2)cc1,4.187201534804045,ncgc
Cc1c(-c2ccccc2)nc2ccccc2c1C(=O)N[C@@H](c1cccc(F)c1)C1CC1,4.438094651136832,pharmabench
Cc1c(-c2ccccc2)oc2c(C(=O)NC(C)c3ccc4c(c3)CC(=O)N4)cccc2c1=O,5.260670600003728,challenge
Cc1c(-c2ccccc2)oc2cc(O)ccc2c1=O,4.88720077167744,ncgc
Cc1c(-c2cccs2)nc2ccccc2c1C(=O)N[C@@H](C)C1CCCCC1,4.038094591359665,pharmabench
Cc1c(-c2noc(-c3ccc(OC(C)C)c(C#N)c3)n2)ccc2c1CCN(C(CO)CO)C2,4.7046260672230495,pharmabench
Cc1c(-n2cc(C(=O)c3cc(Cl)ccc3O)cc(C#N)c2=O)c(=O)n(-c2ccccc2)n1C,4.081239412948973,veith
Cc1c(/N=C/c2ccco2)n(Cc2ccccc2)c2ccccc12,4.131237783223632,veith
Cc1c(Br)c([N+](=O)[O-])nn1C(C)C(=O)Nc1ccc2c(c1)OCO2,4.081239412948973,veith
Cc1c(Br)c([N+](=O)[O-])nn1C(C)C(=O)Nc1nccs1,4.731239014571102,veith
Cc1c(Br)cncc1NC(=O)[C@H]1C[C@@H]1c1cccc(O)c1,4.938226000003728,challenge
Cc1c(C#N)c(N)nc2c3c(sc12)NC(=O)CC3c1ccccc1Cl,5.238092940001284,pharmabench
Cc1c(C(=O)N2CCN(CC3CCCO3)CC2)sc2ccccc12,4.664412650003728,challenge
Cc1c(C(=O)NC2CCCc3ccccc32)oc2ccc(S(=O)(=O)N3CCOCC3)cc12,4.431238405874674,veith
Cc1c(C(=O)NCCCN2CCN(c3cccc(Cl)c3Cl)CC2)cc(-c2ccccc2)n1C,4.3513227885363905,pharmabench
Cc1c(C(=O)NCc2ccc3[nH]c(=O)[nH]c3c2)nnn1-c1ccccc1Cl,4.589387173003728,challenge
Cc1c(C(=O)NCc2cccc3c2OCC3)nnn1-c1ccn(C)n1,4.575882230003728,challenge
Cc1c(C(=O)NCc2coc3ccccc23)cnn1C(C)C,4.582252310003728,challenge
Cc1c(C(=O)NN2CCCCC2)nn(-c2ccc(Cl)cc2Cl)c1-c1ccc(Cl)cc1,6.006757168923237,pharmabench;tox21
Cc1c(C(=O)NN2CCCCC2)nn(-c2ccc(Cl)cc2Cl)c1-c1ccc(I)cc1,4.984216978540185,ncgc;veith
Cc1c(C(=O)NN2CCOCC2)nn(-c2ccc(Cl)cc2Cl)c1-c1ccc(I)cc1,4.484220032521275,ncgc;veith
Cc1c(C(=O)Nc2ccc(N3C[C@@H](C)O[C@@H](C)C3)nc2)cccc1-c1ccc(OC(F)(F)F)cc1,5.443798252003727,challenge
Cc1c(C(=O)Nc2ccc(OC(F)(F)F)cc2)sc2nc3n(c(=O)c12)CCC3,4.081239412948973,veith
Cc1c(C(=O)Nc2ccc(OCc3ccncc3)cc2)nnn1C,4.3720243670037275,challenge
Cc1c(C(=O)Nc2ccc3ccn(C)c3c2)nnn1Cc1ccncc1,5.393560195003728,challenge
Cc1c(C(=O)Nc2cccc(-c3ccn[nH]3)c2)sc2cncn12,6.1473455070037275,challenge
Cc1c(C(=O)Nc2cccc(C(F)(F)F)c2)oc2ccc(S(=O)(=O)N3CCOCC3)cc12,5.131237783223633,veith
Cc1c(C(=O)Nc2nccs2)sc2nc(-c3cccs3)cc(C(F)(F)F)c12,4.7812382168028345,veith
Cc1c(C(=O)O)oc2ccc(S(=O)(=O)NCc3ccc4c(c3)OCO4)cc12,4.731239014571102,veith
Cc1c(C(=O)c2c[nH]n(C)c2=O)ccc(S(C)(=O)=O)c1C1=NOCC1,4.528308864226004,tox21
Cc1c(C(=O)c2ccc(Cl)cc2)c2ccc(OC(F)(F)F)cc2n1Cc1cccc(O[C@@H](C)C(=O)O)c1,4.589906495796435,pharmabench
Cc1c(C(=O)c2ccc3ccccc3c2)c2cccc3c2n1[C@H](CN1CCOCC1)CO3,3.8872025006290167,ncgc
Cc1c(C)c([N+](=O)[O-])c(C(C)(C)C)c([N+](=O)[O-])c1C,4.038530441677591,tox21
Cc1c(C)c2c(c(C)c1O)CCC(C)(COc1ccc(CC3SC(=O)NC3=O)cc1)O2,4.744113113348353,tox21
Cc1c(C)c2c(c(C)c1O)CC[C@@](C)(CCC[C@@H](C)CCC[C@@H](C)CCCC(C)C)O2,3.987203621488413,ncgc
Cc1c(C)c2c(c(C)c1O)CC[C@@](C)(CN1CCN(c3cc(N4CCCC4)nc(N4CCCC4)n3)CC1)O2,3.8872025006290167,ncgc
Cc1c(C)c2ccc(Oc3ccc([N+](=O)[O-])cc3C(F)(F)F)c(C)c2oc1=O,4.88123792116939,veith
Cc1c(C)n(C[C@H]2C[C@@H]2C)c2c(OCc3ccc(F)cc3)nncc12,5.435004535810692,pharmabench
Cc1c(C=O)c2ccccn2c1C(=O)c1ccncc1,4.381238666479966,veith
Cc1c(CC(C)(C)C(=O)O)n(Cc2ccc(Cl)cc2)c2ccc(F)cc12,5.587192055283284,ncgc
Cc1c(CC(C)C(=O)Nc2ccccc2C(=O)O)cnn1-c1ccc(O)cc1,3.9956718419804296,pharmabench
Cc1c(CCC(=O)Nc2ccccc2C(=O)O)cnn1-c1ccc(O)cc1,4.162003263746954,pharmabench
Cc1c(CCO)c(=O)n(-c2ccccc2)n1S(=O)(=O)c1c(Cl)cc(Cl)cc1Cl,4.581238740591187,veith
Cc1c(CCOC(=O)C2C3CC4CC(C3)CC2C4)sc[n+]1CC(=O)c1ccc(Br)cc1.[Br-],4.131237783223632,veith
Cc1c(CNC(=O)C(c2ccccc2)N2CCC(O)CC2)oc2ccc(F)cc12,4.7259473450037275,challenge
Cc1c(CNC(=O)c2cccc(-n3cnnn3)c2)oc2ccc(F)cc12,5.558757660003728,challenge
Cc1c(CNS(=O)(=O)Cc2ccc(Br)c(F)c2)noc1-c1ccccc1,6.0988262350037274,challenge
Cc1c(COC(=O)[C@@H]2[C@H](/C=C(\Cl)C(F)(F)F)C2(C)C)cccc1-c1ccccc1,4.593889591844837,tox21
Cc1c(Cc2ccc(=O)n(Cc3ccc(F)cc3F)n2)c2cc(F)ccc2n1CC(=O)O,4.133974540146711,pharmabench
Cc1c(Cl)c(=O)oc2cc(OP(=O)(OCCCl)OCCCl)ccc12,5.149692953199974,tox21
Cc1c(Cl)c(S(N)(=O)=O)cc2c1N=CN=S2(=O)O,4.587200720463143,ncgc
Cc1c(Cl)c([N+](=O)[O-])nn1Cc1ccc(C(=O)N/N=C\c2cc(Cl)ccc2O)o1,4.68123872420235,veith
Cc1c(Cl)c([N+](=O)[O-])nn1Cc1ccc(C(=O)N/N=C\c2cccc(Br)c2)o1,4.531238789289352,veith
Cc1c(Cl)cc(C(C)(C)C)c(O)c1Cc1c(C)c(Cl)cc(C(C)(C)C)c1O,4.784219133178269,ncgc;veith
Cc1c(Cl)cccc1N1C(=O)C(N2C(=O)c3cccc([N+](=O)[O-])c3C2=O)C1c1cccs1,4.731239014571102,veith
Cc1c(Cl)cccc1N1CCN(C(=O)c2c[nH]c(=O)n2C)CC1,3.9958479870037276,challenge
Cc1c(Cl)cccc1N1CCN(Cc2nnn(C)n2)CC1,4.601438325003728,challenge
Cc1c(Cl)cccc1NC(=O)CN1CCC(C(O)(c2ccccc2)c2ccccc2)CC1,4.981239042028786,veith
Cc1c(Cl)cccc1NC(=O)C[C@H]1Sc2ccccc2NC1=O,4.88720077167744,ncgc
Cc1c(Cl)cccc1NC(=O)c1ccc(-n2ccnc2)nc1,6.381238666479966,veith
Cc1c(Cl)cccc1Nc1ccccc1C(=O)O,4.656044650333721,ncgc;tox21;veith
Cc1c(Cl)nc(OC[C@H]2C[C@@H]2c2ccccn2)nc1NCc1cnn(C)c1,4.622091179167836,pharmabench
Cc1c(Cn2ccnc2)c2ccccc2n1CCC(=O)O,5.149692953199974,tox21
Cc1c(F)c(F)c(COC(=O)C2C(/C=C(\Cl)C(F)(F)F)C2(C)C)c(F)c1F,4.288530398353015,tox21
Cc1c(F)cc(C(=O)NC2CC2)cc1-c1ccc(C(=O)NCC(C)(C)C)cn1,3.838094476131532,pharmabench
Cc1c(F)cc(C(=O)NC2CC2)cc1-c1ccc(C(=O)NCC(C)(C)O)cc1,4.138094575541082,pharmabench
Cc1c(F)cc(C(=O)NC2CC2)cc1-c1ccc(C(=O)NCC(C)C)cn1,3.838094476131532,pharmabench
Cc1c(F)cc(C(=O)NC2CC2)cc1-c1ccc(C(=O)NCC2CC2)cn1,3.5380945534188153,pharmabench
Cc1c(F)cc(C(=O)NC2CC2)cc1-c1ccc(C(=O)NCC2CCCO2)cc1,4.238094664860268,pharmabench
Cc1c(F)cc(C(=O)NC2CC2)cc1-c1ccc(C(=O)N[C@@H](C)C(C)C)cn1,3.738094490679494,pharmabench
Cc1c(F)ccc(Cl)c1C(=O)NC1CCc2ncccc2C1,3.841522412003728,challenge
Cc1c(F)ccc(Cl)c1C(=O)NC[C@H]1CC[C@@H](c2ncn[nH]2)O1,3.6550023670037275,challenge
Cc1c(F)ccc2c1N(C(=O)c1cc(=O)[nH]c3cc(F)ccc13)CCC2,5.123690275003728,challenge
Cc1c(I)c(=O)n(-c2ccccc2)n1C,4.04969579048559,tox21
Cc1c(N)cccc1Cl,4.088176453310275,tox21
Cc1c(N)cccc1N,4.028703126287901,tox21
Cc1c(N2C(=O)/C(=C3/C(=O)N(C)c4ccccc43)SC2=S)c(=O)n(-c2ccccc2)n1C,4.181236955344418,veith
Cc1c(N2CCC(C3CC3)C2)ncnc1N1CCC(C2CC2)C1,5.012643290003727,challenge
Cc1c(NC(=O)C(Sc2ccccc2)c2ccccc2)cccc1[N+](=O)[O-],5.88123792116939,veith
Cc1c(NC(=O)C2CC(=O)Nc3cc(F)ccc32)sc2c1CCCC2,4.891483887003727,challenge
Cc1c(NC(=O)CCCOc2ccccc2)cccc1[N+](=O)[O-],4.031238394064476,veith
Cc1c(NC(=O)CSc2nnc3c4ccccc4n(CCc4ccccc4)c3n2)c(=O)n(-c2ccccc2)n1C,5.431238405874674,veith
Cc1c(NC(=O)OCCNC(=O)COc2c(Cl)cccc2Cl)sc(=S)n1C,5.131237783223633,veith
Cc1c(NC(=O)OCCNC(=O)Nc2ccccc2)sc(=S)n1C,4.331238507999185,veith
Cc1c(NC(=O)c2ccc(C(C)(C)C)cc2)cccc1-c1nc(Nc2ccc(C(=O)N3CCOCC3)cc2)c2nc[nH]c2n1,5.736034531474673,pharmabench
Cc1c(NC(=O)c2ccc(OC(F)F)nc2)cnn1C1CCCC1,4.088713017003728,challenge
Cc1c(NC(=S)NC(=O)C(c2ccccc2)c2ccccc2)cccc1C(=O)O,5.231237939860008,veith
Cc1c(NCc2cc(Cl)ccc2O)c(=O)n(-c2ccccc2)n1C,4.28123853814577,veith
Cc1c(Nc2cc(N3CCCC(C)C3)c3nonc3c2[N+](=O)[O-])c(=O)n(-c2ccccc2)n1C,4.88123792116939,veith
Cc1c(O)c(=O)ccn1C,4.88720077167744,ncgc
Cc1c(OCC(F)(F)F)ccnc1CS(=O)c1nc2ccccc2[nH]1,3.6872033036619767,ncgc
Cc1c(OCC(F)(F)F)ccnc1CSc1nc2ccccc2[nH]1,4.231237939860009,veith
Cc1c(Oc2ccc(S(C)(=O)=O)cc2F)ncnc1OC1CCN(C(=O)OC(C)C)CC1,4.613818653201847,pharmabench
Cc1c(S(=O)(=O)Nc2cc(C)n(C3CCCCC3)n2)cnn1C,3.6107317050037278,challenge
Cc1c2ccc(N(C)c3ccnc(Nc4cccc(S(N)(=O)=O)c4)n3)cc2nn1C,5.191966487124398,pharmabench
Cc1c2ccc(N(C)c3ccnc(Nc4cccc(S(N)(=O)=O)c4)n3)cc2nn1Cc1ccccc1,5.639124518466617,pharmabench
Cc1c2cccc(Sc3ccccc3)c2c2c3c(cccc13)[S+](c1ccccc1)C2,4.884219346423415,ncgc;veith
Cc1c2ccncc2c(C)c2c1[nH]c1ccccc12,3.6872033036619767,ncgc
Cc1c2cnccc2c(C)c2c1c1ccccc1n2CCOC(=O)c1ccccc1,4.784219133178269,ncgc;veith
Cc1c[nH]c(=O)n(CCCN2CCN(c3ccccc3OCC(F)(F)F)CC2)c1=O,3.7842205065326477,ncgc;veith
Cc1c[nH]c2c(Nc3cccc(Cl)c3)ncc(C(=O)N3CCOCC3)c12,4.665996664866918,pharmabench
Cc1c[nH]nc1C(=O)N1CCCC1(C)Cc1ccc(OC(F)(F)F)cc1,4.985240700003728,challenge
Cc1cc(-c2c(C)[nH]n(-c3ccccc3)c2=O)n(-c2ccccc2)n1,5.081239412948973,veith
Cc1cc(-c2cc(-c3ccc(Cl)cc3)nc(N)c2C#N)co1,4.231237939860009,veith
Cc1cc(-c2cc(=O)[nH]c(NCc3cccc4ccccc34)n2)ccn1,5.736034531474673,pharmabench
Cc1cc(-c2cc(C)c(N)c(C)c2)cc(C)c1N,4.191925640877615,tox21
Cc1cc(-c2cc(C)c(O)c(C(C)(C)C)c2)cc(C(C)(C)C)c1O,4.587200720463143,ncgc
Cc1cc(-c2ccc(/C=N/n3cnnc3)o2)c([N+](=O)[O-])cc1C,4.88123792116939,veith
Cc1cc(-c2ccc(F)cc2)cc2[nH]c(-c3c(N[C@H](CO)Cc4ccccc4)cc[nH]c3=O)nc12,4.736034531474673,pharmabench
Cc1cc(-c2ccc(N=Nc3ccc4c(S(=O)(=O)[O-])cc(S(=O)(=O)[O-])c(N)c4c3O)c(C)c2)ccc1N=Nc1ccc2c(S(=O)(=O)[O-])cc(S(=O)(=O)[O-])c(N)c2c1O,4.387202152451927,ncgc
Cc1cc(-c2ccc3c(c2)-c2nnc(Nc4cccc(Cl)c4)n2CCO3)ccn1,4.801536080231106,pharmabench
Cc1cc(-c2ccc3c(c2)-c2nnc(Oc4cccc(Cl)c4F)n2CCO3)ccn1,4.6171087786488965,pharmabench
Cc1cc(-c2ccc3c(c2)-c2nnc(Oc4cccc(OC(F)(F)F)c4)n2CCO3)ccn1,4.182758485337573,pharmabench
Cc1cc(-c2ccccc2)cc2[nH]c(-c3c(N[C@H](CO)Cc4ccccc4)cc[nH]c3=O)nc12,4.976366686785043,pharmabench
Cc1cc(-c2ccccc2)nnc1NCCN1CCOCC1.Cl.Cl,4.349695468060089,tox21
Cc1cc(-c2cnc3ccn(CC(=O)N(C)C)c3c2)ccc1Cl,4.369611574248701,pharmabench
Cc1cc(-c2cnc3ccn(CC(=O)N4CCCCC4)c3c2)ccc1F,5.258913276755011,pharmabench
Cc1cc(-c2cnc3ccn(CC4CCC4)c3c2)ccc1F,4.9231211748318175,pharmabench
Cc1cc(-c2cnc3ccn(CC4CCOC4)c3c2)ccc1F,4.80661560576038,pharmabench
Cc1cc(-c2cnc3ccn(Cc4ccccn4)c3c2)ccc1F,4.8329445444827295,pharmabench
Cc1cc(-c2cnc3ccn(Cc4ncco4)c3c2)ccc1F,4.48683617408356,pharmabench
Cc1cc(-c2n[nH]c(=S)o2)c(C)n1-c1ccccc1,4.181236955344418,veith
Cc1cc(-c2nc(-c3ccc4c(c3)CCO4)no2)c2cnn(C(C)C)c2n1,4.018586950003728,challenge
Cc1cc(-c2sccc2C)nc(-n2cccc2)n1,4.131237783223632,veith
Cc1cc(-n2c(C)cc(C(=O)NC3(Cc4ccc(Cl)cc4)CCOC3)c2C)no1,5.260908997003727,challenge
Cc1cc(/C=C/C(=O)/C=C/c2cc(C)c(O)c(C)c2)cc(C)c1O,3.5401348790654406,pharmabench
Cc1cc(/C=C2\SC(=S)N(Cc3ccco3)C2=O)c(C)n1-c1cccnc1,4.581238740591187,veith
Cc1cc(/C=C2\SC(=S)NC2=O)c(C)n1C,5.181236955344418,veith
Cc1cc(/C=C\c2ccc3cc(N(C)C)ccc3[n+]2C)c(C)n1-c1ccccc1.Cc1cc(/C=C\c2ccc3cc(N(C)C)ccc3[n+]2C)c(C)n1-c1ccccc1.O=C(O)c1cc2ccccc2c(Cc2c([O-])c(C(=O)O)cc3ccccc23)c1[O-],4.187201534804045,ncgc
Cc1cc(/C=N/n2cnnc2)c(C)n1-c1ccc(OCc2ccccc2F)cc1,4.631238141608918,veith
Cc1cc(/C=N\NC(=O)c2cccs2)c(C)n1-c1ccc2ncccc2c1,4.7812382168028345,veith
Cc1cc(=O)[nH]c(SCC(=O)Nc2nc3c(s2)CCCC3)n1,4.081239412948973,veith
Cc1cc(=O)[nH]o1,3.6242554303587893,tox21
Cc1cc(=O)c(-c2noc([C@@H]3C[C@H]3c3ccc4c(c3)OCCO4)n2)c2n1CCC2,4.0286829970037275,challenge
Cc1cc(=O)n2nc(N3CCC(Oc4cnccn4)CC3)sc2n1,4.374881720003728,challenge
Cc1cc(=O)oc(C)c1C(=O)NCc1cccnc1,4.7812382168028345,veith
Cc1cc(=O)oc2cc(N(C)C)ccc12,3.738530418642034,tox21
Cc1cc(=O)oc2cc(O)ccc12,4.187201534804045,ncgc
Cc1cc(=O)oc2cc(O)ccc12.O,4.088530344873387,tox21
Cc1cc(=O)oc2cc(OC3C=CC(C#CC(C)(C)C)OC3CO)ccc12,4.787200049553703,ncgc
Cc1cc(Br)ccc1NC(=O)CCSc1ccccc1,4.331238507999185,veith
Cc1cc(Br)ccc1NC(=O)CCl,4.038530441677591,tox21
Cc1cc(Br)ccc1NCc1ccccn1.O=C(O)C(=O)O,3.8312389898347954,veith
Cc1cc(C(=O)CSC(=S)SC(C)(C)C)ccc1Cl,4.587200720463143,ncgc
Cc1cc(C(=O)CSc2nnc(-c3ccccc3)o2)c(C)n1CC1COc2ccccc2O1,4.731239014571102,veith
Cc1cc(C(=O)CSc2nnc(N)s2)c(C)n1CCc1ccc(F)cc1,5.231237939860008,veith
Cc1cc(C(=O)N(C)C)cc2[nH]c(-c3c(NCC(O)c4cccc(Cl)c4)cc[nH]c3=O)nc12,4.890936491460416,pharmabench
Cc1cc(C(=O)N/N=C/c2cccc(OC(=O)c3ccco3)c2)n[nH]1,4.231237939860009,veith
Cc1cc(C(=O)N2CCC(O)(c3ccc(F)cc3)C2)c2n[nH]cc2c1,4.476346005003728,challenge
Cc1cc(C(=O)NC(CO)c2ccccc2C(F)(F)F)oc1C,4.476746913003728,challenge
Cc1cc(C(=O)NC2CC2)cc2[nH]c(-c3c(NCC(O)c4cccc(Cl)c4)cc[nH]c3=O)nc12,4.429609503923986,pharmabench
Cc1cc(C(=O)NC2CCN(c3ncccc3F)CC2)c(C)o1,4.516829483003728,challenge
Cc1cc(C(=O)NNC(=S)NC(C)c2ccccc2)c2ccccc2n1,4.7812382168028345,veith
Cc1cc(C(=O)N[C@@H](c2ccccc2)[C@]2(C)C[C@H]2[C@@H](C)C(=O)Nc2ccc3ccccc3c2)n(C)n1,4.6842193775900025,ncgc;veith
Cc1cc(C(=O)N[C@@H](c2ccccc2)[C@]2(C)C[C@H]2[C@@H](C)C(=O)Nc2ccc3ccccc3c2)no1,6.084206632000299,ncgc;veith
Cc1cc(C(=O)N[C@H](c2ccccc2)[C@@]2(C)C[C@@H]2[C@@H](C)C(=O)Nc2ccc3ccccc3c2)n(C)n1,4.3842204094659465,ncgc;veith
Cc1cc(C(=O)N[C@H](c2ccccc2)[C@@]2(C)C[C@@H]2[C@@H](C)C(=O)Nc2ccc3ccccc3c2)no1,4.6842193775900025,ncgc;veith
Cc1cc(C(=O)Nc2ccccc2NCC(F)(F)F)c2c(c1)C(C)CCN2,5.102269240003728,challenge
Cc1cc(C(=O)Nc2cnn(-c3ccccc3)c2)ccc1-n1cncn1,5.9303601550037275,challenge
Cc1cc(C(=O)Nc2ncc(C3CCNCC3)s2)n(C2CCOCC2)n1,3.8458185650037278,challenge
Cc1cc(C(=O)O)ccc1NC(=O)[C@H](C1CCCCC1)n1c(-c2ccc(Cl)cc2)nc2cc(F)c(F)cc21,4.059340921849807,pharmabench
Cc1cc(C(C#N)c2ccc(Cl)cc2)c(Cl)cc1NC(=O)c1cc(I)cc(I)c1O,4.743379955889795,pharmabench;tox21
Cc1cc(C(C)(C)C)c(O)c(C(C)(C)C)c1,4.087115288738647,tox21
Cc1cc(C(C)(C)C)c(O)c(C)c1Cn1c(=O)n(Cc2c(C)cc(C(C)(C)C)c(O)c2C)c(=O)n(Cc2c(C)cc(C(C)(C)C)c(O)c2C)c1=O,4.13817625349381,tox21
Cc1cc(C(C)(C)C)cc(CNC2CCCCC2)c1O,4.387202152451927,ncgc
Cc1cc(C(C)(C)c2cc(C)c(O)c(C)c2)cc(C)c1O,5.2028987480615365,tox21
Cc1cc(C(C)(C)c2ccc(O)c(C)c2)ccc1O,4.909497146803921,tox21
Cc1cc(C(F)(C(F)(F)F)C(F)(F)F)ccc1NC(=O)c1cccc(I)c1C(=O)NC(C)(C)CS(C)(=O)=O,4.435746412240425,tox21
Cc1cc(C(F)(F)F)nc(N2CCN(CC(=O)Nc3ccc(F)cc3)CC2)n1,6.2643910320037275,challenge
Cc1cc(C(F)(F)F)nn1CC(=O)NCCc1nc(-c2ccccc2)n[nH]1,4.611904890003728,challenge
Cc1cc(C(N)=O)nn1-c1cccc(-c2cc(C(F)(F)F)ccc2C(F)(F)F)c1,4.9231211748318175,pharmabench
Cc1cc(C)c(/C=C2/C(=O)Nc3ccccc32)[nH]1,4.88720077167744,ncgc
Cc1cc(C)c(/C=C2\C(=O)Nc3ccccc32)[nH]1,4.5996964603675305,tox21
Cc1cc(C)c(C#N)c(OCC(=O)c2ccc(Br)cc2)n1,4.28123853814577,veith
Cc1cc(C)c(C#N)c(SCC(=O)c2ccc(Cl)cc2Cl)n1,4.581238740591187,veith
Cc1cc(C)c(C#N)c(SCc2cc3c(cc2Cl)OCO3)n1,4.7812382168028345,veith
Cc1cc(C)c(C(=O)P(=O)(C(=O)c2c(C)cc(C)cc2C)c2ccccc2)c(C)c1,4.088530344873387,tox21
Cc1cc(C)c(C(=O)P(=O)(c2ccccc2)c2ccccc2)c(C)c1,4.488531697426887,tox21
Cc1cc(C)c(C(N)=O)c(SCC(=O)c2ccc(Cl)cc2)n1,4.181236955344418,veith
Cc1cc(C)c(C2=C(OC(=O)CC(C)(C)C)C3(CCCC3)OC2=O)c(C)c1,3.768376336750248,tox21
Cc1cc(C)c(C=O)c(C)c1,3.894020082787934,tox21
Cc1cc(C)c(Cn2cnc(-c3ccc([N+](=O)[O-])cc3)c2)c(C)c1,4.181236955344418,veith
Cc1cc(C)c(N)cc1C,4.139949544233393,tox21
Cc1cc(C)c(NC(=O)C(C)Sc2nnc(-c3ccco3)n2-c2ccccc2)c(C)c1,4.28123853814577,veith
Cc1cc(C)c(NC(=O)CN2CCN(c3cccc(F)c3)CC2)c(C)c1,4.532056638003728,challenge
Cc1cc(C)c(NC(=O)CN2CCN(c3cncc4ccccc34)CC2)c(C)c1,4.4799438400037275,challenge
Cc1cc(C)c(NC(=O)CSc2nnc(Cc3cccn3C)n2-c2ccc(F)cc2)c(C)c1,4.28123853814577,veith
Cc1cc(C)c(NC(=O)Nc2cc3ccccc3cc2C(=O)NC(C(=O)O)C2CCC(=O)CC2)c(C)c1,4.364966669202937,pharmabench
Cc1cc(C)c(NC(=O)Nc2cc3ccccc3cc2C(=O)NC(C(=O)O)C2CCC(F)(F)CC2)c(C)c1,5.52518116615978,pharmabench
Cc1cc(C)c(NC(=O)Nc2cc3ccccc3cc2C(=O)NC(C(=O)O)C2CCOCC2)c(C)c1,4.957883281091029,pharmabench
Cc1cc(C)c(NC(=O)Nc2cc3ccccc3cc2C(=O)NC2(C(=O)O)CCCCCC2)c(C)c1,4.7253106660829,pharmabench
Cc1cc(C)c(NC(=O)Nc2cc3ccccc3cc2C(=O)N[C@@H](COCC(C)(C)C)C(=O)O)c(C)c1,4.665996664866918,pharmabench
Cc1cc(C)c(NC(=O)Nc2cc3ccccc3cc2C(=O)N[C@H](C(=O)O)C(C)C)c(C)c1,4.258913276755011,pharmabench
Cc1cc(C)c(NC(=O)Nc2cc3ccccc3cc2C(=O)N[C@H](C(=O)O)C2CCCCC2)c(C)c1,5.552764687791869,pharmabench
Cc1cc(C)c(NC(=O)Nc2cc3ccccc3cc2C(=O)N[C@H](C(=O)O)[C@@H](C)OC2(C)CCCC2)c(C)c1,4.478956225508105,pharmabench
Cc1cc(C)c(NC(=O)Nc2cc3ccccc3cc2C(=O)N[C@H](C(=O)O)[C@@H](C)OC2CCC2)c(C)c1,5.015875228068716,pharmabench
Cc1cc(C)c(NC(=O)Nc2cc3ccccc3cc2C(=O)N[C@H](C(=O)O)[C@@H](C)OCc2ccccc2)c(C)c1,5.059340921849807,pharmabench
Cc1cc(C)c(NC(=O)Nc2cc3ccccc3cc2C(=O)N[C@H](C(=O)O)[C@@H](CC(C)C)OCc2ccccc2)c(C)c1,6.639124518466617,pharmabench
Cc1cc(C)c(NC(=O)Nc2cc3ccccc3cc2C(=O)N[C@](C)(C(=O)O)C2CCCCC2)c(C)c1,4.37430669545708,pharmabench
Cc1cc(C)c(O)c(C(C)(C)C)c1,4.088530344873387,tox21
Cc1cc(C)c(O)c(C)c1,4.063353447493933,tox21
Cc1cc(C)c(S(=O)(=O)N2CCCCC2)c(C)c1N(C)S(=O)(=O)c1ccccc1,4.981239042028786,veith
Cc1cc(C)c(S(=O)(=O)N2CCN(c3ccc([N+](=O)[O-])c(NCC4CCCO4)c3)CC2)c(C)c1,4.981239042028786,veith
Cc1cc(C)c(S(=O)(=O)N2CCN(c3ccc([N+](=O)[O-])c(NCc4ccco4)c3)CC2)c(C)c1,5.531238789289352,veith
Cc1cc(C)c(S(=O)(=O)NCC2CCC(C(=O)NCc3ccc4c(c3)OCO4)CC2)c(C)c1,4.931238759019225,veith
Cc1cc(C)c(S(=O)(=O)N[C@@H](C)CNc2cccc3c2cnn3-c2ccc(F)cc2)c(C)c1,4.440467431512194,pharmabench
Cc1cc(C)c(S(=O)(=O)n2ccc(-c3ccc(OCCN(C)c4ccccn4)cc3)n2)c(C)c1,5.031238394064476,veith
Cc1cc(C)c(S(C)(=O)=O)c(Oc2ccc(C(C)(C)C)cc2)n1,4.431238405874674,veith
Cc1cc(C)c2[nH]c(=O)c(CN(Cc3ccco3)C(=O)c3cccs3)cc2c1,4.931238759019225,veith
Cc1cc(C)c2c(-n3cccc3)c(C(=O)NNS(=O)(=O)c3ccc(Br)cc3)sc2n1,6.231237939860009,veith
Cc1cc(C)c2c(-n3cccc3)c(C(=O)NNS(=O)(=O)c3ccc(Cl)cc3)sc2n1,5.731239014571102,veith
Cc1cc(C)c2c(-n3cccc3)n[nH]c2n1,4.4812387752551235,veith
Cc1cc(C)c2cc(C#N)c(NCCOC(=O)c3ccccc3C)nc2c1,4.88123792116939,veith
Cc1cc(C)c2cc(CN(Cc3nnnn3Cc3ccc(F)cc3)C3CCCC3)c(=O)[nH]c2c1,4.431238405874674,veith
Cc1cc(C)c2nc(-c3ccccn3)cc(C(=O)Nc3ccc(S(=O)(=O)Nc4cc(C)on4)cc3)c2c1,4.431238405874674,veith
Cc1cc(C)c2nc3c(c([C@H](O)[C@@H]4CCCCN4)c2c1)CC/C3=C/c1ccc(Cl)cc1,5.284220827875583,ncgc;veith
Cc1cc(C)cc(-n2c(O)c(C=NC3CCS(=O)(=O)C3)c3ccccc3c2=O)c1,4.631238141608918,veith
Cc1cc(C)cc(/C=C/C2OCC(O)C2Oc2ccc(C3CCCC3)cc2)c1,4.687200030977656,ncgc
Cc1cc(C)cc(C(=N)c2ccccc2Cc2cccc3ccccc23)c1,5.187211884060712,ncgc
Cc1cc(C)cc(C(=O)N(NC(=O)Nc2ccc(Cl)cc2)C(C)(C)C)c1,4.581238740591187,veith
Cc1cc(C)cc(CSCC(=O)N/N=C/c2ccc(OCC(=O)NCc3ccco3)cc2)c1,4.731239014571102,veith
Cc1cc(C)cc(N(C(=O)Cc2cccs2)C(C(=O)NC2CCCCC2)c2ccccn2)c1,4.031238394064476,veith
Cc1cc(C)cc(N(CC(=O)NCCSc2ccccn2)S(=O)(=O)c2ccccc2)c1,5.831238989834795,veith
Cc1cc(C)cc(N)c1,4.582893992396103,tox21
Cc1cc(C)cc(OCC(=O)NNC(=O)c2cc(C)[nH]n2)c1,3.8312389898347954,veith
Cc1cc(C)cc(OP(=O)(Oc2cc(C)cc(C)c2)Oc2cc(C)cc(C)c2)c1,4.881533603793845,tox21
Cc1cc(C)cc(Oc2nn[nH]n2)c1,4.431238405874674,veith
Cc1cc(C)n(-c2cc(N3CCN(C(=O)c4ccc(C(C)(C)C)cc4)CC3)ccc2[N+](=O)[O-])n1,4.68123872420235,veith
Cc1cc(C)n(-c2cc(N3CCN(C(=O)c4cccc(Br)c4)CC3)ccc2[N+](=O)[O-])n1,4.531238789289352,veith
Cc1cc(C)n(-c2ccc(C(=O)Nc3cc(C(F)(F)F)ccc3N3CCOCC3)cc2)n1,6.381238666479966,veith
Cc1cc(C)n(-c2ccc(Cl)c(C(=O)O)n2)n1,4.631238141608918,veith
Cc1cc(C)n(-c2nc(NC(C)(C)C)nc(NC(C)(C)C)n2)n1,4.331238507999185,veith
Cc1cc(C)n(-c2nc(NCC(C)O)c3c4c(sc3n2)COC(C)(C)C4)n1,4.081239412948973,veith
Cc1cc(C)n(-c2nc3ccccc3c(=O)n2OCc2ccc(Cl)cc2)n1,4.531238789289352,veith
Cc1cc(C)n(-c2nnc(C)n2/N=C/c2ccccc2OCc2ccccc2Cl)n1,4.331238507999185,veith
Cc1cc(C)n(C(=O)c2cc3c(s2)CCCC3)n1,4.231237939860009,veith
Cc1cc(C)n(CC(O)COc2ccccc2)n1,6.731239014571102,veith
Cc1cc(C)n(Cc2ccc(NC(=O)c3ccc(COc4ccccc4Br)cc3)cc2)n1,5.231237939860008,veith
Cc1cc(C)n2nc(C(=O)N(C)C3CCCc4c3cnn4C)nc2n1,3.7423959950037275,challenge
Cc1cc(C)n2nc(SCc3cc(=O)oc4ccc5ccccc5c34)nc2n1,4.331238507999185,veith
Cc1cc(C)nc(-c2noc(C(CC(C)C)N3CCCCC3=O)n2)c1,4.1954598500037275,challenge
Cc1cc(C2=NC(C)(C)CN2)cc2[nH]c(-c3c(NCC(O)c4cccc(Cl)c4)cc[nH]c3=O)nc12,3.665996664866918,pharmabench
Cc1cc(C2=NCCN2C)cc2[nH]c(-c3c(NCC(O)c4cccc(Cl)c4)cc[nH]c3=O)nc12,3.3790531304815423,pharmabench
Cc1cc(C2C(C#N)=C(N)OC3=C2C(=O)CC(C)(C)C3)c(C)s1,4.431238405874674,veith
Cc1cc(C2C(C#N)=C(N)Oc3n[nH]c(C)c32)c(C)s1,4.28123853814577,veith
Cc1cc(C2CCN(C(=O)C3CCCN(C(=O)c4ccc5[nH]ncc5c4)C3)CC2)[nH]n1,4.328460103003728,challenge
Cc1cc(C=C(C#N)C#N)c(C)n1-c1ccccc1,5.231237939860008,veith
Cc1cc(CC(=O)O)c(C)n1-c1ccc(Cl)cc1,4.399695684644625,tox21
Cc1cc(CC(=O)[O-])n(C)c1C(=O)c1ccc(Cl)cc1.[Na+],4.088884525045696,tox21
Cc1cc(CCC(=O)N2CCc3c(cnn3-c3ccccc3)C2)no1,4.2360704400037275,challenge
Cc1cc(CCC(=O)OCCOCCOCCOC(=O)CCc2cc(C)c(O)c(C(C)(C)C)c2)cc(C(C)(C)C)c1O,5.899302797740747,tox21
Cc1cc(CCCOc2c(C)cc(-c3noc(C(F)(F)F)n3)cc2C)on1,4.649695361961072,tox21
Cc1cc(CN2CCCN(C(=O)c3cc(C4CC4)nn3C)CC2)no1,3.7957041350037275,challenge
Cc1cc(CNC(=O)N[C@@H]2CCc3cc(F)ccc32)no1,3.654502347003728,challenge
Cc1cc(CNC(=O)N[C@H]2CC2(C)C)nc(N2CCCC2)n1,3.7974963170037275,challenge
Cc1cc(CNC(=O)Nc2ncn(C(C)(C)C)n2)ccc1F,4.495293260003728,challenge
Cc1cc(CNC(=O)[C@H](C)[C@@H]2C[C@@]2(C)[C@@H](NC(=O)OCc2ccccc2)c2ccccc2)nn1C,4.184219245074232,ncgc;veith
Cc1cc(CNC(=O)[C@H](C)[C@H]2C[C@]2(C)[C@H](NC(=O)OCc2ccccc2)c2ccccc2)nn1C,4.484220032521275,ncgc;veith
Cc1cc(CNc2ccc(Cl)c(C#N)n2)nc(N2CCCC2)n1,5.487727403003728,challenge
Cc1cc(CS(=O)(=O)N2CC(O)Cc3ccccc32)on1,4.3975858320037275,challenge
Cc1cc(Cc2cc(C)cc(C(C)(C)C)c2O)c(O)c(C(C)(C)C)c1,5.012471579557394,tox21
Cc1cc(Cc2cc(C)cc(C(C)(C)C)c2O)c(O)c(Cc2cc(C)cc(C(C)(C)C)c2O)c1,4.784219133178269,ncgc;veith
Cc1cc(Cc2cc(Cc3cc(C)cc(C(C)(C)C)c3O)c(C)cc2C)c(O)c(C(C)(C)C)c1,4.784219133178269,ncgc;veith
Cc1cc(Cc2ccc(N)c(C)c2)ccc1N,4.4133538349750285,tox21
Cc1cc(Cl)cc2c(-c3ccccc3)c(C(=O)O)c(N3CCCCC3)nc12,4.258913276755011,pharmabench
Cc1cc(Cl)ccc1N,4.19831761183974,tox21
Cc1cc(Cl)ccc1N.Cl,4.258616583984811,tox21
Cc1cc(Cl)ccc1N=CN(C)C.Cl,4.038530441677591,tox21
Cc1cc(Cl)ccc1NC(=O)CN1CCC(C(O)(c2ccccc2)c2ccccc2)CC1,4.431238405874674,veith
Cc1cc(Cl)ccc1Nc1sc(C(=O)c2cc3cc(Cl)ccc3o2)c(N)c1C#N,5.184224419702565,ncgc;veith
Cc1cc(Cl)ccc1O,3.9448052196722836,tox21
Cc1cc(Cl)ccc1OC(C)C(=O)Nc1ccc(S(=O)(=O)Nc2cnc3ccccc3n2)cc1,5.4812387752551235,veith
Cc1cc(Cl)ccc1OC(C)C(=O)O,3.995664366892811,tox21
Cc1cc(Cl)ccc1OCC(=O)N/N=C1\CCCc2ccccc21,4.731239014571102,veith
Cc1cc(Cl)ccc1OCC(=O)NCc1ccncc1,5.381238666479966,veith
Cc1cc(Cl)ccc1OCC(=O)O,3.841016222696471,tox21
Cc1cc(Cl)ccc1OCC(=O)Oc1c(Cl)c(Cl)c(Cl)c(Cl)c1Cl,5.084220332573883,ncgc;veith
Cc1cc(Cl)ccc1OCC(=O)[O-].[Na+],3.9885299994982155,tox21
Cc1cc(Cl)ccc1Oc1ncnc2oc(-c3ccccc3)cc12,4.631238141608918,veith
Cc1cc(Cn2cnc3c2C[C@@H](C(=O)O)N(C(=O)C(c2ccccc2)c2ccccc2)C3)ccc1N(C)C.O=C(O)C(F)(F)F.O=C(O)C(F)(F)F,4.184219245074232,ncgc;veith
Cc1cc(Cn2nnc(C(=O)NCc3ccc(Cl)cc3)c2C)on1,4.706641250003727,challenge
Cc1cc(F)c(S(=O)(=O)Nc2cnn(C3CCCC3)c2C)cc1F,5.451195148003728,challenge
Cc1cc(F)ccc1-c1cc(N2CC[C@@H](O)[C@H]2CO)ncc1N(C)C(=O)C(C)(C)c1cc(C(F)(F)F)cc(C(F)(F)F)c1,4.445081774777837,tox21
Cc1cc(F)ccc1OC1C=CC(c2ccc3c(c2)OCO3)OC1CO,4.787200049553703,ncgc
Cc1cc(F)ccc1S(=O)(=O)Nc1ccccc1C(=O)Nc1ccccc1N1CCOCC1,5.631238141608918,veith
Cc1cc(F)ccc1[C@H](C)n1cc(C(C)(O)Cc2ccccc2)nn1,4.575785995003728,challenge
Cc1cc(F)ccc1[C@H](C)n1cc(C2COCCN2)nn1,4.001400690003727,challenge
Cc1cc(N)c(S(=O)(=O)O)cc1Cl,4.13289265483653,tox21
Cc1cc(N)c2cc(NC(=O)Nc3ccc4nc(C)cc(N)c4c3)ccc2n1.Cl.Cl,4.399695684644625,tox21
Cc1cc(N)c2ccccc2[n+]1CCCCCCCCCCCCCC[n+]1c(C)cc(N)c2ccccc21,3.6872033036619767,ncgc
Cc1cc(N)n(-c2ccccc2)n1,4.088530344873387,tox21
Cc1cc(N2C(=O)C(O)=C(C(=O)c3ccco3)C2c2ccc(O)cc2)no1,4.231237939860009,veith
Cc1cc(N2C(=O)C(O)=C(C(=O)c3cccs3)C2c2cccc(O)c2)no1,4.231237939860009,veith
Cc1cc(N2CCCC(NC(=O)N3CCc4cccc(C)c4C3)C2)n(C)n1,5.0397909320037275,challenge
Cc1cc(N2CCCC(c3n[nH]c(-c4ccccc4)n3)C2)ncn1,4.4893172800037275,challenge
Cc1cc(N2CCN(C(=O)NCCc3ccco3)CC2)nc(C(C)C)n1,4.124070503003728,challenge
Cc1cc(N2CCN(c3ccc4nccnc4n3)CC2)nc(C(C)C)n1,4.381499563003728,challenge
Cc1cc(N2CCOCC2)ccc1/C=C1\SC(=O)N(C(C)C)C1=O,3.7812382168028345,veith
Cc1cc(N2CCOCC2)nc(SCc2ccc(Cl)cc2Cl)n1,4.381238666479966,veith
Cc1cc(N2CCOCC2)nc2ccc(Cc3ccc4nc(N5CCOCC5)cc(C)c4c3)cc12,4.6842193775900025,ncgc;veith
Cc1cc(N2CCOCC2)ncc1[N+](=O)[O-],4.131237783223632,veith
Cc1cc(N2C[C@H](O)C[C@H]2c2n[nH]c(-c3ccccc3)n2)ncn1,3.743438665003728,challenge
Cc1cc(NC(=O)C2=C(O)c3ccccc3S(=O)(=O)N2C)no1,4.649695361961072,tox21
Cc1cc(NC(=O)C2CCCC2)n(-c2nc3ccccc3[nH]2)n1,4.68123872420235,veith
Cc1cc(NC(=O)C2CCCCC2)nc2c1c(=O)oc1ccccc12,4.131237783223632,veith
Cc1cc(NC(=O)C2NCCOc3ccccc32)cnc1C,3.869315498003728,challenge
Cc1cc(NC(=O)CCC(=O)N(CC2CCCO2)C(C(=O)NC2CCCC2)c2cccnc2)no1,4.031238394064476,veith
Cc1cc(NC(=O)COC(=O)c2ccc(NS(=O)(=O)c3ccc(C)c(C)c3)cc2)no1,5.231237939860008,veith
Cc1cc(NC(=O)COC(=O)c2ccc(S(=O)(=O)N3CCCc4ccccc43)cc2)no1,4.731239014571102,veith
Cc1cc(NC(=O)COc2ccc(Cl)cc2Cl)n(-c2ccccc2)n1,4.88123792116939,veith
Cc1cc(NC(=O)CSc2n[nH]c(-c3cccs3)n2)no1,4.181236955344418,veith
Cc1cc(NC(=O)CSc2nc3ccccc3c(=O)n2CCCC(=O)NCc2ccco2)n[nH]1,4.631238141608918,veith
Cc1cc(NC(=O)CSc2nc3ccsc3c(=O)n2Cc2ccccn2)n[nH]1,3.8312389898347954,veith
Cc1cc(NC(=O)CSc2nc3sc(C)c(C)c3c(=O)n2C2CCCC2)no1,5.231237939860008,veith
Cc1cc(NC(=O)CSc2nnc(-c3ccccc3)n2Cc2ccco2)no1,4.28123853814577,veith
Cc1cc(NC(=O)N2CC3(CCC3)C2C2CCOCC2)n(C)n1,3.3234401300037275,challenge
Cc1cc(NC(=O)N2CCC(C#Cc3cccc4c3CN(C3CCC(=O)NC3=O)C4=O)CC2)no1,4.648495970003728,challenge
Cc1cc(NC(=O)N2CCCC2(CO)CC(C)C)ccn1,3.8164640000037275,challenge
Cc1cc(NC(=O)NCc2cccc(C3(C)NC(=O)NC3=O)c2)ccc1-c1ccncc1,5.6813047820037275,challenge
Cc1cc(NC(=O)Nc2ccc(F)cc2)no1,4.081239412948973,veith
Cc1cc(NC(=O)Nc2ccc(N(C)C)cc2)c2cc(F)cc(F)c2n1,4.484220032521275,ncgc;veith
Cc1cc(NC(=O)Nc2ccc3c(ccn3C)c2)sn1,4.884219346423415,ncgc;veith
Cc1cc(NC(=O)[C@H]2OCCO[C@H]2C)nn1-c1cccc(Cl)c1,4.493387270003728,challenge
Cc1cc(NC(=O)c2ccc(S(=O)(=O)Nc3ccccc3)cc2)no1,4.931238759019225,veith
Cc1cc(NC(=O)c2ccco2)ccc1-n1cnnn1,4.28123853814577,veith
Cc1cc(NC(=S)NC(=O)CC(C)C)ccc1Br,6.631238141608918,veith
Cc1cc(NC(c2ccccc2)c2nnc[nH]2)cc(C)c1Cl,5.454204218003728,challenge
Cc1cc(NS(=O)(=O)CCc2cccc(F)c2)cnc1C,4.731500780003728,challenge
Cc1cc(NS(=O)(=O)c2cc(F)ccc2OC(C)C)cnc1C,4.388285253003728,challenge
Cc1cc(Nc2cc(C)c(C#N)c(NCCOc3cccnc3C)n2)n[nH]1,4.957883281091029,pharmabench
Cc1cc(O)c(-c2cc(O)c(C)cc2O)cc1O,5.184224419702565,ncgc;veith
Cc1cc(O)c(/C=N/Nc2ccc(Cl)cc2)c(=O)o1,4.581238740591187,veith
Cc1cc(O)c(/C=N/Nc2cccc(Cl)c2)c(=O)o1,4.7812382168028345,veith
Cc1cc(O)c(C(C)(C)C)cc1C(C)(C)C,4.238530429764998,tox21
Cc1cc(O)c(C(C)(C)C)cc1Sc1cc(C(C)(C)C)c(O)cc1C,5.239231119225467,tox21
Cc1cc(O)c(C(C)C)cc1C1(c2cc(C(C)C)c(O)cc2C)OC(=O)c2ccccc21,5.78423973440602,ncgc;veith
Cc1cc(O)c(C(C)C)cc1Cl,4.369112891496975,tox21
Cc1cc(O)c(C(C)C)cc1N=Cc1ccccc1O,5.484206266808193,ncgc;veith
Cc1cc(O)c2c(O)c3c(O)cccc3cc2c1,4.949691042568217,tox21
Cc1cc(O)c2c(c1)C(=O)c1cc(O)cc(O)c1C2=O,4.537201091714791,ncgc
Cc1cc(O)c2ccccc2c1O,4.5496968251554915,tox21
Cc1cc(O)ccc1N,4.286056966526352,tox21
Cc1cc(O)ccc1O,4.783595484431809,tox21
Cc1cc(OC(=O)CCCNC(=O)OC(C)(C)C)c2c3c(c(=O)oc2c1)CCC3,4.231237939860009,veith
Cc1cc(OC(=O)c2ccc(Cl)cc2)cc(=O)n1C,3.88123792116939,veith
Cc1cc(OC(=O)c2ccc(Cl)cc2Cl)nc(C)n1,4.531238789289352,veith
Cc1cc(OC(=O)c2ccccc2Cl)cc(=O)n1C,4.28123853814577,veith
Cc1cc(OC(C)C)nc(NCc2ccccc2)n1,4.131237783223632,veith
Cc1cc(OCC(=O)OC(C)C)c2c3c(c(=O)oc2c1)CCCC3,4.981239042028786,veith
Cc1cc(OCC(F)(F)C(F)(F)C(F)(F)C(F)(F)C(F)(F)C(F)F)nc(N)n1,4.181236955344418,veith
Cc1cc(OCCOCC[N+](C)(C)Cc2ccccc2)ccc1C(C)(C)CC(C)(C)C.[Cl-],3.841016222696471,tox21
Cc1cc(OCCn2cc(/C(N)=N/O)c3ccccc32)ccc1Cl,4.181236955344418,veith
Cc1cc(OCc2ccc([N+](=O)[O-])cc2)c2c3c(c(=O)oc2c1)CCCC3,6.131237783223632,veith
Cc1cc(OCc2nc(N)nc(N)c2-c2ccc(Cl)c(Cl)c2)ccc1[N+](=O)[O-],5.084220332573883,ncgc;veith
Cc1cc(OI)c(C(C)C)cc1-c1cc(C(C)C)c(OI)cc1C,4.399695684644625,tox21
Cc1cc(Oc2ccc(-c3ccccc3)cc2)nc(N2CCOCC2)n1,4.68123872420235,veith
Cc1cc(Oc2ccccc2)nc(NCc2ccccc2)n1,4.28123853814577,veith
Cc1cc(Oc2cncc(F)c2)cc(C(=O)Nc2ccc(F)cn2)n1,4.605700762979668,pharmabench
Cc1cc(Oc2cncnc2)cc(C(=O)Nc2ccc(Cl)cn2)n1,4.29670183764441,pharmabench
Cc1cc(Oc2cncnc2)cc(C(=O)Nc2ccc(F)cn2)n1,4.255309152486186,pharmabench
Cc1cc(Oc2cncnc2)cc(C(=O)Nc2cccc(F)n2)n1,5.082822017699329,pharmabench
Cc1cc(S(=O)(=O)O)c(N)cc1Cl,4.183945301768372,tox21
Cc1cc(S(N)(=O)=O)ccc1CNC(=O)C(C)c1ccccc1C,5.5841108900037275,challenge
Cc1cc(S(N)(=O)=O)ccc1CNc1ccc2nnc(-c3ccccc3)n2n1,5.824570385003728,challenge
Cc1cc(SCC(=O)c2ccc(Br)cc2)cc(C)[o+]1,4.884219346423415,ncgc;veith
Cc1cc(SCC(=O)c2ccccc2)nc(SCC(=O)c2ccccc2)n1,5.331238507999185,veith
Cc1cc(SCC(=O)c2ccccc2)nc2ccccc12,4.9871949150515835,ncgc
Cc1cc([N+](=O)[O-])c(O)c([N+](=O)[O-])c1,4.08394484813507,tox21
Cc1cc([N+](=O)[O-])cc([N+](=O)[O-])c1O,4.363531234027729,tox21
Cc1cc([N+](=O)[O-])ccc1-c1ccc(C2Nc3ccccc3C(=O)N2O)o1,4.831238989834795,veith
Cc1cc([N+](=O)[O-])ccc1N,4.093872381446384,tox21
Cc1cc([N+](=O)[O-])ccc1NCc1ccccc1,4.731239014571102,veith
Cc1cc2c(=O)n(NC(=O)c3ccc(COc4ccc(F)cc4)o3)c(C)nc2s1,4.4812387752551235,veith
Cc1cc2c(C(C)C)c(O)c(O)c(C=O)c2c(O)c1-c1c(C)cc2c(C(C)C)c(O)c(O)c(C=O)c2c1O,4.018449377871082,ncgc;tox21
Cc1cc2c(F)c(Oc3ncnn4cc(OC[C@@H](C)OC(=O)CN)c(C)c34)ccc2[nH]1,6.538753973349054,pharmabench
Cc1cc2c(F)c(Oc3ncnn4cc(OC[C@@H](C)OC(=O)[C@@H](C)N)c(C)c34)ccc2[nH]1,4.3513227885363905,pharmabench
Cc1cc2c(F)c(Oc3ncnn4cc(OC[C@@H](C)OC(=O)[C@H](N)CC(C)C)c(C)c34)ccc2[nH]1,4.906730758643648,pharmabench
Cc1cc2c(OCC(CNC(C)(C)C)OC(=O)c3ccccc3)cccc2[nH]1,4.799697485230536,tox21
Cc1cc2c(c(=O)o1)C1(C(=O)N(CC(=O)O)c3ccccc31)C(C#N)=C(N)O2,4.581238740591187,veith
Cc1cc2c(cc1C(F)(F)F)N(C(=O)Nc1ccc(Oc3cccnc3C)nc1)CC2.Cl,4.581721858206151,tox21
Cc1cc2c(cc1C)N(C(=O)COc1cccnc1)CC2,4.585206803003728,challenge
Cc1cc2c(cc1C)NC1=C(N2)O[C@H](c2c[nH]c3ccc(COc4ccccc4)cc23)C1=O,4.387202152451927,ncgc
Cc1cc2c(cc1CC(=O)c1sccc1S(=O)(=O)Nc1onc(C)c1Cl)OCO2,4.749697444003367,tox21
Cc1cc2c(cc1S(N)(=O)=O)S(=O)(=O)CCC2,4.187201534804045,ncgc
Cc1cc2c(nc1C)CCCCN2C[C@H](O)CN1CCCc2nc(-c3ccc(Br)cc3)ccc21,4.687200030977656,ncgc
Cc1cc2c(nc1C)CCCN2C[C@H](O)CN1CCCc2nc(-c3ccc(Br)cc3)ccc21,4.83421916124847,ncgc;veith
Cc1cc2c(ncn2Cc2ccccc2)c([N+](=O)[O-])c1C,4.28123853814577,veith
Cc1cc2c(o1)CC(C)(C)CC2NC(=O)c1c[nH]c2ccccc2c1=O,5.387715215003728,challenge
Cc1cc2c3c(c1)C(c1ccccc1)=N[C@@H](NC(=O)c1ccncc1)C(=O)N3CC2,4.088530344873387,tox21
Cc1cc2cc(/N=C(/NC#N)N[C@H]3CCCCN(CC(=O)N4CCCC4)C3=O)ccc2o1,3.872711671354218,pharmabench
Cc1cc2cc(C(=O)N3Cc4ccccc4C[C@H]3C(N)=O)oc2cc1C,4.648828757003728,challenge
Cc1cc2cc(C(c3nnnn3C(C)(C)C)N(Cc3ccco3)CC3CCCO3)c(=O)[nH]c2cc1C,4.731239014571102,veith
Cc1cc2cc(CNC(=O)CNC(=O)c3ccco3)ccc2[nH]1,4.299749357003727,challenge
Cc1cc2cc(CNC(=O)c3cccc([N+](=O)[O-])c3)ccc2[nH]1,5.390880708003728,challenge
Cc1cc2cc(N/C(=N\C(=O)c3ccc(C(=O)N(C)C)nc3)N[C@H]3CCCCN(CC(=O)N4CCCC4)C3=O)ccc2o1,3.70462606722305,pharmabench
Cc1cc2cc(N/C(=N\C(=O)c3ccc(C(N)=O)nc3)N[C@H]3CCCCN(CC(=O)N4CCCC4)C3=O)ccc2o1,3.9956718419804296,pharmabench
Cc1cc2cc(N/C(=N\C(=O)c3ccc(Cl)nc3)N[C@H]3CCCCN(CC(=O)N4CCCC4)C3=O)ccc2o1,4.258913276755011,pharmabench
Cc1cc2cc(N/C(=N\C(=O)c3cncc(C(N)=O)c3)N[C@H]3CCCCN(CC(=O)N4CCCC4)C3=O)ccc2o1,4.338094522802636,pharmabench
Cc1cc2cc3c(cc2nc1SCC(=O)Nc1c(C)cccc1C)CCC3,4.631238141608918,veith
Cc1cc2cc[nH]c2cc1NC(=O)c1coc(C2CCOCC2)n1,4.153299353003728,challenge
Cc1cc2cccc(C)c2nc1SCC(=O)N(C)c1nc(-c2ccccc2)cs1,4.831238989834795,veith
Cc1cc2ccccc2n1CCNC(=O)c1ccccc1,4.4812387752551235,veith
Cc1cc2ccccc2nc1SCC(=O)Nc1nc(-c2ccccc2)cs1,5.231237939860008,veith
Cc1cc2ccccn2c1C(=O)c1ccc(Cl)cc1,4.231237939860009,veith
Cc1cc2nc(-c3ccc(SCC(=O)N4CCc5ccccc54)nc3)[nH]c2cc1C,4.731239014571102,veith
Cc1cc2nc(-c3ccc(SCc4ccc(C#N)cc4)nc3)[nH]c2cc1C,4.631238141608918,veith
Cc1cc2nc(CCN(C(=S)NCC(C)C)C3CCCC3)[nH]c2cc1C,4.381238666479966,veith
Cc1cc2nc(SCCOC(=O)Nc3ccc(Cl)cc3)nc(C)c2cc1C,4.831238989834795,veith
Cc1cc2nc3c(=O)[nH]c(=O)nc-3n(C[C@H](O)[C@H](O)[C@H](O)CO)c2cc1C,3.8067388629996515,tox21
Cc1ccc(-c2c(C#N)c(N)n(-c3ccccc3)c(=O)c2C#N)cc1,4.381238666479966,veith
Cc1ccc(-c2c3c(nc4sc(C(N)=O)c(N)c24)CCC3)cc1,4.331238507999185,veith
Cc1ccc(-c2c[nH]cc2C(=O)NCC2(N3CCOCC3)CCCCC2)s1,4.663656533003728,challenge
Cc1ccc(-c2cc(-c3ccccc3)nn2-c2ccc(S(N)(=O)=O)cc2)cc1,4.133974540146711,pharmabench
Cc1ccc(-c2cc(-c3nnc(SCC(=O)NC(C)C(C)C)n3N)c3ccccc3n2)cc1,5.231237939860008,veith
Cc1ccc(-c2cc(Br)ccc2OCc2ccc(F)cc2)n1-c1cccc(C(=O)O)c1,4.747029915776136,pharmabench
Cc1ccc(-c2cc(Br)ccc2OCc2ccccc2)n1-c1cccc(C(=O)O)c1,4.505585610096399,pharmabench
Cc1ccc(-c2cc(C(=O)N3CCN(c4ccc(F)cc4)CC3)c3ccccc3n2)o1,4.381238666479966,veith
Cc1ccc(-c2cc(C(=O)NCc3ccco3)c3ccccc3n2)s1,4.68123872420235,veith
Cc1ccc(-c2cc(C(=O)NN=C3CCCC3)c3ccccc3n2)cc1,4.181236955344418,veith
Cc1ccc(-c2cc(C(F)(F)F)nn2-c2ccc(S(C)(=O)=O)cc2)cc1,4.133974540146711,pharmabench
Cc1ccc(-c2cc(C(F)(F)F)nn2-c2ccc(S(N)(=O)=O)cc2)cc1,4.464199269388287,pharmabench;tox21
Cc1ccc(-c2cc(C(F)(F)F)nn2-c2ccc([S+](C)[O-])cc2)cc1,3.923121174831818,pharmabench
Cc1ccc(-c2cc(C(F)F)n3ncc(C(=O)Nc4c(C)nn(Cc5c(Cl)cccc5Cl)c4C)c3n2)cc1,5.28123853814577,veith
Cc1ccc(-c2cc(Cl)ccc2OCc2ccccc2)n1-c1cccc(C(=O)O)c1,4.52518116615978,pharmabench
Cc1ccc(-c2cc(N)n(-c3ccc(C)cc3)n2)cc1,4.581238740591187,veith
Cc1ccc(-c2ccc(/C=N/N3C(=O)C4C5C=CC(C6CC56)C4C3=O)o2)c([N+](=O)[O-])c1,4.581238740591187,veith
Cc1ccc(-c2ccc(/C=N/NC(=S)Nc3ccccc3)o2)cc1[N+](=O)[O-],4.68123872420235,veith
Cc1ccc(-c2ccc(=O)n(CC(=O)NCc3ccco3)n2)cc1,4.381238666479966,veith
Cc1ccc(-c2cccc(-c3cc(C(C)(C)S(C)(=O)=O)cc4cccnc34)c2)c[n+]1[O-],3.923121174831818,pharmabench
Cc1ccc(-c2ccccc2C#N)cc1,4.449695384640936,tox21
Cc1ccc(-c2ccnc(=S)[nH]2)cc1,4.28123853814577,veith
Cc1ccc(-c2ccncc2)cc1NC(=O)c1cccc(C(N)=O)c1,5.2859703970037275,challenge
Cc1ccc(-c2cncc(C(=O)NCc3cscn3)c2)cc1,4.962655853003728,challenge
Cc1ccc(-c2cncc(F)c2)cc1NC(=O)c1ccc2[nH]c(=O)oc2c1,4.036613815003728,challenge
Cc1ccc(-c2csc(C(C#N)=C3CCCC3)n2)cc1,4.231237939860009,veith
Cc1ccc(-c2csc(Cc3nc(-c4cc5ccccc5oc4=O)cs3)n2)cc1,5.28123853814577,veith
Cc1ccc(-c2csc(N3CCC(NS(=O)(=O)c4ccc5c(c4)OCCO5)CC3)n2)cc1,4.731239014571102,veith
Cc1ccc(-c2csc3ncnc(NCCN4CCOCC4)c23)cc1,4.131237783223632,veith
Cc1ccc(-c2csc3ncnc(SCC(=O)c4ccc5c(c4)OCCO5)c23)cc1,4.931238759019225,veith
Cc1ccc(-c2n[nH]c(=S)n2/N=C/c2cccn2C)cc1,4.181236955344418,veith
Cc1ccc(-c2nc(C(C)Oc3ccc(Br)cc3Cl)no2)cn1,4.626792757003727,challenge
Cc1ccc(-c2nc(NC(=O)C3CCCc4[nH]ncc43)sc2C)s1,5.019831007003727,challenge
Cc1ccc(-c2nc3ccccc3[nH]2)cc1NC(=O)c1sc2ccccc2c1Cl,5.68123872420235,veith
Cc1ccc(-c2nc3ccccc3c(=O)n2-c2ncccc2C)cc1,4.031238394064476,veith
Cc1ccc(-c2nc3ccccc3s2)cc1NC(=O)c1cc(-n2cnnc2)ccc1Cl,4.88123792116939,veith
Cc1ccc(-c2nc3ccccc3s2)cc1NC(=S)NC(=O)c1ccccc1,4.731239014571102,veith
Cc1ccc(-c2ncc(Cl)cc2-c2ccc(S(C)(=O)=O)cc2)cn1,4.449695384640936,tox21
Cc1ccc(-c2ncnc(Nc3ccc(CN)cc3)c2O)cc1,5.107645601424362,pharmabench
Cc1ccc(-c2nn(-c3ccccc3)cc2/C=N/NS(=O)(=O)c2ccccc2)cc1,4.381238666479966,veith
Cc1ccc(-c2nn(-c3ccccc3)cc2CSC(=N)N)cc1.Cl,4.331238507999185,veith
Cc1ccc(-c2nnc(-c3ccc(NC(=O)c4cccs4)cc3)o2)cc1,4.581238740591187,veith
Cc1ccc(-c2nnc(-c3ccc4ccccc4c3)o2)cc1,4.587200720463143,ncgc
Cc1ccc(-c2nnc(C)c(N3CC(C)OC(C)C3)n2)cc1,4.031238394064476,veith
Cc1ccc(-c2nnc(N(C)C(=O)c3cccnc3)s2)cc1,5.131237783223633,veith
Cc1ccc(-c2nnn(CC(=O)N(c3ccccc3)C(C(=O)NCC3CCCO3)c3ccc(Cl)cc3)n2)cc1,5.431238405874674,veith
Cc1ccc(-c2noc(-c3cc4ccccc4oc3=O)n2)cc1,4.4812387752551235,veith
Cc1ccc(-c2noc(CN3CCN(C(c4ccccc4)c4ccccc4)CC3)n2)cc1,4.581238740591187,veith
Cc1ccc(-n2c(=O)c3sccc3n(CC(=O)NCc3ccco3)c2=O)cc1F,4.131237783223632,veith
Cc1ccc(-n2c(C)cc(/C=C(\C#N)C(=O)NCC3CCCO3)c2C)cc1,4.031238394064476,veith
Cc1ccc(-n2c(C)cc(C(=S)N3CCOCC3)c2C)cc1C,4.231237939860009,veith
Cc1ccc(-n2c(Cc3cccn3C)nnc2SCC(=O)N2CCc3ccccc32)cc1,4.381238666479966,veith
Cc1ccc(-n2c(N)c(C(=O)NCc3ccco3)sc2=S)cc1,4.131237783223632,veith
Cc1ccc(-n2c(O)c(/C=N/n3cnnc3)c3ccccc3c2=O)cc1,5.381238666479966,veith
Cc1ccc(-n2c(SCC(=O)N3CCOCC3)nnc2-c2cccnc2)cc1,4.031238394064476,veith
Cc1ccc(-n2c(SCC(=O)NCc3ccco3)nc3sc4c(c3c2=O)CC(C)(C)SC4)cc1,4.931238759019225,veith
Cc1ccc(-n2c([O-])nc(-[n+]3ccccc3)c2C=O)cc1,4.28123853814577,veith
Cc1ccc(-n2c3c(c(=O)[nH]c2=O)C(C(F)(F)F)(C(F)(F)F)NC(=O)N3)cc1,3.981239042028786,veith
Cc1ccc(-n2ccc(=O)c(-c3ccnc(SCc4cccc(Cl)c4)n3)n2)cc1,4.7812382168028345,veith
Cc1ccc(-n2ccnc2SCC(=O)N(CC(C)C)C2CCS(=O)(=O)C2)c(C)c1,4.131237783223632,veith
Cc1ccc(-n2nc(C(C)(C)C)cc2NC(=O)Nc2ccc(-n3ccnc3)cc2)cc1,5.435004535810692,pharmabench
Cc1ccc(-n2nc(C(C)(C)C)cc2NC(=O)Nc2ccc(-n3cnnc3)cc2)cc1,4.49924543206538,pharmabench
Cc1ccc(-n2nc(C(C)(C)C)cc2NC(=O)Nc2ccc(OCCN3CCOCC3)c3ccccc23)cc1,4.799697485230536,tox21
Cc1ccc(-n2nc(C)c3c2OC(N)=C(C#N)C3c2ccco2)cc1,4.4812387752551235,veith
Cc1ccc(-n2nc3c(c2NC(=O)c2cccs2)CSC3)cc1,4.731239014571102,veith
Cc1ccc(-n2nc3ccc(NC(=O)c4ccc5c(c4)OCO5)cc3n2)cc1,4.631238141608918,veith
Cc1ccc(-n2nnnc2-c2cnc3ccc(Cl)cc3c2-c2ccccc2)cc1,4.331238507999185,veith
Cc1ccc(-n2nnnc2C(=Cc2ccc(N(C)C)cc2)c2nnnn2-c2ccc(C)cc2)cc1,4.731239014571102,veith
Cc1ccc(/C(N)=N/OC(=O)Cc2cccs2)cc1,4.431238405874674,veith
Cc1ccc(/C(O)=C2/C(=O)C(=O)N(CCCn3ccnc3)C2c2ccccn2)cc1,4.631238141608918,veith
Cc1ccc(/C=C/C(=O)N2CC(C)CC(C)C2)o1,4.081239412948973,veith
Cc1ccc(/C=C/C2=CC3(C)CC2(C)C(c2ccc(C)cc2)CC3=O)cc1,4.687200030977656,ncgc
Cc1ccc(/C=C/C2=Cc3c(sc(NC(=O)CSc4n[nH]c(N)n4)c3C#N)C(C)(C)C2)o1,4.831238989834795,veith
Cc1ccc(/C=C/c2ccc(=O)n(Cc3ccc(Cl)cc3Cl)n2)cc1,4.7812382168028345,veith
Cc1ccc(/C=C/c2nnc(-c3ccc(C)cc3)o2)cc1,4.531238789289352,veith
Cc1ccc(/C=C2/C(=O)C3CCC2C3(C)C)cc1,4.591371322285702,tox21
Cc1ccc(/C=C2\OC(=O)c3ccccc32)cc1,5.731239014571102,veith
Cc1ccc(/C=C2\SC(=S)N(CCCC(=O)Nc3ccccn3)C2=O)cc1,4.581238740591187,veith
Cc1ccc(/C=C2\Sc3ccccc3C2=O)s1,4.731239014571102,veith
Cc1ccc(/C=N/NC(=O)CSc2nc3nc(C)cc(C)n3n2)cc1,3.931238759019225,veith
Cc1ccc(/C=N/NC(=O)c2cccs2)cc1[N+](=O)[O-],4.68123872420235,veith
Cc1ccc(/C=N/n2c(-c3ccccc3)csc2=S)cc1,4.699697196683655,tox21
Cc1ccc(/C=N/n2c(-c3cccs3)n[nH]c2=S)cc1,5.081239412948973,veith
Cc1ccc(/C=N/n2c(COc3ccccc3)n[nH]c2=S)s1,4.631238141608918,veith
Cc1ccc(/C=N\NC(=O)C2COc3cc4ccccc4cc3O2)o1,4.28123853814577,veith
Cc1ccc(/C=N\Nc2nc3ccc(Cl)cc3[nH]2)o1,4.431238405874674,veith
Cc1ccc(C#N)cc1S(=O)(=O)N1CCOC(C2CCC2)C1,4.961622370003727,challenge
Cc1ccc(C(=O)/C=C/c2c[nH]c3ccccc23)cc1,4.831238989834795,veith
Cc1ccc(C(=O)/N=C(\Nc2ccc3oc(C)cc3c2)N[C@H]2CCCCN(CC(=O)N3CCCC3)C2=O)cn1,4.3838520133633105,pharmabench
Cc1ccc(C(=O)C(OC(=O)CCC(=O)Nc2cccc(C)c2)c2ccccc2)cc1,4.131237783223632,veith
Cc1ccc(C(=O)C(OC(=O)CNC(=O)c2ccc(Cl)cc2)c2ccccc2)cc1,4.381238666479966,veith
Cc1ccc(C(=O)C(OC(=O)CNS(=O)(=O)c2ccccc2)c2ccccc2)cc1,4.431238405874674,veith
Cc1ccc(C(=O)C(OC(=O)COc2ccccc2C)c2ccccc2)cc1,4.081239412948973,veith
Cc1ccc(C(=O)C2(C)C3c4cc(Br)ccc4OC(=O)C32C(=O)c2ccco2)cc1,4.28123853814577,veith
Cc1ccc(C(=O)C2=C(O)C(=O)N(CCCn3ccnc3)C2c2ccc(OC(C)C)cc2)o1,4.231237939860009,veith
Cc1ccc(C(=O)C2C(=O)c3ccccc3C2=O)cc1,4.931238759019225,veith
Cc1ccc(C(=O)CN(C(=O)c2ccc(Cl)cc2)N2C(=O)c3ccccc3C2=O)cc1,4.7812382168028345,veith
Cc1ccc(C(=O)CNc2nc3c(c(=O)[nH]c(=O)n3C)n2Cc2ccccc2)cc1,5.331238507999185,veith
Cc1ccc(C(=O)COC(=O)CNC(=O)Cc2ccccc2)cc1[N+](=O)[O-],4.131237783223632,veith
Cc1ccc(C(=O)COC(=O)c2ccccc2N2C(=O)C3C4CCC(C4)C3C2=O)cc1C,4.981239042028786,veith
Cc1ccc(C(=O)COc2ccccc2C(=O)Nc2ccccc2)cc1,4.981239042028786,veith
Cc1ccc(C(=O)Cn2nnc3c(sc4nc5c(c(-c6ccccc6)c43)CCC5)c2=O)cc1,4.731239014571102,veith
Cc1ccc(C(=O)N(C)C(C)c2cccc(-c3nn[nH]n3)c2)n1C,5.8355399120037275,challenge
Cc1ccc(C(=O)N/C(=C\c2ccc(Br)cc2)c2nc(=S)[nH][nH]2)cc1,4.331238507999185,veith
Cc1ccc(C(=O)N2CCN(C3c4cccc5cccc(c45)C3NS(=O)(=O)c3ccccc3)CC2)cc1,4.631238141608918,veith
Cc1ccc(C(=O)N2CCN(c3ccc(C(F)(F)F)cn3)CC2)cc1,4.081239412948973,veith
Cc1ccc(C(=O)N2CCOCC2)cc1NC(=O)c1cccc2ncnn12,2.4878751200037277,challenge
Cc1ccc(C(=O)N2c3ccccc3N(Cc3ccccc3)C(=O)C2(C)C)cc1,4.731239014571102,veith
Cc1ccc(C(=O)NC(=S)N2CC(C)OC(C)C2)cc1[N+](=O)[O-],4.131237783223632,veith
Cc1ccc(C(=O)NC(=S)NCC(=O)c2ccccc2)cc1,4.88123792116939,veith
Cc1ccc(C(=O)NC(=S)NCC2CCCO2)cc1,4.381238666479966,veith
Cc1ccc(C(=O)NC(=S)Nc2cc(-c3nc4ccccc4s3)ccc2C)cc1,5.031238394064476,veith
Cc1ccc(C(=O)NC(=S)Nc2ccc(S(=O)(=O)N3CCN(C)CC3)cc2)cc1,4.131237783223632,veith
Cc1ccc(C(=O)NC(=S)Nc2ccccc2C(F)(F)F)cc1C,4.231237939860009,veith
Cc1ccc(C(=O)NC2CC2)cc1-c1ccc(C(=O)NCC2CC2)cc1,4.738094708859216,pharmabench
Cc1ccc(C(=O)NC2CC2)cc1-c1ccc(C(=O)NCC2CC2)cn1,3.738094490679494,pharmabench
Cc1ccc(C(=O)NC2CC2)cc1-c1ccc2c(c1)NC(=O)C21CCCC1,4.338094522802636,pharmabench
Cc1ccc(C(=O)NCCNc2ccc(Cl)cc2[N+](=O)[O-])o1,4.28123853814577,veith
Cc1ccc(C(=O)NNC(=O)CSc2nnc(-c3ccncc3)n2-c2ccc(C)cc2)cc1,4.581238740591187,veith
Cc1ccc(C(=O)NNC(=O)CSc2nnc3c(n2)[nH]c2ccc(F)cc23)cc1,4.531238789289352,veith
Cc1ccc(C(=O)NNC(=S)NC(=O)c2ccc(Cl)cc2)cc1,4.981239042028786,veith
Cc1ccc(C(=O)Nc2c(C#N)c(C)c(C)n2Cc2ccccc2)cc1,4.731239014571102,veith
Cc1ccc(C(=O)Nc2cc(Cl)ccc2OC(=O)c2ccc(C)cc2)cc1,4.131237783223632,veith
Cc1ccc(C(=O)Nc2ccc(-c3nc(-c4ccccc4)n[nH]3)cc2)c(C)n1,4.489078483003728,challenge
Cc1ccc(C(=O)Nc2ccc(Cc3ccncc3)cc2)cc1[N+](=O)[O-],5.4812387752551235,veith
Cc1ccc(C(=O)Nc2ccc3c(c2)CN(CC(N)=O)CC3)c(Cl)c1,4.395840608003728,challenge
Cc1ccc(C(=O)Nc2cccc(-c3cnc4ccccc4n3)c2)cc1,5.28123853814577,veith
Cc1ccc(C(=O)Nc2cccc(CNC(=O)c3ccc4nc(N(C)C)oc4c3)c2)cc1,5.514301253003728,challenge
Cc1ccc(C(=O)Nc2ccccc2-c2ccccc2)cc1S(=O)(=O)Nc1cccc(C)c1C,4.68123872420235,veith
Cc1ccc(C(=O)Nc2ccccc2Oc2ccccc2)cc1[N+](=O)[O-],4.731239014571102,veith
Cc1ccc(C(=O)Nc2nnc(C34CC5CC(CC(C5)C3)C4)s2)nn1,4.149262920003728,challenge
Cc1ccc(C(=O)O)cc1N1C(=O)c2cccc3cc(Br)cc(c23)C1=O,4.081239412948973,veith
Cc1ccc(C(=O)O/N=C\c2ccc(N3CCCCC3)c([N+](=O)[O-])c2)cc1,4.931238759019225,veith
Cc1ccc(C(=O)OCn2ncc(Cl)c(Cl)c2=O)cc1,4.381238666479966,veith
Cc1ccc(C(=O)Oc2cc(C)n(C)c(=O)c2)cc1,4.231237939860009,veith
Cc1ccc(C(=O)Oc2ccc(C(O)CNC(C)(C)C)cc2OC(=O)c2ccc(C)cc2)cc1,4.04969579048559,tox21
Cc1ccc(C(=O)[C@@H]2[C@@H]3[C@@H](C(=O)[C@@H]4OC[C@H]3O4)[C@@H]3C=Cc4ccccc4N23)cc1,4.287203117605396,ncgc
Cc1ccc(C(=O)c2cc([N+](=O)[O-])ccc2N2CCOCC2)c(C)c1,3.8312389898347954,veith
Cc1ccc(C(=O)c2cn[nH]c2-c2cc(Cl)ccc2O)cc1,4.931238759019225,veith
Cc1ccc(C(=O)c2nc3ccc(O)cc3s2)cc1O,3.605700762979667,pharmabench
Cc1ccc(C(=O)c2oc3nc(C)cc(C)c3c2N)cc1,4.631238141608918,veith
Cc1ccc(C(C(=O)NCc2ccco2)N(C(=O)CNC(=O)c2cccs2)c2ccc(C)cc2C)cc1,5.631238141608918,veith
Cc1ccc(C(C)(C)C)c(O)c1,4.095532299855524,tox21
Cc1ccc(C(C)C)c(O)c1,4.156253184901236,tox21
Cc1ccc(C(C)C)cc1O,4.53853042990295,tox21
Cc1ccc(C(C)C)cc2c(C)ccc1-2,4.349695468060089,tox21
Cc1ccc(C(C)NC(=O)N2CCCC(CC(N)=O)C2)cc1F,3.791073985003728,challenge
Cc1ccc(C(C)NC(=O)[C@@H](NC(=O)OC(C)C)C(C)C)cc1,4.189949563846856,tox21
Cc1ccc(C(C)OC(=O)C2(C)CCC(C(=O)O)C2(C)C)cc1.OCCNCCO,4.099695361406635,tox21
Cc1ccc(C(C)c2ccc(C)c(C)c2)cc1C,4.338531273401033,tox21
Cc1ccc(C(C2C(=O)CC(C)(C)CC2=O)C2C(=O)CC(C)(C)CC2=O)s1,3.8312389898347954,veith
Cc1ccc(C(CC(=O)c2ccco2)SCCO)cc1,4.381238666479966,veith
Cc1ccc(C(c2ccc(C)o2)c2cccc([N+](=O)[O-])c2O)o1,5.181236955344418,veith
Cc1ccc(C(c2nnnn2CC2CCCO2)N2CCN(C(=O)c3ccco3)CC2)cc1,3.88123792116939,veith
Cc1ccc(C)c(-c2cc(C(=O)NCc3cccs3)c3ccccc3n2)c1,5.181236955344418,veith
Cc1ccc(C)c(-c2cc(C(=O)Nc3nccs3)c3ccccc3n2)c1,4.831238989834795,veith
Cc1ccc(C)c(-c2cc(C(=O)Nc3sc(C)c(C)c3C(N)=O)c3ccccc3n2)c1,5.381238666479966,veith
Cc1ccc(C)c(-c2nn(-c3cc(N4CCN(CCO)CC4)ccc3[N+](=O)[O-])c(=O)c3ccccc23)c1,4.181236955344418,veith
Cc1ccc(C)c(/C(O)=C2\C(=O)C(=O)N(Cc3cccnc3)C2c2cccnc2)c1,4.7812382168028345,veith
Cc1ccc(C)c(C(=O)COC(=O)c2ccccc2N2C(=O)C3C4CCC(C4)C3C2=O)c1,4.381238666479966,veith
Cc1ccc(C)c(CN2C(=O)C3CCCN3c3ccc(C#N)cc32)c1,4.431238405874674,veith
Cc1ccc(C)c(Cn2c(C(=O)OC(C)C)cc3c2ccn3C)c1,4.331238507999185,veith
Cc1ccc(C)c(Cn2cnc3c(cnn3C(C)(C)C)c2=O)c1,4.331238507999185,veith
Cc1ccc(C)c(N(CC(=O)NC2CCCC2)C(=O)c2cc3cc4cccc(C)c4nc3s2)c1,5.631238141608918,veith
Cc1ccc(C)c(N(CC(=O)Nc2cc(Cl)ccc2Oc2ccccc2)S(C)(=O)=O)c1,4.731239014571102,veith
Cc1ccc(C)c(N)c1,4.037822697452893,tox21
Cc1ccc(C)c(N2CCN(C(=O)c3ccc4nc(-c5ccco5)c(-c5ccco5)nc4c3)CC2)c1,4.431238405874674,veith
Cc1ccc(C)c(NC(=O)C2(C)CC3c4ccccc4C2c2ccccc23)c1,4.28123853814577,veith
Cc1ccc(C)c(NC(=O)C2C3CCCC2C3c2ccccc2)c1,4.7812382168028345,veith
Cc1ccc(C)c(NC(=O)C2CC3c4ccccc4C2c2ccccc23)c1,4.581238740591187,veith
Cc1ccc(C)c(NC(=S)N(CCc2nc3cc(C)c(C)cc3[nH]2)Cc2cccnc2)c1,4.68123872420235,veith
Cc1ccc(C)c(NC(=S)NNC(=O)c2ccc(Br)o2)c1,5.031238394064476,veith
Cc1ccc(C)c(NC(=S)c2ccccn2)c1,3.981239042028786,veith
Cc1ccc(C)c(Nc2c([N+](=O)[O-])cc(C(=O)N3CC(=O)Nc4ccccc43)cc2[N+](=O)[O-])c1,4.381238666479966,veith
Cc1ccc(C)c(Nc2nc3nonc3nc2N2CCOCC2)c1,5.731239014571102,veith
Cc1ccc(C)c(O)c1C,3.7903044337605216,tox21
Cc1ccc(C)c(OCCCC(C)(C)C(=O)O)c1,4.4031984382896585,ncgc;pharmabench;tox21;veith
Cc1ccc(C)c(S(=O)(=O)N2CCC(c3nc4c(nnn4Cc4ccc(F)cc4)c(=O)[nH]3)CC2)c1,5.081239412948973,veith
Cc1ccc(C)n1C(Cc1ccccc1)C(=O)O,3.7812382168028345,veith
Cc1ccc(C)n1N1C(=O)/C(=C\c2ccc(Cl)cc2)SC1=S,4.581238740591187,veith
Cc1ccc(C2(c3noc(Cn4cc(C)cn4)n3)CCOCC2)cc1,4.739627965003728,challenge
Cc1ccc(C2=C(Cl)C(=O)C(c3ccc(C)cc3)=C(Cl)C2=O)cc1,5.084220332573883,ncgc;veith
Cc1ccc(C2=NN(S(C)(=O)=O)C(c3cccs3)C2)cc1,4.231237939860009,veith
Cc1ccc(C2=Nc3ccccc3S[C@@H](c3cccc([N+](=O)[O-])c3)C2)cc1,4.687200030977656,ncgc
Cc1ccc(C2C(=O)N(C3CCCC3)CC(=O)N2CC2COc3ccccc3O2)cc1,4.231237939860009,veith
Cc1ccc(C2C(C(=O)c3ccco3)=C(O)C(=O)N2c2nnc(C)s2)cc1,4.231237939860009,veith
Cc1ccc(C2C(C=Nc3c(C)n(C)n(-c4ccccc4)c3=O)=C(c3ccccc3)Oc3ccccc32)cc1,4.931238759019225,veith
Cc1ccc(C2C3=C(CCCC3=O)Nc3nc(SCC(=O)NCc4ccco4)[nH]c(=O)c32)cc1,4.581238740591187,veith
Cc1ccc(C2CC(=O)C(C=NCCN3CCN(C(=O)Cc4ccccc4)CC3)=C(O)C2)cc1,4.181236955344418,veith
Cc1ccc(C2CC(=O)c3cnc(N4CCc5ccccc5C4)nc3C2)cc1,4.731239014571102,veith
Cc1ccc(C2CC2C(=O)NN)cc1,4.131237783223632,veith
Cc1ccc(C2NC(c3ccc(C)cc3)C(C)C(=NO)C2C)cc1,4.4812387752551235,veith
Cc1ccc(C2Nc3ccccc3C(=O)N2Cc2ccco2)cc1,4.7812382168028345,veith
Cc1ccc(CC(=O)N2CCCn3nncc3C2)cc1Cl,3.6302892620037275,challenge
Cc1ccc(CC(=O)N2CCN(C(=O)Cc3cncn3C)CC2)cc1,5.760211485003728,challenge
Cc1ccc(CC(=O)N2CCN(CCS(N)(=O)=O)CC2)cc1,2.4954788450037277,challenge
Cc1ccc(CC(=O)N2CCN(c3cccc(C(F)(F)F)c3)CC2)cc1,4.131237783223632,veith
Cc1ccc(CC(C)C(=O)NC2CCN(C(=O)c3ccncc3)CC2)cc1,5.711140555003728,challenge
Cc1ccc(CCN2CC(C(=O)N3CCC4(CC3)OCCO4)CC2=O)cc1,4.181236955344418,veith
Cc1ccc(CN(C(=O)c2cc3ccccc3oc2=O)C2CCS(=O)(=O)C2)cc1,4.231237939860009,veith
Cc1ccc(CN2C(=O)CCC2C(=O)NCc2cccnc2)cc1,3.8312389898347954,veith
Cc1ccc(CN2CC34C=CC(O3)C(C(=O)NCc3ccc5c(c3)OCO5)C4C2=O)cc1,4.181236955344418,veith
Cc1ccc(CNC(=O)C2(NC(=O)Nc3ccc(C)cc3)CCCCC2)cc1,4.731239014571102,veith
Cc1ccc(CNC(=O)C2CCCN2C(=O)NCc2ccccc2)cc1,4.231237939860009,veith
Cc1ccc(CNC(=O)COc2ccc(S(=O)(=O)NC(=O)Cc3ccc(C)cc3)cc2)cc1,5.672198350003728,challenge
Cc1ccc(CNC(=O)Cc2csc(Nc3nc(=S)[nH]c4ccccc34)n2)cc1,5.331238507999185,veith
Cc1ccc(CNC(=O)N2CCN(c3ncnc4ccsc34)CC2)s1,5.016338057003727,challenge
Cc1ccc(CNC(=O)NC2(C)Cc3ccccc3C2)c(=O)n1C,3.868494742003728,challenge
Cc1ccc(CNC(=O)[C@@H]2C[C@H]2[C@@H](NP(=O)(c2ccccc2)c2ccccc2)c2ccccc2)o1,3.8872025006290167,ncgc
Cc1ccc(CNC(=O)[C@H](C)[C@@H]2C[C@@]2(C)[C@@H](NC(=O)OCc2ccccc2)c2ccccc2)c(F)c1F,4.784219133178269,ncgc;veith
Cc1ccc(CNC(=O)[C@H](C)[C@@H]2C[C@@]2(C)[C@@H](NC(=O)OCc2ccccc2)c2ccccc2)o1,4.184219245074232,ncgc;veith
Cc1ccc(CNC(=O)[C@H](C)[C@H]2C[C@]2(C)[C@H](NC(=O)OCc2ccccc2)c2ccccc2)c(F)c1F,4.484220032521275,ncgc;veith
Cc1ccc(CNC(=O)[C@H](C)[C@H]2C[C@]2(C)[C@H](NC(=O)OCc2ccccc2)c2ccccc2)o1,4.284220827875583,ncgc;veith
Cc1ccc(CNC(=O)[C@H]2C[C@@H]2[C@H](NP(=O)(c2ccccc2)c2ccccc2)c2ccccc2)c(F)c1F,5.484206266808193,ncgc;veith
Cc1ccc(CNC(=O)[C@H]2C[C@@H]2[C@H](NP(=O)(c2ccccc2)c2ccccc2)c2ccccc2)o1,4.284220827875583,ncgc;veith
Cc1ccc(CNC(=O)c2cc(-c3ccccc3)no2)c(=O)n1C,4.695938145003728,challenge
Cc1ccc(CNCC(O)(c2ccc(F)cc2)c2ccc(F)cc2)cc1,3.88123792116939,veith
Cc1ccc(COc2ccc(Br)cc2/C=N/O)cc1,4.831238989834795,veith
Cc1ccc(COc2ccc3c(c2)c(SC(C)(C)C)c(CC(C)(C)C(=O)O)n3Cc2ccc(-c3ccc(C)cn3)cc2)nc1,7.258913276755011,pharmabench
Cc1ccc(COc2ccc3c(c2)c(SC(C)(C)C)c(CC(C)(C)C(=O)O)n3Cc2ccc(-c3ccc(F)cn3)cc2)nc1,8.162003263746955,pharmabench
Cc1ccc(COn2c(-c3ccc(Cl)cc3)nc3ccc([N+](=O)[O-])cc32)cc1,4.331238507999185,veith
Cc1ccc(CS(=O)(=O)CCC(=O)NCc2cccs2)cc1,4.581238740591187,veith
Cc1ccc(CSC2=CS(=O)(=O)c3ccccc3N2)cc1,4.88123792116939,veith
Cc1ccc(CSc2nc3c(c(SCC(=O)O)n2)CCCC3)cc1,4.531238789289352,veith
Cc1ccc(CSc2nc3ccccc3cc2C=O)cc1,4.931238759019225,veith
Cc1ccc(CSc2nnc(-c3ccncc3)n2CC2CCCO2)cc1,4.081239412948973,veith
Cc1ccc(CSc2nnc(C(F)(F)F)n2Cc2ccc(F)cc2)cc1,4.631238141608918,veith
Cc1ccc(CSc2nnc([C@@H]3CCCN3)o2)cc1.Cl,4.28123853814577,veith
Cc1ccc(CSc2nnc3c(n2)OC2(Nc4ccccc4-3)C(=O)Nc3ccc(F)cc32)cc1,4.331238507999185,veith
Cc1ccc(C[C@H](Cc2nc3ccccc3[nH]2)c2nc3ccccc3[nH]2)cc1,4.187201534804045,ncgc
Cc1ccc(C[N+](C)(C)C)o1,3.787202796262461,ncgc
Cc1ccc(Cc2c(C)nc3nc(SCC(=O)NCc4ccco4)nn3c2C)cc1,4.28123853814577,veith
Cc1ccc(Cc2cnc(NC(=O)c3cccs3)s2)cc1,4.331238507999185,veith
Cc1ccc(Cl)c(Nc2ccccc2C(=O)[O-])c1Cl.O.[Na+],5.184224419702565,ncgc;veith
Cc1ccc(Cl)c(Nc2ccccc2C(=O)[O-])c1Cl.[Na+],4.322712020818725,ncgc;tox21;veith
Cc1ccc(Cl)cc1,4.138530880775606,tox21
Cc1ccc(Cl)cc1N1CCC(CNC(=O)c2cccn3c(=O)[nH]nc23)C1,5.257443265003728,challenge
Cc1ccc(Cl)cc1N1CCN(S(=O)(=O)c2ccc3c(c2)OCCO3)CC1,4.831238989834795,veith
Cc1ccc(Cn2nc(-c3ccccc3)nc2-c2ccccc2)cc1,4.68123872420235,veith
Cc1ccc(Cn2nc(C)c(NC(=O)c3cc(-c4ccco4)on3)c2C)cc1,4.181236955344418,veith
Cc1ccc(Cn2nccc2NS(=O)(=O)c2cnc3c(c2)c(C)nn3C)cc1,4.476754965003727,challenge
Cc1ccc(Cn2nnc3c(=O)[nH]c(C4CCN(C(=O)Cc5cccs5)CC4)nc32)cc1,5.431238405874674,veith
Cc1ccc(F)c2[nH]c(C(=O)NC(CC3CC3)C(=O)O)cc12,4.471402375003728,challenge
Cc1ccc(F)c2[nH]c(C(=O)Nc3cccc(C4(C)NC(=O)NC4=O)c3)cc12,5.499014413003728,challenge
Cc1ccc(F)c2c1CCCN2C(=O)c1nc(-c2cnn(C)c2)oc1C,4.137693738003728,challenge
Cc1ccc(F)cc1CN(c1ccc(C#N)c(Cl)c1)[C@H]1CCN(C(=O)OC(C)C)C1,5.29670183764441,pharmabench
Cc1ccc(F)cc1CN(c1ccc(C#N)c(Cl)c1)[C@H]1CCN(C(=O)[C@H](C)O)C1,4.29670183764441,pharmabench
Cc1ccc(N(C(=O)Cn2nnc(-c3ccc(F)cc3)n2)C(CC(C)C)C(=O)NCC2CCCO2)cc1,4.68123872420235,veith
Cc1ccc(N(C(C)C(=O)Nc2cc(Cl)ccc2Oc2ccccc2)S(C)(=O)=O)cc1,4.4812387752551235,veith
Cc1ccc(N(C)C(=O)Oc2cccc3ccc(C)nc23)cc1,4.231237939860009,veith
Cc1ccc(N(CC(N)=O)C2SC(=O)N(Cc3cccc(C(=O)O)c3)C2=O)cc1,4.181236955344418,veith
Cc1ccc(N(CCC#N)C(=O)CSc2ccc3c(c2)OCCO3)cc1,4.581238740591187,veith
Cc1ccc(N(CCO)CCO)cc1,3.8385301209917824,tox21
Cc1ccc(N(Cc2ccc([N+](=O)[O-])cc2)C(=O)c2ccco2)cc1,4.7812382168028345,veith
Cc1ccc(N)c(C)c1,4.093514111766024,tox21
Cc1ccc(N)c(C)c1.Cl,4.137115471108087,tox21
Cc1ccc(N)c(S(=O)(=O)O)c1,4.010711181765707,tox21
Cc1ccc(N)cc1,3.9202293689122465,tox21
Cc1ccc(N)cc1.Cl,4.1357032985333735,tox21
Cc1ccc(N)cc1C,4.08464725858246,tox21
Cc1ccc(N)cc1N,4.094261337602721,tox21
Cc1ccc(N)cc1O,4.3885311946544245,tox21
Cc1ccc(N)cc1S(=O)(=O)O,4.038530441677591,tox21
Cc1ccc(N)cc1[N+](=O)[O-],4.085352018830546,tox21
Cc1ccc(N2C(=O)/C(=C/c3ccc(CN(CCC#N)S(C)(=O)=O)o3)C(=O)NC2=S)cc1C,4.181236955344418,veith
Cc1ccc(N2C(=O)C(Cl)=C(NCc3ccccc3)C2=O)c(C)c1,4.531238789289352,veith
Cc1ccc(N2C(=O)CC(c3ccsc3)C3=C2CC(C)(C)CC3=O)cc1,4.68123872420235,veith
Cc1ccc(N2CC(C(=O)Nc3cc(C)on3)CC2=O)cc1,4.231237939860009,veith
Cc1ccc(N2CCCC(n3cc(C(=O)N(C)C)nn3)C2=O)cc1,3.2517891320037275,challenge
Cc1ccc(N2CCN(C(=O)c3ccccc3NC(=O)/C=C\C(=O)O)CC2)cc1,4.081239412948973,veith
Cc1ccc(N=C/C(C(=O)C(F)(F)F)=C(\O)c2cccs2)cc1,4.731239014571102,veith
Cc1ccc(N=CC2=C(O)CC(c3ccco3)CC2=O)cc1,4.331238507999185,veith
Cc1ccc(N=Nc2c(N)[nH]n3c(=O)c4c(nc23)CCCC4)cc1,4.28123853814577,veith
Cc1ccc(N=Nc2c(N)n(-c3ccccc3)[nH]c2=O)cc1,4.381238666479966,veith
Cc1ccc(N=Nc2c(O)ccc3cc(S(=O)(=O)O)ccc23)cc1,4.787200049553703,ncgc
Cc1ccc(N=Nc2c([O-])c(C(=O)O)cc3ccccc23)c(S(=O)(=O)[O-])c1.[Ca+2],4.101896748064365,tox21
Cc1ccc(NC(=O)/C(=C\c2ccc([N+](=O)[O-])cc2)NC(=O)c2ccccc2)cc1,4.231237939860009,veith
Cc1ccc(NC(=O)/C(=C\c2ccc3c(c2)OCO3)NC(=O)c2ccco2)cc1,4.731239014571102,veith
Cc1ccc(NC(=O)C(=O)NCc2ccc(/C=C(/C#N)C(=O)NCc3cccnc3)o2)cc1,5.4812387752551235,veith
Cc1ccc(NC(=O)C(C)N2C(=O)C3C4CC(C(Br)C4Br)C3C2=O)cc1,4.181236955344418,veith
Cc1ccc(NC(=O)C2(NC(=O)c3cccc(N4C(=O)CSC4c4ccccc4)c3)CCCCC2)cc1,5.131237783223633,veith
Cc1ccc(NC(=O)C2CCCN(C(=O)C3(c4cccc(C(F)(F)F)c4)CC3)C2)nc1,5.665634967003728,challenge
Cc1ccc(NC(=O)C2CCCN(CCN3C(=O)NC4(CCCC4)C3=O)C2)nc1,3.853104973003728,challenge
Cc1ccc(NC(=O)C2CCN(C(=O)C3CCn4cncc4C3)CC2)nc1,4.989638980003727,challenge
Cc1ccc(NC(=O)CCN2C(=O)c3ccncc3C2=O)cc1,4.131237783223632,veith
Cc1ccc(NC(=O)CCc2ccc(S(=O)(=O)NC3CCCCC3)cc2)cc1,4.68123872420235,veith
Cc1ccc(NC(=O)CN(Cc2ccccc2)S(C)(=O)=O)cc1C,4.231237939860009,veith
Cc1ccc(NC(=O)CN2C(=O)N/C(=C/c3ccc(C)o3)C2=O)cc1,4.131237783223632,veith
Cc1ccc(NC(=O)CN2CCC(NC(=O)Cc3ccccc3)CC2)cc1C,4.081239412948973,veith
Cc1ccc(NC(=O)COc2ccc(S(=O)(=O)N3CCOCC3)cc2)cc1,4.28123853814577,veith
Cc1ccc(NC(=O)CSCC(=O)Nc2ccc(N3CCOCC3)c(Cl)c2)cc1,4.581238740591187,veith
Cc1ccc(NC(=O)CSc2nc(O)cc(=O)n2C)cc1,4.28123853814577,veith
Cc1ccc(NC(=O)CSc2nnc(-c3ccncc3)o2)cc1,4.731239014571102,veith
Cc1ccc(NC(=O)CSc2nnc(Cn3cnc4ccccc43)o2)c(C)c1,4.181236955344418,veith
Cc1ccc(NC(=O)Cn2cnc3c(cnn3C(C)(C)C)c2=O)cc1,4.28123853814577,veith
Cc1ccc(NC(=O)Cn2nc([N+](=O)[O-])c(Br)c2C)cc1C,4.131237783223632,veith
Cc1ccc(NC(=O)N(C)C)cc1NC(=O)N(C)C,3.888530401930029,tox21
Cc1ccc(NC(=O)N(Cc2ccco2)C(C)c2ccco2)cc1C,4.181236955344418,veith
Cc1ccc(NC(=O)N/C=C/c2ccco2)cc1C,4.081239412948973,veith
Cc1ccc(NC(=O)N2CCN(c3cnccn3)CC2)cc1OCC(F)F,4.699586710003728,challenge
Cc1ccc(NC(=O)NCCCc2ccccc2)cc1,4.231237939860009,veith
Cc1ccc(NC(=O)NNC(=O)Cn2nc(-c3ccccc3)c(-c3ccccc3)c(C#N)c2=O)cc1,4.7812382168028345,veith
Cc1ccc(NC(=O)Nc2nc(-c3ccc(C)s3)cs2)cc1,4.731239014571102,veith
Cc1ccc(NC(=O)Nc2ncccc2C)cc1,3.8312389898347954,veith
Cc1ccc(NC(=O)OCc2cn(-c3ccc(Cl)cc3)nn2)cc1,5.131237783223633,veith
Cc1ccc(NC(=O)c2c(C(F)(F)F)nn(C)c2SCc2cccc(C(F)(F)F)c2)cc1C,5.331238507999185,veith
Cc1ccc(NC(=O)c2cc(F)cc(N3CCOCC3)c2)cc1Nc1ncnn2cc(C(=O)c3ccccc3)c(C)c12,5.79402647845236,pharmabench
Cc1ccc(NC(=O)c2cc(N3C(=O)C4CC=CCC4C3=O)ccc2N2CCOCC2)cc1Cl,4.231237939860009,veith
Cc1ccc(NC(=O)c2cc(NC(=O)CCC(=O)O)ccc2N2CCCCC2)cc1,4.131237783223632,veith
Cc1ccc(NC(=O)c2cc(NC(=O)CCCC(=O)O)ccc2Cl)cc1Cl,4.081239412948973,veith
Cc1ccc(NC(=O)c2cc(NC(=O)c3cccc(C(C)(C)C#N)c3)ccc2C)cn1,4.346868447110141,pharmabench
Cc1ccc(NC(=O)c2cc([N+](=O)[O-])ccc2NCc2cccnc2)cc1Cl,5.88123792116939,veith
Cc1ccc(NC(=O)c2ccc(CN3CCN(C)CC3)cc2)cc1Nc1nccc(-c2cccnc2)n1,4.159997005003728,challenge
Cc1ccc(NC(=O)c2ccc(NCC3CCCO3)c([N+](=O)[O-])c2)cc1Cl,5.231237939860008,veith
Cc1ccc(NC(=O)c2ccc(S(=O)(=O)N3CCCCC3)cc2)cc1,4.131237783223632,veith
Cc1ccc(NC(=O)c2cccc(C(C)(C)C#N)c2)cc1C(=O)Nc1cnc(N)c(Cl)c1,4.736034531474673,pharmabench
Cc1ccc(NC(=O)c2cccc(C(C)(C)C#N)c2)cc1C(=O)Nc1cncc(Cl)c1,5.736034531474673,pharmabench
Cc1ccc(NC(=O)c2cccc(N(C)C)c2)cc1NC(=O)c1ccc(O)cc1,4.087203992408599,ncgc
Cc1ccc(NC(=O)c2ccnc(C(F)(F)F)c2)cc1-c1ccc2c(c1)OC1(CCOCC1)CC(=O)N2,4.325257298097464,pharmabench
Cc1ccc(NC(=O)c2sccc2SCc2cccc(C(F)(F)F)c2)cc1,4.88123792116939,veith
Cc1ccc(NC(=S)N2CCN(CCN3C(=O)c4cccc5cccc(c45)C3=O)CC2)cc1,4.4812387752551235,veith
Cc1ccc(NC(=S)NC(=O)c2c(-c3ccccc3Cl)noc2C)cc1,5.131237783223633,veith
Cc1ccc(NC(=S)Nc2nc(CC(=O)Nc3ccccc3)cs2)cc1,4.831238989834795,veith
Cc1ccc(NC(=[OH+])c2cc3ccccc3cc2O)c(C)c1.Cc1ccc(NC(=[OH+])c2cc3ccccc3cc2O)c(C)c1.[Ni],4.784219133178269,ncgc;veith
Cc1ccc(NC(C#N)c2ccccc2OCc2ccccc2)cc1,4.331238507999185,veith
Cc1ccc(NC(CNS(=O)(=O)c2ccc(Cl)cc2)c2ccccc2)cc1,5.28123853814577,veith
Cc1ccc(NC2=C(C(=O)c3ccccc3)N(C)S(=O)(=O)c3ccccc32)cc1,4.381238666479966,veith
Cc1ccc(NC2=NC(c3ccccc3)n3c(nc(C)cc3=O)N2)c(C)c1,3.731239014571102,veith
Cc1ccc(NC2c3ncccc3C(=O)N2Cc2ccc(F)cc2)cc1,4.081239412948973,veith
Cc1ccc(NCC(=O)N/N=C/c2ccc(OC(=O)c3ccco3)cc2)cc1,4.331238507999185,veith
Cc1ccc(NNS(=O)(=O)c2ccc(C)cc2)cc1,4.331238507999185,veith
Cc1ccc(NP(=O)(Oc2ccccc2F)Oc2ccccc2F)cc1,5.131237783223633,veith
Cc1ccc(NS(=O)(=O)c2cc(C(=O)N3CCc4ccccc4C3)ccc2Cl)cc1,4.88123792116939,veith
Cc1ccc(NS(=O)(=O)c2cc(C(=O)NCc3ccccn3)ccc2Cl)cc1,4.031238394064476,veith
Cc1ccc(NS(=O)(=O)c2cc(C(=O)NCc3ccccn3)ccc2Cl)cc1C,4.181236955344418,veith
Cc1ccc(NS(=O)(=O)c2ccc(NC(=O)c3cccc(NC(=O)C(C)C)c3)cc2)cc1,5.181236955344418,veith
Cc1ccc(NS(=O)(=O)c2ccc(OCC(=O)Nc3cccc([N+](=O)[O-])c3)c(C)c2)cc1,5.181236955344418,veith
Cc1ccc(N[C@H](c2ccccc2)c2ccc3cccnc3c2O)cc1,4.687200030977656,ncgc
Cc1ccc(Nc2c(F)cccc2Cl)c(CC(=O)O)c1,4.449695384640936,tox21
Cc1ccc(Nc2c([N+](=O)[O-])ccc3c2=NC2(CCCCC2)N=3)cc1,4.581238740591187,veith
Cc1ccc(Nc2cc(=O)n(C3CCCCC3)c(=O)[nH]2)cc1C,4.68123872420235,veith
Cc1ccc(Nc2ccc(-n3ccnc3)nn2)cc1C,6.381238666479966,veith
Cc1ccc(Nc2nc(Cl)nc(N(C)C#N)n2)cc1,4.081239412948973,veith
Cc1ccc(Nc2ncccc2C(=O)NCc2cccs2)c(C)c1,4.081239412948973,veith
Cc1ccc(Nc2nnc(-c3ccc4c(c3)OCO4)o2)c(C)c1,4.387202152451927,ncgc
Cc1ccc(Nc2nnns2)cc1,4.081239412948973,veith
Cc1ccc(O)c(-c2cc(C(F)(F)C(F)F)nc(-c3ccccc3)n2)c1,4.431238405874674,veith
Cc1ccc(O)c(C(=O)c2cc(C#N)c(=O)n(-c3c(C)n(C)n(-c4ccccc4)c3=O)c2)c1,4.081239412948973,veith
Cc1ccc(O)c(C(=O)c2ccccc2)c1,4.73429601817238,tox21
Cc1ccc(O)c(C(C)(C)C)c1,3.9138848265580197,tox21
Cc1ccc(O)c(C)c1,3.794587921586066,tox21
Cc1ccc(O)c(CNc2ccc(C(=O)N3CC(C)OC(C)C3)cc2)n1,4.027153980003727,challenge
Cc1ccc(O)c(N=Nc2ccccc2)n1,4.187201534804045,ncgc
Cc1ccc(O)c([C@H](CCN(C(C)C)C(C)C)c2ccccc2)c1,4.399695684644625,tox21
Cc1ccc(O)cc1,3.584362680248077,challenge;tox21
Cc1ccc(OC(=O)N(CC(=O)O)Cc2cccc(OCc3nc(-c4ccc(C)cc4)oc3C)c2)cc1,4.79402647845236,pharmabench
Cc1ccc(OC(=O)N(CC(=O)O)Cc2cccc(OCc3nc(-c4ccc(Cl)cc4)oc3C)c2)cc1,5.258913276755011,pharmabench
Cc1ccc(OC(=O)N(CC(=O)O)Cc2cccc(OCc3nc(-c4ccc(Cl)cc4)sc3C)c2)cc1,4.48683617408356,pharmabench
Cc1ccc(OC(=O)N(CC(=O)O)Cc2cccc(OCc3nc(-c4ccccc4Cl)oc3C)c2)cc1,4.769892798735641,pharmabench
Cc1ccc(OC(=O)N(CC(=O)O)Cc2cccc(OCc3sc(-c4ccc(Cl)cc4)nc3C)c2)cc1,4.769892798735641,pharmabench
Cc1ccc(OC(=O)c2ccc(N3CCOCC3)c([N+](=O)[O-])c2)cc1,4.131237783223632,veith
Cc1ccc(OC(=O)c2oc3ccc(F)cc3c2C)c(C)c1,4.28123853814577,veith
Cc1ccc(OCC(=O)N2CCN(c3ccc([N+](=O)[O-])c(N4CCOCC4)c3)CC2)cc1,4.381238666479966,veith
Cc1ccc(OCC(=O)Nc2ccc(Cl)cc2)c(-n2nc3ccccc3n2)c1,4.981239042028786,veith
Cc1ccc(OCC(=O)Nc2ccc(S(=O)(=O)Nc3onc(C)c3C)cc2)cc1,4.031238394064476,veith
Cc1ccc(OCC(=O)Nc2ccccc2N2CCOCC2)c(C)c1,4.331238507999185,veith
Cc1ccc(OCC(=O)c2c(O)c3ccccc3oc2=O)cc1C,5.731239014571102,veith
Cc1ccc(OCC(O)Cn2c3ccccc3c3ccccc32)cc1,4.631238141608918,veith
Cc1ccc(OCCCC(=O)NCc2ccco2)cc1,4.131237783223632,veith
Cc1ccc(OCCCC(=O)Nc2ccccc2C(F)(F)F)cc1,4.381238666479966,veith
Cc1ccc(OCCCN2C(=O)C(=O)c3cccc(C)c32)cc1,4.331238507999185,veith
Cc1ccc(OCCNC(=O)c2cc(-n3cnnc3)ccc2Cl)cc1C,4.231237939860009,veith
Cc1ccc(OCCNc2nc(Nc3cc(C)[nH]n3)cc(C)c2C#N)cn1,4.647898442774122,pharmabench
Cc1ccc(OCCOCCn2ccnc2)c(Br)c1,5.581238740591187,veith
Cc1ccc(OCCn2c(CCNC(=O)C(C)C)nc3ccccc32)cc1,4.68123872420235,veith
Cc1ccc(OCc2ccc(C(=O)Nc3nccs3)o2)cc1C,4.28123853814577,veith
Cc1ccc(OP(=O)(Oc2ccc(C)cc2)N2C=Cc3ccccc3[C@H]2C#N)cc1,5.487173758361262,ncgc
Cc1ccc(OP(=O)(Oc2ccc(C)cc2)Oc2ccc(C)cc2)cc1,4.738708280188481,tox21
Cc1ccc(OP(=O)(Oc2ccccc2)Oc2ccccc2)cc1,4.832191345838,tox21
Cc1ccc(Oc2cc(N3CCOCC3)nc(-c3ccccc3)n2)cc1,4.031238394064476,veith
Cc1ccc(Oc2ccccc2/C=C2\SC(=O)N(C)C2=O)cc1,4.28123853814577,veith
Cc1ccc(Oc2nc(-c3ccccc3)ncc2S(C)(=O)=O)cc1,4.88123792116939,veith
Cc1ccc(S(=O)(=O)/C(C#N)=C/c2c(N3CC(C)OC(C)C3)nc3ccccn3c2=O)cc1,4.231237939860009,veith
Cc1ccc(S(=O)(=O)/C=C\C#N)cc1,4.184219245074232,ncgc;veith
Cc1ccc(S(=O)(=O)/N=C(/Nc2c(C)n(C)n(-c3ccccc3)c2=O)c2ccc(Cl)cc2)cc1,4.231237939860009,veith
Cc1ccc(S(=O)(=O)/N=C(\c2ccc(F)cc2)n2c(C)nc3ccccc32)cc1,4.28123853814577,veith
Cc1ccc(S(=O)(=O)/N=C2/NC(=O)/C(=C/c3cccnc3)S2)cc1,6.381238666479966,veith
Cc1ccc(S(=O)(=O)CC#CCOC(=O)c2ccc([N+](=O)[O-])cc2)cc1,4.531238789289352,veith
Cc1ccc(S(=O)(=O)CCC(=O)Nc2nc3c(s2)CCCC3)cc1,5.231237939860008,veith
Cc1ccc(S(=O)(=O)CCc2nnc(NC(=O)COc3cccc(C)c3)s2)cc1,4.831238989834795,veith
Cc1ccc(S(=O)(=O)N(C)c2cc(S(=O)(=O)N3CCC(C)CC3)c(C)cc2C)cc1,5.131237783223633,veith
Cc1ccc(S(=O)(=O)N(CC(=O)N/N=C/c2ccc(F)cc2)c2cccc3cccnc23)cc1,5.081239412948973,veith
Cc1ccc(S(=O)(=O)N(CC(=O)N2CCN(c3ccc(F)cc3)CC2)C2CCCCC2)cc1,4.731239014571102,veith
Cc1ccc(S(=O)(=O)N(CC(=O)NCCC2=CCCCC2)Cc2ccccc2F)cc1,4.431238405874674,veith
Cc1ccc(S(=O)(=O)N(CCCN2CCCC2=O)Cc2cc3c(C)ccc(C)c3[nH]c2=O)cc1,4.7812382168028345,veith
Cc1ccc(S(=O)(=O)N(Cc2ccccc2)c2ccccc2C(=O)NCc2ccco2)cc1,6.68123872420235,veith
Cc1ccc(S(=O)(=O)N/N=C/c2ccc(OC3CSC3)cc2)cc1,5.131237783223633,veith
Cc1ccc(S(=O)(=O)N/N=C\c2ccccc2OCc2ccccc2)cc1,4.631238141608918,veith
Cc1ccc(S(=O)(=O)N2CCC(C(=O)NCc3cccnc3)CC2)cc1,4.4812387752551235,veith
Cc1ccc(S(=O)(=O)N2CCCC(CCO)CC2)c(F)c1,4.796889147003728,challenge
Cc1ccc(S(=O)(=O)N2CCN(C(=O)c3ccccc3)C2C(C)C)cc1,3.88123792116939,veith
Cc1ccc(S(=O)(=O)N2CCN(Cc3ccccc3C(F)(F)F)CC2)cc1,3.68123872420235,veith
Cc1ccc(S(=O)(=O)N2CCN(c3nc(C)nc4sc5c(c34)CCC(C)C5)CC2)cc1,4.7812382168028345,veith
Cc1ccc(S(=O)(=O)N2CCOCC2)cc1NC(=O)COC(=O)CCC(=O)c1cccs1,4.131237783223632,veith
Cc1ccc(S(=O)(=O)NC(=O)C2CCCN(C(C)C)C2)c(F)c1,2.7779688700037277,challenge
Cc1ccc(S(=O)(=O)NC(=O)CSc2nc3ccccc3s2)cc1,4.88123792116939,veith
Cc1ccc(S(=O)(=O)NC(=O)NC2CCCC2)cc1,4.099695361406635,tox21
Cc1ccc(S(=O)(=O)NC(=O)NC2CCCCC2)cc1,4.249695373334149,tox21
Cc1ccc(S(=O)(=O)NC(=O)NC2CCCCCCC2)cc1,4.5996964603675305,tox21
Cc1ccc(S(=O)(=O)NC(=O)NN2CCCCCC2)cc1,4.3885311946544245,tox21
Cc1ccc(S(=O)(=O)NC(=O)c2cccn2C)cc1,4.081239412948973,veith
Cc1ccc(S(=O)(=O)NC2CCCCC2)cc1,4.291372309397356,tox21
Cc1ccc(S(=O)(=O)NNc2ccccc2)cc1,4.331238507999185,veith
Cc1ccc(S(=O)(=O)N[C@@H](CCc2ccccc2)CC(=O)C(C)(C)C)cc1,4.6842193775900025,ncgc;veith
Cc1ccc(S(=O)(=O)N[C@@H](Cc2ccccc2)C(=O)CCl)cc1,3.9842213317585995,ncgc;veith
Cc1ccc(S(=O)(=O)N[C@H](C(=O)Oc2ccc3c(C(F)(F)F)cc(=O)oc3c2)c2ccccc2)cc1,4.28123853814577,veith
Cc1ccc(S(=O)(=O)N[C@H]2COC(=O)C/C=C\[C@@H](C)COC(=O)C/C=C\[C@@H]2C)cc1,4.587201101002814,ncgc
Cc1ccc(S(=O)(=O)Nc2cc(Oc3ccccc3)ccc2C(=O)O)cc1,4.846732828968363,pharmabench
Cc1ccc(S(=O)(=O)Nc2ccc(=O)n(Cc3ccc(Cl)c(Cl)c3)c2)cc1,4.981239042028786,veith
Cc1ccc(S(=O)(=O)Nc2ccccc2-c2ccccc2NS(=O)(=O)c2ccc(C)cc2)cc1,5.981239042028786,veith
Cc1ccc(S(=O)(=O)Nc2ccccc2C=O)cc1,4.787200049553703,ncgc
Cc1ccc(S(=O)(=O)Nc2nc(C)c(NC(=O)Nc3ccc(Cl)cc3Cl)s2)cc1,4.381238666479966,veith
Cc1ccc(S(=O)(=O)Nc2nc3ccccc3nc2N2CCc3ccccc3C2)cc1,5.88123792116939,veith
Cc1ccc(S(=O)(=O)O)cc1.NCOC(=O)Cc1ccc(Br)cc1,4.984216978540185,ncgc;veith
Cc1ccc(S(=O)(=O)O)cc1.O=C1C(c2ccccn2)=[N+]([O-])c2ccccc21,3.787202796262461,ncgc
Cc1ccc(S(=O)(=O)OCC2CN3C(CCC(C)C3c3ccc(Br)cc3)C(=O)O2)cc1,4.787200401327548,ncgc
Cc1ccc(S(=O)(=O)Oc2ccc(/C=C(/NC(=O)c3ccccc3)C(=O)Nc3ccccc3)cc2)cc1,5.7812382168028345,veith
Cc1ccc(S(=O)(=O)Oc2ccc(C3C4=C(CCCC4=O)OC4=C3C(=O)CCC4)cc2)cc1,4.68123872420235,veith
Cc1ccc(S(=O)(=O)[N-]Cl)cc1.O.O.O.[Na+],3.763964256001044,tox21
Cc1ccc(S(=O)(=O)[O-])cc1C.[Na+],3.738530418642034,tox21
Cc1ccc(S(=O)(=O)c2c(C)nn(C(C)(C)C)c2OC(=O)c2cccs2)cc1,4.7812382168028345,veith
Cc1ccc(S(=O)(=O)c2cc(C#N)c(=O)[nH]c2N)cc1,4.231237939860009,veith
Cc1ccc(S(=O)(=O)c2cc3ccccc3oc2=Nc2ccc3c(c2)OCO3)cc1,4.731239014571102,veith
Cc1ccc(S(=O)(=O)c2nc(S(=O)(=O)c3ccc(C)cc3)c(NCc3ccco3)s2)cc1,4.531238789289352,veith
Cc1ccc(S(=O)(=O)n2c3ccccc3c3nnc(C(=O)c4ccccc4)nc32)cc1,4.787200049553703,ncgc
Cc1ccc(S(=O)(=O)n2ccc(-c3cccc(OCc4c(F)cccc4Cl)c3)n2)cc1,5.081239412948973,veith
Cc1ccc(S(C)(=O)=O)cc1C(=O)Nc1ccc(N2CCOC2=O)cc1,3.779748205003728,challenge
Cc1ccc(S(N)(=O)=O)cc1,3.7910164465176486,tox21
Cc1ccc(S)cc1,4.138530880775606,tox21
Cc1ccc(SC(C)C(=O)NCc2cccnc2)cc1,4.331238507999185,veith
Cc1ccc(SCC(=O)N2c3ccccc3Sc3ccccc32)cc1,4.7812382168028345,veith
Cc1ccc(SCC(=O)Nc2cccc(NC(=O)c3ccco3)c2)cc1,4.631238141608918,veith
Cc1ccc(SCCCn2cnc3ccccc3c2=O)cc1,4.181236955344418,veith
Cc1ccc(SCCNC(=O)c2ccc(C)c(S(=O)(=O)Nc3ccccc3C)c2)cc1,4.631238141608918,veith
Cc1ccc(SCCNC(=O)c2ccccc2)cc1,4.031238394064476,veith
Cc1ccc(SCCNC(=S)Nc2ccc(C)c(C)c2)cc1,4.181236955344418,veith
Cc1ccc(SCc2[nH]nc3c2C(C(C)C)C(C#N)=C(N)O3)cc1,4.431238405874674,veith
Cc1ccc(SCc2cc(=O)[nH]c(/N=C(\N)Nc3ccc(C)c(C)c3)n2)cc1,4.931238759019225,veith
Cc1ccc(SCc2ccc(C(=O)NCc3ccncc3)cc2)cc1,7.181236955344418,veith
Cc1ccc(SCc2nc3ccccc3n2CC(=O)Nc2ccc(Cl)cc2)cc1,5.581238740591187,veith
Cc1ccc(SCc2noc(C(=O)NCC3CCCO3)c2C(=O)O)cc1C,4.581238740591187,veith
Cc1ccc(Sc2c([N+](=O)[O-])ncn2C)cc1,5.081239412948973,veith
Cc1ccc(Sc2cc(N3CCOCC3)nc(-c3ccccc3)n2)cc1,4.381238666479966,veith
Cc1ccc(Sc2ccccc2N2CCNCC2)c(Cl)c1,3.7360345314746737,pharmabench
Cc1ccc(Sc2ccccc2N2CCNCC2)cc1,3.7360345314746737,pharmabench
Cc1ccc(Sc2ccccc2N2CCNCC2)cc1C,3.806615605760381,pharmabench
Cc1ccc(Sc2nc(-c3ccccc3)ccc2C#N)cc1,4.381238666479966,veith
Cc1ccc(Sc2nc(C)cc(C)c2S(C)(=O)=O)cc1,4.731239014571102,veith
Cc1ccc([N+](=O)[O-])cc1N,3.989239448000954,tox21
Cc1ccc([N+](=O)[O-])cc1NC(=S)NC(=O)C(C)(C)C,5.431238405874674,veith
Cc1ccc([N+](=O)[O-])cc1NC(=S)NC(=O)CC(C)(C)C,4.931238759019225,veith
Cc1ccc([N+](=O)[O-])cc1S(=O)(=O)O,3.7672771029828853,tox21
Cc1ccc([N+](=O)[O-])cc1[N+](=O)[O-],3.76655917011405,tox21
Cc1ccc2[nH]c(-c3ccccc3)c(CN(C)C)c(=O)c2c1,4.181236955344418,veith
Cc1ccc2[nH]c(=O)c(NC(N)=S)nc2c1,4.28123853814577,veith
Cc1ccc2[nH]c(C(=O)N3CCNC(=O)C3c3ccccc3F)cc2c1,4.478531270003728,challenge
Cc1ccc2[nH]c(C)c(/C=N/Nc3nc4ccccc4s3)c2c1,3.931238759019225,veith
Cc1ccc2[nH]c3c(c2c1)CN(C(=O)CN1c2ccc(F)cc2CCC1C)CC3,4.28123853814577,veith
Cc1ccc2[nH]cc(CCNC(=O)NC3CCCn4nccc43)c2c1,4.914745873003728,challenge
Cc1ccc2c(C(=O)N3Cc4cn[nH]c4CC(C)(C)C3)cnn2c1C,4.088091227003727,challenge
Cc1ccc2c(C(=O)O)c(O)c(-c3ccc(Cl)cc3)nc2c1C,5.0370645271386545,pharmabench
Cc1ccc2c(C)cc(N3CCN(c4ccnc(C)n4)CC3)nc2c1,4.585408690003728,challenge
Cc1ccc2c(C)nc(Nc3nc(CSc4nc5ccccc5[nH]4)cc(=O)[nH]3)nc2c1,6.28123853814577,veith
Cc1ccc2c(CC(=O)N3CCC(F)(C#N)C3)c[nH]c2c1,4.511683888003728,challenge
Cc1ccc2c(CC(=O)OCc3cc(=O)n4c(n3)sc3ccccc34)coc2c1,4.381238666479966,veith
Cc1ccc2c(CCC(=O)Nc3cccc(C(=O)Nc4ccncc4)c3)c[nH]c2c1,7.473011490003728,challenge
Cc1ccc2c(Cl)cc(Cl)c(O)c2n1,4.807877162003727,challenge
Cc1ccc2c(N3CCN(CCc4ccc(F)c(-c5cncnc5)c4)CC3)cccc2n1,4.338094522802636,pharmabench
Cc1ccc2c(N3CCN(CCc4cccc(-c5cncnc5)c4)CC3)cccc2n1,4.038094591359665,pharmabench
Cc1ccc2c(N3CCN(CCc4cccc(N5CCNC5=O)c4)CC3)cccc2n1,3.5599432724189923,pharmabench
Cc1ccc2c(N3CCN(CCc4cccc5c4OCc4c(C#N)ncn4-5)CC3)cccc2n1,5.0370645271386545,pharmabench
Cc1ccc2c(N3CCN(CCc4cccc5c4OCc4nccn4-5)CC3)cccc2n1,4.736034531474673,pharmabench
Cc1ccc2c(OCCN3CCN(Cc4ccc5c(c4)N(CCc4ccccc4)C(=O)CO5)CC3)cccc2n1,4.736034531474673,pharmabench
Cc1ccc2c(OCCN3CCN(Cc4ccc5c(c4)N(Cc4ccccc4)C(=O)CO5)CC3)cccc2n1,4.492996482788379,pharmabench
Cc1ccc2c(c1)C(=O)[C@@]1(O)CCN(c3ccccc3)C1=N2,4.184219245074232,ncgc;veith
Cc1ccc2c(c1)C1CN(C)CCC1N2C(=O)c1cncc(-c2ccc3c(c2)CCO3)c1,4.652421682003728,challenge
Cc1ccc2c(c1)CCCN2,4.038530441677591,tox21
Cc1ccc2c(c1)CN(C(=O)Nc1cc(C)n(C(C)C)n1)CCO2,4.119751338003728,challenge
Cc1ccc2c(c1)N(CCC(=O)NCc1cccnc1)C(=O)CO2,4.131237783223632,veith
Cc1ccc2c(c1)NC(=O)c1cccnc1N2,3.931238759019225,veith
Cc1ccc2c(c1)SC1=NC(c3ccccc3)(C(F)(F)F)NC(=O)N12,5.231237939860008,veith
Cc1ccc2c(c1)[C@]1(C[C@H]1c1ccc3c(/C=C/c4ccc(CN5CCOCC5)cc4)n[nH]c3c1)C(=O)N2,5.338094522802636,pharmabench
Cc1ccc2c(c1)c(Sc1ccc(Cl)cc1)c(C)n2CC(=O)O,5.435004535810692,pharmabench
Cc1ccc2c(c1)c(Sc1ccc(S(C)(=O)=O)cc1)c(C)n2CC(=O)O,4.622091179167836,pharmabench
Cc1ccc2cc(C#N)c(SCC(=O)N3CCCc4ccccc43)nc2c1C,4.931238759019225,veith
Cc1ccc2cc(C)c3nnc(SCC(=O)NCc4ccco4)n3c2c1,4.081239412948973,veith
Cc1ccc2cc(CCNC(=O)c3ccc(Br)o3)c(=O)[nH]c2c1,4.28123853814577,veith
Cc1ccc2ccccc2c1C,4.028356496226678,tox21
Cc1ccc2ccccc2c1CSc1nc(N)nc2c1ncn2CC(C)C,4.387202152451927,ncgc
Cc1ccc2cn[nH]c2c1NC(=S)NC(=O)c1ccccc1,4.081239412948973,veith
Cc1ccc2nc(-c3ccc(NC(=O)Cc4cccs4)cc3)[nH]c2c1,5.431238405874674,veith
Cc1ccc2nc(-c3ccccc3)cc(C(=O)NCCCn3ccnc3)c2c1,6.28123853814577,veith
Cc1ccc2nc(-c3cccnc3)oc2c1,3.88123792116939,veith
Cc1ccc2nc(/C(C#N)=C\c3ccc(OC(=O)c4cccs4)cc3)[nH]c2c1,4.981239042028786,veith
Cc1ccc2nc(C(=O)Nc3ccc(N4CCN(C)CC4)nc3C)ccc2c1,3.8539156980037275,challenge
Cc1ccc2nc(C3CCCN(C(=S)Nc4ccccc4C)C3)[nH]c2c1,4.7812382168028345,veith
Cc1ccc2nc(CNc3ccc(CCC(C)C)cc3)cc(=O)n2c1,4.2979724520037275,challenge
Cc1ccc2nc(COC(=O)C(O)c3cc(Cl)cc(Cl)c3)cc(=O)n2c1,4.8347904500037275,challenge
Cc1ccc2nc(N)[nH]c(=O)c2c1Sc1ccncc1.Cl.Cl,4.899697790475481,tox21
Cc1ccc2nc(N/N=C/c3ccccc3C#N)nc(-c3ccccc3)c2c1,4.431238405874674,veith
Cc1ccc2nc(N3CCN(S(=O)(=O)c4ccc5c(c4)OCCO5)CC3)c(C#N)cc2c1,4.831238989834795,veith
Cc1ccc2nc(NC(=O)COC(=O)CSc3nc(C)cc(C)n3)sc2c1,4.68123872420235,veith
Cc1ccc2nc(NC(=O)COC(=O)c3ccc(Br)o3)sc2c1,4.831238989834795,veith
Cc1ccc2nc(NC(=O)CSCC(=O)OCC(=O)c3ccc(Br)cc3)sc2c1,4.131237783223632,veith
Cc1ccc2nc(NC(=O)CSc3nc4c(c(=O)n3C)SC(C)C4)sc2c1,5.031238394064476,veith
Cc1ccc2nc(Nc3ccccc3O)nc(-c3ccccc3)c2c1,4.331238507999185,veith
Cc1ccc2nc(Nc3nc(-c4ccccc4)cc(=O)[nH]3)nc(C)c2c1,4.831238989834795,veith
Cc1ccc2nc(SCC(=O)Nc3nnc(SCC(N)=O)s3)[nH]c2c1,4.231237939860009,veith
Cc1ccc2nc(SCC(=O)c3ccc4c(c3)OCO4)[nH]c2c1,4.581238740591187,veith
Cc1ccc2nc(SCc3ccc([N+](=O)[O-])cc3)[nH]c2c1,4.731239014571102,veith
Cc1ccc2nc(SCc3nc4c(cnn4-c4ccccc4)c(=O)[nH]3)[nH]c2c1,4.631238141608918,veith
Cc1ccc2nc(SCc3nnc(-c4ccccc4[N+](=O)[O-])o3)c(C#N)cc2c1,5.381238666479966,veith
Cc1ccc2nc3sc(=O)sc3nc2c1,4.810928275122473,tox21
Cc1ccc2ncc([N+](=O)[O-])n2c1,5.431238405874674,veith
Cc1ccc2ncccc2c1,3.7885301040785704,tox21
Cc1ccc2ncnc(NC3CCN(C(=O)c4ccco4)CC3)c2c1,4.584957825003728,challenge
Cc1ccc2oc(-c3cccc(NC(=S)NC(=O)/C=C/c4ccco4)c3)nc2c1,4.631238141608918,veith
Cc1ccc2oc(CN(Cc3ccccc3)C(=O)Nc3c(F)cc(F)cc3F)c(-c3ccc(Cl)cc3)c2c1,5.202136883414311,tox21
Cc1ccc2oc(CN(Cc3ccco3)C(=O)Nc3ccc4c(c3)C(=O)N(C)CC4)cc2c1,5.524754178003728,challenge
Cc1ccc2snc(C(=O)NC(c3cnn(C)c3)C(C)C)c2c1,5.376112565003727,challenge
Cc1cccc(-c2c3c(=O)n(C)c(=O)n(C)c3cn2C2CCCCC2)c1,4.28123853814577,veith
Cc1cccc(-c2ccc3c(c2)[nH]c(=O)c2nc(-c4c(F)cccc4Cl)[nH]c23)c1,4.3838520133633105,pharmabench
Cc1cccc(-c2cncc(C(=O)NCc3cnnn3C)c2)c1,4.567392068003728,challenge
Cc1cccc(-c2n[nH]c([N+](=O)[O-])n2)c1,3.981239042028786,veith
Cc1cccc(-c2nc(CN3CCCC(C(=O)NC4CCCCC4)C3)c(C)o2)c1,3.8312389898347954,veith
Cc1cccc(-c2nnc3n2CCN(C(=O)c2ccc(-c4cccs4)cc2)[C@@H]3C)n1,4.082822017699329,pharmabench
Cc1cccc(-c2nsc(SCC(=O)Nc3nccs3)n2)c1,5.081239412948973,veith
Cc1cccc(-n2c(=O)c3c(n4cnnc24)-c2ccccc2CC32CCCCC2)c1,3.8312389898347954,veith
Cc1cccc(-n2c(C)cc(/C=N/n3cnnc3)c2C)c1,4.68123872420235,veith
Cc1cccc(-n2nc([N+](=O)[O-])c(=NCc3cccnc3)n2O)c1,4.28123853814577,veith
Cc1cccc(-n2ncc3c(NCCCN4CCCC4=O)ncnc32)c1,4.131237783223632,veith
Cc1cccc(/C=C\c2ccccc2)n1,4.687200030977656,ncgc
Cc1cccc(Br)c1,4.036055661814954,tox21
Cc1cccc(C#Cc2ccccc2)n1,4.287203117605396,ncgc
Cc1cccc(C(=O)N2CCN(c3ccc([N+](=O)[O-])c(NCc4ccco4)c3)CC2)c1,4.731239014571102,veith
Cc1cccc(C(=O)NC2CCN(C(=S)NCc3ccco3)CC2)c1,4.031238394064476,veith
Cc1cccc(C(=O)Nc2cccc(OC(=O)c3cccc(C)c3)c2)c1,4.631238141608918,veith
Cc1cccc(C(=O)O)c1NC(=O)C(O)(c1ccccc1)c1ccccc1,4.372431393003728,challenge
Cc1cccc(C(=O)O)c1NC(=O)c1ccc2c(c1)C(=O)N(C)C2=O,2.4175366200037276,challenge
Cc1cccc(C(C)(C)C)c1O,3.888530401930029,tox21
Cc1cccc(C(CC(=O)N2CCCC2)c2ccccc2)c1O,4.68123872420235,veith
Cc1cccc(C(NC(=O)Cc2n[nH]c3c2CCCC3)C(=O)O)c1C,3.0171181750037275,challenge
Cc1cccc(C(NC(=O)N2CCNC(=O)C2C)c2cccc(C)c2)c1,4.756882037003727,challenge
Cc1cccc(C)c1-n1c(SCC(=O)NCc2ccco2)nc2ccccc2c1=O,4.131237783223632,veith
Cc1cccc(C)c1-n1nnnc1C(C)(C)N=Cc1ccc(Cl)cc1,4.181236955344418,veith
Cc1cccc(C)c1-n1nnnc1C(C)(C)N=Cc1ccc(Cl)cc1Cl,4.731239014571102,veith
Cc1cccc(C)c1C1CCCN1C(=O)NC(c1ccccc1)C1CCOC1,4.6763990950037275,challenge
Cc1cccc(C)c1C1CCCN1C(=O)NCc1nccn1CC(C)C,3.820649195003728,challenge
Cc1cccc(C)c1CN(C)C(=O)NCc1ncnn1-c1ccccc1,4.344612705003728,challenge
Cc1cccc(C)c1CNc1cc(-c2c[nH]c(=O)[nH]c2=O)cn2c(C)c(C)nc12,4.80661560576038,pharmabench
Cc1cccc(C)c1CNc1cc(-c2ccccn2)cn2c(C)c(C)nc12,5.538753973349054,pharmabench
Cc1cccc(C)c1CNc1cc(-n2cncn2)cn2c(C)c(C)nc12,4.940154514130598,pharmabench
Cc1cccc(C)c1CNc1cc(-n2ncccc2=O)cn2c(C)c(C)nc12,4.714845232404735,pharmabench
Cc1cccc(C)c1CNc1cc(-n2ncnc2CO)cn2c(C)c(C)nc12,4.52518116615978,pharmabench
Cc1cccc(C)c1CNc1cc(C(=O)NCCO)cn2c(C)c(C)nc12,3.9859120046912735,pharmabench
Cc1cccc(C)c1CNc1cc(N2CCCCC2=O)cn2c(C)c(C)nc12,4.191966487124398,pharmabench
Cc1cccc(C)c1CNc1cccc2c1nc(C)n2C,4.393611850652467,pharmabench
Cc1cccc(C)c1CNc1nc(-c2cccc(=O)[nH]2)cc2c(C)c(C)[nH]c12,4.976366686785043,pharmabench
Cc1cccc(C)c1CNc1nc(-c2ccccc2)cc2c(C)c(C)[nH]c12,4.512019720101809,pharmabench
Cc1cccc(C)c1CNc1nc(-n2ccccc2=O)cc2c(C)c(C)[nH]c12,4.819580582924749,pharmabench
Cc1cccc(C)c1CNc1nc(N2CCCC2=O)cc2c(C)c(C)[nH]c12,5.191966487124398,pharmabench
Cc1cccc(C)c1CNc1nc(N2CCOCC2=O)cc2c(C)c(C)[nH]c12,3.552764687791869,pharmabench
Cc1cccc(C)c1CNc1nccc2c(C)c(C)[nH]c12,3.8195805829247482,pharmabench
Cc1cccc(C)c1CNc1nccc2c1nc(C)n2C,3.5055856100963996,pharmabench
Cc1cccc(C)c1COc1cc(-n2ccccc2=O)cn2c(C)c(C)nc12,4.015875228068716,pharmabench
Cc1cccc(C)c1COc1cccn2c(C)c(C)nc12,4.133974540146711,pharmabench
Cc1cccc(C)c1NC(=O)/C(C#N)=C/c1cccs1,4.231237939860009,veith
Cc1cccc(C)c1NC(=O)C(NC=O)c1ccccc1Cl,4.181236955344418,veith
Cc1cccc(C)c1NC(=O)C(c1ccc(Cl)cc1Cl)N1CCCCC1,4.131237783223632,veith
Cc1cccc(C)c1NC(=O)C1CCCCN1C,2.2828893000037276,challenge
Cc1cccc(C)c1NC(=O)CN1CCN(CCCC(c2ccc(F)cc2)c2ccc(F)cc2)CC1,4.268449688524768,ncgc;tox21
Cc1cccc(C)c1NC(=O)CSc1nc(C)c(CC(=O)c2ccc(Br)cc2)c(C)c1C#N,5.231237939860008,veith
Cc1cccc(C)c1NC(=O)CSc1nnc(-c2ccccc2)n1Cc1ccc2c(c1)OCO2,4.4812387752551235,veith
Cc1cccc(C)c1NC(=O)C[N+](C)(C)C,3.6872033036619767,ncgc
Cc1cccc(C)c1NC(=O)c1cc(S(N)(=O)=O)c(Cl)cc1O,4.099695361406635,tox21
Cc1cccc(C)c1O,3.9885299994982155,tox21
Cc1cccc(C)c1OC1(c2ccccc2)OC(=O)c2ccccc21,4.88123792116939,veith
Cc1cccc(C)c1OCC(=O)N[C@@H](Cc1ccccc1)[C@@H](O)C[C@H](Cc1ccccc1)NC(=O)[C@H](C(C)C)N1CCCNC1=O,4.449695384640936,tox21
Cc1cccc(C)c1OCC(=O)N[C@H](Cc1c[nH]cn1)C(=O)O,5.1643971470037275,challenge
Cc1cccc(C)c1OC[C@H](C)N,3.6872033036619767,ncgc
Cc1cccc(CC2(O)CCN(C(=O)c3c(C)[nH]c4ccccc34)CC2)c1,5.616664545003728,challenge
Cc1cccc(CC2(O)CCN(C(=O)c3cn4ccccc4n3)CC2)c1,3.9792038520037276,challenge
Cc1cccc(CN(C)CCc2ccccn2)c1,5.731239014571102,veith
Cc1cccc(CN2CCN(C(c3ccccc3)c3ccc(Cl)cc3)CC2)c1.Cl.Cl,4.449695384640936,tox21
Cc1cccc(CNc2cc(-c3cccc(NS(C)(=O)=O)c3)ncn2)c1,5.587192055283284,ncgc
Cc1cccc(CNc2ccnc(-c3cccc(C#N)c3)n2)c1,5.387218555056005,ncgc
Cc1cccc(CNc2ccnc(-c3ccccc3C(F)(F)F)n2)c1,5.187211884060712,ncgc
Cc1cccc(CNc2ccnc(-c3ccccc3CN(C)C)n2)c1,6.0871738510516264,ncgc
Cc1cccc(CNc2ccnc(-c3ccccc3Cl)n2)c1,5.387218555056005,ncgc
Cc1cccc(CNc2nc(-c3c(C)noc3C)nc3ccccc23)c1,5.487173758361262,ncgc
Cc1cccc(CNc2nc(-c3ccc4c(c3)OCO4)nc3ccccc23)c1,5.287203117605396,ncgc
Cc1cccc(CNc2nc(-c3cccc(NS(C)(=O)=O)c3)nc3ccccc23)c1,5.5842153979372355,ncgc;veith
Cc1cccc(CNc2ncnc3ccc(-c4c(C)noc4C)cc23)c1,5.284220827875583,ncgc;veith
Cc1cccc(CNc2ncnc3ccc(-c4ccc(C(=O)N(C)C)cc4)cc23)c1,5.387218555056005,ncgc
Cc1cccc(CNc2ncnc3ccc(-c4ccc5c(c4)OCO5)cc23)c1,5.78423973440602,ncgc;veith
Cc1cccc(CNc2ncnc3ccc(-c4cccc(C#N)c4)cc23)c1,5.384228610767986,ncgc;veith
Cc1cccc(CNc2ncnc3ccc(-c4cccc(NS(C)(=O)=O)c4)cc23)c1,5.5842153979372355,ncgc;veith
Cc1cccc(CNc2ncnc3ccc(-c4ccccc4C#N)cc23)c1,5.5842153979372355,ncgc;veith
Cc1cccc(CNc2ncnc3ccc(-c4ccoc4)cc23)c1,5.287203117605396,ncgc
Cc1cccc(CNc2ncncc2-c2cccc(NS(C)(=O)=O)c2)c1,5.287203117605396,ncgc
Cc1cccc(CNc2ncncc2-c2ccccc2C)c1,5.187211884060712,ncgc
Cc1cccc(CS(=O)(=O)Cc2ccc(C(=O)NCc3ccco3)o2)c1,4.431238405874674,veith
Cc1cccc(CSCCNC(=O)CSCc2ccc([N+](=O)[O-])cc2)c1,4.7812382168028345,veith
Cc1cccc(CSCCNC(=O)c2ccc(N(C)S(=O)(=O)c3ccccc3)cc2)c1,5.531238789289352,veith
Cc1cccc(CSc2nnc(NC(=O)c3ccco3)s2)c1,4.68123872420235,veith
Cc1cccc(Cc2c(C)nc3nc(SCC(=O)NCc4ccco4)nn3c2C)c1,5.031238394064476,veith
Cc1cccc(Cc2cnc[nH]2)c1C.Cl,6.049715885909283,tox21
Cc1cccc(Cl)c1C(=O)c1cn(-c2ccc(C(=O)O)cc2)c2c(F)cccc12,3.833351886530948,pharmabench
Cc1cccc(Cl)c1NC(=O)Nc1cc2ccccc2cc1C(=O)N[C@H](C(=O)O)C1CCCCC1,5.338094522802636,pharmabench
Cc1cccc(Cn2cnc3c(NS(C)(=O)=O)c(C)c(C)cc32)c1,5.181236955344418,veith
Cc1cccc(Cn2nccc2NC(=O)c2cnc3snc(C)c3c2)c1,5.0382969970037275,challenge
Cc1cccc(N(C)C(=S)Oc2ccc3c(c2)C2CCC3C2)c1,4.449695384640936,tox21
Cc1cccc(N(C)C(=S)Oc2ccc3c(c2)CCC3)c1,4.449695384640936,tox21
Cc1cccc(N(C)C(=S)Oc2ccc3ccccc3c2)c1,4.928162522121139,ncgc;tox21
Cc1cccc(N(C)S(=O)(=O)c2ccc3[nH]c(=O)c(=O)[nH]c3c2)c1,4.631238141608918,veith
Cc1cccc(N(CC(=O)NC2CCCC2)C(=O)c2cc3cc4cccc(C)c4nc3s2)c1C,5.381238666479966,veith
Cc1cccc(N(CC(=O)NCCSCc2ccco2)S(=O)(=O)c2ccccc2)c1,4.631238141608918,veith
Cc1cccc(N)c1,4.088530344873387,tox21
Cc1cccc(N)c1.Cl,4.637114996579705,tox21
Cc1cccc(N/C(=N\S(=O)(=O)c2ccccc2)C(F)(F)F)c1,4.88123792116939,veith
Cc1cccc(N2CCCC(n3cc(-c4cncn4C)nn3)C2=O)c1,4.778867897003727,challenge
Cc1cccc(N2CCN(C(=O)CCCn3c(=S)[nH]c4cc5c(cc4c3=O)OCO5)CC2)c1C,4.68123872420235,veith
Cc1cccc(N2CCN(C(=O)CSCc3c(C)noc3C)CC2)c1C,4.181236955344418,veith
Cc1cccc(N2CCN(C(=O)c3cccc(OCC(N)=O)c3)CC2)c1,4.422668727003727,challenge
Cc1cccc(N2CNC(=O)C23CCN(C[C@H](C)NC(=O)c2ccc(Br)cc2)CC3)c1,4.21424288183555,pharmabench
Cc1cccc(NC(=O)C2(c3ccc([N+](=O)[O-])cc3)CCCC2)c1,3.981239042028786,veith
Cc1cccc(NC(=O)C2(c3ccccc3)CC2(Cl)Cl)c1,4.981239042028786,veith
Cc1cccc(NC(=O)C2CCCN(Cc3csnn3)C2)n1,4.325389643003728,challenge
Cc1cccc(NC(=O)C2CCCN(c3nc4ccccc4s3)C2)n1,5.093133520003728,challenge
Cc1cccc(NC(=O)C2CCN(S(=O)(=O)c3cccc4nsnc34)CC2)n1,4.131237783223632,veith
Cc1cccc(NC(=O)CC2Nc3cccc4cccc(c34)NC2=O)c1,4.181236955344418,veith
Cc1cccc(NC(=O)CCS(=O)(=O)c2cccc3nsnc23)c1C,4.081239412948973,veith
Cc1cccc(NC(=O)CSc2n[nH]c(-c3ccncc3)n2)c1,5.831238989834795,veith
Cc1cccc(NC(=O)CSc2nc(-c3ccccc3)c(C#N)c(=O)[nH]2)c1C,5.731239014571102,veith
Cc1cccc(NC(=O)CSc2nc(COc3ccccc3)nc3ccccc23)c1C,5.4812387752551235,veith
Cc1cccc(NC(=O)CSc2nc3ccccc3c3nc(CCc4c(C)n[nH]c4C)nn23)c1,5.181236955344418,veith
Cc1cccc(NC(=O)CSc2nc3nc(C)cc(C)c3c(=O)[nH]2)c1,4.381238666479966,veith
Cc1cccc(NC(=O)CSc2nnc(-c3ccco3)c(-c3ccco3)n2)c1C,5.031238394064476,veith
Cc1cccc(NC(=O)Cn2c(=O)n3nc(CCn4nc(C)cc4C)nc3c3ccccc32)c1,4.68123872420235,veith
Cc1cccc(NC(=O)N(Cc2nc3ccccc3c(=O)[nH]2)C2CCCC2)c1,4.531238789289352,veith
Cc1cccc(NC(=O)N2CCN(C(=O)c3cnc4snc(C)c4c3)CC2)c1,4.345180737003727,challenge
Cc1cccc(NC(=O)NNC(=O)c2cc(-c3ccccc3Cl)nc3ccccc23)c1,5.081239412948973,veith
Cc1cccc(NC(=O)c2cc(=O)c3ccccc3o2)n1,4.7812382168028345,veith
Cc1cccc(NC(=O)c2cc(Oc3cncc(F)c3)cc(C)n2)n1,5.224151170495799,pharmabench
Cc1cccc(NC(=O)c2cc(Oc3cncnc3)cc(C)n2)n1,4.7253106660829,pharmabench
Cc1cccc(NC(=O)c2ccc(Cn3cc(C(F)(F)F)ccc3=O)cc2)c1,4.331238507999185,veith
Cc1cccc(NC(=S)N(CCc2nc3cc(C)c(C)cc3[nH]2)Cc2cccnc2)c1,4.381238666479966,veith
Cc1cccc(NC(=S)N/N=C/c2ccc([N+](=O)[O-])s2)c1,5.031238394064476,veith
Cc1cccc(NC(=S)NC(=O)CCc2ccccc2)c1,4.381238666479966,veith
Cc1cccc(NC(=S)NC(=O)c2cccs2)n1,4.28123853814577,veith
Cc1cccc(NC(NC(=O)c2cccnc2)C(Cl)(Cl)Cl)c1,4.931238759019225,veith
Cc1cccc(NC2=NC(=S)N(c3ccc(C(=O)O)cc3)C23CCCCC3)c1,3.88123792116939,veith
Cc1cccc(NC2CCN(C(=O)c3n[nH]c4ccc(Cl)cc34)CC2)c1,5.568218563003728,challenge
Cc1cccc(NS(=O)(=O)c2c(C)n[nH]c2C)c1,4.031238394064476,veith
Cc1cccc(NS(=O)(=O)c2cccc(C(=O)Nc3ccc4c(c3)C(=O)NCC4)c2)c1,5.599171183003728,challenge
Cc1cccc(Nc2cc(Cl)nc(SCC(=O)O)n2)c1C,4.224590259048131,tox21
Cc1cccc(Nc2ccccc2C(=O)O)c1C,4.3842204094659465,ncgc;veith
Cc1cccc(Nc2ccccc2C(=O)OCC(=O)NCc2ccco2)c1C,4.231237939860009,veith
Cc1cccc(Nc2ccncc2S(=O)(=O)NC(=O)NC(C)C)c1,4.343448340221721,ncgc;tox21
Cc1cccc(Nc2nnc(-c3ccc(C(=O)N4C[C@H]5C[C@H](C4)c4cccc(=O)n4C5)cc3)c3ccccc23)c1,4.731239014571102,veith
Cc1cccc(O)c1N,4.13394451576146,tox21
Cc1cccc(OC(=O)CN2C(=O)C3C4CCC(C4)C3C2=O)c1C,4.981239042028786,veith
Cc1cccc(OC2(c3ccccc3)OC(=O)c3ccccc32)c1C,4.7812382168028345,veith
Cc1cccc(OCCCCCn2ccnc2)c1,5.731239014571102,veith
Cc1cccc(OCCOc2cccc(C)c2)c1,4.512949783549251,tox21
Cc1cccc(OCCSCc2nc3ccccc3[nH]2)c1,4.581238740591187,veith
Cc1cccc(OCCn2c(-c3ccco3)nc3ccccc32)c1,5.031238394064476,veith
Cc1cccc(OCCn2c(S(=O)(=O)O)nc3ccccc32)c1,4.531238789289352,veith
Cc1cccc(OP(=O)(Oc2cccc(C)c2)Oc2cccc(C)c2)c1,4.088530344873387,tox21
Cc1cccc(Sc2ccccc2N2CCNCC2)c1C,3.7360345314746737,pharmabench
Cc1cccc([C@H](C)c2cnc[nH]2)c1C,5.984249629805708,ncgc;veith
Cc1cccc([N+](=O)[O-])c1[N+](=O)[O-],4.763245561927147,tox21
Cc1cccc2[nH]c(-c3c(NCC(O)c4cccc(Cl)c4)cc[nH]c3=O)nc12,5.162003263746954,pharmabench
Cc1cccc2c(SCC(=O)NCC3CCCO3)nc(-c3ccc(F)cc3)nc12,4.68123872420235,veith
Cc1cccc2c1N(C(=O)CCc1nc(C3CCCC3)no1)CCC2,4.7660186870037275,challenge
Cc1cccc2c1N(C1CC1)CCN2C(=O)Cc1nc2ncccn2n1,4.002201203003728,challenge
Cc1cccc2c1N(C1CC1)CCN2C(=O)c1cc(-c2ccco2)[nH]n1,5.042204528003728,challenge
Cc1cccc2c1OC(C(=O)NS(=O)(=O)c1ccc3c(c1)CCCC3)C2,5.332611875003727,challenge
Cc1cccc2c1OCC/C2=N\NC(=O)COc1ccccc1,4.081239412948973,veith
Cc1cccc2c1Oc1ccccc1[C@@H]2NC(=O)c1ccc([N+](=O)[O-])cc1,4.387202152451927,ncgc
Cc1cccc2cc(CN(Cc3ccccc3)C(=O)c3cccc(F)c3)c(Cl)nc12,4.931238759019225,veith
Cc1cccc2nc(NC(=O)c3cccc(C(F)(F)F)c3)n([C@@H]3CCCCN(C(=O)/C=C/CN(C)C)C3)c12,4.092581854988485,pharmabench
Cc1cccc2oc(C(=O)N3Cc4cnn(C)c4CC(C)(C)C3)cc12,4.849612170003728,challenge
Cc1cccc2oc(C(=O)NCc3ccn(C4CCCC4)n3)cc12,5.077184810003728,challenge
Cc1cccc2sc(NC(=O)C3c4ccccc4Oc4ccccc43)nc12,5.181236955344418,veith
Cc1ccccc1-c1cc(-c2ccccc2O)on1,4.331238507999185,veith
Cc1ccccc1-c1cc(C(=O)Nc2nc3c(s2)CCCC3)c2ccccc2n1,4.28123853814577,veith
Cc1ccccc1-c1cc(C(=O)n2cccn2)c2cc(Cl)ccc2n1,4.581238740591187,veith
Cc1ccccc1-c1ccc2c(c1)[nH]c(=O)c1nc(-c3c(F)cccc3Cl)[nH]c12,4.107645601424362,pharmabench
Cc1ccccc1-c1ccc2ncnc(-n3ccnc3)c2c1,5.387218555056005,ncgc
Cc1ccccc1-c1ccc2ncnc(N(C)C)c2c1,5.684224832111824,ncgc;veith
Cc1ccccc1-c1ccc2ncnc(NCc3cccnc3)c2c1,5.387218555056005,ncgc
Cc1ccccc1-c1ccc2ncnc(NCc3cccs3)c2c1,5.187211884060712,ncgc
Cc1ccccc1-c1cncnc1NCCc1cnc[nH]1,5.284220827875583,ncgc;veith
Cc1ccccc1-c1nc(-c2ccc(NC(=O)c3cccs3)cc2)no1,4.181236955344418,veith
Cc1ccccc1-c1nc(CS(=O)CC(=O)N2CCC3(CC2)OCCO3)c(C)o1,4.581238740591187,veith
Cc1ccccc1-c1nc(N2CCOCC2)c2ccccc2n1,6.0871738510516264,ncgc
Cc1ccccc1-c1nn(-c2ccccc2)cc1C(=O)NCc1ncnn1-c1ccccc1,4.959281168003728,challenge
Cc1ccccc1-n1nc(-c2c(-c3ccc(F)cc3)nn3c2NC[C@@H](CO)C3)ccc1=O,4.059340921849807,pharmabench
Cc1ccccc1-n1nc2c(c1NC(=O)c1c(-c3ccccc3Cl)noc1C)CSC2,5.131237783223633,veith
Cc1ccccc1-n1nc2c(c1NC(=O)c1ccc(S(=O)(=O)N(C)C)cc1)CSC2,4.831238989834795,veith
Cc1ccccc1-n1ncc2c(SCC(=O)N3c4ccccc4CC3C)ncnc21,4.28123853814577,veith
Cc1ccccc1-n1ncc2c([N+](=O)[O-])cc([N+](=O)[O-])cc21,3.7812382168028345,veith
Cc1ccccc1C(=O)N/N=C/c1ccncc1,4.181236955344418,veith
Cc1ccccc1C(=O)N1CC/C(=N\OS(=O)(=O)[O-])c2ccc(Cl)cc21.[K+],4.799697485230536,tox21
Cc1ccccc1C(=O)N1CCC(Cc2ccccc2)CC1,5.338094522802636,pharmabench
Cc1ccccc1C(=O)N1CCCC(CO)(Cc2ccccc2)C1,5.036849637003728,challenge
Cc1ccccc1C(=O)N1CCN(c2ccc([N+](=O)[O-])c(N3CCOCC3)c2)CC1,4.581238740591187,veith
Cc1ccccc1C(=O)N1CCN(c2ccc([N+](=O)[O-])c(NCc3ccco3)c2)CC1,4.931238759019225,veith
Cc1ccccc1C(=O)N1CCc2ccccc2C1,4.531238789289352,veith
Cc1ccccc1C(=O)NC1CCN(c2cnc3ccccc3n2)CC1,4.668794633003728,challenge
Cc1ccccc1C(=O)Nc1ccc(C(=O)N2CCCC(N(C)C)c3ccccc32)cc1,4.224290602550525,tox21
Cc1ccccc1C(=O)Nc1ccc(C(=O)N2CCCC(O)c3cc(Cl)ccc32)c(C)c1,4.399695684644625,tox21
Cc1ccccc1C(=O)Nc1cccc(NC(=S)NC(=O)c2cccs2)c1,4.731239014571102,veith
Cc1ccccc1C(=O)Nc1cccc(OC(C)C)c1,4.288530398353015,tox21
Cc1ccccc1C(=O)Nc1ccccc1-c1nnn(CC(=O)Nc2ccc3c(c2)OCCO3)n1,4.731239014571102,veith
Cc1ccccc1C(=O)Oc1ccc(Br)cc1C(=S)N1CCCC1,4.231237939860009,veith
Cc1ccccc1C(=O)c1c[nH]c(C(=O)NCc2ccco2)c1,4.139437435848213,pharmabench
Cc1ccccc1C(C(=O)NC1CCCC1)N(C(=O)Cc1cccs1)c1ccc2c(c1)OCCO2,5.331238507999185,veith
Cc1ccccc1C(C(=O)NCc1ccccc1)N(Cc1ccco1)C(=O)c1ccccn1,4.28123853814577,veith
Cc1ccccc1C1C(C#N)=C2N=C(N)c3c(sc4c3CCCCC4)N2C2=C1C(=O)CC(C)(C)C2,4.731239014571102,veith
Cc1ccccc1C1CN(C(=O)C2Cc3c(O)cccc3N2)CCO1,5.203446205003727,challenge
Cc1ccccc1C1CN(C(=O)c2nn[nH]c2C2CCCN2)CCO1,2.9419373970037275,challenge
Cc1ccccc1CN(c1ccc(C#N)c(Cl)c1)[C@H]1CCN(C(=O)[C@H](C)O)C1,4.191966487124398,pharmabench
Cc1ccccc1CN1CCN(CC(=O)NCCCN2CCN(c3ccc(F)cc3)CC2)C1=O,4.181236955344418,veith
Cc1ccccc1CNc1cc(-n2ccccc2=O)cn2c(C)c(C)nc12,4.338094522802636,pharmabench
Cc1ccccc1CNc1cc(-n2cncn2)cn2c(C)c(C)nc12,4.87569652490368,pharmabench
Cc1ccccc1CO[C@@H]1C[C@@]2(C(C)C)CC[C@]1(C)O2,4.288530398353015,tox21
Cc1ccccc1CS(=O)(=O)CCC(=O)NCCCN1CCN(c2ccccc2F)CC1,4.531238789289352,veith
Cc1ccccc1CS(=O)(=O)Cc1ccc(C(=O)NCc2cccnc2)o1,4.581238740591187,veith
Cc1ccccc1CSCCNC(=O)CSCc1ccc([N+](=O)[O-])cc1,4.331238507999185,veith
Cc1ccccc1CSc1nccn1-c1ccccc1,4.431238405874674,veith
Cc1ccccc1CSc1nnc(-c2cccs2)n1Cc1ccco1,4.231237939860009,veith
Cc1ccccc1Cn1c(Cc2ccccc2)nc2ccccc21,4.581238740591187,veith
Cc1ccccc1Cn1cc(NC(=O)CSc2nc3c(c(C(F)(F)F)n2)CCc2ccccc2-3)cn1,5.031238394064476,veith
Cc1ccccc1Cn1cnc2c(cnn2C(C)(C)C)c1=O,4.081239412948973,veith
Cc1ccccc1Cn1nc(C)c(NC(=O)c2sc3ccccc3c2Cl)c1C,4.431238405874674,veith
Cc1ccccc1N,4.034067228646988,tox21
Cc1ccccc1N(C(=O)Cc1cccs1)C(C(=O)NCC1CCCO1)c1cccnc1,3.931238759019225,veith
Cc1ccccc1N.Cl,4.0593129830083265,tox21
Cc1ccccc1N1CCN(C(=O)c2ccccc2NC(=O)/C=C\C(=O)O)CC1,4.131237783223632,veith
Cc1ccccc1N=Nc1ccc(N=Nc2c(O)ccc3ccccc23)c(C)c1,4.499695145639398,tox21
Cc1ccccc1NC(=O)/C(=C/c1ccccc1)c1ccccc1,4.381238666479966,veith
Cc1ccccc1NC(=O)C(C)c1cccc(C(=O)c2ccccc2)c1,4.7812382168028345,veith
Cc1ccccc1NC(=O)CSc1nnc(-c2ccccc2)n1-c1ccccc1,4.28123853814577,veith
Cc1ccccc1NC(=O)Cc1c(O)c2ccccc2[nH]c1=O,4.28123853814577,veith
Cc1ccccc1NC(=O)c1cccc(Cn2cc(Br)c([N+](=O)[O-])n2)c1,4.331238507999185,veith
Cc1ccccc1NC(=O)c1cccc2nc3ccccc3nc12,4.331238507999185,veith
Cc1ccccc1NC(=S)NC(=O)c1cc(-c2ccccc2)nc2ccccc12,4.731239014571102,veith
Cc1ccccc1NC1=C(C(=O)c2ccccc2)N(C)S(=O)(=O)c2ccccc21,4.731239014571102,veith
Cc1ccccc1NC1=NC(=S)N(c2ccccc2)C12CCOC(C)(C)C2,4.231237939860009,veith
Cc1ccccc1NS(=O)(=O)c1cc(C(=O)Nc2cccc(N(C)S(C)(=O)=O)c2)ccc1C,5.381238666479966,veith
Cc1ccccc1NS(=O)(=O)c1ccc2[nH]cc(C(=O)N(C)Cc3ccco3)c(=O)c2c1,4.181236955344418,veith
Cc1ccccc1NS(=O)(=O)c1ccc2[nH]cc(C(=O)NCCCN3CCOCC3)c(=O)c2c1,4.181236955344418,veith
Cc1ccccc1OC1C(=O)N(Cc2ccc3c(c2)OCO3)C1c1sccc1C,4.381238666479966,veith
Cc1ccccc1OC1C=CC(C#Cc2ccc(Br)cc2)OC1CO,4.687200030977656,ncgc
Cc1ccccc1OCC(=O)NC(=S)Nc1ccc(S(=O)(=O)NC2CCCCC2)cc1,4.581238740591187,veith
Cc1ccccc1OCC(=O)Nc1ccc(N2CCN(C(=O)C(C)C)CC2)c(Cl)c1,4.68123872420235,veith
Cc1ccccc1OCC(=O)O,3.7628111096099444,tox21
Cc1ccccc1OCC(O)Cn1c(NCc2ccccc2)nc2c1c(=O)[nH]c(=O)n2C,4.531238789289352,veith
Cc1ccccc1OCC(O)Cn1c2ccccc2c2ccccc21,4.981239042028786,veith
Cc1ccccc1OCCCn1c(=O)sc2ccccc21,4.581238740591187,veith
Cc1ccccc1OCCNC(=S)Nc1ccccc1,4.28123853814577,veith
Cc1ccccc1OCCNc1ccc(C(F)(F)F)cc1[N+](=O)[O-],4.731239014571102,veith
Cc1ccccc1OP(=O)(Oc1ccccc1C)Oc1ccccc1C,4.936761276725264,tox21
Cc1ccccc1Oc1ccc(-c2nc(N)nc(N)n2)cc1,4.331238507999185,veith
Cc1ccccc1Oc1ncnc2oc(-c3ccccc3)cc12,4.68123872420235,veith
Cc1ccccc1S,3.984808666459256,tox21
Cc1ccccc1S(=O)(=O)Oc1ccccc1C(=O)Oc1ccccc1,4.931238759019225,veith
Cc1ccccc1S(=O)(=O)c1c(C)cc(-c2ccccc2)[nH]c1=O,3.931238759019225,veith
Cc1ccccc1[C@@H](OCCN(C)C)c1ccccc1,4.687200030977656,ncgc
Cc1cccn2c(/C=N/OCc3cccc(F)c3)c(-c3ccc(Cl)cc3)nc12,4.4812387752551235,veith
Cc1cccn2cc(CC(=O)NC3CCCOc4cc(F)ccc43)nc12,4.604067557003727,challenge
Cc1cccnc1C(NC(=O)c1csc2cncn12)C(C)(C)C,5.908153950003728,challenge
Cc1cccnc1CCNC(=O)N1CCC(c2cncn2C)CC1,4.424098863003728,challenge
Cc1ccn(-c2ccc(C(=O)N3CCNC(=O)C3c3ccccc3F)cc2)n1,3.7210307250037276,challenge
Cc1ccn2nc(S(=O)(=O)Nc3c(F)cccc3F)nc2n1,3.9885299994982155,tox21
Cc1ccn2ncc(C(=O)NC3CCc4ccccc4OC3)c2n1,4.965429043003728,challenge
Cc1ccn2ncc(C(=O)NCC(F)(F)c3ccc(F)cc3F)c2c1,4.935522373003728,challenge
Cc1ccn2ncc(C(=O)N[C@H]3C[C@H](c4ccccc4Cl)C3)c2c1,5.509897038003728,challenge
Cc1ccnc(C2CCN(C(=O)c3ccnc(-n4ccnc4)c3)CC2)n1,3.9250350080037277,challenge
Cc1ccnc(N2CCN(C(=O)c3cc(F)ccc3-n3cccn3)CC2)c1,5.153394487003728,challenge
Cc1ccnc(NC(=S)NC(=O)c2ccco2)c1,4.181236955344418,veith
Cc1ccnc(NCc2ccc(N3CCOC(C)C3)nc2)c1,3.9533984220037275,challenge
Cc1ccnc(NS(=O)(=O)c2ccc(N)cc2)n1,7.588233113269378,ncgc
Cc1ccnc2c1NC(=O)c1cccnc1N2C1CC1,4.020678655331352,tox21
Cc1ccncc1CNC(=O)Nc1ccc(S(=O)(=O)c2ccccc2)cc1,5.045838451446159,pharmabench
Cc1ccsc1-c1cccnc1,3.3691448418212935,pharmabench
Cc1cn(-c2cc(NC(=O)c3ccc(C)c(Nc4nccc(-c5cccnc5)n4)c3)cc(C(F)(F)F)c2)cn1,4.478891253003727,challenge
Cc1cn(-c2ccc(F)cc2)nc1C(=O)Nc1ccc2[nH]nc(C(N)=O)c2c1,4.981227160003728,challenge
Cc1cn(-c2ccc3n(c2=O)CCN(CCOc2ccc(Cl)cc2C(F)(F)F)C3=O)cn1,4.150573801966172,pharmabench
Cc1cn([C@H]2C[C@H](N=[N+]=[N-])[C@@H](CO)O2)c(=O)[nH]c1=O,4.088530344873387,tox21
Cc1cn2c(CN(C)C(=O)C3CCCc4c(O)cccc43)c(C)nc2s1,4.6586133000037275,challenge
Cc1cnc(-c2noc(C3CC3c3ccc4c(c3)OCCO4)n2)nc1,4.248697972003728,challenge
Cc1cnc(C(=O)NCCc2ccc(S(=O)(=O)NC(=O)NC3CCCCC3)cc2)cn1,4.312518227290357,ncgc;tox21;veith
Cc1cnc(C2CCN(c3cc(C4CC4)ncn3)CC2)s1,4.725548330003727,challenge
Cc1cnc(CNc2cc(-c3ccccc3)nc(-c3cccnc3)n2)nc1,4.015875228068716,pharmabench
Cc1cnc(CNc2cc(-c3ccccc3)nc(-c3ccncc3)n2)nc1,4.656853285427048,pharmabench
Cc1cnc(CNc2cc(-c3ccccc3C(F)(F)F)ncn2)cn1,5.287203117605396,ncgc
Cc1cnc(CNc2ccnc(-c3cccnc3)n2)cn1,5.987260217582629,ncgc
Cc1cnc(CNc2ncnc3ccc(-c4cccc(NS(C)(=O)=O)c4)cc23)cn1,5.587192055283284,ncgc
Cc1cnc(CNc2ncnc3ccc(-c4ccccc4CN(C)C)cc23)cn1,5.087201252198795,ncgc
Cc1cnc(N2CCN(C(=O)c3cccc4c(=O)c(C)c(-c5ccccc5)oc34)CC2)s1,5.727986900003728,challenge
Cc1cnc(NC(=O)C2=C([O-])c3ccccc3S(=O)(=O)N2C)s1.[Na+],3.7842205065326477,ncgc;veith
Cc1cnc(NC(=O)CCCc2nc3ccccc3s2)s1,4.531238789289352,veith
Cc1cnc2c(c1)N(C(=O)CCc1ccc(C#N)cc1)CCN2C,3.9123593830037278,challenge
Cc1cnc[nH]1,4.055453031503495,tox21
Cc1cncc(CNC(=O)Nc2ccc(S(=O)(=O)c3ccccc3)cc2)c1,6.2411845097945795,pharmabench
Cc1cncc(NC(=O)c2cc(NC(=O)c3cccc(C(C)(C)C#N)c3)ccc2C)c1,5.082822017699329,pharmabench
Cc1cnccc1CNC(=O)C1CCC(NC(=O)CC2CCCC2)CC1,6.634048078003728,challenge
Cc1cnccc1OC1CCN(C(=O)c2cnc3c(c2)nnn3C)CC1,4.462939343003728,challenge
Cc1cnccc1OC1CCN(Cc2cn(-c3ccccc3)nn2)CC1,4.839412248003728,challenge
Cc1cnn(-c2cc(N/N=C/c3ccccc3F)ncn2)c1,5.181236955344418,veith
Cc1cnn(-c2ccc3nnc(-c4ccc(Cl)cc4)n3n2)c1,4.4812387752551235,veith
Cc1cnn(C2CCN(C(=O)c3cc(-c4ccccc4)no3)C2)c1,4.979475275003728,challenge
Cc1cnn(C2CCN(S(=O)(=O)c3cccc(CC#N)c3)CC2)c1,5.004889120003727,challenge
Cc1cnn(CC2CN(C(=O)NC(C)c3ccc(C)c(F)c3)CCO2)c1,4.856377337003727,challenge
Cc1cnn(CCC(=O)N2CCCN(C(=O)c3ccc(Cl)cc3)CC2)c1,3.9881120350037276,challenge
Cc1cnn(Cc2cc(C(=O)Nc3cccc(-c4nnc[nH]4)c3)no2)c1,4.8081805550037275,challenge
Cc1coc2c1CCC(C)C2,4.024203633938984,tox21
Cc1conc1NC(=O)CCc1c(-c2ccc(F)cc2)[nH]c2ccccc12,6.342312325003728,challenge
Cc1csc(-c2ccc(NC(=O)c3cc(S(C)(=O)=O)ccc3C)cc2)n1,5.143536818003728,challenge
Cc1csc(C(=O)Nc2cccnc2N2CCOCC2)c1Cl,4.365602938003728,challenge
Cc1csc(NC(=O)Cc2c[nH]c3ccccc23)n1,4.181236955344418,veith
Cc1csc2nc(CC(=O)NC3CCCc4cnccc43)cn12,4.501823733003728,challenge
Cc1cscc1C(=O)NC1CC2(CN(C(=O)c3cc(F)c[nH]3)C2)n2ccnc21,4.378780605003728,challenge
Cc1n[nH]c(C(=O)N2CC(O)(c3ccccc3F)C2)c1O,3.6949652700037277,challenge
Cc1n[nH]c(C)c1C(C)C(=O)N1CCN(c2ccccn2)CC1,2.6463312620037276,challenge
Cc1n[nH]c(C)c1CCC(=O)N1CCN(C(=O)Cc2c[nH]c3ccccc23)CC1,4.792989027003728,challenge
Cc1n[nH]c(C)c1S(=O)(=O)N1CCOCC1,4.031238394064476,veith
Cc1n[nH]c(NC(=O)CCc2nc3sc4c(c3c(=O)[nH]2)CCC(C)C4)c1C#N,4.390676375003728,challenge
Cc1n[nH]c2cc(N(C)c3ccnc(Nc4cccc(S(N)(=O)=O)c4)n3)ccc12,5.492996482788379,pharmabench
Cc1nc(-c2c(C(F)(F)F)noc2-c2ccc(O)cc2O)cs1,4.7812382168028345,veith
Cc1nc(-c2c(C)noc2C)sc1C(=O)Nc1cccc(-c2cn[nH]c2)c1,5.445475680003728,challenge
Cc1nc(-c2ccc(-c3ccc(C(=O)N4CCc5cc6c(cc54)C4(CCN(C)CC4)CO6)cc3)c(C)c2)no1,4.3842204094659465,ncgc;veith
Cc1nc(-c2ccc(NC(=O)N3CC(c4ccccc4)C4CCCC43)cc2)cc(=O)[nH]1,5.0613491070037275,challenge
Cc1nc(-c2ccc(NC(=O)N3CC[C@@H](F)C3)cc2)cs1,4.0658934270037275,challenge
Cc1nc(-c2ccccn2)ncc1C(=O)Nn1cc(C)c2cc(F)ccc21,5.338526931519975,tox21
Cc1nc(-c2cccnc2)sc1C(=O)Nc1ccc(Cl)cc1,6.68123872420235,veith
Cc1nc(-c2cn(CC(=O)N3c4ccccc4CC3C)nn2)cs1,4.658641953003728,challenge
Cc1nc(-c2nnc3n2CCN(C(=O)c2ccc(-c4cccs4)cc2)C3)cs1,4.059340921849807,pharmabench
Cc1nc(-c2nnc3n2CCN(C(=O)c2ccc(-c4cccs4)cc2)[C@@H]3C)cs1,4.015875228068716,pharmabench
Cc1nc(-c2nnc3n2CCN(C(=O)c2ccc(F)cc2)[C@@H]3C)cs1,3.5899064957964355,pharmabench
Cc1nc(-n2[nH]c3c(c2=O)CCCC3)[nH]c(=O)c1Cc1ccccc1,4.631238141608918,veith
Cc1nc(-n2nnc3cc(C)c(C)cc32)c2c3c(sc2n1)CCCC3,4.131237783223632,veith
Cc1nc(C(=O)N2CCC(Oc3ccc(Cl)cc3)CC2)c[nH]1,4.624677525003728,challenge
Cc1nc(C(=O)Nc2ccc(Cl)cc2Cl)nn1-c1cc(OC(C)C)c(Cl)cc1Cl,4.88123792116939,veith
Cc1nc(C(F)(F)F)ccc1C(=O)Nc1ccc(Cl)c(-c2nc3ccccc3n2C)c1,4.940154514130598,pharmabench
Cc1nc(C(F)(F)F)ccc1Cn1c(=O)c(-c2ccncc2)c(-c2ccc(Cl)cc2)c2nn(C)c(=O)n21,4.87569652490368,pharmabench
Cc1nc(C)c(CNc2nc(OCCCc3ccc4ccccc4n3)nc(Cl)c2C)s1,5.860973268082973,pharmabench
Cc1nc(C2CC2)oc1C(=O)N[C@H]1CCC[C@H]1Oc1cn[nH]c1,4.101283420003727,challenge
Cc1nc(C2CCCCC2)c(-c2ccc(S(N)(=O)=O)c(F)c2)o1,5.099699119238278,tox21
Cc1nc(C2CN(c3nc4ccccc4n4cncc34)C2)n[nH]1,3.9840103520037276,challenge
Cc1nc(CC2CCN(C(=O)Cc3ccc(C)c(Cl)c3)CC2)no1,5.313628598003728,challenge
Cc1nc(CNC(=O)NC2CCCCc3cc(Br)ccc32)no1,4.426072795003727,challenge
Cc1nc(Cl)c(C#N)cc1-c1ccccc1,4.28123853814577,veith
Cc1nc(Cl)c(Cl)n1Cc1sc2c(c1C(=O)N1CC[C@@H](O)C1)c(=O)n(C)c(=O)n2CC(C)C,4.3985752701840175,pharmabench
Cc1nc(N(C)C)nc(OC(=O)N(C)C)c1C,3.9885299994982155,tox21
Cc1nc(N2CCN(S(=O)(=O)c3ccccc3)CC2)c2c3c(sc2n1)CC(C)CC3,4.7812382168028345,veith
Cc1nc(N2CCOCC2)nc(N2CCC(C(=O)NCc3ccccc3C(F)(F)F)CC2)n1,5.736034531474673,pharmabench
Cc1nc(N2CCOCC2)nc(N2CCN(c3ccccc3)CC2)c1[N+](=O)[O-],4.7812382168028345,veith
Cc1nc(NC(=O)C2CN(C)CCO2)sc1Cc1ccc(F)cc1F,4.523741623003728,challenge
Cc1nc(NC(=O)NCCOCC2CC2)sc1C#Cc1ccc2cncn2c1,4.29670183764441,pharmabench
Cc1nc(NC(=O)c2ccc(Cl)cc2)sc1-c1csc(Nc2cccc(F)c2)n1,4.331238507999185,veith
Cc1nc(NC(=O)c2ccccc2)sc1-c1csc(Nc2cccc(Cl)c2)n1,4.731239014571102,veith
Cc1nc(NC(=O)c2ccccc2)sc1-c1csc(Nc2cccc(F)c2)n1,4.28123853814577,veith
Cc1nc(NC(=O)c2ccco2)sc1-c1csc(Nc2ccc(Cl)cc2Cl)n1,5.231237939860008,veith
Cc1nc(NC(C)C)nc(N2CCC(C(=O)NCc3ccccc3C(F)(F)F)CC2)n1,5.736034531474673,pharmabench
Cc1nc(NC(C)c2cccc(N3CCOC3=O)c2)c2cn[nH]c2n1,4.356343480003727,challenge
Cc1nc(NC(CO)c2cccc(C(F)(F)F)c2)c2cn[nH]c2n1,4.8143746970037276,challenge
Cc1nc(NCc2ccc(N3CCOC(C)C3)nc2)c2c(C)csc2n1,4.965095125003728,challenge
Cc1nc(NCc2ccco2)c2c3c(sc2n1)CCC3,4.181236955344418,veith
Cc1nc(NS(=O)(=O)c2ccc(Br)cc2)c2c3c(sc2n1)CCC3,5.931238759019225,veith
Cc1nc(NS(=O)(=O)c2ccccc2C)c2c3c(sc2n1)CCC3,4.88123792116939,veith
Cc1nc(Nc2ncc(C(=O)Nc3c(C)cccc3Cl)s2)cc(N2CCN(CCO)CC2)n1,4.199695243524282,tox21
Cc1nc(S(=O)(=O)N(C)c2ccccc2)c(C#N)c(C)c1Cl,4.031238394064476,veith
Cc1nc(S(=O)(=O)NC2CCCCC2)c(C#N)c(C)c1Cl,3.8312389898347954,veith
Cc1nc(S(C)(=O)=O)ccc1Nc1ncnc(OC2CCN(C(=O)OC(C)C)CC2)c1C,4.940154514130598,pharmabench
Cc1nc(S(C)(=O)=O)ccc1Oc1ncnc(OC2CCN(C(=O)OC3(C)CC3)CC2)c1F,3.928161399471342,pharmabench
Cc1nc(SC(C(=O)c2ccccc2)c2ccccc2)n[nH]1,4.631238141608918,veith
Cc1nc(SCC(=O)NCCc2ccccc2)c2oc3ccccc3c2n1,5.68123872420235,veith
Cc1nc(SCC(=O)Nc2c(C)nn(C)c2C)c2cnn(-c3ccccc3)c2n1,4.88123792116939,veith
Cc1nc(SCC(=O)Nc2ccc(N3CCOCC3)cc2)nc(C)c1C,4.181236955344418,veith
Cc1nc(SCC(=O)Nc2ccc3c(c2)OCCO3)c2oc3ccccc3c2n1,4.981239042028786,veith
Cc1nc(SCC(=O)c2cc3ccccc3oc2=O)c(C#N)c(C)c1C(=O)Nc1ccccc1,5.381238666479966,veith
Cc1nc(SCC(=O)c2ccc(Cl)s2)c2oc3ccccc3c2n1,5.631238141608918,veith
Cc1nc(SCc2cccc(Oc3ccccc3)c2)n[nH]1,4.081239412948973,veith
Cc1nc(Sc2ccccc2)c(C#N)cc1-c1ccccc1,4.581238740591187,veith
Cc1nc2c(Br)cccc2c(=O)n1C1CCC(=O)NC1=O,2.6091081750037275,challenge
Cc1nc2c(C#N)c(C)[nH]n2c(=O)c1Cc1ccccc1,4.431238405874674,veith
Cc1nc2c(C#N)c[nH]n2c(=O)c1Cc1ccccc1,4.7812382168028345,veith
Cc1nc2c(C(=O)N3CCOCC3)cnn2c(C)c1Cc1ccc(Cl)cc1,4.381238666479966,veith
Cc1nc2c(C(=O)N3C[C@H]4COC[C@@]4(c4ccccc4)C3)ccnc2[nH]1,4.763958335003728,challenge
Cc1nc2c(C(=O)NCCC(C)C)c[nH]n2c(=O)c1Cc1ccccc1F,4.831238989834795,veith
Cc1nc2c(C(=O)NCc3ccc4c(c3)OCO4)c[nH]n2c(=O)c1Cc1ccccc1F,5.581238740591187,veith
Cc1nc2c(C)cccn2c1/C(O)=C1\C(=O)C(=O)N(CCN2CCOCC2)C1c1cccs1,4.28123853814577,veith
Cc1nc2c(NC(=O)c3ccc4c(c3)C(C)CO4)cccc2c(=O)n1C1CCC(=O)NC1=O,4.7308744800037275,challenge
Cc1nc2c(NCc3ccc(F)cc3Cl)cc(-n3ccccc3=O)cn2c1C,4.769892798735641,pharmabench
Cc1nc2c(NCc3ccc(F)cc3Cl)cc(-n3cncn3)cn2c1C,5.29670183764441,pharmabench
Cc1nc2c(NCc3ccccc3)cc(-n3ccccc3=O)cn2c1C,4.224151170495799,pharmabench
Cc1nc2c(N[C@H]3CCc4ccccc43)cc(-n3ccccc3=O)cn2c1C,4.940154514130598,pharmabench
Cc1nc2c(N[C@H]3c4ccccc4C[C@@H]3O)cc(-n3ccccc3=O)cn2c1C,3.351322788536391,pharmabench
Cc1nc2c(N[C@H]3c4ccccc4C[C@@H]3O)cc(-n3cncn3)cn2c1C,4.613818653201847,pharmabench
Cc1nc2c(O)cccc2c(=O)[nH]1,4.6842193775900025,ncgc;veith
Cc1nc2c(OCc3ccccc3)cccn2c1CC#N,3.605700762979667,pharmabench
Cc1nc2c(c(-c3ccccc3)c1C#N)C(=O)c1ccccc1-2,5.631238141608918,veith
Cc1nc2c(ccc3nc(NC(=O)c4ccc(S(=O)(=O)N(C)C)cc4)sc32)s1,5.381238666479966,veith
Cc1nc2c(ccc3nc(NC(=O)c4ccc5c(c4)OCCO5)sc32)s1,5.431238405874674,veith
Cc1nc2c(n1C1CCCCC1)C(=O)c1ccccc1C2=O,4.081239412948973,veith
Cc1nc2c3c(c(-n4ccccc4=O)cn2c1C)CC[C@@H](c1ccccc1)N3,4.589906495796435,pharmabench
Cc1nc2c3ccccc3nc(SC(C)C(=O)N(C)C(C)C)n2n1,3.4665412850037276,challenge
Cc1nc2cc(F)c(F)cc2n1CC(=O)Nc1cccc(N2CCNC2=O)c1,5.049563625003728,challenge
Cc1nc2cc(NS(=O)(=O)c3cnc4c(c3)c(C)nn4C)ccc2o1,4.936946140003728,challenge
Cc1nc2ccc(N3CCC(c4ccncn4)CC3)nn2n1,4.960964730003727,challenge
Cc1nc2ccc(NC(=O)N3CC4(CCCC4)c4ccccc43)cn2n1,4.885038618003728,challenge
Cc1nc2ccc(NC(=O)c3cc(C4CC4)nn3C)cn2n1,3.3689220370037276,challenge
Cc1nc2ccc(S(=O)(=O)NC(CC(C)C)C(=O)O)cc2s1,4.181236955344418,veith
Cc1nc2ccccc2c(=O)n1-c1ccccc1Cl,4.047463183856239,tox21
Cc1nc2ccccc2c(=O)n1NC(=O)c1ccccc1Cl,4.381238666479966,veith
Cc1nc2ccccc2c(C)c1CC(=O)N1CCCC(Cc2nccn2C)C1,4.593093462003727,challenge
Cc1nc2ccccc2n1CC(=O)N/N=C\C=C\c1ccccc1,4.431238405874674,veith
Cc1nc2ccccc2n1Cc1ccc(Cl)cc1,4.499695145639398,tox21
Cc1nc2ccccc2n1Cc1sc2c(c1C(=O)N1CC[C@@H](O)C1)c(=O)n(C)c(=O)n2CC(C)C,4.940154514130598,pharmabench
Cc1nc2ccccc2nc1SCC(=O)N1CCC(C)CC1,3.88123792116939,veith
Cc1nc2ccccn2c1/C(O)=C1\C(=O)C(=O)N(CCCn2ccnc2)C1c1ccncc1,4.231237939860009,veith
Cc1nc2ccccn2c1C(=O)CSc1ccccc1Cl,4.231237939860009,veith
Cc1nc2ccccn2c1CNC(=O)[C@]12CNC[C@H]1COC2,2.370778473003728,challenge
Cc1nc2cnc(N(C)C)nc2n(C2CC2)c1=O,4.084221702678786,ncgc;veith
Cc1nc2cnc(N(C)C)nc2n(CCc2ccccc2)c1=O,4.184219245074232,ncgc;veith
Cc1nc2cnc(N(C)C)nc2n(Cc2ccc(F)cc2)c1=O,5.787241252009206,ncgc
Cc1nc2cnc(N3CCN(C)CC3)nc2n(C[C@H]2CCCO2)c1=O,4.787200049553703,ncgc
Cc1nc2cnc(N3CCNCC3)nc2n(CCc2ccccc2)c1=O,3.6872033036619767,ncgc
Cc1nc2cnc(N3CCNCC3)nc2n(Cc2ccc(F)cc2)c1=O,3.8872025006290167,ncgc
Cc1nc2cnc(N3CCOCC3)nc2n(CCc2ccccc2)c1=O,4.084221702678786,ncgc;veith
Cc1nc2cnc(N3CCOCC3)nc2n(Cc2ccc(F)cc2)c1=O,3.7842205065326477,ncgc;veith
Cc1nc2cnc(N3CCOCC3)nc2n(Cc2cccs2)c1=O,4.084221702678786,ncgc;veith
Cc1nc2cnc(Nc3ccccc3)nc2n(C)c1=O,3.9842213317585995,ncgc;veith
Cc1nc2cnc(Nc3ccccc3)nc2n(C[C@H]2CCCO2)c1=O,3.6872033036619767,ncgc
Cc1nc2cnc(OCc3ccccc3)nc2n(CCc2ccccc2)c1=O,4.084221702678786,ncgc;veith
Cc1nc2cnc(OCc3ccccc3)nc2n(Cc2ccc(F)cc2)c1=O,4.284220827875583,ncgc;veith
Cc1nc2cnc(Oc3cccc(Cl)c3)nc2n(C2CC2)c1=O,4.184219245074232,ncgc;veith
Cc1nc2cnc(Oc3cccc(Cl)c3)nc2n(CCC#N)c1=O,3.6872033036619767,ncgc
Cc1nc2cnc(Oc3cccc(Cl)c3)nc2n(Cc2ccc(F)cc2)c1=O,4.3842204094659465,ncgc;veith
Cc1nc2cnc(Oc3ccccc3)nc2n(-c2ccccc2)c1=O,3.8872025006290167,ncgc
Cc1nc2cnc(Oc3ccccc3)nc2n(C2CC2)c1=O,4.184219245074232,ncgc;veith
Cc1nc2cnc(Oc3ccccc3)nc2n(Cc2cccs2)c1=O,3.8842202108992034,ncgc;veith
Cc1nc2cncnc2n(-c2ccccc2)c1=O,3.6872033036619767,ncgc
Cc1nc2cncnc2n(C2CC2)c1=O,4.3842204094659465,ncgc;veith
Cc1nc2cncnc2n(Cc2ccc(F)cc2)c1=O,3.8872025006290167,ncgc
Cc1nc2cncnc2n(Cc2ccccc2)c1=O,4.084221702678786,ncgc;veith
Cc1nc2cncnc2n(Cc2ccccc2Cl)c1=O,4.184219245074232,ncgc;veith
Cc1nc2nc(-c3ccc(Cl)cc3)nn2c(C)c1Cl,3.981239042028786,veith
Cc1nc2nc(SCC(=O)NCc3ccco3)nn2c(C)c1Cc1c(F)cccc1Cl,5.431238405874674,veith
Cc1nc2ncnn2c(C)c1CCC(=O)NCCC1=CCCCC1,4.131237783223632,veith
Cc1nc2ncnn2c(C)c1CCC(=O)Nc1ccc(S(=O)(=O)N2CCCCCC2)cc1,4.7812382168028345,veith
Cc1nc2sccn2c(=O)c1CCN1CCC(=C(c2ccc(F)cc2)c2ccc(F)cc2)CC1,3.993448931017826,ncgc;tox21
Cc1nc2sccn2c(=O)c1CCN1CCC(=C(c2ccccc2)c2ccc(F)cc2)CC1,3.787202796262461,ncgc
Cc1ncc(C2=C(c3cc(Cl)ccc3OCc3ccc(F)cc3)CCC2)cc1C(=O)O,4.3838520133633105,pharmabench
Cc1ncc(CSSCc2cnc(C)c(O)c2CO)c(CO)c1O.Cl.Cl,4.649695361961072,tox21
Cc1ncc(N=Nc2ccccc2Cl)c(-c2ccccc2)n1,4.7812382168028345,veith
Cc1ncc([N+](=O)[O-])n1CCOC(=O)NC(NCc1ccccc1)C(Cl)(Cl)Cl,4.181236955344418,veith
Cc1ncc2c(n1)CCC(NC(=O)N1CC3(CCCC3)c3cc4c(cc3C1C)OCCO4)C2,4.686216873003728,challenge
Cc1ncc2n1-c1ccc(Cl)cc1C(c1ccccc1F)=NC2.Cl,4.199695243524282,tox21
Cc1nccc(C(=O)N2CC3(CC(NC(=O)CC4C=CCC4)c4nccn43)C2)n1,3.7731841150037275,challenge
Cc1nccc(CNC(=O)N2CCC(c3nc4ccccc4s3)CC2)n1,4.624846782003727,challenge
Cc1nccc(N2CCC(Oc3ccc(C(F)(F)F)cn3)CC2)n1,4.575574227003727,challenge
Cc1nccc(N2CCN(C(=O)c3cc4cccnc4s3)CC2)n1,3.174862055003728,challenge
Cc1nccc(NC2CCN(c3ccc(F)c(Cl)c3)C2)n1,5.261825863003728,challenge
Cc1ncccc1Oc1ncc(Cl)cc1NS(=O)(=O)c1ccc(Cl)c(Cl)c1,5.20809545084521,pharmabench
Cc1nccn1-c1ccc(CNC(=O)CN2C(=O)NC3(CCc4ccccc43)C2=O)cc1F,4.306990983003728,challenge
Cc1nccn1CCCN1C(=O)/C(=C/c2ccc(C#N)cc2)NC1=S,4.081239412948973,veith
Cc1nccnc1N1CCN(C(=O)C2CCc3cccnc32)CC1,3.5661304470037276,challenge
Cc1ncn(-c2cc(Cl)c(C(=O)NC[C@@H](c3cccc(F)c3)c3ccc4[nH]c(C)nc4c3)c(Cl)c2)n1,3.942768129733285,pharmabench
Cc1ncn(-c2cc(Cl)c(C(=O)NC[C@@H](c3cccc(F)c3)c3nc4c(C)cc(Cl)cc4[nH]3)c(Cl)c2)n1,3.9882344406103054,pharmabench
Cc1ncn(-c2cc(Cl)c(C(=O)NC[C@@H](c3cccc(F)c3)c3nc4ccc(Cl)cc4[nH]3)c(Cl)c2)n1,4.040990872653379,pharmabench
Cc1ncn(-c2ccc(NC(=O)c3cn(CCC(C)C)nn3)cc2)c1C,4.953367812003727,challenge
Cc1ncoc1-c1nnc(SCCCN2CC3CC3(c3ccc(S(F)(F)(F)(F)F)cc3)C2)n1C,4.3838520133633105,pharmabench
Cc1ncoc1-c1nnc(SCCCN2CC3CC3(c3cccc(S(F)(F)(F)(F)F)c3)C2)n1C,4.860973268082973,pharmabench
Cc1ncsc1C(=O)N1N=C2/C(=C/c3ccccc3)CCCC2C1c1ccccc1,4.831238989834795,veith
Cc1ncsc1CCCl,4.88720077167744,ncgc
Cc1nn(-c2cc(NS(C)(=O)=O)c(Cl)cc2Cl)c(=O)n1C(F)F,4.038530441677591,tox21
Cc1nn(-c2ccc(Cl)cc2Cl)c(C)c1CC(=O)N1CC(CO)c2ccccc21,5.283653068003727,challenge
Cc1nn(-c2ccc(F)cc2)c(C)c1NS(=O)(=O)c1ccc2ccccc2c1,4.181236955344418,veith
Cc1nn(-c2ccc(S(=O)(=O)O)cc2)c(O)c1N=Nc1ccc(-c2ccc(N=Nc3ccc4c(S(=O)(=O)O)cc(S(=O)(=O)O)c(N)c4c3O)c(O)c2)cc1O.[Cu].[Cu],4.487201289787428,ncgc
Cc1nn(-c2ccccc2)c(C)c1/C=N/NC(=O)c1cc(-c2ccc(Cl)s2)[nH]n1,4.381238666479966,veith
Cc1nn(-c2ccccc2)c2c1C(=O)N(Cc1ccccc1)C(=O)C(C)(C)C2,4.031238394064476,veith
Cc1nn(-c2ccccc2)c2c1C(c1ccc(O)c(O)c1)N1C(=N2)C(Nc2ccccc2)=Nc2ccccc21,5.181236955344418,veith
Cc1nn(-c2ccccc2)cc1CNC(=O)c1cc(-c2ccncc2)nc2ccccc12,5.877559660003728,challenge
Cc1nn(-c2ccccc2)cc1NC(=O)c1cc2c(C(F)(F)F)cc(=O)[nH]c2o1,5.147787440003728,challenge
Cc1nn(-c2ccccc2)cc1NCC(=O)N1CCC2(CC1)OCCO2,3.684731713003728,challenge
Cc1nn(-c2nc3ccccc3[nH]2)c(N)c1-c1ccc(Cl)cc1,4.68123872420235,veith
Cc1nn(C(=O)c2cccnc2)c(C)c1Sc1ccc(Br)cc1,4.28123853814577,veith
Cc1nn(C(=O)c2ccco2)c(C)c1Sc1ccc(Br)cc1,4.68123872420235,veith
Cc1nn(C(C)(C)C)c(OC(=O)c2ccco2)c1Sc1ccccc1,4.28123853814577,veith
Cc1nn(C(C)(C)C)cc1C(=O)NC(C)c1cccc(N2CCCC2)c1,4.6035202920037275,challenge
Cc1nn(C(C)(C)C)cc1C(C)NC(=O)N1CCOc2cccc(F)c2C1,4.001206448003727,challenge
Cc1nn(C(C)(C)C)cc1C(C)NC(=O)N1Cc2ccccc2C1,4.445804383003727,challenge
Cc1nn(C(C)C(=O)N2CCc3ccccc32)c(C)c1[N+](=O)[O-],4.231237939860009,veith
Cc1nn(C(C)C(=O)Nc2ccc(Cl)cn2)c(C)c1[N+](=O)[O-],4.131237783223632,veith
Cc1nn(C(C)C(=O)Nc2sc3c(c2C#N)CCCC3)c(C)c1[N+](=O)[O-],4.68123872420235,veith
Cc1nn(C)c(C(=O)NNC(=S)Nc2ccc(Cl)cc2)c1[N+](=O)[O-],4.4812387752551235,veith
Cc1nn(C)c(C)c1CC(C)c1nc(-c2ccc3c(c2)CCO3)no1,5.021794348003728,challenge
Cc1nn(C)c(C)c1S(=O)(=O)NC(=O)c1ccnn1C1CCCC1,3.7352978350037276,challenge
Cc1nn(C)c(Cl)c1S(=O)(=O)N[C@@H](c1ccccc1)[C@]1(C)C[C@H]1[C@@H](C)C(=O)Nc1ccc2ccccc2c1,4.484220032521275,ncgc;veith
Cc1nn(C)c(Oc2ccc(Cl)cc2)c1C(=O)Nc1ccc(F)cc1F,4.181236955344418,veith
Cc1nn(C)c(Oc2cccc(Cl)c2)c1C=O,5.331238507999185,veith
Cc1nn(C)c(Oc2ccccc2)c1/C=N/OCc1ccc(C(=O)OC(C)(C)C)cc1,5.138524031947208,tox21
Cc1nn(C)c2ncc(C(=O)N3CCCC3c3cccc(F)c3)cc12,3.7950524600037276,challenge
Cc1nn(C)cc1C(C(=O)NC1CCCCC1)N(C(=O)Cc1cccs1)c1ccc(C(C)C)cc1,3.88123792116939,veith
Cc1nn(CC(=O)NCc2ccccc2Cl)c(C)c1[N+](=O)[O-],4.181236955344418,veith
Cc1nn(Cc2c(Cl)cccc2Cl)c(C)c1NC(=O)c1cn(-c2ccccc2)nc1-c1ccccc1,5.28123853814577,veith
Cc1nn(Cc2c(Cl)cccc2Cl)c(C)c1NC(=O)c1cnn2c(C(F)F)cc(-c3ccccc3)nc12,5.181236955344418,veith
Cc1nn(Cc2c(F)c(F)c(F)c(F)c2F)c(C)c1NC(=O)c1c(-c2ccccc2)nn(-c2ccccc2)c1C,4.431238405874674,veith
Cc1nn(Cc2c(F)c(F)c(F)c(F)c2F)c(C)c1NC(=O)c1cccc(COc2ccc(Cl)cc2)c1,4.831238989834795,veith
Cc1nn(Cc2c(F)c(F)c(F)c(F)c2F)c(C)c1NC(=O)c1cccc(COc2ccccc2Cl)c1,4.331238507999185,veith
Cc1nn(Cc2ccc(Cl)cc2)c(C)c1NC(=O)CSc1nc2c(c(C(F)(F)F)n1)CCc1ccccc1-2,5.131237783223633,veith
Cc1nn(Cc2ccc(Cl)cc2Cl)c(C)c1NC(=O)c1sc2ccccc2c1Cl,5.031238394064476,veith
Cc1nn(Cc2ccccc2Cl)c(C)c1C(=O)N1CC(C)CC(C(=O)O)C1,3.206611173003728,challenge
Cc1nn(Cc2ccccc2Cl)c(C)c1C(=O)Nc1cccc(-c2noc(=O)[nH]2)c1,4.709497835003727,challenge
Cc1nn(S(=O)(=O)c2cccs2)c(C)c1Sc1ccc([N+](=O)[O-])cc1,4.631238141608918,veith
Cc1nn2c(N3CCN(C(=O)c4ccco4)CC3)cc(C(C)(C)C)nc2c1-c1ccc(Cl)cc1,4.581238740591187,veith
Cc1nn2c(NCC(C)C)c3c(nc2c1-c1ccccc1)CCC3,5.431238405874674,veith
Cc1nn2c([nH]c(=O)c3ccccc32)c1C=O,4.081239412948973,veith
Cc1nn2c(c1-c1ccccc1)NC1=C(C(=O)CCC1)C2c1ccccc1,3.88123792116939,veith
Cc1nn2c3c(cnc2c1-c1ccccc1)C(=O)CC(c1ccccc1)C3,4.28123853814577,veith
Cc1nnc(-c2ccc(C(=O)N3CCC(c4ccncc4)CC3)cc2)o1,4.590927075003727,challenge
Cc1nnc(-c2cccc(-c3noc(C4(C)CCCO4)n3)c2)[nH]1,4.834588593003728,challenge
Cc1nnc(-c2cccc(-c3noc(C4CC(=O)N(c5ccc6c(c5)CCC6)C4)n3)c2)[nH]1,5.830906093003728,challenge
Cc1nnc(-c2cccc(Br)c2)c2cn(-c3ccc(Br)cc3)nc12,4.981239042028786,veith
Cc1nnc(-c2cccc(Br)c2)c2cn(-c3ccccc3Cl)nc12,4.831238989834795,veith
Cc1nnc(-c2cnn(-c3ccccc3)c2N)n1Cc1ccc(F)cc1,4.081239412948973,veith
Cc1nnc(-c2cnn(-c3ccccc3)c2N)n1Cc1ccncc1,4.131237783223632,veith
Cc1nnc(C)n1/N=C/c1ccc(-c2ccccc2)cc1,4.181236955344418,veith
Cc1nnc(N(C)C(=O)c2c(Cl)cccc2OCC2CC2)s1,4.642354235003728,challenge
Cc1nnc(NC(=O)Cc2cc(-c3ccccc3)on2)s1,5.0536315100037275,challenge
Cc1nnc(NC(=O)c2cccc(NC(=O)C(C)C)c2)s1,3.88123792116939,veith
Cc1nnc(NS(=O)(=O)c2ccc(N)cc2)s1,4.144822386497555,tox21
Cc1nnc(SCC2=C(C(=O)O)N3C(=O)[C@@H](NC(=O)Cn4cnnn4)[C@H]3SC2)s1,4.399695684644625,tox21
Cc1nnc(SCCCn2c(N3CCN(c4ccccc4)CC3)nc3c2c(=O)[nH]c(=O)n3C)s1,4.131237783223632,veith
Cc1nnc(SCc2nc(N)nc(Nc3ccccc3)n2)s1,4.28123853814577,veith
Cc1nnc2c(Oc3ccccc3)nc3ccccc3n12,4.231237939860009,veith
Cc1nnc2n1-c1sc(CCc3ccc(CC(C)C)cc3)cc1C(c1ccccc1Cl)=NC2C,4.399695684644625,tox21
Cc1nnccc1NC(=O)NCCC1OCCc2ccccc21,4.285711250003728,challenge
Cc1noc(/C(=C/c2cccc(-c3cc(C(C)(C)S(C)(=O)=O)cc4cccnc34)c2)c2ccc(S(C)(=O)=O)cc2)n1,6.0370645271386545,pharmabench
Cc1noc(C)c1-c1cc(N2CCN(C)CC2)ncn1,5.087201252198795,ncgc
Cc1noc(C)c1-c1cc(NC2CCNCC2)ncn1,6.3873826151783,ncgc
Cc1noc(C)c1-c1cc(NCc2cccnc2)ncn1,7.588233113269378,ncgc
Cc1noc(C)c1-c1ccc2c(Nc3ccccc3C(C)(C)C)c(C(=O)O)cnc2c1,4.338094522802636,pharmabench
Cc1noc(C)c1-c1nccc(-n2ccnc2)n1,6.986173121941415,ncgc
Cc1noc(C)c1-c1nccc(NC2CC2)n1,6.287203117605396,ncgc
Cc1noc(C)c1C(=O)N1CCC2(CC1)CCN(c1ccncc1)CC2,4.284220827875583,ncgc;veith
Cc1noc(C)c1C(=O)N1CCC2(CCCN(C(=O)NC(C)C)C2)CC1,3.987203621488413,ncgc
Cc1noc(C)c1C(=O)N1CCC2(CCCN(CC(C)C)C2)CC1,3.6872033036619767,ncgc
Cc1noc(C)c1C(=O)N1CCC2(CCN(Cc3ccccc3)CC2)CC1,3.787202796262461,ncgc
Cc1noc(C)c1C(=O)N1CCC[C@@]2(CCN(c3ccccc3)C2)C1,3.987203621488413,ncgc
Cc1noc(C)c1C(=O)NC1CCN(c2ccccc2C(F)(F)F)C1,5.0493558850037275,challenge
Cc1noc(C)c1C(=O)OCC(=O)NC(c1ccccc1)c1ccccc1,4.231237939860009,veith
Cc1noc(C)c1CCNC(=O)N1CCC(CCc2ccc(F)cc2F)CC1,5.541253450003728,challenge
Cc1noc(C)c1COc1cccc(C(=O)OCC(=O)N2CC(=O)Nc3ccccc32)c1,4.731239014571102,veith
Cc1noc(C2CCCN2C(=O)c2nccc3occc23)n1,3.6502994380037275,challenge
Cc1noc(C2CCN(C(=O)c3cncc(-c4ccccc4)c3)CC2)n1,4.371812288003728,challenge
Cc1noc(COc2ccc(OCc3nc(C)no3)cc2)n1,3.68123872420235,veith
Cc1noc(N)c1C(=O)Nc1ccc(F)cc1,4.68123872420235,veith
Cc1noc(NS(=O)(=O)c2ccc(N)cc2)c1C,3.7632212424394442,ncgc;tox21
Cc1noc(NS(=O)(=O)c2ccc(N/C=C/C(=O)c3ccc4c(c3)OCO4)cc2)c1C,4.181236955344418,veith
Cc1noc(NS(=O)(=O)c2ccc(N/C=C\C(=O)c3ccc4c(c3)OCO4)cc2)c1C,4.131237783223632,veith
Cc1noc(NS(=O)(=O)c2ccc(NC(=O)CC34CC5CC(CC(Br)(C5)C3)C4)cc2)c1C,3.931238759019225,veith
Cc1noc(NS(=O)(=O)c2ccc(NC(=O)c3ccc(Br)o3)cc2)c1C,4.131237783223632,veith
Cc1noc(NS(=O)(=O)c2cccc3c(N(C)C)cccc23)c1C,5.484206266808193,ncgc;veith
Cc1noc2ncnc(N3CCc4c(cnn4-c4ccccc4)C3)c12,5.673647640003728,challenge
Cc1noc2ncnc(Oc3ccc4ccccc4c3)c12,3.88123792116939,veith
Cc1nocc1S(=O)(=O)Nc1cccc(S(=O)(=O)N(C)c2ccccc2)c1,6.045035507003727,challenge
Cc1nonc1NCn1nnc2ccccc21,4.581238740591187,veith
Cc1nsc(-c2nnc3n2CCN(C(=O)c2ccc(-c4cccs4)cc2)[C@@H]3C)n1,4.224151170495799,pharmabench
Cc1nsc(-c2nnc3n2CCN(C(=O)c2ccccc2)[C@@H]3C)n1,4.258913276755011,pharmabench
Cc1o[nH]c(=O)c1CC[C@H](N)C(=O)O,4.284220827875583,ncgc;veith
Cc1o[nH]c(=O)c1C[C@H](N)C(=O)O,4.284220827875583,ncgc;veith
Cc1oc(-c2ccc(Cl)cc2)nc1CCOc1cccc(C[C@@H]2C(=O)N(c3ccc(C(C)(C)C)cc3)[C@@H]2C(=O)O)c1,5.7253106660829,pharmabench
Cc1oc(-c2cccc(Cl)c2)nc1CCOc1cccc(C[C@@H]2C(=O)N(c3ccc(C(C)(C)C)cc3)[C@@H]2C(=O)O)c1,5.512019720101809,pharmabench
Cc1oc(-c2ccccc2)cc1C(=O)N1CCC(n2ccnn2)CC1,4.8193047300037275,challenge
Cc1oc(-c2ccccc2)nc1CC(=O)NS(=O)(=O)C1CCCOC1,3.2923259430037275,challenge
Cc1oc(-c2ccccc2)nc1CCC(=O)c1ccc(CC2SC(=O)NC2=O)cc1,4.749697444003367,tox21
Cc1oc(-c2ccccc2)nc1CCNC(=O)C12CCC(CO)(CC1)C2,4.205108525003728,challenge
Cc1oc(-c2ccccc2)nc1CCOc1ccc(C[C@@H]2CN(c3nccc(C(F)(F)F)n3)C[C@@H]2C(=O)O)cc1,4.8329445444827295,pharmabench
Cc1oc(-c2ccccc2)nc1CCOc1ccc(C[C@H](Nc2ccccc2C(=O)c2ccccc2)C(=O)O)cc1,4.288530398353015,tox21
Cc1oc(-c2ccccc2)nc1CCOc1ccc(C[C@H]2C(=O)N(c3ccc(C(C)(C)C)cc3)[C@H]2C(=O)O)cc1,4.918669977434008,pharmabench
Cc1oc(-c2ccccc2)nc1CCOc1cccc(C[C@@H]2C(=O)N(c3ccc(C(C)(C)C)cc3)[C@@H]2C(=O)O)c1,5.976366686785043,pharmabench
Cc1oc(-c2ccccc2)nc1CCOc1cccc2c1ccn2CCC(=O)O,4.188530214047235,tox21
Cc1oc(-c2ccccc2)nc1CN1CCN(C(=O)c2ccco2)CC1,4.6285594150037275,challenge
Cc1oc(-c2ccccc2Cl)nc1CSCC(=O)NC1CC1,3.981239042028786,veith
Cc1oc(-c2ccccc2F)nc1CSCC(=O)NCc1ccc2c(c1)OCO2,4.631238141608918,veith
Cc1oc(-c2cnn(C)c2)nc1C(=O)NC1(C)CC=CCC1,4.139308240003728,challenge
Cc1oc(/C=N/NC(=O)CN(c2ccccc2Br)S(C)(=O)=O)cc1Br,4.331238507999185,veith
Cc1oc(=O)c(NC(=O)c2ccccc2)cc1C(=O)c1ccccc1,4.181236955344418,veith
Cc1oc(=O)oc1COC(=O)[C@@H]1N2C(=O)[C@@H](NC(=O)[C@H](N)c3ccccc3)[C@H]2SC1(C)C.Cl,4.023976300910434,tox21
Cc1oc(C(C)(C)C)cc1C(=O)Nc1cccc(/C=C/C(=O)O)c1,4.631238141608918,veith
Cc1oc(C)c(C(=O)Nc2ccccc2)c1C,4.138530880775606,tox21
Cc1oc2c(NC(=O)c3c(Cl)cccc3Cl)cccc2c1C(C)(C)O,5.4385415900276115,tox21
Cc1oc2ccc(NS(=O)(=O)c3ccc(C(C)(C)C)cc3)cc2c1C(=O)Nc1ccccc1,5.631238141608918,veith
Cc1occc1C(=O)NCc1ccccc1,4.131237783223632,veith
Cc1occc1S,4.138530880775606,tox21
Cc1occc1SSc1ccoc1C,4.088530344873387,tox21
Cc1onc(-c2c(Cl)cccc2Cl)c1C(=O)Cl,4.399695684644625,tox21
Cc1onc(-c2c(Cl)cccc2Cl)c1C(=O)N1CCc2ccccc2C1,4.7812382168028345,veith
Cc1onc(-c2c(Cl)cccc2Cl)c1C(=O)N[C@@H]1C(=O)N2[C@@H]1SC(C)(C)[C@@H]2C(=O)[O-].O.[Na+],4.399695684644625,tox21
Cc1onc(-c2c(Cl)cccc2Cl)c1C(=O)Nc1ccc2c(c1)OCO2,5.131237783223633,veith
Cc1onc(-c2ccccc2)c1-c1ccc(S(N)(=O)=O)cc1,4.449695384640936,tox21
Cc1onc(-c2ccccc2)c1C(=O)NC(CC(=O)O)c1ccc(OC(C)C)cc1,4.081239412948973,veith
Cc1onc(-c2ccccc2)c1C(=O)NCCc1c[nH]c2ccccc12,4.68123872420235,veith
Cc1onc(-c2ccccc2Cl)c1C(=O)N[C@@H]1C(=O)N2[C@@H]1SC(C)(C)[C@@H]2C(=O)[O-].[Na+],4.099695361406635,tox21
Cc1onc(-c2ccccc2Cl)c1C(=O)Nc1nnc(Cc2ccc(Cl)cc2)s1,5.181236955344418,veith
Cc1onc(-c2cccs2)c1C(=O)Nc1cnn(C(C)C2CC2)c1,4.788199762003727,challenge
Cc1oncc1C(=O)Nc1ccc(C(F)(F)F)cc1,3.787202796262461,ncgc
Cc1sc(=NC(=O)c2ccco2)n(C)c1-c1ccc(F)cc1,4.331238507999185,veith
Cc1sc(=NC(=O)c2ccco2)n(C)c1-c1ccccc1,5.231237939860008,veith
Cc1sc(=O)n(CCC(=O)N2CC(CO)c3ccccc32)c1C,4.543253922003728,challenge
Cc1sc(C(C)NC(=O)CC2(C(=O)[O-])CCC2)nc1-c1ccc(Cl)cc1,5.051511395003728,challenge
Cc1sc(N/N=C/c2cccnc2)nc1-c1ccccc1,5.731239014571102,veith
Cc1sc(NC(=O)C(C)C)c(C(=O)Nc2ccccc2)c1C,4.181236955344418,veith
Cc1sc(NC(=O)C2C3CCC(O3)C2C(=O)O)c(C(=O)OC(C)C)c1-c1ccc(Cl)cc1,4.131237783223632,veith
Cc1sc(NC(=O)C2CCCCC2)c(C#N)c1-c1ccccc1,4.081239412948973,veith
Cc1sc(NC(=O)C2CCCCC2C(=O)O)c(C(N)=O)c1-c1ccc(C(C)(C)C)cc1,3.7812382168028345,veith
Cc1sc(NC(=O)CN2CCC(C)(C(=O)O)C2)nc1-c1ccc(Cl)cc1,3.1398998450037277,challenge
Cc1sc(NC(=O)CN2CCOCC2)c(C(=O)c2ccccc2)c1C,4.581238740591187,veith
Cc1sc(NC(=O)c2ccc(CN3CCCCC3=O)cc2)c(C(N)=O)c1C,5.3057364320037275,challenge
Cc1sc(NC(=O)c2ccc(OCC(C)C)cc2)c(C(N)=O)c1-c1ccc(Cl)cc1Cl,5.531238789289352,veith
Cc1sc(NC(=O)c2ccco2)c(C(c2cccnc2)N2CCCC2)c1C,4.88123792116939,veith
Cc1sc(NC(=O)c2ccco2)c(C(c2ccncc2)N2CCOCC2)c1C,4.931238759019225,veith
Cc1sc(NC(=S)NC(=O)C(C)(C)C)c(C(N)=O)c1C,4.4812387752551235,veith
Cc1sc2c(c1C)C(c1ccc(C(C)(C)C)cc1)=NCC(=O)N2CC(=O)Nc1nccs1,4.181236955344418,veith
Cc1sc2nc(C3CC3)nc(SCC(=O)N3CC(=O)Nc4ccccc43)c2c1C,5.28123853814577,veith
Cc1sc2nc(SCC(=O)C(C)(C)C)n(Cc3ccco3)c(=O)c2c1C,5.081239412948973,veith
Cc1sc2nc(SCc3ccccc3)n(Cc3ccco3)c(=O)c2c1C,4.581238740591187,veith
Cc1sc2nc(SCc3nc(-c4cccs4)no3)n(-c3ccccc3)c(=O)c2c1C,5.581238740591187,veith
Cc1sc2ncn(CC(=O)NCCCC(=O)N3CCN(c4ncccn4)CC3)c(=O)c2c1C,4.231237939860009,veith
Cc1sc2ncnc(N3CCC(C(=O)Nc4ccc(S(N)(=O)=O)cc4)CC3)c2c1C,4.574666529239699,pharmabench
Cc1scc2c1N(C(=O)CN1CCN(C)CC1)c1ccccc1NC2=O,4.884219346423415,ncgc;veith
Cl.Cl.Cl.Cl.Cl.Cl.N.N.N.N.NNNNN.NNNNN.O.O.[Ru].[Ru].[Ru],3.8872025006290167,ncgc
Cl.Cl.Cl.O[C@@H](COc1cccc2ncccc12)CN1CCN(C2c3ccccc3[C@@H]3[C@H](c4ccccc42)C3(F)F)CC1,4.5996964603675305,tox21
Cl.Cl.Fc1ccc(C(OCCN2CCN(CCCc3ccccc3)CC2)c2ccc(F)cc2)cc1,4.449695384640936,tox21
Cl.Cl.NC(=NCCCCCCN=C(N)/N=C(\N)Nc1ccc(Cl)cc1)/N=C(\N)Nc1ccc(Cl)cc1,4.280570263582414,tox21
Cl.Cl.NCCNc1cccc2ccccc12,4.149695764085624,tox21
Cl.Cl.Nc1ccc(N)cc1,4.149695764085624,tox21
Cl.Cl.Nc1ccc(O)c(N)c1,3.9649510654183233,tox21
Cl.Cl.Nc1cccc(N)c1,3.789239211438449,tox21
Cl.Cl/C(=C\n1cncn1)c1ccc(Cl)cc1Cl,4.449695384640936,tox21
Cl.ClCCCN1CCN(c2cccc(Cl)c2)CC1,4.399695684644625,tox21
Cl.ClCCNc1nc2ccc(Cl)cc2[nH]1,4.631238141608918,veith
Cl.Clc1ccc(Cn2c(CN3CCCC3)nc3ccccc32)cc1,4.449695384640936,tox21
Cl.Clc1cccc(C(c2ccc3nc[nH]c3c2)n2ccnc2)c1,4.5996964603675305,tox21
Cl.Cn1c(=O)cc(Oc2ccc(F)cc2F)c2cnc(NCC(C)(C)O)nc21,4.088530344873387,tox21
Cl.Cn1sccc1=O,4.138530880775606,tox21
Cl.Fc1ccc(COc2ccc(Br)cc2CNCc2ccncc2)cc1,4.68123872420235,veith
Cl.N#Cc1ccc(C2CCCc3cncn32)cc1,4.285918469950268,tox21
Cl.N#Cc1cccc(C(c2nnnn2C2CCCC2)N2CCCCCC2)c1,3.731239014571102,veith
Cl.N/C(=N\O)C1COc2ccccc2O1,4.88123792116939,veith
Cl.NC(CO)C(=O)NNCc1ccc(O)c(O)c1O,4.149695764085624,tox21
Cl.NC(N)=NC(N)=NCCc1ccccc1,3.897914487147233,tox21
Cl.NCC1(Cc2noc(=O)[nH]2)CCCCC1,3.738530418642034,tox21
Cl.NCCCCCc1nnc(SCc2ccc(Cl)c(Cl)c2)o1,4.331238507999185,veith
Cl.NCCCCCc1nnc(SCc2ccccc2Cl)o1,3.88123792116939,veith
Cl.NCCc1cc(O)c(O)cc1O,4.149695764085624,tox21
Cl.NCCc1ccc(O)cc1,4.091728413133446,tox21
Cl.NNc1ccccc1,4.0892389942983245,tox21
Cl.N[C@@H]1C[C@H]1c1ccccc1,4.399695684644625,tox21
Cl.Nc1cc(C(F)(F)F)ccc1S,5.29969757253239,tox21
Cl.Nc1cc(Cl)ccc1Oc1ccc(Cl)cc1,4.731239014571102,veith
Cl.Nc1ccc(Cl)cc1,4.038530441677591,tox21
Cl.Nc1ccc(Nc2ccccc2)cc1,4.443157695295295,tox21
Cl.Nc1ccccc1,4.030095621143266,tox21
Cl.O.c1cnc2c(c1)ccc1cccnc12,5.188524066442228,tox21
Cl.O=C(CN1CCN(c2ncccn2)CC1)NCCC1=CCCCC1,4.731239014571102,veith
Cl.O=C(COc1ccc(Cl)cc1)N1CCN(Cc2ccc3c(c2)OCO3)CC1,4.344112679843317,tox21
Cl.O=C(NCCCn1ccnc1)c1ccc(S(=O)(=O)N2CCCCCC2)cc1,4.731239014571102,veith
Cl.O=C(NCCOC(=O)c1ccc(C(=O)OCCNC(=O)c2cccnc2)s1)c1cccnc1,4.68123872420235,veith
Cl.O=C(Nc1ccccc1)OCC(CN1CCCCC1)OC(=O)Nc1ccccc1,4.399695684644625,tox21
Cl.O=C(O)/C=C/c1ccc(Cn2ccnc2)cc1,4.399695684644625,tox21
Cl.O=C(OCC(O)CO)c1ccccc1Nc1ccnc2cc(Cl)ccc12,4.449695384640936,tox21
Cl.O=C(c1ccc(F)cc1)C1CCN(CCn2c(=S)[nH]c3ccccc3c2=O)CC1,4.149695764085624,tox21
Cl.O=C(c1ccc(OCCN2CCCCC2)cc1)c1c(-c2ccc(O)cc2)sc2cc(O)ccc12,6.219078074852902,tox21
Cl.O=C1CN=C(Nc2ccccc2)N1Cc1cccs1,4.031238394064476,veith
Cl.O=C1OC(CCN2CCCCC2)OC1(c1ccccc1)c1ccccc1,4.449695384640936,tox21
Cl.O=C1c2cccc3cccc(c23)C(=O)N1CC1CCN(CC(O)COc2ccc3ccccc3c2)CC1,5.331238507999185,veith
Cl.O=S(=O)(c1cccc2cnccc12)N1CCCNCC1,4.249695373334149,tox21
Cl.OC(c1ccccc1)(c1ccc(F)cc1)C(c1ccccc1)N1CCOCC1,4.231237939860009,veith
Cl.OCCOCCN1CCN(C(c2ccccc2)c2ccc(Cl)cc2)CC1,4.044229894505467,tox21
Cl.Oc1ccc([C@H]2CNCc3c2ccc(O)c3O)cc1O,4.499695145639398,tox21
Cl.c1ccc(-c2nc(NCCCn3ccnc3)c3oc4ccccc4c3n2)cc1,5.7812382168028345,veith
Cl.c1ccc(-c2nc(NCc3ccco3)c3oc4ccccc4c3n2)cc1,4.231237939860009,veith
Cl.c1ccc(CSc2nnc([C@@H]3CCCN3)o2)cc1,4.531238789289352,veith
Cl.c1ccc2c(c1)oc1c(NCCCn3ccnc3)ncnc12,5.631238141608918,veith
ClC(=Nc1cccc2ccccc12)N(c1ccccc1)c1ccccc1,4.784219133178269,ncgc;veith
ClC(Cl)(Cl)Br,3.793871892496945,tox21
ClC(Cl)(Cl)c1ccc(C(Cl)(Cl)Cl)cc1,4.0927996907197,tox21
ClC(Cl)(Cl)c1ccccc1,3.837822216542331,tox21
ClC(Cl)=C(c1ccc(Cl)cc1)c1ccc(Cl)cc1,4.408097126824535,tox21
ClC(Cl)=C(c1ccc(Cl)cc1)c1ccccc1Cl,4.338531273401033,tox21
ClC(c1ccccc1)(c1ccccc1)c1ccccc1,5.4385415900276115,tox21
ClC1=C(Cl)C(Cl)(Cl)C(Cl)=C1Cl,3.8385301209917824,tox21
ClC1=C(Cl)C2(Cl)C(CBr)CC1(Cl)C2(Cl)Cl,4.088530344873387,tox21
ClC1=C(Cl)C2(Cl)C3C(Cl)C(Cl)CC3C1(Cl)C2(Cl)Cl,4.23906251525528,tox21
ClC1=C(Cl)C2(Cl)C3C(Cl)C=CC3C1(Cl)C2(Cl)Cl,4.087469611681039,tox21
ClC1=C(Cl)[C@]2(Cl)[C@@H]3[C@@H](Cl)[C@H]4O[C@H]4[C@@H]3C1(Cl)C2(Cl)Cl,4.138530880775606,tox21
ClC1=C(Cl)[C@]2(Cl)[C@@H]3[C@@H]4C[C@@H]([C@H]5O[C@@H]45)[C@@H]3[C@@]1(Cl)C2(Cl)Cl,4.53853042990295,tox21
ClC1=C(Cl)[C@]2(Cl)[C@@H]3[C@H]4C[C@H]([C@@H]5O[C@H]45)[C@@H]3[C@@]1(Cl)C2(Cl)Cl,4.788529492223417,tox21
ClC1=C(Cl)[C@]2(Cl)[C@H]3[C@H]([C@@H]4C=C[C@H]3C4)[C@@]1(Cl)C2(Cl)Cl,4.020229345459254,tox21
ClC1=C(Cl)[C@]2(Cl)[C@H]3[C@H]([C@H]4C=C[C@H]3C4)[C@@]1(Cl)C2(Cl)Cl,4.138530880775606,tox21
ClC1C(Cl)C(Cl)C(Cl)C(Cl)C1Cl,4.129748244777063,tox21
ClSC(Cl)(Cl)Cl,4.137467866472546,tox21
Cl[Pt+2]Cl.[NH2-].[NH2-],4.517347102012865,tox21
Cl[Pt-2](Cl)(Cl)Cl.[NH4+].[NH4+],4.786411529173159,tox21
Cl[Pt](Cl)(Cl)Cl.O=C(O)c1ccncc1.O=C(O)c1ccncc1,5.184224419702565,ncgc;veith
Cl[Pt](Cl)(Cl)Cl.OCc1ccncc1.OCc1ccncc1,5.284220827875583,ncgc;veith
Cl[Pt]Cl.N.N,4.784219133178269,ncgc;veith
Cl[Si](Cl)(c1ccccc1)c1ccccc1,4.328356741234183,tox21
Cl[V]Cl.c1cc[cH-]c1.c1cc[cH-]c1,4.585703979920491,tox21
Clc1ccc(-c2ccc(Cl)c(Cl)c2Cl)c(Cl)c1Cl,4.409495114568806,tox21
Clc1ccc(-c2ccnc(Oc3cc(Cl)ccc3Cl)n2)cc1,6.381238666479966,veith
Clc1ccc(-c2csc(N3CCC(c4ccccc4)C3)n2)cc1,4.131237783223632,veith
Clc1ccc(-c2nc3ncccn3c2Nc2ccc3c(c2)OCCO3)cc1,4.631238141608918,veith
Clc1ccc(-c2nnc(-c3ccc(Br)cc3)c(N3CCSCC3)n2)cc1,4.28123853814577,veith
Clc1ccc(-c2nnc(-c3ccccc3)c(N3CCSCC3)n2)cc1,4.131237783223632,veith
Clc1ccc(-n2cc(-c3ccc4cnccc4c3)nn2)cc1,6.847747120003728,challenge
Clc1ccc(/C=N/Nc2nnc(-c3ncc[nH]3)c3ccccc23)cc1,4.581238740591187,veith
Clc1ccc(/C=N/c2c(-c3ccc(Cl)cc3)nc3n2CCS3)cc1,4.28123853814577,veith
Clc1ccc(C(Cn2ccnc2)OCc2c(Cl)cccc2Cl)c(Cl)c1,5.499691999250532,tox21
Clc1ccc(C(Cn2ccnc2)OCc2ccc(Sc3ccccc3)cc2)c(Cl)c1,5.199701551314086,tox21
Clc1ccc(C(Cn2ccnc2)OCc2ccsc2Cl)c(Cl)c1,6.449614069475785,tox21
Clc1ccc(C(c2ccc(Cl)cc2)C(Cl)(Cl)Cl)cc1,4.949691042568217,tox21
Clc1ccc(C(c2ccc(Cl)cc2)C(Cl)Cl)cc1,4.810011586451068,tox21
Clc1ccc(C(c2ccc(Cl)cc2)n2cc[n+](C[C@@H](OCc3ccc(Cl)cc3Cl)c3ccc(Cl)cc3Cl)c2)cc1,3.7842205065326477,ncgc;veith
Clc1ccc(C(c2ccccc2Cl)C(Cl)(Cl)Cl)cc1,4.453217607355846,tox21
Clc1ccc(C(c2ccccc2Cl)C(Cl)Cl)cc1,4.4941138275109775,tox21
Clc1ccc(C(c2nnnn2C2CCCC2)N2CCN(Cc3ccncc3)CC2)cc1,5.231237939860008,veith
Clc1ccc(C2(Cn3cncn3)CC(Br)CO2)c(Cl)c1,5.191020993008983,tox21
Clc1ccc(C2(Cn3cncn3)OCCO2)c(Cl)c1,4.488531697426887,tox21
Clc1ccc(CCC(Cn2ccnc2)Sc2c(Cl)cccc2Cl)cc1.O=[N+]([O-])O,6.649770923516218,tox21
Clc1ccc(CC[C@H](Cn2ccnc2)Sc2c(Cl)cccc2Cl)cc1,7.1840347639161255,ncgc;veith
Clc1ccc(CN(C2CC2)C2CNC2)cc1Cl,4.227504812503387,pharmabench
Clc1ccc(CN(C2CCCCC2)C2CNC2)cc1,4.49987530089501,pharmabench
Clc1ccc(CN2CCCN(Cc3ccc(Cl)cc3)C2c2cc3ccccc3c3ccccc23)cc1,5.087201252198795,ncgc
Clc1ccc(CO/N=C(\Cn2ccnc2)c2ccc(Cl)cc2Cl)c(Cl)c1,4.860973268082973,pharmabench
Clc1ccc(CO/N=C(\Cn2ccnc2)c2ccc(Cl)cc2Cl)c(Cl)c1.O=[N+]([O-])O,5.9497353832167725,tox21
Clc1ccc(COC(Cn2ccnc2)c2ccc(Cl)cc2Cl)c(Cl)c1,5.868514665316899,ncgc;pharmabench;veith
Clc1ccc(COC(Cn2ccnc2)c2ccc(Cl)cc2Cl)cc1.O=[N+]([O-])O,5.899697790475481,tox21
Clc1ccc(CO[C@@H](Cn2ccnc2)c2ccc(Cl)cc2Cl)cc1,6.084206632000299,ncgc;veith
Clc1ccc(COn2c(-c3ccccc3)nc3ccccc32)cc1,4.28123853814577,veith
Clc1ccc(CSC(Cn2ccnc2)c2ccc(Cl)cc2Cl)cc1,6.0370645271386545,pharmabench
Clc1ccc(CSC(Cn2ccnc2)c2ccc(Cl)cc2Cl)cc1.O=[N+]([O-])O,5.999681239193403,tox21
Clc1ccc(CSCCc2ccncc2)cc1Cl,6.384310640829133,ncgc;veith
Clc1ccc(CSCc2ccc(Cl)cc2Cl)c(Cl)c1,5.684224832111824,ncgc;veith
Clc1ccc(CS[C@@H](Cn2ccnc2)c2ccc(Cl)cc2Cl)cc1,6.983706081985101,ncgc;veith
Clc1ccc(CSc2nnc(-c3cccnc3)o2)cc1,4.28123853814577,veith
Clc1ccc(CSc2nnc(-c3sccc3-n3cccc3)o2)cc1,4.131237783223632,veith
Clc1ccc(Cl)c(Cl)c1,3.738530418642034,tox21
Clc1ccc(Cl)c(Nc2ccnc(SCc3ccccc3)n2)c1,4.487201289787428,ncgc
Clc1ccc(Cn2c(-c3cccnc3Cl)nc3ccccc32)c(Cl)c1,4.531238789289352,veith
Clc1ccc(Cn2c(CN3CCCC3)nc3ccccc32)cc1,3.8872025006290167,ncgc
Clc1ccc(Cn2cc(-c3ccncc3)cn2)c(Cl)c1,5.639124518466617,pharmabench
Clc1ccc(N2N=C(c3cccs3)CC2c2ccco2)cc1,4.181236955344418,veith
Clc1ccc(N=C(c2ccccc2)N2CCOCC2)cc1Cl,4.431238405874674,veith
Clc1ccc(Nc2nnc(Cc3ccncc3)c3ccccc23)cc1,5.999681239193403,tox21
Clc1ccc(OC(Cn2ccnc2)c2ccc(Cl)cc2Cl)c(Cl)c1,4.338094522802636,pharmabench
Clc1ccc(OCc2cnc(Cl)s2)cc1,4.081239412948973,veith
Clc1ccc(SCc2cc(-c3ccccc3)no2)cc1,4.631238141608918,veith
Clc1ccc(Sc2cc(N3CCOCC3)nc(-c3ccccc3)n2)cc1,4.28123853814577,veith
Clc1ccc(Sc2ccc(/C=N/n3cnnc3)o2)cc1,4.381238666479966,veith
Clc1ccc(Sc2ccccc2N2CCNCC2)c(Cl)c1,3.806615605760381,pharmabench
Clc1ccc(Sc2ccccc2N2CCNCC2)cc1,3.846732828968363,pharmabench
Clc1ccc([C@@H](c2ccccc2Cl)C(Cl)Cl)cc1,4.087203992408599,ncgc
Clc1ccc([C@H](Cn2ccnc2)OCc2c(Cl)cccc2Cl)c(Cl)c1,5.684224832111824,ncgc;veith
Clc1ccc([C@H](Cn2ccnc2)OCc2csc3c(Cl)cccc23)c(Cl)c1,5.78423973440602,ncgc;veith
Clc1ccc2[nH]cc(-c3nnnn3-c3ccccc3)c2c1,4.581238740591187,veith
Clc1ccc2c(c1)C(N1CCNCC1)=Nc1ccccc1O2,4.088530344873387,tox21
Clc1ccc2c(c1)C(c1cccs1)=NNC(c1cccnc1)=N2,4.231237939860009,veith
Clc1ccc2c(c1)C1=C(C(c3ccncc3)O2)C(c2ccc(Br)cc2)n2ncnc2N1,5.131237783223633,veith
Clc1ccc2c(c1)CCc1cccnc1C2=C1CCNCC1,4.222267241531908,challenge;tox21
Clc1ccc2c(c1)Nc1ccccc1S2,4.5996964603675305,tox21
Clc1ccc2cc3ccccc3cc2c1,3.8388845063965604,tox21
Clc1ccc2ncc(-c3nnnn3-c3ccccc3)c(-c3ccccc3)c2c1,4.731239014571102,veith
Clc1cccc(-c2cc(Cl)cc(Cl)c2)c1,4.053991610930763,tox21
Clc1cccc(Cl)c1NC1=NCCN1,4.3842204094659465,ncgc;veith
Clc1cccc(N(Cc2ccc3ccccc3c2)C2CNC2)c1,4.814348055991071,pharmabench
Clc1cccc(N2CCNCC2)c1,4.284220827875583,ncgc;veith
Clc1cccc(Nc2ncnc3ccc(Br)cc23)c1,4.131237783223632,veith
Clc1cccc(Nc2nnc(-c3ccccc3)c3ccccc23)c1,4.6842193775900025,ncgc;veith
Clc1cccc(Sc2ccccc2N2CCNCC2)c1Cl,3.7360345314746737,pharmabench
Clc1ccccc1-c1ccc2ncnc(NCc3cccnc3)c2c1,5.384228610767986,ncgc;veith
Clc1ccccc1-c1ccccc1Cl,4.032090379433789,tox21
Clc1ccccc1-c1cncnc1NCCc1cnc[nH]1,5.287203117605396,ncgc
Clc1ccccc1-c1cncnc1NCc1cccs1,5.387218555056005,ncgc
Clc1ccccc1-c1nc(-c2ccccc2)n[nH]1,3.8312389898347954,veith
Clc1ccccc1-c1nc(N/N=C/c2cccnc2)c2ccccc2n1,4.931238759019225,veith
Clc1ccccc1-c1nc(NCc2cccs2)c2ccccc2n1,5.387218555056005,ncgc
Clc1ccccc1-c1nc(Nc2ccncc2)c2ccccc2n1,5.087201252198795,ncgc
Clc1ccccc1/C=C\c1ccnc2ccccc12,4.884219346423415,ncgc;veith
Clc1ccccc1C(c1ccccc1)(c1ccccc1)n1ccnc1,5.5541884249530575,ncgc;tox21;veith
Clc1ccccc1CC(c1ccccc1)N1CCNCC1,3.976366686785043,pharmabench
Clc1ccccc1CN(CC1CNC1)c1ccccc1,5.781792022035348,pharmabench
Clc1ccccc1CN1CCc2sccc2C1,4.299695587281478,tox21
Clc1ccccc1CNCC1CCC(CNCc2ccccc2Cl)CC1,5.187211884060712,ncgc
Clc1ccccc1CSc1nnc(-c2ccncc2)o1,5.631238141608918,veith
Clc1ccccc1CSc1nnc(/C=C/c2ccccc2)o1,4.381238666479966,veith
Clc1ccccc1NN(Cc1ccncc1)c1ccccc1Cl,5.084220332573883,ncgc;veith
Clc1cnc(Oc2ccc(Oc3ncc(Cl)cc3Cl)cc2)c(Cl)c1,4.187201534804045,ncgc
Clc1cncc(N2CCNCC2)n1,4.984216978540185,ncgc;veith
Clc1nc(C(Cl)(Cl)Cl)c(Cl)c(Cl)c1Cl,4.138530880775606,tox21
Clc1nc(Cl)c(Cl)c(Cl)c1Cl,3.7860560898538163,tox21
Clc1nc(NCCc2ccccc2)c2ncn(-c3ccccc3)c2n1,4.387202152451927,ncgc
Clc1ncccc1-c1nc2ccccc2n1Cc1ccccc1,4.081239412948973,veith
Cn1c(-c2ccc(-c3ccncc3)cc2F)nc2ncccc21,6.492068782003727,challenge
Cn1c(-c2ccc(-c3cnccn3)cc2)nnc1C1(c2ccc(Cl)cc2)CCC1,4.224151170495799,pharmabench
Cn1c(-c2ccc(-c3cnccn3)cc2Cl)nnc1C1(c2ccc(Cl)cc2)CC(F)C1,3.923121174831818,pharmabench
Cn1c(-c2ccc(Br)cc2)cnc1NCc1cccnc1,4.081239412948973,veith
Cn1c(-c2ccc(CN3CCCCC3)o2)nc2ccccc21,4.981239042028786,veith
Cn1c(-c2ccnn2C(F)(F)F)nc2cc(S(N)(=O)=O)ccc21,3.6998937720037275,challenge
Cn1c(-c2nc(C3(c4ccc(F)cc4)CCC3)no2)cccc1=O,4.867600475003727,challenge
Cn1c(-c2sc(=S)n(-c3ccccc3)c2N)nc2ccccc21,4.88123792116939,veith
Cn1c(-c2sccc2OCc2ccccc2)n[nH]c1=S,4.231237939860009,veith
Cn1c(/C(C#N)=C(\O)c2ccc(S(=O)(=O)N3CCCCC3)cc2)nc2ccccc21,5.7812382168028345,veith
Cn1c(/C=N/NC(=O)c2ccccc2Br)nc2ccccc21,4.981239042028786,veith
Cn1c(=N)c(S(=O)(=O)c2ccc(F)cc2)cc2c(=O)n3ccccc3nc21,4.031238394064476,veith
Cn1c(=O)[nH]c(=O)c2[nH]c(CCC(=O)NC3c4ccccc4CC3O)nc21,2.842445043003728,challenge
Cn1c(=O)[nH]c(=O)c2c1nc(CN(Cc1ccccc1)Cc1ccccc1)n2CCN1CCOCC1,4.081239412948973,veith
Cn1c(=O)[nH]c(=O)c2c1nc(NCCCO)n2CCCc1ccccc1,4.181236955344418,veith
Cn1c(=O)c(-c2cc(F)cc(F)c2)nc2cnc(N3CCNCC3)nc21,3.8872025006290167,ncgc
Cn1c(=O)c(-c2cc(F)cc(F)c2)nc2cnc(Oc3cccc(Cl)c3)nc21,6.0871738510516264,ncgc
Cn1c(=O)c(-c2cc(F)cc(F)c2)nc2cnc(Oc3ccccc3)nc21,3.987203621488413,ncgc
Cn1c(=O)c(-c2ccc(Cl)cc2)nc2cnc(N3CCNCC3)nc21,3.6872033036619767,ncgc
Cn1c(=O)c(-c2ccc(Cl)cc2)nc2cnc(N3CCOCC3)nc21,5.187211884060712,ncgc
Cn1c(=O)c(-c2cccc(Cl)c2)nc2cncnc21,3.6872033036619767,ncgc
Cn1c(=O)c(-c2ccccc2)nc2cnc(N3CCNCC3)nc21,4.087203992408599,ncgc
Cn1c(=O)c(-c2ccccc2)nc2cnc(N3CCOCC3)nc21,3.6872033036619767,ncgc
Cn1c(=O)c(-c2ccccc2)nc2cnc(OCc3ccccc3)nc21,3.9842213317585995,ncgc;veith
Cn1c(=O)c(-c2ccccc2)nc2cnc(Oc3ccccc3)nc21,4.184219245074232,ncgc;veith
Cn1c(=O)c(-c2cccs2)nc2cnc(N3CCNCC3)nc21,3.6872033036619767,ncgc
Cn1c(=O)c(-c2cccs2)nc2cnc(Oc3ccccc3)nc21,3.9842213317585995,ncgc;veith
Cn1c(=O)c(-c2cccs2)nc2cncnc21,3.6872033036619767,ncgc
Cn1c(=O)c(CCc2ccccc2)nc2cnc(N3CCNCC3)nc21,3.8872025006290167,ncgc
Cn1c(=O)c(CCc2ccccc2)nc2cnc(Nc3ccccc3)nc21,4.287203117605396,ncgc
Cn1c(=O)c(CCc2ccccc2)nc2cnc(OCc3ccccc3)nc21,4.3842204094659465,ncgc;veith
Cn1c(=O)c(CCc2ccccc2)nc2cnc(Oc3ccccc3)nc21,4.184219245074232,ncgc;veith
Cn1c(=O)c(CCc2ccccc2)nc2cncnc21,3.787202796262461,ncgc
Cn1c(=O)c2[nH]c(SCCN3CCOCC3)nc2n(C)c1=S,4.487201289787428,ncgc
Cn1c(=O)c2[nH]c(SCc3ccccn3)nc2n(C)c1=S,4.784219133178269,ncgc;veith
Cn1c(=O)c2c(-c3cccc(F)c3)c3c(nc2n(C)c1=O)-c1ccccc1C3O,4.831238989834795,veith
Cn1c(=O)c2c(n(Cc3ccccc3)c1=O)NC(=O)C2CC(=O)NCc1cccc(Cl)c1,4.181236955344418,veith
Cn1c(=O)c2c(nc(Cl)n2Cc2ccc(Cl)c(Cl)c2)n(C)c1=O,4.4812387752551235,veith
Cn1c(=O)c2c(nc(N3CCN(c4ccccn4)CC3)n2Cc2ccccc2Cl)n(C)c1=O,4.731239014571102,veith
Cn1c(=O)c2c(nc(NCC3CCCO3)n2Cc2cccc(Br)c2)n(C)c1=O,4.181236955344418,veith
Cn1c(=O)c2c(ncn2CC(COCc2ccccc2Cl)OCc2ccccc2Cl)n(C)c1=O,4.081239412948973,veith
Cn1c(=O)c2cc(O)ccc2c2ccc(CCC(=O)Nc3ccccc3C(=O)O)cc21,4.665996664866918,pharmabench
Cn1c(=O)cc(OCC(=O)NCc2cccnc2)c2ccccc21,4.131237783223632,veith
Cn1c(=O)cc(OCCCC(=O)N2CCN(c3ccccc3)CC2)c2ccccc21,4.88123792116939,veith
Cn1c(=O)cnc2cnc(Nc3ccccc3)nc21,3.8872025006290167,ncgc
Cn1c(=O)n(-c2ccc(Cl)cc2)c(=O)c2c3c(sc21)COC(C)(C)C3,4.28123853814577,veith
Cn1c(=O)n(-c2cccc(Cl)c2)c(=O)c2c3c(sc21)COC(C)(C)C3,4.081239412948973,veith
Cn1c(=O)n(C)c2cc(/C=C(/C#N)c3ccc(Cl)cc3)ccc21,4.981239042028786,veith
Cn1c(=O)n(C)c2cc(/C=N/n3cnnc3)ccc21,4.931238759019225,veith
Cn1c(=O)oc2c(C(=O)N[C@H]3c4ccccc4CC[C@H]3O)cccc21,4.201528598003728,challenge
Cn1c(=O)oc2cc(NS(=O)(=O)c3ccc(Cl)c(F)c3)ccc21,6.1811743900037275,challenge
Cn1c(=O)oc2cc(S(=O)(=O)Nc3cnc(C(C)(C)C)nc3)ccc21,3.9928414450037275,challenge
Cn1c(=S)c2[nH]c(SCCCc3ccccc3)nc2n(C)c1=O,4.787200049553703,ncgc
Cn1c(=S)c2[nH]c(SCCN3CCCC3)nc2n(C)c1=O,4.787200049553703,ncgc
Cn1c(=S)c2[nH]c(SCc3cccnc3)nc2n(C)c1=O,4.487201289787428,ncgc
Cn1c(C(=O)N2CCCC(S(C)(=O)=O)C2)c(Cl)c2ccccc21,4.702829963003728,challenge
Cn1c(C(=O)N2COCC2(C)C)cc2c(=O)n3ccccc3nc21,4.581238740591187,veith
Cn1c(C(=O)NC2(c3nnc[nH]3)CCC2)cc2cc(C(F)(F)F)ccc21,5.108237555003727,challenge
Cn1c(C(=O)Nc2ccccc2)cc2sccc21,3.981239042028786,veith
Cn1c(C(=O)O)c(CC(=O)NCC2COc3ccccc3O2)c2ccccc21,4.231237939860009,veith
Cn1c(C(=O)O)c(CC(=O)NCc2cccnc2)c2ccccc21,4.731239014571102,veith
Cn1c(CC(=O)Nc2ccc(Cl)c(Cl)c2)nnc1SCC(=O)N1CCN(c2ccccc2)CC1,4.531238789289352,veith
Cn1c(CNC(=O)Nc2ccccc2)nnc1SCc1ccccc1,4.331238507999185,veith
Cn1c(CNc2ccc(C(=N)N)cc2)nc2cc(C(=O)N(CCC(=O)O)c3ccccn3)ccc21,2.1932255720037275,challenge
Cn1c(COc2nnc(-c3ccc(Cl)cc3)c3ccccc23)nc2ccccc21,4.68123872420235,veith
Cn1c(OCc2ccc3c(c2)OCO3)nc2c1c(=O)n(Cc1ccc(Cl)c(Cl)c1)c(=O)n2C,4.88123792116939,veith
Cn1c(SCC(=O)NC2CC2)nnc1-c1cccc(NC(=O)c2ccccc2F)c1,4.031238394064476,veith
Cn1c(SCC(=O)NCc2ccc3c(c2)OCO3)nnc1-c1cc2ccccc2cc1O,5.031238394064476,veith
Cn1c(SCC(=O)NCc2cccc(C#N)c2)nnc1-c1ccccc1Cl,4.266663793003728,challenge
Cn1c(SCC(=O)c2ccc3c(c2)Cc2ccccc2-3)nnc1-c1ccccc1,4.331238507999185,veith
Cn1c(Sc2ccc(-c3cccnc3)n2C)ccc1-c1cccnc1,4.687200030977656,ncgc
Cn1c2c(c(=O)n(C)c1=O)C(C(F)(F)F)(C(F)(F)F)N=C(c1ccc(Cl)cc1)N2,4.981239042028786,veith
Cn1c2c(c(=O)n(C)c1=O)[C@@H]1c3c(ccc4ccccc34)OC[C@@H]1CO2,4.181236955344418,veith
Cn1cc(-c2ccc(-c3ccc(C4=NC5(CC5)C(=O)N4C[C@@H]4CCN(C(=O)C5CC5)C4)cc3)cc2)cn1,4.440467431512194,pharmabench
Cn1cc(-c2ccc(C(=O)N3CCCC(n4ccnn4)CC3)o2)cn1,4.137389417003727,challenge
Cn1cc(-c2ccccc2)c(=O)c(-c2cccc(C(F)(F)F)c2)c1,4.118718908522187,tox21
Cn1cc(-c2cnc3ccc4ccc(CS(=O)(=O)NCc5ccccn5)cc4c(=O)c3c2)cn1,4.1698917759600045,pharmabench
Cn1cc(-c2nc3cnc(N4CCNCC4)nc3n(C)c2=O)c2ccccc21,4.3842204094659465,ncgc;veith
Cn1cc(-c2nc3cnc(N4CCNCC4)nc3n(C3CC3)c2=O)c2ccccc21,4.6842193775900025,ncgc;veith
Cn1cc(-c2nc3cnc(N4CCNCC4)nc3n(CCC#N)c2=O)c2ccccc21,3.9842213317585995,ncgc;veith
Cn1cc(-c2nc3cnc(N4CCNCC4)nc3n(CCc3ccccc3)c2=O)c2ccccc21,4.284220827875583,ncgc;veith
Cn1cc(-c2nc3cnc(N4CCNCC4)nc3n(Cc3ccc(F)cc3)c2=O)c2ccccc21,4.284220827875583,ncgc;veith
Cn1cc(-c2nc3cnc(Oc4cccc(Cl)c4)nc3n(CCC#N)c2=O)c2ccccc21,4.88720077167744,ncgc
Cn1cc(-c2nc3cncnc3n(CCN)c2=O)c2ccccc21,4.087203992408599,ncgc
Cn1cc(/C=C2/SC(=O)N(CC(=O)Nc3ccc4c(c3)OCO4)C2=O)c2ccccc21,4.431238405874674,veith
Cn1cc(/C=N/n2cnc3scc(-c4ccccc4)c3c2=O)c2ccccc21,4.581238740591187,veith
Cn1cc(C(=O)C(=O)N[C@H]2CN3CCC2CC3)c2ccccc21,4.187201534804045,ncgc
Cn1cc(C(=O)N2CCC(C(=O)Nc3ccc4c(c3)OCO4)CC2)c(-c2coc3ccccc23)n1,5.173976338003728,challenge
Cn1cc(C(=O)N2CCCC(c3nc(-c4ccc(F)cc4)no3)C2)c(=O)[nH]c1=O,3.7211671120037275,challenge
Cn1cc(C(=O)NC(CO)c2ccccc2C(F)(F)F)n(C)c1=O,3.5668850880037275,challenge
Cn1cc(C(=O)NCC2CCN(c3ccncc3)CC2)c2ccccc21,4.687822172003727,challenge
Cn1cc(C(=O)NCCc2ccn(-c3ccc(F)cc3)n2)c(C(F)F)n1,4.508417090003728,challenge
Cn1cc(C(=O)N[C@H]2c3ccccc3CC[C@H]2O)c2cc(F)ccc21,5.208209313003728,challenge
Cn1cc(C(=O)Nc2ccc(-c3nnc[nH]3)cc2)c(C2CC2)n1,4.011552745003728,challenge
Cn1cc(C(=O)OCC2CCN(CCNS(C)(=O)=O)CC2)c2ccccc21,4.287203117605396,ncgc
Cn1cc(C(=O)c2ccc(Cl)cc2)cc1-c1nc2ccccc2n1C,4.68123872420235,veith
Cn1cc(C(NC(=O)c2cccc3c2OCC3)C(C)(C)C)cn1,4.609218515003728,challenge
Cn1cc(C2=C(c3ccc(Cl)cc3Cl)C(=O)NC2=O)c2ccccc21,4.037202956933929,ncgc
Cn1cc(C2=C(c3cn(C4CCN(Cc5ccccn5)CC4)c4ccccc34)C(=O)NC2=O)c2ccccc21,5.199701551314086,tox21
Cn1cc(C2CCCN(C(=O)c3cc(-c4ccccc4)ccn3)C2)cn1,4.975323580003728,challenge
Cn1cc(C2CCN(C(=O)c3[nH]c4ccccc4c3Cl)CC2)cn1,4.881934692003727,challenge
Cn1cc(C2CCN(C(=O)c3cn[nH]c3Cc3ccccc3)CC2)cn1,3.963667168003728,challenge
Cn1cc(CC2CCN(C(=O)NC3CCCOc4c(F)cccc43)C2)cn1,4.280384260003728,challenge
Cn1cc(CCC(=O)N2CC(O)(c3ccc(F)cc3)C2)c2ccccc21,5.190890963003728,challenge
Cn1cc(CN2CCCN(C(=O)Cc3c[nH]c4ccc(Cl)cc34)CC2)cn1,5.099208407003728,challenge
Cn1cc(Cn2cc(-c3cccc4c3CCCC4)nn2)cn1,4.525479700003728,challenge
Cn1cc(NC(=O)Cc2ccc(C3CCC3)cc2)c(-c2ccccn2)n1,5.033761800003727,challenge
Cn1cc(NC(=O)c2ccc(C(=O)O)nc2)c(-c2ccccn2)n1,3.887100278003728,challenge
Cn1cc(NS(=O)(=O)c2ccc3c(c2)CCC3)c(C2CCCCC2)n1,4.8243295070037275,challenge
Cn1cc([N+](=O)[O-])c(C(=O)Nc2cc(Oc3cccnc3)cc([N+](=O)[O-])c2)n1,4.531238789289352,veith
Cn1cc[nH]c1=S,3.9885299994982155,tox21
Cn1ccc(-c2cc(C(=O)N3CCC(c4ccsc4)CC3)no2)n1,5.118007265003728,challenge
Cn1ccc(C(=O)N2CCC(C(=O)Nc3ccc(Cl)cn3)CC2)c1,4.048093640003728,challenge
Cn1ccc(NC(=O)NCc2ccc(-n3ccnc3)c(F)c2)n1,6.211665645003728,challenge
Cn1ccc2c(Nc3cccc(Cl)c3)ncc(C(=O)N3CCOCC3)c21,3.7148452324047354,pharmabench
Cn1cccc1-c1csc(NC(=O)CCc2nc3sc4c(c3c(=O)[nH]2)CCC4)n1,5.675886978003728,challenge
Cn1cccc1C(=O)N1CCC2(CC1)CCN(c1ccccn1)CC2,3.787202796262461,ncgc
Cn1cccc1C(=O)N1CCC2(CC1)CN(C(c1ccccc1)c1ccccc1)C2,3.6872033036619767,ncgc
Cn1cccc1C(=O)N1CCC2(CC1)CN(Cc1cc(C(F)(F)F)cc(C(F)(F)F)c1)C2,4.084221702678786,ncgc;veith
Cn1cccc1C(=O)N1CCC2(CC1)CN(c1cccc(-c3ccccc3)c1)C2,4.187201534804045,ncgc
Cn1cccc1C(=O)N1CCC2(CC1)CN(c1ccncc1)C2,4.584219730527165,ncgc;veith
Cn1cccc1C(=O)N1CCC2(CCCN(C(=O)Nc3cccc(C#N)c3)C2)CC1,3.8872025006290167,ncgc
Cn1cccc1C(=O)N1CCC2(CCCN(C(c3ccccc3)c3ccccc3)C2)CC1,4.184219245074232,ncgc;veith
Cn1cccc1C(=O)N1CCC2(CCCN(Cc3ccncc3)C2)CC1,5.084220332573883,ncgc;veith
Cn1cccc1C(=O)N1CCC2(CCCN(c3ccc(-c4ccccc4)cc3)C2)CC1,4.084221702678786,ncgc;veith
Cn1cccc1C(=O)N1CCC2(CCCN(c3cccc(-c4ccccc4)c3)C2)CC1,4.6842193775900025,ncgc;veith
Cn1cccc1C(=O)N1CCC2(CCCN(c3ccccc3)C2)CC1,4.084221702678786,ncgc;veith
Cn1cccc1C(=O)N1CCC2(CCCN(c3ccccn3)C2)CC1,3.8872025006290167,ncgc
Cn1cccc1C(=O)N1CCC2(CCCN(c3ccncc3)C2)CC1,3.8872025006290167,ncgc
Cn1cccc1C(=O)N1CCC2(CCCN(c3ncccn3)C2)CC1,3.787202796262461,ncgc
Cn1cccc1C(=O)N1CCC2(CCN(Cc3ccncc3)CC2)CC1,4.284220827875583,ncgc;veith
Cn1cccc1C(=O)N1CCC[C@@]2(CCN(C(c3ccccc3)c3ccccc3)C2)C1,3.6872033036619767,ncgc
Cn1cccc1C(=O)N1CCC[C@@]2(CCN(Cc3cc(C(F)(F)F)cc(C(F)(F)F)c3)C2)C1,3.6872033036619767,ncgc
Cn1cccc1C(=O)N1CCC[C@@]2(CCN(Cc3nccs3)C2)C1,3.787202796262461,ncgc
Cn1cccc1C1CCCCN1C(=O)c1cc(-c2ccccc2)no1,5.2144289020037276,challenge
Cn1cccc1CNC(=O)Nc1ccc(Cl)c(Cl)c1,4.7812382168028345,veith
Cn1ccnc(N2CCN(S(=O)(=O)c3ccccc3)CC2)c1=O,5.363691945003728,challenge
Cn1ccnc1C(=O)N1CCC(c2ccc(C(=O)NC(=N)N)cc2C(F)(F)F)CC1,4.082822017699329,pharmabench
Cn1ccnc1CC1CCCN(C(=O)Nc2ccc(-n3nccn3)nc2)C1,3.6444475050037277,challenge
Cn1ccnc1CN1CCN(c2ccc3cc(Cl)cnc3n2)CC1,3.7528902420037276,challenge
Cn1ccnc1SCC(=O)Nc1sccc1C#N,4.331238507999185,veith
Cn1ccnc1Sc1ccc(/C=N/NC(=O)c2ccccc2[N+](=O)[O-])cc1[N+](=O)[O-],4.88123792116939,veith
Cn1cnc(-c2cccc(NC(=O)c3cccc(OCC(F)F)n3)c2)n1,4.599812188003727,challenge
Cn1cnc(-c2cccnc2)c1,3.4377273941461657,pharmabench
Cn1cnc(CCN)c1,3.6872033036619767,ncgc
Cn1cnc2c(F)c(Nc3ccc(Br)cc3Cl)c(C(=O)NOCCO)cc21,4.449695384640936,tox21
Cn1cnc2c(NC(Cc3ccccc3)c3cccs3)ncnc21,5.034103390003728,challenge
Cn1cnc2c1c(=O)n(CC(=O)NCc1ccnc(-n3ccnc3)c1)c(=O)n2C,4.641022253003728,challenge
Cn1cncc1C(=O)N1CCC(c2ccc(C(=O)NC(=N)N)cc2C(F)(F)F)CC1,3.9401545141305987,pharmabench
Cn1cnnc1C1CCN(C(=O)C2COc3ccc(Cl)cc3C2)C1,3.2095723250037276,challenge
Cn1cnnc1SCC(=O)N1N=C2/C(=C/c3ccco3)CCCC2C1c1ccco1,4.28123853814577,veith
Cn1nc(-c2ccc(N3CCOCC3)c(NS(=O)(=O)c3ccc(Cl)cc3)c2)c2ccccc2c1=O,5.28123853814577,veith
Cn1nc(-c2ccccc2)c(C(=O)Nc2ccc(Cl)cc2)c1Cl,6.131237783223632,veith
Cn1nc(-c2cnc3[nH]cc(C(=O)N[C@]4(C)C[C@H](N)C4)c3n2)c2ccc(F)cc21,4.736034531474673,pharmabench
Cn1nc(-c2nc(-c3ccc(C(F)(F)F)[nH]c3=O)no2)c2c1CCSC2,4.925412705003728,challenge
Cn1nc(C(=O)NC2CCCCC2)c2ccccc2c1=O,4.381238666479966,veith
Cn1nc(C(=O)N[C@@H]2C[C@H]2c2cccc(F)c2)cc1C1CC1,4.738844998003728,challenge
Cn1nc(C(F)(F)F)c(/C=N/OC(=O)c2ccccc2Cl)c1SCc1ccc(Cl)cc1,4.68123872420235,veith
Cn1nc(C(F)(F)F)c(/C=N/OCc2c(Cl)cccc2Cl)c1Cl,5.081239412948973,veith
Cn1nc(C(F)(F)F)c(C(=O)Nc2ccc(F)cc2F)c1Sc1ccc(C(F)(F)F)cc1,4.631238141608918,veith
Cn1nc(C(F)(F)F)c(C(=O)Nc2ccc(F)cc2F)c1Sc1cccc(C(F)(F)F)c1,5.081239412948973,veith
Cn1nc(C(F)(F)F)c(C(=O)Nc2cccc(Cl)c2)c1Cl,5.131237783223633,veith
Cn1nc(C2CC2)cc1C(=O)N1CCC(O)(c2nc(C3CC3)no2)C1,4.669884363003728,challenge
Cn1nc(C2CCCCC2)cc1NC(=O)c1cccnc1O,4.331194920003727,challenge
Cn1nc(C2CCCCC2)cc1NS(=O)(=O)CCc1ccccc1,4.699023575003728,challenge
Cn1nc(CC(=O)NCc2ccnc(-n3ccnc3)c2)c2ccccc2c1=O,4.486457515003727,challenge
Cn1nc(CNC(=O)[C@H]2COCC[C@H]2c2ccccc2)cc1C1CC1,2.9975577500037276,challenge
Cn1nc(NC(=O)CNC(=O)c2ccc(Br)cc2)cc1C1CC1,4.422366165003727,challenge
Cn1nc2c(-c3ccc(Cl)cc3)c(-c3ccncc3)c(=O)n(Cc3ccc(C(F)(F)F)nc3)n2c1=O,5.059340921849807,pharmabench
Cn1nc2ccccc2c1-c1noc(-c2cccc(=O)n2C)n1,4.453017443003728,challenge
Cn1ncc(C(=O)NCC2CCC3(CC(C(=O)OC(C)(C)C)C3)O2)c1Cc1ccccc1,4.973133423003728,challenge
Cn1ncc([N+](=O)[O-])c1C(=O)Nc1ccc2c(c1)OCCO2,4.231237939860009,veith
Cn1ncc2c(Nc3cccc(Cl)c3)nc(Nc3cccc(Cl)c3)nc21,4.387202152451927,ncgc
Cn1ncc2c1CC(C)(C)CN(C(=O)NCc1ccc(Br)s1)C2,4.670985508003728,challenge
Cn1ncc2c1CCCN(C(=O)c1cnc3c(cnn3Cc3ccccc3)c1)C2,4.3587221350037275,challenge
Cn1nccc1-c1cc(Cl)ccc1Oc1cc(F)c(S(=O)(=O)Nc2ncns2)cc1F,6.747029915776136,pharmabench
Cn1nccc1-c1cc(Cl)ccc1Oc1cc(F)c(S(=O)(=O)Nc2nncs2)cc1Cl,6.338094522802636,pharmabench
Cn1nccc1-c1cc(Cl)ccc1Oc1ccc(S(=O)(=O)Nc2ncns2)cc1C#N,5.624603979708693,pharmabench
Cn1nccc1-c1cn(CC(=O)Nc2ccc3c(c2)CCC3)nn1,4.7476289450037275,challenge
Cn1nccc1C(=O)NCCCc1nc2c(s1)CCCC2,4.158479070003728,challenge
Cn1nccc1C1CCCN(C(=O)c2cnn(C3CC3)c2)C1,2.172735368003728,challenge
Cn1nccc1C1CCN(C(=O)c2c[nH]c3cc(F)ccc23)CC1,5.187326452003727,challenge
Cn1nccc1CNC(=O)C1CCCN1C(=O)Cc1ccc2ccccc2c1,3.8895603530037275,challenge
Cn1nnc2cc(C(=O)N3CCCC(n4ccc(C(F)(F)F)n4)C3)ccc21,3.9376670970037275,challenge
Cn1nnc2ccc(C(=O)NS(=O)(=O)c3cccc(Cl)c3)cc21,5.598367158003728,challenge
Cn1nnc2ccc(C(=O)Nc3cc(CC4CCCCC4)n[nH]3)cc21,4.742093865003728,challenge
Cn1nncc1C(=O)Nc1ccc(-c2nc3cc(F)c(F)cc3[nH]2)cc1,4.393078617003727,challenge
Cn1nncc1S(=O)(=O)NCC1CCCc2ccccc21,5.081791727003727,challenge
Cn1nnn(CC(=O)NCc2ccccc2C(F)(F)F)c1=O,3.319901993003728,challenge
Cn1nnnc1-c1cccc(NC(=O)C2CC(c3ccccc3)=NO2)c1,4.530382988003728,challenge
Cn1nnnc1SCC1=C(C(=O)[O-])N2C(=O)[C@@H](NC(=O)[C@H](OC=O)c3ccccc3)[C@H]2SC1,3.6730033370037276,challenge
Cn1sc(Cl)cc1=O,3.7885301040785704,tox21
Cn1sc(NC(=O)c2ccccc2)nc1=O,4.131237783223632,veith
Cn1sccc1=O,4.088530344873387,tox21
FC(F)(F)/C(=N\OCC1OCCO1)c1ccc(Cl)cc1,4.238530429764998,tox21
FC(F)(F)Oc1cccc(Nc2nnc3n2CCOc2ccc(-c4ccncc4)cc2-3)c1,5.367747646572543,pharmabench
FC(F)(F)c1c(N2CCC(c3ccccc3)CC2)ccn2c(CC3CC3)nnc12,4.29670183764441,pharmabench
FC(F)(F)c1cc(-c2ccco2)nc(NCCc2ccccc2)n1,5.131237783223633,veith
FC(F)(F)c1cc(-c2ccco2)nc(NCc2cccs2)n1,4.731239014571102,veith
FC(F)(F)c1cc(CN2CC[C@@]3(CCCNC3)C2)cc(C(F)(F)F)c1,3.787202796262461,ncgc
FC(F)(F)c1cc(CO[C@H]2CCCN[C@H]2c2ccccc2)cc(C(F)(F)F)c1,7.084892721799973,ncgc;veith
FC(F)(F)c1cc(NC(=S)N2c3ccccc3-n3cccc3[C@H]2c2cccnc2)cc(C(F)(F)F)c1,5.587192055283284,ncgc
FC(F)(F)c1ccc(CCn2nnnc2N2CCOCC2)cc1,4.204126193003727,challenge
FC(F)(F)c1ccc(N2CCN(c3cc(-c4ccccc4)nc4ncnn34)CC2)nc1,4.931238759019225,veith
FC(F)(F)c1ccc(N2CCOCC2)c(Nc2nc3ccccc3n3cnnc23)c1,4.081239412948973,veith
FC(F)(F)c1cccc(-c2nc3nc(Cl)c(Cl)nc3[nH]2)c1,4.6842193775900025,ncgc;veith
FC(F)(F)c1cccc(NC[C@H]2CC[C@@H](c3ncn[nH]3)O2)n1,4.330760547003727,challenge
FC(F)(F)c1cccc(Oc2nc(-c3ccccc3)nnc2C(F)(F)F)c1,4.381238666479966,veith
FC(F)(F)c1ccccc1-c1ccc2[nH]c(/C=C/C3CCCCC3)nc2c1,4.79402647845236,pharmabench
FC(F)(F)c1ccccc1-c1ccc2ncnc(NC3CCNCC3)c2c1,6.187177387497534,ncgc
FC(F)(F)c1ccccc1-c1ccc2ncnc(NCc3cccnc3)c2c1,5.287203117605396,ncgc
FC(F)(F)c1ccccc1-c1ccc2ncnc(NCc3cccs3)c2c1,5.287203117605396,ncgc
FC(F)(F)c1ccccc1-c1cncnc1NCCc1cnc[nH]1,5.78423973440602,ncgc;veith
FC(F)(F)c1ccccc1-c1nc(Nc2ccncc2)c2ccccc2n1,5.384228610767986,ncgc;veith
FC(F)(F)c1ccccc1-c1nccc(N2CCNCC2)n1,5.187211884060712,ncgc
FC(F)(F)c1ccccc1-c1nccc(NCCN2CCOCC2)n1,5.587192055283284,ncgc
FC(F)(F)c1ccccc1-c1nccc(NCc2ccccc2)n1,5.287203117605396,ncgc
FC(F)(F)c1ccccc1-n1ccnc1,4.3934505945461275,ncgc;tox21
FC(F)(F)c1nc(-c2ccncc2)ncc1-c1nnnn1-c1ccccc1,4.831238989834795,veith
FC(F)(F)c1nc(N2CCCC2)ncc1-c1nnnn1-c1ccccc1,4.4812387752551235,veith
FC(F)(F)c1nc2ccc(SSc3ccc4nc(C(F)(F)F)[nH]c4c3)cc2[nH]1,4.387202152451927,ncgc
FC(F)(F)c1nc2nc(Cl)c(Cl)nc2n1CCCN1CCOCC1,4.884219346423415,ncgc;veith
FC(F)(F)c1ncccc1-c1nc(-c2ccccn2)no1,4.493756185003727,challenge
FC(F)(F)c1nnc(-c2ccccc2)nc1Sc1ccccc1,4.431238405874674,veith
FC(F)(F)c1nnc2c(Sc3ccccc3)nc3ccc(Cl)cc3n12,4.331238507999185,veith
FC(F)C(F)(F)OCC(Cn1cncn1)c1ccc(Cl)cc1Cl,5.391005744186655,tox21
FC(F)Oc1ccc2[nH]c(SCc3ccccn3)nc2c1,3.9897896597544755,pharmabench
FC(F)Sc1ccc(N=C2NN=C(c3ccc4c(c3)OCCO4)CS2)cc1,3.931238759019225,veith
F[B-](F)(F)F.OCC[NH+]=c1cc(-c2ccccc2)oc2ccc(Cl)cc12,4.981239042028786,veith
Fc1cc(Br)ccc1NC(=S)NCCc1ccccc1,4.28123853814577,veith
Fc1cc(OC(F)(F)C(F)F)cc([C@@](Cc2ccccc2)(Nc2nc(C(F)(F)F)cs2)c2ccc(Cl)cn2)c1,3.7360345314746737,pharmabench
Fc1cc(OC(F)(F)C(F)F)cc([C@@](Cc2ccccc2)(Nc2nc3cc(F)cc(F)c3[nH]2)c2ccc(Cl)cn2)c1,4.162003263746954,pharmabench
Fc1cc(OC(F)(F)C(F)F)cc([C@@](Cc2ccccc2)(Nc2nc3ccccc3[nH]2)c2ccc(Cl)cn2)c1,4.059340921849807,pharmabench
Fc1cc2nc(-c3ccncc3)[nH]c2cc1F,4.381238666479966,veith
Fc1ccc(-c2[nH]ncc2-c2nnnn2-c2ccccc2)c(F)c1,4.381238666479966,veith
Fc1ccc(-c2cn3cc(C(F)(F)F)cc(Cl)c3n2)cc1,4.631238141608918,veith
Fc1ccc(-c2cnc(-c3cccs3)o2)cc1,4.181236955344418,veith
Fc1ccc(-c2csc(N3CCC(c4ccccc4)C3)n2)cc1,4.031238394064476,veith
Fc1ccc(C(OCCCc2cnc[nH]2)c2ccc(F)cc2)cc1,6.784377125894913,ncgc;veith
Fc1ccc(C(OCCN2CCN(C/C=C\c3ccccc3)CC2)c2ccc(F)cc2)cc1,4.3842204094659465,ncgc;veith
Fc1ccc(C(OCCN2CCN(CCCc3ccccc3)CC2)c2ccc(F)cc2)cc1,3.9342211254521113,ncgc;veith
Fc1ccc(C(c2ccc(F)cc2)N2CCN(C/C=C/c3ccccc3)CC2)cc1,4.449695384640936,tox21
Fc1ccc(C(c2ccc(F)cc2)N2CCN(C/C=C\c3ccccc3)CC2)cc1,3.987203621488413,ncgc
Fc1ccc(C2(Cn3cncn3)OC2c2ccccc2Cl)cc1,4.8885327127793925,tox21
Fc1ccc(C2=Nn3c(Cc4ccccc4F)nnc3SC2)cc1,4.981239042028786,veith
Fc1ccc(C2CC(c3ccco3)=NN2c2ccccc2)cc1,5.131237783223633,veith
Fc1ccc(CN(C2=NCCN2)c2c(Cl)cccc2Cl)cc1,3.6872033036619767,ncgc
Fc1ccc(CSc2ncnc3sc4c(c23)CCCC4)cc1,4.231237939860009,veith
Fc1ccc(CSc2nnc(-c3cc4c(s3)-c3ccccc3CC4)o2)cc1,4.7812382168028345,veith
Fc1ccc(Cn2c(SCc3ccc(F)c(C(F)(F)F)c3)nnc2C(F)(F)F)cc1,4.431238405874674,veith
Fc1ccc(Cn2c(SCc3ccc(F)c(F)c3)nnc2C(F)(F)F)cc1,4.081239412948973,veith
Fc1ccc(NC(=S)NCCc2ccccc2)c(F)c1F,4.581238740591187,veith
Fc1ccc(SCCc2cc[nH+]cc2)cc1.[Cl-],4.981239042028786,veith
Fc1ccc([C@H]2CCNC[C@H]2COc2ccc3c(c2)OCO3)cc1,4.9871949150515835,ncgc
Fc1ccc2c(C3CCN(c4cnc5c(n4)CCCC5)CC3)noc2c1,5.526946955003727,challenge
Fc1ccc2c(c1)C(c1ccncc1)=NNC(c1ccc(Cl)cc1)=N2,5.831238989834795,veith
Fc1ccc2c(c1)C1C=CCC1C(c1cc3c(cc1Br)OCO3)N2,5.031238394064476,veith
Fc1ccc2nc(Nc3nc4c(s3)CCCC4)sc2c1,4.131237783223632,veith
Fc1ccc2nc3[nH]c4ccccc4c3nc2c1,4.28123853814577,veith
Fc1cccc(Cl)c1/C=N\N=C1c2ccccc2-c2ccccc21,4.787200049553703,ncgc
Fc1ccccc1-c1ccnc(N2CCN(CCc3cnccn3)CC2)n1,4.759535215003727,challenge
Fc1ccccc1CNc1cc(Cl)cc(Cl)c1,4.431238405874674,veith
Fc1ccccc1NC(=S)NCCc1ccccc1,4.381238666479966,veith
Fc1ccccc1[C@@H](F)COC1CCC(Nc2ncnc3[nH]ncc23)CC1,4.138530880775606,tox21
IC(I)=C(I)I,5.088532786506383,tox21
ICCc1ccccc1,3.747463437792173,tox21
Ic1cncc(OC[C@@H]2CCN2)c1,3.7842205065326477,ncgc;veith
N#C/C(=C(\O)C(=O)O)c1ccc(-c2cccc3ccccc23)cc1,4.787200049553703,ncgc
N#C/C(=C/c1ccc(N2CCCC2)c([N+](=O)[O-])c1)c1nc2ccccc2[nH]1,5.131237783223633,veith
N#C/C(=C/c1cccc(C(F)(F)F)c1)c1nc(CCN2C(=O)c3ccccc3C2=O)cs1,6.031238394064476,veith
N#C/C(=C1/SC[C@@H](c2ccc(Cl)cc2Cl)S1)n1ccnc1,5.899697790475481,tox21
N#C/C(=C1\SCC(c2ccccc2Cl)S1)n1ccnc1,5.199701551314086,tox21
N#C/C(=C\N1CCNC1=S)C(=O)c1ccc2ccccc2c1,4.787200049553703,ncgc
N#C/C(=C\NC(=S)c1ccncc1)c1nc2ccccc2s1,4.487201289787428,ncgc
N#C/C(=C\Nc1ccccn1)C(=O)c1ccco1,4.784219133178269,ncgc;veith
N#C/C(=C\c1c[nH]c2ccccc12)C(=O)c1ccc(O)c(O)c1,3.787202796262461,ncgc
N#C/C(=C\c1cc(Cl)cc(Cl)c1O)C(=O)NC1CCCCC1,4.181236955344418,veith
N#C/C(=C\c1cc([N+](=O)[O-])c(N2CCCCC2)cc1N1CCCCC1)c1nn(-c2ccccc2)c(N)c1C#N,5.7812382168028345,veith
N#C/C(=C\c1ccc(Cl)cc1)c1nc2ncccc2[nH]1,4.431238405874674,veith
N#C/C(=C\c1ccc(N2CCCC2)c([N+](=O)[O-])c1)c1nc2ccccc2[nH]1,4.88123792116939,veith
N#C/C(=C\c1ccc(O)c(O)c1)C(=O)NCCCCc1ccccc1,7.088546030650973,ncgc
N#C/C(=C\c1ccc(O)c(O)c1)C(=O)NCc1ccccc1,5.887183482540238,ncgc
N#C/C(=C\c1ccc(O)c(O)c1)C(=O)OCCc1cccs1,4.084221702678786,ncgc;veith
N#C/C(=C\c1ccc(O)c(O)c1)C(N)=S,3.8872025006290167,ncgc
N#C/C(=C\c1ccc(Oc2ccc(C(F)(F)F)cc2[N+](=O)[O-])cc1)c1nc2ccccc2[nH]1,4.68123872420235,veith
N#C/C(=C\c1ccccc1)c1nc2ncccc2[nH]1,4.581238740591187,veith
N#C/C(=N\[O-])c1nc(-c2ccccc2)cs1.[K+],3.931238759019225,veith
N#C/C(C(=O)Oc1ccccc1)=C1/Nc2ccccc2-c2ccccc21,5.081239412948973,veith
N#C/C(N)=C(/N)C#N,3.851443363100252,tox21
N#C/C=C/C#N,4.068376016044385,tox21
N#CC(=C(/N)Sc1ccccc1N)/C(C#N)=C(/N)Sc1ccccc1N,5.387218555056005,ncgc
N#CC(C#N)=C(C#N)C#N,4.119399483726264,tox21
N#CC(C#N)=C/C(N)=C(/C#N)c1cc(O)c(O)c(O)c1,3.7842205065326477,ncgc;veith
N#CC(C#N)=Cc1cc(O)c(O)c(O)c1,4.087203992408599,ncgc
N#CC(C#N)=Cc1ccc(O)c(O)c1,4.206045634974261,ncgc;tox21;veith
N#CC(C#N)=Cc1ccc([N+](=O)[O-])c(O)c1,3.787202796262461,ncgc
N#CC(C#N)=NNc1ccc2cn[nH]c2c1,4.884219346423415,ncgc;veith
N#CC(C#N)=c1s/c(=C/c2cn(-c3ccccc3)nc2-c2cccnc2)c(=O)n1-c1ccccc1F,4.931238759019225,veith
N#CC(CCc1ccc(Cl)cc1)(Cn1cncn1)c1ccccc1,5.338526931519975,tox21
N#CC(c1ccc(Cl)cc1)(c1ncc(C(F)(F)F)cc1Cl)N1CCOCC1,4.28123853814577,veith
N#CC(c1ccc(Cl)cc1)c1nc2ccccc2nc1C(F)(F)F,5.131237783223633,veith
N#CC(c1ccccc1)c1ccccc1,4.23853107708832,tox21
N#CC1(CNS(=O)(=O)C(F)(F)F)CCN(S(=O)(=O)c2ccc(Cl)cc2S(=O)(=O)c2ccccc2F)CC1,5.338094522802636,pharmabench
N#CC1(N=NC2(C#N)CCCCC2)CCCCC1,4.338531273401033,tox21
N#CC1=C(N)OC2=C(C(=O)CC(c3ccco3)C2)C1c1ccc(OCc2c(F)cccc2Cl)cc1,4.831238989834795,veith
N#CC1=C(N)OC2=C(CC/C2=C\c2ccccc2)C1c1ccccc1,5.731239014571102,veith
N#CC1=C(N)Oc2cc(Nc3ccccc3)ccc2C1c1ccncc1,5.731239014571102,veith
N#CC1=C(N)SC(N)=C(C#N)C1c1cccc(O)c1,4.181236955344418,veith
N#CC1=C(SCC(N)=O)NC2=C(C(=O)c3ccccc32)C1c1ccc(Cl)cc1,4.4812387752551235,veith
N#CCC#N,3.8385301209917824,tox21
N#CCCCC(C#N)CCC#N,4.088530344873387,tox21
N#CCCN(CC#Cc1ccccc1)OCc1ccccc1,4.787200049553703,ncgc
N#CCCl,4.0204260243996295,tox21
N#CCCn1c(=O)c(-c2cc(F)cc(F)c2)nc2cnc(OCc3ccccc3)nc21,4.784219133178269,ncgc;veith
N#CCCn1c(=O)c(-c2cc(F)cc(F)c2)nc2cnc(Oc3cccc(Cl)c3)nc21,4.3842204094659465,ncgc;veith
N#CCCn1c(=O)c(-c2cc(F)cc(F)c2)nc2cnc(Oc3ccccc3)nc21,4.084221702678786,ncgc;veith
N#CCCn1c(=O)c(-c2ccc(Cl)cc2)nc2cnc(N3CCNCC3)nc21,4.284220827875583,ncgc;veith
N#CCCn1c(=O)c(-c2ccc(Cl)cc2)nc2cnc(N3CCOCC3)nc21,3.787202796262461,ncgc
N#CCCn1c(=O)c(-c2ccc(Cl)cc2)nc2cnc(Oc3cccc(Cl)c3)nc21,3.8872025006290167,ncgc
N#CCCn1c(=O)c(-c2ccc(F)cc2)nc2cnc(N3CCNCC3)nc21,4.484220032521275,ncgc;veith
N#CCCn1c(=O)c(-c2cccc(C#N)c2)nc2cnc(Oc3cccc(Cl)c3)nc21,4.184219245074232,ncgc;veith
N#CCCn1c(=O)c(-c2cccc(C#N)c2)nc2cnc(Oc3ccccc3)nc21,3.6872033036619767,ncgc
N#CCCn1c(=O)c(-c2ccccc2)nc2cnc(N3CCNCC3)nc21,4.284220827875583,ncgc;veith
N#CCCn1c(=O)c(-c2ccccc2)nc2cnc(OCc3ccccc3)nc21,4.184219245074232,ncgc;veith
N#CCCn1c(=O)c(-c2ccccc2)nc2cnc(Oc3cccc(Cl)c3)nc21,4.3842204094659465,ncgc;veith
N#CCCn1c(=O)c(-c2ccccc2)nc2cnc(Oc3ccccc3)nc21,4.084221702678786,ncgc;veith
N#CCCn1c(=O)c(-c2cccs2)nc2cnc(N3CCNCC3)nc21,4.3842204094659465,ncgc;veith
N#CCCn1c(=O)c(-c2cccs2)nc2cnc(OCc3ccccc3)nc21,5.084220332573883,ncgc;veith
N#CCCn1c(=O)c(-c2cccs2)nc2cnc(Oc3cccc(Cl)c3)nc21,4.484220032521275,ncgc;veith
N#CCCn1c(=O)c(-c2cccs2)nc2cnc(Oc3ccccc3)nc21,4.3842204094659465,ncgc;veith
N#CCCn1c(=O)c(CCc2ccccc2)nc2cnc(OCc3ccccc3)nc21,4.084221702678786,ncgc;veith
N#CCCn1c(=O)c(CCc2ccccc2)nc2cnc(Oc3cccc(Cl)c3)nc21,4.784219133178269,ncgc;veith
N#CCCn1c(=O)c(CCc2ccccc2)nc2cnc(Oc3ccccc3)nc21,4.3842204094659465,ncgc;veith
N#CCCn1c(=O)cnc2cnc(N3CCNCC3)nc21,4.9871949150515835,ncgc
N#CCCn1cc(/C=N/O)c(-c2ccc(Cl)cc2)n1,4.081239412948973,veith
N#CCO/N=C(\c1ccccc1)c1ccncc1,4.831238989834795,veith
N#CCSc1nc2cc(C(=O)N3CCCC3)ccc2c(=O)n1Cc1ccccc1,4.68123872420235,veith
N#CCSc1nc2scc(-c3cccs3)c2c(=O)n1CCc1ccccc1,5.131237783223633,veith
N#CN=C(NCCCCCCOc1ccc(Cl)cc1)Nc1ccncc1,6.258913276755011,pharmabench
N#CS.N=C=S.N=C=S.[Cu].[NH2-].[NH2-].[NH2-].[NH2-].c1ccc2ncccc2c1,5.084220332573883,ncgc;veith
N#CSCSC#N,4.110751749302773,tox21
N#CSc1ccc(N)c([N+](=O)[O-])c1,4.035704196799243,tox21
N#CSc1ccc([N+](=O)[O-])cc1[N+](=O)[O-],4.688532047345478,tox21
N#C[C@@H]1CC(F)(F)CN1C(=O)CNC1CC2CCC(C1)N2c1ncccn1,4.088530344873387,tox21
N#C[C@H](Cc1ccc(O)cc1)c1ccc(O)cc1,3.6872033036619767,ncgc
N#C[C@H](c1ccccc1)N1CCCN([C@@H](C#N)c2ccccc2)C1c1ccccc1O,4.784219133178269,ncgc;veith
N#Cc1c(-c2ccc(Cl)cc2)[nH]c(C(F)(F)F)c1Br,4.638529123679475,tox21
N#Cc1c(-c2ccc(Cl)cc2)nc2n(c1=O)CCCS2,4.181236955344418,veith
N#Cc1c(-c2ccccc2)cc(-c2ccccc2)nc1SCc1nnc(-c2ccccc2)o1,5.88123792116939,veith
N#Cc1c(-c2ccccc2)ccnc1Oc1ccccc1,4.431238405874674,veith
N#Cc1c(-c2ccccc2)nc(-c2ccccc2)[nH]c1=O,5.7812382168028345,veith
N#Cc1c(-c2cccs2)nc(SCC(=O)c2cccs2)[nH]c1=O,5.431238405874674,veith
N#Cc1c(-n2ccnc2)cccc1-n1ccnc1,5.531238789289352,veith
N#Cc1c(Cl)c(Cl)c(Cl)c(C#N)c1Cl,4.867636749557368,tox21
N#Cc1c(Cl)cccc1-n1ccnc1,4.831238989834795,veith
N#Cc1c(Cl)nc(SCc2ccccc2)nc1-c1ccccc1,5.28123853814577,veith
N#Cc1c(N)nc2c(c1-c1cccc(O)c1)CCCCCC2,4.331238507999185,veith
N#Cc1c(N2CCCC(O)C2)nc(N)c2c(N)nc3c(c12)CC(=O)N3C12CC3CC(CC(C3)C1)C2,4.731239014571102,veith
N#Cc1c(N2CCCCC2)nc(N)c2c(N)nc3c(c12)CC(c1ccccc1)O3,4.631238141608918,veith
N#Cc1c(N2CCN(C(=O)c3ccccc3Cl)CC2)nc(-c2ccccc2)c2c1CCCC2,4.88123792116939,veith
N#Cc1c(NC(=O)C(F)(F)F)sc2c3c(=O)c4ccccc4c(=O)c=3oc3ccccc3c12,6.584302066164669,ncgc;veith
N#Cc1c(NC(=O)C2CC(c3ccccc3Cl)=NO2)sc2c1CCC2,5.431238405874674,veith
N#Cc1c(NC(=O)CCN2C(=O)c3ccccc3C2=O)oc(-c2ccccc2)c1-c1ccccc1,5.68123872420235,veith
N#Cc1c(SCC(N)=O)nsc1SCc1ccccc1Cl,4.231237939860009,veith
N#Cc1c2c(c(-n3cnc4ccccc43)n3c1nc1ccccc13)CCC2,4.28123853814577,veith
N#Cc1c2ccccc2cc2ccccc12,4.989241390627142,tox21
N#Cc1c2n(c3c(=S)nc[nH]c13)CCCCC2,4.031238394064476,veith
N#Cc1c[nH]c(C(=O)Nc2ccc(C3CCN(C(=O)c4cccnc4)CC3)cc2C2=CCCCC2)n1,5.605700762979668,pharmabench
N#Cc1c[nH]c(C(=O)Nc2ccc(C3CCNCC3)cc2C2=CCCCC2)n1,4.7253106660829,pharmabench
N#Cc1c[nH]cc1-c1cccc2c1OC(F)(F)O2,4.338531273401033,tox21
N#Cc1cc(-c2ccc(Cl)cc2)cnc1Sc1ccc(F)cc1,4.381238666479966,veith
N#Cc1cc(-c2ccc(Cl)cc2)cnc1Sc1ccccc1,4.081239412948973,veith
N#Cc1cc(-c2ccccc2)cnc1Sc1ccc(Cl)cc1,4.731239014571102,veith
N#Cc1cc(Br)c(O)c(Br)c1,4.3968090657105545,tox21
N#Cc1cc(C(=O)N[C@H]2CC[C@H]2c2ccccc2)cnc1C(F)(F)F,4.934082808003728,challenge
N#Cc1cc(Cl)cc(Oc2cc(OCc3n[nH]c4nc(N)ccc34)cc(F)c2Cl)c1,4.325257298097464,pharmabench
N#Cc1cc(I)c(O)c(I)c1,4.288530398353015,tox21
N#Cc1cc(S(=O)(=O)Nc2ncns2)ccc1Oc1ccc(C(F)(F)F)cc1-c1cccnn1,5.831589490397763,pharmabench
N#Cc1cc(S(=O)(=O)Nc2ncns2)ccc1Oc1ccc(Cl)cc1-c1cn[nH]c1,6.419016430426562,pharmabench
N#Cc1cc2c(nc1SC1CCCCC1O)CCCC2,3.981239042028786,veith
N#Cc1cc2ccccc2c2ccccc12,4.086056710720827,tox21
N#Cc1cc2ccccc2nc1N[C@@H]1CC(Cn2ccnc2)C[C@H]1O,6.298419715003727,challenge
N#Cc1cc2nc([O-])c([O-])nc2cc1[N+](=O)[O-].[Na+].[Na+],3.6872033036619767,ncgc
N#Cc1ccc(-c2ccc(F)cc2)nc1Sc1ccccc1,4.581238740591187,veith
N#Cc1ccc(-c2ccccc2)nc1SCC(=O)c1cccc(Cl)c1,4.981239042028786,veith
N#Cc1ccc(C(=O)N2CCC(c3ccc(C(=O)NC(=N)N)cc3C(F)(F)F)CC2)cc1,4.224151170495799,pharmabench
N#Cc1ccc(C(F)(F)F)nc1NCc1cccc(COCC2CCCO2)c1,4.9754074420037275,challenge
N#Cc1ccc(C(c2ccc(C#N)cc2)n2cncn2)cc1,4.016725483251129,tox21
N#Cc1ccc(C(c2nnnn2C2CCCC2)N2CCC(Cc3ccccc3)CC2)cc1,4.231237939860009,veith
N#Cc1ccc(C/C(=N/NC(=O)Nc2ccc(OC(F)(F)F)cc2)c2cccc(C(F)(F)F)c2)cc1,4.53853042990295,tox21
N#Cc1ccc(C2=NC(C(F)(F)F)(C(F)(F)F)c3c(n(Cc4ccco4)c(=O)[nH]c3=O)N2)cc1,5.68123872420235,veith
N#Cc1ccc(CC(=O)N2CCC(OCC3CC3)CC2)cc1,4.754699247003727,challenge
N#Cc1ccc(CC(=O)c2cccc(C(F)(F)F)c2)cc1,4.338531273401033,tox21
N#Cc1ccc(CN2CCC3(CC2)CCN(C(=O)c2cnccn2)CC3)cc1,3.6872033036619767,ncgc
N#Cc1ccc(CN2CCCC3(CCN(C(=O)Oc4ccccc4)CC3)C2)cc1,3.6872033036619767,ncgc
N#Cc1ccc(CN2CCCC3(CCN(C(=O)c4cccc(F)c4)CC3)C2)cc1,3.6872033036619767,ncgc
N#Cc1ccc(CN2CCCC3(CCN(C(=O)c4ccco4)CC3)C2)cc1,4.084221702678786,ncgc;veith
N#Cc1ccc(CN2CCCC3(CCN(C(=O)c4ccncc4)CC3)C2)cc1,3.6872033036619767,ncgc
N#Cc1ccc(CN2CCCC3(CCN(C(=O)c4csnn4)CC3)C2)cc1,3.8872025006290167,ncgc
N#Cc1ccc(CN2CCCC3(CCN(S(=O)(=O)c4ccccc4)CC3)C2)cc1,4.184219245074232,ncgc;veith
N#Cc1ccc(CN2CC[C@@]3(CCCN(C(=O)c4ccncc4)C3)C2)cc1,3.787202796262461,ncgc
N#Cc1ccc(CNc2cnccn2)cc1,3.8312389898347954,veith
N#Cc1ccc(F)c(NC(=O)C2CC(=O)N(c3ccccc3)C2)c1,4.750918760003728,challenge
N#Cc1ccc(N(CC(N)=O)CC(F)(F)F)cc1C(F)(F)F,4.088530344873387,tox21
N#Cc1ccc(NC(=O)c2coc(-c3ccccc3)n2)cc1,5.603263942003728,challenge
N#Cc1ccc(N[C@@H]2CC(Cn3cc(Cl)cn3)C[C@H]2O)cn1,5.003458115003728,challenge
N#Cc1ccc(N[C@@H]2CCN(C(=O)O[C@H]3C4CC5CC3C[C@](C(N)=O)(C5)C4)C2)nc1,3.9744825429104913,pharmabench
N#Cc1ccc(Oc2cccc(NC(=O)CCCOc3ccc4c(c3)CCC(=O)N4)c2)cc1,5.633674883003728,challenge
N#Cc1ccc(Oc2nc(C(N)=O)cc(-c3ccccc3)n2)cc1,4.4812387752551235,veith
N#Cc1ccc(S(=O)(=O)Nc2ccc3c(c2)CCN(Cc2cc[nH]n2)CC3)cc1,4.940154514130598,pharmabench
N#Cc1cccc(-c2ccc3ncnc(NCc4ccccc4)c3c2)c1,5.484206266808193,ncgc;veith
N#Cc1cccc(-c2ccc3ncnc(NCc4cccnc4)c3c2)c1,5.387218555056005,ncgc
N#Cc1cccc(-c2ccc3ncnc(NCc4cccs4)c3c2)c1,5.5842153979372355,ncgc;veith
N#Cc1cccc(-c2cncnc2NCCc2cnc[nH]2)c1,5.384228610767986,ncgc;veith
N#Cc1cccc(-c2cncnc2NCc2cccs2)c1,5.5842153979372355,ncgc;veith
N#Cc1cccc(-c2nc(NCc3cccnc3)c3ccccc3n2)c1,5.084220332573883,ncgc;veith
N#Cc1cccc(-c2nc(Nc3ccncc3)c3ccccc3n2)c1,5.087201252198795,ncgc
N#Cc1cccc(-c2nc3cnc(N4CCNCC4)nc3n(C3CC3)c2=O)c1,5.484206266808193,ncgc;veith
N#Cc1cccc(-c2nc3cnc(N4CCOCC4)nc3n(Cc3ccc(F)cc3)c2=O)c1,4.187201534804045,ncgc
N#Cc1cccc(-c2nc3cnc(Nc4ccccc4)nc3n(C[C@H]3CCCO3)c2=O)c1,4.287203117605396,ncgc
N#Cc1cccc(-c2nc3cnc(Oc4cccc(Cl)c4)nc3n(C3CC3)c2=O)c1,4.784219133178269,ncgc;veith
N#Cc1cccc(C(=O)N2CCC(c3ccc(C(=O)NC(=N)N)cc3C(F)(F)F)CC2)c1,4.059340921849807,pharmabench
N#Cc1cccc(CNC(=O)CSc2ncc(-c3ccccc3)o2)c1,5.578610865003728,challenge
N#Cc1cccc(NC(=O)N2CC3(CCN(C(=O)Oc4ccccc4)CC3)C2)c1,4.087203992408599,ncgc
N#Cc1cccc(NC(=O)N2CC3(CCN(C(=O)c4cc(C(F)(F)F)cc(C(F)(F)F)c4)CC3)C2)c1,4.184219245074232,ncgc;veith
N#Cc1cccc(NC(=O)N2CCCC3(CCN(C(=O)Oc4ccccc4)CC3)C2)c1,3.8872025006290167,ncgc
N#Cc1cccc(NC(=O)N2CCCC3(CCN(C(=O)c4cccc(F)c4)CC3)C2)c1,3.787202796262461,ncgc
N#Cc1cccc(NC(=O)N2CCCC3(CCN(C(=O)c4ccco4)CC3)C2)c1,4.6842193775900025,ncgc;veith
N#Cc1cccc(NC(=O)N2CC[C@@]3(CCCN(C(=O)Oc4ccccc4)C3)C2)c1,3.6872033036619767,ncgc
N#Cc1cccc(NC(=O)N2CC[C@@]3(CCCN(C(=O)c4cccc(F)c4)C3)C2)c1,3.987203621488413,ncgc
N#Cc1cccc(NC(=O)N2CC[C@@]3(CCCN(S(=O)(=O)c4ccccc4)C3)C2)c1,3.6872033036619767,ncgc
N#Cc1ccccc1-c1ccc(C(=O)N2CC(CO)C(CCO)C2)cc1,3.9913140420037276,challenge
N#Cc1ccccc1-c1ccc(C(=O)N2CCSCC2)cc1,4.633437475003728,challenge
N#Cc1ccccc1-c1ccc2ncnc(NCc3ccccc3)c2c1,5.484206266808193,ncgc;veith
N#Cc1ccccc1-c1ccc2ncnc(NCc3cccs3)c2c1,5.287203117605396,ncgc
N#Cc1ccccc1C(=O)N1CCC(c2ccc(C(=O)NC(=N)N)cc2C(F)(F)F)CC1,4.736034531474673,pharmabench
N#Cc1ccccc1CN1C(=O)S/C(=C/c2cccn2-c2cccc(C(=O)O)c2)C1=O,4.631238141608918,veith
N#Cc1ccccc1Sc1ccccc1N,4.581238740591187,veith
N#Cc1ccnc2[nH]cc(C(=O)c3c(F)ccc(NS(=O)(=O)c4cccnc4)c3F)c12,4.639124518466617,pharmabench
N#Cc1ccncc1NCc1nc2c(s1)CC(c1ccccc1)CC2,4.967296763003728,challenge
N#Cc1cnc2[nH]cc(C(=O)c3cccc(NS(=O)(=O)c4ccccc4)c3F)c2c1,4.639124518466617,pharmabench
N#Cc1cnc2[nH]cc(C(=O)c3cccc(NS(=O)(=O)c4ccccc4F)c3F)c2c1,4.639124518466617,pharmabench
N#Cc1cnc2c(N=Nc3ccccc3Cl)c(N)nn2c1-c1ccccc1,4.331238507999185,veith
N#Cc1cnnc(NCc2cccc(COCC3CCCO3)c2)c1,4.509856323003728,challenge
N#Cc1csc(NC(=O)C2c3ccccc3Oc3ccccc32)n1,4.87569652490368,pharmabench
N#Cc1nc(-c2ccc(OCc3ccccc3)cc2)oc1NCCN1CCOCC1,4.381238666479966,veith
N#Cc1nc(-c2cccs2)oc1NCc1ccccc1,5.181236955344418,veith
N#Cc1nc(COc2ccccc2Cl)oc1NCc1ccco1,5.031238394064476,veith
N#Cc1nc(Cl)c(Cl)c(Cl)c1Cl,3.738530418642034,tox21
N#Cc1nn(-c2c(Cl)cc(C(F)(F)F)cc2Cl)c(N)c1S(=O)C(F)(F)F,5.117697504482901,tox21
N#Cc1sc2nc(-c3cccs3)cc(-c3ccc(Cl)cc3)c2c1N,4.631238141608918,veith
N#[O+].[C-]#N.[C-]#N.[C-]#N.[C-]#N.[C-]#N.[Fe+2].[Na+].[Na+],3.8872025006290167,ncgc
N.N.N.N.N.N.N.N.N.N.N.N.N.N.O.O.[Ru].[Ru].[Ru],3.7842205065326477,ncgc;veith
N.N.O=C(O)C1(C(=O)O)CCC1.[Pt],4.6842193775900025,ncgc;veith
N/C(=N\OC(=O)Cc1ccc(-c2ccccc2)cc1)c1cccc([N+](=O)[O-])c1,4.28123853814577,veith
N/C(=N\OC(=O)c1cc(-c2ccccc2)nc2ccccc12)c1ccc(Cl)cc1,4.68123872420235,veith
N/C(=N\c1nc2ccccc2o1)NC(=O)c1ccccc1F,4.181236955344418,veith
N/C(Cc1cccs1)=N\OC(=O)COc1ccc(Br)cc1Cl,4.68123872420235,veith
N/N=C1/c2ccccc2N[C@H]1OC(=O)Nc1ccccc1,5.087201252198795,ncgc
N=C(N)NC(=O)c1ccc(C2CCN(C(=O)c3ccc(C(N)=O)cc3)CC2)c(C(F)(F)F)c1,4.736034531474673,pharmabench
N=C(N)NC(=O)c1ccc(C2CCN(C(=O)c3ccc(F)cc3)CC2)c(C(F)(F)F)c1,4.435004535810692,pharmabench
N=C(N)NC(=O)c1ccc(C2CCN(C(=O)c3ccc(O)nc3)CC2)c(C(F)(F)F)c1,3.8756965249036806,pharmabench
N=C(N)NC(=O)c1ccc(C2CCN(C(=O)c3ccc(S(N)(=O)=O)cc3)CC2)c(C(F)(F)F)c1,4.133974540146711,pharmabench
N=C(N)NC(=O)c1ccc(C2CCN(C(=O)c3ccccn3)CC2)c(C(F)(F)F)c1,4.860973268082973,pharmabench
N=C(N)NC(=O)c1ccc(C2CCN(C(=O)c3cccnc3)CC2)c(C(F)(F)F)c1,4.224151170495799,pharmabench
N=C(N)NC(=O)c1ccc(C2CCN(C(=O)c3ccncc3)CC2)c(C(F)(F)F)c1,5.736034531474673,pharmabench
N=C(N)S/C=C\C(=O)O,4.084221702678786,ncgc;veith
N=C(N)SCc1ccc(Cl)c2ccccc12.O=[N+]([O-])c1c(O)c(Cl)cc(Cl)c1Cl,4.6842193775900025,ncgc;veith
N=C(N)SCc1ccc(Cl)cc1Cl.O=[N+]([O-])c1c(O)c(Cl)cc(Cl)c1Cl,4.387202152451927,ncgc
N=C(N)SCc1cccc(-c2nc3ccccc3c(=O)o2)c1,4.587200720463143,ncgc
N=C(N)SCc1nc(-c2ccc(Cl)cc2)no1,4.6842193775900025,ncgc;veith
N=C(c1ccc2ccccc2c1)c1ccccc1Cc1ccccc1,4.387202152451927,ncgc
N=C1/C(=C/c2cccs2)C(=O)N=C2SN=C(SCc3ccccc3)N12,5.7812382168028345,veith
N=C1/C(=C\c2ccc(SCc3ccco3)o2)C(=O)N=C2SC=NN12,5.631238141608918,veith
N=C1N=C(N)c2cc3ccccc3cc21,3.888530401930029,tox21
N=C1Sc2ccccc2C2=NCCCN12,5.387218555056005,ncgc
N=C1[C@@H](O)[C@]2(I)c3ccccc3N3C(=N)[C@H](O)[C@@H]4c5ccccc5N1[C@@H]4[C@@H]32,4.387202152451927,ncgc
N=c1c2cn[nH]c2ncn1Nc1ccccc1,4.131237783223632,veith
N=c1ccn2c(n1)O[C@@H]1[C@@H](O)[C@H](CO)O[C@H]12,4.287203117605396,ncgc
N=c1sc2ccccc2n1CC[S-].c1ccc2c(c1)sc1[n+]2CCS1,5.084220332573883,ncgc;veith
NC(=NCCCCCCN=C(N)/N=C(\N)Nc1ccc(Cl)cc1)/N=C(\N)Nc1ccc(Cl)cc1,4.13911017409317,ncgc;tox21
NC(=NCc1ccc(Cl)cc1)SCCCc1cnc[nH]1,4.184219245074232,ncgc;veith
NC(=Nc1ccccc1)Nc1ccccc1,4.138530880775606,tox21
NC(=O)/C(=C\c1ccncc1)c1cccc2ccccc12,4.884219346423415,ncgc;veith
NC(=O)C(Cc1ccc(Cl)cc1)NC(=O)C1CCN(c2ccccc2F)C1,4.8987420470037275,challenge
NC(=O)C(Cc1ccccc1)n1cc(-c2cccc3c2CCCC3)nn1,5.149962775003727,challenge
NC(=O)C(Nc1c(Nc2ccncc2)c(=O)c1=O)c1cccc(O)c1,4.52518116615978,pharmabench
NC(=O)C(Nc1c(Nc2ccncc2)c(=O)c1=O)c1ccccc1,4.630524346704699,pharmabench
NC(=O)C1(CNC(=O)C2Cc3ccccc32)CCOCC1,3.684426708003728,challenge
NC(=O)C1(N2CCCCC2)CCN(C(=O)c2cccn3c(=O)c4cc(Cl)ccc4nc23)CC1,4.68123872420235,veith
NC(=O)C1(N2CCCCC2)CCN(CCCN2c3ccccc3CCc3ccc(Cl)cc32)CC1,4.799697485230536,tox21
NC(=O)C1(NC(=O)[C@@H]2CC3(CC(c4cccc(NC(=O)c5cc([N+](=O)[O-])cc([N+](=O)[O-])c5)c4)=NO3)CN2C(=O)c2ccccc2)CC1,4.231237939860009,veith
NC(=O)C1(c2ccccc2)CCN(Cc2coc(-c3ccc(Cl)cc3)n2)C1,4.761029035003728,challenge
NC(=O)C1(c2ccccc2)CCN(Cc2nc(Cc3cccc(F)c3)no2)C1,4.2199641800037275,challenge
NC(=O)C1CCC(CNC(=O)N2CCC(c3nc4ccccc4s3)CC2)O1,3.993219433003728,challenge
NC(=O)C1CCCC(NC(=O)Cc2ccc3c(c2)CCCC3)C1,2.5417488500037275,challenge
NC(=O)C1CCN(c2ccc(C(F)(F)F)cc2[N+](=O)[O-])CC1,4.88123792116939,veith
NC(=O)C1CN(C(=O)NCc2ccccc2Cn2cccn2)C1,2.5735629700037275,challenge
NC(=O)CC1(O)CCCN(c2ccc3cc(Cl)cnc3n2)C1,3.4385300750037278,challenge
NC(=O)CI,3.6872033036619767,ncgc
NC(=O)CN1CCN(c2nc(-c3ccc(F)cc3)cs2)CC1,4.4812387752551235,veith
NC(=O)CN1CCc2ccc(NC(=O)c3cnc4ccc(F)cc4c3)cc2C1,4.207233985003728,challenge
NC(=O)CNC(=O)[C@@H]1CC2(CC(c3cccc([N+](=O)[O-])c3)=NO2)CN1C(=O)c1ccccc1,5.431238405874674,veith
NC(=O)COc1c(F)cc(SCCNS(=O)(=O)c2ccccc2)cc1F,3.787202796262461,ncgc
NC(=O)COc1ccc2c(c1)S(=O)(=O)N=C(c1c(O)c3cc(F)ccc3n(CCC3CC3)c1=O)N2,4.605700762979668,pharmabench
NC(=O)COc1cccc(NC(=O)C2CCCN2C(=O)Cc2ccccc2)c1,5.048398095003727,challenge
NC(=O)CSc1nc2sc(-c3ccccc3)cc2c(=O)n1N,4.731239014571102,veith
NC(=O)C[C@@H](NC(=O)c1c[nH]nc1-c1ccccc1F)c1cccc(Cl)c1,4.203007505003728,challenge
NC(=O)Cn1c(=O)n(Cc2ccco2)c(=O)c2c3c(sc21)CCCCC3,4.231237939860009,veith
NC(=O)N1C(=O)/C(=C(\O)c2cccs2)c2cc(Cl)ccc21,5.492996482788379,pharmabench
NC(=O)N1c2ccccc2C=Cc2ccccc21,3.8385301209917824,tox21
NC(=O)NC(=O)CSc1nnc(-c2ccco2)n1Cc1ccccc1,4.181236955344418,veith
NC(=O)NNC(N)=O,4.088530344873387,tox21
NC(=O)NNc1ccccc1,4.569821508036055,tox21
NC(=O)Nc1ccc(Cl)c(Cl)c1,3.7895941997726625,tox21
NC(=O)Nc1ccc(Cl)cc1,3.7903044337605216,tox21
NC(=O)Nc1cccc(C(=O)NC2CCc3cn[nH]c3C2)c1,4.226198450003728,challenge
NC(=O)[C@@H]1Cc2ccccc2CN1C(=O)c1ccc2ccc(Cl)cc2n1,4.5586424500037275,challenge
NC(=O)[C@H](Cc1cc2ccccc2s1)NC(=O)[C@@H]1CC2(CC(c3cccc(NC(=O)[C@@H]4CCC(=O)N4)c3)=NO2)CN1C(=O)/C=C/c1c(F)cccc1Cl,4.68123872420235,veith
NC(=O)[C@H]1CN(C(=O)N2CCc3ccccc32)C[C@@H]1C(F)(F)F,4.116565827003727,challenge
NC(=O)[C@]12CC3CC(C1)[C@@H](OC(=O)N1CC[C@@H](Nc4ccc(C(F)(F)F)cn4)C1)C(C3)C2,4.841596973586965,pharmabench
NC(=O)[C@]12CC3CC(C1)[C@@H](OC(=O)N1CC[C@@H](Nc4cccc(C(F)(F)F)n4)C1)C(C3)C2,4.957883281091029,pharmabench
NC(=O)[C@]12CC3CC(C1)[C@@H](OC(=O)N1CC[C@@H](Nc4ncccc4C(F)(F)F)C1)C(C3)C2,4.364966669202937,pharmabench
NC(=O)c1cc(C(=O)N[C@H]2C[C@H](c3ccccc3F)C2)c[nH]1,4.004899832003728,challenge
NC(=O)c1cc(C(N)=O)n(-c2cccc(-c3cc(C(F)(F)F)ccc3C(F)(F)F)c2)n1,4.030598484889423,pharmabench
NC(=O)c1cc(F)ccc1N1CCN(c2ncnc3nc[nH]c23)CC1,4.035770020003728,challenge
NC(=O)c1cc(N2CC(Cc3ccc(Br)cc3)C2)ncn1,4.676530927003728,challenge
NC(=O)c1cc(NC(=O)c2c[nH]nc2-c2ccc(Cl)cc2)ccc1Cl,4.689225493003728,challenge
NC(=O)c1ccc(C(=O)N2CC(c3ccccc3)C3CCCC32)s1,4.950076558003728,challenge
NC(=O)c1ccc(C2SCC(=O)N2Cc2ccccc2)cc1,4.181236955344418,veith
NC(=O)c1ccc(CNC(=O)N2CCCC(OCC3CC3)C2)cc1,3.6101850800037276,challenge
NC(=O)c1ccc(NC(=O)C2CCCO2)cc1,4.031238394064476,veith
NC(=O)c1ccc(S(=O)(=O)N[C@H]2C[C@H](c3ccccc3F)C2)cc1,5.483737665003727,challenge
NC(=O)c1ccc([N+](=O)[O-])cc1Cl,3.7885301040785704,tox21
NC(=O)c1cccc(C(=O)Nc2cccc(C(F)(F)F)c2)c1,4.2713297420037275,challenge
NC(=O)c1cccc(N)c1,4.184219245074232,ncgc;veith
NC(=O)c1ccccc1C(N)=O,3.836761834999523,tox21
NC(=O)c1ccccc1Oc1ccc(NC(=O)c2ccc3nc(C(F)(F)F)cn3c2)cc1,4.816441505003728,challenge
NC(=O)c1cn(CC(=O)N2CCC(c3ccco3)C2)c2ccccc12,3.9146280150037276,challenge
NC(=O)c1cnn2c(C(=O)N3CCC(c4nccs4)CC3)ccnc12,4.009303855003727,challenge
NC(=O)c1n[nH]c2ccc(NC(=O)c3nccc4ccccc34)cc12,4.686231272003727,challenge
NC(=O)c1nc(-c2cccc(-c3cc(F)ccc3OCC(F)(F)C(F)(F)F)c2)n[n-]1.O.[K+],4.188530214047235,tox21
NC(=O)c1nnn(Cc2cc(Cl)c(C(=O)c3ccc(Cl)cc3)c(Cl)c2)c1N,5.587192055283284,ncgc
NC(=O)c1sc(-c2ccc(F)cc2)cc1N,4.492996482788379,pharmabench
NC(=O)c1sc(-c2ccccc2)cc1N,3.923121174831818,pharmabench
NC(=S)C(N)=S,3.7885301040785704,tox21
NC(=S)N/N=C/c1ccccc1OCc1cccc(Cl)c1,5.081239412948973,veith
NC(=S)NC(N)=S,4.638529123679475,tox21
NC(=S)NCCC[C@@H](N)C(=O)O,4.084221702678786,ncgc;veith
NC(=S)NNC(N)=S,4.219080758335524,tox21
NC(=S)Nc1ccc(Oc2ccc(NC(N)=S)cc2)cc1,4.431238405874674,veith
NC(=S)Nc1ccccc1,4.031142662742179,tox21
NC(=S)Nn1c(CCC(=O)O)ccc1-c1ccc(Br)cc1,4.131237783223632,veith
NC(CO)(CO)CO.O=C(c1ccccc1)c1ccc2n1CCC2C(=O)O,4.149695764085624,tox21
NC(CSS(=O)(=O)O)=N[C@@H]1C[C@H]2CC[C@@H]1C2,4.387202152451927,ncgc
NC(Cc1c[nH]c2ccccc12)C(=O)O,4.097432797458978,tox21
NC(N)=NC(=O)Cc1c(Cl)cccc1Cl,3.7842205065326477,ncgc;veith
NC(N)=NC(N)=Nc1cccc(Cl)c1,3.6872033036619767,ncgc
NC(N)=NCCCCN=C(N)N,4.687200030977656,ncgc
NC(N)=Nc1nc(CCN2C(=O)c3ccccc3C2=O)cs1,4.031238394064476,veith
NC(N)=S,3.8385301209917824,tox21
NC1(C(=O)O)CCCCC1,4.187201534804045,ncgc
NC1(C(=O)O)C[C@H](C(=O)O)[C@H](C(=O)O)C1,4.484220032521275,ncgc;veith
NC1(Cc2ccc(Cl)cc2)CCN(c2ncnc3[nH]ccc23)CC1,4.338094522802636,pharmabench
NC12CC3CC(CC(C3)C1)C2.NC12CC3CC(CC(C3)C1)C2.O=C(O)/C=C\C(=O)O,3.987203621488413,ncgc
NCC#Cc1ccccc1,4.284220827875583,ncgc;veith
NCC(O)CN.Oc1c(Cl)c(Cl)c(Cl)c(Cl)c1Cl,4.884219346423415,ncgc;veith
NCC1(CNS(=O)(=O)C(F)(F)F)CCN(S(=O)(=O)c2ccc(Cl)cc2S(=O)(=O)c2ccccc2F)CC1,3.976366686785043,pharmabench
NCC1CCC(CNc2nc(NCc3ccccc3Cl)ncc2[N+](=O)[O-])CC1,5.338094522802636,pharmabench
NCCC(=O)N[C@@H](Cc1cnc[nH]1)C(=O)O,3.6872033036619767,ncgc
NCCC(=O)Nc1cccc2c1cnn2S(=O)(=O)c1cccc2ccccc12,4.492996482788379,pharmabench
NCCCCCCCCCCNS(=O)(=O)c1cccc2c(Cl)cccc12,6.584302066164669,ncgc;veith
NCCCCCCNS(=O)(=O)c1ccc2c(Cl)cccc2c1,4.184219245074232,ncgc;veith
NCCCCCCNS(=O)(=O)c1cccc2c(Cl)cccc12,4.634219504490854,ncgc;veith
NCCCCCCNS(=O)(=O)c1cccc2ccccc12,5.984249629805708,ncgc;veith
NCCCCNCCCN,4.184219245074232,ncgc;veith
NCCCCNS(=O)(=O)c1ccc2c(Cl)cccc2c1,4.984216978540185,ncgc;veith
NCCCCNS(=O)(=O)c1cccc2c(Cl)cccc12,4.184219245074232,ncgc;veith
NCCC[C@@H](CC(=O)N[C@@H]1CCCC[C@H]1C(=O)N[C@H](CC(=O)N[C@@H](CCC(=O)O)CC(=O)O)Cc1c[nH]c2ccccc12)NC(=O)C[C@H](CO)NC(=O)[C@@H]1CCCC[C@H]1N,3.787202796262461,ncgc
NCCC[C@@H](CC(=O)N[C@@H]1CCCC[C@H]1C(=O)N[C@H](CC(=O)N[C@@H](CCC(=O)O)CC(=O)O)Cc1c[nH]c2ccccc12)NC(=O)C[C@H](CO)NC(=O)[C@@H]1CNCC[C@H]1N,4.187201534804045,ncgc
NCCC[C@@H](CC(=O)N[C@@H]1CCCC[C@H]1C(=O)N[C@H](CC(=O)N[C@@H](CCC(=O)O)CC(=O)O)Cc1ccccc1)NC(=O)C[C@H](CO)NC(=O)[C@@H]1CCCC[C@H]1N,3.6872033036619767,ncgc
NCCC[C@@H](CC(=O)N[C@@H]1CCCC[C@H]1C(=O)N[C@H](CC(=O)N[C@@H](CCC(=O)O)CC(=O)O)Cc1ccccc1)NC(=O)C[C@H](CO)NC(=O)[C@@H]1CNCC[C@H]1N,3.6872033036619767,ncgc
NCCC[C@@H](CC(=O)N[C@@H]1CCNC[C@H]1C(=O)N[C@H](CC(=O)N[C@@H](CCC(=O)O)CC(=O)O)Cc1c[nH]c2ccccc12)NC(=O)C[C@H](CO)NC(=O)[C@@H]1CNCC[C@H]1N,3.6872033036619767,ncgc
NCCC[C@@H](CC(=O)N[C@@H]1CCNC[C@H]1C(=O)N[C@H](CC(=O)N[C@@H](CCC(=O)O)CC(=O)O)Cc1c[nH]c2ccccc12)NC(=O)C[C@H](Cc1c[nH]c2ccccc12)NC(=O)[C@@H]1CNCC[C@H]1N,3.787202796262461,ncgc
NCCC[C@@H](CC(=O)N[C@@H]1CCNC[C@H]1C(=O)N[C@H](CC(=O)N[C@@H](CCC(=O)O)CC(=O)O)Cc1ccccc1)NC(=O)C[C@H](CO)NC(=O)[C@@H]1CNCC[C@H]1N,4.087203992408599,ncgc
NCCC[C@@H](CC(=O)N[C@@H]1CCNC[C@H]1C(=O)N[C@H](CC(=O)N[C@@H](CCC(=O)O)CC(=O)O)Cc1ccccc1)NC(=O)C[C@H](Cc1c[nH]c2ccccc12)NC(=O)[C@@H]1CCCC[C@H]1N,3.6872033036619767,ncgc
NCCN.[Cl-].[Cl-].[Pt+2],4.399695684644625,tox21
NCCNC(=S)S,4.487201289787428,ncgc
NCCNS(=O)(=O)c1cccc2c(Cl)cccc12,3.8842202108992034,ncgc;veith
NCCO,3.888530401930029,tox21
NCCSC(c1ccccc1)c1ccccc1,5.284220827875583,ncgc;veith
NCCSC[C@H](N)C(=O)O,5.187211884060712,ncgc
NCCSCc1ccccc1Cl,4.687200030977656,ncgc
NCCSc1nc2ccccc2s1,5.084220332573883,ncgc;veith
NCC[Se][Se]CCN,5.787241252009206,ncgc
NCCc1c[nH]c2ccc(O)cc12,4.087203992408599,ncgc
NCCc1c[nH]c2ccc(OC(=O)C(=O)O)cc12,4.6842193775900025,ncgc;veith
NCCn1c(=O)c(CCc2ccccc2)nc2cncnc21,4.084221702678786,ncgc;veith
NC[C@@H](CC(=O)O)c1ccc(Cl)cc1,3.6872033036619767,ncgc
NC[C@@H]1O[C@H](O[C@H]2[C@H](O)[C@H](O[C@@H]3O[C@H](CO)[C@@H](O)[C@H](N)[C@@H]3O)[C@@H](N)C[C@H]2N)[C@@H](O)[C@H](O)[C@@H]1O,4.487201289787428,ncgc
NC[C@@H]1O[C@H](c2ccccc2)Cc2c1ccc(O)c2O,4.484220032521275,ncgc;veith
NC[C@H](CC(=O)O)c1ccc(Cl)cc1,4.087203992408599,ncgc
NC[C@H](O)c1ccc(O)c(O)c1,3.9885299994982155,tox21
NCc1ccc(-c2cccnc2)o1,4.269908661056474,pharmabench
NCc1cccc(C2CCN(C(=O)c3ccc(C#Cc4ccccc4F)o3)CC2)c1,6.638364554214573,tox21
NCc1cccc(CN)c1,4.10757608498308,tox21
NCc1ccccc1.O=C(O)NCc1ccccc1,4.687200030977656,ncgc
NCc1ccccc1Sc1ccccc1CO,4.499695145639398,tox21
NN.O=S(=O)(O)O,4.088530344873387,tox21
NNC(=O)CCc1ccc2ccc3ccccc3c2c1,5.084220332573883,ncgc;veith
NNC(=O)CNC(c1ccccc1)c1cc(Br)ccc1NC(=O)c1ccccc1Br,4.7812382168028345,veith
NNC(=O)CP(=O)(c1ccccc1)c1ccccc1,4.449695384640936,tox21
NNC(=O)Cc1cccnc1,4.487201289787428,ncgc
NNC(=O)OCc1ccccc1,3.8385301209917824,tox21
NNC(=O)c1cccc(C(=O)NN)c1,3.9885299994982155,tox21
NNC(=O)c1ccccc1,4.076621289190554,tox21
NNC(=O)c1ccncc1,4.499695145639398,tox21
NNC(=S)NN,3.826621861786908,tox21
NNC(N)=S,3.930163322817643,tox21
NNCCc1ccccc1,5.184213729937941,ncgc;veith
NNS(=O)(=O)c1ccc(Oc2ccc(S(=O)(=O)NN)cc2)cc1,4.938529421142464,tox21
NNc1ccccc1,4.215843776773708,tox21
NNc1nc(-c2ccccc2)cc(-c2ccccc2O)n1,4.331238507999185,veith
NS(=O)(=O)C(F)(F)C(F)(F)C(F)(F)C(F)(F)C(F)(F)C(F)(F)C(F)(F)C(F)(F)F,5.788529492223417,tox21
NS(=O)(=O)C1CCN(c2noc(-c3ccccc3)n2)CC1,4.0048880920037275,challenge
NS(=O)(=O)CC1CCN(C(=O)NCC2CCCc3ccccc32)CC1,4.525801118003728,challenge
NS(=O)(=O)[O-].[NH4+],3.7721390760352476,tox21
NS(=O)(=O)c1cc(-c2nn[nH]n2)c(NCc2cccs2)cc1Cl,4.249695373334149,tox21
NS(=O)(=O)c1cc(Br)c(N=Nc2ccc(O)c3ncccc23)c(Br)c1,5.387218555056005,ncgc
NS(=O)(=O)c1cc(C(=O)O)c(NCc2ccco2)cc1Cl,3.7867617752740506,tox21
NS(=O)(=O)c1cc(C(=O)O)c(O)c2ccccc12,4.687200030977656,ncgc
NS(=O)(=O)c1cc(Cl)c(Cl)c(S(N)(=O)=O)c1,5.487173758361262,ncgc
NS(=O)(=O)c1cc2c(cc1C(F)(F)F)NC(Cc1ccccc1)NS2(=O)=O,4.499695145639398,tox21
NS(=O)(=O)c1cc2c(cc1C(F)(F)F)NCNS2(=O)=O,4.187201534804045,ncgc
NS(=O)(=O)c1cc2c(cc1Cl)NC(C1CC3C=CC1C3)NS2(=O)=O,4.5496968251554915,tox21
NS(=O)(=O)c1cc2c(cc1Cl)NC(CSCc1ccccc1)=NS2(=O)=O,4.818445536772936,ncgc;tox21
NS(=O)(=O)c1cc2c(cc1Cl)NC=NS2(=O)=O,4.086408878488691,tox21
NS(=O)(=O)c1cc2c(cc1Cl)NCNS2(=O)=O,4.087202474357194,ncgc
NS(=O)(=O)c1cc2c(cc1Cl)N[C@@H](CC1CCCC1)NS2(=O)=O,5.187211884060712,ncgc
NS(=O)(=O)c1ccc(-n2nc(C(F)(F)F)cc2-c2ccc(C(F)(F)F)cc2)cc1,4.107645601424362,pharmabench
NS(=O)(=O)c1ccc(CCNC(=O)CSc2ccccc2)cc1,4.181236955344418,veith
NS(=O)(=O)c1ccc(CNC(=O)c2cc3cnccc3[nH]2)cc1,5.80661560576038,pharmabench
NS(=O)(=O)c1ccc(N=Nc2c[nH]c(=O)c(O)c2)cc1,4.487201289787428,ncgc
NS(=O)(=O)c1ccc(N=Nc2ccc(O)c(C(=O)O)c2)cc1,5.287203117605396,ncgc
NS(=O)(=O)c1ccc(N=Nc2ccc[nH]c2=O)cc1,4.787200049553703,ncgc
NS(=O)(=O)c1ccc(N=Nc2ncccc2O)cc1,4.487201289787428,ncgc
NS(=O)(=O)c1ccc(NCc2ccccc2OCc2ccccc2F)cc1,4.68123872420235,veith
NS(=O)(=O)c1ccc(NS(=O)(=O)c2ccc(NC(=O)c3ccc(-c4ccccc4)cc3)cc2)cc1,5.981239042028786,veith
N[C@@H](C(=O)O)[C@@H]1C[C@H]1C(=O)O,3.6872033036619767,ncgc
N[C@@H](C(=O)O)[C@H](CC(=O)O)c1ccc(Cl)cc1,3.6872033036619767,ncgc
N[C@@H](C(=O)O)c1ccc(C(=O)O)c(C(=O)O)c1,4.134219766745323,ncgc;veith
N[C@@H](C(=O)O)c1ccc(O)c(C(=O)O)c1,3.6872033036619767,ncgc
N[C@@H](C(=O)O)c1ccc(P(=O)(O)O)cc1,3.7842205065326477,ncgc;veith
N[C@@H](CC1=CS(=O)(=O)c2ccc(Cl)cc21)C(=O)O,4.487201289787428,ncgc
N[C@@H](CO)C(=O)NNCc1ccc(O)c(O)c1O,4.187201534804045,ncgc
N[C@@H](CSS(=O)(=O)[O-])C(=O)O,4.184219245074232,ncgc;veith
N[C@@H](Cc1c[nH]c2ccccc12)C(=O)O,3.7878221526479106,tox21
N[C@@H](Cc1cc(-c2ccc(Cl)cc2Cl)cc(CP(=O)(O)O)c1O)C(=O)O,3.9842213317585995,ncgc;veith
N[C@@H](Cc1cc(I)c(O)c(I)c1)C(=O)O,4.149695764085624,tox21
N[C@@H](Cc1cc(I)c(Oc2cc(I)c(O)c(I)c2)c(I)c1)C(=O)O,4.242604047874874,tox21
N[C@@H](Cc1cc(I)c(Oc2cc(I)c(O)c(I)c2)c(I)c1)C(=O)[O-],6.3429056520037275,challenge
N[C@@H](Cc1cc(I)c(Oc2ccc(O)c(I)c2)c(I)c1)C(=O)[O-].[Na+],4.620678049670764,tox21
N[C@@H](Cc1cc(O)c(O)cc1O)C(=O)O,3.6872033036619767,ncgc
N[C@@H](Cc1ccc(N(CCCl)CCCl)cc1)C(=O)O,4.253189988459846,tox21
N[C@@H](Cc1ccc(Oc2cc(I)c(O)c(I)c2)c(I)c1)C(=O)O,4.449695384640936,tox21
N[C@@H](Cc1ncccn1)C(=O)O,6.187177387497534,ncgc
N[C@@H](Cn1ccc(=O)n(Cc2ccccc2C(=O)O)c1=O)C(=O)O,4.484220032521275,ncgc;veith
N[C@@H]1CONC1=O,3.6872033036619767,ncgc
N[C@@H]1C[C@H]1c1ccccc1,3.6872033036619767,ncgc
N[C@H](C(=O)N[C@@H]1C(=O)N2C(C(=O)O)=C(Cl)CS[C@@H]12)c1ccccc1,3.6872033036619767,ncgc
N[C@H](C(=O)N[C@@H]1C(=O)N2C(C(=O)O)=C(Cl)CS[C@@H]12)c1ccccc1.O,4.187201534804045,ncgc
N[C@H](C(=O)O)[C@H](OCc1ccccc1)C(=O)O,4.284220827875583,ncgc;veith
N[C@H](C(=O)O)c1ccc(C(=O)O)c(O)c1,4.084221702678786,ncgc;veith
N[C@H](CCC(=O)N[C@H](CSN=O)C(=O)NCC(=O)O)C(=O)O,4.384219487800698,ncgc;veith
N[C@H](CP(=O)(O)O)C(=O)O,3.6872033036619767,ncgc
N[C@H](Cc1c[nH]c2ccccc12)C(=O)O,4.04969579048559,tox21
N[C@H](Cc1cc(I)c(Oc2cc(I)c(O)c(I)c2)c(I)c1)C(=O)O,4.484220032521275,ncgc;veith
N[C@H]1C[C@H]1c1ccccc1,4.187201534804045,ncgc
Nc1[nH]c(=S)[nH]c(=O)c1N=Nc1c(Br)cc(S(N)(=O)=O)cc1Br,5.087201252198795,ncgc
Nc1[nH]n2c(=O)cc(-c3ccccc3)nc2c1N=Nc1ccccc1,4.081239412948973,veith
Nc1[nH]nc2nc3ccccc3nc12,4.984216978540185,ncgc;veith
Nc1[nH]ncc1-c1cc(Cl)ccc1Oc1cc(F)c(S(=O)(=O)Nc2cscn2)cc1Cl,5.862423334478206,pharmabench
Nc1c(-c2ccccc2)nn(-c2nc(C(=O)O)cs2)c1-c1ccccc1,4.588358207233575,pharmabench
Nc1c(-c2cccs2)cnn1-c1nc(-c2ccc(Cl)cc2Cl)cs1,3.981239042028786,veith
Nc1c(-c2cccs2)cnn1-c1nc(-c2ccc(F)cc2)cs1,6.081239412948973,veith
Nc1c(C(=O)NCC(O)(CN(CCF)C(=O)c2c(F)cccc2F)C(F)(F)F)cnn1-c1ccc(F)cc1,4.736034531474673,pharmabench
Nc1c(C(=O)NCC(O)(CN(CCO)C(=O)c2c(Cl)cccc2Cl)C(F)(F)F)cnn1-c1ccc(F)cc1,4.860973268082973,pharmabench
Nc1c(C(=O)NCC2CCCO2)c2nc3ccccc3nc2n1-c1ccccc1,4.181236955344418,veith
Nc1c(C(=O)NCc2ccccc2)sc2nc3c(cc12)C(=O)CCC3,5.131237783223633,veith
Nc1c(Cl)c(Cl)nc(C(=O)O)c1Cl,3.82489332491701,tox21
Nc1c(I)cc(I)c(C(=O)N(CCC(=O)O)c2ccccc2)c1I,4.449695384640936,tox21
Nc1c(N=Nc2cccc(Cl)c2)c(=O)[nH]n1-c1ccccc1,5.181236955344418,veith
Nc1c(S(=O)(=O)O)cc(Nc2cccc(S(N)(=O)=O)c2)c2c1C(=O)c1ccccc1C2=O,4.784219133178269,ncgc;veith
Nc1c(S(=O)(=O)[O-])cc(Br)c2c1C(=O)c1ccccc1C2=O.[Na+],4.528487017017292,tox21
Nc1c(S(=O)(=O)[O-])cc(Nc2ccc(Nc3nc(Cl)nc(Nc4ccc(S(=O)(=O)[O-])cc4)n3)c(S(=O)(=O)[O-])c2)c2c1C(=O)c1ccccc1C2=O.[Na+].[Na+].[Na+],3.6872033036619767,ncgc
Nc1c(S(=O)(=O)c2ccccc2)c2nc3ccccc3nc2n1Cc1ccco1,4.731239014571102,veith
Nc1c2c(=O)oc(-c3ccccc3)cc2nn1-c1ccccc1,4.28123853814577,veith
Nc1c2c(nc3ccccc13)CCC[C@H]2O,3.6872033036619767,ncgc
Nc1c[n+](N2CCOCC2)no1,3.7842205065326477,ncgc;veith
Nc1cc(-c2ccncc2)c[nH]c1=O,4.353157898047617,ncgc;tox21
Nc1cc(-c2nn[nH]n2)ccc1F,4.181236955344418,veith
Nc1cc(C(=O)Nc2nc(C3CCOCC3)cs2)ccn1,3.8197074030037275,challenge
Nc1cc(CN2CCC(F)(C(=O)N3CCC(N4Cc5ccccc5Cc5ccccc54)CC3)CC2)ccn1,4.736034531474673,pharmabench
Nc1cc(Cl)c(N)c(Cl)c1,4.040307956048137,tox21
Nc1cc(Cl)c(O)c(Cl)c1,4.288530398353015,tox21
Nc1cc(Cl)c([N+](=O)[O-])cc1O,4.141728725384022,tox21
Nc1cc(Cl)cc(S(=O)(=O)O)c1O,4.326621254152968,tox21
Nc1cc(Cl)ccc1O,4.152897905683456,tox21
Nc1cc(Cl)ccc1Oc1ccccc1,4.381238666479966,veith
Nc1cc(N)cc(C(=O)O)c1,3.795784244145885,tox21
Nc1cc(S(=O)(=O)O)cc2ccc(S(=O)(=O)O)cc12,4.387202152451927,ncgc
Nc1cc(S(=O)(=O)[O-])cc2cc(S(=O)(=O)O)cc(O)c12.[Na+],4.04030431848348,tox21
Nc1cc(S(N)(=O)=O)ccc1SSc1ccc(S(N)(=O)=O)cc1N,5.384228610767986,ncgc;veith
Nc1cc([N+](=O)[O-])cc(Cl)c1O,4.088530344873387,tox21
Nc1cc([N+](=O)[O-])cc([N+](=O)[O-])c1O,4.6787050369928,tox21
Nc1cc([N+](=O)[O-])ccc1O,4.1145953261753,tox21
Nc1cc2c(nc3c4ccccc4c(N)cc3[n+]2-c2cccc3ccccc23)c2ccccc12.Nc1cc2c(nc3c4ccccc4ccc3[n+]2-c2cccc3ccccc23)c2ccccc12,4.884219346423415,ncgc;veith
Nc1cc2c3c(c1)C(c1ccccc1)=N[C@@H](NC(=O)c1cccnc1)C(=O)N3CC2,4.788529492223417,tox21
Nc1ccc(-c2ccc(N)c(N)c2)cc1N,5.038529353627921,tox21
Nc1ccc(-c2ccc(Nc3cc(S(=O)(=O)O)c(N)c4c3C(=O)c3ccccc3C4=O)cc2)c(S(=O)(=O)O)c1,4.487201289787428,ncgc
Nc1ccc(-c2cccnc2)s1,5.015875228068716,pharmabench
Nc1ccc(-c2sc(N)nc2-c2ccccc2)cc1,3.8312389898347954,veith
Nc1ccc(Br)cc1,4.088884669585855,tox21
Nc1ccc(C(=O)N2CC3CC(CN(Cc4ccccc4)C3)C2)cc1,4.449695384640936,tox21
Nc1ccc(C(=O)Nc2ccc3[nH]c(-c4ccc(F)cc4)nc3c2)cn1,5.519434882003727,challenge
Nc1ccc(C(=O)OCC(O)CO)cc1,4.399695684644625,tox21
Nc1ccc(C(=O)OCCCOC(=O)c2ccc(N)cc2)cc1,4.788529492223417,tox21
Nc1ccc(Cc2ccc(N)c(Cl)c2)cc1Cl,3.85326192380331,tox21
Nc1ccc(Cc2ccc(N)cc2)cc1,4.245304877703111,tox21
Nc1ccc(Cl)c(Cl)c1,4.058443420550033,tox21
Nc1ccc(Cl)c(N)c1,4.262822427371986,tox21
Nc1ccc(Cl)cc1,4.130793853904084,tox21
Nc1ccc(Cl)cc1C(=O)c1ccccc1,4.038530441677591,tox21
Nc1ccc(Cl)cc1C(=O)c1ccccc1F,4.449695384640936,tox21
Nc1ccc(Cl)cc1Cl,4.038530441677591,tox21
Nc1ccc(N(S(=O)(=O)c2ccccc2)S(=O)(=O)c2ccccc2)c(Cl)c1,4.784219133178269,ncgc;veith
Nc1ccc(N(c2ccccc2)c2ccc(N)cc2)cc1,4.431238405874674,veith
Nc1ccc(N)c(Cl)c1.O=S(=O)(O)O,4.688884695388644,tox21
Nc1ccc(N)c2ccccc12,5.138880314317535,tox21
Nc1ccc(N2CCN(C(=O)c3ccco3)CC2)cc1,4.28123853814577,veith
Nc1ccc(N=Nc2ccc(-c3ccc(O)cc3)cc2)c2ccc(S(=O)(=O)O)cc12,4.587200720463143,ncgc
Nc1ccc(N=Nc2ccccc2)c(N)n1,4.087203992408599,ncgc
Nc1ccc(Nc2ccccc2)cc1,4.331238507999185,veith
Nc1ccc(O)c(C(=O)O)c1,4.0762545984416345,ncgc;tox21
Nc1ccc(Oc2ccc(Cl)cc2)cc1,4.547822737496893,tox21
Nc1ccc(Oc2ccc3nc(-c4ccccc4)c(-c4ccc([N+](=O)[O-])cc4)nc3c2)cc1,4.68123872420235,veith
Nc1ccc(S(=O)(=O)NC(=O)c2ccccc2)cc1,4.199695243524282,tox21
Nc1ccc(S(=O)(=O)Nc2ccc(Cl)nn2)cc1,4.099695361406635,tox21
Nc1ccc(S(=O)(=O)Nc2ccnn2-c2ccccc2)cc1,5.83398811427082,ncgc;pharmabench;tox21;veith
Nc1ccc(S(=O)(=O)Nc2cnc3ccccc3n2)cc1,4.62918355027411,ncgc;tox21;veith
Nc1ccc(S(=O)(=O)Nc2nccs2)cc1,4.168351188804563,challenge;ncgc
Nc1ccc(S(=O)(=O)[N-]c2cnc3ccccc3n2)cc1.[Na+],4.287203117605396,ncgc
Nc1ccc(S(=O)(=O)c2ccc(N)cc2)cc1,5.387218555056005,ncgc
Nc1ccc(S(=O)(=O)c2ccc(NC(=O)c3cccnc3)cc2)cc1,4.487201289787428,ncgc
Nc1ccc(Sc2ccc(N)cc2)cc1,5.688522327127439,tox21
Nc1ccc(Sc2ccccc2CC(=O)O)cc1,3.8312389898347954,veith
Nc1ccc(Sc2cnn(-c3ccccc3)c(=O)c2Cl)cc1,5.28123853814577,veith
Nc1ccc([N+](=O)[O-])c(C(F)(F)F)c1,4.04969579048559,tox21
Nc1ccc([N+](=O)[O-])c(N)c1,4.249629912250481,tox21
Nc1ccc([N+](=O)[O-])cc1,4.53853042990295,tox21
Nc1ccc([N+](=O)[O-])cc1O,4.088530344873387,tox21
Nc1ccc2c3c(cccc13)C(=O)NC2=O,3.6872033036619767,ncgc
Nc1ccc2cc(S(=O)(=O)O)cc(O)c2c1,4.091015693336613,tox21
Nc1ccc2cc(S(=O)(=O)O)ccc2c1,3.8385301209917824,tox21
Nc1ccc2ccccc2c1,4.195896453242928,tox21
Nc1ccc2oc(CCc3ccccc3)nc2c1,4.431238405874674,veith
Nc1cccc(-c2c(O)ccc3cc(-c4cccc(O)c4)ccc23)c1,5.2411845097945795,pharmabench
Nc1cccc(Cl)c1,3.7835936696072165,tox21
Nc1cccc(N)c1,3.941201118685166,tox21
Nc1cccc(N)n1,4.005174537026773,tox21
Nc1cccc(O)c1,4.325583281070774,tox21
Nc1cccc(S(=O)(=O)O)c1,4.037115020209086,tox21
Nc1cccc(S(=O)(=O)c2cccc(N)c2)c1,5.338526931519975,tox21
Nc1cccc([N+](=O)[O-])c1,3.9978236711303836,tox21
Nc1cccc2cc(S(=O)(=O)Nc3ccc(C(=O)O)cc3)ccc12,4.387202152451927,ncgc
Nc1cccc2ccccc12,4.037117319238417,tox21
Nc1ccccc1-c1ccccc1,4.141015902502001,tox21
Nc1ccccc1C#CCCCCO,4.184219245074232,ncgc;veith
Nc1ccccc1C#Cc1ccccc1,4.321720188651863,ncgc;veith
Nc1ccccc1C(=O)OCC(=O)Nc1ccc(Br)cc1F,4.331238507999185,veith
Nc1ccccc1Nc1ccccc1,4.184176935351445,tox21;veith
Nc1ccccc1O,4.094229709982593,tox21
Nc1ccccc1S(=O)(=O)O,3.848184669268763,tox21
Nc1ccccc1S(N)(=O)=O,4.687200030977656,ncgc
Nc1ccccc1SCc1csc(-c2ccc(Cl)cc2)n1,4.587200720463143,ncgc
Nc1ccccc1S[C@@H](C[N+](=O)[O-])c1ccc2c(c1)OCO2,4.487201289787428,ncgc
Nc1cccnc1,3.8300963461551314,tox21
Nc1cccnc1C(=O)Nc1ccc(N2C(=O)c3ccccc3C2=O)c(Cl)c1,4.480762026371367,pharmabench
Nc1cccnc1Sc1ccc(Cl)cc1,3.88123792116939,veith
Nc1ccn([C@@H]2CC[C@H](CO)O2)c(=O)n1,4.687200030977656,ncgc
Nc1ccn([C@@H]2O[C@@H](CO)[C@@H](O)[C@H]2O)c(=O)n1,3.6872033036619767,ncgc
Nc1ccn([C@H]2CC[C@@H](CO)O2)c(=O)n1,3.846023849436606,tox21
Nc1n[nH]c(-c2ccc(Br)cc2)c1Cl,4.081239412948973,veith
Nc1n[nH]cc1-c1cc(C(F)(F)F)ccc1Oc1cc(F)c(S(=O)(=O)Nc2cscn2)cc1Cl,5.596155445073437,pharmabench
Nc1n[nH]cc1-c1cc(C(F)(F)F)ccc1Oc1cc(F)c(S(=O)(=O)Nc2nncs2)cc1Cl,5.5198686291886805,pharmabench
Nc1nc(-c2ccc([N+](=O)[O-])cc2)cs1,4.633944588689123,tox21
Nc1nc(-c2cccc(-n3ccc4cc(C5CC5)cc(F)c4c3=O)c2CO)c2cc(C3=CCN(C4COC4)CC3)[nH]c2n1,4.607312247136247,pharmabench
Nc1nc(-c2cccs2)cs1,4.387202152451927,ncgc
Nc1nc(=S)[nH][nH]1,3.888530401930029,tox21
Nc1nc(=S)c2[nH]cnc2[nH]1,4.049631044889306,tox21
Nc1nc(Br)c2c(F)cccc2c1-c1ccc(Cl)cc1,4.631238141608918,veith
Nc1nc(Br)c2c(F)cccc2c1-c1ccc(F)cc1,4.88123792116939,veith
Nc1nc(Br)c2c(F)cccc2c1-c1ccccc1,5.131237783223633,veith
Nc1nc(Cc2ccccc2)nc(Cc2ccccc2)c1-c1ccccc1,4.787200049553703,ncgc
Nc1nc(Cl)nc2c1ncn2[C@H]1C[C@H](O)[C@@H](CO)O1,3.841371952398446,tox21
Nc1nc(N)c(-c2cccc(C(F)(F)F)c2)c(Cc2cccc(C(F)(F)F)c2)n1,4.587200720463143,ncgc
Nc1nc(N)c2nc(-c3ccccc3)c(N)nc2n1,3.8872025006290167,ncgc
Nc1nc(N)c2nc(CNc3ccc(C(=O)N[C@H](CCC(=O)O)C(=O)O)cc3)cnc2n1,3.6872033036619767,ncgc
Nc1nc(NCCc2ccc(O)cc2)nc2nc(-c3ccco3)nn12,3.6872033036619767,ncgc
Nc1nc(Nc2ccccc2)nc2c1ncn2[C@@H]1O[C@@H](CO)[C@H](O)[C@H]1O,5.384228610767986,ncgc;veith
Nc1nc(OCc2ccccc2)c2[nH]cnc2n1,3.6872033036619767,ncgc
Nc1nc(SC/C=C\c2ccccc2)c2[nH]cnc2n1,4.6842193775900025,ncgc;veith
Nc1nc(SCC(=O)Nc2ccccc2Sc2ccc(Cl)cc2)n[nH]1,5.28123853814577,veith
Nc1nc(SCCc2ccccc2)c2[nH]cnc2n1,4.6842193775900025,ncgc;veith
Nc1nc(SCc2ccccc2)c2ncn(Cc3ccccc3)c2n1,4.787200049553703,ncgc
Nc1nc(Sc2ccc([N+](=O)[O-])c3nonc23)c2[nH]cnc2n1,4.784219133178269,ncgc;veith
Nc1nc2ccc(Cl)cc2c2nc(-c3ccco3)nn12,3.787202796262461,ncgc
Nc1nc2ccc(OC(F)(F)F)cc2s1,4.687200030977656,ncgc
Nc1nc2ccc([N+](=O)[O-])cc2s1,4.038530441677591,tox21
Nc1ncc(-c2ccccc2)n1CC1CCCO1,4.131237783223632,veith
Nc1ncc([N+](=O)[O-])s1,4.111764547617526,tox21
Nc1ncc2c(n1)CN(C(=O)CNc1cccc(C(F)(F)F)c1)CC2,4.089388888003728,challenge
Nc1ncn([C@H]2O[C@@H](CO)[C@@H](O)[C@@H]2O)c(=O)n1,4.587200720463143,ncgc
Nc1ncnc2c(C(=O)Nc3cccc4c3c(Br)nn4Cc3cccnc3)csc12,5.198215436401399,pharmabench
Nc1ncnc2c1c(-c1ccc(Oc3ccccc3)cc1)cn2C1CCCC1,3.7842205065326477,ncgc;veith
Nc1ncnc2c1ncn2[C@@H]1CCCO1,3.6872033036619767,ncgc
Nc1ncnc2nc(-c3ccccc3)cc(-c3ccc(F)cc3)c12,4.131237783223632,veith
Nc1nnc(-c2ccc([N+](=O)[O-])o2)o1,3.7885301040785704,tox21
Nc1nonc1-c1nc2ccccc2n1Cc1ccc(F)cc1Cl,4.731239014571102,veith
Nn1c(SCC(=O)N2CCOCC2)nnc1-c1ccccc1Cl,6.381238666479966,veith
Nn1cnnc1,4.103262357958842,tox21
O.O.O.O.O=C([O-])c1ccccc1-c1c2cc(Br)c(=O)cc-2oc2c([Hg])c([O-])c(Br)cc12.[Na+].[Na+],5.484206266808193,ncgc;veith
O.O.O.O.[Na+].[O-]c1ccccc1-c1ccccc1,4.178007918342904,tox21
O.O.O=[N+]([O-])c1ccc(S(=O)(=O)O)c([N+](=O)[O-])c1,3.8357033541394587,tox21
O.O.O=c1c(O)c(-c2ccc(O)c(O)c2)oc2cc(O)cc(O)c12,5.284220827875583,ncgc;veith
O.O.O=c1c(O)c(-c2ccc(O)cc2O)oc2cc(O)cc(O)c12,4.265056430988256,tox21
O.O=S(=O)(O)c1ccc(O)c2ncccc12,3.742799352430053,tox21
O.O=S(=O)([O-])c1cccc2c(S(=O)(=O)[O-])cccc12.[Na+].[Na+],4.139239633230183,tox21
O.S=C1NC=NC2N=CNC12,4.338175383234552,tox21
O/N=C/c1cc(Br)ccc1OCc1cccc(F)c1,4.531238789289352,veith
O/N=C/c1cc(Cl)ccc1OCc1cccc2ccccc12,4.431238405874674,veith
O/N=C/c1ccccc1OCc1ccc(Cl)cc1,4.631238141608918,veith
O=C(/C(=C/c1ccc(Cl)cc1)c1nc2ccccc2[nH]1)c1ccccc1,5.4812387752551235,veith
O=C(/C=C/c1ccc(-c2ccccc2[N+](=O)[O-])o1)c1ccc(F)cc1,4.181236955344418,veith
O=C(/C=C/c1ccc(Cl)cc1)NCCSc1ccccc1,4.581238740591187,veith
O=C(/C=C/c1ccc(O)c(O)c1)O[C@@H]1C[C@@](OC(=O)/C=C/c2ccc(O)c(O)c2)(C(=O)O)C[C@@H](O)[C@@H]1O,4.449695384640936,tox21
O=C(/C=C/c1ccc(O)cc1)/C=C/c1ccc(O)cc1,5.082822017699329,pharmabench
O=C(/C=C/c1ccc(O)cc1)c1ccc(O)cc1O,4.387202152451927,ncgc
O=C(/C=C/c1ccc2c(c1)OCO2)NCCSCc1cccc(Cl)c1,4.581238740591187,veith
O=C(/C=C/c1cccc(Cl)c1)Nc1ccncc1,6.631238141608918,veith
O=C(/C=C/c1ccccc1)N/C(=C/c1ccccc1)C(=O)Nc1ccccc1O,4.631238141608918,veith
O=C(/C=C/c1ccccc1)N1CCN(Cc2nc3ccccc3c(=O)[nH]2)CC1,4.631238141608918,veith
O=C(/C=C/c1ccccc1)NC(NC(=S)Nc1ccc(Cl)cc1)C(Cl)(Cl)Cl,5.531238789289352,veith
O=C(/C=C/c1ccccc1)NCCO,4.499695145639398,tox21
O=C(/C=C/c1ccccc1Cl)NC(=S)Nc1ccccc1C(=O)NC1CCCCC1,5.431238405874674,veith
O=C(/C=C/c1ccccc1Cl)Nc1ccncc1,6.081239412948973,veith
O=C(/C=C/c1cccnc1)NCCCCC1CCN(C(=O)c2ccccc2)CC1,4.781792022035348,pharmabench
O=C(/C=C/c1cccnc1)c1ccc(NC(=O)c2cccc(Br)c2)cc1,4.631238141608918,veith
O=C(/C=C/c1ccco1)NC(=S)Nc1ccc(N2CCOCC2)c(Cl)c1,4.631238141608918,veith
O=C(/C=C/c1ccco1)Nc1ccc(Oc2ccccc2)cc1,4.581238740591187,veith
O=C(/C=C\NCC(=O)c1ccccc1)c1ccccc1,5.031238394064476,veith
O=C(/C=C\c1ccc(Cl)cc1)N[C@@]12CCC(=O)[C@@H]3Oc4c(O)ccc5c4[C@@]31CCN(CC1CC1)[C@@H]2C5,4.084221702678786,ncgc;veith
O=C(/C=C\c1ccc(O)c(O)c1)OCCc1ccccc1,3.6872033036619767,ncgc
O=C(/C=C\c1ccc(O)c(O)c1)O[C@@H]1C[C@](O)(C(=O)O)C[C@@H](O)[C@@H]1O,4.387202152451927,ncgc
O=C(/C=C\c1ccc(O)cc1)c1ccc(O)cc1O,3.9842213317585995,ncgc;veith
O=C(/C=C\c1ccc2c(c1)OCO2)c1ccc(F)cc1,5.084220332573883,ncgc;veith
O=C(/N=N/C(=O)OCc1ccccc1)OCc1ccccc1,4.488531697426887,tox21
O=C(C(Cl)Cl)N1CCOC12CCCCC2,3.8385301209917824,tox21
O=C(C(NS(=O)(=O)c1cccs1)c1ccccc1)N1CCN(c2ccccc2)CC1,4.331238507999185,veith
O=C(C(O)c1cccc(C(F)(F)F)c1)N1CCc2c(nc[nH]c2=O)C1,3.2379295130037278,challenge
O=C(C(O)c1cccc(C(F)(F)F)c1)N1CCc2ccccc2CC1,4.911212687003728,challenge
O=C(C/C=N/OCc1ccc(Cl)cc1Cl)c1ccc(Cl)cc1,4.031238394064476,veith
O=C(C/C=N/OCc1ccc(F)cc1Cl)c1cnc(-c2ccccc2)s1,4.68123872420235,veith
O=C(C1=C(O)C(=O)N(Cc2ccco2)C1c1ccccc1)c1cccs1,4.331238507999185,veith
O=C(C1=NOC(c2ccccc2)C1)N1CCC(Cc2nnn[nH]2)CC1,3.7109524430037277,challenge
O=C(C1CC1)N1CCCN(c2cccc(C(F)(F)F)n2)CC1,4.7975394320037275,challenge
O=C(C1CCC(=O)N1Cc1ccccc1Cl)N1CCN(c2cccc(Cl)c2)CC1,4.081239412948973,veith
O=C(C1CCCCC1)N1CC(=O)N2CCCc3ccccc3C2C1,4.499695145639398,tox21
O=C(C1CCCCC1)N1CC(=O)N2CCc3ccccc3[C@@H]2C1,4.237203072430263,ncgc
O=C(C1CCCN(S(=O)(=O)c2cccc3nsnc23)C1)N1CC=C(c2ccccc2)CC1,5.131237783223633,veith
O=C(C1CCN(CC(F)F)CC1)N1CCCC(Cn2cnc3ccccc32)C1,4.208689383003728,challenge
O=C(C1CCN(S(=O)(=O)c2cccc3nsnc23)CC1)N1CCc2ccccc21,4.28123853814577,veith
O=C(C1CCN(c2ccc3nnnn3n2)CC1)N1CCCC(c2nc3ccccc3s2)C1,4.884473713003728,challenge
O=C(C1CCN(c2ccncc2)CC1)N1CC[C@@H](CNS(=O)(=O)/C=C/c2ccc(-c3ccc(Cl)s3)s2)C1,5.17077718805446,pharmabench
O=C(C1CCSc2ccccc21)N1CCC(c2ccncn2)CC1,4.967634953003728,challenge
O=C(C1CCc2ncncc2C1)N1CCN(c2cccc(Cl)c2)CC1,5.378218732003727,challenge
O=C(C1CCc2nncn2C1)N1CCO[C@@H](c2ccc(Cl)cc2)C1,4.427195357003728,challenge
O=C(CBr)Nc1ccc(Cl)cc1C(=O)c1ccccc1F,4.449695384640936,tox21
O=C(CBr)OCc1ccccc1,4.088530344873387,tox21
O=C(CBr)c1ccccc1,3.7857039806225536,tox21
O=C(CC(=O)C(F)(F)F)c1ccccc1,4.081842003161234,tox21
O=C(CC(=O)c1ccncc1)c1ccccc1,4.984216978540185,ncgc;veith
O=C(CC(C(=O)OC1CCCCC1)S(=O)(=O)[O-])OC1CCCCC1.[Na+],4.090319294235642,tox21
O=C(CC(NS(=O)(=O)c1ccc(Cl)cc1)c1ccco1)NCc1ccco1,4.28123853814577,veith
O=C(CC(c1ccccc1)c1ccccc1)NCC1CCCO1,3.981239042028786,veith
O=C(CC(c1ccccc1)c1ccccc1)Nc1ccc2c(c1)OCCO2,4.631238141608918,veith
O=C(CC1C(=O)N(c2ccc(Cl)cc2)C(=S)N1CCc1ccncc1)Nc1ccc(F)cc1,6.4812387752551235,veith
O=C(CC1CCCCC1)N1CCC(c2nc(-c3ccc(S(=O)(=O)N4CCCC4)cc3)no2)CC1,4.381238666479966,veith
O=C(CC1OCCc2ccsc21)Nc1ccc(-n2cnnn2)c(F)c1,4.577439082003727,challenge
O=C(CC1c2ccccc2Oc2ccccc21)N1CCN(c2ccccn2)CC1,5.081239412948973,veith
O=C(CCC(=O)OCc1ccc(C(=O)Oc2ccccc2)cc1)Nc1cccc2ccccc12,4.081239412948973,veith
O=C(CCC(=O)OCc1ccc(Cl)cc1)Nc1cccc([N+](=O)[O-])c1,4.331238507999185,veith
O=C(CCC(=O)c1cccs1)OCC(=O)N1CCN(C(=O)c2ccco2)CC1,4.231237939860009,veith
O=C(CCC1CC1)NC1CCCN(C(=O)Cc2cc(C3CC3)on2)CC1,3.7092135820037275,challenge
O=C(CCC1CCNCC1)Nc1ccc(-n2nnc3ccccc32)cc1,4.277898848003728,challenge
O=C(CCCCCCC(=O)Nc1ccccc1)NO,4.149695764085624,tox21
O=C(CCCCCCCCC#CI)Oc1ccccc1,4.149695764085624,tox21
O=C(CCCCCCCCc1cccnc1)N1CCC(C=C(c2ccccc2)c2ccccc2)CC1,5.788529492223417,tox21
O=C(CCCCCn1c(=O)[nH]c2ccsc2c1=O)NCc1ccc2c(c1)OCO2,4.631238141608918,veith
O=C(CCCCCn1c(=S)[nH]c2cc3c(cc2c1=O)OCO3)N1CCN(C2CCCCC2)CC1,5.231237939860008,veith
O=C(CCCCCn1c(=S)[nH]c2ccccc2c1=O)NCc1ccc2c(c1)OCO2,4.831238989834795,veith
O=C(CCCCn1c(=O)c2ccccc2n(CC(=O)NC2CCCC2)c1=O)NC1CCCC1,4.28123853814577,veith
O=C(CCCCn1c(=S)[nH]c2ccsc2c1=O)NCc1ccco1,4.931238759019225,veith
O=C(CCCN1C(=O)C2C3C=CC(C3)C2C1=O)N1CCN(c2ccccc2)CC1,4.081239412948973,veith
O=C(CCCN1C=C[C@@H](n2c(=O)[nH]c3ccccc32)CC1)c1ccc(F)cc1,3.6872033036619767,ncgc
O=C(CCCN1CC=C(n2c(=O)[nH]c3ccccc32)CC1)c1ccc(F)cc1,4.287203117605396,ncgc
O=C(CCCN1CCC(O)(c2ccc(Cl)cc2)CC1)c1ccc(F)cc1,3.787202796262461,ncgc
O=C(CCCN1CCN(c2ccc(F)cc2)CC1)NC1c2ccccc2CSc2ccccc21,4.749697444003367,tox21
O=C(CCCN1CCN(c2ccccn2)CC1)c1ccc(F)cc1,4.43937651090556,ncgc;tox21;veith
O=C(CCCNC(=O)/C(=C\c1ccccc1F)NC(=O)c1ccccc1)OCc1ccccc1,4.231237939860009,veith
O=C(CCCNS(=O)(=O)c1cccc2nsnc12)NCCc1ccccc1,4.231237939860009,veith
O=C(CCCn1c(=S)[nH]c2cc3c(cc2c1=O)OCO3)N1CCN(c2ccccc2)CC1,6.331238507999185,veith
O=C(CCCn1c(=S)[nH]c2ccc(Br)cc2c1=O)N1CCN(c2ccccn2)CC1,4.7812382168028345,veith
O=C(CCN1C(=O)C2C3C=CC(C3)C2C1=O)N1CCN(c2cccc(Cl)c2)CC1,4.231237939860009,veith
O=C(CCN1C(=O)S/C(=C\c2ccccc2)C1=O)Nc1ccc(S(=O)(=O)Nc2nccs2)cc1,5.081239412948973,veith
O=C(CCN1C(=O)c2ccccc2C1=O)NC(=S)Nc1cccc(Cl)c1,4.28123853814577,veith
O=C(CCN1CCCCC1)c1csc2ccccc12,4.787200049553703,ncgc
O=C(CCN1CCN(CC(=O)Nc2ccccc2Cl)CC1)Nc1ccccc1F,4.28123853814577,veith
O=C(CCN1CCN(c2ccccc2F)CC1)Nc1ccccc1F,4.68123872420235,veith
O=C(CCN1CCOC(c2cccc(F)c2)C1)Nc1ccccc1,4.869058563003728,challenge
O=C(CCNC(=O)Cn1cnc2ccccc2c1=O)NCC1COc2ccccc2O1,4.28123853814577,veith
O=C(CCNNC(=O)c1ccncc1)NCc1ccccc1,4.268449096879071,ncgc;tox21
O=C(CCOc1ccccc1)Nc1ccccc1,5.28123853814577,veith
O=C(CCS)OCC(COC(=O)CCS)(COC(=O)CCS)COC(=O)CCS,4.438530657642067,tox21
O=C(CCc1[nH]nc2c1ccc1cc(O)ccc12)Nc1ccccc1C(=O)O,4.37430669545708,pharmabench
O=C(CCc1ccc(O)cc1)c1c(O)cc(O)cc1O,4.359219054292581,ncgc;veith
O=C(CCc1ccc(O)cc1)c1c(O)cc(O)cc1O[C@@H]1O[C@@H](CO)[C@@H](O)[C@@H](O)[C@H]1O,3.787202796262461,ncgc
O=C(CCc1ccc(S(=O)(=O)NC2CCCCC2)cc1)N(Cc1ccccc1)Cc1ccccc1,5.28123853814577,veith
O=C(CCc1ccccc1)N1CCCN(C(=O)C2COc3ccccc32)CC1,4.586186150003727,challenge
O=C(CCc1ccccc1)NNC(=S)NC(=O)c1ccccc1,4.081239412948973,veith
O=C(CCc1ccccc1)Nc1nncs1,3.7812382168028345,veith
O=C(CCc1cccnc1)N1CCN(c2cccc(Cl)c2)CC1,4.208911465003728,challenge
O=C(CCc1ccn(-c2ccccc2)n1)Nc1ccccc1C(=O)O,4.940154514130598,pharmabench
O=C(CCc1ccncn1)N1CCCc2cccc(O)c21,3.9262518150037278,challenge
O=C(CCc1cn2c(n1)sc1cc(O)ccc12)NC1=C(C(=O)O)CCC1,4.258913276755011,pharmabench
O=C(CCc1cn2c(n1)sc1cc(O)ccc12)NC1=C(C(=O)O)CCCC1,4.258913276755011,pharmabench
O=C(CCc1cnc(-c2ccc(O)cc2Cl)s1)Nc1ccccc1C(=O)O,4.890936491460416,pharmabench
O=C(CCc1cnc(-c2ccc(O)cn2)s1)Nc1ccccc1C(=O)O,4.582219667130144,pharmabench
O=C(CCc1cnn(-c2ccccc2)c1)Nc1ccccc1C(=O)O,4.162003263746954,pharmabench
O=C(CCc1cnn2c1ccc1cc(O)ccc12)NC1=C(C(=O)O)CCCC1,4.059340921849807,pharmabench
O=C(CCc1nc(-c2ccc(O)cn2)no1)Nc1ccccc1C(=O)O,3.7148452324047354,pharmabench
O=C(CCc1nc(-c2ccccc2)c(-c2ccccc2)o1)OCc1ccc(Cl)cc1,3.931238759019225,veith
O=C(CCc1nc(-c2ccncc2)no1)N1CCCCC1Cc1ccc(O)cc1,5.695131488003728,challenge
O=C(CCc1nc2ccccc2c(=O)[nH]1)N1CC(Oc2ccccc2)C1,4.860595378003728,challenge
O=C(CCc1ncc(-c2ccc(O)cn2)s1)Nc1ccccc1C(=O)O,4.714845232404735,pharmabench
O=C(CCc1nnn2c1ccc1cc(O)ccc12)Nc1ccccc1C(=O)O,5.162003263746954,pharmabench
O=C(CCc1noc2c1CCc1cc(O)ccc1-2)NC1=C(C(=O)O)CCC1,3.665996664866918,pharmabench
O=C(CCc1noc2c1CCc1cc(O)ccc1-2)NC1=C(C(=O)O)CCCC1,4.29670183764441,pharmabench
O=C(CCc1noc2c1ccc1c(F)c(O)ccc12)NC1=C(C(=O)O)CCCC1,5.0370645271386545,pharmabench
O=C(CCl)C(Cl)Cl,4.084296515836798,tox21
O=C(CCl)c1ccc(Cl)cc1Cl,4.519999700307437,tox21
O=C(CCl)c1ccccc1,4.0825422221345145,tox21
O=C(CCn1c(=O)[nH]c2ccsc2c1=O)Nc1ccc(F)c(F)c1,4.831238989834795,veith
O=C(CCn1nc(-c2ccc(Cl)cc2)ccc1=O)N1CCOCC1,4.28123853814577,veith
O=C(CCn1nc(-c2ccc(Cl)cc2)ccc1=O)NCc1ccccn1,4.581238740591187,veith
O=C(CN(C(=O)CSc1nc2ccccc2o1)c1cccc(F)c1)NC1CCCCC1,4.931238759019225,veith
O=C(CN(Cc1ccccc1)S(=O)(=O)c1ccc2c(c1)OCCO2)N/N=C/c1ccc(F)cc1,4.131237783223632,veith
O=C(CN(Cc1ccco1)C(=O)c1cccc(Cl)c1)Nc1c(Cl)cc(Cl)cc1Cl,4.231237939860009,veith
O=C(CN(Cc1ccco1)C(=O)c1ccccc1)Nc1ccc(Cl)c(Cl)c1,4.731239014571102,veith
O=C(CN(c1ccccc1)S(=O)(=O)c1ccccc1)NCCSCc1ccco1,4.631238141608918,veith
O=C(CN(c1ccccc1)S(=O)(=O)c1ccccc1)NCCSc1nc2ccccc2s1,5.431238405874674,veith
O=C(CN(c1ccccc1)S(=O)(=O)c1ccccc1[N+](=O)[O-])NN=C1CCCCCCC1,5.081239412948973,veith
O=C(CN1C(=O)C2C3C=CC(C3)C2C1=O)Nc1ccc2c(c1)OCCO2,5.7812382168028345,veith
O=C(CN1C(=O)NC2(CCCCCC2)C1=O)N1CCN(S(=O)(=O)c2ccc(Cl)cc2)CC1,4.031238394064476,veith
O=C(CN1CCC(CN2CCCCC2)C1)Nc1cc(F)ccc1F,4.051711890003728,challenge
O=C(CN1CCCCC1)Nc1ccc(Br)cc1C(=O)c1ccccc1Cl,4.331238507999185,veith
O=C(CN1CCCCC1)Nc1nnc(-c2ccc([N+](=O)[O-])cc2)s1,4.031238394064476,veith
O=C(CN1CCCCCC1)Nc1ccc(NC(=O)Cn2cnc(-c3ccccc3)cc2=O)cc1,4.292589002003727,challenge
O=C(CN1CCN(CC(=O)Nc2ccccc2Cl)CC1)Nc1ccc2c(c1)OCCO2,4.631238141608918,veith
O=C(CN1CCN(Cc2ccc3c(c2)OCO3)CC1)N1c2ccccc2Sc2ccccc21,4.449695384640936,tox21
O=C(CN1CCN(Cc2ccccc2)CC1)N1CCCc2c1c(=O)oc1ccc(O)cc21,3.981239042028786,veith
O=C(CN1CCN(S(=O)(=O)c2ccc(Cl)cc2)CC1)Nc1ccc2c(c1)OCO2,4.331238507999185,veith
O=C(CN1CCN(S(=O)(=O)c2ccc(F)cc2)CC1)Nc1ccc2c(c1)OCO2,4.231237939860009,veith
O=C(CN1CCN(c2ccc(Cl)cc2)CC1)Nc1ccc(F)c(F)c1,4.731239014571102,veith
O=C(CN1CCN(c2ccc(Cl)cc2)CC1)Nc1cccc(F)c1,4.831238989834795,veith
O=C(CN1CCN(c2ccccn2)CC1)Nc1cccc(N2CCCCC2=O)c1,3.6945196950037276,challenge
O=C(CN1CCN(c2ccccn2)CC1)Nc1ccn(-c2ccccc2Cl)n1,4.9956590320037275,challenge
O=C(CN1CCN(c2nc3ccccc3s2)CC1)Nc1ccc(F)cc1F,4.793663087003727,challenge
O=C(CN1CCOCC1)NC1(Cc2ccc(Cl)cc2)CCOC1,3.5999227620037275,challenge
O=C(CN1CCc2ccccc21)NC(=O)NCc1ccco1,4.081239412948973,veith
O=C(CN1C[C@H](Cc2ccccc2)[C@@H](O)C1)Nc1cc(F)ccc1F,5.085396777003727,challenge
O=C(CNC(=O)/C(=C\c1ccccc1)NC(=O)c1ccc(Br)cc1)OCc1ccccc1,4.731239014571102,veith
O=C(CNC(=O)C1CC1)Nc1nc2ccccc2n1CCc1ccccn1,3.8026645950037277,challenge
O=C(CNC(=O)c1ccc2[nH]ncc2c1)Nc1cccc(F)c1,4.8347144170037275,challenge
O=C(CNC(=O)c1ccco1)OC(C(=O)c1ccccc1)c1ccccc1,3.88123792116939,veith
O=C(CNC(=O)c1cccs1)NCC(=O)OCc1ccc(Cl)cc1,6.181236955344418,veith
O=C(CNC1CCCCCC1)Nc1ccccc1N1CCCCC1.O=C(O)C(=O)O,3.8312389898347954,veith
O=C(CNS(=O)(=O)c1ccc(Br)s1)N1CCC2(CC1)OCCO2,4.231237939860009,veith
O=C(CNc1cccc2ccccc12)N/N=C/C(Br)=C/c1ccccc1,4.88123792116939,veith
O=C(COC(=O)C1CCN(S(=O)(=O)c2cc([N+](=O)[O-])ccc2Cl)CC1)Nc1ncc(Cl)cc1Cl,4.581238740591187,veith
O=C(COC(=O)c1cccc(S(=O)(=O)N2CCN(c3ccccc3)CC2)c1)NCc1ccco1,4.931238759019225,veith
O=C(COC(=O)c1cccc(S(=O)(=O)N2CCOCC2)c1)Nc1nc(-c2ccccc2Cl)cs1,4.631238141608918,veith
O=C(COC(=O)c1ccccc1Nc1ccc(SC(F)F)cc1)NCc1ccco1,4.331238507999185,veith
O=C(COC(=O)c1ccccc1Nc1cccc(C(F)(F)F)c1)NCc1ccco1,4.7812382168028345,veith
O=C(COC(=O)c1cccnc1Nc1cccc(C(F)(F)F)c1)NCc1ccc2c(c1)OCO2,4.731239014571102,veith
O=C(COC(=O)c1ccncc1)NC(=O)C1CCCCC1,4.831238989834795,veith
O=C(CON1C(=O)c2ccccc2C1=O)c1ccccc1,4.487201289787428,ncgc
O=C(COc1ccc(-c2ccccc2)cc1)N/N=C/c1ccccc1Br,4.631238141608918,veith
O=C(COc1ccc(Br)cc1)N1CCC(c2ccccc2)C1,4.131237783223632,veith
O=C(COc1ccc(Cl)cc1)NCCC1=CCCCC1,4.68123872420235,veith
O=C(COc1ccc(F)cc1)Nc1nnc(-c2ccncc2)s1,5.831238989834795,veith
O=C(COc1ccc2c(c1)CCCC2)NC1CCCCC1,5.288130243003728,challenge
O=C(COc1ccc2ccccc2c1)N1CCN(CC2CC3C=CC2C3)CC1.O=C(O)C(=O)O,4.031238394064476,veith
O=C(COc1ccc2ccccc2c1)Nc1ccc(Cc2ccncc2)cc1,5.7812382168028345,veith
O=C(COc1cccc(NC(=O)c2cccc([N+](=O)[O-])c2)c1)c1ccc(Br)cc1,5.331238507999185,veith
O=C(COc1cccc2ccccc12)N1c2ccccc2CCc2ccccc21,4.831238989834795,veith
O=C(COc1ccccc1)NC1CCN(c2ccccc2)C1,5.037214813003728,challenge
O=C(COc1ccccc1)Nc1cc(C(F)(F)F)ccc1N1CCCC1,4.131237783223632,veith
O=C(COc1ccccc1)Nc1ccc(-c2nnc(-c3ccco3)o2)cc1,5.031238394064476,veith
O=C(COc1ccccc1-c1ccccc1)N/N=C/c1cccc2ccccc12,3.981239042028786,veith
O=C(COc1ccccc1C(=O)N/N=C\c1ccc(O)c(O)c1)N/N=C/c1ccc(O)c(O)c1,4.181236955344418,veith
O=C(COc1ccccc1Cl)NC(=S)Nc1cccc(NC(=O)c2ccccc2Cl)c1,5.381238666479966,veith
O=C(COc1ccccc1Cl)Nc1cc(Cl)ccc1Oc1ccccc1,4.88123792116939,veith
O=C(CP(=O)(c1ccccc1)c1ccccc1)Nn1cnnc1,4.181236955344418,veith
O=C(CS)Nc1ccccc1,4.5496968251554915,tox21
O=C(CS)OCCOC(=O)CS,3.888530401930029,tox21
O=C(CSC1CC(=O)N(CC(c2ccccc2)c2ccccc2)C1=O)Nc1ccc(Cl)cc1,4.68123872420235,veith
O=C(CSCC(=O)OCn1nnc2ccccc2c1=O)Nc1ccc(Cl)cc1,4.181236955344418,veith
O=C(CSCc1c(Cl)cccc1Cl)NCc1cccnc1,4.381238666479966,veith
O=C(CSCc1ccc(Cl)cc1)Nc1ccc2c(c1)OCCO2,4.28123853814577,veith
O=C(CSCc1cccc(Br)c1)N/N=C/c1ccc2c(c1)OCO2,4.28123853814577,veith
O=C(CSCc1cccc(Cl)c1)NCc1ccc2c(c1)OCO2,4.68123872420235,veith
O=C(CSCc1ccccc1)Nc1ccc(S(=O)(=O)N2CCOCC2)cc1,4.28123853814577,veith
O=C(CSCc1ccccc1)Nc1cccc(C(=O)Nc2ccccc2C(=O)O)c1,5.631238141608918,veith
O=C(CSCc1ccccc1Cl)NN1C(=O)c2ccccc2C1=O,4.68123872420235,veith
O=C(CSCc1ccccc1Cl)NNC(=S)Nc1ccccc1,4.88123792116939,veith
O=C(CSc1ccc(Cl)cc1)N1CCN(c2ccc(Cl)cc2[N+](=O)[O-])CC1,4.731239014571102,veith
O=C(CSc1ccc(Cl)cc1)Nc1ccc(N2CCN(C(=O)c3ccc(Cl)cc3)CC2)cc1,4.581238740591187,veith
O=C(CSc1ccc(Cl)cc1)Nc1cccc(-c2nc3ncccc3o2)c1,4.7812382168028345,veith
O=C(CSc1ccccn1)Nc1nc2ccc(Br)cc2s1,4.431238405874674,veith
O=C(CSc1n[nH]c(-c2ccccc2O)n1)N1CCCc2ccccc21,5.231237939860008,veith
O=C(CSc1n[nH]c(-c2cccs2)n1)N1CCCc2ccccc21,4.131237783223632,veith
O=C(CSc1nc(-c2ccccc2)cs1)N1CCc2ccccc21,4.28123853814577,veith
O=C(CSc1nc(-c2ccccc2)nc2ccccc12)Nc1nccs1,5.4812387752551235,veith
O=C(CSc1nc2ccccc2[nH]1)Nc1c(F)cccc1F,4.181236955344418,veith
O=C(CSc1nc2ccccc2c(=O)n1-c1ccc(Cl)cc1)c1ccco1,4.731239014571102,veith
O=C(CSc1nc2ccccc2c(=O)n1CCCC(=O)N1CCCC1)NCc1ccco1,4.431238405874674,veith
O=C(CSc1nc2ccccc2c(=O)n1CCCO)NCc1ccccc1,4.181236955344418,veith
O=C(CSc1nc2ccccc2c(=O)n1NC(=O)Cc1ccccc1)NCc1ccccc1Cl,5.68123872420235,veith
O=C(CSc1nc2ccccc2c(=O)n1NC(=O)c1ccccc1)c1ccc(Cl)cc1,5.28123853814577,veith
O=C(CSc1nc2ccccc2o1)N1c2ccccc2Sc2ccc(Cl)cc21,4.7812382168028345,veith
O=C(CSc1nc2ccccc2o1)NC(=O)NCc1ccccc1,4.431238405874674,veith
O=C(CSc1nc2ccccc2o1)Nc1ccccc1N1CCCCCC1,4.181236955344418,veith
O=C(CSc1nc2ccccc2o1)Nc1nc2ccccc2s1,4.68123872420235,veith
O=C(CSc1nc2ccccc2s1)N1c2ccccc2Sc2ccc(C(F)(F)F)cc21,4.731239014571102,veith
O=C(CSc1nc2ccccc2s1)N1c2ccccc2Sc2ccccc21,5.231237939860008,veith
O=C(CSc1nc2ccccc2s1)NNC(=S)Nc1ccc(Br)cc1,4.581238740591187,veith
O=C(CSc1nc2ccccc2s1)c1sc2sc3ccccc3[n+]2c1O,4.487201289787428,ncgc
O=C(CSc1nc2nc(-c3cccs3)cc(C(F)(F)F)c2c(=O)[nH]1)NCc1ccco1,5.4812387752551235,veith
O=C(CSc1ncccn1)Nc1ccc(S(=O)(=O)N2CCCCC2)cc1,4.381238666479966,veith
O=C(CSc1nccn1-c1ncc(C(F)(F)F)cc1Cl)c1ccc(Cl)cc1,4.4812387752551235,veith
O=C(CSc1ncnc2c1cnn2CCc1ccccc1)Nc1ccc(F)cc1,5.28123853814577,veith
O=C(CSc1nnc(-c2ccccc2)n1-c1ccccc1)c1cccs1,4.531238789289352,veith
O=C(CSc1nnc(-c2cccs2)n1-c1ccccc1)N1CCCC1,4.181236955344418,veith
O=C(CSc1nnc(-c2ccncc2)n1Cc1ccccc1)Nc1nccs1,4.28123853814577,veith
O=C(CSc1nnc(CNc2ccc(F)cc2)o1)N1c2ccccc2Sc2ccccc21,4.631238141608918,veith
O=C(CSc1nnc(CNc2ccccc2)o1)N1CCCc2ccccc21,4.081239412948973,veith
O=C(CSc1nnc(COc2ccccc2)n1-c1ccccc1)c1ccccc1,4.28123853814577,veith
O=C(CSc1nnc(Cn2nnc3ccccc32)o1)Nc1cccc(Cl)c1,4.081239412948973,veith
O=C(CSc1nnc(SCc2cccc3ccccc23)s1)c1ccc2c(c1)OCO2,4.631238141608918,veith
O=C(CSc1nnc2c3ccccc3c3ccccc3c2n1)Nc1ccccc1,4.88123792116939,veith
O=C(CSc1nnc2c3ccccc3c3ccccc3c2n1)Nc1ccccc1F,4.181236955344418,veith
O=C(CSc1nncn1-c1ccccc1)Nc1ccc(N2CCOCC2)cc1,4.181236955344418,veith
O=C(C[C@@H](c1ccccc1)N1CCCCC1)c1ccccc1,4.787200049553703,ncgc
O=C(C[C@@H]1C=Cc2ccccc2N1C(=O)c1ccccc1)c1ccccc1,4.884219346423415,ncgc;veith
O=C(C[C@H](c1ccccc1)c1c(O)c2ccccc2oc1=O)c1ccccc1,5.484206266808193,ncgc;veith
O=C(C[N+]1(c2ccccc2)CCOCC1)c1ccccc1,4.487201289787428,ncgc
O=C(C[N+]12CN3CN(CN(C3)C1)C2)c1ccc(-c2ccccc2)cc1,4.787200049553703,ncgc
O=C(C[n+]1cccc(NC(=O)c2ccccc2)c1)c1ccc(NC(=O)c2ccccc2)cc1.[Br-],4.531238789289352,veith
O=C(Cc1c[nH]c2cc(Cl)ccc12)NC1CCc2ncccc2C1,5.0819897370037275,challenge
O=C(Cc1c[nH]c2ccccc12)N1CCc2oc(-c3ccccc3)cc2C1,5.850001740003727,challenge
O=C(Cc1c[nH]c2ccccc12)Nc1ccc(C(=O)O)c(Cl)c1,3.9452835980037277,challenge
O=C(Cc1cc(C2CC2)on1)N1CC(c2ccccc2Br)C1,5.126409165003728,challenge
O=C(Cc1cc2c(ccc3ccccc32)o1)NC1(c2nnn[nH]2)CCC1,4.147181390003728,challenge
O=C(Cc1cc2ccccc2[nH]c1=O)Nc1ccc2[nH]nnc2c1,4.167004022003728,challenge
O=C(Cc1ccc(-c2ccccc2)cc1)Nc1ccccn1,5.696329008003728,challenge
O=C(Cc1ccc(-n2c(=O)[nH]c3ccccc3c2=O)cc1)N1CCN(c2cccc(Cl)c2)CC1,4.731239014571102,veith
O=C(Cc1ccc(-n2nc(C(F)(F)F)c3c2CCCC3)cc1)N1CCCC1,4.860973268082973,pharmabench
O=C(Cc1ccc(-n2nc(C(F)(F)F)c3c2CCCC3)cc1F)N1CCCC1,4.492996482788379,pharmabench
O=C(Cc1ccc(Br)cc1)NS(=O)(=O)c1cc2ccccc2s1,6.066060890003728,challenge
O=C(Cc1ccc(Br)cc1)NS(=O)(=O)c1ncccc1Cl,4.233222165003728,challenge
O=C(Cc1ccc(Br)cc1)Nc1ccccc1Sc1ccccc1,4.831238989834795,veith
O=C(Cc1ccc(Cl)c(Cl)c1)N1CCCC[C@H]1CN1CCCC1,4.084221702678786,ncgc;veith
O=C(Cc1ccc(Cl)cc1)N1CCN(C(=O)c2ccco2)CC1,4.131237783223632,veith
O=C(Cc1ccc(Cl)cc1)Nc1cccc(-c2nnc(-c3ccco3)o2)c1,6.031238394064476,veith
O=C(Cc1ccc(F)cc1F)N1CCC(c2nnc3n2CCC3)CC1,3.219268700003728,challenge
O=C(Cc1ccc(S(=O)(=O)N2CCOCC2)s1)Nc1nc2c(s1)CCCC2,4.081239412948973,veith
O=C(Cc1ccc2[nH]ncc2c1)NCC[C@H]1CCCC[C@H]1O,4.784969100003727,challenge
O=C(Cc1ccc2c(c1)CCCC2)Nc1ccccc1Br,4.081239412948973,veith
O=C(Cc1cccc(C(F)(F)F)n1)Nc1ccc(CCO)cc1,4.835100305003728,challenge
O=C(Cc1cccc2ccccc12)N/N=C/c1ccc(Sc2nc3ccccc3s2)o1,5.831238989834795,veith
O=C(Cc1cccc2cccnc12)N1CCCCC1c1ncon1,4.0867539650037275,challenge
O=C(Cc1ccccc1)N/N=C/c1cc(Br)c(Br)o1,4.131237783223632,veith
O=C(Cc1ccccc1)N/N=C/c1ccccc1OCc1ccc(Cl)cc1,4.381238666479966,veith
O=C(Cc1ccccc1)N/N=C\c1ccc(Br)o1,4.181236955344418,veith
O=C(Cc1ccccc1)NC(=S)Nc1cc(C(F)(F)F)ccc1Cl,4.731239014571102,veith
O=C(Cc1ccccc1)NC(NC(=S)Nc1cc(Cl)ccc1Cl)C(Cl)(Cl)Cl,5.531238789289352,veith
O=C(Cc1ccccc1)NC(NCCc1ccccc1)C(Cl)(Cl)Cl,5.231237939860008,veith
O=C(Cc1ccccc1)NCCSCc1ccc(Cl)cc1,4.68123872420235,veith
O=C(Cc1ccccc1)N[C@@H](Cc1ccccc1)c1nc2ccccc2[nH]1,4.581238740591187,veith
O=C(Cc1ccccc1)Nc1nc(=O)c2ccccc2s1,4.731239014571102,veith
O=C(Cc1ccccc1)Nc1nc2ccc(Cl)cc2c2nc(-c3ccco3)nn12,4.784219133178269,ncgc;veith
O=C(Cc1ccccc1I)Nc1ccccc1,3.8842202108992034,ncgc;veith
O=C(Cc1ccccc1O)N1CCCN(C(=O)c2ccc(Cl)cc2)CC1,4.792124755003727,challenge
O=C(Cc1cccs1)N/N=C/C(Br)=C/c1ccccc1,4.831238989834795,veith
O=C(Cc1cccs1)N1CCC(c2nc3c(nnn3Cc3ccccc3Cl)c(=O)[nH]2)CC1,5.931238759019225,veith
O=C(Cc1cnn(Cc2ccccc2)c1)Nc1ncc(C2CCCCC2)cn1,4.940910657003728,challenge
O=C(Cc1csc(Nc2nc(=S)[nH]c3ccccc23)n1)NCc1cccc(Cl)c1,6.4812387752551235,veith
O=C(Cc1nc(Cc2ccccc2)no1)N1CCCC1c1ccccc1,4.347670543003728,challenge
O=C(Cl)OCCOCCOC(=O)Cl,3.93853028541095,tox21
O=C(Cl)c1cc(C(=O)Cl)cc(C(=O)Cl)c1,4.088530344873387,tox21
O=C(Cn1c(-c2cscn2)nc2ccccc21)Nc1cc(F)ccc1F,4.081239412948973,veith
O=C(Cn1c(=O)[nH]c(=O)c2ccccc21)Nc1cccc(N2CCCNC2=O)c1,2.1521704850037278,challenge
O=C(Cn1c(=O)[nH]c2ccccc2c1=O)NC1CCc2c(F)cccc21,5.298671545003728,challenge
O=C(Cn1c(=O)n(Cc2ccco2)c(=O)c2c3c(sc21)CCCCC3)c1ccccc1,4.88123792116939,veith
O=C(Cn1c(=O)oc2ccccc21)NC(=O)NCc1ccccc1,4.131237783223632,veith
O=C(Cn1c(C(F)(F)F)nc2ccccc21)c1ccc(F)cc1,4.731239014571102,veith
O=C(Cn1c(C(F)(F)F)nc2ccccc21)c1ccccc1,4.28123853814577,veith
O=C(Cn1c(CCc2cccc(F)c2F)nc(=O)c2ccccc21)N(Cc1ccc(-c2ccc(C(F)(F)F)cc2)cc1)C1CCN(c2ccncn2)CC1,6.438109960253245,pharmabench
O=C(Cn1c(CCc2cccc(F)c2F)nc(=O)c2ccccc21)N(Cc1ccc(-c2ccc(C(F)(F)F)cc2)cc1)C1CCNCC1,4.138094575541082,pharmabench
O=C(Cn1c(CCc2cccc(F)c2F)nc(=O)c2cccnc21)N(Cc1ccc(-c2ccc(C(F)(F)F)cc2)cc1)C1CCN(c2ccncn2)CC1,6.338094522802636,pharmabench
O=C(Cn1c(CCc2cccc(F)c2F)nc(=O)c2cccnc21)N(Cc1ccc(-c2ccc(C(F)(F)F)cc2)cc1)C1CCNCC1,4.038094591359665,pharmabench
O=C(Cn1c(SCC(=O)N2CCc3ccccc3C2)nc2ccccc21)NC1CCCC1,4.631238141608918,veith
O=C(Cn1cc(C(=O)N2CCOc3ccccc32)cn1)NC1CCCCC1,4.211255327003728,challenge
O=C(Cn1cc(C(=O)NC(c2cccnc2)C2CC2)cn1)NC1CCCCC1,4.154535550003728,challenge
O=C(Cn1cc(C(=O)c2ccco2)c2ccccc21)NCc1ccco1,4.131237783223632,veith
O=C(Cn1ccc(C(F)(F)F)n1)N1CCC(n2c(=O)oc3ccccc32)C1,4.363710630003728,challenge
O=C(Cn1ccc(C(F)(F)F)n1)NS(=O)(=O)c1cccc2cnccc12,4.870802473003728,challenge
O=C(Cn1ccc2ncc(-c3cccc(C(F)(F)F)c3)cc21)N1CCC1,4.567242511160491,pharmabench
O=C(Cn1ccnc1)c1ccc(-c2ccc(N3C[C@H](Cn4ccnn4)OC3=O)cc2F)cn1,4.435004535810692,pharmabench
O=C(Cn1cnc2c(oc3ccccc32)c1=O)NCc1ccco1,4.331238507999185,veith
O=C(Cn1cnc2ccccc21)NC(c1ccccc1)c1ccccc1,4.081239412948973,veith
O=C(Cn1cnc2ccccc2c1=O)NCCC(=O)Nc1ccc2c(c1)OCCO2,4.4812387752551235,veith
O=C(Cn1cnc2ccccc2c1=O)Nc1nnc(SCc2ccccc2)s1,4.331238507999185,veith
O=C(Cn1nnc(-c2ccccc2)n1)OCc1ccccc1,4.331238507999185,veith
O=C(N/C(=C/c1cccs1)c1nc2ccccc2[nH]1)c1ccccc1,4.381238666479966,veith
O=C(N/N=C(\c1ccccc1)c1cccnc1)C(O)(c1ccccc1)c1ccccc1,5.381238666479966,veith
O=C(N/N=C/C1C(c2ccccc2)C1(Cl)Cl)c1cccc(Br)c1,4.981239042028786,veith
O=C(N/N=C/c1c(Nc2cccc(C(F)(F)F)c2)nc2ccccn2c1=O)c1ccccc1,4.181236955344418,veith
O=C(N/N=C/c1c[nH]c2ccccc12)c1ccn(Cc2ccc(Cl)cc2Cl)n1,5.181236955344418,veith
O=C(N/N=C/c1ccc(Br)s1)c1ccccc1[N+](=O)[O-],4.181236955344418,veith
O=C(N/N=C/c1ccc(Cl)cc1Cl)c1cccc(F)c1,4.081239412948973,veith
O=C(N/N=C/c1ccc(OCc2ccccc2)cc1)c1cccs1,4.7812382168028345,veith
O=C(N/N=C/c1ccc([N+](=O)[O-])o1)c1cc(-c2ccncc2)nc2ccccc12,5.331238507999185,veith
O=C(N/N=C/c1ccc2cccc(OCc3ccccc3)c2n1)c1ccc(Br)cc1,4.731239014571102,veith
O=C(N/N=C/c1cccc(OCc2ccccc2)c1)c1cccs1,4.88123792116939,veith
O=C(N/N=C/c1cccc(Oc2ccc([N+](=O)[O-])cc2[N+](=O)[O-])c1)c1cncc(Br)c1,4.88123792116939,veith
O=C(N/N=C/c1cccc(Oc2ccccc2)c1)c1cccc(Br)c1,4.431238405874674,veith
O=C(N/N=C/c1ccncc1)c1cc([N+](=O)[O-])cc([N+](=O)[O-])c1O,6.4812387752551235,veith
O=C(N/N=C/c1ccncc1)c1cc2c(ccc3ccccc32)o1,5.381238666479966,veith
O=C(N/N=C/c1ccncc1)c1nc(-c2ccccc2)n2c1CCCCC2,5.031238394064476,veith
O=C(N/N=C\c1ccc(-c2ccccc2[N+](=O)[O-])o1)C1COc2cc3ccccc3cc2O1,5.28123853814577,veith
O=C(N/N=C\c1ccc(Sc2ccccn2)o1)c1cccc(Br)c1,4.931238759019225,veith
O=C(N/N=C\c1ccc2c(c1)CCC2)c1ccccc1O,4.88720077167744,ncgc
O=C(N/N=C\c1cn(-c2ccccc2)nc1-c1ccccc1)c1ccc(Br)o1,5.081239412948973,veith
O=C(N/N=C\c1cn(-c2ccccc2)nc1-c1ccccc1)c1ccc2c(c1)OCO2,4.68123872420235,veith
O=C(N1CCC(Cn2cncn2)CC1)C1(c2ccccc2F)CCCC1,4.672456945003728,challenge
O=C(N1CCCC1)C(F)(F)c1ccc(-n2nc(C(F)(F)F)c3c2CCCC3)cc1,4.736034531474673,pharmabench
O=C(N1CCOCC1)N1CCN(c2ccccc2)CC1,4.631238141608918,veith
O=C(NC(=O)c1c(F)cccc1F)Nc1cc(Cl)c(F)c(Cl)c1F,4.1493375227993115,tox21
O=C(NC(=O)c1c(F)cccc1F)Nc1cc(Cl)c(OC(F)(F)C(F)C(F)(F)F)cc1Cl,4.494112045644169,tox21
O=C(NC(=O)c1c(F)cccc1F)Nc1cc(Cl)c(OC(F)(F)C(F)F)c(Cl)c1,4.138530880775606,tox21
O=C(NC(=O)c1c(F)cccc1F)Nc1cc(Cl)c(Oc2ncc(C(F)(F)F)cc2Cl)c(Cl)c1,4.106920023469991,tox21
O=C(NC(=O)c1c(F)cccc1F)Nc1ccc(Cl)cc1,4.088530344873387,tox21
O=C(NC(=O)c1c(F)cccc1F)Nc1ccc(OC(F)(F)C(F)OC(F)(F)F)c(Cl)c1,4.399695684644625,tox21
O=C(NC(=O)c1c(F)cccc1F)Nc1ccc(Oc2ccc(C(F)(F)F)cc2Cl)cc1F,4.488531697426887,tox21
O=C(NC(=O)c1cc(F)c(F)cc1Cl)Nc1cc(F)ccc1N1CCC(C(=O)O)CC1,4.199695243524282,tox21
O=C(NC(=S)N(CCCCO)C1CCCCC1)c1sc2ccccc2c1Cl,4.381238666479966,veith
O=C(NC(=S)N(Cc1ccccc1)Cc1ccccc1)c1ccccc1F,5.331238507999185,veith
O=C(NC(=S)NNC(=O)c1cccs1)c1ccco1,4.081239412948973,veith
O=C(NC(=S)Nc1ccc(N2CCCCC2)c(Cl)c1)c1ccc2c(c1)OCCO2,4.931238759019225,veith
O=C(NC(=S)Nc1ccc2c(c1)OCO2)c1ccccc1,4.68123872420235,veith
O=C(NC(=S)Nc1cccc(Cl)c1N1CCCC1)c1ccc(-c2cccc([N+](=O)[O-])c2)o1,4.581238740591187,veith
O=C(NC(=S)Nc1cccc(Cl)c1N1CCCCC1)c1ccco1,4.581238740591187,veith
O=C(NC(=S)Nc1cccc(Cl)c1N1CCCCC1)c1cccs1,4.68123872420235,veith
O=C(NC(CO)Cc1c[nH]c2ccccc12)c1ccc(NCC2CC2)nc1,5.011049775003728,challenge
O=C(NC(Cc1c[nH]c2ccccc12)c1nnc2n1CCCCC2)c1ccccc1Cl,5.331238507999185,veith
O=C(NC(Cc1ccccc1)C(=O)O)/C(=C\c1ccco1)NC(=O)c1ccc(Br)cc1,4.081239412948973,veith
O=C(NC(NC(=S)Nc1cc(Cl)ccc1Cl)C(Cl)(Cl)Cl)c1ccco1,6.631238141608918,veith
O=C(NC(NC(=S)Nc1ccccc1)C(Cl)(Cl)Cl)c1cccc(Cl)c1,5.181236955344418,veith
O=C(NC(NCc1ccccc1)C(Cl)(Cl)Cl)c1cccnc1,4.131237783223632,veith
O=C(NC(c1cc(F)ccc1F)C(F)F)c1nc2cnccc2s1,4.857979653003728,challenge
O=C(NC(c1ccccn1)C1CCC1)c1nn[nH]c1-c1ccccc1,5.4689125500037274,challenge
O=C(NC(c1ccncc1)C1CC1)c1cccc(OCC(F)F)n1,5.046635412003727,challenge
O=C(NC12CC3CC(CC(C3)C1)C2)C12CC3CC(C1)CC(n1cnc(Cl)n1)(C3)C2,4.181236955344418,veith
O=C(NC12CC3CC(CC(C3)C1)C2)N1CCN(c2nc(-c3ccccc3)cs2)CC1,4.181236955344418,veith
O=C(NC12CC3CC(CC(C3)C1)C2)c1ccc(COc2ccc(Cl)cc2[N+](=O)[O-])o1,4.381238666479966,veith
O=C(NC1CC1)c1cn(-c2cccc(C#Cc3ccc[n+]([O-])c3)c2)c2ncccc2c1=O,3.7253106660829007,pharmabench
O=C(NC1CC12CCOCC2)c1ccc(-c2cn[nH]c2)cc1,5.019840210003728,challenge
O=C(NC1CC1c1ccccc1)N1CCC(c2nc(-c3ccccc3C(F)(F)F)no2)CC1,4.338094522802636,pharmabench
O=C(NC1CCC(OC(F)F)CC1)c1cc(-c2ccccc2)ccn1,4.958956470003728,challenge
O=C(NC1CCCC1)C(c1ccsc1)N(Cc1ccccc1)C(=O)Cc1cccs1,3.981239042028786,veith
O=C(NC1CCCC1)N[C@@](Cc1ccccc1)(c1cc(F)cc(OC(F)(F)C(F)F)c1)c1ccc(Cl)cn1,4.694641846316448,pharmabench
O=C(NC1CCCCC1)C(Cc1ccccc1)N1C(=O)C2C3CCC(C3)C2C1=O,6.28123853814577,veith
O=C(NC1CCCCC1)C(c1cccs1)N(C(=O)C(F)(F)F)c1ccccc1,5.081239412948973,veith
O=C(NC1CCCCC1)C(c1cccs1)N(Cc1cccs1)C(=O)c1ccco1,4.331238507999185,veith
O=C(NC1CCCCC1)C12CC3CC(C1)CC(n1cncn1)(C3)C2,4.581238740591187,veith
O=C(NC1CCCCC1)C1CC=CCC1C(=O)OCC(Cl)=C(Cl)Cl,5.131237783223633,veith
O=C(NC1CCCCC1)NC1CC2CCC(C1)N2Cc1nnnn1Cc1ccc2c(c1)OCO2,4.131237783223632,veith
O=C(NC1CCCCC1)[C@H](C1CCCCC1)n1c(-c2ccc(Cl)cc2)nc2cc(F)c(F)cc21,4.512019720101809,pharmabench
O=C(NC1CCCCC1)c1ccc(COCC(F)(F)F)o1,4.081239412948973,veith
O=C(NC1CCCCC1)c1sc(=S)n2c1[nH]c(=O)c1ccccc12,5.981239042028786,veith
O=C(NC1CCCN(C(=O)C2Cc3ccc(F)cc32)C1)c1ccc2ccccc2c1,5.4432335750037275,challenge
O=C(NC1CCCN(Cc2nnc3n2CCCC3)C1)c1ccc2ccccc2c1,3.5819292480037275,challenge
O=C(NC1CCCN(c2ccc(Cl)cc2Cl)C1)c1ccc2nnc(C(F)F)n2c1,5.020528093003728,challenge
O=C(NC1CCCc2c(O)cccc21)C1CCN(CC(F)(F)F)CC1,4.0776619320037275,challenge
O=C(NC1CCCc2c1cnn2Cc1ccccc1)N1CCCC(c2nc3ccccc3[nH]2)C1,5.7136665250037275,challenge
O=C(NC1CCCc2cnccc21)c1cc2occc2s1,5.030913983003727,challenge
O=C(NC1CCN(C(=O)CCc2ccccc2)CC1)c1ccc2cnccc2n1,4.550284243003728,challenge
O=C(NC1CCN(C(=O)CCc2ccccc2)CC1)c1cccc2nn[nH]c12,5.235617125003728,challenge
O=C(NC1CCN(C(=O)c2ccc3c(c2)OCCCO3)CC1)c1ccsc1,4.422686977003727,challenge
O=C(NC1CCN(Cc2ccccc2)CC1)c1ccc(I)cc1,3.6872033036619767,ncgc
O=C(NC1CCN(c2cccc(Cl)c2)C1)c1cnn2cccnc12,5.276880095003728,challenge
O=C(NC1CCN(c2ccccc2)C1)c1cnn(Cc2ccccc2)c1,5.073080528003728,challenge
O=C(NC1CCN(c2ccccc2)C1=O)c1ccc(CN2C(=O)CCC2=O)cc1,3.574130547003728,challenge
O=C(NC1CCN(c2cccnn2)CC1)N1CCc2c(F)ccc(F)c2C1,4.982498347003728,challenge
O=C(NC1CCOC(c2cccnc2)C1)N1CCCc2ccccc2CC1,4.636523385003728,challenge
O=C(NC1CCOC2(CCCC2)C1)c1ccc2nccnc2n1,2.977566293003728,challenge
O=C(NC1CCOC2(CCCC2)C1)c1csc(Nc2ccccn2)n1,4.703780650003727,challenge
O=C(NC1CCOc2ccc(F)cc21)c1ccc(N2CCCC2)nn1,4.833429582003728,challenge
O=C(NC1CCc2cn[nH]c2C1)c1sc2cc(C(F)(F)F)ccc2c1Cl,5.540528757003727,challenge
O=C(NCC(F)(F)C(F)F)C1CCN(c2ccccc2Cl)C1,5.056307233003728,challenge
O=C(NCC(c1cccnc1)N1CCOCC1)Nc1ccccc1,3.931238759019225,veith
O=C(NCC1(O)CCCc2ccccc21)c1c[nH]nc1-c1ccc(Cl)cc1,4.6291409470037275,challenge
O=C(NCC12CC3CC(CC(C3)C1)C2)c1cc2n(n1)C(C(F)(F)F)CC(c1ccco1)N2,4.381238666479966,veith
O=C(NCC1CC1)[C@@H]1C[C@H]1[C@@H](NP(=O)(c1ccccc1)c1ccccc1)c1ccccc1,4.284220827875583,ncgc;veith
O=C(NCC1CC1)[C@H]1C[C@@H]1[C@H](NP(=O)(c1ccccc1)c1ccccc1)c1ccccc1,4.084221702678786,ncgc;veith
O=C(NCC1CCC1)c1cnc(Nc2cccc(Cl)c2)nc1C(F)(F)F,4.860973268082973,pharmabench
O=C(NCC1CCC2(CCOCC2)O1)c1coc(-c2ccccc2)n1,4.773683410003728,challenge
O=C(NCC1CCCC2(CCC2)O1)Nc1cc2ccccc2nn1,4.2691437420037275,challenge
O=C(NCC1CCCO1)C1c2ccccc2C(=O)N1Cc1ccc2c(c1)OCO2,4.231237939860009,veith
O=C(NCC1CCCO1)c1ccc2c(=O)n(Cc3ccco3)c(SCC(=O)N3CCCC3)nc2c1,4.931238759019225,veith
O=C(NCC1CCCO1)c1nn2c(c1Cl)NC(c1ccc(F)cc1)CC2C(F)(F)F,3.88123792116939,veith
O=C(NCC1CCCO1)c1onc(CSc2ccccc2F)c1C(=O)O,4.4812387752551235,veith
O=C(NCC1CCN(Cc2cccs2)CC1)c1cc(C2CC2)[nH]n1,2.8985127520037275,challenge
O=C(NCC1CCN(c2ccc(Cl)cc2)C1)c1cc2c(cn1)OCCO2,5.5584617770037275,challenge
O=C(NCC1CCN(c2ccncc2)CC1)C1CCN(CC(F)(F)F)CC1,3.3678100550037278,challenge
O=C(NCC1CCOCC1)c1cnc(Nc2cc(Cl)cc(Cl)c2)nc1C(F)(F)F,4.224151170495799,pharmabench
O=C(NCC1CCOCC1)c1cnc(Nc2cccc(Cl)c2)nc1C(F)(F)F,4.082822017699329,pharmabench
O=C(NCC1CCOCC1)c1cnc(Nc2cccc(Cl)c2F)nc1C(F)(F)F,3.463033259410936,pharmabench
O=C(NCC1CCOCC1)c1cnc(Nc2cccc(OC(F)(F)F)c2)cc1C1CC1,4.133974540146711,pharmabench
O=C(NCC1CCOCC1)c1ncccc1NC(=O)c1ccc(Cn2ccnn2)c2ccccc12,5.518550587260767,pharmabench
O=C(NCC1CCOc2ccccc21)N1CCC(C2CCNC2)CC1,5.111023240003727,challenge
O=C(NCC1CCS(=O)(=O)CC1)N1CCc2ccccc2[C@@H]1c1ccccc1,3.9272840730037277,challenge
O=C(NCC1CN(C2CC2)C(=O)O1)c1cc(-c2ccncc2)nc2ccccc12,4.871511415003727,challenge
O=C(NCC1CN(c2ccc(N3CCOCC3=O)cc2)C(=O)O1)c1ccc(Cl)s1,4.649695361961072,tox21
O=C(NCC1CN2CCCC2CO1)c1ccc(-n2ncc3ccccc32)cc1Cl,4.488945390003727,challenge
O=C(NCC1COc2ccccc2O1)C1C2C=CC3(CN(Cc4cccs4)C(=O)C13)O2,3.7812382168028345,veith
O=C(NCC1OCCc2ccccc21)c1occc1COc1ccccc1,5.383323447003728,challenge
O=C(NCCC(c1ccc(F)cc1)c1ccc(F)cc1)N1CCC(Oc2cnccn2)CC1,4.87569652490368,pharmabench
O=C(NCCC(c1ccccc1)c1ccccc1)c1cccnc1,3.8609732680829736,pharmabench
O=C(NCCC1=CCCCC1)C1CCCN(c2nc3ccccc3o2)C1,4.731239014571102,veith
O=C(NCCCCc1ccccc1)C1CC(c2ccccc2[N+](=O)[O-])=NO1,3.7812382168028345,veith
O=C(NCCCN1CCN(c2cccc(Cl)c2)CC1)C1CCC(=O)N1Cc1ccccc1Cl,4.081239412948973,veith
O=C(NCCCN1CCc2ccccc2C1)Nc1ccc(Cl)cc1,4.131237783223632,veith
O=C(NCCCc1ccccc1)c1cccs1,4.081239412948973,veith
O=C(NCCCn1ccnc1)Nc1ccc(Cl)cc1,5.7812382168028345,veith
O=C(NCCCn1ccnc1)c1ccc(Br)c(S(=O)(=O)N2CCOCC2)c1,5.431238405874674,veith
O=C(NCCN1C(=O)CNC1=O)N1CCc2[nH]c3ccc(F)cc3c2C1,3.9161885400037275,challenge
O=C(NCCN1CCCCC1)c1ccc(I)cc1,3.787202796262461,ncgc
O=C(NCCN1CCN(C(=O)C(c2ccccc2)c2ccccc2)CC1)C(=O)Nc1ccccc1,4.181236955344418,veith
O=C(NCCN1CCc2sccc2C1)c1cc2ccccc2[nH]1,4.572768910003727,challenge
O=C(NCCNC(=O)c1cc(OCC(F)(F)F)ccc1OCC(F)(F)F)Nc1ccc(OC(F)(F)F)cc1,4.731239014571102,veith
O=C(NCCNC(=O)c1cccc(-c2cccs2)n1)NC1CCCCC1,4.845993327003728,challenge
O=C(NCCNc1ccc([N+](=O)[O-])cc1)c1ccccc1Br,4.131237783223632,veith
O=C(NCCO)c1ccc(Cl)cc1,4.587200720463143,ncgc
O=C(NCCO)c1ccccc1Oc1ncc(Cl)cc1NS(=O)(=O)c1ccc(Cl)c(Cl)c1,4.638094725248053,pharmabench
O=C(NCCOC12CC3CC(CC(C3)C1)C2)c1cccc(Br)c1,4.131237783223632,veith
O=C(NCCO[N+](=O)[O-])c1cccnc1,4.984216978540185,ncgc;veith
O=C(NCCOc1cccc(C(F)(F)F)n1)c1ccnc(NC(=O)C2CC2)c1,4.9638662300037275,challenge
O=C(NCCOc1nc(N2CCOCC2)nc(N2CCOCC2)n1)Nc1ccccc1,4.081239412948973,veith
O=C(NCCc1c[nH]c2c(Cl)cccc12)C(F)(F)c1cccnc1,6.059388985003728,challenge
O=C(NCCc1c[nH]c2ccccc12)C1CCN(c2nnc(N3CCCC3=O)s2)CC1,4.28123853814577,veith
O=C(NCCc1c[nH]c2ccccc12)[C@@H]1C[C@H]1[C@@H](NP(=O)(c1ccccc1)c1ccccc1)c1ccccc1,5.884210701854814,ncgc;veith
O=C(NCCc1c[nH]c2ccccc12)[C@H]1C[C@@H]1[C@H](NP(=O)(c1ccccc1)c1ccccc1)c1ccccc1,4.984216978540185,ncgc;veith
O=C(NCCc1c[nH]c2ccccc12)c1cccnc1,4.449695384640936,tox21
O=C(NCCc1ccc(Cl)cc1)C1CCN(S(=O)(=O)N2CCC3(CC2)OCCO3)CC1,4.431238405874674,veith
O=C(NCCc1ccc(Cl)cc1)Nc1cccc(Cl)c1,4.68123872420235,veith
O=C(NCCc1cccc(Cl)c1)N1CCCC2(CCC2)C1,5.1212969520037275,challenge
O=C(NCCc1ccccc1)N1c2ccccc2Sc2ccccc21,4.181236955344418,veith
O=C(NCCc1ccccc1)c1noc2c1CCc1ccccc1-2,4.431238405874674,veith
O=C(NCCc1ccccc1OC(F)F)N1CCOCC(C2CCC2)C1,5.153533138003728,challenge
O=C(NCCc1ccn(-c2ccc(F)cc2)n1)c1ccc(NCC2CC2)nc1,5.656788533003728,challenge
O=C(NCCc1cnn(-c2ccccc2)n1)C1(c2ccc(Cl)cc2)CC1,5.930513282003727,challenge
O=C(NCCc1csc(-c2ccccc2)n1)c1cc(C2CC2)[nH]n1,5.749082955003728,challenge
O=C(NCCc1nc2ccccc2s1)C1NCC12CCOCC2,3.7177886100037276,challenge
O=C(NCCc1nnc(-c2ccccc2)o1)c1ccc(F)c(Cl)c1,4.826146405003728,challenge
O=C(NCCc1nnc(-c2ccccc2)o1)c1ncncc1Cl,4.1597844150037275,challenge
O=C(NCCn1cc(-c2ccccc2)nn1)c1cc(F)c2ncccc2c1,4.924822900003727,challenge
O=C(NC[C@@H](Cc1ccccc1)N1CCC(O)(C(F)(F)F)CC1)C1(c2ccc(Cl)cc2)CCCC1,4.280999233189968,pharmabench
O=C(NC[C@@H]1OC(=O)N2c3ccc(N4CCOCC4=O)cc3OC[C@@H]12)c1ccc(Cl)s1,3.7023092872689847,pharmabench
O=C(NC[C@H]1CCCCN1)c1cc(OCC(F)(F)F)ccc1OCC(F)(F)F,4.3842204094659465,ncgc;veith
O=C(NC[C@H]1CCCO1)N1CCc2ccccc2[C@@H]1c1ccccc1,4.520361398003728,challenge
O=C(NC[C@]1(CC2CC2)CC[C@@H](S(=O)(=O)c2c[nH]nn2)CC1)c1ccc(Cl)cc1Cl,7.338094522802636,pharmabench
O=C(NC[C@]1(c2ccccc2)C[C@H](O)C1)Nc1nnc(C2CC2)s1,4.612095185003728,challenge
O=C(NCc1c(F)cccc1Cl)N1CCN(c2nnc(C(F)(F)F)s2)CC1,4.708787185003728,challenge
O=C(NCc1c[nH]c(=O)c2ccccc12)N1CC2(CC=CC2)C1c1ccccc1,4.980314720003728,challenge
O=C(NCc1c[nH]c(=O)c2ccccc12)c1cnn(C2CCC2)c1,3.948041368003728,challenge
O=C(NCc1cc(F)cc2c1OCCO2)[C@H]1C[C@@H]1[C@H](NP(=O)(c1ccccc1)c1ccccc1)c1ccccc1,4.184219245074232,ncgc;veith
O=C(NCc1ccc(-c2ccncc2)cc1)NCc1ccc(-n2cccn2)cc1,4.671258370003728,challenge
O=C(NCc1ccc(-c2nnn[nH]2)cc1)C1CCCN1C(=O)Cc1cccs1,4.823999748003728,challenge
O=C(NCc1ccc(-n2ccnc2)c(F)c1)c1ccc(O)c(Cl)c1,6.476960755003728,challenge
O=C(NCc1ccc(-n2ccnc2)nc1)C1CCCN1c1nccs1,5.049639750003728,challenge
O=C(NCc1ccc(-n2ccnc2)nc1)Nc1cc(F)cc(Cl)c1,6.1583240370037275,challenge
O=C(NCc1ccc(-n2cnc3ccccc32)cc1)NC(CO)Cc1ccc(F)cc1,5.205219553003728,challenge
O=C(NCc1ccc(C(=O)N2CCCC2)cc1)c1cc2cnccc2[nH]1,5.684882009027292,pharmabench
O=C(NCc1ccc(C2CC2)cc1)NCC1CCCC1O,4.270845085003728,challenge
O=C(NCc1ccc(C2CCCCC2)cc1)NCc1cnccn1,4.795764457003727,challenge
O=C(NCc1ccc(Cl)cc1Cl)N1CCC(Oc2ccccc2)CC1,5.191966487124398,pharmabench
O=C(NCc1ccc(Cl)cc1Cl)N1CCC(Oc2ccncc2)CC1,6.338094522802636,pharmabench
O=C(NCc1ccc(Cl)cc1Cl)N1CCC(Oc2ncccn2)CC1,3.981113121809505,pharmabench
O=C(NCc1ccc(Cl)nc1)Nc1ccc(S(=O)(=O)c2ccccc2)cc1,5.090121256440829,pharmabench
O=C(NCc1ccc(F)cc1)C(c1ccncc1)N(C(=O)c1csnn1)C1CC1,4.331238507999185,veith
O=C(NCc1ccc(F)cc1)C1CCN(S(=O)(=O)N2CCCCC2)CC1,4.28123853814577,veith
O=C(NCc1ccc(F)cc1)c1cnc(Nc2cccc(Cl)c2)nc1C(F)(F)F,4.435004535810692,pharmabench
O=C(NCc1ccc(NS(=O)(=O)C2CCCC2)cc1)c1cc2cnccc2[nH]1,5.781792022035348,pharmabench
O=C(NCc1ccc(Oc2ccccc2)nc1)[C@H]1OC[C@H]2CCC[C@H]21,4.431864648003728,challenge
O=C(NCc1ccc(S(=O)(=O)C2CCCCC2)cc1)N1Cc2ccncc2C1,6.435004535810692,pharmabench
O=C(NCc1ccc(S(=O)(=O)C2CCN(C3CCOCC3)CC2)cc1)c1cc2ccncc2o1,5.860973268082973,pharmabench
O=C(NCc1ccc(S(=O)(=O)C2CCN(C3CCOCC3)CC2)cc1)c1cc2cnccc2[nH]1,6.0370645271386545,pharmabench
O=C(NCc1ccc(S(=O)(=O)c2cc(F)cc(F)c2)cc1)c1cc2cnccc2[nH]1,6.559943272418992,pharmabench
O=C(NCc1ccc(S(=O)(=O)c2cc(F)cc(F)c2)cc1)c1ccc2nccn2c1,6.0370645271386545,pharmabench
O=C(NCc1ccc(S(=O)(=O)c2cc(F)cc(F)c2)cn1)c1cc2ccncc2o1,6.0370645271386545,pharmabench
O=C(NCc1ccc(S(=O)(=O)c2cccc(C(F)(F)F)c2)cc1)c1cnc2[nH]ncc2c1,6.492996482788379,pharmabench
O=C(NCc1ccc(S(=O)(=O)c2ccccc2)cc1)N1Cc2ccncc2C1,6.639124518466617,pharmabench
O=C(NCc1ccc([S+]([O-])c2cc(F)cc(F)c2)cn1)c1cc2ccncc2o1,5.338094522802636,pharmabench
O=C(NCc1ccc2c(c1)OCO2)c1cc(-c2ccc(Cl)cc2Cl)on1,4.331238507999185,veith
O=C(NCc1ccc2occc2c1)NC1CCCc2cn(C3CCCC3)nc21,5.151539188003728,challenge
O=C(NCc1cccc(CO)c1)N1CCCC1Cc1ccc(F)cc1,4.607014355003727,challenge
O=C(NCc1cccc(N2CCOCC2)n1)c1ccc2c(c1O)CCCC2,5.576730485003727,challenge
O=C(NCc1cccc(OC(F)(F)F)c1)NC1CC12CCOCC2,4.138366385003728,challenge
O=C(NCc1cccc2[nH]ccc12)Nc1cccc(N2CCCC2)c1,5.421519808003728,challenge
O=C(NCc1ccccc1)C(c1ccc(F)cc1)N(Cc1ccco1)C(=O)c1ccccn1,4.081239412948973,veith
O=C(NCc1ccccc1)C(c1cccs1)N(Cc1cccs1)C(=O)c1cnccn1,4.081239412948973,veith
O=C(NCc1ccccc1)C(c1ccncc1)N(C(=O)c1csnn1)C1CC1,5.031238394064476,veith
O=C(NCc1ccccc1)C12CN(Cc3ccccc3)CC1C(c1cccc([N+](=O)[O-])c1)=NO2,4.381238666479966,veith
O=C(NCc1ccccc1)[C@@H]1C[C@H]1[C@@H](NP(=O)(c1ccccc1)c1ccccc1)c1ccccc1,3.8842202108992034,ncgc;veith
O=C(NCc1ccccc1)[C@H]1C[C@@H]1[C@H](NP(=O)(c1ccccc1)c1ccccc1)c1ccccc1,5.384228610767986,ncgc;veith
O=C(NCc1ccccc1)c1ccc(S(=O)(=O)N2CCCc3ccccc32)cc1,4.7812382168028345,veith
O=C(NCc1ccccc1)c1cccc(COc2cccc(Cl)c2)c1,4.031238394064476,veith
O=C(NCc1ccccc1)c1onc(CSc2ccc(F)cc2)c1C(=O)NCCCN1CCOCC1,4.181236955344418,veith
O=C(NCc1ccccc1)c1sc(=S)n2c1[nH]c(=O)c1ccccc12,5.831238989834795,veith
O=C(NCc1ccccc1-c1ccncc1)C(O)c1cccc(C(F)(F)F)c1,6.375863372003728,challenge
O=C(NCc1ccccc1Cl)C1CCN(S(=O)(=O)N2CCC3(CC2)OCCO3)CC1,4.131237783223632,veith
O=C(NCc1ccccc1Cl)c1ccc2c(=O)n(CCCN3CCCC3=O)c(=S)[nH]c2c1,4.331238507999185,veith
O=C(NCc1ccccc1OC(F)(F)F)N1CCC(Oc2ccncc2)CC1,5.435004535810692,pharmabench
O=C(NCc1ccccc1OC(F)(F)F)N1CCC(Oc2ncccn2)CC1,4.329494351040718,pharmabench
O=C(NCc1ccccn1)[C@H]1C[C@@H]1[C@H](NP(=O)(c1ccccc1)c1ccccc1)c1ccccc1,3.6872033036619767,ncgc
O=C(NCc1cccnc1)/C(=C/c1ccc(-c2cccc(Cl)c2)o1)S(=O)(=O)c1ccccc1,4.4812387752551235,veith
O=C(NCc1cccnc1)C1c2ccccc2C(=O)N1C1CCCCCCC1,4.131237783223632,veith
O=C(NCc1cccnc1)Nc1ccc(S(=O)(=O)N2C3CCC2COC3)cc1,5.3169052237326975,pharmabench
O=C(NCc1cccnc1)Nc1ccc(S(=O)(=O)N2CCOCC2)cc1,6.0370645271386545,pharmabench
O=C(NCc1cccnc1)Nc1ccc(S(=O)(=O)c2ccccc2)cc1,6.505585610096399,pharmabench
O=C(NCc1cccnc1)Nc1ccc([N+](=O)[O-])cc1,4.8885327127793925,tox21
O=C(NCc1cccnc1)c1[nH]nc(-c2ccccc2)c1Br,4.9853923620037275,challenge
O=C(NCc1cccnc1)c1sc2cc(Cl)ccc2c1Cl,4.28123853814577,veith
O=C(NCc1ccco1)C(c1ccccc1)N(C(=O)Cc1cccs1)c1ccccc1F,4.181236955344418,veith
O=C(NCc1ccco1)Nc1cccs1,4.231237939860009,veith
O=C(NCc1ccco1)c1ccccc1NS(=O)(=O)c1ccc(Br)s1,5.88123792116939,veith
O=C(NCc1ccco1)c1nc2c(nnn2Cc2cccc(Cl)c2)c(=O)[nH]1,4.081239412948973,veith
O=C(NCc1ccncc1)Nc1cccc(CNC(=O)c2ccc(-n3cnc4ccccc43)cc2)c1,6.923698355003728,challenge
O=C(NCc1ccncc1)c1cnc(Nc2cccc(Cl)c2)nc1C(F)(F)F,5.3838520133633105,pharmabench
O=C(NCc1ccncc1)c1nc(CS(=O)(=O)c2ccccc2)no1,4.995671841980429,pharmabench
O=C(NCc1ccoc1)N1CCC(c2c[nH]c3ccccc23)CC1,5.3706621550037275,challenge
O=C(NCc1cncc(F)c1)Nc1ccc(S(=O)(=O)c2ccccc2)cc1,6.4688628030716595,pharmabench
O=C(NCc1cnccn1)NCC1CCN(c2ccc(Cl)cc2)C1,4.538471022003728,challenge
O=C(NCc1cnccn1)Nc1ccc(S(=O)(=O)c2ccccc2)cc1,5.675336691121061,pharmabench
O=C(NCc1cncnc1)Nc1ccc(S(=O)(=O)c2ccccc2)cc1,6.164908254390362,pharmabench
O=C(NCc1coc2ccccc12)N1C2CCC1COC2,4.008625910003728,challenge
O=C(NCc1n[nH]c(=S)n1-c1cccc(Cl)c1)c1ccc(S(=O)(=O)N2CCCC2)cc1,4.031238394064476,veith
O=C(NCc1n[nH]c(=S)n1-c1ccccc1)c1ccc(S(=O)(=O)N2CCOCC2)cc1,4.131237783223632,veith
O=C(NCc1n[nH]c2c1CN(C(=O)CO)CC2)c1ccc2[nH]ncc2c1,3.8682677950037276,challenge
O=C(NCc1nc(-c2ccncc2)cs1)N1CCC[C@H]1C(F)F,5.094013132003727,challenge
O=C(NCc1nc2cc(F)ccc2[nH]1)C1CCCN(C(=O)c2ccccc2)C1,4.653624925003728,challenge
O=C(NCc1nc2ccccc2[nH]1)[C@H]1C[C@@H]1[C@H](NP(=O)(c1ccccc1)c1ccccc1)c1ccccc1,4.184219245074232,ncgc;veith
O=C(NCc1nc2ccccc2s1)C(O)c1cc(Cl)cc(Cl)c1,5.3059122000037275,challenge
O=C(NCc1ncc(Br)cn1)C1CCc2cccc(O)c21,4.335762280003728,challenge
O=C(NCc1ncccc1F)N1CCC(CCc2ccc(F)cc2F)CC1,5.510418150003727,challenge
O=C(NCc1nnc2n1CCCCC2)NC1CC1c1cccc(F)c1,3.2289937720037276,challenge
O=C(NCc1noc(-c2cccc(F)c2)n1)c1ccnn1C1CCC1,5.014810697003727,challenge
O=C(NN=C1C2CC3CC(C2)CC1C3)c1cc(Cl)ccc1O,4.381238666479966,veith
O=C(NN=c1c(=O)c2ccccc2c1=O)c1ccccc1,4.081239412948973,veith
O=C(NNC(=O)c1cc(-c2ccc(Cl)c(Cl)c2)nc2ccccc12)Nc1ccccc1,4.631238141608918,veith
O=C(NNC(=O)c1ccccc1O)c1ccc(Cl)cc1,3.981239042028786,veith
O=C(NNC(=S)NC(=O)c1cccnc1)c1ccccc1,4.531238789289352,veith
O=C(NNC(=S)NCc1ccco1)c1ccc(Cl)s1,4.631238141608918,veith
O=C(NNS(=O)(=O)c1cc(Cl)cc(Cl)c1)c1sccc1-n1cccc1,6.181236955344418,veith
O=C(NNS(=O)(=O)c1ccc(Cl)cc1)c1cnn(-c2ccccc2)c1-n1cccc1,5.031238394064476,veith
O=C(NNS(=O)(=O)c1ccc(Cl)cc1)c1sccc1-n1cccc1,5.381238666479966,veith
O=C(NNc1nc2ccccc2s1)c1ccccc1F,4.231237939860009,veith
O=C(NO)C1(NS(=O)(=O)c2ccc(Oc3ccc(F)cc3)cc2)CCOCC1,4.038530441677591,tox21
O=C(NO)c1ccccc1,4.109864395452711,tox21
O=C(NOCC1CC1)c1ccc(F)c(F)c1Nc1ccc(I)cc1Cl,5.849661966844502,tox21
O=C(NOCCO)c1ccc2cnsc2c1Nc1ccc(I)cc1F,5.224151170495799,pharmabench
O=C(NS(=O)(=O)/C=C/c1cccs1)c1ccc(F)cc1Br,4.838529434479041,tox21
O=C(N[C@@H](Cc1ccccc1)C(=O)CCl)OCc1ccccc1,4.187201534804045,ncgc
O=C(N[C@@H](Cc1ccccc1)[C@@H](O)C(=O)N1C[C@@H](O)[C@@H](O)C1)c1cc2cc(Cl)ccc2[nH]1,4.088530344873387,tox21
O=C(N[C@@H](c1ccccc1)[C@@H]1CCCCN1)c1cccc(C(F)(F)F)c1Cl,4.088530344873387,tox21
O=C(N[C@@H](c1ccccc1)[C@@H]1C[C@H]1C(=O)NCc1ccccc1)OCc1ccccc1,4.6842193775900025,ncgc;veith
O=C(N[C@@H](c1ccccc1)[C@@H]1C[C@H]1C(=O)NCc1ccccn1)OCc1ccccc1,3.987203621488413,ncgc
O=C(N[C@@H]1CC(Cn2ccnc2)C[C@H]1O)c1ccn2nncc2c1,5.332874845003728,challenge
O=C(N[C@@H]1CC(Cn2ccnc2)C[C@H]1O)c1cnc2ncccn12,4.986158810003728,challenge
O=C(N[C@@H]1CCc2cc(Cl)ccc21)c1c[nH]nc1C1CCCNC1,3.812474378003728,challenge
O=C(N[C@H](CO)[C@H](O)c1ccc([N+](=O)[O-])cc1)C(Cl)Cl,4.138530880775606,tox21
O=C(N[C@H]1CCC[C@H]1Oc1cn[nH]c1)c1ncoc1C1CC1,4.6372145220037275,challenge
O=C(N[C@H]1CCC[C@H]1n1ccnc1)c1ccc(N2CCNC2=O)cc1,2.4228409350037277,challenge
O=C(N[C@H]1CCO[C@@H]1c1ccncc1)c1ccc(C(F)F)c(F)c1,5.403005335003727,challenge
O=C(N[C@H]1CC[C@H](O)CC1)[C@H](C1CCCCC1)n1c(-c2ccc(Cl)cc2)nc2cc(F)c(F)cc21,3.7360345314746737,pharmabench
O=C(N[C@H]1C[C@H](Oc2ccccc2)C1)c1conc1C1CC1,4.9628648700037274,challenge
O=C(N[C@H]1N=C(c2ccccc2F)c2cccc3c2N(CC3)C1=O)c1cc2ccccc2[nH]1,4.649695361961072,tox21
O=C(Nc1c[nH]nc1-c1ccccc1)c1cccc(-c2ncn[nH]2)c1,4.125459848003728,challenge
O=C(Nc1c[nH]nc1-c1ccccn1)c1n[nH]c2ccccc12,5.841189035003728,challenge
O=C(Nc1c[nH]nc1-c1nccs1)[C@H]1C[C@](O)(c2cccc(Cl)c2)C1,5.334248703003728,challenge
O=C(Nc1cc(-c2nc3ccccc3s2)ccc1Cl)c1ccc2c(c1)OCO2,5.031238394064476,veith
O=C(Nc1cc(C(=O)Nc2ccc(S(=O)(=O)[O-])cc2S(=O)(=O)[O-])cc(C(=O)Nc2ccc(S(=O)(=O)[O-])cc2S(=O)(=O)[O-])c1)Nc1cc(C(=O)Nc2ccc(S(=O)(=O)[O-])cc2S(=O)(=O)[O-])cc(C(=O)Nc2ccc(S(=O)(=O)[O-])cc2S(=O)(=O)[O-])c1.[Na+].[Na+].[Na+].[Na+].[Na+].[Na+].[Na+].[Na+],4.3842204094659465,ncgc;veith
O=C(Nc1cc(C(F)(F)F)ccc1-n1cncn1)c1ccc(Br)cc1,4.7812382168028345,veith
O=C(Nc1cc(C2CCOCC2)[nH]n1)c1ccc(S(=O)(=O)C2CCC2)cc1,3.8299585080037275,challenge
O=C(Nc1cc(Sc2ccccn2)cc([N+](=O)[O-])c1)c1ccc(Cl)cc1,5.081239412948973,veith
O=C(Nc1cc2c3c(c1)CCC(=O)N3CCC2)c1ccco1,3.926823972003728,challenge
O=C(Nc1cc2n(n1)CCCC2)N1CCN(c2ncnc3sccc23)CC1,5.2929606750037275,challenge
O=C(Nc1ccc(-c2nc3ccccc3[nH]2)cc1)c1ccc2c(c1)OCO2,5.131237783223633,veith
O=C(Nc1ccc(-c2nnc(NCCCCN3CCOCC3)o2)c(F)c1)c1ccccc1F,3.6305243467046995,pharmabench
O=C(Nc1ccc(-c2nnn[nH]2)cc1F)[C@H](C1CCCCC1)n1c(-c2ccc(Cl)cc2)nc2cc(F)c(F)cc21,4.48683617408356,pharmabench
O=C(Nc1ccc(-n2nn[nH]c2=O)cc1)c1cc(F)ccc1Cl,4.119982493003728,challenge
O=C(Nc1ccc(-n2nn[nH]c2=O)cc1)c1ccc(NS(=O)(=O)c2ccccc2)cc1,4.666424627003727,challenge
O=C(Nc1ccc(-n2nncc2-c2ccco2)cc1)c1cc2ccccc2oc1=O,4.931238759019225,veith
O=C(Nc1ccc(Br)cc1)C1CCC(=O)N1Cc1ccccc1Cl,5.631238141608918,veith
O=C(Nc1ccc(Br)cc1)c1ccc(CSC2=NCCS2)cc1,4.431238405874674,veith
O=C(Nc1ccc(C(F)(F)F)cc1)c1cccn(Cc2ccc3c(c2)OC(F)(F)O3)c1=O,4.331238507999185,veith
O=C(Nc1ccc(C2CCC2)cn1)NC1CC12CCOCC2,4.599239127003727,challenge
O=C(Nc1ccc(Cc2ccncc2)cc1)c1ccc(S(=O)(=O)N2CCOCC2)cc1,5.28123853814577,veith
O=C(Nc1ccc(Cl)c(C(F)(F)F)c1)C1CCCN(S(=O)(=O)c2cnc[nH]2)C1,5.581238740591187,veith
O=C(Nc1ccc(Cl)c(Cl)c1)C1CC1,4.199695243524282,tox21
O=C(Nc1ccc(Cl)cc1)N1CCc2[nH]c3ccccc3c2C1,4.68123872420235,veith
O=C(Nc1ccc(Cl)cc1)Nc1nccs1,4.031238394064476,veith
O=C(Nc1ccc(Cl)cc1)OC(CN1CCCCC1)C(F)(F)F,4.381238666479966,veith
O=C(Nc1ccc(Cl)cc1)OCCn1nnnc1C(c1ccccc1Cl)N1CCOCC1,4.631238141608918,veith
O=C(Nc1ccc(Cl)cc1)OCc1cc(-c2ccccc2)on1,4.831238989834795,veith
O=C(Nc1ccc(Cl)cc1)OCc1cn(-c2ccc(Cl)cc2)nn1,4.731239014571102,veith
O=C(Nc1ccc(Cl)cc1)c1cnc(-c2ccccc2)nc1-c1ccccc1,5.381238666479966,veith
O=C(Nc1ccc(Cl)cc1Cl)c1cccc(N2C(=O)C=CC2=O)c1,4.231237939860009,veith
O=C(Nc1ccc(Cl)cc1Cl)c1cn[nH]n1,5.639124518466617,pharmabench
O=C(Nc1ccc(Cn2cccn2)cc1)c1c[nH]nc1-c1cccnc1,4.008129688003728,challenge
O=C(Nc1ccc(F)cc1)N1N=C(c2ccncc2)CC1c1ccc(F)cc1,5.082822017699329,pharmabench
O=C(Nc1ccc(F)cc1)Nc1nnc(-c2ccncc2)s1,5.581238740591187,veith
O=C(Nc1ccc(F)cc1)c1cc(S(=O)(=O)N2CCCCC2)cs1,4.181236955344418,veith
O=C(Nc1ccc(F)cc1)c1ccc(-n2ccnc2)nc1,6.031238394064476,veith
O=C(Nc1ccc(F)cc1)c1cnc(-c2ccccc2)nc1-c1ccccc1,4.581238740591187,veith
O=C(Nc1ccc(F)cc1F)c1cccnc1Oc1cccc(C(F)(F)F)c1,4.597267193646849,tox21
O=C(Nc1ccc(F)cc1OCC(F)F)c1ncccc1F,4.434269245003728,challenge
O=C(Nc1ccc(N2C(=O)CC(c3ccccc3)C2=O)c(Cl)c1)c1ccccn1,4.3985752701840175,pharmabench
O=C(Nc1ccc(NC(=O)C2CCCO2)cc1)NC1CCCN(c2ccccc2Cl)C1=O,3.9242788950037277,challenge
O=C(Nc1ccc(O)cc1Cl)c1ccccc1OC(F)(F)F,5.368831337003727,challenge
O=C(Nc1ccc(OC(F)(F)F)cc1)N1CCC(n2cccc2)CC1,4.29670183764441,pharmabench
O=C(Nc1ccc(OC2(C(=O)O)CC2)cc1F)[C@H](C1CCCCC1)n1c(-c2ccc(Cl)cc2)nc2cc(F)c(F)cc21,3.8756965249036806,pharmabench
O=C(Nc1ccc(Oc2ccc(Cl)cc2)c(Cl)c1)c1cc(I)cc(I)c1O,3.999695168678519,tox21
O=C(Nc1ccc(Oc2ccccc2)cc1)C1CCN(c2c3c(nc4ncnn24)CCC3)CC1,4.431238405874674,veith
O=C(Nc1ccc(S(=O)(=O)N2CCCCC2)cc1)c1ccc(CN2CCc3ccccc3C2)cc1,4.7812382168028345,veith
O=C(Nc1ccc(S(=O)(=O)N2CCOCC2)cc1)c1cc(Cl)ccc1NS(=O)(=O)c1ccc(Cl)s1,6.949469407206477,tox21
O=C(Nc1ccc(S(=O)(=O)N2CCOCC2)cc1)c1ccc(CN2CCc3ccccc3C2)cc1,4.331238507999185,veith
O=C(Nc1ccc(S(=O)(=O)c2ccccc2)cc1)[C@H]1C[C@@H]1c1cccnc1,5.480762026371368,pharmabench
O=C(Nc1ccc([N+](=O)[O-])cc1)/C(=C/c1cccc([N+](=O)[O-])c1)NC(=O)C1CCCCC1,5.331238507999185,veith
O=C(Nc1ccc([N+](=O)[O-])cc1Cl)c1cc(Cl)ccc1O,5.184212806615804,ncgc;veith
O=C(Nc1ccc2[nH]ccc2c1)c1cc2cc(F)ccc2n1Cc1cccc(F)c1,5.088532786506383,tox21
O=C(Nc1ccc2[nH]ncc2c1)C1CCN(c2cnccn2)CC1,5.069484460003728,challenge
O=C(Nc1ccc2[nH]ncc2c1)c1ccccc1Sc1ccccc1,6.091514230003727,challenge
O=C(Nc1ccc2[nH]nnc2c1)c1csc2ccccc12,5.501646812003727,challenge
O=C(Nc1ccc2c(c1)Cc1ccccc1-2)[C@@H]1[C@H](C(=O)O)[C@]2(Cl)C(Cl)=C(Cl)[C@@]1(Cl)C2(Cl)Cl,4.787200049553703,ncgc
O=C(Nc1ccc2c(c1)OCCO2)c1cc2sccc2n1Cc1ccc(F)cc1,4.731239014571102,veith
O=C(Nc1ccc2c(c1)OCCO2)c1cc2sccc2n1Cc1ccccc1,4.331238507999185,veith
O=C(Nc1ccc2c(c1)OCCO2)c1cccc2nc3ccccc3nc12,4.181236955344418,veith
O=C(Nc1ccc2c(c1)S(=O)(=O)CC2)C1CCCN1C(=O)Cc1ccccc1,3.9525736100037276,challenge
O=C(Nc1ccc2c(c1)nc1n2CCN(C2CCCCC2)C1)NC1CCCCC1,4.131237783223632,veith
O=C(Nc1ccc2cc[nH]c(=O)c2c1)c1ccc2[nH]c(-c3ccc(Cl)cc3)nc2c1,5.332451040003727,challenge
O=C(Nc1ccc2ccccc2c1)[C@@H]1C[C@H]1[C@@H](NP(=O)(c1ccccc1)c1ccccc1)c1ccccc1,4.3842204094659465,ncgc;veith
O=C(Nc1ccc2ccccc2c1)[C@H]1C[C@@H]1[C@H](NP(=O)(c1ccccc1)c1ccccc1)c1ccccc1,4.784219133178269,ncgc;veith
O=C(Nc1ccc2ncccc2c1)C1(c2nccc3ccccc23)CC1,4.816918858003728,challenge
O=C(Nc1ccc2oc(-c3ccccc3F)nc2c1)c1ccc2c(c1)OCCO2,4.331238507999185,veith
O=C(Nc1cccc(-c2cn3cccnc3n2)c1)c1ccco1,4.181236955344418,veith
O=C(Nc1cccc(-c2cn[nH]c2)c1)c1cnc2cn[nH]c2c1,5.330672790003728,challenge
O=C(Nc1cccc(-c2nc3ccccc3s2)c1)c1ccc2c(c1)OCO2,4.68123872420235,veith
O=C(Nc1cccc(-c2nc3ncccc3o2)c1)c1sc2ccccc2c1Cl,4.981239042028786,veith
O=C(Nc1cccc(C(F)(F)F)c1)C1CCCN(S(=O)(=O)c2cnc[nH]2)C1,6.181236955344418,veith
O=C(Nc1cccc(C(F)(F)F)c1)C1CCCN1S(=O)(=O)c1cccc2cccnc12,4.531238789289352,veith
O=C(Nc1cccc(C(F)(F)F)c1)N(Cc1ccc(Cl)cc1)CC(O)C(F)(F)F,4.331238507999185,veith
O=C(Nc1cccc(C(F)(F)F)c1)c1ccc(Cn2cc(Br)cn2)o1,4.331238507999185,veith
O=C(Nc1cccc(C(F)(F)F)c1)c1cccn(Cc2ccc3c(c2)OC(F)(F)O3)c1=O,4.7812382168028345,veith
O=C(Nc1cccc(C(F)(F)F)c1)c1n[nH]c(Cn2cncn2)n1,4.631238141608918,veith
O=C(Nc1cccc(Cl)c1)N1CCN2C(=O)c3ccccc3C12c1ccccc1,4.88123792116939,veith
O=C(Nc1cccc(Cl)c1Cl)c1snnc1-c1ccccc1,4.7812382168028345,veith
O=C(Nc1cccc(Cl)c1N1CCCC1)c1cccc(-c2cc3ccccc3oc2=O)c1,4.381238666479966,veith
O=C(Nc1cccc(Cn2cccn2)c1)c1ccc(-c2cc[nH]n2)s1,5.5533836720037275,challenge
O=C(Nc1cccc(Cn2cccnc2=O)c1)NC1CC(c2ccc(OC(F)(F)F)cc2)C1,5.457623433003728,challenge
O=C(Nc1cccc(Cn2ccnc2)c1)c1ccc(Cc2nnc[nH]2)cc1,5.266287917003727,challenge
O=C(Nc1cccc(Cn2cncn2)c1)NC1CCCN(c2ccccc2Cl)C1=O,4.790166708003728,challenge
O=C(Nc1cccc(Cn2nc3ccccn3c2=O)c1)N1CC=C(c2c[nH]c3ncccc23)CC1,5.463763130003728,challenge
O=C(Nc1cccc(F)c1)/C(=C\c1ccco1)NC(=O)c1cccs1,3.7812382168028345,veith
O=C(Nc1cccc(F)c1)N1CC2(CCN(C(=O)c3cc(C(F)(F)F)cc(C(F)(F)F)c3)CC2)C1,4.187201534804045,ncgc
O=C(Nc1cccc(F)c1)N1CC2(CCN(S(=O)(=O)c3ccccc3)CC2)C1,3.987203621488413,ncgc
O=C(Nc1cccc(F)c1)N1CCC2(CC1)CCN(C(=O)Oc1ccccc1)CC2,3.6872033036619767,ncgc
O=C(Nc1cccc(F)c1)N1CCC2(CC1)CCN(C(=O)c1cc(C(F)(F)F)cc(C(F)(F)F)c1)CC2,4.087203992408599,ncgc
O=C(Nc1cccc(F)c1)N1CCC2(CC1)CCN(S(=O)(=O)c1ccccc1)CC2,3.787202796262461,ncgc
O=C(Nc1cccc(F)c1)N1CCCC2(CCN(C(=O)Oc3ccccc3)CC2)C1,3.6872033036619767,ncgc
O=C(Nc1cccc(F)c1)N1CCCC2(CCN(C(=O)c3ccco3)CC2)C1,4.184219245074232,ncgc;veith
O=C(Nc1cccc(F)c1)N1CCCC2(CCN(C(=O)c3ccncc3)CC2)C1,6.384310640829133,ncgc;veith
O=C(Nc1cccc(F)c1)N1CCCC2(CCN(S(=O)(=O)c3ccccc3)CC2)C1,4.084221702678786,ncgc;veith
O=C(Nc1cccc(F)c1)N1CC[C@@]2(CCCN(C(=O)Oc3ccccc3)C2)C1,4.184219245074232,ncgc;veith
O=C(Nc1cccc(F)c1)Nc1ccccn1,3.88123792116939,veith
O=C(Nc1cccc(F)c1F)C(=O)N1CC(O)(c2ccccc2F)C1,4.681629485003728,challenge
O=C(Nc1cccc(NC(=O)N2CCN(c3ccccc3)CC2)c1)N1CCN(c2ccccc2)CC1,4.381238666479966,veith
O=C(Nc1cccc(NC(=O)c2ccc(-c3cccc(Br)c3)o2)c1)c1ccco1,4.581238740591187,veith
O=C(Nc1cccc(NC(=O)c2ccccc2[N+](=O)[O-])n1)c1ccccc1[N+](=O)[O-],5.381238666479966,veith
O=C(Nc1cccc(OC(=O)c2cccnc2)c1)c1cccnc1,3.8312389898347954,veith
O=C(Nc1cccc([N+](=O)[O-])c1)c1ccc(CSc2ccccc2)cc1,5.531238789289352,veith
O=C(Nc1cccc2c1CCO2)c1cnn2ccccc12,4.021605685003728,challenge
O=C(Nc1cccc2c1OCCO2)N1CCNC(c2ccccc2)C1,5.1066958000037275,challenge
O=C(Nc1cccc2ccccc12)/C(=C/c1ccc([N+](=O)[O-])cc1)NC(=O)c1ccccc1,4.581238740591187,veith
O=C(Nc1cccc2ccccc12)c1ccccc1,4.88720077167744,ncgc
O=C(Nc1ccccc1)/C(=C\c1ccc2c(c1)OCO2)NC(=O)c1ccco1,4.28123853814577,veith
O=C(Nc1ccccc1)/C(=C\c1ccncc1)NC(=O)c1ccccc1,5.981239042028786,veith
O=C(Nc1ccccc1)N(Cc1ccc(Cl)cc1)C1CCCC1,4.438530657642067,tox21
O=C(Nc1ccccc1)N(Cc1ccccc1)CC(O)C(F)(F)F,4.181236955344418,veith
O=C(Nc1ccccc1)N1CC2(CCN(C(=O)c3cc(C(F)(F)F)cc(C(F)(F)F)c3)CC2)C1,4.087203992408599,ncgc
O=C(Nc1ccccc1)N1CCCC(c2nc(-c3ccc(F)cc3)no2)C1,4.131237783223632,veith
O=C(Nc1ccccc1)N1CCCC2(CCN(C(=O)c3ccco3)CC2)C1,3.8872025006290167,ncgc
O=C(Nc1ccccc1)N1CCCC2(CCN(S(=O)(=O)c3ccccc3)CC2)C1,4.284220827875583,ncgc;veith
O=C(Nc1ccccc1)N1CCSc2cc(Cl)ccc21,4.931238759019225,veith
O=C(Nc1ccccc1)Nc1cnns1,4.138530880775606,tox21
O=C(Nc1ccccc1)OCc1cc(-c2ccc(Cl)cc2)on1,4.831238989834795,veith
O=C(Nc1ccccc1)[C@@]12C[C@@H]1/C(=N/O)c1ccccc1O2,3.987203621488413,ncgc
O=C(Nc1ccccc1)c1cc([N+](=O)[O-])ccc1Cl,4.368990315272719,ncgc;tox21;veith
O=C(Nc1ccccc1)c1ccccc1I,4.038530441677591,tox21
O=C(Nc1ccccc1-c1nc2ccccc2[nH]1)c1ccc(S(=O)(=O)N2CCCCC2)cc1,4.981239042028786,veith
O=C(Nc1ccccc1C(=O)NCC1CCCO1)c1ccc(Cl)cc1Cl,4.28123853814577,veith
O=C(Nc1ccccc1C(=O)NCCc1ccccc1)c1ccco1,4.831238989834795,veith
O=C(Nc1ccccc1C(=O)Nc1ccc2c(c1)OCO2)c1ccco1,5.131237783223633,veith
O=C(Nc1ccccc1C(=O)O)c1ccc2ccccc2n1,4.331238507999185,veith
O=C(Nc1ccccc1N1CCN(C(=O)c2ccc(Cl)cc2)CC1)c1cc(Br)ccc1Cl,4.68123872420235,veith
O=C(Nc1ccccc1N1CCN(C(=O)c2ccccc2)CC1)c1cc(Br)ccc1Cl,4.88123792116939,veith
O=C(Nc1ccccc1N1CCOCC1)c1ccc([N+](=O)[O-])cc1,4.28123853814577,veith
O=C(Nc1ccccc1N1CCOCC1)c1cnccn1,4.981239042028786,veith
O=C(Nc1ccccc1[N+](=O)[O-])C1C(c2ccccc2)=C1c1ccccc1,4.4812387752551235,veith
O=C(Nc1ccccn1)C(NS(=O)(=O)c1cccc2nsnc12)c1ccccc1,5.181236955344418,veith
O=C(Nc1cccn(Cc2c(Cl)cccc2Cl)c1=O)c1ccc(Cl)cc1Cl,4.731239014571102,veith
O=C(Nc1cccn(Cc2c(Cl)cccc2Cl)c1=O)c1ccccc1,4.88123792116939,veith
O=C(Nc1cccn(Cc2ccc(F)cc2)c1=O)NC1CCCCC1,4.131237783223632,veith
O=C(Nc1cccnc1)C1COc2ccccc2O1,4.581238740591187,veith
O=C(Nc1cccnc1)c1ccc(COc2cc(Cl)ccc2Cl)o1,4.131237783223632,veith
O=C(Nc1cccnc1)c1ccc2snnc2c1,3.88123792116939,veith
O=C(Nc1cccnc1Cl)C1c2ccccc2Oc2ccccc21,5.231237939860008,veith
O=C(Nc1ccn(-c2c[nH]c(C(O)c3cccc(C(F)(F)F)c3)n2)c(=O)c1)c1cscn1,4.47477166268218,pharmabench
O=C(Nc1ccn(-c2cn(Cc3cccc(C(F)(F)F)c3)cn2)c(=O)c1)c1cscn1,5.015875228068716,pharmabench
O=C(Nc1ccn(-c2ncccc2Cl)n1)c1cccc(F)c1Br,4.544626595003728,challenge
O=C(Nc1ccn(Cc2ccccc2F)n1)c1ccc(COc2cc(Cl)ccc2Cl)o1,5.631238141608918,veith
O=C(Nc1ccnc(-c2cccnc2)n1)c1cccc(Cl)c1Cl,4.68123872420235,veith
O=C(Nc1ccnc(-c2cccnc2)n1)c1ccccc1Cl,4.081239412948973,veith
O=C(Nc1ccnc(Oc2ccc(F)cc2F)c1)N1CCC2CCCC21,4.916144082003727,challenge
O=C(Nc1ccnn1C1CCC1)[C@H]1C[C@@H]1c1cccc(O)c1,4.445425165003727,challenge
O=C(Nc1ccnn1Cc1cnn(-c2ccccc2)c1)C(F)F,4.485032617003728,challenge
O=C(Nc1ccsc1C(=O)NC1CCCCC1)c1ccc(F)cc1,5.031238394064476,veith
O=C(Nc1cnc(-c2ccncc2)c(-c2cccnc2)n1)C1CC1,3.9401545141305987,pharmabench
O=C(Nc1cnc(-c2ccncc2F)c(-c2cnco2)n1)C1CC1,3.9401545141305987,pharmabench
O=C(Nc1cnc2[nH]ncc2c1)C1CCN(c2ccc3nncn3n2)CC1,4.767168082003728,challenge
O=C(Nc1cnc2c(F)cccc2c1)c1ccc(-n2cnnc2)cc1,4.538140535003728,challenge
O=C(Nc1cnn(-c2ccccc2)c1)NC(c1ccccc1)c1nnc[nH]1,4.499651285003727,challenge
O=C(Nc1cnn(C2CCC2)c1)N1CCC(c2cccc(F)c2)CC1,5.150496282003727,challenge
O=C(Nc1cnn(CC2CCCO2)c1)c1cccnc1OCC(F)(F)F,4.759754125003727,challenge
O=C(Nc1cnn(Cc2ccc(Cl)cc2Cl)c1)c1cc(-c2cccs2)on1,4.331238507999185,veith
O=C(Nc1cnn(Cc2ccccc2)c1)C1Cc2ccccc2O1,4.640817040003728,challenge
O=C(Nc1cnn(Cc2ccncc2)c1)C1(c2ccccc2)CCCN1,5.298282055003727,challenge
O=C(Nc1n[nH]c2c(Cl)cccc12)C1CCN(CC(F)F)CC1,3.7186292450037275,challenge
O=C(Nc1n[nH]c2c(Cl)cccc12)c1csc(CC2CCNC2)n1,5.166700572003728,challenge
O=C(Nc1n[nH]cc1C1CC1)[C@H]1CC[C@H](Nc2ncccn2)CC1,5.806825863003728,challenge
O=C(Nc1nc(-c2ccccc2)c(-c2ccccc2)o1)c1ccc(F)cc1,4.831238989834795,veith
O=C(Nc1nc(-c2ccccc2)cs1)c1ccc(Br)o1,4.231237939860009,veith
O=C(Nc1nc(-c2ccccc2)cs1)c1cccc([N+](=O)[O-])c1,4.431238405874674,veith
O=C(Nc1nc(C(F)(F)F)co1)C1c2ccccc2Oc2ccccc21,5.559943272418992,pharmabench
O=C(Nc1nc2c(s1)CN(Cc1ccccc1)CC2)c1cccc(S(=O)(=O)N2CCc3ccccc32)c1,5.68123872420235,veith
O=C(Nc1nc2ccc(O)cc2s1)c1c(F)ccc(O)c1F,3.605700762979667,pharmabench
O=C(Nc1nc2ccccc2n1CCc1ccccn1)c1csc(-c2ccsc2)n1,5.497366380003728,challenge
O=C(Nc1nc2ccccc2n1Cc1ccccc1)c1ccc(COc2ccccc2[N+](=O)[O-])o1,4.981239042028786,veith
O=C(Nc1nc2ccccc2s1)C1COc2ccccc2O1,5.081239412948973,veith
O=C(Nc1nc2ccccc2s1)Nc1cccc2c1OCCO2,5.553343305003728,challenge
O=C(Nc1ncc(C2CC2)s1)c1cccn1C1CCCC1,5.653026855003728,challenge
O=C(Nc1ncc(Cc2cccc(Cl)c2)s1)c1cccs1,4.231237939860009,veith
O=C(Nc1ncc(Cc2ccccc2)s1)C1COc2ccccc2O1,4.4812387752551235,veith
O=C(Nc1nccs1)C1Cc2ccccc2CN1S(=O)(=O)c1ccc(F)cc1,4.181236955344418,veith
O=C(Nc1nccs1)c1sc2cc(Cl)ccc2c1Cl,5.331238507999185,veith
O=C(Nc1nnc(C23CC4CC(CC(C4)C2)C3)s1)N1CCC(O)C(F)(F)C1,4.550614333003728,challenge
O=C(Nc1nnc(C2CC2)s1)C1Cc2ccccc2CN1S(=O)(=O)c1ccccc1F,4.7812382168028345,veith
O=C(Nc1nnc(C2CC2)s1)[C@H]1CC[C@H](Nc2ncccn2)CC1,3.405819070003728,challenge
O=C(Nc1nnc(C2CC2)s1)c1cc(S(=O)(=O)N2CCN(c3ccccc3)CC2)ccc1Cl,4.431238405874674,veith
O=C(Nc1nnc(C2CC2)s1)c1ccc(S(=O)(=O)c2ccccc2)cc1,5.381238666479966,veith
O=C(Nc1nnc(C2CC2)s1)c1ccncc1,4.331238507999185,veith
O=C(Nc1nnc(SCc2ccc(Cl)cc2)s1)c1ccco1,5.531238789289352,veith
O=C(Nc1nnc(SCc2ccc(Cl)cc2Cl)s1)C1COc2ccccc2O1,4.431238405874674,veith
O=C(Nn1cc(C(=O)N2CCN(c3ccccc3F)CC2)c2ccccc2c1=O)c1cnccn1,4.631238141608918,veith
O=C(O)/C(=C\c1ccccc1)Cc1ccccc1,4.6842193775900025,ncgc;veith
O=C(O)/C(=C\c1ccncc1)c1cccc2ccccc12,4.784219133178269,ncgc;veith
O=C(O)/C=C/C(=O)Nc1ccccc1-c1ccccc1,3.8312389898347954,veith
O=C(O)/C=C/C(=O)O.O=C1c2ccccc2C(=O)N1CCc1noc(-c2ccc(CN3CCCCCC3)s2)n1,4.376299309416933,tox21
O=C(O)/C=C/C(=O)O.OCCOCCN1CCN(C2=Nc3ccccc3Sc3ccccc32)CC1.OCCOCCN1CCN(C2=Nc3ccccc3Sc3ccccc32)CC1,4.099695361406635,tox21
O=C(O)/C=C/C(=O)O.c1ccc(C(O[C@H]2CCCN(CCc3ccc4c(c3)OCO4)C2)c2ccccc2)cc1,4.399695684644625,tox21
O=C(O)/C=C/c1ccc(NC(=O)C2(NC(=O)c3ccc4c(c3)nc(-c3ccccn3)n4C3CCCCC3)CCCC2)cc1,4.736034531474673,pharmabench
O=C(O)/C=C/c1cnc[nH]1,4.087821631062201,tox21
O=C(O)/C=C1\CCCc2ccccc2[C@H]1O,4.6842193775900025,ncgc;veith
O=C(O)/C=C\c1c2ccc(=O)c(O)c-2oc2c(O)c(O)ccc12,4.387202152451927,ncgc
O=C(O)/C=C\c1ccc(O)c(O)c1,4.087203992408599,ncgc
O=C(O)C(=O)Cc1c[nH]c2ccccc12,4.088530344873387,tox21
O=C(O)C(Cc1cc(I)c(O)c(I)c1)c1ccccc1,4.649695361961072,tox21
O=C(O)C(F)(F)C(F)(F)C(F)(F)C(F)(F)C(F)(F)C(F)(F)C(F)(F)C(F)(F)C(F)(F)C(F)(F)F,4.912457805354824,tox21
O=C(O)C(F)(F)C(F)(F)C(F)(F)C(F)(F)C(F)(F)C(F)(F)C(F)(F)C(F)(F)C(F)(F)F,5.338526931519975,tox21
O=C(O)C(F)(F)C(F)(F)C(F)(F)C(F)(F)C(F)(F)C(F)(F)C(F)(F)C(F)(F)F,5.388538502257119,tox21
O=C(O)C(F)(F)C(F)(F)C(F)(F)C(F)(F)C(F)(F)C(F)(F)C(F)(F)F,5.239593988887494,tox21
O=C(O)C(F)(F)C(F)(F)C(F)(F)C(F)(F)C(F)(F)C(F)(F)F,4.838529434479041,tox21
O=C(O)C(F)(F)C(F)(F)C(F)(F)C(F)(F)C(F)(F)F,4.438530657642067,tox21
O=C(O)C(O)(c1ccc(-c2ccccc2)cc1)c1ccc(-c2ccccc2)cc1,4.784219133178269,ncgc;veith
O=C(O)C(Sc1ccc(Cl)cc1)Sc1ccc(Cl)cc1,6.983706081985101,ncgc;veith
O=C(O)C(c1ccc(Cl)cc1)c1ccc(Cl)cc1,4.438530657642067,tox21
O=C(O)C1(C(=O)O)CCC1.[NH2-].[NH2-].[Pt+2],4.699697196683655,tox21
O=C(O)C1(O)CCCN(c2nccc(Oc3ccccc3)n2)C1,3.557474920003728,challenge
O=C(O)C1=CC(=C(c2ccc(O)c(C(=O)O)c2)c2ccc(O)c(C(=O)O)c2)C=CC1=O,4.084221702678786,ncgc;veith
O=C(O)C1=CCCN(CCOC(c2ccc(C(F)(F)F)cc2)c2ccc(C(F)(F)F)cc2)C1,4.884219346423415,ncgc;veith
O=C(O)C1=CCCN(CCON=C(c2ccccc2)c2ccccc2)C1,3.7372030499622193,ncgc
O=C(O)CC(c1cccc2ccccc12)n1cccc1,4.331238507999185,veith
O=C(O)CC1CCC2(CCN(c3ccc(-c4nc5cc(C(F)(F)F)ccc5[nH]4)cn3)CC2)OC1,3.976366686785043,pharmabench
O=C(O)CC1CCOC2(CCN(c3ccc(-c4nc5cc(C(F)(F)F)ccc5[nH]4)cn3)CC2)C1,3.7927874063368123,pharmabench
O=C(O)CCC(=O)N1CCN(c2ccccn2)CC1,5.331238507999185,veith
O=C(O)CCC(=O)N1CCc2cc(-c3noc(-c4cc(C(F)(F)F)cc(C(F)(F)F)c4)n3)ccc21,3.7965152788560554,pharmabench
O=C(O)CCC(=O)N1CCc2cc(S(=O)(=O)N3CCCCC3)ccc21,4.081239412948973,veith
O=C(O)CCC(=O)Nc1ccc(S(=O)(=O)Nc2nccs2)cc1,4.249695373334149,tox21
O=C(O)CCC/C=C\C[C@@H]1CO[C@H](C(F)(F)F)O[C@@H]1c1ccccc1O,3.987203621488413,ncgc
O=C(O)CCCC(=O)O,4.093871145525737,tox21
O=C(O)CCCCCCCCCCC(=O)O,3.8115888321563753,tox21
O=C(O)CCCCCCCCCCCC(=O)O,3.9169180972270397,tox21
O=C(O)CCCC[C@H]1CCSS1,3.6872033036619767,ncgc
O=C(O)CCCOc1ccc(-c2cc(OC(F)(F)F)ccc2Cl)cc1,3.8199755756594835,pharmabench
O=C(O)CCN1CCC2(CC1)C(=O)Nc1cc(/C=C3\c4ccccc4COc4cc(F)ccc43)ccc12,4.238690150457093,pharmabench
O=C(O)CCN1CCCN(C(=O)CCc2ccccc2)CC1,2.5770928570037275,challenge
O=C(O)CCNC(=O)c1ccc(Cn2nc(-c3cc(Cl)cc(Cl)c3)cc2-c2ccc(OC(F)(F)F)cc2)cc1,4.574666529239699,pharmabench
O=C(O)CCc1ccc(-c2ccccc2)[nH]1,4.787200049553703,ncgc
O=C(O)CCc1ccc(Cn2cccn2)cc1OCCc1ccc2ccccc2c1,3.8609732680829736,pharmabench
O=C(O)CCn1c2c(c3ccccc31)C[C@H](NS(=O)(=O)c1ccc(F)cc1)CC2,4.28084947419579,pharmabench;tox21
O=C(O)CN(CC(=O)O)CC(=O)O,3.7507478147541926,tox21
O=C(O)CN(CCN(CC(=O)O)CC(=O)O)CC(=O)O,5.236905597334763,tox21
O=C(O)CN1CCN(CC(=O)O)CC(=O)O[Hg]OC(=O)C1,5.184224419702565,ncgc;veith
O=C(O)CN1CCN(Cc2ccc(F)cc2Cl)C1=O,5.7812382168028345,veith
O=C(O)CN1CCN(Cc2ccccc2)C1=O,4.231237939860009,veith
O=C(O)COC(=O)Cc1ccccc1Nc1c(Cl)cccc1Cl,4.8893786035957225,ncgc;tox21;veith
O=C(O)COCCN1CCN(C(c2ccccc2)c2ccc(Cl)cc2)CC1,2.1028323120037276,challenge
O=C(O)COc1c(C(=O)O)sc(-c2cccc(NC3CCN(S(=O)(=O)Cc4ccccc4)CC3)c2)c1Br,3.7360345314746737,pharmabench
O=C(O)COc1cc(Cl)c(Cl)cc1Cl,4.063176036369896,tox21
O=C(O)COc1ccc(Cl)cc1Cl,3.788353044093122,tox21
O=C(O)COc1nc(Cl)c(Cl)cc1Cl,4.028356496226678,tox21
O=C(O)CS(=O)c1ccc2c3c(cccc13)C(=O)c1ccccc1-2,4.487201289787428,ncgc
O=C(O)CSc1cc(-c2ccccc2)nc2ccccc12,4.787200049553703,ncgc
O=C(O)CSc1nnc(Br)n1-c1ccc(C2CC2)c2ccccc12,3.4421197904435714,pharmabench
O=C(O)C[C@H]1OCC=C2CN3CC[C@@]45C6=CC(=O)C(=O)C([N+](=O)[O-])=C6N[C@H]4[C@H]1[C@H]2C[C@@H]35,4.784219133178269,ncgc;veith
O=C(O)Cc1c(Cl)ccc(Cl)c1Cl,3.8385301209917824,tox21
O=C(O)Cc1c[nH]c2ccc(O)cc12,3.6872033036619767,ncgc
O=C(O)Cc1c[nH]c2ccccc12,3.893665681263262,tox21
O=C(O)Cc1cc(I)c(Oc2cc(I)c(O)c(I)c2)c(I)c1,3.947171961369996,tox21
O=C(O)Cc1cc(I)c(Oc2ccc(O)c(I)c2)c(I)c1,4.418989935309239,ncgc;tox21;veith
O=C(O)Cc1ccc(-c2ccccc2)cc1,4.251097623824176,challenge;tox21
O=C(O)Cc1ccc(CCNS(=O)(=O)c2ccc(Cl)cc2)cc1,4.081523118324176,challenge;tox21
O=C(O)Cc1ccc2c(c1)N(S(=O)(=O)c1cccc(C(F)(F)F)c1)CC(C(=O)O)O2,4.081239412948973,veith
O=C(O)Cc1ccccc1Oc1ccc(Cl)cc1Cl,4.099695361406635,tox21
O=C(O)Cc1cn(-c2ccccc2)nc1-c1ccc(Cl)cc1,4.899697790475481,tox21
O=C(O)Cc1nn(Cc2ccc(Br)cc2F)c(=O)c2ccccc12,4.087203992408599,ncgc
O=C(O)Cc1sc(-c2ccc(Cl)cc2)nc1-c1ccccc1,4.981239042028786,veith
O=C(O)Cc1sc(-c2ccccc2)nc1-c1ccc(Cl)cc1,4.799697485230536,tox21
O=C(O)Cn1c(=O)n(Cc2ccc(Br)cc2F)c(=O)c2ccc(Cl)cc21,4.419113209520216,tox21
O=C(O)Cn1ccc(NC(=O)c2ccn(-c3cccc(F)c3)n2)n1,2.668736823003728,challenge
O=C(O)[C@@H](O)[C@@H](O)[C@@H](O)[C@@H](O)c1nc2ccccc2s1,4.787200049553703,ncgc
O=C(O)[C@@H](O)[C@@H](O)[C@H](O)C(=O)CO,5.387218555056005,ncgc
O=C(O)[C@@H](S)[C@@H](S)C(=O)O,4.542202823003728,challenge
O=C(O)[C@@H](S)[C@H](S)C(=O)O,4.6842193775900025,ncgc;veith
O=C(O)[C@H](Cc1cc(I)c(O)c(I)c1)C1CCCCC1,4.784219133178269,ncgc;veith
O=C(O)[C@H](Cc1ccc(-n2c(-c3cccnc3)nc3cccnc32)cc1)NC1=C(Br)C(=O)C12CCCCC2,4.338094522802636,pharmabench
O=C(O)[C@H](Cc1ccc(-n2c(C3(C(F)(F)F)CC3)nc3cccnc32)cc1)NC1=C(Br)C(=O)C12CCCCC2,4.435004535810692,pharmabench
O=C(O)[C@H](O)[C@@H](O)[C@H](O)[C@H](O)CO,4.0892389942983245,tox21
O=C(O)[C@H](S)[C@@H](S)C(=O)O,4.099695361406635,tox21
O=C(O)[C@H]1CCCC[C@@H]1c1c2ccc(=O)c(O)c-2oc2c(O)c(O)ccc12,4.487201289787428,ncgc
O=C(O)[C@H]1CCCN(CCC=C(c2ccccc2)c2ccccc2)C1,4.3842204094659465,ncgc;veith
O=C(O)[C@H]1CCN1,3.6872033036619767,ncgc
O=C(O)[C@H]1CCc2ccc3ccccc3c2[C@H]1c1cccc2ccccc12,4.387202152451927,ncgc
O=C(O)c1[nH]c2c([N+](=O)[O-])cc([N+](=O)[O-])cc2c1C(=O)O,4.784219133178269,ncgc;veith
O=C(O)c1c(Br)c(Br)c(Br)c(Br)c1C1c2ccc(O)cc2Oc2cc(O)ccc21,4.387202152451927,ncgc
O=C(O)c1c(Cl)c(Cl)c(Cl)c(Cl)c1C(=O)Nc1ccc2cn[nH]c2c1,6.384310640829133,ncgc;veith
O=C(O)c1c(Cl)ccc(Cl)c1Cl,3.7885301040785704,tox21
O=C(O)c1c(Cl)ccc2cc(Cl)cnc12,4.088530344873387,tox21
O=C(O)c1c(Cl)cccc1Cl,4.04638385181349,tox21
O=C(O)c1c(N2CCCCC2)nc2c(Cl)cc(Cl)cc2c1-c1ccccc1,4.015875228068716,pharmabench
O=C(O)c1c(O)c(-c2ccc(Cl)cc2)nc2c(-c3ccccc3)cccc12,4.424280670418919,pharmabench
O=C(O)c1c2ccccc2cc2ccccc12,4.189593520943211,tox21
O=C(O)c1cc(-c2ccc(-c3ccc(-c4cc(C(=O)O)c5cc(Cl)ccc5n4)cc3)cc2)nc2ccc(Cl)cc12,4.787200049553703,ncgc
O=C(O)c1cc(-c2cccc(COc3ccc4c(=O)n(C5CCCC5)sc4c3)c2)ccc1Cl,4.736034531474673,pharmabench
O=C(O)c1cc(-c2cccc(COc3ccc4c(c3)CN(C3CCCC3)C4=O)c2)ccc1Cl,4.424280670418919,pharmabench
O=C(O)c1cc(=O)c2c(Cl)cc(Cl)cc2[nH]1,3.6872033036619767,ncgc
O=C(O)c1cc(=O)c2ccc(Cl)cc2[nH]1,3.787202796262461,ncgc
O=C(O)c1cc(Br)c(O)c(Br)c1,3.7885301040785704,tox21
O=C(O)c1cc(C(=O)C(=O)c2cc(C(=O)O)c(O)c3ccccc23)c2ccccc2c1O,5.78423973440602,ncgc;veith
O=C(O)c1cc(Cl)cc(Cl)c1,3.7903044337605216,tox21
O=C(O)c1cc(Cl)cc(Cl)c1O,4.188530214047235,tox21
O=C(O)c1cc(Cl)cc([N+](=O)[O-])c1Cl,4.038530441677591,tox21
O=C(O)c1cc(F)ccc1NC(=O)N1C[C@H]2C[C@@H](c3ccccc3C(F)(F)F)C[C@H]2C1,5.819580582924748,pharmabench
O=C(O)c1cc(I)cc(I)c1I,4.505915869431269,tox21
O=C(O)c1cc(N=Nc2ccc(S(=O)(=O)Nc3ccccn3)cc2)ccc1O,4.3842204094659465,ncgc;veith
O=C(O)c1cc(O)c(O)c(O)c1,4.134295702967309,tox21
O=C(O)c1cc(Oc2ccc(C(F)(F)F)cc2Cl)ccc1[N+](=O)[O-],4.162469600254237,tox21
O=C(O)c1cc(Oc2ccccc2)ccc1NS(=O)(=O)c1ccc(Br)cc1F,5.29670183764441,pharmabench
O=C(O)c1cc([N+](=O)[O-])ccc1NCCCc1ccccc1,5.284217922229397,ncgc;veith
O=C(O)c1ccc(-n2cc(C(=O)c3c(Cl)cccc3C(F)(F)F)c3c(F)cccc32)c(F)c1,4.030598484889423,pharmabench
O=C(O)c1ccc(-n2cc(C(=O)c3c(Cl)cccc3C(F)(F)F)c3cccnc32)c(F)c1,4.102566075895087,pharmabench
O=C(O)c1ccc(-n2cc(C(=O)c3c(Cl)cccc3Cl)c3cccc(F)c32)cc1,4.292771544015978,pharmabench
O=C(O)c1ccc(-n2cc(C(=O)c3c(Cl)cccc3Cl)c3ccccc32)c(F)c1,4.567242511160491,pharmabench
O=C(O)c1ccc(/C=N\N=C2c3ccccc3-c3ccccc32)cc1,4.387202152451927,ncgc
O=C(O)c1ccc(Cl)cc1,3.738530418642034,tox21
O=C(O)c1ccc(NC(=O)[C@H](C2CCCCC2)n2c(-c3ccc(Cl)cc3)nc3cc(F)c(F)cc32)c(Cl)c1,4.082822017699329,pharmabench
O=C(O)c1ccc(NC(=O)[C@H](C2CCCCC2)n2c(-c3ccc(Cl)cc3)nc3cc(F)c(F)cc32)c(F)c1,4.191966487124398,pharmabench
O=C(O)c1ccc(NC(=O)[C@H](C2CCCCC2)n2c(-c3ccc(Cl)cc3)nc3cc(F)c(F)cc32)cc1,3.83294454448273,pharmabench
O=C(O)c1ccc(NC(=O)[C@H](C2CCCCC2)n2c(-c3ccc(Cl)cc3)nc3ccccc32)c(C(F)(F)F)c1,3.8909364914604168,pharmabench
O=C(O)c1ccc(N[C@H](c2ccccc2)c2ccc3cccnc3c2O)cc1,4.687200030977656,ncgc
O=C(O)c1ccc(O)c(O)c1,4.088884525045696,tox21
O=C(O)c1ccc(OC2CCN(C(=O)NCc3ccc(Cl)cc3Cl)CC2)cc1,4.0370645271386545,pharmabench
O=C(O)c1ccc(SSc2ccc(C(=O)O)cn2)nc1,5.084220332573883,ncgc;veith
O=C(O)c1ccc([Hg]Cl)cc1,4.88720077167744,ncgc
O=C(O)c1ccc([Hg]Sc2ncnc3nc[nH]c23)cc1,5.184224419702565,ncgc;veith
O=C(O)c1ccc2c3c1cccc3c(=O)n1c3ccccc3nc21,6.084206632000299,ncgc;veith
O=C(O)c1cccc(-c2ccccc2-c2cc(Cl)ccc2OCc2ccccc2)c1,4.747029915776136,pharmabench
O=C(O)c1cccc(-c2ccncc2-c2cc(Cl)ccc2OCc2ccccc2)c1,4.7046260672230495,pharmabench
O=C(O)c1cccc(-n2cccc2-c2cc(Cl)ccc2OCc2ccccc2)c1,4.47477166268218,pharmabench
O=C(O)c1cccc(-n2cncc2-c2cc(Cl)ccc2OCc2ccccc2)c1,5.059340921849807,pharmabench
O=C(O)c1cccc(C(F)(F)F)c1,3.7885301040785704,tox21
O=C(O)c1cccc(C2=C(c3cc(Cl)ccc3OCc3ccc(F)cc3F)CCC2)n1,4.0480599114401175,pharmabench
O=C(O)c1cccc(C2=C(c3cc(Cl)ccc3OCc3ccccc3)CCC2)c1,4.582219667130144,pharmabench
O=C(O)c1cccc(CN2CCCCC2)c1,5.187211884060712,ncgc
O=C(O)c1cccc(C[C@@H]2COc3ccc(OCc4nc5cc(F)ccc5s4)cc3[C@@H]2O)c1,4.037822697452893,tox21
O=C(O)c1cccc(N(Cc2cccnc2)c2ccc(OC(F)F)c(OC(F)F)c2)c1,4.3885311946544245,tox21
O=C(O)c1cccc(N2CCCC2=O)c1,4.181236955344418,veith
O=C(O)c1cccc(N=Nc2c(S(=O)(=O)O)ccc3c2C(=O)c2ccccc2C3=O)c1O,5.884210701854814,ncgc;veith
O=C(O)c1cccc(SSc2cccc(C(=O)O)c2)c1,4.9871949150515835,ncgc
O=C(O)c1ccccc1,3.905602503502121,tox21
O=C(O)c1ccccc1-c1ccc(C(F)(F)F)cc1,4.149695764085624,tox21
O=C(O)c1ccccc1-c1ccccc1C(=O)Nc1ccc2c(c1)Cc1cc(F)ccc1-2,4.884219346423415,ncgc;veith
O=C(O)c1ccccc1-c1ccccc1C(=O)Nc1ccc2c(c1)Cc1ccccc1-2,4.787200049553703,ncgc
O=C(O)c1ccccc1-c1ccccc1C(=O)Nc1ccc2c(c1)[nH]c(=O)c1ccccc12,4.787200049553703,ncgc
O=C(O)c1ccccc1/C=N\N=C1c2ccccc2-c2ccccc21,4.387202152451927,ncgc
O=C(O)c1ccccc1C(=O)Nc1cccc2ccccc12,4.53853042990295,tox21
O=C(O)c1ccccc1C(c1ccc(O)cc1)c1ccc(O)cc1,3.8131761368198465,tox21
O=C(O)c1ccccc1C1c2ccccc2Oc2ccccc21,4.6842193775900025,ncgc;veith
O=C(O)c1ccccc1NC(=O)N1C[C@H]2C[C@@H](c3ccccc3C(F)(F)F)C[C@H]2C1,5.80661560576038,pharmabench
O=C(O)c1ccccc1N[C@H](c1ccccc1)c1ccc2cccnc2c1O,4.587200720463143,ncgc
O=C(O)c1ccccc1Nc1cccc(C(F)(F)F)c1,4.178157951837363,ncgc;tox21
O=C(O)c1ccccc1Nc1cccc(OCc2ccc3ccccc3n2)c1,4.2342205704185805,ncgc;veith
O=C(O)c1ccccc1Nc1ccccc1,4.084221702678786,ncgc;veith
O=C(O)c1ccccc1O,3.9356583283982154,tox21
O=C(O)c1ccccc1Oc1ccc(Cl)cc1NS(=O)(=O)c1ccc(Cl)c(Cl)c1,4.718094922302177,pharmabench
O=C(O)c1ccccc1Oc1ncc(Cl)cc1NS(=O)(=O)c1ccc(Cl)c(Cl)c1,4.008094540983653,pharmabench
O=C(O)c1ccccc1S,4.206949475102674,tox21
O=C(O)c1ccccn1,4.155184848153073,tox21
O=C(O)c1cccnc1Nc1cccc(C(F)(F)F)c1,3.787202796262461,ncgc
O=C(O)c1cn(C2CC2)c2cc(N3CCNCC3)c(F)cc2c1=O,4.187201534804045,ncgc
O=C(O)c1cnncc1NC(=O)N1C[C@H]2C[C@@H](c3ccccc3C(F)(F)F)C[C@H]2C1,4.107645601424362,pharmabench
O=C(O)c1csc(-n2nc(-c3ccccc3)c3ccc(C(F)(F)F)cc32)n1,4.4426719767632274,pharmabench
O=C(O)c1cscc1Cc1cccs1,7.889263108933359,ncgc
O=C(O)c1nc(Cl)c(Cl)c(Cl)c1Cl,4.038530441677591,tox21
O=C(O)c1nc2nc(Cl)c(Cl)nc2[nH]1,5.487173758361262,ncgc
O=C(O)c1nn(Cc2ccc(Cl)cc2Cl)c2ccccc12,3.7392877894550782,ncgc;tox21
O=C(O)c1nnsc1-c1ccc(-c2snnc2C(=O)O)cc1,4.387202152451927,ncgc
O=C(O)c1snc(Cl)c1Cl,3.7885301040785704,tox21
O=C(OC(C(=O)NC1CCCC1)c1ccncc1)C1=Cc2ccccc2OC1,4.831238989834795,veith
O=C(OC1CCCCC1)c1ccccc1C(=O)OC1CCCCC1,4.2656562536704925,tox21
O=C(OC1CCN(c2ccc([N+](=O)[O-])cc2)CC1)c1ccccc1,5.4812387752551235,veith
O=C(OC1CCN(c2ncc(C(F)(F)F)cc2Cl)CC1)c1ccccc1,4.28123853814577,veith
O=C(OCC(=O)c1cccs1)c1cccc(C(=O)OCC(=O)c2cccs2)n1,4.331238507999185,veith
O=C(OCC(COC(=O)c1ccccc1)(COC(=O)c1ccccc1)COC(=O)c1ccccc1)c1ccccc1,4.889241953947672,tox21
O=C(OCC(COC(=O)c1cccnc1)(COC(=O)c1cccnc1)COC(=O)c1cccnc1)c1cccnc1,5.099699119238278,tox21
O=C(OCC(O)CO)c1ccccc1Nc1ccnc2c(C(F)(F)F)cccc12,4.649695361961072,tox21
O=C(OCC1(COC(=O)c2cccnc2)CCCC(COC(=O)c2cccnc2)(COC(=O)c2cccnc2)C1O)c1cccnc1,4.5996964603675305,tox21
O=C(OCC1CCC1)c1cnc2c(cnn2Cc2ccccc2)c1,4.637412722003727,challenge
O=C(OCC1CCC2OC2C1)C1CCC2OC2C1,4.038530441677591,tox21
O=C(OCC1CO1)C1CCCCC1C(=O)OCC1CO1,4.087821631062201,tox21
O=C(OCCCCCCOC(=O)c1ccccc1)c1ccccc1,4.588528406643712,tox21
O=C(OCCCCCOC(=O)c1ccccc1)c1ccccc1,4.588528406643712,tox21
O=C(OCCN1CCCCC1)c1c[nH]c2ccccc12,4.984216978540185,ncgc;veith
O=C(OCCN1CCOCC1)C1(c2ccccc2)CCCCC1,4.187203555006998,ncgc
O=C(OCCN1CCOCC1)c1cccnc1Nc1cccc(C(F)(F)F)c1,4.399695684644625,tox21
O=C(OCCNC(=O)c1ccc2ccccc2n1)c1ccc(F)cc1,4.28123853814577,veith
O=C(OCCOCCO)c1ccccc1Nc1cccc(C(F)(F)F)c1,4.611846183150799,challenge;ncgc;tox21
O=C(OCCOCCOC(=O)c1ccccc1)c1ccccc1,4.614061643693892,tox21
O=C(OC[C@@H](O)CO)c1ccccc1Nc1ccnc2cc(Cl)ccc12,4.087203992408599,ncgc
O=C(OC[C@H]1O[C@@H](OC(=O)c2cc(O)c(O)c(OC(=O)c3cc(O)c(O)c(O)c3)c2)[C@H](OC(=O)c2cc(O)c(O)c(OC(=O)c3cc(O)c(O)c(O)c3)c2)[C@@H](OC(=O)c2cc(O)c(O)c(OC(=O)c3cc(O)c(O)c(O)c3)c2)[C@@H]1OC(=O)c1cc(O)c(O)c(OC(=O)c2cc(O)c(O)c(O)c2)c1)c1cc(O)c(O)c(OC(=O)c2cc(O)c(O)c(O)c2)c1,4.507319331747016,tox21
O=C(OCc1ccc(C(=O)c2ccccc2)cc1)c1cccc(-c2nnc(-c3ccccc3)o2)c1,5.531238789289352,veith
O=C(OCc1ccc(Cl)cc1)c1ccccc1C(=O)c1ccccc1,4.631238141608918,veith
O=C(OCc1ccc(Cl)cc1Cl)c1cccnc1Cl,4.031238394064476,veith
O=C(OCc1ccccc1)/C(=C/c1ccc(Cl)cc1)NC(=O)c1ccccc1Cl,5.081239412948973,veith
O=C(OCc1ccccc1)N1CCC(CNc2cccnc2)CC1,4.258913276755011,pharmabench
O=C(OCc1ccccc1)N1CCC(CNc2ccncc2)CC1,4.52518116615978,pharmabench
O=C(OCc1ccccc1)N1CCC(CNc2cnccn2)CC1,4.258913276755011,pharmabench
O=C(OCc1ccccc1)N1CCN(c2cc(-c3ccccc3)nc3ncnn23)CC1,5.645458675003728,challenge
O=C(OCc1nc2ccccc2s1)c1ccc(Br)s1,4.631238141608918,veith
O=C(OCc1nnc(-c2ccccc2)o1)c1ccc2c(c1)OCCO2,4.381238666479966,veith
O=C(OCn1nnc2ccccc2c1=O)c1cccnc1,3.88123792116939,veith
O=C(Oc1c(Br)cc(C(=S)N2CCOCC2)cc1Br)c1ccc(Cl)cc1,5.131237783223633,veith
O=C(Oc1cc2oc(=O)cc(-c3ccccc3)c2cc1Cl)C1CCCCC1,4.88123792116939,veith
O=C(Oc1ccc(OC(=O)c2ccco2)c(S(=O)(=O)c2ccc(Br)cc2)c1)c1ccco1,5.431238405874674,veith
O=C(Oc1ccccc1)N1CCC2(CC1)CCN(c1ccccn1)CC2,3.787202796262461,ncgc
O=C(Oc1ccccc1)N1CCC2(CC1)CCN(c1ccncc1)CC2,3.987203621488413,ncgc
O=C(Oc1ccccc1)N1CCC2(CC1)CCN(c1ncccn1)CC2,4.084221702678786,ncgc;veith
O=C(Oc1ccccc1)N1CCC2(CC1)CN(C(c1ccccc1)c1ccccc1)C2,3.6872033036619767,ncgc
O=C(Oc1ccccc1)N1CCC2(CC1)CN(Cc1ccncc1)C2,4.784219133178269,ncgc;veith
O=C(Oc1ccccc1)N1CCC2(CC1)CN(c1ccncc1)C2,4.784219133178269,ncgc;veith
O=C(Oc1ccccc1)N1CCC2(CC1)CN(c1ncccn1)C2,3.8872025006290167,ncgc
O=C(Oc1ccccc1)N1CCC2(CCCN(C(c3ccccc3)c3ccccc3)C2)CC1,4.9871949150515835,ncgc
O=C(Oc1ccccc1)N1CCC2(CCCN(c3ccccc3)C2)CC1,4.184219245074232,ncgc;veith
O=C(Oc1ccccc1)N1CCC2(CCCN(c3ccccn3)C2)CC1,4.584219730527165,ncgc;veith
O=C(Oc1ccccc1)N1CCC2(CCCN(c3ccncc3)C2)CC1,4.6842193775900025,ncgc;veith
O=C(Oc1ccccc1)N1CCC2(CCCN(c3ncccn3)C2)CC1,4.184219245074232,ncgc;veith
O=C(Oc1ccccc1)N1CCC2(CCN(Cc3ccncc3)CC2)CC1,4.6842193775900025,ncgc;veith
O=C(Oc1ccccc1)N1CCC[C@@]2(CCN(Cc3ccccc3)C2)C1,3.9842213317585995,ncgc;veith
O=C(Oc1ccccc1)N1CCC[C@@]2(CCN(c3ccccn3)C2)C1,3.6872033036619767,ncgc
O=C(Oc1ccccc1)N1CCC[C@@]2(CCN(c3ccncc3)C2)C1,4.284220827875583,ncgc;veith
O=C(Oc1ccccc1)N1CCC[C@@]2(CCN(c3ncccn3)C2)C1,4.284220827875583,ncgc;veith
O=C(Oc1ccccc1)c1cccc(C(=O)Oc2ccccc2)c1,4.765659392575866,tox21
O=C(Oc1ccccc1)c1ccccc1C(=O)Oc1ccccc1,4.488531697426887,tox21
O=C(Oc1ccccc1N1C(=O)C2CCCCC2C1=O)c1ccccc1,4.231237939860009,veith
O=C(Oc1ccccc1[N+](=O)[O-])c1cccnc1,4.081239412948973,veith
O=C([C@@H]1C[C@H]1c1ccc(C(F)(F)F)cc1)N1CCN(S(=O)(=O)c2cc(-c3nnc[nH]3)cc(C(F)(F)F)c2)CC1,4.559943272418992,pharmabench
O=C([N-]S(=O)(=O)/C=C/c1ccccc1)c1ccc(F)cc1Cl.[Na+],4.738528782693339,tox21
O=C([O-])C(F)(F)C(F)(F)C(F)(F)C(F)(F)C(F)(F)C(F)(F)C(F)(F)F.[NH4+],5.388538502257119,tox21
O=C([O-])C(F)(F)F.O=C([O-])C(F)(F)F.c1cc2cc(c1)C[n+]1ccc(c3ccccc31)NCc1ccc(cc1)CNc1cc[n+](c3ccccc13)C2,4.884219346423415,ncgc;veith
O=C([O-])CCl.[Na+],3.813125201861822,tox21
O=C([O-])CN(CCN(CC(=O)[O-])CC(=O)[O-])CC(=O)[O-].[Fe+3].[Na+],4.044783112420449,tox21
O=C([O-])CNc1ccccc1.[K+],3.87711745648992,tox21
O=C([O-])COc1ccc(Cl)cc1Cl.[Na+],4.087469611681039,tox21
O=C([O-])COc1nn(Cc2ccccc2)c2ccccc12.[Na+],4.149695764085624,tox21
O=C([O-])C[C@H](O)C[C@H](O)/C=C/c1c(C2CC2)nc2ccccc2c1-c1ccc(F)cc1.O=C([O-])C[C@H](O)C[C@H](O)/C=C/c1c(C2CC2)nc2ccccc2c1-c1ccc(F)cc1.[Ca+2],4.460930201446486,tox21
O=C([O-])Cc1ccccc1Nc1c(Cl)cccc1Cl.[Na+],4.637517921060444,ncgc;tox21;veith
O=C([O-])[O-].[Sr+2],5.152838444124811,tox21
O=C([O-])c1[nH]n(-c2ccc(S(=O)(=O)[O-])cc2)c(=O)c1N=Nc1ccc(S(=O)(=O)[O-])cc1.[Na+].[Na+].[Na+],4.218048400125711,tox21
O=C([O-])c1cc(Oc2ccc(C(F)(F)F)cc2Cl)ccc1[N+](=O)[O-].[Na+],4.24393606897745,tox21
O=C([O-])c1cccc(Cc2cc(Cl)ccc2OCc2ccc(Cl)cc2F)n1,4.435004535810692,pharmabench
O=C(c1[nH]c2ccc(Cl)cc2c1Cl)N1CCC(O)(c2ccc(F)cc2)C1,5.5745041150037276,challenge
O=C(c1[nH]o[n+](=O)c1C(=O)c1csc2ccccc12)c1csc2ccccc12,5.084220332573883,ncgc;veith
O=C(c1c(F)cccc1F)N1CCN(c2ccccc2F)CC1,4.7812382168028345,veith
O=C(c1c[nH]c(-c2ccccc2)n1)N1CCN(CC2CCCO2)CC1,3.7130545350037276,challenge
O=C(c1c[nH]c2cc(Cl)ccc12)N1CCC(n2c(=O)[nH]c3ccccc32)CC1,5.9224618000037275,challenge
O=C(c1c[nH]n2c1nc(=O)c1ccccc12)N1CCCC(Cn2cnc3ccccc32)C1,4.765239590003728,challenge
O=C(c1cc(-c2ccc(Cl)cc2Cl)on1)N1CCN(C(=O)c2ccco2)CC1,4.431238405874674,veith
O=C(c1cc(-c2ccccc2)nc2ccccc12)N1CCC2(CC1)OCCO2,3.8312389898347954,veith
O=C(c1cc(-c2cccs2)on1)N1CCN(c2ccc(F)cc2)CC1,5.081239412948973,veith
O=C(c1cc(-c2ccncc2)nc2ccccc12)N1CCN(c2ccc(N3CCOCC3)nn2)CC1,5.181236955344418,veith
O=C(c1cc(-c2ccncc2)on1)N1CCC(CCO)CC1,5.026054620003728,challenge
O=C(c1cc(Br)ccc1O)c1cc(Br)ccc1O,6.284220827875583,ncgc;veith
O=C(c1cc(C(F)(F)F)cc(C(F)(F)F)c1)N1CCC2(CC1)CCN(c1ncccn1)CC2,3.8872025006290167,ncgc
O=C(c1cc(C(F)(F)F)cc(C(F)(F)F)c1)N1CCC2(CC1)CN(Cc1ccncc1)C2,4.284220827875583,ncgc;veith
O=C(c1cc(C(F)(F)F)cc(C(F)(F)F)c1)N1CCC2(CC1)CN(c1ccncc1)C2,4.6842193775900025,ncgc;veith
O=C(c1cc(C(F)(F)F)cc(C(F)(F)F)c1)N1CCC2(CC1)CN(c1ncccn1)C2,3.8872025006290167,ncgc
O=C(c1cc(C(F)(F)F)cc(C(F)(F)F)c1)N1CCC2(CCCN(Cc3ccncc3)C2)CC1,4.3842204094659465,ncgc;veith
O=C(c1cc(C(F)(F)F)cc(C(F)(F)F)c1)N1CCC2(CCCN(c3ccncc3)C2)CC1,3.787202796262461,ncgc
O=C(c1cc(C(F)(F)F)cc(C(F)(F)F)c1)N1CCC2(CCN(Cc3ccncc3)CC2)CC1,4.184219245074232,ncgc;veith
O=C(c1cc(C(F)(F)F)cc(C(F)(F)F)c1)N1CCC2(CCN(Cc3nccs3)CC2)CC1,4.184219245074232,ncgc;veith
O=C(c1cc(C(F)(F)F)cc(C(F)(F)F)c1)N1CCC[C@@]2(CCN(Cc3ccncc3)C2)C1,6.384310640829133,ncgc;veith
O=C(c1cc(C(F)F)ncn1)N1CC[C@H](c2ccccc2)[C@H](CO)C1,4.170819863003728,challenge
O=C(c1cc(Cc2n[nH]c(=O)c3ccccc23)ccc1F)N1CCN(C(=O)C2CC2)CC1,3.7639155900037276,challenge
O=C(c1cc(Cc2n[nH]c(=O)c3ccccc23)ccc1F)N1CCN(c2ccncn2)CC1,5.6342007620037275,challenge
O=C(c1cc(Cl)c(O)c(Cl)c1)N1CS(=O)(=O)c2ccccc21,4.582219667130144,pharmabench
O=C(c1cc(F)cnc1O)N1CCC(Cc2cccc(F)c2)CC1,5.960118485003727,challenge
O=C(c1cc(O)c(O)c(O)c1)c1ccc(O)c(O)c1O,3.8390621416766413,tox21
O=C(c1cc(O)c(O)c([N+](=O)[O-])c1)c1ccccc1F,5.184224419702565,ncgc;veith
O=C(c1cc2c(s1)-c1ccccc1CC2)N1CCCCC1c1ncon1,5.400428583003728,challenge
O=C(c1cc2ccccc2oc1=O)N1CCN(C2CC2)c2ccccc21,5.561417377003727,challenge
O=C(c1cc2nc(-c3ccco3)cc(C(F)(F)F)n2n1)N1CCc2ccccc2C1,4.631238141608918,veith
O=C(c1cc2sccc2n1Cc1ccccc1)N1CCN(c2nc3ccccc3s2)CC1,4.831238989834795,veith
O=C(c1cc[nH]c1)N1CCN(c2nc3ccccc3s2)CC1,4.491492863003728,challenge
O=C(c1ccc(-n2cccn2)nc1)N1CCOC(c2ccccc2)CC1,5.176866010003728,challenge
O=C(c1ccc(-n2ncc3ccccc32)cc1Cl)N1Cc2cccnc2N2C[C@H](O)C[C@H]2C1,5.347435468003727,challenge
O=C(c1ccc(Br)cc1)c1cc([N+](=O)[O-])ccc1N1CCCCC1,4.88123792116939,veith
O=C(c1ccc(C(=O)C(F)(F)F)s1)N1CCC(c2nnc(-c3ccccc3)o2)CC1,4.639124518466617,pharmabench
O=C(c1ccc(C(F)(F)F)cc1)c1c[nH]c(C(=O)NCCCn2ccnc2)c1,5.231237939860008,veith
O=C(c1ccc(CNS(=O)(=O)c2ccc(F)cc2)cc1)N1CCCC1,4.081239412948973,veith
O=C(c1ccc(COc2ccc(F)cc2)o1)n1cccn1,4.031238394064476,veith
O=C(c1ccc(COc2ccccc2Br)o1)N1CCN(c2ccccn2)CC1,4.581238740591187,veith
O=C(c1ccc(Cl)c(Cl)c1)c1cc(-c2ccccn2)c(N2CCOCC2)s1,4.581238740591187,veith
O=C(c1ccc(Cl)cc1)N1CCCC(c2ccccc2)=N1,4.28123853814577,veith
O=C(c1ccc(Cl)cc1)N1CCN(c2cc(=O)[nH]nc2-c2ccccc2)CC1,5.731239014571102,veith
O=C(c1ccc(Cl)cc1)c1ccc(Cl)cc1,4.838529434479041,tox21
O=C(c1ccc(F)cc1)C1CCN(C(=S)Nc2ccccc2)CC1,4.331238507999185,veith
O=C(c1ccc(F)cc1)C1CCN(CCn2c(=O)[nH]c3ccccc3c2=O)CC1,4.520430314956167,challenge;ncgc;tox21;veith
O=C(c1ccc(F)cc1)C1CCN(CCn2c(=S)[nH]c3ccccc3c2=O)CC1,3.8842202108992034,ncgc;veith
O=C(c1ccc(F)cc1)N1CCn2c(nnc2-c2ccccn2)C1,3.518550587260767,pharmabench
O=C(c1ccc(N2CCCC2)nc1)N1CCCC(N2CCNC2=O)C1,3.5889831720037275,challenge
O=C(c1ccc(OCCN2CCCCC2)cc1)c1c(-c2ccc(O)cc2)sc2cc(O)ccc12,5.4542630371440675,ncgc;pharmabench;tox21
O=C(c1ccc([N+](=O)[O-])cc1)[C@@H](Br)[C@@H](Br)c1ccnc2ccccc12,4.784219133178269,ncgc;veith
O=C(c1ccc2[nH]ccc2c1)N1CCC(c2c[nH]cn2)CC1,6.408664265003727,challenge
O=C(c1ccc2[nH]ccc2c1)N1CCN(CCC2CCOC2)CC1,4.456454853003728,challenge
O=C(c1ccc2[nH]ncc2c1)N1CCCC(C(=O)N2CCC3(C2)Oc2ccccc2O3)C1,5.194204078003728,challenge
O=C(c1ccc2c(c1)N(Cc1ccc(F)cc1)C(=O)CS2)N1CCOCC1,4.031238394064476,veith
O=C(c1ccc2c(c1)N(Cc1ccccc1)C(=O)CS2)N1CCOCC1,4.131237783223632,veith
O=C(c1ccc2c(c1)OCO2)N1CCCCC1,4.3842204094659465,ncgc;veith
O=C(c1ccc2nc(-c3ccco3)c(-c3ccco3)nc2c1)N1CCN(c2ncccn2)CC1,5.931238759019225,veith
O=C(c1ccc2ncsc2c1)N1CCN(c2ccc(O)cc2)CC1,5.031238394064476,veith
O=C(c1cccc(Br)c1)N1CCN(c2ccc(Cl)cn2)CC1,5.632948973003728,challenge
O=C(c1cccc(F)c1)N1C2C=CC(C2)C1(C(F)(F)F)C(F)(F)F,3.8312389898347954,veith
O=C(c1cccc(F)c1)N1CCC2(CC1)CCN(C(c1ccccc1)c1ccccc1)CC2,3.6872033036619767,ncgc
O=C(c1cccc(F)c1)N1CCC2(CC1)CCN(c1ccncc1)CC2,3.8842202108992034,ncgc;veith
O=C(c1cccc(F)c1)N1CCC2(CC1)CCN(c1ncccn1)CC2,4.184219245074232,ncgc;veith
O=C(c1cccc(F)c1)N1CCC2(CC1)CN(c1ccccn1)C2,4.3842204094659465,ncgc;veith
O=C(c1cccc(F)c1)N1CCC2(CC1)CN(c1ccncc1)C2,4.584219730527165,ncgc;veith
O=C(c1cccc(F)c1)N1CCC2(CCCN(C(c3ccccc3)c3ccccc3)C2)CC1,4.784219133178269,ncgc;veith
O=C(c1cccc(F)c1)N1CCC2(CCCN(Cc3ccncc3)C2)CC1,5.484206266808193,ncgc;veith
O=C(c1cccc(F)c1)N1CCC2(CCCN(c3ccc(-c4ccccc4)cc3)C2)CC1,4.084221702678786,ncgc;veith
O=C(c1cccc(F)c1)N1CCC2(CCCN(c3cccc(-c4ccccc4)c3)C2)CC1,4.184219245074232,ncgc;veith
O=C(c1cccc(F)c1)N1CCC2(CCCN(c3ccccc3)C2)CC1,4.284220827875583,ncgc;veith
O=C(c1cccc(F)c1)N1CCC2(CCCN(c3ccccn3)C2)CC1,4.3842204094659465,ncgc;veith
O=C(c1cccc(F)c1)N1CCC2(CCCN(c3ccncc3)C2)CC1,4.184219245074232,ncgc;veith
O=C(c1cccc(F)c1)N1CCC2(CCCN(c3ncccn3)C2)CC1,4.084221702678786,ncgc;veith
O=C(c1cccc(F)c1)N1CCC2(CCN(Cc3ccncc3)CC2)CC1,4.884219346423415,ncgc;veith
O=C(c1cccc(F)c1)N1CCC2(CCN(Cc3nccs3)CC2)CC1,4.084221702678786,ncgc;veith
O=C(c1cccc(F)c1)N1CCC[C@@]2(CCN(Cc3ccncc3)C2)C1,3.987203621488413,ncgc
O=C(c1cccc(F)c1)N1CCC[C@@]2(CCN(Cc3nccs3)C2)C1,4.284220827875583,ncgc;veith
O=C(c1cccc(F)c1)N1CCC[C@@]2(CCN(c3cccc(-c4ccccc4)c3)C2)C1,3.987203621488413,ncgc
O=C(c1ccccc1)C1(O)CCCCC1,4.038530441677591,tox21
O=C(c1ccccc1)C1CCCCC1,4.088530344873387,tox21
O=C(c1ccccc1)[C@@H]1O[C@H]1c1ccc(-c2ccccc2)cc1,4.184219245074232,ncgc;veith
O=C(c1ccccc1)c1c[nH]c(C(=O)NCCCn2ccnc2)c1,5.131237783223633,veith
O=C(c1ccccc1)c1c[nH]c(C(=O)NCc2cccnc2)c1,4.231237939860009,veith
O=C(c1ccccc1)c1cc(Cl)ccc1O,4.160972040382595,tox21
O=C(c1ccccc1)c1ccc(Cl)cc1,3.8385301209917824,tox21
O=C(c1ccccc1)c1ccc(O)c(O)c1O,4.011588595574221,tox21
O=C(c1ccccc1)c1ccc(OCC(O)CN2CCN(Cc3ccccc3)CC2)cc1,4.181236955344418,veith
O=C(c1ccccc1)c1ccc(OCCn2cnc3ccccc3c2=O)cc1,4.831238989834795,veith
O=C(c1ccccc1)c1ccc2nc(-c3ccc(NC(=O)c4ccccc4Br)cc3)[nH]c2c1,4.981239042028786,veith
O=C(c1ccccc1)c1ccc2nc(-c3ccc(NC(=O)c4ccccc4F)cc3)[nH]c2c1,4.631238141608918,veith
O=C(c1ccccc1)c1ccccc1,4.088530344873387,tox21
O=C(c1ccccc1)c1ccccc1O,3.933096031826129,tox21
O=C(c1ccccc1)c1nc2ccccc2n(CCCn2c(=O)c(C(=O)c3ccccc3)nc3ccccc32)c1=O,5.981239042028786,veith
O=C(c1ccccc1)c1nn(-c2cccc(Cl)c2)c2nc(-c3ccccc3)cc(=O)n12,4.431238405874674,veith
O=C(c1ccccc1)c1nn(-c2ccccc2)c(=O)cc1C(F)(F)F,4.28123853814577,veith
O=C(c1ccccc1-c1nc(-c2ccccc2)no1)N1CCOCC1,4.131237783223632,veith
O=C(c1ccccc1C(F)(F)F)N1CCC(Cc2ccccc2)CC1,5.0370645271386545,pharmabench
O=C(c1ccccc1Cl)N1CCC(Cc2ccccc2)CC1,5.0370645271386545,pharmabench
O=C(c1ccccc1F)N1CCC(Cc2ccccc2)CC1,5.0370645271386545,pharmabench
O=C(c1ccccc1F)c1cn(CC(=O)N2CCOCC2)c2ccccc12,4.231237939860009,veith
O=C(c1ccccc1NS(=O)(=O)c1cccc([N+](=O)[O-])c1)N1CCOCC1,4.381238666479966,veith
O=C(c1ccccc1O)c1ccccc1O,3.8427991787482476,tox21
O=C(c1cccnc1N1CCC(c2nc3ccccc3[nH]2)CC1)N1CCc2ccccc21,5.528967922003727,challenge
O=C(c1ccco1)N(CCC(c1ccccc1)c1ccco1)Cc1ccco1,4.931238759019225,veith
O=C(c1ccco1)N1CCC2(CC1)CCN(C(c1ccccc1)c1ccccc1)CC2,3.6872033036619767,ncgc
O=C(c1ccco1)N1CCC2(CC1)CCN(c1ccncc1)CC2,5.884210701854814,ncgc;veith
O=C(c1ccco1)N1CCC2(CC1)CN(C(c1ccccc1)c1ccccc1)C2,3.8872025006290167,ncgc
O=C(c1ccco1)N1CCC2(CC1)CN(Cc1ccncc1)C2,4.784219133178269,ncgc;veith
O=C(c1ccco1)N1CCC2(CC1)CN(c1ccccc1)C2,3.8872025006290167,ncgc
O=C(c1ccco1)N1CCC2(CCCN(C(c3ccccc3)c3ccccc3)C2)CC1,4.184219245074232,ncgc;veith
O=C(c1ccco1)N1CCC2(CCCN(Cc3ccncc3)C2)CC1,5.184224419702565,ncgc;veith
O=C(c1ccco1)N1CCC2(CCCN(c3cccc(-c4ccccc4)c3)C2)CC1,4.6842193775900025,ncgc;veith
O=C(c1ccco1)N1CCC2(CCCN(c3ccccn3)C2)CC1,4.184219245074232,ncgc;veith
O=C(c1ccco1)N1CCC2(CCN(Cc3ccncc3)CC2)CC1,4.3842204094659465,ncgc;veith
O=C(c1ccco1)N1CCC[C@@]2(CCN(C(c3ccccc3)c3ccccc3)C2)C1,3.787202796262461,ncgc
O=C(c1ccco1)N1CCC[C@@]2(CCN(Cc3ccncc3)C2)C1,4.784219133178269,ncgc;veith
O=C(c1ccco1)N1CCC[C@@]2(CCN(c3cccc(-c4ccccc4)c3)C2)C1,4.584219730527165,ncgc;veith
O=C(c1ccco1)N1CCC[C@@]2(CCN(c3ccncc3)C2)C1,4.084221702678786,ncgc;veith
O=C(c1ccco1)N1CCN(C(=O)c2ccc(COc3ccc4c(c3)CCC4)o2)CC1,4.381238666479966,veith
O=C(c1cccs1)N1CCN(C(=O)C(c2ccccc2)c2ccccc2)CC1,4.081239412948973,veith
O=C(c1cccs1)n1nc(-c2ccc(Cl)cc2)nc1NCc1ccco1,4.181236955344418,veith
O=C(c1ccnc(CO)c1)N1CCN(c2cncc3ccccc23)CC1,3.7711378470037276,challenge
O=C(c1ccncc1)N1CCC2(CC1)CCN(C(c1ccccc1)c1ccccc1)CC2,4.184219245074232,ncgc;veith
O=C(c1ccncc1)N1CCC2(CC1)CCN(c1cccc(-c3ccccc3)c1)CC2,4.184219245074232,ncgc;veith
O=C(c1ccncc1)N1CCC2(CC1)CCN(c1ccccc1)CC2,4.284220827875583,ncgc;veith
O=C(c1ccncc1)N1CCC2(CC1)CCN(c1ccccn1)CC2,4.284220827875583,ncgc;veith
O=C(c1ccncc1)N1CCC2(CC1)CCN(c1ncccn1)CC2,4.084221702678786,ncgc;veith
O=C(c1ccncc1)N1CCC2(CC1)CN(C(c1ccccc1)c1ccccc1)C2,4.284220827875583,ncgc;veith
O=C(c1ccncc1)N1CCC2(CC1)CN(c1cccc(-c3ccccc3)c1)C2,4.584219730527165,ncgc;veith
O=C(c1ccncc1)N1CCC2(CC1)CN(c1ccccc1)C2,4.884219346423415,ncgc;veith
O=C(c1ccncc1)N1CCC2(CC1)CN(c1ccccn1)C2,4.884219346423415,ncgc;veith
O=C(c1ccncc1)N1CCC2(CC1)CN(c1ccncc1)C2,3.787202796262461,ncgc
O=C(c1ccncc1)N1CCC2(CCCN(C(c3ccccc3)c3ccccc3)C2)CC1,4.584219730527165,ncgc;veith
O=C(c1ccncc1)N1CCC2(CCCN(Cc3ccncc3)C2)CC1,4.584219730527165,ncgc;veith
O=C(c1ccncc1)N1CCC2(CCCN(Cc3nccs3)C2)CC1,4.084221702678786,ncgc;veith
O=C(c1ccncc1)N1CCC2(CCCN(c3ccc(-c4ccccc4)cc3)C2)CC1,4.784219133178269,ncgc;veith
O=C(c1ccncc1)N1CCC2(CCCN(c3cccc(-c4ccccc4)c3)C2)CC1,5.684224832111824,ncgc;veith
O=C(c1ccncc1)N1CCC2(CCCN(c3ccccc3)C2)CC1,4.984216978540185,ncgc;veith
O=C(c1ccncc1)N1CCC2(CCCN(c3ccccn3)C2)CC1,5.084220332573883,ncgc;veith
O=C(c1ccncc1)N1CCC2(CCCN(c3ncccn3)C2)CC1,5.084220332573883,ncgc;veith
O=C(c1ccncc1)N1CCC2(CCN(Cc3ccncc3)CC2)CC1,3.987203621488413,ncgc
O=C(c1ccncc1)N1CCC[C@@]2(CCN(C(c3ccccc3)c3ccccc3)C2)C1,4.3842204094659465,ncgc;veith
O=C(c1ccncc1)N1CCC[C@@]2(CCN(Cc3ccncc3)C2)C1,3.7842205065326477,ncgc;veith
O=C(c1ccncc1)N1CCC[C@@]2(CCN(Cc3nccs3)C2)C1,3.6842210139321634,ncgc;veith
O=C(c1ccncc1)N1CCC[C@@]2(CCN(c3cccc(-c4ccccc4)c3)C2)C1,5.084220332573883,ncgc;veith
O=C(c1ccncc1)N1CCC[C@@]2(CCN(c3ccccn3)C2)C1,3.987203621488413,ncgc
O=C(c1ccncc1)N1CCC[C@@]2(CCN(c3ncccn3)C2)C1,3.987203621488413,ncgc
O=C(c1cn(Cc2ccccn2)nn1)N1CCC(Cc2ccccc2)CC1,4.717178840003728,challenge
O=C(c1cn2ccccc2n1)N1CCCC(c2cc(C(F)(F)F)[nH]n2)C1,4.389864600003728,challenge
O=C(c1cnc(-c2ccccc2)s1)c1ccc(Cl)cc1Cl,3.981239042028786,veith
O=C(c1cnc(F)c(Cl)c1)N1CCN(c2ccc(F)cn2)CC1,4.485723177003727,challenge
O=C(c1cnc(N2CCN(c3ncccn3)CC2)c2ccccc12)N1CCN(c2ccccn2)CC1,4.731239014571102,veith
O=C(c1cnc(N2CCN(c3ncccn3)CC2)c2ccccc12)N1CCN(c2ncccn2)CC1,4.4812387752551235,veith
O=C(c1cnc2c(c1)CCS(=O)(=O)C2)N1C[C@H]2COC[C@@]2(c2ccccc2)C1,4.274925795003727,challenge
O=C(c1cnc2n1CCCC2)N1CCN(c2ncc(Cl)cc2Cl)CC1,4.716088678003728,challenge
O=C(c1cncc(-c2ccc3c(c2)CCO3)c1)N1CCCCCO1,4.873151117003728,challenge
O=C(c1cncc(O)c1)N1CC(Cc2ccc(Br)cc2)C1,5.467613290003728,challenge
O=C(c1cnccn1)N1CCC2(CC1)CN(Cc1ccccc1)C2,3.787202796262461,ncgc
O=C(c1cnccn1)N1CCC2(CC1)CN(Cc1ccncc1)C2,3.787202796262461,ncgc
O=C(c1cnccn1)N1CCC2(CC1)CN(c1ccncc1)C2,3.8872025006290167,ncgc
O=C(c1cnccn1)N1CCC2(CCCN(C(c3ccccc3)c3ccccc3)C2)CC1,4.184219245074232,ncgc;veith
O=C(c1cnccn1)N1CCC2(CCCN(Cc3ccncc3)C2)CC1,3.7842205065326477,ncgc;veith
O=C(c1cnccn1)N1CCC2(CCCN(Cc3nccs3)C2)CC1,4.084221702678786,ncgc;veith
O=C(c1cnccn1)N1CCC2(CCCN(c3ccc(-c4ccccc4)cc3)C2)CC1,4.184219245074232,ncgc;veith
O=C(c1cnccn1)N1CCC2(CCCN(c3cccc(-c4ccccc4)c3)C2)CC1,3.9842213317585995,ncgc;veith
O=C(c1cnccn1)N1CCC2(CCCN(c3ccccc3)C2)CC1,3.6872033036619767,ncgc
O=C(c1cnccn1)N1CCC[C@@]2(CCN(Cc3ccncc3)C2)C1,4.284220827875583,ncgc;veith
O=C(c1cnccn1)N1CCC[C@@]2(CCN(c3cccc(-c4ccccc4)c3)C2)C1,4.3842204094659465,ncgc;veith
O=C(c1cnn2c1CCC2)N1CCc2[nH]c3ccc(F)cc3c2C1,4.583498480003728,challenge
O=C(c1cnn2c1CCCC2)N1CC(c2nc(-c3ccccc3)no2)C1,4.499618185003728,challenge
O=C(c1coc(=O)c2ccccc12)N1CCCC2(CCCc3ccccc32)C1,5.098439273003728,challenge
O=C(c1coc(C2CC2)n1)N1CCOc2c(Cl)cc(Br)cc21,5.6430271700037276,challenge
O=C(c1coc2ccccc2c1=O)N1CCN(c2cccc(C(F)(F)F)c2)CC1,4.181236955344418,veith
O=C(c1csc(C2CC2)n1)N1CCN(CC(=O)N2CCc3ccccc32)CC1,4.286460410003728,challenge
O=C(c1csnn1)N1CCC2(CC1)CCN(c1ccccn1)CC2,3.987203621488413,ncgc
O=C(c1csnn1)N1CCC2(CC1)CCN(c1ccncc1)CC2,4.087203992408599,ncgc
O=C(c1csnn1)N1CCC2(CC1)CN(C(c1ccccc1)c1ccccc1)C2,4.084221702678786,ncgc;veith
O=C(c1csnn1)N1CCC2(CC1)CN(Cc1ccncc1)C2,4.284220827875583,ncgc;veith
O=C(c1csnn1)N1CCC2(CC1)CN(c1ccncc1)C2,4.884219346423415,ncgc;veith
O=C(c1csnn1)N1CCC2(CCCN(C(c3ccccc3)c3ccccc3)C2)CC1,4.284220827875583,ncgc;veith
O=C(c1csnn1)N1CCC2(CCCN(Cc3cc(C(F)(F)F)cc(C(F)(F)F)c3)C2)CC1,3.6872033036619767,ncgc
O=C(c1csnn1)N1CCC2(CCCN(c3cccc(-c4ccccc4)c3)C2)CC1,4.484220032521275,ncgc;veith
O=C(c1csnn1)N1CCC2(CCCN(c3ccccc3)C2)CC1,4.3842204094659465,ncgc;veith
O=C(c1csnn1)N1CCC2(CCCN(c3ccccn3)C2)CC1,3.987203621488413,ncgc
O=C(c1csnn1)N1CCC2(CCCN(c3ccncc3)C2)CC1,3.6872033036619767,ncgc
O=C(c1csnn1)N1CCC[C@@]2(CCN(C(c3ccccc3)c3ccccc3)C2)C1,3.6872033036619767,ncgc
O=C(c1csnn1)N1CCC[C@@]2(CCN(Cc3ccncc3)C2)C1,4.484220032521275,ncgc;veith
O=C(c1csnn1)N1CCC[C@@]2(CCN(c3cccc(-c4ccccc4)c3)C2)C1,4.6842193775900025,ncgc;veith
O=C(c1n[nH]c(=O)c2ccccc12)N1CCN(C2c3ccccc3-c3ccccc32)CC1,4.831238989834795,veith
O=C(c1ncc2ccccn12)N1CCCC(n2ccc(C(F)(F)F)n2)C1,4.534564145003728,challenge
O=C(c1nn(Cc2ccccc2)c(=O)c2ccccc12)N1CCN(C/C=C/c2ccccc2)CC1,4.68123872420235,veith
O=C(c1occ2c1CCC2)N1CCN(CCc2ccncc2)CC1,6.249375022003727,challenge
O=C(c1ocnc1C(F)(F)F)N1CCN(CCc2ccccc2)CC1,4.532279585003728,challenge
O=C(c1sc2ccccc2c1Cl)N(Cc1ccccc1)C1CCS(=O)(=O)C1,4.68123872420235,veith
O=C1/C(=C/c2ccccc2)[C@@H](NC2CCCCC2)c2ccccc21,4.6842193775900025,ncgc;veith
O=C1/C(=C/c2cccnc2)SC(=S)N1Cc1ccco1,4.487201289787428,ncgc
O=C1/C(=C\c2ccc(Br)o2)SC(=Nc2ccccc2)N1c1ccccc1,5.68123872420235,veith
O=C1/C(=C\c2ccccn2)SC(=S)N1Nc1ncc(C(F)(F)F)cc1Cl,4.581238740591187,veith
O=C1C(=O)N(c2cccc(Cl)c2)C(c2ccccc2[N+](=O)[O-])/C1=C(\O)c1ccccc1,4.981239042028786,veith
O=C1C(=O)c2cccc3cccc1c23,3.8388845063965604,tox21
O=C1C(=O)c2ccccc2C(O)=C1C(C1=C(O)c2ccccc2C(=O)C1=O)c1ccc(Cl)cc1,4.787200049553703,ncgc
O=C1C(=O)c2ccccc2C(O)=C1C(CCc1ccccc1)C1=C(O)c2ccccc2C(=O)C1=O,4.784219133178269,ncgc;veith
O=C1C(=O)c2ccccc2C(O)=C1C1CCC(c2ccc(Cl)cc2)CC1,4.984216978540185,ncgc;veith
O=C1C(=O)c2ccccc2C(O)=C1Cc1ccccc1,4.6842193775900025,ncgc;veith
O=C1C(CCS(=O)c2ccccc2)C(=O)N(c2ccccc2)N1c1ccccc1,4.204754202416686,challenge;ncgc;tox21
O=C1C(Cc2ccccc2)C(c2ccccc2)N1c1ccccc1,4.431238405874674,veith
O=C1C(Cc2ccccc2)SC(=Nc2ccccc2)N1c1ccccc1,4.081239412948973,veith
O=C1C(Cl)=C(Nc2ccc(S(=O)(=O)Nc3ccccn3)cc2)C(=O)c2ccccc21,4.984216978540185,ncgc;veith
O=C1C(Cl)=C(Sc2nnc3c4ccccc4c4ccccc4c3n2)C(=O)c2ccccc21,4.687200030977656,ncgc
O=C1C(I)=CC(=C(c2cc(I)c([O-])c(I)c2)c2ccccc2C(=O)[O-])C=C1I.[Na+].[Na+],5.049693557718132,tox21
O=C1C(N2CCN(CCc3ccc4c(c3)CCO4)CC2)CCN1c1ccccc1,3.615360835003728,challenge
O=C1C(SCCO)=C(SCCO)C(=O)c2ccccc21,4.4842199341123905,ncgc;veith
O=C1C2(Cl)C3(Cl)C4(Cl)C(Cl)(Cl)C5(Cl)C3(Cl)C1(Cl)C5(Cl)C24Cl,4.826290575464699,tox21
O=C1C2=C(NC(=S)NC2c2ccc(Cl)cc2)NC(c2ccc(Cl)cc2)N1c1ccc(Cl)cc1,4.231237939860009,veith
O=C1C2C3C=CC(CC3)C2C(=O)N1/N=C/c1ccccc1O,4.131237783223632,veith
O=C1C2C3c4ccccc4C(c4ccccc43)C2C(=O)N1c1nc(-c2ccccc2)cs1,5.331238507999185,veith
O=C1C2CC=CCC2C(=O)N1SC(Cl)(Cl)C(Cl)Cl,4.861939977520567,tox21
O=C1C2CCCN2C(c2ccc(F)cc2)N1c1nccs1,3.731239014571102,veith
O=C1C2CCCN2c2ccc(S(=O)(=O)N3CCOCC3)cc2N1Cc1cccc(C(F)(F)F)c1,4.581238740591187,veith
O=C1C2CCN(CC2)C1(CO)CO,6.484206266808193,ncgc;veith
O=C1C2N=CN3C(NCc4c(F)ccc5c4CCO5)=NC=C(c4cnc(C(F)(F)F)cc4CN1CC(F)F)C23,4.445999920112155,pharmabench
O=C1C2ON(c3ccccc3)C(c3ccncc3)C2C(=O)N1c1ccccc1,5.68123872420235,veith
O=C1C2Sc3[nH]c(=O)sc3C(c3ccccc3)C2C(=O)N1c1ccc(Cl)cc1,4.331238507999185,veith
O=C1C2Sc3[nH]c(=O)sc3C(c3ccccc3)C2C(=O)N1c1ccccc1,4.181236955344418,veith
O=C1C=C(NCCc2cc(Br)c(O)c(Br)c2)C(=O)c2ncccc21,5.084220332573883,ncgc;veith
O=C1C=C(Nc2ccc(Cl)cc2)CC(c2ccc(Cl)cc2)C1,4.28123853814577,veith
O=C1C=C(c2cccs2)CC(c2cccs2)C1n1cnc([N+](=O)[O-])c1,4.131237783223632,veith
O=C1C=CC(=Nc2cccc3c(N=C4C=CC(=O)O4)cccc23)O1,4.487201289787428,ncgc
O=C1C=CC(=O)N1c1cccc(N2C(=O)C=CC2=O)c1,4.838529434479041,tox21
O=C1C=CC(=O)c2c1ccc1c2ccc2ccccc21,5.184224419702565,ncgc;veith
O=C1C=CC2=C3c4cc(O)c(O)cc4C[C@@]3(O)COC2=C1O,4.687200030977656,ncgc
O=C1CC(=Nc2ccccc2)NN1c1ccccc1,4.831238989834795,veith
O=C1CC(C(=O)N[C@@H]2CCCc3ccc(F)cc32)c2ccc(F)cc2N1,3.9937956370037275,challenge
O=C1CC(CNC(=O)N2CC3(CCCC3)c3c(F)cccc32)CN1,4.145326198003728,challenge
O=C1CC(N2CC=C(c3ccc(F)cc3)CC2)C(=O)N1c1ccc(F)cc1,3.931238759019225,veith
O=C1CC(N2CCN(C(c3ccccc3)c3ccccc3)CC2)C(=O)N1Cc1ccc(N2CCCC2=O)cc1,4.431238405874674,veith
O=C1CC(NCCC2=CCCCC2)C(=O)N1c1cccc(Cl)c1Cl,4.131237783223632,veith
O=C1CC(Nc2ncnc3[nH]ccc23)CN1C1CC1c1ccccc1,4.6017487100037275,challenge
O=C1CC(SC(=Nc2ccccc2)Nc2ccccc2)C(=O)N1c1cccc(Cl)c1,4.731239014571102,veith
O=C1CC(c2ccc(F)cc2)Cc2nc(NCC3CCCO3)ncc21,4.181236955344418,veith
O=C1CC(c2ccc3c(c2)OCO3)Sc2nc3ccccc3n21,4.7812382168028345,veith
O=C1CC(c2cccc(F)c2)SC(N(c2ccccc2)c2ccccc2)=N1,4.28123853814577,veith
O=C1CC(c2ccccc2)Cc2nc(N3CCc4ccccc4C3)ncc21,4.631238141608918,veith
O=C1CC(c2cccs2)c2cc3c(cc2N1)OCO3,4.081239412948973,veith
O=C1CC2(CCCC2)CC(=O)N1CCCCN1CCN(c2ncccn2)CC1,4.06286628554698,ncgc;tox21
O=C1CCC(C2CCCCC2)CC1,3.738530418642034,tox21
O=C1CCC(N2Cc3ccc(-n4cc(C5CCCC5)nn4)cc3C2=O)C(=O)N1,4.738098785003728,challenge
O=C1CCC(N2Cc3ccc(CNS(=O)(=O)c4ccc5c(c4)OCCO5)cc3C2=O)C(=O)N1,4.342159070003728,challenge
O=C1CCC(c2ccc(-n3ccnc3)cc2)=NN1,3.7842205065326477,ncgc;veith
O=C1CCC(c2cccc(NC(=O)c3cc(-c4ccccc4)ccn3)c2)N1,5.040625027003728,challenge
O=C1CCC(c2ccccc2)(c2ccccc2)CC1,4.487201289787428,ncgc
O=C1CCC(c2ccccc2)=NN1c1nc2ccccc2s1,4.687200030977656,ncgc
O=C1CCC/C=C\CCCCCCCCCC1,3.7885301040785704,tox21
O=C1CCCC(=O)C1,3.7395939979423325,tox21
O=C1CCCC(=O)O1,4.3885311946544245,tox21
O=C1CCCC(CC(=O)N2CCN(C(=O)c3ccc(Cl)cc3F)CC2)N1,2.572745283003728,challenge
O=C1CCCC2=C1C(c1ccc(Cl)cc1)C1C(=O)c3ccccc3C1=N2,4.581238740591187,veith
O=C1CCCC2=C1C(c1ccc(OS(=O)(=O)c3ccc(Cl)cc3)cc1)C1=C(CCCC1=O)O2,4.431238405874674,veith
O=C1CCCC=C1[C@@H](O)CCOC(c1ccccc1)(c1ccccc1)c1ccccc1,5.384228610767986,ncgc;veith
O=C1CCCC=C1[C@H](CCc1ccccc1)OC(=O)c1ccc(Br)cc1,4.784219133178269,ncgc;veith
O=C1CCCCC1,3.774268921581319,tox21
O=C1CCCCCCCCCCC(=O)OCCO1,4.038530441677591,tox21
O=C1CCCCCCCCCCCC(=O)OCCO1,4.138530880775606,tox21
O=C1CCCCCCCCCCCN1,4.062811235264456,tox21
O=C1CCCCCN1SSN1CCCCCC1=O,4.038530441677591,tox21
O=C1CCCN1,3.8339444792317163,tox21
O=C1CCCN1CC#CCN1CCCC1,5.059219029178639,ncgc;veith
O=C1CCCN1Cc1ccc(-n2nc(C(F)(F)F)c3c2CCCC3)cc1,4.639124518466617,pharmabench
O=C1CCCN1Cc1ccc(-n2nc(C(F)(F)F)c3c2CCCC3)cc1F,4.3838520133633105,pharmabench
O=C1CCCN1c1ccc(S(=O)(=O)Nc2cccc(O)c2)cc1,4.754752250003728,challenge
O=C1CCCN1c1ccc(S(=O)(=O)Oc2cccc(Cl)c2)cc1[N+](=O)[O-],4.231237939860009,veith
O=C1CCC[C@@H](C(C(=O)OCc2ccccc2)C(=O)OCc2ccccc2)C1,4.784219133178269,ncgc;veith
O=C1CCCc2ccccc2N1Cc1cccc(Cl)c1,4.581238740591187,veith
O=C1CCCc2ccccc2N1Cc1ccccc1Cl,4.28123853814577,veith
O=C1CCN(S(=O)(=O)c2ccccc2)N1,4.181236955344418,veith
O=C1CCN(c2ccccc2)N1,4.586760027327451,tox21
O=C1CCc2c(ccc3ccccc23)O1,4.3842204094659465,ncgc;veith
O=C1CCc2cc(-c3cccc(O)c3F)cc3c2N1CCC3,5.3435035550037275,challenge
O=C1CCc2cc(OCCCCc3nnnn3C3CCCCC3)ccc2N1,4.237112872905958,challenge;ncgc;pharmabench;tox21
O=C1CCc2cc(OCCOC(=O)c3cccc4cnccc34)ccc2N1,5.467638065003728,challenge
O=C1CCc2ccc(OCCCCN3CCN(c4cccc(Cl)c4Cl)CC3)cc2N1,4.541646794824176,challenge;tox21
O=C1CN(C(=O)c2ccc(Br)o2)C(c2ccc(F)cc2)c2cc(Cl)ccc2N1,4.4812387752551235,veith
O=C1CN2CCN(CC2)CC(=O)Nc2ccc(cc2)S(=O)(=O)c2ccc(cc2)NC(=O)CN2CCN(CC2)CC(=O)Nc2ccc(cc2)S(=O)(=O)c2ccc(cc2)N1,5.6872109400212985,ncgc
O=C1CN=C(c2ccccc2)c2cc(Cl)ccc2N1CC1CC1,4.367299328343272,tox21
O=C1CN=C(c2ccccc2)c2cc([N+](=O)[O-])ccc2N1,4.123976390374629,tox21
O=C1CN=C(c2cccs2)c2c(sc3c2CCCC3)N1,3.731239014571102,veith
O=C1COc2ccc(NC(=O)N3CCN(c4ccccc4Cl)CC3)cc2N1,4.131237783223632,veith
O=C1COc2ccc(OCc3ccc(F)cc3)cc21,4.28123853814577,veith
O=C1COc2ccc(S(=O)(=O)N3c4ccccc4COc4cc(F)ccc43)cc2N1,5.1444134932613546,pharmabench
O=C1CS/C(=C\[N+](=O)[O-])N1c1ccc(OC(F)(F)F)cc1,4.081239412948973,veith
O=C1CS[C@@H](c2ccccc2Cl)c2cc(Cl)ccc2N1,4.084221702678786,ncgc;veith
O=C1CSc2ccc(C(=O)NC[C@@H]3CCO[C@H]3c3ccccc3)cc2N1,4.157548250003727,challenge
O=C1C[C@@H](O)[C@@H](O)[C@H]2[C@@H]3C(=O)N(Cc4ccccc4)C(=O)[C@@H]3CC[C@H]12,4.687200030977656,ncgc
O=C1C[C@@H](c2ccc(O)cc2)Oc2cc(O)cc(O)c21,4.187201534804045,ncgc
O=C1C[C@H](c2ccccc2)Oc2cc(O)cc(O)c21,4.187201534804045,ncgc
O=C1C[C@H](c2ccccc2)[C@@H](c2ccc(Br)cc2)O1,4.787200049553703,ncgc
O=C1Cc2c([nH]c3ccc(Br)cc23)-c2ccccc2N1,4.287203117605396,ncgc
O=C1Cc2cc(CCN3CCN(c4nsc5ccccc45)CC3)c(Cl)cc2N1,4.199695243524282,tox21
O=C1Cc2cc(Cl)ccc2N1,4.099695361406635,tox21
O=C1Cc2cc(NS(=O)(=O)c3cccc(-c4ccccc4)c3)ccc2N1,5.852564907003727,challenge
O=C1Cc2ccccc2C1,3.7885301040785704,tox21
O=C1Cc2ccccc2N1c1c(Cl)cccc1Cl,4.088530344873387,tox21
O=C1N(c2ccccc2)c2ccccc2C1(Cc1ccncc1)Cc1ccncc1,4.672712959144345,ncgc;tox21;veith
O=C1N=C(N2CCC(Cc3ccccc3)CC2)S/C1=C/c1cn[nH]c1-c1ccccc1,5.631238141608918,veith
O=C1N=C2SCCN2/C1=C\c1c(Cl)cccc1Cl,4.081239412948973,veith
O=C1NC(=O)C(c2ccccc2)(c2ccccc2)N1,3.9894660815482337,ncgc;tox21
O=C1NC(=O)C(c2ccccc2[N+](=O)[O-])=C1Nc1ccc(O)c(Cl)c1,3.787202796262461,ncgc
O=C1NC(=O)C2CC=CCC12,3.7885301040785704,tox21
O=C1NC(=O)N(CCNc2ncc(C(F)(F)F)cc2Cl)C(=O)C1/C=N/OCc1c(F)cccc1Cl,5.381238666479966,veith
O=C1NC(=O)c2cc(NC(=O)N3CCCC(C(=O)Nc4ccc(Cl)cn4)C3)ccc21,5.0452622320037275,challenge
O=C1NC(=O)c2cc([N+](=O)[O-])ccc21,3.7846475433209683,tox21
O=C1NC(=S)N/C1=C/c1cccc([N+](=O)[O-])c1O,4.181236955344418,veith
O=C1NC(=S)NC(=O)C1=Cc1cccc2cc3ccccc3cc12,4.784219133178269,ncgc;veith
O=C1NC([O-])=NC1(c1ccccc1)c1ccccc1.[Na+],3.6872033036619767,ncgc
O=C1NC(c2ccc(Br)cc2)Nc2sc3c(c21)CCC3,4.4812387752551235,veith
O=C1NC(c2cccc([N+](=O)[O-])c2)=CCN1c1ccccc1O,5.284220827875583,ncgc;veith
O=C1NCC2=C1C(c1ccc(Br)cc1)Nc1ccccc1N2,4.331238507999185,veith
O=C1NCCC12CCN(c1c(Cl)cncc1-c1ccc(N3CCOCC3)cc1)CC2,4.87569652490368,pharmabench
O=C1NCCC1CCn1cc(-c2ccc3cnccc3c2)nn1,4.376080668003728,challenge
O=C1NCCN(C(=O)CC2OCCc3ccccc32)C1c1ccccc1,3.1113074170037276,challenge
O=C1NCCN(C(=O)NC2CCc3c(Cl)cccc32)C1c1ccccc1,4.473722868003728,challenge
O=C1NCCN1Cc1cccc(Cl)c1,4.931238759019225,veith
O=C1NCCN1Cc1ccccc1F,4.181236955344418,veith
O=C1NCN(c2ccccc2)C12CCN(CC1COc3ccccc3O1)CC2,4.699697196683655,tox21
O=C1NCN(c2ccccc2)C12CCN(CCCC(c1ccc(F)cc1)c1ccc(F)cc1)CC2,3.9184495338738,ncgc;tox21
O=C1NCN(c2ccccc2)C12CCN(C[C@H]1COc3ccccc3O1)CC2,3.9372033943355307,ncgc
O=C1NC[C@H](O)C(=O)N1Cc1nc2c(s1)CC(c1ccccc1)CC2,4.316033938003728,challenge
O=C1NN(c2ccccc2)C(=O)/C1=C\c1ccccc1OCC(=O)N1CCOCC1,4.081239412948973,veith
O=C1Nc2cc(Cl)c(Cl)cc2N(O)N1c1ccc(Cl)c(Cl)c1,4.68123872420235,veith
O=C1Nc2cc(Cl)c(Cl)cc2N2CCNC[C@H]12,4.587200720463143,ncgc
O=C1Nc2ccc(Cl)cc2C(c2ccccc2)=NC1O,3.9478304154108255,tox21
O=C1Nc2ccc(Cl)cc2[C@@](C#CC2CC2)(C(F)(F)F)O1,4.449695384640936,tox21
O=C1Nc2ccc(F)cc2C12Nc1ccccc1-c1nnc(SCc3ccccc3F)nc1O2,4.981239042028786,veith
O=C1Nc2ccc(F)cc2[C@]12C[C@H]2c1ccc2c(/C=C/c3ccc(CN4CCOCC4)cc3)n[nH]c2c1,5.639124518466617,pharmabench
O=C1Nc2ccc(I)cc2/C1=C/c1cc(Br)c(O)c(Br)c1,4.734264515167795,ncgc;veith
O=C1Nc2ccc([N+](=O)[O-])cc2C1(O)N1CCCCCC1,4.181236955344418,veith
O=C1Nc2ccc([N+](=O)[O-])cc2C1=O,4.0892389942983245,tox21
O=C1Nc2ccccc2/C1=C/c1ccc2cn[nH]c2c1,5.639124518466617,pharmabench
O=C1Nc2ccccc2/C1=N/c1sc2c(c1C(=O)NCCc1ccccc1)CCCC2,4.68123872420235,veith
O=C1Nc2ccccc2C(=O)C1(Cl)Cc1ccccc1,3.981239042028786,veith
O=C1Nc2ccccc2C1(c1ccc(O)cc1)c1ccc(O)cc1,4.894110238523629,tox21
O=C1Nc2ccccc2[C@]12C[C@H]2c1ccc2c(/C=C/c3ccc(CN4CC[C@@H](F)C4)cc3)n[nH]c2c1,5.3838520133633105,pharmabench
O=C1Nc2ccccc2[C@]12C[C@H]2c1ccc2c(/C=C/c3ccc(N4CCNCC4)cc3)n[nH]c2c1,5.107645601424362,pharmabench
O=C1Nc2ccccc2[C@]12C[C@H]2c1ccc2c(/C=C/c3ccncc3)n[nH]c2c1,6.860973268082973,pharmabench
O=C1OC(OC(=O)c2cccnc2Nc2cccc(C(F)(F)F)c2)c2ccccc21,4.849697185145774,tox21
O=C1OC(c2ccc(O)cc2)(c2ccc(O)cc2)c2ccccc21,4.341371460881198,tox21
O=C1OC2(c3ccc(O)cc3Oc3cc(O)ccc32)c2c1c(-c1ccccc1)c(-c1ccccc1)c(-c1ccccc1)c2-c1ccccc1,4.884219346423415,ncgc;veith
O=C1OC2(c3ccc(O)cc3Oc3cc(O)ccc32)c2ccc(N=C=S)cc21,3.9804445244590143,tox21
O=C1OC2(c3ccc(O)cc3Oc3cc(O)ccc32)c2ccccc21,4.588528406643712,tox21
O=C1OC2(c3ccc([O-])cc3Oc3cc([O-])ccc32)c2ccccc21.[Na+].[Na+],4.399695684644625,tox21
O=C1OCC(CO)(CO)N=C1NNc1ccc(Cl)c(Cl)c1,4.28123853814577,veith
O=C1OCC(c2ccccc2)=C1c1ccc(S(=O)(=O)N2CCOCC2)s1,4.181236955344418,veith
O=C1OCCN1c1cccc(C(=O)N2CC3(CCCC3)c3c(F)cccc32)c1,4.286235470003728,challenge
O=C1OC[C@H](Cc2cccc(O)c2)[C@H]1Cc1cccc(O)c1,4.608353992576335,tox21
O=C1Oc2ccccc2C(=O)/C1=C\N1C(=O)N/C(=C\c2ccccc2O)C1=O,5.284220827875583,ncgc;veith
O=C1SC(c2ccccc2)=C/C1=C\N1CCCCC1,4.231237939860009,veith
O=C1[C@@H]2C=CC=CC2=NC(=S)N1CCN1CCC(=C(c2ccc(F)cc2)c2ccc(F)cc2)CC1,3.7842205065326477,ncgc;veith
O=C1[C@H](CC[C@H](O)c2ccc(F)cc2)[C@@H](c2ccc(O)cc2)N1c1ccc(F)cc1,4.699697196683655,tox21
O=C1[C@H]2[C@H]3[C@H](O)[C@H](O)C/C(=N/OCc4ccccc4)[C@@H]3CC[C@@H]2C(=O)N1Cc1ccccc1,4.787200049553703,ncgc
O=C1[N-]C(=O)C(c2ccccc2)(c2ccccc2)N1.[Na+],4.338531273401033,tox21
O=C1c2ccc3c4c(ccc(c24)C(=O)N1c1ccc2ccccc2c1)CC3,4.68123872420235,veith
O=C1c2cccc(O)c2C(=O)c2c(O)cc(CO)cc21,4.188530214047235,tox21
O=C1c2cccc([N+](=O)[O-])c2C(=O)N1c1ncn[nH]1,4.387202152451927,ncgc
O=C1c2cccc3c(Nc4ccccc4Cl)c([N+](=O)[O-])cc(c23)C(=O)N1CCO,4.831238989834795,veith
O=C1c2ccccc2-c2cc([N+](=O)[O-])c([N+](=O)[O-])cc21,5.084220332573883,ncgc;veith
O=C1c2ccccc2-c2ccccc21,3.826621861786908,tox21
O=C1c2ccccc2-c2n[nH]c3cccc1c23,3.8372026484457384,ncgc
O=C1c2ccccc2C(=O)C1C(=O)C(c1ccccc1)c1ccc(Cl)cc1,5.638537786957956,tox21
O=C1c2ccccc2C(=O)C1C(=O)C(c1ccccc1)c1ccccc1,6.649770923516218,tox21
O=C1c2ccccc2C(=O)N1CC(=O)N1c2ccccc2CCc2ccccc21,4.731239014571102,veith
O=C1c2ccccc2C(=O)N1CC1c2ccccc2CCN1S(=O)(=O)c1ccccc1,4.7812382168028345,veith
O=C1c2ccccc2C(=O)N1CCCCN(C(=O)c1ccc([N+](=O)[O-])cc1)c1ccc(Cl)cc1,5.031238394064476,veith
O=C1c2ccccc2C(=O)N1CCCCN(C(=O)c1cccc([N+](=O)[O-])c1)c1ccc(Cl)cc1,4.431238405874674,veith
O=C1c2ccccc2C(=O)N1c1ccc2nc(-c3ccc(Br)o3)[nH]c2c1,4.831238989834795,veith
O=C1c2ccccc2C(=O)c2c(Cl)cccc21,4.514428275759366,tox21
O=C1c2ccccc2C(=O)c2c1ccc(C(=O)N1CCCCC1)c2NCCO,4.131237783223632,veith
O=C1c2ccccc2C(=O)c2c1ccc(C(=O)O)c2-c1ccc2ccccc2c1,5.084220332573883,ncgc;veith
O=C1c2ccccc2C(=O)c2cc(S(=O)(=O)[O-])ccc21.[Na+],4.536762064537816,tox21
O=C1c2ccccc2C(Cc2ccncc2)(Cc2ccncc2)c2ccccc21,3.987203621488413,ncgc
O=C1c2ccccc2C2=Nc3ccccc3SC(c3ccccc3F)C12,6.331238507999185,veith
O=C1c2ccccc2CCC12N=NCC2c1ccc(Cl)cc1,4.131237783223632,veith
O=C1c2ccccc2CCCC12N=NCC2c1cccc2ccccc12,4.381238666479966,veith
O=C1c2ccccc2CC[C@H]1CNCCc1ccc(O)cc1,3.6872033036619767,ncgc
O=C1c2ccccc2CCc2ccccc21,4.039547536478386,tox21
O=C1c2ccccc2Cc2ccccc21,4.535000870433361,tox21
O=C1c2ccccc2NC(c2ccc(F)cc2)N1Cc1ccco1,4.7812382168028345,veith
O=C1c2ccccc2NC(c2ccc3c(c2)OCO3)N1O,4.131237783223632,veith
O=C1c2ccccc2NC(c2ccncc2)N1c1ccccn1,5.231237939860008,veith
O=C1c2ccccc2N[C@H](c2cc(Cl)cc(Cl)c2O)N1CCc1ccccn1,4.784219133178269,ncgc;veith
O=C1c2ccccc2S(=O)(=O)N1CCCCN1CCN(c2ncccn2)CC1,4.399695684644625,tox21
O=C=NCC1CCCC(CN=C=O)C1,4.138530880775606,tox21
O=C=NCCCCCCN=C=O,3.801629696904114,tox21
O=C=NCc1cccc(CN=C=O)c1,4.760931192197943,tox21
O=C=Nc1ccc(Cc2ccc(N=C=O)cc2)cc1,4.696022604482862,tox21
O=C=Nc1ccc(Cl)c(Cl)c1,4.095305943010876,tox21
O=CC=C(c1ccccc1)c1ccccc1,4.3346474914738184,tox21
O=CCCc1ccccc1,4.088530344873387,tox21
O=CCc1ccccc1,4.44012875403868,tox21
O=CN1C[C@H]2C[C@@H](C1)c1cccc(=O)n1C2,3.787202796262461,ncgc
O=CNC(N1CCN(C(NC=O)C(Cl)(Cl)Cl)CC1)C(Cl)(Cl)Cl,4.138530880775606,tox21
O=Cc1ccc(-c2cccnc2)o1,4.9231211748318175,pharmabench
O=Cc1ccc(Cl)c([N+](=O)[O-])c1,3.7885301040785704,tox21
O=Cc1ccc(OC2C=CC(C#Cc3ccccc3)OC2CO)cc1,4.88720077167744,ncgc
O=Cc1ccc([N+](=O)[O-])cc1,3.782831509094688,tox21
O=Cc1cccc(Br)c1,3.9776617163227037,tox21
O=Cc1cccc(Oc2ccccc2)c1,4.034998881187818,tox21
O=Cc1ccccc1C=O,4.088530344873387,tox21
O=NN(c1ccccc1)c1ccccc1,4.093538042545962,tox21
O=NN1CCCCC1,3.914941214804598,tox21
O=NN1CCNCC1,4.043095879470934,tox21
O=Nc1c(-c2c(O)[nH]c3ccccc23)[nH]c2ccccc12,3.937202419233011,ncgc
O=Nc1c(O)n(Cc2ccc(Cl)c(Cl)c2)c2ccccc12,4.531238789289352,veith
O=Nc1c(O)n(Cc2ccc(Cl)cc2)c2ccccc12,5.181236955344418,veith
O=Nc1c(O)n(Cc2cccc(Cl)c2)c2ccccc12,4.88123792116939,veith
O=Nc1ccc(O)cc1,3.8485456192926097,tox21
O=P(Cl)(Oc1ccccc1)Oc1ccccc1,4.138530880775606,tox21
O=P(Nc1ccccc1)(Nc1ccccc1)Oc1cccc(Cl)c1,4.181236955344418,veith
O=P(O)(COc1ccccc1)COc1ccccc1,4.131237783223632,veith
O=P(O)(OCc1ccccc1)OCc1ccccc1,4.289593936881587,tox21
O=P(O)(Oc1ccccc1)Oc1ccccc1,4.188530214047235,tox21
O=P(OC(CCl)CCl)(OC(CCl)CCl)OC(CCl)CCl,4.1145953261753,tox21
O=P(OCC(Br)CBr)(OCC(Br)CBr)OCC(Br)CBr,4.421953611904044,tox21
O=P(OCCCl)(OCCCl)OCCCl,3.8420849792850618,tox21
O=P(Oc1ccccc1)(Oc1ccccc1)Oc1ccccc1,4.839596144143158,tox21
O=P(c1ccccc1)(c1ccccc1)N1CC2(CC2)CC(O)(c2ccccc2)C1,3.6872033036619767,ncgc
O=P(c1ccccc1)(c1ccccc1)c1ccccc1,4.838529434479041,tox21
O=S(=O)(/N=C(\Sc1ccc(Cl)cc1)c1ccccc1)c1ccccc1,4.831238989834795,veith
O=S(=O)(/N=C(\Sc1ccccc1)c1ccccc1)c1ccc(Cl)cc1,4.68123872420235,veith
O=S(=O)(C=C(c1ccccc1)c1ccccc1)c1ccccc1,4.431238405874674,veith
O=S(=O)(Cc1cc(Oc2ccccc2)nc(-c2ccccc2)n1)c1ccccc1,5.331238507999185,veith
O=S(=O)(Cc1ccc(Cl)cc1)c1ccccc1-c1nnc(-c2ccc(Cl)cc2)o1,5.431238405874674,veith
O=S(=O)(N/N=C/c1ccc2c(c1)OCCO2)c1ccc(Cl)cc1,5.131237783223633,veith
O=S(=O)(N/N=C\C=C\c1ccccc1)c1ccc(Br)cc1,5.581238740591187,veith
O=S(=O)(N/N=C\c1ccc2c(c1)OCO2)c1ccc(Cl)cc1,5.231237939860008,veith
O=S(=O)(N/N=C\c1cn(-c2ccccc2)nc1-c1ccccc1)c1ccccc1,4.631238141608918,veith
O=S(=O)(NCCCCCCc1ccccc1)c1cccc2c(Cl)cccc12,4.584219730527165,ncgc;veith
O=S(=O)(NCCNS(=O)(=O)c1cccs1)c1cccs1,4.031238394064476,veith
O=S(=O)(NCCSCc1c(Cl)cccc1Cl)c1ccc2c(c1)OCCO2,4.88123792116939,veith
O=S(=O)(NC[C@@H]1OCC[C@@]2(S(=O)(=O)c3ccc(Cl)cc3)c3c(F)ccc(F)c3OC[C@@H]12)C(F)(F)F,4.647898442774122,pharmabench
O=S(=O)(NCc1cc(-c2ccc(Cl)cc2)no1)c1ccc(Cl)cc1,4.68123872420235,veith
O=S(=O)(NCc1cn2ccsc2n1)c1ccc(Oc2ccccc2)cc1,4.431238405874674,veith
O=S(=O)(Nc1ccc(C(F)(F)F)nc1)c1ccccc1C(F)(F)F,5.29670183764441,pharmabench
O=S(=O)(Nc1ccc(Cc2ccncc2)cc1)c1ccc(Br)cc1,7.131237783223632,veith
O=S(=O)(Nc1ccc(Cc2ccncc2)cc1)c1ccc(Cl)c(Cl)c1,6.981239042028786,veith
O=S(=O)(Nc1ccc(Cc2ccncc2)cc1)c1cccs1,6.981239042028786,veith
O=S(=O)(Nc1ccc2c(c1)CCN(Cc1cc[nH]n1)CC2)c1ccc(N2CCOCC2)nc1,6.0370645271386545,pharmabench
O=S(=O)(Nc1ccc2oc(-c3ccccc3)nc2c1)c1ccccc1,5.381238666479966,veith
O=S(=O)(Nc1cccnc1Cl)c1ccc2c(c1)OCCO2,4.081239412948973,veith
O=S(=O)(Nc1ccn(-c2ncccc2F)n1)c1ccc(OC(F)(F)F)cc1,5.4094398150037275,challenge
O=S(=O)(Nc1ccnn1C1CCC1)c1ccc2c(c1)CCCC2,4.8839860170037275,challenge
O=S(=O)(Nc1cnc2c(F)cccc2c1)c1ccnn1C1CCC1,5.434820112003727,challenge
O=S(=O)(Nc1cncc(C(F)(F)F)c1)c1ccccc1C(F)(F)F,5.79402647845236,pharmabench
O=S(=O)(Nc1cscn1)c1cc(Cl)c(Oc2ccc(C(F)(F)F)cc2-c2ccnnc2)cc1F,5.2029618714258605,pharmabench
O=S(=O)(Nc1nc(-c2sccc2Cl)cs1)c1cc(Cl)ccc1Cl,5.4812387752551235,veith
O=S(=O)(Nc1nncs1)c1cc(Cl)c(Oc2ccc(C(F)(F)F)cc2-c2ccnnc2)cc1F,5.296307203830884,pharmabench
O=S(=O)(O)NC1CCCCC1,4.138530880775606,tox21
O=S(=O)(O)O.Oc1ccc(C(O)CNCCCCCCNCC(O)c2ccc(O)c(O)c2)cc1O,4.149695764085624,tox21
O=S(=O)(O)c1cc(Cl)c(Cl)cc1Cl,4.138530880775606,tox21
O=S(=O)(O)c1cc(N=[N+]([O-])c2cc(S(=O)(=O)O)c3ccccc3c2)cc2ccccc12,4.387202152451927,ncgc
O=S(=O)(O)c1cc(O)c2c(N=Cc3ccccc3O)cc(S(=O)(=O)O)cc2c1,4.784219133178269,ncgc;veith
O=S(=O)(O)c1cc(O)c2c(O)c(N=Nc3cccc4ccccc34)c(S(=O)(=O)O)cc2c1,4.387202152451927,ncgc
O=S(=O)(O)c1ccc2c(N=Nc3c(O)ccc4ccccc34)cccc2c1,5.684224832111824,ncgc;veith
O=S(=O)(O)c1nc2ccccc2n1Cc1ccccc1,3.88123792116939,veith
O=S(=O)(Oc1ccc(Cl)cc1)c1ccc(Cl)cc1,4.260536825098663,tox21
O=S(=O)(Oc1ccc(Cl)cc1)c1ccccc1,4.088530344873387,tox21
O=S(=O)([O-])C(F)(F)C(F)(F)C(F)(F)C(F)(F)C(F)(F)C(F)(F)C(F)(F)C(F)(F)F.[Li+],5.938529421142465,tox21
O=S(=O)([O-])C(F)(F)C(F)(F)C(F)(F)C(F)(F)C(F)(F)C(F)(F)F.[K+],5.5885129647876095,tox21
O=S(=O)([O-])C(F)(F)C(F)(F)C(F)(F)C(F)(F)F.[K+],4.412952190557604,tox21
O=S(=O)([O-])CCS.[Na+],4.149695764085624,tox21
O=S(=O)([O-])SSS(=O)(=O)[O-].[K+].[K+],3.7885301040785704,tox21
O=S(=O)([O-])c1cc(S(=O)(=O)[O-])c2c(N=Nc3ccccc3)c(O)ccc2c1.[Na+].[Na+],3.886761592114458,tox21
O=S(=O)([O-])c1cccc2ccccc12.[Na+],3.9885299994982155,tox21
O=S(=O)(c1c[nH]c2ncccc12)N1CCN(c2cc(C3CC3)n[nH]2)CC1,5.192283960003728,challenge
O=S(=O)(c1ccc(-c2cccc3[nH]ncc23)cc1)N1CCNCC1,4.230710503003728,challenge
O=S(=O)(c1ccc(-c2cccc3c2OCO3)cc1)N1CCNCC1,4.463557833003728,challenge
O=S(=O)(c1ccc(/C=C/c2ccc(F)cc2)cc1)c1ccccc1CO,6.338094522802636,pharmabench
O=S(=O)(c1ccc(CNC2CCC23CCC3)cc1)N1CCOCC1,4.129469647003727,challenge
O=S(=O)(c1ccc(Cl)cc1)[C@@]12CCCC(CO)(CO)[C@@H]1COc1c(F)ccc(F)c12,3.9907645074856855,pharmabench
O=S(=O)(c1ccc(Cl)cc1)c1cc(Cl)c(Cl)cc1Cl,4.263884897443732,tox21
O=S(=O)(c1ccc(Cl)cc1)c1ccc(Cl)cc1,4.233242837680446,tox21
O=S(=O)(c1ccc(Cl)s1)N1CCc2ccccc2C1,3.8312389898347954,veith
O=S(=O)(c1ccc(F)cc1)N1CC2CCCN2c2ccc(C(F)(F)F)cc21,4.28123853814577,veith
O=S(=O)(c1ccc(F)cc1)n1ccc(-c2cnc(-c3ccccc3)s2)n1,4.381238666479966,veith
O=S(=O)(c1ccc(OCc2ccccc2)cc1)c1ccccc1O,4.238530429764998,tox21
O=S(=O)(c1ccc2[nH]c(SCc3cccc(Cl)c3)nc2c1)N1CCOCC1,5.162003263746954,pharmabench
O=S(=O)(c1cccc(-c2nnc(-c3ccc(Br)cc3)o2)c1)N1CCCCCC1,4.581238740591187,veith
O=S(=O)(c1cccc(F)c1)c1ccc2c3c(oc2c1)C1(CCCOC1)NCC3,5.059340921849807,pharmabench
O=S(=O)(c1cccc2c(Cl)cccc12)N1CCCNCC1,3.9372033943355307,ncgc
O=S(=O)(c1cccc2nsnc12)N1CCCC1,4.731239014571102,veith
O=S(=O)(c1ccccc1)N1CCC2(CC1)CN(C(c1ccccc1)c1ccccc1)C2,5.284220827875583,ncgc;veith
O=S(=O)(c1ccccc1)N1CCC2(CC1)CN(c1ccncc1)C2,3.6872033036619767,ncgc
O=S(=O)(c1ccccc1)N1CCC2(CCCN(Cc3ccncc3)C2)CC1,6.384310640829133,ncgc;veith
O=S(=O)(c1ccccc1)N1CCC2(CCCN(c3ccccc3)C2)CC1,5.184224419702565,ncgc;veith
O=S(=O)(c1ccccc1)N1CCC2(CCCN(c3ccccn3)C2)CC1,5.284220827875583,ncgc;veith
O=S(=O)(c1ccccc1)N1CCC2(CCCN(c3ccncc3)C2)CC1,4.6842193775900025,ncgc;veith
O=S(=O)(c1ccccc1)N1CCC2(CCCN(c3ncccn3)C2)CC1,5.284220827875583,ncgc;veith
O=S(=O)(c1ccccc1)N1CCC2(CCN(C(c3ccccc3)c3ccccc3)CC2)CC1,5.5842153979372355,ncgc;veith
O=S(=O)(c1ccccc1)N1CCC2(CCN(Cc3ccncc3)CC2)CC1,3.8872025006290167,ncgc
O=S(=O)(c1ccccc1)N1CCC2(CCN(c3ccc(-c4ccccc4)cc3)CC2)CC1,4.184219245074232,ncgc;veith
O=S(=O)(c1ccccc1)N1CCC2(CCN(c3ccccc3)CC2)CC1,3.6872033036619767,ncgc
O=S(=O)(c1ccccc1)N1CCC2(CCN(c3ccncc3)CC2)CC1,6.184207171420976,ncgc;veith
O=S(=O)(c1ccccc1)N1CCCC1c1nc2ccccc2s1,4.181236955344418,veith
O=S(=O)(c1ccccc1)N1CCC[C@@]2(CCN(C(c3ccccc3)c3ccccc3)C2)C1,4.284220827875583,ncgc;veith
O=S(=O)(c1ccccc1)N1CCC[C@@]2(CCN(Cc3nccs3)C2)C1,3.7842205065326477,ncgc;veith
O=S(=O)(c1ccccc1)N1CCC[C@@]2(CCN(c3cccc(-c4ccccc4)c3)C2)C1,4.184219245074232,ncgc;veith
O=S(=O)(c1ccccc1)N1CCC[C@@]2(CCN(c3ccccc3)C2)C1,4.884219346423415,ncgc;veith
O=S(=O)(c1ccccc1)N1CCC[C@@]2(CCN(c3ccncc3)C2)C1,4.084221702678786,ncgc;veith
O=S(=O)(c1ccccc1)N1CCC[C@@]2(CCN(c3ncccn3)C2)C1,4.484220032521275,ncgc;veith
O=S(=O)(c1ccccc1)N1CCN(S(=O)(=O)c2ccccc2)c2ccccc21,5.884210701854814,ncgc;veith
O=S(=O)(c1ccccc1)N1CCN(c2cc(-c3ccccc3)nc3ncnn23)CC1,4.181236955344418,veith
O=S(=O)(c1ccccc1)N1CN2CN(C1)CN(S(=O)(=O)c1ccccc1)C2,5.484206266808193,ncgc;veith
O=S(=O)(c1ccccc1)N1N=C(c2cccs2)CC1c1ccc(Br)cc1,5.131237783223633,veith
O=S(=O)(c1ccccc1)c1cnc(-c2cccnc2)nc1-c1ccc(Cl)cc1Cl,4.28123853814577,veith
O=S(=O)(c1ccccc1)c1cnn2c(C(F)(F)F)cc(-c3ccccc3)nc12,5.431238405874674,veith
O=S(=O)(c1ccccc1F)N1CC(Oc2ccccc2Cl)C1,6.087979192003727,challenge
O=S(=O)(c1ccccc1F)N1CCN(Cc2cocn2)CC1,3.616383680003728,challenge
O=S(=O)(c1ccccc1F)c1cc(Cl)ccc1S(=O)(=O)N1CCC(CNS(=O)(=O)C(F)(F)F)(c2ccccc2)CC1,5.860973268082973,pharmabench
O=S(=O)(c1ccccc1F)c1cc(Cl)ccc1S(=O)(=O)N1CCC(CO)(CNS(=O)(=O)C(F)(F)F)CC1,5.338094522802636,pharmabench
O=S(=O)(c1ccccc1F)c1cc(Cl)ccc1S(=O)(=O)N1CCC(F)(CNS(=O)(=O)C(F)(F)F)CC1,4.492996482788379,pharmabench
O=S(=O)(c1ccccc1F)c1ccc(OC(F)(F)F)cc1S(=O)(=O)N1CCC2(CC1)CC2NS(=O)(=O)C(F)(F)F,3.8609732680829736,pharmabench
O=S(=O)(c1ccccc1S(=O)(=O)N1CCCCC1)N1CCCCC1,3.8312389898347954,veith
O=S(=O)(c1ccccn1)c1ccc(C(F)(F)F)cc1S(=O)(=O)N1CCC2(CC1)CC2NS(=O)(=O)C(F)(F)F,5.338094522802636,pharmabench
O=S(=O)(c1ccccn1)c1ccc(Cl)cc1S(=O)(=O)N1CCC2(CC1)CC2NS(=O)(=O)C(F)(F)F,4.162003263746954,pharmabench
O=S(=O)(c1ccccn1)c1ccc(OC(F)(F)F)cc1S(=O)(=O)N1CCC2(CC1)CC2NS(=O)(=O)C(F)(F)F,3.8609732680829736,pharmabench
O=S(=O)(c1ccccn1)c1ccccc1S(=O)(=O)N1CCC2(CC1)CC2NS(=O)(=O)C(F)(F)F,3.8609732680829736,pharmabench
O=S(=O)(c1cccs1)N1CN(Cc2ccc(Cl)cc2)c2nc3ccccc3nc21,5.331238507999185,veith
O=S(=O)(c1cnccc1N1CCN(/N=C/c2ccccc2)CC1)N1CCCCC1,4.031238394064476,veith
O=S(=O)(c1cnn2ncccc12)N1CCCC(c2ccn[nH]2)C1,3.8120515420037275,challenge
O=S(Cc1ccc(Br)cc1)Cc1nnc(SCc2ccc(Cl)cc2)n1-c1ccccc1,4.28123853814577,veith
O=S(Cc1ccccc1)CC(O)(c1ccccc1)c1ccccc1,3.88123792116939,veith
O=S(c1cc(Cl)cc(Cl)c1O)c1cc(Cl)cc(Cl)c1O,4.399695684644625,tox21
O=S1(=O)C=C(Oc2ccc3ccccc3c2)c2ccccc21,4.68123872420235,veith
O=S1(=O)C=C(SCc2cccc(Cl)c2)Nc2ccccc21,5.081239412948973,veith
O=S1(=O)CC(Cl)(Cl)C(Cl)(Cl)C1,4.188530214047235,tox21
O=S1(=O)CCC(Nc2nnc(-c3c[nH]c4ccccc34)o2)C1,3.2719559800037277,challenge
O=S1(=O)CCC(c2csc(Cc3cccc4ccccc34)n2)C1,4.6300611970037275,challenge
O=S1(=O)CCN(c2ccccc2CC(c2c[nH]c3ccccc23)c2c[nH]c3ccccc23)CC1,4.784219133178269,ncgc;veith
O=S1(=O)N(CCN2CC=C(c3c[nH]c4cc(F)ccc34)CC2)c2cccc3c2N1CCC3,3.8872025006290167,ncgc
O=S1(=O)OC(c2ccc(O)cc2)(c2ccc(O)cc2)c2ccccc21,4.487201289787428,ncgc
O=S1(=O)[C@H]([C@H]2CC3c4ccccc4C2c2ccccc23)[C@@H](N2CCCCC2)[C@@H]1c1ccccc1,4.387202152451927,ncgc
O=S1OCC2C(CO1)C1(Cl)C(Cl)=C(Cl)C2(Cl)C1(Cl)Cl,4.113176255918903,tox21
O=S1OC[C@@H]2[C@H](CO1)[C@]1(Cl)C(Cl)=C(Cl)[C@@]2(Cl)C1(Cl)Cl,4.088530344873387,tox21
O=[As](O)(O)c1ccc(Cc2ccc([As](=O)(O)O)cc2)cc1,4.387202152451927,ncgc
O=[Cr](=O)([O-])O[Cr](=O)(=O)[O-].[K+].[K+],3.7342960181723797,tox21
O=[N+]([O-])/C=C/c1cn(Cc2ccccc2)c2ccccc12,4.231237939860009,veith
O=[N+]([O-])C(/C=C(\Cl)[N+](=O)[O-])=C1N(Cc2ccc(Cl)nc2)CCN1Cc1ccc(Cl)nc1,4.181236955344418,veith
O=[N+]([O-])C(Br)(CO)CO,4.938529421142464,tox21
O=[N+]([O-])C(CO)(CO)CO,4.038530441677591,tox21
O=[N+]([O-])C([N+](=O)[O-])([N+](=O)[O-])[N+](=O)[O-],4.088530344873387,tox21
O=[N+]([O-])C1=CC=C2C(=NC3(CCCCC3)N2O)C1=NC1CCCCC1,4.731239014571102,veith
O=[N+]([O-])c1c(Cl)c(Cl)cc(Cl)c1Cl,3.7885301040785704,tox21
O=[N+]([O-])c1cc(C(F)(F)F)c(Cl)c([N+](=O)[O-])c1Nc1ncc(C(F)(F)F)cc1Cl,5.838536299655287,tox21
O=[N+]([O-])c1cc(C(F)(F)F)cc([N+](=O)[O-])c1Cl,4.386409889349484,tox21
O=[N+]([O-])c1cc(C(F)(F)F)ccc1NCCCCNS(=O)(=O)c1ccc2ccccc2c1,6.181236955344418,veith
O=[N+]([O-])c1cc(Cc2cc([N+](=O)[O-])c3cccnc3c2O)c(O)c2ncccc12,4.587200720463143,ncgc
O=[N+]([O-])c1cc(F)c(N2CCOCC2)cc1N1CCCCC1,4.431238405874674,veith
O=[N+]([O-])c1cc(O)c(O)c([N+](=O)[O-])c1,5.109224751405334,ncgc;veith
O=[N+]([O-])c1cc(O)c2c(c1)S(=O)(=O)N=C(Nc1ccccc1Cl)N2,5.559943272418992,pharmabench
O=[N+]([O-])c1cc2c(cc1/C=N/Nc1nc(Nc3ccccc3)nc(N3CCCCC3)n1)OCO2,4.731239014571102,veith
O=[N+]([O-])c1cc2c(cc1C=Nc1ccccc1)OCO2,4.28123853814577,veith
O=[N+]([O-])c1cc[n+]([O-])cc1,4.038530441677591,tox21
O=[N+]([O-])c1ccc(-c2cnc(SCc3ccccc3Cl)[nH]2)cc1,4.68123872420235,veith
O=[N+]([O-])c1ccc(/C=C/c2ccc([N+](=O)[O-])cc2S(=O)(=O)[O-])c(S(=O)(=O)[O-])c1.[Na+].[Na+],4.113530612824496,tox21
O=[N+]([O-])c1ccc(/C=N/n2c(COc3ccccc3)n[nH]c2=S)cc1,4.831238989834795,veith
O=[N+]([O-])c1ccc(C2=Nn3c(nnc3-c3ccc(Cl)cc3)SC2)o1,4.387202152451927,ncgc
O=[N+]([O-])c1ccc(C2C3C(c4ccccc4)=NC4(CCCCC4)N32)cc1,4.231237939860009,veith
O=[N+]([O-])c1ccc(C2CCCC/C2=N/OCc2ccccc2F)c([N+](=O)[O-])c1,4.181236955344418,veith
O=[N+]([O-])c1ccc(C2CCCC/C2=N\OCc2cccc(F)c2)c([N+](=O)[O-])c1,4.381238666479966,veith
O=[N+]([O-])c1ccc(C=Nc2ccc(Cl)cc2Cl)s1,4.931238759019225,veith
O=[N+]([O-])c1ccc(CSCc2ccc(Cl)cc2)cc1,4.387202152451927,ncgc
O=[N+]([O-])c1ccc(Cl)c([N+](=O)[O-])c1,3.810011247261489,tox21
O=[N+]([O-])c1ccc(F)c([N+](=O)[O-])c1,4.134295702967309,tox21
O=[N+]([O-])c1ccc(N/N=C\c2cccn2-c2ccccc2)nc1,4.68123872420235,veith
O=[N+]([O-])c1ccc(N2CCC(=NOCc3ccc(Cl)cc3)CC2)cc1,4.131237783223632,veith
O=[N+]([O-])c1ccc(N2CCCC2)cc1NCc1ccccc1,5.081239412948973,veith
O=[N+]([O-])c1ccc(N2CCCCC2)c(Cl)c1N1CCCCC1,4.931238759019225,veith
O=[N+]([O-])c1ccc(N2CCCCCC2)c(S(=O)(=O)N2CCCCC2)c1,4.331238507999185,veith
O=[N+]([O-])c1ccc(N2CCN(CCOc3nonc3-c3ccccc3)CC2)c(Cl)c1,3.931238759019225,veith
O=[N+]([O-])c1ccc(N2CCN(Cc3ccccc3)CC2)c(S(=O)(=O)N2CCOCC2)c1,4.031238394064476,veith
O=[N+]([O-])c1ccc(Nc2ccc(Nc3ccccc3)c(S(=O)(=O)[O-])c2)c([N+](=O)[O-])c1.[Na+],4.088530344873387,tox21
O=[N+]([O-])c1ccc(Nc2ccccc2)cc1,4.136764905627469,tox21
O=[N+]([O-])c1ccc(Nc2nc(N/N=C\c3ccc4c(c3)OCO4)nc(N3CCCCC3)n2)cc1,4.331238507999185,veith
O=[N+]([O-])c1ccc(Nc2nc3ccccc3s2)cc1,5.184224419702565,ncgc;veith
O=[N+]([O-])c1ccc(O)c([N+](=O)[O-])c1,3.9376461383385575,tox21
O=[N+]([O-])c1ccc(O)c2ncccc12,4.04969579048559,tox21
O=[N+]([O-])c1ccc(O)cc1C(F)(F)F,4.038530441677591,tox21
O=[N+]([O-])c1ccc(O/N=C/c2cc(Br)c(O)c(Br)c2)c([N+](=O)[O-])c1,4.49065895368478,tox21
O=[N+]([O-])c1ccc(Oc2ccc(C(F)(F)F)cc2[N+](=O)[O-])cc1,4.188530214047235,tox21
O=[N+]([O-])c1ccc(Oc2ccc(Cl)cc2Cl)cc1,4.312294119963692,tox21
O=[N+]([O-])c1ccc(Oc2ccc([N+](=O)[O-])cc2)cc1,4.77870493912342,tox21
O=[N+]([O-])c1ccc(S(=O)(=O)Cc2ccccc2)c([N+](=O)[O-])c1,4.784219133178269,ncgc;veith
O=[N+]([O-])c1ccc(S(=O)(=O)Cc2ccccc2)c2nonc12,5.78423973440602,ncgc;veith
O=[N+]([O-])c1ccc(S(=O)(=O)Nc2ccc(-c3csc(-c4ccccc4)n3)cc2)cc1,5.331238507999185,veith
O=[N+]([O-])c1ccc([C@@H](Nc2ccccc2)c2ccc3cccnc3c2O)cc1,4.487201289787428,ncgc
O=[N+]([O-])c1ccc([N+](=O)[O-])cc1,4.238530429764998,tox21
O=[N+]([O-])c1ccc2c(N=Nc3ccc4ccccc4c3O)c(O)cc(S(=O)(=O)O)c2c1,4.784219133178269,ncgc;veith
O=[N+]([O-])c1ccc2c(c1)Cc1ccccc1-2,4.163707320510691,tox21
O=[N+]([O-])c1ccc2nc(-c3ccc(Cl)cc3)n(OCc3ccccc3)c2c1,3.931238759019225,veith
O=[N+]([O-])c1ccc2nc(-c3ccccc3)n(OCc3ccc(Cl)cc3)c2c1,4.631238141608918,veith
O=[N+]([O-])c1ccc2nc[nH]c2c1,3.829747711462982,tox21
O=[N+]([O-])c1cccc(-c2nc(-c3cccs3)c(-c3cccs3)[nH]2)c1,5.081239412948973,veith
O=[N+]([O-])c1cccc(-c2nnn(C34CC5CC(CC(C5)C3)C4)n2)c1,4.381238666479966,veith
O=[N+]([O-])c1cccc(/C=N\NC2=CS(=O)(=O)C=C2)c1,4.487201289787428,ncgc
O=[N+]([O-])c1cccc(/C=N\Nc2ccc3ccccc3n2)c1O,5.287203117605396,ncgc
O=[N+]([O-])c1cccc(S(=O)(=O)NCCNS(=O)(=O)c2cccc([N+](=O)[O-])c2)c1,4.699697196683655,tox21
O=[N+]([O-])c1cccc(S(=O)(=O)[O-])c1.[Na+],4.1318419865205955,tox21
O=[N+]([O-])c1cccc2c([N+](=O)[O-])cccc12,3.860651210811459,tox21
O=[N+]([O-])c1ccccc1,4.038530441677591,tox21
O=[N+]([O-])c1ccccc1-c1ccccc1,4.28817646349862,tox21
O=[N+]([O-])c1ccccc1/C=N/n1c(COc2ccccc2)n[nH]c1=S,4.731239014571102,veith
O=[N+]([O-])c1ccccc1N/N=C/c1c[nH]c2ccccc12,4.381238666479966,veith
O=[N+]([O-])c1ccccc1Nc1ccccc1,4.091015693336613,tox21
O=[N+]([O-])c1ccccc1[N+](=O)[O-],3.9570863333818407,tox21
O=[N+]([O-])c1cnc(NCc2ccccc2Cl)nc1NCC1CCNCC1,4.092581854988485,pharmabench
O=[Se](O)O,4.687823042543558,tox21
O=c1/c(=C\c2ccc(O)cc2)sc2n1C(c1ccccc1)C(c1ccccc1)=NN=2,4.731239014571102,veith
O=c1[nH][nH]c(=S)c(=O)[nH]1,4.88720077167744,ncgc
O=c1[nH][nH]c2ccccc12,3.9800962911532274,tox21
O=c1[nH][nH]cc1C=Nc1ccccc1O,4.331238507999185,veith
O=c1[nH]c(=O)n(Cc2ccco2)c2c1C(C(F)(F)F)(C(F)(F)F)N=C(CCC1CCCCC1)N2,4.831238989834795,veith
O=c1[nH]c(=S)[nH]c(-c2ccccc2)c1Cc1c(O)ccc2ccccc12,4.387202152451927,ncgc
O=c1[nH]c(=S)[nH]nc1Cc1ccccc1,3.68123872420235,veith
O=c1[nH]c(C(F)(F)F)ccc1-c1noc(CC2CCOC2)n1,4.3981930400037275,challenge
O=c1[nH]c(CSc2nc3cc(OC(F)F)ccc3[nH]2)nc2c1cnn2-c1ccccc1,5.665052405003728,challenge
O=c1[nH]c(CSc2nnc(-c3ccccc3)n2C2CCCCC2)nc2ccccc12,4.131237783223632,veith
O=c1[nH]c(Cl)c(Cl)cc1Cl,4.038530441677591,tox21
O=c1[nH]c(SCc2c(Cl)c(Cl)c(Cl)c(Cl)c2Cl)nc(=S)[nH]1,5.184224419702565,ncgc;veith
O=c1[nH]c2[nH]c(=S)[nH]c(=S)c2[nH]1,5.184224419702565,ncgc;veith
O=c1[nH]c2cc(-c3ccccc3)ccc2c2[nH]c(-c3c(Cl)cccc3C(F)(F)F)nc12,4.346868447110141,pharmabench
O=c1[nH]c2cc(-c3ccccc3)ccc2c2[nH]c(-c3c(Cl)cccc3[N+](=O)[O-])nc12,4.0370645271386545,pharmabench
O=c1[nH]c2cc(-c3ccccc3Cl)ccc2c2[nH]c(-c3c(F)cccc3Cl)nc12,4.015875228068716,pharmabench
O=c1[nH]c2cc(-c3cccnc3)ccc2c2[nH]c(-c3ccccc3Cl)nc12,3.9401545141305987,pharmabench
O=c1[nH]c2cc(/C=C3\c4ccccc4COc4cc(F)ccc43)ccc2n1[C@@H]1C[C@@H]2COCCN2C1,5.133974540146711,pharmabench
O=c1[nH]c2cc(Br)ccc2c2[nH]c(-c3ccccc3Cl)nc12,5.492996482788379,pharmabench
O=c1[nH]c2cc(C(F)(F)F)ccc2n1-c1cc(C(F)(F)F)ccc1O,5.384228610767986,ncgc;veith
O=c1[nH]c2cc(Cc3ccccc3)ccc2c2[nH]c(-c3ccccc3Cl)nc12,4.622091179167836,pharmabench
O=c1[nH]c2cc(Cl)ccc2c(O)c1-c1ccc(Oc2ccccc2)cc1,4.184219245074232,ncgc;veith
O=c1[nH]c2ccccc2n1C1CCN(CCCC(c2ccc(F)cc2)c2ccc(F)cc2)CC1,4.394113329020985,tox21
O=c1[nH]c2ccccc2n1C1CCNCC1,4.099695361406635,tox21
O=c1[nH]c2ccccc2n1CCCN1CCN(C(c2ccccc2)c2ccccc2)CC1,4.293448697988104,ncgc;tox21
O=c1[nH]ccc2c(O)cccc12,3.8872025006290167,ncgc
O=c1[nH]cccc1O,4.738528782693339,tox21
O=c1[nH]ncc2c3ccccc3n(Cc3ccccc3)c12,4.981239042028786,veith
O=c1c(-c2cc(F)cc(F)c2)nc2cnc(N3CCNCC3)nc2n1C1CC1,6.084206632000299,ncgc;veith
O=c1c(-c2cc(F)cc(F)c2)nc2cnc(N3CCNCC3)nc2n1CCc1ccccc1,5.384228610767986,ncgc;veith
O=c1c(-c2cc(F)cc(F)c2)nc2cnc(N3CCNCC3)nc2n1Cc1ccc(F)cc1,4.184219245074232,ncgc;veith
O=c1c(-c2cc(F)cc(F)c2)nc2cnc(N3CCNCC3)nc2n1Cc1cccs1,4.6842193775900025,ncgc;veith
O=c1c(-c2cc(F)cc(F)c2)nc2cnc(Oc3ccccc3)nc2n1C1CC1,4.284220827875583,ncgc;veith
O=c1c(-c2cc(F)cc(F)c2)nc2cncnc2n1-c1ccccc1,4.284220827875583,ncgc;veith
O=c1c(-c2cc(F)cc(F)c2)nc2cncnc2n1C1CC1,5.887183482540238,ncgc
O=c1c(-c2cc(F)cc(F)c2)nc2cncnc2n1Cc1ccc(F)cc1,4.784219133178269,ncgc;veith
O=c1c(-c2cc(F)cc(F)c2)nc2cncnc2n1Cc1ccccc1,4.184219245074232,ncgc;veith
O=c1c(-c2cc(F)cc(F)c2)nc2cncnc2n1Cc1ccccc1Cl,4.6842193775900025,ncgc;veith
O=c1c(-c2ccc(Cl)cc2)nc2cnc(N3CCNCC3)nc2n1-c1ccccc1,4.087203992408599,ncgc
O=c1c(-c2ccc(Cl)cc2)nc2cnc(N3CCNCC3)nc2n1CCc1ccccc1,4.584219730527165,ncgc;veith
O=c1c(-c2ccc(Cl)cc2)nc2cnc(N3CCNCC3)nc2n1Cc1ccc(F)cc1,3.8842202108992034,ncgc;veith
O=c1c(-c2ccc(Cl)cc2)nc2cnc(N3CCNCC3)nc2n1Cc1cccs1,3.9842213317585995,ncgc;veith
O=c1c(-c2ccc(Cl)cc2)nc2cnc(N3CCOCC3)nc2n1-c1ccccc1,4.287203117605396,ncgc
O=c1c(-c2ccc(Cl)cc2)nc2cnc(Nc3ccccc3)nc2n1C[C@H]1CCCO1,3.6872033036619767,ncgc
O=c1c(-c2ccc(Cl)cc2)nc2cnc(Oc3ccccc3)nc2n1C1CC1,4.484220032521275,ncgc;veith
O=c1c(-c2ccc(Cl)cc2)nc2cncnc2n1Cc1ccc(F)cc1,4.984216978540185,ncgc;veith
O=c1c(-c2ccc(Cl)cc2)nc2cncnc2n1Cc1ccccc1,4.784219133178269,ncgc;veith
O=c1c(-c2ccc(F)c(F)c2)nc2cncnc2n1-c1ccccc1,4.087203992408599,ncgc
O=c1c(-c2ccc(F)c(F)c2)nc2cncnc2n1Cc1ccc(F)cc1,4.184219245074232,ncgc;veith
O=c1c(-c2ccc(F)c(F)c2)nc2cncnc2n1Cc1ccccc1,4.084221702678786,ncgc;veith
O=c1c(-c2ccc(F)c(F)c2)nc2cncnc2n1Cc1ccccc1Cl,4.584219730527165,ncgc;veith
O=c1c(-c2ccc(F)cc2)nc2cnc(N3CCNCC3)nc2n1C1CC1,5.284220827875583,ncgc;veith
O=c1c(-c2ccc(F)cc2)nc2cnc(N3CCNCC3)nc2n1Cc1ccc(F)cc1,3.787202796262461,ncgc
O=c1c(-c2ccc(F)cc2)nc2cnc(N3CCNCC3)nc2n1Cc1cccs1,4.084221702678786,ncgc;veith
O=c1c(-c2ccc(F)cc2)nc2cnc(N3CCOCC3)nc2n1C[C@H]1CCCO1,3.8872025006290167,ncgc
O=c1c(-c2ccc(F)cc2)nc2cnc(Oc3cccc(Cl)c3)nc2n1C1CC1,5.384228610767986,ncgc;veith
O=c1c(-c2ccc(F)cc2)nc2cnc(Oc3cccc(Cl)c3)nc2n1C[C@H]1CCCO1,4.3842204094659465,ncgc;veith
O=c1c(-c2ccc(F)cc2)nc2cnc(Oc3ccccc3)nc2n1C[C@H]1CCCO1,4.084221702678786,ncgc;veith
O=c1c(-c2ccc(F)cc2)nc2cnc(Oc3ccccc3)nc2n1Cc1cccs1,4.88720077167744,ncgc
O=c1c(-c2ccc(F)cc2)nc2cncnc2n1Cc1ccc(F)cc1,4.787200049553703,ncgc
O=c1c(-c2ccc(O)cc2)coc2cc(O)cc(O)c12,5.287203117605396,ncgc
O=c1c(-c2ccc(O)cc2)coc2cc(O)ccc12,4.484220032521275,ncgc;veith
O=c1c(-c2cccc(Cl)c2)nc2cncnc2n1-c1ccccc1,4.284220827875583,ncgc;veith
O=c1c(-c2cccc(Cl)c2)nc2cncnc2n1Cc1ccc(F)cc1,4.584219730527165,ncgc;veith
O=c1c(-c2cccc(Cl)c2)nc2cncnc2n1Cc1ccccc1,5.184224419702565,ncgc;veith
O=c1c(-c2cccc(Cl)c2)nc2cncnc2n1Cc1ccccc1Cl,4.6842193775900025,ncgc;veith
O=c1c(-c2cccc(F)c2)nc2cncnc2n1-c1ccccc1,4.084221702678786,ncgc;veith
O=c1c(-c2cccc(F)c2)nc2cncnc2n1Cc1ccc(F)cc1,4.284220827875583,ncgc;veith
O=c1c(-c2cccc(F)c2)nc2cncnc2n1Cc1ccccc1,4.184219245074232,ncgc;veith
O=c1c(-c2cccc(F)c2)nc2cncnc2n1Cc1ccccc1Cl,4.3842204094659465,ncgc;veith
O=c1c(-c2ccccc2)c1-c1ccccc1,4.199695243524282,tox21
O=c1c(-c2ccccc2)nc2cnc(N3CCNCC3)nc2n1C1CC1,6.084206632000299,ncgc;veith
O=c1c(-c2ccccc2)nc2cnc(N3CCNCC3)nc2n1Cc1ccc(F)cc1,4.284220827875583,ncgc;veith
O=c1c(-c2ccccc2)nc2cnc(N3CCNCC3)nc2n1Cc1cccs1,4.584219730527165,ncgc;veith
O=c1c(-c2ccccc2)nc2cnc(N3CCOCC3)nc2n1C1CC1,4.284220827875583,ncgc;veith
O=c1c(-c2ccccc2)nc2cnc(N3CCOCC3)nc2n1CCc1ccccc1,4.3842204094659465,ncgc;veith
O=c1c(-c2ccccc2)nc2cnc(N3CCOCC3)nc2n1Cc1ccc(F)cc1,4.084221702678786,ncgc;veith
O=c1c(-c2ccccc2)nc2cnc(N3CCOCC3)nc2n1Cc1cccs1,3.987203621488413,ncgc
O=c1c(-c2ccccc2)nc2cnc(Oc3cccc(Cl)c3)nc2n1C1CC1,5.884210701854814,ncgc;veith
O=c1c(-c2ccccc2)nc2cnc(Oc3cccc(Cl)c3)nc2n1C[C@H]1CCCO1,4.3842204094659465,ncgc;veith
O=c1c(-c2ccccc2)nc2cnc(Oc3ccccc3)nc2n1C1CC1,4.6842193775900025,ncgc;veith
O=c1c(-c2ccccc2)nc2cnc(Oc3ccccc3)nc2n1C[C@H]1CCCO1,4.084221702678786,ncgc;veith
O=c1c(-c2ccccc2)nc2cnc(Oc3ccccc3)nc2n1Cc1cccs1,4.784219133178269,ncgc;veith
O=c1c(-c2ccccc2)nc2cncnc2n1-c1ccccc1,4.084221702678786,ncgc;veith
O=c1c(-c2ccccc2)nc2cncnc2n1Cc1ccc(F)cc1,4.184219245074232,ncgc;veith
O=c1c(-c2ccccc2)nc2cncnc2n1Cc1ccccc1,4.084221702678786,ncgc;veith
O=c1c(-c2ccccc2)nc2cncnc2n1Cc1ccccc1Cl,4.784219133178269,ncgc;veith
O=c1c(-c2cccs2)nc2cnc(N3CCNCC3)nc2n1-c1ccccc1,3.9842213317585995,ncgc;veith
O=c1c(-c2cccs2)nc2cnc(N3CCNCC3)nc2n1C1CC1,6.184207171420976,ncgc;veith
O=c1c(-c2cccs2)nc2cnc(N3CCNCC3)nc2n1CCc1ccccc1,5.684224832111824,ncgc;veith
O=c1c(-c2cccs2)nc2cnc(N3CCNCC3)nc2n1Cc1cccs1,4.184219245074232,ncgc;veith
O=c1c(-c2cccs2)nc2cnc(N3CCOCC3)nc2n1-c1ccccc1,4.284220827875583,ncgc;veith
O=c1c(-c2cccs2)nc2cnc(N3CCOCC3)nc2n1CCc1ccccc1,5.087201252198795,ncgc
O=c1c(-c2cccs2)nc2cnc(Oc3cccc(Cl)c3)nc2n1C1CC1,5.5842153979372355,ncgc;veith
O=c1c(-c2cccs2)nc2cnc(Oc3cccc(Cl)c3)nc2n1C[C@H]1CCCO1,4.784219133178269,ncgc;veith
O=c1c(-c2cccs2)nc2cnc(Oc3ccccc3)nc2n1C1CC1,4.784219133178269,ncgc;veith
O=c1c(-c2cccs2)nc2cnc(Oc3ccccc3)nc2n1Cc1cccs1,5.084220332573883,ncgc;veith
O=c1c(-c2cccs2)nc2cncnc2n1-c1ccccc1,4.284220827875583,ncgc;veith
O=c1c(-c2cccs2)nc2cncnc2n1C1CC1,4.087203992408599,ncgc
O=c1c(-c2cccs2)nc2cncnc2n1Cc1ccc(F)cc1,5.284220827875583,ncgc;veith
O=c1c(-c2cccs2)nc2cncnc2n1Cc1ccccc1,5.184224419702565,ncgc;veith
O=c1c(-c2nc3ccccc3s2)cccn1Cc1ccc(Cl)cc1,4.731239014571102,veith
O=c1c(-c2nc3ccccc3s2)cccn1Cc1ccccc1,4.7812382168028345,veith
O=c1c(-c2nnc(SCc3ccc(Cl)cc3Cl)o2)cccn1Cc1ccccc1,4.231237939860009,veith
O=c1c(C2=Nc3ccccc3S(=O)(=O)N2)c(O)c2cc(F)ccc2n1CCC1CC1,5.413815236740754,pharmabench
O=c1c(C2CC(c3ccc(-c4ccc(Br)cc4)cc3)Cc3ccccc32)c(O)sc2ccccc12,4.849697185145774,tox21
O=c1c(C=Nc2ccc(Oc3ccccc3)cc2)c[nH]n1-c1cccc(Cl)n1,4.4812387752551235,veith
O=c1c(CCc2ccccc2)nc2cnc(N3CCNCC3)nc2n1C1CC1,4.284220827875583,ncgc;veith
O=c1c(CCc2ccccc2)nc2cnc(N3CCNCC3)nc2n1CCc1ccccc1,4.084221702678786,ncgc;veith
O=c1c(CCc2ccccc2)nc2cnc(N3CCNCC3)nc2n1Cc1ccc(F)cc1,3.9842213317585995,ncgc;veith
O=c1c(CCc2ccccc2)nc2cnc(N3CCOCC3)nc2n1C1CC1,4.784219133178269,ncgc;veith
O=c1c(CCc2ccccc2)nc2cnc(N3CCOCC3)nc2n1CCc1ccccc1,4.9871949150515835,ncgc
O=c1c(CCc2ccccc2)nc2cnc(N3CCOCC3)nc2n1Cc1cccs1,4.787200049553703,ncgc
O=c1c(CCc2ccccc2)nc2cnc(Nc3ccccc3)nc2n1C[C@H]1CCCO1,3.9842213317585995,ncgc;veith
O=c1c(CCc2ccccc2)nc2cnc(Oc3cccc(Cl)c3)nc2n1C[C@H]1CCCO1,4.484220032521275,ncgc;veith
O=c1c(CCc2ccccc2)nc2cnc(Oc3ccccc3)nc2n1C1CC1,4.3842204094659465,ncgc;veith
O=c1c(CCc2ccccc2)nc2cnc(Oc3ccccc3)nc2n1C[C@H]1CCCO1,4.184219245074232,ncgc;veith
O=c1c(CCc2ccccc2)nc2cncnc2n1-c1ccccc1,3.8842202108992034,ncgc;veith
O=c1c(CCc2ccccc2)nc2cncnc2n1C1CC1,3.8872025006290167,ncgc
O=c1c(CCc2ccccc2)nc2cncnc2n1Cc1ccc(F)cc1,4.3842204094659465,ncgc;veith
O=c1c(CCc2ccccc2)nc2cncnc2n1Cc1ccccc1,4.984216978540185,ncgc;veith
O=c1c(CCc2ccccc2)nc2cncnc2n1Cc1ccccc1Cl,4.084221702678786,ncgc;veith
O=c1c(Cc2ccccc2)c(O)nc2n1CCS2,4.131237783223632,veith
O=c1c(O)c(-c2cc(O)c(O)c(O)c2)oc2cc(O)cc(O)c12,4.259220432175246,ncgc;veith
O=c1c(O)c(-c2ccc(O)c(O)c2)oc2cc(O)cc(O)c12,4.358348251746323,ncgc;pharmabench
O=c1c(O)c(-c2ccc(O)c(O)c2)oc2cc(O)ccc12,3.9372030610587148,ncgc
O=c1c(O)c(-c2ccc(O)c(O)c2)oc2ccccc12,3.787202796262461,ncgc
O=c1c(O)c(-c2ccc(O)cc2)oc2cc(O)cc(O)c12,6.1302318788535795,ncgc
O=c1c(O)c(-c2ccc(O)cc2)oc2cc(O)ccc12,4.287203117605396,ncgc
O=c1c(O)c(-c2ccc(O)cc2)oc2ccc(O)cc12,4.287203117605396,ncgc
O=c1c(O)c(-c2ccc(O)cc2O)oc2cc(O)cc(O)c12,4.287203117605396,ncgc
O=c1c(O)c(-c2cccc(O)c2)oc2ccccc12,4.087203992408599,ncgc
O=c1c(O)c(-c2ccccc2)oc2cc(O)cc(O)c12,4.787200049553703,ncgc
O=c1c([N+](=O)[O-])cc(C(F)(F)F)cn1Cc1c(Cl)cccc1Cl,3.931238759019225,veith
O=c1c2c(-c3ccc(Cl)cc3)csc2nc2n1CCC2,4.131237783223632,veith
O=c1c2c(-c3cccs3)csc2[nH]c(=S)n1-c1ccccc1,4.331238507999185,veith
O=c1c2c(-c3cccs3)csc2ncn1-c1ccc(Br)cc1,4.68123872420235,veith
O=c1c2cc(Br)ccc2[nH]c(=S)n1Cc1cccnc1,4.181236955344418,veith
O=c1c2cc(Br)ccc2nc(-c2cccc(C(F)(F)F)c2)n1O,4.68123872420235,veith
O=c1c2ccc(Cl)cc2nc(-c2cccc(C(F)(F)F)c2)n1O,4.581238740591187,veith
O=c1c2ccccc2[se]n1-c1ccccc1,5.837292866391848,ncgc
O=c1c2ccccc2c(-c2ccc(Br)cc2)nn1Cc1ccccc1,4.731239014571102,veith
O=c1c2ccccc2c(-c2ccccc2)nn1-c1ccc(Cl)c(Cl)c1,4.231237939860009,veith
O=c1c2ccccc2c(-c2ccccc2)nn1Cc1ccc(Cl)cc1,4.331238507999185,veith
O=c1c2ccccc2c2ccccc2c(=O)n1-c1cc2c3ccccc3ccc2c2ccccc12,5.78423973440602,ncgc;veith
O=c1c2ccccc2nc(-c2ccc(Br)cc2)n1Cc1ccccc1,4.88123792116939,veith
O=c1c2ccccc2nc(-c2ccc(Cl)cc2Cl)n1CCCn1ccnc1,4.331238507999185,veith
O=c1c2ccccc2nc(N2CCCC2)n1-c1ccc(Cl)cc1,4.131237783223632,veith
O=c1c2ccccc2nc(SCc2ccccc2Cl)n1Cc1ccccc1,5.181236955344418,veith
O=c1c2ccccc2nc2n1C(CSCc1cccc(C(F)(F)F)c1)CS2,4.981239042028786,veith
O=c1c2ccccc2nc2n1CC/C2=C\c1ccccc1[N+](=O)[O-],4.581238740591187,veith
O=c1c2ccccc2ncn1CCCSc1ccccc1,4.131237783223632,veith
O=c1c2ccccc2nnn1CCl,4.088530344873387,tox21
O=c1c2ccccc2nnn1CSc1ccc2c(c1)OCCO2,4.381238666479966,veith
O=c1c2ccccc2nnn1CSc1nnc(COc2ccc(Cl)cc2)n1Cc1ccco1,4.631238141608918,veith
O=c1c2sc3ncccc3c2ncn1Cc1ncoc1C1CCC1,4.212859635003728,challenge
O=c1cc(-c2ccc(O)c(O)c2)oc2cc(O)cc(O)c12,3.787202796262461,ncgc
O=c1cc(-c2ccc(O)c(O)c2)oc2cccc(O)c12,4.387202152451927,ncgc
O=c1cc(-c2ccc(O)cc2)oc2cc(O)cc(O)c12,4.187201758362802,ncgc
O=c1cc(-c2ccc(O)cc2O)oc2ccccc12,4.587200720463143,ncgc
O=c1cc(-c2cccc(O)c2)oc2c(O)c(O)ccc12,5.087201252198795,ncgc
O=c1cc(-c2cccc(O)c2)oc2cc(O)ccc12,3.8872025006290167,ncgc
O=c1cc(-c2cccc(O)c2O)oc2ccccc12,4.187201534804045,ncgc
O=c1cc(-c2ccccc2)[nH]n1-c1ccc([N+](=O)[O-])cc1,4.28123853814577,veith
O=c1cc(-c2ccccc2)oc2c1ccc1ccccc12,4.387202152451927,ncgc
O=c1cc(-c2ccccc2)oc2cc(O)c(O)c(O)c12,4.587200720463143,ncgc
O=c1cc(-c2ccccc2)oc2cc(O)cc(O)c12,4.603604474241344,ncgc;pharmabench
O=c1cc(-c2ccccc2O)oc2c(O)c(O)ccc12,5.187211884060712,ncgc
O=c1cc(-c2ccccc2O)oc2cc(O)cc(O)c12,4.587200720463143,ncgc
O=c1cc(-c2ccccc2O)oc2ccc3ccccc3c12,3.787202796262461,ncgc
O=c1cc(C(F)(F)F)[nH]c(=O)n1C1CCCCC1,4.931238759019225,veith
O=c1cc(N2CCC(Cc3ccccc3)CC2)[nH]c(=O)n1C1CCCCC1,4.181236955344418,veith
O=c1cc(N2CCCCC2)c(-c2ccccc2)nn1Cc1ccccc1Cl,3.981239042028786,veith
O=c1cc(N2CCN(c3cccc(Cl)c3)CC2)[nH]c(=O)n1C1CCCCC1,4.7812382168028345,veith
O=c1cc(N2CCOCC2)oc2c(-c3ccccc3)cccc12,3.6872033036619767,ncgc
O=c1cc(O)cc(/C=C\c2ccc(O)c(O)c2)o1,3.8872025006290167,ncgc
O=c1cc[nH]c(=S)[nH]1,4.035351935868251,tox21
O=c1ccc(-c2nc3cc(S(=O)(=O)C(F)(F)F)ccc3[nH]2)cn1-c1ccccc1,4.463033259410936,pharmabench
O=c1ccc(NS(=O)(=O)c2ccc(Cl)cc2)cn1Cc1ccc(Cl)c(Cl)c1,5.031238394064476,veith
O=c1ccc(NS(=O)(=O)c2ccccc2)cn1Cc1ccc(Cl)c(Cl)c1,4.88123792116939,veith
O=c1ccc2[nH]cc(C3=CCNCC3)c2[nH]1,4.387202152451927,ncgc
O=c1ccc2c(OCCCCc3ccccc3)c3ccoc3cc2o1,6.284220827875583,ncgc;veith
O=c1ccc2cc3ccoc3cc2o1,4.387202152451927,ncgc
O=c1ccn(-c2cccc(C(F)(F)F)c2)nc1-c1ccn(-c2ccccc2F)n1,4.28123853814577,veith
O=c1cnc2cnc(N3CCNCC3)nc2n1CCc1ccccc1,3.987203621488413,ncgc
O=c1cnc2cnc(N3CCNCC3)nc2n1Cc1ccc(F)cc1,3.9842213317585995,ncgc;veith
O=c1cnc2cnc(N3CCOCC3)nc2n1CCc1ccccc1,4.284220827875583,ncgc;veith
O=c1cnc2cnc(N3CCOCC3)nc2n1C[C@H]1CCCO1,5.087201252198795,ncgc
O=c1cnc2cnc(N3CCOCC3)nc2n1Cc1ccc(F)cc1,3.8872025006290167,ncgc
O=c1cnc2cnc(N3CCOCC3)nc2n1Cc1cccs1,3.787202796262461,ncgc
O=c1cnc2cnc(Nc3ccccc3)nc2n1C1CC1,3.7842205065326477,ncgc;veith
O=c1cnc2cnc(Nc3ccccc3)nc2n1CCc1ccccc1,5.884210701854814,ncgc;veith
O=c1cnc2cnc(Nc3ccccc3)nc2n1Cc1ccc(F)cc1,4.3842204094659465,ncgc;veith
O=c1cnc2cnc(Nc3ccccc3)nc2n1Cc1cccs1,4.784219133178269,ncgc;veith
O=c1cnc2cnc(OCc3ccccc3)nc2n1CCc1ccccc1,4.284220827875583,ncgc;veith
O=c1cnc2cnc(Oc3cccc(Cl)c3)nc2n1C1CC1,4.484220032521275,ncgc;veith
O=c1cnc2cnc(Oc3cccc(Cl)c3)nc2n1CCc1ccccc1,4.784219133178269,ncgc;veith
O=c1cnc2cnc(Oc3cccc(Cl)c3)nc2n1C[C@H]1CCCO1,4.084221702678786,ncgc;veith
O=c1cnc2cnc(Oc3cccc(Cl)c3)nc2n1Cc1ccc(F)cc1,4.3842204094659465,ncgc;veith
O=c1cnc2cnc(Oc3ccccc3)nc2n1CCc1ccccc1,4.784219133178269,ncgc;veith
O=c1cnc2cnc(Oc3ccccc3)nc2n1Cc1ccc(F)cc1,4.084221702678786,ncgc;veith
O=c1cnc2cnc(Oc3ccccc3)nc2n1Cc1cccs1,3.8842202108992034,ncgc;veith
O=c1cnc2cncnc2n1Cc1ccccc1,3.787202796262461,ncgc
O=c1cnc2cncnc2n1Cc1ccccc1Cl,3.987203621488413,ncgc
O=c1n(CCCN2CCN(c3cccc(Cl)c3)CC2)nc2ccccn12,3.938473065003728,challenge
O=c1n(Cc2cc3c(cc2Cl)OCO3)c(=O)n2n1CC[C@H]1/C(=N\OCc3ccccc3)[C@H]3O[C@@H]3[C@@H](O)[C@@H]12,5.6872109400212985,ncgc
O=c1n(S(=O)(=O)c2cccs2)c2ccccc2n1S(=O)(=O)c1cccs1,5.331238507999185,veith
O=c1nc(-c2ccccc2)cc(C(F)(F)F)[nH]1,4.4812387752551235,veith
O=c1nc(N2CCOCC2)ccn1-c1nc(-c2ccccc2)oc1-c1ccccc1,4.631238141608918,veith
O=c1oc(-c2ccco2)nc2c1cnn2-c1ccccc1,4.181236955344418,veith
O=c1oc(Cl)c(Cl)c2ccccc12,4.084221702678786,ncgc;veith
O=c1oc2c(CN3CCOCC3)c(O)ccc2c2ccccc12,3.981239042028786,veith
O=c1oc2c(O)c(O)cc3c(=O)oc4c(O)c(O)cc1c4c23,3.6872033036619767,ncgc
O=c1oc2cc(Oc3ccc(C(F)(F)F)cc3[N+](=O)[O-])ccc2c2c1CCCC2,4.181236955344418,veith
O=c1oc2ccccc2c(O)c1C(CC(O)c1ccc(-c2ccc(Br)cc2)cc1)c1ccccc1,5.106073643984704,tox21
O=c1oc2ccccc2c(O)c1C1CCCc2ccccc21,5.088532786506383,tox21
O=c1oc2ccccc2c(O)c1Cc1c(O)c2ccccc2oc1=O,6.3394899226976165,ncgc;tox21;veith
O=c1oc2ccccc2cc1-c1csc(NN=C2CCCCC2)n1,4.731239014571102,veith
O=c1onc2cnc3ccccc3n12,3.6872033036619767,ncgc
O=c1sc2ccccc2n1CCCOc1ccccc1,4.181236955344418,veith
OB(O)O,3.738530418642034,tox21
OC(C#CCN1CCCC1)(c1ccccc1)c1ccccc1,4.499695145639398,tox21
OC(COCc1ccccc1)Cn1cnc2ccccc21,4.181236955344418,veith
OC(Cc1ccccc1)(Cc1ccccc1)c1ccccc1,4.984216978540185,ncgc;veith
OC(Cc1ccccc1Cl)(Cn1[nH]cnc1=S)C1(Cl)CC1,5.688522327127439,tox21
OC(Cc1ccccc1Cl)(Cn1cncn1)C1(Cl)CC1,5.288526528653142,tox21
OC(Cc1cccnc1)(c1ccccc1)c1ccccc1,4.784219133178269,ncgc;veith
OC(Cc1nc2ccccc2[nH]1)c1ccccc1Cl,4.131237783223632,veith
OC(Cn1cncn1)(Cn1cncn1)c1ccc(F)cc1F,4.2342969261785885,tox21
OC(Cn1cncn1)(c1ccc(F)cc1)c1ccccc1F,5.738534235879619,tox21
OC(c1ccc(Cl)cc1)(c1ccc(Cl)cc1)C(Cl)(Cl)Cl,4.938529421142464,tox21
OC(c1ccc(Cl)cc1)(c1ccc(Cl)cc1)c1cccnc1,6.038583759450968,tox21
OC(c1ccc(F)cc1)(c1cncnc1)c1ccccc1Cl,4.288530398353015,tox21
OC/C=C/c1ccccc1,3.918496486360877,tox21
OC1(C(F)(F)F)CCN(c2cc(N3CCCCC3)ncn2)C1,4.145047972003728,challenge
OC1(C(F)(F)F)CCN(c2cncc(OC3CCCCC3)n2)C1,5.0772866420037275,challenge
OC1(CNCc2cn(Cc3ccccc3)nc2-c2cccnc2)CCCCC1,4.364331173003728,challenge
OC1(c2ccc(Cl)c(C(F)(F)F)c2)CCN(CCCC(c2ccc(F)cc2)c2ccc(F)cc2)CC1,4.649695361961072,tox21
OC1(c2ccc(Cl)cc2)CCN(Cc2c[nH]c3ccccc23)CC1,3.6872033036619767,ncgc
OC1(c2ccc(OC(F)F)cc2)CSC(=Nc2cccnc2)N1C1CC1,4.581238740591187,veith
OC1C(O)C(O)C(O)C(O)C1O,3.7628111096099444,tox21
OC1C2CC3CC(C2)CC1C3,3.9956718419804296,pharmabench
OC1CCC(C2CCCCC2)CC1,4.038530441677591,tox21
OC1c2ccccc2-c2nc3ccccc3cc21,3.8872025006290167,ncgc
OCC(CO)n1cnc(-c2ccc(F)cc2)c1-c1ccnc(Oc2ccccc2)n1,4.088530344873387,tox21
OCC(F)(F)CN1CCN(c2nc3ccccc3n3cncc23)CC1,4.683517623003728,challenge
OCC(Nc1ncnc2c1oc1ccccc12)c1c(F)cccc1F,5.2697046750037275,challenge
OCC(c1ccc(Cl)cc1)c1ccc(Cl)cc1,4.588528406643712,tox21
OCC1CCCO1,3.7547257599384505,tox21
OCC1OC(c2ccc3c(c2)OCO3)C=CC1Oc1cc(Cl)cc(Cl)c1,4.687200030977656,ncgc
OCCCBr,4.238530429764998,tox21
OCCCCC(O)CO,3.812453933074698,tox21
OCCCCCCO,4.033243274564433,tox21
OCCN(C=NC1=NN(c2cccc(C(F)(F)F)c2)CC1)CCO,6.931238759019225,veith
OCCN(CCO)c1nc(N2CCCCC2)c2nc(N(CCO)CCO)nc(N3CCCCC3)c2n1,4.7934502778479064,ncgc;tox21
OCCN(Cc1ccccc1)Cc1cccc(Cl)c1Cl,4.68123872420235,veith
OCCN1CCN(CCCN2c3ccccc3Sc3ccc(C(F)(F)F)cc32)CC1,4.649319785003728,challenge
OCCN1CCN(CCCN2c3ccccc3Sc3ccc(Cl)cc32)CC1,4.009714919363898,pharmabench
OCCN=C1CCCc2c1[nH]c1ccc(Br)cc21,4.431238405874674,veith
OCCNCCO,3.7881759841076734,tox21
OCCNc1nc(NCCC2=CCCCC2)nc(N2CCOCC2)n1,4.131237783223632,veith
OCCNc1nc(SCc2ccccc2)nc2sc3c(c12)CCC3,4.381238666479966,veith
OCCSCCO,4.081142911343562,tox21
OCCSCc1cc(Cl)cc(Cl)c1O,4.687200030977656,ncgc
OCCc1ccncc1,4.088530344873387,tox21
OC[C@@H](O)C(O)[C@@H](O)CO,4.065292708824772,tox21
OC[C@@H](O)[C@@H](O)[C@H](O)[C@H](O)CO,3.6885301032844655,tox21
OC[C@H](CCc1c[nH]c2ccccc12)c1c[nH]c2ccccc12,4.687200030977656,ncgc
OC[C@H](Cc1cccc(O)c1)[C@H](CO)Cc1cccc(O)c1,4.177661528207372,tox21
OC[C@H]1O[C@@H](n2cnc3c(=S)nc[nH]c32)[C@H](O)[C@@H]1O,4.399695684644625,tox21
OC[C@H]1O[C@@H]2O[C@H]3[C@H](O)[C@@H](O)[C@@H](O[C@H]4[C@H](O)[C@@H](O)[C@@H](O[C@H]5[C@H](O)[C@@H](O)[C@@H](O[C@H]6[C@H](O)[C@@H](O)[C@@H](O[C@H]7[C@H](O)[C@@H](O)[C@@H](O[C@H]1[C@H](O)[C@H]2O)O[C@@H]7CO)O[C@@H]6CO)O[C@@H]5CO)O[C@@H]4CO)O[C@@H]3CO,4.963914633423309,tox21
OC[C@H]1O[C@@H]2O[C@H]3[C@H](O)[C@@H](O)[C@@H](O[C@H]4[C@H](O)[C@@H](O)[C@@H](O[C@H]5[C@H](O)[C@@H](O)[C@@H](O[C@H]6[C@H](O)[C@@H](O)[C@@H](O[C@H]7[C@H](O)[C@@H](O)[C@@H](O[C@H]8[C@H](O)[C@@H](O)[C@@H](O[C@H]1[C@H](O)[C@H]2O)O[C@@H]8CO)O[C@@H]7CO)O[C@@H]6CO)O[C@@H]5CO)O[C@@H]4CO)O[C@@H]3CO,3.987115536418459,tox21
OCc1c2ccccc2cc2ccccc12,4.186761759841296,tox21
OCc1c[nH]c2ccccc12,4.738528782693339,tox21
OCc1cc([C@@H](O)CNCCCCCCOCCCCc2ccccc2)ccc1O,3.6872033036619767,ncgc
OCc1ccc(-c2nn(Cc3ccccc3)c3ccccc23)o1,3.7842205065326477,ncgc;veith
OCc1cccc(-c2ccc3nc(-c4ccc(Cl)cc4)cn3c2)c1,4.403596071559068,pharmabench
OCc1cccc(Oc2ccccc2)c1,3.8600113706788015,tox21
OCc1ccco1,4.038530441677591,tox21
ON(CCc1ccncc1)Cc1ccccc1,4.6842193775900025,ncgc;veith
ON=C1CCCC1,4.023514633953974,tox21
O[C@@H](C1=C/C(=C\c2ccncc2)c2ccccc21)c1ccncc1,6.284220827875583,ncgc;veith
O[C@@H](Cc1ccncc1)C(Cl)(Cl)Cl,4.284220827875583,ncgc;veith
O[C@@H]1[C@H](O)[C@H]2[C@@H](O)CCN2C[C@@H]1O,3.8872025006290167,ncgc
O[C@@](Cn1cnnn1)(c1ccc(F)cc1F)C(F)(F)c1ccc(-c2ccc(OCC(F)(F)F)cc2)cn1,3.3424593282050865,pharmabench
O[C@H](CCCN1CCN(c2ncc(F)cn2)CC1)c1ccc(F)cc1,4.184219245074232,ncgc;veith
O[C@H]1CC(Cn2cccn2)C[C@@H]1Nc1ccc(-n2ccnc2)nn1,4.843844922003727,challenge
O[C@H]1CCCC[C@H]1N1CCC(c2ccccc2)CC1,3.6872033036619767,ncgc
O[C@H]1CC[C@H](Nc2nccc(-n3nnc4ccccc43)n2)CC1,7.445999920112155,pharmabench
O[C@H]1CC[C@H](c2ccc(OCCCN3CCCCC3)cc2)CC1,3.732789476661527,pharmabench
O[Si](c1ccccc1)(c1ccccc1)c1ccccc1,5.888540415699407,tox21
Oc1c(Br)c(Br)c(Br)c(Br)c1Br,4.135350971707423,tox21
Oc1c(Br)cc(Br)c2cccnc12,4.118251478745716,tox21
Oc1c(Br)cc(Br)cc1Br,3.9379995691174106,tox21
Oc1c(Br)cc(CN(Cc2cc(Br)c(O)c(Br)c2)C2CCCCC2)cc1Br,4.884219346423415,ncgc;veith
Oc1c(C(O)(c2ccccc2)c2ccc3ccccc3c2O)ccc2ccccc12,5.384228610767986,ncgc;veith
Oc1c(CN2CCOCC2)ccc(CN2CCOCC2)c1O,4.387202152451927,ncgc
Oc1c(Cl)cc(C(c2cc(Cl)c(O)c(Cl)c2)C(c2cc(Cl)c(O)c(Cl)c2)c2cc(Cl)c(O)c(Cl)c2)cc1Cl,6.284220827875583,ncgc;veith
Oc1c(Cl)cc(CN(Cc2cc(Cl)c(O)c(Cl)c2)C2CCCCC2)cc1Cl,4.687200030977656,ncgc
Oc1c(Cl)cc(Cl)c(Cl)c1Cc1c(O)c(Cl)cc(Cl)c1Cl,5.289591997283304,tox21
Oc1c(Cl)cc(Cl)c(Cl)c1Cl,4.142997082516072,tox21
Oc1c(Cl)cc(Cl)cc1Cl,3.8658433871998525,tox21
Oc1c(Cl)cc(Cl)cc1Sc1cc(Cl)cc(Cl)c1O,4.488531697426887,tox21
Oc1c(Cl)ccc(Cl)c1Cl,4.088884669585855,tox21
Oc1c(I)cc(I)c2cccnc12,5.219599190003728,challenge
Oc1c(I)cc(I)cc1I,4.088530344873387,tox21
Oc1c([C@H](Nc2ccccn2)c2ccccc2)ccc2cccnc12,4.487201289787428,ncgc
Oc1cc(CN2COc3ccccc32)c(O)cc1CNC1CCCCC1,4.487201289787428,ncgc
Oc1cc(Cl)ccc1Oc1ccc(Cl)cc1Cl,5.088846553337078,tox21
Oc1cc(O)c(Cl)cc1Cl,4.027661942660476,tox21
Oc1cc(O)c2c(c1)O[C@@H](c1ccc(O)c(O)c1)[C@H](O[C@@]1(c3cc(O)c(O)c(O)c3)Oc3cc(O)cc(O)c3[C@H](O)[C@@H]1O)C2,4.487201289787428,ncgc
Oc1cc(O)cc(/C=C\c2ccc(O)c(O)c2)c1,3.7842205065326477,ncgc;veith
Oc1cc2c(cc1O)CN(C(=S)NCCc1ccc(Cl)cc1)CCC2,4.5842201492469385,ncgc;veith
Oc1cc2c(cc1O)[C@H](c1ccccc1)CNCC2,3.6872033036619767,ncgc
Oc1cc2c(cc1O)[C@H]1c3ccccc3CN[C@@H]1CC2,3.6872033036619767,ncgc
Oc1cc2ccccc2cc1O,4.038530441677591,tox21
Oc1ccc(-c2[nH]ncc2-c2ccc(Cl)cc2)c(O)c1,5.381238666479966,veith
Oc1ccc(-c2nc(-c3ccc(F)cc3)c(-c3ccncc3)[nH]2)cc1,4.237203072430263,ncgc
Oc1ccc(/C=C/c2cc(O)cc(O)c2)cc1,4.492996482788379,pharmabench
Oc1ccc(/C=C\c2cc(O)cc(O)c2)cc1,3.8872025006290167,ncgc
Oc1ccc(/C=N/NC(=S)NCc2ccco2)cc1,4.131237783223632,veith
Oc1ccc(C(=C(Cl)Cl)c2ccc(O)cc2)cc1,4.839237118316662,tox21
Oc1ccc(C(c2ccc(O)cc2)(C(F)(F)F)C(F)(F)F)cc1,5.28941512762165,tox21
Oc1ccc(C(c2ccc(O)cc2)C(Cl)(Cl)Cl)cc1,4.489239563097078,tox21
Oc1ccc(C2(c3ccc(O)c(C4CCCCC4)c3)CCCCC2)cc1C1CCCCC1,5.238523532041261,tox21
Oc1ccc(C2(c3ccc(O)cc3)CC3CC2C2CCCC32)cc1,4.155820114904135,tox21
Oc1ccc(C2(c3ccc(O)cc3)CCCCC2)cc1,4.162082678065888,tox21
Oc1ccc(C2(c3ccc(O)cc3)c3ccccc3-c3ccccc32)cc1,4.288530398353015,tox21
Oc1ccc(C2Nc3cccc4cccc(c34)N2)c(O)c1,4.131237783223632,veith
Oc1ccc(Cc2cc(Cl)cc(Cl)c2O)cc1Cl,5.984249629805708,ncgc;veith
Oc1ccc(Cc2nccc3cc(O)c(O)cc23)cc1O,4.587200720463143,ncgc
Oc1ccc(Cl)cc1,3.9949463219177446,tox21
Oc1ccc(Cl)cc1C1CCCC1,4.138530880775606,tox21
Oc1ccc(Cl)cc1Cc1cc(Cl)cc(Cc2cc(Cl)ccc2O)c1O,4.884219346423415,ncgc;veith
Oc1ccc(Cl)cc1Cc1cc(Cl)ccc1O,4.880791427014567,tox21
Oc1ccc(Cl)cc1Cc1ccccc1,4.5996964603675305,tox21
Oc1ccc(Cl)cc1Sc1cc(Cl)ccc1O,5.1783386463588705,ncgc;tox21
Oc1ccc(I)cc1,3.7885301040785704,tox21
Oc1ccc(Nc2ccccc2)cc1,4.188530214047235,tox21
Oc1ccc(O)cc1,4.391015543360425,tox21
Oc1ccc(OCc2ccccc2)cc1,4.635417010003728,challenge
Oc1ccc(Oc2ccccc2)cc1,4.161417976134842,tox21
Oc1ccc([C@@H]2CNCCc3c2cc(O)c(O)c3Cl)cc1,3.7842205065326477,ncgc;veith
Oc1ccc2[nH]cc(CCCCN3CC=C(c4ccccc4)CC3)c2c1,4.256044724931029,ncgc;tox21;veith
Oc1ccc2c(c1)-c1ccccc1C2,4.088530344873387,tox21
Oc1ccc2c(c1)OCO2,4.441729157239662,tox21
Oc1ccc2c3c1O[C@H]1c4[nH]c5ccccc5c4C[C@]4(O)[C@H](C2)N(CC2CC2)CC[C@@]314,3.8342204116574434,ncgc;veith
Oc1ccc2cc(SSc3ccc4cc(O)ccc4c3)ccc2c1,3.8381762772889694,tox21
Oc1ccc2ccccc2c1/C=C\c1ccc2c(Br)cc(Br)c(O)c2n1,4.884219346423415,ncgc;veith
Oc1ccc2ccccc2c1CN(Cc1c(O)ccc2ccccc12)C1CCCCC1,4.387202152451927,ncgc
Oc1ccc2ccccc2c1Cc1c(O)ccc2ccccc12,4.984216978540185,ncgc;veith
Oc1cccc(-c2c3nc(c(-c4cccc(O)c4)c4ccc([nH]4)c(-c4cccc(O)c4)c4nc(c(-c5cccc(O)c5)c5ccc2[nH]5)CC4)C=C3)c1,4.499695145639398,tox21
Oc1cccc(-c2ccc3c(-c4cccc(O)c4)c(O)ccc3c2)c1,5.906730758643648,pharmabench
Oc1cccc(-c2ccc3c(-c4cccnc4)c(O)ccc3c2)c1,6.162003263746954,pharmabench
Oc1cccc(-c2nc3c4c(ncn3n2)-c2ccccc2CC42CCCC2)c1,4.431238405874674,veith
Oc1cccc(O)c1O,4.042085470418684,tox21
Oc1cccc2[nH]ccc12,4.449695384640936,tox21
Oc1cccc2c(O)cccc12,4.288530398353015,tox21
Oc1cccc2ccc(SSc3ccc4cccc(O)c4n3)nc12,5.084220332573883,ncgc;veith
Oc1cccc2ccccc12,4.0079225105896725,tox21
Oc1cccc2cccnc12,4.288530398353015,tox21
Oc1ccccc1,3.1249151157838497,challenge;tox21
Oc1ccccc1-c1cc(-c2ccccc2)no1,5.181236955344418,veith
Oc1ccccc1-c1ccccc1,3.9633531847020116,tox21
Oc1ccccc1/C=N/n1c2ccccc2c2ccccc21,5.381238666479966,veith
Oc1ccccc1C(Sc1nc2ccccc2s1)Sc1nc2ccccc2s1,4.787200049553703,ncgc
Oc1ccccc1C1Nc2cccc3cccc(c23)N1,4.331238507999185,veith
Oc1ccccc1Cc1ccccc1O,4.038530441677591,tox21
Oc1ccccc1O,3.7832429459076584,tox21
Oc1oc(-c2ccccc2)nc1C=Nc1ccccc1,4.331238507999185,veith
On1c(-c2ccccc2)nc2ccc(Cl)cc21,4.131237783223632,veith
S=C(NC1CCCCC1)N1CCC([C@H]2C=NC=N2)CC1,6.384310640829133,ncgc;veith
S=C(NC1CCCCC1)N1CCC(c2cnc[nH]2)CC1,5.834211014968767,ncgc;veith
S=C(NC1CCCCC1)NC1CCCCC1,4.292637387296382,tox21
S=C(NCCC(c1ccccc1)c1ccccc1)Nc1ccc(Cl)cc1,4.68123872420235,veith
S=C(NCc1ccco1)N1CCN(C(c2ccccc2)c2ccccc2)CC1,4.7812382168028345,veith
S=C(Nc1ccc2cn[nH]c2c1)Nc1ccc2cn[nH]c2c1,4.884219346423415,ncgc;veith
S=C(Nc1ccccc1)Nc1ccccc1,4.031142662742179,tox21
S=C(Nc1ccccc1)Nc1ccccc1C#Cc1ccccc1,4.6842193775900025,ncgc;veith
S=C(Nc1ccccc1)Nc1nccs1,3.987203621488413,ncgc
S=C(S)NCCCn1ccnc1,4.984216978540185,ncgc;veith
S=C([S-])N1CCCC1,4.4842191551493915,ncgc;veith
S=C([S-])NCCNC(=S)[S-].[Na+].[Na+],4.096024502221913,tox21
S=C([S-])O[C@@H]1C[C@@H]2C[C@H]1[C@@H]1CCC[C@H]21.[K+],4.434220195761084,ncgc;veith
S=C1N(c2ccccc2)C(c2ccc(Cl)cc2)N2CCCN12,4.28123853814577,veith
S=C1NC2=C(C(c3ccc(Br)cc3)N1)N1CCC2CC1,3.931238759019225,veith
S=C1NCCN1,4.0456643097094185,tox21
S=C1N[C@H](c2ccccc2)N[C@H](c2ccccc2)S1,4.984216978540185,ncgc;veith
S=C1SCN(CCN2CCOCC2)CN1Cc1ccccc1,4.181236955344418,veith
S=C1SCN(Cc2ccccn2)CN1Cc1ccco1,4.131237783223632,veith
S=C=NCc1ccccc1,4.08394484813507,tox21
S=C=Nc1cccc2ccccc12,4.792796659060753,tox21
S=C=Nc1ccccc1,3.8245481756775277,tox21
S=C=S,4.093514111766024,tox21
S=P(N1CC1)(N1CC1)N1CC1,4.515657136686494,tox21
S=c1[nH]c2ccccc2[nH]1,3.888530401930029,tox21
S=c1[nH]nc(-c2ccncc2)n1CC1CCCO1,3.8312389898347954,veith
S=c1[nH]nc(C23CC4CC(CC(C4)C2)C3)n1Cc1ccco1,4.081239412948973,veith
S=c1[nH]nc(CCc2ccccc2)n1Cc1ccccc1,4.381238666479966,veith
S=c1nc(-c2ccccc2)[nH]n1-c1ccccc1,4.431238405874674,veith
S=c1nc[nH]c2nc[nH]c12,4.274517099500194,tox21
S=c1nccc[nH]1,4.437823370839762,tox21
SCCOCCOCCS,4.038530441677591,tox21
SCCc1cnccn1,4.088530344873387,tox21
SCc1ccc(-c2cccnc2)o1,5.47477166268218,pharmabench
SCc1ccccc1,4.125929973549618,tox21
SCc1ccco1,4.088530344873387,tox21
Sc1ccc2ccccc2c1CNCc1ccccc1,4.784219133178269,ncgc;veith
Sc1ccccc1,3.9853611867281664,tox21
[Au+].[C-]#N.[C-]#N.[K+],4.088530344873387,tox21
[Cl-].[Cl-].[Pd+2],4.088530344873387,tox21
[Cl-].[NH3+]C1CCCCC1,3.8357033541394587,tox21
[Cl-].c1ccc(C[n+]2cccc3ccccc32)cc1,3.8385301209917824,tox21
[N-]=[N+]=CC(=O)COC(=O)c1ccccc1,4.787200049553703,ncgc
[N-]=[N+]=[N-].[Na+],4.095729707885205,tox21
[Na+].[Na+].[O-]c1c(Cl)cc(Cl)cc1Sc1cc(Cl)cc(Cl)c1[O-],4.381143137772498,tox21
[Na+].[O-]c1c(Cl)c(Cl)c(Cl)c(Cl)c1Cl,4.088530344873387,tox21
[Na+].[S-]c1ccccc1,3.8122931054227998,tox21
[Na+].[S-]c1nc2ccccc2s1,4.3885311946544245,tox21
c1c(C23CC4CC(CC(C4)C2)C3)nnn1Cc1n[nH]c2c1COCC2,4.024529555003728,challenge
c1cc(-c2ccncc2)ccn1,4.061588768261807,tox21
c1cc(-c2nnc3ccc(NCc4ccn(C5CCCC5)n4)nn23)ccn1,5.435221480003728,challenge
c1cc(-c2noc(C34CCCN(CCC3)C4)n2)cc(-n2ccnc2)c1,5.133736072003727,challenge
c1cc(-c2noc(C3CCCCC3)n2)ccn1,4.092581854988485,pharmabench
c1cc(-c2sc(-c3ccncc3)c(-c3ccncc3)c2-c2ccncc2)ccn1,4.984216978540185,ncgc;veith
c1cc(C(c2ccc(OCC3CO3)cc2)c2ccc(OCC3CO3)cc2)ccc1OCC1CO1,4.438530657642067,tox21
c1cc(CCCc2ccncc2)ccn1,4.938529421142464,tox21
c1cc(CSSCc2ccncc2)ccn1,5.084220332573883,ncgc;veith
c1cc(N(CC2CO2)CC2CO2)ccc1Cc1ccc(N(CC2CO2)CC2CO2)cc1,4.338531273401033,tox21
c1cc(N(CC2CO2)CC2CO2)ccc1OCC1CO1,3.938176329109961,tox21
c1cc(N2CCCC3(CCNCC3)C2)ccn1,3.8872025006290167,ncgc
c1cc(OCC2CC2)ncc1-c1noc(C23CCCN(CCC2)C3)n1,3.8206067450037278,challenge
c1cc(OCC2CO2)cc(OCC2CO2)c1,4.0417290935932515,tox21
c1cc(OCC2CO2)ccc1Cc1ccc(OCC2CO2)cc1,4.112646106417728,tox21
c1cc([C@H]2CC[C@H](N3CCCC3)CC2)ccc1OCCCN1CCCCC1,4.153403091985036,pharmabench
c1cc([C@H]2CC[C@H](N3CCOCC3)CC2)ccc1OCCCN1CCCCC1,3.6946418463164483,pharmabench
c1cc2c(cc1C1CCCCC1)c1c3n2CCN[C@H]3CCC1,3.987203621488413,ncgc
c1cc2c(cc1[C@H]1OC[C@H]3[C@@H]1CO[C@H]3c1ccc3c(c1)OCO3)OCO2,4.687200030977656,ncgc
c1cc2c3c(c1)c1c(n3CCNC2)CCCC1,4.884219346423415,ncgc;veith
c1cc2ccc3cccc4ccc(c1)c2c34,4.018035407491048,tox21
c1ccc(-c2c3ccccc3nc3[nH]c4ccccc4c23)cc1,4.284220827875583,ncgc;veith
c1ccc(-c2ccc(C(c3ccccc3)n3ccnc3)cc2)cc1,6.2996181695735975,tox21
c1ccc(-c2ccc(C3=Nn4c(Cn5nnc6ccccc65)nnc4SC3)cc2)cc1,4.181236955344418,veith
c1ccc(-c2ccc(N3CCCC4(CCNCC4)C3)cc2)cc1,3.8842202108992034,ncgc;veith
c1ccc(-c2cccc(N3CCCC4(CCNCC4)C3)c2)cc1,3.6872033036619767,ncgc
c1ccc(-c2ccccc2-c2ccccc2)cc1,4.238530429764998,tox21
c1ccc(-c2csc(N3CCc4ccccc4C3)n2)cc1,4.131237783223632,veith
c1ccc(-c2csc(Nc3nc(N4CCOCC4)nc(N4CCOCC4)n3)n2)cc1,4.7812382168028345,veith
c1ccc(-c2csc3ncn4cnnc4c23)cc1,3.981239042028786,veith
c1ccc(-c2n[nH]c(-c3ccccc3)c2-c2nc3ccccc3[nH]2)cc1,4.081239412948973,veith
c1ccc(-c2nc(-c3cccs3)[nH]c2-c2ccccc2)cc1,4.4812387752551235,veith
c1ccc(-c2nc(CSc3n[nH]c(-c4cccs4)n3)cs2)cc1,3.981239042028786,veith
c1ccc(-c2nc(N3CCC(Oc4cnccn4)CC3)c3ccccc3n2)nc1,5.530375613003728,challenge
c1ccc(-c2nc(N3CCCCCC3)nc(-n3ccnc3)n2)cc1,4.581238740591187,veith
c1ccc(-c2nc(NCc3cccnc3)c3ccccc3n2)cc1,4.731239014571102,veith
c1ccc(-c2nc3ccccn3c2NCc2ccc3c(c2)OCO3)cc1,4.28123853814577,veith
c1ccc(-c2nc[nH]c2-c2ccccc2)cc1,4.149695764085624,tox21
c1ccc(-c2nnc(SCc3nc4ccccc4[nH]3)n2Cc2ccco2)cc1,4.4812387752551235,veith
c1ccc(-c2noc(CSc3nnnn3C3CCCCC3)n2)cc1,4.731239014571102,veith
c1ccc(-n2cnc3cc(NCc4cccs4)ccc32)cc1,4.631238141608918,veith
c1ccc(-n2nnc3c2CCN(CCc2ccc4c(c2)CCO4)C3)cc1,4.804308423003728,challenge
c1ccc(C(O[C@@H]2CCCN(CCc3ccc4c(c3)OCO4)C2)c2ccccc2)cc1,4.3885311946544245,tox21
c1ccc(C(c2ccccc2)N2CC3(CCNCC3)C2)cc1,3.6872033036619767,ncgc
c1ccc(C(c2ccccc2)N2CCC3(CCNCC3)CC2)cc1,3.787202796262461,ncgc
c1ccc(C(c2ccccc2)N2CC[C@@]3(CCCNC3)C2)cc1,3.787202796262461,ncgc
c1ccc(C2CO2)cc1,3.7885301040785704,tox21
c1ccc(CCCN2CCN(CCOC(c3ccccc3)c3ccccc3)CC2)cc1,3.8842202108992034,ncgc;veith
c1ccc(CCCc2ccncc2)cc1,5.338526931519975,tox21
c1ccc(CCNc2nnnn2-c2ccccc2)cc1,4.231237939860009,veith
c1ccc(CCSc2nccn2-c2ccccc2)cc1,4.081239412948973,veith
c1ccc(CN(Cc2ccccc2)Cc2ccccc2)cc1,4.288530398353015,tox21
c1ccc(CN2CCC3(CCNCC3)CC2)cc1,3.8872025006290167,ncgc
c1ccc(CN2CCC3(CCc4ccccc43)CC2)cc1,3.6872033036619767,ncgc
c1ccc(CN2c3ccccc3-c3nc4ccccc4n3C2c2ccccn2)cc1,4.381238666479966,veith
c1ccc(CNCc2ccccc2)cc1,3.9885299994982155,tox21
c1ccc(CN[C@H]2CC[C@H](c3ccc(OCCCN4CCCCC4)cc3)CC2)cc1,5.338094522802636,pharmabench
c1ccc(CNc2ncnc3ccc(-c4ccc5c(c4)OCO5)cc23)cc1,5.5842153979372355,ncgc;veith
c1ccc(CNc2ncnc3ccc(-c4ccoc4)cc23)cc1,5.087201252198795,ncgc
c1ccc(CNc2ncnc3nc[nH]c23)cc1,3.7570860256005663,tox21
c1ccc(CNc2ncncc2-c2ccc3c(c2)OCO3)cc1,5.78423973440602,ncgc;veith
c1ccc(CNc2ncncc2-c2ccoc2)cc1,5.5842153979372355,ncgc;veith
c1ccc(CSCCc2ccncc2)cc1,5.78423973440602,ncgc;veith
c1ccc(CSCc2ccccc2)cc1,4.139593757109527,tox21
c1ccc(C[C@@H](Nc2cccnc2)c2ccccc2)cc1,4.787200049553703,ncgc
c1ccc(Cn2c(CN3CCCC3)nc3ccccc32)cc1,3.731239014571102,veith
c1ccc(Cn2nnc3c(N4CCc5ccccc5C4)ncnc32)cc1,4.28123853814577,veith
c1ccc(N2CCC3(CCNCC3)CC2)nc1,3.787202796262461,ncgc
c1ccc(N2CCCC3(CCNCC3)C2)nc1,3.6872033036619767,ncgc
c1ccc(N2CCN(CCCOc3ccc4c(c3)OCO4)CC2)cc1,4.187201534804045,ncgc
c1ccc(NN(Cc2cnccn2)c2ccccc2)cc1,4.784219133178269,ncgc;veith
c1ccc(Nc2ccccc2)cc1,4.138530279460311,tox21
c1ccc(Nc2ncnc3ccc(-c4ccc5c(c4)OCO5)cc23)cc1,5.087201252198795,ncgc
c1ccc(OCc2ccc(CCCN3CCOCC3)cc2)cc1,4.199695243524282,tox21
c1ccc(Oc2cc(-c3ccccc3)ncn2)cc1,3.981239042028786,veith
c1ccc(P(c2ccccc2)c2ccccc2)cc1,4.734312083070878,tox21
c1ccc(SC(Sc2ccccc2)c2ccc3c(c2)OCO3)cc1,4.784219133178269,ncgc;veith
c1ccc(SCCc2ccncc2)cc1,5.1967246658314625,ncgc;veith
c1ccc(SSc2ccccc2)cc1,4.235351867437866,tox21
c1ccc([Bi](c2ccccc2)c2ccccc2)cc1,5.838536299655287,tox21
c1ccc([Sb](c2ccccc2)c2ccccc2)cc1,4.3885311946544245,tox21
c1ccc2[nH]ccc2c1,4.0456643097094185,tox21
c1ccc2c(-c3c[nH]c4ccccc34)c3ccccc3nc2c1,5.231237939860008,veith
c1ccc2c(CC3=NCCN3)cccc2c1,2.780483890003728,challenge
c1ccc2c(CSCCc3ccncc3)cccc2c1,6.4812387752551235,veith
c1ccc2c(CSCc3cccc4ccccc34)cccc2c1,4.787200049553703,ncgc
c1ccc2c(CSc3nnc(-c4ccncc4)o3)cccc2c1,6.031238394064476,veith
c1ccc2c(Nc3ccncc3)nc(-c3ccc4c(c3)OCO4)nc2c1,5.187211884060712,ncgc
c1ccc2c(c1)-c1nc3ccccc3cc1[C@H]2N1CCOCC1,4.487201289787428,ncgc
c1ccc2c(c1)CCNC2,4.127314676165117,tox21
c1ccc2c(c1)Cc1cc3cc4c(cc3nc1-2)OCO4,4.687200030977656,ncgc
c1ccc2c(c1)Cc1cc3ccccc3nc1-2,4.287203117605396,ncgc
c1ccc2c(c1)Cc1ccccc1-2,4.238530429764998,tox21
c1ccc2c(c1)Nc1ccccc1S2,4.238530429764998,tox21
c1ccc2c(c1)OC[C@@H](C1=NCCN1)O2,3.7842205065326477,ncgc;veith
c1ccc2c(c1)[I+]c1ccccc1-2,5.784220827875583,ncgc;veith
c1ccc2c(c1)[nH]c1cnccc12,4.087821631062201,tox21
c1ccc2c(c1)c1cccc3ccc4cccc2c4c31,3.741372072925591,tox21
c1ccc2c(c1)ncn2-c1ccc(-c2ccnc(-c3ccncc3)n2)cc1,5.931238759019225,veith
c1ccc2c(c1)ncn2Cc1nnc2sc(-c3ccc4c(c3)OCO4)nn12,4.7812382168028345,veith
c1ccc2c(c1)oc1c(N3CC(c4ncc(C5CC5)cn4)C3)ncnc12,4.545877540003728,challenge
c1ccc2c(c1)oc1ccccc12,3.8728482801409,tox21
c1ccc2cc(NCNc3ccc4ccccc4c3)ccc2c1,4.6842193775900025,ncgc;veith
c1ccc2cc(Nc3ccc(Nc4ccc5ccccc5c4)cc3)ccc2c1,4.576360281387732,tox21
c1ccc2cc(Sc3ncnc4c3oc3ccccc34)ccc2c1,4.28123853814577,veith
c1ccc2cc3ccccc3cc2c1,3.82489332491701,tox21
c1ccc2nc(-c3ccncc3)ccc2c1,4.581238740591187,veith
c1ccc2nc(CC[C@@H]3CCCCN3)ccc2c1,4.687200030977656,ncgc
c1ccc2occc2c1,4.238530429764998,tox21
c1ccc2sc(N3CCN(Cc4ccc5c(c4)OCO5)CC3)nc2c1,4.3842204094659465,ncgc;veith
c1ccc2sc(SN(C3CCCCC3)C3CCCCC3)nc2c1,4.743420439658932,tox21
c1ccc2sc(SN3CCOCC3)nc2c1,4.399695684644625,tox21
c1cnc(N2CCN(Cc3ccc4c(c3)OCO4)CC2)nc1,4.449695384640936,tox21
c1cnc2c(Nc3ccc4c(-n5cccn5)nccc4c3)n[nH]c2c1,4.47477166268218,pharmabench
c1cnc2c(Nc3ccc4cnccc4c3)n[nH]c2c1,5.207760754307629,pharmabench
c1cnc2ccc(C(c3nnnn3C3CCCC3)N3CCN4CCCC4C3)cc2c1,4.131237783223632,veith
c1cncc(-c2ccc(CNCc3ccc(-c4cccnc4)s3)s2)c1,5.48683617408356,pharmabench
c1cncc(-c2nc(NCc3cccs3)c3ccccc3n2)c1,5.287203117605396,ncgc
c1cncc(-c2nccc(NCc3cccs3)n2)c1,5.684224832111824,ncgc;veith
c1cncc(CNc2cc(-c3ccc4c(c3)OCO4)ncn2)c1,5.78423973440602,ncgc;veith
c1cncc(CNc2nc(-c3ccc4c(c3)OCO4)nc3ccccc23)c1,5.684224832111824,ncgc;veith
c1cncc(CNc2ncncc2-c2ccc3c(c2)OCO3)c1,5.384228610767986,ncgc;veith
c1cncc([C@H]2CCCCN2)c1,4.387202152451927,ncgc
c1csc(CN2CCCC3(CCNCC3)C2)n1,3.787202796262461,ncgc
c1csc(CNc2nc(-c3ccc4c(c3)OCO4)nc3ccccc23)c1,5.087201252198795,ncgc
c1csc(CNc2ncnc3ccc(-c4ccc5c(c4)OCO5)cc23)c1,5.387218555056005,ncgc
c1csc(CNc2ncncc2-c2ccc3c(c2)OCO3)c1,5.78423973440602,ncgc;veith
c1csc(CNc2ncncc2-c2ccoc2)c1,5.384228610767986,ncgc;veith
c1nc(N2CC(c3ncc(C4CC4)cn3)C2)c2cc[nH]c2n1,3.993005258003728,challenge
c1nc[nH]n1,3.738530418642034,tox21
c1ncc(-c2ccc3c(c2)OCO3)c(NCCc2cnc[nH]2)n1,5.384228610767986,ncgc;veith
