SMILES,pac50_cyp1a2,pac50_cyp2c9,pac50_cyp2d6,pac50_cyp3a4
COC1=CC2=CC=CC=C2C3=C1OC(=C3)[N+](=O)[O-],6.899629454882437,,,
COC1=C(OC2=C(C1=O)C=CC3=C2C=CO3)C4=CC=CC=C4,7.600326278518962,6.0,5.0,5.499996931948306
CC(=O)C1=C(C=C2C(=C1)C=CC(O2)(C)C)O,,,,4.499999678657065
COC1=CC2=C(C=C1C3=CC4=C(C=C5C(=C4)C=CO5)OC3=O)OCO2,,,,6.400007822415902
CN1CCC2=CC(=C(C3=C2[C@@H]1CC4=C3C(=C(C=C4)OC)O)OC)OC,4.700058463963156,4.899998417198648,,4.59999938302362
CN1CC2=C(C=CC3=C2OCO3)C4C1C5=CC6=C(C=C5CC4O)OCO6,,,,5.099998010028197
CN1CCC2=CC(=C(C3=C2[C@@H]1CC4=CC(=C(C=C43)OC)O)OC)O,5.600326278518962,4.499999678657065,5.14999860351428,4.800000874803203
C1[C@H]2[C@H](CO[C@@H]2C3=CC4=C(C=C3)OCO4)[C@@H](O1)C5=CC6=C(C=C5)OCO6,5.698970004336019,5.399996913372259,4.800000874803203,
C1=CC2=C(C(=C1)O)C(=O)C3=C(C2=O)C=C(C=C3O)C(=O)O,,,,5.0
CC1(CC2=C([C@H](NC3=CC=CC=C3N2)C4=C(C=CC(=C4Br)OC)OC)C(=O)C1)C,4.698970004336019,4.499999678657065,,
CC1=CC(=O)C2=C(C1=O)C=CC=C2O,,,,4.499999678657065
CC1=CC2=C(C(=C1)O)C(=O)C3=C(C2=O)C=CC=C3O,,,,4.59999938302362
CC(=CCOC1=C2C(=CC3=C1OC=C3)C=CC(=O)O2)C,,,,5.299997602857746
CCOC(=O)C1CSC(N1)CC2=CC=C(C=C2)OCC3=CC=C(C=C3)[N+](=O)[O-],,,,4.800000874803203
CC(=CCC1=C(C=CC2=C1OC(=O)C=C2)OC)C,,,,4.800000874803203
C1[C@H]2CNC[C@@H]1C3=CC=CC(=O)N3C2,4.500312917381596,,,4.499999678657065
C1=CC=C(C(=C1)C(=O)NCC(=O)O)O,5.300162274132754,,,
CCCCC(CC)CN=C(N)NC(=NCCCCCCN=C(N)NC(=NCC(CC)CCCC)N)N.Cl.Cl,,,,4.59999938302362
CC1=CC(=C(C=C1)N)N,,,,4.59999938302362
C1CSC2=NC(=C(N21)C3=CC=NC=C3)C4=CC=C(C=C4)F.Cl.Cl,,,,4.800000874803203
CCCCCC1=CC(=CC(=C1)O)O,,,,4.899998417198648
CC(C)CCCC(C)CCCC(C)CCCC(C)(C=C)O,,,,4.40000018605658
CN(C)C1=CC2=C(C=C1)N=C3C=CC(=[N+](C)C)C=C3S2.O.O.O.[Cl-],,,,4.800000874803203
CC(=O)[C@H]1CC[C@@H]2[C@@]1(CC(=O)[C@H]3[C@H]2CC[C@@H]4[C@@]3(CC[C@H](C4)O)C)C,,,,5.299997602857746
CCCCCCC(C)(C)C1=CC(=C(C=C1)[C@@H]2C[C@@H](CC[C@H]2CCCO)O)O,,4.59999938302362,4.499999678657065,
CN(CCCl)CC1=CC(=C(C(=C1)Cl)NC2=NCCN2)Cl,,,4.499999678657065,4.59999938302362
CCC1=C2C3=CC(=C(C=C3NC2=CN=C1C(=O)OC)OC)OC,6.100179497572904,,,4.800000874803203
CC[C@]12CCCN3[C@H]1C4=C(CC3)C5=CC=CC=C5N4C(=C2)C(=O)OCC,4.400116927926312,,4.799999179119306,5.299998827036022
CN1CCC2=CC(=C(C3=C2C1=C(C4=CC(=C(C=C43)OC)OC)C=O)OC)OC,,,,5.699991797446187
COC(=O)C(C(C1=CC=CC=C1)NC(=O)OC)C(=O)OC,,,8.102372908709558,5.499996931948306
C1C2=CC(=C(C=C2C3C1(COC4=C3C=CC(=C4O)O)O)O)O,,,,4.800000874803203
COC1=CC(=CC(=C1OC)OC)[C@H]2[C@@H]3[C@H](COC3=O)[C@H](C4=CC5=C(C=C24)OCO5)O,,,,5.699991797446187
C[C@]12CCC(=O)C[C@@H]1CC[C@@H]3[C@@H]2CC[C@]4([C@H]3CC[C@@H]4O)C,,,,4.800000874803203
CC1=[N+](C2=CC=CC=C2C(=C1)N)CCCCCCCCCC[N+]3=C(C=C(C4=CC=CC=C43)N)C.[Cl-].[Cl-],,,,4.800000874803203
COC1=C2C(=C(C(=C1)CC=C)OC)OCO2,,,,5.0999990348465305
C1=CC(=C(N=C1)C(=O)O)C(=O)O,,,,5.799998134593398
CN1C=CC(=C(C1=O)C#N)OC,,4.899998417198648,,
C1=CC=C(C=C1)C2=CC(=O)C3=CC=CC=C3O2,,,,4.899998417198648
CCOC(=O)C[C@H]([C@@H]1CCCCC1=O)C(=O)OCC,,,5.199998172182031,
CC(=O)OC1=CC=CC=C1C(=O)OC2=CC=CC=C2C(=O)O,4.899629454882437,4.800000874803203,,
COC1=CC=CC=C1CC(=N)N2C[C@H]3[C@@H](C2)C(CCC3=O)(C4=CC=CC=C4)C5=CC=CC=C5,,,,5.499996931948306
CCOC(OCC)P(=O)(CCCN)O,4.600326278518962,,,
COC(=O)C1=NC=C2C(=C1)C3=CC=CC=C3N2,6.199970640755866,,,4.800000874803203
C1=CC=C(C=C1)N=NC2=C(C=C(C=C2)N)N.Cl,,,,4.899998417198648
CC1=C(C=CC(=C1)C2=NOC(=N2)C)C3=CC=C(C=C3)C(=O)NC4=CC(=C(C=C4)OC)N5CCN(CC5)C,,5.0999990348465305,4.550000344969798,6.100015437450609
CC(C)C[C@@H](C(=O)N[C@H](CC1=CN(C2=CC=CC=C21)C)C(=O)N[C@H](CC3=CC=CC=N3)C(=O)O)NC(=O)N4CCCCCC4,4.400116927926312,5.199998172182031,,4.800000874803203
CC1=C(SC=N1)CCCl,4.500312917381596,5.599997654072044,4.899998417198648,
COC1=CC=C(C=C1)C2=NN(C(=N)C=C2)CCCC(=O)O,4.300162274132754,5.499996931948306,5.399996913372259,
CC1(C=CC2=C(O1)C=CC3=C2O[C@@H]4COC5=CC(=C(C=C5[C@@H]4C3=O)OC)OC)C,4.801342913045577,,7.199970640755866,4.800000874803203
CC1=NN=C2N1N=C(C=C2)C3=CC(=CC=C3)C(F)(F)F,7.100179497572904,,,4.499999678657065
CC(C)CCCCCCC(=O)NCC1=CC(=C(C=C1)O)OC,5.049800047819151,5.299998827036022,4.449999932356823,4.749998900111134
C1CN(CCN1)C2=CN=CC(=N2)Cl,5.698970004336019,5.699991797446187,,4.800000874803203
C1CCN(C1)C[C@H](COC2=C(C=C(C=C2)Cl)Cl)O,5.300162274132754,,6.50003813440381,
C1CC(CCC1NCC2=C(C(=CC(=C2)Br)Br)N)O.Cl,,,,4.59999938302362
COC1=CC2=C(C=C1)NC=C2C3=CCNCC3,6.600326278518962,,,5.900008766455316
CCN(CC)CCOC1=CC=C(C=C1)CC2=CC=CC=C2,4.899629454882437,4.800000874803203,4.59999938302362,
COC1=C2C(=C3C(=C1)C=CC(=O)O3)C=CO2,,,,5.399996913372259
C1=CC=C(C=C1)CN=C(N)NC(=O)C2=C(N=C(C(=N2)Cl)N)N,4.949814727441218,,5.049999238830475,
CC1=C(N2C=CC=C(C2=N1)OCC3=CC=CC=C3)CC#N,6.049543466131166,,,4.800000874803203
C1=CC(=CC=C1C(=O)C2=C(C=C(C=C2Cl)CN3C(=C(N=N3)C(=O)N)N)Cl)Cl,,6.299988937677887,,5.499996931948306
COC1=CC=CC(=C1)N,,,,4.499999678657065
CCCCCCCCCCCC[N+](C)(C)CCOC1=CC=CC=C1.[Br-],,,,4.499999678657065
CC1=[N+](C2=CC=CC=C2S1)CCC(=O)O,,,5.0999990348465305,
C1=CC=C2C(=C1)C=CC(=C2N=NC3=CC=CC4=C3C=CC(=C4)S(=O)(=O)O)O,5.5003129173815966,6.400007822415902,,
C(CCl)C#N,,,,7.300162274132754
COC1=CC=CC=C1C[C@@H](CC2=NC3=CC=CC=C3N2)C4=NC5=CC=CC=C5N4,5.0,4.899998417198648,8.0,
C(CCNCCCN)CN,4.500312917381596,4.899998417198648,,
C1C[C@H](CC(=O)C1)C(C(=O)OCC2=CC=CC=C2)C(=O)OCC3=CC=CC=C3,,5.499996931948306,,5.399996913372259
C(CCNCCCN)CNCCCN,4.801342913045577,,,
CC1(CC2=CC(=C(C=C2C3=CC4=NC5=CC=CC=C5N=C4N31)OC)OC)C,4.899629454882437,,,4.59999938302362
CN(C)C1=CC=C(C=C1)C(=C2C=CC(=[N+](C)C)C=C2)C3=CC=C(C=C3)N(C)C.[Cl-],,,,5.0
CN(C)CCC=C1C2=CC=CC=C2CCC3=CC=CC=C31.Cl,,,,4.40000018605658
C1=CC=C2C(=C1)C=CC=C2N=C=S,,,,4.59999938302362
CC(=O)C1=C(C=C(C=C1)OC)O,,,,5.900008766455316
C1C(OC2=CC(=CC(=C2C1=O)O)O)C3=CC(=C(C=C3)O)O,,,,4.40000018605658
C1=CC=C2C=C(C=CC2=C1)NC(=O)C(CC3=CN=CN3)N,,,,5.599997654072044
C1=CC(=C(C=C1Cl)Cl)N,,,,4.499999678657065
C1CCN(CC1)CC[C@@]([C@@H]2C[C@@H]3C[C@H]2C=C3)(C4=CC=CC=C4)O,,,5.699991797446187,4.899998417198648
CC1=CC=C(C=C1)C[C@H](CC2=NC3=CC=CC=C3N2)C4=NC5=CC=CC=C5N4,5.400116927926312,4.899998417198648,7.100179497572904,
C1=CC=C2C(=C1)C=CC=C2N=NC3=C(C4=C(C=C(C=C4C=C3S(=O)(=O)O)S(=O)(=O)O)O)O,5.400116927926312,5.0999990348465305,,
C1=CC(=N)C=CC1=C(C2=CC=C(C=C2)N)C3=CC=C(C=C3)N.Cl,,,,4.899998417198648
C1=CC(=N)C=CC1=C(C2=CC=C(C=C2)N)C3=CC=C(C=C3)N,5.400116927926312,,5.799998134593398,5.499996931948306
CCOC1=CC(=C(C=C1C(=O)C)OCC)OCC,,,,4.800000874803203
COC1CCC(CC1)C(=O)C2=CC3=CC4=C(N=C3C=C2)OCCC4,,,,5.299997602857746
C1=CC=C(C=C1)C2=C(C(=O)C3=CC=CC=C3O2)O,,,,4.59999938302362
C1=CC=C(C(=C1)C2=CC=C(C=C2)CCCC(=O)NC3=CC=C(C=C3)O)F,,,,4.499999678657065
CC1=C2C(=CC(=C1O)O)C3=C(O2)C4=CC=CC=C4OC3=O,,,,4.700000503883016
C(CN)CSC(=N)N,5.199970640755866,,,
C1=CC=C2C(=C1)C=CC3=C2C=CN=C3Cl,,,,4.899998417198648
CC1=C(C=C(C=C1)N=C=O)N=C=O,,,,4.800000874803203
C1CCC(CC1)(C2=CC(=CC=C2)N=C=S)N3CCCCC3,4.500312917381596,,5.0,4.800000874803203
C1=CC(=C(C=C1CN=C(N)NC(=O)C2=C(N=C(C(=N2)Cl)N)N)Cl)Cl,5.0,,4.899998417198648,4.899998417198648
C1=CC=C2C(=C1)C(=CN2)CC(C(=O)O)N,,,,4.899998417198648
CCCCCCCCCCCCCCSCC(=O)O,,4.40000018605658,,
C1=CC=C2C(=C1)C(=CN2)CCN,5.5003129173815966,,4.499999678657065,4.40000018605658
CC(C)(C)C(=O)OC1=C(C=C(C=C1)[C@H](CNC)O)OC(=O)C(C)(C)C,,,,5.0
C(C[Se][Se]CCN)N,5.5003129173815966,6.50003813440381,,
CC1=C(C=C(C(=O)N1)C#N)C2=CN3C=CN=C3C=C2.Cl,,,,6.899974269892137
COC1=C(C2=C(C[C@@H]3C4=CC(=C(C=C4CCN3C2)OC)O)C=C1)O,4.801342913045577,,7.500312917381596,4.899998417198648
CC(=O)NCCC1=C(NC2=C1C=C(C=C2)OC)I,5.950214922653954,4.40000018605658,6.299988937677887,4.800000874803203
COC1=CC=C(C=C1)[C@]23[C@H]([C@@H]([C@H]([C@]2(C4=C(O3)C=C(C=C4OC)OC)O)O)C(=O)OC)C5=CC=CC=C5,,,,5.0
CN1C=C(C2=CC=CC=C21)C3=C(C(=O)NC3=O)C4=CN(C5=CC=CC=C54)CCCSC(=N)N.CS(=O)(=O)O,,,,5.199998172182031
C1=CC=C(C=C1)C(C2=CC=CC=C2)NCCNC(C3=CC=CC=C3)C4=CC=CC=C4.Cl.Cl,,,,5.299997602857746
CC(C)(C1=CC=CC=C1)C2=CC=C(C=C2)O,,,,4.700000503883016
C1=CC=C2C(=C1)C=C3C=CC=CC3=C2[N+](=O)[O-],,,,5.0
C1CC2=CC=C(C3=CC=CC1=C23)[N+](=O)[O-],,,,4.499999678657065
C1=CC=C(C=C1)P(C2=CC=CC=C2)C3=CC=CC=C3,,,,4.40000018605658
C1=CC=C(C=C1)C2=CC(=O)C3=C(O2)C4=CC=CC=C4C=C3,7.801342913045577,5.0999990348465305,4.899998417198648,4.899998417198648
C1=C(C(=C(C(=C1Cl)Cl)Cl)Cl)Cl,,,,7.300162274132754
C1=C(C=C(C(=C1Cl)Cl)Cl)O,,,,4.899998417198648
C1=C(C=C(C(=C1Cl)N)Cl)N,,,,4.700000503883016
CC[C@@H]1CN2CCC3=CC(=C(C=C3[C@@H]2C[C@@H]1C[C@@H]4C5=CC(=C(C=C5CCN4)OC)OC)OC)OC,,,,4.499999678657065
C1[C@@H]2[C@@H](CO[C@@H]2C3=CC4=C(C=C3)OCO4)[C@@H](O1)C5=CC6=C(C=C5)OCO6,,,,6.100015437450609
CC1=CC(=C(C=C1)[N+](=O)[O-])[N+](=O)[O-],,,,4.800000874803203
C(CC(=O)O)CN,4.500312917381596,,,
CCN(CC)C(=O)C1=CC=C(C=C1)[C@H](C2=CC(=CC=C2)O)N3C[C@H](N(C[C@@H]3C)CC=C)C,4.400116927926312,5.399996913372259,,4.899998417198648
CC(=C)C1=CC2=CC(=C(C=C2O1)O)C(=O)C,,,,4.499999678657065
C[C@]12CC[C@H]3[C@@H](CC3(C)C)C(=C)CC[C@@H]1O2,,,,4.40000018605658
CN1CCC2=C(C(=C(C3=C2[C@@H]1CC4=CC(=C(C=C43)OC)OC)OC)OC)C=O,,,,5.0999990348465305
C1=CC(=C(C=C1C2=CC(=C(C=C2)N)Cl)Cl)N.Cl.Cl,,,,4.800000874803203
C1=CC=C2C=C3C=C(C=CC3=CC2=C1)N,,,,4.800000874803203
CN1C=C(C2=CC=CC=C21)C(=O)OCC3CCN(CC3)CCNS(=O)(=O)C,4.850486183964007,5.0,,
CC(C)OC1=CC2=C(C=C1)C(=O)C3=C(O2)C=CC(=C3)C(=O)O,,4.499999678657065,,
COC(=O)[C@@H]1C[C@@H]1[C@H](C2=CC=CC=C2)NP(=O)(C3=CC=CC=C3)C4=CC=CC=C4,,4.40000018605658,4.59999938302362,
C[C@@H]1[C@@H]([C@@H]([C@H]2CC[C@H]3[C@H]4C2=C1CN([C@]4(CO[C@@H]3OC)C)C(=O)OC(C)(C)C)CO)CO,,4.700000503883016,,5.0
CCC1=C(N2C(=O)OC(=NCC3=CC=CC=C3)[C@@]2([C@H]4C1=CC[C@@H]5[C@H]4C(=O)NC5=O)C)OC(=O)N(CC)CC,,,,5.299997602857746
CCC1=C2CC[C@@H]3[C@H]([C@H]2[C@]4(C(=NCC5=CC=CC=C5)OC(=O)N4C1=O)C)C(=O)N(C3=O)C,,,,4.899998417198648
CCC1=C(N2C(=O)OC(=NCC3=CC=CC=C3)[C@@]2([C@H]4C1=CC[C@@H]5[C@H]4C(=O)N(C5=O)CC)C)OC(=O)N(CC)CC,,,,5.499996931948306
CCC1=C(N2C(=O)OC(=NCC3=CC=CC=C3)[C@@]2([C@H]4C1=CC[C@@H]5[C@H]4C(=O)N(C5=O)C6=CC=CC=C6)C)OC(=O)N(CC)CC,,,,5.599997654072044
CCC1=C2CC[C@@H]3[C@H]([C@H]2[C@]4(C(=NCC5=CC=CC=C5)OC(=O)N4C1=O)C)C(=O)N(C3=O)C6=CC=CC=C6,,,,5.399996913372259
CCC1=C(N2C(=O)OC(=NCC3=CC=CC=C3)[C@@]2([C@H]4C1=CC[C@@H]5[C@H]4C(=O)N(C5=O)CC(=O)OC)C)OC(=O)N(CC)CC,,,,5.299997602857746
CCC1=C(N2C(=O)OC(=NCC(=O)OC)[C@@]2([C@H]3C1=CC[C@@H]4[C@H]3C(=O)NC4=O)C)OC(=O)N(CC)CC,,,,4.899998417198648
CCC1=C(N2C(=O)OC(=NCC(=O)OC)[C@@]2([C@H]3C1=CC[C@@H]4[C@H]3C(=O)N(C4=O)C)C)OC(=O)N(CC)CC,,,,4.899998417198648
CCC1=C(N2C(=O)OC(=NCC(=O)OC)[C@@]2([C@H]3C1=CC[C@@H]4[C@H]3C(=O)N(C4=O)CC)C)OC(=O)N(CC)CC,,,,5.199998172182031
CCC1=C2CC[C@@H]3[C@H]([C@H]2[C@]4(C(=NCC(=O)OC)OC(=O)N4C1=O)C)C(=O)N(C3=O)CC,,,,4.800000874803203
CCC1=C2CC[C@@H]3[C@H]([C@H]2[C@]4(C(=NCC(=O)OC)OC(=O)N4C1=O)C)C(=O)N(C3=O)C5=CC=CC=C5,,,,4.800000874803203
CCC1=C(N2C(=O)OC(=NCC(=O)OC)[C@@]2([C@H]3C1=CC[C@@H]4[C@H]3C(=O)N(C4=O)CC(=O)OC)C)OC(=O)N(CC)CC,,,,5.0
CCC1=C2CC[C@@H]3[C@H]([C@H]2[C@]4(C(=NCC(=O)OC)OC(=O)N4C1=O)C)C(=O)N(C3=O)CC(=O)OC,,,,4.59999938302362
CCC1=C(N2C(=O)OC(=NCCC3=CNC4=CC=CC=C43)[C@@]2([C@H]5C1=CC[C@@H]6[C@H]5C(=O)NC6=O)C)OC(=O)N(CC)CC,,,,5.599997654072044
CCC1=C2CC[C@@H]3[C@H]([C@H]2[C@]4(C(=NCCC5=CNC6=CC=CC=C65)OC(=O)N4C1=O)C)C(=O)NC3=O,,,,4.899998417198648
CCC1=C(N2C(=O)OC(=NCCC3=CNC4=CC=CC=C43)[C@@]2([C@H]5C1=CC[C@@H]6[C@H]5C(=O)N(C6=O)C)C)OC(=O)N(CC)CC,,,,5.900008766455316
CCC1=C(N2C(=O)OC(=NCCC3=CNC4=CC=CC=C43)[C@@]2([C@H]5C1=CC[C@@H]6[C@H]5C(=O)N(C6=O)CC)C)OC(=O)N(CC)CC,,,,5.900008766455316
CCC1=C2CC[C@@H]3[C@H]([C@H]2[C@]4(C(=NCCC5=CNC6=CC=CC=C65)OC(=O)N4C1=O)C)C(=O)N(C3=O)CC,,,,5.399996913372259
CCC1=C(N2C(=O)OC(=NCCC3=CNC4=CC=CC=C43)[C@@]2([C@H]5C1=CC[C@@H]6[C@H]5C(=O)N(C6=O)CC(=O)OC)C)OC(=O)N(CC)CC,,,,5.699991797446187
CCC1=C2CC[C@@H]3[C@H]([C@H]2[C@]4(C(=NCCC5=CNC6=CC=CC=C65)OC(=O)N4C1=O)C)C(=O)N(C3=O)CC(=O)OC,,,,5.199998172182031
CCC1=C2CC[C@@H]3[C@H]([C@H]2[C@]4(C(=O)N(C(=O)N4C1=O)CC5=CC=CC=C5)C)C(=O)N(C3=O)CC(=O)OC,,,,4.800000874803203
CCC1=C2CC[C@@H]3[C@H]([C@H]2[C@]4(C(=O)N(C(=O)N4C1=O)CC(=O)OC)C)C(=O)N(C3=O)C5=CC=CC=C5,,,,4.800000874803203
CCC1=C2CC[C@@H]3[C@H]([C@H]2[C@]4(C(=O)N(C(=O)N4C1=O)CC(=O)OC)C)C(=O)N(C3=O)C,,,,4.59999938302362
CCC1=C2CC[C@@H]3[C@H]([C@H]2[C@]4(C(=NCC5=CC=CC=C5)OC(=O)N4C1=O)CC6=CC=CC=C6)C(=O)N(C3=O)C7=CC=CC=C7,,,,5.299997602857746
CCC1=C(N2C(=O)OC(=NCCC3=CNC4=CC=CC=C43)[C@@]2([C@H]5C1=CC[C@@H]6[C@H]5C(=O)N(C6=O)C7=CC=CC=C7)CC8=CC=CC=C8)OC(=O)N(CC)CC,,,,5.199998172182031
CCC1=C2CC[C@@H]3[C@H]([C@H]2[C@]4(C(=NCCC5=CNC6=CC=CC=C65)OC(=O)N4C1=O)CC7=CC=CC=C7)C(=O)N(C3=O)C8=CC=CC=C8,,,,5.900008766455316
CCC1=C(N2C(=O)OC(=NCCC3=CNC4=CC=CC=C43)[C@@]2([C@H]5C1=CC[C@@H]6[C@H]5C(=O)N(C6=O)CC(=O)OC)CC7=CC=CC=C7)OC(=O)N(CC)CC,,,,5.599997654072044
CCC1=C2CC[C@@H]3[C@H]([C@H]2[C@]4(C(=NCCC5=CNC6=CC=CC=C65)OC(=O)N4C1=O)CC7=CC=CC=C7)C(=O)N(C3=O)CC(=O)OC,,,,5.900008766455316
CCC1=C(N2C(=O)OC(=NCCC3=CNC4=CC=CC=C43)[C@@]2([C@H]5C1=CC[C@@H]6[C@H]5C(=O)N(C6=O)CC)CC7=CC=CC=C7)OC(=O)N(CC)CC,,,,5.699991797446187
CCC1=C(N2C(=O)OC(=NCCC3=CNC4=CC=CC=C43)[C@@]2([C@H]5C1=CC[C@@H]6[C@H]5C(=O)N(C6=O)C)CC7=CC=CC=C7)OC(=O)N(CC)CC,,,,5.900008766455316
CCC1=C2CC[C@@H]3[C@H]([C@H]2[C@]4(C(=NCCC5=CNC6=CC=CC=C65)OC(=O)N4C1=O)CC7=CC=CC=C7)C(=O)N(C3=O)C,,,,5.900008766455316
CCC1=C(N2C(=O)OC(=NCCC3=CNC4=CC=CC=C43)[C@@]2([C@H]5C1=CC[C@@H]6[C@H]5C(=O)NC6=O)CC7=CC=CC=C7)OC(=O)N(CC)CC,,,,5.699991797446187
CCC1=C2CC[C@@H]3[C@H]([C@H]2[C@]4(C(=NCCOC)OC(=O)N4C1=O)CC5=CC=CC=C5)C(=O)N(C3=O)C6=CC=CC=C6,,,,5.0999990348465305
CCC1=C(N2C(=O)OC(=NCCOC)[C@@]2([C@H]3C1=CC[C@@H]4[C@H]3C(=O)N(C4=O)CC(=O)OC)CC5=CC=CC=C5)OC(=O)N(CC)CC,,,,5.199998172182031
CCC1=C2CC[C@@H]3[C@H]([C@H]2[C@]4(C(=NCCOC)OC(=O)N4C1=O)CC5=CC=CC=C5)C(=O)N(C3=O)CC(=O)OC,,,,4.899998417198648
CCC1=C(N2C(=O)OC(=NCCOC)[C@@]2([C@H]3C1=CC[C@@H]4[C@H]3C(=O)N(C4=O)CC)CC5=CC=CC=C5)OC(=O)N(CC)CC,,,,5.299997602857746
CCC1=C2CC[C@@H]3[C@H]([C@H]2[C@]4(C(=NCCOC)OC(=O)N4C1=O)CC5=CC=CC=C5)C(=O)N(C3=O)CC,,,,5.0
CCC1=C(N2C(=O)OC(=NCCOC)[C@@]2([C@H]3C1=CC[C@@H]4[C@H]3C(=O)N(C4=O)C)CC5=CC=CC=C5)OC(=O)N(CC)CC,,,,5.0999990348465305
CCC1=C2CC[C@@H]3[C@H]([C@H]2[C@]4(C(=NCCOC)OC(=O)N4C1=O)CC5=CC=CC=C5)C(=O)N(C3=O)C,,,,5.0
CCC1=C(N2C(=O)OC(=NCCOC)[C@@]2([C@H]3C1=CC[C@@H]4[C@H]3C(=O)NC4=O)CC5=CC=CC=C5)OC(=O)N(CC)CC,,,,5.199998172182031
CCC1=C(N2C(=O)OC(=NCC(=O)OC)[C@@]2([C@H]3C1=CC[C@@H]4[C@H]3C(=O)N(C4=O)C5=CC=CC=C5)CC6=CC=CC=C6)OC(=O)N(CC)CC,,,,5.499996931948306
CCC1=C(N2C(=O)OC(=NCC(=O)OC)[C@@]2([C@H]3C1=CC[C@@H]4[C@H]3C(=O)N(C4=O)CC(=O)OC)CC5=CC=CC=C5)OC(=O)N(CC)CC,,,,5.299997602857746
CCC1=C(N2C(=O)OC(=NCC(=O)OC)[C@@]2([C@H]3C1=CC[C@@H]4[C@H]3C(=O)N(C4=O)C)CC5=CC=CC=C5)OC(=O)N(CC)CC,,,,5.0
CCC1=C2CC[C@@H]3[C@H]([C@H]2[C@]4(C(=NCC(=O)OC)OC(=O)N4C1=O)CC5=CC=CC=C5)C(=O)N(C3=O)C,,,,5.0
CCC1=C(N2C(=O)OC(=NCC(=O)OC)[C@@]2([C@H]3C1=CC[C@@H]4[C@H]3C(=O)NC4=O)CC5=CC=CC=C5)OC(=O)N(CC)CC,,,,5.199998172182031
CCC1=C2CC[C@@H]3[C@H]([C@H]2[C@]4(C(=NCC(=O)OC)OC(=O)N4C1=O)CC5=CC=CC=C5)C(=O)NC3=O,,,,4.800000874803203
CCC1=C2CC[C@@H]3[C@H]([C@H]2[C@]4(C(=NCC5=CC=CC=C5)OC(=O)N4C1=O)CC6=CC=CC=C6)C(=O)N(C3=O)CC,,,,5.499996931948306
CCC1=C2CC[C@@H]3[C@H]([C@H]2[C@]4(C(=NCC5=CC=CC=C5)OC(=O)N4C1=O)CC6=CC=CC=C6)C(=O)NC3=O,,,,5.199998172182031
CCC1=C2CC[C@@H]3[C@H]([C@H]2[C@]4(C(=O)N(C(=O)N4C1=O)CCOC)CC5=CC=CC=C5)C(=O)N(C3=O)CC,,,,4.800000874803203
CCC1=C2CC[C@@H]3[C@H]([C@H]2[C@]4(C(=O)N(C(=O)N4C1=O)CC5=CC=CC=C5)CC6=CC=CC=C6)C(=O)N(C3=O)CC,,,,5.399996913372259
CCC1=C2CC[C@@H]3[C@H]([C@H]2[C@]4(C(=O)N(C(=O)N4C1=O)CC(=O)OC)CC5=CC=CC=C5)C(=O)N(C3=O)C6=CC=CC=C6,,,,5.399996913372259
CCC1=C(N2C(=O)OC(=NCC3CC3)[C@@]2([C@H]4C1=CC[C@@H]5[C@H]4C(=O)NC5=O)C)OC(=O)N(CC)CC,,,,5.0
CCC1=C(N2C(=O)OC(=NCC3CC3)[C@@]2([C@H]4C1=CC[C@@H]5[C@H]4C(=O)N(C5=O)C)C)OC(=O)N(CC)CC,,,,5.0
CCC1=C(N2C(=O)OC(=NCC3CC3)[C@@]2([C@H]4C1=CC[C@@H]5[C@H]4C(=O)N(C5=O)CC)C)OC(=O)N(CC)CC,,,,5.399996913372259
CCC1=C(N2C(=O)OC(=NCC3CC3)[C@@]2([C@H]4C1=CC[C@@H]5[C@H]4C(=O)N(C5=O)C6=CC=CC=C6)C)OC(=O)N(CC)CC,,,,5.499996931948306
CCC1=C(N2C(=O)OC(=NCC3CC3)[C@@]2([C@H]4C1=CC[C@@H]5[C@H]4C(=O)N(C5=O)CC(=O)OC)C)OC(=O)N(CC)CC,,,,5.0999990348465305
CCC1=C(N2C(=O)OC(=NCC3CC3)[C@@]2([C@H]4C1=CC[C@@H]5[C@H]4C(=O)NC5=O)CC6=CC=CC=C6)OC(=O)N(CC)CC,,,,5.699991797446187
CCC1=C(N2C(=O)OC(=NCC3CC3)[C@@]2([C@H]4C1=CC[C@@H]5[C@H]4C(=O)N(C5=O)C)CC6=CC=CC=C6)OC(=O)N(CC)CC,,,,5.399996913372259
CCC1=C(N2C(=O)OC(=NCC3CC3)[C@@]2([C@H]4C1=CC[C@@H]5[C@H]4C(=O)N(C5=O)CC)CC6=CC=CC=C6)OC(=O)N(CC)CC,,,,5.299997602857746
CCC1=C(N2C(=O)OC(=NCC3CC3)[C@@]2([C@H]4C1=CC[C@@H]5[C@H]4C(=O)N(C5=O)C6=CC=CC=C6)CC7=CC=CC=C7)OC(=O)N(CC)CC,,,,5.599997654072044
CCC1=C(N2C(=O)OC(=NCC3CC3)[C@@]2([C@H]4C1=CC[C@@H]5[C@H]4C(=O)N(C5=O)CC(=O)OC)CC6=CC=CC=C6)OC(=O)N(CC)CC,,,,5.699991797446187
CCC1=C2CC[C@@H]3[C@H]([C@H]2[C@]4(C(=NCC5CC5)OC(=O)N4C1=O)C)C(=O)NC3=O,,,,4.59999938302362
CCC1=C2CC[C@@H]3[C@H]([C@H]2[C@]4(C(=NCC5CC5)OC(=O)N4C1=O)C)C(=O)N(C3=O)C6=CC=CC=C6,,,,5.0
CCC1=C2CC[C@@H]3[C@H]([C@H]2[C@]4(C(=NCC5CC5)OC(=O)N4C1=O)CC6=CC=CC=C6)C(=O)NC3=O,,,,4.800000874803203
CCC1=C2CC[C@@H]3[C@H]([C@H]2[C@]4(C(=NCC5CC5)OC(=O)N4C1=O)CC6=CC=CC=C6)C(=O)N(C3=O)C,,,,5.299997602857746
CCC1=C2CC[C@@H]3[C@H]([C@H]2[C@]4(C(=NCC5CC5)OC(=O)N4C1=O)CC6=CC=CC=C6)C(=O)N(C3=O)CC,,,,5.599997654072044
CCC1=C2CC[C@@H]3[C@H]([C@H]2[C@]4(C(=NCC5CC5)OC(=O)N4C1=O)CC6=CC=CC=C6)C(=O)N(C3=O)C7=CC=CC=C7,,,,5.299997602857746
CCC1=C(N2C(=O)OC(=NCCOC)[C@@]2([C@H]3C1=CC[C@@H]4[C@H]3C(=O)NC4=O)C)OC(=O)N(CC)CC,,,,5.0
CCC1=C(N2C(=O)OC(=NCCOC)[C@@]2([C@H]3C1=CC[C@@H]4[C@H]3C(=O)N(C4=O)C)C)OC(=O)N(CC)CC,,,,5.0
CCC1=C(N2C(=O)OC(=NCCOC)[C@@]2([C@H]3C1=CC[C@@H]4[C@H]3C(=O)N(C4=O)CC)C)OC(=O)N(CC)CC,,,,5.0999990348465305
CCC1=C(N2C(=O)OC(=NCCOC)[C@@]2([C@H]3C1=CC[C@@H]4[C@H]3C(=O)N(C4=O)CC(=O)OC)C)OC(=O)N(CC)CC,,,,5.0
CCC1=C2CC[C@@H]3[C@H]([C@H]2[C@]4(C(=O)N(C(=O)N4C1=O)CC5CC5)C)C(=O)NC3=O,,,,4.499999678657065
CCC1=C2CC[C@@H]3[C@H]([C@H]2[C@]4(C(=O)N(C(=O)N4C1=O)CC5CC5)C)C(=O)N(C3=O)CC(=O)OC,,,,5.0999990348465305
CCC1=C2CC[C@@H]3[C@H]([C@H]2[C@]4(C(=O)N(C(=O)N4C1=O)CC5CC5)CC6=CC=CC=C6)C(=O)N(C3=O)CC,,,,5.599997654072044
CCC1=C2CC[C@@H]3[C@H]([C@H]2[C@]4(C(=O)N(C(=O)N4C1=O)CC(=O)OC)C)C(=O)N(C3=O)CC,,,,5.0999990348465305
CCCN1[C@@H]2C[C@H](CC[C@@H]2C[C@H]1C(=O)OC)O,,,,4.59999938302362
COC(=O)[C@H]1C[C@H]2CC[C@@H](C[C@H]2N1CC3CC3)O,,,,4.59999938302362
COC(=O)[C@@H]1C[C@H]2CC[C@@H](C[C@H]2N1CC3CC3)O,,,,4.700000503883016
COC(=O)[C@@H]1C[C@H]2CC[C@@H](C[C@H]2N1CC3=CC=C(C=C3)Cl)O,,,,4.899998417198648
COC(=O)[C@@H]1C[C@H]2CC[C@@H](C[C@H]2N1CC3=CC=C(C=C3)C(=O)OC)O,,,,4.800000874803203
CC(C)(C)C1=CC=C(C=C1)CN2[C@@H]3C[C@H](CC[C@@H]3C[C@H]2C(=O)OC)O,,,,5.299997602857746
COC(=O)[C@@H]1C[C@H]2CC[C@@H](C[C@H]2N1CC3=CC=C(C=C3)C(F)(F)F)O,,,,4.899998417198648
COC(=O)[C@@H]1C[C@H]2CC[C@@H](C[C@H]2N1CC3=C(C=CC=C3Cl)F)O,,,,4.800000874803203
COC(=O)[C@H]1C[C@H]2CC[C@@H](C[C@H]2N1CC3=C(C=CC=C3Cl)F)O,,,,4.899998417198648
COC(=O)[C@@H]1C[C@H]2CC[C@@H](C[C@H]2N1CC3=CC=CC=C3OC(=O)C4=CC=CS4)O,,,,5.599997654072044
CC1=CC=C(C=C1)S(=O)(=O)OC2=CC=CC=C2CN3[C@@H]4C[C@H](CC[C@@H]4C[C@H]3C(=O)OC)O,,,,5.699991797446187
COC(=O)[C@@H]1C[C@H]2CC[C@@H](C[C@H]2N1CC3=CC=C(C=C3)C4=CC=CC=C4)O,,,,4.899998417198648
COC(=O)[C@@H]1C[C@H]2CC[C@@H](C[C@H]2N1CC3=CC=C(C=C3)N4CCOCC4)O,,,,4.700000503883016
CC1=CC=C(S1)CN2[C@@H]3C[C@H](CC[C@@H]3C[C@H]2C(=O)OC)O,,,,4.800000874803203
CCCN1[C@H]2C[C@@H](CC[C@H]2C[C@H]1C(=O)OC)O,,,,4.800000874803203
COC(=O)[C@@H]1C[C@@H]2CC[C@H](C[C@@H]2N1CC3CCCCC3)O,,,,4.899998417198648
COC1=CC=C(C=C1)CN2[C@H]3C[C@@H](CC[C@H]3C[C@H]2C(=O)OC)O,,,,4.800000874803203
COC(=O)[C@@H]1C[C@@H]2CC[C@H](C[C@@H]2N1CC3=CC=C(C=C3)Cl)O,,,,4.800000874803203
COC(=O)[C@@H]1C[C@@H]2CC[C@H](C[C@@H]2N1CC3=CC=C(C=C3)C(F)(F)F)O,,,,5.0
COC(=O)[C@H]1C[C@@H]2CC[C@H](C[C@@H]2N1CC3=C(C=CC=C3Cl)F)O,,,,4.899998417198648
CC1=CC=C(C=C1)S(=O)(=O)OC2=CC=CC=C2CN3[C@H]4C[C@@H](CC[C@H]4C[C@H]3C(=O)OC)O,,,,5.599997654072044
COC(=O)[C@@H]1C[C@@H]2CC[C@H](C[C@@H]2N1CC3=CC=C(C=C3)C4=CC=CC=C4)O,,,,4.700000503883016
CN1CCN(CC1)C2=CC=C(C=C2)CN3[C@H]4C[C@@H](CC[C@H]4C[C@H]3C(=O)OC)O,,,,5.0
COC(=O)[C@@H]1C[C@@H]2CC[C@H](C[C@@H]2N1CC3=CC=C(C=C3)N4CCOCC4)O,,,,5.399996913372259
CC1=CC=C(S1)CN2[C@H]3C[C@@H](CC[C@H]3C[C@H]2C(=O)OC)O,,,,4.59999938302362
COC(=O)[C@@H]1C[C@@]2([C@H](N1CC3CCCCC3)C[C@@H]([C@@H]([C@@H]2O)O)O)O,,,,4.899998417198648
COC(=O)[C@@H]1C[C@@]2([C@H](N1CC3=C(C=CC(=C3)F)F)C[C@@H]([C@@H]([C@@H]2O)O)O)O,,,,4.59999938302362
COC1=CC(=CC(=C1)CN2[C@@H]3C[C@@H]([C@@H]([C@@H]([C@@]3(C[C@H]2C(=O)OC)O)O)O)O)OC,,,,5.499996931948306
COC(=O)[C@@H]1C[C@@]2([C@H](N1CC(C3=CC=CC=C3)C4=CC=CC=C4)C[C@@H]([C@@H]([C@@H]2O)O)O)O,,,,5.499996931948306
CC(C)(C)C1=CC=C(C=C1)CN2[C@@H]3C[C@@H]([C@@H]([C@@H]([C@@]3(C[C@H]2C(=O)OC)O)O)O)O,,,,4.899998417198648
COC(=O)[C@@H]1C[C@@]2([C@H](N1CC3=CC=C(C=C3)C(=O)OC)C[C@H]([C@H]([C@H]2O)O)O)O,,,,4.899998417198648
COC(=O)[C@@H]1C[C@@]2([C@H](N1CC3=CC=C(C=C3)C(F)(F)F)C[C@H]([C@H]([C@H]2O)O)O)O,,,,4.700000503883016
COC(=O)[C@@H]1C[C@@]2([C@H](N1CC3=CC=C(C=C3)C4=CC=CC=C4)C[C@H]([C@H]([C@H]2O)O)O)O,,,,4.800000874803203
CN1CCN(CC1)C2=CC=C(C=C2)CN3[C@@H]4C[C@H]([C@H]([C@H]([C@@]4(C[C@H]3C(=O)OC)O)O)O)O,,,,4.499999678657065
COC(=O)[C@@H]1C[C@@]2([C@H](N1CC3=CN=CC=C3)C[C@H]([C@H]([C@H]2O)O)O)O,,,,4.499999678657065
COC1=CC(=CC(=C1)CN2[C@@H]3C[C@H]([C@H]([C@H]([C@@]3(C[C@H]2C(=O)OC)O)O)O)O)OC,,,,4.800000874803203
CC1=CC=C(C=C1)S(=O)(=O)OC2=CC=CC=C2CN3[C@@H]4C[C@H]([C@H]([C@H]([C@@]4(C[C@H]3C(=O)OC)O)O)O)O,,,,5.0999990348465305
COC(=O)[C@@H]1C[C@@]2([C@H](N1CC(C3=CC=CC=C3)C4=CC=CC=C4)C[C@H]([C@H]([C@H]2O)O)O)O,,,,4.700000503883016
COC(=O)[C@@H]1C[C@@]2([C@H](N1CC3=C(C=CC=C3Cl)F)C[C@H]([C@H]([C@H]2O)O)O)O,,,,4.59999938302362
CC1=CC2=C(C=C1)OC(=O)C3=C2OC4=C(C(=C(C=C34)O)O)C,,,,4.899998417198648
CC1=CC2=C(C=C1)OC(=O)C3=C2OC4=C(C(=C(C=C34)O)O)OC,,,,4.59999938302362
CC1(CC2=C(C(=O)C1)C3=CC4=C(C=C3O2)OCO4)C,,,,5.399996913372259
CN1C[C@@H]2C(C3(CC2(C3)[C@H]1C4=CC=CC=C4)C5=CC=CC=C5)C6=CC=CC=C6,,,,5.299997602857746
C1CCC(CC1)CN2C[C@@H]3C(C4(CC3(C4)[C@H]2C5=CC=CC=C5)C6=CC=CC=C6)C7=CC=CC=C7,,,,5.299997602857746
C1[C@@H]2C(C3(CC2(C3)[C@H](N1CC4=CC=C(C=C4)C(F)(F)F)C5=CC=CC=C5)C6=CC=CC=C6)C7=CC=CC=C7,,,,4.800000874803203
C1[C@@H]2C(C3(CC2(C3)[C@H](N1CC4=CN=CC=C4)C5=CC=CC=C5)C6=CC=CC=C6)C7=CC=CC=C7,,,,5.799998134593398
C1[C@@H]2C(C3(CC2(C3)[C@H](N1CC4=CC=C(C=C4)C(F)(F)F)C5=CC=CC=C5)C6=CC=CC=C6)C7=CC=C(C=C7)C(F)(F)F,,,,6.50003813440381
C1[C@@H]2C(C3(CC2(C3)[C@H](N1CC4=CC=C(C=C4)C5=CC=CC=C5)C6=CC=CC=C6)C7=CC=CC=C7)C8=CC=C(C=C8)C(F)(F)F,,,,4.59999938302362
C1[C@@H]2C(C3(CC2(C3)[C@H](N1CC4=CN=CC=C4)C5=CC=CC=C5)C6=CC=CC=C6)C7=CC=C(C=C7)C(F)(F)F,,,,5.499996931948306
CN1C[C@@H]2C(C3(CC2(C3)[C@H]1C4=CC=CC=C4)C5=CC=CC=C5)C6=CN=C(C=C6)Cl,,,,4.899998417198648
C1CCC(CC1)CN2C[C@@H]3C(C4(CC3(C4)[C@H]2C5=CC=CC=C5)C6=CC=CC=C6)C7=CN=C(C=C7)Cl,,,,4.800000874803203
C1[C@@H]2C(C3(CC2(C3)[C@H](N1CC4=CC=C(C=C4)C(F)(F)F)C5=CC=CC=C5)C6=CC=CC=C6)C7=CN=C(C=C7)Cl,,,,4.700000503883016
C1[C@@H]2C(C3(CC2(C3)[C@H](N1CC4=CC=C(C=C4)C5=CC=CC=C5)C6=CC=CC=C6)C7=CC=CC=C7)C8=CN=C(C=C8)Cl,,,,4.800000874803203
C1[C@@H]2C(C3(CC2(C3)[C@H](N1CC4=CN=CC=C4)C5=CC=CC=C5)C6=CC=CC=C6)C7=CN=C(C=C7)Cl,,,,5.699991797446187
CN1C[C@@H]2C(C3(CC2(C3)[C@H]1C4=CC=CC=C4)C5=CC=C(C=C5)C(=O)OC)C6=CC=CC=C6,,,,4.899998417198648
COC(=O)C1=CC=C(C=C1)C23CC4(C2)[C@@H](C3C5=CC=CC=C5)CN([C@@H]4C6=CC=CC=C6)CC7CCCCC7,,,,4.59999938302362
COC(=O)C1=CC=C(C=C1)C23CC4(C2)[C@@H](C3C5=CC=CC=C5)CN([C@@H]4C6=CC=CC=C6)CC7=CC=C(C=C7)C(F)(F)F,,,,4.59999938302362
COC(=O)C1=CC=C(C=C1)C23CC4(C2)[C@@H](C3C5=CC=CC=C5)CN([C@@H]4C6=CC=CC=C6)CC7=CN=CC=C7,,,,5.399996913372259
CN1C[C@@H]2C(C3(CC2(C3)[C@H]1C4=CC=CC=C4)C5=CC=C(C=C5)C(=O)OC)C6=CC=C(C=C6)C(F)(F)F,,,,4.800000874803203
COC(=O)C1=CC=C(C=C1)C23CC4(C2)[C@@H](C3C5=CC=C(C=C5)C(F)(F)F)CN([C@@H]4C6=CC=CC=C6)CC7CCCCC7,,,,4.800000874803203
COC(=O)C1=CC=C(C=C1)C23CC4(C2)[C@@H](C3C5=CC=C(C=C5)C(F)(F)F)CN([C@@H]4C6=CC=CC=C6)CC7=CN=CC=C7,,,,5.299997602857746
CN1C[C@@H]2C(C3(CC2(C3)[C@H]1C4=CC=CC=C4)C5=CC=C(C=C5)C(=O)OC)C6=CN=C(C=C6)Cl,,,,4.700000503883016
COC(=O)C1=CC=C(C=C1)C23CC4(C2)[C@@H](C3C5=CN=C(C=C5)Cl)CN([C@@H]4C6=CC=CC=C6)CC7CCCCC7,,,,4.59999938302362
COC(=O)C1=CC=C(C=C1)C23CC4(C2)[C@@H](C3C5=CN=C(C=C5)Cl)CN([C@@H]4C6=CC=CC=C6)CC7=CN=CC=C7,,,,5.399996913372259
CN1C[C@@H]2C(C3(CC2(C3)[C@H]1C4=CC=CC=C4)C5=CN=CC=C5)C6=CC=CC=C6,,,,5.599997654072044
C1CCC(CC1)CN2C[C@@H]3C(C4(CC3(C4)[C@H]2C5=CC=CC=C5)C6=CN=CC=C6)C7=CC=CC=C7,,,,4.899998417198648
C1[C@@H]2C(C3(CC2(C3)[C@H](N1CC4=CC=C(C=C4)C(F)(F)F)C5=CC=CC=C5)C6=CN=CC=C6)C7=CC=CC=C7,,,,4.800000874803203
C1[C@@H]2C(C3(CC2(C3)[C@H](N1CC4=CC=C(C=C4)C5=CC=CC=C5)C6=CC=CC=C6)C7=CN=CC=C7)C8=CC=CC=C8,,,,4.800000874803203
C1[C@@H]2C(C3(CC2(C3)[C@H](N1CC4=CN=CC=C4)C5=CC=CC=C5)C6=CN=CC=C6)C7=CC=CC=C7,,,,5.799998134593398
CN1C[C@@H]2C(C3(CC2(C3)[C@H]1C4=CC=CC=C4)C5=CC=C(C=C5)C#N)C6=CC=CC=C6,,,,4.59999938302362
C1CCC(CC1)CN2C[C@@H]3C(C4(CC3(C4)[C@H]2C5=CC=CC=C5)C6=CC=C(C=C6)C#N)C7=CC=CC=C7,,,,4.800000874803203
C1[C@@H]2C(C3(CC2(C3)[C@H](N1CC4=CC=C(C=C4)C(F)(F)F)C5=CC=CC=C5)C6=CC=C(C=C6)C#N)C7=CC=CC=C7,,,,4.59999938302362
C1[C@@H]2C(C3(CC2(C3)[C@H](N1CC4=CC=C(C=C4)C5=CC=CC=C5)C6=CC=CC=C6)C7=CC=C(C=C7)C#N)C8=CC=CC=C8,,,,4.800000874803203
C1[C@@H]2C(C3(CC2(C3)[C@H](N1CC4=CN=CC=C4)C5=CC=CC=C5)C6=CC=C(C=C6)C#N)C7=CC=CC=C7,,,,5.399996913372259
CN1C[C@@H]2C(C3(CC2(C3)[C@H]1C4=CC=CC=C4)C5=CC=C(C=C5)C#N)C6=CC=C(C=C6)C(F)(F)F,,,,4.700000503883016
C1CCC(CC1)CN2C[C@@H]3C(C4(CC3(C4)[C@H]2C5=CC=CC=C5)C6=CC=C(C=C6)C#N)C7=CC=C(C=C7)C(F)(F)F,,,,4.800000874803203
C1[C@@H]2C(C3(CC2(C3)[C@H](N1CC4=CN=CC=C4)C5=CC=CC=C5)C6=CC=C(C=C6)C#N)C7=CC=C(C=C7)C(F)(F)F,,,,5.199998172182031
CN1C[C@@H]2C(C3(CC2(C3)[C@H]1C4=CC=CC=C4)C5=CC=C(C=C5)C#N)C6=CN=C(C=C6)Cl,,,,4.800000874803203
C1CCC(CC1)CN2C[C@@H]3C(C4(CC3(C4)[C@H]2C5=CC=CC=C5)C6=CC=C(C=C6)C#N)C7=CN=C(C=C7)Cl,,,,4.800000874803203
CN1C[C@@H]2C(C3(CC2(C3)[C@H]1C4=CC=CC=C4)C5=CN=CC=C5)C6=CC=C(C=C6)C(F)(F)F,,,,5.0999990348465305
C1CCC(CC1)CN2C[C@@H]3C(C4(CC3(C4)[C@H]2C5=CC=CC=C5)C6=CN=CC=C6)C7=CC=C(C=C7)C(F)(F)F,,,,4.800000874803203
C1[C@@H]2C(C3(CC2(C3)[C@H](N1CC4=CC=C(C=C4)C(F)(F)F)C5=CC=CC=C5)C6=CN=CC=C6)C7=CC=C(C=C7)C(F)(F)F,,,,4.499999678657065
C1[C@@H]2C(C3(CC2(C3)[C@H](N1CC4=CC=C(C=C4)C5=CC=CC=C5)C6=CC=CC=C6)C7=CN=CC=C7)C8=CC=C(C=C8)C(F)(F)F,,,,4.800000874803203
C1[C@@H]2C(C3(CC2(C3)[C@H](N1CC4=CN=CC=C4)C5=CC=CC=C5)C6=CN=CC=C6)C7=CC=C(C=C7)C(F)(F)F,,,,5.699991797446187
CN1C[C@@H]2C(C3(CC2(C3)[C@H]1C4=CC=CC=C4)C5=CN=CC=C5)C6=CN=C(C=C6)Cl,,,,5.0999990348465305
C1CCC(CC1)CN2C[C@@H]3C(C4(CC3(C4)[C@H]2C5=CC=CC=C5)C6=CN=CC=C6)C7=CN=C(C=C7)Cl,,,,5.399996913372259
C1[C@@H]2C(C3(CC2(C3)[C@H](N1CC4=CC=C(C=C4)C(F)(F)F)C5=CC=CC=C5)C6=CN=CC=C6)C7=CN=C(C=C7)Cl,,,,4.800000874803203
C1[C@@H]2C(C3(CC2(C3)[C@H](N1CC4=CC=C(C=C4)C5=CC=CC=C5)C6=CC=CC=C6)C7=CN=CC=C7)C8=CN=C(C=C8)Cl,,,,4.800000874803203
C1[C@@H]2C(C3(CC2(C3)[C@H](N1CC4=CN=CC=C4)C5=CC=CC=C5)C6=CN=CC=C6)C7=CN=C(C=C7)Cl,,,,5.599997654072044
CN1C[C@@H]2C(C3(CC2(C3)[C@H]1C4=CC=CC=C4)C5=CC=CC(=C5)C(=O)OC)C6=CC=CC=C6,,,,5.0999990348465305
COC(=O)C1=CC(=CC=C1)C23CC4(C2)[C@@H](C3C5=CC=CC=C5)CN([C@@H]4C6=CC=CC=C6)CC7CCCCC7,,,,4.800000874803203
COC(=O)C1=CC(=CC=C1)C23CC4(C2)[C@@H](C3C5=CC=CC=C5)CN([C@@H]4C6=CC=CC=C6)CC7=CC=C(C=C7)C(F)(F)F,,,,4.899998417198648
COC(=O)C1=CC(=CC=C1)C23CC4(C2)[C@@H](C3C5=CC=CC=C5)CN([C@@H]4C6=CC=CC=C6)CC7=CC=C(C=C7)C8=CC=CC=C8,,,,4.800000874803203
COC(=O)C1=CC(=CC=C1)C23CC4(C2)[C@@H](C3C5=CC=CC=C5)CN([C@@H]4C6=CC=CC=C6)CC7=CN=CC=C7,,,,5.799998134593398
CN1C[C@@H]2C(C3(CC2(C3)[C@H]1C4=CC=CC=C4)C5=CC=CC(=C5)C(=O)OC)C6=CC=C(C=C6)C(F)(F)F,,,,4.899998417198648
COC(=O)C1=CC(=CC=C1)C23CC4(C2)[C@@H](C3C5=CC=C(C=C5)C(F)(F)F)CN([C@@H]4C6=CC=CC=C6)CC7CCCCC7,,,,4.800000874803203
COC(=O)C1=CC(=CC=C1)C23CC4(C2)[C@@H](C3C5=CC=C(C=C5)C(F)(F)F)CN([C@@H]4C6=CC=CC=C6)CC7=CC=C(C=C7)C(F)(F)F,,,,4.899998417198648
COC(=O)C1=CC(=CC=C1)C23CC4(C2)[C@@H](C3C5=CC=C(C=C5)C(F)(F)F)CN([C@@H]4C6=CC=CC=C6)CC7=CC=C(C=C7)C8=CC=CC=C8,,,,4.700000503883016
COC(=O)C1=CC(=CC=C1)C23CC4(C2)[C@@H](C3C5=CC=C(C=C5)C(F)(F)F)CN([C@@H]4C6=CC=CC=C6)CC7=CN=CC=C7,,,,5.599997654072044
CN1C[C@@H]2C(C3(CC2(C3)[C@H]1C4=CC=CC=C4)C5=CC=CC(=C5)C(=O)OC)C6=CN=C(C=C6)Cl,,,,5.299997602857746
COC(=O)C1=CC(=CC=C1)C23CC4(C2)[C@@H](C3C5=CN=C(C=C5)Cl)CN([C@@H]4C6=CC=CC=C6)CC7CCCCC7,,,,4.800000874803203
COC(=O)C1=CC(=CC=C1)C23CC4(C2)[C@@H](C3C5=CN=C(C=C5)Cl)CN([C@@H]4C6=CC=CC=C6)CC7=CC=C(C=C7)C(F)(F)F,,,,5.399996913372259
COC(=O)C1=CC(=CC=C1)C23CC4(C2)[C@@H](C3C5=CN=C(C=C5)Cl)CN([C@@H]4C6=CC=CC=C6)CC7=CN=CC=C7,,,,5.699991797446187
C1[C@@H]2C(C3(CC2(C3)[C@H](N1P(=O)(C4=CC=CC=C4)C5=CC=CC=C5)C6=CC=CC=C6)C7=CC=C(C=C7)C#N)C8=CN=C(C=C8)Cl,,,,5.699991797446187
COC(=O)C1=CC=CC(=C1)C#CC(C2=CC=CC=C2)NP(=O)(C3=CC=CC=C3)C4=CC=CC=C4,,,,4.899998417198648
CCOC(=O)NC[C@H](CC1=CC=C(C=C1)OCCC2=C(OC(=N2)C3=CC=CC=C3)C)N/C(=C\C(=O)C4=CC=C(C=C4)C(F)(F)F)/C,,,,6.100015437450609
COC1=C(C(=CC=C1)OC)OCCNCC2COC3=CC=CC=C3O2.Cl,,,,5.499996931948306
CC1=C(C(=NO1)C2=CC=CC=C2)C3=CC=C(C=C3)S(=O)(=O)N,,,,4.800000874803203
C1CC2=C3CC[C@@]4([C@]2(C1)[C@@H]([C@H]([C@]35[C@]4(C5)C(=O)O)C(=O)O)C(=O)O)C(=O)O,5.600326278518962,,5.499996931948306,
C1C[C@@H]2C[C@@H]1[C@@H]3[C@H]2C(=O)N(C3=O)[C@@H](CCC(=O)O)C(=O)O,5.100179497572904,,,
C[C@]12C[C@H]([C@@H]([C@@]1(CC(=O)[C@@]3([C@H]2CC=C4[C@H]3C=C(C(=O)C4(C)C)O)C)C)[C@](C)(C(=O)/C=C\C(C)(C)O)O)O,,,,6.400007822415902
CCC[C@@H]1O[C@@H]2C[C@@H]3[C@@H]4CCC5=CC(=O)C=C[C@]5([C@H]4[C@@H](C[C@]3([C@]2(O1)C(=O)CO)C)O)C,,4.59999938302362,,
CCC[C@@H]1O[C@@H]2C[C@@H]3[C@H]4CCC5=CC(=O)C=C[C@]5([C@H]4[C@@H](C[C@]3([C@]2(O1)C(=O)CO)C)O)C,,,,5.299997602857746
CCC(=O)OCC(=O)[C@]1(CC[C@H]2[C@]1(C[C@H]([C@H]3[C@H]2CCC4=CC(=O)C=C[C@@]34C)O)C)OC(=O)OCC,,4.899998417198648,4.899998417198648,4.899998417198648
CCC(=O)OCC(=O)[C@]1([C@@H](C[C@H]2[C@@]1(C[C@@H]([C@H]3[C@@H]2[C@H](CC4=CC(=O)C=C[C@@]34C)Cl)O)C)C)OC(=O)CC,,4.899998417198648,,5.199998172182031
CCN1C[C@@]2(CC[C@@H]([C@]34[C@@H]2[C@@H]([C@]5([C@@H]31)[C@]6(C[C@H]([C@@H]7C[C@]4([C@H]6[C@@H]7OC)O)OC)OCO5)OC(=O)C)OC)C,,,,4.800000874803203
CC(=O)[C@@H]1[C@@H]2[C@H]3CO[C@@H](O3)C(=O)[C@H]2[C@H]4N1C5=CC=CC=C5C=C4,4.500312917381596,4.499999678657065,4.40000018605658,
CC1=CC=C(C=C1)C(=O)[C@@H]2[C@H]3[C@H]4CO[C@H](O4)C(=O)[C@H]3[C@H]5N2C6=CC=CC=C6C=C5,4.801342913045577,5.0,4.700000503883016,
COC1=CC(=C(C=C1)C(=O)[C@H]2[C@@H]3[C@H]4CO[C@H](O4)C(=O)[C@H]3[C@@H]5N2C6=CC=CC=C6C=C5)OC,4.400116927926312,4.499999678657065,,
CCN1C[C@]2([C@@H](C[C@@H]([C@@]34[C@@H]2[C@@H]([C@H]([C@@H]31)[C@@]5([C@H]6[C@H]4C[C@@]([C@@H]6OC(=O)C7=CC=CC=C7)([C@H]([C@H]5O)OC)O)OC(=O)C)OC)OC)O)COC,5.400116927926312,,,
CCN1C[C@@]2(CC[C@@H]([C@@]34[C@H]2[C@@H]([C@@]([C@H]31)([C@]5(C[C@@H]([C@H]6C[C@@H]4[C@H]5[C@H]6OC)OC)O)O)OC)OC)COC(=O)C7=CC=CC=C7N8C(=O)C[C@@H](C8=O)C,4.400116927926312,4.59999938302362,,
C1=CC=C2C(=C1)C=CC=C2[N+]3=C4C=C(C5=CC=CC=C5C4=NC6=C3C=CC7=CC=CC=C76)N.C1=CC=C2C(=C1)C=CC=C2[N+]3=C4C=C(C5=CC=CC=C5C4=NC6=C3C=C(C7=CC=CC=C76)N)N,5.8996294548824375,5.599997654072044,5.799998134593398,
COC1=CC2=C(C=C1)NC=C2CC(C(=O)O)N,,,,4.499999678657065
CC1=C(C2=CC3=NC(=CC4=C(C(=C(N4)C=C5[C@@]6([C@@H](C(=CC=C6C(=N5)C=C1N2)C(=O)OC)C(=O)OC)C)C)CCC(=O)OC)C(=C3C)CCC(=O)O)C=C.CC1=C(C2=CC3=NC(=CC4=C(C(=C(N4)C=C5[C@@]6([C@@H](C(=CC=C6C(=N5)C=C1N2)C(=O)OC)C(=O)OC)C)C)CCC(=O)O)C(=C3C)CCC(=O)OC)C=C,5.400116927926312,5.900008766455316,5.199998172182031,5.0
C1=CC(=C(C=C1N)O)C(=O)O.C1=CC(=C(C=C1N)O)C(=O)O,,,,5.0999990348465305
C[C@H]1CC[C@H]2C(=O)N3[C@@H](CC[C@@H]([C@H]3C4=CC=C(C=C4)Br)C)C(=O)N2[C@@H]1C5=CC=C(C=C5)Br,,5.199998172182031,,5.399996913372259
CN1CCC2=CC3=C(C=C2[C@@H]1[C@H]4C5=C(C6=C(C=C5)OCO6)C(=O)O4)OCO3,4.95076120530924,4.40000018605658,4.899998417198648,6.100015437450609
C1=CC(=C(C=C1[N+](=O)[O-])N)C(=O)O,,,,5.0
C[C@H]1C[C@@H](C(=O)[C@H](C1)[C@@H](CC2CC(=O)NC(=O)C2)O)C,4.400116927926312,,,
C1=CC=C(C=C1)C#CC2=CC=CC=C2N,6.300162274132754,5.0999990348465305,,4.800000874803203
CCOC1=CC=CC(=C1)N,,,,4.499999678657065
C1C(CC1(C(=O)O)N)C(=O)O,4.400116927926312,,,
CCCCN1CCC(CC1)COC(=O)C2=CC(=C(C3=C2OCCO3)N)Cl,4.899629454882437,4.40000018605658,5.900008766455316,5.499996931948306
C1CN(CCN1CCC2=CC=C(C=C2)N)C3=CC=CC(=C3)C(F)(F)F,5.0,,4.899998417198648,5.0999990348465305
CCC1=CC(=C(C=C1OCCCCCC(C)(C)C2=NNN=N2)O)C(=O)C,,,,5.0
CC1=C(SC(=C1C(=O)C2=CC(=CC=C2)C(F)(F)F)N)C,4.801342913045577,,,4.899998417198648
CC1=C(N(C2=C1C=C(C=C2)F)CC3=CC=C(C=C3)Cl)CC(C)(C)C(=O)O,4.850486183964007,6.299988937677887,,4.59999938302362
CC1=CC(=CC=C1)NC(=O)N[C@H]2C(=O)N(C3=CC=CC=C3C(=N2)C4=CC=CC=C4)CC(=O)C5=CC=CC=C5C,,,,5.199998172182031
CC(=O)NCCC1=C(NC2=CC=CC=C21)CC3=CC=CC=C3,4.899629454882437,4.800000874803203,,5.0999990348465305
CCCN(CCC)[C@H]1CCC2=C(C=CC(=C2C1)O)F,4.749977866700699,,5.9999843876746315,
CC1=C(ON=C1C)NS(=O)(=O)C2=CC=CC3=C2C=CC=C3N(C)C,,6.199970640755866,,4.700000503883016
C1[C@H](O[C@H](C2=C1C(=C(C=C2)O)O)CN)C3=CC=CC=C3,4.801342913045577,5.199998172182031,4.499999678657065,4.499999678657065
CCCCCCCCCCC(C)(C)C(=O)NC1=C(C=C(C=C1OC)OC)OC,,,,5.0999990348465305
CCCN[C@@H]1CCC2=C([C@@H]1C)C=CC=C2OC,4.500312917381596,,6.599980364934842,
C1=C(C=C(C=C1Cl)Cl)N,,,,4.499999678657065
CCN(CC)C(C)CN1C2=CC=CC=C2SC3=CC=CC=C31.Cl,,,,4.59999938302362
CC1=CSC(=N1)C2=NC3=CC=CC=C3N2C,,,,4.499999678657065
CN1C2=CC=CC=C2N=C1C3=NC(=CS3)C4=CC=CC=C4,,,,5.0
CC(C)(C)NC[C@@H](C1=CC(=C(C=C1)O)CO)O,4.650827915213586,,5.900008766455316,
C1CCC(CC1)(C2=CC3=CC=CC=C3S2)N4CCCCC4,,,5.199997674573478,4.700000128913412
CCN(CC)C(=O)C1=CC=C(C=C1)[C@H](C2=CC(=CC=C2)OC)N3C[C@H](N(C[C@@H]3C)CC=C)C,4.600326278518962,,5.799998134593398,5.299997602857746
CN1CCC2=C(CC1)C(=CC=C2)Cl,,,4.499999678657065,
C1CNCC=C1C2=CNC3=C2NC(=O)C=C3,,5.0999990348465305,5.599997654072044,
CC(=CCC1=C2C(=C(C=C1O)O)C(=O)C[C@H](O2)C3=CC=CC=C3)C,6.5003129173815966,5.499996931948306,4.499999678657065,4.899998417198648
C1=CC=C(C=C1)CCCCCCNS(=O)(=O)C2=CC=CC3=C2C=CC=C3Cl,4.801342913045577,5.299997602857746,,5.599997654072044
CC1=CC=C(C=C1)S(=O)(=O)O.C1=CC=C2C(=C1)C(=O)C(=[N+]2[O-])C3=CC=CC=N3,6.801342913045577,4.499999678657065,4.700000503883016,4.700000503883016
C1[C@@H](N[C@H]1C(=O)O)C(=O)O,,,4.499999678657065,
COC1=C(C2=C[N+]3=C(C=C2C=C1)C4=CC5=C(C=C4CC3)OCO5)OC.[Cl-],,,,4.849999646000926
CC1=CC=CC=C1N.Cl,,,,4.59999938302362
C1=CC2=C(C=CC=C2Cl)C(=C1)S(=O)(=O)NCCCCCCN.Cl,,,,5.599997654072044
C1CC2=CC=CC=C2C3(C1)CCN(CC3)CC4=CC=CC=C4,4.500312917381596,,6.599980364934842,4.59999938302362
CN(C)CCCOC1=NN(C2=CC=CC=C21)CC3=CC=CC=C3,5.300162274132754,,5.0999990348465305,
CC[C@]12CCC3C(C1CC[C@@]2(C#C)O)CCC4=CC(=O)CCC34,,,,4.59999938302362
CN[C@@H]1C[C@H](C2=CC=CC=C12)C3=CC(=C(C=C3)Cl)Cl,5.400116927926312,,6.899974269892137,5.0
C[C@@]12CC3C[C@@](C1)(CC(C3)(C2)N)C,4.400116927926312,4.700000503883016,6.50003813440381,
CN(CCC1=CC(=C(C=C1)Cl)Cl)CCN2CCCC2,4.500312917381596,,6.100015437450609,
C1CCC(CC1)(C2=CC=CC=C2)C(=O)OCCN3CCOCC3,4.500312917381596,4.9000004374016015,5.04999829469034,5.649997533270852
C1=C(C(=O)NC(=O)N1C[C@@H](C(=O)O)N)F,4.500312917381596,,,
CC1=C(SC(=N1)N)CCN,4.500312917381596,,,
COC1=CC=C(C=C1)C(=O)CC(=O)C2=C(C=C(C=C2OC)OC)O,,,5.900008766455316,5.399996913372259
CN1C=CC2=C1C=CC(=C2)NC(=O)NC3=CN=CC=C3,7.899629454882437,,4.899998417198648,5.0
CN1[C@H](CCC[C@@H]1CC(=O)C2=CC=CC=C2)C[C@H](C3=CC=CC=C3)O,4.500312917381596,,7.100179497572904,
CN1CCC2=CC3=C(C=C2[C@@H]1[C@H]4C5=C(C6=C(C=C5)OCO6)OC4=O)OCO3,4.600326278518962,4.899998417198648,4.40000018605658,5.900008766455316
CC[C@H](CO)NC(=O)[C@@H]1CN([C@@H]2CC3=CNC4=CC=CC(=C34)C2=C1)C,,,5.900008766455316,
CC(=O)OC1=C(C=CC(=C1)C2=C(C(=O)C3=C(C(=C(C=C3O2)OC)OC(=O)C)OC)OC)OC,4.899629454882437,4.499999678657065,,5.299997602857746
COC1=C(C=C2C(=C1)C3=C(CO2)OC4=C(C3=O)C=CC5=C4C[C@@H](O5)C(=C)CO)OC,,7.899629454882437,,
CC(CCC(=O)OC)C1CCC2C1([C@H](CC3C2[C@@H](CC4C3(CC[C@H](C4)O)C)O)O)C,,,,4.499999678657065
CC(C)(C)OC(=O)C1=C2CN(C(=O)C3=C(N2C=N1)C=CS3)C,4.801342913045577,5.299997602857746,,
CN1CC2=C(C=CC3=C2OCO3)[C@H]4[C@@H]1C5=CC6=C(C=C5C[C@@H]4O)OCO6,6.100179497572904,,7.100179497572904,
C1=CC=C(C=C1)C2=C(OC(=N2)C3=C(OC=N3)C4=CC(=CC=C4)OCC(=O)O)C5=CC=CC=C5,4.801342913045577,,5.0999990348465305,4.59999938302362
C1CCN(CC1)CCNC(=O)C2=CC=C(C=C2)I,4.600326278518962,4.499999678657065,5.0,
C1CN(CCN1CC2=CC3=C(C=C2)OCO3)C4=NC5=CC=CC=C5S4,6.0,5.0999990348465305,4.40000018605658,6.199970640755866
CN([C@H](CN1CCCC1)C2=CC(=CC=C2)N=C=S)C(=O)CC3=CC(=C(C=C3)Cl)Cl,,,,5.900008766455316
C1CN=C(N1)N2CC3=C(C2)C(=CC=C3)Cl,6.400116927926312,,,
CN(C)CCCC1=C(C=CC(=C1)C(=O)NC2=CC=C(C=C2)C3=CC=NC=C3)O,4.400116927926312,,5.299997602857746,5.900008766455316
C1=CC=C2C(=C1)C=CC(=N2)COC3=CC=CC(=C3)NC4=CC=CC=C4C(=O)O,5.449814727441218,4.799999356751798,5.0999990348465305,5.799998134593398
CCCCOC(=O)C1=NC=C2C(=C1)C3=CC=CC=C3N2,6.801342913045577,5.0999990348465305,,4.59999938302362
C1C(C(OC2=CC(=CC(=C21)O)O)C3=CC(=C(C(=C3)O)O)O)OC(=O)C4=CC(=C(C(=C4)O)O)O,,,,4.700000503883016
CCCN1C2=C(C(=O)N(C1=O)CCC)NC(=N2)C3=CC=CC=C3,7.100179497572904,5.799998134593398,,5.599997654072044
CCN(CC)CCN1C2=C(C=C(C=C2)N=C=S)N=C1CC3=CC=C(C=C3)OCC,4.801342913045577,,5.900008766455316,5.900008766455316
C1[C@@H](C2=CC=CC=C2CN1)C3=CC=CC=C3,,,5.299997602857746,4.800000874803203
CCCC1=NC(=C(N1CC2=CC=C(C=C2)C3=CC=CC=C3C4=NNN=N4)C(=O)OCC5=C(OC(=O)O5)C)C(C)(C)O,,,,4.59999938302362
CN1CCC2=CC3=C(C=C2C1C4C5=C(C(=C(C=C5)OC)OC)C(=O)O4)OCO3,,,,5.8000002819507515
CC(C)CC(C)NC1=CC=C(C=C1)NC2=CC=CC=C2,,,,4.59999938302362
C1CN(CCC1OC(=O)C(C2=CC=CC=C2)C3=CC=CC=C3)CCCl,4.899629454882437,,4.499999678657065,5.0
C[N+]1(CCN(CC1)C2=CC=CC=C2)C,,,,5.0
C1CN(CCC1N)C2=NC(=CC=C2)Cl,4.750156458690798,,4.850000251941508,
C1=CC2=C(C3=C(C=CC=N3)C=C2)N=C1,5.549543466131166,,4.800000874803203,5.299997602857746
COC1=CC2=C(C=CC=C2N3CCN(CC3)CCNC(=O)C4=CC=C(C=C4)F)C=C1,4.600326278518962,,,5.0999990348465305
CC1=C(C=CC=C1N)N,,,,4.800000874803203
CS(=O)(=O)NC1=CC=C(C=C1)CC2=NOC(=N2)C3=CC4=C(C=C3)NC=C4CCN,7.5003129173815966,4.499999678657065,6.899974269892137,4.800000874803203
CCOC(=O)C(CCC1=CC=CC=C1)NC2CCC3=CC=CC=C3N(C2=O)CC(=O)O.Cl,,,,4.899998417198648
COC1=C(C=C(C=C1)Cl)N=NC2=NC=CN2,6.199970640755866,,5.599997654072044,5.0
CCCCCCN(CCCCCC)C(=O)CC1=C(NC2=CC=CC=C21)C3=CC=C(C=C3)F,4.95076120530924,5.299997602857746,,5.599997654072044
C1CN(CCN1C2CC3=CC=CC=C3C2)C4=C5C(=CC=C4)OCCO5,,,,4.59999938302362
CCN1C2=C(C(=O)N(C1=O)CC)NC(=N2)C3=CC=CC=C3,6.0,,,5.399996913372259
CC(=O)N[C@@H](CC1=CNC2=CC=CC=C21)C(=O)OCC3=CC(=CC(=C3)C(F)(F)F)C(F)(F)F,4.500312917381596,4.899998417198648,4.40000018605658,5.0999990348465305
C1C[C@@H]([C@@H](NC1)C2=CC=CC=C2)OCC3=CC(=CC(=C3)C(F)(F)F)C(F)(F)F,4.500312917381596,7.801342913045577,7.300162274132754,5.399996913372259
CN=C(N)NCCC[C@@H](C(=O)O)N,4.500312917381596,,,
CCCN1C2=C(C(=O)N(C1=O)CCC)NC(=N2)C3CCCC3,6.2499778667007,,,
C1CN(CCC1NC(=O)C2=CC=C(C=C2)I)CC3=CC=CC=C3,4.400116927926312,4.40000018605658,4.899998417198648,5.0999990348465305
CC1=C(ON=C1C2CCN(CC2)CCC3=CC=CC=C3)C4=CC=C(C=C4)Cl,4.600326278518962,,5.799998134593398,4.800000874803203
CCCN1C(=O)C2=C(N=C(N2)C3CCCC3)N(C1=O)CCCOC(=O)C4=CC=C(C=C4)S(=O)(=O)F,,5.499996931948306,,5.499996931948306
COC1=CC(=C(C=C1C(=O)CCC2CCN(CC2)CCNS(=O)(=O)C)Cl)N,,6.599980364934842,4.899998417198648,4.800000874803203
C1=CC(=CC(=C1)CCSC(=N)N)CCSC(=N)N,,,4.800000874803203,
CN1CCC2=CC(=C(C3=C2[C@@H]1CC4=CC(=C(C=C43)O)OC)O)OC,5.5003129173815966,4.499999678657065,5.599997654072044,4.700000503883016
CN1CCC2=CC(=C(C3=C2[C@@H]1CC4=CC(=C(C=C43)OC)O)O)OC,5.0,4.59999938302362,5.199998172182031,4.700000503883016
C1CN(CCC1(C2=CC=C(C=C2)Cl)O)CC3=CNC4=CC=CC=C43,4.650827915213586,4.40000018605658,5.700018275801229,5.599997654072044
C1=CC(=CC=C1CCSC(=N)N)CCSC(=N)N,,,4.499999678657065,5.699991797446187
C[N+]1=C2C(=C3C=CC4=C(C3=C1)OCO4)C=CC5=CC6=C(C=C52)OCO6.OS(=O)(=O)[O-],,,,4.899998417198648
C1=CC=C2C(=C1)C(=NN2)N,,,,5.399996913372259
C1=CC2=C(C=CNC2=O)C(=C1)O,4.801342913045577,4.59999938302362,,4.59999938302362
CNC1CCC(C2=CC=CC=C12)C3=CC(=C(C=C3)Cl)Cl.Cl,,,,4.499999678657065
C1CN(CCN1CCCOC2=CC3=C(C=C2)OCO3)C4=CC=CC=C4,4.899629454882437,4.899998417198648,6.899974269892137,5.499996931948306
C1CN(CCN1)C2=CC=CC3=CC=CC=C32,5.0,,4.800000874803203,
CC(=O)OCCNC(=O)C1=CN=CC=C1,4.500312917381596,,,4.700000503883016
CC(C)CC(C1(CCC1)C2=CC=C(C=C2)Cl)N.Cl,,,,5.799998134593398
C1=CN(N=C1NC(=NCC(F)(F)F)N)CCCCC(=O)N,4.400116927926312,,5.299997602857746,
C1=CC=C(C=C1)C2=NN=C(C3=CC=CC=C32)NC4=CC(=CC=C4)Cl,5.8996294548824375,5.399996913372259,5.699991797446187,5.0999990348465305
C(C[C@H](C(=O)O)N)CP(=O)(O)O,4.550319597950279,,,
CN([C@@H]1CCCC[C@H]1N2CCCC2)C(=O)CC3=CC(=C(C=C3)Cl)Cl.CS(=O)(=O)O,,,5.599997654072044,4.899998417198648
CC1=NC2=C(C=CC=C2O)C(=O)N1,4.801342913045577,5.399996913372259,4.899998417198648,
C[C@@H](C(=O)C1=NC2=C(NC1)N=C(NC2=O)N)O,,,,6.50003813440381
CN1CCN(CC1)C2=NC3=C(C=CC(=C3)Cl)NC4=CC=CC=C42,4.801342913045577,4.40000018605658,4.949999954824866,4.650000276730134
C1=NC2=C(N1COC(CO)CO)N=C(NC2=O)N,,,,4.59999938302362
C[C@H]1/C=C/C=C(\C(=O)N=C2C(=C3C(=C4C2=NC5(N4)CCN(CC5)CC(C)C)C6=C(C(=C3O)C)O[C@@](C6=O)(O/C=C/[C@@H]([C@H]([C@H]([C@@H]([C@@H]([C@@H]([C@H]1O)C)O)C)OC(=O)C)C)OC)C)O)/C,,,,4.800000874803203
CCCC1=NN(C2=C1N=C(NC2=O)C3=C(C=CC(=C3)S(=O)(=O)N4CCN(CC4)C)OCC)C,,,,5.299997602857746
CCCOC1=CC=CC=C1C2=NC3=NNN=C3C(=O)N2,5.400116927926312,,,
C1=CC(=CC(=C1)Cl)N=C(N)N=C(N)N,,4.40000018605658,4.4999997845401,4.899995962890191
CN1C2=CC=CC=C2C(=NCCCN(C)C)C3=C1NC(=O)N(C3=O)C,5.300162274132754,,,
C1=CC=C2C(=C1)C(=C(C2=O)C(=NCCO)C#N)O,5.5003129173815966,,,
CN(C)C=O.C1=CC=C(C=C1)C2=CC(=O)NC(=N2)C(=O)NC3=NNN=N3,5.400116927926312,,,
CC1=CC2=C(N=C1C)N=C(NC2=O)N,5.199970640755866,,,
C1=CC=C(C(=C1)CSC2=NNC(=S)C3=C2NC=N3)Cl,5.100179497572904,,,6.199970640755866
CN(C)CC1=CNC2=C1C(=O)NC=N2,5.100179497572904,,5.599997654072044,
C1COCCN1CCCN2CC3=C(NC2)N=C(NC3=O)N,5.400116927926312,,,
C1=CC=C(C=C1)N=NC2=C(N=C(NC2=O)N)C(=O)O,5.8996294548824375,,,
CC1=NCCC2=C1NC3=C2C=CC(=C3)O.O.O.Cl,4.899629454882437,,5.0999990348465305,
C1=CC2=CC(=C(C(=C2C(=O)C(=C1)O)O)O)O,,,,4.499999678657065
C1C2=CC(=C(C=C2C3=C4C=CC(=O)C(=C4OCC31O)O)O)O,,,,4.549999530840342
C/C(=N\NC(=O)C1=CC=NC=C1)/C2=C(C3=CC=CC=C3C=C2)O,5.400116927926312,7.0,,5.399996913372259
C1=C(N=C(NC1=O)N)N,,,,5.900008766455316
CC1=CC(=O)NC(=N1)/N=C(\N)/NC2=CC=C(C=C2)Cl,5.400116927926312,,,
C1CN(CCN1)C2=NC3=C(C=CC(=C3)Cl)NC4=CC=CC=C42,4.500312917381596,,5.199998172182031,5.299997602857746
C1C2CC3CC1CC(C2)(C3)C4=C(C=CC(=C4)C5=CC6=C(C=C5)C=C(C=C6)C(=O)O)O,,,,4.499999678657065
C1=CC=C2C(=C1)C(=CN2)/C=N\NC(=S)N,6.400116927926312,,,5.799998134593398
C[C@@H]1C(=O)NC2=NC3=C(CN12)C(=CC=C3)Cl,4.899629454882437,,4.40000018605658,5.599997654072044
CS(=O)(=O)O.C1=CC=C(C=C1)N=C(N)NC(=O)C2=C(N=C(C(=N2)Cl)N)N,4.899629454882437,,4.499999678657065,4.40000018605658
CC(C)(C)C1=CC(=CC(=C1O)C(C)(C)C)/C=C(\C#N)/C(=S)N,4.899629454882437,7.0,4.40000018605658,5.399996913372259
C[N+](C)(C)CC(=O)N/N=C\C1=C(C=CC2=CC=CC=C21)O,6.400116927926312,,,
CCN1CCCC/C(=N\O)/C(=N\O)/CCCC1,,,5.799998134593398,
CCC1=C(C(=C(NC1=O)O)C(=O)OCC)C,5.400116927926312,,,
COC1=C(C2=C(C=C1)C(=CN=C2)CC3=C4C=CC=CC4=CC5=CC=CC=C53)O,6.899629454882437,8.397940008672037,5.499996931948306,6.0
C1C(C(OC2=CC(=CC(=C21)O)O)C3=CC4=C(C(=C(C=C4C5C(CC6=C(C=C(C=C6O5)O)O)O)O)O)C(=O)C(=C3)O)O,,,,4.800000874803203
CC1=NC(=C(C(=O)N1)CC2=CC=CC=C2O)C3=CC=CC=C3,7.0,,,
C1=CC=C2C(=C1)C(=NC3=CC=CC4=C3C=CC=N4)C(=O)N2,5.400116927926312,,,
C1=CC=C(C(=C1)CSC2=NC3=C(C(=O)N2)NC=N3)[N+](=O)[O-],5.400116927926312,,,5.399996913372259
C1=CC(=CC(=C1)[N+](=O)[O-])CSC2=NC3=C(C(=O)N2)NC=N3,5.100179497572904,,,5.499996931948306
CC1=NN(C(=C1N=NC2=C(C=C(C=C2)C3=CC(=C(C=C3)N=NC4=C(C5=C(C=C4)C(=CC(=C5N)S(=O)(=O)O)S(=O)(=O)O)O)O)O)O)C6=CC=C(C=C6)S(=O)(=O)O.[Cu].[Cu],,5.199998172182031,,
C1=CC=C(C=C1)/C(=N/N=C(N)N)/C2=C(C=C(C=C2)O)O,5.5003129173815966,,5.900008766455316,5.399996913372259
C1=CC=C(C=C1)/[N+](=N/[O-])/[O-].[NH4+],,,,4.499999678657065
CC1=C([N+](=C2C=C(C=CC2=[N+]1[O-])OC)[O-])/C(=N/NC(=S)N)/C,6.300162274132754,,,5.199998172182031
C1=CC=C(C=C1)C(=O)OCC2C(C(C(O2)N3C=NC4=C3N=C(NC4=O)N)OC(=O)C5=CC=CC=C5)OC(=O)C6=CC=CC=C6,,,,5.399996913372259
CCNCC.CCN(CC)/[N+](=N/O)/[O-],,,,4.40000018605658
CC1=C(C(=C(C(=N1)N=NC2=CC=C(C=C2)C(=O)O)COP(=O)([O-])[O-])C=O)[O-].[Na+].[Na+].[Na+],,,4.40000018605658,5.0
C1C2=CC(=C(C=C2C3=C4C=CC(=O)C(=C4OC[C@@]31O)O)O)O,4.400116927926312,5.399996913372259,4.59999938302362,
C1CN(CCN1C[C@H]2CN3C(=C4C=CC=CC4=NC3=O)N2)C5=CC=CC=C5,4.698970004336019,,,
C1[C@H]2[C@H]([C@@H]([C@@H](O2)N3C4=C(C(=O)NC(=N4)N)N=C3Br)O)OP(=O)(O1)[O-],4.500312917381596,,4.499999678657065,
CN=C1N[C@@H](N(S1)C2=CC=CC=C2)C3=CC=CC=C3,5.8996294548824375,,4.59999938302362,4.499999678657065
CC1=C(N(N=C1C2=CC=C(C=C2)O)C3=CC=C(C=C3)O)C4=CC=C(C=C4)OCCN5CCCCC5,4.899629454882437,4.899998417198648,,5.499996931948306
C1=CC=C(C(=C1)/C=N\NC(=O)C2=CC=CC=C2O)O,6.100179497572904,,5.0999990348465305,5.199998172182031
C1=CC=C2C(=C1)C(=C(C(=O)O2)/C=N/C3=NC(=CS3)C4=CC(=C(C=C4)O)O)O.Cl,5.5003129173815966,,,
C/C(=N\NC(=S)N)/C1=CC=CN1,5.5003129173815966,,,
CN1C2=C(C(=O)N(C1=O)C)N=CN2.CO[C@H](CN1C(=O)C2=CC=CC=C2S1(=O)=O)C[Hg],,5.0999990348465305,5.199998172182031,
C1=CC=C2C(=C1)C=CC(=C2/C=C\C3=NC4=C(C=C3)C(=CC(=C4O)Br)Br)O,5.400116927926312,5.599997654072044,,
CCOC1=CC2=C(C=C1)[N+](=C(C=C2)/C=C\C3=C(C4=C(C=CC=N4)C(=C3)C)O)C,5.199970640755866,,5.499996931948306,
C[N+]1=C([Se]C2=CC=CC=C21)/C=C\C3=C4C=CC=NC4=C(C=C3)O,,5.199998172182031,6.0,5.399996913372259
C1/C(=N/N)/NC(=O)NC1=O,6.199970640755866,,,
C/C(=N/NC1=NC2=CC=CC=C2C=C1)/C3=CC=CC=C3O,5.801342913045578,5.599997654072044,6.100015437450609,5.499996931948306
CN(C1=NC2=CC=CC=C2C=C1)/N=C\C3=CC=CC=C3O,5.698970004336019,,,
C1=CC=C2C(=C1)C=CC(=N2)N/N=C\C3=C(C(=CC=C3)[N+](=O)[O-])O,6.100179497572904,6.0,5.499996931948306,5.499996931948306
C[C@@H]1[C@@H](/C=C\O[C@@]2(C(=O)C3=C(O2)C(=C(C4=C3C(=N[C@H]5CC[C@@H](O[C@@H]5C)O)C=C(C4=O)NC(=O)/C(=C\C(=O)[C@@H]6C[C@@H]6[C@H]([C@@H]([C@H]([C@@H]([C@@H]1OC(=O)C)C)O)C)O)/C)O)C)C)OC,,5.399996913372259,5.499996931948306,5.900008766455316
C1=CC=C(C=C1)/C(=C/C2=C3C(=NC=N2)N(C=N3)[C@@H]4[C@@H]([C@@H]([C@@H](O4)CO)O)O)/O,6.300162274132754,,,
C1=CC=C2C(=C1)/C(=N/N)/[C@@H](N2)OC(=O)NC3=CC(=CC=C3)Cl,6.100179497572904,,5.399996913372259,5.299997602857746
C1=CC=C(C=C1)NC(=O)O[C@H]2/C(=N\N)/C3=CC=CC=C3N2,6.300162274132754,5.799998134593398,5.499996931948306,
C/C(=N\O)/C1=CC=CC=[N+]1CC2=CC=CC=C2,,,5.399996913372259,
C[N+](C)(C)/N=C\C1=CC(=C(C=C1)O)O.[I-],5.0,,5.699991797446187,
C1CN(CCN1)C2=CC(=CC=C2)Cl,4.801342913045577,5.0,4.99999814819794,7.400116927926312
CC1=CC2=C3C=C4C(=CC=CN4)N=C3N=C2C=C1,,,,5.499996931948306
C1C(C(OC2=CC(=CC(=C21)O)O)C3=CC4=C(C(=C(C=C4C5C(CC6=C(C=C(C=C6O5)O)O)OC(=O)C7=CC(=C(C(=C7)O)O)O)O)O)C(=O)C(=C3)O)OC(=O)C8=CC(=C(C(=C8)O)O)O,,,,4.59999938302362
CN\1CC(=O)N/C1=N/C(=O)NC2=CC(=CC=C2)Cl,,,,4.800000874803203
CC[C@@H]1CN2C(=C3C(=NC(=N3)C4=CC=CC=C4)N(C2=O)C)N1.Cl,,,,4.899998417198648
C=CCNC(=O)C1=CC(=CC2=C1N=C(NC2=O)NC3=CC(=C(C=C3)Cl)Cl)[N+](=O)[O-],,,,5.0
C1=CC(=CC=C1SC2=NC3=C(N2C4C(C(C(O4)CO)O)O)N=C(NC3=O)N)Cl,,,,4.800000874803203
CC1/C=C/C=C(/C(=O)NC2=C(C(=C3C(=C2O)C(=C(C4=C3C(=O)C(O4)(O/C=C/C(C(C(C(C(C(C1O)C)O)C)OC(=O)C)C)OC)C)C)O)O)/C=N/N5CCN(CC5)C)\C,,,,4.700000503883016
C1=CC=C(C=C1)C2=CSC(=N2)C3=NC4=CC=CC=C4N3,,,,5.900008766455316
C[C@@H]1C(C(/C=C/C=C(\C(=O)NC2=C(C(=C3C(=C2O)C(=C(C4=C3C(=O)[C@](O4)(O/C=C/C(C([C@H](C(C1O)C)OC(=O)C)C)OC)C)C)O)O)C=NN5CCN(CC5)C)/C)C)O,,,,4.59999938302362
C1=CC=C(C(=C1)C(F)(F)F)N2C=CN=C2,6.100326278518962,4.800000874803203,5.199998172182031,6.199970640755866
CC(=O)OC1=C(C=C(C=C1)C2=CC(=O)C3=C(O2)C=C(C=C3OC(=O)C)OC(=O)C)OC(=O)C,5.5003129173815966,,,6.100015437450609
COC1=CC=CC(=C1O)O,,,,4.700000503883016
COC1=CC=C(C=C1)C2=COC3=C(C2=O)C(=CC(=C3)OC)OC,,,,4.700000503883016
C1CCC(CC1)(C(=O)O)N,,4.899998417198648,4.59999938302362,
CC(=O)NC1=CC2=CC=CC=C2OC1=O,6.698970004336019,,,
C1=CC=C2C(=C1)N=NN2N,4.899629454882437,,4.499999678657065,5.199998172182031
C1=CC=C(C=C1)N(CC(=O)O)CC(=O)O,5.5003129173815966,,5.499996931948306,
C1CCN(CC1)C(=O)C2=CC3=C(C=C2)OCO3,5.600326278518962,5.0999990348465305,5.0,4.800000874803203
C1=CC(=CN=C1)/C=C\2/C(=O)N(C(=S)S2)CC3=CC=CO3,6.300162274132754,5.199998172182031,,6.0
C(CCN)CC(=O)O,,,5.399996913372259,
C(CSC(=S)N)C(=O)O,5.801342913045578,,,
CC1=C(C=CC(=C1)C2=CC(=C(C=C2)N=NC3=C(C4=CC=CC=C4C(=C3)S(=O)(=O)[O-])N)C)N=NC5=C(C6=CC=CC=C6C(=C5)S(=O)(=O)[O-])N.[Na+].[Na+],,,,4.59999938302362
C1CC(CCC1=O)(C2=CC=CC=C2)C3=CC=CC=C3,,5.199998172182031,,
C1CCC(CC1)C2=CC3=C(C=C2)N4CCN[C@@H]5C4=C3CCC5,4.801342913045577,4.700000503883016,4.899998417198648,4.499999678657065
C=CCN1C(=O)N(C(=O)N(C1=O)CC=C)CC=C,,,,5.0
COC1=C(C=C2C(=C1)C(=NC(=N2)N3CCN(CC3)C(=O)[C@H]4CCCO4)N)OC,4.400116927926312,,,
CC(=O)OC1=CC2=C(C(=C1)OC(=O)C)C(=O)C(=CO2)C3=CC=C(C=C3)OC,,,,4.499999678657065
CN1CC[C@]23CC(=O)C(=C[C@H]2[C@H]1CC4=C3C(=C(C=C4)OC)O)OC,,,,4.499999678657065
C1=CC=C(C=C1)CNN.Cl,,,,5.0999990348465305
CC(C)CN(CC#N)CC(C)C,5.100179497572904,,,
CC(=O)OCC1C(C=CC(O1)C2=CC3=C(C=C2)OCO3)OC(=O)C,,5.299997602857746,5.0999990348465305,5.399996913372259
C1=CC=C2C(=C1)C=CC(=C2CC3=C(C=CC4=CC=CC=C43)O)O,5.400116927926312,5.699991797446187,,
CC(=NCC1=CC=CC(=C1)CN)N,,,,5.0
C1C2C(C=CC(O2)C#CC3=CC=CC=C3)OC(O1)C4=CC=CC=C4,,5.900008766455316,,5.599997654072044
C#CCCCCCCCCCCCCCCCC(=O)O,5.199970640755866,4.899998417198648,4.700000503883016,
C1=CC=C2C(=C1)N=CC3=NOC(=O)N23,5.249977866700699,4.40000018605658,,5.0
C1=CC=C2C(=C1)C(=O)C=C(O2)C3=CC(=C(C=C3)O)O,,,,4.800000874803203
C(CC(=O)N)[C@H](C(=O)O)N,,,,4.899998417198648
C1=CC=C2C(=C1)C(=O)C(=C(O2)C3=CC(=C(C=C3)O)O)O,6.600326278518962,4.499999678657065,4.499999678657065,4.499999678657065
C[C@H]1[C@H]2[C@H]3[C@@H](OC=C4[C@@]3([C@@H](O1)C5=C2C(=O)[C@@H]6[C@@H]([C@H]5O)O6)/C(=N/OCC7=CC=CC=C7)/[C@H]8[C@@H]([C@H]4O)O8)C,,,,5.399996913372259
C[C@H]1[C@H]2[C@@H]3[C@H](OC=C4[C@@]3([C@@H](O1)C5=C2C(=O)[C@@H]6[C@@H]([C@H]5O)O6)/C(=N/OCC7=CC=CC=C7)/[C@@H]8[C@@H]([C@H]4O)O8)C,,,,5.199998172182031
CN(C)CCC[C@@]1(C2=C(CO1)C=C(C=C2)C#N)C3=CC=C(C=C3)F,,5.499996931948306,4.649999301627615,6.0
CC[N+]1=C2C=C(C=CC2=C3C=CC(=CC3=C1C4=CC=CC=C4)N)N.[Br-],,,,5.099999086091016
C1=CC=NC(=C1)C2=CC=CC=N2,4.600326278518962,,,
CC1=C2C(=CC(=C1C(=O)O)O)C(=O)C3=C(C2=O)C(=C(C(=C3O)O)[C@@H]4[C@@H]([C@H]([C@@H]([C@H](O4)CO)O)O)O)O,,,,5.0
C1=C(C=C(C(=C1Br)O)Br)Br,,,,4.800000874803203
CS(=O)(=O)NC1=CC=C(C=C1)NC2=C3C=CC=CC3=NC4=CC=CC=C42.CS(=O)(=O)O,5.400116927926312,5.199998172182031,5.499996931948306,
C1[C@@H]([C@H](OC1=O)C2=CC=C(C=C2)Br)C3=CC=CC=C3,,5.499996931948306,,
CCCCCC[C@@H]1[C@H]([C@@H](OC(=O)[C@H]([C@H](OC1=O)C)NC(=O)C2=C(C(=CC=C2)NC=O)O)C)OC(=O)CC(C)C,,,,5.199998172182031
CCCCCC[C@@H]([C@@H](C)O)N1C=NC2=C(N=CN=C21)N,4.801342913045577,,,4.40000018605658
CCCCCC[C@@H]([C@H](C)O)N1C=NC2=C(N=CN=C21)N,,,,4.800000874803203
CN1C[C@@H](C=C2[C@H]1CC3=CNC4=CC=CC2=C34)CO,6.0,,7.600326278518962,
C1C(NC(C2=C1C3=CC=CC=C3N2)C4=CC=CC=C4)C(=O)O,,,5.399996913372259,
CNCCC1=CNC2=C1C=C(C=C2)O,,,4.40000018605658,
C=CCN1CCC2=C3[C@@H]1CC4=C(C3=CC=C2)C(=C(C=C4)O)O,5.5003129173815966,4.499999678657065,4.499999678657065,4.499999678657065
C1=CC(=CC=C1N=C(N)NC#N)Cl,5.400116927926312,,,
C1[C@H](CN[C@@H]1C(=O)O)C(=O)O,4.500312917381596,,4.40000018605658,
C[C@H]1[C@H]([C@H](C[C@@H](O1)O[C@@H]2C[C@](CC3=C2C(=C4C(=C3O)C(=O)C5=CC=CC=C5C4=O)O)(C(=O)C)O)N)O,4.698970004336019,,,4.800000874803203
C[N+](C)(C)CCC(=O)C1=CC=CC2=CC=CC=C21,5.100179497572904,4.899998417198648,5.0,6.700057099977233
C(C(=O)[C@H]([C@@H]([C@@H](C(=O)O)O)O)O)O,,6.100015437450609,,
CC1([C@@H]2CC[C@]1(C(=O)C2)CS(=O)(=O)NC3=CC=CC=C3)C,5.100179497572904,,,
CCOC(=O)CC(C(=O)OCC)SP(=O)(OC)OC,,,,4.59999938302362
CN1CCN2[C@@H](C1)C3=CC=CC=C3CC4=CC=CC=C42,5.100729920485945,4.800000874803203,5.399996913372259,5.349998275896024
C1CN(CCN1CCCC(=O)C2=CC=C(C=C2)F)C3=CC=CC=N3,4.801342913045577,4.899998417198648,5.0999990348465305,5.199998172182031
C1CN(CCN1C/C=C/C2=CC=CC=C2)C(C3=CC=CC=C3)C4=CC=CC=C4,,,,5.499996931948306
CC\1=C(C2=C(/C1=C\C3=CC=C(C=C3)S(=O)C)C=CC(=C2)F)CC(=O)O,4.899629454882437,4.899998417198648,,5.499985757779534
C1=CC(=CC=C1/C=C\C2=CC(=CC(=C2)O)O)O,5.900148459637414,4.59999938302362,4.70000009302829,5.5499972930101755
C1CCN(CC1)C(=O)/C=C\C=C/C2=CC3=C(C=C2)OCO3,5.5003129173815966,,4.899998417198648,5.399996913372259
CC(C)/C=C\CCCCC(=O)NCC1=CC(=C(C=C1)O)OC,5.750156458690798,5.8000002819507515,4.800000874803203,5.399996913372259
CC(C)/C=C/CCCCC(=O)NCC1=CC(=C(C=C1)O)OC,,,,5.599997654072044
CNCC[C@@H](C1=CC=CC=C1)OC2=CC=C(C=C2)C(F)(F)F,4.801342913045577,4.59999938302362,5.599997654072044,5.0
C1CN(CCN1CCOCCO)[C@@H](C2=CC=CC=C2)C3=CC=C(C=C3)Cl,,,6.199970640755866,
CC[C@]1(CCC(=O)NC1=O)C2=CC=C(C=C2)N,,,,4.9499992085993245
C/C=C\C1=CC=C(C=C1)OC,,,,4.899998417198648
C/C(=C\COC1=CC(=O)NC2=CC=CC=C21)/CC[C@H](C(C)(C)O)O,4.698970004336019,,,
C1=C(NC=N1)/C=C\C(=O)O,,,,6.599980364934842
C1=CC(=C(C=C1/C=C\C(=O)O)O)O,,4.800000874803203,,
CC(C)C[C@H](C(=O)O)NC(=O)OCC1C2=CC=CC=C2C3=CC=CC=C13,4.500312917381596,5.0999990348465305,,
CC(C)NC[C@H](COC1=CC=CC2=C1C=CN2)O,4.500312917381596,4.40000018605658,5.0999990348465305,5.0999990348465305
C(CP(=O)(O)O)[C@H](C(=O)O)N,4.698970004336019,,,4.40000018605658
CC(=CCC/C(=C/COC1=CC2=C(C=C1)C=CC(=O)O2)/C)C,,,,4.40000018605658
C1=CC=C2C(=C1)C(=O)[C@](C2(O)O)([C@]3(C(=O)C4=CC=CC=C4C3(O)O)O)O,,,5.0999990348465305,
CC(C)CN1C2=C(C(=O)N(C1=O)C)NC(=N2)COC,4.899629454882437,,,5.900008766455316
CC(C)N(CC[C@@](C1=CC=CC=C1)(C2=CC=CC=N2)C(=O)N)C(C)C,,,,4.549999530840342
COC1=CC2=C(C=C1)N=C(S2)N,,,,4.499999678657065
CCCN(CCC)CCC1=CNC2=C1C=C(C=C2)C(=O)N,4.801342913045577,4.40000018605658,4.40000018605658,
C[C@@H](C1=CC2=C(C=C1)C=C(C=C2)OC)C(=O)O,5.0,,,
C=C[C@@H](CCC(=O)O)N,,,4.800000874803203,
CC1=C([C@H](C(=C(N1)C)C(=O)OC(C)C)C2=CC(=CC=C2)[N+](=O)[O-])C(=O)OCCOC,4.899629454882437,5.800006184699457,4.549999530840342,5.699991797446187
CC1=C([C@@H](C(=C(N1)C)C(=O)OC(C)C)C2=CC(=CC=C2)[N+](=O)[O-])C(=O)OCCOC,4.899629454882437,6.199970640755866,,5.599997654072044
C1CNCCC1C(C2=CC=CC=C2)(C3=CC=CC=C3)O,,,4.800000874803203,
CC1=C(C2=C(N1)C=CC(=C2)O)CCN,4.599641460858807,4.40000018605658,4.550000344969798,4.800000874803203
C1=C(C=C(C(=C1[N+](=O)[O-])N)Br)[N+](=O)[O-],,,,4.59999938302362
CCOC(=O)C1=C(NC(=C([C@@H]1C2=CC(=CC=C2)[N+](=O)[O-])C(=O)OC)C)C,4.801342913045577,6.50003813440381,,5.0
CCOC(=O)C1=C(NC(=C([C@H]1C2=CC(=CC=C2)[N+](=O)[O-])C(=O)OC)C)C,4.650827915213586,6.299984434019814,4.79999969151181,5.199998172182031
CC1=C(C(=O)NO1)C[C@@H](C(=O)O)N,4.450214922653954,5.0,4.800000874803203,
CC1=C([C@@H](C(=C(N1)C)C(=O)OC(C)C)C2=CC=CC3=NON=C32)C(=O)OC,4.899629454882437,6.100015437450609,,5.299997602857746
CCN=C=NCCCN(C)C,5.300162274132754,,7.300162274132754,
C(#N)C1=C(C(=C(C(=C1Cl)Cl)Cl)C#N)Cl,,,,5.499996931948306
B(C1=CC=CC=C1)(C2=CC=CC=C2)OCCN,4.801342913045577,,,4.899998417198648
C1=CC(=NC(=C1)Cl)C(Cl)(Cl)Cl,,,,4.899998417198648
CC(C)(C)C1=C(C=CC(=C1)O)O,,5.0999990348465305,,
C1=CC=C2C(=C1)C(=O)N(C2=O)[C@@H](CCC(=O)O)C(=O)O,,,5.699991797446187,5.199998172182031
C(COC[C@@H](C(=O)O)N)N,5.100179497572904,,,
C1=CC(=CC(=C1)N=C=S)NC(=S)NCCCCNC(=S)NC2=CC(=CC=C2)N=C=S,,,,5.499996931948306
C1=CC=C2C(=C1)C(=C(OC2=O)Cl)Cl,6.0,4.800000874803203,4.499999678657065,
CC1=CC[C@@H]2[C@@H](C1)C3=C(C=C(C=C3OC2(C)C)CC#CCCCNS(=O)(=O)C)O,,,,5.599997654072044
C1CCN(CC1)CCOC(C2=CC=CC=C2)C3=CC=C(C=C3)Cl.Cl,,,,4.800000874803203
C1=CC=C2C(=C1)C3=CC(=C4C5=C(C=CC(=C35)C2=O)C6=C7C4=C(C=C8C7=C(C=C6)C(=O)C9=CC=CC=C98)NC1=CC=CC2=C1C(=O)C1=CC=CC=C1C2=O)NC1=CC=CC2=C1C(=O)C1=CC=CC=C1C2=O,6.400116927926312,,,
CC(C)CC1C(=O)NC(C(=O)N2CCCC2C(=O)NC(C(=O)NC(C(=O)NC(C(=O)NC(C(=O)NC(C(=O)NC(C(=O)NC(C(=O)N1)CCCN)C(C)C)CC3=CC=C(C=C3)O)CCC(=O)O)CC(=O)O)CC4=CC=CC=C4)CC5=CC=CC=C5)CC6=CC=CC=C6,,,,4.499999678657065
C1CN(CCN1C/C=C\C2=CC=CC=C2)C(C3=CC=CC=C3)C4=CC=CC=C4,5.050089748786451,4.800000874803203,5.099998010028197,5.0999990348465305
C(C[C@@H](C(=O)O)N)CP(=O)(O)O,4.500312917381596,,,
CCCN1C2=C(C(=O)N(C1=O)CCC)N(C=N2)C,5.100179497572904,,,4.700000503883016
C(CC[C@H](C(=O)O)N)CCP(=O)(O)O,4.400116927926312,,,
C1CN(CCN1CC2=CC3=C(C=C2)OCO3)C(=O)COC4=CC=C(C=C4)Cl.Cl,,,,5.799998134593398
C1C=C(NC(=O)N1C2=CC=CC=C2O)C3=CC(=CC=C3)[N+](=O)[O-],4.650827915213586,6.0,4.700000503883016,
CCCC1=CC2=C(C(=C1)OC)OCO2,,,,5.0999990348465305
C1=CC=C2C(=C1)C=CC(=N2)C3=CC=C(C=C3)N.Cl,,,,5.399996913372259
CS(=O)(=O)CCNCC1=NC(=CS1)C2=CC3=C(C=C2)N=CN=C3NC4=CC(=C(C=C4)OCC5=CC(=CC=C5)F)Cl.Cl.Cl,,,,5.599997654072044
CC1=C(N(C(=C1)CC(=O)[O-])C)C(=O)C2=CC=C(C=C2)Cl.[Na+],4.899629454882437,,,
CC(C)C1=CC2=C(C=C1)[C@]3(CCC[C@]([C@H]3CC2)(C)CN)C,,,,5.199998172182031
CC(C)(C)NC[C@H](COC1=CC=CC=C1C2CCCC2)O,5.0,4.899998417198648,5.599997654072044,
C1(=C(N=C(C(=N1)Cl)N)N)C(=O)N=C(N)N,4.6498731914043745,,4.700000503883016,
COC1=CC=C(C=C1)NC(=O)/C=C\C2=CC=C(C=C2)Cl,5.300162274132754,,4.59999938302362,4.59999938302362
C=CCSSSCC=C,,,,4.40000018605658
C1CN(CCC1N2C3=CC=CC=C3NC2=O)CCCC(C4=CC=C(C=C4)F)C5=CC=C(C=C5)F,4.698970004336019,,5.249998465974153,5.399997267403027
C1CN(CCC1N2C3=CC=CC=C3NC2=O)CCCC(=O)C4=CC=C(C=C4)F,,,5.199998172182031,
C1=NNC(=N1)N,,,,4.800000874803203
CCCCC(=O)OC1CCC2[C@@]1(CCC3C2CCC4=C3C=CC(=C4)O)C,,,,4.899998417198648
C[C@H](CCC(=O)O)[C@H]1CC[C@@H]2[C@@]1([C@H](CC3[C@H]2[C@@H](C[C@H]4[C@@]3(CC[C@H](C4)O)C)O)O)C,,,,4.899998417198648
CN(C)CCCN1C2=C(C=C(C=C2)O)SC3=C1C=C(C=C3)Cl,6.199970640755866,,6.899974269892137,
C1=CC(=CC(=C1)N)C(=O)N,4.600729920485945,4.899998417198648,4.700000503883016,
C[C@H]1C2=CC(=C(C=C2CCN1)OC)OC,4.698970004336019,,,
C1=CC2=C(NN=C2C(=C1)[N+](=O)[O-])Br,6.49990447622767,,6.599980364934842,4.899998417198648
CN1C(=O)C=C(N(C1=O)CC2=CC=CC=C2)N,,,,4.40000018605658
C[C@H](CN1C2=CC=CC=C2SC3=C1C=C(C=C3)OC)CN(C)C,4.801342913045577,,7.199970640755866,5.0999990348465305
C1=CC=C2C(=C1)C=CC=C2N=NC3=C(C=CC4=CC(=CC(=C43)S(=O)(=O)O)S(=O)(=O)O)O,5.100179497572904,,,
C1C(OC2=CC=CC=C2C1=O)C3=CC=C(C=C3)O,,,,4.59999938302362
C1=CC(=C2C(=C1)OC(=CC2=O)C3=CC=C(C=C3)O)O,,,,6.100015437450609
CS(=O)(=O)O.C1CCN(CC1)CCC(C2=CC=CC=C2)(C3=CC=CC=C3)O,,,5.299997602857746,
C=CCSSCC=C,,,,4.59999938302362
C1=CC(=CC(=C1)O)CNN,4.899629454882437,,,4.59999938302362
COC1=CC=CC=C1OCCNCC(COC2=CC=CC3=C2C4=CC=CC=C4N3)O.C(C(C(=O)O)O)(C(=O)O)O,,,,5.199998172182031
C1=CC(=CC=C1C2=C3C=CC(=C(C4=NC(=C(C5=CC=C([N-]5)C(=C6C=CC2=N6)C7=CC=C(C=C7)C(=O)O)C8=CC=C(C=C8)C(=O)O)C=C4)C9=CC=C(C=C9)C(=O)O)[N-]3)C(=O)O.[Cl-].[Mn+3],,,,4.800000874803203
C[C@]12CCC3C(C1CCC2=O)CCC4=C3C=CC(=C4)OS(=O)(=O)O.C1CNCCN1,,,,4.40000018605658
CC1=C(SC=N1)/C=C\C2=C(N3C(C(C3=O)NC(=O)/C(=N\OC)/C4=CSC(=N4)N)SC2)C(=O)OCOC(=O)C(C)(C)C,,,,5.399996913372259
COC1=CC2=C(C=C1)C(=O)C(CO2)CC3=CC(=C(C=C3)O)OC,,,,5.699991797446187
CC1CCC2(C(C1(C)CC/C(=C/C[N+]3=CN(C4=C(N=CN=C43)N)C)/C)CCC=C2C)C.[Cl-],,,,4.499999678657065
C[C@H](CN(CCN(C[C@@H](C)O)C[C@@H](C)O)C[C@@H](C)O)O.[N+](=O)(O)[O-].[Cu],5.300162274132754,6.100015437450609,5.399996913372259,5.0999990348465305
CC1C2CC[C@]3(C=CC(=O)C(=C3C2OC1=O)C)C,,,,4.59999938302362
CC(=O)O[Hg]C1=CC=CC=C1,,,,4.899998417198648
C1CN(CC(=O)O[Hg]OC(=O)CN1CC(=O)O)CC(=O)O,5.199970640755866,5.900008766455316,5.499996931948306,5.199998172182031
CC[Hg]SC1=CC=CC=C1C(=O)[O-].[Na+],,,,5.499996931948306
CC1=C(C2=NC1=CC3=C(C(=C4N3[Sn+2]N5C(=CC6=NC(=C4)C(=C6C=C)C)C(=C(C5=C2)CCC(=O)O)C)C=C)C)CCC(=O)O,4.400116927926312,,5.900008766455316,
CCC1=C2/C=C\3/C(=C4C(=O)C(C(=C4[N-]3)C5=C(C(=C([N-]5)/C=C\6/C(=C(/C(=C/C(=C1C)[N-]2)/[N-]6)C=C)C)C)CCC(=O)[O-])C(=O)[O-])C.[Na+].[Na+].[Cu],,,,4.40000018605658
C1=CC2=C(C=CC=C2N)C(=C1)N,,,,4.800000874803203
COC1=C(C2=C[N+]3=C(C=C2C=C1)C4=CC(=C(C=C4C=C3)OC)OC)OC.O,,,,4.700000503883016
C=CC[C@@H](C(=O)O)N,,,,4.40000018605658
C/C=C(\C)/C(=O)OC1CC([C@]2(COC3C2[C@@]14CO[C@@](C4[C@](C3O)(C)C56C7CC([C@@]5(O6)C)[C@@]8(C=COC8O7)O)(C(=O)OC)O)C(=O)OC)OC(=O)C,,,,4.899998417198648
CC1CC2C3CCC4=CC(=O)C=C[C@]4([C@@]3(C(C[C@@]2([C@@]1(C(=O)CO)O)C)O)F)C,,,,4.40000018605658
CCCCC(=O)O[C@]1(C(CC2[C@]1(CC([C@@]3(C2CCC4=CC(=O)C=C[C@]43C)F)O)C)C)C(=O)CO,,,,4.700000503883016
CC(C)CC1C(=O)N2CCCC2C3(N1C(=O)[C@@](O3)(C(C)C)NC(=O)C4CN(C5CC6=C(NC7=CC=CC(=C67)C5=C4)Br)C)O.CS(=O)(=O)O,,,,6.299988937677887
C1=CC(=CC=C1C([C@@H](COC(=O)CCC(=O)O)NC(=O)C(Cl)Cl)O)[N+](=O)[O-],,,,4.499999678657065
C[C@](C1=CC=CC=C1)(C2=CC=C(C=C2)Cl)OCCC3CCCN3C.C(=C/C(=O)O)\C(=O)O,,,,5.0
C[C@]12CCC3C(C1CC[C@]2(C#C)O)CCC4=CC5=C(C[C@@]34C)C=NO5,,,,4.899998417198648
CC1CC2C3CCC4=CC(=O)C=C[C@]4([C@@]3(C(C[C@@]2([C@@]1(C(=O)COC(=O)C)O)C)O)F)C,,,,4.40000018605658
CC1CC2C3CCC4=CC(=O)C=C[C@]4([C@@]3(C(C[C@@]2([C@@]1(C(=O)COP(=O)([O-])[O-])O)C)O)F)C.[Na+].[Na+],,,,4.40000018605658
CN1CC[C@]23CCCCC2[C@H]1CC4=C3C=C(C=C4)OC.Br,,,,4.899998417198648
C[C@]1(C(=O)N2C(C(=O)N3CCCC3[C@@]2(O1)O)CC4=CC=CC=C4)NC(=O)[C@@H]5C[C@@H]6[C@@H](CC7=CNC8=CC=CC6=C78)N(C5)C.CS(=O)(=O)O,,,,4.700000503883016
CCC1[C@@](C([C@@H](C(=O)C(C[C@]([C@@H](C([C@@H](C(C(=O)O1)C)O[C@H]2C[C@@](C(C(O2)C)O)(C)OC)C)O[C@H]3C(C(CC(O3)C)N(C)C)O)(C)O)C)C)O)(C)O,,,,4.499999678657065
C[C@]12CCC3C(C1CCC2OC(=O)CCC4CCCC4)CCC5=C3C=CC(=C5)O,,,,5.499996931948306
C[C@]12CCC3C(C1CC[C@@]2(C#C)O)CCC4=C3C=CC(=C4)O,,,,4.59999938302362
CC1CC2C3CC(C4=CC(=O)C=C[C@]4([C@]3(C(C[C@@]2([C@@]1(C(=O)COC(=O)C(C)(C)C)O)C)O)F)C)F,,,,4.800000874803203
CC1CC2C3CC[C@]([C@@]3(CC([C@@]2(C4(C1=CC(=O)C=C4)C)F)O)C)(C(=O)C)O,,,,4.40000018605658
CCCCCC(=O)O[C@]1(CCC2[C@]1(CCC3C2CCC4=CC(=O)CC[C@@]34C)C)C(=O)C,,,,5.0
CC(=O)N1CCN(CC1)C2=CC=C(C=C2)OCC3CO[C@@](O3)(CN4C=CN=C4)C5=C(C=C(C=C5)Cl)Cl,,,,7.199970640755866
CC1CC2C(CC[C@@]3(C2CC[C@]3(C(=O)C)OC(=O)C)C)[C@]4(C1=CC(=O)CC4)C,,,,4.40000018605658
CC1CC2C3CCC([C@@]3(CC(C2[C@]4(C1=CC(=O)CC4)C)O)C)C(=O)C,,,,4.499999678657065
CC1CC2C3CC[C@@]([C@@]3(CC(C2[C@]4(C1=CC(=O)C=C4)C)O)C)(C(=O)CO)O,,,,4.59999938302362
C[C@]12CCC3C(C1CC[C@]2(C#C)O)CCC4=CC(=O)CCC34,,,,4.40000018605658
CC(=O)O[C@]1(CCC2[C@]1(CCC3C2CCC4=CC(=O)CCC34)C)C#C,,,,4.40000018605658
CC(=O)OCC(/C=C/CCCCCCCCCCCC=C)O,,,,4.40000018605658
CCC1[C@@H](COC1=O)CC2=CN=CN2C.[N+](=O)(O)[O-],,,,4.700000503883016
C[C@@]12CC(C3C(C1CC[C@@]2(C(=O)CO)O)CCC4=CC(=O)C=C[C@]34C)O,,,,4.59999938302362
CC(=O)C1CCC2[C@@]1(CCC3C2CCC4=CC(=O)CC[C@@]34C)C,,,,6.100015437450609
COC1[C@H](CC2CN3CCC4=C(C3CC2[C@H]1C(=O)OC)NC5=C4C=CC(=C5)OC)OC(=O)C6=CC(=C(C(=C6)OC)OC)OC,,,,5.0999990348465305
C[C@@]12CC([C@@]3(C(C1CC4[C@]2(OC(O4)(C)C)C(=O)CO)CCC5=CC(=O)C=C[C@]53C)F)O,,,,4.800000874803203
CC(CCC(=O)O)C1CCC2[C@]1(CCC3C2C(C[C@H]4[C@]3(CCC(C4)O)C)O)C,,,,4.40000018605658
CC[C@]12CCCN3C1C4=C(CC3)C5=CC=CC=C5N4[C@@](C2)(C(=O)OC)O,,,,4.499999678657065
C1CN2CC3=CCOC4CC(=O)N5C6C4C3CC2[C@]61C7=CC=CC=C75,,,,4.700000503883016
CC1CC(C(C(O1)OC2C(C[C@]3(CO3)C(=O)C(C(C(C(OC(=O)C([C@H](C2C)O[C@@H]4CC([C@H](C(O4)C)O)OC)C)C)C)O)C)C)O)N(C)C.OP(=O)(O)O,,,,5.199998172182031
CCCC1OC2CC3C4CCC5=CC(=O)C=CC5(C4C(CC3([C@@]2(O1)C(=O)CO)C)O)C,,,,4.800000874803203
CC1OCC2[C@H](O1)C(C(C(O2)OC3C4COC(=O)C4C(C5=CC6=C(C=C35)OCO6)C7=CC(=C(C(=C7)OC)O)OC)O)O,,,,4.40000018605658
C[C@@]12CC[C@](C[C@H]1C3=CC(=O)C4[C@@]5(CCC(C(C5CC[C@@]4(C3(CC2)C)C)(C)C)O)C)(C)C(=O)O,,,,4.40000018605658
CN(C)C1=NC=NC2=C1N=CN2C3C(C(C(O3)CO)NC(=O)C(CC4=CC=C(C=C4)OC)N)O.Cl.Cl,,,,4.499999678657065
CCCCCCCCCCCCOS(=O)(=O)O.CCC1[C@@](C([C@@H](C(=O)C(C[C@]([C@@H](C([C@@H](C(C(=O)O1)C)O[C@H]2C[C@@](C(C(O2)C)O)(C)OC)C)OC3[C@@H](C(CC(O3)C)N(C)C)OC(=O)CC)(C)O)C)C)O)(C)O,,,,6.199970640755866
CCC(=O)OC1CCC2[C@@]1(CCC3C2CCC4=C3C=CC(=C4)O)C,,,,4.40000018605658
CC(=O)OC1CCC2[C@@]1(CCC3C2CCC4=C3C=CC(=C4)OC(=O)C)C,,,,4.499999678657065
CC1(OC2CC3C4CC(C5=CC(=O)C=CC5(C4C(CC3([C@@]2(O1)C(=O)CO)C)O)C)F)C,,,,4.40000018605658
CC1CC([C@H](C(O1)OC2C(C[C@]3(CO3)C(=O)C([C@H](C(C(OC(=O)C([C@H](C2C)O[C@@H]4CC([C@H](C(O4)C)OC(=O)C)OC)C)C)C)OC(=O)C)C)C)OC(=O)C)N(C)C,,,,5.0999990348465305
CC[C@]12CCCN3C1C4=C(CC3)C5=CC=CC=C5N4C(=C2)C(=O)OCC,,,,4.899998417198648
CC1(OC2CC3C4CCC5=CC(=O)CCC5(C4(C(CC3([C@@]2(O1)C(=O)CCl)C)O)F)C)C,,,,4.59999938302362
CCCN1CC(C[C@@H]2[C@H]1CC3=CNC4=CC=CC2=C34)CSC.CS(=O)(=O)O,,,,4.899998417198648
CC(=O)OC1C(C2[C@](C(CCC2(C)C)O)([C@]3([C@@]1(O[C@](CC3=O)(C)C=C)C)O)C)O,,,,4.59999938302362
CC(=O)OCC(=O)[C@@]12C(CC3[C@]1(CC([C@@]4(C3CCC5=CC(=O)C=C[C@]54C)F)O)C)OC6(O2)CCCC6,,,,5.499996931948306
CCC(=O)O[C@]1(C(CC2[C@]1(CC([C@@]3(C2CCC4=CC(=O)C=C[C@]43C)F)O)C)C)C(=O)CCl,,,,5.0
CC(=O)[C@@]1(CCC2[C@]1(CCC3C2C=C(C4=CC(=O)C5CC5[C@@]34C)Cl)C)O,,,,4.700000503883016
C1=CC2=C(C(=C1)O[C@H]3C(C(C(C(O3)CO)O)O)O)C(=O)C4=C([C@@H]2[C@@H]5C6=C(C(=CC=C6)O[C@H]7C(C(C(C(O7)CO)O)O)O)C(=O)C8=C5C=C(C=C8O)C(=O)O)C=C(C=C4O)C(=O)O,,,,4.40000018605658
C1CNCC([C@H]1C2=CC=C(C=C2)F)COC3=CC4=C(C=C3)OCO4.Cl,,,,4.499999678657065
COC1=CC(=CC(=C1O)OC)C2C3C(COC3=O)C(C4=CC5=C(C=C24)OCO5)O[C@H]6C(C(C7C(O6)COC(O7)C8=CC=CS8)O)O,,,,5.199998172182031
C1=C(C=C(C(=C1O)O)O)C(=O)OC2=CC(=CC(=C2O)O)C(=O)OCC3C(C([C@@H](C(O3)OC(=O)C4=CC(=C(C(=C4)OC(=O)C5=CC(=C(C(=C5)O)O)O)O)O)OC(=O)C6=CC(=C(C(=C6)OC(=O)C7=CC(=C(C(=C7)O)O)O)O)O)OC(=O)C8=CC(=C(C(=C8)OC(=O)C9=CC(=C(C(=C9)O)O)O)O)O)OC(=O)C1=CC(=C(C(=C1)OC(=O)C1=CC(=C(C(=C1)O)O)O)O)O,,,,5.399996913372259
CC1=C2CCC3C4CCC(=O)[C@]4(CCC3[C@@]2(CCC1=O)C)C,,,,5.299997602857746
C[C@]12C3CCC([C@@]1(C(=O)OC2=O)C)O3,,,,5.499996931948306
C[C@@]12CCC(=O)C=C1C=CC3C2CC[C@@]4(C3CC[C@@]45CCC(=O)O5)C,,,,4.800000874803203
CCC1[C@@]2(C3C(C(=O)C(CC(CN3C(=O)O2)(C([C@@H](C(C(=O)C(C(=O)O1)C)C)OC4C(C(CC(O4)C)N(C)C)O)(C)OC)CCCN5C=C(N=C5)C6=CN=CC=C6)C)C)C,,,,4.499999678657065
CC(=O)[C@@]1(CCC2[C@]1(CCC3C2C=C(C4=CC(=O)CC[C@]34C)Cl)C)OC(=O)C,,,,5.499996931948306
C1CCN2C(C1)[C@]34CC2C=CC3=CC(=O)O4,,,,4.499999678657065
CCC(CC)OC1C=C(CC(C1NC(=O)C)N)C(=O)OCC.C(C(C(=O)O)O)(C(=O)O)O,,,,4.59999938302362
CC1CC[C@@]2(C(C3C(O2)CC4[C@@]3(CCC5C4CC=C6[C@]5(CCC(C6)O)C)C)C)OC1,,,,5.299997602857746
CC(=O)OC1CC2[C@](C=CC(=O)C2(C)C)(C3[C@@]1([C@@]45C(O4)C(=O)OC([C@@]5(CC3)C)C6=COC=C6)C)C,,,,4.899998417198648
CC[C@@]1(CC(C2=C(C3=C(C=C2C1C(=O)OC)C(=O)C4=C(C3=O)C(=CC=C4)O)O)O[C@@H]5CC(C(C(O5)C)O)N(C)C)O.Cl,,,,4.40000018605658
CC[C@]1(CC(C2=C(C3=C(C=C2C1C(=O)OC)C(=O)C4=C(C=CC(=C4C3=O)O)O)O)O)O,,,,5.0999990348465305
CC1=C(C(=O)C=C2C1=CC=C3[C@@]2(CC[C@@]4([C@]3(CC[C@]5(C4C[C@](CC5)(C)C(=O)O)C)C)C)C)O,,,,4.59999938302362
CC(=O)OCC(=O)C1CCC2[C@@]1(CCC3C2CCC4=CC(=O)CC[C@@]34C)C,,,,5.499996931948306
CCC(=O)OC1CCC2[C@@]1(CCC3C2CCC4=CC(=O)CC[C@@]34C)C,,,,5.0
CC1=C(C(=O)C2=C(C1=O)N3CC4C([C@]3(C2COC(=O)N)OC)N4)N,,,,4.40000018605658
CCC1[C@@](C([C@@H](C(=O)C(C[C@]([C@@H](C([C@@H](C(C(=O)O1)C)O[C@H]2C[C@@](C(C(O2)C)O)(C)OC)C)OC3[C@@H](C(CC(O3)C)N(C)C)OC(=O)CCC(=O)OCC)(C)O)C)C)O)(C)O,,,,4.700000503883016
CC1=C2CC=C3[C@](C2=CC(=C1O)O)(CC[C@@]4([C@]3(CC[C@]5(C4C[C@](CC5)(C)C(=O)OC)C)C)C)C,,,,4.40000018605658
COC1=CC(=CC(=C1OC)OC)C2C3[C@H](COC3=O)C(C4=CC5=C(C=C24)OCO5)O,,,,6.049988648441574
CN1CC(C[C@]2([C@H]1CC3=CN(C4=CC=CC2=C34)C)OC)COC(=O)C5=CC(=CN=C5)Br,,,,4.700000503883016
CC[C@]1(CC2C[C@](C3=C(CCN(C2)C1)C4=CC=CC=C4N3)(C5=C(C=C6C(=C5)[C@@]78CCN9C7[C@@](C=CC9)(C([C@@](C8N6C)(C(=O)OC)O)OC(=O)C)CC)OC)C(=O)OC)O.OS(=O)(=O)O,,,,5.299997602857746
CN1CCC2=CC3=C(C(=C2C1[C@H]4C5=C(C(=C(C=C5)OC)OC)C(=O)O4)OC)OCO3.Cl,,,,5.399996913372259
CC1CC2C3CCC4=CC(=O)C=C[C@@]4([C@]3(C(C[C@@]2(C1(C(=O)CCl)OC(=O)C5=CC=CO5)C)O)Cl)C,,,,5.199998172182031
CC1=C(C(=O)C=C2C1=CC=C3[C@@]2(CC[C@@]4([C@]3(CC[C@]5(C4C[C@](CC5)(C)C(=O)OC)C)C)C)C)O,,,,4.499999678657065
CCN1C[C@]2(CC[C@H]([C@]34C2C([C@@]5(C31)[C@@]6(CC(C7C[C@]4(C6C7O)O)OC)OCO5)O)OC)C,,,,4.40000018605658
CC(C1C(C(C([C@@H](O1)O[C@@H]2[C@H](CC(C(C2O)OC3[C@@H](C([C@@](CO3)(C)O)NC)O)N)N)N)O)O)O.OS(=O)(=O)O.OS(=O)(=O)O,,,,4.700000503883016
CC(=O)OC1CC2[C@@](C(CC(C2(C)C)OC(=O)C)OC(=O)C)(C3[C@@]1([C@@]45C(O4)C(=O)OC([C@@]5(CC3OC(=O)C)C)C6=COC=C6)C)C,,,,5.299997602857746
CC(=O)OC1C[C@]2(C(C[C@@H]3[C@@]2(O3)[C@@]4(C1[C@]5(C=CC(=O)C(C5=C(C4=O)O)(C)C)C)C)C6=COC=C6)C,,,,6.400007822415902
C[C@@]12CCC3C(C1=CC(=O)OC2C4=COC=C4)CC5C(=O)[C@]3(C(C(C5=O)(C)C)CC(=O)OC)C,,,,5.0999990348465305
C[C@@]12CCC3[C@]4(C=CC(=O)C(C4=C(C(=O)[C@@]3([C@]15[C@H](O5)CC2C6=COC=C6)C)O)(C)C)C,,,,6.299988937677887
C[C@@]12CCC3[C@]4(C=CC(=O)C(C4CC([C@]3([C@]15C(O5)C(=O)OC2C6=COC=C6)C)O)(C)C)C,,,,5.399996913372259
CC(=O)OC1CC(C(C2[C@@]1(C3CC[C@]4(C(OC(=O)C5[C@]4([C@@]3(C(C2)O)C)O5)C6=COC=C6)C)C)(C)C)OC(=O)C,,,,5.599997654072044
C[C@@]12CCC(C(=C)C1=CC(=O)OC2C3=COC=C3)[C@@]4(C=CC(=O)C(C4CC(=O)OC)(C)C)C,,,,5.399996913372259
CC(=O)OC1C2CC3=C4CC(=O)OC([C@@]4(CCC3[C@@](C2=O)(C(C1(C)C)CC(=O)OC)C)C)C5=COC=C5,,,,5.799998134593398
C[C@@]12CCC3[C@@]4(C=CC(=O)C(C4CC(=O)[C@]3([C@]15C(O5)C(=O)OC2C6=COC=C6)C)(C)C)C,,,,5.599997654072044
CC(=O)OC1CC(C(C2[C@@]1(C3CC[C@]4(C(OC(=O)C5[C@]4([C@@]3(C(=O)C2)C)O5)C6=COC=C6)C)C)(C)C)OC(=O)C,,,,4.700000503883016
CC(=O)OC1CC2[C@](C3[C@@]1([C@@]45C(O4)C(=O)C([C@@]5(CC3)C)C6=COC=C6)C)(C(CC(C2(C)C)OC(=O)C)OC(=O)C)C,,,,5.399996913372259
CCC(C)C(=O)OC1C2CC3=C4CC(=O)OC([C@@]4(CCC3[C@@](C2=O)(C(C1(C)C)CC(=O)OC)C)C)C5=COC=C5,,,,5.199998172182031
C[C@@]12CCC3C(=C)[C@@]1(CC(=O)OC2C4=COC=C4)OC5[C@]3(C(C(C(=O)C5)(C)C)CC(=O)OC)C,,,,5.299997602857746
CC(=O)OC(C1[C@@]2(C3CC[C@]4(C(OC(=O)C[C@]4(C3=C)OC2CC(=O)C1(C)C)C5=COC=C5)C)C)C(=O)OC,,,,6.0
C[C@@]12CCC3C(=C)[C@@]1(CC(=O)OC2C4=COC=C4)OC5[C@]3(C(C(C(=O)C5)(C)C)C(C(=O)OC)O)C,,,,5.599997654072044
C[C@@]12CCC3C(=C1CC(=O)OC2C4=COC=C4)CC5C(=O)[C@]3(C(C(C5=O)(C)C)CC(=O)OC)C,,,,5.799998134593398
CCC(C)C(C(=O)OC1C(C(C(=C)C2([C@]1(C(CC2=O)C3=COC=C3)C)O)[C@]4(C(CC(=O)O[C@@](C4CC(=O)OC)(C)COC(=O)C)OC(=O)C)C)OC=O)O,,,,5.0
CCC(C)C(C(=O)OC1C(C(C(=C)C2([C@]1(C(CC2=O)C3=COC=C3)C)O)[C@]4(C(CC(=O)O[C@@](C4CC(=O)OC)(C)COC(=O)C)OC(=O)C)C)OC=O)OC(=O)C,,,,4.899998417198648
C/C=C(\C)/C(=O)OC1[C@@H]2C=C3C(CC[C@@]4(C3CC(=O)OC4C5=COC=C5)C)[C@@](C2=O)(C(C1(C)C)C(C(=O)OC)O)C,,,,4.899998417198648
CCC(C)C(=O)O[C@@H]1C[C@]2(C(OC(=O)CC23[C@@]45[C@@]1([C@]6(C(C7(CC6([C@](C4OC(=O)C)(C7OC(=O)C8(C(O8)C)C)O)O)C)CC(=O)OC)C)OC(O5)(O3)C)C9=COC=C9)C,,,,6.0
CC(=O)OC1[C@]2(C=C3C(CC[C@@]4(C3CC(=O)OC4C5=COC=C5)C)[C@@](C2=O)(C(C1(C)C)CC(=O)OC)C)O,,,,5.0999990348465305
CC(=O)OC1C2CC3=C4CC(=O)OC([C@@]4(CCC3[C@@](C2=O)(C(C1(C)C)C(C(=O)OC)O)C)C)C5=COC=C5,,,,5.0
C[C@@]12CCC3C(=C)[C@@]1(CC(=O)OC2C4=COC=C4)OC5[C@@]3(C(C(C(C5)O)(C)C)CC(=O)OC)C,,,,4.999998726022589
C[C@@]12CCC3[C@]4(C(C(C5(C(C4=O)CC3(C1=CC(=O)OC2C6=COC=C6)O5)O)(C)C)CC(=O)OC)C,,,,5.499996931948306
C[C@@]12CCC3[C@]4(C(C(C(=O)C(C4=O)C[C@@]3(C1=CC(=O)OC2C5=COC=C5)O)(C)C)CC(=O)O)C,,,,4.59999938302362
CC(=O)OC1CC2[C@](C3[C@@]1(C4=CC(=O)OC([C@@]4(CC3)C)C5=COC=C5)C)(C(CC(C2(C)C)OC(=O)C)OC(=O)C)C,,,,5.0
C[C@@]12CCC3[C@]4(C=CC(=O)C(C4C=C[C@@]3(C15C(O5)C(=O)OC2C6=COC=C6)C)(C)C)C,,,,5.0999990348465305
CC(=O)OC1CC2[C@](C3[C@@]1([C@@]45C(O4)C(=O)OC([C@@]5(CC3)C)C6=COC=C6)C)(C(CC(C2(C)C)OC(=O)C)OC(=O)C)C,,,,5.900008766455316
CC(=O)OC1CC2[C@@](C=CC(C2(C)C)O)(C3[C@@]1(C4=CC(=O)OC([C@@]4(CC3)C)C5=COC=C5)C)C,,,,4.800000874803203
C[C@@]12CCC3[C@]4(C=CC(C(C4CC(=O)O[C@]3(C1=CC(=O)OC2C5=COC=C5)C)(C)C)O)C,,,,5.699991797446187
CC(=O)OC1CC2[C@](C3[C@@]1(C45C(O4)C(=O)OC([C@@]5(CC3)C)C6=COC=C6)C)(C(=O)C=CC2(C)C)C,,,,4.800000874803203
CC(=O)OC1CC2[C@@](C=CC(C2(C)C)OC(=O)C)(C3[C@@]1(C4=CC(=O)OC([C@@]4(CC3)C)C5=COC=C5)C)C,,,,4.899998417198648
CC(=O)OC1CC[C@]2(C3CC[C@]4(C(OC(=O)C=C4[C@@]3(C(CC2C1(C)C)OC(=O)C)C)C5=COC=C5)C)C,,,,5.199998172182031
C[C@@]12CCC3C(=C1C=C(OC2C4=COC=C4)OC)CC5C(C(C([C@@]3(C5=O)C)CC(=O)OC)(C)C)O,,,,5.0
CC(C)C1=C(C=CC2=C1CCC3[C@]2(CCCC3(C)C)C)OC(=O)C,,,,4.40000018605658
CC(C)C1=C(C=CC2=C1CCC3[C@]2(CCC[C@]3(C)C=O)C)O,,,,4.499999678657065
CC(C)C1=C(C=CC2=C1CCC3[C@]2(CCC[C@]3(C)CO)C)O,,,,4.40000018605658
CC(C)C1=C(C=CC2=C1CCC3[C@]2(CCCC3(C)C)C)O,,,,4.59999938302362
CC(=O)C1CC[C@@H]2[C@@]1(CCC3C2CC[C@H]4[C@]3(CCC(C4)O)C)C,,,,5.599997654072044
CC1CC[C@@]2(C(C3C(O2)C(C4[C@@]3(CCC5C4CC[C@@H]6[C@@]5(CC(C(C6)O[C@H]7C(C([C@H]([C@@H](O7)CO)OC8[C@H](C(C(C(O8)CO)O)OC9[C@@H](C(C(CO9)O)O)O)O[C@H]2C([C@@H]([C@H](C(O2)CO)O)O[C@H]2C(C(C(C(O2)CO)O)O)O)O)O)O)O)C)C)O)C)OC1,,,,4.700000503883016
C[C@@]12CCC3[C@@]4(C(CC(C(C4CC(=O)[C@]3(C15C(O5)C(=O)OC2C6=COC=C6)C)(C)C)O)O)C,,,,5.199998172182031
C[C@@]12CCC3[C@]4(C(CC(=O)[C@]3([C@]15C(O5)C(=O)OC2C6=COC=C6)C)C(C(CC4=O)O)(C)C)C,,,,5.0
C[C@@]12CCC3C(=C1CC(OC2C4=COC=C4)O)CC5C(C(C([C@@]3(C5=O)C)CC(=O)OC)(C)C)O,,,,5.499996931948306
C[C@@]12CCC3[C@]4(C(CC(=O)[C@]3(C15C(O5)C(=O)OC2C6=COC=C6)C)C(C=CC4=O)(C)C)C,,,,5.699991797446187
CC(=O)O[C@H]1C2C(C(C([C@@]3([C@]2(O[C@]14C3CC[C@@]5(C4=CC(=O)OC5C6=COC=C6)C)O)C)CC(=O)OC)(C)C)OC(=O)C,,,,5.699991797446187
CC(=O)OC1CC2[C@](C=CC(=O)C2(C)C)(C3[C@@]1(C4=CC(=O)OC([C@@]4(CC3)C)C5=COC=C5)C)C,,,,4.800000874803203
CC(=O)OC1CC2[C@](CCC(=O)C2(C)C)(C3[C@@]1(C4=CC(=O)OC([C@@]4(CC3)C)C5=COC=C5)C)C,,,,5.199998172182031
CC(=O)OC1CC(C(C2[C@@]1(C3CC[C@]4(C(OC(=O)C5C4([C@@]3(C(=O)C2)C)O5)C(=O)O)C)C)(C)C)OC(=O)C,,,,4.40000018605658
C[C@]12CCC(=O)C(C1CC([C@@]3(C2CC[C@@]4(C3=CC(=O)OC4C5=COC=C5)C)C)O)(C)C,,,,4.800000874803203
CC(=O)OC1C2CC3C(CC[C@@]4(C3CC(=O)OC4C5=COC=C5)C)[C@@](C2=O)(C(C1(C)C)CC(=O)OC)C,,,,6.199970640755866
CC(=O)OC1CC2[C@](CCC(=O)C2(C)C)(C3[C@@]1([C@@]45C(O4)C(=O)OC([C@@]5(CC3)C)C(=O)OC)C)C,,,,4.40000018605658
CC(=O)OC1CC[C@]2(C3CC[C@]4(C(OC(=O)C5[C@]4([C@@]3(C(CC2C1(C)C)OC(=O)C)C)O5)C6=COC=C6)C)C,,,,5.399996913372259
CCC(C)C(=O)OC1C[C@]2(C(OC(=O)CC23C45C1([C@]6(C([C@]7(CC6([C@@](C7OC(=O)C8(C(O8)C)C)(C4OC(=O)C(C)C)O)O)C)CC(=O)OC)C)OC(O3)(O5)C)C9=COC=C9)C,,,,5.599997654072044
C1CCNC(=O)/C=C/[C@@]23CCC(=O)CC2OC4=C3C=C(C=C4)/C=C/C(=O)NCCCNC1,,,,4.40000018605658
C[C@@]12CCC3[C@]4(C(CC([C@]3([C@]15C(O5)C(=O)OC2C6=COC=C6)C)O)C(C(CC4O)O)(C)C)C,,,,4.899998417198648
CC(CCC=C(C)C)C1CC[C@@]2([C@]1(CCC3=C2CCC4C3(CCC(C4(C)C)OC(=O)C)C)C)C,,,,4.499999678657065
CC1=CC2=C(C=C1)[C@@]3(CCC(=O)C[C@@H]3CC2)C,,,,4.800000874803203
CC(C)C1=C(C=CC2=C1CCC3[C@]2(CCC[C@]3(C)C(=O)OC)C)O,,,,4.499999678657065
CC(C)/C(=C/1\C2[C@](C(C([C@@]34[C@@]25C([C@@]6(C(C7(CC6([C@@]3(C7CC(=O)OC)C)OC(O4)(O5)C)C)OC(=O)C)OC)OC)OC)OC(=O)C(C)C)(C(OC1=O)C8=COC=C8)C)/OC,,,,5.599997654072044
CC(=O)OC1CC(C(C2[C@@]1(C3CC[C@]4(C(OC(=O)C5C4([C@@]3(C(C2)O)C)O5)C(=O)OC)C)C)(C)C)OC(=O)C,,,,6.349997901192726
CC(=O)OC1CC2[C@@](C3CC[C@]4(C(OC(=O)C[C@]4(C3=C)O2)C5=COC=C5)C)(C(C1(C)C)CC(=O)OC)C,,,,5.900008766455316
CC(=O)OC1CC2C(C(CCC2(C3C1(C4=CC(=O)OC([C@@]4(CC3)C)C5=COC=C5)C)C)O)(C)C,,,,4.40000018605658
CC(C)C1=CC2=C(O1)C=CC3=C2OC4COC5=CC(=C(C=C5[C@@H]4C3=O)OC)OC,,,,4.40000018605658
CC(=CCCC1(C=CC2=C(O1)C3=C(C(=C2OC(=O)C)CC=C(C)C)O[C@]45C6CC(C=C4C3=O)C(=O)C5(OC6(C)C)C/C=C(\C)/C(=O)O)C)C,,,,4.40000018605658
CC1C2CC[C@]3(C=CC(=O)[C@@]4([C@@]3(C2OC1=O)O4)C)C,,,,4.40000018605658
CC(=O)OC1CC2[C@](C3[C@@]1(C4=CC(=O)OC([C@]4(CC3)C)C5=COC=C5)C)(C(CC(C2(C)C)O)O)C,,,,5.399996913372259
CC(=CCC1=C(C=CC2=C1OC3COC4=CC(=C(C=C4[C@@H]3C2=O)OC)OC)OC)C,,,,5.499996931948306
CC1=CC(=O)C2[C@]([C@]1(CCC3=COC=C3)O)(CCCC2(C)C)C,,,,4.800000874803203
C[C@]12CCC3[C@H](CC3(C)C)C(=O)CCC1O2,,,,4.899998417198648
CC1(CCCC2(C1C(CC(=C)C2CC[C@](C)(C=C)O)O)C)C,,,,5.799998134593398
CC(=O)OC1CC(=C)C(C2(C1C(CCC2)(C)C)C)CC[C@](C)(C=C)O,,,,5.599997654072044
C[C@@]1(CCC[C@@]2(C1CCC(=C)C2CC[C@](C)(C=C)O)C)CO,,,,5.599997654072044
C/C/1=C\CC2[C@@H](CC2(C)C)C(=C)CCC1OC(=O)C,,,,4.499999678657065
C[C@]12CCC([C@@](C1CCC(=C)C2C/C=C/3\C(COC3=O)O)(C)CO)O,,,,4.59999938302362
CC(=CCCC1(C=CC2=C(O1)C(=C3C(=C2OC(=O)C)C(=O)C4=CC5CC6[C@]4(O3)C(C5=O)(OC6(C)C)C/C=C(\C)/C(=O)O)CC=C(C)C)C)C,,,,4.899998417198648
CC1CC[C@]23CCC4([C@]5(CCC6[C@](C5C=C[C@]4(C2C1C)OC3=O)(CCC(C6(C)C)O)C)C)C,,,,5.299997602857746
CC1CC[C@]2(CCC3(C(=CC(=O)C4[C@@]3(CCC5[C@]4(CCC(C5(C)C)OC(=O)C)C)C)C2C1C)C)C(=O)O,,,,4.59999938302362
CC1=CCC(CC1)[C@@](C)(CCC=C(C)C)OC(=O)C,,,,4.499999678657065
C[C@@]12CCC(C[C@H]1CCC3C2CC[C@]4(C3CCC4=O)C)O,,,,4.800000874803203
CC1=C2C(=CC(=C1C(=O)O)O)C(=O)C3=C(C2=O)C(=C(C(=C3O)O)O[C@@H]4C(C(C(C(O4)CO)O)O)O)O,,,,4.800000874803203
CC1(C[C@H]2C1CCC3(C(O3)CC2=C)C)C,,,,4.59999938302362
COC(=O)C1[C@H]2CC3C4=C(CCN3C[C@@H]2CCC1O)C5=CC=CC=C5N4,,,,4.800000874803203
CC(CCC(=O)OC)C1CCC2[C@@]1(C(CC3C2C(C[C@H]4[C@]3(CCC(C4)O)C)O)O)C,,,,4.700000503883016
COC1=C(C=C(C=C1)C2=C(C(=O)C3=C(C(=C(C=C3O2)O[C@H]4C(C(C(C(O4)CO)O)O)O)OC)O)OC)O,,,,4.59999938302362
CC(C)C1=C(C2=C(C=C1)[C@]3(CCC4=C(C3CC2)COC4=O)C)O,,,,4.800000874803203
C[C@]12CCC([C@@](C1CC[C@]3(C2CC=C4[C@@]3(CC[C@@]5(C4CC(CC5)(C)C)C(=O)O)C)C)(C)CO)O,,,,4.899998417198648
C[C@@H]1CCC2[C@]([C@@]13CC[C@@](O3)(CCO)CO)(CCC([C@@]2(C)CO)O)C,,,,4.59999938302362
CC(=O)OCC1C(C([C@@H](C(O1)OC2=CC3=C(C(=C2)OC(=O)C)C(=O)C=C(O3)C4=CC=C(C=C4)OC(=O)C)OC(=O)C)OC(=O)C)OC(=O)C,,,,5.0
CC(=O)OC1[C@H]2COC(=O)C2C(C3=CC4=C(C=C13)OCO4)C5=CC(=C(C(=C5)OC)OC)OC,,,,5.900008766455316
CC(C)C(C)/C=C/C(C)C1CCC2[C@]1(CCC3C2=CCC4[C@]3(CCC(=O)C4)C)C,,,,4.59999938302362
C[C@@]12CCC3[C@]([C@]14C(O4)C(=O)OC2C5=COC=C5)(C(=O)CC6[C@@]37COC(=O)CC7OC6(C)C)C,,,,5.399996913372259
CC(C)C1CC2=C(O1)C=CC3=C2OC4COC5=CC(=C(C=C5[C@@H]4C3=O)OC)OC,,,,4.59999938302362
C1[C@H](C(OC2=CC(=CC(=C21)O)O)C3=CC(=C(C=C3)O)O)OC(=O)C4=CC(=C(C(=C4)O)O)O,,,,4.59999938302362
CC(=O)OC1CC2[C@](CCC(=O)C2(C)C)(C3[C@@]1(C45C(O4)C(=O)OC([C@@]5(CC3)C)C6=COC=C6)C)C,,,,5.399996913372259
CC1=C2CC=C3[C@](C2=CC(=C1OC(=O)C)OC(=O)C)(CC[C@@]4([C@]3(CC[C@]5(C4C[C@](CC5)(C)C(=O)O)C)C)C)C,,,,4.499999678657065
C[C@@]12CCC3[C@@]4(C(CC([C@]3(C15C(O5)C(=O)OC2C6=COC=C6)C)O)C(C(=O)[C@H]7C4O7)(C)C)C,,,,6.0
CC(C)C1=CC2=CCC3[C@](C2CC1)(CCC[C@@]3(C)C(=O)O)C,,,,4.40000018605658
CC(=O)OC[C@]1(C[C@]23CCC4C5=C(CC[C@]4(C2CCC1C3)C)OC=C5)O,,,,4.499999678657065
CC(=O)OC1CC2[C@](C3[C@@]1(C4=CC(=O)OC([C@@]4(CC3)C)C5=COC=C5)C)(C6[C@@H](O6)C(=O)C2(C)C)C,,,,4.800000874803203
C[C@]12CCC3C(C1CCC2=O)CCC4=CC(=O)C=C[C@@]34C,,,,4.899998417198648
C[C@]\1(CC[C@@]2(C(CC2(C)C)/C(=C/C=C1)/CO)O)O,,,,4.800000874803203
CC(=O)OC1CC2[C@](C3[C@@]1(C45C(O4)C(=O)OC([C@@]5(CC3)C)C6=COC=C6)C)(C(CC(C2(C)C)O)OC(=O)C)C,,,,5.599997654072044
CC(=O)OC1[C@@]2(C[C@@]34[C@@]1(C(C56C7CC(=O)OC([C@@]7(CCC5([C@@]3(C2CC(=O)OC)C)OC(O4)(O6)C)C)C8=COC=C8)OC(=O)C)OC(=O)C)C,,,,4.700000503883016
C[C@@]12CCC(=O)CC1CCC3=C2C=CC=C3OC,,,,4.800000874803203
C[C@@]12CCC(=O)C[C@H]1CCC3=C2C=C(C=C3)OC,,,,5.499996931948306
CCC\1CCC2C([C@@H](C([C@]3(O2)CCC(C(O3)CC(C)O)C)C)OC(=O)/C=C/C(C(C(C(=O)C(C(C(C(=O)[C@](C(C(C/C=C/C=C1)C)O)(C)O)C)O)C)C)O)C)C,,,,5.0999990348465305
CC(CCC=C(C)C)C1CC[C@@]2([C@]1(CCC3=C2CCC4C3(CCC(C4(C)C)O)C)C)C,,,,4.800000874803203
CC(=O)C1=CCC2[C@@]1(C(=O)CC3C2CC[C@@H]4[C@]3(CCC(C4)OC(=O)C)C)C,,,,5.299997602857746
CC1CC2C3CC[C@@](C3(CC(C2C4(C1=CC(=O)C=C4)C)O)C)(C(=O)COC(=O)C)O,,,,4.899998417198648
C[C@@H]1C(C(/C=C/C=C(\C(=O)NC2=C(C3=C(C4=C(C(=C3O)C)O[C@@](C4=O)(O/C=C/C(C([C@@H](C(C1O)C)OC(=O)C)C)OC)C)C5=C2N6C=CC(=CC6=N5)C)O)/C)C)O,,,,5.0999990348465305
C1[C@H]2C(COC2C3=CC4=C(C=C3)OCO4)C(O1)C5=CC6=C(C=C5)OCO6,,,,7.100179497572904
C1=CC(=CC=C1CCC(=O)C2=C(C=C(C=C2O[C@@H]3C(C(C(C(O3)CO)O)O)O)O)O)O,,,,4.40000018605658
COC1[C@H](C[C@@H]2CN3CCC4=C([C@H]3C[C@H]2[C@H]1C(=O)OC)NC5=C4C=CC(=C5)OC)OC(=O)C6=CC(=C(C(=C6)OC)OC)OC,,,,5.0999990348465305
C[C@@]12CCC(C(=C)C13C(O3)C(=O)OC2C4=COC=C4)C5(C=CC(=O)C(C5CC(=O)OC)(C)C)C,,,,5.599997654072044
CCCCCC1C(C(OC(=O)[C@@H]([C@H](OC1=O)C)NC(=O)C2=C(C(=CC=C2)NC=O)O)C)OC(=O)CC(C)C,,,,5.0999990348465305
CC1CCC2[C@]([C@@]3(C(C[C@]4(C5CCC6[C@@]7([C@]5(C[C@]4(C3CN2C1)O)O[C@@]6(C(CC7)OC(=O)C8=CC(=C(C(=C8)OC)OC)OC)O)C)O)O)O)(C)O,,,,4.700000503883016
CC(=O)OC1CC2[C@@](C=CC(C2(C)C)O)(C3[C@@]1(C45C(O4)C(=O)OC([C@@]5(CC3)C)C6=COC=C6)C)C,,,,4.899998417198648
CC(=O)OC1CC2[C@@](CCC(C2(C)C)O)(C3[C@@]1(C45C(O4)C(=O)OC([C@@]5(CC3)C)C6=COC=C6)C)C,,,,5.599997654072044
CC1CC([C@@]2([C@@]13CC(=O)[C@]([C@@]2(COC(=O)C3)C)(C)O)O)O,,,,4.499999678657065
C[C@]12CCC(C(C1CC[C@]3(C2CC=C4[C@@]3(CC([C@@]5(C4CC(CC5)(C)C)C(=O)O)O)C)C)(C)C)O,,,,4.800000874803203
CC(=O)OCC(=O)[C@]1(CCC2[C@]1(CC(=O)C3C2CC[C@@H]4[C@]3(CCC(C4)O)C)C)O,,,,4.899998417198648
CCC(C)C(=O)OC1CCC=C2[C@@H]1C(C(C=C2)C)CCC3CC(CC(=O)O3)O,,,,4.700000503883016
CN1CC(=C[C@@H]2[C@H]1CC3=CNC4=CC=CC2=C34)CO,,,,4.40000018605658
C[C@@]12CCC3=C(C1=CC(=O)OC2C4=COC=C4)CC5C(=O)[C@]3(C(C(C5=O)(C)C)CC(=O)OC)C,,,,5.599997654072044
CC(=O)OC1CC2[C@@](CCC(C2(C)C)O)(C3[C@@]1([C@@]45C(O4)C(=O)OC([C@@]5(CC3)C)C6=COC=C6)C)C,,,,5.599997654072044
CC(=O)C1C2[C@@](CCC34[C@@]25C([C@]6(C([C@@]7(C[C@@]6([C@]3(C7CC(=O)OC)C)OC(O5)(O4)C)C)O)O)O)(C(OC1=O)C8=COC=C8)C,,,,4.40000018605658
CC(C)C1=C(C(=C2C(=C1)CCC3[C@]2(CCCC3(C)C)C(=O)O)O)O,,,,6.50003813440381
C1[C@H]([C@@H](C([C@@H]([C@H]1N)O[C@@H]2C(C(C(C(O2)CO)O)N)O)O)O[C@@H]3[C@H](CC(C(O3)CN)O)N)N,,,,4.40000018605658
CC1=CC2=C(C=C1C)N(C=N2)C3C([C@@H]([C@H](O3)CO)OP(=O)([O-])OC(C)CNC(=O)CCC4(C(C5C6(C(C(/C(=C(/C7=N/C(=C\C8=N/C(=C(\C4=N5)/C)/C(C8(C)C)CCC(=O)N)/C(C7(C)CC(=O)N)CCC(=O)N)\C)/[N-]6)CCC(=O)N)(C)CC(=O)N)C)CC(=O)N)C)O.[CH2-]C1C(C(C(O1)N2C=NC3=C(N=CN=C32)N)O)O.[Co],,,,5.399996913372259
CC(=O)C1CCC2[C@@]1(CC(C3C2CCC4=CC(=O)CC[C@@]34C)OC(=O)C)C,,,,5.0999990348465305
C[C@@]12CC([C@]3(C(C1CC4[C@]2(OC(O4)(C)C)C(=O)CO)CC(C5=CC(=O)C=C[C@]53C)F)F)O,,,,4.40000018605658
C[C@@]12CCC(C(C1C(C[C@@]3(C2CC=C4[C@]3(CCC5(C4CC(CC5)(C)C)C(=O)O)C)C)O)(C)C)O,,,,5.599997654072044
C1C(C2[C@@H](OC=CC2(C1O)O)OC3C(C(C(C(O3)CO)O)O)O)OC(=O)/C=C/C4=CC=CC=C4,,,,5.399996913372259
CCC1C(C(C(C(O1)OC(C2=CN=CN2)C(C(=O)NC(C)C(C(C)C(=O)NC(C(C)O)C(=O)NCCC3=NC(=CS3)C4=NC(=CS4)C(=O)NCCCCN=C(N)N)O)NC(=O)C5=C(C(=NC(=N5)C(CC(=O)N)NCC(C(=O)N)N)N)C)O[C@H]6C([C@H](C(C(O6)CO)O)OC(=O)N)O)C)C.OS(=O)(=O)O.OS(=O)(=O)O,,,,4.800000874803203
CCC12C=CCN3C1C4(CC3)C([C@](C2OC(=O)C)(C(=O)OC)O)N(C5=C4C=CC(=C5)OC)C,,,,5.399996913372259
CC1CC2(C(C1OC(=O)CC3=CC=CC=C3)C([C@@]4(CCC5C(C5(C)C)/C=C(/C2=O)\C)CO4)OC(=O)C)OC(=O)C,,,,5.399996913372259
C[C@@]12CCC3[C@]4(C(CC([C@]3(C15C(O5)CC2C6=COC=C6)C)O)C(C(CC4O)O)(C)C)C,,,,5.499996931948306
CCCNC(=O)OC[C@H]1[C@H](C=C[C@H](O1)CCON=C(C)C)OC2=CC=C(C=C2)OC,,,,5.399996913372259
CC1=CC2=C(CCCCN2C[C@H](C)ON=C(C)C)N=C1C,,,5.599997654072044,5.399996913372259
CC(=NO[C@H]1[C@@H]([C@H]([C@H]([C@H](O1)COC(=O)C)OC(=O)C)OC(=O)C)OC(=O)C)C,,,5.499996931948306,
C[C@@H]1COC(=O)C/C=C\[C@H]([C@@H](COC(=O)[C@@H](NC(=O)C/C=C\[C@H]1OC)C)OC)C,,,,5.399996913372259
C[C@@H]1COC(=O)C/C=C\[C@H]([C@@H](COC(=O)C/C=C\[C@@H]([C@H](COC1=O)OC)C)OC)C,,,5.0999990348465305,5.399996913372259
C[C@@H]1/C=C\CC(=O)OC[C@@H]2[C@H](C=C[C@H](O2)[C@@H](/C=C\CC(=O)OC[C@H]1OC)C)O,,,,5.199998172182031
C[C@H]/1COC(=O)[C@H](NC(=O)C/C=C\[C@@H]([C@H](COC(=O)C/C=C1)OC)C)CCSC,,,,5.349997258115003
C[C@@H]1/C=C\CC(=O)N[C@H](C(=O)OC[C@H]([C@@H](/C=C\CC(=O)OC[C@H]1OC)C)OC)COCC2=CC=CC=C2,,,,5.299997602857746
C[C@@H]1COC(=O)C/C=C\[C@H]([C@H](COC(=O)[C@@H](NC(=O)C/C=C\[C@H]1OC)C)NS(=O)(=O)C2=CC=C(C=C2)C)C,,,,5.399996913372259
C[C@H]1COC(=O)C/C=C\[C@H]([C@H](COC1=O)NS(=O)(=O)C2=CC=C(C=C2)C)C,,,,5.399996913372259
C[C@H]/1COC(=O)C/C=C\[C@@H]([C@H](COC(=O)C/C=C1)NS(=O)(=O)C2=CC=C(C=C2)C)C,,5.299997983397418,,5.499996931948306
C[C@@H]1/C=C\CC(=O)OC[C@@H]2[C@H](C=C[C@@H](O2)[C@@H](/C=C\CC(=O)OC[C@@H]1NS(=O)(=O)C3=CC=C(C=C3)C)C)O,,,,5.499996931948306
C[C@H]1COC(=O)C/C=C\[C@@H]([C@H](COC(=O)[C@H](NC1=O)CC2=CC=CC=C2)NS(=O)(=O)C3=CC=C(C=C3)C)C,,,,5.399996913372259
C[C@@H]1/C=C\CC(=O)N[C@H](C(=O)OC[C@H]([C@@H](/C=C\CC(=O)OC[C@@H]1NS(=O)(=O)C2=CC=C(C=C2)C)C)NS(=O)(=O)C3=CC=C(C=C3)C)C,,,5.399996913372259,
C[C@H]1/C=C\CC(=O)OC[C@H]([C@H](/C=C\CC(=O)OC[C@@H]1NS(=O)(=O)C2=CC=C(C=C2)C)C)OC,,,,5.449996922660283
C[C@H]/1COC(=O)[C@H]2CCCN2C(=O)C/C=C\[C@H]([C@H](COC(=O)C/C=C1)OC)C,,5.499996931948306,,
C[C@H]/1COC(=O)[C@H](/C=C\[C@@H]([C@H](COC(=O)C/C=C1)OC)C)OCC2=CC=CC=C2,,,,5.399996913372259
C[C@H]/1COC(=O)C/C=C\[C@H]([C@@H]2C=C[C@@H]([C@H](O2)COC(=O)C/C=C1)O)C,,,5.499996931948306,5.299997602857746
C[C@H]/1COC(=O)[C@@H](NC(=O)[C@H](COC(=O)C/C=C1)C)CC2=CC=CC=C2,,,6.0,5.499996931948306
C[C@H]/1COC(=O)[C@@H](NC(=O)C/C=C\[C@H]([C@@H](COC(=O)C/C=C1)OC)C)COCC2=CC=CC=C2,,,,5.399996913372259
C[C@@H]/1COC(=O)[C@@H](NC(=O)C/C=C\[C@H]([C@@H](COC(=O)C/C=C1)OC)C)C,,,5.399996913372259,
C[C@@H]1/C=C\CC(=O)N[C@H](C(=O)OC[C@@H]([C@H](/C=C\CC(=O)OC[C@H]1OC)C)OC)C,,,,5.299997602857746
C[C@@H]1/C=C\CC(=O)N[C@@H](C(=O)OC[C@H]([C@@H](/C=C\CC(=O)N[C@H](C(=O)OC[C@H]1NS(=O)(=O)C2=CC=C(C=C2)C)C)C)OC)C,,,5.399996913372259,5.299997602857746
C[C@@H]1/C=C\CC(=O)N[C@@H](C(=O)OC[C@H]([C@@H](/C=C\CC(=O)N[C@H](C(=O)OC[C@H]1OC)COCC2=CC=CC=C2)C)OC)C,,,,5.499996931948306
C[C@@H]1COC(=O)[C@H](COC(=O)[C@H]2CCCN2C(=O)C/C=C\[C@H]1OC)C,,,5.0999990348465305,
C[C@@H]1/C=C\CC(=O)N2CCC[C@@H]2C(=O)OC[C@@H]([C@H](/C=C\CC(=O)OC[C@H]1OC)C)OC,,,,5.399996913372259
C[C@@H]1/C=C\CC(=O)N2CCC[C@@H]2C(=O)OC[C@@H]([C@H](/C=C\[C@@H](C(=O)OC[C@H]1OC)OCC3=CC=CC=C3)C)OC,,,5.499996931948306,5.399996913372259
C[C@H]1COC(=O)C/C=C\[C@@H]([C@H](COC(=O)C/C=C\[C@@H]([C@H](COC1=O)OC)C)OC)C,,5.599997654072044,,5.399996913372259
C[C@H]1COC(=O)[C@@H](NC(=O)C/C=C\[C@H]([C@H](COC1=O)NS(=O)(=O)C2=CC=C(C=C2)C)C)C,,,,5.399996913372259
C[C@H]1COC(=O)C/C=C\[C@@H]([C@H](COC(=O)C/C=C\[C@@H]([C@@H](COC1=O)OC)C)OC)C,,,,5.349997258115003
C[C@H]1COC(=O)[C@H](NC(=O)C/C=C\[C@H]([C@H](COC1=O)OC)C)COCC2=CC=CC=C2,,,,5.399996913372259
C[C@@H]1COC(=O)C/C=C\[C@@H]([C@H](COC(=O)C/C=C\[C@@H]([C@H](COC1=O)OC)C)OC)C,,5.199998172182031,,5.299997602857746
C[C@@H]1COC(=O)[C@@H](NC(=O)C/C=C\[C@H]([C@H](COC1=O)NS(=O)(=O)C2=CC=C(C=C2)C)C)C,,,,5.399996913372259
C[C@@H]/1COC(=O)[C@H](/C=C\[C@@H]([C@H](COC(=O)C/C=C1)OC)C)OCC2=CC=CC=C2,,,,5.399996913372259
C[C@@H]/1COC(=O)N[C@H](C(=O)C/C=C\[C@H]([C@@H](COC(=O)C/C=C1)NS(=O)(=O)C2=CC=C(C=C2)C)C)C,,,,5.499996931948306
C[C@@H]1/C=C\CC(=O)N[C@H](C(=O)OC[C@@H]([C@H](/C=C\CC(=O)OC[C@@H]1NS(=O)(=O)C2=CC=C(C=C2)C)C)OC)C,,,,5.399996913372259
C[C@@H]1/C=C\CC(=O)N[C@H](C(=O)OC[C@@H]([C@H](/C=C\[C@H](C(=O)OC[C@@H]1NS(=O)(=O)C2=CC=C(C=C2)C)OCC3=CC=CC=C3)C)OC)C,,,,5.499996931948306
C[C@H]/1COC(=O)[C@H](/C=C\[C@@H]([C@H](COC(=O)[C@H](NC(=O)C/C=C1)CCSC)OC)C)OCC2=CC=CC=C2,,,,5.299997602857746
C[C@H]1COC(=O)[C@H]2CCCN2C(=O)[C@H](COC(=O)[C@H]3CCCN3C1=O)C,,,5.199998172182031,
C[C@H]1COC(=O)C/C=C\[C@@H]([C@H](COC(=O)[C@H](NC1=O)CC2=CC=CC=C2)OC)C,,,,5.199998172182031
C[C@H]/1[C@@H](COC(=O)C/C=C\[C@H]([C@@H](COC(=O)C/C=C1)OC)C)OC,,,,5.199998172182031
C[C@H]/1[C@@H](COC(=O)C/C=C\[C@H]([C@H](COC(=O)C/C=C1)NS(=O)(=O)C2=CC=C(C=C2)C)C)NS(=O)(=O)C3=CC=C(C=C3)C,,,,5.499996931948306
C[C@H]/1[C@@H](COC(=O)[C@@H](NC(=O)C/C=C\[C@H]([C@@H](COC(=O)[C@@H](NC(=O)C/C=C1)C)OC)C)C)OC,,6.199970640755866,,
C[C@H]1/C=C\CC(=O)N[C@H](C(=O)OC[C@@H]([C@H](/C=C\CC(=O)OC[C@@H]1OC)C)OC)CC2=CC=CC=C2,,,,5.499996931948306
C[C@H]/1COC(=O)[C@@H](NC(=O)C/C=C\[C@H]([C@@H](COC(=O)C/C=C1)OC)C)CC2=CC=CC=C2,,,,5.799998134593398
C[C@H]1COC(=O)[C@H](NC(=O)C/C=C\[C@H]([C@H](COC1=O)OC)C)CC2=CC=CC=C2,,,,5.199998172182031
C[C@@H]1COC(=O)[C@H](NC(=O)C/C=C\[C@H]([C@H](COC1=O)OC)C)CC2=CC=CC=C2,,,,5.199998172182031
C[C@@H]/1COC(=O)[C@@H](NC(=O)C/C=C\[C@H]([C@@H](COC(=O)C/C=C1)OC)C)CC2=CC=CC=C2,,,,5.199998172182031
C[C@@H]1/C=C\CC(=O)N[C@H](C(=O)OC[C@@H]([C@H](/C=C\CC(=O)OC[C@H]1OC)C)OC)CC2=CC=CC=C2,,,,5.399996913372259
C[C@@H]1/C=C\CC(=O)N[C@@H](C(=O)OC[C@@H]([C@H](/C=C\CC(=O)OC[C@H]1OC)C)OC)C,,,5.399996913372259,
C[C@@H]1/C=C\CC(=O)N[C@H](C(=O)OC[C@@H]2[C@H](C=C[C@H](O2)[C@@H](/C=C\CC(=O)OC[C@H]1OC)C)O)C,,,5.299997602857746,
C[C@H]1CCCC(=O)OC[C@H]([C@@H](/C=C\CC(=O)OC[C@@H]1OC)C)OC,,,,5.499996931948306
C[C@H]1CCCC(=O)OC[C@@H]([C@H](/C=C\CC(=O)OC[C@@H]1OC)C)NS(=O)(=O)C2=CC=C(C=C2)C,,5.399996913372259,,5.399996913372259
C[C@@H]1CCCC(=O)OC[C@H]([C@@H](/C=C\CC(=O)N[C@H](C(=O)OC[C@H]1OC)C)OC)C,,,,5.499996931948306
C[C@@H]1CCCC(=O)OC[C@@H]([C@H](/C=C\CC(=O)N2CCC[C@@H]2C(=O)OC[C@H]1OC)C)OC,,,,5.299997602857746
C[C@@H]1CCCC(=O)OC[C@@H]2[C@H](C=C[C@H](O2)[C@@H](/C=C\CC(=O)OC[C@H]1OC)C)O,,,,5.399996913372259
C[C@H]1CCCC(=O)OC[C@@H]([C@H](/C=C\CC(=O)OC[C@H]1OC)C)OC,,,5.499996931948306,
C[C@H]1/C=C\CC(=O)OC[C@@H]([C@H](/C=C\CC(=O)OC[C@@H]1NS(=O)(=O)C2=CC=C(C=C2)C)C)OC,,,6.400007822415902,5.499996931948306
C[C@H]1COC(=O)[C@@H](NC(=O)C/C=C\[C@H]([C@@H](COC(=O)[C@H]2CCCN2C1=O)OC)C)COCC3=CC=CC=C3,,,,5.399996913372259
C[C@H]1COC(=O)[C@H]2CCCN2C(=O)C/C=C\[C@H]([C@H](COC(=O)[C@@H](NC1=O)C)OC)C,,5.0999990348465305,,
C[C@@H]1CCCC(=O)OC[C@H]([C@@H](/C=C\CC(=O)N[C@H](C(=O)OC[C@H]1OC)CC2=CC=CC=C2)C)OC,,,5.499996931948306,5.399996913372259
C[C@@H]1CCCC(=O)OC[C@@H](/C=C\CC(=O)N[C@@H](C(=O)OC[C@H]1OC)CCSC)C,,,,5.399996913372259
C[C@@H]/1[C@H](COC(=O)C/C=C\[C@@H]([C@H](COC(=O)C/C=C1)NS(=O)(=O)C2=CC=C(C=C2)C)C)NS(=O)(=O)C3=CC=C(C=C3)C,,,,5.399996913372259
CC1=CC=C(C=C1)S(=O)(=O)N[C@H](CO)[C@H](C)/C=C\CC(=O)OC,,,,5.399996913372259
C[C@@H](CO)/C=C\CC(=O)N[C@@H](CCSC)C(=O)OC,,7.0,,
C[C@H](/C=C\CC(=O)N[C@@H](CC1=CC=CC=C1)C(=O)OC)[C@@H](CO)OC,,5.499996931948306,5.399996913372259,5.499996931948306
CC1=CC=C(C=C1)O[C@H]2C=C[C@H](O[C@H]2COC(=O)NCC3=CC=CC4=CC=CC=C43)CC=C,,5.399996913372259,5.0999990348465305,5.499996931948306
COC1=CC=C(C=C1)O[C@H]2C=C[C@H](O[C@H]2COC(=O)NCC3=CC=CC4=CC=CC=C43)C5=CC=CC=C5,,5.599997654072044,5.0999990348465305,
CCCNC(=O)OC[C@H]1[C@H](C=C[C@H](O1)C2=CC=CC=C2)OC3=CC=C(C=C3)OC,,,5.499996931948306,5.399996913372259
COC1=CC=C(C=C1)O[C@H]2C=C[C@H](O[C@H]2COC(=O)N3CCCCC3)C4=CC=CC=C4,,5.599997654072044,5.399996913372259,
C/C(=N/OC)/CCC(=O)OC[C@H]1[C@H](C=C[C@H](O1)C2=CC=CC=C2)OC3=CC=C(C=C3)OC,,5.399996913372259,,5.499996931948306
C/C(=N/OC[C@H]1[C@H](C=C[C@H](O1)C2=CC=CC=C2)OC3=CC=C(C=C3)OC)/CCC(=O)OC[C@H]4[C@H](C=C[C@H](O4)C5=CC=CC=C5)OC6=CC=C(C=C6)OC,,,,5.399996913372259
CCCNC(=O)OC[C@H]1[C@H](C=C[C@H](O1)CCO/N=C(\C)/CCC(=O)OC[C@H]2[C@H](C=C[C@H](O2)C3=CC=CC=C3)OC4=CC=C(C=C4)OC)OC5=CC=C(C=C5)OC,,5.399996913372259,,5.299997602857746
C/C(=N\OCC[C@@H]1C=C[C@@H]([C@@H](O1)COC(=O)C)OC(=O)C)/CCC(=O)OC[C@H]2[C@H](C=C[C@H](O2)C3=CC=CC=C3)OC4=CC=C(C=C4)OC,,5.399996913372259,6.100015437450609,5.399996913372259
CC1=CC2=C(CCCCN2C[C@H](C)O/N=C(/C)\CCC(=O)OC[C@H]3[C@H](C=C[C@H](O3)C4=CC=CC=C4)OC5=CC=C(C=C5)OC)N=C1C,,,5.399996913372259,5.399996913372259
CC1=CC2=C(CCCN2C[C@H](C)O/N=C(/C)\CCC(=O)OC[C@H]3[C@H](C=C[C@H](O3)C4=CC=CC=C4)OC5=CC=C(C=C5)OC)N=C1C,,5.399996913372259,5.499996931948306,5.499996931948306
C/C(=N/OC[C@H]([C@@H]1[C@H]([C@H]2[C@@H](O1)OC(O2)(C)C)O)O)/CCC(=O)OC[C@H]3[C@H](C=C[C@H](O3)C4=CC=CC=C4)OC5=CC=C(C=C5)OC,,5.799998134593398,,5.399996913372259
C/C(=N/O[C@@H]1C=C[C@H](O[C@@H]1CO)CC=C)/CCC(=O)OC[C@H]2[C@H](C=C[C@H](O2)C3=CC=CC=C3)OC4=CC=C(C=C4)OC,,7.899629454882437,,5.399996913372259
C/C(=N/OC[C@H](COCC1=CC=CO1)O)/CCC(=O)OC[C@H]2[C@H](C=C[C@H](O2)C3=CC=CC=C3)OC4=CC=C(C=C4)OC,,5.499996931948306,,5.499996931948306
C[C@@H](C1=CN(N=N1)[C@H]2COC[C@H]2O)O/N=C(/C)\CCC(=O)OC[C@H]3[C@H](C=C[C@H](O3)C4=CC=CC=C4)OC5=CC=C(C=C5)OC,,5.599997654072044,5.0999990348465305,5.399996913372259
C[C@@H](C1=CN(N=N1)[C@@H](CC2=CC=CC=C2)CO)O/N=C(/C)\CCC(=O)OC[C@H]3[C@H](C=C[C@H](O3)C4=CC=CC=C4)OC5=CC=C(C=C5)OC,,5.75000321026368,5.399996913372259,5.349997258115003
CC1=CC(=C(C(=C1)C)C2=NOC(=C2)[C@H](C)O/N=C(/C)\CCC(=O)OC[C@H]3[C@H](C=C[C@H](O3)C4=CC=CC=C4)OC5=CC=C(C=C5)OC)C,,5.799998134593398,,5.499996931948306
C[C@H](CO/N=C(/C)\CCC(=O)OC[C@H]1[C@H](C=C[C@H](O1)C2=CC=CC=C2)OC3=CC=C(C=C3)OC)[C@@H](C(C)C)OCC4=CC=CC=C4,,,,5.499996931948306
C/C(=N\O[C@H]1[C@@H]([C@H]([C@H]([C@H](O1)COC(=O)C)OC(=O)C)OC(=O)C)OC(=O)C)/CCC(=O)OC[C@H]2[C@H](C=C[C@H](O2)C3=CC=CC=C3)OC4=CC=C(C=C4)OC,,,5.499996931948306,5.299997602857746
CC1=CC=C(C=C1)O[C@H]2C=C[C@H](O[C@H]2COC(=O)CC/C(=N\OC)/C)C#CC3=CC=CC=C3,,,5.399996913372259,5.399996913372259
CC1=CC=C(C=C1)O[C@H]2C=C[C@H](O[C@H]2COC(=O)CC/C(=N\OC[C@H]3[C@H](C=C[C@H](O3)C4=CC=CC=C4)OC5=CC=C(C=C5)OC)/C)C#CC6=CC=CC=C6,,,,5.499996931948306
CCCNC(=O)OC[C@H]1[C@H](C=C[C@H](O1)CCO/N=C(\C)/CCC(=O)OC[C@H]2[C@H](C=C[C@H](O2)C#CC3=CC=CC=C3)OC4=CC=C(C=C4)C)OC5=CC=C(C=C5)OC,,,,5.399996913372259
CC1=CC=C(C=C1)O[C@H]2C=C[C@H](O[C@H]2COC(=O)CC/C(=N/OCC[C@@H]3C=C[C@@H]([C@@H](O3)COC(=O)C)OC(=O)C)/C)C#CC4=CC=CC=C4,,5.199998172182031,,5.499996931948306
CC1=CC=C(C=C1)O[C@H]2C=C[C@H](O[C@H]2COC(=O)CC/C(=N\O[C@@H](C)CN3CCCCC4=C3C=C(C(=N4)C)C)/C)C#CC5=CC=CC=C5,,,5.499996931948306,5.499996931948306
CC1=CC=C(C=C1)O[C@H]2C=C[C@H](O[C@H]2COC(=O)CC/C(=N\O[C@@H](C)CN3CCCC4=C3C=C(C(=N4)C)C)/C)C#CC5=CC=CC=C5,,5.599997654072044,5.499996931948306,5.399996913372259
CC1=CC=C(C=C1)O[C@H]2C=C[C@H](O[C@H]2COC(=O)CC/C(=N\OC[C@H]([C@@H]3[C@H]([C@H]4[C@@H](O3)OC(O4)(C)C)O)O)/C)C#CC5=CC=CC=C5,,,,5.399996913372259
CC1=CC=C(C=C1)O[C@H]2C=C[C@H](O[C@H]2COC(=O)CC/C(=N\O[C@@H]3C=C[C@H](O[C@@H]3CO)CC=C)/C)C#CC4=CC=CC=C4,,,,5.299997602857746
CC1=CC=C(C=C1)O[C@H]2C=C[C@H](O[C@H]2COC(=O)CC/C(=N\OC[C@H](COCC3=CC=CO3)O)/C)C#CC4=CC=CC=C4,,5.799998134593398,,5.499996931948306
CC1=CC=C(C=C1)O[C@H]2C=C[C@H](O[C@H]2COC(=O)CC/C(=N\O[C@@H](C)C3=CN(N=N3)[C@H]4COC[C@H]4O)/C)C#CC5=CC=CC=C5,,5.799998134593398,,5.399996913372259
CC1=CC=C(C=C1)O[C@H]2C=C[C@H](O[C@H]2COC(=O)CC/C(=N\O[C@@H](C)C3=CN(N=N3)[C@@H](CC4=CC=CC=C4)CO)/C)C#CC5=CC=CC=C5,,5.5499972930101755,,5.449996922660283
CC1=CC=C(C=C1)O[C@H]2C=C[C@H](O[C@H]2COC(=O)CC/C(=N\OC[C@@H](C)[C@@H](C(C)C)OCC3=CC=CC=C3)/C)C#CC4=CC=CC=C4,,,,5.399996913372259
CC1=CC=C(C=C1)O[C@H]2C=C[C@H](O[C@H]2COC(=O)CC/C(=N/O[C@H]3[C@@H]([C@H]([C@H]([C@H](O3)COC(=O)C)OC(=O)C)OC(=O)C)OC(=O)C)/C)C#CC4=CC=CC=C4,,,5.399996913372259,5.499996931948306
CC(=O)OC[C@H]1[C@H](C=C[C@H](O1)C/C=N\OC[C@H]2[C@H](C=C[C@H](O2)C3=CC=CC=C3)OC4=CC=C(C=C4)OC)OC(=O)C,,5.499996931948306,,5.399996913372259
CCCNC(=O)OC[C@H]1[C@H](C=C[C@H](O1)CCO/N=C\C[C@H]2C=C[C@@H]([C@H](O2)COC(=O)C)OC(=O)C)OC3=CC=C(C=C3)OC,,,,5.399996913372259
CC(=O)OC[C@@H]1[C@H](C=C[C@@H](O1)CCO/N=C\C[C@@H]2C=C[C@@H]([C@@H](O2)COC(=O)C)OC(=O)C)OC(=O)C,,,,5.499996931948306
CC1=CC2=C(CCCCN2C[C@H](C)O/N=C\C[C@@H]3C=C[C@@H]([C@@H](O3)COC(=O)C)OC(=O)C)N=C1C,,,5.499996931948306,5.499996931948306
CC1=CC2=C(CCCN2C[C@H](C)O/N=C\C[C@@H]3C=C[C@@H]([C@@H](O3)COC(=O)C)OC(=O)C)N=C1C,,,5.499996931948306,5.399996913372259
CC(=O)OC[C@H]1[C@H](C=C[C@H](O1)C/C=N\O[C@@H]2C=C[C@H](O[C@@H]2CO)CC=C)OC(=O)C,,,,5.399996913372259
C[C@@H](C1=CN(N=N1)[C@@H](CC2=CC=CC=C2)CO)O/N=C\C[C@@H]3C=C[C@@H]([C@@H](O3)COC(=O)C)OC(=O)C,,,,5.349997258115003
CC1=CC(=C(C(=C1)C)C2=NOC(=C2)[C@H](C)O/N=C\C[C@@H]3C=C[C@@H]([C@@H](O3)COC(=O)C)OC(=O)C)C,,5.499996931948306,,5.499996931948306
C[C@H](CO/N=C\C[C@@H]1C=C[C@@H]([C@@H](O1)COC(=O)C)OC(=O)C)[C@@H](C(C)C)OCC2=CC=CC=C2,,5.199998172182031,,
CC(=O)OC[C@H]1[C@H](C=C[C@H](O1)C/C=N\O[C@H]2[C@@H]([C@H]([C@@H]([C@H](O2)COC(=O)C)OC(=O)C)OC(=O)C)OC(=O)C)OC(=O)C,,,5.399996913372259,
CCCNC(=O)OC[C@H]1[C@H](C=C[C@H](O1)CCO/N=C(\C)/CCN2CCCCC3=C2C=C(C(=N3)C)C)OC4=CC=C(C=C4)OC,,5.399996913372259,5.599997654072044,5.499996931948306
CC1=CC2=C(CCCCN2CC/C(=N/OCC[C@@H]3C=C[C@@H]([C@@H](O3)COC(=O)C)OC(=O)C)/C)N=C1C,,,,5.499996931948306
CC1=CC2=C(CCCCN2CC/C(=N/O[C@@H](C)CN3CCCC4=C3C=C(C(=N4)C)C)/C)N=C1C,,,5.499996931948306,5.499996931948306
CC1=CC2=C(CCCCN2CC/C(=N/O[C@H]3C=C[C@H](O[C@H]3CO)CC=C)/C)N=C1C,,,5.399996913372259,5.399996913372259
CC1=CC2=C(CCCCN2CC/C(=N/O[C@H]3[C@@H]([C@H]([C@H]([C@H](O3)COC(=O)C)OC(=O)C)OC(=O)C)OC(=O)C)/C)N=C1C,,,5.399996913372259,5.399996913372259
CCCNC(=O)OC[C@H]1[C@H](C=C[C@H](O1)CCO/N=C(\C)/CCN2CCCC3=C2C=C(C(=N3)C)C)OC4=CC=C(C=C4)OC,,,,5.399996913372259
CC1=CC2=C(CCCN2CC/C(=N/OCC[C@@H]3C=C[C@@H]([C@@H](O3)COC(=O)C)OC(=O)C)/C)N=C1C,,,,5.399996913372259
CC1=CC2=C(CCCN2CC/C(=N/O[C@@H](C)CN3CCCC4=C3C=C(C(=N4)C)C)/C)N=C1C,,,5.499996931948306,5.399996913372259
CC1=CC2=C(CCCN2CC/C(=N/O[C@H]3C=C[C@H](O[C@H]3CO)CC=C)/C)N=C1C,,,5.499996931948306,5.599997654072044
CC1=CC2=C(CCCN2CC/C(=N/O[C@@H](C)C3=CN(N=N3)[C@@H]4COC[C@@H]4O)/C)N=C1C,,,,5.499996931948306
CC1=CC2=C(CCCN2CC/C(=N/O[C@H]3[C@@H]([C@H]([C@H]([C@H](O3)COC(=O)C)OC(=O)C)OC(=O)C)OC(=O)C)/C)N=C1C,,,5.499996931948306,5.399996913372259
C[C@H]1CC[C@H](N([C@@H]1C2=CC=C(C=C2)C)C(=O)C3=CC=C(C=C3)/C=N\OC[C@H]4[C@H](C=C[C@H](O4)C5=CC=CC=C5)OC6=CC=C(C=C6)OC)C(=O)OC,,,,5.499996931948306
CCCNC(=O)OC[C@H]1[C@H](C=C[C@H](O1)CCO/N=C\C2=CC=C(C=C2)C(=O)N3[C@@H](CC[C@@H]([C@H]3C4=CC=C(C=C4)C)C)C(=O)OC)OC5=CC=C(C=C5)OC,,5.399996913372259,,5.499996931948306
C[C@H]1CC[C@H](N([C@@H]1C2=CC=C(C=C2)C)C(=O)C3=CC=C(C=C3)/C=N\OCC[C@@H]4C=C[C@@H]([C@@H](O4)COC(=O)C)OC(=O)C)C(=O)OC,,5.399996913372259,,
C[C@H]1CC[C@H](N([C@@H]1C2=CC=C(C=C2)C)C(=O)C3=CC=C(C=C3)/C=N\O[C@@H](C)CN4CCCC5=C4C=C(C(=N5)C)C)C(=O)OC,,5.499996931948306,5.199998172182031,5.399996913372259
C[C@H]1CC[C@H](N([C@@H]1C2=CC=C(C=C2)C)C(=O)C3=CC=C(C=C3)/C=N\OC[C@H]([C@@H]4[C@H]([C@H]5[C@@H](O4)OC(O5)(C)C)O)O)C(=O)OC,,5.599997654072044,,5.199998172182031
C[C@H]1CC[C@H](N([C@@H]1C2=CC=C(C=C2)C)C(=O)C3=CC=C(C=C3)/C=N\O[C@@H]4C=C[C@H](O[C@@H]4CO)CC=C)C(=O)OC,,5.399996913372259,,5.399996913372259
C[C@H]1CC[C@H](N([C@@H]1C2=CC=C(C=C2)C)C(=O)C3=CC=C(C=C3)/C=N\O[C@@H](C)C4=CN(N=N4)[C@H]5COC[C@H]5O)C(=O)OC,,5.499996931948306,,5.499996931948306
C[C@H]1CC[C@H](N([C@@H]1C2=CC=C(C=C2)C)C(=O)C3=CC=C(C=C3)/C=N\O[C@H]4[C@@H]([C@H]([C@H]([C@H](O4)COC(=O)C)OC(=O)C)OC(=O)C)OC(=O)C)C(=O)OC,,5.799998134593398,,
CC1=CC=C(C=C1)S(=O)(=O)N[C@H](/C=N\OC[C@H]2[C@H](C=C[C@H](O2)C3=CC=CC=C3)OC4=CC=C(C=C4)OC)[C@H](C)/C=C\CC(=O)OC,,5.900008766455316,,5.299997602857746
CCCNC(=O)OC[C@@H]1[C@H](C=C[C@@H](O1)CCO/N=C\[C@H]([C@H](C)/C=C\CC(=O)OC)NS(=O)(=O)C2=CC=C(C=C2)C)OC3=CC=C(C=C3)OC,,5.399996913372259,,5.499996931948306
CC1=CC=C(C=C1)S(=O)(=O)N[C@H](/C=N\OCC[C@H]2C=C[C@@H]([C@H](O2)COC(=O)C)OC(=O)C)[C@H](C)/C=C\CC(=O)OC,,5.299997602857746,,5.399996913372259
CC1=CC=C(C=C1)S(=O)(=O)N[C@H](/C=N\O[C@@H](C)CN2CCCCC3=C2C=C(C(=N3)C)C)[C@H](C)/C=C\CC(=O)OC,,,,5.399996913372259
CC1=CC=C(C=C1)S(=O)(=O)N[C@H](/C=N\O[C@@H](C)CN2CCCC3=C2C=C(C(=N3)C)C)[C@H](C)/C=C\CC(=O)OC,,5.499996931948306,5.499996931948306,
CC1=CC=C(C=C1)S(=O)(=O)N[C@H](/C=N\OC[C@H]([C@@H]2[C@H]([C@H]3[C@@H](O2)OC(O3)(C)C)O)O)[C@H](C)/C=C\CC(=O)OC,,,,5.399996913372259
CC1=CC=C(C=C1)S(=O)(=O)N[C@H](/C=N\O[C@@H]2C=C[C@H](O[C@@H]2CO)CC=C)[C@H](C)/C=C\CC(=O)OC,,,,5.399996913372259
CC1=CC=C(C=C1)S(=O)(=O)N[C@H](/C=N\OC[C@H](COCC2=CC=CO2)O)[C@H](C)/C=C\CC(=O)OC,,,5.499996931948306,5.499996931948306
CC1=CC=C(C=C1)S(=O)(=O)N[C@H](/C=N\O[C@@H](C)C2=CN(N=N2)[C@H]3COC[C@H]3O)[C@H](C)/C=C\CC(=O)OC,,,,5.399996913372259
CC1=CC=C(C=C1)S(=O)(=O)N[C@H](/C=N\O[C@@H](C)C2=CN(N=N2)[C@@H](CC3=CC=CC=C3)CO)[C@H](C)/C=C\CC(=O)OC,,5.499996931948306,5.199998172182031,5.549994355409224
CC1=CC=C(C=C1)S(=O)(=O)N[C@H](/C=N\O[C@@H](C)C2=CC(=NO2)C3=C(C=C(C=C3C)C)C)[C@H](C)/C=C\CC(=O)OC,,5.599997654072044,,5.499996931948306
CC1=CC=C(C=C1)S(=O)(=O)N[C@H](/C=N\OC[C@@H](C)[C@@H](C(C)C)OCC2=CC=CC=C2)[C@H](C)/C=C\CC(=O)OC,,5.599997654072044,,5.399996913372259
CC1=CC=C(C=C1)S(=O)(=O)N[C@H](/C=N\O[C@H]2[C@@H]([C@H]([C@@H]([C@H](O2)COC(=O)C)OC(=O)C)OC(=O)C)OC(=O)C)[C@H](C)/C=C\CC(=O)OC,,,5.599997654072044,
COC1=CC\2=C(C=C1)O[C@H]([C@H](/C2=N\OC)O)C3=CC(=CC=C3)OC,,,5.499996931948306,5.199998172182031
COC1=CC=C(C=C1)O[C@H]2C=C[C@H](O[C@H]2CO/N=C/3\[C@@H]([C@@H](OC4=C3C=C(C=C4)OC)C5=CC(=CC=C5)OC)O)C6=CC=CC=C6,,5.499996931948306,,5.499996931948306
CCCNC(=O)OC[C@H]1[C@H](C=C[C@H](O1)CCO/N=C\2/[C@@H]([C@H](OC3=C2C=C(C=C3)OC)C4=CC(=CC=C4)OC)O)OC5=CC=C(C=C5)OC,,5.199998172182031,,5.299997602857746
CC(=O)OC[C@H]1[C@H](C=C[C@H](O1)CCO/N=C\2/[C@@H]([C@H](OC3=C2C=C(C=C3)OC)C4=CC(=CC=C4)OC)O)OC(=O)C,,5.499996931948306,,5.499996931948306
CC1=CC2=C(CCCCN2C[C@H](C)O/N=C/3\[C@@H]([C@@H](OC4=C3C=C(C=C4)OC)C5=CC(=CC=C5)OC)O)N=C1C,,5.799998134593398,5.499996931948306,5.399996913372259
CC1=CC2=C(CCCN2C[C@H](C)O/N=C/3\[C@@H]([C@@H](OC4=C3C=C(C=C4)OC)C5=CC(=CC=C5)OC)O)N=C1C,,5.699991797446187,5.399996913372259,5.499996931948306
CC1(O[C@@H]2[C@H]([C@@H](O[C@@H]2O1)[C@@H](CO/N=C\3/[C@@H]([C@H](OC4=C3C=C(C=C4)OC)C5=CC(=CC=C5)OC)O)O)O)C,,,5.499996931948306,5.399996913372259
COC1=CC\2=C(C=C1)O[C@@H]([C@H](/C2=N/O[C@H]3C=C[C@H](O[C@H]3CO)CC=C)O)C4=CC(=CC=C4)OC,,6.400007822415902,5.299997602857746,
COC1=CC\2=C(C=C1)O[C@H]([C@H](/C2=N\OC[C@H](COCC3=CC=CO3)O)O)C4=CC(=CC=C4)OC,,5.499996931948306,,5.499996931948306
C[C@@H](C1=CN(N=N1)[C@H]2COC[C@H]2O)O/N=C/3\[C@@H]([C@@H](OC4=C3C=C(C=C4)OC)C5=CC(=CC=C5)OC)O,,,,5.499996931948306
CC1=CC(=C(C(=C1)C)C2=NOC(=C2)[C@H](C)O/N=C/3\[C@@H]([C@@H](OC4=C3C=C(C=C4)OC)C5=CC(=CC=C5)OC)O)C,,5.599997654072044,,5.799998134593398
C[C@H](CO/N=C/1\[C@@H]([C@@H](OC2=C1C=C(C=C2)OC)C3=CC(=CC=C3)OC)O)[C@@H](C(C)C)OCC4=CC=CC=C4,,5.399996913372259,,5.499996931948306
CC(=O)OC[C@@H]1[C@@H]([C@@H]([C@H]([C@@H](O1)O/N=C\2/[C@@H]([C@H](OC3=C2C=C(C=C3)OC)C4=CC(=CC=C4)OC)O)OC(=O)C)OC(=O)C)OC(=O)C,,,5.499996931948306,5.499996931948306
CCN1C(=O)[C@H]2CC[C@@H]\3[C@@H]([C@@H]2C1=O)[C@@H]([C@@H](C/C3=N/OC[C@H]4[C@H](C=C[C@H](O4)C5=CC=CC=C5)OC6=CC=C(C=C6)OC)O)O,,,5.199998172182031,
CCCNC(=O)OC[C@@H]1[C@H](C=C[C@@H](O1)CCO/N=C\2/C[C@H]([C@H]([C@H]3[C@H]2CC[C@H]4[C@H]3C(=O)N(C4=O)CC)O)O)OC5=CC=C(C=C5)OC,,,,5.499996931948306
CCN1C(=O)[C@H]2CC[C@@H]\3[C@@H]([C@@H]2C1=O)[C@@H]([C@@H](C/C3=N/O[C@@H](C)CN4CCCCC5=C4C=C(C(=N5)C)C)O)O,,,5.499996931948306,5.399996913372259
CCN1C(=O)[C@H]2CC[C@@H]\3[C@@H]([C@@H]2C1=O)[C@@H]([C@@H](C/C3=N/O[C@@H](C)CN4CCCC5=C4C=C(C(=N5)C)C)O)O,,,5.499996931948306,5.399996913372259
CCN1C(=O)[C@H]2CC[C@@H]\3[C@@H]([C@@H]2C1=O)[C@@H]([C@@H](C/C3=N/O[C@@H](C)C4=CN(N=N4)[C@@H](CC5=CC=CC=C5)CO)O)O,,,,5.399997267403027
CCN1C(=O)[C@H]2CC[C@@H]\3[C@@H]([C@@H]2C1=O)[C@@H]([C@@H](C/C3=N/O[C@@H](C)C4=CC(=NO4)C5=C(C=C(C=C5C)C)C)O)O,,,,5.399996913372259
CCN1C(=O)[C@H]2CC[C@@H]\3[C@@H]([C@@H]2C1=O)[C@@H]([C@@H](C/C3=N/OC[C@@H](C)[C@@H](C(C)C)OCC4=CC=CC=C4)O)O,,,5.799998134593398,5.399996913372259
CCN1C(=O)[C@H]2CC[C@@H]\3[C@@H]([C@@H]2C1=O)[C@@H]([C@@H](C/C3=N/O[C@H]4[C@@H]([C@H]([C@@H]([C@H](O4)COC(=O)C)OC(=O)C)OC(=O)C)OC(=O)C)O)O,,,5.399996913372259,
COC1=CC=C(C=C1)O[C@H]2C=C[C@H](O[C@H]2CO/N=C/3\[C@@H]4CCN5C(=O)N(C(=O)N5[C@H]4[C@@H]([C@@H]6[C@@H]3O6)O)C7=CC=CC=C7)C8=CC=CC=C8,,5.699991797446187,5.399996913372259,5.499996931948306
CCCNC(=O)OC[C@@H]1[C@H](C=C[C@@H](O1)CCO/N=C/2\[C@@H]3CCN4C(=O)N(C(=O)N4[C@H]3[C@@H]([C@@H]5[C@@H]2O5)O)C6=CC=CC=C6)OC7=CC=C(C=C7)OC,,,,5.499996931948306
CC1=CC2=C(CCCCN2C[C@H](C)O/N=C/3\[C@@H]4CCN5C(=O)N(C(=O)N5[C@H]4[C@@H]([C@@H]6[C@@H]3O6)O)C7=CC=CC=C7)N=C1C,,,5.399996913372259,5.299997602857746
CC1=CC2=C(CCCN2C[C@H](C)O/N=C/3\[C@@H]4CCN5C(=O)N(C(=O)N5[C@H]4[C@@H]([C@@H]6[C@@H]3O6)O)C7=CC=CC=C7)N=C1C,,,5.599997654072044,5.199998172182031
C=CC[C@@H]1C=C[C@H]([C@H](O1)CO)O/N=C/2\[C@@H]3CCN4C(=O)N(C(=O)N4[C@H]3[C@@H]([C@@H]5[C@@H]2O5)O)C6=CC=CC=C6,,,,5.499996931948306
C[C@@H](C1=CN(N=N1)[C@@H](CC2=CC=CC=C2)CO)O/N=C/3\[C@@H]4CCN5C(=O)N(C(=O)N5[C@H]4[C@@H]([C@@H]6[C@@H]3O6)O)C7=CC=CC=C7,,,,5.399996913372259
CC(=O)OC[C@@H]1[C@H]([C@@H]([C@H]([C@@H](O1)O/N=C/2\[C@@H]3CCN4C(=O)N(C(=O)N4[C@H]3[C@@H]([C@@H]5[C@@H]2O5)O)C6=CC=CC=C6)OC(=O)C)OC(=O)C)OC(=O)C,,,5.499996931948306,
CCCNC(=O)OC[C@H]1[C@H](C=C[C@H](O1)CCO/N=C\[C@@H](C)[C@@H](C(C)C)OCC2=CC=CC=C2)OC3=CC=C(C=C3)OC,,,,5.399996913372259
CC1=CC2=C(CCCN2C[C@H](C)O/N=C\[C@@H](C)[C@@H](C(C)C)OCC3=CC=CC=C3)N=C1C,,,5.499996931948306,
C[C@H](/C=N\O[C@H]1C=C[C@H](O[C@H]1CO)CC=C)[C@@H](C(C)C)OCC2=CC=CC=C2,,5.399996913372259,,5.399996913372259
C[C@H](/C=N\O[C@H]1[C@@H]([C@H]([C@H]([C@H](O1)COC(=O)C)OC(=O)C)OC(=O)C)OC(=O)C)[C@@H](C(C)C)OCC2=CC=CC=C2,,,5.399996913372259,
CCCNC(=O)OC[C@H]1[C@H](C=C[C@H](O1)CCO/N=C(\C)/CCN2CCC3=NC(=C(C=C3C2)CC)CC)OC4=CC=C(C=C4)OC,,,,5.399996913372259
CCC1=C(N=C2CCN(CC2=C1)CC/C(=N/OCC[C@@H]3C=C[C@@H]([C@@H](O3)COC(=O)C)OC(=O)C)/C)CC,,,,5.499996931948306
CCC1=C(N=C2CCN(CC2=C1)CC/C(=N/O[C@@H](C)CN3CCCCC4=C3C=C(C(=N4)C)C)/C)CC,,,5.499996931948306,5.499996931948306
CCC1=C(N=C2CCN(CC2=C1)CC/C(=N/OC[C@H]([C@H]3[C@@H]([C@@H]4[C@H](O3)OC(O4)(C)C)O)O)/C)CC,,,5.199998172182031,5.199998172182031
CCC1=C(N=C2CCN(CC2=C1)CC/C(=N/O[C@H]3C=C[C@H](O[C@H]3CO)CC=C)/C)CC,,,5.399996913372259,
CCC1=C(N=C2CCN(CC2=C1)CC/C(=N/O[C@@H](C)C3=CN(N=N3)[C@@H]4COC[C@@H]4O)/C)CC,,,5.599997654072044,
CCC1=C(N=C2CCN(CC2=C1)CC/C(=N/O[C@H]3[C@@H]([C@H]([C@H]([C@H](O3)COC(=O)C)OC(=O)C)OC(=O)C)OC(=O)C)/C)CC,,,5.399996913372259,
CCCNC(=O)OC[C@H]1[C@H](C=C[C@H](O1)CCO/N=C(\C)/CCN2CCC3=NC(=C(C=C3C2)C4=CC=CC=C4)C5=CC=CC=C5)OC6=CC=C(C=C6)OC,,5.699991797446187,,5.499996931948306
C/C(=N\OCC[C@@H]1C=C[C@@H]([C@@H](O1)COC(=O)C)OC(=O)C)/CCN2CCC3=NC(=C(C=C3C2)C4=CC=CC=C4)C5=CC=CC=C5,,5.499996931948306,,5.399996913372259
CC1=CC2=C(CCCCN2C[C@H](C)O/N=C(\C)/CCN3CCC4=NC(=C(C=C4C3)C5=CC=CC=C5)C6=CC=CC=C6)N=C1C,,,,5.399996913372259
C/C(=N\OC[C@H]([C@H]1[C@@H]([C@@H]2[C@H](O1)OC(O2)(C)C)O)O)/CCN3CCC4=NC(=C(C=C4C3)C5=CC=CC=C5)C6=CC=CC=C6,,,,5.399996913372259
C/C(=N\O[C@H]1C=C[C@H](O[C@H]1CO)CC=C)/CCN2CCC3=NC(=C(C=C3C2)C4=CC=CC=C4)C5=CC=CC=C5,,7.100179497572904,,5.399996913372259
C/C(=N\O[C@H]1[C@@H]([C@H]([C@H]([C@H](O1)COC(=O)C)OC(=O)C)OC(=O)C)OC(=O)C)/CCN2CCC3=NC(=C(C=C3C2)C4=CC=CC=C4)C5=CC=CC=C5,,,5.499996931948306,5.299997602857746
C[C@H](/C=C\CC(=O)OC)[C@@H](/C=N\OC[C@H]1[C@H](C=C[C@H](O1)C2=CC=CC=C2)OC3=CC=C(C=C3)OC)OC,,5.799998134593398,,5.499996931948306
CCCNC(=O)OC[C@H]1[C@H](C=C[C@H](O1)CCO/N=C\[C@H]([C@H](C)/C=C\CC(=O)OC)OC)OC2=CC=C(C=C2)OC,,,,5.499996931948306
C[C@H](/C=C\CC(=O)OC)[C@@H](/C=N\OCC[C@@H]1C=C[C@@H]([C@@H](O1)COC(=O)C)OC(=O)C)OC,,,5.399996913372259,
CC1=CC2=C(CCCCN2C[C@H](C)O/N=C\[C@H]([C@H](C)/C=C\CC(=O)OC)OC)N=C1C,,,,5.399996913372259
CC1=CC2=C(CCCN2C[C@H](C)O/N=C\[C@H]([C@H](C)/C=C\CC(=O)OC)OC)N=C1C,,,5.599997654072044,5.499996931948306
C[C@H](/C=C\CC(=O)OC)[C@@H](/C=N\OC[C@H]([C@@H]1[C@H]([C@H]2[C@@H](O1)OC(O2)(C)C)O)O)OC,,,5.499996931948306,5.299997602857746
C[C@H](/C=C\CC(=O)OC)[C@@H](/C=N\O[C@@H]1C=C[C@H](O[C@@H]1CO)CC=C)OC,,,,5.499996931948306
C[C@H](/C=C\CC(=O)OC)[C@@H](/C=N\OC[C@H](COCC1=CC=CO1)O)OC,,,5.699991797446187,
C[C@H](/C=C\CC(=O)OC)[C@@H](/C=N\O[C@@H](C)C1=CN(N=N1)[C@@H](CC2=CC=CC=C2)CO)OC,,,,5.449996922660283
CC1=CC(=C(C(=C1)C)C2=NOC(=C2)[C@H](C)O/N=C\[C@H]([C@H](C)/C=C\CC(=O)OC)OC)C,,5.499996931948306,,
C[C@H](CO/N=C\[C@H]([C@H](C)/C=C\CC(=O)OC)OC)[C@@H](C(C)C)OCC1=CC=CC=C1,,5.499996931948306,,5.499996931948306
C[C@H](/C=C\CC(=O)OC)[C@@H](/C=N\O[C@H]1[C@@H]([C@H]([C@H]([C@H](O1)COC(=O)C)OC(=O)C)OC(=O)C)OC(=O)C)OC,,,5.399996913372259,5.199998172182031
COC(=O)[C@H]1[C@H]([C@@]2([C@H]([C@@]1(C3=CC=CC=C3O2)O)O)C4=CC=CC=C4)C5=CC=CC=C5,,,5.499996931948306,5.499996931948306
COC(=O)[C@H]1[C@@H](C(=O)[C@@]2([C@]1(OC3=CC=CC=C32)C4=CC=CC=C4)O)C5=CC=CC=C5,,5.199998172182031,,5.499996931948306
COC(=O)[C@H]1[C@@H]([C@@]2([C@]([C@@H]1O)(C3=CC=CC=C3O2)O)C4=CC=CC=C4)C5=CC=CC=C5,,7.100179497572904,,
CC1=CC2=C([C@@H]([C@@H]3[C@@H](C2=O)O3)O)C(=O)O1,,,5.499996931948306,
CCO[C@H](C1=C(C(=CC(=C1)OC)[N+](=O)[O-])OC)[C@H](C)/C=C\CC(=O)OC,,,,5.399996913372259
CCCC[C@@H]1CN2[C@@H](CC[C@H]([C@H]2C3=CC=C(C=C3)Br)C)C(=O)O1,,5.299997602857746,5.499996931948306,5.399996913372259
C[C@@H]1CC[C@H]2C(=O)O[C@@H](CN2[C@@H]1C3=CC=C(C=C3)Br)COS(=O)(=O)C4=CC=C(C=C4)C,,,5.499996931948306,5.399996913372259
C[C@@H]1CC[C@H]2C(=O)O[C@@H](CN2[C@@H]1C3=CC=C(C=C3)Br)CN=[N+]=[N-],,5.499996931948306,5.0999990348465305,
C[C@@H]1CC[C@H]2C(=O)NC[C@H](CN2[C@@H]1C3=CC=C(C=C3)Br)O,,5.299997602857746,5.499996931948306,5.399996913372259
CC(C)C(=O)N[C@@H]1CCCN1C(=O)/C=C\C2=CC=CC=C2,,,,5.599997654072044
C1CC2=C(C=CC(=N2)C3=CC=C(C=C3)Br)N(C1)C(=O)NCCC[N+]4=CC=N[C@H]4C5=CC=CC=C5,,,7.100179497572904,5.499996931948306
CC1=CC2=C(CCCN2C[C@@H](CN3CCCC4=C3C=CC(=N4)C5=CC=C(C=C5)Br)O)N=C1C,,5.499997283722152,5.499996931948306,5.299997542777145
CC1=CC2=C(CCCCN2C[C@@H](CN3CCCC4=C3C=CC(=N4)C5=CC=C(C=C5)Br)O)N=C1C,,5.399996913372259,5.499996931948306,
CC1=CC2=C(CCCN2C[C@H](CN3CCCC4=C3C=CC(=N4)C5=CC=C(C=C5)OC)O)N=C1C,,5.399996913372259,5.499996931948306,
CCN(CC)C[C@H](CN1CCCCC2=C1C=C(C(=N2)C)C)O,,,5.599997654072044,
C[C@H]1CC[C@H]2C[C@@H](OC(=O)C[C@@H]3C[C@@H](C[C@H](O3)C[C@@H](C[C@@H]1O2)OC)OC(=O)/C=C\CCC4=COC(=N4)/C=C\CNC(=O)OC)/C=C\CC(C)C,,,,5.299997602857746
COCOC1=C(C=C(C=C1)Br)C(=O)[C@@H]2[C@@H](O2)C3=CC(=CC=C3)OC,,,5.499996931948306,5.399996913372259
COC1=CC(=C(C(=C1)OC)C(=O)/C=C\C2=CC3=C(C=C2)OCO3)O,,5.699991797446187,5.499996931948306,5.299997602857746
COCOC1=C(C=C(C=C1)Br)C(=O)/C=C\C2=CC3=C(C=C2)OCO3,,5.699991797446187,5.499996931948306,5.499996931948306
C1OC2=C(O1)C=C(C=C2)/C=C\C(=O)C3=CC=C(C=C3)F,,5.799998134593398,5.699991797446187,5.499996931948306
C[C@]12CC[C@@H]3[C@H]([C@H]1CC[C@@H]2O)CCC4=C3C=CC(=C4)OC[C@H]5CO5,,5.499996931948306,,
C1OC2=C(O1)C=C(C=C2)/C=C\C(=O)C3=CC=CC=C3N,,,5.499996931948306,5.499996931948306
COCOC1=C(C=CC(=C1)OC)C(=O)/C=C\C2=CC3=C(C=C2)OCO3,,5.599997654072044,5.399996913372259,6.0
CCCCOC([C@@H](CSC1=CC2=CC=CC=C2C=C1)O)OCCCC,,5.699991797446187,,5.299997602857746
C1CC=C(C(=O)C1)[C@H](CCC2=CC=CC=C2)OC(=O)C3=CC=C(C=C3)Br,,5.499996931948306,,5.299997602857746
C1CC=C(C(=O)C1)[C@H](COCC2=CC=CC=C2)O,,,,5.499996931948306
CC/C=C\CC[C@@H](C1=CCCCC1=O)OC(=O)C2=CC=C(C=C2)Br,,5.499996931948306,,5.399996913372259
C[C@@H]1CC[C@H]2C(=O)N3[C@@H](CC[C@H]([C@H]3C4=CC=C(C=C4)Br)C)C(=O)N2[C@H]1C5=CC=C(C=C5)Br,,5.399996913372259,,5.399996913372259
C[C@@H]1CC[C@@H]2C(=O)N3[C@@H](CC[C@H]([C@@H]3C4=CC=C(C=C4)C5=CC=CO5)C)C(=O)N2[C@H]1C6=CC=C(C=C6)C7=CC=CO7,,,5.199998172182031,
CC(=NOCC1=CC(=CC=C1)C2=CN(N=N2)C[C@H](C3=CC(=CC=C3)OC)O)C,,,,5.399996913372259
CC1=CC=C(C=C1)S(=O)(=O)N[C@@H](CCC2=CC=CC=C2)CC(=O)C(C)(C)C,,5.399996913372259,5.499996931948306,5.799998134593398
C1C[C@H]2[C@H]([C@@H]3[C@H]1/C(=N\OCC4=CC=CC=C4)/C[C@H]([C@H]3O)O)C(=O)N(C2=O)CC5=CC=CC=C5,,,,5.399996913372259
CC(C)CO/N=C\1/C[C@H]([C@H]([C@H]2[C@@H]1CC[C@H]3[C@H]2C(=O)N(C3=O)CC4=CC=CC=C4)O)O,,,,5.299997602857746
CC(=CCC/C(=C/CO/N=C\1/C[C@H]([C@H]([C@H]2[C@@H]1CC[C@H]3[C@H]2C(=O)N(C3=O)CC4=CC=CC=C4)O)O)/C)C,,,,5.499996931948306
C#CCCCO/N=C\1/C[C@H]([C@H]([C@H]2[C@@H]1CC[C@H]3[C@H]2C(=O)N(C3=O)CC4=CC=CC=C4)O)O,,,,5.399996913372259
C1C[C@H]2[C@H]([C@@H]3[C@H]1/C(=N\OC[C@H](COCC4=CC=CO4)O)/C[C@H]([C@H]3O)O)C(=O)N(C2=O)CC5=CC=CC=C5,,,,5.399996913372259
COC1=CC=C(C=C1)COC(=O)N/N=C\2/C[C@H]([C@H]([C@H]3[C@@H]2CC[C@H]4[C@H]3C(=O)N(C4=O)CC5=CC=CC=C5)O)O,,,,5.399996913372259
C1C[C@H]2[C@H]([C@@H]3[C@H]1/C(=N\NC(=O)OCC4=CC=CC=C4)/C[C@H]([C@H]3O)O)C(=O)N(C2=O)CC5=CC=CC=C5,,,5.499996931948306,
CC(=O)OC[C@H]1[C@H]([C@H]([C@H]([C@@H](O1)O/N=C\2/C[C@H]([C@H]([C@H]3[C@@H]2CC[C@H]4[C@H]3C(=O)N(C4=O)CC5=CC=CC=C5)O)O)OC(=O)C)OC(=O)C)OC(=O)C,,,5.499996931948306,
C1C[C@@H]2[C@@H]([C@@H]3[C@H]1/C(=N\OCC4=CC=CC=C4)/C[C@H]([C@H]3O)O)C(=O)N(C2=O)C5=C(C=C(C=C5)F)F,,,,5.299997602857746
CC(=CCC/C(=C/CO/N=C\1/C[C@H]([C@H]([C@H]2[C@@H]1CC[C@@H]3[C@@H]2C(=O)N(C3=O)C4=C(C=C(C=C4)F)F)O)O)/C)C,,,,5.399996913372259
C#CCCCO/N=C\1/C[C@H]([C@H]([C@H]2[C@@H]1CC[C@@H]3[C@@H]2C(=O)N(C3=O)C4=C(C=C(C=C4)F)F)O)O,,5.799998134593398,,5.399996913372259
C1C[C@@H]2[C@@H]([C@@H]3[C@H]1/C(=N\OC[C@H](COCC4=CC=CO4)O)/C[C@H]([C@H]3O)O)C(=O)N(C2=O)C5=C(C=C(C=C5)F)F,,,,5.499996931948306
COC1=CC=C(C=C1)COC(=O)N/N=C\2/C[C@H]([C@H]([C@H]3[C@@H]2CC[C@@H]4[C@@H]3C(=O)N(C4=O)C5=C(C=C(C=C5)F)F)O)O,,,,5.199998172182031
C1C[C@@H]2[C@@H]([C@@H]3[C@H]1/C(=N\NC(=O)OCC4=CC=CC=C4)/C[C@H]([C@H]3O)O)C(=O)N(C2=O)C5=C(C=C(C=C5)F)F,,,,5.399996913372259
CC(=O)OC[C@H]1[C@H]([C@H]([C@H]([C@@H](O1)O/N=C\2/C[C@H]([C@H]([C@H]3[C@@H]2CC[C@@H]4[C@@H]3C(=O)N(C4=O)C5=C(C=C(C=C5)F)F)O)O)OC(=O)C)OC(=O)C)OC(=O)C,,,5.499996931948306,
C1C[C@H]2[C@H]([C@@H]3[C@@H]1/C(=N\OCC4=CC=CC=C4)/C[C@H]([C@H]3O)O)C(=O)N(C2=O)CC5=CC=CC=C5,,5.499996931948306,,
C1C[C@H]2[C@H]([C@@H]3[C@@H]1/C(=N\OC[C@H](COCC4=CC=CO4)O)/C[C@H]([C@H]3O)O)C(=O)N(C2=O)CC5=CC=CC=C5,,,,5.499996931948306
CCOC(=O)N/N=C\1/C[C@H]([C@H]([C@H]2[C@H]1CC[C@H]3[C@H]2C(=O)N(C3=O)CC4=CC=CC=C4)O)O,,,5.399996913372259,
CC(=O)OC[C@H]1[C@H]([C@H]([C@H]([C@@H](O1)O/N=C\2/C[C@H]([C@H]([C@H]3[C@H]2CC[C@H]4[C@H]3C(=O)N(C4=O)CC5=CC=CC=C5)O)O)OC(=O)C)OC(=O)C)OC(=O)C,,,5.399996913372259,
C1C[C@@H]2[C@@H]([C@@H]3[C@@H]1/C(=N\OCC4=CC=CC=C4)/C[C@H]([C@H]3O)O)C(=O)N(C2=O)C5=C(C=C(C=C5)F)F,,,5.199998172182031,
CC(=CCC/C(=C/CO/N=C\1/C[C@H]([C@H]([C@H]2[C@H]1CC[C@@H]3[C@@H]2C(=O)N(C3=O)C4=C(C=C(C=C4)F)F)O)O)/C)C,,,,5.399996913372259
C#CCCCO/N=C\1/C[C@H]([C@H]([C@H]2[C@H]1CC[C@@H]3[C@@H]2C(=O)N(C3=O)C4=C(C=C(C=C4)F)F)O)O,,,,5.499996931948306
C1C[C@@H]2[C@@H]([C@@H]3[C@@H]1/C(=N\OC[C@H](COCC4=CC=CO4)O)/C[C@H]([C@H]3O)O)C(=O)N(C2=O)C5=C(C=C(C=C5)F)F,,,,5.499996931948306
COC1=CC=C(C=C1)COC(=O)N/N=C\2/C[C@H]([C@H]([C@H]3[C@H]2CC[C@@H]4[C@@H]3C(=O)N(C4=O)C5=C(C=C(C=C5)F)F)O)O,,,,5.499996931948306
C1C[C@@H]2[C@@H]([C@@H]3[C@@H]1/C(=N\NC(=O)OCC4=CC=CC=C4)/C[C@H]([C@H]3O)O)C(=O)N(C2=O)C5=C(C=C(C=C5)F)F,,,5.399996913372259,5.399996913372259
CC(=O)OC[C@H]1[C@H]([C@H]([C@H]([C@@H](O1)O/N=C\2/C[C@H]([C@H]([C@H]3[C@H]2CC[C@@H]4[C@@H]3C(=O)N(C4=O)C5=C(C=C(C=C5)F)F)O)O)OC(=O)C)OC(=O)C)OC(=O)C,,,5.399996913372259,
CC(C)CO/N=C\1/C[C@H]([C@H]([C@H]2[C@@H]1CC[C@H]3[C@H]2C(=O)N(C3=O)C4=CC(=CC=C4)OC5=CC=CC=C5)O)O,,,,5.299997602857746
CC(=CCC/C(=C/CO/N=C\1/C[C@H]([C@H]([C@H]2[C@@H]1CC[C@H]3[C@H]2C(=O)N(C3=O)C4=CC(=CC=C4)OC5=CC=CC=C5)O)O)/C)C,,,,5.399996913372259
C#CCCCO/N=C\1/C[C@H]([C@H]([C@H]2[C@@H]1CC[C@H]3[C@H]2C(=O)N(C3=O)C4=CC(=CC=C4)OC5=CC=CC=C5)O)O,,5.699991797446187,5.399996913372259,5.399996913372259
C1C[C@H]2[C@H]([C@@H]3[C@H]1/C(=N\OC[C@H](COCC4=CC=CO4)O)/C[C@H]([C@H]3O)O)C(=O)N(C2=O)C5=CC(=CC=C5)OC6=CC=CC=C6,,,,5.499996931948306
COC1=CC=C(C=C1)COC(=O)N/N=C\2/C[C@H]([C@H]([C@H]3[C@@H]2CC[C@H]4[C@H]3C(=O)N(C4=O)C5=CC(=CC=C5)OC6=CC=CC=C6)O)O,,,5.599997654072044,5.499996931948306
C1C[C@H]2[C@H]([C@@H]3[C@H]1/C(=N\NC(=O)OCC4=CC=CC=C4)/C[C@H]([C@H]3O)O)C(=O)N(C2=O)C5=CC(=CC=C5)OC6=CC=CC=C6,,,,5.399996913372259
CC(=O)OC[C@H]1[C@H]([C@H]([C@H]([C@@H](O1)O/N=C\2/C[C@H]([C@H]([C@H]3[C@@H]2CC[C@H]4[C@H]3C(=O)N(C4=O)C5=CC(=CC=C5)OC6=CC=CC=C6)O)O)OC(=O)C)OC(=O)C)OC(=O)C,,,,5.499996931948306
C1C[C@H]2[C@H]([C@@H]3[C@H]1/C(=N\OCC4=CC=CC=C4)/C[C@H]([C@H]3O)O)C(=O)N(C2=O)CC5=CC6=C(C=C5)OCO6,,,,6.0
CC(C)CO/N=C\1/C[C@H]([C@H]([C@H]2[C@@H]1CC[C@H]3[C@H]2C(=O)N(C3=O)CC4=CC5=C(C=C4)OCO5)O)O,,,,6.0
CC(=CCC/C(=C/CO/N=C\1/C[C@H]([C@H]([C@H]2[C@@H]1CC[C@H]3[C@H]2C(=O)N(C3=O)CC4=CC5=C(C=C4)OCO5)O)O)/C)C,,,,5.799998134593398
C#CCCCO/N=C\1/C[C@H]([C@H]([C@H]2[C@@H]1CC[C@H]3[C@H]2C(=O)N(C3=O)CC4=CC5=C(C=C4)OCO5)O)O,,,,5.900008766455316
C1C[C@H]2[C@H]([C@@H]3[C@H]1/C(=N\OC[C@H](COCC4=CC=CO4)O)/C[C@H]([C@H]3O)O)C(=O)N(C2=O)CC5=CC6=C(C=C5)OCO6,,,,5.499996931948306
CCOC(=O)N/N=C\1/C[C@H]([C@H]([C@H]2[C@@H]1CC[C@H]3[C@H]2C(=O)N(C3=O)CC4=CC5=C(C=C4)OCO5)O)O,,,,5.499996931948306
COC1=CC=C(C=C1)COC(=O)N/N=C\2/C[C@H]([C@H]([C@H]3[C@@H]2CC[C@H]4[C@H]3C(=O)N(C4=O)CC5=CC6=C(C=C5)OCO6)O)O,,,,5.399996913372259
C1C[C@H]2[C@H]([C@@H]3[C@H]1/C(=N\NC(=O)OCC4=CC=CC=C4)/C[C@H]([C@H]3O)O)C(=O)N(C2=O)CC5=CC6=C(C=C5)OCO6,,,,5.399996913372259
CC(=O)OC[C@H]1[C@H]([C@H]([C@H]([C@@H](O1)O/N=C\2/C[C@H]([C@H]([C@H]3[C@@H]2CC[C@H]4[C@H]3C(=O)N(C4=O)CC5=CC6=C(C=C5)OCO6)O)O)OC(=O)C)OC(=O)C)OC(=O)C,,,5.499996931948306,5.299997602857746
C1C[C@H]2[C@H]([C@@H]3[C@@H]1/C(=N\OCC4=CC=CC=C4)/C[C@H]([C@H]3O)O)C(=O)N(C2=O)C5=CC(=CC=C5)OC6=CC=CC=C6,,,5.399996913372259,
CC(C)CO/N=C\1/C[C@H]([C@H]([C@H]2[C@H]1CC[C@H]3[C@H]2C(=O)N(C3=O)C4=CC(=CC=C4)OC5=CC=CC=C5)O)O,,5.499996931948306,,
CC(=CCC/C(=C/CO/N=C\1/C[C@H]([C@H]([C@H]2[C@H]1CC[C@H]3[C@H]2C(=O)N(C3=O)C4=CC(=CC=C4)OC5=CC=CC=C5)O)O)/C)C,,,5.499996931948306,
C#CCCCO/N=C\1/C[C@H]([C@H]([C@H]2[C@H]1CC[C@H]3[C@H]2C(=O)N(C3=O)C4=CC(=CC=C4)OC5=CC=CC=C5)O)O,,,5.399996913372259,5.499996931948306
C1C[C@H]2[C@H]([C@@H]3[C@@H]1/C(=N\OC[C@H](COCC4=CC=CO4)O)/C[C@H]([C@H]3O)O)C(=O)N(C2=O)C5=CC(=CC=C5)OC6=CC=CC=C6,,,,5.0999990348465305
CCOC(=O)N/N=C\1/C[C@H]([C@H]([C@H]2[C@H]1CC[C@H]3[C@H]2C(=O)N(C3=O)C4=CC(=CC=C4)OC5=CC=CC=C5)O)O,,5.399996913372259,,
COC1=CC=C(C=C1)COC(=O)N/N=C\2/C[C@H]([C@H]([C@H]3[C@H]2CC[C@H]4[C@H]3C(=O)N(C4=O)C5=CC(=CC=C5)OC6=CC=CC=C6)O)O,,,5.499996931948306,5.399996913372259
C1C[C@H]2[C@H]([C@@H]3[C@@H]1/C(=N\NC(=O)OCC4=CC=CC=C4)/C[C@H]([C@H]3O)O)C(=O)N(C2=O)C5=CC(=CC=C5)OC6=CC=CC=C6,,,5.399996913372259,
CC(=O)OC[C@H]1[C@H]([C@H]([C@H]([C@@H](O1)O/N=C\2/C[C@H]([C@H]([C@H]3[C@H]2CC[C@H]4[C@H]3C(=O)N(C4=O)C5=CC(=CC=C5)OC6=CC=CC=C6)O)O)OC(=O)C)OC(=O)C)OC(=O)C,,,5.0999990348465305,
C1C[C@H]2[C@H]([C@@H]3[C@@H]1/C(=N\OCC4=CC=CC=C4)/C[C@H]([C@H]3O)O)C(=O)N(C2=O)CC5=CC6=C(C=C5)OCO6,,,5.399996913372259,5.699991797446187
CC(C)CO/N=C\1/C[C@H]([C@H]([C@H]2[C@H]1CC[C@H]3[C@H]2C(=O)N(C3=O)CC4=CC5=C(C=C4)OCO5)O)O,,,,6.100015437450609
CC(=CCC/C(=C/CO/N=C\1/C[C@H]([C@H]([C@H]2[C@H]1CC[C@H]3[C@H]2C(=O)N(C3=O)CC4=CC5=C(C=C4)OCO5)O)O)/C)C,,,,5.799998134593398
C#CCCCO/N=C\1/C[C@H]([C@H]([C@H]2[C@H]1CC[C@H]3[C@H]2C(=O)N(C3=O)CC4=CC5=C(C=C4)OCO5)O)O,,,5.199998172182031,6.299988937677887
C1C[C@H]2[C@H]([C@@H]3[C@@H]1/C(=N\OC[C@H](COCC4=CC=CO4)O)/C[C@H]([C@H]3O)O)C(=O)N(C2=O)CC5=CC6=C(C=C5)OCO6,,,,5.499996931948306
CCOC(=O)N/N=C\1/C[C@H]([C@H]([C@H]2[C@H]1CC[C@H]3[C@H]2C(=O)N(C3=O)CC4=CC5=C(C=C4)OCO5)O)O,,,,5.399996913372259
COC1=CC=C(C=C1)COC(=O)N/N=C\2/C[C@H]([C@H]([C@H]3[C@H]2CC[C@H]4[C@H]3C(=O)N(C4=O)CC5=CC6=C(C=C5)OCO6)O)O,,,,6.100015437450609
C1C[C@H]2[C@H]([C@@H]3[C@@H]1/C(=N\NC(=O)OCC4=CC=CC=C4)/C[C@H]([C@H]3O)O)C(=O)N(C2=O)CC5=CC6=C(C=C5)OCO6,,,5.199998172182031,5.900008766455316
CC(=O)OC[C@H]1[C@H]([C@H]([C@H]([C@@H](O1)O/N=C\2/C[C@H]([C@H]([C@H]3[C@H]2CC[C@H]4[C@H]3C(=O)N(C4=O)CC5=CC6=C(C=C5)OCO6)O)O)OC(=O)C)OC(=O)C)OC(=O)C,,,,6.100015437450609
CC(=CCC/C(=C/CO/N=C\1/C[C@H]([C@H]([C@H]2[C@@H]1CC[C@H]3[C@H]2C(=O)N(C3=O)C[C@@H]4CCCO4)O)O)/C)C,,,,5.299997602857746
C#CCCCO/N=C\1/C[C@H]([C@H]([C@H]2[C@@H]1CC[C@H]3[C@H]2C(=O)N(C3=O)C[C@@H]4CCCO4)O)O,,,,5.199998172182031
CC(=O)OC[C@H]1[C@H]([C@H]([C@H]([C@@H](O1)O/N=C\2/C[C@H]([C@H]([C@H]3[C@@H]2CC[C@H]4[C@H]3C(=O)N(C4=O)C[C@@H]5CCCO5)O)O)OC(=O)C)OC(=O)C)OC(=O)C,,,5.299997602857746,
C[C@@H](C1=CC=CC=C1)N2C(=O)[C@H]3CC[C@H]\4[C@@H]([C@@H]3C2=O)[C@@H]([C@@H](C/C4=N/OCC5=CC=CC=C5)O)O,,,,5.499996931948306
C[C@@H](C1=CC=CC=C1)N2C(=O)[C@H]3CC[C@H]\4[C@@H]([C@@H]3C2=O)[C@@H]([C@@H](C/C4=N/OCC(C)C)O)O,,,,5.499996931948306
C[C@@H](C1=CC=CC=C1)N2C(=O)[C@H]3CC[C@H]\4[C@@H]([C@@H]3C2=O)[C@@H]([C@@H](C/C4=N/OC/C=C(\C)/CCC=C(C)C)O)O,,,,5.399996913372259
C[C@@H](C1=CC=CC=C1)N2C(=O)[C@H]3CC[C@H]\4[C@@H]([C@@H]3C2=O)[C@@H]([C@@H](C/C4=N/OCCCC#C)O)O,,,,5.399996913372259
C[C@@H](C1=CC=CC=C1)N2C(=O)[C@H]3CC[C@H]\4[C@@H]([C@@H]3C2=O)[C@@H]([C@@H](C/C4=N/OC[C@H](COCC5=CC=CO5)O)O)O,,,,5.399996913372259
C[C@@H](C1=CC=CC=C1)N2C(=O)[C@H]3CC[C@H]\4[C@@H]([C@@H]3C2=O)[C@@H]([C@@H](C/C4=N/NC(=O)OCC5=CC=C(C=C5)OC)O)O,,,,5.399996913372259
C[C@@H](C1=CC=CC=C1)N2C(=O)[C@H]3CC[C@H]\4[C@@H]([C@@H]3C2=O)[C@@H]([C@@H](C/C4=N/NC(=O)OCC5=CC=CC=C5)O)O,,,,5.399996913372259
C[C@@H](C1=CC=CC=C1)N2C(=O)[C@H]3CC[C@H]\4[C@@H]([C@@H]3C2=O)[C@@H]([C@@H](C/C4=N/O[C@H]5[C@@H]([C@@H]([C@@H]([C@@H](O5)COC(=O)C)OC(=O)C)OC(=O)C)OC(=O)C)O)O,,,5.399996913372259,
CC(=CCC/C(=C/CO/N=C\1/C[C@H]([C@H]([C@H]2[C@H]1CC[C@H]3[C@H]2C(=O)N(C3=O)C[C@@H]4CCCO4)O)O)/C)C,,,5.499996931948306,
C#CCCCO/N=C\1/C[C@H]([C@H]([C@H]2[C@H]1CC[C@H]3[C@H]2C(=O)N(C3=O)C[C@@H]4CCCO4)O)O,,,,5.399996913372259
CC(=O)OC[C@H]1[C@H]([C@H]([C@H]([C@@H](O1)O/N=C\2/C[C@H]([C@H]([C@H]3[C@H]2CC[C@H]4[C@H]3C(=O)N(C4=O)C[C@@H]5CCCO5)O)O)OC(=O)C)OC(=O)C)OC(=O)C,,,5.399996913372259,
C[C@@H](C1=CC=CC=C1)N2C(=O)[C@H]3CC[C@@H]\4[C@@H]([C@@H]3C2=O)[C@@H]([C@@H](C/C4=N/OCC5=CC=CC=C5)O)O,,,8.200659450546418,5.299997602857746
C[C@@H](C1=CC=CC=C1)N2C(=O)[C@H]3CC[C@@H]\4[C@@H]([C@@H]3C2=O)[C@@H]([C@@H](C/C4=N/OC/C=C(\C)/CCC=C(C)C)O)O,,,5.499996931948306,5.399996913372259
C[C@@H](C1=CC=CC=C1)N2C(=O)[C@H]3CC[C@@H]\4[C@@H]([C@@H]3C2=O)[C@@H]([C@@H](C/C4=N/OCCCC#C)O)O,,,,5.399996913372259
C[C@@H](C1=CC=CC=C1)N2C(=O)[C@H]3CC[C@@H]\4[C@@H]([C@@H]3C2=O)[C@@H]([C@@H](C/C4=N/OC[C@H](COCC5=CC=CO5)O)O)O,,,,5.499996931948306
C[C@@H](C1=CC=CC=C1)N2C(=O)[C@H]3CC[C@@H]\4[C@@H]([C@@H]3C2=O)[C@@H]([C@@H](C/C4=N/NC(=O)OCC5=CC=C(C=C5)OC)O)O,,,,5.399996913372259
C[C@@H](C1=CC=CC=C1)N2C(=O)[C@H]3CC[C@@H]\4[C@@H]([C@@H]3C2=O)[C@@H]([C@@H](C/C4=N/NC(=O)OCC5=CC=CC=C5)O)O,,6.0,,5.499996931948306
CCOC(=O)CCN1C(=O)[C@H]2CC[C@H]\3[C@@H]([C@@H]2C1=O)[C@@H]([C@@H](C/C3=N/OCCCC#C)O)O,,,,5.299997602857746
CCOC(=O)CCN1C(=O)[C@H]2CC[C@H]\3[C@@H]([C@@H]2C1=O)[C@@H]([C@@H](C/C3=N/NC(=O)OCC4=CC=C(C=C4)OC)O)O,,,,5.499996931948306
CCOC(=O)CCN1C(=O)[C@H]2CC[C@H]\3[C@@H]([C@@H]2C1=O)[C@@H]([C@@H](C/C3=N/O[C@H]4[C@@H]([C@@H]([C@@H]([C@@H](O4)COC(=O)C)OC(=O)C)OC(=O)C)OC(=O)C)O)O,,,5.499996931948306,
CC(=CCC/C(=C/CO/N=C\1/C[C@H]([C@H]([C@H]2[C@@H]1CC[C@H]3[C@H]2C(=O)N(C3=O)C(C)(C)C)O)O)/C)C,,,5.299997602857746,
CC(C)(C)N1C(=O)[C@H]2CC[C@H]\3[C@@H]([C@@H]2C1=O)[C@@H]([C@@H](C/C3=N/OCCCC#C)O)O,,,5.399996913372259,5.399996913372259
CC(C)(C)N1C(=O)[C@H]2CC[C@H]\3[C@@H]([C@@H]2C1=O)[C@@H]([C@@H](C/C3=N/OC[C@H](COCC4=CC=CO4)O)O)O,,,,5.399996913372259
CC(C)(C)N1C(=O)[C@H]2CC[C@H]\3[C@@H]([C@@H]2C1=O)[C@@H]([C@@H](C/C3=N/NC(=O)OCC4=CC=C(C=C4)OC)O)O,,,,5.399996913372259
CCOC(=O)CCN1C(=O)[C@H]2CC[C@@H]\3[C@@H]([C@@H]2C1=O)[C@@H]([C@@H](C/C3=N/OCCCC#C)O)O,,,,5.499996931948306
CCOC(=O)CCN1C(=O)[C@H]2CC[C@@H]\3[C@@H]([C@@H]2C1=O)[C@@H]([C@@H](C/C3=N/NC(=O)OCC4=CC=C(C=C4)OC)O)O,,,5.599997654072044,
CCOC(=O)CCN1C(=O)[C@H]2CC[C@@H]\3[C@@H]([C@@H]2C1=O)[C@@H]([C@@H](C/C3=N/O[C@H]4[C@@H]([C@@H]([C@@H]([C@@H](O4)COC(=O)C)OC(=O)C)OC(=O)C)OC(=O)C)O)O,,,5.499996931948306,
CC(C)(C)N1C(=O)[C@H]2CC[C@@H]\3[C@@H]([C@@H]2C1=O)[C@@H]([C@@H](C/C3=N/OCCCC#C)O)O,,,5.799998134593398,5.499996931948306
CC(C)(C)N1C(=O)[C@H]2CC[C@@H]\3[C@@H]([C@@H]2C1=O)[C@@H]([C@@H](C/C3=N/OC[C@H](COCC4=CC=CO4)O)O)O,,,,5.299997602857746
CC(=O)OC[C@H]1[C@H]([C@H]([C@H]([C@@H](O1)O/N=C\2/C[C@H]([C@H]([C@H]3[C@H]2CC[C@H]4[C@H]3C(=O)N(C4=O)C(C)(C)C)O)O)OC(=O)C)OC(=O)C)OC(=O)C,,6.899974269892137,,
C#CCCCO/N=C\1/C[C@H]([C@H]([C@H]2[C@@H]1CC[C@H]3[C@H]2C(=O)N(C3=O)C4CCCCC4)O)O,,,,5.399996913372259
C1CCC(CC1)N2C(=O)[C@H]3CC[C@H]\4[C@@H]([C@@H]3C2=O)[C@@H]([C@@H](C/C4=N/OC[C@H](COCC5=CC=CO5)O)O)O,,,,5.399996913372259
COC1=CC=C(C=C1)COC(=O)N/N=C\2/C[C@H]([C@H]([C@H]3[C@@H]2CC[C@H]4[C@H]3C(=O)N(C4=O)C5CCCCC5)O)O,,,,5.499996931948306
C1CCC(CC1)N2C(=O)[C@H]3CC[C@H]\4[C@@H]([C@@H]3C2=O)[C@@H]([C@@H](C/C4=N/NC(=O)OCC5=CC=CC=C5)O)O,,,,5.199998172182031
CC(=O)OC[C@H]1[C@H]([C@H]([C@H]([C@@H](O1)O/N=C\2/C[C@H]([C@H]([C@H]3[C@@H]2CC[C@H]4[C@H]3C(=O)N(C4=O)C5CCCCC5)O)O)OC(=O)C)OC(=O)C)OC(=O)C,,,5.399996913372259,
CCN1C(=O)[C@H]2CC[C@H]\3[C@@H]([C@@H]2C1=O)[C@@H]([C@@H](C/C3=N/O[C@H]4[C@@H]([C@@H]([C@@H]([C@@H](O4)COC(=O)C)OC(=O)C)OC(=O)C)OC(=O)C)O)O,,,5.499996931948306,
C#CCCCO/N=C\1/C[C@H]([C@H]([C@H]2[C@H]1CC[C@H]3[C@H]2C(=O)N(C3=O)C4CCCCC4)O)O,,,,5.499996931948306
C1CCC(CC1)N2C(=O)[C@H]3CC[C@@H]\4[C@@H]([C@@H]3C2=O)[C@@H]([C@@H](C/C4=N/OC[C@H](COCC5=CC=CO5)O)O)O,,,,5.299997602857746
CCOC(=O)N/N=C\1/C[C@H]([C@H]([C@H]2[C@H]1CC[C@H]3[C@H]2C(=O)N(C3=O)C4CCCCC4)O)O,,,5.299997602857746,
COC1=CC=C(C=C1)COC(=O)N/N=C\2/C[C@H]([C@H]([C@H]3[C@H]2CC[C@H]4[C@H]3C(=O)N(C4=O)C5CCCCC5)O)O,,,,5.399996913372259
CC(=O)OC[C@H]1[C@H]([C@H]([C@H]([C@@H](O1)O/N=C\2/C[C@H]([C@H]([C@H]3[C@H]2CC[C@H]4[C@H]3C(=O)N(C4=O)C5CCCCC5)O)O)OC(=O)C)OC(=O)C)OC(=O)C,,5.900008766455316,5.499996931948306,
CCN1C(=O)[C@H]2CC[C@@H]\3[C@@H]([C@@H]2C1=O)[C@@H]([C@@H](C/C3=N/OCC4=CC=CC=C4)O)O,,5.599997654072044,,
CCN1C(=O)[C@H]2CC[C@@H]\3[C@@H]([C@@H]2C1=O)[C@@H]([C@@H](C/C3=N/O[C@H]4[C@@H]([C@@H]([C@@H]([C@@H](O4)COC(=O)C)OC(=O)C)OC(=O)C)OC(=O)C)O)O,,,5.499996931948306,
CC(C)CO/N=C/1\[C@@H]2CCN3C(=O)N(C(=O)N3[C@H]2[C@@H]([C@@H]4[C@@H]1O4)O)C5=CC=CC=C5,,5.499996931948306,,
C#CCCCO/N=C/1\[C@@H]2CCN3C(=O)N(C(=O)N3[C@H]2[C@@H]([C@@H]4[C@@H]1O4)O)C5=CC=CC=C5,,,5.299997602857746,
CC[C@@H](C1=CC=CC=C1)N2C(=O)N3CC[C@@H]\4[C@@H](N3C2=O)[C@@H]([C@@H]5[C@@H](/C4=N/OCC6=CC=CC=C6)O5)O,,,,5.299997602857746
CC[C@@H](C1=CC=CC=C1)N2C(=O)N3CC[C@@H]\4[C@@H](N3C2=O)[C@@H]([C@@H]5[C@@H](/C4=N/OC/C=C(\C)/CCC=C(C)C)O5)O,,5.499996931948306,,5.399996913372259
CC[C@@H](C1=CC=CC=C1)N2C(=O)N3CC[C@@H]\4[C@@H](N3C2=O)[C@@H]([C@@H]5[C@@H](/C4=N/OCCCC#C)O5)O,,,,5.399996913372259
CC[C@@H](C1=CC=CC=C1)N2C(=O)N3CC[C@@H]\4[C@@H](N3C2=O)[C@@H]([C@@H]5[C@@H](/C4=N/OC[C@H](COCC6=CC=CO6)O)O5)O,,,,5.399996913372259
CN1C(=O)N2CC[C@@H]\3[C@@H](N2C1=O)[C@@H]([C@@H]4[C@@H](/C3=N/OCCCC#C)O4)O,,,5.499996931948306,
C1CN2C(=O)N(C(=O)N2[C@@H]3[C@@H]1/C(=N\OCC4=CC=CC=C4)/[C@@H]5[C@@H]([C@H]3O)O5)CC6=CC7=C(C=C6Cl)OCO7,,6.400007822415902,,5.399996913372259
CC(C)CO/N=C/1\[C@@H]2CCN3C(=O)N(C(=O)N3[C@H]2[C@@H]([C@@H]4[C@@H]1O4)O)CC5=CC6=C(C=C5Cl)OCO6,,5.499996931948306,,5.299997602857746
CC(=CCC/C(=C/CO/N=C/1\[C@@H]2CCN3C(=O)N(C(=O)N3[C@H]2[C@@H]([C@@H]4[C@@H]1O4)O)CC5=CC6=C(C=C5Cl)OCO6)/C)C,,,,5.399996913372259
C#CCCCO/N=C/1\[C@@H]2CCN3C(=O)N(C(=O)N3[C@H]2[C@@H]([C@@H]4[C@@H]1O4)O)CC5=CC6=C(C=C5Cl)OCO6,,6.599980364934842,,
C1CN2C(=O)N(C(=O)N2[C@@H]3[C@@H]1/C(=N\OC[C@H](COCC4=CC=CO4)O)/[C@@H]5[C@@H]([C@H]3O)O5)CC6=CC7=C(C=C6Cl)OCO7,,,,5.399996913372259
C1C=C2[C@H]([C@@H]3[C@@H]1C(=O)N(C3=O)CC4=CC5=C(C=C4)OCO5)[C@@H]([C@H]6[C@@H](C2=O)O6)O,,,,5.299997602857746
C1C[C@@H]2[C@H]([C@H]3[C@H]1C(=O)C[C@H]([C@H]3O)O)C(=O)N(C2=O)CC4=CC=CC=C4,,5.399996913372259,,
C1C[C@@H]2[C@H]([C@H]3[C@H]1C(=O)C[C@H]([C@H]3O)O)C(=O)N(C2=O)CC4=CC5=C(C=C4)OCO5,,,,5.399996913372259
C[C@@H](C1=CC=CC=C1)N2C(=O)[C@@H]3CC[C@H]4[C@H]([C@@H]3C2=O)[C@@H]([C@@H](CC4=O)O)O,,6.899974269892137,,
CCOC(=O)CCN1C(=O)[C@@H]2CC[C@H]3[C@H]([C@@H]2C1=O)[C@@H]([C@@H](CC3=O)O)O,,,5.599997654072044,
CC(C)(C)N1C(=O)[C@@H]2CC[C@H]3[C@H]([C@@H]2C1=O)[C@@H]([C@@H](CC3=O)O)O,,,5.499996931948306,
C1CN2C(=O)N(C(=O)N2[C@@H]3[C@@H]1C(=O)[C@@H]4[C@@H]([C@H]3O)O4)CC5=CC6=C(C=C5Cl)OCO6,,,,5.499996931948306
C1C[C@@H]2[C@H]([C@H]3[C@H]1C(=O)C=C[C@H]3O)C(=O)N(C2=O)CC4=CC5=C(C=C4)OCO5,,,,5.399996913372259
C[C@@H](C1=CC=CC=C1)N2C(=O)[C@@H]3CC[C@H]4[C@H]([C@@H]3C2=O)[C@@H](C=CC4=O)O,,,5.399996913372259,
CCN1C(=O)[C@@H]2CC[C@H]3[C@H]([C@@H]2C1=O)[C@@H](C=CC3=O)O,,,5.499996931948306,
CCN1C(=O)[C@H]2CC=C3[C@H]([C@H]2C1=O)[C@@H]([C@@H]4[C@@H](C35OCCCO5)O4)O,,5.299997602857746,,
CCCCC#CC1C=CC(C(O1)COC(=O)C)OC(=O)C,,,,5.599997654072044
CC(=O)OCC1C(C=CC(O1)C#CCCCC2=CC=CC=C2)OC(=O)C,,5.599997654072044,5.449996922660283,5.399996913372259
CC(=O)OCC1C(C=CC(O1)C#CC2=CC=C(C=C2)OC)OC(=O)C,,5.299997602857746,,5.599997654072044
CC(=O)OCC1C(C=CC(O1)C#CCCC2=CC=CC=C2)OC(=O)C,,,,5.499996931948306
COC1=CC=C(C=C1)OC2C=CC(OC2CO)C3=CC=CC=C3,,,5.199998172182031,5.399996913372259
CC(=O)OCC1C(C=CC(O1)C#CC2=CC=CC=C2)OC(=O)C,,5.199998172182031,9.0,5.399996913372259
CC(=O)OCC1C(C=CC(O1)C#CCC2CCCCC2)OC(=O)C,,,,5.499996931948306
CCCCC#CC1C=CC(C(O1)COC(=O)OCC)OC2=CC(=C(C(=C2)OC)OC)OC,,5.199998172182031,,5.599997654072044
C1=CC=C(C=C1)C#CC2C=CC(C(O2)CO)O,,,5.0999990348465305,5.199998172182031
COC1=CC=C(C=C1)OC2C(COC2/C=C/C3=CC=CC=C3)O,,5.5499972930101755,,5.449996922660283
CCCCC#CC1C=CC(C(O1)COC(=O)OCC)OC2=CC=C(C=C2)C(=O)OC,,5.499996931948306,,5.399996913372259
COC1=CC=C(C=C1)OC2C=CC(OC2CO)C#CC3=CC=CC=C3,,5.900008766455316,,5.399996913372259
COC1=CC=C(C=C1)OC2C(COC2/C=C/C#CC3=CC=CC=C3)O,,,,5.399996913372259
CC1CCC2C(=O)OC(CN2C1C3=CC=C(C=C3)Br)C,,5.399996913372259,,5.299997602857746
CCCCC1CN2C(CCC(C2C3=CC=C(C=C3)Br)C)C(=O)O1,,,5.499996931948306,5.399996913372259
CC1CCC2C(=O)OC(CN2C1C3=CC=C(C=C3)Br)COS(=O)(=O)C4=CC=C(C=C4)C,,5.499997283722152,5.5499972930101755,5.499996931948306
CC1CCC2C(=O)OC(CN2C1C3=CC=C(C=C3)Br)CN=[N+]=[N-],,5.549999517423265,5.449996922660283,5.399996913372259
CC1CC2=C(CO1)C3=C(CCN(C3)CCC(C)C)N=C2C4=CC=CC=C4,,,,5.499996931948306
CCCCC1=NC2=C(CN(CC2)CCC(C)C)C3=C1CC(OC3)C,,,5.399996913372259,5.399996913372259
CC1CC2=C(CO1)C3=C(CCN(C3)CCC(C)C)N=C2COC4=CC=CC=C4,,5.199998172182031,,5.499996931948306
CC1CC2=C(CO1)C3=C(CCN(C3)CCC(C)C)N=C2C4=CC=C(C=C4)OC,,,,5.499996931948306
CC1CC2=C(CO1)C3=C(CCN(C3)CCOC4=CC=CC=C4)N=C2C5=CC=CC=C5,,,5.299997602857746,5.399996913372259
CC1CC2=C(CO1)C3=C(CCN(C3)CCOC4=CC=CC=C4)N=C2COC5=CC=CC=C5,,,,5.399996913372259
CCCCC1=NC2=C(CN(CC2)CCOC3=CC=CC=C3)C4=C1CC(OC4)C,,,5.499996931948306,5.499996931948306
COC1=CC=C(C=C1)OCC2CC3=C(CO2)C4=C(CCN(C4)CCOC5=CC=CC=C5)N=C3C6=CC=CC=C6,,,,5.399996913372259
CC1CC2=C(CO1)C3=C(CCN(C3)CC(C)C)N=C2C4=CC=CC=C4,,,5.499996931948306,5.499996931948306
CC1CC2=C(CO1)C3=C(CCN(CC3)CC(C)C)N=C2C4=CC=CC=C4,,,5.499996931948306,
CC1=C(C(N2C(=C3C(C(=O)N(C3=O)C)[C@](C2=O)(C(=O)OC)O)N1CC4=CC=CC=C4)C5=CC=CC=C5)C(=O)OC,,6.899974269892137,5.299997602857746,5.399996913372259
CC1=C(C(N2C(=C3C(C(=O)N(C3=O)C4=CC=CC=C4)[C@](C2=O)(C(=O)OC)O)N1CC5=CC=CC=C5)C6=CC=CC=C6)C(=O)OC,,6.200023450429563,,5.449996922660283
CC1=C(C(N2C(=C3C(CCCC3=O)[C@](C2=O)(C(=O)OC)O)N1CC4=CC=CC=C4)C5=CC=CC=C5)C(=O)OC,,,,5.399996913372259
CC1=C(C(N2C(=C3C(CCOC3=O)[C@](C2=O)(C(=O)OC)O)N1CC4=CC=CC=C4)C5=CC=CC=C5)C(=O)OC,,,,5.399996913372259
CC1=C(C(N2C(=C(C([C@](C2=O)(C(=O)OC)O)C3=CC=CC=C3)C(=O)C4=CC=CC=C4)N1CC5=CC=CC=C5)C6=CC=CC=C6)C(=O)OC,,,,5.399996913372259
CC1=C(C(N2C(=C(C([C@](C2=O)(C(=O)OC)O)C3=CC=CC=C3)C(=O)C)N1CC4=CC=CC=C4)C5=CC=CC=C5)C(=O)OC,,,5.0999990348465305,5.399996913372259
CC1=C(C(N2C(=O)[C@@]3(C4C([C@@]2(N1CC5=CC=CC=C5)O3)C(=O)N(C4=O)C)C(=O)OC)C6=CC=CC=C6)C(=O)OC,,,,5.5499972930101755
CC1=C(C(N2C(=O)[C@@]3(C4C([C@@]2(N1CC5=CC=CC=C5)O3)C(=O)N(C4=O)C6=CC=CC=C6)C(=O)OC)C7=CC=CC=C7)C(=O)OC,,5.699991797446187,5.499996931948306,5.349997258115003
CC1=C(C(N2C(=O)[C@@]3(C4CCCC(=O)C4[C@@]2(N1CC5=CC=CC=C5)O3)C(=O)OC)C6=CC=CC=C6)C(=O)OC,,,,5.399996913372259
CC1=C(C(N2C(=O)[C@@]3(C4CCOC(=O)C4[C@@]2(N1CC5=CC=CC=C5)O3)C(=O)OC)C6=CC=CC=C6)C(=O)OC,,,,5.599997654072044
CC1=C(C(N2C(=O)[C@@]3(C(C([C@@]2(N1CC4=CC=CC=C4)O3)C(=O)OC)C(=O)OC)C(=O)OC)C5=CC=CC=C5)C(=O)OC,,5.399996913372259,,5.399996913372259
CC1=C(C(N2C(=O)[C@@]3(C(C([C@@]2(N1CC4=CC=CC=C4)O3)C(=O)C5=CC=CC=C5)C6=CC=CC=C6)C(=O)OC)C7=CC=CC=C7)C(=O)OC,,,,5.399996913372259
CC1CCC(NC1C2=CC=C(C=C2)C3=CC=CO3)C(=O)O,,5.399996913372259,,
CC1CCC(NC1C2=CC=C(C=C2)C#CCOC)C(=O)O,,,5.299997602857746,
CC1CCC(NC1C2=CC=CC=C2C3=CC=C(C=C3)OC)C(=O)O,,5.499996931948306,,5.299997602857746
CC1CCC2C(=O)N3C(CCC(C3C4=CC(=CC=C4)N5CCOCC5)C)C(=O)N2[C@H]1C6=CC(=CC=C6)N7CCOCC7,,,,5.399996913372259
CC1CCC2C(=O)N3C(CCC(C3C4=CC=CC=C4Br)C)C(=O)N2[C@@H]1C5=CC=CC=C5Br,,5.199998172182031,5.499996931948306,5.900008766455316
CC1CCC2C(=O)N3C(CCC(C3C4=CC=C(C=C4)Br)C)C(=O)N2[C@H]1C5=CC=C(C=C5)Br,,5.499996931948306,,5.299997602857746
CC1CCC2C(=O)N3CCCC3C(=O)N2C1C4=CC=C(C=C4)Br,,6.199970640755866,8.397940008672037,
CC1CCC2C(=O)N3C(CCC(C3C4=CC=C(C=C4)C#CCOC)C)C(=O)N2C1C5=CC=C(C=C5)C#CCOC,,5.0999990348465305,,5.900008766455316
CC1CCC2C(=O)N3C(CCC(C3C4=CC=CC(=C4)CC=C)C)C(=O)N2C1C5=CC=CC(=C5)CC=C,,5.399996913372259,5.499996931948306,6.700057099977233
CC1CCC2C(=O)N3C(CCC(C3C4=CC(=CC=C4)N5CCCC5=O)C)C(=O)N2[C@@H]1C6=CC(=CC=C6)N7CCCC7=O,,5.599997654072044,,5.599997654072044
CC1CCC2C(=O)N3C(CCC(C3C4=CC=C(C=C4)NC(=O)C)C)C(=O)N2[C@H]1C5=CC=C(C=C5)NC(=O)C,,,,5.499996931948306
CC1CCC2C(=O)N3C(CCC(C3C4=CC(=CC=C4)Br)C)C(=O)N2[C@H]1C5=CC(=CC=C5)N6CCOCC6,,5.599997654072044,,7.600326278518962
CC1CCC2C(=O)N3C(CCC(C3C4=CC=CC=C4Br)C)C(=O)N2C1C5=CC=C(C=C5)C#CCN(C)C,,5.399996913372259,,5.499996931948306
CC1CCC2C(=O)N(C(C(=O)N2C1C3=CC(=CC=C3)OC)C(C)C)C,,,,5.699991797446187
CC1CCC2C(=O)N3C(CC4=C(C3C5=CC(=C(C(=C5)OC)OC)OC)NC6=CC=CC=C46)C(=O)N2C1C7=CC=CC(=C7)CC=C,,,5.399996913372259,5.399996913372259
CC1CCC2C(=O)OC(CN2C1C3=CC=C(C=C3)Br)COC(=O)C(=C)C,,,5.699991797446187,5.499996931948306
CC1CCC2C(=O)OC(CN2C1C3=CC=C(C=C3)Br)CN4C(=O)C5=CC=CC=C5C4=O,,5.499996931948306,5.499996931948306,5.399996913372259
CC1CCC2C(=O)OC(CN2C1C3=CC=C(C=C3)Br)CC4=CC=CC=C4,,5.599997654072044,5.399996913372259,5.349997258115003
CC1CCC2C(=O)OC(CN2C1C3=CC=C(C=C3)Br)COC4=CC=C(C=C4)OC,,,5.0999990348465305,5.399996913372259
CC1CCC2C(=O)OC(CN2C1C3=CC=C(C=C3)Br)COC4=CC=C(C=C4)C(C)(C)C,,,,5.399996913372259
CCN1C(=C(C(N2C1=C(C([C@](C2=O)(C(=O)OC)O)C3=CC=CC=C3)C(=O)C4=CC=CC=C4)C5=CC=CC=C5)C(=O)OC)C,,,5.499996931948306,5.499996931948306
CCN1C(=C(C(N2C1=C(C([C@](C2=O)(C(=O)OC)O)C3=CC=CC=C3)C(=O)C)C4=CC=CC=C4)C(=O)OC)C,,,,5.399996913372259
CCC(=O)[C@@]12C3CCOC(=O)C3[C@]4(O1)N(C(=C(C(N4C2=O)C5=CC=CC=C5)C(=O)OC)C)CC,,,,5.299997602857746
CCN1C(=C(C(N2[C@]13C4C(CCCC4=O)[C@@](C2=O)(O3)C(=O)OC)C5=CC=CC=C5)C(=O)OC)C,,,,5.399996913372259
CCC(=O)[C@@]12C3CCOC(=O)C3[C@]4(O1)N(C(=C(C(N4C2=O)C5=CC=CC=C5)C(=O)OC)C)CC6=CC=CC=C6,,,5.299997602857746,5.900008766455316
CC1CCC2C(=O)OC(CN2C1C3=CC=C(C=C3)Br)CO,,5.399996913372259,,5.499996931948306
CC1CCC2C(=O)OC(CN2C1C3=CC=C(C=C3)Br)COC=C,,5.499996931948306,5.499996931948306,5.800006184699457
CC1CCC2C(C1C3=CC=C(C=C3)Br)CC(OC2=O)COC4=CC=C(C=C4)OC,,,5.0999990348465305,5.399996913372259
CC(/C=C/CC(=O)OC)C(C1CCCCC1)OCC2=CC(=CC=C2)C3=CC=CC=C3,,,,5.399996913372259
CC(CO)C(C(C)C(C1CCCCC1)OC)OCC2=CC(=CC=C2)Br,,,,5.499996931948306
CC#CCOCC/C=C/1\C(C(C2=CC=CC=C21)OC)C,,,,5.399996913372259
CCOC(C1=C(C(=CC(=C1)OC)[N+](=O)[O-])OC)C(C)C([C@@H](C)/C=C/CC(=O)OC)OC,,5.599997654072044,,5.399996913372259
CC(C(C1=CC=CC=C1)OC)C(C(C)C(C(C)C(=O)C)OC)OC,,,,5.399996913372259
CC(/C=C/CC(=O)OC)C(C1=CC=CC=C1Br)OC,,5.499996931948306,,
CC(/C=C/CC(=O)OC)C(C(C)C(C1CCCCC1)OC)OCC2=CC(=CC=C2)Br,,5.599997654072044,5.199998172182031,5.399996913372259
CC(=O)OCC1C(C=CC(O1)C#CC2=CC=C(C=C2)Cl)OC(=O)C,,,5.299997602857746,
CC(=O)OCC1C(C=CC(O1)C#CC2=CC=CC=C2Cl)OC(=O)C,,,,5.399996913372259
CC(C)(C)C1=C(C=CC(=C1)OC)OC2C=CC(OC2CO)C3=CC=CC=C3,,5.499996931948306,,6.100015437450609
CC(=O)OCC1C(C=CC(O1)C#CC2(CCCCC2)OC)OC(=O)C,,,,5.399996913372259
CC(=O)OCC1C(C=CC(O1)C#CC2=CC=C(C=C2)Br)OC(=O)C,,,,5.499996931948306
CCCCCCC#CC1C=CC(C(O1)COC(=O)OCC)OC(=O)OCC,,,,5.399996913372259
CC(=O)C1=C(C=CC(=C1)OC)OC2C=CC(OC2CO)C3=CC=CC=C3,,5.499996931948306,,5.399996913372259
CCOC(=O)OCC1C(C=CC(O1)C2=CC=CC=C2)OC3=CC=CC(=C3)N(C)C,,,,5.499996931948306
C1CCC(C1)C2=CC=C(C=C2)OC3C=CC(OC3CO)C4=CC5=C(C=C4)OCO5,,,5.499996931948306,5.699991797446187
CCOC(=O)OCC1C(C=CC(O1)C2=CC=CC=C2)OC3=C(C=C(C=C3)F)C,,5.499996931948306,,
C[C@@]12CCC3C(C1CCC2=O)CCC4=C3C=CC(=C4)OC5C=CC(OC5CO)C6=CC=CC=C6,,,,5.499996931948306
CC1=CC(=O)OC2=C1C=CC(=C2)OC3C=CC(OC3CO)C#CC(C)(C)C,,5.499996931948306,,
COC1=CC=C(C=C1)OC2C=CC(OC2CO)CC=C,,,,5.399996913372259
COC1=CC=C(C=C1)OC2C=CC(OC2COC(=O)C3=CC=C(C=C3)Br)CC=C,,5.399996913372259,5.199998172182031,5.499996931948306
CCCCCCC#CC1C=CC(C(O1)CO)OC2=CC=C(C=C2)C=O,,,,5.399996913372259
COC(=O)C1(C/C(=C\CC2=CC=CC=C2C1C[N+](=O)[O-])/C=C)C(=O)OC,,,,5.499996931948306
CC(=O)[C@]1(CCCC1=O)C(C2=CC=CC=C2)NC(=O)OC,,5.699991797446187,,
CC(=O)C(C(C1=CC(=CC=C1)C(F)(F)F)NC(=O)OC)C(=O)OCC=C,,,5.399996913372259,5.799998134593398
CC(=CCC12CCC(OC1=C(C(=O)C(C2=O)(CC=C(C)C)CC=C(C)C)C(=O)C3=CC=CC=C3)(C)C)C,,,,5.399996913372259
C=CCC1(C2=NC3=CC(=C(C=C3N=C2C4=CC=CC=C4O1)Cl)Cl)C5=CC=CC=C5,,5.299997602857746,,
CC12CC(C(CC1=O)C3=CC=C(C=C3)OC)(C(=C2)/C=C/C4=CC=C(C=C4)OC)C,,5.0999990348465305,,5.299997602857746
COC(=O)C12CC3(CCC4C1C(C5C4C25)OCC6=CC=CC=C6)OCCO3,,5.299997602857746,,
CC12CC(C(CC1=O)C3=CC=CC=C3OC)(C(=C2)/C=C/C4=CC=CC=C4OC)C,,5.399996913372259,,5.499996931948306
CC1=CC=C(C=C1)/C=C/C(C(=C)C)O,,5.499996931948306,,5.399996913372259
CC(=C)C(/C=C/C=C/C1=CC=CC=C1)O,,,,5.399996913372259
COC1=CC=C(C=C1)/C=C/N(CCC2=CC(=C(C=C2)OC)OC)C(=O)OC,,5.499996931948306,,5.399996913372259
CCCCCCC/C=C/C(C(=C)C)O,,,,5.399996913372259
COC1=CC=C(C=C1)/C=C/NC(=O)CC2=CC(=C(C=C2)OC)OC,,6.0,5.299997602857746,5.499996931948306
CC(=O)C(C(C1=CC=CS1)NC(=O)OC)C(=O)OCC=C,,,5.299997602857746,5.499996931948306
CC12CC(C(CC1=O)/C=C/C3=CC=CC=C3)(C(=C2)/C=C/C=C/C4=CC=CC=C4)C,,5.499996931948306,5.499996931948306,5.399996913372259
CC(=O)CC(C1=CC2=C(C=C1)OCO2)NC(=O)OC,,5.199998172182031,,5.399996913372259
CC12CC(C(CC1=O)C3=CC(=CC=C3)OC)(C(=C2)/C=C/C4=CC(=CC=C4)OC)C,,5.499996931948306,5.499996931948306,5.399996913372259
CCC/C=C/C1C(C2(C3C(C1=O)O3)OCC(CO2)(CC)CC)CO,,,,5.399996913372259
CC(=C)C(/C=C/C1=CC=CC=C1OC)O,,,,5.599997654072044
CCCCCCC1=CC2=CC(=C(C=C2C(O1)C(C(=O)C)C(=O)OC)OC)OC,,5.399996913372259,,5.499996931948306
CC(=C)C(/C=C/C1=CC(=CC=C1)OC)O,,5.0999990348465305,5.0999990348465305,5.399996913372259
C1CCC(=CC1)C2=NC3(CC3)C(=O)O2,,,,5.299997602857746
CCCCCCC1CC2=CC(=C(C=C2C(O1)C(C(=O)OCC)C(=O)OCC)OC)OC,,,,5.649997533270852
CC(=C)C(/C=C/C1=CC=C(C=C1)Br)O,,5.499996931948306,5.499996931948306,5.399996913372259
CCCCCCCC#CC1=CC=CC=C1C(C(C(=O)OC)C(=O)OC)NC(=O)OC,,5.0999990348465305,,5.499996931948306
COC1=CC=C(C=C1)[C@@]23C(C(C2C(=O)OC)C4=CC=CC=C4)C(=O)C5=C(O3)C=C(C=C5OC)OC,,,,5.399996913372259
COC1=CC=C(C=C1)/C=C/N(CCC2=CC(=C(C=C2)OC)OC)C(=O)C(F)(F)F,,5.499996931948306,5.0999990348465305,5.699991797446187
CC(C)(C)OC1C2C(C3C1C3C2CC(CC=C)O)CC(CC=C)O,,,,5.799998134593398
COC1=CC=C(C=C1)CC2C3=CC(=C(C=C3CCN2C(=O)OC)OC)OC,,,5.499996931948306,5.399996913372259
CC(=O)[C@]1(CCCC1=O)C(/C=C/C2=CC=CC=C2)NC(=O)OC,,,,5.399996913372259
CC(=O)N(CCC1=CC(=C(C=C1)OC)OC)/C=C/C2=CC=C(C=C2)OC,,5.499996931948306,,5.699991797446187
C/C(=C(\C(C1=CC=C(C=C1)F)NC(=O)OC)/C(=O)OC)/NCC2=CC=CC=C2,,5.599997654072044,6.0,5.499996931948306
CC1(C2=NC3=CC(=C(C=C3N=C2C=CO1)Cl)Cl)CC=C,,,,5.399996913372259
C/C=C/C1C2C(C(C(=O)N2C3=C(O1)C=CC(=C3)OC)C)OCOC,,,,5.399996913372259
CC(=O)C(C(C1=CC=CC=C1)NC(=O)OC)C(=O)OCC=C,,,,5.399996913372259
CCCCCCC1=CC2=CC(=C(C=C2C(O1)C3(CCCC3=O)C(=O)OCC)OC)OC,,,,5.499996931948306
CC(=O)C(C(C1=CC=CO1)NC(=O)OC)C(=O)OC,,6.0,5.499996931948306,5.499996931948306
CC(=CCC12C[C@@](CC(C1=O)(C(=O)C(=C2OC(=O)C3=CC=C(C=C3)Br)C(=O)C4=CC=CC=C4)CC=C(C)C)(CC(=C)CC(=O)OC)CC(=O)OC)C,,,,5.499996931948306
CC(=O)C(C(C1=CC=C(C=C1)F)NC(=O)OC)C(=O)OC,,,5.499996931948306,
CC1=CC(=CC=C1)C(C(C(=O)C)C(=O)OC)NC(=O)OC,,,,5.0999990348465305
CC(=O)C(C(C1=CC2=CC=CC=C2C=C1)NC(=O)OC)C(=O)OCC=C,,,,6.0
CCCCCCC1=CC2=CC(=C(C=C2C(O1)C(C(=O)C)C(=O)OCC)OC)OC,,,5.199998172182031,5.499996931948306
CC(CC1=C(C(=CC(=C1)Br)OCC2=CC=CC=C2)OC)/C=C/C(C(=O)OC)OCC3=CC=CC=C3,,5.499996931948306,,5.499996931948306
C/C=C/OC(=O)NC(C1=CC=CC=C1)[C@]2(CCCC2=O)C(=O)OC,,,,6.0
CCC12CC(C(CC1=O)C3=CC=CC=C3)(C(=C2)/C=C/C4=CC=CC=C4)CC,,5.799998134593398,,5.199998172182031
C/C(=C(\C(C1=CC=CS1)NC(=O)OC)/C(=O)OC)/NCC2=CC=CC=C2,,5.0999990348465305,5.399996913372259,5.399996913372259
CCCCCCCC#CC1=CC=CC=C1/C=N/S(=O)C2=CC=C(C=C2)C,,,,5.399996913372259
CC12CC(C(CC1=O)C3=CC=C(C=C3)C(F)(F)F)(C(=C2)/C=C/C4=CC=C(C=C4)C(F)(F)F)C,,,5.199998172182031,5.399996913372259
CC1=CC(=CC=C1)C(/C(=C(\C)/NCC2=CC=CC=C2)/C(=O)OC)NC(=O)OC,,,5.0999990348465305,
COC1=CC=C(C=C1)/C=C/NC(=O)C2=CC=C(C=C2)OC,,,,5.499996931948306
CC(=O)C(C(C1=CC=CO1)NC(=O)OC)C(=O)OCC=C,,,,5.299997602857746
CC(=CCC/C(=C/C=C/C1=CC2(CC1(C(CC2=O)/C=C(\C)/CCC=C(C)C)C)C)/C)C,,,,5.399996913372259
COC1=CC=C(C=C1)/C=C/N(CCC2=CC(=C(C=C2)OC)OC)C(=O)C3=CC=CC=N3,,,,5.399996913372259
CCCCCCCC1=CC2=CC(=O)C(C(=O)C2=CN1CCCC)(C)O,,,5.499996931948306,
CC(=O)C(C(C1=CC2=CC=CC=C2C=C1)NC(=O)OC)C(=O)OC,,5.399996913372259,,
CCCCCCC(=O)CC1=CC(=C(C=C1/C=C(/C(=O)C)\C(=O)OC)OC)OC,,5.499996931948306,,5.399996913372259
CC(=O)C(C(C1=CC=C(C=C1)Cl)NC(=O)OC)C(=O)OCC=C,,5.499996931948306,,5.900008766455316
C/C(=C(\C(C1=CC=CC=C1)NC(=O)OC)/C(=O)OC)/NCC2=CC=CC=C2,,5.499996931948306,5.399996913372259,5.399996913372259
CCCCCCCC1=CC2=CC=CC=C2C(N1C(=O)OC)CC(=O)C,,5.199998172182031,5.399996913372259,5.499996931948306
C/C(=C(\C(C1=CC=C(C=C1)Cl)NC(=O)OC)/C(=O)OC)/NCC2=CC=CC=C2,,5.199998172182031,5.299997602857746,
CCOC(=O)[C@@]1(CCCC1=O)C(C2=CC(=CC=C2)F)NC(=O)OC,,,5.399996913372259,
CCCCCCCC#CC1=CC=CC=C1/C=N/S(=O)C(C)(C)C,,,,5.499996931948306
CC(CCCCCCC/C=C/C=C/C(=O)N/C=C/C(=O)OCC=C)O,,5.499997283722152,,5.449996922660283
CC(=O)[C@]1(CCCC1=O)C(C2=CC(=CC=C2)F)NC(=O)OC,,5.399996913372259,,
CC\1C(C2=CC=CC=C2/C1=C/CCOCC=C)OC,,7.500312917381596,5.499996931948306,5.499996931948306
CC1=CC=C(C=C1)/C=C/C2=CC3(CC2(C(CC3=O)C4=CC=C(C=C4)C)C)C,,5.399996913372259,,5.399996913372259
CC(=O)C(C(C1=CC=C(C=C1)F)NC(=O)OC)C(=O)OCC=C,,,,5.499996931948306
CC1=CC=C(C=C1)S(=O)(=O)N/N=C/C2=CC=CC=C2C3=C(C=CC(=C3)OC)OC,,5.0999990348465305,,5.499996931948306
CC1=CC(=CC=C1)C(C(C(=O)C)C(=O)OCC=C)NC(=O)OC,,5.399996913372259,,5.599997654072044
CC(=O)C(C(C1=CC=C(C=C1)Cl)NC(=O)OC)C(=O)OC,,5.499996931948306,,
C/C(=C/CCCC=C)/C(C(CC/C=C(\C)/C(=O)N)OC)OCC1=CC=C(C=C1)OC,,,5.499996931948306,5.399996913372259
CC12CCOC[C@@]13C2C4=CC=CC=C4C(O3)C(C(=O)OC)C(=O)OC,,,,5.499996931948306
CCCCCC(=O)C1=CC(=CC2=CC(=C(C=C21)OC)OC)CC(C(=O)OC)C(=O)OC,,5.499996931948306,,5.399996913372259
CC12CC(C(CC1=O)CCC3=CC=CO3)(C(=C2)/C=C/CCC4=CC=CO4)C,,,5.199998172182031,
CCC(=O)CC(C1=CC=CC=C1)NC(=O)OC,,,,5.199998172182031
CCCCCCC1=CC2=CC(=C(C=C2C(O1)CC(=O)/C=C/OC)OC)OC,,,,5.299997602857746
CC12CC(C(CC1=O)C3=CC=C(C=C3)Br)(C(=C2)/C=C/C4=CC=C(C=C4)Br)C,,5.599997654072044,5.0999990348465305,5.399996913372259
CC1(C(=O)C=C2C=C3CCCN3C=C2C1=O)O,,,5.0999990348465305,
CC12CC(C(CC1=O)C3=CC=CC=C3)(C(=C2)/C=C/C4=CC=CC=C4)C,,,5.499996931948306,5.499996931948306
CCC(=O)C(C(C1=CC=C(C=C1)F)NC(=O)OC)C(=O)OCC=C,,,,5.499996931948306
COC(=O)C(CC#C)(C(C[N+](=O)[O-])C1=CC=CC=C1)C(=O)OC,,,,5.499996931948306
CCOC(=O)[C@@]1(CCCC1=O)C(C2=CC=CC(=C2)C)NC(=O)O/C=C/C,,,,5.900008766455316
CCCCCCC#CC1=CC(=C(C=C1C(N2CC(C3=CC=CC=C32)C)N4CC(C5=CC=CC=C54)C)OC)OC,,5.499996931948306,5.0999990348465305,5.499996931948306
C/C(=C(\C(C1=CC2=CC=CC=C2C=C1)NC(=O)OC)/C(=O)OC)/NCC3=CC=CC=C3,,6.0,5.699991797446187,5.399996913372259
CC1C(C(NC(=O)O1)C2=CC=CC=C2)C(=O)OC,,,5.499996931948306,
CC(=C)C(/C=C/C1=CC=C(C=C1)OC)O,,5.599997654072044,,5.299997602857746
CC(=O)C(C(C1=CC(=CC=C1)F)NC(=O)OC)C(=O)OCC=C,,6.0,,7.100179497572904
CC(/C=C/CCO)C(C1=CC=CC=C1Br)OC,,,,5.499996931948306
CCOC(=O)/C(=C/CCC(C(C(=C)C)O)OC)/C,,,5.499996931948306,
CC1=CC(=CC=C1)C([C@@]2(CCOC2=O)C(=O)C)NC(=O)OC,,5.499996931948306,,7.500312917381596
CC(=O)C(C(C1=CC=CS1)NC(=O)OC)C(=O)OC,,,,5.399996913372259
CCOC(=O)[C@@]1(CCCC1=O)C(C2=CC=CC=C2)NC(=O)OC,,,,5.599997654072044
CCOC(=O)[C@@]1(CCCC1=O)C(C2=CC=CC=C2)NC(=O)O/C=C/C,,5.399996913372259,,7.801342913045577
C/C=C/OC(=O)NC(C1=CC=CC=C1)[C@@]2(CCCC2=O)C(=O)C,,5.399996913372259,,6.899974269892137
C/C(=C(\C(C1=CC(=CC=C1)F)NC(=O)OC)/C(=O)OC)/NCC2=CC=CC=C2,,5.199998172182031,5.299997602857746,
CC(=O)C(C(C1=CC=CC=C1)NC(=O)NCC2=CC=CC=C2)C(=O)OC,,,,5.399996913372259
C/C=C/OC(=O)NC(C1=CC=CC=C1)[C@@]2(CCOC2=O)C(=O)C,,6.100015437450609,,7.500312917381596
CC\1C(C2=CC=CC=C2/C1=C\CC(=O)OC)OC,,,7.100179497572904,
CC#CC(C)C(C(CC(C)CC1=C(C(=CC(=C1)Br)OCC2=CC=CC=C2)OC)OC)OCOC,,,,5.499996931948306
C1=CC=C(C=C1)CON(CCC#N)CC#CC2=CC=CC=C2,,5.499996931948306,,6.700057099977233
CCCCCCC#CC1C=CC(C(O1)COC(=O)C)OC(=O)C,,,5.0999990348465305,5.399996913372259
CCOC(=O)OCC1C(C=CC(O1)C#CC2=CC=CC=C2)OC(=O)OCC,,7.100179497572904,,5.399996913372259
CCOC(=O)OCC1C(C=CC(O1)C2=CC=CC=C2)OC(=O)OCC,,5.499996931948306,,
CC(=O)C1=CC=C(C=C1)OC2C=CC(OC2CO)C3=CC=C(C=C3)Cl,,5.299997602857746,,
CN(C)C1=CC(=CC=C1)OC2C=CC(OC2CO)C#CC3=CC=CC=C3,,8.102372908709558,,5.399996913372259
CCOC(=O)OCC1C(CCC(O1)CCC2=CC=CC=C2)OC3=CC=C(C=C3)OC,,,,5.399996913372259
CCOC(=O)OCC1C(C=CC(O1)C#CC2=CC=C(C=C2)Br)OC(=O)OCC,,5.599997654072044,,5.399996913372259
CC(C)(C)C1=C(C=CC(=C1)OC)OC2C=CC(OC2CO)C#CC3=CC=C(C=C3)Br,,5.499996931948306,,5.399996913372259
CC(=O)OCC1C(C=CC(O1)C#CC2=CC=C(C=C2)C(C)(C)C)OC(=O)C,,5.199998172182031,,
CC1=CC(=C(C=C1)C#CC2C=CC(C(O2)COC(=O)C)OC(=O)C)C,,5.599997654072044,5.399996913372259,5.499996931948306
CC(=O)OCC1C(C=CC(O1)C#CC2=C(C=C(C=C2)F)F)OC(=O)C,,5.299997602857746,5.199998172182031,5.499996931948306
CC1=CC(=CC(=C1)C2C=CC(C(O2)COC(=O)C)OC(=O)C)C,,,,5.499996931948306
CCOC(=O)OCC1C(C=CC(O1)C#CC2=CC=C(C=C2)C(C)(C)C)OC(=O)OCC,,8.602059991327963,5.0999990348465305,
CCOC(=O)OCC1C(C=CC(O1)C#CC2=C(C=C(C=C2)C)C)OC(=O)OCC,,,,5.399996913372259
CCOC(=O)OCC1C(C=CC(O1)C#CC2=C(C=C(C=C2)F)F)OC(=O)OCC,,,,5.499996931948306
CCOC(=O)OCC1C(C=CC(O1)C2=CC(=CC(=C2)C)C)OC(=O)OCC,,,,5.399996913372259
CC(=O)C1=CC=C(C=C1)C2C=CC(C(O2)CO)OC3=CC=C(C=C3)C4=CC=CC=C4,,5.399996913372259,,
CC(C)(C)C1=CC=C(C=C1)OC2C=CC(OC2CO)C#CC3=CC=CC=C3,,,,5.499996931948306
COC1=CC=C(C=C1)OC2C=CC(OC2CO)C#CC3=C(C=C(C=C3)F)F,,7.698970004336019,5.399996913372259,5.449996922660283
CC(C)(C)C1=CC=C(C=C1)C#CC2C=CC(C(O2)CO)OC3=CC=C(C=C3)OC,,6.400007822415902,,5.399996913372259
CC1=CC(=CC(=C1)C#CC2C=CC(C(O2)CO)OC3=CC=C(C=C3)C4CCCC4)C,,,,5.399996913372259
CCOC(=O)OCC1C(C=CC(O1)C2=CC=C(C=C2)C(=O)C)OC3=CC=C(C=C3)C4=CC=CC=C4,,5.299997602857746,,
CCOC(=O)OCC1C=C[C@@H](C(O1)C2=CC=C(C=C2)C(=O)C)C3=C(C=CC(=C3)C4=CC=CC=C4)O,,6.50003813440381,5.199998172182031,5.499996931948306
CC(=O)C1=CC=C(C=C1)OC2C(COC2/C=C/C3=CC=C(C=C3)Cl)O,,5.599997654072044,,5.399996913372259
CC1=CC(=CC(=C1)/C=C/C2C(C(CO2)O)OC3=CC=C(C=C3)C4CCCC4)C,,5.399996913372259,,5.449996922660283
CC(C)(C)C1=CC=C(C=C1)OC2C(COC2/C=C/C#CC3=CC=CC=C3)O,,5.299997602857746,5.499996931948306,5.449996922660283
COC1=CC=C(C=C1)OC2C(COC2/C=C/C#CC3=C(C=C(C=C3)F)F)O,,5.599997654072044,5.0999990348465305,5.449996922660283
CC1=CC=C(C=C1)OC2C(COC2/C=C/C#CC3=CC=C(C=C3)C(C)(C)C)O,,,5.199998172182031,
CCCCC#CC1C=CC(C(O1)CO)OC2=CC=C(C=C2)OC,,5.799998134593398,,5.499996931948306
CC1=C(C=CC(=C1)F)OC2C=CC(OC2CO)C3=CC4=C(C=C3)OCO4,,5.499996931948306,5.399996913372259,5.499996931948306
CC1=CC(=CC(=C1)OC2C=CC(OC2CO)C#CC3=CC=C(C=C3)OC)C,,5.699991797446187,5.399996913372259,5.799998134593398
CC(=O)C1=CC=C(C=C1)OC2C=CC(OC2CO)C#CC3=CC=C(C=C3)Br,,,,5.499996931948306
CCOC(=O)OCC1C(C=CC(O1)C#CC2=CC=CC=C2)OC3=CC=CC(=C3)N(C)C,,5.599997654072044,5.399996913372259,5.399996913372259
C1=CC=C(C=C1)C#CC2C=CC(C(O2)CO)OC3=CC=C(C=C3)C=O,,5.599997654072044,,5.399996913372259
CCCCC#CC1C=CC(C(O1)CO)OC2=CC(=C(C(=C2)OC)OC)OC,,,,5.299997602857746
CC1=C(C=CC(=C1)F)OC2C=CC(OC2CO)C3=CC=C(C=C3)C(=O)C,,,,5.499996931948306
CC1=C(C=CC(=C1)F)OC2C=CC(OC2CO)CC=C,,5.399996913372259,,5.399996913372259
CC1=CC=CC=C1OC2C=CC(OC2CO)C#CC3=CC=C(C=C3)Br,,5.399996913372259,6.700057099977233,
C1OC2=C(O1)C=C(C=C2)OC3C=CC(OC3CO)/C=C\C4=CC=CC=C4,,,5.399996913372259,6.400007822415902
C1OC2=C(O1)C=C(C=C2)C3C=CC(C(O3)CO)OC4=CC(=CC(=C4)Cl)Cl,,5.399996913372259,5.499996931948306,6.50003813440381
CC(C)(C)C1=CC(=CC(=C1O)C(C)(C)C)/C=C(/C#N)\[N+]#[C-],,,,5.399996913372259
CN1C[C@@H](C[C@H]1CCOC2=CC=CC=C2CCC3=CC(=CC=C3)OC)O.Cl,,,,5.499996931948306
C1CN(CCC12C3=CC=CC=C3NC(=O)O2)CCC4=CC=C(C=C4)C(F)(F)F.Cl,,,,5.0999990348465305
CC(C)C1=CC2=C(C=C1)[C@]3(CCC[C@@]([C@@H]3CC2)(C)CN)C.Cl,,,,5.0
CC1=C2C=CC=CC2=C(C3=CC=CC=C13)CSC(=N)N.Cl,,,,5.0
C1=CC=C(C=C1)C(CCNCC(=O)N)C2=CC=CC=C2.Cl,,,,4.800000874803203
C1CN(CCN1CC2=NC3=CC=CC=C3N2)C4=CC=CC=N4.Cl.Cl.Cl,,,,4.59999938302362
CN(C)C1=CC=C(C=C1)/C=C/2\CCCN=C2C3=CN=CC=C3.Cl.Cl,,,,5.0
C1=CN=CC=C1CC2=CN=CN2.Br.Br,,,,5.399996913372259
CC1=NC=C(C(=N1)N)CN2CCC(=CC2)C3=CC=CC=C3.Cl.Cl,,,,4.59999938302362
C1=CC(=C(C=C1C2=C(SC(=N2)N)C3=CC=NC=C3)Cl)Cl.Cl.Cl,,,,6.100015437450609
C1=CC=C(C=C1)NC(=O)/C=C/C2=C(NC3=C2C(=CC(=C3)Cl)Cl)C(=O)[O-].[Na+],,,,4.800000874803203
CC1=C(SC2=NC3=C(N12)C=C(C=C3)N)C(=O)NC4CCCCC4.Cl,,,,5.799998134593398
C[C@]12CCC3C([C@@H]1CC[C@@H]2C(=O)NC(C)(C)C)CC[C@@H]4[C@@]3(C=CC(=O)N4)C,,,,5.699991797446187
C[C@]12CCC3C([C@@H]1CCC2=O)CC=C4[C@@]3(CC[C@@H](C4)O)C,,,,4.800000874803203
CC(=O)NCCC(=O)C1=C(C=CC(=C1)OC)CN=O,,,,6.299988937677887
CN[C@H]1CCC(C2=CC=CC=C12)C3=CC(=C(C=C3)Cl)Cl.Cl,,,,4.800000874803203
C[C@@H]1[C@H]2[C@@H](C3C[C@@H]4[C@H]([C@@H]5C3=C1C(=O)N6[C@@]5(C(=NCCC7=CNC8=CC=CC=C87)OC6=O)CC9=CC=CC=C9)C(=O)N(C4=O)C1=CC=CC=C1)C(=O)N(C2=O)C1=CC=CC=C1,,,,5.599997654072044
CCN1C(=O)[C@@H]2CC3[C@@H]4[C@H]([C@H](C5=C3[C@@H]([C@@H]2C1=O)[C@]6(C(=NCC7CC7)OC(=O)N6C5=O)C)C)C(=O)N(C4=O)CC,,,,4.800000874803203
C[C@@H]1[C@H]2[C@@H](C3C[C@@H]4[C@H]([C@@H]5C3=C1C(=O)N6[C@@]5(C(=NCCOC)OC6=O)CC7=CC=CC=C7)C(=O)N(C4=O)CC(=O)OC)C(=O)N(C2=O)CC(=O)OC,,,,4.800000874803203
C[C@@H]1[C@H]2[C@@H](C3C[C@@H]4[C@H]([C@@H]5C3=C1C(=O)N6[C@@]5(C(=NCCOC)OC6=O)CC7=CC=CC=C7)C(=O)N(C4=O)C8=CC=CC=C8)C(=O)N(C2=O)C9=CC=CC=C9,,,,5.299997602857746
C[C@@H]1[C@H]2[C@@H](C3C[C@@H]4[C@H]([C@@H]5C3=C1C(=O)N6[C@@]5(C(=NCC(=O)OC)OC6=O)CC7=CC=CC=C7)C(=O)N(C4=O)C8=CC=CC=C8)C(=O)N(C2=O)C9=CC=CC=C9,,,,5.199998172182031
C[C@]12CCCC(=C)[C@@H]1CC3C(C2)OC(=O)C3=C,,,,5.0
CC(=O)C12CCCCC1CC3C2(CCC4C3CC(=O)[C@@]5(C4(CCC(C5)OC(=O)C)C)O)C,,,,5.0
CC(=O)[C@]12[C@@H](O1)CC3C2(CCC4C3CC=C5C4(CCC(C5)OC(=O)C)C)C,,,,5.399996913372259
CCN1C[C@]2(CC[C@@H]([C@@]34C2[C@@H]([C@](C31)([C@]5(C[C@@H]([C@H]6CC4C5[C@H]6OC)OC)O)O)OC)OC)COC(=O)C7=CC=CC=C7N8C(=O)CC(C8=O)C,,,,4.700000503883016
CC(C)C(C(C)OC)(C(=O)OC1=CCN2[C@@H]1[C@H](CC2)O)O,,,,4.300000202445418
CCN1C[C@@]2([C@@H](C[C@@H]([C@]34[C@H]1C([C@@H](C23)OC)[C@]5([C@H]([C@@H]([C@]6(CC4C5[C@H]6OC(=O)C7=CC=CC=C7)O)OC)O)OC(=O)C)OC)O)COC,,,,4.499999678657065
C1C[C@@H]([C@H]([C@@H]2[C@@H]1CN3CCC4=C(C3C2)NC5=CC=CC=C45)C(=O)O)O,,,,4.899998417198648
CC[C@H]1[C@]([C@H]([C@@H](C(=O)[C@H](C[C@]([C@H](C([C@H]([C@@H](C(=O)O1)C)O[C@H]2C[C@@]([C@H]([C@@H](O2)C)O)(C)OC)C)O[C@@H]3[C@H]([C@@H](C[C@@H](O3)C)N(C)C)O)(C)O)C)C)O)(C)O,,,,4.800000874803203
C[C@]12CC[C@](CC1C3=CC(=O)C4[C@]5(CC[C@@H](C([C@@H]5CC[C@]4([C@@]3(CC2)C)C)(C)C)O)C)(C)C(=O)O,,,,4.800000874803203
C[C@@H]1[C@H]2CC[C@]3(C=CC(=O)C(=C3C2OC1=O)C)C,,,,4.499999678657065
C[C@]12CCCC([C@H]1CC[C@]3(C2CC(=O)O3)C)(C)C,,,,4.700000503883016
C[C@@H](CO)NC(=O)[C@H]1CN(C2CC3=CNC4=CC=CC(=C34)C2=C1)C,,,,4.700000503883016
C[C@@]12[C@H]3C4[C@H]([C@@H]([C@@]1(C[C@@H]5[C@]2(O5)C(=O)O3)O)C(=O)O4)C(C)(C)O,,,,4.499999678657065
CC(=C)[C@@H]1[C@@H]2[C@@H]3[C@@]4([C@](C1C(=O)O2)(C[C@@H]5[C@]4(O5)C(=O)O3)O)C,,,,4.899998417198648
C1CN2CC3=CCOC4CC(=O)N5[C@H]6[C@H]4C3C[C@H]2[C@@]61C7=CC=CC=C75,,,,4.800000874803203
C=C[C@H]1CN2CC[C@H]1CC2C3=C(C4=CC=CC=C4N3)CCO,,,,4.499999678657065
CC(C)C1C(=O)N2CCCC2[C@]3(N1C(=O)[C@@](O3)(C(C)C)NC(=O)[C@H]4CN([C@@H]5CC6=CNC7=CC=CC(=C67)C5=C4)C)O,,,,5.900008766455316
CC(C)[C@]1(C(=O)N2[C@H](C(=O)N3CCCC3[C@@]2(O1)O)CC4=CC=CC=C4)NC(=O)[C@H]5CN([C@@H]6CC7=CNC8=CC=CC(=C78)C6=C5)C,,,,6.0
CCC(C)C(=O)O[C@H]1C[C@H](C=C2C1[C@H]([C@H](C=C2)C)CC[C@@H]3C[C@H](CC(=O)O3)O)C,,,,4.59999938302362
C[C@]12CC[C@@H](C[C@@H]1CCC3C2CC[C@]4([C@H]3CCC4=O)C)O,,,,4.700000503883016
C[C@]1(C(=O)N2[C@@H](C(=O)N3CCCC3[C@]2(O1)O)CC4=CC=CC=C4)NC(=O)[C@@H]5CN([C@H]6CC7=CNC8=CC=CC(=C78)C6=C5)C,,,,5.0
C[C@]12CCC3C(C1CC[C@@H]2O)CCC4=CC(=C(C=C34)OC)O,5.801342913045578,,,4.499999678657065
CCCC(CCC)C(=O)[O-].[Na+],,,,5.799998134593398
CCCCCCCCCCCCCCCC(=O)O[C@H](CC(=O)O)C[N+](C)(C)C,,4.40000018605658,4.59999938302362,4.40000018605658
C[N+](C)(CCCCCC[N+](C)(C)CCCN1C(=O)C2=CC=CC=C2C1=O)CCCN3C(=O)C4=CC=CC=C4C3=O,4.500312917381596,,,
C1=CC=C(C=C1)C#CCN,5.5003129173815966,5.0,,4.800000874803203
CC1(CC(CC(C1)(C)CN=C=O)N=C=O)C,,,,4.59999938302362
C1=CC(=C(C=C1C2=CC(=C(C=C2)N)O)O)N,,,,4.499999678657065
CC1=C2C=CC3=CC=CC4=C3C2=C(C=C1)C=C4,,,,4.59999938302362
C1(=C(C2=NNN=C2C(=C1Br)Br)Br)Br,,,,5.5499972930101755
C1=CC=C(C=C1)NC2=C(C=C3C(=C2)C(=O)NC3=O)NC4=CC=CC=C4,,,,5.799998134593398
C1=CC(=CC=C1CCN)S(=O)(=O)F,4.801342913045577,,4.40000018605658,
C1CN(CCN1C/C=C\C2=CC=CC=C2)C(C3=CC=C(C=C3)F)C4=CC=C(C=C4)F,4.801342913045577,4.700000503883016,5.399996913372259,5.0
COC1=CC2=C(C(=C1)OC)C(=C(C(=O)O2)C3=CC4=C(C=C3)OCO4)OC,,,,5.599997654072044
CN(C)C1=CC=C(C=C1)C(=N)C2=CC=C(C=C2)N(C)C.Cl,,,,4.800000874803203
C1=CC2=C(C=CC3=C2C(=C1)C(=O)NC3=O)N,6.0,4.40000018605658,,5.499996931948306
C1=CC=C(C=C1)N=NC2=CC=C(C=C2)S(=O)(=O)O,,,5.699991797446187,
C1=CN=CC=C1N,,,7.199970640755866,
C1=CC(=CC=C1C(=O)O)[Hg]Cl,5.5003129173815966,5.599997654072044,4.899998417198648,5.499996931948306
C[N+]1(CCC(CC1)OC(=O)C(C2=CC=CC=C2)C3=CC=CC=C3)C,5.0,4.40000018605658,4.40000018605658,
C1=CC(=CC=C1C(=O)NN)O,,,,5.299997602857746
CC1=C(C2=C(C=C1)N=C(S2)C3=CC=C(C=C3)N)S(=O)(=O)O,,,,4.499999678657065
COC1=C(C=CC(=C1)C2=CC(=C(C=C2)N=NC3=C(C4=C(C=C3)C(=CC(=C4N)S(=O)(=O)[O-])S(=O)(=O)[O-])O)OC)N=NC5=C(C6=C(C=C5)C(=CC(=C6N)S(=O)(=O)[O-])S(=O)(=O)[O-])O.[Na+].[Na+].[Na+].[Na+],4.899629454882437,5.0,,5.0
COC1=C(C=C(C=C1)CCN)O,4.801342913045577,,,4.40000018605658
CCCCCCCCCC1=CC=C(C=C1)O,,,,4.499999678657065
CCCCCCC[N+](CC)(CC)CCCCC1=CC=C(C=C1)Cl.CC1=CC=C(C=C1)S(=O)(=O)[O-],,4.800000874803203,6.50003813440381,
CC(C)NC[C@@H](COC1=CC=C(C=C1)CC(=O)N)O,4.500312917381596,,,4.40000018605658
C1=CC=C(C=C1)C2=NO[N+](=C2C#N)[O-],6.400116927926312,,4.40000018605658,4.899998417198648
CS(=O)C1=CC=C(C=C1)C2=NC(=C(N2)C3=CC=NC=C3)C4=CC=C(C=C4)F,5.800043784341089,5.699991797446187,4.40000018605658,6.0999988520666015
CCCN(CC1CC1)C2=NC(=NC(=C2Cl)NC3=C(C=C(C=C3Cl)Cl)Cl)C,,4.499999678657065,5.799998134593398,4.899998417198648
CN1C=C(C2=CC=CC=C21)C3=C(C(=O)NC3=O)C4=C(C=C(C=C4)Cl)Cl,5.5003129173815966,4.749999839328533,4.499999678657065,5.699991797446187
C1=COC(=C1)C2=NN3C(=NC(=NC3=N2)NCCC4=CC=C(C=C4)O)N,4.500312917381596,4.40000018605658,5.0,4.800000874803203
C1=CC=C(C=C1)CCN2C3=C(C=N2)C4=NC(=NN4C(=N3)N)C5=CC=CO5,,,,4.499999678657065
CN1CCO[C@@H](C2=CC=CC=C2C1)C3=CC=CC=C3,,,5.399996913372259,
CCN(CCCCOC(=O)C1=CC(=C(C=C1)OC)OC)C(C)CC2=CC=C(C=C2)OC.Cl,,,,4.899998417198648
C1=CC=C(C=C1)C2(C(=O)NC(=O)N2)C3=CC=CC=C3,,4.40000018605658,,
C1=C(C=C(C2=C1NC(=CC2=O)C(=O)O)Cl)Cl,4.400116927926312,4.40000018605658,4.899998417198648,
CN(C)C1=NC(=C(N=C1Cl)C(=O)N=C(N)N)N,6.0,,,5.0
C[C@@H]1CCC2[C@H]([C@H](O[C@H]3[C@@]24[C@H]1CC[C@](O3)(OO4)C)O)C,,,,4.899998417198648
C(CP(=O)(O)O)[C@@H](C(=O)O)N,4.500312917381596,,,
C1CCCN(CC1)C2=NC(=C(N=C2Cl)C(=O)N=C(N)N)N,6.0,,4.40000018605658,
CCN(C1=NC(=C(N=C1Cl)C(=O)N=C(N)N)N)C(C)C,5.698970004336019,,4.499999678657065,
C[C@](CCP(=O)(O)O)(C(=O)O)N,4.400116927926312,,,
C[C@]12CC[C@H](C([C@@H]1CCC(=C)[C@H]2COC3=CC4=C(C=C3)C=CC(=O)O4)(C)C)O,4.500312917381596,5.399996913372259,,
CCCCCCCCCOC1=CC2=C(C=C1)NC=C2CCN,7.400116927926312,4.59999938302362,4.59999938302362,4.40000018605658
C[C@@]12C3=CC=CC=C3C[C@@H](N1)C4=CC=CC=C24,,,,4.700000128913412
C1=CC2=C(C=C1C(=O)N)C(=CN2)CCN,5.549800047819152,,,
C1=CC=C2C(=C1)C=CC3=C2C=CC4=C3C(=O)C=CC4=O,6.100179497572904,5.900008766455316,5.299997602857746,
C[C@H](C1=CC=C(S1)C(=O)C2=CC=CC=C2)C(=O)O,6.600326278518962,4.800000874803203,5.0999990348465305,4.899998417198648
CC1=C(C2=CC=CC=C2N1)CN(C)C,,,,4.899998417198648
C(#N)C(Cl)Cl,,,,4.499999678657065
C1=CC=C2C(=C1)C=C(C=N2)CNC3=CC=C(C=C3)S(=O)(=O)N,5.801342913045578,,,
C1=CC(=CC=C1C2=CC(=O)C3=C(O2)C=CC(=C3)O)O,,,,5.499996931948306
COC1=CC(=C(C=C1C(=O)OCCCN2CCCCC2)Cl)N,,,6.899974269892137,4.59999938302362
C1=CC2=C(C=C1O)C(=CN2)CC(=O)O,,4.40000018605658,,
CN(C)CCC1=CNC2=C1C=C(C=C2)OC,4.801342913045577,4.40000018605658,4.700000503883016,
COC1=CC2=C(C=C1)NC=C2CCN,5.801342913045578,,,
CCCCN1CCC(CC1)CCC(=O)C2=CC(=C(C=C2OC)N)Cl,,4.59999938302362,4.899998417198648,
CC[C@]1(C2=C(COC1=O)C(=O)N3CC4=CC5=CC=CC=C5N=C4C3=C2)O,5.300162274132754,,,
C1=C2C(=CC(=C1Cl)Cl)NC(=O)C(=O)N2,5.300162274132754,,,
CCCNC[C@@H](COC1=CC=CC=C1C(=O)CCC2=CC=CC=C2)O,5.698970004336019,,6.50003813440381,5.299997602857746
C1=CC=C2C(=C1)C3=CC=CC=C3NC2=O,6.600326278518962,,,
CC1=C(C(=CC=C1)C)OC[C@H](C)N,6.000221603222637,4.40000018605658,4.749999610451555,6.0
CC(=O)NCCC1=CNC2=CC(=C(C=C21)OC)Cl,6.449814727441218,4.850000251941508,4.40000018605658,4.800000874803203
CN1CCC2=CC3=C(C=C2[C@@H]1[C@@H]4C5=C(C6=C(C=C5)OCO6)C(=O)O4)OCO3,4.850486183964007,4.89999854971442,4.9000004374016015,
CC(=O)NCCC1=CNC2=CC(=C(C=C21)OC)O,4.500312917381596,,4.40000018605658,4.800000874803203
COC1=CC2=C(C=C1)NC3=C2CCNC3,5.5003129173815966,,4.899998417198648,
C1=CC2=C(C=CC(=O)O2)C=C1N=O,4.500312917381596,,4.800000874803203,4.59999938302362
C1CCN(CC1)[C@@H](CC(=O)C2=CC=CC=C2)C3=CC=CC=C3,5.8996294548824375,5.499996931948306,,
C1=CC=C2C(=C1)C(=NC(=N2)C3=CN=CC=C3)NC4=CC=C(C=C4)F,6.899629454882437,,,5.399996913372259
C1=CC=C(C=C1)C2=CC(=O)C3=C(O2)C(=C(C=C3)O)O,,,,4.40000018605658
C1=CC2=C(C=C1Cl)NC(=CC2=O)C(=O)O,,4.499999678657065,,
CN(C)CCN(C)CCC1=CC(=C(C=C1)Cl)Cl,4.400116927926312,,,
C1=CC2=C(C(=C1)[N+](=O)[O-])NN=C2,5.249977866700699,,,
CCN\1C2=C(C=CC(=C2)OC)S/C1=C/C(=O)C,6.199970640755866,,,
CCN\1C2=C(C=CC(=C2)OC)S/C1=C\C(=O)C,,,,4.59999938302362
C[C@H]1CN(CC[C@]1(C2=CC=CC=C2)C(=O)O)C3CCC(CC3)(C#N)C4=CC=C(C=C4)F,,,5.0,
COC1=C(C(=O)C(=CC1=O)C(C=C)C2=CC=CC=C2)OC,,,,4.800000874803203
CC1([C@@H](N2[C@H](S1)[C@@H](C2=O)NC(=O)C3(CCCCC3)N)C(=O)O)C,,,,4.800000874803203
COC1=C(C2=C[N+]3=C(C=C2C=C1)C4=CC(=C(C=C4CC3)OC)OC)OC,,,4.899998417198648,
C1=CC=C2C(=C1)C(=O)C(=O)N2CC3=CC(=C(C=C3)Cl)Cl,4.899629454882437,,5.399996913372259,5.0999990348465305
C=CC(=O)OCC(CO)(COC(=O)C=C)COC(=O)C=C,,,,5.0999990348465305
CN([C@H](CN1CCCC1)C2=CC=CC=C2)C(=O)CC3=CC=CC=C3,,,5.499996931948306,4.899998417198648
C1=NC(=C2C(=N1)N(C=N2)C3C(C(C(O3)CO)O)O)N,,,,4.899998417198648
CN1C2=C(C(=O)N(C1=O)C)NC(=N2)C3CCCC3,4.899629454882437,,,4.40000018605658
CC[C@H](C1=CC=C(C=C1)O)[C@@H](CC)C2=CC=C(C=C2)O,4.899629454882437,5.299997602857746,4.800000874803203,5.299997602857746
CN1C2=C(C(=O)N(C1=O)C)NC(=N2)C3=CC=CC=C3,5.698970004336019,,,
C1CCC2=NC3=CC=CC=C3C(=C2C1)N,5.900237595757176,,4.499999678657065,4.800000874803203
C1[C@H]([C@@H]1N)C2=CC=CC=C2,4.801342913045577,4.40000018605658,4.499999678657065,5.0999990348465305
C1CC2=CC=CC=C2C3=NN=C(C=C3C1)NCCN4CCOCC4,,,,5.199998172182031
CC[N+](CC)(CC1=CC=CC=C1)CC(=O)NC2=C(C=CC=C2C)C.C1=CC=C(C=C1)C(=O)[O-],,,8.102372908709558,
CN(C1=CC=C(C=C1)OC(=O)C2=CC=CO2)C(=O)C(Cl)Cl,,,,4.800000874803203
C1=CC2=C(C=CC=C2Cl)C(=C1)S(=O)(=O)NCCN,4.801342913045577,4.59999938302362,4.59999938302362,4.800000874803203
CC(C)C[C@@H](CSSC[C@H](CC(C)C)N)N,,,5.900008766455316,4.800000874803203
CC1=C(C(=O)C(=C(C1=O)C)CCCCC#CCCCC#CCO)C,6.300162274132754,5.299997602857746,4.499999678657065,6.100015437450609
CC(=O)C1=CC2=C(C=C1)SC3=CC=CC=C3N2CCCN4CCC(CC4)CCO,5.199970640755866,,6.700057099977233,
CN1CCN(CC1)C(=O)C2=NC(=C(S2)C3=CC=C(C=C3)OC)C4=CC=C(C=C4)OC,4.500312917381596,4.700000503883016,,5.0999990348465305
C1CN(CCC12C(=O)N(CN2C3=CC=CC=C3)CCC4=CC=C(C=C4)N=C=S)CCCC(=O)C5=CC=C(C=C5)F,,,4.800000874803203,
C[C@@H](C1=CC(=C(C=C1)Cl)Cl)NC[C@@H](CP(=O)(CC2CCCCC2)O)O,4.400116927926312,,,4.499999678657065
CCCN1C[C@@H](N(C[C@H]1C)[C@H](C2=CC=C(C=C2)C(=O)N(CC)CC)C3=CC(=CC=C3)OC)C,4.400116927926312,,,5.499996931948306
CN1CCC2=CC3=C(C=C2[C@@H]1[C@@H]4C5=C(C(=C(C=C5)OC)OC)C(=O)O4)OCO3,4.698970004336019,4.59999938302362,4.40000018605658,
[C@H]([C@@H](C(=O)O)S)(C(=O)O)S,,5.399996913372259,,
C1=CC(=C(C=C1S(=O)(=O)N)N)SSC2=C(C=C(C=C2)S(=O)(=O)N)N,5.600326278518962,6.100015437450609,,
CC(CC1=CC(=CC=C1)C(F)(F)F)NCCOC(=O)C2=CC=CC=C2.Cl,,,,6.199970640755866
CC(=O)O[C@H]1[C@H](SC2=CC=CC=C2N(C1=O)CCN(C)C)C3=CC=C(C=C3)OC,,,,5.299997542777145
CC(=O)NC1=CC=C(C=C1)O,,,,4.800000874803203
C1CN(CC(=C1)C(=O)O)CCOC(C2=CC=C(C=C2)C(F)(F)F)C3=CC=C(C=C3)C(F)(F)F,,5.599997654072044,,4.40000018605658
CCC1=CC=CC(=C1N(COCC)C(=O)CCl)C,,,,4.800000874803203
CC1=CC=C(C=C1)[N+]2=CC(=O)ON2,5.400116927926312,,5.799998134593398,
C(CCN=C(N)N)CN,4.500312917381596,,,
C1CC2CCC1CN(C2)CCC(C3=CC=CC=C3)C4=CC=CC=C4,,,6.100015437450609,
C1=CN=CC=C1CSSCC2=CC=NC=C2,5.698970004336019,5.799998134593398,5.699991797446187,5.599997654072044
C[C@@H](CC1=CC=CC=C1)N(C)CC#C,4.800163139259481,,4.649999301627615,
CCOC(=O)C(CC1=CC=C(C=C1)O)NC(=O)C,,,,4.59999938302362
CC(=O)[C@H]1CC[C@@H]2[C@@]1(CC[C@H]3[C@H]2C=CC4=CC(=O)CC[C@@]34C)C,,,,5.0999990348465305
CN1C2=C(C(=O)N(C1=S)C)NC(=N2)CCCCC3=NC4=C(N3)C(=O)N(C(=S)N4C)C,,,,5.900008766455316
C1=CC(=CC=C1C[C@H](C(=O)O)N)N(CCCl)CCCl,4.801342913045577,,,5.0
CCN(CC)CCOC(=O)C(C1=CC=CC=C1)C2=CC=CC=C2,5.300162274132754,,5.299997602857746,
C[N+](C)(CCC=C1C2=CC=CC=C2CCC3=CC=CC=C31)[O-],6.100179497572904,,,5.900008766455316
CC(C)NC[C@H](COC1=CC=CC=C1CC=C)O,5.30024620747725,,5.099999086091016,
C(CSC(=N)N)N,4.500312917381596,,,
C1=CC(=C(C=C1C=C(C#N)C#N)O)[N+](=O)[O-],4.500312917381596,4.499999678657065,,5.799998134593398
COC1=C(C=C2C(=C1)C(=NC=N2)NC3=CC(=CC=C3)Cl)OC,5.500221603222637,,4.499999678657065,5.499996931948306
C1=CC(=C(C=C1C=C(C#N)C#N)O)O,5.0507525935891655,4.799999356751798,4.700000503883016,4.499999678657065
C1CCN[C@@H](C1)C2=CN=CC=C2,5.300162274132754,,5.0999990348465305,
C1=C(C=C(C(=C1O)O)O)C=C(C#N)C#N,,4.800000874803203,,5.0
COC1=CC=C(C=C1)C=C(C#N)C#N,5.400116927926312,,,4.700000503883016
CCN(CC)CC#CCOC(=O)[C@](C1CCCCC1)(C2=CC=CC=C2)O,5.6498731914043745,4.9000004374016015,5.19999845668613,5.099998010028197
C1=NC2=C(N1)C(=NC=N2)NCCO,,,,6.599980364934842
C1CCC(CC1)[C@](CCN2CCCC2)(C3=CC=CC=C3)O,,,5.799998134593398,
C1CCC(CC1)[C@](CCN2CCCCC2)(C3=CC=CC=C3)O,,,5.600003184656531,5.299995107322418
C1CCN(CC1)CCCC(=O)O,5.100179497572904,,,
CC(C(=O)OC(C)(C)CC1=CC=C(C=C1)Cl)N,,,,4.800000874803203
CCCSC1=CC2=C(C=C1)N=C(N2)NC(=O)OC,6.400116927926312,,,
C1=CC=C(C=C1)NC(=O)CN,5.600326278518962,,,
C1C2C=CC1C3C2C4(C(=C(C3(C4(Cl)Cl)Cl)Cl)Cl)Cl,,,,5.499996931948306
CC[C@@]1(CC2=CC=CC=C2O1)C3=NCCN3,4.400116927926312,,4.749998900111134,
CC1=NC2=C(C3=C(S2)CCCC3)C(=O)N1,5.8996294548824375,,,
CC(C)CN1C(=C(C(=O)N(C1=O)C)C(=O)COC(=O)C2=CC(=NC3=CC=CC=C32)C4=CC=CO4)N,,,,4.800000874803203
C1=C(C(=C(C(=C1Cl)Cl)Cl)Cl)O,,,,4.899998417198648
C1=CC=C(C=C1)CSCCC2=CC=NC=C2,6.300162274132754,6.50003813440381,5.900008766455316,6.299988937677887
C1=CC=C(C=C1)C2=NC3=C(N2)C=C(C=C3)Cl,,,,4.899998417198648
COC1=C(C(=C(C=C1)CN2CCNCC2)OC)OC,5.0,,,
CC(C)NC[C@H](COC1=CC=CC2=CC=CC=C21)O,6.600326278518962,4.899998417198648,5.199998318852138,
CCCCS(=N)(=O)CCC(C(=O)O)N,,,,4.700000503883016
C1=CC2=C3C(=C1)C(=O)N(C(=O)C3=CC=C2)CC(=O)O,4.500312917381596,,,
C=CCSCC1NC2=CC(=C(C=C2S(=O)(=O)N1)S(=O)(=O)N)Cl,,,,4.40000018605658
CN(C)C1=NC(=NC(=N1)N(C)C)N(C)C,5.599641460858807,,,
CC1=C(N(N=C1C(=O)NN2CCCCC2)C3=C(C=C(C=C3)Cl)Cl)C4=CC=C(C=C4)I,4.801342913045577,5.699991797446187,5.399996913372259,5.0
CC1(CCC(C2=C1C=CC(=C2)C(=O)NC3=CC=C(C=C3)C(=O)O)(C)C)C,4.500312917381596,4.800000874803203,,
CC[N+](CC)(CCNC(=O)C(=O)NCC[N+](CC)(CC)CC1=CC=CC=C1Cl)CC2=CC=CC=C2Cl,,,4.40000018605658,
C1CC(CCC1NCC2=C(C(=CC(=C2)Br)Br)N)O,4.899629454882437,,5.499996931948306,
CC(=O)OC1C(SC2=CC=CC=C2N(C1=O)CCN(C)C)C3=CC=C(C=C3)OC.Cl,,,,4.800000874803203
CCC1(CCC(=O)NC1=O)C2=CC=C(C=C2)N,,,,4.499999678657065
C(=NN)(N)N,5.100179497572904,,,4.800000874803203
CCCCC(CC)COCCCN,,,,4.499999678657065
CCCCC1=C(C2=CC=CC=C2O1)C(=O)C3=CC(=C(C(=C3)I)OCCN(CC)CC)I,5.199971186132016,7.6511717747327115,4.499999678657065,5.199998172182031
CN(C)CCC=C1C2=CC=CC=C2CCC3=CC=CC=C31,4.801342913045577,,4.749999610451555,
COC1=C2C(=CC=C1)SC(=N2)N,,,,4.800000874803203
C1CCC(C(C1)C(=O)OCC2CO2)C(=O)OCC3CO3,,,,4.59999938302362
C1CN(CCN1)C2=NC3=CC=CC=C3OC4=C2C=C(C=C4)Cl,5.1498731914043745,,5.149997665285454,4.9000004374016015
CCN(CCCC1=CC=CC=C1)CCCC2=CC=CC=C2.C(C(=O)O)C(CC(=O)O)(C(=O)O)O,5.400116927926312,,6.0,
COC1=C(C=CC(=C1)NS(=O)(=O)C)NC2=C3C=CC=CC3=NC4=CC=CC=C42,5.100179497572904,4.899998417198648,,4.700000503883016
C1CN(CC=C1C2=CC=CC=C2)CCCCC3=CNC4=C3C=C(C=C4)O,4.500312917381596,4.899998417198648,,5.399996913372259
CN1[C@H](CCC1=O)C2=CN=CC=C2,,,,4.700000503883016
COC(=O)C(CS)N.Cl,,,,4.40000018605658
COC1=CC=C(C=C1)C(=O)N2CCCC2=O,4.850486183964007,5.199998172182031,4.499999678657065,
C1=CC=C2C(=C1)C=CC3=C2C=C(C=C3)CCC(=O)NN,7.5003129173815966,5.799998134593398,5.799998134593398,6.400007822415902
C1CN=C(N1)CN(CC2=CC=CC=C2)C3=CC=CC=C3,4.400116927926312,,5.14999907897753,
C1=CC=C2C(=C1)C=C3C=CC=CC3=C2C(=O)O,6.698970004336019,,,
C1C2=C(C(=CC=C2)O)C(=O)C3=C1C=CC=C3O,,,,4.59999938302362
CC1=CC(=C(C=C1O)C2=C(C=C(C(=C2)O)C)O)O,5.400116927926312,5.900008766455316,5.399996913372259,5.799998134593398
C[C@]1(CC[C@H]2C(=C1)CC[C@@H]3[C@@]2(CCC[C@@]3(C)C(=O)O)C)C=C,4.600326278518962,5.199998172182031,,
C1=CC=C2C=C(C=CC2=C1)CCCC(=O)O,5.5003129173815966,,,
CC1=CC=C(C=C1)S(=O)(=O)O.C1=CC=C(C=C1)C(C2=CC=CC=C2)SC(=N)N,,,5.399996913372259,
CN(C)C1=CC=C(C=C1)C(C2=CC=C(C=C2)N(C)C)C3=CC=C(C=C3)[N+](=O)[O-],5.5003129173815966,,,5.699991797446187
CC1=CC=C(C=C1)S(=O)(=O)NC2=CC(=O)NC3=C2CCC3,5.400116927926312,,5.599997654072044,5.499996931948306
C1=CC=C2C=C(C=CC2=C1)C(=O)CSC3=NC4=C(S3)C=C(C=C4)[N+](=O)[O-],5.5003129173815966,,,5.399996913372259
C1=CC=C(C=C1)C2=NC(=C(N2)C(=O)O)C(=O)O,6.0,,,
C1=CC(=C(C=C1Br)C(=O)C2=C(C=CC(=C2)Br)O)O,6.0,7.0,,
C1=CC=C2C(=C1)C=CC=C2N=NC3=C4C=CC(=CC4=CC(=C3O)S(=O)(=O)O)S(=O)(=O)O,5.300162274132754,,,
C1=CC2=C(C=CN=C2C=C1Cl)NCCNC3=C4C=CC(=CC4=NC=C3)Cl,5.300162274132754,,,
CC1=C(C=C(C(=C1CC2=C(C(=CC(=C2C)Cl)C(C)(C)C)O)O)C(C)(C)C)Cl,,5.499996931948306,,
CC1=CC=C(C=C1)N=NC2=C(C=CC3=C2C=CC(=C3)S(=O)(=O)O)O,5.300162274132754,5.499996931948306,,
C1=CC(=C(C=C1[N+](=O)[O-])[N+](=O)[O-])CC(=O)O,5.400116927926312,,,
CC(C)(C)C1=CC=C(C=C1)NS(=O)(=O)C2=CC=C(C=C2)N,5.5003129173815966,,,6.0
CCC(C)(C)C1=CC=C(C=C1)OC2=CC=CC(=C2)C(=O)O,,5.299997602857746,,
C1=CC=C(C=C1)C2=NC(=NN2)NC(=O)N,5.5003129173815966,,,
C1C2=CC(=C(C=C2C3C1(COC4=C3C=CC(=C4)O)O)O)O,,,,4.499999678657065
C(CCN=C(N)N)CN=C(N)N,,5.399996913372259,,4.40000018605658
C1=CC=C2C=C(C=CC2=C1)C3=C(C=CC4=C3C(=O)C5=CC=CC=C5C4=O)C(=O)O,5.8996294548824375,5.799998134593398,5.0999990348465305,
C[C@]12CCC(=O)C=C1CC[C@@H]3[C@@H]2C(=O)C[C@]4([C@H]3CC[C@@]4(C(=O)CO)O)C,,,,5.0
C1=CC=C(C=C1)SCCC(=O)NN,5.8996294548824375,,5.399996913372259,5.399996913372259
CN1CCC=C(C1)C(=O)OCC#C,4.600326278518962,,4.499999678657065,
CN(CC1=CC=CC2=CC=CC=C21)CC3=CC=CC4=CC=CC=C43,5.5003129173815966,,6.400007822415902,
CC(C)(C)CC(C)(C)C1=CC(=C(C=C1)O)C[N+](C)(C)[O-],,,5.0999990348465305,5.299997602857746
C1=CC(=CN=C1)C(=O)NC2=CC=C(C=C2)S(=O)(=O)C3=CC=C(C=C3)N,,5.199998172182031,,5.499996931948306
CC(C)(C)CC(C)(C)C1=CC(=C(C(=C1)O)O)CN2CCCCC2,,5.0999990348465305,,5.399996913372259
CC1=CC(=C(C=C1CN2CCCCC2)C(C)C)O,6.0,,5.399996913372259,
COC1=CC=CC2=C3C(=C(C=C21)[N+](=O)[O-])C(=CC4=C3OCO4)C(=O)O,4.500312917381596,,,6.099985320377932
CCCCN(C1=CC=CC=C1)C2=NC=NC3=C2C=NN3C,6.199970640755866,,,
CN1C2=NC(=NC(=C2C=N1)NC3=CC(=CC=C3)Cl)NC4=CC(=CC=C4)Cl,5.400116927926312,5.0999990348465305,,5.199998172182031
C1=CC(=C(C=C1Cl)Cl)CSCC2=C(C=C(C=C2)Cl)Cl,6.0,6.400007822415902,,6.79997073344623
C1=CC=C(C=C1)C2=CC=C(C=C2)C=C(C(=O)O)C(=O)O,6.100179497572904,,,
C1C2CNCC1C3=CC=CC(=O)N3C2,,,,4.499999678657065
C1=CC=C2C=C(C=CC2=C1)NC(=O)CCC(=O)O,7.199970640755866,,,
C1=CC(=CC=C1S(=O)(=O)NC2=NC=CS2)[As](=O)(O)O,5.600326278518962,,,
C1CCC(CC1)NCCNC2=C3C=CC(=CC3=NC=C2)Cl,,,5.499996931948306,
CCCCNC1=C2C=CC(=CC2=NC=C1CN)Cl,6.300162274132754,,5.399996913372259,5.499996931948306
C1=CC2=C(C=CC(=C2)SSC3=CC4=C(C=C3)C=C(C=C4)O)C=C1O,,,,4.800000874803203
CC1=CC(=NC(=N1)NC(=O)CSC2=CC=C(C=C2)Cl)Cl,5.300162274132754,,,
COC1=CC=C(C=C1)CCN2CCC(CC2)NC3=NC4=CC=CC=C4N3CC5=CC=C(C=C5)F,5.100179497572904,,5.0999990348465305,4.899998417198648
CC1=CN=C2C=C(C=CC2=C1SCC(=O)O)Cl,,,,5.399996913372259
COC1=CC2=C(C=CN=C2C=C1)SCC(=O)O,5.400116927926312,,,
CC1=C2C=C3C(=CC2=CC=C1)C=CC4=CC=CC=C43,7.0,,,
C[N+](C)(CC1=C(C=CC(=C1)C2=CC=CC=C2)O)[O-],5.300162274132754,,,
CN1C(=CC=C1SC2=CC=C(N2C)C3=CN=CC=C3)C4=CN=CC=C4,6.400116927926312,5.399996913372259,5.499996931948306,6.199970640755866
C1=CC=C(C=C1)C(C2=C(C3=CC=CC=C3C=C2)O)(C4=C(C5=CC=CC=C5C=C4)O)O,6.0,6.100015437450609,5.399996913372259,
CN1C2=C(C(=O)N(C1=O)C)NC(=N2)CCCCC(=O)O,6.100179497572904,,,
CC(CO)(CO)NC1=NC=NC2=CC=CC=C21,5.199970640755866,,,
C1=CC(=C(C(=C1)Cl)Cl)OCCCNCCO,6.698970004336019,,6.79997073344623,4.499999678657065
CN1CCC2=C(C1)C3=CC=CC=C3N2CC4=CC=CC=C4.CN1CCC2=C(C1)C3=CC=CC=C3N2CC4=CC=CC=C4.C1=CC2=C(C=CC=C2S(=O)(=O)O)C(=C1)S(=O)(=O)O,5.300162274132754,,5.499996931948306,
CN(C)CN1CN(C(=S)SC1)CN(C)C,5.100179497572904,5.499996931948306,5.499996931948306,
C1C2=CC=CC=C2C3=C1C=C(C=C3)N=CC4=CC=CC=N4,6.5003129173815966,5.399996913372259,,5.499996931948306
C1=CC=C(C=C1)C(=O)NC2=CC=C(C=C2)[Sb](=O)(O)O,5.300162274132754,,,
C1=CC(=C(C=C1N)Cl)N.OS(=O)(=O)O,,,,5.0
CC1=C(C=CC(=C1)NC2=CC=C(C=C2)O)N,,,,4.800000874803203
C1=CC(=C(C=C1C(=C2C=CC(=O)C(=C2)C(=O)O)C3=CC(=C(C=C3)O)C(=O)O)C(=O)O)O,5.0,4.800000874803203,4.40000018605658,
C1=CC=C2C(=C1)C3=C4C(=C(C=C3)S(=O)CC(=O)O)C=CC=C4C2=O,7.199970640755866,5.199998172182031,,5.399996913372259
CN1C=NC(=C1SC2=NC=NC3=C2NC=N3)[N+](=O)[O-],,,,5.399996913372259
COC1=C(C=C(C=C1)C=NC2=C(C=CC3=CC=CC=C32)O)OC,6.600326278518962,,,5.199998172182031
COP(=S)(OC)SCN1C(=O)C2=CC=CC=C2N=N1,,,,5.0999990348465305
CSC1=NN=NC2=CC=CC=C21,5.5003129173815966,,,
C1=CC2=C(C=C1[N+](=O)[O-])SC(=N2)N,,,,4.499999678657065
C1=CC=C2C(=C1)C3=C(C2=O)C=C(C=C3)N(CC4=CC=C(C=C4)Br)CC5=CC=C(C=C5)Br,5.100179497572904,,,
CCN(CC)CCN1C2=CC=CC=C2SC3=C1C4=CC=CC=C4C=C3,5.400116927926312,,6.199970640755866,5.399996913372259
CN(C)CCCN1C2=CC=CC=C2SC3=C1C4=CC=CC=C4C=C3,,,5.900008766455316,
CC1=CC2=C(C=C1)OC(=C(C2=O)O)C3=CC=CC=C3,6.400116927926312,,,
CN1C2=NC(=NC(=C2C=N1)NCCC3=CC=CC=C3)Cl,5.600326278518962,,6.899974269892137,5.699991797446187
CCC(=O)OCN1C(=O)C=CC1=O,5.5003129173815966,,,
CCN1CCC2=C(CC1)OC(=N2)N,,,,6.0
C1CCC2(CC1)CCCN2CCCN3C4=CC=CC=C4SC5=C3C=C(C=C5)Cl,,,8.102372908709558,
C1=CC(=CC=C1C(CC(=O)O)CN)Cl,,,,7.500312917381596
CC1=C2C(=C(NC2=C(C=C1)C)C)CC(=O)O,5.5003129173815966,,,5.499996931948306
CC(C)C1=CC(=C(C(=C1)C(C)(C)C)O)CN(C)C,5.100179497572904,,5.199998172182031,
CC(CCC(=O)O)(C1=CC(=C(C(=C1)Br)O)Br)C2=CC(=C(C(=C2)Br)O)Br,,5.499996931948306,,
CN[C@H](CC(=O)O)C(=O)O,4.400116927926312,,,
C1=C(C=C(C(=C1SC2=C(C(=CC(=C2)Cl)Cl)[O-])[O-])Cl)Cl.[Na+].[Na+],,,,4.800000874803203
CCC1=CN=C(C=C1)CCN2CCCCC2,5.300162274132754,,5.799998134593398,
CC(=O)NC1=CC2=C(C=C1)C3=CC=CC=C3C2=NC4=CC=C(C=C4)C(=O)O,6.5003129173815966,,,5.399996913372259
C1=C(C=C(C(=C1CSCCO)O)Cl)Cl,5.400116927926312,5.399996913372259,,
CC1=CC=C(C=C1)S(=O)(=O)OC2=CC=C(C=C2)N=NC3=C(C=C(C=C3)C4=CC(=C(C=C4)N=NC5=C(C=CC6=CC(=CC(=C65)S(=O)(=O)[O-])S(=O)(=O)[O-])O)C)C.[Na+].[Na+],,,,4.59999938302362
CCCC1=CC(=C(C(=O)N1)C#N)COC,5.199970640755866,,,
CC1=CC=C(C=C1)S(=O)ON2CCC(CC2)(C3=CC=CC=C3)C(=O)O,5.400116927926312,,,
COC1=CC(=O)OC(C1)CCC2=CC3=C(C=C2)OCO3,,,,5.699991797446187
CN(C)CCCN1C2=C(C3=CC=CC=C3C=C2)SC4=C1C(=CC=C4)Cl,6.0,5.0999990348465305,6.299988937677887,
C1=CC=C(C=C1)CN.C1=CC=C(C=C1)CNC(=O)O,5.5003129173815966,5.399996913372259,5.399996913372259,
COC1=C(C=C2C(=C1)COC2=O)OC,,,,4.899998417198648
CCC(=O)OCC(=O)C1(C(CC2C1(CC(C3(C2CCC4=CC(=O)C=CC43C)Cl)O)C)C)OC(=O)CC,,,,4.899998417198648
CC1=C(C(=CC(=C1Cl)S(=O)(=O)N)S(=O)(=O)N)NC(=O)C2=CC=C(C=C2)Cl,,,5.399996913372259,
C1=CC=C2C3C4=CC=CC=C4C(C2=C1)C5=C3C(=O)C=CC5=O,,,,4.40000018605658
C1=CC=C(C(=C1)CNCC2=CC=CC=C2O)O,,,5.499996931948306,
CCCCN1C=NC2=C(C1=N)C(=NN2C3=CC=CC=C3)CC#N,6.0,,6.400007822415902,
CC1=CC2=C(C=C1)N=C(S2)C3=CC(=C(C=C3)NC(=O)C4=CC=C(C=C4)N)S(=O)(=O)O,5.400116927926312,,,
C1=CC=C(C=C1)CC2NC3=C(C=C(C(=C3)C(F)(F)F)S(=O)(=O)N)S(=O)(=O)N2,,,,4.40000018605658
C1=CC=C(C=C1)CC(CC2=CC=CC=C2)(C3=CC=CC=C3)O,5.5003129173815966,5.699991797446187,,
C1=CC=C2C(=C1)C=CC=C2C(C3=CC=CC4=CC=CC=C43)Br,5.8996294548824375,5.499996931948306,,
C1=CC=C(C=C1)C2=CC=C(C=C2)C(C3=CC=C(C=C3)C4=CC=CC=C4)(C(=O)O)O,,5.499996931948306,,
C1=CC=C2C(=C1)C3=CC=CC=C3N2CN4C5=CC=CC=C5C6=CC=CC=C64,6.600326278518962,,,
C1=CC=C(C(=C1)C2C3=CC=CC=C3OC4=CC=CC=C24)C(=O)O,,5.399996913372259,,
C1CCC(CC1)CN.C1CCC(CC1)CNC(=O)O,,,5.399996913372259,
CCCCN(CC)C1=C(C=C(C=C1[N+](=O)[O-])C(F)(F)F)[N+](=O)[O-],,,,4.800000874803203
CC1=CC=C(C=C1)S(=O)(=O)OC2=CC(=CC3=CC(=CC(=C32)N)S(=O)(=O)O)S(=O)(=O)O,5.698970004336019,,,
C[C@@H]([C@@](C(C)C)(C(=O)OCC1=CCN2[C@@H]1[C@@H](CC2)O)O)OC,,,5.399996913372259,
CC1=CC(=C(C=C1N=CC2=CC=CC=C2O)C(C)C)O,5.801342913045578,6.199970640755866,5.499996931948306,5.499996931948306
CC1=C2C=C(C(=CC2=CC3=[N+]1C=CC4=CC(=C(C=C43)OC)OC)OC)OC.[Cl-],,,,4.800000874803203
C1=CC=C(C=C1)C(=O)N,,,,8.301029995663981
C(CC(=O)O)[C@H](C(=O)O)N,4.500312917381596,,5.0,4.59999938302362
CC(=O)NC1=C(C2=CC=CC=C2C3=CC=CC=C31)OC,6.400116927926312,5.599997654072044,,
CCC1=C(C2=CC=CC=C2O1)C(=O)C3=CC(=C(C(=C3)Br)O)Br,4.899629454882437,7.751244918317935,,
CC(C)(C)CC(C)(C)C1=CC=C(C=C1)OCCOCC[N+](C)(C)CC2=CC=CC=C2,,,5.0999990348465305,
CCOC(=O)CCCN,5.199970640755866,,,
CCOC(=O)C1=CC=C(C=C1)N,5.698970004336019,,,4.600000530429892
CC1=CC(=C(C=C1NC(=O)NC2=CC=CC3=CC=CC=C32)C(C)C)O,6.100179497572904,,,5.499996931948306
C1=CC=C2C(=C1)C=CC=C2CSCC3=CC=CC4=CC=CC=C43,5.400116927926312,5.499996931948306,,
C1=CC(=CC=C1C(=O)NCCO)Cl,5.400116927926312,5.299997602857746,5.699991797446187,
CC(=O)N[C@H]1CCC2=CC(=C(C(=C2C3=CC=C(C(=O)C=C13)O)OC)OC)OC,,4.800000874803203,,
C1=CC=C(C=C1)CSCC2=NS(=O)(=O)C3=CC(=C(C=C3N2)Cl)S(=O)(=O)N,,5.399996913372259,4.899998417198648,4.749998900111134
C1=CC(=CC=C1N)S(=O)(=O)C2=CC=C(C=C2)NCN3C(=O)C(=O)C(=O)NC3=O,,,,5.699991797446187
C1CCC(CC1)N(CSC2=NC3=CC=CC=C3S2)C4CCCCC4,5.5003129173815966,,5.799998134593398,
C1=CC=C2C(=C1)N=C(S2)NC3=CC=C(C=C3)[N+](=O)[O-],,5.900008766455316,5.499996931948306,5.299997602857746
C1=CC=C(C=C1)CN=C=S,,,,4.59999938302362
CCCCOC(=O)C1=CC=CC=C1C(=O)OCC2=CC=CC=C2,,,,5.0
CC(CCC1=NC2=CC=CC=C2S1)(C3=CC=C(C=C3)O)C4=CC=C(C=C4)O,6.0,5.599997654072044,,5.399996913372259
C1=CC(=C(C=C1Cl)Cl)CSC(=N)N.C1=C(C(=C(C(=C1Cl)Cl)[N+](=O)[O-])O)Cl,5.400116927926312,5.0999990348465305,5.499996931948306,
C1=CC=C2C(=C1)N=C(S2)SCSC3=NC4=CC=CC=C4S3,5.400116927926312,,5.599997654072044,5.499996931948306
C1=CC=C(C(=C1)CSCCN)Cl,5.5003129173815966,5.399996913372259,5.499996931948306,5.499996931948306
COC(=O)[C@H](CC1=CC(=C(C=C1)O)O)N,,,,4.700000503883016
C1CS(=O)(=O)CCN1C2=CC=CC=C2CC(C3=CNC4=CC=CC=C43)C5=CNC6=CC=CC=C65,5.100179497572904,5.499996931948306,,5.599997654072044
C1=CC=C2C(=C1)C(=CC=C2Cl)CSC(=N)N.C1=CC(=C(C=C1[N+](=O)[O-])[N+](=O)[O-])O,6.600326278518962,,5.399996913372259,
C1=CC=C2C(=C1)C=CC=C2CSC(=O)C3=CC=C(C=C3)Cl,6.100179497572904,,,
COC1=C(C2=C[N+]3=C(C=C2C=C1)C4=CC5=C(C=C4CC3)OCO5)OC,5.300162274132754,,5.599997654072044,4.899998417198648
C1=CC2=C(C=CC(=C2)NC(=O)CSC(=O)N)N=C1,5.801342913045578,,,5.399996913372259
C1CN2CCN1CC(=O)NC3=CC=C(C=C3)S(=O)(=O)C4=CC=C(C=C4)NC(=O)CN5CCN(CC5)CC(=O)NC6=CC=C(C=C6)S(=O)(=O)C7=CC=C(C=C7)NC(=O)C2,,6.400007822415902,,
COC1=C2C=CC(=O)OC2=CC3=C1C=CO3,7.801342913045577,5.299997602857746,5.699991797446187,5.0
C1=CC=C2C(=C1)C=C(C=C2S(=O)(=O)O)N=[N+](C3=CC4=CC=CC=C4C(=C3)S(=O)(=O)O)[O-],5.8996294548824375,5.0999990348465305,,
C1=CC2=C(C=CC(=C2)S(=O)(=O)NC3=CC=C(C=C3)C(=O)O)C(=C1)N,,5.0999990348465305,,
CN1C(=C(C(=O)N(C1=O)C)C(=O)COC(=O)C2=CC(=NC3=CC=CC=C32)C4=CC=CC=C4)N,,,,4.899998417198648
C1=C(N=C(N=C1Cl)N)NCCO,,,5.699991797446187,
CN1C2=C(N=C1NCCN(C)C)N(C(=O)N(C2=O)C)C,,,5.199998172182031,
COC1=CC(=CC(=C1OC)OC)C2C3C(CC4=C(C5=C(C=C24)OCO5)O)COC3=O,,,,6.0
C[C@H]1[C@H]2[C@@H]3[C@H](OC=C4[C@@]3([C@@H](O1)C5=C2C(=O)[C@@H]6[C@@H]([C@H]5O)O6)C(=O)[C@@H]7[C@@H]([C@H]4OC(=O)C)O7)C,,,,5.399996913372259
CN1C(=C(C(=O)N(C1=O)C)C(=O)COC(=O)C2=CC(=NC3=CC=CC=C32)C4=CC=CO4)N,,,,4.59999938302362
CN(C)CC1=CC(=C(C(=C1)O)O)CN(C)C,,5.0999990348465305,,
C1=CC(=CN=C1)CC2=CC3=C(C=C2)OC(=C3)C(=O)[O-].[Na+],,,,4.59999938302362
CC1=C(C(=C(C=C1)Cl)NC2=CC=CC=C2C(=O)[O-])Cl.O.[Na+],4.698970004336019,5.900008766455316,,4.899998417198648
CCCC(C)C1(C(=O)NC(=NC1=O)[S-])CC.[Na+],,,,5.199998172182031
CC1=C(OC2=C1C(=O)C(=O)C3=C2C=CC4=C3CCCC4(C)C)S(=O)(=O)[O-].[Na+],,,,5.0
CCN1C=C(C(=O)C2=C1N=C(C=C2)C)C(=O)[O-].O.[Na+],4.801342913045577,,,
CN1C(=NN=N1)SCC2=C(N3C(C(C3=O)NC(=O)C(C4=CC=CC=C4)O)SC2)C(=O)[O-].[Na+],,,,7.199970640755866
CCCC(C)C1(C(=O)NC(=NC1=O)[S-])CC=C.[Na+],,,,4.899998417198648
C1=CC=C(C=C1)C2(C(=O)NC(=N2)[O-])C3=CC=CC=C3.[Na+],,4.40000018605658,,
C[C@@H](C1=CC2=C(C=C1)C=C(C=C2)OC)C(=O)[O-].[Na+],,4.40000018605658,,
CC(=O)OCC1=C(N2[C@H]([C@@H](C2=O)NC(=O)CC3=CC=CS3)SC1)C(=O)[O-].[Na+],,,,4.899998417198648
CC1=NN=C(S1)SCC2=C(N3[C@H]([C@@H](C3=O)NC(=O)CN4C=NN=N4)SC2)C(=O)[O-].[Na+],,,,4.499999678657065
CC(=O)OCC1=C(N2[C@H]([C@@H](C2=O)NC(=O)CSC3=CC=NC=C3)SC1)C(=O)[O-].[Na+],,,4.899998417198648,4.9499992085993245
CCCCCN(CCCCC)C(=O)[C@H](CCC(=O)[O-])NC(=O)C1=CC(=C(C=C1)Cl)Cl.[Na+],,5.69999845668613,,4.79999969151181
[Li+].CCCCCCCCCCCCCCCCOC[C@@H](COCC(F)(F)F)OP(=O)([O-])OCO,,4.40000018605658,,
CC(=O)[C@@H]1CC[C@H]2[C@]1(CC[C@H]3[C@H]2CC=C4[C@]3(CC[C@H](C4)OS(=O)(=O)[O-])C)C.[Na+],,,,4.899998417198648
CC[C@@H]([C@@H]1[C@@H](C[C@@](O1)(CC)[C@@H]2CC[C@]([C@@H](O2)C)(CC)O)C)C(=O)[C@H](C)[C@@H]([C@H](C)CCC3=C(C(=C(C=C3)C)O)C(=O)[O-])O.[Na+],,,,5.0999990348465305
CC(C)N1C2=CC=CC=C2C(=C1/C=C\[C@H](C[C@H](CC(=O)[O-])O)O)C3=CC=C(C=C3)F.[Na+],4.899629454882437,6.199970640755866,,
CC1(C(N2C(S1)C(C2=O)NC(=O)C(C3=CC=CC=C3)N)C(=O)[O-])C.[Na+],,,,4.40000018605658
CC(=O)OCC1=C(N2C(C(C2=O)NC(=O)CC3=CC=CS3)SC1)C(=O)[O-].[Na+],,,,4.499999678657065
CC(=O)OCC1=C(N2[C@H]([C@@H](C2=O)NC(=O)/C(=N\OC)/C3=CSC(=N3)N)SC1)C(=O)[O-].[Na+],4.899629454882437,,,
CC1=CC(=C(C(=C1)C(=O)N2CCC3(CCCC3)CC2)NC(=O)C[C@H](CC(=O)[O-])C4=CC=CC5=CC=CC=C54)C.[Na+],,,,4.800000874803203
CC(C(=O)NC1[C@H]2N(C1=O)C(C(S2)(C)C)C(=O)[O-])OC3=CC=CC=C3.[K+],,,,6.599980364934842
C1=NNC2=C1C(=NC=N2)NCCCO,5.199970640755866,,,
CC(=O)OCC1=C(N2[C@H](C(C2=O)NC(=O)CSC3=CC=NC=C3)SC1)C(=O)[O-].[Na+],,,,4.499999678657065
CCC(C1C(CC(O1)(CC)C2CC[C@](C(O2)C)(CC)O)C)C(=O)C(C)C(C(C)CCC3=C(C(=C(C=C3)C)O)C(=O)[O-])O.[Na+],,,,4.700000503883016
CCC(C1CCC(C(O1)C(C)C(C(C)C(=O)C(CC)C2C(CC(C3(O2)C=CC([C@]4(O3)CC[C@](O4)(C)C5CC[C@](C(O5)C)(CC)O)O)C)C)O)C)C(=O)[O-].[Na+],,,,4.40000018605658
CC(=C)CNCC(=C)C.C1(=C(C(=C(C(=C1Cl)Cl)Cl)Cl)Cl)O,5.400116927926312,5.499996931948306,,
CC(C)(C)C1=CC(=C(C=C1O)C(C)(C)C)O,5.0,,,
CN1CCC2=CC3=C(C=C2C1C4C5=C(C6=C(C=C5)OCO6)C(=O)O4)OCO3,,,,5.900008766455316
C1(=C(OC(=C1C(=O)O)C(=O)O)C(=O)O)C(=O)O,7.400116927926312,,,
CNCCCCOC1=CC=CC=C1CC2=CC=CC=C2,5.400116927926312,4.40000018605658,,5.0999990348465305
C1OC2=C(O1)C=C(C=C2)C(SC3=CC=CC=C3)SC4=CC=CC=C4,6.300162274132754,5.499996931948306,5.499996931948306,5.599997654072044
C1=CC=C(C=C1)C2=CC=C(C=C2)C(C3=CC=CC=C3)N4C=CN=C4,,,,7.0
CC1=C(N(C=N1)C2=CC=CC=C2O)C,6.100179497572904,,5.499996931948306,
C1=CC(=CC=C1N)S(=O)(=O)NCCN,,,,5.299997602857746
C1=CC=C(C=C1)CN2C=NC3=C2N=C(N=C3SCC4=CC=CC=C4)N,6.600326278518962,5.499996931948306,,5.399996913372259
CC(C)CNCCC1=CC=CC=N1,5.400116927926312,,,
C1=CC=NC(=C1)CCNC2=CC=CC=N2,5.300162274132754,,,
C1=CC=NC(=C1)CCNCC2=CC=CO2,5.199970640755866,,5.599997654072044,
C1=CC=C(C=C1)C(=O)CC(=O)C2=CC=NC=C2,7.0,5.699991797446187,5.799998134593398,5.499996931948306
CC(C)C(=O)C(C)(C)CCC1=CC=CC=N1,5.600326278518962,,,
C1=CC=C(C=C1)C(CC2=CN=CC=C2)(C3=CC=CC=C3)O,5.8996294548824375,5.499996931948306,,6.299988937677887
CC(C)C(=O)CC1=NC2=CC=CC=C2C=C1,5.5003129173815966,,,
CC1=NC2=CC=CC=C2N=C1N3CCCC3,5.8996294548824375,,,
CC1=C(C=C(C=C1O)OC)O,,,,4.40000018605658
CN1C=NC(=C1SC2=NC(=NC3=C2N=CN3CC4=CC=CC=C4)N)[N+](=O)[O-],5.5003129173815966,,,
CCCN1C=NC2=C1N=C(N=C2SCC3=CC=C(C=C3)Cl)N,5.8996294548824375,5.199998172182031,5.499996931948306,5.199998172182031
CC(=O)OC1=CC=C(C=C1)C(C2=CC=C(C=C2)OC(=O)C)C3=CC=CC=N3,,4.800000874803203,,4.899998417198648
CN(C)CCCN1C=C(C2=CC=CC=C21)C3=C(C(=O)NC3=O)C4=CNC5=CC=CC=C54,5.100179497572904,4.800000874803203,,4.899998417198648
C1=CC=C2C(=C1)C(=O)C(=C(C2=O)Cl)NC3=CC=C(C=C3)S(=O)(=O)NC4=CC=CC=N4,5.5003129173815966,5.699991797446187,5.499996931948306,
CC1=CC(=C(C=C1)N=NC2=C(C=C(C=C2)N)C)S(=O)(=O)N,6.300162274132754,,,5.399996913372259
CN(C)CCCNC1=C2CCCCC2=NC3=C1C=C(C=C3)Cl,5.5003129173815966,,,
CC1=CC(=CC=C1)CNC2=NC=NC3=C2C=NN3,5.698970004336019,,,
COC1=CC2=C(C=C1)C=C(C=C2)C(=O)CCC(=O)O,6.100179497572904,,,
C1=C(C=C(C(=C1SC2=C(C(=CC(=C2)Cl)Cl)O)O)Cl)Cl,,,,4.800000874803203
CN(C)CCC(C#N)(C1=CC=CC=C1)C2=CC=CC=C2,,,6.100015437450609,
C1=CC=C(C=C1)N(C2=CC=CC=C2)C(=NC3=CC=CC4=CC=CC=C43)Cl,6.0,5.499996931948306,5.599997654072044,5.399996913372259
CC(C)CN1C=NC2=C1N=C(N=C2SCC3=C(C=C(C=C3)Cl)Cl)N,5.8996294548824375,5.0999990348465305,5.0999990348465305,5.399996913372259
COC1=CC=C(C=C1)NCC2=C(C=CC3=CC=CC=C32)O,5.5003129173815966,,,
C1C2=C(C=CC(=C2)OC(=O)C3=CC=CC=C3)OCN1CC4=CC=CC=C4,,,6.299988937677887,5.399996913372259
CC(C)(C)C1=CC(=C(C=C1)O)CN(CC2=C(C=CC(=C2)C(C)(C)C)O)C3CCCCC3,5.100179497572904,,6.299988937677887,
CC1=CC(=CC(=C1O)CNC2CCCCC2)C(C)(C)C,5.5003129173815966,5.0999990348465305,6.299988937677887,
C1=CC=C2C(=C1)C=CC(=C2CN=CC3=C(C=CC4=CC=CC=C43)O)O,5.801342913045578,,5.399996913372259,
CC(C)(C)C1=CC(=C(C(=C1)Br)O)CN(CC2=C(C(=CC(=C2)C(C)(C)C)Br)O)C3CCCCC3,5.300162274132754,5.499996931948306,6.700057099977233,
C1=CC(=CC=C1CC2=CC=C(C=C2)[As](=O)(O)O)[As](=O)(O)O,,5.0999990348465305,,
CC(C)(C)C1=C2CN(COC2=C(C3=C1OCN(C3)CC4=CC=CC=C4)C(C)(C)C)CC5=CC=CC=C5,5.400116927926312,,,
CC(C)(C)C1=CC(=C(C=C1)O)CN(CC2=C(C=CC(=C2)C(C)(C)C)O)C3=CC=CC=C3,,,6.0,
CCCCCCC1=C(C=C(C=C1)O)O.C1=CC=C2C(=C1)C(=C3C=CC=CC3=N2)N,,,,5.299997602857746
CC(C)(C)C1=CC(=C(C=C1)O)CN(CC2=C(C=CC3=CC=CC=C32)O)C4CCCCC4,5.400116927926312,,6.100015437450609,
C1CCC(CC1)N(CC2=C(C(=CC(=C2)Br)Br)O)CC3=C(C(=CC(=C3)Br)Br)O,5.5003129173815966,,6.599980364934842,
C1CCC(CC1)N(CC2=CC(=C(C(=C2)Br)O)Br)CC3=CC(=C(C(=C3)Br)O)Br,,5.599997654072044,5.599997654072044,
C1CCC(CC1)N(CC2=CC(=C(C(=C2)Cl)O)Cl)CC3=CC(=C(C(=C3)Cl)O)Cl,,5.399996913372259,5.299997602857746,
CC(C)(C)C1=CC(=C(C(=C1)Br)O)CN(C)CC2=C(C(=CC(=C2)C(C)(C)C)Br)O,5.5003129173815966,5.399996913372259,5.599997654072044,
CC1=C(C2=C(N1C(=O)C3=CC=C(C=C3)Cl)C=CC(=C2)OC)CC(=O)N4CCOCC4,4.749977866700699,4.40000018605658,,5.299997602857746
C1=CC=C(C(=C1)C(SC2=NC3=CC=CC=C3S2)SC4=NC5=CC=CC=C5S4)O,5.8996294548824375,5.499996931948306,,
COC1=CC=CC=C1N2CCN(CC2)CCN3C(=O)CC4(CCCC4)CC3=O,4.500312917381596,,,4.550000344969798
COC1=CC=C(C2=CC=CC=C21)CC3=CC=CC=C3C(=O)O,,5.399996913372259,,
CC1=CC(=NC2=C1C(=NC(=N2)N)SCC3=C(C=C(C=C3)Cl)Cl)C,5.5003129173815966,,,
C1=CC2=C(C=C1[N+](=O)[O-])NN=C2,4.400116927926312,,,4.899998417198648
C1=CC2=C(C=C1Cl)C(=NC=N2)NCCN,6.0,,5.499996931948306,
CC(C)CN1C=NC2=C1N=C(N=C2SCC3=CC=CC=N3)N,5.400116927926312,,,
C1CN=C(N1)NC2=C(C3=NC=CN=C3C=C2)Br,4.400116927926312,,4.40000018605658,5.600004348609552
CCC(=O)C1=CC2=C(C=C1)SC3=CC=CC=C3N2CCCN(C)C,6.199970640755866,,5.699991797446187,
CC(=O)OC(C)(C)N=NC1=CC=C(C=C1)Br,5.5003129173815966,5.299997602857746,5.499996931948306,
CC[C@@]1(C2=C(COC1=O)C(=O)N3CC4=CC5=CC=CC=C5N=C4C3=C2)O,5.600326278518962,,,5.199998172182031
CC1(C=CC2=C(O1)C=C(C3=C2OC4COC5=CC(=C(C=C5C4C3=O)OC)OC)O)C,,,,4.800000874803203
C1=CC=C(C=C1)C(=O)OCC(=O)C=[N+]=[N-],5.400116927926312,5.499996931948306,,
CN1CCC(CC1)C2=CNC3=C2C=C(C=C3)O,4.500312917381596,4.499999678657065,4.40000018605658,4.650000276730134
CN(C)C1=NC=NC2=C1N=CN2CCN3C=NC4=C3N=CN=C4N(C)C,5.199970640755866,,7.600326278518962,
CC1=CC2=C(N=C1C)N=C(N=C2SCC3=CC=CC=C3Cl)N,5.400116927926312,,,
C1=CSC(=C1)C2=CSC(=N2)N,,5.0999990348465305,5.399996913372259,5.399996913372259
COC1=C(C2=C(C=C1)C(=O)C=C(O2)C3=CC=NC=C3)OC,5.801342913045578,,,5.399996913372259
COC1=CC=CC(=C1)NC(=O)/C=C\C2=CC=C(C=C2)Cl,6.0,5.0,,4.899998417198648
C1=CC=C(C=C1)CSC2=NC=NC3=C2N=CN3CCO,5.5003129173815966,,,
CCN(CC)CCNC(=O)C1=CC(=C(C=C1OC)N)Br,5.0,,5.299997602857746,
C1CN(CCC1(C2=CC=C(C=C2)Br)O)CCCC(=O)C3=CC=C(C=C3)F,5.300162274132754,,5.399996913372259,5.0
C1=CC=C(C=C1)C(=O)CCCC2=CC=CC=N2,5.300162274132754,,,
CC1=C(C2=CC=CC=C2C=C1)CSC3=NC(=NC4=C3N=CN4CC(C)C)N,,5.0999990348465305,5.399996913372259,
C1CCN(CC1)C2CCC(CC2)NC3=C4C=CC(=CC4=NC=C3)Cl,,,5.399996913372259,
C1=CC=C2C(=C1)C3=CC(=C(C=C3C2=O)NC(=O)C4=CC=CC=C4C(=O)O)Br,6.199970640755866,,,
C1=CC(=CC=C1SC(C(=O)O)SC2=CC=C(C=C2)Cl)Cl,,7.698970004336019,,
CC1=CC(=C(C(=C1)C(C)(C)C)O)CC2=CC(=C(C=C2C)C)CC3=C(C(=CC(=C3)C)C(C)(C)C)O,,5.499996931948306,5.399996913372259,
C1CN=C(N1)C2=NC3=CC=CC=C3C=C2,5.700170885852829,,4.700000503883016,4.899998417198648
C1=CC=C2C=C(C=CC2=C1)NCNC3=CC4=CC=CC=C4C=C3,6.199970640755866,5.399996913372259,6.0,5.399996913372259
CC1=CC=C(C=C1)SCN2CCCCC2.C1=CC(=CC=C1C(=O)Cl)[N+](=O)[O-],5.400116927926312,,,
C1=CC=C2C(=C1)C=C3C(C4=CC=CC=C4C3=N2)O,6.899629454882437,4.59999938302362,4.700000503883016,4.59999938302362
[Cl-].[Cl-].[Cd+2],,,,4.40000018605658
CC(=C)CN(CC#N)CC(=C)C,5.400116927926312,,,
C1CCC(C1)N2C=NC3=C2N=C(N=C3SCC4=CC=CC=N4)N,5.400116927926312,,,
CCCCOC1=CC=C(C=C1)CC(=O)NO,5.801342913045578,,5.0,
C1=CC=C2C=C3C(=CC2=C1)NC(=N3)CNC4=CC=C(C=C4)C(=O)O,5.300162274132754,,,
COC1=CC(=C(C(=C1)OC)C(=O)CCCN2CCCC2)OC,,,5.0999990348465305,
CC1=CC=C(C=C1)O.CC1=CC(=CC=C1)O.CC1=CC=CC=C1O,5.300162274132754,,,
CC1=CC(=CC(=C1O)C(C)(C)C)C2=CC(=C(C(=C2)C)O)C(C)(C)C,6.199970640755866,5.299997602857746,,
CC1=CC(=CC=C1)NC(=O)OC2=CC=CC(=C2)NC(=O)OC,,,,4.59999938302362
C1=CC=C2C(=C1)C(=NC(=N2)C3=CN=CC=C3)NCC4=CC=CS4,6.5003129173815966,6.0,5.199998172182031,5.699991797446187
CC(=O)NCCNC1=NC(=NC2=CC=CC=C21)C3=CN=CC=C3,5.400116927926312,,,5.199998172182031
CN1C2=C(N=C1C(=N)SCC(=O)O)N(C(=O)N(C2=O)C)C,5.8996294548824375,,,
C1CCC2(C1)CC(=O)N(C(=O)C2)CCCCN3CCN(CC3)C4=NC=CC=N4,4.500312917381596,5.0999990348465305,4.749999839328533,4.849999646000926
CC1=NC2=CC=CC=C2N=C1C3=CC=C(C=C3)N=[N+](C4=CC=C(C=C4)C5=NC6=CC=CC=C6N=C5C)[O-],5.199970640755866,,,
CCCCN(CCCC)CCCOC(=O)C1=CC=C(C=C1)N,5.0,,8.200659450546418,4.40000018605658
COC1=C(C=C2C(=C1)C(=CN=N2)SCC3=CC(=C(C=C3)Cl)Cl)OC,6.100179497572904,,,5.699991797446187
CCCCOC(=O)C1=CC=C(C=C1)N,6.5003129173815966,4.899998417198648,,4.9000004374016015
C1=CC=C2C(=C1)C(=CC=C2Cl)CSC(=N)N.C1=C(C(=C(C(=C1Cl)Cl)[N+](=O)[O-])O)Cl,6.801342913045577,5.399996913372259,5.499996931948306,
COC1=C(C2=CC=CC=C2C(=C1)N=NC3=CC(=CC=C3)S(=O)(=O)N)N,6.199970640755866,5.499996931948306,,5.499996931948306
CN1CCC2=CC(=C(C3=C2C1CC4=CC(=C(C=C43)OC)O)OC)O,,,,4.59999938302362
C1C2=CC=CC=C2C3=C1C=C(C=C3)N=CC4=C(C=C(C=C4)Cl)Cl,6.100179497572904,,,
C1=CC=NC(=C1)CCC2=CN=CC=C2,6.400116927926312,,5.0999990348465305,
C1CN(CCN1)CCNCC2=CC=NC=C2,,,5.399996913372259,5.299997602857746
C1C2=CC=CC=C2C3=C1C=C(C=C3)NC(=O)C4=CC=CC=C4C5=CC=CC=C5C(=O)O,,5.499996931948306,,
CC1=[N+](C2=CC=CC=C2C(=C1)N)CCCCCCCCCCCCCC[N+]3=C(C=C(C4=CC=CC=C43)N)C,,4.40000018605658,5.0999990348465305,5.0
C1CN(CCC12SSC3(CCN(CC3)CC4=CC=CC=C4)SS2)CC5=CC=CC=C5,,,,5.499996931948306
C1=CC2=C(C=CC=C2N=C3C=CC(=O)O3)C(=C1)N=C4C=CC(=O)O4,,5.199998172182031,,
C[S@@](=N)(=O)CC[C@H](C(=O)O)N,,,4.59999938302362,
C1CN(C2=CC=CC=C2N1S(=O)(=O)C3=CC=CC=C3)S(=O)(=O)C4=CC=CC=C4,,6.599980364934842,5.299997602857746,5.399996913372259
C1=CC=C(C=C1)CN2C(=CC(=O)NC2=O)N,,,,4.59999938302362
C1=CC=C(C=C1)CN(CCC2=CC=CC=N2)O,5.600326278518962,,,5.399996913372259
C1=CC=C(C=C1)CN(CCC2=CC=NC=C2)O,6.0,5.399996913372259,5.199998172182031,6.0
C[C@H]1C[C@H]([C@@H]([C@@H](O1)O[C@@H]2[C@@H](C[C@]3(CO3)C(=O)[C@@H]([C@@H]([C@@H]([C@@H](OC(=O)[C@@H]([C@H]([C@H]2C)O[C@H]4C[C@H]([C@H]([C@H](O4)C)OC(=O)C)OC)C)C)C)OC(=O)C)C)C)OC(=O)C)N(C)C,,,,5.499996931948306
C1CN(CCN1CCOCCO)C(C2=CC=CC=C2)C3=CC=C(C=C3)Cl.C1=CC=C2C(=C1)C=C(C(=C2CC3=C(C(=CC4=CC=CC=C43)C(=O)O)O)O)C(=O)O,,,,4.700000503883016
CN1C=NC2=C1C(=O)N(C(=O)N2C)C,4.400116927926312,,,
C1C2=CC=CC=C2C3=C1C=C(C=C3)NC(=O)C4=C(C=CC(=C4)C(=O)O)C(=O)O,5.801342913045578,,,
C1=CC=C(C(=C1)C2=C3C=C(C(=O)C=C3OC4=C2C=C(C(=C4)O)CN(CC(=O)O)CC(=O)O)CN(CC(=O)O)CC(=O)O)C(=O)O,,,,4.700000503883016
CC(C)C1=CC=C(C(=O)C=C1)O.CC(C)C1=CC(=O)C(=CC=C1)O.CC(C)C1=CC(=O)C(=C(C=C1)O)O.CC(C)C1=C(C(=O)C=CC=C1)O,5.5003129173815966,,,
COC1=CC=C(C=C1)C2=NC3=C(C=C2)N(CCC3)C[C@@H](CN4CCCC5=C4C=CC(=N5)C6=CC=C(C=C6)Br)O,,5.449996922660283,,
CN(C)CCN(CC1=CC=C(C=C1)Cl)C2=CC=CC=N2,4.899629454882437,,7.698970004336019,
C1=CN=CC=C1C2=C(SC(=C2C3=CC=NC=C3)C4=CC=NC=C4)C5=CC=NC=C5,5.5003129173815966,5.699991797446187,5.499996931948306,6.50003813440381
CCCCC(C=O)NC(=O)C(CC(C)C)NC(=O)OCC1=CC=CC=C1,4.500312917381596,,,4.800000874803203
CCN(CCO)CCO.C1(=C(C(=C(C(=C1Cl)Cl)Cl)Cl)Cl)O,5.8996294548824375,5.699991797446187,,
C(C(CN)O)N.C1(=C(C(=C(C(=C1Cl)Cl)Cl)Cl)Cl)O,6.0,5.599997654072044,,
C1=CC=C(C=C1)OC(=O)NC2=CNC(=O)NC2=O,5.100179497572904,,,
CCOC1=NC2=CC=CC(=C2N1CC3=CC=C(C=C3)C4=CC=CC=C4C5=NNN=N5)C(=O)OC(C)OC(=O)OC6CCCCC6,,,,4.899998417198648
C1C2=C(C3=C(C=C2)C4=C(CN(CO4)CC5=CC=CC=C5)C=C3)OCN1CC6=CC=CC=C6,5.5003129173815966,,,
C1=CC(=CC=C1N=NC2=CC(=C(C=C2)O)C(=O)O)[As](=O)(O)O,,,5.399996913372259,
C1CN(C(N(C1)CC2=CC=C(C=C2)Cl)C3=CC4=CC=CC=C4C5=CC=CC=C53)CC6=CC=C(C=C6)Cl,6.100179497572904,5.799998134593398,6.700057099977233,
CC1=CC=C(C=C1)S(=O)(=O)O.C1CCC(C1)(C(=O)OCC2=CC=CC=C2)N,5.698970004336019,,,
CC(=O)NC1=CC=CC=C1C=C2C3=CC=CC=C3C4=CC=CC=C42,6.100179497572904,6.199970640755866,5.299997602857746,5.399996913372259
C1=CC=C(C=C1)CNCC2=C(C=CC3=CC=CC=C32)S,5.8996294548824375,5.499996931948306,5.900008766455316,
C1=CC(=C(C=C1Cl)Cl)C(Cl)(Cl)Cl,,,,4.499999678657065
CCN(CC)CCOCCOC(=O)C1(CCCC1)C2=CC=CC=C2,4.698970004336019,,5.0,5.399996913372259
C=CC(=O)OCCCCCCOC(=O)C=C,,,,4.59999938302362
CCSCC[C@@H](C(=O)O)N,5.400116927926312,,,
C1CN(CCC1(C(=O)O)C(=O)O)S(=O)(=O)C2=CC=CC=C2,,,7.400116927926312,
CC1=NNC2=CC=CC=C2C1=O,6.400116927926312,,,
C1=C(NC=N1)CCNC(=O)CCN,,,4.749999839328533,4.40000018605658
CN(CC1=C(C(=CC(=C1)Cl)Cl)O)CC2=C(C=CC3=CC=CC=C32)O,6.199970640755866,5.499996931948306,5.900008766455316,
C1=CC(=C(C=C1CC2=C(C(=CC(=C2)Cl)Cl)O)Cl)O,5.801342913045578,6.700057099977233,5.0999990348465305,5.399996913372259
CCCC(C)(COC(=O)N)COC(=O)NC(C)C,,,,4.899998417198648
CCCCCCNC(=O)N1C=C(C(=O)NC1=O)F,,,,4.700000503883016
CCN(CC1=C(C(=CC(=C1)Cl)C)O)CC2=C(C=CC3=CC=CC=C32)O,6.0,5.299997602857746,5.900008766455316,
CN(CC1=C(C(=CC(=C1)Br)Br)O)CC2=C(C=CC3=CC=CC=C32)O,5.8996294548824375,5.499996931948306,5.799998134593398,5.399996913372259
C1CC2CCC1CN(C2)C3C4=CC=CC=C4C5=CC=CC=C35,6.300162274132754,,5.399996913372259,
CNC1=C(C(=O)C2=C(C1=O)C=NC=C2)Br,,,,5.900008766455316
COC1=CC=C(C=C1)CC(=O)C2=C(C=C(C=C2)O)O,,,,4.899998417198648
C1=CC=C(C=C1)CCCCC2=C(N=C(N=C2N)N)N,,,5.399996913372259,
CNC1=C(C(=O)C2=C(C1=O)C=NC=C2)Cl,,,,5.799998134593398
C1=CC=C2C(=C1)C=CC=C2C3=NN=C(O3)C4=CC(=C(C=C4)Cl)Cl,5.698970004336019,,,
C1=CN=CC2=C1C(=O)C=C(C2=O)NCCO,,,,5.0999990348465305
CC1=CC=C(C=C1)C2=NN=C(O2)C3=CC4=CC=CC=C4C=C3,6.199970640755866,5.299997602857746,,5.199998172182031
CCOC(=O)NC1=NC(=C(S1)C)C2=CC=CC=C2,6.698970004336019,5.0999990348465305,,
C1=CC(=CC(=C1)Cl)NN=C(C#N)C#N,,,,5.900008766455316
C1=CC(=CC=C1NC(=O)C2=C(N3C(=NN=N3)N=C2)N)[As](=O)(O)O,,,5.199998172182031,
C1C(=C(N2C(S1)C(C2=O)NC(=O)C(C3=CC=CC=C3)N)C(=O)O)Cl,,,,4.40000018605658
C1=CC=C(C=C1)CNC2=CC=C(C=C2)[As](=O)(O)O,5.400116927926312,,5.199998172182031,
C1CN(CCN1CCCN)C2=CC=CC=C2,,,5.499996931948306,
C1=CC=C(C=C1)S(=O)(=O)N(C2=C(C=C(C=C2)N)Cl)S(=O)(=O)C3=CC=CC=C3,,5.499996931948306,,7.500312917381596
COC1=CC(=CC(=C1OC)OC)C2=CC(=O)C3=C(C(=C(C(=C3O2)OC)OC)OC)O,,,,5.499996931948306
C1=CC=C2C(=C1)C(=O)C(=C(C2=O)SCCO)SCCO,5.549800047819151,5.099998010028197,4.799999356751798,4.59999938302362
CN1C2=C(C(=O)N(C1=O)C)NC(=N2)CCS,,,,5.0
CN1C2=C(C(=O)N(C1=O)C)NC(=N2)CCCC3=CC=C(C=C3)[N+](=O)[O-],,,,5.399996913372259
C1=CC=C(C=C1)CC2=C(C3=CC=CC=C3C(=O)C2=O)O,6.5003129173815966,5.399996913372259,,
CC(=CCC1=C(C(=O)C2=CC=CC=C2C1=O)OCC(=O)O)C,6.300162274132754,5.399996913372259,5.499996931948306,
CC(=O)CSCC1=CC=CC=N1,5.100179497572904,,,
CC1=CC(=NC2=CC=CC=C12)SCC(=O)C3=CC=CC=C3,6.400116927926312,5.699991797446187,,
C1=CC=C(C=C1)C(=O)CSC2=NC3=CC=CC=C3C4=CC=CC=C42,6.600326278518962,,,5.399996913372259
CN1C2=C(C(=O)N(C1=S)C)NC(=N2)SCCN3CCOCC3,6.199970640755866,5.199998172182031,,5.499996931948306
CCN(CC)CCC1=NC(=NO1)C2=CC=CC=C2.C(C(=O)O)C(CC(=O)O)(C(=O)O)O,5.300162274132754,,5.199998172182031,
CN(C)CC1=C(C=CC(=C1)C(F)(F)F)C(C2=CC=CC=C2)(C3=CC=CC=C3)O,,,5.499996931948306,6.100015437450609
C1=CC=C(C=C1)SCCCN2C(=O)C3=CC=CC=C3C2=O,6.0,,5.499996931948306,
C1=CC=C2C(=C1)C=CC(=N2)C=NC3=CC4=CC=CC=C4N=C3,5.400116927926312,,,
C(C1=NC(=NC(=N1)N)N)C(=O)O,5.400116927926312,,,
COC1=CC=C(C=C1)C2=C(C(=O)C3=C(O2)C=C(C=C3)OC)O,,,,4.899998417198648
CCCCC1=CC2=C(C=C1)N=C(N2)NC(=O)OC,6.300162274132754,,5.799998134593398,
CC1=CC=C(C=C1)C2=CC(=NN2C3=CC=C(C=C3)S(=O)(=O)N)C(F)(F)F,,,,4.800000874803203
COC1=C(C=C(C(=C1)CC(=O)C2=CNC3=CC=CC=C32)Cl)OC,6.0,,,5.599997654072044
C1CCC(C1)(C(=O)O)NC2=CC=C(C=C2)S(=O)(=O)N,6.100179497572904,,,
C1CCC(C1)(C#N)NC2=CC=C(C=C2)C3=CC=C(C=C3)NC4(CCCC4)C#N,5.5003129173815966,,,
C1=CC2=C(C(=C1)[N+](=O)[O-])C(=O)N(C2=O)C3=NC=NN3,5.5003129173815966,5.0999990348465305,,5.399996913372259
CC1=CC=C(C=C1)S(=O)(=O)NC2=CC=CC=C2C(=O)C3=CC(=C(C=C3)C)C,6.199970640755866,,,
C1=CC=C2C(=C1)C3=C(S2)C=CC(=C3)C(=O)CCC(=O)O,5.400116927926312,,,
C[C@H](CC1=CC=CC=C1)N(C)CC#C,4.899629454882437,,,
C(C(=O)O)SC1=NNC(=O)NC1=O,7.0,,,
CNS(=O)(=O)C1=CC=CC=C1C(=N)C2=CC=CC=C2,5.400116927926312,,,
CN(CCC(=O)O)S(=O)(=O)C1=CC=CC=C1,5.5003129173815966,,,
C1CCN(CC1)CCC(=O)C2=CSC3=CC=CC=C32,5.5003129173815966,5.499996931948306,6.0,
CC1(CCC(C2=C1C=CC(=C2CC3=C(C=CC4=C3C(CCC4(C)C)(C)C)O)O)(C)C)C,5.300162274132754,,,
CC(=O)C1=C(C(=C(C=C1)O)CN(C2CCCCC2)C3CCCCC3)O,5.5003129173815966,5.399996913372259,5.599997654072044,
CN1CCN(CC1)C2=NC3=C(C=CC(=C3)C(F)(F)F)N4C2=CC=C4,7.049543466131166,,4.59999938302362,4.59999938302362
CC1=CC(=NC2=C1C=C(C=C2)CC3=CC4=C(C=C3)N=C(C=C4C)Cl)Cl,,,,5.499996931948306
C1=COC(=C1)C2=NN3C(=N2)C4=C(C=CC(=C4)Cl)N=C3N,6.699970640755866,4.499999678657065,4.899998417198648,5.0999990348465305
C1OC2=C(O1)C=C(C=C2)C=NC3=CC4=C(C=C3)C5=CC=CC=C5C(=O)O4,8.100179497572903,,,5.399996913372259
CC1=CC(=O)NC2=C1C=C(C=C2)CC3=CC=C(C=C3)NC(=O)C,,5.199998172182031,,
CC1=NC(=NC2=CC=CC=C12)N,5.5003129173815966,,,
C[C@@](C1=CC=CC=C1)(C2=CC=C(C=C2)Cl)OCC[C@H]3CCCN3C,,4.499999678657065,5.599997654072044,5.599997654072044
CC1=C(C(=C(C(=C1Br)O)C)Br)O.CC1=C(C(=O)C(=C(C1=O)Br)C)Br,5.698970004336019,6.400007822415902,5.399996913372259,5.299997602857746
C[N+]1=C2C(=C3C=CC(=C(C3=C1)OC)OC)C=CC4=CC5=C(C=C42)OCO5,5.0,4.40000018605658,4.59999938302362,4.499999678657065
C1=CC=C2C(=C1)C=CC=C2CSCC(=O)O,5.5003129173815966,,,
C1=CC=C2C(=C1)C=C(C=N2)N=CC3=C(C=CC(=C3)Cl)O,,,5.299997602857746,
CC(=O)N1C2=CC=CC=C2N=C1COS(=O)(=O)C,5.400116927926312,,5.299997602857746,5.499996931948306
C1OC2=C(O1)C=C(C=C2)CC(=O)C(=O)O,5.400116927926312,,,5.399996913372259
C1=CC(=CC(=C1)SSC2=CC=CC(=C2)C(=O)O)C(=O)O,5.300162274132754,5.699991797446187,,
C1=CC2=C(C=CC(=C2N=C1)O)N=NC3=C(C=C(C=C3Br)S(=O)(=O)N)Br,5.8996294548824375,6.100015437450609,,
C1C2C(C(C1Cl)Cl)C3(C(C(C2(C3(Cl)Cl)Cl)Cl)Cl)Cl,,,,4.899998417198648
C1=CC(=CC=C1CSCC2=CC=C(C=C2)Cl)[N+](=O)[O-],5.400116927926312,5.0999990348465305,,
CC(CO)(CO)N=CC1=C(C(=CC(=C1)I)I)O,5.801342913045578,5.199998172182031,,
C1=CC=C(C=C1)C(=N)CC(=O)NC2=CC=CC=N2,5.400116927926312,,,
C1=CC=C2C(=C1)C(=O)C3=C(C2=O)C(=C(C=C3)N4C(=O)C5=CC=CC=C5C4=O)C6=C(C=CC7=C6C(=O)C8=CC=CC=C8C7=O)N9C(=O)C1=CC=CC=C1C9=O,8.300162274132754,,,
C1=CC2=C(C=C1OC(=O)C(=O)O)C(=CN2)CCN,5.600326278518962,5.399996913372259,,
CC(=O)OC1=C2C(=C(C=C1)Cl)C=CC=N2,,,,5.299997602857746
C1=C2C(=CC(=C1Cl)S(=O)(=O)N)S(=O)(=O)N=CN2,,,,5.0
C1=CC2=C(C(=C(C=C2Cl)Cl)O)N=C1,,,,4.800000874803203
CC1CCN(CC1)CC(=O)N2C3=CC=CC=C3SC4=CC5=CC=CC=C5C=C42,5.400116927926312,,5.399996913372259,5.399996913372259
CN1CCN(CC1)CC(=O)N2C3=CC=CC=C3SC4=CC5=CC=CC=C5C=C42,,,5.499996931948306,5.399996913372259
CN(CC1=CC=CC=C1)CN2C=CN=C2,5.100179497572904,5.599997654072044,6.100015437450609,5.399996913372259
CC1=CC(=CC(=C1Cl)C)O,,,,4.40000018605658
CC1=CC=C(C=C1)C2=C(OC(=N2)C3=NC=CC4=CC=CC=C43)C5=CC=CC=C5,5.600326278518962,,,5.299997602857746
C1=CC=C(C=C1)C(=O)CN.Cl,,,,5.199998172182031
CC1=NCCC2=C1NC3=C2C=CC(=C3)OC.O.O.Cl,6.100179497572904,,5.399996913372259,5.599997654072044
CN(C)C1=CC=C(C=C1)C(=C2C=CC(=[N+](C)C)C=C2)C3=CC=CC=C3.CN(C)C1=CC=C(C=C1)C(=C2C=CC(=[N+](C)C)C=C2)C3=CC=CC=C3.C(=O)(C(=O)O)O.C(=O)(C(=O)[O-])O.C(=O)(C(=O)[O-])O,,,,4.899998417198648
CN1C[C@H](C=C2C1CC3=CNC4=CC=CC2=C34)CO,,,,4.499999678657065
CC[C@H](C)[C@@H](C(=O)O)NC(=O)OCC1C2=CC=CC=C2C3=CC=CC=C13,,,,4.499999678657065
CC1=NC=C(C(=N1)N)CN=CC2=CC=C(C=C2)Cl,5.300162274132754,,,
C1CN(CCN1CC2=CC(=C3C=CC=NC3=C2O)Br)C4=CC=CC=C4,5.8996294548824375,,5.399996913372259,
C1=CC=C2C(=C1)C(=O)C3=C(C2=O)C(=C(C=C3NC4=CC(=CC=C4)S(=O)(=O)N)S(=O)(=O)O)N,5.400116927926312,5.499996931948306,,5.0999990348465305
C1=CC(=CC=C1CC2=CC=C(C=C2)N=C=O)N=C=O.C1=C2C(=CC3=C1C(=O)OC3=O)C(=O)OC2=O,5.300162274132754,,,
CN(C)CCCN1C2=CC=CC=C2SC3=C1C=C(C=C3)Cl,5.700058463963156,,6.599989277931066,6.0
C1=CC=C2C(=C1)C(=C(C(=O)C2=O)C(C3=CC=C(C=C3)Cl)C4=C(C5=CC=CC=C5C(=O)C4=O)O)O,5.400116927926312,5.499996931948306,5.599997654072044,5.499996931948306
C1=CC=C(C=C1)CCC(C2=C(C3=CC=CC=C3C(=O)C2=O)O)C4=C(C5=CC=CC=C5C(=O)C4=O)O,,5.499996931948306,,
C1=CC(=C(C=C1N=NC2=C(N=C(N=C2N)N)N)O)[As](=O)(O)O,5.199970640755866,,,
C1=CC(=C(C=C1N=NC2=C(N=C(N=C2N)N)N)O)C(=O)O,5.100179497572904,,,
CCCNC(=O)NS(=O)(=O)C1=CC=C(C=C1)Cl,,,,4.800000874803203
C1CN(CCN1)CC(CN2C3=C(C=C(C=C3)Br)C4=C2C=CC(=C4)Br)O.Cl.Cl,,,,4.499999678657065
CCOP(=S)(OCC)OC1=NC(=C(C=C1Cl)Cl)Cl,,,,5.299997602857746
C1=CC=C(C=C1)NCCSC2=NC3=CC=CC=C3S2,6.300162274132754,,,
C1=CC2=C(C=C1Cl)NC(=O)O2,5.850139601029533,,,
C1CC2=CC(=C(C=C2CN(C1)C(=S)NCCC3=CC=C(C=C3)Cl)O)O,4.799299729609228,5.19999845668613,4.699999047927856,5.499996931948306
CC(=NCCCC[C@@H](C(=O)O)N)N,4.400116927926312,,,5.699991797446187
CC/C(=C(\C1=CC=CC=C1)/C2=CC=C(C=C2)OCCN(C)C)/C3=CC=CC=C3.C(C(=O)O)C(CC(=O)O)(C(=O)O)O,4.500312917381596,4.499999678657065,4.699999047927856,4.849999646000926
CC/C(=C(\C1=CC=CC=C1)/C2=CC=C(C=C2)OCCN(C)C)/C3=CC=CC=C3,4.400116927926312,,4.499999678657065,4.499999678657065
CCCCCCCC[N+](CCCCCCCC)(CCCCCCCC)CCCCCCCC.[Br-],,,,4.899998417198648
COC1=CC=C(C=C1)N.Cl,,,,4.59999938302362
CC(C)OC1=CC(=C2C(=CCOC2=C1)CCC(=O)O)O,5.698970004336019,,7.0,5.499996931948306
CCNC(=S)NCC,,,,5.199998172182031
C1=CC2=C(C=CC=C2Cl)C(=C1)S(=O)(=O)NCCCCCCCCCCN,4.801342913045577,7.300162274132754,5.900008766455316,5.599997654072044
COC1=C(C=C2CC3=CC(=C(C=C3CC4=CC(=C(C=C4CC2=C1)OC)OC)OC)OC)OC,,,,4.899998417198648
CCOC(=O)C1=C2C=CC=CN2C3=C1C(=O)C4=CC=CC=C4C3=O,7.0,,,5.499996931948306
C1=CC2=C(C=C1O)OC3=C(C2C4=C(C(=C(C(=C4Br)Br)Br)Br)C(=O)O)C=CC(=C3)O,,5.0999990348465305,,5.399996913372259
CC1=CC(=NC2=C1C=CC(=N2)OC)C,5.600326278518962,,,
CC(C(=O)O)(C(=O)O)NC(=O)C1=CC=CC=C1,5.5003129173815966,,,
CC1=CC=C(C=C1)S(=O)(=O)NC2=CC=CC=C2C=O,,5.499996931948306,,
C1=CC(=CC=C1C2=C(N=NS2)C(=O)O)C3=C(N=NS3)C(=O)O,5.400116927926312,5.0999990348465305,,
C1=C(C=C(C=C1C(=O)O)S(=O)(=O)NN)C(=O)O,9.0,,,
C1C2=C(C=CC(=C2)N=CC3=CC4=C(C=C3)OCO4)C5=C1C=C(C=C5)[N+](=O)[O-],6.100179497572904,,,
COC1=CC=C(C=C1)N(CC(=O)O)N=O,7.600326278518962,,,
C(CON=C(N)N)C(C(=O)O)N,,,,7.400116927926312
CC(C)C1=CC=C(C=C1)C(C2=CC=C(C=C2)C(C)C)(C(=O)O)O,,5.399996913372259,5.499996931948306,
CC1=CC=C(C=C1)C2=C(C(=O)C(=C(C2=O)Cl)C3=CC=C(C=C3)C)Cl,,5.799998134593398,5.399996913372259,
CN1CCC2=CC(=C3C=C2[C@@H]1CC4=CC=C(C=C4)OC5=C(C=CC(=C5)C[C@@H]6C7=C(O3)C(=C(C=C7CCN6C)OC)OC)O)OC,,,,4.700000503883016
CN1CCC2=CC3=C(C(=C2[C@@H]1[C@@H]4C5=C(C(=C(C=C5)OC)OC)C(=O)O4)OC)OCO3,4.500312917381596,6.899974269892137,,5.699991797446187
CN(C1CCCCC1)C(=O)CCCOC2=CC3=C(C=C2)NC(=O)C=C3,4.500312917381596,,,5.0
C1CCC(CC1)N2C(=NN=N2)CCCCOC3=CC4=C(C=C3)NC(=O)CC4,4.400116927926312,4.40000018605658,,4.9499992085993245
C1=CC=C2C(=C1)N=C(S2)OC3=CC=C(C=C3)C(=O)O,5.5003129173815966,,5.399996913372259,5.399996913372259
CC(=C)C1=CC=CC=C1.C1C=CC2=CC=CC=C21.C1=CC=C(C=C1)N=[N+]=[N-],,,5.399996913372259,
CC1=C(N=CN1)CSCCNC(=NC)NC#N,4.300162274132754,,,4.700000128913412
C1=CC=C(C=C1)CS(=O)(=O)C2=C(C=C(C=C2)[N+](=O)[O-])[N+](=O)[O-],5.300162274132754,5.499996931948306,5.599997654072044,6.50003813440381
C1=CC=C(C=C1)CS(=O)CC2=CC=C(C=C2)[N+](=O)[O-],5.5003129173815966,,,
CC(C)CNC(=O)O,,,5.499996931948306,
C=CC1CN2CCC1CC2C(C3=CC=NC4=CC=CC=C34)O,,,,4.59999938302362
C1=CC(=CC=C1N=C(N)N)Cl,,,4.499999678657065,
C1=CC(=C(C(=C1O)Cl)Cl)Cl,,,,4.800000874803203
CCC1=NC=CC(=C1)C(=S)N,4.899629454882437,,,
C1CC1N2C=C(C(=O)C3=CC(=C(C=C32)N4CCNCC4)F)C(=O)O,4.801342913045577,4.899998417198648,,
C1CC1C2=CC=CC=C2OCC3=NCCN3,4.700834595782269,,4.949998492940683,
C1=CC2=C(C(=C1)O)N=C(C=C2)SSC3=NC4=C(C=CC=C4O)C=C3,5.5003129173815966,5.799998134593398,,5.799998134593398
CC(=NCC(=O)O)C1=CC=CC=C1,5.400116927926312,,5.399996913372259,
COC1=CC(=C2C(=C1)C=CC=N2)N=C(N)N=C(N)N,6.400116927926312,,,
C1=CC=C2C(=C1)C(=O)C3=C(C2=O)C(=C(C=C3)S(=O)(=O)O)N=NC4=CC=CC(=C4O)C(=O)O,,6.599980364934842,,
C1=CC=C2C(=C1)C(=O)C3=C(C2=O)C(=C(C=C3NC4=CC=C(C=C4)C5=C(C=C(C=C5)N)S(=O)(=O)O)S(=O)(=O)O)N,5.400116927926312,5.199998172182031,,
CSC1=NC2=C(S1)C=CC(=C2)S(=O)(=O)N3CCCCC3,5.400116927926312,,,5.499996931948306
COC1=CC2=C(C=CC(=O)O2)C(=C1)OC,,,,4.499999678657065
CCCC1C2=C(C=CC3=CC=CC=C32)OC4=C1C5=CC=CC=C5C=C4,6.199970640755866,,,
C1=CC(=C(C=C1[N+](=O)[O-])C(=O)NC2=CC=NC=C2)Cl,,,,5.900008766455316
COC1=CC(=C(C=C1C(=O)NC2CCN(CC2)CC3=CC=CC=C3)Cl)N,4.899629454882437,5.0999990348465305,7.899629454882437,5.499996931948306
C1=CC=C2C(=C1)C3=C(C=C(C=C3)NC(=O)C4=CC=CC=C4C5=CC=CC=C5C(=O)O)NC2=O,8.500312917381596,5.499996931948306,,5.399996913372259
C1CCN(C1)CC2=NC3=CC=CC=C3N2CC4=CC=C(C=C4)Cl,5.200058463963156,4.59999938302362,6.000012101952962,5.199998172182031
CC(C)(C)C1=CC(=C(C=C1)CN(C)C)C2=C(C=CC(=C2)C(C)(C)C)CN(C)C,5.400116927926312,,,
C1CCC(CC1)NC2=C3C(=C(C=C2)NC4=CC=C(C=C4)S(=O)(=O)O)C(=O)C5=CC=CC=C5C3=O,5.8996294548824375,,,
COC1=CC23CCCN2CCC4=CC5=C(C=C4C3C1O)OCO5,,,,4.499999678657065
C1C2=C(C=CC(=C2)NC(=O)C3=CC=CC=C3C4=CC=CC=C4C(=O)O)C5=C1C=C(C=C5)F,5.400116927926312,5.599997654072044,,
C1(=O)C(=S)NNC(=O)N1,5.400116927926312,5.599997654072044,,
C1=CC=C2C(=C1)C=CC3=C2C=C(C4=CC=CC=C34)N5C(=O)C6=CC=CC=C6C7=CC=CC=C7C5=O,5.199970640755866,6.50003813440381,,
C1=CC2=C(C(=C(C=C2Cl)I)O)N=C1,7.5003129173815966,,,4.499999678657065
C1=CC2=C(C3=C1C(=O)C(=CN3)C(=O)O)C(=O)C(=CN2)C(=O)O,5.300162274132754,,,
C1=CC(=CC=C1CN=C(N)SCCCC2=CN=CN2)Cl,4.801342913045577,4.899998417198648,4.899998417198648,5.799998134593398
CC(C)N=C1C=C2C(=NC3=CC=CC=C3N2C4=CC=C(C=C4)Cl)C=C1NC5=CC=C(C=C5)Cl,,,5.599997654072044,
C1=CC=C(C=C1)C(C2=CC=CC=C2)SCCN,5.801342913045578,6.0,6.100015437450609,5.499996931948306
CCOC(=O)C(C)(C)OC1=CC=C(C=C1)Cl,4.899629454882437,,,5.0
C1=CC2=C(C=C(C(=C2N=C1)O)CC3=CC(=C4C=CC=NC4=C3O)[N+](=O)[O-])[N+](=O)[O-],,5.299997602857746,5.399996913372259,
C1=CC=C(C=C1)CNCC2=C3C=CC=NC3=C(C=C2)O,5.300162274132754,,5.799998134593398,
CC(C)(C(=O)O)OC1=CC=C(C=C1)Cl,4.400116927926312,,5.299997602857746,4.59999938302362
CC(C)(C)CC(C)(C)C1=CC(=C(C=C1)O)CC2=C(C=C(C=C2)Cl)Cl,,,,4.59999938302362
CN(C)CCCN1C2=CC=CC=C2CCC3=C1C=C(C=C3)Cl,4.801342913045577,,5.699991797446187,4.499999678657065
C1=C(C=C(C2=C1C(=C(N2)C(=O)O)C(=O)O)[N+](=O)[O-])[N+](=O)[O-],6.899629454882437,5.499996931948306,,
C1CN=C(N1)NC2=C(C=CC=C2Cl)Cl,,5.0999990348465305,5.0,
C1=C(C(=C(C(=C1S(=O)(=O)N)Cl)[N+](=O)[O-])Cl)C(=O)O,5.8996294548824375,,5.299997602857746,
COC1=CC2=C(C=C1)C3=C(C2)C=C(C=C3)N=[N+](C4=CC5=C(C=C4)C6=C(C5)C=C(C=C6)OC)[O-],5.801342913045578,5.799998134593398,,5.299997602857746
C1CCN(CC1)C2=CC=CC=C2NS(=O)(=O)C3=C(SC=C3)C(=O)O,,,,4.800000874803203
C1=CC=C(C=C1)C(C2=CC=CC=C2)(C3=CC=CC=C3Cl)N4C=CN=C4,5.100729920485945,6.2500190672019045,4.70000009302829,7.300162274132754
C1=CC=C2C(=C1)C3=CC(=C(C=C3C2=O)[N+](=O)[O-])[N+](=O)[O-],6.600326278518962,5.799998134593398,5.499996931948306,6.299988937677887
C1=CC=C2C(=C1)C=C(C(=C2C(=O)O)O)N=NC3=CC=C(C=C3)S(=O)(=O)N,6.0,,,5.499996931948306
C1=CC(=C(N=C1)N=NC2=CC=C(C=C2)S(=O)(=O)N)O,5.698970004336019,5.199998172182031,,5.399996913372259
C1=CC(=CC=C1N=NC2=CNC(=O)C(=C2)O)S(=O)(=O)N,5.100179497572904,5.199998172182031,5.299997602857746,
C1=CNC(=O)C(=C1)N=NC2=CC=C(C=C2)S(=O)(=O)N,6.300162274132754,5.499996931948306,,
C1OC2=C(O1)C=C3C=C(C=CC3=C2)C4=NC5=CC=CC=C5C(=C4)C(=O)O,5.5003129173815966,,,
C(CNCC(=O)O)C(=O)O,7.0,,,
C1=CC=NC(=C1)N/C=C(\C#N)/C(=O)C2=CC=CO2,,5.499996931948306,,
C1CC1C(=O)/C(=C/NC2=CC=CC=N2)/C#N,5.8996294548824375,,,
C1C(C(OC2=CC(=CC(=C21)O)O)C3=CC=C(C=C3)O)O,,,,4.899998417198648
C1=C(C(=CC2=C1N=C(C(=N2)[O-])[O-])[N+](=O)[O-])C#N.[Na+].[Na+],,4.40000018605658,,
C1=CC=C(C=C1)C2=CC=C(C=C2)C3=NC4=CC5=CC=CC=C5C=C4C(=C3)C(=O)O,6.100179497572904,,,
CC(=O)NC1=CC=C(C=C1)C2=NC3=CC4=CC=CC=C4C=C3C(=C2)C(=O)O,5.400116927926312,,,
COC1=CC(=C(C=C1)OC)C2=NC3=CC4=CC=CC=C4C=C3C(=C2)C(=O)O,,5.499996931948306,5.399996913372259,
COC1=CC(=CC(=C1OC)OC)C2C3=C(CC(N2)C(=O)O)C4=CC=CC=C4N3,,,5.900008766455316,
CN1C(=O)C(NC1=S)CC2=CNC3=CC=CC=C32,,,,5.199998172182031
C1=CC=C(C(=C1)NN(CC2=CC=NC=C2)C3=CC=CC=C3Cl)Cl,5.300162274132754,5.799998134593398,5.499996931948306,6.599980364934842
C1=CC=C(C=C1)NN(CC2=NC=CN=C2)C3=CC=CC=C3,5.698970004336019,5.499996931948306,,6.0
CC(C)CC(=O)OC1C(C2=C(C=CC3=C2OC(=O)C=C3)OC1(C)C)OC(=O)C,,,,4.700000503883016
CC1CC2(C3C(C1(COC3C4=CC=CC=C4O2)COC(=O)NC5=CC=CC=C5)C)C,,,,5.0
C1=CNC(=C1)C(=O)C2=C(C=CC(=C2)Cl)NC(=O)CN,5.5003129173815966,,,
CC(C)(CCC[C@@](CC(=O)OC)(C(=O)O[C@H]1[C@H]2C3=CC4=C(C=C3CCN5[C@@]2(CCC5)C=C1OC)OCO4)O)O,,,,4.899998417198648
CC1=CC(=NC=C1)NC(=O)NC2=CC=C(C=C2)SC,6.300162274132754,,,
COC1=CC2=C(C=C1)N=C(S2)NCN3C(=O)C4=CC=CC=C4C3=O,5.400116927926312,,,
CC1C=C(C2C(C1(COC2C3=CC=C(C=C3)OC)COC(=O)C)C)C,,,,4.800000874803203
CC1=C(C2=CC=CC=C2S1)CC3=NCCN3,5.600326278518962,,4.499999678657065,
CN1C[C@@H](C[C@H]2[C@H]1CC3=CN(C4=CC=CC2=C34)C)CNC(=O)OCC5=CC=CC=C5,,,,4.899998417198648
CCOP(=S)(OCC)OC1=CC2=C(C=C1)C(=C(C(=O)O2)Cl)C,,,,5.699991797446187
CC1=CC=C(C=C1)S(=O)(=O)O.CC1=CC=C(C=C1)S(=O)(=O)OC2CCN(CC2)C,,,5.499996931948306,
CN(C)CCCC1=C2C=C(C=CC2=NC3=CC=CC=C31)Cl.OP(=O)(O)O,5.400116927926312,,5.799998134593398,
C1=CSC(=C1)CC2=CSC=C2C(=O)O,,8.602059991327963,,
C1=CC=C(C(=C1)O)O,,,,5.0
C1CCN(CC1)C(=O)C2=CC3=C(C=C2)OCCO3,4.801342913045577,,,
C1=CC=C2C(=C1)C3=C(C(=CC(=C3)Cl)[N+](=O)[O-])N=C2NCCO,7.698970004336019,,,5.499996931948306
CN(C)CCC=C1C2=CC=CC=C2C=CC3=CC=CC=C31,4.899629454882437,,5.199998172182031,
C1=CC=C(C=C1)C(=O)CSCC(=O)O,5.100179497572904,,,
C1OC2=C(O1)C=C(C(=C2)CNCCC3=CC=C(C=C3)O)Br,6.0,,6.50003813440381,5.399996913372259
CC1=CC=C(C=C1)S(=O)(=O)O.C1=CC(=CC=C1CC(=O)OCN)Br,6.698970004336019,5.699991797446187,,
COC1=CC=CC=C1CC(CC2=NC3=CC=CC=C3N2)C4=NC5=CC=CC=C5N4,,,,5.799998134593398
CN1CCC(=C2C3=CC=CC=C3C=CC4=CC=CC=C42)CC1,4.698970004336019,,5.399996913372259,
C1=CC=C(C=C1)C2=C(SC(=N2)N)CC(=O)O,5.100179497572904,,,
C1C(=O)N(C2=C(C=C(C=C2)Cl)C(=N1)C3=CC=CC=N3)CC(=O)O,5.8996294548824375,,,
CC1=C(C=C(C=C1)[N+](=O)[O-])S(=O)(=O)N(C)C,,,,4.800000874803203
CC1=C2C=CN=CC2=C(C3=C1N(C4=CC=CC=C43)CCOC(=O)C5=CC=CC=C5)C,7.100179497572904,5.499996931948306,5.499996931948306,6.199970640755866
CC1=C(C=C(C=C1)NC(=O)C2=CC=CC=C2C(=O)O)C,5.400116927926312,,,
CC1=CC(=NC(=C1)NC(=O)COC2=CC=C(C=C2)Cl)C,5.801342913045578,,,5.499996931948306
C1=CC(=CC=C1N)S(=O)(=O)C2=CC=C(C=C2)N,,6.100015437450609,,5.0999990348465305
CC(=O)CC(=O)NC1=CC2=CC=CC=C2C=C1,5.698970004336019,,,
C1COCCN1CCCN2C3=C(N=C(C(=N3)Cl)Cl)N=C2C(F)(F)F,5.5003129173815966,5.599997654072044,5.399996913372259,5.299997602857746
CCOC(=O)CN1C2=C(N=C(C(=N2)Cl)Cl)N=C1C(F)(F)F,6.199970640755866,6.100015437450609,,
CC1=C(C(=O)C=CN1C)O,,5.599997654072044,,
CC1=CC=C(C=C1)S(=O)(=O)O.C1CCC2=C(C1)C=CC=C2NC3=NCCN3,,,6.199970640755866,
CCOC(=O)C1=C(NC(=S)NC1C2=CC(=CC=C2)O)C,4.400116927926312,4.700000503883016,,6.0
C1(=O)C2(C3(C4(C1(C5(C2(C3(C(C45Cl)(Cl)Cl)Cl)Cl)Cl)Cl)Cl)Cl)Cl,,,,4.9000004374016015
CN(C1=C(C=CC(=C1)O)O)N=O,4.500312917381596,5.0,4.499999678657065,
CC1=[N+](C2=CC=CC=C2C(=C1)N)CCCCCCCCCC[N+]3=C(C=C(C4=CC=CC=C43)N)C,4.9006714565227885,,4.800000874803203,5.499996931948306
CNCCCN1C2=CC=CC=C2CCC3=CC=CC=C31,4.899629454882437,,4.99999814819794,4.799999460540832
CCCCCCCCC(=O)NCC1=CC(=C(C=C1)O)OC,4.899629454882437,5.499996931948306,4.59999938302362,4.99999814819794
C[C@H]1CCC[C@@H](CCCCCC2=C(C(=CC(=C2)O)O)C(=O)O1)O,,,,5.399996913372259
C1CCN[C@H](C1)[C@@H](C2=CC(=NC3=C2C=CC=C3C(F)(F)F)C(F)(F)F)O,5.199970640755866,,5.0,
C1=CC=C(C=C1)CCCNC2=NN=NC3=CC=CC=C32,5.400116927926312,,5.399996913372259,
C1=CC2=C(C=C1NC(=S)NC3=CC4=C(C=C3)C=NN4)NN=C2,6.899629454882437,5.599997654072044,5.699991797446187,5.599997654072044
C(C1=C(C(=C(C(=C1Cl)Cl)Cl)Cl)Cl)SC2=NC(=S)NC(=O)N2,6.0,5.900008766455316,5.399996913372259,5.499996931948306
COC1=C2C(=C(C=C1)OC)NC3=CC=CC=C3C2=S,7.199970640755866,5.0999990348465305,,5.0999990348465305
C1=CC=C2C(=C1)N=C(S2)/C(=C/NC(=S)C3=CC=NC=C3)/C#N,5.5003129173815966,5.199998172182031,,5.599997654072044
C1CN(C(=S)N1)/C=C(\C#N)/C(=O)C2=CC3=CC=CC=C3C=C2,5.801342913045578,5.499996931948306,,
CCCCCCCCCCCCCCCCCC(=O)O[C@H](CC(=O)O)C[N+](C)(C)C,,4.499999678657065,,
CC1=C(C(=O)N2C=CSC2=N1)CCN3CCC(=C(C4=CC=CC=C4)C5=CC=C(C=C5)F)CC3,4.600729920485945,4.499999678657065,5.0999990348465305,
CC(=CCC1=C2C(=CC=C1)C(=CN2)C3=C(C(=O)C(=C(C3=O)O)C4=C(NC5=CC=CC=C54)C(C)(C)C=C)O)C,4.600326278518962,5.0999990348465305,8.200659450546418,4.59999938302362
C#CCCCCCCCCCCCC(CC(CO)O)O,,,,4.40000018605658
C=CC(C1=CC=CC=C1)C2=CC(=O)C=CC2=O,,,,4.499999678657065
CCOP(=S)(OCC)OC1=NC(=NC(=C1)C)C(C)C,,,,5.299997602857746
CC1=NS(=O)(=O)C2=C(N1)C=CC(=C2)Cl,5.5003129173815966,,5.0999990348465305,4.700000503883016
CCN1C2=CC=CC=C2C3=C1N=C(N=N3)NCCCO,5.801342913045578,,,
CCCCOC1=NC2=CC=CC=C2C(=C1)C(=O)NCCN(CC)CC,5.300162274132754,,5.0999990348465305,
CC1=NC(=CC=C1)C#CC2=CC=CC=C2,6.500656776900721,5.0,4.40000018605658,5.3000046351691665
C1=CC(=CC(=C1)Br)NCC(=O)NN,6.300162274132754,,,5.599997654072044
C1=CC=C2C(=C1)N=C(S2)SCCSC3=NC4=CC=CC=C4S3,6.100179497572904,,5.499996931948306,
CC1=C(C=CC(=C1)Cl)OCC(=O)OC2=C(C(=C(C(=C2Cl)Cl)Cl)Cl)Cl,5.400116927926312,5.799998134593398,,
C1=CC(=CC=C1C(=O)N[C@H](CCC(=O)O)C(=O)O)NCC2=CN=C3C(=N2)C(=NC(=N3)N)N,,4.40000018605658,,
C[C@H]1[C@H]([C@H](C[C@@H](O1)O[C@H]2C[C@@](CC3=C2C(=C4C(=C3O)C(=O)C5=C(C4=O)C(=CC=C5)OC)O)(C(=O)C)O)N)O,4.500312917381596,,,4.499999678657065
COC1=CC2=C(C=CN=C2C=C1)[C@@H]([C@H]3C[C@H]4CCN3C[C@@H]4C=C)O,,,6.651185540445795,4.899998417198648
C1CN(CCC1C(=O)C2=CC=C(C=C2)F)CCN3C(=O)C4=CC=CC=C4NC3=S,4.801342913045577,4.59999938302362,5.0,4.899998417198648
CCN1CCC[C@H]1CNC(=O)C2=C(C(=CC(=C2OC)Cl)Cl)O,4.500312917381596,5.0999990348465305,4.899998417198648,
CCN(CC)CCOC1=CC=C(C=C1)/C(=C(/C2=CC=CC=C2)\Cl)/C3=CC=CC=C3.C(C(=O)O)C(CC(=O)O)(C(=O)O)O,4.899629454882437,7.100179497572904,5.299997602857746,
C1=CC(=C(C=C1Cl)Cl)/C(=C/N2C=NC=N2)/Cl,7.199970640755866,,,6.50003813440381
C1=CC=C(C=C1)N=C(N)N=C(N)N.C1=CC=C2C(=C1)NC(=S)S2,5.5003129173815966,,,
CN1C2=C(C(=S)N(C1=O)C)NC(=N2)SCC3=CN=CC=C3,5.400116927926312,5.199998172182031,,5.499996931948306
CN1C2=C(C(=S)N(C1=O)C)NC(=N2)SCCN3CCCC3,,5.499996931948306,,
C[C@@H](CC1=CC=C(C=C1)OC)NC[C@H](C2=CC(=C(C=C2)O)NC=O)O,4.500312917381596,,5.699991797446187,4.899998417198648
C1=CC(=CC=C1C(=C(Cl)Cl)C2=CC=C(C=C2)Cl)Cl,,,,5.0999990348465305
C1=CC(=CC=C1CN2C=CNC2=S)O,5.199970640755866,,,4.800000874803203
C1CN(CCC1C2=CC=CC=C2)CCCCC3=CC=CC=C3,4.801342913045577,,7.400116927926312,4.499999678657065
C1=CC(=CC=C1CCN=C(N)SCCCC2=CN=CN2)I,4.801342913045577,,,6.100015437450609
C1CCC(CC1)NC(=S)N2CCC(CC2)C3=CN=CN3,4.749977866700699,6.549979835562059,4.849999646000926,6.650075069164385
CN(CCC1=CC(=C(C=C1)Cl)Cl)[C@H]2CCCC[C@H]2N3CCCC3,4.500312917381596,,8.200659450546418,4.899998417198648
C[C@@H]1[C@@H]2CC3=C([C@]1(CCN2CC=C)C)C=C(C=C3)O,4.500312917381596,,5.0999990348465305,5.399996913372259
CN([C@@H]1CCCC[C@H]1N2CCCC2)C(=O)CC3=CC(=C(C=C3)Cl)Cl,,,5.650002839913787,5.299997602857746
CN1CCC2=CC(=C(C=C2[C@H](C1)C3=CC=CC=C3)O)Cl,4.400116927926312,,4.700000503883016,
C1=CC(=C(C=C1Cl)CC2=C(C=CC(=C2)Cl)O)O,,,,4.700000503883016
C1=C(C=C(C(=C1S(=O)(=O)N)Cl)Cl)S(=O)(=O)N,,6.199970640755866,,
COC1=CC=CC=C1N2CCN(CC2)CCCCNC(=O)C3=CC4=CC=CC=C4C=C3,4.698970004336019,,5.449996922660283,5.0999990348465305
COP(=O)(OC)OC=C(Cl)Cl,,,,4.800000874803203
CN1CCC2=CC(=C(C=C2C1=O)OC)OC,5.698970004336019,,,
CCN(CC)CCOC(=O)C1(CCCCC1)C2CCCCC2,5.1498731914043745,5.0999990348465305,5.199998318852138,5.449997628464895
C[C@@H](CCCN)NC1=C2C(=CC(=C1)OC)C=CC=N2,6.698970004336019,,5.0999990348465305,4.899998417198648
CN(CCCN1CCC2=CC(=C(C=C2CC1=O)OC)OC)CCC3=CC(=C(C=C3)OC)OC.Cl,,,,4.899998417198648
C[C@@H](CCC1=CC=CC=C1)NC[C@@H](C2=CC(=C(C=C2)O)C(=O)N)O,4.500312917381596,,5.549994355409224,
C1CC2=NC3=CC=CC=C3CN2C1.Cl,,,,4.499999678657065
C1N2CN(CN1CN(C2)S(=O)(=O)C3=CC=CC=C3)S(=O)(=O)C4=CC=CC=C4,,6.199970640755866,,
C1C2C3C(C1C4C2O4)C5(C(=C(C3(C5(Cl)Cl)Cl)Cl)Cl)Cl,,,,4.899998417198648
C1C2=CC=CC=C2C(=NNC3=C(C=C(C=C3)[N+](=O)[O-])[N+](=O)[O-])C4=CC=CC=C41,6.100179497572904,,,
CCCCC(CC)COC(=O)C1=CC=C(C=C1)N(C)C,,,,4.59999938302362
C1=CC=C(C=C1)CCSCCN,5.300162274132754,,5.499996931948306,
C1CCN(CC1)CCCC(C2=CC=CC=C2)(C3=CC=CC=C3)O,,,6.899974269892137,
C1=CC=C(C(=C1)C(=O)OC2=C(C=C(C=C2)S(=O)(=O)F)F)Cl,5.300162274132754,,,
CS(=O)(=O)O.C1CCN[C@@H](C1)[C@H](C2=CC(=NC3=C2C=C(C=C3Cl)Cl)C(F)(F)F)O,5.400116927926312,,5.499996931948306,
CC(C)(C)C1=C(C(=CC(=C1)C#N)Br)OP(=O)(C2=CC=CC=C2)OC3=C(C=C(C=C3Br)C#N)C(C)(C)C,5.400116927926312,,,
CC1=CC(=C(C(=C1)C)N=C2C=C3C4=CC(=C(C=C4CCN3C(=O)N2C)OC)OC)C.Cl,,,,4.800000874803203
C(CCP(=O)(O)O)C[C@@H](C(=O)O)N,4.500312917381596,,,
C1=CC(=C(C(=C1)Cl)Cl)NC(=O)NC2=CC=C(C=C2)[As](=O)(O)O,5.400116927926312,,,
C1=CC=C(C(=C1)NC(=O)NC2=CC=C(C=C2)S(=O)(=O)N)F,5.400116927926312,,,
C1=CC=C2C(=C1)C(=CN2)CC3=CNC4=CC=CC=C43,,,,4.40000018605658
C=CCN1CCN(CC1)C2=NC3=CC=CC=C3N=C2C#N,7.0,4.700000503883016,5.900008766455316,4.700000503883016
COC1=CC(=CC(=C1OC)OC)C(=O)OCCCN2CCCN(CC2)CCCOC(=O)C3=CC(=C(C(=C3)OC)OC)OC,,5.0,,5.0
C1=CC=C2C(=C1)C=CC=C2NC(=O)NC3=CC=C(C=C3)S(=O)(=O)N,6.0,,,
CN(C)CCCSC(=N)N,5.300162274132754,,,
CC1=CC(=C(C=C1)C)NC(=O)NCC2=CC=C(C=C2)Cl,6.100179497572904,,5.399996913372259,5.599997654072044
CC[C@@H]1[C@@H](COC1=O)CC2=CN=CN2C,,4.449999932356823,,5.149998801428874
C1=CC(=C(N=C1)C(=O)O)CC(=O)O,4.400116927926312,,,
C1CN=C(N1)C2=CC3=CC=CC=C3O2,5.300162274132754,,4.40000018605658,
CN([C@H](CN1CCCC1)C2=CC=CC=C2)C(=O)CC3=CC(=C(C=C3)Cl)Cl,4.500312917381596,7.0,7.899629454882437,5.199998172182031
CCN(CC)CCNC(=O)COC1=CC=C(C=C1)OC.Cl,,,,5.900008766455316
C1CCCCCC(CCCCC1)N2CN(C(=S)SC2)C3CCCCCCCCCCC3,,,5.499996931948306,5.399996913372259
C[C@H]1C(=O)N[C@H](C(=O)N[C@H](C(=O)N[C@H](C(=O)N[C@H](C(=O)N[C@H](C(=O)N1C)CC2=CC=CC=C2)C(C)C)CCCCN)CC3=CNC4=CC=CC=C43)CC5=CC=C(C=C5)O,,4.59999938302362,,5.399996913372259
CC(C)(C)C1=CC=C(C=C1)OC(=O)NC2=CC(=C(C=C2)O)C(=O)O,,,5.0999990348465305,
CC1=CC=C(C=C1)S(=O)(=O)NCC2=CC(=CC=C2)[N+](=O)[O-],5.400116927926312,,,5.399996913372259
CC1=CC=C(C=C1)CC(CC2=NC3=CC=CC=C3N2)C4=NC5=CC=CC=C5N4,,,,5.900008766455316
CN(C)CCOC(C1=CC=CC=C1)C2=CC=CC=C2,4.850486183964007,,5.149997665285454,
C1=CC=C2C(=C1)C3=CC=CC=C3[I+]2,7.299299729609228,6.5,5.750006175411434,5.499996931948306
CN1CCC(CC1)OC(C2=CC=CC=C2)C3=CC=CC=C3,,,5.199998172182031,
COC(=O)C1=CC=CC=C1NC(=O)C2=CC=C(C=C2)F,6.698970004336019,,5.299997602857746,
CCCN(CCC)CCC1=CC(=C(C=C1)O)O,,,4.499999678657065,4.40000018605658
CCOP(=O)(NC(C)C)OC1=CC(=C(C=C1)SC)C,,,,5.0
CCOC(=O)N1C=CN(C1=S)C,4.899629454882437,,,
C1CCN(CC1)C2=NC(=NC3=C2N=C(N=C3N4CCCCC4)N(CCO)CCO)N(CCO)CCO,,5.199998318852138,4.9499992085993245,5.0
CC1(CC(=O)C(C(=O)C1)[C@@H]2C3=CC=CC=C3OC4=C2C(=O)CC(C4)(C)C)C,,4.899998417198648,,4.800000874803203
CSC1=CC=CC(=C1)NC(=O)OC2CCCCCCCCCCC2,5.300162274132754,,,5.499996931948306
CCN(CC)C(=S)SSC(=S)N(CC)CC,5.500656776900722,6.000002738243973,,5.0999990348465305
CCOP(=S)(OCC)SCCSCC,,,,4.700000503883016
C(C(=O)O)SCC(=O)O,,,5.399996913372259,
CCN(CC)CCOC(=O)C(CC1CCCO1)CC2=CC=CC3=CC=CC=C32.C(=O)(C(=O)O)O,,,,6.0
C[C@]12C[C@@H]([C@]3([C@H]([C@@H]1C[C@H]([C@@]2(C(=O)CO)O)O)CCC4=CC(=O)C=C[C@@]43C)F)O,,,,4.700000503883016
CC1=CC(=C(C=C1C2(C3=CC=CC=C3C(=O)O2)C4=CC(=C(C=C4C)O)C(C)C)C(C)C)O,5.400116927926312,6.50003813440381,5.399996913372259,5.799998134593398
COC1=C(C(=NC(=N1)Cl)Cl)Cl.COC1=NC(=C(C(=N1)Cl)Cl)Cl,5.100179497572904,,,
CCCCOP(=O)(OCCCC)OCCCC,,,,4.800000874803203
COC1=C(C(=O)C2=CC=CC=C2C1=O)OC,5.400116927926312,4.40000018605658,4.40000018605658,4.700000503883016
C1=CC=C(C=C1)CS(=O)(=O)C2=CC=C(C3=NON=C23)[N+](=O)[O-],,6.50003813440381,5.199998172182031,
COC1=CC2=C(C=C(C=N2)C3=CC=NC=C3)C(=C1)OC,6.698970004336019,,,6.50003813440381
CN1CCC2=CC3=C(C(=C2[C@@H]1[C@H]4C5=C(C(=C(C=C5)OC)OC)C(=O)O4)OC)OCO3,4.400116927926312,5.699997894332721,4.9000004374016015,5.599997654072044
C1=CC(=C2C(=CC=C(C2=C1C(=O)O)C(=O)O)C(=O)O)C(=O)O,5.400116927926312,,,
C1=CC2=C3C(=C1)C=CC4=CC=CC(=C43)C=C2,,,,5.0
CC1=C(C2=C(C=C1)C(=O)C3=CC=CC=C3C2=O)[N+](=O)[O-],,,,4.899998417198648
C1CN(CCC1N2C3=C(C=C(C=C3)Cl)NC2=O)CCCN4C5=CC=CC=C5NC4=O,5.150075069164385,,5.299997983397418,4.800000874803203
COC1=C(C=CC(=C1)[C@@H]2[C@H](OC3=C(O2)C=C(C=C3)[C@@H]4[C@H](C(=O)C5=C(C=C(C=C5O4)O)O)O)CO)O,,,,5.0
C1=CC=C2C(=C1)C(=C3C=CC=C(C3=N2)O)N,5.199970640755866,,,
C1CN(CC=C1N2C3=CC=CC=C3NC2=O)CCCC(=O)C4=CC=C(C=C4)F,,5.0,5.499996931948306,4.999999523492617
CCN(CCCl)CC1=CC=CC=C1Br,4.801342913045577,,4.899998417198648,
CC1=CC(=O)OC2=C1C=CC(=C2OS(=O)(=O)C)OS(=O)(=O)C,6.100179497572904,,,
CS(=O)(=O)C1=CC=C(C=C1)C2=C(SC(=C2)Br)C3=CC=C(C=C3)F,6.400116927926312,6.100015437450609,,4.700000503883016
CCCCOC1=CC=C(C=C1)C(=O)CCN2CCCCC2,5.5003129173815966,5.599997654072044,5.299997602857746,
C1CS(=O)(=O)CCN1CC2=CC=CC=N2,5.100179497572904,,,
CC1=NC(=CC=C1)CCN2CCC(CC2)C(=O)C3=CC=C(C=C3)NS(=O)(=O)C,,,5.699991797446187,5.199998172182031
CC1=CC(NC2=C1C=C(C=C2)CSC3=CC=CC=C3)(C)C,6.300162274132754,6.700057099977233,6.199970640755866,5.399996913372259
C1=CC=C(C=C1)N2C(=O)C3=CC=CC=C3[Se]2,5.7501482127496075,6.550089748786451,5.5,4.99999814819794
C1=CC=C2C(=C1)C=CC(=C2C#N)NC(=O)CCC(=O)O,5.400116927926312,,,
C1C2=CC(=C(C=C2[C@@H]3[C@]1(COC4=C3C=CC(=C4O)O)O)O)O,,,,5.500006927324629
C1=CC2=C(C=C1NC(=O)C3=C(C(=C(C(=C3Cl)Cl)Cl)Cl)C(=O)O)NN=C2,6.698970004336019,7.100179497572904,5.399996913372259,5.399996913372259
CC1=C2C=CN=CC2=C(C3=C1NC4=CC=CC=C43)C,7.399574750954461,4.40000018605658,4.849998925419548,6.599989277931066
CC1=CC(=C(C(=C1C)Br)C)[N+](=O)[O-],6.0,,,
CCCCCCCCCCCC1=C(C(=O)C=C(C1=O)O)O,,4.59999938302362,5.099995738051626,
CC1=CC2=C(C(=C1)O)C(=O)C3=C(C2=O)C=C(C=C3O)O,5.950214922653954,5.2499979741093945,4.699999047927856,5.0
CN1CCN(CC1)C2=CC3=CC=CC=C3OC4=C2C=C(C=C4)Cl,4.698970004336019,,7.400116927926312,4.499999678657065
CN1CCN(CC1)C2=C(C=NC=C2)S(=O)(=O)N3CCN(CC3)C,,,,5.499996931948306
COC1=C(C2=C(CC3C4=CC5=C(C=C4CCN3C2CC6=CC=CC=C6)OCO5)C=C1)OC,,,,6.0
C1C2C(COS(=O)O1)C3(C(=C(C2(C3(Cl)Cl)Cl)Cl)Cl)Cl,,,,5.599997654072044
C1=CC=C(C=C1)C(=O)CON2C(=O)C3=CC=CC=C3C2=O,5.400116927926312,5.199998172182031,,
CCN1C=C(C(=O)C2=CC(=C(N=C21)N3CCNCC3)F)C(=O)O,,4.800000874803203,,
C1CN2CCC1C(=O)C2(CO)CO,,7.199970640755866,,
COC1=CC=CC(=C1)CSCC(=O)O,5.400116927926312,,,
C(CO)N1C(=NN=N1)N,5.199970640755866,,,
CCNC1=NC=C2C(=N1)N(C(=O)C(=N2)C3=CC=CC(=C3)C#N)CCC#N,6.199970640755866,,7.500312917381596,5.0999990348465305
COC1=CC=C(C=C1)OC2=NC=C3C(=N2)N(C(=O)C(=N3)C4=CC=CS4)CCC#N,5.600326278518962,5.399996913372259,,5.599997654072044
COC1=CC=C(C=C1)C(=O)N2CCC3(CC2)CN(C3)C4=CC=C(C=C4)C5=CC=CC=C5,,4.700000503883016,4.800000874803203,
COC1=CC=CC=C1C2=NC3=CC=CC=C3C(=N2)NCC4=CC=CC=C4,6.400116927926312,,5.799998134593398,5.399996913372259
C1=CC=C2C(=C1)C(=NC(=N2)C3=COC=C3)NC4=CC=NC=C4,6.801342913045577,,4.800000874803203,5.900008766455316
C1CN(CCC12CCN(CC2)C(=O)OC3=CC=CC=C3)C4=CC=CC=C4,,,,5.499996931948306
COCCN1C2=NC(=NC=C2N=C(C1=O)C3=CC=CC(=C3)C#N)N4CCNCC4,5.0,5.399996913372259,,4.700000503883016
COC1=CC=CC(=C1)C2=CC3=C(C=C2)N=CN=C3NCCN4CCOCC4,5.100179497572904,,4.59999938302362,5.0
CN1CCN(CC1)C2=NC=C3C(=N2)N(C(=O)C(=N3)C4=CC=CC(=C4)C#N)CC5=CC=C(C=C5)F,,4.59999938302362,,4.700000503883016
CN1C2=NC=NC=C2N=C(C1=O)C3=CC(=CC(=C3)F)F,6.199970640755866,,,5.900008766455316
CN1CCN(CC1)C2=NC=C3C(=N2)N(C(=O)C(=N3)C4=CC=CC=C4)CCC#N,4.698970004336019,,4.59999938302362,
C1OC2=C(O1)C=C(C=C2)C3=CN=CN=C3NCC4=CC=CC=C4,6.899629454882437,6.50003813440381,4.899998417198648,6.299988937677887
CN(C)C1=NC=C2C(=N1)N(C(=O)C(=N2)C3=CC=CC=C3)C[C@H]4CCCO4,5.5003129173815966,4.700000503883016,4.899998417198648,4.899998417198648
CN1CCN(CC1)C2=NC=C3C(=N2)N(C(=O)C(=N3)C4=CC=C(C=C4)OC)CC5=CC=CS5,5.400116927926312,,,
CC1=CC=CC=C1C2=CC(=NC=N2)N(C)C,5.698970004336019,,4.40000018605658,4.800000874803203
COCCNC1=NC=NC2=C1C=C(C=C2)C3=CC(=CC=C3)OC,6.100179497572904,,4.40000018605658,4.899998417198648
COC1=CC2=C(C=C1)NC=C2CCNC3=NC(=NC=C3)C4=COC=C4,6.300162274132754,6.100015437450609,4.899998417198648,5.499996931948306
CN(C)C1=CC=C(C=C1)C2=CN=CN=C2NCC3=CC=CC=C3,6.0,,4.40000018605658,
CC(=O)N1CCC2(CCCN(C2)C3=CC=CC(=C3)C4=CC=CC=C4)CC1,5.300162274132754,4.899998417198648,4.40000018605658,5.0999990348465305
CC1=C(C(=NO1)C)C2=CC3=C(C=C2)N=CN=C3NCCC4=CNC5=C4C=C(C=C5)OC,5.100179497572904,6.299988937677887,5.199998172182031,5.499996931948306
CC1=C(C(=NO1)C)C2=CC(=NC=N2)N(C)C,5.5003129173815966,,,
CC1=CC=CC=C1C2=NC3=CC=CC=C3C(=N2)N(C)CC4=CC=CO4,5.801342913045578,,5.499996931948306,4.59999938302362
CN(C)C(=O)C1=CC=C(C=C1)C2=NC=CC(=N2)NCC3=CC=CC=C3,4.801342913045577,,4.40000018605658,4.700000503883016
C1CN(CCN1)C2=NC(=NC3=CC=CC=C32)C4=CC=CC=C4Cl,5.600326278518962,,4.499999678657065,4.59999938302362
C1CC1N2C3=NC=NC=C3N=C(C2=O)C4=CC=C(C=C4)F,6.801342913045577,,,
COC1=CC(=C(C=C1)CNC2=NC=NC3=C2C=C(C=C3)C4=CC5=C(C=C4)OCO5)OC,5.8996294548824375,6.299988937677887,5.599997654072044,6.100015437450609
CN(C)C(=O)C1=CC=C(C=C1)C2=CN=CN=C2NC3=CC=C(C=C3)F,4.500312917381596,,,5.599997654072044
COC1=CC=C(C=C1)C2=NC3=CN=C(N=C3N(C2=O)CC4=CC=CS4)OC,5.5003129173815966,5.299997602857746,5.0999990348465305,5.399996913372259
CC1=NC2=CN=C(N=C2N(C1=O)C3CC3)NC4=CC(=CC=C4)OC,5.8996294548824375,,,5.199998172182031
COCCN1C2=NC(=NC=C2N=C(C1=O)C3=CC(=CC(=C3)F)F)OC4=CC=C(C=C4)OC,5.400116927926312,4.899998417198648,,5.499996931948306
C1CN(CCC12CN(C2)C(=O)NC3=CC=CC=C3)C(=O)OC4=CC=CC=C4,4.698970004336019,,,4.800000874803203
COC1=NC=C2C(=N1)N(C(=O)C=N2)CCC#N,4.698970004336019,,,
C1CNCCC12CCN(CC2)C3=CC=CC=C3,,,4.800000874803203,
C1CN(CCC12CCN(CC2)C(=O)C3=CC(=CC=C3)F)C4=CC=CC=C4,4.801342913045577,,,5.0999990348465305
CNC1=NC=NC2=C1C=C(C=C2)C3=CC(=CC=C3)OC,6.300162274132754,6.299988937677887,4.800000874803203,4.899998417198648
COC1=CC=C(C=C1)OC2=NC=C3C(=N2)N(C(=O)C=N3)CCC#N,4.899629454882437,,,4.59999938302362
C1OC2=C(O1)C=C(C=C2)C3=CC4=C(C=C3)N=CN=C4NCC5=CC=CS5,6.400116927926312,6.100015437450609,6.400007822415902,
C1COCCN1C2=NC=C3C(=N2)N(C(=O)C(=N3)CCC4=CC=CC=C4)CC5=CC=CS5,4.899629454882437,5.499996931948306,,
CN(C)C1=NC=C2C(=N1)N(C(=O)C(=N2)CCC3=CC=CC=C3)CC4=CC(=CC=C4)OC,4.801342913045577,5.0,,5.599997654072044
C1CC2(CCN(CC2)C(=O)C3=CC=CO3)CN(C1)C4=CC=CC=C4,,,,4.800000874803203
COC1=CC=C(C=C1)C2=NC3=CN=C(N=C3N(C2=O)C4CC4)OC5=CC=CC=C5,5.400116927926312,5.499996931948306,,4.800000874803203
C1=CC=C(C=C1)N2C3=NC=NC=C3N=C(C2=O)C4=CC=CS4,4.899629454882437,5.0,,5.0
CC(=O)N1CCC2(CCN(CC2)CC3=CC=CC=C3)CC1,,,4.800000874803203,
COCC(=O)N1CCC2(CCCN(C2)C3=CC=CC=C3)CC1,,,,5.0999990348465305
CNC1=NC=NC2=C1C=C(C=C2)C3=CC=CC=C3C#N,6.0,,,4.899998417198648
CN(C)C(=O)C1=CC=C(C=C1)C2=NC3=CC=CC=C3C(=N2)NCCC4=CNC5=C4C=C(C=C5)OC,4.801342913045577,6.0,4.700000503883016,5.599997654072044
CC1=NC2=CN=C(N=C2N(C1=O)CCC#N)N3CCOCC3,4.899629454882437,,,
COC1=CC(=C(C=C1)CNC2=NC=NC(=C2)C3=CC(=CC=C3)NS(=O)(=O)C)OC,4.801342913045577,6.400007822415902,4.40000018605658,5.599997654072044
CCNC1=NC=C2C(=N1)N(C(=O)C(=N2)C3=CN(C4=CC=CC=C43)C)C[C@H]5CCCO5,5.0,,,5.0999990348465305
C1COCCN1C2=NC=C3C(=N2)N(C(=O)C(=N3)C4=CC=C(C=C4)F)CCC5=CC=CC=C5,4.600326278518962,,,
C1=CC=C(C=C1)NC2=NC(=NC3=CC=CC=C32)C4=COC=C4,6.698970004336019,,4.40000018605658,4.700000503883016
COC1=CC=C(C=C1)C(=O)N2CCC3(CCN(CC3)CC4=CC=C(C=C4)C#N)CC2,4.899629454882437,4.499999678657065,,
COCCNC1=NC(=NC=C1)C2=CC(=CC=C2)NS(=O)(=O)C,5.698970004336019,,,4.59999938302362
C1CN(CCC12CCN(CC2)C(=O)C3=CC=NC=C3)C(C4=CC=CC=C4)C5=CC=CC=C5,4.899629454882437,4.899998417198648,5.499996931948306,
CC(=O)N1CCC[C@]2(C1)CCN(C2)C3=NC=CC=N3,,,4.800000874803203,
C1=CC=C2C(=C1)C(=NC(=N2)C3=CC=CC(=C3)C#N)NCC4=CN=CC=C4,6.600326278518962,5.799998134593398,,5.299997602857746
CC1=C(C(=NO1)C)C2=NC3=CC=CC=C3C(=N2)N(C)C,7.400116927926312,,4.700000503883016,4.800000874803203
C1C[C@@]2(CCN(C2)C(=O)NC3=CC(=CC=C3)F)CN(C1)C(=O)C4=CC(=CC=C4)F,4.899629454882437,,,4.800000874803203
C1=CC=C2C(=C1)C(=NC(=N2)C3=CC=CC=C3Cl)NC4=CC=NC=C4,6.300162274132754,5.799998134593398,4.40000018605658,5.399996913372259
CN1CCN(CC1)C2=NC=C3C(=N2)N(C(=O)C=N3)C,4.899629454882437,,,
C1CNCCC1NC2=NC(=NC3=CC=CC=C32)C4=COC=C4,4.801342913045577,,5.0999990348465305,
C1CC2(CCNCC2)CN(C1)C3=CC=CC=N3,4.600326278518962,4.40000018605658,5.0,4.800000874803203
CC1=CC=CC=C1C2=CN=CN=C2NCCC3=CNC4=C3C=C(C=C4)OC,6.199970640755866,6.899974269892137,5.900008766455316,6.50003813440381
COC1=CC=CC=C1C2=NC3=CC=CC=C3C(=N2)NCC4=CC=CS4,6.199970640755866,,6.0,4.899998417198648
C1=CC=C(C=C1)C2=NC3=CN=CN=C3N(C2=O)CC4=CC=CC=C4Cl,5.698970004336019,5.499996931948306,,
C1=CC=C(C=C1)NC2=NC=NC3=C2C=C(C=C3)C4=COC=C4,5.801342913045578,,4.700000503883016,4.800000874803203
C1=CC=C(C(=C1)C#N)C2=CN=CN=C2NCC3=CN=CC=C3,7.199970640755866,,,6.700057099977233
CN(C)C(=O)C1=CC=C(C=C1)C2=NC3=CC=CC=C3C(=N2)N4C=CN=C4,4.698970004336019,,4.800000874803203,4.899998417198648
C1CC2(CCN(CC2)C(=O)C3=CC(=CC=C3)F)CN(C1)CC4=CC(=CC(=C4)C(F)(F)F)C(F)(F)F,,,5.0,5.0
COC1=CC=CC(=C1)C2=NC=CC(=N2)NCC3=CC=CC=C3OC,5.8996294548824375,5.900008766455316,6.400007822415902,5.599997654072044
C1CC2(CCN(CC2)C(=O)C3=CC(=CC(=C3)C(F)(F)F)C(F)(F)F)CN(C1)C4=CC=CC=N4,4.698970004336019,,,4.800000874803203
CS(=O)(=O)N1CCC2(CCCN(C2)C(=O)NC3=CC=CC=C3)CC1,4.801342913045577,,,
C1CN(CCC12CN(C2)C3=CC=C(C=C3)C4=CC=CC=C4)C(=O)C5=CC=CO5,6.0,,,5.399996913372259
CC(C)CN1CCCC2(C1)CCN(CC2)S(=O)(=O)C3=CC=CC=C3,,,,4.800000874803203
COC1=CC=C(C=C1)C2=NC3=CN=C(N=C3N(C2=O)C4CC4)OC,5.698970004336019,,,7.300162274132754
CN(CC1=CC=CO1)C2=NC(=NC=C2)C3=CN=CC=C3,6.100179497572904,,5.0999990348465305,4.899998417198648
CC1=C(C(=NO1)C)C2=CC3=C(C=C2)N=CN=C3NCCOC,5.400116927926312,,,4.499999678657065
C1C[C@@H](OC1)CN2C3=NC(=NC=C3N=C(C2=O)C4=CC=C(C=C4)F)OC5=CC=CC=C5,6.300162274132754,4.800000874803203,,5.0
CC1=NC2=CN=C(N=C2N(C1=O)CC3=CC=C(C=C3)F)OC4=CC(=CC=C4)Cl,4.899629454882437,5.0999990348465305,,4.800000874803203
COCC(=O)N1CCC2(CC1)CN(C2)CC3=CC(=CC(=C3)C(F)(F)F)C(F)(F)F,4.600326278518962,4.899998417198648,,
CN1CCN(CC1)C2=NC=C3C(=N2)N(C(=O)C(=N3)C4=CC=CC=C4)C5=CC=C(C=C5)OC,4.698970004336019,4.499999678657065,,4.59999938302362
CC(C)CN1CC[C@]2(C1)CCCN(C2)C(=O)C3=CSN=N3,,,6.299988937677887,4.700000503883016
CN1C(=O)C=NC2=CN=C(N=C21)NC3=CC(=CC=C3)OC,5.801342913045578,,,4.899998417198648
CN(C)C1=NC=C2C(=N1)N(C(=O)C(=N2)CCC3=CC=CC=C3)C4CC4,5.5003129173815966,4.899998417198648,5.0,5.0
COC1=CC2=C(C=C1)NC=C2CCNC3=NC=NC=C3C4=CN=CC=C4,6.5003129173815966,,4.899998417198648,6.100015437450609
CC(=O)N1CCC2(CC1)CN(C2)C3=CC=NC=C3,,4.40000018605658,,
C1C[C@@]2(CCN(C2)C3=CC=C(C=C3)C4=CC=CC=C4)CNC1,4.899629454882437,,4.40000018605658,
C1=CC=C2C(=C1)C(=NC(=N2)C3=CC=CC(=C3)C#N)NCC4=CC=CS4,6.5003129173815966,,5.299997602857746,5.399996913372259
COC1=CC=CC(=C1)C2=NC=CC(=N2)N3C=CN=C3,7.5003129173815966,,5.0999990348465305,6.0
CN(C)C1=NC(=NC2=CC=CC=C21)C3=CC=CC(=C3)C#N,7.0,7.400116927926312,4.59999938302362,5.0
C1CN(CCC12CN(C2)C3=NC=CC=N3)C(=O)OC4=CC=CC=C4,4.600326278518962,4.59999938302362,,4.800000874803203
CC(C)NC(=O)N1CCCC2(C1)CCN(CC2)C(=O)C3=CC=CO3,,,5.599997654072044,4.59999938302362
CC1=CN=C(C=N1)CNC2=NC(=NC3=CC=CC=C32)C4=COC=C4,5.698970004336019,,4.700000503883016,4.899998417198648
COC1=CC=C(C=C1)C(=O)N2CCC3(CCN(CC3)C(C4=CC=CC=C4)C5=CC=CC=C5)CC2,,4.40000018605658,4.899998417198648,5.499996931948306
COC1=NC=C2C(=N1)N(C(=O)C(=N2)CCC3=CC=CC=C3)CCC4=CC=CC=C4,5.400116927926312,5.699991797446187,,5.499996931948306
C1CC2(CCN(CC2)C(=O)C3=CC=NC=C3)CN(C1)C(=O)NC4=CC=CC(=C4)C#N,,,4.59999938302362,5.0999990348465305
COC1=CC=C(C=C1)C(=O)N2CCC[C@]3(C2)CCN(C3)C(=O)NC4=CC=CC(=C4)C#N,,,,5.0999990348465305
CNC1=NC(=NC2=CC=CC=C21)C3=CC=C(C=C3)C(=O)N(C)C,5.5003129173815966,6.0,,4.499999678657065
C1CN(CCC12CN(C2)C(=O)NC3=CC=CC=C3)S(=O)(=O)C4=CC=CC=C4,4.600326278518962,,,
CC1=C(C(=NO1)C)C2=CC(=NC=N2)NC3CCNCC3,6.899629454882437,7.100179497572904,,7.899629454882437
CC1=CN=C(C=N1)CNC2=NC=NC3=C2C=C(C=C3)C4=CC=C(C=C4)C(=O)N(C)C,4.801342913045577,,,
CN1C=CC=C1C(=O)N2CCC[C@]3(C2)CCN(C3)C(=O)NC4=CC=C(C=C4)OC,,,,5.699991797446187
C1C[C@@H](OC1)CN2C3=NC(=NC=C3N=C(C2=O)CCC4=CC=CC=C4)OC5=CC=CC=C5,4.899629454882437,4.899998417198648,,7.100179497572904
CN(CC1=CC=CO1)C2=NC=NC(=C2)C3=CC=CC=C3C(F)(F)F,4.801342913045577,,,4.899998417198648
C1=CC=C(C(=C1)C2=CC3=C(C=C2)N=CN=C3NCC4=CC=CS4)C(F)(F)F,5.100179497572904,6.0,5.0,5.299997602857746
CC1=CC=CC=C1C2=NC=CC(=N2)NC3=CC=C(C=C3)F,6.199970640755866,,4.700000503883016,5.0
C1=CC=C(C=C1)CN2C3=NC=NC=C3N=C(C2=O)C4=CC=CC=C4,5.801342913045578,4.800000874803203,,4.899998417198648
COCCN1C2=NC=NC=C2N=C(C1=O)C3=CC(=C(C=C3)F)F,6.600326278518962,,,4.899998417198648
C1CC1N2C3=NC=NC=C3N=C(C2=O)CCC4=CC=CC=C4,5.199970640755866,4.59999938302362,4.800000874803203,5.0
C1CC1N2C3=NC(=NC=C3N=C(C2=O)C4=CC=CC=C4)N5CCNCC5,5.400116927926312,6.79997073344623,,4.899998417198648
CC1=CC=CC=C1C2=CN=CN=C2NCC3=CC=CC=C3,4.899629454882437,,4.899998417198648,6.50003813440381
CN(C)C1=NC=C2C(=N1)N(C(=O)C(=N2)C3=CC=C(C=C3)F)C[C@H]4CCCO4,5.600326278518962,,5.900008766455316,
CN1CCN(CC1)C2=NC=C3C(=N2)N(C(=O)C(=N3)C4=CC=CS4)CCC#N,4.801342913045577,,,4.499999678657065
CCNC1=NC=C2C(=N1)N(C(=O)C(=N2)C)CCC3=CC=CC=C3,5.801342913045578,,,4.800000874803203
C1=CC(=CN=C1)CNC2=NC=NC=C2C3=CN=CC=C3,5.300162274132754,,,5.699991797446187
CN1C=C(C2=CC=CC=C21)C3=NC4=CN=CN=C4N(C3=O)CCN,5.199970640755866,4.800000874803203,,4.899998417198648
CN1CCN(CC1)C2=NC=NC(=C2)C3=CC=CC=C3Cl,4.698970004336019,,,
CS(=O)(=O)NC1=CC=CC(=C1)C2=CN=CN=C2N3C=CN=C3,4.801342913045577,,,5.0999990348465305
C1=CC=C(C=C1)CNC2=NC=NC(=C2)C3=CN=CC=C3,5.8996294548824375,,4.800000874803203,5.900008766455316
COC1=CC=C(C=C1)N2C3=NC(=NC=C3N=C(C2=O)C4=CC=C(C=C4)F)OC,5.400116927926312,,,4.800000874803203
C1CN(CCN1)C2=NC=C3C(=N2)N(C(=O)C(=N3)C4=CC=C(C=C4)F)CC5=CC=C(C=C5)F,4.801342913045577,4.499999678657065,4.700000503883016,5.0999990348465305
CC1=NC2=CN=C(N=C2N(C1=O)CC3=CC(=CC=C3)OC)N4CCNCC4,4.899629454882437,,4.800000874803203,4.800000874803203
CC1=NC2=CN=C(N=C2N(C1=O)C)N3CCN(CC3)C,4.899629454882437,,,
CC(=O)N1CCC2(CCCN(C2)C(C3=CC=CC=C3)C4=CC=CC=C4)CC1,4.801342913045577,4.499999678657065,5.0999990348465305,4.899998417198648
CC1=NC2=CN=C(N=C2N(C1=O)CC3=CC=CS3)N4CCN(CC4)C,4.899629454882437,,4.800000874803203,4.59999938302362
COC1=CC=CC=C1CCN2C3=NC=NC=C3N=C(C2=O)C4=CC=C(C=C4)F,6.0,5.399996913372259,,5.399996913372259
COC1=CC=CC(=C1)CN2C(=O)C=NC3=CN=C(N=C32)OC4=CC(=CC=C4)Cl,4.899629454882437,5.399996913372259,4.40000018605658,5.299997602857746
CS(=O)(=O)N1CCC2(CCCN(C2)C3=NC=CC=N3)CC1,4.801342913045577,,4.800000874803203,
C1CC2(CCN(CC2)C(=O)C3=CC=CO3)CN(C1)C4=CC=CC(=C4)C5=CC=CC=C5,4.899629454882437,5.399996913372259,4.40000018605658,5.0
CC1=CC(=CC=C1)CNC2=NC(=NC=C2)C3=CC=CC=C3CN(C)C,5.5003129173815966,6.79997073344623,5.599997654072044,5.399996913372259
COC1=CC=C(C=C1)C(=O)N2CCC3(CCN(CC3)CC4=NC=CS4)CC2,,4.59999938302362,,5.299997602857746
CC1=C(C(=NO1)C)C(=O)N2CCC3(CCN(CC3)CC4=CC(=CC(=C4)C(F)(F)F)C(F)(F)F)CC2,,,4.40000018605658,
C1C[C@@]2(CCN(C2)CC3=CC=NC=C3)CN(C1)C(=O)C4=CC(=CC(=C4)C(F)(F)F)C(F)(F)F,4.899629454882437,7.100179497572904,5.299997602857746,6.299988937677887
CN1C2=NC(=NC=C2N=C(C1=O)C3=CC(=CC(=C3)F)F)N4CCNCC4,5.100179497572904,4.59999938302362,,4.499999678657065
CN1C=C(C2=CC=CC=C21)C3=NC4=CN=C(N=C4N(C3=O)C)N5CCNCC5,4.801342913045577,5.0999990348465305,,4.700000503883016
COC1=CC=CC=C1CN2CC3(C2)CCN(CC3)S(=O)(=O)C4=CC=CC=C4,,4.40000018605658,,4.700000503883016
C1COCCN1C2=NC=C3C(=N2)N(C(=O)C(=N3)C4=CC=CS4)CCC#N,5.5003129173815966,,,4.59999938302362
COC1=CC=C(C=C1)C(=O)N2CCC3(CC2)CN(C3)CC4=CC=C(C=C4)C#N,,,4.899998417198648,6.199970640755866
COC1=CC=C(C=C1)N2C3=NC=NC=C3N=C(C2=O)C4=CC=C(C=C4)Cl,5.300162274132754,,,4.800000874803203
C1CC2(CCN(CC2)S(=O)(=O)C3=CC=CC=C3)CN(C1)CC4=CC=CC=C4,,,7.300162274132754,5.199998172182031
COCCN1C2=NC=NC=C2N=C(C1=O)C3=CC=CC=C3,6.100179497572904,,,
C1CN(CCC12CN(C2)C(=O)NC3=CC=CC=C3)C(=O)C4=CC(=CC=C4)F,,,,4.700000503883016
CC(C)CN1CCC2(CC1)CCN(CC2)C(=O)C3=CC=C(C=C3)OC,,,4.700000503883016,
CN1C=C(C2=CC=CC=C21)C3=NC4=CN=C(N=C4N(C3=O)CC5=CC=C(C=C5)F)OC,5.100179497572904,,,5.199998172182031
C1C[C@@]2(CCN(C2)C3=CC=CC(=C3)C4=CC=CC=C4)CNC1,4.899629454882437,,5.0,4.800000874803203
CN1C2=NC(=NC=C2N=C(C1=O)C3=CC=CC(=C3)C#N)OC4=CC=CC=C4,5.801342913045578,,,5.499996931948306
COC1=CC=CC=C1CCN2C(=O)C=NC3=CN=CN=C32,5.600326278518962,4.899998417198648,4.59999938302362,4.700000503883016
CN(C)C(=O)C1=CC=C(C=C1)C2=CC3=C(C=C2)N=CN=C3NCCC4=CNC5=C4C=C(C=C5)OC,4.899629454882437,6.599980364934842,4.59999938302362,5.599997654072044
C1CC2(CCN(CC2)S(=O)(=O)C3=CC=CC=C3)CN(C1)C4=NC=CC=N4,4.801342913045577,6.0,4.899998417198648,4.899998417198648
C1CN(CCN1)C2=NC=C3C(=N2)N(C(=O)C=N3)CCC4=CC=CC=C4,6.0,4.700000503883016,4.800000874803203,4.800000874803203
C1CN(CCC12CCN(CC2)C(=O)C3=CSN=N3)C4=CC=CC(=C4)C5=CC=CC=C5,4.801342913045577,,,4.40000018605658
CC1=CN=C(C=N1)CNC2=NC(=NC=C2)C3=COC=C3,4.899629454882437,,,4.59999938302362
CC(=O)NCCNC1=NC=NC=C1C2=CC=C(C=C2)N(C)C,5.199970640755866,,,5.699991797446187
C1CC2(CCN(CC2)C(=O)C3=CC(=CC=C3)F)CN(C1)C4=CC=NC=C4,4.500312917381596,4.899998417198648,4.800000874803203,4.899998417198648
C1C[C@@]2(CCN(C2)CC3=CC=C(C=C3)C#N)CN(C1)C(=O)C4=CC(=CC(=C4)C(F)(F)F)C(F)(F)F,4.600326278518962,,,5.299997602857746
C1C[C@@]2(CCN(C2)CC3=CC=CC=C3)CN(C1)C(=O)C4=CC(=CC(=C4)C(F)(F)F)C(F)(F)F,4.600326278518962,,5.0,5.299997602857746
COC1=CC=CC=C1C2=CC(=NC=N2)N3C=CN=C3,6.5003129173815966,,4.899998417198648,6.50003813440381
COC1=CC(=C(C=C1)CNC2=NC=NC3=C2C=C(C=C3)C4=CN=CC=C4)OC,6.400116927926312,,5.0,5.900008766455316
CN(C)C(=O)C1=CC=C(C=C1)C2=CN=CN=C2NCC3=CC=CC=C3OC,4.899629454882437,,4.40000018605658,5.599997654072044
CC1=NC2=CN=C(N=C2N(C1=O)CCC#N)OC3=CC=CC=C3,4.698970004336019,,,4.59999938302362
C1CC2(CCN(CC2)C(=O)C3=NC=CN=C3)CN(C1)C4=CC=C(C=C4)C5=CC=CC=C5,4.600326278518962,4.899998417198648,,5.799998134593398
C1C[C@@]2(CCN(C2)CC3=CC=CC=C3)CN(C1)C(=O)OC4=CC=CC=C4,4.801342913045577,4.700000503883016,4.700000503883016,4.800000874803203
C1CN(CCC12CCN(CC2)C(=O)C3=CSN=N3)C4=CC=CC=N4,4.600326278518962,4.700000503883016,4.700000503883016,
C1C[C@@H](OC1)CN2C(=O)C=NC3=CN=C(N=C32)OC4=CC(=CC=C4)Cl,5.300162274132754,4.800000874803203,,
CN(C)C(=O)C1=CC=C(C=C1)C2=CC3=C(C=C2)N=CN=C3N4CCOCC4,,,4.800000874803203,4.800000874803203
CC(=O)N1CCC2(CC1)CN(C2)C(C3=CC=CC=C3)C4=CC=CC=C4,,,,4.800000874803203
COC1=NC=C2C(=N1)N(C(=O)C(=N2)C3=CC(=CC(=C3)F)F)C4CC4,5.801342913045578,4.499999678657065,,4.899998417198648
COC1=CC=CC(=C1)CN2C3=NC(=NC=C3N=C(C2=O)C4=CC=C(C=C4)F)N5CCOCC5,,,,5.399996913372259
COC1=CC=C(C=C1)N2C3=NC(=NC=C3N=C(C2=O)C4=CC=CC(=C4)C#N)N5CCNCC5,4.801342913045577,,,
C1=CC=C(C=C1)C2=NC3=CN=C(N=C3N(C2=O)CCC#N)NC4=CC=CC=C4,6.100179497572904,,,
COC1=CC=CC=C1CNC2=NC=NC3=C2C=C(C=C3)C4=CC(=CC=C4)NS(=O)(=O)C,5.400116927926312,6.100015437450609,4.700000503883016,5.499996931948306
COC1=CC=C(C=C1)N2C(=O)C=NC3=CN=C(N=C32)OC4=CC(=CC=C4)Cl,5.100179497572904,,4.40000018605658,5.0
COCCN1C2=NC(=NC=C2N=C(C1=O)C3=CC=CS3)OC4=CC(=CC=C4)Cl,5.5003129173815966,6.199970640755866,,
C1COCCN1C2=NC=C3C(=N2)N(C(=O)C(=N3)C4=CC=C(C=C4)F)CC5=CC=CS5,4.899629454882437,,,4.800000874803203
C1CN(CCC12CCN(CC2)C(=O)C3=CC=CO3)C4=CC=NC=C4,4.698970004336019,6.599980364934842,5.0,
C1CC2(CCN(CC2)C(=O)C3=CC=CO3)CN(C1)C4=CC=CC=N4,5.0,4.899998417198648,4.899998417198648,4.800000874803203
C1CC2(CCN(CC2)C(=O)C3=CSN=N3)CN(C1)C4=CC=CC=N4,4.801342913045577,4.700000503883016,4.59999938302362,4.800000874803203
CN(C)C(=O)C1=CC=C(C=C1)C2=NC3=CC=CC=C3C(=N2)NC4=CC=C(C=C4)F,5.400116927926312,,4.59999938302362,4.700000503883016
CN(C)C(=O)C1=CC=C(C=C1)C2=CC3=C(C=C2)N=CN=C3NCC4=CC=CS4,4.801342913045577,,4.700000503883016,5.0
CCNC1=NC=C2C(=N1)N(C(=O)C(=N2)C3=CC=CS3)CC4=CC(=CC=C4)OC,6.899629454882437,,,4.899998417198648
CS(=O)(=O)N1CCC2(CCCN(C2)CC3=CC(=CC(=C3)C(F)(F)F)C(F)(F)F)CC1,4.899629454882437,4.800000874803203,,4.800000874803203
COC1=CC=CC=C1CNC2=NC=NC=C2C3=COC=C3,5.8996294548824375,5.799998134593398,4.700000503883016,6.100015437450609
COC1=CC=CC=C1CN2CC[C@]3(C2)CCCN(C3)C(=O)C4=CC(=CC(=C4)C(F)(F)F)C(F)(F)F,4.801342913045577,,5.699991797446187,
CCNC1=NC=C2C(=N1)N(C(=O)C(=N2)C3=CC=CC=C3)CCC4=CC=CC=C4,4.899629454882437,5.900008766455316,5.0,4.800000874803203
COC1=CC=CC=C1CN2CC[C@]3(C2)CCCN(C3)C(=O)C4=NC=CN=C4,,,5.699991797446187,4.800000874803203
CS(=O)(=O)NC1=CC=CC(=C1)C2=CC(=NC=N2)NCC3=CC=CC=C3,4.899629454882437,,4.499999678657065,4.800000874803203
C1C[C@@]2(CCN(C2)C3=CC=CC=C3)CN(C1)C(=O)C4=CC=CO4,5.100179497572904,,4.700000503883016,4.899998417198648
CS(=O)(=O)N1CCC2(CCN(CC2)C3=CC=CC=N3)CC1,4.400116927926312,,4.40000018605658,
CC1=NC2=CN=C(N=C2N(C1=O)C3=CC=C(C=C3)OC)NC4=CC(=CC=C4)OC,4.801342913045577,4.40000018605658,,5.0
COCCN1C2=NC(=NC=C2N=C(C1=O)C3=CC=C(C=C3)OC)N4CCNCC4,5.199970640755866,4.800000874803203,,4.800000874803203
COC1=CC=CC=C1CNC2=NC=NC(=C2)C3=CC=CC(=C3)C#N,5.400116927926312,,,4.59999938302362
COC(=O)N1CCC[C@]2(C1)CCN(C2)C(C3=CC=CC=C3)C4=CC=CC=C4,4.899629454882437,4.59999938302362,5.699991797446187,
C1=CSC(=C1)CNC2=NC=NC=C2C3=COC=C3,5.698970004336019,6.100015437450609,4.800000874803203,5.699991797446187
COC1=CC=CC=C1C2=CC3=C(C=C2)N=CN=C3NCCN4CCOCC4,4.801342913045577,,4.40000018605658,5.0999990348465305
CN1C2=NC(=NC=C2N=C(C1=O)C3=CC=C(C=C3)Cl)OC4=CC=CC=C4,6.698970004336019,,,4.700000503883016
CCNC1=NC=C2C(=N1)N(C(=O)C(=N2)C3=CC=CC(=C3)C#N)C,5.600326278518962,,5.699991797446187,4.499999678657065
CCNC1=NC=C2C(=N1)N(C(=O)C(=N2)CCC3=CC=CC=C3)CCC#N,5.400116927926312,5.199998172182031,6.79997073344623,4.800000874803203
CN(C)C(=O)C1=CC=C(C=C1)C2=CC3=C(C=C2)N=CN=C3NCCOC,,,,4.800000874803203
CN1C=CC=C1C(=O)N2CCC3(CC2)CN(C3)C4=CC=CC(=C4)C5=CC=CC=C5,4.600326278518962,4.899998417198648,,5.599997654072044
COCCN1C(=O)C=NC2=CN=C(N=C21)OCC3=CC=CC=C3,4.899629454882437,,,4.700000503883016
C1=CC=C(C(=C1)C2=NC3=CC=CC=C3C(=N2)N4C=CN=C4)C(=O)N,5.600326278518962,,4.40000018605658,5.399996913372259
COCCN1C2=NC(=NC=C2N=C(C1=O)C3=CC=CC(=C3)C#N)OCC4=CC=CC=C4,4.899629454882437,5.0,,5.0
CN(C)C(=O)C1=CC=C(C=C1)C2=NC=CC(=N2)NCCC3=CNC4=C3C=C(C=C4)OC,4.899629454882437,,4.59999938302362,5.499996931948306
COC1=CC=CC=C1C2=CN=CN=C2NCC3=CC=CS3,5.5003129173815966,,4.800000874803203,6.400007822415902
CN1C2=NC(=NC=C2N=C(C1=O)CCC3=CC=CC=C3)OCC4=CC=CC=C4,5.300162274132754,5.0999990348465305,,
COCCN1C2=NC(=NC=C2N=C(C1=O)C3=CC=CS3)OC,5.600326278518962,4.40000018605658,,5.0
CC(C)CN1CC2(C1)CCN(CC2)S(=O)(=O)C3=CC=CC=C3,,,5.799998134593398,
COC(=O)N1CCC2(CCCN(C2)CC3=CC=CC=C3)CC1,,,5.0,
CC1=C(C(=NO1)C)C(=O)N2CCC3(CCN(CC3)C(C4=CC=CC=C4)C5=CC=CC=C5)CC2,,,4.59999938302362,5.0
COC1=CC=CC=C1C2=CC3=C(C=C2)N=CN=C3NCC4=CC=CC=C4,5.698970004336019,6.299988937677887,4.899998417198648,4.899998417198648
CC(C)CN1CCCC2(C1)CCN(CC2)C(=O)OC3=CC=CC=C3,,,4.700000503883016,4.59999938302362
COCCN1C2=NC(=NC=C2N=C(C1=O)C3=CC=C(C=C3)OC)NC4=CC(=CC=C4)OC,5.0,,,5.299997602857746
CN1CCN(CC1)C2=NC=C3C(=N2)N(C(=O)C(=N3)C4=CC=CS4)C5=CC=CC=C5,5.5003129173815966,,,4.499999678657065
COCCNC1=NC=NC2=C1C=C(C=C2)C3=CN=CC=C3,6.698970004336019,,,5.0
CC1=NC2=CN=C(N=C2N(C1=O)CC3=CC(=CC=C3)OC)N4CCOCC4,5.100179497572904,4.59999938302362,,5.299997602857746
CN1C2=NC(=NC=C2N=C(C1=O)C3=CC=C(C=C3)OC)OC,5.600326278518962,,,4.59999938302362
COC1=CC(=C(C=C1)CNC2=NC=NC(=C2)C3=CC=CC(=C3)C#N)OC,4.899629454882437,,4.899998417198648,5.599997654072044
COC1=CC=CC=C1CN2CC[C@]3(C2)CCCN(C3)S(=O)(=O)C,,,6.50003813440381,4.700000503883016
CC1=C(C(=NO1)C)C2=NC=CC(=N2)NCC3=CN=CC=C3,6.801342913045577,,4.700000503883016,5.399996913372259
C1C[C@@]2(CCN(C2)CC3=CC=NC=C3)CN(C1)C(=O)C4=CSN=N4,5.100179497572904,5.199998172182031,5.199998172182031,5.0999990348465305
C1=CC=C(C=C1)NC2=NC(=NC3=CC=CC=C32)C4=CC=CC(=C4)C#N,5.8996294548824375,,,
CC1=C(C(=NO1)C)C2=NC3=CC=CC=C3C(=N2)N(C)CC4=CC=CO4,7.199970640755866,,4.800000874803203,4.899998417198648
CN1C2=NC=NC=C2N=C(C1=O)C3=CC=C(C=C3)F,6.801342913045577,,,5.0999990348465305
C1=CC2=C(C=C1C3=COC=C3)C(=NC=N2)N4C=CN=C4,5.8996294548824375,,4.40000018605658,6.199970640755866
CN(C)C1=NC(=NC2=CC=CC=C21)C3=COC=C3,6.300162274132754,,4.40000018605658,4.59999938302362
CN(C)C1=CC=C(C=C1)C2=CN=CN=C2NCCC3=CNC4=C3C=C(C=C4)OC,6.600326278518962,6.299988937677887,5.0,6.299988937677887
COC1=CC=CC(=C1)CN2C3=NC=NC=C3N=C(C2=O)C4=CC(=CC(=C4)F)F,5.0,5.299997602857746,,5.0
CC(C)NC(=O)N1CCC2(CCN(CC2)C(=O)C3=CC=NC=C3)CC1,,,,4.59999938302362
COC1=CC=C(C=C1)C2=NC3=CN=C(N=C3N(C2=O)C4=CC=C(C=C4)OC)OC,6.5003129173815966,,,4.800000874803203
COC1=CC=CC(=C1)CN2C(=O)C=NC3=CN=C(N=C32)NC4=CC(=CC=C4)OC,5.400116927926312,5.699991797446187,4.40000018605658,5.699991797446187
C1COCCN1CCNC2=NC(=NC3=CC=CC=C32)C4=CC=CC=C4C#N,5.199970640755866,,5.0,4.800000874803203
CC1=NC2=CN=C(N=C2N(C1=O)CCC3=CC=CC=C3)OC4=CC(=CC=C4)Cl,4.899629454882437,,,
C1CC2(CCN(CC2)C(=O)C3=CSN=N3)CN(C1)C4=CC=CC=C4,,5.0999990348465305,4.700000503883016,4.899998417198648
CN(C)CC1=CC=CC=C1C2=CC3=C(C=C2)N=CN=C3NCC4=C(C=C(C=C4)OC)OC,4.500312917381596,6.79997073344623,5.900008766455316,5.0999990348465305
CC1=NC2=CN=C(N=C2N(C1=O)CC3=CC=CS3)OC4=CC=CC=C4,4.899629454882437,4.59999938302362,4.499999678657065,5.0
C1CN(CCC12CCN(CC2)C(=O)NC3=CC=CC(=C3)C#N)C(=O)C4=CSN=N4,,,4.800000874803203,4.700000503883016
COC1=CC=C(C=C1)C2=NC3=CN=C(N=C3N(C2=O)C[C@H]4CCCO4)N5CCOCC5,5.300162274132754,5.299997602857746,,
CCNC1=NC=C2C(=N1)N(C(=O)C(=N2)C3=CC=C(C=C3)OC)CCOC,5.8996294548824375,,,4.800000874803203
CN1C=C(C2=CC=CC=C21)C3=NC4=CN=C(N=C4N(C3=O)CCC#N)OCC5=CC=CC=C5,6.0,,,
C1CN(CCC12CCN(CC2)C(=O)C3=CC=NC=C3)CC4=NC=CS4,,,4.800000874803203,
C1=CC=C(C=C1)CNC2=NC=NC3=C2C=C(C=C3)C4=CN=CC=C4,6.899629454882437,,5.0,5.900008766455316
CCNC1=NC=C2C(=N1)N(C(=O)C(=N2)C3=CC=C(C=C3)OC)CCC#N,5.0,,,4.800000874803203
COC1=CC=C(C=C1)NC(=O)N2CCC3(CC2)CCN(CC3)S(=O)(=O)C4=CC=CC=C4,4.500312917381596,,4.59999938302362,4.700000503883016
CC1=CC=CC=C1C2=NC3=CC=CC=C3C(=N2)NCC4=NC=C(N=C4)C,5.5003129173815966,,4.40000018605658,5.0
CC1=C(C(=NO1)C)C2=NC=CC(=N2)NCC3=C(C=C(C=C3)OC)OC,5.8996294548824375,6.0,4.40000018605658,5.599997654072044
C1CNCCC12CCN(CC2)C(=O)NC3=CC(=CC=C3)F,,,4.899998417198648,
C1CC2(CCN(CC2)C(=O)OC3=CC=CC=C3)CN(C1)C(=O)NC4=CC=CC=C4,4.600326278518962,,4.700000503883016,4.800000874803203
C1C[C@@]2(CCN(C2)C3=CC=CC=C3)CNC1,4.400116927926312,,5.0,4.700000503883016
COC1=CC=C(C=C1)C(=O)N2CCC3(CCCN(C3)C(=O)NC4=CC=C(C=C4)OC)CC2,,4.40000018605658,,4.899998417198648
CC1=CC=CC=C1C2=CN=CN=C2NCCC3=CN=CN3,5.300162274132754,6.0,4.899998417198648,6.199970640755866
COC1=CC=C(C=C1)OC2=NC=C3C(=N2)N(C(=O)C(=N3)CCC4=CC=CC=C4)C5CC5,4.899629454882437,4.899998417198648,,5.299997602857746
CN(C)CC1=CC=CC=C1C2=NC3=CC=CC=C3C(=N2)N(C)C,5.8996294548824375,,5.599997654072044,
C1CNCCC12CCN(CC2)CC3=CC(=CC(=C3)C(F)(F)F)C(F)(F)F,,,4.59999938302362,4.499999678657065
C1CC1N2C3=NC(=NC=C3N=C(C2=O)C4=CC(=CC(=C4)F)F)N5CCOCC5,6.0,,,
C1CC2(CCNCC2)CN(C1)C(=O)NC3=CC(=CC=C3)F,,,,4.800000874803203
C1C[C@@H](OC1)CN2C3=NC(=NC=C3N=C(C2=O)C4=CC=CC(=C4)C#N)NC5=CC=CC=C5,5.698970004336019,5.0,6.0,
CCNC1=NC=C2C(=N1)N(C(=O)C(=N2)C3=CC=C(C=C3)Cl)CCC#N,6.100179497572904,,,
CN1C(=O)C=NC2=CN=C(N=C21)OC,4.899629454882437,,,
CCNC1=NC=C2C(=N1)N(C(=O)C(=N2)CCC3=CC=CC=C3)C[C@H]4CCCO4,5.8996294548824375,,7.199970640755866,5.499996931948306
C1CN(CCC1C(=O)O)C2=NC=NC3=C2C=C(C=C3)C4=CC=CC=C4C(F)(F)F,,,,4.40000018605658
C1=CC=C(C=C1)OC2=NC=C3C(=N2)N(C(=O)C=N3)CCC#N,4.801342913045577,,,
CN(C)C1=CC=C(C=C1)C2=CC3=C(C=C2)N=CN=C3NC4CC4,6.698970004336019,,,5.499996931948306
C1CC1N2C3=NC(=NC=C3N=C(C2=O)C4=CC=CC(=C4)C#N)N5CCOCC5,5.600326278518962,,,4.40000018605658
CN(CC1=CC=CO1)C2=NC(=NC3=CC=CC=C32)C4=CC5=C(C=C4)OCO5,6.300162274132754,,5.0,5.799998134593398
CC1=CC=CC=C1C2=CC(=NC=N2)N3CCNCC3,5.300162274132754,,,
C1CN(CCC12CCN(CC2)C(=O)C3=NC=CN=C3)CC4=CC=C(C=C4)C#N,,4.40000018605658,5.299997602857746,
C1CC2(CCN(CC2)C(=O)C3=CC=NC=C3)CN(C1)CC4=CC=C(C=C4)C#N,,4.40000018605658,,5.799998134593398
CC(=O)NCCNC1=NC(=NC2=CC=CC=C21)C3=CC(=CC=C3)OC,5.600326278518962,,5.399996913372259,4.899998417198648
COCCN1C2=NC(=NC=C2N=C(C1=O)C3=CC=CC(=C3)C#N)OC4=CC(=CC=C4)Cl,5.400116927926312,5.0999990348465305,,4.499999678657065
CN1C=C(C2=CC=CC=C21)C3=NC4=CN=C(N=C4N(C3=O)CCC5=CC=CC=C5)N6CCNCC6,4.801342913045577,5.0,4.40000018605658,4.899998417198648
COC1=CC=C(C=C1)N2C3=NC(=NC=C3N=C(C2=O)C4=CC=C(C=C4)Cl)N5CCOCC5,4.801342913045577,4.499999678657065,,
CCNC1=NC=C2C(=N1)N(C(=O)C(=N2)C3=CN(C4=CC=CC=C43)C)CC5=CC(=CC=C5)OC,4.899629454882437,,,5.399996913372259
CC1=CC=CC=C1C2=CC3=C(C=C2)N=CN=C3NC4CC4,6.899629454882437,,5.0999990348465305,5.499996931948306
COC1=CC2=C(C=C1)NC=C2CCNC3=NC=NC(=C3)C4=CC=CC=C4Cl,5.801342913045578,6.100015437450609,4.899998417198648,5.299997602857746
CN(C)C(=O)C1=CC=C(C=C1)C2=CC3=C(C=C2)N=CN=C3NC4CCNCC4,4.698970004336019,,,
C1C[C@@]2(CCN(C2)CC3=NC=CS3)CN(C1)C(=O)C4=NC=CN=C4,,,,4.800000874803203
CC1=NC2=CN=C(N=C2N(C1=O)CCC#N)N(C)C,5.0,,,
C1CN(CCC12CCN(CC2)C(=O)C3=CSN=N3)CC4=CC(=CC(=C4)C(F)(F)F)C(F)(F)F,,,5.299997602857746,4.700000503883016
C1CC2(CCN(CC2)C(=O)OC3=CC=CC=C3)CN(C1)CC4=CC=C(C=C4)C#N,,4.40000018605658,,4.800000874803203
COC1=CC=C(C=C1)N2C3=NC=NC=C3N=C(C2=O)C4=CC=CS4,5.0,,,
COCC(=O)N1CCC2(CCN(CC2)C3=CC=C(C=C3)C4=CC=CC=C4)CC1,,,4.700000503883016,5.900008766455316
CN(C)CC1=CC=CC=C1C2=CN=CN=C2NC3=CC=CC=C3,4.801342913045577,,4.40000018605658,5.799998134593398
COC1=CC=C(C=C1)C(=O)N2CCC[C@]3(C2)CCN(C3)CC4=CC=CC=C4OC,,,6.100015437450609,4.899998417198648
C1C[C@@]2(CCN(C2)CC3=NC=CS3)CN(C1)C(=O)C4=CSN=N4,,,5.299997602857746,4.800000874803203
CC1=NC2=CN=C(N=C2N(C1=O)CC3=CC=CS3)NC4=CC(=CC=C4)OC,5.600326278518962,,,5.399996913372259
CC1=CC=CC=C1C2=CN=CN=C2N(C)CC3=CC=CO3,4.801342913045577,,4.700000503883016,5.799998134593398
COC1=CC(=C(C=C1)CNC2=NC=NC=C2C3=CC(=CC=C3)NS(=O)(=O)C)OC,4.801342913045577,,4.59999938302362,6.599980364934842
CNC1=NC(=NC2=CC=CC=C21)C3=CC=CC=C3Cl,6.899629454882437,6.100015437450609,4.40000018605658,4.59999938302362
CS(=O)(=O)N1CCC2(CC1)CN(C2)CC3=NC=CS3,5.199970640755866,5.0,,
C1CN(CCC12CN(C2)C(C3=CC=CC=C3)C4=CC=CC=C4)S(=O)(=O)C5=CC=CC=C5,,6.0,5.599997654072044,5.499996931948306
COC1=CC=CC(=C1)C2=CN=CN=C2NCCN3CCOCC3,4.801342913045577,,5.0,5.499996931948306
COC1=CC=CC(=C1)CN2C3=NC(=NC=C3N=C(C2=O)C4=CC(=CC(=C4)F)F)N5CCNCC5,,5.0999990348465305,4.40000018605658,4.59999938302362
COC1=CC=CC(=C1)NC2=NC=C3C(=N2)N(C(=O)C(=N3)CCC4=CC=CC=C4)CCC#N,,,,5.699991797446187
CC1=CN=C(C=N1)CNC2=NC=NC=C2C3=CC4=C(C=C3)OCO4,5.698970004336019,,4.700000503883016,5.799998134593398
COC1=CC=CC=C1CNC2=NC(=NC3=CC=CC=C32)C4=CN=CC=C4,6.0,6.0,4.59999938302362,5.900008766455316
CC1=CC=CC=C1C2=CC(=NC=N2)NCC3=C(C=C(C=C3)OC)OC,4.899629454882437,,4.800000874803203,5.299997602857746
COC1=CC=C(C=C1)C(=O)N2CCC[C@]3(C2)CCN(C3)C4=NC=CC=N4,4.698970004336019,,4.40000018605658,5.0999990348465305
C1C[C@@]2(CCN(C2)C3=CC=CC=N3)CN(C1)C(=O)C4=CC(=CC(=C4)C(F)(F)F)C(F)(F)F,4.600326278518962,,4.700000503883016,5.399996913372259
CCNC1=NC=C2C(=N1)N(C(=O)C(=N2)C3=CC(=CC(=C3)F)F)CC4=CC=C(C=C4)F,4.801342913045577,,,
CN(C)C1=NC=C2C(=N1)N(C(=O)C(=N2)C3=CC(=CC(=C3)F)F)CCOC,5.300162274132754,,,
C1CC1N2C3=NC(=NC=C3N=C(C2=O)CCC4=CC=CC=C4)N5CCOCC5,5.698970004336019,5.499996931948306,,4.800000874803203
C1=CC=C(C(=C1)C2=CC(=NC=N2)NCC3=CN=CC=C3)C(F)(F)F,5.400116927926312,,4.59999938302362,5.0
CC(=O)NCCNC1=NC(=NC2=CC=CC=C21)C3=CC=CC(=C3)C#N,5.698970004336019,,4.700000503883016,4.800000874803203
CC1=CC(=CC=C1)CNC2=NC=NC(=C2)C3=CC=CC(=C3)C#N,6.801342913045577,,4.59999938302362,5.0999990348465305
CC(C)CN1CC2(C1)CCN(CC2)C(=O)C3=CC=CO3,4.899629454882437,4.899998417198648,5.599997654072044,
COC1=CC=CC(=C1)C2=NC3=CC=CC=C3C(=N2)NC4CCNCC4,4.899629454882437,,,4.59999938302362
CC1=C(C(=NO1)C)C2=CN=CN=C2NC3=CC=CC=C3,4.600326278518962,,,5.499996931948306
CN(C)C1=NC(=NC2=CC=CC=C21)C3=CC=CC=C3C(F)(F)F,6.600326278518962,6.0,5.0,
CC1=NC2=CN=C(N=C2N(C1=O)C3CC3)N4CCN(CC4)C,5.0,,4.800000874803203,
C1CC2(CCNCC2)CN(C1)CC3=CC=NC=C3,,,4.59999938302362,4.800000874803203
CN1CCN(CC1)C2=NC=C3C(=N2)N(C(=O)C(=N3)C4=CC=CC(=C4)C#N)CC5=CC(=CC=C5)OC,,,,4.59999938302362
C1CC2(CCN(CC2)C(=O)C3=CC(=CC=C3)F)CN(C1)C4=CC=CC=N4,4.801342913045577,5.0999990348465305,,4.59999938302362
CN(C)CC1=CC=CC=C1C2=CN=CN=C2NCC3=CC=CC=C3OC,4.899629454882437,,4.899998417198648,6.199970640755866
CN(C)CC1=CC=CC=C1C2=NC=CC(=N2)N(C)CC3=CC=CO3,5.100179497572904,,6.100015437450609,4.499999678657065
CS(=O)(=O)NC1=CC=CC(=C1)C2=NC=CC(=N2)NC3=CC=C(C=C3)F,6.899629454882437,,4.40000018605658,5.0
CC(=O)N1CCC2(CC1)CN(C2)C3=CC=CC(=C3)C4=CC=CC=C4,5.600326278518962,,4.700000503883016,
C1CN(CCC12CN(C2)C3=NC=CC=N3)C(=O)C4=CC=CO4,5.100179497572904,,,4.800000874803203
COC1=CC2=C(C=C1)NC=C2CCNC3=NC=NC(=C3)C4=CC5=C(C=C4)OCO5,6.0,5.799998134593398,5.399996913372259,5.699991797446187
C1CC2(CCN(CC2)C(=O)C3=CC=CO3)CN(C1)C(C4=CC=CC=C4)C5=CC=CC=C5,4.801342913045577,4.899998417198648,5.0,4.899998417198648
COCC(=O)N1CCC2(CCCN(C2)CC3=CC(=CC(=C3)C(F)(F)F)C(F)(F)F)CC1,,,,4.700000503883016
CC1=NC2=CN=C(N=C2N(C1=O)CC3=CC(=CC=C3)OC)OC,4.899629454882437,4.59999938302362,,4.899998417198648
COC1=CC=C(C=C1)OC2=NC=C3C(=N2)N(C(=O)C(=N3)C4=CC=CC=C4)CCC#N,5.8996294548824375,5.0,,5.499996931948306
COCCNC1=NC(=NC2=CC=CC=C21)C3=CC(=CC=C3)NS(=O)(=O)C,5.5003129173815966,,,4.899998417198648
C1C[C@@]2(CCN(C2)C(=O)NC3=CC=CC=C3)CN(C1)C(=O)C4=CC(=CC=C4)F,,,,4.59999938302362
CN1CCN(CC1)C2=NC=NC3=C2C=C(C=C3)C4=COC=C4,5.5003129173815966,,4.800000874803203,4.800000874803203
CCNC1=NC=C2C(=N1)N(C(=O)C(=N2)C3=CC=CC=C3)CCC#N,5.5003129173815966,,6.299988937677887,4.59999938302362
C1C[C@@]2(CCN(C2)C(=O)NC3=CC(=CC=C3)F)CN(C1)C(=O)C4=CC=CO4,4.600326278518962,,,5.0
CN1CCN(CC1)C2=NC=C3C(=N2)N(C(=O)C(=N3)C4=CC(=CC(=C4)F)F)C,5.300162274132754,5.199998172182031,,
CC1=CN=C(C=N1)CNC2=NC=NC=C2C3=C(ON=C3C)C,,,,4.899998417198648
COC1=CC=CC(=C1)C2=NC=CC(=N2)NCC3=CN=CC=C3,6.801342913045577,,4.59999938302362,5.900008766455316
CCNC1=NC=C2C(=N1)N(C(=O)C(=N2)C3=CC=CS3)C4=CC=CC=C4,5.801342913045578,4.800000874803203,4.899998417198648,
COC1=CC(=C(C=C1)CNC2=NC=NC3=C2C=C(C=C3)C4=CC(=CC=C4)OC)OC,5.600326278518962,6.299988937677887,4.700000503883016,5.599997654072044
CN1C=CC=C1C(=O)N2CCC3(CCCN(C3)C(C4=CC=CC=C4)C5=CC=CC=C5)CC2,4.899629454882437,4.899998417198648,5.0,5.199998172182031
C1C[C@@]2(CCN(C2)C3=CC=NC=C3)CN(C1)C(=O)OC4=CC=CC=C4,4.698970004336019,5.0,4.700000503883016,4.899998417198648
CC1=C(C(=NO1)C)C2=CC3=C(C=C2)N=CN=C3NCCNC(=O)C,4.801342913045577,,,4.59999938302362
CN1C=C(C2=CC=CC=C21)C3=NC4=CN=C(N=C4N(C3=O)CCC#N)NC5=CC(=CC=C5)OC,4.698970004336019,,,5.799998134593398
C1=CC(=CC(=C1)C2=CN=CN=C2NCC3=CN=CC=C3)C#N,5.300162274132754,,,5.900008766455316
COC1=CC=C(C=C1)N2C(=O)C=NC3=CN=C(N=C32)OC4=CC=C(C=C4)OC,4.600326278518962,,,5.199998172182031
C1CN(CCC12CCN(CC2)C(=O)C3=CC=NC=C3)C4=CC=CC=C4,,5.0,,
CC1=C(C(=NO1)C)C2=CC3=C(C=C2)N=CN=C3N(C)C,6.199970640755866,,,
CCNC1=NC=C2C(=N1)N(C(=O)C=N2)CC3=CC=C(C=C3)F,6.0,4.700000503883016,,4.800000874803203
C1=CC=C(C=C1)CCC2=NC3=CN=CN=C3N(C2=O)CCN,4.899629454882437,4.800000874803203,4.899998417198648,4.800000874803203
COC1=CC=CC(=C1)CN2C3=NC(=NC=C3N=C(C2=O)C4=CC=C(C=C4)Cl)N5CCOCC5,4.899629454882437,,,
COC1=CC2=C(C=C1)NC=C2CCNC3=NC(=NC4=CC=CC=C43)C5=CC(=CC=C5)OC,5.801342913045578,6.100015437450609,4.700000503883016,5.699991797446187
COC1=CC=C(C=C1)OC2=NC=C3C(=N2)N(C(=O)C=N3)CC4=CC(=CC=C4)OC,5.0,5.0,,5.599997654072044
C1CC2(CCN(CC2)C(=O)C3=CSN=N3)CN(C1)C(C4=CC=CC=C4)C5=CC=CC=C5,5.100179497572904,5.0,5.499996931948306,5.699991797446187
CCNC1=NC=C2C(=N1)N(C(=O)C(=N2)C3=CC=CC=C3)CC4=CC=C(C=C4)F,5.5003129173815966,7.801342913045577,,4.700000503883016
CN(CC1=CC=CO1)C2=NC=NC=C2C3=CC4=C(C=C3)OCO4,6.698970004336019,6.100015437450609,5.900008766455316,5.900008766455316
COC1=CC=CC(=C1)C2=CN=CN=C2NCCC3=CN=CN3,6.400116927926312,6.599980364934842,5.0999990348465305,6.199970640755866
CN(C)C1=NC=C2C(=N1)N(C(=O)C(=N2)C3=CC(=CC(=C3)F)F)C4=CC=C(C=C4)OC,,4.59999938302362,,
COC1=NC=C2C(=N1)N(C(=O)C(=N2)C3=CC=CC(=C3)C#N)CCC#N,4.698970004336019,,4.800000874803203,4.59999938302362
CC(C)CN1CC[C@]2(C1)CCCN(C2)C(=O)C3=CC=C(C=C3)OC,4.500312917381596,,4.800000874803203,5.0999990348465305
COC1=CC=CC(=C1)C2=CN=CN=C2NC3=CC=CC=C3,5.600326278518962,,4.899998417198648,6.0
CNC1=NC=NC=C1C2=CC=CC=C2C(F)(F)F,,,4.40000018605658,6.100015437450609
CC1=CN=C(C=N1)CNC2=NC=NC=C2C3=CC(=CC=C3)OC,4.899629454882437,,4.800000874803203,5.799998134593398
C1CC2(CCN(CC2)C(=O)C3=NC=CN=C3)CN(C1)C4=NC=CC=N4,,,4.800000874803203,
CN(C)CC1=CC=CC=C1C2=CC(=NC=N2)NCC3=C(C=C(C=C3)OC)OC,4.801342913045577,,4.899998417198648,4.800000874803203
CN1CCN(CC1)C2=NC=C3C(=N2)N(C(=O)C(=N3)C4=CC=CC(=C4)C#N)CCC5=CC=CC=C5,5.300162274132754,,,4.59999938302362
COC1=CC=C(C=C1)NC(=O)N2CCCC3(C2)CCN(CC3)C(=O)OC4=CC=CC=C4,4.899629454882437,5.799998134593398,,4.899998417198648
CCNC1=NC=C2C(=N1)N(C(=O)C(=N2)CCC3=CC=CC=C3)C4=CC=CC=C4,5.8996294548824375,4.899998417198648,7.0,5.299997602857746
CN(C)CC1=CC=CC=C1C2=NC3=CC=CC=C3C(=N2)N4CCOCC4,4.698970004336019,,5.0999990348465305,4.700000503883016
CN1CCN(CC1)C2=NC=C3C(=N2)N(C(=O)C(=N3)C4=CC=C(C=C4)OC)C,4.600326278518962,,,
COC1=CC=C(C=C1)N2C3=NC=NC=C3N=C(C2=O)C4=CC(=CC(=C4)F)F,4.899629454882437,,,4.899998417198648
COCCN1C2=NC(=NC=C2N=C(C1=O)C3=CC(=CC(=C3)F)F)NC4=CC(=CC=C4)OC,5.600326278518962,,,5.0999990348465305
CC(=O)NCCNC1=NC=NC2=C1C=C(C=C2)C3=CC=CC=C3Cl,5.8996294548824375,,4.800000874803203,4.800000874803203
COC1=CC=CC=C1CNC2=NC(=NC=C2)C3=CC=CC=C3OC,5.400116927926312,,5.799998134593398,4.800000874803203
C1=CC(=CC(=C1)Cl)OC2=NC=C3C(=N2)N(C(=O)C(=N3)C4=CC=CS4)CCC#N,5.5003129173815966,5.199998172182031,,5.0999990348465305
CC1=CN=C(C=N1)CNC2=NC=NC(=C2)C3=CC=C(C=C3)N(C)C,5.600326278518962,,,5.0
CCNC1=NC=C2C(=N1)N(C(=O)C(=N2)C)CC3=CC=C(C=C3)F,5.801342913045578,,,5.0999990348465305
C1CN(CCC12CN(C2)C3=CC=CC=N3)C(=O)C4=CC=NC=C4,4.698970004336019,5.599997654072044,4.499999678657065,6.100015437450609
CC1=NC2=CN=C(N=C2N(C1=O)C3=CC=CC=C3)OC4=CC=C(C=C4)OC,5.100179497572904,5.0,4.40000018605658,5.299997602857746
C1=CC=C(C=C1)CNC2=NC=NC=C2C3=COC=C3,5.300162274132754,6.299988937677887,4.700000503883016,5.699991797446187
COC1=NC=C2C(=N1)N(C(=O)C(=N2)C3=CC=C(C=C3)F)C4=CC=CC=C4,5.8996294548824375,,,
CN(CC1=CC=CO1)C2=NC=NC(=C2)C3=CC4=C(C=C3)OCO4,6.300162274132754,,4.899998417198648,5.399996913372259
CN(C)C1=CC=C(C=C1)C2=CN=CN=C2NCC3=C(C=C(C=C3)OC)OC,6.199970640755866,,5.0,6.700057099977233
CC(=O)NCCNC1=NC=NC=C1C2=CC=CC=C2CN(C)C,4.600326278518962,,4.40000018605658,4.899998417198648
C1CC2(CCN(CC2)C(=O)C3=CC(=CC=C3)F)CN(C1)CC4=CC=NC=C4,4.801342913045577,6.199970640755866,5.0999990348465305,5.399996913372259
C1=CC=C(C=C1)CN2C3=NC=NC=C3N=C(C2=O)C4=CC(=CC=C4)Cl,6.0,5.900008766455316,4.40000018605658,
CN1C=C(C2=CC=CC=C21)C3=NC4=CN=C(N=C4N(C3=O)CCOC)OC5=CC(=CC=C5)Cl,5.400116927926312,,,
CN(C)C1=NC=C2C(=N1)N(C(=O)C(=N2)CCC3=CC=CC=C3)C4=CC=CC=C4,6.100179497572904,4.899998417198648,5.599997654072044,5.199998172182031
CC1=C(C(=NO1)C)C2=CN=CN=C2N3CCN(CC3)C,,,4.40000018605658,4.899998417198648
COC1=CC=CC=C1CNC2=NC(=NC=C2)C3=CN=CC=C3,6.400116927926312,,5.499996931948306,6.50003813440381
C1C[C@@]2(CCN(C2)C3=CC=CC=C3)CN(C1)C(=O)C4=NC=CN=C4,4.801342913045577,,,5.0999990348465305
COC1=CC=C(C=C1)N2C3=NC=NC=C3N=C(C2=O)C4=CC(=CC=C4)F,5.400116927926312,,,4.700000503883016
CN(C)CC1=CC=CC=C1C2=CC(=NC=N2)NCC3=CC=CC=C3OC,4.600326278518962,,5.399996913372259,
C1COCCN1C2=NC=C3C(=N2)N(C(=O)C(=N3)C4=CC=CS4)CC5=CC=C(C=C5)F,4.698970004336019,,,5.599997654072044
CC(=O)N1CCC2(CCN(CC2)CC3=CC=CC=C3OC)CC1,,,5.299997602857746,
COC1=CC2=C(C=C1)NC=C2CCNC3=NC=NC(=C3)C4=CC=CC=C4OC,5.801342913045578,,4.899998417198648,5.199998172182031
CN(C)C1=NC=C2C(=N1)N(C(=O)C(=N2)C3=CC=CC=C3)C4=CC=CC=C4,6.400116927926312,,,4.700000503883016
CC1=NC2=CN=CN=C2N(C1=O)CC3=CC=CC=C3,4.899629454882437,4.800000874803203,,
CN(C)C1=NC=C2C(=N1)N(C(=O)C(=N2)C3=CC=C(C=C3)Cl)CC4=CC=CS4,5.801342913045578,,,
C1CC2(CCN(CC2)C(=O)C3=CC(=CC=C3)F)CN(C1)C4=CC=C(C=C4)C5=CC=CC=C5,4.801342913045577,4.800000874803203,,4.899998417198648
COC1=CC=C(C=C1)NC(=O)N2CC[C@]3(C2)CCCN(C3)C(=O)OC,,4.700000503883016,,5.0
CN1C=CC=C1C(=O)N2CCC3(CCCN(C3)CC4=CC=NC=C4)CC2,4.801342913045577,5.799998134593398,5.0999990348465305,5.399996913372259
CC1=NC2=CN=C(N=C2N(C1=O)C)N3CCNCC3,5.600326278518962,,,4.800000874803203
COC(=O)N1CCC2(CCCN(C2)C3=CC=C(C=C3)C4=CC=CC=C4)CC1,4.698970004336019,4.800000874803203,,4.40000018605658
C1C[C@@]2(CCN(C2)CC3=CC=NC=C3)CN(C1)C(=O)C4=CC(=CC=C4)F,,4.700000503883016,4.59999938302362,5.499996931948306
CC1=CC(=CC=C1)CNC2=NC=NC3=C2C=C(C=C3)C4=CC(=CC=C4)NS(=O)(=O)C,5.300162274132754,6.299988937677887,4.899998417198648,5.799998134593398
CN(C)C(=O)C1=CC=C(C=C1)C2=CC3=C(C=C2)N=CN=C3NCC4=CC=CC=C4,4.801342913045577,,4.499999678657065,4.800000874803203
CN1C=C(C2=CC=CC=C21)C3=NC4=CN=C(N=C4N(C3=O)C[C@H]5CCCO5)OC,5.400116927926312,,,
COC1=CC=CC(=C1)CN2C3=NC(=NC=C3N=C(C2=O)C4=CC=CS4)OCC5=CC=CC=C5,5.801342913045578,6.199970640755866,,5.0999990348465305
COC(=O)N1CCC2(CC1)CN(C2)C3=CC=CC=N3,,,5.0,4.59999938302362
CN1C=C(C2=CC=CC=C21)C3=NC4=CN=C(N=C4N(C3=O)C)OC5=CC=CC=C5,4.899629454882437,,,
CN(CC1=CC=CO1)C2=NC=NC3=C2C=C(C=C3)C4=CC5=C(C=C4)OCO5,6.300162274132754,5.900008766455316,5.799998134593398,5.599997654072044
CN(C)C1=NC=C2C(=N1)N(C(=O)C(=N2)C3=CC=C(C=C3)Cl)CCC#N,6.400116927926312,,7.0,
CN(C)C1=NC=C2C(=N1)N(C(=O)C(=N2)CCC3=CC=CC=C3)C[C@H]4CCCO4,5.8996294548824375,4.499999678657065,,4.800000874803203
CN1C=C(C2=CC=CC=C21)C3=NC4=CN=C(N=C4N(C3=O)CCOC)OC5=CC=CC=C5,5.0,,,5.499996931948306
COC1=CC(=C(C=C1)CNC2=NC(=NC=C2)C3=CC=CC=C3OC)OC,5.300162274132754,,5.399996913372259,5.199998172182031
CN(CC1=CC=CO1)C2=NC=NC3=C2C=C(C=C3)C4=CC=CC=C4C(F)(F)F,5.300162274132754,6.0,5.0,4.800000874803203
CC1=CC(=CC=C1)CNC2=NC(=NC=C2)C3=CC=CC=C3Cl,5.801342913045578,6.100015437450609,4.800000874803203,5.399996913372259
CC(=O)N1CCC2(CC1)CN(C2)C(=O)NC3=CC=CC(=C3)C#N,4.899629454882437,,,
COC1=CC=C(C=C1)C(=O)N2CCC3(CC2)CN(C3)C4=CC=CC=C4,,4.899998417198648,,
C1CC2(CCN(CC2)C(=O)C3=CC(=CC=C3)F)CN(C1)C4=NC=CC=N4,4.600326278518962,4.800000874803203,4.499999678657065,
COC1=CC=CC(=C1)CN2C3=NC(=NC=C3N=C(C2=O)CCC4=CC=CC=C4)OC,4.899629454882437,5.199998172182031,,5.599997654072044
C1C[C@@H](OC1)CN2C(=O)C=NC3=CN=C(N=C32)OC4=CC=CC=C4,5.0,,,
CCNC1=NC=C2C(=N1)N(C(=O)C(=N2)C)C[C@H]3CCCO3,5.400116927926312,,4.40000018605658,
CCNC1=NC=C2C(=N1)N(C(=O)C(=N2)C3=CN(C4=CC=CC=C43)C)C5=CC=CC=C5,4.801342913045577,4.899998417198648,4.59999938302362,5.199998172182031
CN(C)CC1=CC=CC=C1C2=NC3=CC=CC=C3C(=N2)NCC4=CC=CS4,6.0,,4.700000503883016,5.199998172182031
C1C[C@@]2(CCN(C2)C(C3=CC=CC=C3)C4=CC=CC=C4)CN(C1)C(=O)C5=CC=NC=C5,5.0,5.0999990348465305,5.699991797446187,5.599997654072044
C1COCCN1CCNC2=NC(=NC=C2)C3=CC=CC=C3C(F)(F)F,4.600326278518962,6.299988937677887,4.899998417198648,4.800000874803203
CN(C)CC1=CC=CC=C1C2=CC3=C(C=C2)N=CN=C3N4CCOCC4,4.801342913045577,,4.899998417198648,4.700000503883016
CN(C)C(=O)C1=CC=C(C=C1)C2=NC3=CC=CC=C3C(=N2)NCC4=CC=CC=C4OC,4.801342913045577,6.0,4.700000503883016,4.700000503883016
CN(C)C(=O)C1=CC=C(C=C1)C2=CN=CN=C2NCC3=CN=CC=C3,5.300162274132754,,,5.299997602857746
CC1=CC(=CC=C1)CNC2=NC=NC=C2C3=CC4=C(C=C3)OCO4,6.899629454882437,,5.199998172182031,6.599980364934842
CN(C)C1=NC(=NC=C1)C2=CC(=CC=C2)NS(=O)(=O)C,5.801342913045578,6.79997073344623,,4.499999678657065
C1C[C@@]2(CCN(C2)C3=NC=CC=N3)CN(C1)C(=O)C4=CC=NC=C4,,4.700000503883016,,4.800000874803203
COCC(=O)N1CCC2(CCCN(C2)C3=CC=CC=N3)CC1,,,4.40000018605658,
CC(=O)N1CCC2(CC1)CN(C2)C(=O)NC3=CC=C(C=C3)OC,,,4.899998417198648,
CC1=NC2=CN=C(N=C2N(C1=O)CCC#N)OCC3=CC=CC=C3,4.899629454882437,,,5.399996913372259
COCC(=O)N1CCC2(CC1)CN(C2)C3=CC=NC=C3,,,4.59999938302362,
C1=CC=C(C(=C1)C2=NC3=CC=CC=C3C(=N2)N4C=CN=C4)C(F)(F)F,6.5003129173815966,,4.40000018605658,5.900008766455316
CN1C=CC=C1C(=O)N2CCC3(CC2)CCN(CC3)C(=O)NC4=CC=CC(=C4)C#N,4.600326278518962,,,
C1=CC=C(C(=C1)C2=NC=CC(=N2)NCC3=CC=CS3)C(F)(F)F,5.8996294548824375,,4.59999938302362,5.699991797446187
CS(=O)(=O)NC1=CC=CC(=C1)C2=CN=CN=C2NC3=CC=C(C=C3)F,5.300162274132754,,4.700000503883016,6.50003813440381
CC1=CN=C(C=N1)CNC2=NC=NC3=C2C=C(C=C3)C4=C(ON=C4C)C,4.899629454882437,,,4.800000874803203
CN1C=C(C2=CC=CC=C21)C3=NC4=CN=C(N=C4N(C3=O)C5=CC=CC=C5)OC,5.300162274132754,4.899998417198648,,5.499996931948306
CN(CC1=CC=CO1)C2=NC=NC3=C2C=C(C=C3)C4=CC=CC=C4C#N,6.0,,4.800000874803203,4.499999678657065
CN(C)CC1=CC=CC=C1C2=NC3=CC=CC=C3C(=N2)NCC4=C(C=C(C=C4)OC)OC,5.0,6.700057099977233,5.0,5.0999990348465305
CC1=CC=CC=C1C2=CN=CN=C2NCC3=NC=C(N=C3)C,4.600326278518962,,4.899998417198648,6.0
COC1=CC=CC=C1C2=CN=CN=C2NCC3=CC=CC=C3,4.899629454882437,,4.800000874803203,6.599980364934842
C1CC2(CCN(CC2)C(=O)C3=CC=NC=C3)CN(C1)CC4=CC=NC=C4,5.199970640755866,5.299997602857746,5.199998172182031,5.299997602857746
C1CN(CCC12CCN(CC2)C(=O)C3=NC=CN=C3)C4=CC=CC(=C4)C5=CC=CC=C5,4.500312917381596,,,
CN(CC1=CC=CO1)C2=NC=NC3=C2C=C(C=C3)C4=CN=CC=C4,6.5003129173815966,,5.699991797446187,5.399996913372259
CN1C2=NC(=NC=C2N=C(C1=O)C3=CC=CS3)OC,5.698970004336019,4.899998417198648,,4.800000874803203
C1CC2(CCN(CC2)C(=O)C3=NC=CN=C3)CN(C1)CC4=CC=C(C=C4)C#N,,,5.0,5.199998172182031
C1=CC=C(C=C1)NC2=NC=C3C(=N2)N(C(=O)C(=N3)C4=CC=C(C=C4)Cl)CCC#N,4.899629454882437,,,
CN(C)CC1=CC=CC=C1C2=CC3=C(C=C2)N=CN=C3NCC4=CC=CS4,4.899629454882437,,5.699991797446187,4.899998417198648
C1C[C@@]2(CCN(C2)C(=O)NC3=CC=CC(=C3)C#N)CN(C1)C(=O)C4=CC=NC=C4,,,,4.800000874803203
COC1=CC=CC(=C1)NC2=NC=C3C(=N2)N(C(=O)C(=N3)C4=CC=CC=C4)C5CC5,5.5003129173815966,5.0,,
COC1=CC=C(C=C1)NC(=O)N2CCC3(CC2)CCN(CC3)C(=O)OC4=CC=CC=C4,,,5.0999990348465305,
CN1C=CC=C1C(=O)N2CCC3(CCN(CC3)C(C4=CC=CC=C4)C5=CC=CC=C5)CC2,5.300162274132754,,,4.800000874803203
CC1=NC2=CN=C(N=C2N(C1=O)C[C@H]3CCCO3)OC4=CC(=CC=C4)Cl,5.100179497572904,,,4.800000874803203
C1CN(CCN1)C2=NC=C3C(=N2)N(C(=O)C(=N3)CCC4=CC=CC=C4)C5=CC=CC=C5,4.801342913045577,,,4.499999678657065
CC(=O)N1CCC2(CCCN(C2)C(=O)NC3=CC=CC(=C3)C#N)CC1,,,4.59999938302362,
CC1=NC2=CN=C(N=C2N(C1=O)C)OC3=CC=C(C=C3)OC,4.899629454882437,,,4.59999938302362
C1=CC=C(C=C1)OC2=NC=C3C(=N2)N(C(=O)C(=N3)C4=CC=CC(=C4)C#N)CCC#N,4.698970004336019,4.40000018605658,,
COCCN1C2=NC=NC=C2N=C(C1=O)C3=CC=CS3,5.5003129173815966,4.700000503883016,,4.800000874803203
CN1CCN(CC1)C2=NC(=NC=C2)C3=CC=C(C=C3)N(C)C,6.100179497572904,,,4.800000874803203
COC1=CC(=C(C=C1)CNC2=NC(=NC=C2)C3=CC4=C(C=C3)OCO4)OC,5.8996294548824375,,5.0,6.0
COC1=CC=CC=C1CCN2C3=NC=NC=C3N=C(C2=O)C4=CC(=CC(=C4)F)F,5.801342913045578,5.799998134593398,,6.400007822415902
CN(CC1=CC=CO1)C2=NC(=NC=C2)C3=CC=CC=C3C(F)(F)F,5.600326278518962,,4.59999938302362,
CC(=O)NCCNC1=NC=NC2=C1C=C(C=C2)C3=CC=CC=C3OC,5.300162274132754,,4.700000503883016,4.700000503883016
C1CN(CCC12CCN(CC2)C(=O)C3=CC=NC=C3)C4=NC=CC=N4,4.698970004336019,4.800000874803203,4.800000874803203,
CN(C)C(=O)C1=CC=C(C=C1)C2=NC=CC(=N2)NCC3=CC=CC=C3OC,4.899629454882437,,4.40000018605658,4.59999938302362
CNC1=NC(=NC2=CC=CC=C21)C3=CC=CC=C3CN(C)C,5.5003129173815966,,5.399996913372259,4.59999938302362
C1=CC=C(C=C1)C2=NC3=CN=CN=C3N(C2=O)CC4=CC=C(C=C4)F,6.100179497572904,4.899998417198648,,4.899998417198648
CN(C)CC1=CC=CC=C1C2=CN=CN=C2NCC3=CN=CC=C3,4.899629454882437,,5.199998172182031,5.799998134593398
CC1=CN=C(C=N1)CNC2=NC=NC=C2C3=COC=C3,4.899629454882437,,,5.699991797446187
C1CC2(CCN(CC2)S(=O)(=O)C3=CC=CC=C3)CN(C1)C(=O)NC4=CC(=CC=C4)F,,4.800000874803203,4.899998417198648,4.899998417198648
C1CN(CCC12CN(C2)C3=CC=CC=N3)C(=O)C4=CC=CO4,,,4.800000874803203,5.0
CC1=CN=C(C=N1)CNC2=NC=NC3=C2C=C(C=C3)C4=CC=CC(=C4)C#N,6.400116927926312,,,5.499996931948306
C1CC2(CCN(CC2)C(=O)C3=CC(=CC=C3)F)CN(C1)C(=O)NC4=CC(=CC=C4)F,4.899629454882437,,,4.800000874803203
C1CC2(CCN(CC2)C(=O)C3=NC=CN=C3)CN(C1)C(=O)NC4=CC(=CC=C4)F,,,,4.899998417198648
C1=CC(=CC(=C1)C2=NC=CC(=N2)N3C=CN=C3)C#N,6.698970004336019,,4.899998417198648,5.599997654072044
CN1C=CC=C1C(=O)N2CCC[C@]3(C2)CCN(C3)C4=CC=CC=C4,4.899629454882437,,,5.0
COC1=CC=CC=C1CN2CCCC3(C2)CCN(CC3)C(=O)OC,,,5.499996931948306,5.199998172182031
CC(=O)NCCNC1=NC(=NC2=CC=CC=C21)C3=CC4=C(C=C3)OCO4,5.600326278518962,,4.899998417198648,5.399996913372259
C1C[C@@]2(CCN(C2)C(C3=CC=CC=C3)C4=CC=CC=C4)CN(C1)C(=O)C5=CC(=CC=C5)F,,,4.899998417198648,5.399996913372259
COC1=CC=CC(=C1)NC2=NC=C3C(=N2)N(C(=O)C=N3)C4CC4,6.199970640755866,4.800000874803203,,5.199998172182031
CN1C2=NC(=NC=C2N=C(C1=O)C3=CC=C(C=C3)F)N(C)C,5.801342913045578,,,
C1=CC(=CC(=C1)Cl)OC2=NC=C3C(=N2)N(C(=O)C=N3)CCC#N,4.801342913045577,,,4.499999678657065
CN1C2=NC=NC=C2N=C(C1=O)C3=CC(=CC=C3)F,6.100179497572904,,,4.700000503883016
C1C[C@@]2(CCN(C2)C3=NC=CC=N3)CNC1,4.600326278518962,,5.0999990348465305,4.499999678657065
C1=CC=C(C=C1)CNC2=NC(=NC=C2)C3=COC=C3,5.600326278518962,,4.700000503883016,5.0
COC1=CC=CC(=C1)C2=CN=CN=C2NCC3=CC=CS3,5.8996294548824375,6.400007822415902,4.700000503883016,5.799998134593398
CCNC1=NC=C2C(=N1)N(C(=O)C(=N2)C3=CC(=CC(=C3)F)F)CC4=CC=CS4,5.300162274132754,,,5.299997602857746
COC1=NC=C2C(=N1)N(C(=O)C=N2)C[C@H]3CCCO3,4.801342913045577,,,
C1CC2(CCN(CC2)C(=O)C3=CC=NC=C3)CN(C1)C4=CC=C(C=C4)C5=CC=CC=C5,4.600326278518962,5.499996931948306,4.899998417198648,5.599997654072044
C1C[C@@]2(CCN(C2)C(=O)NC3=CC=CC=C3)CN(C1)C(=O)OC4=CC=CC=C4,4.801342913045577,,,4.59999938302362
CC1=CN=C(C=N1)CNC2=NC=NC(=C2)C3=CC(=CC=C3)NS(=O)(=O)C,4.801342913045577,,,4.59999938302362
CC1=C(C(=NO1)C)C2=CC3=C(C=C2)N=CN=C3NC4CCNCC4,4.500312917381596,,,
C1CN(CCC12CCN(CC2)C(=O)OC3=CC=CC=C3)CC4=CC=C(C=C4)C#N,,,,4.800000874803203
CS(=O)(=O)N1CCC2(CCCN(C2)C(=O)NC3=CC=CC(=C3)C#N)CC1,,,,4.59999938302362
CC1=NC2=CN=C(N=C2N(C1=O)CCOC)OC,4.899629454882437,,,4.499999678657065
CC1=NC2=CN=C(N=C2N(C1=O)CCOC)N(C)C,5.400116927926312,,,
COC1=CC2=C(C=C1)NC=C2CCNC3=NC(=NC=C3)C4=CC=CC(=C4)C#N,6.199970640755866,5.900008766455316,4.499999678657065,5.499996931948306
COCCN1C2=NC(=NC=C2N=C(C1=O)C3=CC(=CC(=C3)F)F)N4CCNCC4,5.199970640755866,5.900008766455316,,4.700000503883016
C1CC2(CCN(CC2)C(=O)OC3=CC=CC=C3)CN(C1)C(C4=CC=CC=C4)C5=CC=CC=C5,,5.699991797446187,,
CN(C)C1=CC=C(C=C1)C2=NC=CC(=N2)NCCN3CCOCC3,5.8996294548824375,,4.40000018605658,4.59999938302362
CS(=O)(=O)N1CCC2(CCCN(C2)C(=O)NC3=CC(=CC=C3)F)CC1,,,,4.700000503883016
C1CC2(CCN(CC2)C(=O)C3=CC(=CC=C3)F)CN(C1)C(=O)NC4=CC=CC(=C4)C#N,4.899629454882437,4.499999678657065,4.40000018605658,4.800000874803203
COC1=CC=CC(=C1)NC2=NC=C3C(=N2)N(C(=O)C=N3)CCC#N,6.0,,,4.800000874803203
CN(C)C1=NC(=NC2=CC=CC=C21)C3=CC4=C(C=C3)OCO4,6.5003129173815966,6.0,5.699991797446187,5.699991797446187
C1CN(CCC12CN(C2)C(=O)NC3=CC=CC(=C3)C#N)C(=O)C4=NC=CN=C4,4.400116927926312,,,5.799998134593398
COCCN1C2=NC(=NC=C2N=C(C1=O)C3=CC(=CC(=C3)F)F)OC4=CC=CC=C4,5.300162274132754,4.700000503883016,,4.700000503883016
COC1=CC=C(C=C1)C(=O)N2CCC3(CCCN(C3)C4=NC=CC=N4)CC2,4.698970004336019,,4.499999678657065,4.40000018605658
COC1=CC=CC=C1C2=NC3=CC=CC=C3C(=N2)N4CCOCC4,6.300162274132754,,4.899998417198648,4.800000874803203
CS(=O)(=O)N1CCC[C@]2(C1)CCN(C2)CC3=CC=CC=C3,,,5.499996931948306,4.899998417198648
CC1=NC2=CN=C(N=C2N(C1=O)CCC3=CC=CC=C3)OCC4=CC=CC=C4,5.0,4.800000874803203,,4.59999938302362
COC1=CC=CC=C1CNC2=NC(=NC3=CC=CC=C32)C4=CC=CC(=C4)C#N,5.8996294548824375,6.0,5.0,5.0
CN(C)C(=O)C1=CC=C(C=C1)C2=NC3=CC=CC=C3C(=N2)NCCOC,4.698970004336019,,,4.800000874803203
CN1C2=NC(=NC=C2N=C(C1=O)C3=CC=CS3)N4CCNCC4,5.0,4.40000018605658,,4.59999938302362
COC1=CC=C(C=C1)NC(=O)N2CCC3(CCN(CC3)C(=O)C4=CC(=CC(=C4)C(F)(F)F)C(F)(F)F)CC2,,,,4.40000018605658
CC(=O)N1CCC2(CCN(CC2)C3=CC=C(C=C3)C4=CC=CC=C4)CC1,5.0,4.59999938302362,,
C1CN(CCC12CCN(CC2)C(=O)C3=CC=NC=C3)C4=CC=NC=C4,,,,5.0999990348465305
COC1=CC=CC(=C1)CN2C3=NC(=NC=C3N=C(C2=O)C4=CC=CS4)N5CCOCC5,,4.59999938302362,,5.0
COC1=CC=C(C=C1)OC2=NC=C3C(=N2)N(C(=O)C(=N3)C4=CC=C(C=C4)F)CCC#N,5.698970004336019,,,5.299997602857746
CN(C)CC1=CC=CC=C1C2=CC(=NC=N2)NCCC3=CNC4=C3C=C(C=C4)OC,4.698970004336019,,4.700000503883016,
C1CC2(CCN(CC2)C(=O)C3=NC=CN=C3)CN(C1)C(=O)NC4=CC=CC=C4,,,,4.59999938302362
COC1=CC=C(C=C1)C2=NC3=CN=C(N=C3N(C2=O)CC4=CC=CS4)NC5=CC(=CC=C5)OC,,,,5.199998172182031
CS(=O)(=O)N1CCC[C@]2(C1)CCN(C2)C(=O)NC3=CC(=CC=C3)F,,,,4.899998417198648
C1COCCN1C2=NC=C3C(=N2)N(C(=O)C=N3)CC4=CC=C(C=C4)F,5.400116927926312,4.59999938302362,,4.899998417198648
CN1C2=NC(=NC=C2N=C(C1=O)C3=CC=C(C=C3)F)OC,6.300162274132754,,,4.700000503883016
CS(=O)(=O)NC1=CC=CC(=C1)C2=NC3=CC=CC=C3C(=N2)N4CCNCC4,4.698970004336019,,5.0,
CC1=C(C(=NO1)C)C(=O)N2CCC3(CCCN(C3)C4=CC=CC=N4)CC2,,,,4.700000503883016
C1CN(CCC12CCN(CC2)C(=O)C3=CC=CO3)CC4=CC=CC=C4,,,5.399996913372259,4.700000503883016
C1=CC=C(C(=C1)CN2C3=NC=NC=C3N=C(C2=O)C4=CC(=CC(=C4)F)F)Cl,5.300162274132754,5.399996913372259,,4.800000874803203
C1COCCN1C2=NC=C3C(=N2)N(C(=O)C(=N3)C4=CC=C(C=C4)Cl)C5=CC=CC=C5,5.698970004336019,5.0,,
COC1=CC=C(C=C1)C2=NC3=CN=C(N=C3N(C2=O)CC4=CC=CS4)NC5=CC=CC=C5,4.600326278518962,4.899998417198648,,
CN1CCN(CC1)C2=NC(=NC3=CC=CC=C32)C4=CC=CC(=C4)C#N,5.801342913045578,,4.899998417198648,4.800000874803203
C1CNCCC1NC2=NC=NC=C2C3=CN=CC=C3,4.899629454882437,,,
COC1=CC=CC=C1C2=CN=CN=C2NC3=CC=C(C=C3)F,5.100179497572904,,4.800000874803203,6.79997073344623
CN(C)CC1=CC=CC=C1C2=CN=CN=C2NCC3=C(C=C(C=C3)OC)OC,4.801342913045577,,5.599997654072044,6.400007822415902
CC1=C(C(=NO1)C)C(=O)N2CCC3(CCN(CC3)CC4=CC=NC=C4)CC2,,,,4.899998417198648
CNC1=NC=NC2=C1C=C(C=C2)C3=CC=CC=C3CN(C)C,5.5003129173815966,,5.0,5.0999990348465305
CC1=CC=CC=C1C2=CC(=NC=N2)NC3=CC=CC=C3,5.400116927926312,,4.40000018605658,5.499996931948306
CC1=CC(=CC=C1)CNC2=NC(=NC=C2)C3=CC=CC=C3OC,6.199970640755866,,5.799998134593398,5.199998172182031
CN1C=CC=C1C(=O)N2CCC[C@]3(C2)CCN(C3)CC4=CC(=CC(=C4)C(F)(F)F)C(F)(F)F,,4.40000018605658,5.399996913372259,4.800000874803203
CC1=NC2=CN=CN=C2N(C1=O)CCC3=CC=CC=C3OC,5.400116927926312,4.499999678657065,,5.0
CN(C)C1=CC=C(C=C1)C2=CC3=C(C=C2)N=CN=C3N(C)C,6.801342913045577,,,5.199998172182031
CC1=C(C(=NO1)C)C2=CC(=NC=N2)NC3=CC=C(C=C3)F,6.300162274132754,,,4.700000503883016
CC1=C(C(=NO1)C)C2=NC3=CC=CC=C3C(=N2)NCCC4=CNC5=C4C=C(C=C5)OC,6.100179497572904,6.299988937677887,5.0999990348465305,5.699991797446187
COC1=CC(=C(C=C1)CNC2=NC=NC(=C2)C3=COC=C3)OC,4.801342913045577,,4.899998417198648,4.800000874803203
C1CN(CCN1)C2=NC=C3C(=N2)N(C(=O)C=N3)CCC#N,4.899629454882437,5.699991797446187,,
CNC1=NC(=NC=C1)C2=CC=CC=C2OC,5.300162274132754,,5.299997602857746,4.499999678657065
CC1=NC2=CN=CN=C2N(C1=O)CC3=CC=CC=C3Cl,4.899629454882437,4.899998417198648,,4.800000874803203
C1=CC=C(C(=C1)C2=CN=CN=C2NCCC3=CN=CN3)Cl,5.801342913045578,6.0,5.399996913372259,6.299988937677887
CN(C)C1=NC=C2C(=N1)N(C(=O)C(=N2)C3=CC(=CC(=C3)F)F)C[C@H]4CCCO4,7.100179497572904,,,
C1COCCN1CCNC2=NC=NC(=C2)C3=CC=CC=C3C(F)(F)F,4.899629454882437,,4.40000018605658,
COCCN1C2=NC(=NC=C2N=C(C1=O)C3=CC=CS3)N4CCNCC4,5.400116927926312,5.699991797446187,,4.800000874803203
CC1=NC2=CN=C(N=C2N(C1=O)CCC3=CC=CC=C3)OC,5.698970004336019,4.700000503883016,,4.800000874803203
CN(C)C1=NC=C2C(=N1)N(C(=O)C(=N2)C3=CC=CC(=C3)C#N)CCOC,5.698970004336019,,7.0,
CS(=O)(=O)NC1=CC=CC(=C1)C2=NC3=CC=CC=C3C(=N2)NCCN4CCOCC4,4.600326278518962,,,4.800000874803203
C1CN(CCN1)C2=NC=C3C(=N2)N(C(=O)C(=N3)C4=CC=CC=C4)CC5=CC=CS5,5.300162274132754,5.299997602857746,,5.299997602857746
CN1C2=NC(=NC=C2N=C(C1=O)C3=CC=C(C=C3)Cl)OCC4=CC=CC=C4,6.100179497572904,,,
C1CC1N2C3=NC(=NC=C3N=C(C2=O)C4=CC=CC=C4)OC5=CC(=CC=C5)Cl,5.801342913045578,6.599980364934842,,
C1=CC=C(C=C1)CCN2C(=O)C=NC3=CN=C(N=C32)OC4=CC=CC=C4,5.5003129173815966,5.499996931948306,,
C1C[C@@]2(CCN(C2)C(=O)NC3=CC(=CC=C3)F)CN(C1)C(=O)OC4=CC=CC=C4,4.801342913045577,4.899998417198648,4.700000503883016,5.299997602857746
CCNC1=NC=C2C(=N1)N(C(=O)C(=N2)C3=CC(=CC(=C3)F)F)C4=CC=C(C=C4)OC,5.100179497572904,,6.79997073344623,5.0
COC1=CC=CC(=C1)NC2=NC=C3C(=N2)N(C(=O)C=N3)CC4=CC=C(C=C4)F,5.600326278518962,5.799998134593398,,5.399996913372259
CNC1=NC(=NC2=CC=CC=C21)C3=CN=CC=C3,7.0,6.100015437450609,4.40000018605658,5.199998172182031
COC1=CC=CC(=C1)CN2C3=NC=NC=C3N=C(C2=O)C4=CC(=C(C=C4)F)F,4.899629454882437,4.800000874803203,4.800000874803203,5.299997602857746
C1=CC(=CC(=C1)F)C2=NC3=CN=CN=C3N(C2=O)CC4=CC=C(C=C4)F,5.8996294548824375,5.0,,4.800000874803203
CN1C=C(C2=CC=CC=C21)C3=NC4=CN=C(N=C4N(C3=O)C5CC5)OC6=CC=CC=C6,5.300162274132754,,,4.59999938302362
CC(=O)NCCNC1=NC=NC2=C1C=C(C=C2)C3=CC=CC=C3C(F)(F)F,5.0,,4.700000503883016,5.199998172182031
COC1=CC=C(C=C1)NC(=O)N2CCC3(CCN(CC3)C(=O)C4=CC(=CC=C4)F)CC2,,,,4.899998417198648
COC1=CC=C(C=C1)OC2=NC=C3C(=N2)N(C(=O)C=N3)C[C@H]4CCCO4,5.199970640755866,4.700000503883016,,4.899998417198648
CN(C)C1=NC=C2C(=N1)N(C(=O)C=N2)C3=CC=C(C=C3)OC,5.300162274132754,,,4.40000018605658
CC1=CC(=CC=C1)CNC2=NC(=NC=C2)C3=CC=C(C=C3)N(C)C,6.0,,5.0,5.0
CN1C2=NC=NC=C2N=C(C1=O)C3=CC(=CC=C3)Cl,6.300162274132754,4.40000018605658,,
CC1=CC=CC=C1C2=CC(=NC=N2)NCC3=CN=CC=C3,5.400116927926312,,,5.0
CC1=CN=C(C=N1)CNC2=NC(=NC3=CC=CC=C32)C4=CC(=CC=C4)NS(=O)(=O)C,4.801342913045577,,,4.899998417198648
CC(C)CN1CCC2(CC1)CCN(CC2)C(=O)C3=CC(=CC(=C3)C(F)(F)F)C(F)(F)F,,4.899998417198648,,
C1OC2=C(O1)C=C(C=C2)C3=CN=CN=C3NCCC4=CN=CN4,6.400116927926312,6.100015437450609,5.599997654072044,6.100015437450609
CN1CCN(CC1)C2=NC=C3C(=N2)N(C(=O)C(=N3)C4=CC(=CC(=C4)F)F)CCC5=CC=CC=C5,,,,4.59999938302362
CC1=CC(=CC=C1)CNC2=NC=NC=C2C3=CN=CC=C3,6.100179497572904,,4.59999938302362,6.199970640755866
COCCN1C2=NC(=NC=C2N=C(C1=O)C3=CC=C(C=C3)F)NC4=CC(=CC=C4)OC,5.5003129173815966,7.698970004336019,,5.0999990348465305
CC1=NC2=CN=C(N=C2N(C1=O)CCC3=CC=CC=C3)N4CCOCC4,5.600326278518962,4.800000874803203,,4.800000874803203
CC1=NC2=CN=C(N=C2N(C1=O)CC3=CC=C(C=C3)F)OCC4=CC=CC=C4,5.100179497572904,5.0,,5.0999990348465305
COC1=CC=C(C=C1)OC2=NC=C3C(=N2)N(C(=O)C(=N3)C4=CC=CC=C4)CC5=CC=CS5,5.600326278518962,5.699991797446187,,5.0
CC1=CN=C(C=N1)CNC2=NC=NC(=C2)C3=CC=CC(=C3)C#N,4.801342913045577,,,4.800000874803203
CC1=C(C(=NO1)C)C(=O)N2CCC[C@]3(C2)CCN(C3)CC(C)C,,,4.700000503883016,5.699991797446187
COCCN1C2=NC(=NC=C2N=C(C1=O)C3=CC=C(C=C3)F)N4CCOCC4,5.300162274132754,,,
COC1=CC=C(C=C1)C(=O)N2CCC[C@]3(C2)CCN(C3)C(=O)NC4=CC=CC=C4,4.801342913045577,,,4.800000874803203
CN(CC1=CC=CO1)C2=NC(=NC=C2)C3=COC=C3,4.899629454882437,,,
CC(=O)N1CCC2(CCCN(C2)C3=CC=C(C=C3)C4=CC=CC=C4)CC1,4.899629454882437,4.40000018605658,,4.899998417198648
CC(C)CN1CCC2(CC1)CCN(CC2)C(=O)C3=CC(=CC=C3)F,,,5.299997602857746,
C1CN(CCN1)C2=NC=C3C(=N2)N(C(=O)C=N3)CC4=CC=CS4,5.698970004336019,,4.700000503883016,4.800000874803203
CC1=CN=C(C=N1)CNC2=NC(=NC=C2)C3=CC=CC=C3Cl,4.899629454882437,,,5.0
CN1C2=NC(=NC=C2N=C(C1=O)C3=CC=C(C=C3)F)OC4=CC=CC=C4,6.5003129173815966,,,5.699991797446187
C1=CC=C(C(=C1)CN2C3=NC=NC=C3N=C(C2=O)C4=CC=C(C=C4)Cl)Cl,5.8996294548824375,,,4.899998417198648
CN(C)C1=NC=C2C(=N1)N(C(=O)C(=N2)C3=CC=C(C=C3)F)C4CC4,5.801342913045578,6.599980364934842,,
C1C[C@@]2(CCN(C2)CC3=CC=NC=C3)CN(C1)C(=O)C4=CC=NC=C4,4.500312917381596,4.499999678657065,4.700000503883016,4.800000874803203
C1=CC=C(C=C1)CCN2C(=O)C=NC3=CN=C(N=C32)OCC4=CC=CC=C4,5.400116927926312,5.0,4.499999678657065,
COC1=CC=C(C=C1)C2=NC3=CN=C(N=C3N(C2=O)CCC#N)N4CCNCC4,4.801342913045577,,,4.899998417198648
CN1CCN(CC1)C2=NC=NC3=C2C=C(C=C3)C4=CC5=C(C=C4)OCO5,5.600326278518962,,6.599980364934842,5.0999990348465305
C1CN(CCC12CN(C2)C(C3=CC=CC=C3)C4=CC=CC=C4)C(=O)C5=CSN=N5,,4.800000874803203,4.899998417198648,5.0
C1C[C@@]2(CCN(C2)C3=CC=CC=N3)CN(C1)C(=O)C4=CC(=CC=C4)F,4.600326278518962,,,5.0
C1CN(CCC12CCN(CC2)C(=O)C3=CC=NC=C3)CC4=CC=CC=C4,,,4.899998417198648,4.800000874803203
C1CC1N2C3=NC(=NC=C3N=C(C2=O)C4=CC=CC=C4)OC5=CC=CC=C5,5.801342913045578,5.399996913372259,,5.299997602857746
COC(=O)N1CCC2(CC1)CN(C2)C(C3=CC=CC=C3)C4=CC=CC=C4,,5.0,6.100015437450609,6.100015437450609
CN1C=C(C2=CC=CC=C21)C3=NC4=CN=C(N=C4N(C3=O)CC5=CC(=CC=C5)OC)N6CCNCC6,4.801342913045577,4.700000503883016,4.40000018605658,4.800000874803203
CC1=NC2=CN=C(N=C2N(C1=O)CC3=CC=C(C=C3)F)N(C)C,5.698970004336019,6.50003813440381,,7.600326278518962
CC1=C(C(=NO1)C)C(=O)N2CCC3(CC2)CCN(CC3)C(=O)NC(C)C,5.300162274132754,,,
CCNC1=NC=C2C(=N1)N(C(=O)C(=N2)CCC3=CC=CC=C3)CC4=CC(=CC=C4)OC,4.899629454882437,,,5.199998172182031
C1C[C@@]2(CCN(C2)C3=CC=CC=C3)CN(C1)C(=O)C4=CC=NC=C4,,,,5.499996931948306
CC1=C(C(=NO1)C)C2=NC=CC(=N2)N(C)CC3=CC=CO3,5.698970004336019,,,4.59999938302362
C1=CC=C(C=C1)CNC2=NC(=NC=C2)C3=CC=CC(=C3)C#N,6.300162274132754,,5.0999990348465305,4.899998417198648
CN(C)CC1=CC=CC=C1C2=NC3=CC=CC=C3C(=N2)NCCC4=CNC5=C4C=C(C=C5)OC,4.600326278518962,,4.499999678657065,5.699991797446187
C1OC2=C(O1)C=C(C=C2)C3=CN=CN=C3NC4=CC=CC=C4,6.5003129173815966,,4.899998417198648,6.100015437450609
CC1=C(C(=NO1)C)C2=CC3=C(C=C2)N=CN=C3NCCN4CCOCC4,4.801342913045577,,4.499999678657065,4.899998417198648
CC1=CC=CC=C1C2=CN=CN=C2NCCNC(=O)C,4.600326278518962,8.0,,5.599997654072044
CCNC1=NC=C2C(=N1)N(C(=O)C(=N2)C3=CC(=CC(=C3)F)F)CCC4=CC=CC=C4,4.600326278518962,4.800000874803203,4.800000874803203,4.899998417198648
CN1C2=NC=NC=C2N=C(C1=O)C3=CC=C(C=C3)Cl,7.600326278518962,,,
COC1=CC2=C(C=C1)NC=C2CCNC3=NC=NC=C3C4=CC(=CC=C4)NS(=O)(=O)C,4.899629454882437,6.400007822415902,5.499996931948306,6.400007822415902
C1C[C@@]2(CCN(C2)CC3=CC(=CC(=C3)C(F)(F)F)C(F)(F)F)CN(C1)C(=O)C4=CC=NC=C4,,,5.0,5.599997654072044
CN(C)CC1=CC=CC=C1C2=NC3=CC=CC=C3C(=N2)NCC4=CC=CC=C4,5.8996294548824375,,4.700000503883016,4.899998417198648
CN1C=CC=C1C(=O)N2CCC[C@]3(C2)CCN(C3)CC4=CC=CC=C4OC,,,6.50003813440381,4.899998417198648
COC1=CC=C(C=C1)NC(=O)N2CC3(C2)CCN(CC3)S(=O)(=O)C4=CC=CC=C4,,,,4.800000874803203
CN1C=C(C2=CC=CC=C21)C3=NC4=CN=CN=C4N(C3=O)C5CC5,6.698970004336019,,,5.0999990348465305
C1CN(CCC12CCN(CC2)C(=O)C3=CC=CO3)C4=CC=CC(=C4)C5=CC=CC=C5,4.801342913045577,,,
CCNC1=NC=C2C(=N1)N(C(=O)C(=N2)C3=CC=C(C=C3)F)C,6.300162274132754,,,
COC(=O)N1CCC2(CCN(CC2)C3=CC=CC(=C3)C4=CC=CC=C4)CC1,,,,5.499996931948306
CC(=O)NCCNC1=NC=NC2=C1C=C(C=C2)C3=CC4=C(C=C3)OCO4,6.300162274132754,,5.0,5.299997602857746
CS(=O)(=O)N1CCC[C@]2(C1)CCN(C2)CC3=NC=CS3,,,4.40000018605658,4.899998417198648
CN1CC[C@]2(C1)CCCN(C2)C(=O)OC3=CC=CC=C3,,,,4.899998417198648
COC1=NC=C2C(=N1)N(C(=O)C(=N2)C3=CC(=CC(=C3)F)F)C4=CC=CC=C4,5.8996294548824375,,,
CN(C)CC1=CC=CC=C1C2=CC3=C(C=C2)N=CN=C3N(C)CC4=CC=CO4,5.698970004336019,,5.699991797446187,4.800000874803203
CN1CCN(CC1)C2=NC=C3C(=N2)N(C(=O)C(=N3)C4=CC=CS4)CCOC,4.801342913045577,,,4.499999678657065
COC1=CC=CC=C1CNC2=NC=NC=C2C3=CC4=C(C=C3)OCO4,6.801342913045577,6.400007822415902,5.599997654072044,6.700057099977233
C1COCCN1CCNC2=NC(=NC3=CC=CC=C32)C4=CC=CC(=C4)C#N,6.0,,5.0999990348465305,4.899998417198648
CC1=NC2=CN=C(N=C2N(C1=O)C)OC,4.899629454882437,,,
CN1CCN(CC1)C2=NC=C3C(=N2)N(C(=O)C(=N3)C4=CC=CC=C4)CC5=CC(=CC=C5)OC,,,,4.499999678657065
C1=CC=C(C=C1)OC2=NC=C3C(=N2)N(C(=O)C=N3)CC4=CC=CS4,5.100179497572904,4.59999938302362,4.40000018605658,4.800000874803203
CN(C)C1=NC=C2C(=N1)N(C(=O)C=N2)CCC3=CC=CC=C3,6.100179497572904,5.199998172182031,4.40000018605658,
C1C[C@@]2(CCN(C2)C(=O)NC3=CC=CC=C3)CN(C1)C(=O)C4=CC(=CC(=C4)C(F)(F)F)C(F)(F)F,4.600326278518962,,4.800000874803203,4.899998417198648
COC1=CC2=C(C=C1)NC=C2CCNC3=NC=NC=C3C4=CC5=C(C=C4)OCO5,6.5003129173815966,6.299988937677887,5.900008766455316,6.299988937677887
CC1=NC2=CN=C(N=C2N(C1=O)CC3=CC=C(C=C3)F)N4CCN(CC4)C,,,,4.700000503883016
C1COCCN1C2=NC=C3C(=N2)N(C(=O)C=N3)CCC4=CC=CC=C4,5.5003129173815966,5.0,,4.800000874803203
COC1=CC2=C(C=C1)NC=C2CCNC3=NC=NC4=C3C=C(C=C4)C5=CC6=C(C=C5)OCO6,6.199970640755866,6.899974269892137,5.599997654072044,5.699991797446187
CS(=O)(=O)NC1=CC=CC(=C1)C2=CN=CN=C2NCC3=CC=CC=C3,4.600326278518962,6.400007822415902,4.700000503883016,6.199970640755866
CC1=NC2=CN=C(N=C2N(C1=O)CCOC)OC3=CC=C(C=C3)OC,4.801342913045577,4.700000503883016,,4.800000874803203
CN1C=C(C2=CC=CC=C21)C3=NC4=CN=C(N=C4N(C3=O)CC5=CC=C(C=C5)F)N6CCNCC6,4.698970004336019,5.0,4.700000503883016,4.899998417198648
C1=CC=C(C(=C1)C2=CC3=C(C=C2)N=CN=C3NCC4=CN=CC=C4)C(F)(F)F,6.0,6.0,5.799998134593398,5.799998134593398
CN1C2=NC(=NC=C2N=C(C1=O)C3=CC=C(C=C3)OC)NC4=CC(=CC=C4)OC,5.100179497572904,,,
CN1CCN(CC1)C2=NC=C3C(=N2)N(C(=O)C(=N3)C4=CC=CC=C4)CC5=CC=CS5,4.801342913045577,,,
CN1CCN(CC1)C2=NC=C3C(=N2)N(C(=O)C(=N3)C4=CC=C(C=C4)F)CC5=CC=CS5,4.600326278518962,7.899629454882437,,5.0
C1CN(CCC12CCN(CC2)C(=O)C3=CSN=N3)CC4=CC=CC=C4,,,6.299988937677887,
C1C[C@@]2(CCN(C2)C(=O)NC3=CC(=CC=C3)F)CNC1,,,,5.0999990348465305
CC1=NC2=CN=C(N=C2N(C1=O)CCOC)N3CCN(CC3)C,4.801342913045577,4.800000874803203,,
CC1=CN=C(C=N1)CNC2=NC(=NC=C2)C3=CC=C(C=C3)C(=O)N(C)C,,,,4.499999678657065
COC1=CC=CC=C1CN2CCC3(CCNCC3)CC2,,,7.500312917381596,
COC(=O)N1CCC2(CCCN(C2)C3=CC=CC(=C3)C4=CC=CC=C4)CC1,,,,4.899998417198648
COC1=CC(=C(C=C1)CNC2=NC(=NC=C2)C3=CC(=CC=C3)OC)OC,6.0,,4.899998417198648,5.499996931948306
CCNC1=NC=C2C(=N1)N(C(=O)C(=N2)C3=CC=C(C=C3)F)C[C@H]4CCCO4,5.8996294548824375,,6.199970640755866,
CN1CCN(CC1)C2=NC=NC3=C2C=C(C=C3)C4=CC=C(C=C4)C(=O)N(C)C,,,,4.59999938302362
C1COCCN1CCNC2=NC=NC(=C2)C3=CC=CC=C3Cl,4.500312917381596,,,
CN(C)C1=NC=C2C(=N1)N(C(=O)C(=N2)CCC3=CC=CC=C3)CCOC,5.8996294548824375,4.59999938302362,5.0,4.800000874803203
CN(CC1=CC=CO1)C2=NC=NC3=C2C=C(C=C3)C4=CC(=CC=C4)OC,5.8996294548824375,5.900008766455316,5.0,4.899998417198648
C1C[C@@]2(CCN(C2)CC3=CC=NC=C3)CN(C1)C(=O)C4=NC=CN=C4,4.801342913045577,5.0,,4.800000874803203
COC(=O)N1CCC2(CCCN(C2)C(=O)NC3=CC=CC(=C3)C#N)CC1,,4.800000874803203,,5.199998172182031
CN1CCN(CC1)C2=NC=C3C(=N2)N(C(=O)C(=N3)C4=CC(=CC(=C4)F)F)C5=CC=CC=C5,5.5003129173815966,,,4.59999938302362
COCCNC1=NC=NC=C1C2=CC=CC=C2OC,4.801342913045577,,,6.50003813440381
COCCNC1=NC(=NC2=CC=CC=C21)C3=CC=CC=C3OC,6.100179497572904,,4.59999938302362,4.700000503883016
COC1=CC=CC(=C1)CN2C3=NC(=NC=C3N=C(C2=O)C4=CC=CC(=C4)C#N)NC5=CC=CC=C5,,,,6.100015437450609
COC1=CC=C(C=C1)OC2=NC=C3C(=N2)N(C(=O)C(=N3)C4=CC=C(C=C4)F)C[C@H]5CCCO5,6.400116927926312,4.40000018605658,,6.0
COC1=CC(=C(C=C1)CNC2=NC=NC=C2C3=CC=CC=C3OC)OC,5.300162274132754,6.100015437450609,4.899998417198648,6.50003813440381
CN1CCN(CC1)C2=NC=C3C(=N2)N(C(=O)C(=N3)C4=CC=CS4)CCC5=CC=CC=C5,5.600326278518962,,,4.700000503883016
CN1CCN(CC1)C2=NC=C3C(=N2)N(C(=O)C=N3)CCC#N,4.500312917381596,,,
CC1=C(C(=NO1)C)C2=CC3=C(C=C2)N=CN=C3N4CCN(CC4)C,4.899629454882437,,,4.59999938302362
CCNC1=NC=C2C(=N1)N(C(=O)C(=N2)C3=CC=CC=C3)C,6.400116927926312,4.899998417198648,,
COC1=CC=CC=C1CNC2=NC=NC(=C2)C3=CC=CC=C3C(F)(F)F,4.801342913045577,,4.40000018605658,
COC1=CC=CC(=C1)C2=NC3=CC=CC=C3C(=N2)NCC4=CC=CC=C4OC,6.199970640755866,6.0,5.0,5.399996913372259
CN1C(=O)C=NC2=CN=C(N=C21)NC3=CC=CC=C3,5.698970004336019,4.59999938302362,,4.59999938302362
C1CN(CCC12CN(C2)C(=O)NC3=CC=CC(=C3)C#N)C(=O)C4=CC(=CC(=C4)C(F)(F)F)C(F)(F)F,4.899629454882437,4.899998417198648,4.700000503883016,4.499999678657065
CN1C2=NC(=NC=C2N=C(C1=O)C3=CC=CC=C3)N4CCNCC4,4.899629454882437,4.800000874803203,,
C1CN(CCC12CCN(CC2)C(=O)C3=CC=CO3)C4=CC=C(C=C4)C5=CC=CC=C5,,,,4.59999938302362
CN1C2=NC(=NC=C2N=C(C1=O)CCC3=CC=CC=C3)OC4=CC=C(C=C4)OC,5.100179497572904,5.0,,5.0999990348465305
CN(C)CC1=CC=CC=C1C2=NC3=CC=CC=C3C(=N2)NCCOC,5.0,,4.899998417198648,4.800000874803203
CC(C)NC(=O)N1CCCC2(C1)CCN(CC2)C(=O)C3=CC=C(C=C3)OC,,,,4.700000503883016
CC1=C(C(=NO1)C)C(=O)N2CCC[C@]3(C2)CCN(C3)CC4=CC(=CC(=C4)C(F)(F)F)C(F)(F)F,,,,5.0999990348465305
CS(=O)(=O)NC1=CC=CC(=C1)C2=CC3=C(C=C2)N=CN=C3NC4=CC=C(C=C4)F,6.100179497572904,,4.40000018605658,5.0999990348465305
CC1=C(C(=NO1)C)C2=NC=CC(=N2)N3CCN(CC3)C,5.698970004336019,,,
COC1=CC=C(C=C1)C(=O)N2CCC3(CCN(CC3)C4=CC=NC=C4)CC2,4.400116927926312,,4.800000874803203,4.800000874803203
COC1=CC=C(C=C1)C2=NC3=CN=C(N=C3N(C2=O)C[C@H]4CCCO4)OC,5.0,,,4.59999938302362
CC1=CC=CC=C1C2=CN=CN=C2NCCN3CCOCC3,4.801342913045577,,4.40000018605658,5.799998134593398
CN1C2=NC(=NC=C2N=C(C1=O)C3=CC(=CC(=C3)F)F)N(C)C,5.5003129173815966,,,
CC1=C(C(=NO1)C)C2=CC(=NC=N2)NCC3=CN=CC=C3,6.0,8.301029995663981,,4.899998417198648
CC1=CN=C(C=N1)CNC2=NC=NC=C2C3=CC=C(C=C3)C(=O)N(C)C,4.698970004336019,,,4.899998417198648
COC1=CC(=C(C=C1)CNC2=NC(=NC3=CC=CC=C32)C4=CC(=CC=C4)NS(=O)(=O)C)OC,4.801342913045577,6.79997073344623,4.899998417198648,5.599997654072044
COC1=NC=C2C(=N1)N(C(=O)C(=N2)C3=CC=C(C=C3)Cl)CC4=CC=CS4,6.400116927926312,4.800000874803203,5.599997654072044,5.399996913372259
COC1=NC=C2C(=N1)N(C(=O)C(=N2)C3=CC=C(C=C3)F)C4CC4,6.199970640755866,,,
CC1=NC2=CN=C(N=C2N(C1=O)CCC#N)OC,4.801342913045577,6.50003813440381,,
CN(C)CC1=CC=CC=C1C2=CC(=NC=N2)N(C)C,4.899629454882437,,5.900008766455316,
C1CC2(CCN(CC2)C(=O)C3=CC(=CC(=C3)C(F)(F)F)C(F)(F)F)CN(C1)C(=O)NC4=CC(=CC=C4)F,4.899629454882437,,,4.899998417198648
CN1C=C(C2=CC=CC=C21)C3=NC4=CN=C(N=C4N(C3=O)CC5=CC=CS5)OC6=CC=CC=C6,5.5003129173815966,,,
COC1=CC=CC(=C1)CN2C(=O)C=NC3=CN=C(N=C32)OC,4.899629454882437,,,5.0
COCC(=O)N1CCC2(CCN(CC2)CC3=CC=CC=C3OC)CC1,,,4.800000874803203,
CC(C)CN1CCC2(CC1)CCN(CC2)C(=O)C3=CSN=N3,,,6.700057099977233,
C1CNCCC12CCN(CC2)C(C3=CC=CC=C3)C4=CC=CC=C4,,4.499999678657065,,
C1=CC=C(C=C1)N2C3=NC(=NC=C3N=C(C2=O)C4=CC=CS4)OC5=CC=CC=C5,5.199970640755866,,,
CS(=O)(=O)N1CCC2(CC1)CN(C2)C(=O)NC3=CC(=CC=C3)F,4.801342913045577,5.399996913372259,,
COC1=CC=C(C=C1)C(=O)N2CCC[C@]3(C2)CCN(C3)C4=CC=CC(=C4)C5=CC=CC=C5,4.899629454882437,,,5.499996931948306
C1=CC=C2C(=C1)C(=NC(=N2)C3=CC=CC=C3Cl)NCC4=CC=CS4,6.0,6.100015437450609,4.899998417198648,5.199998172182031
CC(=O)N1CCC2(CC1)CN(C2)CC3=CC=C(C=C3)C#N,,,5.399996913372259,
C1CN(CCC12CN(C2)CC3=CC=C(C=C3)C#N)C(=O)C4=CC(=CC=C4)F,5.400116927926312,,,4.700000503883016
CN(C)C1=CC=C(C=C1)C2=NC3=CC=CC=C3C(=N2)NCCC4=CNC5=C4C=C(C=C5)OC,5.8996294548824375,6.400007822415902,5.0999990348465305,5.599997654072044
CC1=C(C(=NO1)C)C(=O)N2CCC3(CCCN(C3)CC4=NC=CS4)CC2,,,,4.899998417198648
CC1=NC2=CN=CN=C2N(C1=O)CCOC,4.801342913045577,4.499999678657065,,4.899998417198648
CC(C)NC(=O)N1CCC2(CCN(CC2)C(=O)C3=CC(=CC(=C3)C(F)(F)F)C(F)(F)F)CC1,,4.899998417198648,,5.0
CC1=C(C(=NO1)C)C(=O)N2CCC[C@]3(C2)CCN(C3)C4=CC=CC(=C4)C5=CC=CC=C5,4.400116927926312,,6.50003813440381,5.299997602857746
COC1=CC=C(C=C1)N2C3=NC(=NC=C3N=C(C2=O)C4=CC=CC=C4)N5CCOCC5,4.801342913045577,,,
CS(=O)(=O)NC1=CC=CC(=C1)C2=CC3=C(C=C2)N=CN=C3NCC4=CN=CC=C4,6.5003129173815966,,4.700000503883016,6.400007822415902
CC1=CN=C(C=N1)CNC2=NC=NC=C2C3=CC=CC=C3CN(C)C,4.899629454882437,,4.40000018605658,5.499996931948306
C1CNCCC12CN(C2)C3=CC=C(C=C3)C4=CC=CC=C4,4.801342913045577,,4.59999938302362,4.59999938302362
COCC(=O)N1CCC2(CCN(CC2)C3=CC=CC=C3)CC1,4.400116927926312,,,
C1C[C@@]2(CCN(C2)C(=O)NC3=CC(=CC=C3)F)CN(C1)C(=O)C4=CC=NC=C4,,,,4.899998417198648
CN1CCN(CC1)C2=NC=C3C(=N2)N(C(=O)C(=N3)C4=CC(=CC(=C4)F)F)CCC#N,4.801342913045577,4.499999678657065,,4.800000874803203
COC1=CC=C(C=C1)OC2=NC=C3C(=N2)N(C(=O)C(=N3)C4=CC=CC(=C4)C#N)CC5=CC(=CC=C5)OC,,5.599997654072044,,5.699991797446187
COC1=CC=C(C=C1)OC2=NC=C3C(=N2)N(C(=O)C(=N3)C4=CC=CC=C4)C5CC5,6.0,5.299997602857746,,5.399996913372259
C1C[C@@]2(CCN(C2)C(=O)NC3=CC=CC=C3)CN(C1)C(=O)C4=CC=NC=C4,,,,4.800000874803203
CN(CC1=CC=CO1)C2=NC=NC3=C2C=C(C=C3)C4=CC(=CC=C4)NS(=O)(=O)C,6.400116927926312,6.100015437450609,4.700000503883016,5.299997602857746
C1CC2(CCN(CC2)C(=O)C3=CC=NC=C3)CN(C1)C(=O)NC4=CC(=CC=C4)F,4.899629454882437,7.100179497572904,,5.199998172182031
C1=CC(=CC(=C1)Cl)OC2=NC=C3C(=N2)N(C(=O)C(=N3)C4=CC(=CC(=C4)F)F)CCC#N,5.5003129173815966,5.0999990348465305,,5.0
CS(=O)(=O)N1CCC2(CCN(CC2)C3=CC=CC=C3)CC1,,4.40000018605658,,
CNC1=NC=NC2=C1C=C(C=C2)C3=CC4=C(C=C3)OCO4,5.100179497572904,,4.59999938302362,4.700000503883016
COCCN1C2=NC(=NC=C2N=C(C1=O)C3=CC=C(C=C3)F)OC4=CC=CC=C4,6.100179497572904,5.0,,4.800000874803203
COCC(=O)N1CCC2(CC1)CN(C2)C(=O)NC3=CC=CC=C3,4.899629454882437,5.799998134593398,4.40000018605658,
C1CC1N2C(=O)C=NC3=CN=C(N=C32)NC4=CC=CC=C4,6.199970640755866,4.499999678657065,,4.59999938302362
C1=CC(=CN=C1)C2=NC=CC(=N2)N3C=CN=C3,6.698970004336019,,5.0999990348465305,5.299997602857746
CC1=NC2=CN=C(N=C2N(C1=O)C3=CC=C(C=C3)OC)N4CCOCC4,4.899629454882437,,,4.499999678657065
C1CN(CCC12CN(C2)C3=CC=CC(=C3)C4=CC=CC=C4)C(=O)C5=CC(=CC=C5)F,4.899629454882437,,,5.499996931948306
CC1=C(C(=NO1)C)C2=CC(=NC=N2)N(C)CC3=CC=CO3,5.5003129173815966,,,
COC1=CC=C(C=C1)C(=O)N2CCC3(CCCN(C3)C(C4=CC=CC=C4)C5=CC=CC=C5)CC2,,5.399996913372259,,5.0999990348465305
CN(C)C1=CC=C(C=C1)C2=NC3=CC=CC=C3C(=N2)NCCOC,6.199970640755866,,4.40000018605658,4.899998417198648
COC1=CC=C(C=C1)OC2=NC=C3C(=N2)N(C(=O)C(=N3)C4=CC=C(C=C4)F)CC5=CC=CS5,5.300162274132754,5.499996931948306,,4.800000874803203
COC(=O)N1CCC2(CCCN(C2)CC3=CC=C(C=C3)C#N)CC1,,4.899998417198648,6.50003813440381,4.800000874803203
C1CC2(CCN(CC2)S(=O)(=O)C3=CC=CC=C3)CN(C1)C(=O)NC4=CC=CC=C4,4.801342913045577,5.0,4.800000874803203,5.299997602857746
COC1=CC=CC=C1CN2CCC3(CC2)CCN(CC3)C(=O)C4=CC=NC=C4,,,5.499996931948306,4.800000874803203
CN1CCN(CC1)C2=NC=C3C(=N2)N(C(=O)C(=N3)CCC4=CC=CC=C4)CCC#N,4.801342913045577,,,
C1CNCCC1NC2=NC=NC3=C2C=C(C=C3)C4=CC=CC=C4Cl,4.801342913045577,,4.700000503883016,
C1=CC=C(C(=C1)C2=CN=CN=C2NCC3=CC=CS3)Cl,5.400116927926312,6.100015437450609,5.0,6.299988937677887
C1CN(CCC12CCN(CC2)C(=O)C3=CSN=N3)C4=NC=CC=N4,,,4.40000018605658,
C1=CC=C(C=C1)NC2=NC=C3C(=N2)N(C(=O)C=N3)CC4=CC=C(C=C4)F,6.0,5.0999990348465305,,4.899998417198648
COCCN1C2=NC=NC=C2N=C(C1=O)C3=CC(=CC(=C3)F)F,5.698970004336019,,,4.800000874803203
COC1=CC=CC(=C1)C2=CN=CN=C2NCC3=CC=CC=C3,5.300162274132754,6.79997073344623,4.40000018605658,6.50003813440381
C1CC1N2C3=NC(=NC=C3N=C(C2=O)C4=CC=C(C=C4)F)OC5=CC=CC=C5,6.899629454882437,,,
CN1CCCC2(C1)CCN(CC2)S(=O)(=O)C3=CC=CC=C3,4.698970004336019,,,
CN(C)C1=CC=C(C=C1)C2=CC(=NC=N2)N(C)CC3=CC=CO3,6.5003129173815966,,5.0999990348465305,4.899998417198648
COC1=CC=C(C=C1)OC2=NC=C3C(=N2)N(C(=O)C(=N3)C4=CC=C(C=C4)Cl)C[C@H]5CCCO5,6.199970640755866,4.899998417198648,,5.299997602857746
COC1=NC=C2C(=N1)N(C(=O)C=N2)CC3=CC=C(C=C3)F,4.899629454882437,,,5.0
C1=CC=C(C(=C1)C2=CN=CN=C2NCC3=CC=CS3)C(F)(F)F,4.698970004336019,,4.800000874803203,6.599980364934842
CN1CCN(CC1)C2=NC=C3C(=N2)N(C(=O)C(=N3)C4=CC=CC(=C4)C#N)C,4.899629454882437,4.40000018605658,,
CC1=NC2=CN=C(N=C2N(C1=O)C3CC3)N4CCOCC4,5.400116927926312,,,4.800000874803203
COC(=O)N1CCC2(CCN(CC2)CC3=CC=C(C=C3)C#N)CC1,,,,5.0
CC1=C(C(=NO1)C)C2=NC=CC(=N2)NC,5.8996294548824375,6.199970640755866,,4.40000018605658
C1CN(CCC12CN(C2)CC3=CC(=CC(=C3)C(F)(F)F)C(F)(F)F)C(=O)C4=CC=NC=C4,,,4.499999678657065,5.299997602857746
CS(=O)(=O)NC1=CC=CC(=C1)C2=NC3=CC=CC=C3C(=N2)NCC4=CC=CS4,6.0,5.900008766455316,5.0,5.499996931948306
CC1=C(C(=NO1)C)C2=NC3=CC=CC=C3C(=N2)N4CCN(CC4)C,6.5003129173815966,,4.40000018605658,
COCCN1C2=NC(=NC=C2N=C(C1=O)C3=CC=CC=C3)OC,6.0,4.700000503883016,,4.59999938302362
CC1=CC(=CC=C1)CNC2=NC=NC(=C2)C3=CC=CC=C3CN(C)C,4.600326278518962,,4.700000503883016,4.800000874803203
CS(=O)(=O)NC1=CC=CC(=C1)C2=CC3=C(C=C2)N=CN=C3NC4CCNCC4,4.500312917381596,,,
CC(=O)NCCNC1=NC(=NC2=CC=CC=C21)C3=CC=CC=C3Cl,5.100179497572904,,4.899998417198648,5.299997602857746
CN1CCN(CC1)C2=NC=C3C(=N2)N(C(=O)C(=N3)C4=CC(=CC(=C4)F)F)CC5=CC=CS5,5.199970640755866,,,4.59999938302362
COC1=CC=CC=C1CN2CC[C@]3(C2)CCCN(C3)C(=O)OC4=CC=CC=C4,5.0,,,4.499999678657065
COCC(=O)N1CCC2(CCCN(C2)C3=CC=C(C=C3)C4=CC=CC=C4)CC1,4.899629454882437,4.700000503883016,,4.800000874803203
CN(C)C1=NC=C2C(=N1)N(C(=O)C(=N2)C3=CC=C(C=C3)Cl)CC4=CC(=CC=C4)OC,4.899629454882437,,,
C1CC2(CCN(CC2)C(=O)C3=CSN=N3)CN(C1)CC4=CC=CC=C4,,,5.900008766455316,
COC1=CC=CC=C1CN2CCCC3(C2)CCN(CC3)C(=O)C4=CC(=CC=C4)F,,,5.399996913372259,4.899998417198648
CC(C)NC(=O)N1CC[C@]2(C1)CCCN(C2)S(=O)(=O)C3=CC=CC=C3,,,,4.700000503883016
CC1=NC2=CN=C(N=C2N(C1=O)C3=CC=C(C=C3)OC)N4CCNCC4,4.801342913045577,,,4.59999938302362
COC1=CC=C(C=C1)N2C3=NC=NC=C3N=C(C2=O)C4=CC=CC=C4,5.400116927926312,,4.59999938302362,4.800000874803203
C1=CC=C(C=C1)CCN2C(=O)C=NC3=CN=C(N=C32)NC4=CC=CC=C4,5.5003129173815966,6.599980364934842,,
C1C[C@@]2(CCN(C2)C3=CC=CC=N3)CNC1,,,,4.800000874803203
C1CC2(CCNCC2)CN(C1)CC3=CC=CC=C3,,,4.899998417198648,
C1CN(CCN1)C2=NC=C3C(=N2)N(C(=O)C(=N3)C4=CC=C(C=C4)Cl)CCC#N,5.100179497572904,5.0,,4.59999938302362
C1CN(CCC12CCN(CC2)C(=O)C3=NC=CN=C3)C4=CC=CC=N4,,,,4.800000874803203
COC1=CC=C(C=C1)NC(=O)N2CC[C@]3(C2)CCCN(C3)C(=O)C4=CC=NC=C4,,,,4.800000874803203
C1CN(CCC12CCN(CC2)C(=O)NC3=CC(=CC=C3)F)C(=O)C4=CC=CO4,,,,5.0
COC1=CC2=C(C=C1)NC=C2CCNC3=NC=NC4=C3C=C(C=C4)C5=CN=CC=C5,7.100179497572904,6.0,5.0999990348465305,6.0
CCNC1=NC=C2C(=N1)N(C(=O)C(=N2)C3=CC=CS3)CCC4=CC=CC=C4,5.0,,4.700000503883016,4.800000874803203
C1CN(CCC12CN(C2)CC3=CC=CC=C3)S(=O)(=O)C4=CC=CC=C4,,,6.79997073344623,
CN1C=CC=C1C(=O)N2CCC3(CCN(CC3)CC4=NC=CS4)CC2,,,,4.700000503883016
CC1=CC=CC=C1C2=NC3=CC=CC=C3C(=N2)NC4CC4,6.300162274132754,,4.40000018605658,5.399996913372259
COC1=CC=CC(=C1)NC2=NC=C3C(=N2)N(C(=O)C(=N3)C4=CC=CC=C4)C[C@H]5CCCO5,5.300162274132754,5.499996931948306,,5.0
COC1=CC=CC=C1CN2CC3(C2)CCN(CC3)C(=O)C4=NC=CN=C4,,,,4.700000503883016
C1=CC=C(C=C1)CN2C3=NC=NC=C3N=C(C2=O)C4=CC(=CC=C4)F,5.698970004336019,4.899998417198648,,5.0
C1CN(CCC12CCN(CC2)C(=O)C3=NC=CN=C3)CC4=CC=NC=C4,4.600326278518962,,,4.499999678657065
C1C[C@@]2(CCN(C2)CC3=NC=CS3)CN(C1)C(=O)C4=CC=NC=C4,,4.40000018605658,4.700000503883016,4.899998417198648
CC(C)CN1CC[C@]2(C1)CCCN(C2)S(=O)(=O)C3=CC=CC=C3,4.600326278518962,,6.299988937677887,5.299997602857746
CN1C2=NC(=NC=C2N=C(C1=O)C3=CC=C(C=C3)F)OC4=CC=C(C=C4)OC,5.698970004336019,,,5.399996913372259
CC(=O)N1CCC[C@]2(C1)CCN(C2)CC3=CC=CC=C3OC,,,5.499996931948306,
CN(C)CC1=CC=CC=C1C2=NC=CC(=N2)NC3CC3,5.801342913045578,,6.199970640755866,4.800000874803203
CN1C=C(C2=CC=CC=C21)C3=NC4=CN=C(N=C4N(C3=O)C)OC,6.0,,,5.299997602857746
C1CN(CCN1)C2=NC=C3C(=N2)N(C(=O)C(=N3)C4=CC=C(C=C4)F)CC5=CC=CS5,5.0,4.800000874803203,4.700000503883016,5.0
C1=CC=C2C(=C1)C(=NC(=N2)C3=COC=C3)NCC4=CC=CS4,6.5003129173815966,,5.399996913372259,5.0999990348465305
CC1=C(C(=NO1)C)C(=O)N2CCC[C@]3(C2)CCN(C3)C(C4=CC=CC=C4)C5=CC=CC=C5,4.801342913045577,,,5.0999990348465305
CCNC1=NC=C2C(=N1)N(C(=O)C(=N2)C)C3CC3,5.300162274132754,,,
CN(C)C1=CC=C(C=C1)C2=NC3=CC=CC=C3C(=N2)N(C)C,6.600326278518962,6.100015437450609,5.0999990348465305,4.899998417198648
CC1=C(C(=NO1)C)C2=NC3=CC=CC=C3C(=N2)NCCNC(=O)C,5.801342913045578,,,4.800000874803203
CN1CC[C@]2(C1)CCCN(C2)S(=O)(=O)C3=CC=CC=C3,5.0,,5.0,5.0999990348465305
C1=CC=C(C(=C1)C2=CC(=NC=N2)NCC3=CN=CC=C3)Cl,5.5003129173815966,,,5.0
COC1=NC=C2C(=N1)N(C(=O)C(=N2)C3=CC=CS3)C4=CC=CC=C4,5.698970004336019,,,
CN(C)C1=NC(=NC2=CC=CC=C21)C3=CN=CC=C3,6.899629454882437,6.100015437450609,4.800000874803203,5.0999990348465305
CCNC1=NC=C2C(=N1)N(C(=O)C=N2)CCC3=CC=CC=C3,6.0,4.800000874803203,4.59999938302362,4.800000874803203
C1C[C@@]2(CCN(C2)C3=CC=CC(=C3)C4=CC=CC=C4)CN(C1)S(=O)(=O)C5=CC=CC=C5,4.801342913045577,4.899998417198648,,4.899998417198648
COC1=CC(=C(C=C1)CNC2=NC(=NC3=CC=CC=C32)C4=CC(=CC=C4)OC)OC,5.801342913045578,6.50003813440381,4.800000874803203,5.399996913372259
C1COCCN1C2=NC=C3C(=N2)N(C(=O)C(=N3)C4=CC=C(C=C4)F)CC5=CC=C(C=C5)F,4.698970004336019,,4.40000018605658,
CC1=NC2=CN=C(N=C2N(C1=O)CC3=CC(=CC=C3)OC)NC4=CC=CC=C4,,5.699991797446187,6.0,5.399996913372259
CC(=O)N1CCC2(CCN(CC2)C(C3=CC=CC=C3)C4=CC=CC=C4)CC1,,4.40000018605658,5.0999990348465305,4.59999938302362
CC1=C(C(=NO1)C)C2=CN=CN=C2NCC3=CN=CC=C3,,,,5.499996931948306
C1CN(CCN1)C2=NC=C3C(=N2)N(C(=O)C(=N3)CCC4=CC=CC=C4)CC5=CC=CS5,4.801342913045577,,,5.0999990348465305
CC1=CC=CC=C1C2=CC(=NC=N2)NCC3=CC=CC=C3,5.400116927926312,,4.499999678657065,
CN(C)C(=O)C1=CC=C(C=C1)C2=CN=CN=C2NCC3=CC=CS3,4.698970004336019,,4.40000018605658,5.499996931948306
C1COCCN1C2=NC(=NC3=CC=CC=C32)C4=CC=CC=C4C(F)(F)F,6.100179497572904,,4.59999938302362,4.899998417198648
CC(=O)NCCNC1=NC=NC2=C1C=C(C=C2)C3=CC=C(C=C3)C(=O)N(C)C,4.600326278518962,,,
COC1=CC=C(C=C1)N2C(=O)C=NC3=CN=C(N=C32)OC4=CC=CC=C4,4.801342913045577,,,4.800000874803203
CC(=O)N1CCC[C@]2(C1)CCN(C2)CC3=NC=CS3,,,,4.499999678657065
C1OC2=C(O1)C=C(C=C2)C3=NC=CC(=N3)NCC4=CC=CC=C4,6.400116927926312,,5.799998134593398,6.100015437450609
CN(C)C1=CC=C(C=C1)C2=CC(=NC=N2)NCC3=CC=CC=C3,6.0,,,4.800000874803203
COC1=CC=CC=C1CCN2C3=NC=NC=C3N=C(C2=O)C4=CC=CS4,5.698970004336019,5.599997654072044,5.599997654072044,5.499996931948306
C1CN(CCC12CN(C2)C(=O)NC3=CC(=CC=C3)F)S(=O)(=O)C4=CC=CC=C4,,4.700000503883016,4.40000018605658,
CS(=O)(=O)NC1=CC=CC(=C1)C2=CN=CN=C2NC3=CC=CC=C3,5.300162274132754,,4.59999938302362,6.299988937677887
COCCN1C2=NC(=NC=C2N=C(C1=O)C3=CC=C(C=C3)OC)OCC4=CC=CC=C4,5.400116927926312,,,4.59999938302362
C1=CC(=CN=C1)CNC2=NC=NC=C2C3=COC=C3,6.0,,,6.0
CCNC1=NC=C2C(=N1)N(C(=O)C(=N2)C3=CC=CC=C3)C4CC4,5.600326278518962,,5.900008766455316,
COC1=CC=CC(=C1)C2=NC3=CC=CC=C3C(=N2)NC4CC4,6.899629454882437,,5.0999990348465305,5.900008766455316
C1CNCCC1NC2=NC=NC3=C2C=C(C=C3)C4=CC=CC=C4C(F)(F)F,4.698970004336019,6.899974269892137,,
C1CN(CCC12CN(C2)C(=O)NC3=CC(=CC=C3)F)C(=O)C4=CC(=CC=C4)F,,,,4.899998417198648
C1COCCN1C2=NC=C3C(=N2)N(C(=O)C(=N3)C4=CC=C(C=C4)Cl)CCC5=CC=CC=C5,5.698970004336019,,,4.800000874803203
CC1=CC(=CC=C1)CNC2=NC(=NC=C2)C3=CN=CC=C3,6.899629454882437,,6.199970640755866,6.299988937677887
C1C[C@@]2(CCN(C2)CC3=CC=C(C=C3)C#N)CN(C1)S(=O)(=O)C4=CC=CC=C4,4.801342913045577,,5.900008766455316,5.0
CN1C2=NC(=NC=C2N=C(C1=O)C3=CC=CC=C3)NC4=CC(=CC=C4)OC,5.5003129173815966,,,
CN1C2=NC(=NC=C2N=C(C1=O)C3=CC=C(C=C3)Cl)OC,6.899629454882437,,,4.59999938302362
C1CN(CCC12CN(C2)C(=O)NC3=CC=CC=C3)C(=O)C4=CC=NC=C4,5.0,,,4.59999938302362
CN(C)C1=NC=C2C(=N1)N(C(=O)C=N2)CCC#N,4.899629454882437,5.0,,
CN1CCCC2(C1)CCN(CC2)C(=O)C3=CC=NC=C3,,6.100015437450609,5.0999990348465305,
C1CC2(CCN(CC2)C(=O)C3=CC(=CC(=C3)C(F)(F)F)C(F)(F)F)CN(C1)C(=O)NC4=CC=CC=C4,4.500312917381596,,,4.800000874803203
COC1=CC=C(C=C1)N2C3=NC(=NC=C3N=C(C2=O)C4=CC=CC=C4)N5CCNCC5,4.801342913045577,,,
CC1=C(C(=NO1)C)C(=O)N2CCC[C@]3(C2)CCN(C3)C(=O)NC4=CC=C(C=C4)OC,,4.40000018605658,,5.0999990348465305
C1CC1NC2=NC=NC3=C2C=C(C=C3)C4=COC=C4,6.100179497572904,,4.40000018605658,5.299997602857746
CN(C)C1=NC=C2C(=N1)N(C(=O)C(=N2)C3=CC=CC(=C3)C#N)C[C@H]4CCCO4,5.5003129173815966,,5.599997654072044,
C1=CC=C(C=C1)NC2=NC=NC=C2C3=COC=C3,6.0,,4.59999938302362,5.699991797446187
C1CC2(CCN(CC2)C(=O)C3=NC=CN=C3)CN(C1)CC4=CC=CC=C4,,,5.0999990348465305,4.800000874803203
CN1CCCC2(C1)CCN(CC2)C(=O)C3=CC(=CC=C3)F,4.500312917381596,4.700000503883016,,
CN(C)C1=NC=C2C(=N1)N(C(=O)C(=N2)C3=CC=CS3)CC4=CC=CS4,5.400116927926312,,,5.499996931948306
CC1=CN=C(C=N1)CNC2=NC=NC3=C2C=C(C=C3)C4=CC=CC=C4C#N,5.600326278518962,,,5.399996913372259
CN1CCN(CC1)C2=NC=C3C(=N2)N(C(=O)C(=N3)C4=CC=CC=C4)CCOC,4.801342913045577,,,
C1C[C@@H](OC1)CN2C3=NC(=NC=C3N=C(C2=O)CCC4=CC=CC=C4)OC5=CC(=CC=C5)Cl,5.400116927926312,5.199998172182031,,6.299988937677887
CN1CCN(CC1)C2=NC=NC3=C2C=C(C=C3)C4=CC=CC=C4Cl,5.801342913045578,,4.59999938302362,5.299997602857746
C1CN(CCN1)C2=NC=C3C(=N2)N(C(=O)C(=N3)C4=CC(=CC(=C4)F)F)C5=CC=CC=C5,4.899629454882437,,,4.59999938302362
CN(C)C(=O)C1=CC=C(C=C1)C2=CN=CN=C2NCC3=C(C=C(C=C3)OC)OC,4.801342913045577,,4.700000503883016,6.299988937677887
C1CC2(CCN(CC2)C(=O)C3=CC=NC=C3)CN(C1)CC4=CC=CC=C4,,,,5.0
C1CC2(CCN(CC2)C(=O)OC3=CC=CC=C3)CN(C1)C4=NC=CC=N4,5.0,4.899998417198648,4.899998417198648,
CN1C2=NC(=NC=C2N=C(C1=O)C3=CC=C(C=C3)OC)N4CCOCC4,5.600326278518962,,,
CN1C2=NC=NC=C2N=C(C1=O)C3=CC=CS3,5.8996294548824375,4.40000018605658,,5.0999990348465305
COC1=CC=CC=C1CN2CCC3(CC2)CCN(CC3)C(=O)OC,,,5.699991797446187,
COC1=NC=C2C(=N1)N(C(=O)C(=N2)C3=CC=CS3)CCC4=CC=CC=C4,5.8996294548824375,5.900008766455316,,5.0
C1COCCN1C2=NC=C3C(=N2)N(C(=O)C(=N3)C4=CC=CC(=C4)C#N)CCC#N,4.801342913045577,,,4.800000874803203
C1CN(CCC12CCN(CC2)C(=O)C3=CC(=CC(=C3)C(F)(F)F)C(F)(F)F)CC4=CC=NC=C4,,4.899998417198648,,5.199998172182031
C1CN(CCN1)C2=NC(=NC=C2)C3=CC=CC=C3C(F)(F)F,5.0,5.900008766455316,,
CC1=CC=CC=C1C2=CC(=NC=N2)N(C)CC3=CC=CO3,5.400116927926312,,4.40000018605658,
CN1CCN(CC1)C2=NC(=NC=C2)C3=COC=C3,4.899629454882437,,4.40000018605658,
CC1=CN=C(C=N1)CNC2=NC=NC=C2C3=CC=CC=C3OC,4.698970004336019,,4.40000018605658,5.900008766455316
COC(=O)N1CCC2(CCN(CC2)C(=O)NC3=CC=CC(=C3)C#N)CC1,,,5.599997654072044,
C1CC2(CCN(CC2)C(=O)C3=CSN=N3)CN(C1)C4=CC=C(C=C4)C5=CC=CC=C5,,,,5.0999990348465305
CN1CCN(CC1)C2=NC=C3C(=N2)N(C(=O)C(=N3)C4=CC=C(C=C4)OC)CC5=CC(=CC=C5)OC,4.801342913045577,,,
CN1CCN(CC1)C2=NC=NC(=C2)C3=COC=C3,4.899629454882437,,,
COC1=CC=CC=C1CNC2=NC=NC3=C2C=C(C=C3)C4=CC=CC(=C4)C#N,6.600326278518962,,5.599997654072044,5.0999990348465305
COC1=CC=CC(=C1)C2=CC3=C(C=C2)N=CN=C3N4CCNCC4,6.100179497572904,,,5.0
COCCN1C2=NC(=NC=C2N=C(C1=O)C3=CC(=CC(=C3)F)F)OC,5.400116927926312,4.40000018605658,,4.800000874803203
CN1C2=NC(=NC=C2N=C(C1=O)C3=CC=CC=C3)OC,5.801342913045578,,,
CN1C=CC=C1C(=O)N2CCC3(CCCN(C3)C(=O)NC4=CC=C(C=C4)OC)CC2,4.600326278518962,,,4.59999938302362
COC1=CC=C(C=C1)NC(=O)N2CCCC3(C2)CCN(CC3)S(=O)(=O)C,,,,4.499999678657065
C1C[C@@]2(CCN(C2)CC3=CC=CC=C3)CN(C1)C(=O)C4=CSN=N4,,,6.700057099977233,4.899998417198648
COC1=CC=CC=C1C2=CC3=C(C=C2)N=CN=C3NC4CC4,6.5003129173815966,,5.0,5.399996913372259
CS(=O)(=O)N1CCC[C@]2(C1)CCN(C2)C3=CC=CC=C3,4.500312917381596,4.59999938302362,,4.899998417198648
CN(CC1=CC=CO1)C2=NC=NC(=C2)C3=CC=CC=C3Cl,5.600326278518962,,,
COC1=CC=CC=C1CNC2=NC(=NC=C2)C3=CC=CC=C3Cl,5.300162274132754,,4.899998417198648,5.599997654072044
C1CC2(CCN(CC2)C(=O)C3=CC(=CC=C3)F)CN(C1)CC4=CC=CC=C4,,,5.0,
CC1=CC=CC=C1C2=NC=CC(=N2)NCCNC(=O)C,5.400116927926312,,,4.700000503883016
CC(=O)N1CCC2(CC1)CCN(CC2)C(=O)NC3=CC(=CC=C3)F,,,5.499996931948306,
COCCN1C2=NC(=NC=C2N=C(C1=O)C3=CC=CC=C3)NC4=CC(=CC=C4)OC,5.400116927926312,,,
COC1=CC=C(C=C1)NC(=O)N2CC3(C2)CCN(CC3)C(=O)C4=CC(=CC(=C4)C(F)(F)F)C(F)(F)F,,4.700000503883016,,6.899974269892137
C1CN(CCN1)C2=NC=NC3=C2C=C(C=C3)C4=CN=CC=C4,5.8996294548824375,,,4.899998417198648
C1CC2(CCNCC2)CN(C1)CC3=NC=CS3,,4.499999678657065,,
C1CN(CCC12CN(C2)C3=CC=CC=C3)C(=O)C4=CC=NC=C4,,5.599997654072044,5.0999990348465305,
C1=CC=C(C=C1)COC2=NC=C3C(=N2)N(C(=O)C=N3)CCC#N,4.899629454882437,,,
CC1=C(C(=NO1)C)C2=CC3=C(C=C2)N=CN=C3NCC4=CC=CC=C4OC,5.100179497572904,6.100015437450609,4.40000018605658,4.899998417198648
CN(C)C1=NC=C2C(=N1)N(C(=O)C(=N2)C3=CC=CC=C3)CC4=CC=C(C=C4)F,4.899629454882437,,,
C1=CC(=CC(=C1)C2=CC(=NC=N2)N3C=CN=C3)C#N,6.899629454882437,,,6.400007822415902
COC1=CC=C(C=C1)C2=NC3=CN=C(N=C3N(C2=O)CC4=CC=CS4)OC5=CC=CC=C5,,5.900008766455316,,
CN1C=CC=C1C(=O)N2CCC3(CCCN(C3)C(=O)NC4=CC=CC(=C4)C#N)CC2,,4.59999938302362,,4.59999938302362
C1CN(CCC12CCN(CC2)C(=O)C3=CC(=CC=C3)F)CC4=CC=NC=C4,4.899629454882437,5.599997654072044,4.899998417198648,4.800000874803203
CN1C=CC=C1C(=O)N2CCC3(CCCN(C3)C4=CC=C(C=C4)C5=CC=CC=C5)CC2,4.801342913045577,4.800000874803203,,4.899998417198648
C1C[C@@]2(CCN(C2)CC3=NC=CS3)CN(C1)S(=O)(=O)C4=CC=CC=C4,4.801342913045577,4.499999678657065,5.599997654072044,5.499996931948306
CC1=NC2=CN=C(N=C2N(C1=O)C3CC3)N4CCNCC4,5.400116927926312,,,
C1COCCN1C2=NC=C3C(=N2)N(C(=O)C(=N3)C4=CC=CC=C4)CC5=CC=C(C=C5)F,4.698970004336019,4.800000874803203,,
COC1=CC=CC(=C1)NC2=NC=C3C(=N2)N(C(=O)C=N3)CCC4=CC=CC=C4,5.400116927926312,6.100015437450609,,5.0999990348465305
CC1=NC2=CN=C(N=C2N(C1=O)CC3=CC=CS3)N4CCNCC4,6.199970640755866,,4.899998417198648,5.499996931948306
CCNC1=NC=C2C(=N1)N(C(=O)C(=N2)C3=CC=C(C=C3)F)CC4=CC=C(C=C4)F,4.698970004336019,,,
C1CN(CCC12CCN(CC2)S(=O)(=O)C3=CC=CC=C3)C(C4=CC=CC=C4)C5=CC=CC=C5,,6.299988937677887,,4.899998417198648
CC1=NC2=CN=C(N=C2N(C1=O)CCC3=CC=CC=C3)N(C)C,5.8996294548824375,4.899998417198648,,4.499999678657065
CN1CCN(CC1)C2=NC=C3C(=N2)N(C(=O)C(=N3)C4=CN(C5=CC=CC=C54)C)C6=CC=CC=C6,4.801342913045577,,,4.59999938302362
COC1=CC=C(C=C1)C(=O)N2CCC3(CCCN(C3)C(=O)NC4=CC=CC(=C4)C#N)CC2,4.801342913045577,4.40000018605658,,5.199998172182031
COC1=CC=C(C=C1)OC2=NC=C3C(=N2)N(C(=O)C(=N3)C4=CC(=CC(=C4)F)F)C5CC5,5.5003129173815966,4.700000503883016,,5.0999990348465305
CN(C)C(=O)C1=CC=C(C=C1)C2=NC3=CC=CC=C3C(=N2)NCC4=CN=CC=C4,5.0,,4.40000018605658,4.899998417198648
CN(C)C1=CC=C(C=C1)C2=CC3=C(C=C2)N=CN=C3NCCOC,6.600326278518962,,4.700000503883016,5.0999990348465305
COCC(=O)N1CCC[C@]2(C1)CCN(C2)C(C3=CC=CC=C3)C4=CC=CC=C4,4.899629454882437,,5.199998172182031,5.0
C1CC2(CCN(CC2)C(=O)C3=CC(=CC=C3)F)CN(C1)CC4=CC=C(C=C4)C#N,,4.40000018605658,,5.0
C1COCCN1C2=NC=NC3=C2C=C(C=C3)C4=COC=C4,6.100179497572904,,,4.700000503883016
C1CN(CCC12CCN(CC2)C(=O)OC3=CC=CC=C3)C4=CC=NC=C4,,4.700000503883016,4.40000018605658,
C1CN(CCC12CN(C2)CC3=CC=CC=C3)C(=O)C4=CC=NC=C4,,,5.199998172182031,4.700000503883016
CN1C=C(C2=CC=CC=C21)C3=NC4=CN=C(N=C4N(C3=O)CCC#N)N5CCOCC5,5.100179497572904,,,4.800000874803203
C1CN(CCN1)C2=NC=C3C(=N2)N(C(=O)C(=N3)C4=CC=C(C=C4)Cl)C5=CC=CC=C5,5.400116927926312,4.800000874803203,,4.899998417198648
COCC(=O)N1CCC2(CC1)CN(C2)C3=CC=C(C=C3)C4=CC=CC=C4,,,,4.899998417198648
C1COCCN1CCNC2=NC=NC3=C2C=C(C=C3)C4=COC=C4,4.899629454882437,,5.699991797446187,4.800000874803203
COC1=NC=C2C(=N1)N(C(=O)C(=N2)C3=CC=CC=C3)C4CC4,5.8996294548824375,4.59999938302362,,4.59999938302362
CNC1=NC=NC=C1C2=CC=C(C=C2)C(=O)N(C)C,4.801342913045577,,,5.299997602857746
CN(C)C(=O)C1=CC=C(C=C1)C2=CN=CN=C2N3C=CN=C3,4.698970004336019,,4.59999938302362,5.0
CS(=O)(=O)N1CCC2(CCCN(C2)CC3=CC=C(C=C3)C#N)CC1,,,4.700000503883016,
COC1=CC=CC(=C1)NC2=NC=C3C(=N2)N(C(=O)C(=N3)CCC4=CC=CC=C4)CC5=CC=CS5,5.5003129173815966,,,5.199998172182031
COCCN1C(=O)C=NC2=CN=C(N=C21)N3CCOCC3,5.0,,,
COCCN1C2=NC(=NC=C2N=C(C1=O)C3=CC=CC=C3)OC4=CC(=CC=C4)Cl,6.0,6.299988937677887,,4.700000503883016
C1=CC=C(C(=C1)C2=NC3=CC=CC=C3C(=N2)NC4=CC=NC=C4)C(F)(F)F,5.0,6.100015437450609,4.59999938302362,6.199970640755866
CN1CCCC2(C1)CCN(CC2)C(=O)C3=CC(=CC(=C3)C(F)(F)F)C(F)(F)F,,,,4.59999938302362
COC(=O)N1CCC[C@]2(C1)CCN(C2)C(=O)NC3=CC(=CC=C3)F,4.801342913045577,4.40000018605658,5.0,4.899998417198648
CC1=C(C(=NO1)C)C(=O)N2CCC3(CCN(CC3)CC4=CC=CC=C4)CC2,,4.499999678657065,,
CN1C=CC=C1C(=O)N2CCC3(CCCN(C3)CC4=NC=CS4)CC2,,,,4.899998417198648
CN(C)C(=O)C1=CC=C(C=C1)C2=NC=CC(=N2)NCC3=CN=CC=C3,4.801342913045577,,,4.800000874803203
CN1CC[C@]2(C1)CCCN(C2)C(=O)C3=CC(=CC(=C3)C(F)(F)F)C(F)(F)F,,,,4.59999938302362
C1CC1N2C3=NC(=NC=C3N=C(C2=O)C4=CC=CS4)OC5=CC=CC=C5,5.600326278518962,5.499996931948306,,
C1CC2(CCN(CC2)C(=O)OC3=CC=CC=C3)CN(C1)C4=CC=CC(=C4)C5=CC=CC=C5,,,,4.800000874803203
COC1=CC=C(C=C1)C2=NC3=CN=C(N=C3N(C2=O)C4CC4)NC5=CC(=CC=C5)OC,5.400116927926312,,,
CN(C)C(=O)C1=CC=C(C=C1)C2=CC(=NC=N2)N3C=CN=C3,4.899629454882437,,4.899998417198648,5.699991797446187
CN(CC1=CC=CO1)C2=NC=NC=C2C3=CC=CC(=C3)C#N,4.899629454882437,,,5.0999990348465305
CN(CC1=CC=CO1)C2=NC=NC(=C2)C3=CC=CC(=C3)C#N,6.100179497572904,7.199970640755866,,
CN1C=CC=C1C(=O)N2CCC3(CCN(CC3)C4=CC=CC(=C4)C5=CC=CC=C5)CC2,4.698970004336019,,,
CN1CCN(CC1)C2=NC=C3C(=N2)N(C(=O)C(=N3)C4=CC(=CC(=C4)F)F)C5CC5,4.801342913045577,5.0,,4.40000018605658
CN1CC[C@]2(C1)CCCN(C2)C(=O)C3=CC=NC=C3,,,,4.499999678657065
COC1=CC(=C(C=C1)CNC2=NC=NC=C2C3=CC4=C(C=C3)OCO4)OC,6.300162274132754,6.0,6.100015437450609,6.899974269892137
C1CNCCC1NC2=NC(=NC3=CC=CC=C32)C4=CC=CC=C4C(F)(F)F,5.100179497572904,,,
C1CC2(CCN(CC2)C(=O)C3=CSN=N3)CN(C1)C4=NC=CC=N4,4.899629454882437,,4.800000874803203,4.899998417198648
COC1=CC=CC(=C1)NC2=NC=C3C(=N2)N(C(=O)C(=N3)CCC4=CC=CC=C4)C5CC5,5.300162274132754,,,5.0
CC(=O)NCCNC1=NC(=NC2=CC=CC=C21)C3=CC=C(C=C3)N(C)C,5.5003129173815966,,4.700000503883016,5.0
COC1=CC(=C(C=C1)CNC2=NC=NC=C2C3=CN=CC=C3)OC,5.5003129173815966,6.700057099977233,4.800000874803203,6.299988937677887
C1CC1N2C(=O)C=NC3=CN=C(N=C32)OC4=CC(=CC=C4)Cl,5.600326278518962,5.199998172182031,,
COC1=CC(=C(C=C1)CNC2=NC(=NC3=CC=CC=C32)C4=COC=C4)OC,6.199970640755866,5.900008766455316,4.899998417198648,5.0
CC(=O)N1CCC2(CCN(CC2)CC3=CC(=CC(=C3)C(F)(F)F)C(F)(F)F)CC1,4.801342913045577,,,
CN(C)CC1=CC=CC=C1C2=CC3=C(C=C2)N=CN=C3NCCC4=CNC5=C4C=C(C=C5)OC,4.500312917381596,,5.0,5.799998134593398
CC(C)NC(=O)N1CCC2(CC1)CCN(CC2)S(=O)(=O)C,,,4.800000874803203,
CS(=O)(=O)NC1=CC=CC(=C1)C2=NC=CC(=N2)NCC3=CC=CC=C3,6.300162274132754,5.900008766455316,4.59999938302362,5.0999990348465305
CCNC1=NC=C2C(=N1)N(C(=O)C(=N2)CCC3=CC=CC=C3)CCOC,5.698970004336019,5.0,6.400007822415902,4.800000874803203
C1=CC=C(C(=C1)C2=CN=CN=C2NCC3=CN=CC=C3)C(F)(F)F,4.698970004336019,,4.700000503883016,6.199970640755866
CN(C)C1=NC=C2C(=N1)N(C(=O)C(=N2)C3=CC=C(C=C3)OC)C4CC4,5.400116927926312,,,
C1COCCN1C2=NC=C3C(=N2)N(C(=O)C(=N3)C4=CC=C(C=C4)Cl)CCC#N,4.801342913045577,4.499999678657065,,
C1CN(CCC12CN(C2)CC3=CC=NC=C3)C(=O)C4=NC=CN=C4,4.801342913045577,4.499999678657065,,
C1CN(CCC12CCN(CC2)C(=O)C3=CC=CO3)CC4=NC=CS4,,,6.0,4.59999938302362
CC1=C(C(=NO1)C)C2=CC3=C(C=C2)N=CN=C3N4CCOCC4,4.899629454882437,,,4.499999678657065
C1=CC=C(C=C1)N2C3=NC=NC=C3N=C(C2=O)C4=CC(=C(C=C4)F)F,4.899629454882437,4.800000874803203,,4.700000503883016
C1CN(CCC12CCN(CC2)C(=O)C3=CC(=CC=C3)F)CC4=CC(=CC(=C4)C(F)(F)F)C(F)(F)F,,,,4.800000874803203
C1CC2(CCN(CC2)C(=O)C3=CC=NC=C3)CN(C1)C4=CC=CC(=C4)C5=CC=CC=C5,4.899629454882437,6.400007822415902,5.299997602857746,6.599980364934842
COC1=CC=C(C=C1)C(=O)N2CCC3(CCCN(C3)CC4=CC=C(C=C4)C#N)CC2,,4.40000018605658,,5.299997602857746
C1CN(CCC12CCN(CC2)C(=O)C3=CC=NC=C3)CC4=CC(=CC(=C4)C(F)(F)F)C(F)(F)F,,,,4.899998417198648
C1CN(CCC12CN(C2)CC3=CC(=CC(=C3)C(F)(F)F)C(F)(F)F)C(=O)C4=CC=CO4,,,5.199998172182031,
CC(=O)N1CCC2(CCCN(C2)C(=O)NC3=CC(=CC=C3)F)CC1,,,,4.499999678657065
CNC1=NC=NC(=C1)C2=CC=CC=C2CN(C)C,4.500312917381596,,6.199970640755866,
CC1=C(C(=NO1)C)C2=NC3=CC=CC=C3C(=N2)NCC4=CC=CS4,6.698970004336019,,5.399996913372259,5.199998172182031
C1CC2(CCN(CC2)C(=O)C3=CC=NC=C3)CN(C1)C4=CC=CC=N4,5.0,5.799998134593398,4.59999938302362,
CCNC1=NC=C2C(=N1)N(C(=O)C(=N2)CCC3=CC=CC=C3)C4=CC=C(C=C4)OC,5.100179497572904,4.800000874803203,6.599980364934842,5.199998172182031
CN(C)C(=O)C1=CC=C(C=C1)C2=NC=CC(=N2)NC3=CC=C(C=C3)F,5.199970640755866,,,5.0
COC1=CC=C(C=C1)C(=O)N2CCC3(CC2)CN(C3)C4=CC=NC=C4,,4.40000018605658,4.59999938302362,4.800000874803203
CNC1=NC(=NC2=CC=CC=C21)C3=CC=CC(=C3)C#N,7.100179497572904,,,5.0
C1=CC(=CC=C1NC2=NC=NC=C2C3=COC=C3)F,6.5003129173815966,,,6.299988937677887
CC1=CN=C(C=N1)CNC2=NC=NC=C2C3=CN=CC=C3,4.801342913045577,,,5.0
CC1=CC=CC=C1C2=NC3=CC=CC=C3C(=N2)NC,6.300162274132754,,4.499999678657065,4.700000503883016
CN(CC1=CC=CO1)C2=NC=NC(=C2)C3=CC=CC=C3OC,6.0,,4.899998417198648,
CC1=CN=C(C=N1)CNC2=NC(=NC3=CC=CC=C32)C4=CC=CC=C4C(F)(F)F,4.899629454882437,,4.59999938302362,5.299997602857746
COC1=CC=C(C=C1)C(=O)N2CCC3(CCCN(C3)CC4=CC=CC=C4OC)CC2,,,4.899998417198648,4.800000874803203
CC1=NC2=CN=C(N=C2N(C1=O)CC3=CC(=CC=C3)OC)NC4=CC(=CC=C4)OC,5.300162274132754,6.0,,5.499996931948306
COCCN1C2=NC(=NC=C2N=C(C1=O)C3=CC(=CC(=C3)F)F)OCC4=CC=CC=C4,5.400116927926312,4.800000874803203,,4.899998417198648
C1CC1N2C3=NC(=NC=C3N=C(C2=O)C4=CC=CC(=C4)C#N)N5CCNCC5,5.300162274132754,6.199970640755866,,4.700000503883016
CC1=CC=CC=C1C2=NC3=CC=CC=C3C(=N2)N4CCOCC4,5.698970004336019,6.79997073344623,,4.800000874803203
CN(C)C(=O)C1=CC=C(C=C1)C2=NC3=CC=CC=C3C(=N2)NC4CCNCC4,4.698970004336019,5.900008766455316,,
CN(C)C1=NC=C2C(=N1)N(C(=O)C(=N2)C3=CC=C(C=C3)Cl)C4CC4,6.400116927926312,,,
CC1=CN=C(C=N1)CNC2=NC=NC=C2C3=CC=CC=C3Cl,4.801342913045577,,4.59999938302362,6.599980364934842
CC1=CC=CC=C1C2=CN=CN=C2NC3CCNCC3,8.100179497572903,,5.0,4.800000874803203
CC(C)NC(=O)N1CCC2(CC1)CCN(CC2)C(=O)OC3=CC=CC=C3,,,,4.59999938302362
CCNC1=NC=C2C(=N1)N(C(=O)C(=N2)C3=CN(C4=CC=CC=C43)C)C5=CC=C(C=C5)OC,5.100179497572904,,,
CC1=C(C(=NO1)C)C2=NC=CC(=N2)N3CCOCC3,6.199970640755866,,,
C1=CC=C(C=C1)CCC2=NC3=CN=CN=C3N(C2=O)CC4=CC=C(C=C4)F,5.0,5.0999990348465305,4.59999938302362,5.499996931948306
CC1=NC2=CN=C(N=C2N(C1=O)CC3=CC=C(C=C3)F)OC4=CC=C(C=C4)OC,5.199970640755866,4.700000503883016,5.399996913372259,6.400007822415902
COC1=CC=C(C=C1)C(=O)N2CCC3(CCN(CC3)CC4=CC=NC=C4)CC2,,5.0999990348465305,,4.800000874803203
COC1=CC=CC=C1CN2CCC3(CC2)CCN(CC3)S(=O)(=O)C,,,7.698970004336019,
CN1CCN(CC1)C2=NC=C3C(=N2)N(C(=O)C(=N3)C4=CC=C(C=C4)OC)CC5=CC=C(C=C5)F,5.0,,,4.59999938302362
C1C[C@@]2(CCN(C2)C3=CC=CC(=C3)C4=CC=CC=C4)CN(C1)C(=O)C5=NC=CN=C5,4.600326278518962,5.0999990348465305,4.59999938302362,5.399996913372259
CC1=C(C(=NO1)C)C2=NC=CC(=N2)N(C)C,6.199970640755866,,,4.499999678657065
C1=CC=C(C=C1)COC2=NC=C3C(=N2)N(C(=O)C(=N3)C4=CC=CC=C4)CCC#N,5.5003129173815966,4.899998417198648,,5.0999990348465305
COC1=CC=CC=C1CN2CCCC3(C2)CCN(CC3)S(=O)(=O)C,,,7.199970640755866,
COC1=CC=CC(=C1)C2=NC3=CC=CC=C3C(=N2)NCCN4CCOCC4,5.400116927926312,,4.899998417198648,4.899998417198648
CC1=C(C(=NO1)C)C2=CC(=NC=N2)NCC3=CC=CC=C3,5.300162274132754,,,
COCCN1C2=NC(=NC=C2N=C(C1=O)CCC3=CC=CC=C3)N4CCNCC4,5.300162274132754,4.899998417198648,,4.899998417198648
COCCN1C2=NC(=NC=C2N=C(C1=O)C3=CC=CS3)OCC4=CC=CC=C4,5.600326278518962,,,5.499996931948306
C1C[C@@H](OC1)CN2C3=NC(=NC=C3N=C(C2=O)C4=CC=CC(=C4)C#N)N5CCOCC5,6.100179497572904,,,
CNC1=NC=NC=C1C2=CC=CC=C2OC,5.801342913045578,,,6.599980364934842
COC1=NC=C2C(=N1)N(C(=O)C(=N2)C3=CC=C(C=C3)Cl)CCC#N,6.199970640755866,,6.199970640755866,5.499996931948306
CCNC1=NC=C2C(=N1)N(C(=O)C=N2)C[C@H]3CCCO3,5.0,,,
C1CN(CCC12CCN(CC2)C(=O)C3=CC(=CC(=C3)C(F)(F)F)C(F)(F)F)CC4=CC=C(C=C4)C#N,,,4.40000018605658,
COC1=CC=CC=C1CN2CC[C@]3(C2)CCCN(C3)S(=O)(=O)C4=CC=CC=C4,4.600326278518962,,8.0,5.0
C1OC2=C(O1)C=C(C=C2)C3=NC=CC(=N3)NC4=CC=C(C=C4)F,6.199970640755866,,5.0,5.699991797446187
C1CC1N2C3=NC=NC=C3N=C(C2=O)C4=CC=CS4,5.600326278518962,4.800000874803203,,5.299997602857746
COC1=CC=C(C=C1)NC(=O)N2CCCC3(C2)CCN(CC3)C(=O)C4=CC=CO4,,,,4.800000874803203
COC1=NC=C2C(=N1)N(C(=O)C(=N2)C3=CC(=CC(=C3)F)F)CCC#N,5.199970640755866,,,4.700000503883016
CN(C)CC1=CC=CC=C1C2=NC3=CC=CC=C3C(=N2)N(C)CC4=CC=CO4,6.100179497572904,,6.100015437450609,5.799998134593398
COC1=CC=CC(=C1)CN2C3=NC(=NC=C3N=C(C2=O)C4=CC=C(C=C4)F)OC,4.801342913045577,4.700000503883016,,5.0999990348465305
C1C[C@@]2(CCN(C2)CC3=CC=CC=C3)CNC1,,,4.800000874803203,5.0
CC1=CC(=CC=C1)CNC2=NC(=NC3=CC=CC=C32)C4=CC=C(C=C4)C(=O)N(C)C,4.600326278518962,,4.59999938302362,
CCNC1=NC=C2C(=N1)N(C(=O)C(=N2)C3=CN(C4=CC=CC=C43)C)CC5=CC=C(C=C5)F,4.801342913045577,4.59999938302362,,4.800000874803203
CC1=NC2=CN=C(N=C2N(C1=O)C3=CC=CC=C3)NC4=CC(=CC=C4)OC,5.300162274132754,4.499999678657065,,4.800000874803203
CS(=O)(=O)N1CCC[C@]2(C1)CCN(C2)CC3=CC=C(C=C3)C#N,,,4.700000503883016,4.59999938302362
C1CC1N2C3=NC(=NC=C3N=C(C2=O)C4=CC=C(C=C4)Cl)N5CCOCC5,5.8996294548824375,,,
CC(C)CN1CC2(C1)CCN(CC2)C(=O)C3=CC=C(C=C3)OC,4.600326278518962,,,
CC1=CC(=CC=C1)CNC2=NC(=NC3=CC=CC=C32)C4=CN=CC=C4,6.199970640755866,,4.59999938302362,6.0
C1CN(CCN1)C2=NC=C3C(=N2)N(C(=O)C(=N3)C4=CC=CS4)CCC#N,4.899629454882437,5.0999990348465305,,4.899998417198648
CC1=CC=CC=C1C2=NC3=CC=CC=C3C(=N2)NCCOC,5.8996294548824375,,,4.899998417198648
COC1=CC=C(C=C1)C(=O)N2CCC3(CCN(CC3)C4=NC=CC=N4)CC2,,,4.700000503883016,5.299997602857746
COC1=CC=CC=C1CN2CC[C@]3(C2)CCCN(C3)C(=O)C4=CC=CO4,4.400116927926312,,6.299988937677887,4.700000503883016
COCCN1C2=NC(=NC=C2N=C(C1=O)C3=CC=CC=C3)N4CCNCC4,4.801342913045577,5.499996931948306,,4.800000874803203
COC1=CC=CC(=C1)CN2C3=NC(=NC=C3N=C(C2=O)C4=CC=C(C=C4)Cl)N5CCNCC5,4.600326278518962,4.899998417198648,4.40000018605658,4.800000874803203
CN(C)CC1=CC=CC=C1C2=NC=CC(=N2)N(C)C,4.899629454882437,,6.0,5.0
CC1=NC2=CN=C(N=C2N(C1=O)C)NC3=CC(=CC=C3)OC,6.0,,,
C1C[C@@]2(CCN(C2)C3=CC=CC=C3)CN(C1)C(=O)C4=CSN=N4,4.899629454882437,,,5.499996931948306
C1OC2=C(O1)C=C(C=C2)C3=NC4=CC=CC=C4C(=N3)NCC5=CC=CC=C5,6.300162274132754,,4.899998417198648,6.0
CC1=NC2=CN=C(N=C2N(C1=O)C3=CC=C(C=C3)OC)N(C)C,5.199970640755866,,,4.700000503883016
CN(C)CC1=CC=CC=C1C2=CC(=NC=N2)NCC3=CC=CS3,4.600326278518962,,5.699991797446187,5.0
COCCN1C2=NC(=NC=C2N=C(C1=O)C3=CC=C(C=C3)OC)OC4=CC=C(C=C4)OC,5.400116927926312,,,5.399996913372259
CN1CCN(CC1)C2=NC=C3C(=N2)N(C(=O)C=N3)C[C@H]4CCCO4,5.0,,,
CN(C)C1=NC=C2C(=N1)N(C(=O)C(=N2)C3=CC=C(C=C3)Cl)C4=CC=CC=C4,5.300162274132754,,6.199970640755866,
CN(C)C1=NC=C2C(=N1)N(C(=O)C(=N2)C3=CC=CC=C3)CC4=CC(=CC=C4)OC,5.0,4.800000874803203,,5.199998172182031
CS(=O)(=O)NC1=CC=CC(=C1)C2=NC3=CC=CC=C3C(=N2)NCC4=CC=CC=C4,5.600326278518962,,4.700000503883016,5.499996931948306
CN1C2=NC(=NC=C2N=C(C1=O)C3=CC=CC=C3)NC4=CC=CC=C4,4.801342913045577,,,
CC(C)NC(=O)N1CCCC2(C1)CCN(CC2)C(=O)C3=CSN=N3,,,4.899998417198648,4.59999938302362
CN(C)C1=CC=C(C=C1)C2=CC(=NC=N2)N3C=CN=C3,6.801342913045577,6.100015437450609,5.0999990348465305,7.199970640755866
COC1=CC=C(C=C1)C2=NC3=CN=C(N=C3N(C2=O)CCC4=CC=CC=C4)OC,5.199970640755866,5.199998172182031,,5.0
CC1=C(C(=NO1)C)C2=CC3=C(C=C2)N=CN=C3N(C)CC4=CC=CO4,5.600326278518962,,4.700000503883016,4.59999938302362
C1C[C@@]2(CCN(C2)CC3=NC=CS3)CN(C1)C(=O)OC4=CC=CC=C4,,,,5.199998172182031
CN1C=CC=C1C(=O)N2CCC3(CCN(CC3)CC4=CC=CC=C4OC)CC2,,,5.399996913372259,
COC1=CC=C(C=C1)OC2=NC=C3C(=N2)N(C(=O)C=N3)C4CC4,5.300162274132754,4.59999938302362,,4.59999938302362
C1CC2(CCN(CC2)C(=O)C3=NC=CN=C3)CN(C1)C(=O)NC4=CC=CC(=C4)C#N,4.698970004336019,,,4.800000874803203
CN(CC1=CC=CO1)C2=NC=NC=C2C3=CN=CC=C3,5.300162274132754,,,5.599997654072044
C1CN(CCN1)C2=NC=C3C(=N2)N(C(=O)C(=N3)C4=CC=CC=C4)CCC#N,4.600326278518962,5.0,,5.499996931948306
CC1=NC2=CN=C(N=C2N(C1=O)C3CC3)OC4=CC=CC=C4,5.0,4.899998417198648,,4.59999938302362
CN(C)C1=NC(=NC2=CC=CC=C21)C3=CC(=CC=C3)NS(=O)(=O)C,6.300162274132754,,4.59999938302362,5.199998172182031
C1=CSC(=C1)C2=NC3=CN=CN=C3N(C2=O)CC4=CC=C(C=C4)F,5.600326278518962,6.0,6.199970640755866,4.899998417198648
C1=CC=C(C=C1)CNC2=NC(=NC=C2)C3=CN=CC=C3,6.600326278518962,,5.900008766455316,6.199970640755866
CC(C)CN1CCCC2(C1)CCN(CC2)C(=O)C3=CC=NC=C3,4.899629454882437,,4.899998417198648,4.899998417198648
COC1=CC=C(C=C1)NC(=O)N2CCC3(CCN(CC3)C(=O)C4=CSN=N4)CC2,5.199970640755866,,,4.899998417198648
C1CN(CCN1)C2=NC=C3C(=N2)N(C(=O)C(=N3)C4=CC=CS4)CC5=CC=CS5,5.400116927926312,4.899998417198648,,5.599997654072044
CN1C2=NC(=NC=C2N=C(C1=O)C3=CC=CC(=C3)C#N)N(C)C,5.5003129173815966,,,
C1=CC=C(C=C1)CCC2=NC3=CN=C(N=C3N(C2=O)CC4=CC=CS4)NC5=CC=CC=C5,,,,5.399996913372259
C1=CC=C(C=C1)OC2=NC=C3C(=N2)N(C(=O)C(=N3)C4=CC=C(C=C4)F)CCC#N,6.300162274132754,,,
COC1=CC=CC=C1CN2CCCC3(C2)CCN(CC3)C(=O)C4=CC(=CC(=C4)C(F)(F)F)C(F)(F)F,,,,4.59999938302362
C1C[C@@]2(CCN(C2)CC3=CC=C(C=C3)C#N)CN(C1)C(=O)C4=CC(=CC=C4)F,4.500312917381596,,5.0999990348465305,5.0999990348465305
CCNC1=NC=C2C(=N1)N(C(=O)C(=N2)C)CC3=CC(=CC=C3)OC,5.5003129173815966,4.800000874803203,4.59999938302362,5.0999990348465305
C1CN(CCC12CCN(CC2)C(=O)C3=CC(=CC(=C3)C(F)(F)F)C(F)(F)F)C4=CC=NC=C4,4.600326278518962,,4.800000874803203,5.0
C1=CC=C(C=C1)OC2=NC=C3C(=N2)N(C(=O)C(=N3)C4=CC=CS4)CCC#N,5.5003129173815966,5.0999990348465305,,
C1C[C@@H](OC1)CN2C(=O)C=NC3=CN=C(N=C32)N4CCOCC4,5.0,5.799998134593398,,4.800000874803203
C1=CC=C(C=C1)C2=NC3=CN=C(N=C3N(C2=O)CC4=CC=CS4)OC5=CC=CC=C5,5.600326278518962,5.499996931948306,,
COC1=CC=C(C=C1)N2C(=O)C=NC3=CN=C(N=C32)N4CCNCC4,4.899629454882437,4.40000018605658,,
C1CN(CCC12CCN(CC2)C(=O)OC3=CC=CC=C3)C(C4=CC=CC=C4)C5=CC=CC=C5,4.899629454882437,,,5.499996931948306
CN(C)CC1=CC=CC=C1C2=NC3=CC=CC=C3C(=N2)NC4CC4,5.300162274132754,,5.399996913372259,4.800000874803203
CC(C)CN1CCC2(CC1)CCN(CC2)S(=O)(=O)C3=CC=CC=C3,,,6.0,
C1=CC(=CN=C1)C2=NC=CC(=N2)NCC3=CC=CS3,6.698970004336019,6.400007822415902,6.199970640755866,6.0
C1C[C@@]2(CCN(C2)C3=CC=CC=C3)CN(C1)C(=O)C4=CC(=CC=C4)F,,,,5.199998172182031
CC1=CN=C(C=N1)CNC2=NC=NC(=C2)C3=CC=CC=C3OC,4.899629454882437,,4.700000503883016,
CN1CCN(CC1)C2=NC=C3C(=N2)N(C(=O)C(=N3)C4=CC=C(C=C4)Cl)CC5=CC=CS5,5.0,,,4.899998417198648
CC1=CC(=CC=C1)CNC2=NC(=NC3=CC=CC=C32)C4=CC5=C(C=C4)OCO5,6.199970640755866,6.0,4.700000503883016,6.400007822415902
COC1=CC=CC(=C1)NC2=NC=C3C(=N2)N(C(=O)C(=N3)C4=CC=C(C=C4)Cl)C[C@H]5CCCO5,5.0,,,4.800000874803203
C1CN(CCC12CCN(CC2)C(=O)OC3=CC=CC=C3)C(=O)NC4=CC(=CC=C4)F,,4.40000018605658,,5.0
CN(C)C(=O)C1=CC=C(C=C1)C2=NC3=CC=CC=C3C(=N2)N(C)CC4=CC=CO4,5.100179497572904,,4.40000018605658,
C1CC2(CCN(CC2)S(=O)(=O)C3=CC=CC=C3)CN(C1)C(=O)NC4=CC=CC(=C4)C#N,5.5003129173815966,,,4.899998417198648
CN(C)C1=NC=C2C(=N1)N(C(=O)C(=N2)C3=CC(=CC(=C3)F)F)CC4=CC=CS4,5.801342913045578,,,5.299997602857746
CN1C=CC=C1C(=O)N2CCC[C@]3(C2)CCN(C3)C(C4=CC=CC=C4)C5=CC=CC=C5,4.698970004336019,4.40000018605658,4.700000503883016,4.899998417198648
CN(C)C1=NC=NC2=C1C=C(C=C2)C3=CC=CC=C3C(F)(F)F,6.199970640755866,,4.800000874803203,5.0
CCNC1=NC=C2C(=N1)N(C(=O)C(=N2)C3=CC=C(C=C3)OC)CC4=CC(=CC=C4)OC,4.801342913045577,,,4.59999938302362
C1CC2(CCNCC2)CN(C1)C3=CC=CC=C3,,,5.0999990348465305,4.59999938302362
C1CC2(CCN(CC2)C(=O)C3=NC=CN=C3)CN(C1)C4=CC=NC=C4,,,,4.899998417198648
CN1C2=NC=NC=C2N=C(C1=O)C3=CC=CC=C3,6.199970640755866,,,4.899998417198648
CCNC1=NC=C2C(=N1)N(C(=O)C(=N2)C3=CC=CS3)C4=CC=C(C=C4)OC,5.0,,,5.0
C1=CC(=CC=C1CN2C3=NC=NC=C3N=C(C2=O)C4=CC(=CC(=C4)F)F)F,5.8996294548824375,5.499996931948306,,5.0
CCNC1=NC=C2C(=N1)N(C(=O)C(=N2)C)C,5.300162274132754,,4.40000018605658,
CN(CC1=CC=CO1)C2=NC=NC=C2C3=CC(=CC=C3)NS(=O)(=O)C,4.801342913045577,6.299988937677887,4.700000503883016,6.100015437450609
C1=CC=C(C=C1)CCC2=NC3=CN=C(N=C3N(C2=O)CCC#N)OCC4=CC=CC=C4,4.899629454882437,4.800000874803203,,6.700057099977233
CN(C)C1=CC=C(C=C1)C2=NC3=CC=CC=C3C(=N2)NCC4=CN=CC=C4,5.801342913045578,5.799998134593398,5.0999990348465305,5.699991797446187
CN1CCN(CC1)C2=NC=C3C(=N2)N(C(=O)C(=N3)CCC4=CC=CC=C4)CC5=CC(=CC=C5)OC,4.801342913045577,4.59999938302362,4.700000503883016,4.800000874803203
CC(C)CN1CC[C@]2(C1)CCCN(C2)C(=O)C3=CC=CO3,,,5.199998172182031,4.899998417198648
COC1=CC2=C(C=C1)NC=C2CCNC3=NC=NC4=C3C=C(C=C4)C5=CC=CC(=C5)C#N,5.600326278518962,7.199970640755866,5.499996931948306,5.599997654072044
COC1=CC(=C(C=C1)CNC2=NC(=NC=C2)C3=CC=CC=C3Cl)OC,5.300162274132754,,4.40000018605658,5.499996931948306
COCC(=O)N1CCC[C@]2(C1)CCN(C2)CC3=NC=CS3,,,,4.700000503883016
COC(=O)N1CCC2(CCCN(C2)C(=O)NC3=CC(=CC=C3)F)CC1,,,,4.59999938302362
CN(C)C1=NC=C2C(=N1)N(C(=O)C(=N2)CCC3=CC=CC=C3)C4=CC=C(C=C4)OC,5.5003129173815966,,,5.499996931948306
COC1=CC2=C(C=C1)NC=C2CCNC3=NC(=NC4=CC=CC=C43)C5=CC=CC=C5OC,5.199970640755866,,4.899998417198648,5.599997654072044
C1C[C@@]2(CCN(C2)C3=CC=NC=C3)CN(C1)C(=O)C4=CC=CO4,4.899629454882437,4.800000874803203,4.59999938302362,5.900008766455316
C1CN(CCC12CCN(CC2)C(=O)OC3=CC=CC=C3)C(=O)NC4=CC=CC=C4,,,,5.0
CC1=C(C(=NO1)C)C(=O)N2CCC[C@]3(C2)CCN(C3)CC4=NC=CS4,,,,4.800000874803203
CS(=O)(=O)NC1=CC=CC(=C1)C2=NC3=CC=CC=C3C(=N2)NCC4=CN=CC=C4,5.600326278518962,6.0,4.700000503883016,5.699991797446187
CN1C2=NC(=NC=C2N=C(C1=O)C3=CC=C(C=C3)Cl)N(C)C,5.801342913045578,,,
CN(CC1=CC=CO1)C2=NC=NC(=C2)C3=CC(=CC=C3)NS(=O)(=O)C,5.400116927926312,,4.59999938302362,4.800000874803203
C1CC2(CCN(CC2)S(=O)(=O)C3=CC=CC=C3)CN(C1)CC4=CC=C(C=C4)C#N,,4.899998417198648,6.199970640755866,5.499996931948306
COC1=NC=C2C(=N1)N(C(=O)C(=N2)C3=CC=C(C=C3)Cl)C[C@H]4CCCO4,6.300162274132754,4.59999938302362,5.0,5.0
CC(=O)NCCNC1=NC=NC2=C1C=C(C=C2)C3=CC(=CC=C3)NS(=O)(=O)C,4.801342913045577,,,5.0999990348465305
CC1=CN=C(C=N1)CNC2=NC(=NC=C2)C3=C(ON=C3C)C,4.899629454882437,,,5.0
CC1=C(C(=NO1)C)C(=O)N2CCC3(CCCN(C3)C(=O)NC4=CC=CC(=C4)C#N)CC2,5.0,,,
CN(C)C(=O)C1=CC=C(C=C1)C2=NC3=CC=CC=C3C(=N2)NCC4=C(C=C(C=C4)OC)OC,4.801342913045577,6.0,,5.399996913372259
CC1=CC=CC=C1C2=CN=CN=C2NCC3=CN=CC=C3,4.801342913045577,,4.800000874803203,6.199970640755866
C1COCCN1C2=NC=C3C(=N2)N(C(=O)C(=N3)C4=CC=CC=C4)CCC#N,5.0,,,
C1CC1NC2=NC=NC=C2C3=COC=C3,4.801342913045577,,4.59999938302362,5.0999990348465305
COC1=CC=C(C=C1)NC(=O)N2CCC3(CCN(CC3)C(=O)C4=NC=CN=C4)CC2,5.0,4.499999678657065,,
CCNC1=NC=C2C(=N1)N(C(=O)C=N2)C,5.300162274132754,,,
C1CC2(CCNCC2)CN(C1)C(=O)NC3=CC=CC=C3,4.600326278518962,,,4.700000503883016
C1C[C@@]2(CCN(C2)CC3=CC(=CC(=C3)C(F)(F)F)C(F)(F)F)CNC1,,4.499999678657065,4.40000018605658,5.399996913372259
COC1=CC=C(C=C1)OC2=NC=C3C(=N2)N(C(=O)C(=N3)C4=CC=CC(=C4)C#N)CCC#N,4.600326278518962,4.59999938302362,,5.499996931948306
C1OC2=C(O1)C=C(C=C2)C3=CC4=C(C=C3)N=CN=C4NC5=CC=CC=C5,6.600326278518962,5.799998134593398,6.899974269892137,5.599997654072044
COCCN1C(=O)C=NC2=CN=C(N=C21)OC3=CC(=CC=C3)Cl,5.5003129173815966,4.800000874803203,,4.499999678657065
CC1=NC2=CN=C(N=C2N(C1=O)C)N(C)C,5.400116927926312,,,4.800000874803203
CC1=C(C(=NO1)C)C2=NC=CC(=N2)NCCOC,5.600326278518962,,,4.499999678657065
COC1=CC=CC=C1C2=CC(=NC=N2)NCC3=CN=CC=C3,6.5003129173815966,,4.700000503883016,5.299997602857746
CC1=CN=C(C=N1)CNC2=NC(=NC3=CC=CC=C32)C4=C(ON=C4C)C,6.600326278518962,,,4.700000503883016
C1CNCCC12CCN(CC2)C3=CC=CC(=C3)C4=CC=CC=C4,4.801342913045577,,4.40000018605658,4.800000874803203
C1CN(CCC12CCN(CC2)C(=O)NC3=CC=CC=C3)C(=O)C4=CC=CO4,5.0,,,4.899998417198648
COC1=NC=C2C(=N1)N(C(=O)C=N2)C3CC3,5.0,,,
C1C[C@@]2(CCN(C2)C(=O)NC3=CC=CC(=C3)C#N)CN(C1)C(=O)OC4=CC=CC=C4,,4.40000018605658,4.800000874803203,5.599997654072044
CS(=O)(=O)NC1=CC=CC(=C1)C2=CC(=NC=N2)NCC3=CC=CS3,5.199970640755866,6.100015437450609,4.700000503883016,4.800000874803203
COC1=CC=C(C=C1)C(=O)N2CCC[C@]3(C2)CCN(C3)C(=O)NC4=CC=C(C=C4)OC,4.600326278518962,4.899998417198648,,4.800000874803203
CN1C2=NC(=NC=C2N=C(C1=O)C3=CC=CC(=C3)C#N)OC4=CC=C(C=C4)OC,5.698970004336019,,,5.0
COC1=CC=CC=C1CN2CCCC3(C2)CCN(CC3)C(=O)C4=CSN=N4,,,6.100015437450609,4.800000874803203
CC1=CC=CC=C1C2=NC=CC(=N2)NC,5.300162274132754,,,4.800000874803203
COC1=CC(=C(C=C1)CNC2=NC=NC(=C2)C3=CN=CC=C3)OC,5.8996294548824375,,4.40000018605658,5.799998134593398
COC1=NC=C2C(=N1)N(C(=O)C(=N2)C3=CC=CC=C3)C[C@H]4CCCO4,6.100179497572904,,,4.59999938302362
CC1=NC2=CN=C(N=C2N(C1=O)C3CC3)OC4=CC=C(C=C4)OC,5.100179497572904,4.59999938302362,4.59999938302362,4.800000874803203
COC1=CC=CC(=C1)CN2C3=NC(=NC=C3N=C(C2=O)C4=CC=CC=C4)OC,4.801342913045577,4.899998417198648,4.40000018605658,5.0999990348465305
COC1=CC=CC(=C1)NC2=NC=C3C(=N2)N(C(=O)C(=N3)C4=CC=C(C=C4)Cl)CCC#N,5.300162274132754,,,5.699991797446187
C1CN(CCC12CCN(CC2)C(=O)C3=CSN=N3)C4=CC=NC=C4,,4.800000874803203,,4.800000874803203
CC1=CC(=CC=C1)CNC2=NC=NC=C2C3=CC(=CC=C3)OC,5.698970004336019,,4.899998417198648,6.400007822415902
CN1C=C(C2=CC=CC=C21)C3=NC4=CN=C(N=C4N(C3=O)CCC5=CC=CC=C5)OC,5.0,7.600326278518962,4.499999678657065,5.0999990348465305
COC1=CC=C(C=C1)C2=NC3=CN=C(N=C3N(C2=O)CCC4=CC=CC=C4)N5CCOCC5,5.0,,,
C1C[C@@]2(CCN(C2)C3=CC=CC=C3)CN(C1)C(=O)C4=CC(=CC(=C4)C(F)(F)F)C(F)(F)F,,,,5.499996931948306
C1C[C@@H](OC1)CN2C3=NC(=NC=C3N=C(C2=O)CCC4=CC=CC=C4)N5CCOCC5,5.400116927926312,,,5.0
COC1=CC=CC=C1C2=NC=CC(=N2)NC3CCNCC3,4.801342913045577,,,
COCCN1C2=NC(=NC=C2N=C(C1=O)C3=CC(=CC(=C3)F)F)OC4=CC(=CC=C4)Cl,5.300162274132754,5.399996913372259,,5.0
COC1=NC=C2C(=N1)N(C(=O)C(=N2)C3=CC=C(C=C3)F)CC4=CC=CS4,6.199970640755866,,,5.599997654072044
C1C[C@@]2(CCN(C2)C3=CC=CC(=C3)C4=CC=CC=C4)CN(C1)C(=O)C5=CC=NC=C5,4.801342913045577,5.799998134593398,5.0,5.900008766455316
CN1C=CC=C1C(=O)N2CCC3(CC2)CCN(CC3)C(=O)NC4=CC=C(C=C4)OC,,,,5.0
COC1=CC=C(C=C1)C2=NC3=CN=C(N=C3N(C2=O)CC4=CC=CS4)OC5=CC=C(C=C5)OC,4.801342913045577,5.499996931948306,,5.499996931948306
C1CC1N2C3=NC(=NC=C3N=C(C2=O)C4=CC=C(C=C4)Cl)OC5=CC=CC=C5,6.899629454882437,5.199998172182031,,
CN(C)C1=NC(=NC2=CC=CC=C21)C3=CC(=CC=C3)OC,6.600326278518962,6.100015437450609,4.899998417198648,5.299997602857746
COC1=CC=CC=C1C2=CC3=C(C=C2)N=CN=C3N4CCOCC4,6.199970640755866,,,5.199998172182031
CN(CC1=CC=CO1)C2=NC=NC=C2C3=CC=CC=C3Cl,4.600326278518962,6.100015437450609,4.899998417198648,6.299988937677887
COC1=CC=C(C=C1)N2C3=NC(=NC=C3N=C(C2=O)C4=CC=CS4)N5CCOCC5,4.899629454882437,4.700000503883016,,4.700000503883016
CS(=O)(=O)N1CCC[C@]2(C1)CCN(C2)C3=CC=NC=C3,,,,5.0999990348465305
CS(=O)(=O)NC1=CC=CC(=C1)C2=NC3=CC=CC=C3C(=N2)NC4CC4,6.698970004336019,,,5.499996931948306
COC1=CC2=C(C=C1)NC=C2CCNC3=NC(=NC4=CC=CC=C43)C5=CC=CC(=C5)C#N,5.698970004336019,6.50003813440381,5.0999990348465305,6.0
C1C[C@@]2(CCN(C2)C3=CC=CC(=C3)C4=CC=CC=C4)CN(C1)C(=O)C5=CC=CO5,4.801342913045577,5.299997602857746,4.59999938302362,4.899998417198648
C1CC2(CCN(CC2)C(=O)C3=CC=CO3)CN(C1)CC4=CC=CC=C4,,,,4.899998417198648
C1CN(CCC12CCN(CC2)S(=O)(=O)C3=CC=CC=C3)C(=O)NC4=CC=CC=C4,5.100179497572904,,4.40000018605658,4.800000874803203
CC1=CC=CC=C1C2=NC3=CC=CC=C3C(=N2)N4C=CN=C4,6.5003129173815966,,4.800000874803203,6.400007822415902
CN(C)C1=CC=C(C=C1)C2=NC=CC(=N2)NCC3=CC=CC=C3,5.8996294548824375,,5.499996931948306,5.0999990348465305
C1OC2=C(O1)C=C(C=C2)C3=CC(=NC=N3)NCC4=CN=CC=C4,6.600326278518962,6.50003813440381,4.700000503883016,6.100015437450609
CC1=C(C(=NO1)C)C2=CC(=NC=N2)NC3CC3,6.5003129173815966,,4.700000503883016,4.59999938302362
CC(C)CN1CCC2(CC1)CCN(CC2)C(=O)OC3=CC=CC=C3,,,4.700000503883016,
COC(=O)N1CCC[C@]2(C1)CCN(C2)C3=CC=NC=C3,,4.40000018605658,4.800000874803203,5.399996913372259
COC(=O)N1CCC2(CCN(CC2)C3=CC=CC=N3)CC1,,,5.0,4.700000503883016
COC1=CC=CC=C1C2=NC=CC(=N2)NCC3=CC=CC=C3,5.600326278518962,,5.399996913372259,4.800000874803203
COCC(=O)N1CCC2(CCCN(C2)C(=O)NC3=CC=C(C=C3)OC)CC1,,,,4.40000018605658
CCNC1=NC=C2C(=N1)N(C(=O)C(=N2)C3=CN(C4=CC=CC=C43)C)C,7.0,4.40000018605658,4.899998417198648,5.0
CS(=O)(=O)N1CCC2(CC1)CN(C2)C3=NC=CC=N3,,,,4.700000503883016
CS(=O)(=O)N1CCC2(CCN(CC2)C(C3=CC=CC=C3)C4=CC=CC=C4)CC1,,,5.499996931948306,4.899998417198648
CS(=O)(=O)NC1=CC=CC(=C1)C2=NC3=CC=CC=C3C(=N2)NC4=CC=NC=C4,6.199970640755866,6.199970640755866,4.700000503883016,5.399996913372259
CC1=CC=CC=C1C2=CC(=NC=N2)NCC3=CC=CC=C3OC,5.300162274132754,,4.800000874803203,4.499999678657065
COC1=CC2=C(C=C1)NC=C2CCNC3=NC=NC=C3C4=CC=CC=C4Cl,6.199970640755866,6.700057099977233,6.199970640755866,6.400007822415902
CN1C2=NC(=NC=C2N=C(C1=O)C3=CC(=CC(=C3)F)F)OC4=CC=C(C=C4)OC,5.5003129173815966,,,5.299997602857746
C1CNCCC1NC2=NC(=NC3=CC=CC=C32)C4=CC=CC=C4Cl,4.698970004336019,,,
COC1=CC=CC=C1CNC2=NC=NC(=C2)C3=CN=CC=C3,6.0,,5.299997602857746,6.199970640755866
C1=CC(=CC=C1CN2C3=NC=NC=C3N=C(C2=O)C4=CC=C(C=C4)Cl)F,6.400116927926312,5.699991797446187,,4.800000874803203
CN(C)C1=NC(=NC2=CC=CC=C21)C3=CC=C(C=C3)C(=O)N(C)C,5.0,,4.899998417198648,5.799998134593398
CN1C=CC=C1C(=O)N2CCC[C@]3(C2)CCN(C3)C4=CC=CC=N4,4.500312917381596,,,4.899998417198648
CC1=CN=C(C=N1)CNC2=NC=NC3=C2C=C(C=C3)C4=CC(=CC=C4)OC,5.600326278518962,,4.499999678657065,5.0999990348465305
COC1=CC=C(C=C1)C(=O)N2CCC[C@]3(C2)CCN(C3)C4=CC=CC=N4,4.698970004336019,,,5.299997602857746
CN1CCN(CC1)C2=NC=C3C(=N2)N(C(=O)C(=N3)C4=CC=CS4)C5=CC=C(C=C5)OC,5.600326278518962,,,4.59999938302362
C1CN(CCC12CN(C2)CC3=CC=C(C=C3)C#N)C(=O)C4=CC(=CC(=C4)C(F)(F)F)C(F)(F)F,,,4.499999678657065,
CCNC1=NC=C2C(=N1)N(C(=O)C(=N2)C3=CC(=CC(=C3)F)F)C4CC4,5.698970004336019,,6.50003813440381,
COC1=CC=C(C=C1)C2=NC3=CN=C(N=C3N(C2=O)C4=CC=C(C=C4)OC)N5CCNCC5,5.698970004336019,,,
CC1=NC2=CN=C(N=C2N(C1=O)CCOC)OC3=CC=CC=C3,4.899629454882437,,,4.59999938302362
CN(C)C(=O)C1=CC=C(C=C1)C2=CC(=NC=N2)NCCC3=CNC4=C3C=C(C=C4)OC,4.698970004336019,,,5.199998172182031
CC1=CC(=CC=C1)CNC2=NC(=NC=C2)C3=CC=CC=C3C(F)(F)F,5.199970640755866,5.900008766455316,4.59999938302362,5.499996931948306
COC1=CC=CC(=C1)C2=CC3=C(C=C2)N=CN=C3NC4CCNCC4,4.698970004336019,,,4.499999678657065
CC1=C(C(=NO1)C)C2=CN=CN=C2N3C=CN=C3,4.801342913045577,,,5.599997654072044
CC1=CC=CC=C1C2=NC=CC(=N2)NCC3=CC=CS3,6.300162274132754,,5.599997654072044,5.699991797446187
CC1=CN=C(C=N1)CNC2=NC=NC3=C2C=C(C=C3)C4=CC5=C(C=C4)OCO5,6.400116927926312,,4.899998417198648,5.599997654072044
COC1=CC=CC=C1CNC2=NC(=NC3=CC=CC=C32)C4=CC=CC=C4OC,6.100179497572904,,7.100179497572904,4.899998417198648
COC1=CC=CC=C1CCN2C3=NC=NC=C3N=C(C2=O)C4=CC=CC=C4,6.0,5.299997602857746,4.899998417198648,5.399996913372259
COCCN1C2=NC(=NC=C2N=C(C1=O)C3=CC=C(C=C3)Cl)OC4=CC=C(C=C4)OC,6.0,4.899998417198648,,5.299997602857746
COC1=CC=C(C=C1)C(=O)N2CCC3(CCCN(C3)CC4=CC=CC=C4)CC2,,,5.0999990348465305,4.499999678657065
CN(C)CC1=CC=CC=C1C2=CN=CN=C2NC3CC3,4.801342913045577,,4.59999938302362,4.899998417198648
CCNC1=NC=C2C(=N1)N(C(=O)C(=N2)C3=CC=C(C=C3)Cl)CC4=CC=CS4,5.300162274132754,4.499999678657065,4.59999938302362,
CN(C)C1=CC=C(C=C1)C2=CC3=C(C=C2)N=CN=C3NCC4=CC=CC=C4,6.300162274132754,,4.899998417198648,5.599997654072044
CC(=O)NCCNC1=NC=NC2=C1C=C(C=C2)C3=CC(=CC=C3)OC,5.5003129173815966,,4.40000018605658,4.800000874803203
CN(C)C1=CC=C(C=C1)C2=CN=CN=C2N3C=CN=C3,5.600326278518962,,4.40000018605658,5.599997654072044
CC1=NC2=CN=C(N=C2N(C1=O)C[C@H]3CCCO3)NC4=CC(=CC=C4)OC,6.5003129173815966,4.40000018605658,,5.0
CC1=CN=C(C=N1)CNC2=NC=NC(=C2)C3=COC=C3,4.600326278518962,,,
COC1=CC=CC(=C1)CN2C(=O)C=NC3=CN=C(N=C32)N4CCOCC4,5.400116927926312,4.700000503883016,4.700000503883016,4.800000874803203
COC1=CC2=C(C=C1)NC=C2CCNC3=NC=NC=C3C4=COC=C4,6.300162274132754,6.0,5.799998134593398,5.799998134593398
COC1=CC=C(C=C1)N2C3=NC(=NC=C3N=C(C2=O)C4=CC=CS4)N5CCNCC5,5.300162274132754,,,4.800000874803203
C1COCCN1CCNC2=NC=NC=C2C3=CC=CC=C3Cl,4.801342913045577,,5.0,6.0
CC1=C(C(=NO1)C)C2=NC3=CC=CC=C3C(=N2)N4CCOCC4,6.5003129173815966,,,5.199998172182031
CN1C=C(C2=CC=CC=C21)C3=NC4=CN=C(N=C4N(C3=O)CCOC)OCC5=CC=CC=C5,5.300162274132754,,,5.0999990348465305
COC1=CC=CC(=C1)C2=CC3=C(C=C2)N=CN=C3NCC4=CC=CC=C4,6.100179497572904,6.400007822415902,5.499996931948306,5.299997602857746
CS(=O)(=O)NC1=CC=CC(=C1)C2=CC3=C(C=C2)N=CN=C3NC4CC4,6.199970640755866,,,5.199998172182031
COC1=CC=C(C=C1)N2C3=NC(=NC=C3N=C(C2=O)C4=CC=CS4)OC5=CC=CC=C5,5.400116927926312,4.899998417198648,,
CC1=CN=C(C=N1)CNC2=NC=NC3=C2C=C(C=C3)C4=COC=C4,4.899629454882437,,4.40000018605658,4.800000874803203
CC1=CN=C(C=N1)CNC2=NC(=NC3=CC=CC=C32)C4=CC5=C(C=C4)OCO5,5.698970004336019,,4.800000874803203,6.100015437450609
C1CN(CCC12CCN(CC2)C(=O)NC3=CC(=CC=C3)F)C(=O)C4=CC(=CC=C4)F,,,,5.0999990348465305
CN1CCN(CC1)C2=NC=C3C(=N2)N(C(=O)C(=N3)CCC4=CC=CC=C4)C5=CC=C(C=C5)OC,,,,4.899998417198648
C1=CC=C(C(=C1)C2=CN=CN=C2NCCC3=CN=CN3)C(F)(F)F,5.199970640755866,6.50003813440381,4.899998417198648,6.50003813440381
C1CN(CCC12CCN(CC2)S(=O)(=O)C3=CC=CC=C3)C4=CC=NC=C4,4.899629454882437,6.899974269892137,4.800000874803203,4.899998417198648
CN1C=C(C2=CC=CC=C21)C3=NC4=CN=CN=C4N(C3=O)CCOC,6.400116927926312,5.0,,5.499996931948306
C1=CC=C2C(=C1)C(=NC(=N2)C3=CN=CC=C3)N4C=CN=C4,6.300162274132754,,,5.699991797446187
CN(C)C1=CC=C(C=C1)C2=NC3=CC=CC=C3C(=N2)N4C=CN=C4,6.5003129173815966,6.50003813440381,5.0999990348465305,6.199970640755866
CC1=C(C(=NO1)C)C2=NC=CC(=N2)NCC3=CC=CC=C3OC,6.400116927926312,6.299988937677887,4.700000503883016,5.299997602857746
COC1=CC=C(C=C1)OC2=NC=C3C(=N2)N(C(=O)C=N3)CC4=CC=CS4,5.0,4.800000874803203,4.40000018605658,5.499996931948306
C1CN(CCC12CN(C2)C3=CC=NC=C3)C(=O)C4=CSN=N4,,5.599997654072044,,
CC1=CN=C(C=N1)CNC2=NC(=NC3=CC=CC=C32)C4=CC=C(C=C4)C(=O)N(C)C,4.600326278518962,,,4.800000874803203
COCCN1C2=NC(=NC=C2N=C(C1=O)C3=CC=C(C=C3)Cl)OC4=CC=CC=C4,6.100179497572904,5.0999990348465305,,4.59999938302362
C1=CC(=CC(=C1)C2=CN=CN=C2NCCC3=CN=CN3)C#N,5.5003129173815966,6.100015437450609,4.499999678657065,5.699991797446187
COC(=O)N1CCC[C@]2(C1)CCN(C2)C3=CC=CC=N3,4.801342913045577,4.700000503883016,4.899998417198648,
C1CN(CCC12CN(C2)C3=CC=NC=C3)C(=O)C4=CC(=CC(=C4)C(F)(F)F)C(F)(F)F,,5.399996913372259,,
CC(C)NC(=O)N1CC[C@]2(C1)CCCN(C2)C(=O)C3=CSN=N3,,,,4.800000874803203
C1=CC=C(C=C1)CNC2=NC=NC(=C2)C3=CC=CC=C3C(F)(F)F,4.899629454882437,,4.40000018605658,5.0
COC1=CC=CC=C1C2=NC=CC(=N2)N3C=CN=C3,6.801342913045577,,4.800000874803203,5.799998134593398
CC1=CN=C(C=N1)CNC2=NC=NC(=C2)C3=CC=CC=C3Cl,4.801342913045577,,,5.499996931948306
COC1=CC=C(C=C1)N2C3=NC(=NC=C3N=C(C2=O)CCC4=CC=CC=C4)N5CCNCC5,4.801342913045577,,,4.59999938302362
CC1=CN=C(C=N1)CNC2=NC=NC(=C2)C3=CC=CC=C3CN(C)C,5.100179497572904,,4.899998417198648,
CN(CC1=CC=CO1)C2=NC(=NC3=CC=CC=C32)C4=CC=CC=C4C(F)(F)F,5.698970004336019,,5.0999990348465305,4.899998417198648
COC1=CC=CC=C1CN2CCCC3(C2)CCNCC3,,,4.700000503883016,
COC1=CC=CC=C1CN2CC3(C2)CCN(CC3)C(=O)C4=CC(=CC=C4)F,,,5.699991797446187,
CN1CCN(CC1)C2=NC=C3C(=N2)N(C(=O)C(=N3)C4=CN(C5=CC=CC=C54)C)CCC#N,4.801342913045577,4.40000018605658,4.40000018605658,4.59999938302362
C1CN(CCC12CN(C2)C(C3=CC=CC=C3)C4=CC=CC=C4)C(=O)C5=NC=CN=C5,4.600326278518962,,5.199998172182031,4.899998417198648
CC1=C(C(=NO1)C)C2=NC3=CC=CC=C3C(=N2)NCC4=CC=CC=C4OC,6.199970640755866,6.0,5.0999990348465305,5.0
C1CN(CCN1)C2=NC(=NC3=CC=CC=C32)C4=CC=CC=C4C(F)(F)F,5.0,,,
C1=CC(=CC(=C1)C2=CC3=C(C=C2)N=CN=C3NCC4=CC=CS4)C#N,7.0,6.299988937677887,4.899998417198648,5.499996931948306
CS(=O)(=O)N1CCC2(CC1)CN(C2)C(=O)NC3=CC=CC(=C3)C#N,,,,7.600326278518962
COC1=CC=CC(=C1)C2=NC3=CC=CC=C3C(=N2)NCC4=CN=CC=C4,6.801342913045577,,4.59999938302362,5.699991797446187
CN(C)C1=CC=C(C=C1)C2=NC3=CC=CC=C3C(=N2)NCC4=C(C=C(C=C4)OC)OC,5.400116927926312,5.799998134593398,4.59999938302362,5.299997602857746
COC1=CC=CC=C1CN2CCC3(CC2)CCN(CC3)C(=O)C4=CC(=CC=C4)F,,,5.599997654072044,
CC1=CC=CC=C1C2=CC(=NC=N2)N3CCN(CC3)C,4.899629454882437,,,
COC1=CC2=C(C=C1)NC=C2CCNC3=NC(=NC=C3)C4=CC(=CC=C4)OC,6.698970004336019,6.299988937677887,5.0999990348465305,5.499996931948306
CN(C)C1=NC=C2C(=N1)N(C(=O)C=N2)C3CC3,5.5003129173815966,,,
COC1=CC2=C(C=C1)NC=C2CCNC3=NC(=NC=C3)C4=CN=CC=C4,6.600326278518962,6.100015437450609,5.900008766455316,5.900008766455316
C1=CC=C(C=C1)COC2=NC=C3C(=N2)N(C(=O)C(=N3)C4=CC=CS4)CCC#N,5.400116927926312,5.799998134593398,,5.399996913372259
CC1=NC2=CN=C(N=C2N(C1=O)CC3=CC=CS3)OC,5.400116927926312,,4.59999938302362,4.899998417198648
CC(=O)NCCNC1=NC(=NC2=CC=CC=C21)C3=CC=CC=C3C(F)(F)F,4.801342913045577,,5.399996913372259,4.899998417198648
CCNC1=NC=C2C(=N1)N(C(=O)C(=N2)C)CCOC,5.199970640755866,,,
CCNC1=NC=C2C(=N1)N(C(=O)C(=N2)C3=CN(C4=CC=CC=C43)C)CC5=CC=CS5,5.199970640755866,4.700000503883016,,4.899998417198648
CN(C)C1=NC=C2C(=N1)N(C(=O)C(=N2)C3=CC=C(C=C3)OC)CC4=CC=CS4,5.801342913045578,,,4.899998417198648
COC1=CC=CC=C1CNC2=NC(=NC=C2)C3=CC=CC(=C3)C#N,6.100179497572904,,4.59999938302362,5.399996913372259
CC1=NC2=CN=C(N=C2N(C1=O)CCOC)NC3=CC(=CC=C3)OC,6.0,4.40000018605658,,4.800000874803203
C1C[C@@]2(CCN(C2)CC3=CC=C(C=C3)C#N)CN(C1)C(=O)C4=CC=CO4,,,4.800000874803203,5.0
CN1CCN(CC1)C2=NC(=NC3=CC=CC=C32)C4=CC=CC=C4OC,4.899629454882437,,,4.499999678657065
CN(C)C(=O)C1=CC=C(C=C1)C2=NC=CC(=N2)N(C)CC3=CC=CO3,4.899629454882437,,4.59999938302362,
C1CC2(CCN(CC2)C(=O)C3=CC=CO3)CN(C1)C(=O)NC4=CC(=CC=C4)F,5.0,4.899998417198648,,4.700000503883016
CNC1=NC=NC2=C1C=C(C=C2)C3=CC(=CC=C3)NS(=O)(=O)C,6.5003129173815966,,4.40000018605658,4.899998417198648
COC1=CC2=C(C=C1)NC=C2CCNC3=NC(=NC=C3)C4=CC=CC=C4C(F)(F)F,5.400116927926312,,4.800000874803203,5.699991797446187
CN(C)C1=NC(=NC2=CC=CC=C21)C3=CC=CC=C3OC,6.400116927926312,,5.499996931948306,4.800000874803203
COCC(=O)N1CCC[C@]2(C1)CCN(C2)CC3=CC=CC=C3OC,,,5.199998172182031,
C1C[C@@]2(CCN(C2)CC3=CC=C(C=C3)C#N)CN(C1)C(=O)OC4=CC=CC=C4,4.899629454882437,,5.499996931948306,5.0999990348465305
COC1=CC=CC=C1C2=CC(=NC=N2)NCC3=CC=CC=C3,5.600326278518962,5.900008766455316,4.700000503883016,
CCNC1=NC=C2C(=N1)N(C(=O)C(=N2)C3=CC=C(C=C3)F)CCOC,5.698970004336019,,5.399996913372259,
COC1=CC=CC=C1CNC2=NC=NC(=C2)C3=CC=CC=C3Cl,5.400116927926312,,4.899998417198648,4.40000018605658
CN(C)C1=NC=NC2=C1C=C(C=C2)C3=CC=C(C=C3)C(=O)N(C)C,4.698970004336019,5.900008766455316,,4.700000503883016
CC(C)NC(=O)N1CCCC2(C1)CCN(CC2)S(=O)(=O)C3=CC=CC=C3,,,6.50003813440381,5.0999990348465305
CS(=O)(=O)N1CCC2(CC1)CN(C2)C3=CC=C(C=C3)C4=CC=CC=C4,,4.59999938302362,,
COCC(=O)N1CCC[C@]2(C1)CCN(C2)CC3=CC=CC=C3,,,5.199998172182031,4.59999938302362
CN(C)C1=NC=NC2=C1C=C(C=C2)C3=CN=CC=C3,6.698970004336019,5.900008766455316,4.40000018605658,6.0
C1C[C@@]2(CCN(C2)C3=CC=CC=C3)CN(C1)S(=O)(=O)C4=CC=CC=C4,5.400116927926312,5.599997654072044,,5.299997602857746
C1COCCN1CCNC2=NC(=NC3=CC=CC=C32)C4=CC=CC=C4C(F)(F)F,4.899629454882437,,4.499999678657065,5.0999990348465305
C1C[C@@]2(CCN(C2)C3=CC=CC=C3)CN(C1)C(=O)OC4=CC=CC=C4,,,,4.899998417198648
CC1=NC2=CN=C(N=C2N(C1=O)C[C@H]3CCCO3)N4CCOCC4,5.300162274132754,,,
CN(CC1=CC=CO1)C2=NC=NC3=C2C=C(C=C3)C4=COC=C4,5.600326278518962,,5.299997602857746,4.59999938302362
CN(C)C1=CC=C(C=C1)C2=NC=CC(=N2)NCC3=CC=CS3,6.400116927926312,,6.899974269892137,4.899998417198648
COC1=CC=CC(=C1)C2=NC=CC(=N2)NCC3=CC=CC=C3,6.300162274132754,,6.0,5.399996913372259
C1OC2=C(O1)C=C(C=C2)C3=CC(=NC=N3)N4C=CN=C4,6.698970004336019,,5.299997602857746,6.299988937677887
CN1C2=NC(=NC=C2N=C(C1=O)C3=CC=C(C=C3)F)NC4=CC(=CC=C4)OC,5.5003129173815966,,,
CC1=CC=CC=C1C2=CC3=C(C=C2)N=CN=C3NCCNC(=O)C,6.199970640755866,,4.700000503883016,4.899998417198648
CS(=O)(=O)N1CCC2(CCCN(C2)C3=CC=NC=C3)CC1,,7.100179497572904,,
COC1=CC2=C(C=C1)NC=C2CCNC3=NC=NC=C3C4=CC(=CC=C4)OC,5.698970004336019,7.0,5.599997654072044,6.299988937677887
CC1=C(C(=NO1)C)C2=CC(=NC=N2)NCC3=CC=CC=C3OC,5.300162274132754,,4.59999938302362,4.40000018605658
C1=CC(=CN=C1)C2=CN=CN=C2NCC3=CC=CS3,6.5003129173815966,,4.40000018605658,5.699991797446187
CC1=C(C(=NO1)C)C2=NC3=CC=CC=C3C(=N2)NCC4=CC=CC=C4,6.400116927926312,,5.0999990348465305,5.0999990348465305
CN1C=CC=C1C(=O)N2CCC[C@]3(C2)CCN(C3)C(=O)NC4=CC=CC(=C4)C#N,,,,4.59999938302362
C1C[C@@]2(CCN(C2)C(C3=CC=CC=C3)C4=CC=CC=C4)CN(C1)S(=O)(=O)C5=CC=CC=C5,,5.0,6.199970640755866,5.499996931948306
CN1C2=NC(=NC=C2N=C(C1=O)CCC3=CC=CC=C3)NC4=CC=CC=C4,5.8996294548824375,5.0,,4.899998417198648
CN1CCN(CC1)C2=NC=NC3=C2C=C(C=C3)C4=CC=CC=C4C(F)(F)F,4.899629454882437,,4.499999678657065,4.899998417198648
COC1=CC(=C(C=C1)CNC2=NC(=NC3=CC=CC=C32)C4=CC5=C(C=C4)OCO5)OC,5.400116927926312,6.299988937677887,4.899998417198648,5.900008766455316
C1CC2(CCN(CC2)S(=O)(=O)C3=CC=CC=C3)CN(C1)C(C4=CC=CC=C4)C5=CC=CC=C5,,,6.299988937677887,5.699991797446187
CC1=C(C(=NO1)C)C2=NC3=CC=CC=C3C(=N2)N4CCNCC4,6.100179497572904,,,4.40000018605658
C1CC2(CCN(CC2)C(=O)OC3=CC=CC=C3)CN(C1)C4=CC=CC=N4,4.698970004336019,5.299997602857746,4.40000018605658,4.59999938302362
COC1=CC=C(C=C1)C2=NC3=CN=C(N=C3N(C2=O)C4CC4)OC5=CC(=CC=C5)Cl,5.8996294548824375,6.299988937677887,,5.0
CN(CC1=CC=CO1)C2=NC(=NC=C2)C3=CC(=CC=C3)NS(=O)(=O)C,5.8996294548824375,,4.700000503883016,5.199998172182031
C1=CC(=CC(=C1)Cl)OC2=NC=C3C(=N2)N(C(=O)C(=N3)C4=CC=C(C=C4)Cl)CCC#N,,4.59999938302362,,
CC1=NC2=CN=C(N=C2N(C1=O)C)OC3=CC=CC=C3,4.899629454882437,,,
COCCN1C2=NC(=NC=C2N=C(C1=O)CCC3=CC=CC=C3)NC4=CC=CC=C4,5.300162274132754,,,5.299997602857746
CC1=CC(=CC=C1)CNC2=NC=NC=C2C3=CC=CC=C3C,5.600326278518962,5.900008766455316,5.399996913372259,6.400007822415902
CC(C)CN1CCCC2(C1)CCN(CC2)C(=O)C3=CC(=CC=C3)F,,,4.899998417198648,4.59999938302362
CNC1=NC(=NC2=CC=CC=C21)C3=CC(=CC=C3)NS(=O)(=O)C,6.400116927926312,,,5.0
C1OC2=C(O1)C=C(C=C2)C3=NC4=CC=CC=C4C(=N3)NCC5=CC=CS5,6.100179497572904,5.799998134593398,5.0,6.0
COC1=CC=C(C=C1)C(=O)N2CCC3(CCCN(C3)C4=CC=CC(=C4)C5=CC=CC=C5)CC2,4.899629454882437,5.199998172182031,,5.0999990348465305
C1CC1N2C3=NC(=NC=C3N=C(C2=O)CCC4=CC=CC=C4)N5CCNCC5,5.300162274132754,5.0,4.40000018605658,4.899998417198648
COC1=CC=C(C=C1)N2C3=NC=NC=C3N=C(C2=O)CCC4=CC=CC=C4,4.600326278518962,4.700000503883016,,4.899998417198648
COC1=CC(=C(C=C1)CNC2=NC(=NC=C2)C3=CN=CC=C3)OC,6.5003129173815966,,5.0,6.199970640755866
CC1=NC2=CN=C(N=C2N(C1=O)CCC#N)N3CCNCC3,5.0,,,
COC1=CC=C(C=C1)C(=O)N2CCC[C@]3(C2)CCN(C3)C4=CC=NC=C4,,,,5.900008766455316
COC1=CC=C(C=C1)N2C3=NC(=NC=C3N=C(C2=O)CCC4=CC=CC=C4)OC,4.801342913045577,5.0999990348465305,4.700000503883016,4.800000874803203
COC1=CC=C(C=C1)C(=O)N2CCC3(CCN(CC3)C4=CC=CC(=C4)C5=CC=CC=C5)CC2,4.600326278518962,,,
C1CC1N2C3=NC(=NC=C3N=C(C2=O)C4=CC=CS4)N5CCNCC5,5.698970004336019,6.899974269892137,,5.199998172182031
CS(=O)(=O)NC1=CC=CC(=C1)C2=CC3=C(C=C2)N=CN=C3NCC4=CC=CS4,7.100179497572904,6.299988937677887,4.700000503883016,5.499996931948306
C1CN(CCC12CCN(CC2)C(=O)NC3=CC=CC=C3)C(=O)C4=CC=NC=C4,,,,4.700000503883016
CN1C=C(C2=CC=CC=C21)C3=NC4=CN=C(N=C4N(C3=O)C5=CC=C(C=C5)OC)OC,,,,5.799998134593398
CN(C)C1=CC=C(C=C1)C2=CN=CN=C2NCC3=CC=CC=C3OC,6.199970640755866,5.799998134593398,5.299997602857746,6.700057099977233
C1=CC=C(C(=C1)CN2C(=O)C=NC3=CN=CN=C32)Cl,4.801342913045577,4.700000503883016,4.700000503883016,
CN(C)CC1=CC=CC=C1C2=CC(=NC=N2)N3C=CN=C3,5.300162274132754,,5.599997654072044,5.599997654072044
COC1=CC=C(C=C1)NC(=O)N2CC[C@]3(C2)CCCN(C3)C(=O)C4=CSN=N4,,,,4.499999678657065
C1=CC(=CN=C1)C2=CC(=NC=N2)N3C=CN=C3,7.0,,4.800000874803203,5.799998134593398
C1CN(CCC12CCN(CC2)C(=O)C3=CC=NC=C3)C4=CC=C(C=C4)C5=CC=CC=C5,,,,5.299997602857746
CN1C2=NC(=NC=C2N=C(C1=O)C3=CC=CS3)N(C)C,5.8996294548824375,,,4.499999678657065
C1CN(CCC12CCN(CC2)C(=O)C3=CC=NC=C3)CC4=CC=NC=C4,,4.700000503883016,4.59999938302362,4.800000874803203
COC1=CC=CC=C1C2=CC(=NC=N2)NCC3=CC=CS3,5.801342913045578,,4.899998417198648,4.499999678657065
CS(=O)(=O)NC1=CC=CC(=C1)C2=CC3=C(C=C2)N=CN=C3NC4=CC=CC=C4,6.0,,4.59999938302362,5.0
CC1=NC2=CN=C(N=C2N(C1=O)CCC3=CC=CC=C3)OC4=CC=C(C=C4)OC,6.100179497572904,,,6.100015437450609
C1=CC=C(C(=C1)C#N)C2=CC3=C(C=C2)N=CN=C3NCC4=CN=CC=C4,6.698970004336019,,,5.699991797446187
CN1CCN(CC1)C2=NC=C3C(=N2)N(C(=O)C=N3)C4=CC=C(C=C4)OC,4.899629454882437,,,
CN1C=CC=C1C(=O)N2CCC[C@]3(C2)CCN(C3)CC4=NC=CS4,,4.499999678657065,4.499999678657065,4.800000874803203
C1CN(CCC12CCN(CC2)C(=O)C3=CC(=CC(=C3)C(F)(F)F)C(F)(F)F)C4=NC=CC=N4,,4.59999938302362,,
COC1=NC=C2C(=N1)N(C(=O)C(=N2)C3=CC=C(C=C3)F)C[C@H]4CCCO4,6.0,4.499999678657065,4.800000874803203,4.800000874803203
C1=CC=C(C=C1)CN2C3=NC=NC=C3N=C(C2=O)C4=CC=C(C=C4)F,6.400116927926312,,,4.899998417198648
COC1=CC=C(C=C1)C(=O)N2CCC3(CCCN(C3)CC4=NC=CS4)CC2,,,7.600326278518962,5.0999990348465305
C1CNCCC1NC2=NC=NC3=C2C=C(C=C3)C4=CC=CC(=C4)C#N,4.801342913045577,,,
CN(C)CC1=CC=CC=C1C2=NC=CC(=N2)NCC3=C(C=C(C=C3)OC)OC,4.801342913045577,,6.0,5.299997602857746
CC1=CN=C(C=N1)CNC2=NC=NC3=C2C=C(C=C3)C4=CC=CC=C4Cl,5.199970640755866,,4.800000874803203,5.599997654072044
C1CN(CCC12CCN(CC2)C(=O)C3=NC=CN=C3)C4=CC=CC=C4,,,,5.199998172182031
C1COCCN1C2=NC=C3C(=N2)N(C(=O)C(=N3)C4=CC=CS4)CCC5=CC=CC=C5,5.400116927926312,5.799998134593398,,4.899998417198648
CN(C)C1=CC=C(C=C1)C2=NC3=CC=CC=C3C(=N2)N(C)CC4=CC=CO4,6.199970640755866,6.100015437450609,4.899998417198648,5.0
CN1CCN(CC1)C2=NC=NC(=C2)C3=CC=CC=C3C(F)(F)F,4.899629454882437,,,
CN1C=CC=C1C(=O)N2CCC3(CCCN(C3)CC4=CC=C(C=C4)C#N)CC2,4.899629454882437,,,4.800000874803203
C1C[C@@H](OC1)CN2C3=NC(=NC=C3N=C(C2=O)C4=CC(=CC(=C4)F)F)N5CCOCC5,5.600326278518962,,,
C1CC1N2C(=O)C=NC3=CN=C(N=C32)OC4=CC=CC=C4,5.100179497572904,,,
C1CN(CCC12CN(C2)C(C3=CC=CC=C3)C4=CC=CC=C4)C(=O)C5=CC=NC=C5,4.801342913045577,5.0,7.600326278518962,5.399996913372259
CC1=CC(=CC=C1)CNC2=NC=NC3=C2C=C(C=C3)C4=CC5=C(C=C4)OCO5,6.300162274132754,6.50003813440381,6.299988937677887,5.699991797446187
C1=CC(=CC(=C1)C2=CN=CN=C2NCC3=CC=CS3)C#N,5.801342913045578,6.299988937677887,4.499999678657065,5.900008766455316
CNC1=NC=NC=C1C2=CC=CC=C2CN(C)C,4.801342913045577,,,4.800000874803203
C1C[C@@H](OC1)CN2C3=NC(=NC=C3N=C(C2=O)C4=CC=C(C=C4)Cl)N5CCOCC5,5.698970004336019,,,
CN(CC1=CC=CO1)C2=NC=NC=C2C3=CC(=CC=C3)OC,5.0,,4.899998417198648,5.599997654072044
COC1=CC(=C(C=C1)CNC2=NC=NC3=C2C=C(C=C3)C4=CC=CC(=C4)C#N)OC,5.5003129173815966,7.801342913045577,,5.799998134593398
CN1C=CC=C1C(=O)N2CCC3(CC2)CN(C3)C4=CC=CC=N4,,,,4.899998417198648
CCNC1=NC=C2C(=N1)N(C(=O)C(=N2)C)C3=CC=C(C=C3)OC,4.801342913045577,,,
CC1=C(C(=NO1)C)C(=O)N2CCC3(CCCN(C3)C(=O)NC4=CC(=CC=C4)F)CC2,4.801342913045577,,,4.800000874803203
C1CNCCC1NC2=NC=NC3=C2C=C(C=C3)C4=CN=CC=C4,4.899629454882437,,,4.899998417198648
C1C[C@@]2(CCN(C2)C(C3=CC=CC=C3)C4=CC=CC=C4)CN(C1)C(=O)OC5=CC=CC=C5,4.600326278518962,,5.299997602857746,5.0
C1CN(CCC12CN(C2)C(=O)NC3=CC=CC(=C3)C#N)C(=O)C4=CC=CO4,4.600326278518962,,,
CN1CCN(CC1)C2=NC(=NC=C2)C3=CC=CC=C3OC,6.0,,4.700000503883016,4.499999678657065
CN(C)CC1=CC=CC=C1C2=CC(=NC=N2)NC3CC3,4.899629454882437,8.102372908709558,7.400116927926312,4.59999938302362
COC1=CC=C(C=C1)C2=NC3=CN=C(N=C3N(C2=O)C4=CC=CC=C4)OC,5.400116927926312,,,
C1CC1N2C3=NC(=NC=C3N=C(C2=O)C4=CC=CC=C4)N5CCOCC5,5.5003129173815966,5.0,,
CN(C)C1=NC=C2C(=N1)N(C(=O)C=N2)CC3=CC=CS3,5.801342913045578,4.40000018605658,4.899998417198648,4.800000874803203
CC(C)CN1CCC2(CC1)CCN(CC2)C(=O)OC,,,5.0,
C1CNCCC12CN(C2)CC3=NC=CS3,,,4.40000018605658,
C1=CC=C(C(=C1)CN2C3=NC=NC=C3N=C(C2=O)C4=CC(=C(C=C4)F)F)Cl,5.300162274132754,5.299997602857746,,4.899998417198648
CC1=NC2=CN=C(N=C2N(C1=O)CC3=CC(=CC=C3)OC)OCC4=CC=CC=C4,4.899629454882437,4.899998417198648,4.700000503883016,5.0
C1CN(CCC12CN(C2)CC3=CC=CC=C3)C(=O)C4=CC(=CC=C4)F,,,5.299997602857746,
CN(C)C1=CC=C(C=C1)C2=CN=CN=C2NCC3=CN=CC=C3,6.0,6.299988937677887,4.899998417198648,6.199970640755866
COC1=CC=CC(=C1)NC2=NC=C3C(=N2)N(C(=O)C(=N3)C4=CC=CS4)CCC#N,5.600326278518962,,,5.199998172182031
CC(C)NC(=O)N1CCCC2(C1)CCN(CC2)C(=O)C3=CC(=CC=C3)F,,,4.800000874803203,4.59999938302362
CC1=CN=C(C=N1)CNC2=NC(=NC3=CC=CC=C32)C4=CC=CC=C4OC,5.300162274132754,,4.499999678657065,4.800000874803203
C1CC2(CCN(CC2)C(=O)C3=CC=NC=C3)CN(C1)C4=NC=CC=N4,5.698970004336019,5.799998134593398,4.700000503883016,5.499996931948306
CC1=C(C(=NO1)C)C2=CN=CN=C2NCCN3CCOCC3,4.500312917381596,,,5.199998172182031
C1C[C@@]2(CCN(C2)C(=O)NC3=CC=CC=C3)CN(C1)C(=O)C4=CC=CO4,5.0,,,
C1CC2(CCN(CC2)S(=O)(=O)C3=CC=CC=C3)CN(C1)C4=CC=NC=C4,4.899629454882437,5.399996913372259,5.0999990348465305,5.299997602857746
C1C[C@@]2(CCN(C2)C3=NC=CC=N3)CN(C1)C(=O)OC4=CC=CC=C4,4.899629454882437,5.0,,4.800000874803203
CN1C2=NC(=NC=C2N=C(C1=O)C3=CC(=CC(=C3)F)F)OC4=CC(=CC=C4)Cl,5.698970004336019,6.79997073344623,,5.399996913372259
CN(C)C(=O)C1=CC=C(C=C1)C2=CC3=C(C=C2)N=CN=C3NC4CC4,4.698970004336019,,,4.899998417198648
CS(=O)(=O)N1CCC2(CCCN(C2)CC3=CC=NC=C3)CC1,4.698970004336019,6.0,5.799998134593398,5.0
CC1=C(C(=NO1)C)C2=CC(=NC=N2)NC3=CC=CC=C3,5.8996294548824375,,,
COC1=CC=C(C=C1)C2=NC3=CN=C(N=C3N(C2=O)C[C@H]4CCCO4)NC5=CC=CC=C5,5.600326278518962,,,4.899998417198648
CCNC1=NC=C2C(=N1)N(C(=O)C(=N2)C)CCC#N,4.899629454882437,,,
CN(C)C1=CC=C(C=C1)C2=NC=CC(=N2)NCC3=C(C=C(C=C3)OC)OC,5.5003129173815966,,4.899998417198648,4.899998417198648
C1=CC(=CN=C1)C2=CC(=NC=N2)NCC3=CC=CS3,6.0,,4.59999938302362,5.599997654072044
CS(=O)(=O)NC1=CC=CC(=C1)C2=NC3=CC=CC=C3C(=N2)NC4=CC=C(C=C4)F,6.100179497572904,,4.40000018605658,5.199998172182031
C1CN(CCC12CCN(CC2)C(=O)OC3=CC=CC=C3)C4=CC=CC(=C4)C5=CC=CC=C5,4.899629454882437,,,5.0999990348465305
C1CN(CCC12CN(C2)C3=CC=CC(=C3)C4=CC=CC=C4)C(=O)C5=CSN=N5,4.899629454882437,,5.0,4.40000018605658
C1=CC=C(C=C1)COC2=NC=C3C(=N2)N(C(=O)C(=N3)C4=CC=C(C=C4)Cl)CCC#N,5.698970004336019,,,
CN1CCN(CC1)C2=NC(=NC=C2)C3=CC(=CC=C3)NS(=O)(=O)C,4.899629454882437,,,4.59999938302362
CC1=NC2=CN=C(N=C2N(C1=O)C[C@H]3CCCO3)OC,4.801342913045577,,,
CN1CCN(CC1)C2=NC=NC=C2C3=CC=CC=C3Cl,5.600326278518962,,4.899998417198648,5.799998134593398
CC(C)CN1CCCC2(C1)CCN(CC2)C(=O)C3=CSN=N3,,,5.299997602857746,4.499999678657065
COC1=CC=C(C=C1)N2C(=O)C=NC3=CN=C(N=C32)N4CCOCC4,4.899629454882437,,,
CN(C)C(=O)C1=CC=C(C=C1)C2=CN=CN=C2N(C)CC3=CC=CO3,4.698970004336019,,4.800000874803203,5.699991797446187
CC1=CC=CC=C1C2=CN=CN=C2NCC3=C(C=C(C=C3)OC)OC,5.0,,4.899998417198648,6.400007822415902
COCCN1C(=O)C=NC2=CN=C(N=C21)NC3=CC(=CC=C3)OC,6.100179497572904,4.59999938302362,,4.800000874803203
CN(C)CC1=CC=CC=C1C2=CC(=NC=N2)NC3=CC=CC=C3,4.801342913045577,,4.899998417198648,
CN(C)CC1=CC=CC=C1C2=NC3=CC=CC=C3C(=N2)NCC4=CC=CC=C4OC,6.100179497572904,,5.0,4.899998417198648
C1CNCCC12CN(C2)CC3=CC=NC=C3,,,4.40000018605658,
CN(C)CC1=CC=CC=C1C2=CC(=NC=N2)NCC3=CC=CC=C3,,,4.800000874803203,
CC1=NC2=CN=C(N=C2N(C1=O)CCC#N)OC3=CC(=CC=C3)Cl,4.801342913045577,4.40000018605658,,4.800000874803203
CN(C)C1=CC=C(C=C1)C2=CC3=C(C=C2)N=CN=C3NCC4=CC=CC=C4OC,6.100179497572904,6.199970640755866,5.0,5.699991797446187
CC1=NC2=CN=C(N=C2N(C1=O)C3CC3)OC4=CC(=CC=C4)Cl,5.199970640755866,4.899998417198648,,
C1CN(CCC12CCN(CC2)C(=O)C3=CC(=CC(=C3)C(F)(F)F)C(F)(F)F)CC4=NC=CS4,,4.899998417198648,5.0,4.800000874803203
CC1=NC2=CN=CN=C2N(C1=O)C3=CC=C(C=C3)OC,,4.40000018605658,,5.299997602857746
C1=CC=C(C=C1)COC2=NC=C3C(=N2)N(C(=O)C(=N3)C4=CC(=CC(=C4)F)F)CCC#N,5.199970640755866,5.499996931948306,,4.800000874803203
CNC1=NC=NC(=C1)C2=CC=CC=C2C(F)(F)F,4.801342913045577,,,4.800000874803203
CC1=NC2=CN=C(N=C2N(C1=O)CC3=CC=CS3)OC4=CC=C(C=C4)OC,5.0,4.40000018605658,4.59999938302362,5.499996931948306
CC1=NC2=CN=C(N=C2N(C1=O)CC3=CC=C(C=C3)F)N4CCNCC4,4.899629454882437,4.59999938302362,,4.800000874803203
CC1=C(C(=NO1)C)C2=CC(=NC=N2)NCCOC,5.0,,,
C1C[C@@]2(CCN(C2)C3=CC=CC(=C3)C4=CC=CC=C4)CN(C1)C(=O)C5=CSN=N5,4.801342913045577,5.399996913372259,,5.299997602857746
C1COCCN1CCNC2=NC(=NC=C2)C3=CC=CC=C3Cl,5.698970004336019,,4.899998417198648,4.800000874803203
COC1=CC=CC=C1CN2CCC3(CC2)CCN(CC3)C(=O)C4=CSN=N4,,,5.699991797446187,4.499999678657065
COC1=NC=C2C(=N1)N(C(=O)C(=N2)CCC3=CC=CC=C3)C4=CC=CC=C4,4.899629454882437,4.59999938302362,,4.899998417198648
COCCN1C2=NC(=NC=C2N=C(C1=O)CCC3=CC=CC=C3)OC4=CC=CC=C4,4.899629454882437,5.199998172182031,,5.499996931948306
C1OC2=C(O1)C=C(C=C2)C3=NC=CC(=N3)N4C=CN=C4,7.600326278518962,,5.499996931948306,6.199970640755866
CC1=CN=C(C=N1)CNC2=NC(=NC3=CC=CC=C32)C4=CN=CC=C4,5.600326278518962,,,5.399996913372259
CN(C)C1=NC=C2C(=N1)N(C(=O)C=N2)CCOC,5.199970640755866,,,
CN1CCN(CC1)C2=NC=C3C(=N2)N(C(=O)C(=N3)C4=CC=CC=C4)CCC5=CC=CC=C5,5.100179497572904,5.499996931948306,4.40000018605658,
COC1=CC=C(C=C1)C(=O)N2CCC[C@]3(C2)CCN(C3)C(=O)NC4=CC(=CC=C4)F,4.600326278518962,4.499999678657065,,5.0999990348465305
CN1C=C(C2=CC=CC=C21)C3=NC4=CN=CN=C4N(C3=O)CC5=CC=C(C=C5)F,5.8996294548824375,,,
COC1=CC=CC=C1CN2CCC3(CC2)CCN(CC3)C(=O)C4=CC=CO4,,,4.899998417198648,
CC1=C(C(=NO1)C)C(=O)N2CCC3(CCCN(C3)C4=CC=CC=C4)CC2,,,4.899998417198648,4.800000874803203
CC1=NC2=CN=C(N=C2N(C1=O)C3=CC=C(C=C3)OC)OC,,,,4.59999938302362
COC1=CC=C(C=C1)OC2=NC=C3C(=N2)N(C(=O)C=N3)CCC4=CC=CC=C4,6.199970640755866,,,5.900008766455316
C1COCCN1C2=NC=C3C(=N2)N(C(=O)C(=N3)C4=CC=CC=C4)CC5=CC=CS5,5.600326278518962,4.700000503883016,,
CC1=CC(=CC=C1)CNC2=NC(=NC3=CC=CC=C32)C4=CC(=CC=C4)NS(=O)(=O)C,4.801342913045577,6.299988937677887,4.899998417198648,5.299997602857746
CN(C)C(=O)C1=CC=C(C=C1)C2=CN=CN=C2NC3CCNCC3,4.600326278518962,,,
COCCN1C(=O)C=NC2=CN=C(N=C21)NC3=CC=CC=C3,6.0,,,
COC1=CC=CC(=C1)NC2=NC=C3C(=N2)N(C(=O)C(=N3)C4=CC(=CC(=C4)F)F)C[C@H]5CCCO5,5.5003129173815966,,,5.199998172182031
COC1=CC=CC(=C1)NC2=NC=C3C(=N2)N(C(=O)C(=N3)C4=CC=CC=C4)CC5=CC=CS5,4.698970004336019,,,
COC1=NC=C2C(=N1)N(C(=O)C(=N2)CCC3=CC=CC=C3)CC4=CC=CS4,5.300162274132754,4.59999938302362,4.899998417198648,5.299997602857746
C1CN(CCN1)C2=NC=C3C(=N2)N(C(=O)C(=N3)C4=CC=CC=C4)C5=CC=CC=C5,5.100179497572904,,,4.700000503883016
CN1CCN(CC1)C2=NC=C3C(=N2)N(C(=O)C(=N3)CCC4=CC=CC=C4)C5CC5,4.899629454882437,4.40000018605658,,4.800000874803203
CCNC1=NC=C2C(=N1)N(C(=O)C(=N2)C3=CC=C(C=C3)Cl)CC4=CC=C(C=C4)F,4.899629454882437,,,5.799998134593398
C1CN(CCC12CCN(CC2)C(=O)C3=CC(=CC=C3)F)C4=CC=CC(=C4)C5=CC=CC=C5,4.698970004336019,,,5.299997602857746
C1CN(CCC12CCN(CC2)S(=O)(=O)C3=CC=CC=C3)C4=NC=CC=N4,,,,4.499999678657065
C1=CC=C2C(=C1)C(=NC(=N2)C3=COC=C3)NC4=CC=C(C=C4)F,6.5003129173815966,,,5.399996913372259
COC1=CC(=C(C=C1)CNC2=NC(=NC3=CC=CC=C32)C4=CC=CC(=C4)C#N)OC,5.600326278518962,6.0,5.399996913372259,5.599997654072044
COCCN1C2=NC(=NC=C2N=C(C1=O)C3=CC=CS3)NC4=CC=CC=C4,4.899629454882437,,,5.199998172182031
CN1C=CC=C1C(=O)N2CCC3(CCCN(C3)C(=O)NC4=CC(=CC=C4)F)CC2,6.100179497572904,,,5.0
COCC(=O)N1CCC[C@]2(C1)CCN(C2)C3=CC=NC=C3,,,,4.800000874803203
CN(C)C1=NC=C2C(=N1)N(C(=O)C(=N2)C3=CC=C(C=C3)Cl)CCOC,6.0,,7.100179497572904,
C1CN(CCC12CCN(CC2)C(=O)OC3=CC=CC=C3)CC4=NC=CS4,,,,4.59999938302362
CN(C)C1=NC=C2C(=N1)N(C(=O)C=N2)CC3=CC=C(C=C3)F,5.400116927926312,5.0,4.899998417198648,5.499996931948306
C1CC2(CCN(CC2)C(=O)C3=CC(=CC=C3)F)CN(C1)C(=O)NC4=CC=CC=C4,4.801342913045577,,,4.800000874803203
COC1=CC=CC=C1C2=CC3=C(C=C2)N=CN=C3NC4CCNCC4,5.199970640755866,,4.899998417198648,
CN1C=C(C2=CC=CC=C21)C3=NC4=CN=C(N=C4N(C3=O)C[C@H]5CCCO5)NC6=CC(=CC=C6)OC,,5.299997602857746,,4.800000874803203
COCCN1C2=NC(=NC=C2N=C(C1=O)C3=CC=C(C=C3)OC)OC4=CC=CC=C4,5.300162274132754,5.0999990348465305,,5.0999990348465305
COC1=CC=C(C=C1)NC(=O)N2CCC3(CCN(CC3)C(=O)C4=CC=CO4)CC2,4.698970004336019,,,
COC(=O)N1CCC[C@]2(C1)CCN(C2)C3=CC=CC=C3,4.801342913045577,4.899998417198648,,4.800000874803203
COC1=CC=CC=C1CNC2=NC(=NC3=CC=CC=C32)C4=COC=C4,6.0,6.100015437450609,5.199998172182031,5.0
CC1=NC2=CN=C(N=C2N(C1=O)C3CC3)NC4=CC=CC=C4,6.0,,,5.199998172182031
C1C[C@@]2(CCN(C2)C3=CC=CC=N3)CN(C1)C(=O)C4=CC=NC=C4,4.698970004336019,4.700000503883016,,5.0999990348465305
C1C[C@@]2(CCN(C2)CC3=CC(=CC(=C3)C(F)(F)F)C(F)(F)F)CN(C1)C(=O)C4=NC=CN=C4,,,5.499996931948306,5.0999990348465305
C1CN(CCC12CCN(CC2)C(=O)C3=CC(=CC=C3)F)CC4=CC=C(C=C4)C#N,,,4.899998417198648,4.800000874803203
CC1=CC=CC=C1C2=CC3=C(C=C2)N=CN=C3NCC4=CN=CC=C4,6.600326278518962,6.100015437450609,5.699991797446187,5.799998134593398
CC1=NC2=CN=C(N=C2N(C1=O)C3=CC=CC=C3)N(C)C,5.698970004336019,,,
COC1=CC=CC(=C1)CN2C3=NC(=NC=C3N=C(C2=O)CCC4=CC=CC=C4)N5CCNCC5,4.899629454882437,4.59999938302362,4.499999678657065,4.800000874803203
COC1=NC=C2C(=N1)N(C(=O)C(=N2)C3=CC=C(C=C3)Cl)CCC4=CC=CC=C4,6.199970640755866,5.399996913372259,,5.599997654072044
CC(=O)NCCNC1=NC(=NC2=CC=CC=C21)C3=CC=CC=C3OC,4.801342913045577,,5.199998172182031,
C1C[C@@]2(CCN(C2)CC3=CC=CC=C3)CN(C1)C(=O)C4=CC=CO4,,,5.699991797446187,4.700000503883016
C1COCCN1C2=NC=C3C(=N2)N(C(=O)C(=N3)CCC4=CC=CC=C4)CCC5=CC=CC=C5,4.600326278518962,5.699991797446187,,
COC1=CC=C(C=C1)NC(=O)N2CCCC3(C2)CCN(CC3)C(=O)C4=NC=CN=C4,,,,4.800000874803203
COCC(=O)N1CCC2(CC1)CN(C2)C3=CC=CC=N3,,,4.700000503883016,
C1CN(CCC12CN(C2)C(=O)NC3=CC(=CC=C3)F)C(=O)C4=CC(=CC(=C4)C(F)(F)F)C(F)(F)F,,4.899998417198648,,4.40000018605658
CC1=CC(=CC=C1)CNC2=NC=NC(=C2)C3=CC=CC=C3OC,5.801342913045578,,4.700000503883016,5.199998172182031
CC1=CN=C(C=N1)CNC2=NC=NC=C2C3=CC=C(C=C3)N(C)C,5.5003129173815966,,4.800000874803203,5.699991797446187
CC1=CC=CC=C1C2=CC3=C(C=C2)N=CN=C3N4CCNCC4,5.5003129173815966,,,4.800000874803203
COC1=CC2=C(C=C1)NC=C2CCNC3=NC(=NC=C3)C4=CC5=C(C=C4)OCO5,6.199970640755866,,5.0999990348465305,5.599997654072044
COC1=CC(=C(C=C1)CNC2=NC(=NC=C2)C3=COC=C3)OC,5.600326278518962,6.0,4.700000503883016,5.499996931948306
CN1CCN(CC1)C2=NC=C3C(=N2)N(C(=O)C=N3)CCC4=CC=CC=C4,5.400116927926312,,4.700000503883016,4.800000874803203
CCNC1=NC=C2C(=N1)N(C(=O)C(=N2)C3=CC=CC=C3)C[C@H]4CCCO4,5.698970004336019,,5.900008766455316,4.899998417198648
COCCN1C2=NC=NC=C2N=C(C1=O)C3=CC(=CC=C3)F,5.698970004336019,,,4.800000874803203
CN(C)C1=NC=C2C(=N1)N(C(=O)C(=N2)C3=CC=CS3)C4CC4,5.8996294548824375,5.499996931948306,,4.800000874803203
CCNC1=NC=C2C(=N1)N(C(=O)C(=N2)C3=CC=C(C=C3)F)C4=CC=C(C=C4)OC,5.199970640755866,,6.79997073344623,4.700000503883016
CN1CCN(CC1)C2=NC=C3C(=N2)N(C(=O)C(=N3)C4=CN(C5=CC=CC=C54)C)C[C@H]6CCCO6,5.199970640755866,5.499996931948306,,4.59999938302362
C1CC1NC2=NC(=NC=C2)C3=COC=C3,6.600326278518962,,4.40000018605658,5.299997602857746
CC1=CN=C(C=N1)CNC2=NC=NC(=C2)C3=C(ON=C3C)C,5.0,,,
CC1=C(C(=NO1)C)C(=O)N2CCC[C@]3(C2)CCN(C3)CC4=CC=CC=C4OC,,4.40000018605658,,5.799998134593398
CN1C=CC=C1C(=O)N2CCC[C@]3(C2)CCN(C3)C4=NC=CC=N4,4.801342913045577,,4.700000503883016,4.800000874803203
C1CN(CCC12CCN(CC2)C(=O)C3=NC=CN=C3)C4=NC=CC=N4,,,,5.0999990348465305
CN1C=CC=C1C(=O)N2CCC3(CC2)CCN(CC3)C(=O)NC4=CC=CC=C4,,,,4.800000874803203
CC1=C(C(=NO1)C)C(=O)N2CCC3(CCCN(C3)C(C4=CC=CC=C4)C5=CC=CC=C5)CC2,,,5.699991797446187,
COC1=CC=C(C=C1)C(=O)N2CCC3(CCCN(C3)CC4=CC(=CC(=C4)C(F)(F)F)C(F)(F)F)CC2,,,,5.0
CCNC1=NC=C2C(=N1)N(C(=O)C(=N2)CCC3=CC=CC=C3)C,5.600326278518962,4.899998417198648,5.799998134593398,4.499999678657065
CN1CCN(CC1)C2=NC=NC=C2C3=CC=CC=C3OC,4.899629454882437,,4.59999938302362,5.599997654072044
C1CN(CCC12CCN(CC2)C(=O)C3=CC=NC=C3)C4=CC=CC=N4,4.899629454882437,5.0,4.499999678657065,
COC(=O)N1CCC2(CCN(CC2)C(=O)NC3=CC(=CC=C3)F)CC1,4.899629454882437,,5.0,
CN1C=CC=C1C(=O)N2CCC[C@]3(C2)CCN(C3)C4=CC=CC(=C4)C5=CC=CC=C5,4.899629454882437,,,5.0999990348465305
C1=CC=C(C(=C1)C2=CC3=C(C=C2)N=CN=C3NCC4=CN=CC=C4)Cl,6.801342913045577,6.100015437450609,5.199998172182031,5.699991797446187
COCCN1C2=NC(=NC=C2N=C(C1=O)C3=CC=CC(=C3)C#N)NC4=CC=CC=C4,5.600326278518962,,5.599997654072044,5.199998172182031
C1C[C@@H](OC1)CN2C3=NC(=NC=C3N=C(C2=O)CCC4=CC=CC=C4)NC5=CC=CC=C5,5.400116927926312,4.700000503883016,,5.599997654072044
C1CN(CCN1)C2=NC=NC3=C2C=C(C=C3)C4=CC=CC(=C4)C#N,6.199970640755866,,,4.700000503883016
CC1=CC=CC=C1C2=NC=CC(=N2)NCCOC,4.899629454882437,,,
CCNC1=NC=C2C(=N1)N(C(=O)C(=N2)C3=CC=CS3)CC4=CC=CS4,5.8996294548824375,4.40000018605658,,5.199998172182031
C1CN(CCC12CN(C2)C3=CC=NC=C3)S(=O)(=O)C4=CC=CC=C4,,4.40000018605658,,4.40000018605658
C1OC2=C(O1)C=C(C=C2)C3=CC4=C(C=C3)N=CN=C4NCC5=CC=CC=C5,6.698970004336019,6.299988937677887,6.299988937677887,5.699991797446187
COC1=CC=C(C=C1)C(=O)N2CCC3(CCCN(C3)C4=CC=C(C=C4)C5=CC=CC=C5)CC2,5.199970640755866,5.399996913372259,,5.0
COCC(=O)N1CCC[C@]2(C1)CCN(C2)C3=CC=CC=C3,,,,4.59999938302362
CN1C=CC=C1C(=O)N2CCC3(CCCN(C3)CC4=CC=CC=C4)CC2,,,5.0,4.499999678657065
CN(C)CC1=CC=CC=C1C2=NC=CC(=N2)NCC3=CC=CS3,6.100179497572904,,5.799998134593398,
CN1C2=NC(=NC=C2N=C(C1=O)C3=CC(=CC(=C3)F)F)NC4=CC=CC=C4,5.5003129173815966,,,
CC1=C(C(=NO1)C)C2=NC3=CC=CC=C3C(=N2)NC,7.300162274132754,6.299988937677887,,4.899998417198648
CC1=CC=CC=C1C2=NC3=CC=CC=C3C(=N2)NCC4=CC=CS4,6.199970640755866,,4.899998417198648,5.0999990348465305
COCC(=O)N1CCC2(CCCN(C2)C3=CC=CC(=C3)C4=CC=CC=C4)CC1,4.801342913045577,4.59999938302362,4.40000018605658,4.899998417198648
C1C[C@@]2(CCN(C2)C(=O)NC3=CC=CC=C3)CN(C1)C(=O)C4=NC=CN=C4,,,,4.800000874803203
CC1=CN=C(C=N1)CNC2=NC(=NC=C2)C3=CC(=CC=C3)OC,6.300162274132754,,,5.199998172182031
C1C[C@@H](OC1)CN2C3=NC(=NC=C3N=C(C2=O)C4=CC=CC=C4)N5CCOCC5,5.5003129173815966,,,4.40000018605658
COC(=O)N1CCC[C@]2(C1)CCN(C2)C(=O)NC3=CC=CC=C3,4.899629454882437,,,
C1CN(CCC12CCN(CC2)C(=O)C3=NC=CN=C3)C(C4=CC=CC=C4)C5=CC=CC=C5,5.0,,5.399996913372259,5.499996931948306
CC1=NC2=CN=C(N=C2N(C1=O)C3CC3)OC,5.400116927926312,,,4.59999938302362
CCNC1=NC=C2C(=N1)N(C(=O)C(=N2)C3=CC=CS3)CCC#N,5.5003129173815966,4.899998417198648,5.900008766455316,5.199998172182031
COC1=CC=CC(=C1)C2=CC3=C(C=C2)N=CN=C3NCC4=CC=CC=C4OC,6.100179497572904,6.199970640755866,5.0999990348465305,5.799998134593398
COCCN1C2=NC(=NC=C2N=C(C1=O)C3=CC=C(C=C3)F)OCC4=CC=CC=C4,6.0,4.700000503883016,,4.899998417198648
CC1=C(C(=NO1)C)C(=O)N2CCC3(CCN(CC3)CC4=NC=CS4)CC2,4.899629454882437,,,
C1=CC(=CC=C1CN2C3=NC=NC=C3N=C(C2=O)C4=CC(=C(C=C4)F)F)F,6.100179497572904,4.899998417198648,,4.800000874803203
CCNC1=NC=C2C(=N1)N(C(=O)C(=N2)C3=CC=C(C=C3)F)C4=CC=CC=C4,6.400116927926312,,7.0,
COC1=CC=C(C=C1)NC(=O)N2CC3(C2)CCN(CC3)C(=O)C4=CC=NC=C4,,,,4.800000874803203
C1CN(CCN1)C2=NC=C3C(=N2)N(C(=O)C=N3)CC4=CC=C(C=C4)F,4.801342913045577,4.700000503883016,,5.0999990348465305
COC1=CC=CC(=C1)CN2C3=NC(=NC=C3N=C(C2=O)C4=CC=CC(=C4)C#N)OC,5.0,4.899998417198648,,5.499996931948306
C1CC2(CCN(CC2)C(=O)C3=CC(=CC(=C3)C(F)(F)F)C(F)(F)F)CN(C1)C4=CC=CC=C4,,,,5.0
CN(C)CC1=CC=CC=C1C2=CN=CN=C2NC3=CC=NC=C3,4.899629454882437,,4.899998417198648,5.0999990348465305
CN1C=C(C2=CC=CC=C21)C3=NC4=CN=CN=C4N(C3=O)C5=CC=C(C=C5)OC,6.5003129173815966,6.199970640755866,,4.700000503883016
CC1=CC=CC=C1C2=NC3=CC=CC=C3C(=N2)N4CCNCC4,5.300162274132754,,4.700000503883016,4.59999938302362
CC1=CC(=CC=C1)CNC2=NC=NC3=C2C=C(C=C3)C4=CC=CC=C4CN(C)C,4.698970004336019,,5.0999990348465305,5.499996931948306
CC(C)NC(=O)N1CCC2(CCNCC2)CC1,4.801342913045577,,,
COC1=CC2=C(C=C1)NC=C2CCNC3=NC(=NC4=CC=CC=C43)C5=CC(=CC=C5)NS(=O)(=O)C,5.5003129173815966,6.400007822415902,4.700000503883016,5.599997654072044
COCC(=O)N1CCC2(CCCN(C2)C3=NC=CC=N3)CC1,,,4.700000503883016,
CC1=NC2=CN=C(N=C2N(C1=O)C3=CC=CC=C3)OC,5.300162274132754,,,4.59999938302362
CCNC1=NC=C2C(=N1)N(C(=O)C(=N2)C3=CC=CS3)C,5.801342913045578,5.0,,4.899998417198648
CC1=NC2=CN=C(N=C2N(C1=O)CCOC)OCC3=CC=CC=C3,5.0,,,4.899998417198648
COC1=CC=CC(=C1)CN2C3=NC=NC=C3N=C(C2=O)C4=CC=C(C=C4)Cl,5.600326278518962,4.800000874803203,,5.299997602857746
CN1C=C(C2=CC=CC=C21)C3=NC4=CN=C(N=C4N(C3=O)C5=CC=CC=C5)N6CCNCC6,4.801342913045577,,,4.700000503883016
C1CC2(CCN(CC2)C(=O)C3=NC=CN=C3)CN(C1)CC4=CC=NC=C4,,4.499999678657065,4.899998417198648,4.800000874803203
COCC(=O)N1CCC[C@]2(C1)CCN(C2)C(=O)NC3=CC(=CC=C3)F,,,,4.59999938302362
CC1=CC(=CC=C1)CNC2=NC(=NC=C2)C3=COC=C3,5.698970004336019,,4.499999678657065,6.0
C1=CC=C(C=C1)NC2=NC=C3C(=N2)N(C(=O)C(=N3)C4=CC=CS4)CCC#N,5.300162274132754,,,5.299997602857746
COC1=NC=C2C(=N1)N(C(=O)C(=N2)C3=CC=CS3)CCC#N,5.199970640755866,,,5.0
CC1=CC=CC=C1C2=CC(=NC=N2)NCCN3CCOCC3,4.500312917381596,,,4.899998417198648
CN(CC1=CC=CO1)C2=NC(=NC=C2)C3=CC(=CC=C3)OC,6.199970640755866,,5.900008766455316,4.700000503883016
CN(C)C1=CC=C(C=C1)C2=CN=CN=C2NC3=CC=C(C=C3)F,6.300162274132754,,4.59999938302362,6.100015437450609
COCCN1C2=NC=NC=C2N=C(C1=O)C3=CC(=CC=C3)Cl,6.199970640755866,,,4.800000874803203
C1=CC=C(C(=C1)C2=NC3=CC=CC=C3C(=N2)NCC4=CN=CC=C4)C(F)(F)F,5.698970004336019,,4.800000874803203,5.699991797446187
C1COCCN1C2=NC(=NC3=CC=CC=C32)C4=COC=C4,5.8996294548824375,,,5.199998172182031
COC1=CC=C(C=C1)NC(=O)N2CCCC3(C2)CCN(CC3)C(=O)C4=CC(=CC(=C4)C(F)(F)F)C(F)(F)F,,,,5.0
CC1=NC2=CN=C(N=C2N(C1=O)C)N3CCOCC3,5.199970640755866,,,
C1CC2(CCN(CC2)C(=O)C3=CC=NC=C3)CN(C1)C4=CC=CC=C4,5.600326278518962,5.699991797446187,5.0,5.599997654072044
C1CC1N2C3=NC(=NC=C3N=C(C2=O)C4=CC=CS4)OC5=CC(=CC=C5)Cl,5.400116927926312,6.299988937677887,,
CS(=O)(=O)N1CCC[C@]2(C1)CCN(C2)C(C3=CC=CC=C3)C4=CC=CC=C4,4.600326278518962,,5.399996913372259,5.0
C1CC1N2C3=NC(=NC=C3N=C(C2=O)C4=CC=CC(=C4)C#N)OC5=CC(=CC=C5)Cl,5.600326278518962,5.499996931948306,,5.900008766455316
CC1=C(C(=NO1)C)C(=O)N2CCC[C@]3(C2)CCN(C3)C(=O)NC4=CC=CC=C4,4.400116927926312,,,4.800000874803203
COC1=CC=C(C=C1)C(=O)N2CCC3(CC2)CCN(CC3)C(=O)NC4=CC=CC(=C4)C#N,4.600326278518962,,,4.59999938302362
CC1=CC=CC=C1C2=CN=CN=C2NC3=CC=CC=C3,4.801342913045577,,4.40000018605658,6.199970640755866
C1COCCN1CCNC2=NC=NC3=C2C=C(C=C3)C4=CC=CC=C4C(F)(F)F,4.600326278518962,,5.0,5.499996931948306
CC(=O)NCCNC1=NC=NC=C1C2=CC=CC=C2OC,,,,5.699991797446187
COC1=CC=C(C=C1)C(=O)N2CCC3(CC2)CN(C3)C(=O)NC4=CC=C(C=C4)OC,,,,4.59999938302362
CC1=CC=CC=C1C2=NC3=CC=CC=C3C(=N2)NCCNC(=O)C,5.199970640755866,6.599980364934842,5.299997602857746,5.299997602857746
C1C[C@@]2(CCN(C2)CC3=CC(=CC(=C3)C(F)(F)F)C(F)(F)F)CN(C1)C(=O)C4=CSN=N4,,,6.599980364934842,6.599980364934842
CN(C)C1=NC=C2C(=N1)N(C(=O)C(=N2)C3=CC(=CC(=C3)F)F)C4=CC=CC=C4,6.5003129173815966,,,
COCCN1C2=NC(=NC=C2N=C(C1=O)C3=CC=CC=C3)N4CCOCC4,5.199970640755866,,,
CN(C)C1=NC=C2C(=N1)N(C(=O)C(=N2)C3=CC=C(C=C3)F)CC4=CC(=CC=C4)OC,5.600326278518962,,,4.59999938302362
CC(=O)N1CCC2(CCN(CC2)C3=CC=NC=C3)CC1,,4.59999938302362,,
COC1=CC=CC=C1C2=NC3=CC=CC=C3C(=N2)NCCC4=CN=CN4,7.0,,5.199998172182031,5.399996913372259
COC1=CC=CC=C1C2=NC3=CC=CC=C3C(=N2)NCCN4CCOCC4,5.100179497572904,,4.499999678657065,4.499999678657065
C1CN(CCN1)C2=NC=NC3=C2C=C(C=C3)C4=CC5=C(C=C4)OCO5,5.698970004336019,,5.599997654072044,4.899998417198648
COC1=CC=CC=C1CNC2=NC=NC3=C2C=C(C=C3)C4=CC=CC=C4C#N,5.8996294548824375,6.199970640755866,5.499996931948306,5.399996913372259
COC1=CC2=C(C=C1)NC=C2CCNC3=NC=NC(=C3)C4=CC(=CC=C4)OC,6.100179497572904,5.799998134593398,4.800000874803203,5.0999990348465305
CN1C=C(C2=CC=CC=C21)C3=NC4=CN=CN=C4N(C3=O)CC5=CC=CC=C5Cl,5.5003129173815966,,,5.0999990348465305
COC1=CC(=C(C=C1)CNC2=NC(=NC3=CC=CC=C32)C4=CC=CC=C4OC)OC,6.100179497572904,,5.499996931948306,5.199998172182031
COCCN1C2=NC(=NC=C2N=C(C1=O)C3=CC=C(C=C3)OC)OC,5.5003129173815966,4.40000018605658,4.59999938302362,4.800000874803203
CCNC1=NC=C2C(=N1)N(C(=O)C(=N2)C3=CC=C(C=C3)F)CCC#N,6.199970640755866,,7.0,
C1CN(CCC12CCN(CC2)C(=O)C3=CC(=CC=C3)F)CC4=NC=CS4,5.801342913045578,4.800000874803203,,4.800000874803203
CN(C)C1=CC=C(C=C1)C2=CC3=C(C=C2)N=CN=C3N4CCNCC4,5.600326278518962,,4.899998417198648,4.700000503883016
C1C[C@@]2(CCN(C2)CC3=NC=CS3)CN(C1)C(=O)C4=CC(=CC(=C4)C(F)(F)F)C(F)(F)F,4.698970004336019,,,5.499996931948306
CN(C)C(=O)C1=CC=C(C=C1)C2=NC3=CC=CC=C3C(=N2)NC4=CC=NC=C4,5.100179497572904,,,4.800000874803203
CC(=O)N1CCC2(CCCN(C2)CC3=NC=CS3)CC1,,,4.800000874803203,4.40000018605658
C1CN(CCC12CCN(CC2)C(=O)C3=CC=CO3)C4=CC=CC=N4,,,5.0,5.0
CC1=C(C(=NO1)C)C2=NC=CC(=N2)N3C=CN=C3,6.698970004336019,7.698970004336019,4.700000503883016,5.900008766455316
COC1=CC=CC=C1CN2CC3(C2)CCN(CC3)S(=O)(=O)C,,,4.499999678657065,
COC1=CC=CC(=C1)NC2=NC=C3C(=N2)N(C(=O)C(=N3)C4=CC=CS4)CC5=CC=CS5,5.698970004336019,,,
CN1CCN(CC1)C2=NC(=NC3=CC=CC=C32)C4=CC5=C(C=C4)OCO5,5.698970004336019,,5.699991797446187,5.299997602857746
COC1=CC=C(C=C1)C(=O)N2CCC3(CC2)CN(C3)C4=CC=CC(=C4)C5=CC=CC=C5,5.100179497572904,,,4.899998417198648
C1=CC=C2C(=C1)C(=NC(=N2)C3=CC=CC(=C3)C#N)NC4=CC=NC=C4,6.199970640755866,5.799998134593398,,6.299988937677887
COC1=CC=CC=C1CNC2=NC=NC(=C2)C3=COC=C3,4.801342913045577,,4.800000874803203,4.800000874803203
CC1=CN=C(C=N1)CNC2=NC=NC(=C2)C3=CC=CC=C3C(F)(F)F,4.600326278518962,6.0,,5.199998172182031
COCCN1C2=NC(=NC=C2N=C(C1=O)CCC3=CC=CC=C3)OCC4=CC=CC=C4,4.899629454882437,4.899998417198648,,5.599997654072044
CN1C=CC=C1C(=O)N2CCC3(CCCN(C3)C(=O)NC4=CC=CC=C4)CC2,5.300162274132754,,,4.499999678657065
CN1CC[C@]2(C1)CCCN(C2)C(=O)C3=CC=CN3C,,,,5.0999990348465305
COC1=CC=CC(=C1)CN2C3=NC=NC=C3N=C(C2=O)C4=CC=CS4,5.300162274132754,5.599997654072044,5.199998172182031,5.299997602857746
CN1CCN(CC1)C2=NC=C3C(=N2)N(C(=O)C(=N3)C4=CC=C(C=C4)OC)C5=CC=C(C=C5)OC,4.801342913045577,4.40000018605658,,
C1CN(CCN1)C2=NC(=NC3=CC=CC=C32)C4=COC=C4,5.199970640755866,,,4.499999678657065
C1C[C@@]2(CCN(C2)C3=NC=CC=N3)CN(C1)C(=O)C4=CC(=CC=C4)F,4.600326278518962,,4.899998417198648,4.800000874803203
CN(C)CC1=CC=CC=C1C2=CC(=NC=N2)NCCOC,,6.400007822415902,4.499999678657065,
CC1=C(C(=NO1)C)C(=O)N2CCC3(CCCN(C3)C(=O)NC(C)C)CC2,,4.700000503883016,,
CN(C)C(=O)C1=CC=C(C=C1)C2=NC3=CC=CC=C3C(=N2)N4CCOCC4,4.698970004336019,,,
C1CN(CCN1)C2=NC(=NC3=CC=CC=C32)C4=CC5=C(C=C4)OCO5,4.899629454882437,,5.499996931948306,5.0999990348465305
CN1CCN(CC1)C2=NC=NC3=C2C=C(C=C3)C4=CC(=CC=C4)OC,5.400116927926312,,4.40000018605658,4.800000874803203
CC(C)CN1CC2(C1)CCN(CC2)C(=O)C3=CSN=N3,,,5.299997602857746,
CN(C)C1=NC=C2C(=N1)N(C(=O)C(=N2)C3=CC(=CC(=C3)F)F)CC4=CC=C(C=C4)F,,5.399996913372259,,4.499999678657065
CC1=C(C(=NO1)C)C(=O)N2CCC3(CCCN(C3)CC(C)C)CC2,,4.40000018605658,4.899998417198648,
COC1=NC=C2C(=N1)N(C(=O)C=N2)CC3=CC=CS3,5.0,,,5.900008766455316
C1COCCN1C2=NC=C3C(=N2)N(C(=O)C(=N3)C4=CC=CS4)C5=CC=CC=C5,5.300162274132754,5.0,,5.0999990348465305
CC1=NC2=CN=C(N=C2N(C1=O)CCOC)OC3=CC(=CC=C3)Cl,4.899629454882437,4.899998417198648,,4.899998417198648
CN1C2=NC(=NC=C2N=C(C1=O)C3=CC=C(C=C3)F)NC4=CC=CC=C4,4.899629454882437,,,
C1CC2(CCN(CC2)C(=O)OC3=CC=CC=C3)CN(C1)C(=O)NC4=CC(=CC=C4)F,5.0,4.40000018605658,,4.800000874803203
COCCNC1=NC=NC(=C1)C2=CC=CC=C2C(F)(F)F,4.801342913045577,,,4.899998417198648
COC1=CC=CC(=C1)CN2C(=O)C=NC3=CN=C(N=C32)OC4=CC=CC=C4,4.899629454882437,5.0,,4.899998417198648
COCCN1C2=NC(=NC=C2N=C(C1=O)C3=CC=C(C=C3)F)OC4=CC(=CC=C4)Cl,5.8996294548824375,5.599997654072044,,5.0999990348465305
C1COCCN1C2=NC=C3C(=N2)N(C(=O)C=N3)CCC#N,5.0,,,
C1C[C@@]2(CCN(C2)C(=O)NC3=CC(=CC=C3)F)CN(C1)C(=O)C4=NC=CN=C4,,,,4.899998417198648
C1CN(CCC12CN(C2)C(=O)NC3=CC(=CC=C3)F)C(=O)OC4=CC=CC=C4,4.899629454882437,,,4.899998417198648
CS(=O)(=O)N1CCC2(CC1)CN(C2)C3=CC=NC=C3,,4.800000874803203,,
CN(C)C1=CC=C(C=C1)C2=NC3=CC=CC=C3C(=N2)NC4CCNCC4,4.801342913045577,,4.40000018605658,4.499999678657065
C1=CC=C(C=C1)CN2C3=NC=NC=C3N=C(C2=O)C4=CC=C(C=C4)Cl,6.199970640755866,5.499996931948306,,5.0
C1CC2(CCN(CC2)C(=O)C3=CC(=CC(=C3)C(F)(F)F)C(F)(F)F)CN(C1)C4=NC=CC=N4,4.500312917381596,,5.0,4.800000874803203
CN1C=CC=C1C(=O)N2CCC3(CCCN(C3)C4=CC=CC=N4)CC2,4.698970004336019,4.59999938302362,4.59999938302362,4.700000503883016
CC1=C(C(=NO1)C)C(=O)N2CCC[C@]3(C2)CCN(C3)C4=CC=CC=N4,,,5.199998172182031,4.899998417198648
C1CNCCC12CCN(CC2)C3=NC=CC=N3,,,5.0,4.700000503883016
C1CN(CCC12CCN(CC2)C(=O)NC3=CC=CC=C3)C(=O)C4=CC(=CC=C4)F,5.0,,,4.899998417198648
CNC1=NC(=NC2=CC=CC=C21)C3=CC4=C(C=C3)OCO4,6.600326278518962,,5.0,5.900008766455316
CC(=O)NCCNC1=NC=NC2=C1C=C(C=C2)C3=CC=CC=C3C#N,5.400116927926312,,,4.59999938302362
C1=CC=C(C=C1)CNC2=NC(=NC=C2)C3=CC=CC=C3Cl,5.5003129173815966,,4.40000018605658,5.0999990348465305
CCNC1=NC=C2C(=N1)N(C(=O)C(=N2)C)CC3=CC=CS3,5.698970004336019,,,4.800000874803203
COC1=CC(=C(C=C1)CNC2=NC=NC(=C2)C3=CC(=CC=C3)OC)OC,5.698970004336019,,4.899998417198648,5.599997654072044
C1COCCN1CCNC2=NC=NC3=C2C=C(C=C3)C4=CC5=C(C=C4)OCO5,5.600326278518962,,5.0999990348465305,5.299997602857746
COC1=CC=C(C=C1)C2=NC3=CN=C(N=C3N(C2=O)CC4=CC=C(C=C4)F)N5CCNCC5,,6.899974269892137,,4.800000874803203
COCC(=O)N1CCC2(CC1)CN(C2)C(C3=CC=CC=C3)C4=CC=CC=C4,,,5.599997654072044,4.59999938302362
C1CN(CCC12CN(C2)CC3=CC=NC=C3)C(=O)C4=CC(=CC(=C4)C(F)(F)F)C(F)(F)F,4.698970004336019,5.0,,4.800000874803203
C1CN(CCC12CCN(CC2)C(=O)C3=CC(=CC=C3)F)C4=CC=C(C=C4)C5=CC=CC=C5,,,5.0,4.899998417198648
CC1=NC2=CN=C(N=C2N(C1=O)C3=CC=C(C=C3)OC)OC4=CC(=CC=C4)Cl,5.100179497572904,4.59999938302362,4.59999938302362,5.499996931948306
CN1CCN(CC1)C2=NC(=NC3=CC=CC=C32)C4=CC=CC=C4C(F)(F)F,5.0,,4.40000018605658,4.700000503883016
C1CN(CCC12CN(C2)C3=CC=NC=C3)C(=O)C4=CC=NC=C4,,4.499999678657065,,4.899998417198648
COCCN1C2=NC(=NC=C2N=C(C1=O)C3=CC=C(C=C3)OC)N4CCOCC4,5.400116927926312,,,
COC1=CC=C(C=C1)NC(=O)N2CC[C@]3(C2)CCCN(C3)C(=O)C4=NC=CN=C4,,,4.40000018605658,5.499996931948306
C1C[C@@H](OC1)CN2C3=NC(=NC=C3N=C(C2=O)C4=CC(=CC(=C4)F)F)OC5=CC=CC=C5,5.400116927926312,,,4.800000874803203
C1C[C@@H](OC1)CN2C3=NC(=NC=C3N=C(C2=O)C4=CC=CS4)NC5=CC=CC=C5,5.600326278518962,,,5.0
C1=CC(=CN=C1)CNC2=NC=NC(=C2)C3=COC=C3,5.5003129173815966,,,5.399996913372259
CC1=CC(=CC=C1)CNC2=NC=NC3=C2C=C(C=C3)C4=COC=C4,5.400116927926312,6.0,5.0,5.399996913372259
CN(C)CC1=CC=CC=C1C2=NC3=CC=CC=C3C(=N2)NC4CCNCC4,4.600326278518962,,,4.700000503883016
CC1=CN=C(C=N1)CNC2=NC(=NC=C2)C3=CC=CC=C3CN(C)C,5.300162274132754,,5.199998172182031,
CN(C)C1=NC=C2C(=N1)N(C(=O)C(=N2)C3=CC=C(C=C3)F)CC4=CC=C(C=C4)F,,4.899998417198648,,5.599997654072044
C1CC2(CCN(CC2)C(=O)C3=CC=CO3)CN(C1)C(=O)NC4=CC=CC=C4,4.698970004336019,4.59999938302362,,4.800000874803203
C1CN(CCC12CN(C2)C3=NC=CC=N3)C(=O)C4=CC(=CC=C4)F,,,,4.59999938302362
COCCN1C2=NC(=NC=C2N=C(C1=O)CCC3=CC=CC=C3)OC4=CC(=CC=C4)Cl,5.400116927926312,6.0,,6.100015437450609
CC1=C(C(=NO1)C)C2=CC(=NC=N2)NCC3=CC=CS3,6.100179497572904,,4.700000503883016,4.499999678657065
C1CN(CCC12CCN(CC2)C(=O)C3=CC=CO3)C4=CC=CC=C4,,,4.59999938302362,
CC1=CC=CC=C1C2=CC(=NC=N2)NCCC3=CNC4=C3C=C(C=C4)OC,6.0,,5.0999990348465305,5.299997602857746
CC1=C(C(=NO1)C)C2=NC3=CC=CC=C3C(=N2)NCCN4CCOCC4,5.600326278518962,,4.59999938302362,4.899998417198648
CC1=CC(=CC=C1)CNC2=NC=NC(=C2)C3=CC=CC=C3C,5.698970004336019,,4.40000018605658,5.0999990348465305
COC1=CC=CC=C1C2=NC3=CC=CC=C3C(=N2)NC4CC4,6.5003129173815966,,4.700000503883016,4.899998417198648
CCNC1=NC=C2C(=N1)N(C(=O)C(=N2)C3=CC=C(C=C3)Cl)C[C@H]4CCCO4,6.100179497572904,,,
COC1=CC=C(C=C1)C2=NC3=CN=C(N=C3N(C2=O)CCC#N)NC4=CC=CC=C4,6.300162274132754,,,
CC1=CC=CC=C1C2=NC=CC(=N2)NCC3=NC=C(N=C3)C,4.899629454882437,,,4.700000503883016
C1CC2(CCN(CC2)C(=O)C3=CSN=N3)CN(C1)C(=O)NC4=CC=CC(=C4)C#N,,,,4.800000874803203
COC1=CC=CC(=C1)C2=CC(=NC=N2)NCC3=CC=CS3,5.8996294548824375,,4.899998417198648,5.0999990348465305
COC1=NC=C2C(=N1)N(C(=O)C(=N2)C3=CC(=CC(=C3)F)F)C[C@H]4CCCO4,5.5003129173815966,,,4.59999938302362
CN(C)C1=NC=C2C(=N1)N(C(=O)C(=N2)C3=CC=CC=C3)C4CC4,5.600326278518962,5.0,,
C1CN(CCC12CN(C2)C3=CC=CC=C3)C(=O)OC4=CC=CC=C4,4.801342913045577,,,4.800000874803203
COCCN1C2=NC(=NC=C2N=C(C1=O)C3=CC(=CC(=C3)F)F)N4CCOCC4,4.899629454882437,,,
C1=CC=C(C=C1)CNC2=NC=NC3=C2C=C(C=C3)C4=COC=C4,4.600326278518962,5.799998134593398,4.800000874803203,4.800000874803203
COC(=O)N1CCC2(CCN(CC2)CC3=NC=CS3)CC1,,,,4.499999678657065
C1C[C@@]2(CCN(C2)C(=O)NC3=CC(=CC=C3)F)CN(C1)S(=O)(=O)C4=CC=CC=C4,4.801342913045577,,4.40000018605658,4.59999938302362
CN(C)CC1=CC=CC=C1C2=CN=CN=C2NC3=CC=C(C=C3)F,4.801342913045577,,5.199998172182031,5.699991797446187
C1C[C@@]2(CCN(C2)CC3=CC=CC=C3)CN(C1)C(=O)C4=NC=CN=C4,,,5.0999990348465305,4.800000874803203
COC1=CC=CC=C1CNC2=NC(=NC=C2)C3=CC(=CC=C3)NS(=O)(=O)C,5.100179497572904,,4.40000018605658,5.0
CC1=NC2=CN=C(N=C2N(C1=O)CC3=CC(=CC=C3)OC)OC4=CC=C(C=C4)OC,4.899629454882437,4.899998417198648,,5.599997654072044
CC(=O)N1CCC2(CCCN(C2)C3=CC=CC=C3)CC1,,,,4.700000503883016
C1C[C@@]2(CCN(C2)C(=O)NC3=CC=CC(=C3)C#N)CN(C1)C(=O)C4=CC(=CC=C4)F,,4.700000503883016,,5.0
CC1=CC(=CC=C1)CNC2=NC=NC(=C2)C3=CN=CC=C3,6.100179497572904,,5.0999990348465305,6.199970640755866
C1CC2(CCN(CC2)C(=O)C3=NC=CN=C3)CN(C1)C4=CC=CC(=C4)C5=CC=CC=C5,4.698970004336019,4.700000503883016,,5.699991797446187
CN(C)C1=NC=C2C(=N1)N(C(=O)C(=N2)C3=CC=C(C=C3)OC)C4=CC=CC=C4,5.600326278518962,,,
CN(C)C1=CC=C(C=C1)C2=NC=CC(=N2)NC3=CC=C(C=C3)F,6.300162274132754,6.199970640755866,4.700000503883016,4.899998417198648
CNC1=NC(=NC2=CC=CC=C21)C3=CC=CC=C3C(F)(F)F,6.600326278518962,,4.700000503883016,
CN(C)CC1=CC=CC=C1C2=CC3=C(C=C2)N=CN=C3NC4CCNCC4,,,5.0,
COCC(=O)N1CCC[C@]2(C1)CCN(C2)CC3=CC(=CC(=C3)C(F)(F)F)C(F)(F)F,,,4.899998417198648,5.299997602857746
CN(C)CC1=CC=CC=C1C2=NC=CC(=N2)NC3=CC=C(C=C3)F,5.5003129173815966,,5.0,4.800000874803203
C1CNCCC12CN(C2)C(C3=CC=CC=C3)C4=CC=CC=C4,4.801342913045577,4.40000018605658,5.599997654072044,4.800000874803203
CC1=CC(=CC=C1)CNC2=NC=NC3=C2C=C(C=C3)C4=CC=CC(=C4)C#N,6.199970640755866,6.100015437450609,,
CC1=NC2=CN=C(N=C2N(C1=O)CCOC)N3CCOCC3,5.100179497572904,,,
CN1C=C(C2=CC=CC=C21)C3=NC4=CN=C(N=C4N(C3=O)CC5=CC(=CC=C5)OC)OC,4.801342913045577,4.899998417198648,,5.0999990348465305
COC1=CC=C(C=C1)C2=NC3=CN=C(N=C3N(C2=O)CCC#N)NC4=CC(=CC=C4)OC,5.199970640755866,,,5.399996913372259
C1CN(CCN1)C2=NC=C3C(=N2)N(C(=O)C(=N3)C4=CC=C(C=C4)Cl)CC5=CC=C(C=C5)F,4.801342913045577,4.59999938302362,,4.899998417198648
CC1=CC(=CC=C1)CNC2=NC=NC(=C2)C3=COC=C3,5.0,,4.59999938302362,5.0999990348465305
COCCN1C2=NC(=NC=C2N=C(C1=O)C3=CC=C(C=C3)Cl)OC,6.400116927926312,4.40000018605658,4.59999938302362,5.0999990348465305
CC1=NC2=CN=C(N=C2N(C1=O)CCC#N)NC3=CC(=CC=C3)OC,5.8996294548824375,,,4.899998417198648
CCNC1=NC=C2C(=N1)N(C(=O)C(=N2)C3=CC=C(C=C3)OC)C4=CC=C(C=C4)OC,,,,4.899998417198648
CC(C)CN1CCC2(CC1)CCN(CC2)C(=O)C3=CC=CO3,,,5.699991797446187,
COCCN1C2=NC(=NC=C2N=C(C1=O)C3=CC=CS3)OC4=CC=C(C=C4)OC,5.600326278518962,5.299997602857746,,6.100015437450609
CC1=C(C(=NO1)C)C2=NC=CC(=N2)NC3=CC=C(C=C3)F,6.400116927926312,,,4.899998417198648
C1CC1N2C3=NC=NC=C3N=C(C2=O)C4=CC(=C(C=C4)F)F,7.0,,,4.899998417198648
C1COCCN1C2=NC=C3C(=N2)N(C(=O)C(=N3)C4=CC=CS4)CC5=CC=CS5,4.801342913045577,,,5.0
CC(=O)NCCNC1=NC=NC=C1C2=CC=CC=C2C(F)(F)F,,,,6.0
COC1=CC=C(C=C1)OC2=NC=C3C(=N2)N(C(=O)C(=N3)C4=CC(=CC(=C4)F)F)C[C@H]5CCCO5,5.400116927926312,4.800000874803203,,5.599997654072044
CC1=CC=CC=C1C2=CC(=NC=N2)NC,5.0,,4.40000018605658,
CN1C=CC=C1C(=O)N2CCC[C@]3(C2)CCN(C3)CC4=CC=C(C=C4)C#N,,,4.700000503883016,4.899998417198648
C1CN(CCN1)C2=NC=C3C(=N2)N(C(=O)C(=N3)C4=CC=CS4)CCC5=CC=CC=C5,4.899629454882437,6.400007822415902,4.59999938302362,4.800000874803203
CC1=C(C(=NO1)C)C2=NC3=CC=CC=C3C(=N2)NCC4=C(C=C(C=C4)OC)OC,6.100179497572904,6.0,,5.599997654072044
CN(C)C(=O)C1=CC=C(C=C1)C2=CC(=NC=N2)NCC3=CC=CS3,4.801342913045577,,,
COC1=CC=C(C=C1)N2C3=NC(=NC=C3N=C(C2=O)C4=CC=CS4)NC5=CC=CC=C5,4.500312917381596,,,
CC(C)NC(=O)N1CCC2(CCN(CC2)C(=O)C3=CC(=CC=C3)F)CC1,,,,4.700000503883016
COCC(=O)N1CCC2(CCN(CC2)CC3=CC=NC=C3)CC1,5.0,6.400007822415902,5.199998172182031,4.800000874803203
COC1=CC=C(C=C1)NC(=O)N2CCCC3(C2)CCN(CC3)C(=O)C4=CSN=N4,,,,4.800000874803203
C1CN(CCC12CN(C2)C3=CC=C(C=C3)C4=CC=CC=C4)C(=O)C5=CC=NC=C5,,,,5.599997654072044
CNC1=NC(=NC=C1)C2=CC=CC=C2C(F)(F)F,4.899629454882437,,,4.59999938302362
C1=CC(=CC=C1NC2=NC(=NC=C2)C3=COC=C3)F,6.0,,4.700000503883016,5.0999990348465305
CN1CC[C@]2(C1)CCCN(C2)C(=O)C3=CC=C(C=C3)OC,,,,4.499999678657065
CN1C2=NC(=NC=C2N=C(C1=O)C3=CC(=CC(=C3)F)F)OC,5.698970004336019,,,
COCCN1C2=NC(=NC=C2N=C(C1=O)C3=CC=C(C=C3)Cl)OC4=CC(=CC=C4)Cl,5.8996294548824375,5.599997654072044,,4.899998417198648
COC1=CC(=C(C=C1)CNC2=NC=NC(=C2)C3=CC=CC=C3OC)OC,5.0,,5.0,5.199998172182031
COC1=CC=C(C=C1)NC(=O)N2CC[C@]3(C2)CCCN(C3)S(=O)(=O)C,4.600326278518962,,,4.40000018605658
COC1=CC=C(C=C1)N2C3=NC=NC=C3N=C(C2=O)C4=CC(=C(C=C4)F)F,5.600326278518962,,,4.899998417198648
C1C[C@@]2(CCN(C2)CC3=CC=C(C=C3)C#N)CN(C1)C(=O)C4=CC=NC=C4,4.400116927926312,4.499999678657065,4.700000503883016,4.899998417198648
COC1=CC=CC(=C1)CN2C3=NC(=NC=C3N=C(C2=O)C4=CC=CS4)OC,5.5003129173815966,5.499996931948306,,5.399996913372259
C1CN(CCC12CCN(CC2)C(=O)C3=CC(=CC=C3)F)CC4=CC=CC=C4,,,5.0999990348465305,
CC(C)NC(=O)N1CC[C@]2(C1)CCCN(C2)C(=O)C3=CC=C(C=C3)OC,4.899629454882437,,,4.700000503883016
COC1=CC=CC=C1C2=NC3=CC=CC=C3C(=N2)NCC4=CN=CC=C4,6.100179497572904,,4.700000503883016,5.0
COC1=CC=CC=C1CN2CCC3(CC2)CCN(CC3)S(=O)(=O)C4=CC=CC=C4,,,6.79997073344623,
COC1=CC=CC=C1CNC2=NC=NC(=C2)C3=CC(=CC=C3)NS(=O)(=O)C,4.801342913045577,6.400007822415902,,5.299997602857746
COC1=CC=CC=C1CNC2=NC(=NC=C2)C3=CC4=C(C=C3)OCO4,6.199970640755866,,6.100015437450609,5.799998134593398
C1CN(CCC12CCN(CC2)C(=O)C3=CC=NC=C3)CC4=CC=C(C=C4)C#N,,,5.199998172182031,4.899998417198648
C1CN(CCN1)C2=NC=C3C(=N2)N(C(=O)C(=N3)C4=CC(=CC(=C4)F)F)CC5=CC=C(C=C5)F,4.801342913045577,4.899998417198648,,4.800000874803203
C1CC2(CCN(CC2)C(=O)C3=CC=NC=C3)CN(C1)CC4=NC=CS4,6.698970004336019,4.800000874803203,5.199998172182031,5.0999990348465305
CN(C)CC1=CC=CC=C1C2=CN=CN=C2NCC3=CC=CC=C3,4.899629454882437,,4.899998417198648,5.699991797446187
COC1=CC=C(C=C1)OC2=NC=C3C(=N2)N(C(=O)C(=N3)C4=CC=CS4)CC5=CC=CS5,5.698970004336019,5.799998134593398,,5.399996913372259
CS(=O)(=O)N1CCC2(CC1)CN(C2)C3=CC=CC(=C3)C4=CC=CC=C4,5.300162274132754,5.0999990348465305,,
CC1=CC(=CC=C1)CNC2=NC(=NC3=CC=CC=C32)C4=C(ON=C4C)C,6.400116927926312,6.199970640755866,,5.699991797446187
CN(CC1=CC=CO1)C2=NC(=NC3=CC=CC=C32)C4=CC(=CC=C4)OC,6.5003129173815966,,5.299997602857746,5.0
CN(C)C1=CC=C(C=C1)C2=CN=CN=C2NCCC3=CN=CN3,5.8996294548824375,6.299988937677887,5.299997602857746,5.900008766455316
COC1=CC=CC(=C1)C2=CC3=C(C=C2)N=CN=C3NC4CC4,6.698970004336019,,4.59999938302362,5.699991797446187
CC1=CN=C(C=N1)CNC2=NC(=NC3=CC=CC=C32)C4=CC=C(C=C4)N(C)C,5.5003129173815966,,4.40000018605658,5.299997602857746
CN1C2=NC(=NC=C2N=C(C1=O)C3=CC=CS3)OC4=CC=C(C=C4)OC,5.5003129173815966,5.499996931948306,,5.399996913372259
COC1=CC(=C(C=C1)CNC2=NC=NC3=C2C=C(C=C3)C4=CC=CC=C4C#N)OC,5.199970640755866,6.100015437450609,,6.0
CC(C)CN1CC2(C1)CCN(CC2)C(=O)C3=CC=NC=C3,,,5.399996913372259,
CN(C)C1=NC=C2C(=N1)N(C(=O)C(=N2)C3=CC=CC(=C3)C#N)CCC#N,,5.0999990348465305,4.40000018605658,
COC1=NC=C2C(=N1)N(C(=O)C(=N2)CCC3=CC=CC=C3)CC4=CC=C(C=C4)F,5.100179497572904,4.899998417198648,,5.399996913372259
CN1CCN(CC1)C2=NC=NC=C2C3=CN=CC=C3,4.600326278518962,,5.599997654072044,4.899998417198648
C1=CC=C(C=C1)NC2=NC=C3C(=N2)N(C(=O)C(=N3)C4=CC=C(C=C4)F)CC5=CC=CS5,5.698970004336019,,,
CN(CC1=CC=CO1)C2=NC(=NC3=CC=CC=C32)C4=CC=CC=C4Cl,6.199970640755866,,5.0,4.499999678657065
CC1=CN=C(C=N1)CNC2=NC=NC3=C2C=C(C=C3)C4=CC(=CC=C4)NS(=O)(=O)C,5.400116927926312,6.299988937677887,4.59999938302362,4.899998417198648
C1CNCCC12CCN(CC2)C3=CC=CC=N3,,4.499999678657065,5.900008766455316,4.59999938302362
CN1C=CC=C1C(=O)N2CCC3(CCN(CC3)C4=CC=CC=C4)CC2,4.899629454882437,,,4.800000874803203
C1CC2(CCN(CC2)C(=O)C3=NC=CN=C3)CN(C1)CC4=NC=CS4,4.801342913045577,4.800000874803203,5.0999990348465305,4.899998417198648
CN(CC1=CC=CO1)C2=NC(=NC3=CC=CC=C32)C4=CC=CC=C4OC,6.300162274132754,,6.0,5.0999990348465305
CC1=CN=C(C=N1)CNC2=NC=NC3=C2C=C(C=C3)C4=CC=C(C=C4)N(C)C,6.0,,4.59999938302362,5.0
CN(C)C1=NC=C2C(=N1)N(C(=O)C(=N2)C3=CC=C(C=C3)OC)CCC4=CC=CC=C4,5.8996294548824375,,,
CCNC1=NC=C2C(=N1)N(C(=O)C(=N2)CCC3=CC=CC=C3)C4CC4,5.5003129173815966,5.399996913372259,6.400007822415902,4.800000874803203
CC1=C(C(=NO1)C)C2=CN=CN=C2NCCOC,,6.899974269892137,,5.299997602857746
CN1C=CC=C1C(=O)N2CCC3(CCCN(C3)C4=CC=NC=C4)CC2,4.899629454882437,4.59999938302362,,5.0999990348465305
COC1=CC=C(C=C1)C(=O)N2CCC3(CCN(CC3)C4=CC=CC=N4)CC2,,4.40000018605658,,
CC1=C(C(=NO1)C)C2=CC3=C(C=C2)N=CN=C3NCC4=CC=CS4,6.400116927926312,,4.700000503883016,5.0
CCNC1=NC=C2C(=N1)N(C(=O)C(=N2)C3=CC(=CC(=C3)F)F)C4=CC=CC=C4,5.400116927926312,,7.0,5.0
CC1=CC=CC=C1C2=CC3=C(C=C2)N=CN=C3NCC4=CC=CS4,5.600326278518962,5.900008766455316,5.0,5.399996913372259
C1CC2(CCN(CC2)C(=O)C3=CSN=N3)CN(C1)C(=O)NC4=CC(=CC=C4)F,4.801342913045577,,,4.899998417198648
C1COCCN1C2=NC=C3C(=N2)N(C(=O)C(=N3)CCC4=CC=CC=C4)CC5=CC=C(C=C5)F,5.0,,,
C1CC2(CCN(CC2)C(=O)C3=CC=CO3)CN(C1)CC4=CC=C(C=C4)C#N,4.600326278518962,4.800000874803203,,4.800000874803203
COC1=CC=CC=C1C2=NC=CC(=N2)NC3=CC=C(C=C3)F,6.199970640755866,,4.700000503883016,5.199998172182031
CCNC1=NC=C2C(=N1)N(C(=O)C=N2)CC3=CC(=CC=C3)OC,5.400116927926312,4.899998417198648,,4.899998417198648
CN1C=CC=C1C(=O)N2CCC3(CC2)CN(C3)CC4=CC(=CC(=C4)C(F)(F)F)C(F)(F)F,5.0,4.800000874803203,4.59999938302362,
C1=CC(=CC(=C1)Cl)OC2=NC=C3C(=N2)N(C(=O)C(=N3)C4=CC=C(C=C4)F)CCC#N,6.300162274132754,,,
C1C[C@@H](OC1)CN2C3=NC(=NC=C3N=C(C2=O)C4=CC=C(C=C4)F)OC5=CC(=CC=C5)Cl,6.199970640755866,5.0999990348465305,,4.899998417198648
COC1=CC=CC(=C1)NC2=NC=C3C(=N2)N(C(=O)C(=N3)C4=CC=C(C=C4)Cl)C5CC5,5.400116927926312,,,
COC1=CC2=C(C=C1)NC=C2CCNC3=NC=NC4=C3C=C(C=C4)C5=CC=CC=C5OC,5.100179497572904,6.599980364934842,5.399996913372259,6.100015437450609
COC1=CC(=C(C=C1)CNC2=NC=NC3=C2C=C(C=C3)C4=CC=CC=C4OC)OC,5.5003129173815966,6.400007822415902,,5.699991797446187
C1C[C@@H](OC1)CN2C3=NC(=NC=C3N=C(C2=O)C4=CC=C(C=C4)F)NC5=CC=CC=C5,5.698970004336019,,,4.899998417198648
C1CN(CCC12CN(C2)C(=O)NC3=CC=CC(=C3)C#N)C(=O)OC4=CC=CC=C4,4.801342913045577,4.800000874803203,4.40000018605658,5.0999990348465305
CC1=CC(=CC=C1)CNC2=NC(=NC3=CC=CC=C32)C4=CC=CC=C4CN(C)C,5.5003129173815966,,4.899998417198648,5.0
C1C[C@@]2(CCN(C2)C3=NC=CC=N3)CN(C1)C(=O)C4=CC=CO4,4.801342913045577,,4.59999938302362,
CCNC1=NC=C2C(=N1)N(C(=O)C(=N2)C3=CC=C(C=C3)OC)CC4=CC=CS4,6.199970640755866,,,5.0999990348465305
C1COCCN1CCNC2=NC=NC3=C2C=C(C=C3)C4=CC=CC=C4C#N,5.0,,4.40000018605658,5.0
COC1=CC=CC(=C1)CN2C3=NC=NC=C3N=C(C2=O)C4=CC=CC=C4,5.5003129173815966,5.0,5.0,5.0
COCCN1C2=NC(=NC=C2N=C(C1=O)CCC3=CC=CC=C3)OC,5.0,4.700000503883016,,4.899998417198648
CC1=CN=C(C=N1)CNC2=NC(=NC=C2)C3=CC=CC=C3OC,4.899629454882437,,,4.40000018605658
CC1=C(C(=NO1)C)C2=CN=CN=C2N(C)CC3=CC=CO3,,,,5.499996931948306
C1=CC=C(C=C1)CN2C3=NC=NC=C3N=C(C2=O)C4=CC(=CC(=C4)F)F,5.698970004336019,4.899998417198648,,5.299997602857746
COC1=CC=CC(=C1)C2=CC(=NC=N2)NCC3=CN=CC=C3,6.199970640755866,,4.59999938302362,5.399996913372259
C1=CC=C(C(=C1)C#N)C2=CC3=C(C=C2)N=CN=C3NCC4=CC=CS4,6.698970004336019,6.0,,5.499996931948306
CN1CCN(CC1)C2=NC=C3C(=N2)N(C(=O)C(=N3)C4=CC=C(C=C4)Cl)C,5.199970640755866,,,4.899998417198648
CN(C)C1=NC=C2C(=N1)N(C(=O)C(=N2)CCC3=CC=CC=C3)CCC4=CC=CC=C4,5.199970640755866,4.899998417198648,5.0999990348465305,5.199998172182031
CN1C=CC=C1C(=O)N2CCC3(CCN(CC3)C4=CC=C(C=C4)C5=CC=CC=C5)CC2,4.698970004336019,,,4.800000874803203
CC(=O)N1CCC2(CCCN(C2)C3=NC=CC=N3)CC1,,,4.499999678657065,
COCCN1C2=NC(=NC=C2N=C(C1=O)C3=CC=CS3)OC4=CC=CC=C4,5.698970004336019,5.399996913372259,,4.700000503883016
CN1C2=NC(=NC=C2N=C(C1=O)C3=CC=C(C=C3)Cl)NC4=CC=CC=C4,4.500312917381596,,,
COC1=CC=C(C=C1)C2=NC3=CN=C(N=C3N(C2=O)C[C@H]4CCCO4)OC5=CC(=CC=C5)Cl,5.300162274132754,5.299997602857746,,5.299997602857746
CN(C)C(=O)C1=CC=C(C=C1)C2=CC3=C(C=C2)N=CN=C3NCC4=C(C=C(C=C4)OC)OC,4.400116927926312,,4.700000503883016,5.599997654072044
C1=CC=C2C(=C1)C(=NC(=N2)C3=COC=C3)NCC4=CN=CC=C4,6.400116927926312,,5.299997602857746,5.0999990348465305
CC1=C(C(=NO1)C)C(=O)N2CCC3(CCN(CC3)CC4=CC=CC=C4OC)CC2,,,5.0999990348465305,
COC1=CC(=C(C=C1)CNC2=NC=NC=C2C3=CC(=CC=C3)OC)OC,5.400116927926312,6.0,5.0999990348465305,6.299988937677887
CC(C)NC(=O)N1CCC2(CC1)CCN(CC2)C(=O)OC,4.698970004336019,4.899998417198648,,
COC1=CC=CC(=C1)NC2=NC=C3C(=N2)N(C(=O)C(=N3)C4=CC(=CC(=C4)F)F)CCC#N,5.400116927926312,,,5.0
C1CC1N2C3=NC=NC=C3N=C(C2=O)C4=CC(=CC=C4)Cl,6.199970640755866,,,4.800000874803203
CN(C)C(=O)C1=CC=C(C=C1)C2=CC3=C(C=C2)N=CN=C3N(C)CC4=CC=CO4,5.300162274132754,,4.499999678657065,4.59999938302362
C1C[C@@]2(CCN(C2)C3=CC=NC=C3)CN(C1)C(=O)C4=CC=NC=C4,,,,5.299997602857746
CC(C)CN1CC[C@]2(C1)CCCN(C2)C(=O)C3=CC=NC=C3,,,5.0,4.800000874803203
CN(CC1=CC=CO1)C2=NC=NC=C2C3=CC=CC=C3OC,4.801342913045577,,4.59999938302362,5.900008766455316
CN(C)C1=NC=C2C(=N1)N(C(=O)C(=N2)C3=CC=C(C=C3)OC)CC4=CC=C(C=C4)F,5.300162274132754,,,
CN(C)C1=CC=C(C=C1)C2=CN=CN=C2NCC3=CC=CS3,6.400116927926312,,4.40000018605658,6.100015437450609
C1CN(CCC12CN(C2)C3=CC=C(C=C3)C4=CC=CC=C4)C(=O)C5=CC(=CC=C5)F,,,,5.599997654072044
CC1=NC2=CN=C(N=C2N(C1=O)CCC3=CC=CC=C3)NC4=CC=CC=C4,5.600326278518962,,,5.0
C1CN(CCC12CCN(CC2)C(=O)C3=CC=NC=C3)C4=CC=CC(=C4)C5=CC=CC=C5,4.698970004336019,4.899998417198648,5.0999990348465305,4.59999938302362
C1=CC(=CN=C1)CNC2=NC=NC3=C2C=C(C=C3)C4=CN=CC=C4,7.100179497572904,,5.0,6.0
CC1=CN=C(C=N1)CNC2=NC(=NC=C2)C3=CC=C(C=C3)N(C)C,5.600326278518962,,,5.0
CC1=CC=CC=C1C2=NC3=CC=CC=C3C(=N2)N(C)C,6.199970640755866,,4.899998417198648,
CN(C)C1=NC=C2C(=N1)N(C(=O)C(=N2)C3=CC=CS3)CCC4=CC=CC=C4,5.300162274132754,,,
CN1C(=O)C=NC2=CN=C(N=C21)OC3=CC=C(C=C3)OC,5.400116927926312,,,4.59999938302362
C1=CC=C(C=C1)OC2=NC=C3C(=N2)N(C(=O)C(=N3)C4=CC=C(C=C4)Cl)CCC#N,6.300162274132754,,,
CN1C(=O)C=NC2=CN=C(N=C21)OC3=CC=CC=C3,5.0,,,
COC1=CC=C(C=C1)C(=O)N2CCC3(CCCN(C3)C4=CC=NC=C4)CC2,,4.700000503883016,5.499996931948306,4.59999938302362
COC(=O)N1CCC2(CC1)CN(C2)C3=CC=CC=C3,,,,4.700000503883016
CN1C2=NC(=NC=C2N=C(C1=O)CCC3=CC=CC=C3)NC4=CC(=CC=C4)OC,5.300162274132754,6.0,,
COC1=CC=C(C=C1)N2C3=NC(=NC=C3N=C(C2=O)C4=CC=C(C=C4)F)N5CCNCC5,4.801342913045577,,,
CC1=CN=C(C=N1)CNC2=NC=NC3=C2C=C(C=C3)C4=CC=CC=C4CN(C)C,,5.799998134593398,5.599997654072044,
CC(C)CN1CCC2(CC1)CCN(CC2)C(=O)C3=CC=CN3C,,,4.899998417198648,
CN(C)C1=NC=C2C(=N1)N(C(=O)C(=N2)C3=CC=C(C=C3)F)CCOC,5.698970004336019,4.899998417198648,6.199970640755866,
CS(=O)(=O)NC1=CC=CC(=C1)C2=NC3=CC=CC=C3C(=N2)N4C=CN=C4,6.0,,5.0,5.900008766455316
CNC1=NC(=NC=C1)C2=CC=CC=C2CN(C)C,4.899629454882437,,7.400116927926312,
C1=CC=C(C(=C1)CN2C3=NC=NC=C3N=C(C2=O)C4=CC(=CC=C4)Cl)Cl,5.698970004336019,5.399996913372259,4.800000874803203,4.899998417198648
C1=CC=C(C=C1)OC2=NC=C3C(=N2)N(C(=O)C=N3)CC4=CC=C(C=C4)F,4.801342913045577,4.800000874803203,,4.700000503883016
COC1=CC=CC=C1CN2CCCC3(C2)CCN(CC3)C(=O)C4=CC=NC=C4,4.698970004336019,4.700000503883016,5.499996931948306,5.199998172182031
C1C[C@@]2(CCN(C2)CC3=CC=CC=C3)CN(C1)C(=O)C4=CC(=CC=C4)F,4.801342913045577,,5.900008766455316,4.800000874803203
CN(C)C1=NC=C2C(=N1)N(C(=O)C(=N2)C3=CC=C(C=C3)OC)C[C@H]4CCCO4,5.5003129173815966,,,5.199998172182031
C1C[C@@]2(CCN(C2)CC3=NC=CS3)CN(C1)C(=O)C4=CC(=CC=C4)F,4.899629454882437,5.0,4.700000503883016,5.0999990348465305
CC1=NC2=CN=C(N=C2N(C1=O)C[C@H]3CCCO3)N4CCN(CC4)C,4.899629454882437,5.499996931948306,,4.40000018605658
CN1C=C(C2=CC=CC=C21)C3=NC4=CN=C(N=C4N(C3=O)CC5=CC(=CC=C5)OC)N6CCOCC6,4.600326278518962,,,
C1=CC=C(C=C1)NC2=NC=C3C(=N2)N(C(=O)C=N3)CCC#N,5.698970004336019,,,4.899998417198648
CC(C)NC(=O)N1CC[C@]2(C1)CCCN(C2)S(=O)(=O)C,,4.59999938302362,,
CN1C2=NC(=NC=C2N=C(C1=O)C3=CC(=CC(=C3)F)F)OC4=CC=CC=C4,5.698970004336019,4.700000503883016,,5.499996931948306
COC1=NC=C2C(=N1)N(C(=O)C(=N2)C3=CC=C(C=C3)F)CCC4=CC=CC=C4,6.400116927926312,,,
COC1=CC=CC=C1CCN2C3=NC=NC=C3N=C(C2=O)C4=CC(=CC=C4)Cl,6.5003129173815966,6.0,4.499999678657065,5.199998172182031
C1CC2(CCN(CC2)C(=O)C3=CC=CO3)CN(C1)C(=O)NC4=CC=CC(=C4)C#N,4.801342913045577,5.399996913372259,,5.299997602857746
CC(C)CN1CC[C@]2(C1)CCCN(C2)C(=O)OC3=CC=CC=C3,4.801342913045577,4.499999678657065,5.199998172182031,4.899998417198648
COC1=CC=CC(=C1)NC2=NC=C3C(=N2)N(C(=O)C(=N3)C4=CC=CS4)C[C@H]5CCCO5,5.600326278518962,5.599997654072044,4.800000874803203,4.899998417198648
C1=CC=C(C=C1)CNC2=NC(=NC=C2)C3=CC=CC=C3C(F)(F)F,4.899629454882437,6.0,4.59999938302362,4.499999678657065
COC1=CC(=C(C=C1)CNC2=NC(=NC=C2)C3=CC=CC(=C3)C#N)OC,5.600326278518962,6.299988937677887,4.899998417198648,5.699991797446187
CN(C)C1=CC=C(C=C1)C2=CC3=C(C=C2)N=CN=C3N4C=CN=C4,6.5003129173815966,,4.700000503883016,6.0
C1COCCN1C2=NC=C3C(=N2)N(C(=O)C(=N3)C4=CC=CC(=C4)C#N)CC5=CC=C(C=C5)F,,4.899998417198648,,
C1CC1N2C3=NC(=NC=C3N=C(C2=O)C4=CC(=CC(=C4)F)F)OC5=CC=CC=C5,5.600326278518962,5.0,,
C1CN(CCC12CN(C2)C3=CC=CC=N3)C(=O)OC4=CC=CC=C4,,,,4.800000874803203
CC1=C(C(=NO1)C)C2=NC3=CC=CC=C3C(=N2)NC4CC4,7.0,,,5.599997654072044
C1CC2(CCN(CC2)C(=O)C3=CSN=N3)CN(C1)C4=CC=NC=C4,,4.40000018605658,4.700000503883016,4.800000874803203
CN1C=C(C2=CC=CC=C21)C3=NC4=CN=C(N=C4N(C3=O)C)OC5=CC=C(C=C5)OC,,5.199998172182031,,4.800000874803203
CN(C)C1=CC=C(C=C1)C2=NC3=CC=CC=C3C(=N2)NCCN4CCOCC4,5.100179497572904,,4.59999938302362,4.899998417198648
COC1=CC=CC(=C1)CN2C3=NC(=NC=C3N=C(C2=O)C4=CC=CS4)N5CCNCC5,4.801342913045577,4.899998417198648,4.499999678657065,4.800000874803203
CN1CCN(CC1)C2=NC=C3C(=N2)N(C(=O)C(=N3)C4=CC=C(C=C4)OC)C5CC5,4.698970004336019,,,
C1OC2=C(O1)C=C(C=C2)C3=NC4=CC=CC=C4C(=N3)NC5=CC=CC=C5,5.8996294548824375,,4.40000018605658,5.299997602857746
CN(C)C1=NC=C2C(=N1)N(C(=O)C=N2)CC3=CC(=CC=C3)OC,5.199970640755866,4.899998417198648,,4.899998417198648
CN(C)C1=NC=C2C(=N1)N(C(=O)C(=N2)C3=CC=C(C=C3)F)C4=CC=CC=C4,5.600326278518962,,5.799998134593398,
COC1=CC=C(C=C1)N2C3=NC(=NC=C3N=C(C2=O)C4=CC(=CC(=C4)F)F)N5CCNCC5,4.899629454882437,,,4.59999938302362
COC1=CC=CC=C1CNC2=NC=NC=C2C3=CC=CC=C3OC,5.100179497572904,5.799998134593398,5.0,6.700057099977233
CC1=CC=CC=C1C2=CC3=C(C=C2)N=CN=C3NCCN4CCOCC4,5.300162274132754,,4.800000874803203,5.399996913372259
COC1=NC=C2C(=N1)N(C(=O)C(=N2)C3=CC=C(C=C3)F)CC4=CC=C(C=C4)F,5.801342913045578,,,5.499996931948306
CN(C)C1=NC=C2C(=N1)N(C(=O)C(=N2)CCC3=CC=CC=C3)CC4=CC=CS4,5.801342913045578,4.800000874803203,4.59999938302362,5.0
CN(C)CC1=CC=CC=C1C2=NC=CC(=N2)NCCOC,5.300162274132754,,4.40000018605658,
CC1=C(C(=NO1)C)C2=CC3=C(C=C2)N=CN=C3NC4CC4,6.0,,,4.899998417198648
CCNC1=NC=C2C(=N1)N(C(=O)C(=N2)C3=CC=CC=C3)CC4=CC=CS4,6.5003129173815966,,,4.800000874803203
C1CC2(CCN(CC2)C(=O)C3=CC(=CC(=C3)C(F)(F)F)C(F)(F)F)CN(C1)C(=O)NC4=CC=CC(=C4)C#N,5.199970640755866,,,5.0
CN(C)C1=CC=C(C=C1)C2=NC3=CC=CC=C3C(=N2)NC4=CC=NC=C4,6.300162274132754,6.100015437450609,4.59999938302362,5.0999990348465305
CN1C=CC=C1C(=O)N2CCC3(CCCN(C3)CC4=CC=CC=C4OC)CC2,,,5.499996931948306,4.700000503883016
CN1CCN(CC1)C2=NC=NC3=C2C=C(C=C3)C4=CN=CC=C4,5.600326278518962,,4.59999938302362,4.800000874803203
C1C[C@@]2(CCN(C2)C(=O)NC3=CC(=CC=C3)F)CN(C1)C(=O)C4=CC(=CC(=C4)C(F)(F)F)C(F)(F)F,,,,4.800000874803203
CN1CCN(CC1)C2=NC(=NC=C2)C3=CN=CC=C3,5.698970004336019,,5.0,4.899998417198648
CC1=NC2=CN=C(N=C2N(C1=O)CCC3=CC=CC=C3)OC4=CC=CC=C4,5.5003129173815966,,,4.700000503883016
CN1C=CC=C1C(=O)N2CCC[C@]3(C2)CCN(C3)CC4=CC=CC=C4,5.0,,5.699991797446187,5.299997602857746
CC(C)CN1CC[C@]2(C1)CCCN(C2)C(=O)C3=CC(=CC=C3)F,,,5.699991797446187,5.199998172182031
COC1=NC=C2C(=N1)N(C(=O)C(=N2)C3=CC(=CC(=C3)F)F)CCC4=CC=CC=C4,5.300162274132754,5.199998172182031,,5.299997602857746
CN1C=C(C2=CC=CC=C21)C3=NC4=CN=C(N=C4N(C3=O)CCC#N)OC5=CC=CC=C5,5.5003129173815966,,,5.0999990348465305
C1OC2=C(O1)C=C(C=C2)C3=NC4=CC=CC=C4C(=N3)NC5=CC=NC=C5,5.8996294548824375,5.900008766455316,4.700000503883016,6.299988937677887
COCCN1C2=NC(=NC=C2N=C(C1=O)C3=CC=CC(=C3)C#N)OC4=CC=CC=C4,4.801342913045577,5.0999990348465305,,4.59999938302362
CN1C2=NC=NC=C2N=C(C1=O)C3=CC(=C(C=C3)F)F,6.801342913045577,,,4.700000503883016
CC(=O)N1CCC[C@]2(C1)CCN(C2)C(=O)NC3=CC=C(C=C3)OC,4.400116927926312,,,
CC1=C(C(=NO1)C)C2=CC3=C(C=C2)N=CN=C3NCC4=C(C=C(C=C4)OC)OC,4.801342913045577,,4.800000874803203,5.499996931948306
COC1=CC=C(C=C1)NC(=O)N2CCCC3(C2)CCN(CC3)C(=O)C4=CC=NC=C4,4.801342913045577,6.199970640755866,,6.100015437450609
COC1=CC(=C(C=C1)CNC2=NC=NC=C2C3=CC=CC(=C3)C#N)OC,5.100179497572904,,5.299997602857746,6.50003813440381
CC1=C(C(=NO1)C)C(=O)N2CCC3(CCCN(C3)CC4=CC=CC=C4)CC2,,,,4.59999938302362
COC1=CC=CC=C1C2=CN=CN=C2N3C=CN=C3,4.899629454882437,,4.59999938302362,
COC1=CC=C(C=C1)N2C3=NC(=NC=C3N=C(C2=O)C4=CC=CS4)OC,5.300162274132754,,,5.0999990348465305
C1=CC(=CN=C1)CNC2=NC(=NC=C2)C3=CN=CC=C3,6.801342913045577,,5.0,6.199970640755866
C1C[C@@]2(CCN(C2)CC3=NC=CS3)CN(C1)C(=O)C4=CC=CO4,,,5.0,5.0999990348465305
COC1=CC=CC=C1CNC2=NC(=NC3=CC=CC=C32)C4=CC(=CC=C4)NS(=O)(=O)C,5.0,6.199970640755866,5.599997654072044,5.699991797446187
C1=CC=C2C(=C1)NC(=N2)NC(=O)N,,,,4.499999678657065
COC1=CC=C(C=C1)C2=NC3=CN=C(N=C3N(C2=O)CC4=CC=CS4)N5CCNCC5,5.400116927926312,4.40000018605658,,5.399996913372259
CN1C2=NC(=NC=C2N=C(C1=O)CCC3=CC=CC=C3)OC4=CC=CC=C4,5.100179497572904,4.899998417198648,,
C1C[C@@]2(CCN(C2)C3=CC=CC=N3)CN(C1)C(=O)C4=CC=CO4,4.801342913045577,,4.899998417198648,4.800000874803203
C1CN(CCC12CCN(CC2)C(=O)C3=CC(=CC=C3)F)C4=CC=NC=C4,4.698970004336019,4.59999938302362,4.700000503883016,4.800000874803203
C1CC2(CCN(CC2)C(=O)C3=CC(=CC(=C3)C(F)(F)F)C(F)(F)F)CN(C1)CC4=CC=CC=C4,,,,5.0999990348465305
C1C[C@@H](OC1)CN2C3=NC(=NC=C3N=C(C2=O)C4=CC=C(C=C4)F)N5CCOCC5,5.801342913045578,4.59999938302362,,
C1=CC=C(C=C1)OC2=NC=C3C(=N2)N(C(=O)C(=N3)C4=CC(=CC(=C4)F)F)CCC#N,5.698970004336019,4.800000874803203,,
C1=CC=C(C=C1)OC2=NC=C3C(=N2)N(C(=O)C(=N3)C4=CC=CS4)CC5=CC=CS5,5.400116927926312,5.799998134593398,,4.800000874803203
CC(=O)N1CCC2(CCCN(C2)CC3=CC=CC=C3)CC1,,,5.599997654072044,
CC1=NC2=CN=C(N=C2N(C1=O)C[C@H]3CCCO3)OC4=CC=C(C=C4)OC,4.899629454882437,4.40000018605658,,5.399996913372259
COC1=CC=CC(=C1)CN2C3=NC(=NC=C3N=C(C2=O)C4=CC(=CC(=C4)F)F)N5CCOCC5,,8.0,,
C1CN(CCC12CN(C2)C(=O)NC3=CC(=CC=C3)F)C(=O)C4=CC=NC=C4,,,5.0999990348465305,4.899998417198648
C1C[C@@]2(CCN(C2)C(C3=CC=CC=C3)C4=CC=CC=C4)CN(C1)C(=O)C5=NC=CN=C5,4.801342913045577,,5.0,5.599997654072044
CNC1=NC(=NC=C1)C2=CC(=CC=C2)NS(=O)(=O)C,5.5003129173815966,,,4.59999938302362
CN1C2=NC(=NC=C2N=C(C1=O)CCC3=CC=CC=C3)OC,5.300162274132754,,4.700000503883016,
C1CC1N2C3=NC(=NC=C3N=C(C2=O)C4=CC(=CC(=C4)F)F)N5CCNCC5,5.5003129173815966,6.79997073344623,,4.59999938302362
COC1=CC=C(C=C1)C(=O)N2CCC3(CCN(CC3)C4=CC=CC=C4)CC2,,,,5.599997654072044
C1C[C@@H](OC1)CN2C3=NC(=NC=C3N=C(C2=O)C4=CC=CC=C4)OC5=CC(=CC=C5)Cl,5.801342913045578,5.0999990348465305,,4.899998417198648
COC1=CC=C(C=C1)N2C3=NC(=NC=C3N=C(C2=O)CCC4=CC=CC=C4)N5CCOCC5,4.801342913045577,,,4.899998417198648
COC(=O)N1CCC2(CCCN(C2)C3=CC=NC=C3)CC1,,,,5.0999990348465305
C1=CC=C(C=C1)CNC2=NC=NC3=C2C=C(C=C3)C4=CC=CC=C4C#N,6.400116927926312,6.199970640755866,5.399996913372259,5.599997654072044
CC1=C(C(=NO1)C)C(=O)N2CCC3(CCCN(C3)CC4=CC=CC=C4OC)CC2,,,4.899998417198648,5.0
CC1=NC2=CN=C(N=C2N(C1=O)CCC#N)OC3=CC=C(C=C3)OC,4.600326278518962,,,4.899998417198648
C1CN(CCC12CCN(CC2)C(=O)C3=CC(=CC=C3)F)C4=CC=CC=N4,,,4.700000503883016,5.499996931948306
CN1CCN(CC1)C2=NC=C3C(=N2)N(C(=O)C(=N3)C4=CC=CC=C4)C,4.801342913045577,,,
CN(C)C(=O)C1=CC=C(C=C1)C2=CC(=NC=N2)NCC3=CN=CC=C3,4.698970004336019,,,4.800000874803203
C1CC2(CCN(CC2)C(=O)OC3=CC=CC=C3)CN(C1)CC4=CC=CC=C4,,,5.0,4.899998417198648
COC1=CC=C(C=C1)OC2=NC=C3C(=N2)N(C(=O)C(=N3)CCC4=CC=CC=C4)C[C@H]5CCCO5,4.801342913045577,5.199998172182031,,6.0
CN1CCN(CC1)C2=NC=NC3=C2C=C(C=C3)C4=CC=CC=C4OC,5.5003129173815966,,4.40000018605658,5.499996931948306
C1CC2(CCN(CC2)S(=O)(=O)C3=CC=CC=C3)CN(C1)C4=CC=CC(=C4)C5=CC=CC=C5,,,,5.399996913372259
COC1=CC=CC(=C1)C2=NC3=CC=CC=C3C(=N2)N4CCNCC4,5.698970004336019,,5.199998172182031,4.59999938302362
CN1C=C(C2=CC=CC=C21)C3=NC4=CN=C(N=C4N(C3=O)C5=CC=C(C=C5)OC)N6CCNCC6,4.801342913045577,4.40000018605658,4.700000503883016,4.700000503883016
C1=CC=C2C(=C1)C(=NC(=N2)C3=CC=CC=C3Cl)N4C=CN=C4,6.801342913045577,,4.899998417198648,6.299988937677887
C1CN(CCC12CN(C2)C(C3=CC=CC=C3)C4=CC=CC=C4)C(=O)C5=CC(=CC=C5)F,,,,5.0999990348465305
COC(=O)N1CCC2(CCN(CC2)C3=NC=CC=N3)CC1,,,,4.800000874803203
CC1=NC2=CN=C(N=C2N(C1=O)CCC3=CC=CC=C3)N4CCNCC4,5.8996294548824375,4.40000018605658,5.699991797446187,4.800000874803203
CC1=CN=C(C=N1)CNC2=NC(=NC3=CC=CC=C32)C4=CC=CC=C4Cl,5.199970640755866,,4.59999938302362,5.0999990348465305
CC1=NC2=CN=C(N=C2N(C1=O)CC3=CC(=CC=C3)OC)OC4=CC(=CC=C4)Cl,4.600326278518962,5.299997602857746,,5.299997602857746
C1C[C@@]2(CCN(C2)C(=O)NC3=CC=CC(=C3)C#N)CN(C1)C(=O)C4=CSN=N4,,,,4.800000874803203
CNC1=NC=NC2=C1C=C(C=C2)C3=CC=CC=C3OC,5.600326278518962,,4.59999938302362,4.700000503883016
CC1=CC(=CC=C1)CNC2=NC=NC3=C2C=C(C=C3)C4=C(ON=C4C)C,5.300162274132754,6.0,4.800000874803203,6.100015437450609
CN1C2=NC(=NC=C2N=C(C1=O)C3=CC=C(C=C3)F)N4CCOCC4,5.600326278518962,,,5.0
C1CN(CCC12CCN(CC2)S(=O)(=O)C3=CC=CC=C3)CC4=CC=NC=C4,,4.59999938302362,4.59999938302362,5.399996913372259
COC1=CC(=C(C=C1)CNC2=NC=NC3=C2C=C(C=C3)C4=COC=C4)OC,5.801342913045578,,5.0,5.499996931948306
CN(C)CC1=CC=CC=C1C2=CC3=C(C=C2)N=CN=C3NCC4=CC=CC=C4,4.801342913045577,,5.0999990348465305,4.800000874803203
CN1CCN(CC1)C2=NC(=NC3=CC=CC=C32)C4=CC(=CC=C4)NS(=O)(=O)C,4.600326278518962,,5.0999990348465305,4.59999938302362
COC1=CC=CC(=C1)NC2=NC=C3C(=N2)N(C(=O)C(=N3)C4=CC=C(C=C4)F)CCC#N,5.400116927926312,6.199970640755866,,5.499996931948306
CN(C)C(=O)C1=CC=C(C=C1)C2=CN=CN=C2NCC3=CC=CC=C3,4.698970004336019,,,5.599997654072044
COC1=CC=CC=C1CN2CCCC3(C2)CCN(CC3)S(=O)(=O)C4=CC=CC=C4,,,6.50003813440381,5.299997602857746
CCNC1=NC=C2C(=N1)N(C(=O)C(=N2)C3=CC=C(C=C3)OC)C[C@H]4CCCO4,5.801342913045578,,,4.59999938302362
CC1=NC2=CN=C(N=C2N(C1=O)C[C@H]3CCCO3)NC4=CC=CC=C4,5.698970004336019,4.40000018605658,,4.800000874803203
COC1=CC(=C(C=C1)CNC2=NC=NC(=C2)C3=CC=CC=C3Cl)OC,4.899629454882437,,4.40000018605658,5.199998172182031
C1CC2(CCN(CC2)C(=O)C3=CC(=CC=C3)F)CN(C1)C4=CC=CC=C4,4.801342913045577,5.0,,5.0
C1C[C@@]2(CCN(C2)C3=CC=CC=N3)CN(C1)C(=O)OC4=CC=CC=C4,5.100179497572904,4.40000018605658,5.0999990348465305,5.0
COC1=NC=C2C(=N1)N(C(=O)C(=N2)C3=CC=CC=C3)CCC#N,5.400116927926312,,4.899998417198648,4.59999938302362
CN(C)C(=O)C1=CC=C(C=C1)C2=CC3=C(C=C2)N=CN=C3N4CCC(CC4)C(=O)O,4.400116927926312,6.0,,
CC1=NC2=CN=C(N=C2N(C1=O)CCC#N)N3CCN(CC3)C,4.899629454882437,,,
CN(C)C1=NC=C2C(=N1)N(C(=O)C(=N2)C3=CC=CS3)CCOC,5.698970004336019,,,5.0999990348465305
C1=CC=C(C=C1)N2C3=NC=NC=C3N=C(C2=O)C4=CC(=CC=C4)Cl,5.698970004336019,5.0,,4.59999938302362
COC1=CC2=C(C=C1)NC=C2CCNC3=NC=NC(=C3)C4=CN=CC=C4,5.5003129173815966,,4.700000503883016,5.399996913372259
CN(C)C1=NC=NC2=C1C=C(C=C2)C3=CC=CC=C3C#N,6.400116927926312,,,5.799998134593398
COC1=CC(=C(C=C1)CNC2=NC=NC=C2C3=CC=CC=C3Cl)OC,5.100179497572904,6.100015437450609,6.299988937677887,6.899974269892137
CCNC1=NC=C2C(=N1)N(C(=O)C=N2)CC3=CC=CS3,5.698970004336019,4.800000874803203,4.899998417198648,4.700000503883016
CC(C)CN1CCC2(CC1)CCN(CC2)S(=O)(=O)C,,,6.100015437450609,
CN1CCN(CC1)C2=NC=C3C(=N2)N(C(=O)C(=N3)C4=CC=C(C=C4)Cl)CC5=CC=C(C=C5)F,4.500312917381596,,4.40000018605658,4.800000874803203
CN1C2=NC(=NC=C2N=C(C1=O)C3=CC=C(C=C3)Cl)N4CCOCC4,5.600326278518962,5.900008766455316,,5.499996931948306
CC1=CC=CC=C1C2=CN=CN=C2N3CCNCC3,4.500312917381596,,4.899998417198648,5.399996913372259
COC1=CC=CC(=C1)NC2=NC=C3C(=N2)N(C(=O)C=N3)CC4=CC=CS4,5.801342913045578,5.599997654072044,5.399996913372259,5.499996931948306
COC1=CC2=C(C=C1)NC=C2CCNC3=NC(=NC4=CC=CC=C43)C5=CN=CC=C5,6.300162274132754,6.199970640755866,5.199998172182031,5.799998134593398
C1=CC=C(C(=C1)C2=CN=CN=C2N3C=CN=C3)C(F)(F)F,4.801342913045577,,4.899998417198648,6.50003813440381
CN1C=CC=C1C(=O)N2CCC[C@]3(C2)CCN(C3)C(=O)NC4=CC(=CC=C4)F,4.698970004336019,,,4.800000874803203
COCCN1C2=NC(=NC=C2N=C(C1=O)C3=CC=C(C=C3)Cl)N4CCNCC4,5.600326278518962,5.0999990348465305,,4.800000874803203
CC1=NC2=CN=C(N=C2N(C1=O)CCC#N)NC3=CC=CC=C3,6.199970640755866,,,
CS(=O)(=O)N1CCC2(CC1)CN(C2)C3=CC=CC=C3,4.698970004336019,,5.900008766455316,
CS(=O)(=O)N1CCC2(CCN(CC2)CC3=CC=NC=C3)CC1,,4.499999678657065,4.59999938302362,4.899998417198648
CC1=CC(=CC=C1)CNC2=NC(=NC3=CC=CC=C32)C4=COC=C4,5.8996294548824375,,5.0,5.199998172182031
C1CC2(CCN(CC2)C(=O)C3=NC=CN=C3)CN(C1)C4=CC=CC=N4,,,4.700000503883016,5.0999990348465305
COC1=CC=C(C=C1)OC2=NC=C3C(=N2)N(C(=O)C(=N3)C4=CC=CS4)CC5=CC(=CC=C5)OC,,6.0,,5.399996913372259
COCC(=O)N1CCC2(CCN(CC2)C(C3=CC=CC=C3)C4=CC=CC=C4)CC1,,,4.899998417198648,4.59999938302362
CCNC1=NC=C2C(=N1)N(C(=O)C(=N2)C3=CC(=CC(=C3)F)F)C,5.698970004336019,,,
C1CN(CCC12CCN(CC2)S(=O)(=O)C3=CC=CC=C3)C4=CC=C(C=C4)C5=CC=CC=C5,5.0,4.899998417198648,,4.700000503883016
CC1=CC=CC=C1C2=CN=CN=C2NCC3=CC=CS3,5.5003129173815966,,4.899998417198648,6.299988937677887
CN1C=C(C2=CC=CC=C21)C3=NC4=CN=CN=C4N(C3=O)CC5=CC(=CC=C5)OC,6.0,6.100015437450609,,5.0
COC1=CC=CC(=C1)CN2C3=NC=NC=C3N=C(C2=O)CCC4=CC=CC=C4,4.899629454882437,4.899998417198648,,5.599997654072044
CN1C=CC=C1C(=O)N2CCC3(CCN(CC3)C4=CC=NC=C4)CC2,4.801342913045577,,4.59999938302362,
C1C[C@@]2(CCN(C2)C(=O)NC3=CC=CC(=C3)C#N)CN(C1)C(=O)C4=CC=CO4,,,,4.700000503883016
C1C[C@@]2(CCN(C2)C3=CC=CC(=C3)C4=CC=CC=C4)CN(C1)C(=O)C5=CC(=CC=C5)F,4.801342913045577,4.700000503883016,,5.0999990348465305
C1C[C@@]2(CCN(C2)C(=O)NC3=CC=CC(=C3)C#N)CN(C1)C(=O)C4=NC=CN=C4,,,,4.700000503883016
C1CC1N2C(=O)C=NC3=CN=C(N=C32)N4CCNCC4,4.899629454882437,,,
C1CN(CCC12CN(C2)C3=CC=CC=N3)C(=O)C4=CC(=CC=C4)F,,5.0999990348465305,4.700000503883016,5.0
COCCN1C2=NC(=NC=C2N=C(C1=O)CCC3=CC=CC=C3)NC4=CC(=CC=C4)OC,5.5003129173815966,5.900008766455316,,5.399996913372259
CC1=CC=CC=C1C2=CC(=NC=N2)N3C=CN=C3,6.801342913045577,,5.0999990348465305,6.400007822415902
CN(C)C1=CC=C(C=C1)C2=CC(=NC=N2)NCC3=CN=CC=C3,6.400116927926312,,,5.499996931948306
C1=CC=C(C=C1)C2=NC3=CN=C(N=C3N(C2=O)CCC#N)OC4=CC(=CC=C4)Cl,5.600326278518962,5.0999990348465305,,
CC1=CC=CC=C1C2=NC=CC(=N2)NCCC3=CNC4=C3C=C(C=C4)OC,6.5003129173815966,5.900008766455316,5.599997654072044,5.499996931948306
C1CN(CCN1)C2=NC=NC3=C2C=C(C=C3)C4=CC=CC=C4Cl,5.698970004336019,,,4.59999938302362
C1C[C@@]2(CCN(C2)C(C3=CC=CC=C3)C4=CC=CC=C4)CN(C1)C(=O)C5=CC=CO5,4.600326278518962,4.499999678657065,5.499996931948306,4.899998417198648
C1CN(CCC12CCN(CC2)C(=O)OC3=CC=CC=C3)CC4=CC=NC=C4,4.600326278518962,5.399996913372259,,4.899998417198648
CN1C2=NC(=NC=C2N=C(C1=O)C3=CC=CS3)N4CCOCC4,5.300162274132754,,,
CN(C)C1=NC=C2C(=N1)N(C(=O)C(=N2)C3=CC(=CC(=C3)F)F)CCC#N,,5.499996931948306,,4.40000018605658
CC1=C(C(=NO1)C)C2=CC3=C(C=C2)N=CN=C3NC4=CC=CC=C4,5.300162274132754,,,4.899998417198648
C1CN(CCC12CN(C2)C3=CC=NC=C3)C(=O)OC4=CC=CC=C4,,5.499996931948306,,4.800000874803203
C1CN(CCN1)C2=NC=C3C(=N2)N(C(=O)C(=N3)C4=CC=C(C=C4)F)CCC#N,5.0,5.199998172182031,,4.59999938302362
CC1=CN=C(C=N1)CNC2=NC=NC(=C2)C3=CC4=C(C=C3)OCO4,5.600326278518962,,,5.0
C1=CSC(=C1)CNC2=NC=NC(=C2)C3=COC=C3,5.698970004336019,,4.800000874803203,4.59999938302362
CN1C=C(C2=CC=CC=C21)C3=NC4=CN=C(N=C4N(C3=O)C5CC5)N6CCNCC6,4.899629454882437,5.399996913372259,,5.0999990348465305
C1CC2(CCNCC2)CN(C1)C3=CC=NC=C3,,4.59999938302362,5.0,4.899998417198648
CC1=NC2=CN=C(N=C2N(C1=O)CC3=CC=CS3)NC4=CC=CC=C4,5.801342913045578,,,5.0999990348465305
COC1=CC=C(C=C1)C(=O)N2CCC3(CCN(CC3)CC4=CC=CC=C4OC)CC2,,,4.899998417198648,
COCCN1C2=NC(=NC=C2N=C(C1=O)C3=CC=CC=C3)OCC4=CC=CC=C4,6.0,4.899998417198648,,4.59999938302362
C1=CC=C(C=C1)CCN2C(=O)C=NC3=CN=C(N=C32)OC4=CC(=CC=C4)Cl,5.300162274132754,5.499996931948306,4.40000018605658,4.700000503883016
CC1=CC=CC=C1C2=CC(=NC=N2)NC3=CC=C(C=C3)F,5.600326278518962,,4.499999678657065,4.40000018605658
CN(C)C(=O)C1=CC=C(C=C1)C2=NC3=CC=CC=C3C(=N2)NCC4=CC=CS4,4.899629454882437,,4.59999938302362,4.800000874803203
C1=CC=C(C(=C1)CN2C3=NC=NC=C3N=C(C2=O)C4=CC(=CC=C4)F)Cl,5.400116927926312,5.0999990348465305,,4.800000874803203
C1COCCN1C2=NC=C3C(=N2)N(C(=O)C(=N3)C4=CC=C(C=C4)F)CCC#N,4.698970004336019,,,
C1CN(CCN1)C2=NC(=NC3=CC=CC=C32)C4=CN=CC=C4,5.600326278518962,,5.0999990348465305,4.499999678657065
COC1=CC=CC(=C1)NC2=NC=C3C(=N2)N(C(=O)C(=N3)CCC4=CC=CC=C4)C[C@H]5CCCO5,5.100179497572904,4.899998417198648,,5.0999990348465305
COCC(=O)N1CCC2(CCN(CC2)C3=CC=NC=C3)CC1,,5.399996913372259,4.40000018605658,4.59999938302362
CC1=C(C(=NO1)C)C(=O)N2CCC[C@]3(C2)CCN(C3)C4=CC=CC=C4,4.600326278518962,4.700000503883016,,5.299997602857746
COC1=CC2=C(C=C1)NC=C2CCNC3=NC(=NC=C3)C4=CC(=CC=C4)NS(=O)(=O)C,5.801342913045578,6.899974269892137,4.700000503883016,5.599997654072044
CC1=NC2=CN=C(N=C2N(C1=O)CC3=CC=CS3)N4CCOCC4,5.698970004336019,4.800000874803203,4.40000018605658,5.0999990348465305
CN1C=C(C2=CC=CC=C21)C3=NC4=CN=C(N=C4N(C3=O)CCC#N)OC5=CC(=CC=C5)Cl,5.600326278518962,5.599997654072044,,5.0999990348465305
C1CN(CCC12CN(C2)C3=CC=CC=C3)C(=O)C4=CC(=CC(=C4)C(F)(F)F)C(F)(F)F,,,,5.399996913372259
C1=CC=C(C=C1)CCC2=NC3=CN=C(N=C3N(C2=O)CCC#N)NC4=CC=CC=C4,,,,6.0
C1CN(CCC12CCN(CC2)C(=O)NC3=CC(=CC=C3)F)C(=O)C4=CC(=CC(=C4)C(F)(F)F)C(F)(F)F,5.0,4.800000874803203,,
COC1=CC=C(C=C1)C2=NC3=CN=C(N=C3N(C2=O)CC4=CC(=CC=C4)OC)OC,5.100179497572904,5.499996931948306,,5.599997654072044
CC1=CC=CC=C1C2=NC=CC(=N2)NCCN3CCOCC3,5.300162274132754,,4.499999678657065,4.59999938302362
CC1=C(C(=NO1)C)C2=NC3=CC=CC=C3C(=N2)NC4=CC=CC=C4,6.600326278518962,,,5.199998172182031
CCNC1=NC=C2C(=N1)N(C(=O)C(=N2)CCC3=CC=CC=C3)CC4=CC=C(C=C4)F,5.5003129173815966,,,5.599997654072044
C1CN(CCC12CN(C2)C(=O)NC3=CC=CC=C3)C(=O)C4=NC=CN=C4,4.698970004336019,,,
COC1=CC=CC=C1CNC2=NC=NC3=C2C=C(C=C3)C4=COC=C4,5.600326278518962,,5.499996931948306,4.800000874803203
COC1=NC=C2C(=N1)N(C(=O)C(=N2)C3=CC=C(C=C3)F)CCC#N,5.600326278518962,,5.0999990348465305,4.800000874803203
CN1C=C(C2=CC=CC=C21)C3=NC4=CN=C(N=C4N(C3=O)C5CC5)OC6=CC(=CC=C6)Cl,4.899629454882437,,,
COC1=CC=CC(=C1)C2=CN=CN=C2NCC3=CN=CC=C3,6.100179497572904,,4.700000503883016,5.900008766455316
C1CC2(CCN(CC2)S(=O)(=O)C3=CC=CC=C3)CN(C1)CC4=NC=CS4,,,,5.499996931948306
C1CC2(CCN(CC2)C(=O)C3=CC=NC=C3)CN(C1)C(C4=CC=CC=C4)C5=CC=CC=C5,6.698970004336019,5.299997602857746,7.400116927926312,6.0
CN1CCN(CC1)C2=NC=NC3=C2C=C(C=C3)C4=CC(=CC=C4)NS(=O)(=O)C,4.600326278518962,,,4.899998417198648
COC1=CC=CC(=C1)C2=CN=CN=C2NC3=CC=C(C=C3)F,5.600326278518962,,4.40000018605658,6.100015437450609
CN(C)C(=O)C1=CC=C(C=C1)C2=NC3=CC=CC=C3C(=N2)NC4=CC=CC=C4,6.400116927926312,,,4.800000874803203
CN1CCN(CC1)C2=NC=C3C(=N2)N(C(=O)C(=N3)C4=CC=CC=C4)C5=CC=CC=C5,5.100179497572904,,,
CCNC1=NC=C2C(=N1)N(C(=O)C(=N2)C3=CC=C(C=C3)Cl)C,6.400116927926312,,4.59999938302362,
CC1=CN=C(C=N1)CNC2=NC=NC=C2C3=CC=CC=C3C#N,6.600326278518962,,,4.899998417198648
COC1=CC=C(C=C1)C(=O)N2CCC[C@]3(C2)CCN(C3)CC4=CC=C(C=C4)C#N,,,,5.0
COC1=CC=CC(=C1)C2=CC3=C(C=C2)N=CN=C3NC4=CC=CC=C4,6.0,6.199970640755866,,5.0
CN(C)C(=O)C1=CC=C(C=C1)C2=CN=CN=C2N3CCNCC3,,,5.0999990348465305,
C1CN(CCC12CN(C2)C3=CC=CC(=C3)C4=CC=CC=C4)C(=O)C5=CC=CO5,5.100179497572904,,,
C1C[C@@]2(CCN(C2)C3=CC=NC=C3)CN(C1)C(=O)C4=CC(=CC(=C4)C(F)(F)F)C(F)(F)F,,,,5.199998172182031
COC(=O)N1CCC2(CCCN(C2)C3=CC=CC=N3)CC1,4.600326278518962,4.499999678657065,4.40000018605658,
COC1=CC=C(C=C1)NC(=O)N2CCCC3(C2)CCNCC3,,,,4.59999938302362
C1CN(CCN1)C2=NC=C3C(=N2)N(C(=O)C(=N3)C4=CC=C(C=C4)Cl)CC5=CC=CS5,4.899629454882437,4.700000503883016,,5.299997602857746
CS(=O)(=O)NC1=CC=CC(=C1)C2=NC=CC(=N2)NCC3=CC=CS3,6.300162274132754,,4.59999938302362,5.399996913372259
COC1=CC=CC=C1C2=NC=CC(=N2)NCC3=CN=CC=C3,6.698970004336019,,4.700000503883016,5.599997654072044
COCCNC1=NC(=NC=C1)C2=CC=CC=C2C(F)(F)F,4.698970004336019,6.400007822415902,,
CC(C)NC(=O)N1CCCC2(C1)CCN(CC2)C(=O)C3=CC=NC=C3,,,,4.800000874803203
COCCN1C2=NC(=NC=C2N=C(C1=O)C3=CC=C(C=C3)OC)NC4=CC=CC=C4,,5.499996931948306,,
C1C[C@@]2(CCN(C2)C(C3=CC=CC=C3)C4=CC=CC=C4)CNC1,,4.499999678657065,4.800000874803203,5.0999990348465305
CS(=O)(=O)N1CCC[C@]2(C1)CCN(C2)C(=O)NC3=CC=CC(=C3)C#N,,,,4.700000503883016
CS(=O)(=O)NC1=CC=CC(=C1)C2=NC3=CC=CC=C3C(=N2)N4CCOCC4,5.300162274132754,,,5.799998134593398
COC1=CC=C(C=C1)OC2=NC=C3C(=N2)N(C(=O)C(=N3)C4=CC=CS4)C5=CC=CC=C5,5.5003129173815966,,,5.599997654072044
C1CN(CCC12CCN(CC2)S(=O)(=O)C3=CC=CC=C3)CC4=NC=CS4,,,4.59999938302362,
COC1=CC=CC(=C1)CN2C3=NC(=NC=C3N=C(C2=O)C4=CC=C(C=C4)Cl)OC,5.400116927926312,5.0999990348465305,,5.399996913372259
CN1C=C(C2=CC=CC=C21)C3=NC4=CN=C(N=C4N(C3=O)CCOC)OC5=CC=C(C=C5)OC,5.600326278518962,,,5.399996913372259
CC1=CC(=CC=C1)CNC2=NC(=NC=C2)C3=CC(=CC=C3)OC,6.5003129173815966,5.799998134593398,5.0,5.399996913372259
CC1=NC2=CN=C(N=C2N(C1=O)C3=CC=CC=C3)N4CCN(CC4)C,5.400116927926312,,,
CN1C=C(C2=CC=CC=C21)C3=NC4=CN=C(N=C4N(C3=O)C5CC5)OC6=CC=C(C=C6)OC,4.899629454882437,,,4.899998417198648
COCC(=O)N1CCC2(CCCN(C2)C(C3=CC=CC=C3)C4=CC=CC=C4)CC1,,,,4.899998417198648
CC1=C(C(=NO1)C)C2=CN=CN=C2NC3CC3,,,,5.0999990348465305
C1CC2(CCNCC2)CN(C1)C3=CC=C(C=C3)C4=CC=CC=C4,5.0,4.59999938302362,4.700000503883016,4.899998417198648
C1=CC=C(C(=C1)C2=NC=CC(=N2)NC3=CC=C(C=C3)F)C(F)(F)F,5.698970004336019,,4.40000018605658,4.899998417198648
CC1=CC=CC=C1C2=CC(=NC=N2)NCCOC,4.801342913045577,,,
C1CC2(CCN(CC2)C(=O)OC3=CC=CC=C3)CN(C1)CC4=NC=CS4,,,5.299997602857746,4.899998417198648
C1CC1N2C(=O)C=NC3=CN=C(N=C32)N4CCOCC4,5.199970640755866,,,
CC1=CC(=CC=C1)CNC2=NC=NC=C2C3=CC=CC=C3Cl,5.5003129173815966,,5.699991797446187,6.700057099977233
COC1=CC=C(C=C1)C(=O)N2CCC3(CCN(CC3)CC4=CC(=CC(=C4)C(F)(F)F)C(F)(F)F)CC2,,,,4.59999938302362
C1C[C@@]2(CCN(C2)CC3=CC(=CC(=C3)C(F)(F)F)C(F)(F)F)CN(C1)C(=O)OC4=CC=CC=C4,4.698970004336019,,4.899998417198648,4.899998417198648
CN(C)CC1=CC=CC=C1C2=CN=CN=C2NCCC3=CNC4=C3C=C(C=C4)OC,4.698970004336019,,5.0,6.199970640755866
COC1=CC=CC(=C1)CN2C(=O)C=NC3=CN=C(N=C32)NC4=CC=CC=C4,5.600326278518962,5.599997654072044,,5.0
CC(=O)N1CCC[C@]2(C1)CCN(C2)CC3=CC(=CC(=C3)C(F)(F)F)C(F)(F)F,,,4.800000874803203,4.800000874803203
COC1=CC=CC=C1CCN2C3=NC=NC=C3N=C(C2=O)C4=CC(=C(C=C4)F)F,5.698970004336019,5.199998172182031,4.499999678657065,5.499996931948306
CN1CCN(CC1)C2=NC=C3C(=N2)N(C(=O)C(=N3)C4=CC=C(C=C4)F)C5CC5,4.899629454882437,4.899998417198648,,4.700000503883016
COC1=CC=CC=C1CNC2=NC(=NC=C2)C3=COC=C3,5.801342913045578,5.900008766455316,4.800000874803203,5.599997654072044
CC1=CC=CC=C1C2=CC3=C(C=C2)N=CN=C3N4CCOCC4,5.8996294548824375,,,
CN1C=C(C2=CC=CC=C21)C3=NC4=CN=C(N=C4N(C3=O)C5CC5)N6CCOCC6,5.5003129173815966,,,5.0999990348465305
COCC(=O)N1CCC2(CCN(CC2)C3=CC=CC(=C3)C4=CC=CC=C4)CC1,5.300162274132754,,,
CN(CC1=CC=CO1)C2=NC=NC3=C2C=C(C=C3)C4=CC=CC=C4OC,6.0,,4.899998417198648,4.800000874803203
C1CN(CCC12CN(C2)C3=CC=CC=C3)C(=O)C4=CC(=CC=C4)F,5.400116927926312,,4.40000018605658,5.0999990348465305
CN1CCN(CC1)C2=NC=C3C(=N2)N(C(=O)C(=N3)CCC4=CC=CC=C4)CCC5=CC=CC=C5,4.801342913045577,,,5.0
CC1=CN=C(C=N1)CNC2=NC(=NC3=CC=CC=C32)C4=CC(=CC=C4)OC,6.400116927926312,,4.40000018605658,5.599997654072044
CN(C)C1=NC=C2C(=N1)N(C(=O)C(=N2)C3=CC=CC=C3)CC4=CC=CS4,5.5003129173815966,5.0,,4.800000874803203
CS(=O)(=O)NC1=CC=CC(=C1)C2=CN=CN=C2NCC3=CN=CC=C3,4.801342913045577,,4.40000018605658,6.0
CC(C)NC(=O)N1CC2(C1)CCN(CC2)C(=O)C3=CC(=CC(=C3)C(F)(F)F)C(F)(F)F,4.899629454882437,,6.599980364934842,
CN(CC1=CC=CO1)C2=NC=NC=C2C3=CC=CC=C3C(F)(F)F,4.899629454882437,,4.700000503883016,5.900008766455316
CN(C)C1=NC=C2C(=N1)N(C(=O)C(=N2)C3=CC=CS3)C4=CC=CC=C4,4.500312917381596,,,
COC1=CC(=C(C=C1)CNC2=NC(=NC=C2)C3=CC=CC=C3C(F)(F)F)OC,4.801342913045577,,,5.499996931948306
C1=CC(=CC(=C1)Cl)OC2=NC=C3C(=N2)N(C(=O)C=N3)CC4=CC=C(C=C4)F,4.801342913045577,5.0999990348465305,4.700000503883016,4.59999938302362
COC1=CC=CC=C1CN2CC[C@]3(C2)CCCN(C3)C(=O)C4=CC(=CC=C4)F,,,6.79997073344623,4.800000874803203
CC1=CC=CC=C1C2=CC3=C(C=C2)N=CN=C3NCCOC,5.8996294548824375,,4.59999938302362,4.700000503883016
COC1=CC=C(C=C1)OC2=NC=C3C(=N2)N(C(=O)C(=N3)C4=CC=C(C=C4)Cl)C5CC5,6.899629454882437,5.499996931948306,,5.0999990348465305
COCC(=O)N1CCC2(CCCN(C2)C3=CC=NC=C3)CC1,,,,4.59999938302362
COC1=NC=C2C(=N1)N(C(=O)C(=N2)C3=CC=CC=C3)CC4=CC=CS4,5.698970004336019,4.700000503883016,4.40000018605658,5.0999990348465305
C1=CC=C(C=C1)CNC2=NC=NC=C2C3=CC=CC(=C3)C#N,5.300162274132754,,4.700000503883016,5.900008766455316
CC1=CC(=CC=C1)CNC2=NC=NC=C2C3=CC=CC(=C3)C#N,5.600326278518962,,4.499999678657065,6.700057099977233
C1CN(CCC12CN(C2)C3=CC=CC=N3)C(=O)C4=NC=CN=C4,,,,5.399996913372259
COC1=CC(=C(C=C1)CNC2=NC(=NC=C2)C3=CC(=CC=C3)NS(=O)(=O)C)OC,4.801342913045577,6.700057099977233,4.899998417198648,5.399996913372259
C1CNCCC1NC2=NC=NC3=C2C=C(C=C3)C4=CC5=C(C=C4)OCO5,4.899629454882437,,4.700000503883016,4.59999938302362
C1=CC=C(C=C1)C2=NC3=CN=C(N=C3N(C2=O)CC4=CC=CS4)NC5=CC=CC=C5,5.698970004336019,,,
COCCN1C2=NC(=NC=C2N=C(C1=O)C3=CC=C(C=C3)F)OC4=CC=C(C=C4)OC,6.100179497572904,4.899998417198648,,5.699991797446187
CC1=CC=CC=C1C2=CC3=C(C=C2)N=CN=C3N(C)CC4=CC=CO4,5.698970004336019,,5.0,4.899998417198648
CN(C)C1=NC=NC2=C1C=C(C=C2)C3=CC(=CC=C3)OC,6.100179497572904,,5.0,5.0999990348465305
CN(C)CC1=CC=CC=C1C2=CC(=NC=N2)N(C)CC3=CC=CO3,4.801342913045577,,5.0999990348465305,4.59999938302362
CN(CC1=CC=CO1)C2=NC=NC3=C2C=C(C=C3)C4=CC=CC(=C4)C#N,6.300162274132754,5.799998134593398,4.59999938302362,4.499999678657065
COC1=CC=C(C=C1)C(=O)N2CCC[C@]3(C2)CCN(C3)CC4=CC(=CC(=C4)C(F)(F)F)C(F)(F)F,,,,5.499996931948306
CC(C)CN1CCC2(CC1)CCN(CC2)C(=O)C3=NC=CN=C3,,,5.0,
COCCNC1=NC=NC2=C1C=C(C=C2)C3=CC(=CC=C3)NS(=O)(=O)C,6.100179497572904,,,4.800000874803203
CC1=CC(=CC=C1)CNC2=NC=NC=C2C3=CC(=CC=C3)NS(=O)(=O)C,4.899629454882437,6.0,4.700000503883016,6.79997073344623
C1CC2(CCNCC2)CN(C1)C3=NC=CC=N3,4.899629454882437,,5.699991797446187,
C1C[C@@]2(CCN(C2)C3=CC=NC=C3)CN(C1)C(=O)C4=CC(=CC=C4)F,,,,6.50003813440381
CN1C=C(C2=CC=CC=C21)C3=NC4=CN=CN=C4N(C3=O)CCC5=CC=CC=C5OC,5.8996294548824375,6.50003813440381,,5.599997654072044
C1=CC=C(C=C1)CCC2=NC3=CN=C(N=C3N(C2=O)CCC#N)OC4=CC(=CC=C4)Cl,5.100179497572904,5.499996931948306,,6.100015437450609
C1=CC=C(C=C1)CNC2=NC(=NC3=CC=CC=C32)C4=CC=CC(=C4)C#N,6.400116927926312,,5.0,4.700000503883016
C1CN(CCC12CN(C2)C3=CC=CC(=C3)C4=CC=CC=C4)C(=O)C5=NC=CN=C5,4.801342913045577,,,4.40000018605658
C1CC1N2C3=NC(=NC=C3N=C(C2=O)CCC4=CC=CC=C4)OC5=CC=CC=C5,5.100179497572904,5.0999990348465305,,4.800000874803203
CN(C)CC1=CC=CC=C1C2=CC3=C(C=C2)N=CN=C3N(C)C,4.899629454882437,,4.899998417198648,4.899998417198648
COC1=CC=CC(=C1)CN2C3=NC=NC=C3N=C(C2=O)C4=CC(=CC=C4)F,5.199970640755866,5.299997602857746,4.700000503883016,5.0999990348465305
C1=CC(=CC(=C1)C2=CC(=NC=N2)NCC3=CC=CS3)C#N,6.100179497572904,,4.700000503883016,5.799998134593398
CC1=CC=CC=C1C2=CC3=C(C=C2)N=CN=C3N(C)C,6.199970640755866,6.400007822415902,4.700000503883016,5.499996931948306
COCCNC1=NC(=NC2=CC=CC=C21)C3=COC=C3,6.600326278518962,,,4.899998417198648
CN1CCN(CC1)C2=NC=C3C(=N2)N(C(=O)C(=N3)C4=CC=C(C=C4)Cl)C5=CC=CC=C5,4.899629454882437,7.899629454882437,,
CNC1=NC(=NC2=CC=CC=C21)C3=COC=C3,6.400116927926312,,4.40000018605658,4.800000874803203
CN(C)C(=O)C1=CC=C(C=C1)C2=CC(=NC=N2)NCC3=CC=CC=C3OC,5.100179497572904,,4.899998417198648,4.59999938302362
C1C[C@@]2(CCN(C2)C3=CC=CC=N3)CN(C1)C(=O)C4=CSN=N4,,,4.899998417198648,5.199998172182031
C1CN(CCC12CN(C2)C3=NC=CC=N3)C(=O)C4=CC=NC=C4,5.199970640755866,,4.700000503883016,
C1CN(CCC12CCN(CC2)C(=O)C3=CC(=CC=C3)F)C4=NC=CC=N4,5.0,4.899998417198648,4.800000874803203,5.0999990348465305
C1=CSC(=C1)CNC2=NC=NC3=C2C=C(C=C3)C4=COC=C4,5.5003129173815966,,4.800000874803203,5.0999990348465305
CN1CCN(CC1)C2=NC=C3C(=N2)N(C(=O)C(=N3)CCC4=CC=CC=C4)C,4.899629454882437,4.40000018605658,,4.700000503883016
CN1C2=NC(=NC=C2N=C(C1=O)C3=CC=CC=C3)N(C)C,6.0,5.0,,
CN1CCN(CC1)C2=NC=C3C(=N2)N(C(=O)C(=N3)C4=CC=C(C=C4)OC)CCC5=CC=CC=C5,,,4.59999938302362,5.499996931948306
CC1=C(C(=NO1)C)C2=NC=CC(=N2)NCCN3CCOCC3,5.100179497572904,,4.700000503883016,4.700000503883016
COC1=CC=C(C=C1)C2=NC3=CN=C(N=C3N(C2=O)CCC4=CC=CC=C4)N5CCNCC5,4.801342913045577,5.399996913372259,4.800000874803203,4.700000503883016
COCCN1C2=NC(=NC=C2N=C(C1=O)C3=CC=C(C=C3)F)OC,6.199970640755866,,,4.800000874803203
CC1=C(C(=NO1)C)C2=CN=CN=C2NCC3=C(C=C(C=C3)OC)OC,4.600326278518962,,,5.900008766455316
CN(CC1=CC=CO1)C2=NC=NC(=C2)C3=CN=CC=C3,6.5003129173815966,,,5.499996931948306
CN1C=C(C2=CC=CC=C21)C3=NC4=CN=C(N=C4N(C3=O)C5=CC=C(C=C5)OC)N6CCOCC6,4.500312917381596,,,
CCNC1=NC=C2C(=N1)N(C(=O)C(=N2)C3=CC=C(C=C3)Cl)C4=CC=C(C=C4)OC,5.400116927926312,,6.199970640755866,
CC(C)NC(=O)N1CC[C@]2(C1)CCCN(C2)C(=O)OC,6.199970640755866,5.0,5.599997654072044,
C1=CSC(=C1)CNC2=NC(=NC=C2)C3=COC=C3,6.0,,5.499996931948306,5.0999990348465305
COC1=CC=C(C=C1)NC(=O)N2CCC3(CCN(CC3)C(=O)C4=CC=NC=C4)CC2,4.600326278518962,,,4.800000874803203
C1=CC=C(C=C1)CN2C3=NC=NC=C3N=C(C2=O)C4=CC=CS4,5.600326278518962,5.900008766455316,,5.199998172182031
C1=CC(=CC(=C1)C2=CC(=NC=N2)NCC3=CN=CC=C3)C#N,7.400116927926312,,,5.599997654072044
CN(C)C1=CC=C(C=C1)C2=CC(=NC=N2)NC3=CC=C(C=C3)F,6.400116927926312,7.199970640755866,4.40000018605658,5.0
C1C[C@@]2(CCN(C2)C(=O)NC3=CC(=CC=C3)F)CN(C1)C(=O)C4=CSN=N4,,,,5.199998172182031
CN1CCN(CC1)C2=NC=C3C(=N2)N(C(=O)C=N3)CC4=CC=CS4,5.400116927926312,,,4.59999938302362
CN1CCN(CC1)C2=NC=C3C(=N2)N(C(=O)C(=N3)C4=CC=CC=C4)C5CC5,4.899629454882437,4.899998417198648,,
CN(C)C(=O)C1=CC=C(C=C1)C2=CC3=C(C=C2)N=CN=C3NC4=CC=CC=C4,4.801342913045577,,4.899998417198648,5.0999990348465305
CN(C)C(=O)C1=CC=C(C=C1)C2=CC(=NC=N2)NCC3=CC=CC=C3,4.899629454882437,,4.40000018605658,
COCCN1C2=NC(=NC=C2N=C(C1=O)C3=CC=CC(=C3)C#N)OC,5.100179497572904,4.499999678657065,,4.800000874803203
C1=CC=C(C=C1)NC2=NC=C3C(=N2)N(C(=O)C(=N3)C4=CC(=CC(=C4)F)F)CCC#N,5.5003129173815966,,,
CC1=C(C(=NO1)C)C2=NC3=CC=CC=C3C(=N2)NCC4=CN=CC=C4,6.698970004336019,,4.40000018605658,5.699991797446187
COC1=CC=CC(=C1)NC2=NC=C3C(=N2)N(C(=O)C=N3)C[C@H]4CCCO4,6.5003129173815966,4.700000503883016,,4.899998417198648
CC1=CC=CC=C1C2=NC3=CC=CC=C3C(=N2)NC4CCNCC4,4.698970004336019,,,
CN(C)C1=NC=NC2=C1C=C(C=C2)C3=CC4=C(C=C3)OCO4,6.600326278518962,,5.499996931948306,6.0
COCCN1C2=NC(=NC=C2N=C(C1=O)C3=CC=C(C=C3)Cl)OCC4=CC=CC=C4,5.8996294548824375,,,4.59999938302362
C1CN(CCC12CCN(CC2)C(=O)C3=CC=CO3)CC4=CC(=CC(=C4)C(F)(F)F)C(F)(F)F,,,5.299997602857746,
CC1=C(C(=NO1)C)C2=CC(=NC=N2)NCCC3=CNC4=C3C=C(C=C4)OC,5.698970004336019,,4.40000018605658,5.399996913372259
C1=CC(=CC(=C1)C2=NC=CC(=N2)NCC3=CC=CS3)C#N,6.600326278518962,,4.700000503883016,5.0
C1CN(CCC12CCN(CC2)C(=O)NC3=CC=CC(=C3)C#N)C(=O)C4=CC=CO4,,,,5.799998134593398
CCNC1=NC=C2C(=N1)N(C(=O)C(=N2)C3=CC=C(C=C3)OC)C,5.698970004336019,4.499999678657065,,4.499999678657065
CC1=NC2=CN=C(N=C2N(C1=O)C3=CC=CC=C3)OC4=CC=CC=C4,5.0,4.59999938302362,,4.59999938302362
C1C[C@@]2(CCN(C2)CC3=NC=CS3)CNC1,,,4.899998417198648,
C1CC2(CCNCC2)CN(C1)CC3=CC=C(C=C3)C#N,,,4.700000503883016,
COCC(=O)N1CCC[C@]2(C1)CCN(C2)CC3=CC=C(C=C3)C#N,,,,4.899998417198648
C1C[C@@]2(CCN(C2)C3=NC=CC=N3)CN(C1)S(=O)(=O)C4=CC=CC=C4,4.698970004336019,5.199998172182031,4.800000874803203,4.899998417198648
CC1=CN=C(C=N1)CNC2=NC=NC=C2C3=CC=CC=C3C(F)(F)F,,,,6.700057099977233
COCCN1C2=NC(=NC=C2N=C(C1=O)C3=CC=C(C=C3)OC)OC4=CC(=CC=C4)Cl,5.199970640755866,6.199970640755866,,5.699991797446187
CN(C)C1=NC=NC(=C1)C2=CC(=CC=C2)NS(=O)(=O)C,5.8996294548824375,,,4.59999938302362
CC1=C(C(=NO1)C)C2=NC=CC(=N2)NCC3=CC=CS3,6.300162274132754,,4.899998417198648,4.800000874803203
C1=CC(=CC(=C1)C2=CN=CN=C2N3C=CN=C3)C#N,4.801342913045577,,4.40000018605658,5.599997654072044
C1=CC(=CC=C1NC2=NC=NC3=C2C=C(C=C3)C4=COC=C4)F,6.0,,4.800000874803203,4.800000874803203
C1CC2(CCN(CC2)C(=O)OC3=CC=CC=C3)CN(C1)C4=CC=NC=C4,4.899629454882437,5.399996913372259,4.800000874803203,4.700000503883016
COC1=CC=CC=C1CNC2=NC(=NC3=CC=CC=C32)C4=CC5=C(C=C4)OCO5,6.199970640755866,5.900008766455316,5.0,5.900008766455316
C1CC1N2C3=NC=NC=C3N=C(C2=O)C4=CC(=CC=C4)F,5.801342913045578,,,4.899998417198648
C1C[C@@]2(CCN(C2)C3=NC=CC=N3)CN(C1)C(=O)C4=CC(=CC(=C4)C(F)(F)F)C(F)(F)F,,,,5.0
C1COCCN1C2=NC=NC3=C2C=C(C=C3)C4=CC=CC=C4C(F)(F)F,6.600326278518962,,,5.299997602857746
CC(C)CN1CCCC2(C1)CCN(CC2)C(=O)C3=CC(=CC(=C3)C(F)(F)F)C(F)(F)F,4.899629454882437,4.40000018605658,5.0,4.800000874803203
CCNC1=NC=C2C(=N1)N(C(=O)C(=N2)C3=CC=CS3)C[C@H]4CCCO4,5.600326278518962,,6.700057099977233,5.0999990348465305
CN(CC1=CC=CO1)C2=NC(=NC3=CC=CC=C32)C4=CC=CC(=C4)C#N,7.0,6.0,4.899998417198648,4.899998417198648
COC1=CC2=C(C=C1)NC=C2CCNC3=NC=NC4=C3C=C(C=C4)C5=CC(=CC=C5)OC,5.400116927926312,6.400007822415902,5.599997654072044,5.900008766455316
C1CNCCC1NC2=NC=NC3=C2C=C(C=C3)C4=COC=C4,4.600326278518962,,4.59999938302362,
C1CN(CCN1)C2=NC=C3C(=N2)N(C(=O)C(=N3)CCC4=CC=CC=C4)CCC5=CC=CC=C5,4.801342913045577,4.800000874803203,4.59999938302362,5.0999990348465305
C1CN(CCN1)C2=NC=C3C(=N2)N(C(=O)C(=N3)C4=CC=CS4)C5=CC=CC=C5,5.600326278518962,4.700000503883016,4.700000503883016,4.59999938302362
CN1CCN(CC1)C2=NC=C3C(=N2)N(C(=O)C(=N3)C4=CC=CS4)C[C@H]5CCCO5,4.899629454882437,,,5.0
CN(C)C(=O)C1=CC=C(C=C1)C2=CN=CN=C2NCCN3CCOCC3,,,,4.800000874803203
CS(=O)(=O)NC1=CC=CC(=C1)C2=NC=CC(=N2)N3C=CN=C3,6.698970004336019,,4.899998417198648,5.799998134593398
CC1=CC(=CC=C1)CNC2=NC=NC(=C2)C3=CC(=CC=C3)NS(=O)(=O)C,5.0,6.299988937677887,,5.699991797446187
CC1=CC=CC=C1C2=CC(=NC=N2)NCCNC(=O)C,4.801342913045577,,,
CC(=O)N1CCC2(CCCN(C2)CC3=CC(=CC(=C3)C(F)(F)F)C(F)(F)F)CC1,,,4.40000018605658,4.800000874803203
COC(=O)N1CCC2(CCCN(C2)C(C3=CC=CC=C3)C4=CC=CC=C4)CC1,4.801342913045577,4.499999678657065,5.0,5.0
CC1=CN=C(C=N1)CNC2=NC=NC3=C2C=C(C=C3)C4=CC=CC=C4OC,5.199970640755866,,4.40000018605658,5.0
COCCN1C2=NC=NC=C2N=C(C1=O)C3=CC=C(C=C3)F,6.300162274132754,,,4.899998417198648
C1C[C@@H](OC1)CN2C(=O)C=NC3=CN=C(N=C32)NC4=CC=CC=C4,6.100179497572904,,,4.499999678657065
COCCN1C2=NC(=NC=C2N=C(C1=O)C3=CC=CC(=C3)C#N)OC4=CC=C(C=C4)OC,4.899629454882437,5.0,,5.599997654072044
CC1=C(C(=NO1)C)C(=O)N2CCC3(CCCN(C3)C(=O)NC4=CC=C(C=C4)OC)CC2,,,5.0,4.59999938302362
CN1C2=NC(=NC=C2N=C(C1=O)CCC3=CC=CC=C3)N4CCNCC4,5.400116927926312,4.59999938302362,,7.600326278518962
C1COCCN1CCNC2=NC=NC3=C2C=C(C=C3)C4=CC=CC(=C4)C#N,5.300162274132754,,,5.0
CS(=O)(=O)N1CCC[C@]2(C1)CCN(C2)C3=CC=CC=N3,,,,4.700000503883016
COC1=CC=CC(=C1)CN2C3=NC(=NC=C3N=C(C2=O)C4=CC=CC=C4)N5CCNCC5,5.5003129173815966,4.899998417198648,5.0,4.700000503883016
COC1=CC=C(C=C1)C2=NC3=CN=C(N=C3N(C2=O)CC4=CC=CS4)N5CCOCC5,5.600326278518962,,,
CN(C)C1=NC=C2C(=N1)N(C(=O)C(=N2)C3=CC=CS3)CC4=CC(=CC=C4)OC,4.801342913045577,,,4.800000874803203
COCCN1C2=NC(=NC=C2N=C(C1=O)C3=CC=CC(=C3)C#N)N4CCOCC4,5.0,4.899998417198648,,
C1=CC=C(C=C1)CCC2=NC3=CN=CN=C3N(C2=O)CC4=CC=CC=C4,4.698970004336019,5.699991797446187,4.59999938302362,5.299997602857746
COC1=CC=C(C=C1)C(=O)N2CCC3(CCN(CC3)CC4=CC=CC=C4)CC2,,,4.59999938302362,
CC1=NC2=CN=C(N=C2N(C1=O)CCC3=CC=CC=C3)NC4=CC(=CC=C4)OC,5.300162274132754,5.499996931948306,,5.0999990348465305
C1CC2(CCN(CC2)C(=O)C3=CC(=CC(=C3)C(F)(F)F)C(F)(F)F)CN(C1)CC4=NC=CS4,,,,4.700000503883016
CN(C)C(=O)C1=CC=C(C=C1)C2=NC3=CC=CC=C3C(=N2)NCC4=CC=CC=C4,4.801342913045577,,4.40000018605658,4.800000874803203
COC1=CC=C(C=C1)NC(=O)N2CCCC3(C2)CCN(CC3)C(=O)OC,4.698970004336019,,,4.59999938302362
CC1=CN=C(C=N1)CNC2=NC(=NC=C2)C3=CN=CC=C3,5.100179497572904,6.700057099977233,4.59999938302362,5.299997602857746
COC1=NC=C2C(=N1)N(C(=O)C=N2)CCC3=CC=CC=C3,5.698970004336019,4.800000874803203,4.40000018605658,4.800000874803203
COC1=CC=C(C=C1)C2=NC3=CN=C(N=C3N(C2=O)CC4=CC=C(C=C4)F)OC,5.600326278518962,,,5.499996931948306
CN1C(=O)C=NC2=CN=C(N=C21)OCC3=CC=CC=C3,5.199970640755866,,,
CN(C)CC1=CC=CC=C1C2=CC3=C(C=C2)N=CN=C3NC4CC4,6.100179497572904,,5.0999990348465305,4.800000874803203
COC1=CC2=C(C=C1)NC=C2CCNC3=NC=NC(=C3)C4=COC=C4,6.199970640755866,,4.899998417198648,5.0
CN(C)C1=NC=C2C(=N1)N(C(=O)C(=N2)C3=CC=CS3)C[C@H]4CCCO4,5.801342913045578,,,4.59999938302362
CC(=O)N1CCC2(CCCN(C2)CC3=CC=CC=C3OC)CC1,4.600326278518962,,5.499996931948306,
C1CN(CCC12CCN(CC2)C(=O)C3=CC=CO3)C(C4=CC=CC=C4)C5=CC=CC=C5,,4.40000018605658,5.299997602857746,4.899998417198648
CS(=O)(=O)N1CCC2(CC1)CN(C2)CC3=CC=CC=C3,,,4.800000874803203,
CN1CC[C@]2(C1)CCCN(C2)C(=O)C3=CC=CO3,,,4.700000503883016,4.700000503883016
COC1=CC=CC(=C1)CN2C3=NC(=NC=C3N=C(C2=O)C4=CC=CS4)NC5=CC(=CC=C5)OC,5.600326278518962,6.100015437450609,,4.899998417198648
C1COCCN1C2=NC=C3C(=N2)N(C(=O)C(=N3)C4=CC(=CC(=C4)F)F)CCC5=CC=CC=C5,5.600326278518962,,,
COC1=CC=C(C=C1)C2=NC3=CN=C(N=C3N(C2=O)C4CC4)OC5=CC=C(C=C5)OC,5.5003129173815966,5.199998172182031,,5.399996913372259
CS(=O)(=O)NC1=CC=CC(=C1)C2=CC3=C(C=C2)N=CN=C3N4CCNCC4,4.899629454882437,,,4.800000874803203
COCCNC1=NC(=NC2=CC=CC=C21)C3=CC=CC=C3Cl,6.899629454882437,,,4.899998417198648
CC1=CC(=CC=C1)CNC2=NC=NC(=C2)C3=CC=C(C=C3)N(C)C,6.0,,,5.199998172182031
CC1=NC2=CN=CN=C2N(C1=O)C3=CC=CC=C3,5.0,4.40000018605658,,4.899998417198648
CC1=NC2=CN=C(N=C2N(C1=O)CC3=CC=C(C=C3)F)OC,5.300162274132754,4.40000018605658,,5.199998172182031
COC1=CC=C(C=C1)OC2=NC=C3C(=N2)N(C(=O)C=N3)CC4=CC=C(C=C4)F,4.600326278518962,4.59999938302362,,5.699991797446187
CS(=O)(=O)N1CCC2(CCCN(C2)C(C3=CC=CC=C3)C4=CC=CC=C4)CC1,,4.899998417198648,5.299997602857746,5.399996913372259
C1=CC=C(C=C1)OC2=NC=C3C(=N2)N(C(=O)C(=N3)C4=CC=C(C=C4)F)CC5=CC=CS5,5.698970004336019,5.599997654072044,,
CN1C2=NC=NC=C2N=C(C1=O)CCC3=CC=CC=C3,5.100179497572904,4.499999678657065,,4.800000874803203
CC1=NC2=CN=CN=C2N(C1=O)C3CC3,4.801342913045577,5.0999990348465305,,4.800000874803203
COC1=CC=CC=C1C2=CC(=NC=N2)NC3=CC=C(C=C3)F,5.698970004336019,,4.40000018605658,
CN1CCN(CC1)C2=NC=C3C(=N2)N(C(=O)C=N3)CC4=CC(=CC=C4)OC,4.600326278518962,4.59999938302362,4.700000503883016,4.800000874803203
CN1C2=NC(=NC=C2N=C(C1=O)C3=CC(=CC(=C3)F)F)N4CCOCC4,5.300162274132754,,,
C1CN(CCC12CN(C2)C(C3=CC=CC=C3)C4=CC=CC=C4)C(=O)C5=CC=CO5,,4.59999938302362,5.900008766455316,5.0
CN1CCC2(CC1)CCN(CC2)C(=O)C3=CC=CO3,4.899629454882437,,,
C1=CC(=CC=C1CN2C3=NC=NC=C3N=C(C2=O)C4=CC=C(C=C4)F)F,6.400116927926312,5.499996931948306,,4.800000874803203
CN(C)CC1=CC=CC=C1C2=CN=CN=C2NCC3=CC=CS3,4.600326278518962,,4.899998417198648,5.900008766455316
C1CC2(CCN(CC2)C(=O)C3=CSN=N3)CN(C1)CC4=CC=C(C=C4)C#N,,4.59999938302362,,5.0
C1CN(CCC12CCN(CC2)C(=O)OC3=CC=CC=C3)C4=CC=CC=N4,5.100179497572904,4.499999678657065,,5.599997654072044
CN1C=CC=C1C(=O)N2CCC3(CC2)CN(C3)C4=CC=NC=C4,,5.299997602857746,,
C1COCCN1CCNC2=NC(=NC3=CC=CC=C32)C4=CC=CC=C4Cl,4.899629454882437,,4.700000503883016,4.800000874803203
CC(=O)NCCNC1=NC=NC2=C1C=C(C=C2)C3=COC=C3,4.899629454882437,,,
C1CN(CCC12CN(C2)CC3=CC=NC=C3)C(=O)C4=CC=CO4,4.698970004336019,5.499996931948306,4.899998417198648,4.800000874803203
C1COCCN1CCNC2=NC=NC3=C2C=C(C=C3)C4=CN=CC=C4,6.0,,4.40000018605658,4.899998417198648
COC1=CC=C(C=C1)N2C3=NC(=NC=C3N=C(C2=O)C4=CC=CS4)NC5=CC(=CC=C5)OC,,,,5.799998134593398
C1C[C@@H](OC1)CN2C3=NC(=NC=C3N=C(C2=O)C4=CC=CS4)OC5=CC(=CC=C5)Cl,5.5003129173815966,5.499996931948306,,5.0
CN1CCN(CC1)C2=NC(=NC3=CC=CC=C32)C4=CC=C(C=C4)N(C)C,4.899629454882437,,5.499996931948306,4.800000874803203
C1CN(CCC12CCN(CC2)S(=O)(=O)C3=CC=CC=C3)CC4=CC=C(C=C4)C#N,,,,4.700000503883016
CC1=CC=CC=C1C2=NC=CC(=N2)N3C=CN=C3,7.100179497572904,,5.0,6.0
CN(C)C(=O)C1=CC=C(C=C1)C2=NC=CC(=N2)N3C=CN=C3,4.801342913045577,,4.40000018605658,5.499996931948306
C1CC2(CCN(CC2)C(=O)OC3=CC=CC=C3)CN(C1)C4=CC=C(C=C4)C5=CC=CC=C5,,,,4.499999678657065
COC1=CC=C(C=C1)NC(=O)N2CCC3(CC2)CCN(CC3)C(=O)OC,4.600326278518962,,4.40000018605658,
COC1=CC=C(C=C1)N2C3=NC(=NC=C3N=C(C2=O)C4=CC(=CC(=C4)F)F)N5CCOCC5,4.801342913045577,,4.700000503883016,4.800000874803203
CC1=CC(=CC=C1)CNC2=NC=NC3=C2C=C(C=C3)C4=CC=CC=C4C#N,5.8996294548824375,6.299988937677887,,5.900008766455316
CC1=CC(=CC=C1)CNC2=NC=NC=C2C3=CC=CC=C3OC,5.300162274132754,,4.700000503883016,7.0
CC(C)NC(=O)N1CC[C@]2(C1)CCCN(C2)C(=O)C3=CC(=CC(=C3)C(F)(F)F)C(F)(F)F,,,,4.800000874803203
CN(C)C1=CC=C(C=C1)C2=NC3=CC=CC=C3C(=N2)NCC4=CC=CC=C4OC,5.600326278518962,6.100015437450609,5.0,5.499996931948306
C1OC2=C(O1)C=C(C=C2)C3=NC=CC(=N3)NCC4=CN=CC=C4,6.899629454882437,,5.0,6.0
COC1=CC=C(C=C1)C(=O)N2CCC[C@]3(C2)CCN(C3)C4=CC=CC=C4,5.0,,,5.0999990348465305
C1C[C@@]2(CCN(C2)C3=NC=CC=N3)CN(C1)C(=O)C4=CSN=N4,4.899629454882437,,,4.800000874803203
C1CN(CCC12CN(C2)C(=O)NC3=CC=CC=C3)C(=O)C4=CC(=CC(=C4)C(F)(F)F)C(F)(F)F,,4.800000874803203,,
COC1=CC=CC=C1C2=CC(=NC=N2)NC3=CC=NN3,6.199970640755866,,,5.399996913372259
CN(C)C1=CC=C(C=C1)C2=CN=CN=C2NCCN3CCOCC3,4.801342913045577,,4.800000874803203,5.499996931948306
COCCN1C2=NC(=NC=C2N=C(C1=O)C3=CC=CC=C3)NC4=CC=CC=C4,5.300162274132754,4.899998417198648,,4.899998417198648
CN(C)C1=NC=C2C(=N1)N(C(=O)C(=N2)C3=CC=C(C=C3)F)CCC4=CC=CC=C4,5.600326278518962,,,
COC1=CC=CC=C1CNC2=NC(=NC=C2)C3=CC=CC=C3C(F)(F)F,5.0,7.801342913045577,4.40000018605658,4.899998417198648
COC1=CC=CC(=C1)C2=NC=CC(=N2)NCC3=CC=CS3,6.698970004336019,,6.50003813440381,5.299997602857746
CN(C)CC1=CC=CC=C1C2=NC=CC(=N2)NCC3=CC=CC=C3OC,5.0,,6.899974269892137,4.800000874803203
COC1=CC(=C(C=C1)CNC2=NC(=NC3=CC=CC=C32)C4=CN=CC=C4)OC,6.100179497572904,6.299988937677887,5.0,5.900008766455316
C1COCCN1C2=NC=C3C(=N2)N(C(=O)C(=N3)CCC4=CC=CC=C4)C5=CC=CC=C5,5.0,,,
C1CN(CCC12CN(C2)C3=CC=CC=C3)C(=O)C4=CC=CO4,,4.59999938302362,,4.800000874803203
C1CC2(CCNCC2)CN(C1)CC3=CC(=CC(=C3)C(F)(F)F)C(F)(F)F,,,4.899998417198648,5.0999990348465305
C1=CC=C(C=C1)CNC2=NC=NC=C2C3=CN=CC=C3,5.600326278518962,,4.40000018605658,5.900008766455316
C1=CC=C(C=C1)COC2=NC=C3C(=N2)N(C(=O)C(=N3)C4=CC=C(C=C4)F)CCC#N,5.801342913045578,,,4.800000874803203
CC1=CC=CC=C1C2=CN=CN=C2NC3=CC=C(C=C3)F,5.0,,4.40000018605658,6.700057099977233
CN1C=C(C2=CC=CC=C21)C3=NC4=CN=C(N=C4N(C3=O)CCC#N)OC,5.300162274132754,,,5.199998172182031
CN(C)C1=CC=C(C=C1)C2=CN=CN=C2NC3=CC=CC=C3,6.400116927926312,,4.700000503883016,6.199970640755866
C1COCCN1CCNC2=NC=NC=C2C3=CC=CC=C3C(F)(F)F,5.600326278518962,,4.800000874803203,6.100015437450609
CC1=CC=CC=C1C2=CN=CN=C2N3CCN(CC3)C,4.801342913045577,,4.899998417198648,5.799998134593398
CN1C=CC=C1C(=O)N2CCC3(CCN(CC3)CC4=CC=CC=C4)CC2,,,5.0999990348465305,
CC1=CC(=CC=C1)CNC2=NC=NC=C2C3=CC=C(C=C3)C(=O)N(C)C,4.801342913045577,,,6.199970640755866
C1COCCN1C2=NC=C3C(=N2)N(C(=O)C(=N3)C4=CC(=CC(=C4)F)F)C5=CC=CC=C5,5.300162274132754,,,
COC1=NC=C2C(=N1)N(C(=O)C(=N2)C3=CC=CC=C3)C4=CC=CC=C4,5.698970004336019,,,
CC1=CN=C(C=N1)CNC2=NC(=NC=C2)C3=CC=CC(=C3)C#N,5.8996294548824375,,,4.899998417198648
C1CN(CCC12CN(C2)CC3=CC=C(C=C3)C#N)C(=O)C4=CC=NC=C4,,,,4.899998417198648
COC1=CC=C(C=C1)C(=O)N2CCC3(CCCN(C3)CC4=CC=NC=C4)CC2,,5.499996931948306,4.899998417198648,5.0999990348465305
C1CN(CCC12CCN(CC2)C(=O)C3=NC=CN=C3)CC4=CC(=CC(=C4)C(F)(F)F)C(F)(F)F,,,,5.599997654072044
CN(C)C1=CC=C(C=C1)C2=NC=CC(=N2)NCC3=CC=CC=C3OC,6.100179497572904,,6.299988937677887,5.0999990348465305
C1OC2=C(O1)C=C(C=C2)C3=NC4=CC=CC=C4C(=N3)NCC5=CN=CC=C5,7.0,6.400007822415902,4.899998417198648,6.50003813440381
COCCN1C2=NC(=NC=C2N=C(C1=O)CCC3=CC=CC=C3)N4CCOCC4,5.100179497572904,4.59999938302362,,
CC1=C(C(=NO1)C)C2=NC3=CC=CC=C3C(=N2)NCCOC,6.899629454882437,,,4.800000874803203
C1CC2(CCN(CC2)C(=O)C3=CC(=CC=C3)F)CN(C1)CC4=NC=CS4,,,,5.0
COC1=CC=C(C=C1)N2C(=O)C=NC3=CN=C(N=C32)NC4=CC=CC=C4,5.698970004336019,,,6.700057099977233
C1CN(CCC12CN(C2)C3=NC=CC=N3)C(=O)C4=CC(=CC(=C4)C(F)(F)F)C(F)(F)F,,4.59999938302362,4.800000874803203,
CC1=C(C(=NO1)C)C(=O)N2CCC3(CCN(CC3)C4=CC=NC=C4)CC2,,5.0,4.899998417198648,5.399996913372259
C1=CC=C(C(=C1)C2=NC=CC(=N2)N3C=CN=C3)C(F)(F)F,6.801342913045577,,5.0,5.900008766455316
COC1=CC=CC=C1CN2CCCC3(C2)CCN(CC3)C(=O)C4=CC=CO4,,,5.599997654072044,4.59999938302362
CN(C)C1=NC=C2C(=N1)N(C(=O)C(=N2)CCC3=CC=CC=C3)CCC#N,5.698970004336019,4.800000874803203,5.599997654072044,4.700000503883016
CN1CCN(CC1)C2=NC=C3C(=N2)N(C(=O)C=N3)CC4=CC=C(C=C4)F,4.600326278518962,,,4.800000874803203
COCCN1C2=NC(=NC=C2N=C(C1=O)C3=CC=CS3)N4CCOCC4,5.100179497572904,,,4.899998417198648
COC1=CC2=C(C=C1)NC=C2CCNC3=NC(=NC4=CC=CC=C43)C5=COC=C5,6.400116927926312,6.0,4.899998417198648,5.499996931948306
C1OC2=C(O1)C=C(C=C2)C3=CN=CN=C3NCC4=CN=CC=C4,6.400116927926312,6.100015437450609,4.800000874803203,6.400007822415902
CN1CCN(CC1)C2=NC=NC3=C2C=C(C=C3)C4=CC=CC=C4C#N,5.5003129173815966,,,4.800000874803203
CC1=C(C(=NO1)C)C2=NC=CC(=N2)NCC3=CC=CC=C3,6.100179497572904,,4.40000018605658,5.299997602857746
COC(=O)N1CCC2(CCN(CC2)C(C3=CC=CC=C3)C4=CC=CC=C4)CC1,,4.40000018605658,5.0999990348465305,4.899998417198648
CC1=CC=CC=C1C2=CC(=NC=N2)NCC3=NC=C(N=C3)C,4.899629454882437,,,5.499996931948306
C1COCCN1CCNC2=NC(=NC3=CC=CC=C32)C4=COC=C4,5.300162274132754,,4.59999938302362,4.800000874803203
COC1=CC=CC=C1CN2CCCC3(C2)CCN(CC3)C(=O)OC4=CC=CC=C4,,,5.399996913372259,4.800000874803203
CN1CCN(CC1)C2=NC=C3C(=N2)N(C(=O)C(=N3)CCC4=CC=CC=C4)CCOC,4.899629454882437,,,
COCCN1C2=NC=NC=C2N=C(C1=O)C3=CC=C(C=C3)Cl,6.698970004336019,4.499999678657065,,4.899998417198648
COC1=CC=CC(=C1)C2=CC3=C(C=C2)N=CN=C3N4CCOCC4,6.0,,4.499999678657065,5.0
CC(=O)NCCNC1=NC(=NC=C1)C2=CC=CC=C2C(F)(F)F,4.801342913045577,,,4.800000874803203
C1CN(CCC12CCN(CC2)C(=O)OC3=CC=CC=C3)CC4=CC=CC=C4,,,4.40000018605658,5.0
CS(=O)(=O)N1CCC2(CC1)CN(C2)CC3=CC(=CC(=C3)C(F)(F)F)C(F)(F)F,,,6.400007822415902,
CN1C=C(C2=CC=CC=C21)C3=NC4=CN=C(N=C4N(C3=O)CCOC)N5CCNCC5,4.899629454882437,,,4.59999938302362
C1CC2(CCN(CC2)C(=O)C3=CSN=N3)CN(C1)C4=CC=CC(=C4)C5=CC=CC=C5,4.698970004336019,5.199998172182031,,5.299997602857746
CNC1=NC(=NC2=CC=CC=C21)C3=CC=CC=C3OC,6.400116927926312,,4.700000503883016,4.499999678657065
CN(C)C1=NC(=NC=C1)C2=CC=CC=C2C(F)(F)F,5.100179497572904,,,5.199998172182031
COC1=CC=CC=C1CN2CCCC3(C2)CCN(CC3)C(=O)C4=NC=CN=C4,,,5.399996913372259,4.800000874803203
C1=CC=C(C=C1)NC2=NC=C3C(=N2)N(C(=O)C=N3)CC4=CC=CS4,6.0,5.499996931948306,,4.800000874803203
CC1=CN=C(C=N1)CNC2=NC(=NC=C2)C3=CC(=CC=C3)NS(=O)(=O)C,4.698970004336019,,,4.800000874803203
C1CN(CCC12CN(C2)CC3=CC=CC=C3)C(=O)C4=NC=CN=C4,4.600326278518962,4.499999678657065,,
C1CC2(CCN(CC2)C(=O)C3=CC(=CC(=C3)C(F)(F)F)C(F)(F)F)CN(C1)C4=CC=NC=C4,,4.499999678657065,4.800000874803203,5.399996913372259
CC1=CC=CC=C1C2=CN=CN=C2NC,4.899629454882437,,4.499999678657065,6.199970640755866
CC1=CC=CC=C1C2=NC3=CC=CC=C3C(=N2)NCC4=CN=CC=C4,6.300162274132754,,4.40000018605658,6.299988937677887
COCCN1C2=NC=NC=C2N=C(C1=O)CCC3=CC=CC=C3,5.0,,,5.0999990348465305
COC1=CC2=C(C=C1)NC=C2CCNC3=NC=NC=C3C4=CC=CC=C4C(F)(F)F,5.0,7.0,5.699991797446187,6.599980364934842
CN1CCN(CC1)C2=NC(=NC=C2)C3=CC=CC=C3C(F)(F)F,5.300162274132754,,4.59999938302362,5.199998172182031
CC(C)CN1CC[C@]2(C1)CCCN(C2)C(=O)C3=NC=CN=C3,,,5.0,4.800000874803203
COC1=CC=C(C=C1)C2=NC3=CN=CN=C3N(C2=O)C4=CC=CC=C4,5.300162274132754,,,4.700000503883016
COC1=CC=C(C=C1)C(=O)N2CCC3(CC2)CN(C3)C(=O)NC4=CC=CC=C4,4.600326278518962,,,
CN(C)C1=NC=C2C(=N1)N(C(=O)C(=N2)C3=CC=CS3)CCC#N,5.300162274132754,,,
C1=CC=C(C=C1)CNC2=NC=NC(=C2)C3=CC=CC(=C3)C#N,6.0,,,
COC1=CC=C(C=C1)N2C3=NC(=NC=C3N=C(C2=O)C4=CC=C(C=C4)F)N5CCOCC5,5.100179497572904,,,
COC1=CC=CC(=C1)C2=CN=CN=C2N3C=CN=C3,7.0,6.199970640755866,4.899998417198648,6.50003813440381
COC1=CC=CC(=C1)C2=CC3=C(C=C2)N=CN=C3NCC4=CN=CC=C4,6.600326278518962,5.799998134593398,5.0,6.0
C1CN(CCC12CCN(CC2)C(=O)C3=CSN=N3)C4=CC=CC=C4,4.801342913045577,,5.0999990348465305,
C1CC2(CCN(CC2)C(=O)C3=CC=CO3)CN(C1)CC4=CC=NC=C4,4.801342913045577,5.900008766455316,5.499996931948306,5.299997602857746
COC1=CC2=C(C=C1)NC=C2CCNC3=NC=NC=C3C4=CC=CC=C4OC,5.600326278518962,6.599980364934842,5.900008766455316,6.899974269892137
COCCNC1=NC(=NC2=CC=CC=C21)C3=CC(=CC=C3)OC,6.698970004336019,,4.700000503883016,5.299997602857746
C1CC2(CCN(CC2)S(=O)(=O)C3=CC=CC=C3)CN(C1)CC4=CC(=CC(=C4)C(F)(F)F)C(F)(F)F,,,5.599997654072044,5.900008766455316
CN1CCN(CC1)C2=NC=C3C(=N2)N(C(=O)C(=N3)CCC4=CC=CC=C4)CC5=CC=CS5,4.801342913045577,4.59999938302362,4.700000503883016,4.899998417198648
CN(C)C(=O)C1=CC=C(C=C1)C2=NC=CC(=N2)NCC3=CC=CS3,4.801342913045577,,4.700000503883016,4.59999938302362
COCCN1C2=NC(=NC=C2N=C(C1=O)CCC3=CC=CC=C3)OC4=CC=C(C=C4)OC,4.801342913045577,5.0,,5.499996931948306
CC1=CC=CC=C1C2=NC=CC(=N2)NCC3=CN=CC=C3,6.698970004336019,,4.700000503883016,5.399996913372259
C1=CC=C(C=C1)C2=NC3=CN=CN=C3N(C2=O)C4=CC=CC=C4,5.300162274132754,4.800000874803203,,
COC1=CC=C(C=C1)C(=O)N2CCC[C@]3(C2)CCN(C3)CC4=NC=CS4,,,,5.0999990348465305
COC1=CC=C(C=C1)C2=NC3=CN=C(N=C3N(C2=O)CC4=CC(=CC=C4)OC)N5CCNCC5,4.500312917381596,4.59999938302362,4.40000018605658,4.800000874803203
C1C[C@@H](OC1)CN2C3=NC(=NC=C3N=C(C2=O)C4=CC=C(C=C4)Cl)NC5=CC=CC=C5,4.899629454882437,4.40000018605658,,
C1=CC(=CC=C1CN2C(=O)C=NC3=CN=CN=C32)F,4.600326278518962,,,4.700000503883016
C1C[C@@]2(CCN(C2)C(=O)NC3=CC=CC(=C3)C#N)CNC1,,,,4.59999938302362
COC1=NC=C2C(=N1)N(C(=O)C(=N2)CCC3=CC=CC=C3)CCC#N,4.801342913045577,,4.59999938302362,4.899998417198648
CCNC1=NC=C2C(=N1)N(C(=O)C(=N2)C3=CC=C(C=C3)OC)CC4=CC=C(C=C4)F,,4.499999678657065,,
COC1=CC=C(C=C1)C(=O)N2CCC[C@]3(C2)CCN(C3)CC4=CC=NC=C4,,4.700000503883016,,5.399996913372259
C1CN(CCN1)C2=NC=C3C(=N2)N(C(=O)C(=N3)C4=CC=C(C=C4)F)C5=CC=CC=C5,5.0,,,4.59999938302362
C1CN(CCC12CCN(CC2)S(=O)(=O)C3=CC=CC=C3)C(=O)NC4=CC(=CC=C4)F,,4.499999678657065,,
COC1=CC=C(C=C1)C2=NC3=CN=C(N=C3N(C2=O)CCC#N)OC4=CC=C(C=C4)OC,5.400116927926312,,,5.499996931948306
COC1=CC=C(C=C1)C2=NC3=CN=C(N=C3N(C2=O)C[C@H]4CCCO4)NC5=CC(=CC=C5)OC,,,,5.299997602857746
C1CN(CCN1)C2=NC=C3C(=N2)N(C(=O)C(=N3)CCC4=CC=CC=C4)CC5=CC=C(C=C5)F,5.0,4.700000503883016,4.59999938302362,5.0999990348465305
CN1CCN(CC1)C2=NC=C3C(=N2)N(C(=O)C(=N3)C4=CC=CS4)CC5=CC=C(C=C5)F,,,,5.299997602857746
COC1=CC=C(C=C1)C2=NC3=CN=C(N=C3N(C2=O)CCC#N)OC,5.199970640755866,,,4.899998417198648
C1OC2=C(O1)C=C(C=C2)C3=NC=CC(=N3)NCC4=CC=CS4,6.5003129173815966,,6.299988937677887,6.0
CS(=O)(=O)NC1=CC=CC(=C1)C2=CC(=NC=N2)NC3=CC=CC=C3,6.400116927926312,6.0,4.59999938302362,4.800000874803203
COC1=CC=CC(=C1)CN2C3=NC=NC=C3N=C(C2=O)C4=CC=C(C=C4)F,5.400116927926312,5.0,4.899998417198648,5.0
CN(CC1=CC=CO1)C2=NC(=NC3=CC=CC=C32)C4=CN=CC=C4,6.5003129173815966,,4.899998417198648,4.899998417198648
COC1=CC=C(C=C1)OC2=NC=C3C(=N2)N(C(=O)C(=N3)C4=CC=C(C=C4)Cl)CCC#N,5.698970004336019,5.0999990348465305,,5.299997602857746
CN1C=CC=C1C(=O)N2CCC3(CCCN(C3)C4=NC=CC=N4)CC2,,4.499999678657065,5.0,
CN1CCN(CC1)C2=NC(=NC3=CC=CC=C32)C4=COC=C4,5.8996294548824375,,4.800000874803203,4.700000503883016
C1CN(CCN1)C2=NC=C3C(=N2)N(C(=O)C(=N3)C4=CC=C(C=C4)Cl)CCC5=CC=CC=C5,4.600326278518962,5.299997602857746,4.59999938302362,4.499999678657065
COCCNC1=NC(=NC2=CC=CC=C21)C3=CC=CC=C3C(F)(F)F,5.8996294548824375,,,4.899998417198648
COC1=CC=CC(=C1)NC2=NC=C3C(=N2)N(C(=O)C(=N3)C4=CC=CS4)C5=CC=CC=C5,5.5003129173815966,,,4.700000503883016
CC1=C(C(=NO1)C)C2=NC=CC(=N2)NCCC3=CNC4=C3C=C(C=C4)OC,5.698970004336019,6.100015437450609,4.899998417198648,5.599997654072044
CC(=O)N1CCC[C@]2(C1)CCN(C2)C(C3=CC=CC=C3)C4=CC=CC=C4,4.899629454882437,,4.700000503883016,
COC1=CC2=C(C=C1)NC=C2CCNC3=NC=NC(=C3)C4=CC=CC=C4C(F)(F)F,5.0,6.0,4.700000503883016,5.299997602857746
CN1CCN(CC1)C2=NC=C3C(=N2)N(C(=O)C(=N3)C4=CN(C5=CC=CC=C54)C)C,4.500312917381596,4.899998417198648,,4.59999938302362
CC(C)CN1CCCC2(C1)CCN(CC2)C(=O)C3=NC=CN=C3,,,,4.59999938302362
COC1=NC=C2C(=N1)N(C(=O)C(=N2)C3=CC=CS3)CC4=CC=CS4,5.300162274132754,5.499996931948306,5.399996913372259,5.499996931948306
C1=CC=C(C=C1)COC2=NC=C3C(=N2)N(C(=O)C=N3)CC4=CC=C(C=C4)F,4.899629454882437,,4.40000018605658,5.299997602857746
C1C[C@@]2(CCN(C2)C3=CC=CC=N3)CN(C1)C(=O)C4=NC=CN=C4,4.698970004336019,,,5.0
COC1=CC(=C(C=C1)CNC2=NC=NC=C2C3=COC=C3)OC,5.801342913045578,,5.0999990348465305,6.0
CN1CCN(CC1)C2=NC=C3C(=N2)N(C(=O)C=N3)C4=CC=CC=C4,5.600326278518962,,,
COCCN1C(=O)C=NC2=CN=C(N=C21)OC3=CC=C(C=C3)OC,5.300162274132754,,,4.800000874803203
CN(C)CC1=CC=CC=C1C2=CC3=C(C=C2)N=CN=C3NCC4=CC=CC=C4OC,4.801342913045577,,5.599997654072044,4.899998417198648
C1CN(CCC12CN(C2)C(=O)NC3=CC=CC(=C3)C#N)C(=O)C4=CC(=CC=C4)F,,,,5.0
C1CN(CCC12CN(C2)C3=CC=CC(=C3)C4=CC=CC=C4)C(=O)C5=CC=NC=C5,4.801342913045577,5.299997602857746,6.299988937677887,5.0999990348465305
CC1=C(C(=NO1)C)C2=CC3=C(C=C2)N=CN=C3NCC4=CC=CC=C4,5.5003129173815966,,4.40000018605658,5.0
CC(C)CN1CCC2(CC1)CCN(CC2)C(=O)C3=CC=NC=C3,,,5.399996913372259,4.800000874803203
CN1C2=NC(=NC=C2N=C(C1=O)CCC3=CC=CC=C3)N4CCOCC4,5.199970640755866,,,
CS(=O)(=O)N1CCC2(CC1)CN(C2)CC3=CC=NC=C3,,4.40000018605658,4.700000503883016,4.499999678657065
CC1=NC2=CN=C(N=C2N(C1=O)CC3=CC=CS3)N(C)C,5.8996294548824375,,4.899998417198648,5.499996931948306
CN1C=C(C2=CC=CC=C21)C3=NC4=CN=C(N=C4N(C3=O)C[C@H]5CCCO5)N(C)C,5.199970640755866,,,5.0999990348465305
CN1C(=O)C=NC2=CN=C(N=C21)N(C)C,5.199970640755866,,4.700000503883016,
C1=CC(=CN=C1)C2=CN=CN=C2N3C=CN=C3,4.698970004336019,,,5.0999990348465305
CN1C2=NC(=NC=C2N=C(C1=O)C3=CC=CC=C3)N4CCOCC4,5.698970004336019,4.40000018605658,,5.499996931948306
C1CN(CCC12CN(C2)C3=CC=CC=N3)C(=O)C4=CC(=CC(=C4)C(F)(F)F)C(F)(F)F,,,4.899998417198648,
COC1=CC=CC=C1CNC2=NC=NC=C2C3=CC=CC=C3Cl,5.0,,5.699991797446187,6.700057099977233
C1C[C@@]2(CCN(C2)C3=CC=NC=C3)CN(C1)S(=O)(=O)C4=CC=CC=C4,,4.800000874803203,4.800000874803203,5.399996913372259
COC1=CC=CC=C1CNC2=NC=NC3=C2C=C(C=C3)C4=CN=CC=C4,6.5003129173815966,,5.299997602857746,5.699991797446187
CCNC1=NC=C2C(=N1)N(C(=O)C(=N2)C3=CC=CC=C3)CCOC,5.5003129173815966,4.700000503883016,5.499996931948306,4.499999678657065
COC1=CC=CC=C1CNC2=NC=NC=C2C3=CN=CC=C3,6.100179497572904,,4.700000503883016,6.100015437450609
CC1=CN=C(C=N1)CNC2=NC=NC=C2C3=CC=CC(=C3)C#N,4.899629454882437,,,5.699991797446187
C1CC2(CCN(CC2)S(=O)(=O)C3=CC=CC=C3)CN(C1)CC4=CC=NC=C4,4.899629454882437,7.100179497572904,6.0,5.399996913372259
C1CN(CCC12CCN(CC2)C(=O)NC3=CC(=CC=C3)F)C(=O)C4=CC=NC=C4,,,,4.899998417198648
C1COCCN1CCNC2=NC(=NC3=CC=CC=C32)C4=CC5=C(C=C4)OCO5,5.698970004336019,,5.0999990348465305,5.399996913372259
C1=CC=C(C=C1)CNC2=NC=NC(=C2)C3=CC=CC=C3Cl,5.400116927926312,,4.700000503883016,5.299997602857746
CC1=CC(=CC=C1)CNC2=NC=NC(=C2)C3=CC=CC=C3Cl,5.5003129173815966,,4.40000018605658,4.800000874803203
CS(=O)(=O)NC1=CC=CC(=C1)C2=CC3=C(C=C2)N=CN=C3NCCN4CCOCC4,4.600326278518962,,,4.800000874803203
CN(C)CC1=CC=CC=C1C2=CC3=C(C=C2)N=CN=C3NCCOC,4.600326278518962,,4.800000874803203,4.499999678657065
COC1=CC=C(C=C1)OC2=NC=C3C(=N2)N(C(=O)C(=N3)C4=CC=C(C=C4)F)C5CC5,6.698970004336019,5.699991797446187,,5.0999990348465305
C1CC1NC2=NC(=NC3=CC=CC=C32)C4=COC=C4,6.5003129173815966,,,5.399996913372259
COC1=CC=CC(=C1)CN2C3=NC(=NC=C3N=C(C2=O)C4=CC(=CC(=C4)F)F)OC,5.100179497572904,5.499996931948306,,5.0999990348465305
CN(CC1=CC=CO1)C2=NC=NC3=C2C=C(C=C3)C4=CC=CC=C4Cl,5.698970004336019,5.799998134593398,5.0999990348465305,4.800000874803203
CC(C)CN1CCCC2(C1)CCN(CC2)C(=O)C3=CC=CN3C,,,,4.899998417198648
COC1=CC=CC=C1C2=NC3=CC=CC=C3C(=N2)NC4=CC=NC=C4,6.5003129173815966,,4.59999938302362,5.499996931948306
C1=CC=C(C=C1)CNC2=NC=NC3=C2C=C(C=C3)C4=CC=CC(=C4)C#N,7.0,6.199970640755866,5.0,4.800000874803203
CN(C)C1=NC=NC2=C1C=C(C=C2)C3=CC=CC=C3OC,5.8996294548824375,,4.899998417198648,5.299997602857746
CC1=CC(=CC=C1)CNC2=NC=NC(=C2)C3=CC=C(C=C3)C(=O)N(C)C,4.801342913045577,,,5.499996931948306
COC1=CC=C(C=C1)NC(=O)N2CC[C@]3(C2)CCCN(C3)C(=O)C4=CC(=CC(=C4)C(F)(F)F)C(F)(F)F,,,,4.700000503883016
COCCN1C2=NC(=NC=C2N=C(C1=O)C3=CC=C(C=C3)Cl)N4CCOCC4,6.0,,,
C1CN(CCN1)C2=NC(=NC3=CC=CC=C32)C4=CC=CC(=C4)C#N,5.600326278518962,,4.40000018605658,4.499999678657065
C1CC2(CCN(CC2)S(=O)(=O)C3=CC=CC=C3)CN(C1)C4=CC=CC=C4,5.100179497572904,5.900008766455316,5.0,5.399996913372259
C1CC1NC2=NC(=NC3=CC=CC=C32)C4=CC=CC=C4C(F)(F)F,6.400116927926312,,4.499999678657065,5.499996931948306
COC1=NC=C2C(=N1)N(C(=O)C(=N2)CCC3=CC=CC=C3)C4CC4,5.5003129173815966,4.800000874803203,4.800000874803203,4.499999678657065
CC1=NC2=CN=C(N=C2N(C1=O)CCC3=CC=CC=C3)N4CCN(CC4)C,5.0,,5.599997654072044,4.800000874803203
CN(C)C(=O)C1=CC=C(C=C1)C2=CC3=C(C=C2)N=CN=C3NC4=CC=C(C=C4)F,4.698970004336019,,5.0,4.700000503883016
CN(C)C(=O)C1=CC=C(C=C1)C2=CC3=C(C=C2)N=CN=C3NCC4=CN=CC=C4,4.801342913045577,,,5.799998134593398
CN1CCN(CC1)C2=NC=C3C(=N2)N(C(=O)C(=N3)CCC4=CC=CC=C4)CC5=CC=C(C=C5)F,,4.899998417198648,,5.299997602857746
C1CNCCC12CCN(CC2)C(=O)NC3=CC=CC=C3,5.100179497572904,,4.59999938302362,
C1CNCCC12CN(C2)C3=CC=CC=N3,4.698970004336019,,,
C1C[C@@H](OC1)CN2C3=NC(=NC=C3N=C(C2=O)C4=CC=CC=C4)NC5=CC=CC=C5,5.400116927926312,,,4.899998417198648
COC1=CC=CC=C1C2=CN=CN=C2NCCC3=CN=CN3,5.8996294548824375,6.299988937677887,5.0,6.400007822415902
COC(=O)N1CCC2(CC1)CN(C2)C3=CC=C(C=C3)C4=CC=CC=C4,5.8996294548824375,,,5.499996931948306
COC1=CC=CC(=C1)C2=NC3=CC=CC=C3C(=N2)NCC4=CC=CS4,6.5003129173815966,,4.899998417198648,5.499996931948306
C1CN(CCC12CN(C2)C3=CC=NC=C3)C(=O)C4=NC=CN=C4,,4.59999938302362,,
COC1=CC=C(C=C1)OC2=NC=C3C(=N2)N(C(=O)C(=N3)C4=CC(=CC(=C4)F)F)CCC#N,5.400116927926312,4.899998417198648,,5.900008766455316
COC1=CC=CC=C1CCN2C3=NC=NC=C3N=C(C2=O)C4=CC(=CC=C4)F,5.801342913045578,5.599997654072044,4.40000018605658,5.499996931948306
COCCN1C(=O)C=NC2=CN=C(N=C21)N3CCNCC3,4.899629454882437,,,
CC1=NC2=CN=C(N=C2N(C1=O)C[C@H]3CCCO3)N(C)C,5.400116927926312,,,
CC1=CC(=CC=C1)CNC2=NC=NC=C2C3=CC=CC=C3CN(C)C,4.801342913045577,,5.399996913372259,6.400007822415902
CC1=C(C(=NO1)C)C2=CC(=NC=N2)NCCN3CCOCC3,4.899629454882437,,,
CNC1=NC(=NC2=CC=CC=C21)C3=CC=C(C=C3)N(C)C,6.698970004336019,6.100015437450609,4.899998417198648,4.800000874803203
CN1C2=NC(=NC=C2N=C(C1=O)C3=CC=C(C=C3)Cl)OC4=CC=C(C=C4)OC,6.199970640755866,,,5.299997602857746
COCC(=O)N1CCC2(CCCN(C2)CC3=CC=NC=C3)CC1,,5.299997602857746,4.800000874803203,4.899998417198648
C1CC1N2C3=NC=NC=C3N=C(C2=O)C4=CC(=CC(=C4)F)F,5.8996294548824375,6.599980364934842,,5.0999990348465305
C1=CC=C(C(=C1)C2=CN=CN=C2NC3=CC=C(C=C3)F)C(F)(F)F,4.698970004336019,,4.40000018605658,6.400007822415902
COC1=CC=CC(=C1)C2=CN=CN=C2NCC3=CC=CC=C3OC,5.400116927926312,6.199970640755866,5.0999990348465305,6.299988937677887
COC1=CC=C(C=C1)C2=NC3=CN=C(N=C3N(C2=O)C4=CC=C(C=C4)OC)N5CCOCC5,5.0,,,
CC1=C(C(=NO1)C)C2=CC3=C(C=C2)N=CN=C3NCC4=CN=CC=C4,6.5003129173815966,,4.899998417198648,5.599997654072044
C1CN(CCC12CN(C2)C3=CC=CC=N3)C(=O)C4=CSN=N4,,,4.899998417198648,4.59999938302362
CN1C=C(C2=CC=CC=C21)C3=NC4=CN=C(N=C4N(C3=O)CCC#N)OC5=CC=C(C=C5)OC,5.698970004336019,4.499999678657065,,5.0
CC1=C(C(=NO1)C)C2=CC(=NC=N2)N3CCN(CC3)C,5.0,5.799998134593398,,
COC1=CC=C(C=C1)C(=O)N2CCC3(CCCN(C3)C(=O)NC4=CC(=CC=C4)F)CC2,4.698970004336019,,,4.899998417198648
CN1CCN(CC1)C2=NC=C3C(=N2)N(C(=O)C(=N3)C4=CC=CC(=C4)C#N)CCOC,4.801342913045577,5.399996913372259,,
COC1=CC=C(C=C1)NC(=O)N2CC[C@]3(C2)CCCN(C3)C(=O)C4=CC=CO4,,,,4.40000018605658
C1C[C@@]2(CCN(C2)CC3=CC=CC=C3)CN(C1)S(=O)(=O)C4=CC=CC=C4,4.698970004336019,,7.600326278518962,5.900008766455316
CN1C=CC=C1C(=O)N2CCC[C@]3(C2)CCN(C3)C4=CC=NC=C4,4.899629454882437,,,6.0
COCCN1C(=O)C=NC2=CN=C(N=C21)OC3=CC=CC=C3,4.801342913045577,,,4.59999938302362
C1CN(CCC12CCN(CC2)C(=O)C3=CC=CO3)C4=NC=CC=N4,,,,5.599997654072044
CN1CCN(CC1)C2=NC=NC(=C2)C3=CC=C(C=C3)N(C)C,5.600326278518962,,,
CC1=C(C(=NO1)C)C2=CN=CN=C2NCCC3=CNC4=C3C=C(C=C4)OC,4.899629454882437,5.900008766455316,4.700000503883016,6.100015437450609
C1CN(CCN1)C2=NC=NC3=C2C=C(C=C3)C4=COC=C4,4.899629454882437,,4.40000018605658,4.59999938302362
COC1=CC2=C(C=C1)NC=C2CCNC3=NC=NC(=C3)C4=CC=CC(=C4)C#N,6.100179497572904,,4.700000503883016,5.399996913372259
CCNC1=NC=C2C(=N1)N(C(=O)C=N2)CCOC,5.0,,,4.40000018605658
C1CN(CCC12CN(C2)C(C3=CC=CC=C3)C4=CC=CC=C4)C(=O)OC5=CC=CC=C5,,4.40000018605658,5.0999990348465305,5.199998172182031
CC1=C(C(=NO1)C)C2=CC(=NC=N2)NC,5.300162274132754,,,
COC1=CC=CC=C1C2=CN=CN=C2NCCN3CCOCC3,4.600326278518962,,4.899998417198648,6.299988937677887
C1CNCCC12CN(C2)C(=O)NC3=CC(=CC=C3)F,,,5.0999990348465305,
CN1CCN(CC1)C2=NC=C3C(=N2)N(C(=O)C=N3)C4CC4,4.801342913045577,,,
COCC(=O)N1CCC2(CCN(CC2)CC3=CC=CC=C3)CC1,,,4.59999938302362,
COC1=CC=CC=C1C2=NC=CC(=N2)NCC3=CC=CS3,6.100179497572904,,5.499996931948306,4.800000874803203
CN(C)C1=CC=C(C=C1)C2=NC3=CC=CC=C3C(=N2)NCCC4=CN=CN4,6.199970640755866,6.100015437450609,5.0999990348465305,5.599997654072044
COCCN1C2=NC(=NC=C2N=C(C1=O)C3=CC=CC=C3)OC4=CC=CC=C4,5.801342913045578,5.0,,4.499999678657065
COC1=CC=CC(=C1)CN2C(=O)C=NC3=CN=CN=C32,4.801342913045577,4.499999678657065,4.59999938302362,4.700000503883016
COCCN1C2=NC(=NC=C2N=C(C1=O)C3=CC=C(C=C3)Cl)NC4=CC=CC=C4,4.698970004336019,,,
C1C[C@@]2(CCN(C2)CC3=CC(=CC(=C3)C(F)(F)F)C(F)(F)F)CN(C1)S(=O)(=O)C4=CC=CC=C4,,,,5.299997602857746
CC1=NC2=CN=CN=C2N(C1=O)CC3=CC=C(C=C3)F,5.0,4.59999938302362,,4.800000874803203
C1=CC=C(C(=C1)C2=NC=CC(=N2)NCC3=CC=CS3)Cl,6.0,,4.800000874803203,5.699991797446187
C1CC2(CCN(CC2)C(=O)C3=CC(=CC(=C3)C(F)(F)F)C(F)(F)F)CN(C1)CC4=CC=C(C=C4)C#N,,,,5.0999990348465305
CC1=CC(=CC=C1)CNC2=NC=NC=C2C3=CC=CC=C3C(F)(F)F,4.899629454882437,,4.899998417198648,7.100179497572904
CC1=NC2=CN=C(N=C2N(C1=O)CC3=CC=C(C=C3)F)N4CCOCC4,5.199970640755866,4.499999678657065,,4.899998417198648
COCCN1C2=NC(=NC=C2N=C(C1=O)C3=CC=CC=C3)OC4=CC=C(C=C4)OC,5.8996294548824375,5.0,,6.0
CN1C=CC=C1C(=O)N2CCC3(CCCN(C3)C4=CC=CC=C4)CC2,5.0,4.800000874803203,,4.800000874803203
CC1=CN=C(C=N1)CNC2=NC=NC3=C2C=C(C=C3)C4=CC=CC=C4C(F)(F)F,4.899629454882437,,4.59999938302362,5.699991797446187
CN1CCN(CC1)C2=NC=NC=C2C3=CC=CC=C3C(F)(F)F,4.500312917381596,,4.700000503883016,5.399996913372259
C1=CC=C(C=C1)CN2C(=O)C=NC3=CN=CN=C32,4.600326278518962,4.499999678657065,,4.700000503883016
CC1=NC2=CN=C(N=C2N(C1=O)CC3=CC(=CC=C3)OC)N4CCN(CC4)C,,,,4.800000874803203
C1C[C@@]2(CCN(C2)C(C3=CC=CC=C3)C4=CC=CC=C4)CN(C1)C(=O)C5=CSN=N5,4.698970004336019,4.40000018605658,6.199970640755866,6.0
CC1=NC2=CN=C(N=C2N(C1=O)CCOC)NC3=CC=CC=C3,5.801342913045578,,,4.700000503883016
CN(C)C1=CC=C(C=C1)C2=NC=CC(=N2)NCCC3=CNC4=C3C=C(C=C4)OC,6.199970640755866,,5.0,5.299997602857746
CN(CC1=CC=CO1)C2=NC(=NC3=CC=CC=C32)C4=COC=C4,6.400116927926312,,4.800000874803203,4.59999938302362
CN1CCN(CC1)C2=NC=C3C(=N2)N(C(=O)C(=N3)C4=CC=C(C=C4)Cl)CC5=CC(=CC=C5)OC,,,,4.800000874803203
CC1=NC2=CN=C(N=C2N(C1=O)C3=CC=C(C=C3)OC)OC4=CC=C(C=C4)OC,4.801342913045577,4.40000018605658,,5.399996913372259
C1C[C@@]2(CCN(C2)C(=O)NC3=CC=CC(=C3)C#N)CN(C1)S(=O)(=O)C4=CC=CC=C4,4.600326278518962,4.40000018605658,4.40000018605658,5.499996931948306
C1COCCN1C2=NC=C3C(=N2)N(C(=O)C(=N3)C4=CC=CC=C4)CCC5=CC=CC=C5,4.899629454882437,5.0999990348465305,,4.499999678657065
CN1CCN(CC1)C2=NC=NC3=C2C=C(C=C3)C4=CC=CC(=C4)C#N,5.8996294548824375,,,4.59999938302362
C1CC1N2C3=NC=NC=C3N=C(C2=O)C4=CC=CC=C4,5.698970004336019,,,
CC1=CC(=CC=C1)CNC2=NC(=NC=C2)C3=CC=C(C=C3)C(=O)N(C)C,4.600326278518962,,,
C1=CC=C(C=C1)CCC2=NC3=CN=CN=C3N(C2=O)C4=CC=CC=C4,4.801342913045577,4.59999938302362,4.59999938302362,5.299997602857746
CN1C2=NC(=NC=C2N=C(C1=O)C3=CC=CS3)OCC4=CC=CC=C4,5.100179497572904,,,
C1C[C@@]2(CCN(C2)C3=CC=NC=C3)CN(C1)C(=O)C4=NC=CN=C4,,,,5.499996931948306
C1CN(CCC12CN(C2)CC3=CC=NC=C3)C(=O)C4=CSN=N4,5.0,5.0,5.0999990348465305,4.800000874803203
COC(=O)N1CCC2(CCN(CC2)C3=CC=CC=C3)CC1,,,,4.499999678657065
C1=CC=C(C=C1)NC2=NC=NC3=C2C=C(C=C3)C4=CN=CC=C4,7.100179497572904,,,5.599997654072044
COCCNC1=NC=NC2=C1C=C(C=C2)C3=CC=CC=C3OC,5.698970004336019,,4.40000018605658,4.800000874803203
COC1=CC=CC=C1C2=CC3=C(C=C2)N=CN=C3NCC4=CN=CC=C4,6.100179497572904,,5.0999990348465305,6.199970640755866
C1COCCN1C2=NC=C3C(=N2)N(C(=O)C(=N3)C4=CC=C(C=C4)F)C5=CC=CC=C5,5.698970004336019,,,
C1=CC=C(C=C1)NC2=NC(=NC3=CC=CC=C32)C4=CN=CC=C4,6.400116927926312,,,4.899998417198648
C1CC2(CCN(CC2)C(=O)C3=NC=CN=C3)CN(C1)C4=CC=CC=C4,,4.40000018605658,,5.799998134593398
CC1=NC2=CN=C(N=C2N(C1=O)CCOC)N3CCNCC3,5.0,,,
CC1=CC=CC=C1C2=CC3=C(C=C2)N=CN=C3NC,6.0,,5.399996913372259,4.800000874803203
C1CN(CCC12CN(C2)C3=CC=NC=C3)C(=O)C4=CC(=CC=C4)F,,5.299997602857746,,
CN1CCN(CC1)C2=NC=NC=C2C3=CC=C(C=C3)C(=O)N(C)C,4.801342913045577,,6.599980364934842,4.800000874803203
CC1=NC2=CN=C(N=C2N(C1=O)CC3=CC(=CC=C3)OC)OC4=CC=CC=C4,4.801342913045577,5.0999990348465305,,5.199998172182031
CN(C)C1=NC=C2C(=N1)N(C(=O)C=N2)C[C@H]3CCCO3,5.400116927926312,,,
C1=CC=C(C(=C1)C2=CC(=NC=N2)NCC3=CC=CS3)C(F)(F)F,5.400116927926312,,4.59999938302362,
CC1=C(C(=NO1)C)C2=NC3=CC=CC=C3C(=N2)NC4=CC=C(C=C4)F,6.600326278518962,,,
COC1=NC=C2C(=N1)N(C(=O)C(=N2)C3=CC=CS3)CC4=CC=C(C=C4)F,5.5003129173815966,,6.400007822415902,5.499996931948306
COC1=CC=CC(=C1)C2=NC=CC(=N2)NC3CCNCC3,5.199970640755866,,,
CN(C)C(=O)C1=CC=C(C=C1)C2=CC(=NC=N2)N(C)CC3=CC=CO3,4.600326278518962,,,
C1CN(CCN1)C2=NC=NC3=C2C=C(C=C3)C4=CC=CC=C4C#N,5.400116927926312,,,4.499999678657065
COCC(=O)N1CCC2(CC1)CN(C2)C3=CC=CC(=C3)C4=CC=CC=C4,4.899629454882437,,,
C1CN(CCC12CN(C2)CC3=CC(=CC(=C3)C(F)(F)F)C(F)(F)F)C(=O)C4=CSN=N4,,,4.899998417198648,
CN1CCN(CC1)C2=NC(=NC3=CC=CC=C32)C4=CC(=CC=C4)OC,6.0,,5.0999990348465305,4.800000874803203
CN(C)C(=O)C1=CC=C(C=C1)C2=NC=CC(=N2)NCC3=C(C=C(C=C3)OC)OC,4.899629454882437,,,5.399996913372259
COC1=CC2=C(C=C1)NC=C2CCNC3=NC=NC4=C3C=C(C=C4)C5=CC=CC=C5C#N,5.400116927926312,6.50003813440381,5.0999990348465305,5.699991797446187
CC1=C(C(=NO1)C)C(=O)N2CCC[C@]3(C2)CCN(C3)C(=O)NC4=CC=CC(=C4)C#N,4.899629454882437,,,4.800000874803203
COC1=CC=C(C=C1)C2=NC3=CN=C(N=C3N(C2=O)CCC#N)OC4=CC(=CC=C4)Cl,5.801342913045578,,,
COC1=CC=C(C=C1)NC(=O)N2CCCC3(C2)CCN(CC3)C(=O)C4=CC(=CC=C4)F,,,,4.800000874803203
CC1=NC2=CN=C(N=C2N(C1=O)C)NC3=CC=CC=C3,5.8996294548824375,4.700000503883016,4.40000018605658,4.800000874803203
CC1=C(C(=NO1)C)C2=CC(=NC=N2)N3CCNCC3,4.899629454882437,,,
CN1CCN(CC1)C2=NC=NC=C2C3=COC=C3,4.500312917381596,,4.499999678657065,5.0999990348465305
CC1=NC2=CN=C(N=C2N(C1=O)C3=CC=C(C=C3)OC)NC4=CC=CC=C4,5.300162274132754,4.700000503883016,,4.899998417198648
CC1=CC=CC=C1C2=NC3=CC=CC=C3C(=N2)NCCN4CCOCC4,4.801342913045577,,4.499999678657065,4.899998417198648
CN1C2=NC(=NC=C2N=C(C1=O)C3=CC=C(C=C3)OC)N4CCNCC4,4.899629454882437,,,4.499999678657065
CC1=C(C(=NO1)C)C(=O)N2CCC3(CCCN(C3)C(=O)NC4=CC=CC=C4)CC2,4.899629454882437,,,
C1CC2(CCN(CC2)C(=O)C3=CSN=N3)CN(C1)C(=O)NC4=CC=CC=C4,4.600326278518962,,4.40000018605658,4.800000874803203
CC1=C(C(=NO1)C)C2=NC3=CC=CC=C3C(=N2)NC4CCNCC4,5.300162274132754,,,
CC1=C(C(=NO1)C)C2=CC3=C(C=C2)N=CN=C3NC4=CC=C(C=C4)F,5.400116927926312,,4.40000018605658,4.800000874803203
COC1=CC=C(C=C1)N2C(=O)C=NC3=CN=C(N=C32)OC,4.698970004336019,,,
COC1=CC=C(C=C1)C2=NC3=CN=C(N=C3N(C2=O)C4CC4)N5CCOCC5,4.899629454882437,,,
CC(=O)NCCNC1=NC(=NC2=CC=CC=C21)C3=CC=CC=C3CN(C)C,4.500312917381596,,5.0,
CS(=O)(=O)N1CCC2(CCCN(C2)CC3=CC=CC=C3)CC1,,,7.100179497572904,
CN(C)C(=O)C1=CC=C(C=C1)C2=CN=CN=C2NCCC3=CN=CN3,4.899629454882437,,6.100015437450609,5.199998172182031
CC1=CC=CC=C1C2=CN=CN=C2NCC3=CC=CC=C3OC,5.100179497572904,,5.0,6.400007822415902
CN(C)C1=NC=C2C(=N1)N(C(=O)C(=N2)C3=CC=C(C=C3)Cl)C[C@H]4CCCO4,5.400116927926312,,5.799998134593398,
CN1C2=NC(=NC=C2N=C(C1=O)C3=CC=CC=C3)OC4=CC=CC=C4,5.698970004336019,4.899998417198648,,5.599997654072044
C1CN(CCC12CCN(CC2)C(=O)C3=NC=CN=C3)CC4=CC=CC=C4,,,5.299997602857746,
COC(=O)N1CCC2(CCCN(C2)CC3=NC=CS3)CC1,,,4.899998417198648,4.800000874803203
CN1CCN(CC1)C2=NC=C3C(=N2)N(C(=O)C(=N3)C4=CC=CS4)CC5=CC(=CC=C5)OC,5.300162274132754,5.699991797446187,,4.899998417198648
COC1=CC=C(C=C1)C2=NC3=CN=C(N=C3N(C2=O)C4CC4)N5CCNCC5,5.199970640755866,5.0999990348465305,,5.0
COC1=CC=CC(=C1)C2=CC(=NC=N2)NCC3=CC=CC=C3OC,5.8996294548824375,,4.800000874803203,4.800000874803203
CS(=O)(=O)N1CCC2(CCCN(C2)C3=CC=CC=N3)CC1,4.600326278518962,,4.59999938302362,4.800000874803203
CC1=CC=CC=C1C2=NC3=CC=CC=C3C(=N2)N4CCN(CC4)C,5.400116927926312,,4.700000503883016,4.700000503883016
C1C[C@@]2(CCN(C2)C(=O)NC3=CC=CC=C3)CN(C1)C(=O)C4=CSN=N4,4.500312917381596,,,5.0
C1CN(CCC12CCN(CC2)C(=O)C3=CC(=CC=C3)F)C(C4=CC=CC=C4)C5=CC=CC=C5,5.0,4.40000018605658,5.499996931948306,5.299997602857746
CS(=O)(=O)NC1=CC=CC(=C1)C2=NC3=CC=CC=C3C(=N2)NC4=CC=CC=C4,6.100179497572904,,5.0,5.0
C1CN(CCC12CN(C2)C3=CC=CC=C3)S(=O)(=O)C4=CC=CC=C4,4.899629454882437,,,4.899998417198648
C1=CC(=CC(=C1)Cl)C2=NC3=CN=CN=C3N(C2=O)CC4=CC=C(C=C4)F,6.0,5.299997602857746,,4.800000874803203
COC1=CC=CC=C1CNC2=NC=NC=C2C3=CC(=CC=C3)NS(=O)(=O)C,4.801342913045577,,4.899998417198648,6.599980364934842
CN1CCN(CC1)C2=NC=NC=C2C3=CC=C(C=C3)N(C)C,4.899629454882437,7.500312917381596,5.0,5.699991797446187
CC(C)NC(=O)N1CC2(C1)CCN(CC2)C(=O)C3=CC=NC=C3,,,,7.100179497572904
COC1=CC=CC(=C1)CN2C3=NC=NC=C3N=C(C2=O)C4=CC(=CC=C4)Cl,5.600326278518962,5.0,,5.0999990348465305
C1CC2(CCN(CC2)C(=O)C3=CC(=CC(=C3)C(F)(F)F)C(F)(F)F)CN(C1)CC4=CC=NC=C4,,5.0999990348465305,,5.0
CC1=C(C(=NO1)C)C(=O)N2CCC[C@]3(C2)CCN(C3)C(=O)NC4=CC(=CC=C4)F,,,,5.299997602857746
C1COCCN1C2=NC=C3C(=N2)N(C(=O)C(=N3)CCC4=CC=CC=C4)CCC#N,5.5003129173815966,,,7.899629454882437
C1=CC(=CC(=C1)C2=NC=CC(=N2)NCC3=CN=CC=C3)C#N,6.600326278518962,,,6.100015437450609
CC(=O)N1CCC2(CCN(CC2)C3=CC=CC(=C3)C4=CC=CC=C4)CC1,5.400116927926312,,4.499999678657065,
C1COCCN1CCNC2=NC=NC3=C2C=C(C=C3)C4=CC=CC=C4Cl,5.300162274132754,,5.0,5.299997602857746
COC1=CC=C(C=C1)OC2=NC=C3C(=N2)N(C(=O)C(=N3)C4=CC=CC=C4)C[C@H]5CCCO5,5.801342913045578,4.59999938302362,,6.0
C1CNCCC12CN(C2)C3=CC=CC(=C3)C4=CC=CC=C4,4.899629454882437,,4.700000503883016,
CC1=NC2=CN=C(N=C2N(C1=O)C3CC3)N(C)C,5.400116927926312,4.800000874803203,,
CC1=CC(=CC=C1)CNC2=NC(=NC=C2)C3=CC(=CC=C3)NS(=O)(=O)C,5.698970004336019,,4.40000018605658,5.199998172182031
COC1=CC=CC=C1C2=CC3=C(C=C2)N=CN=C3NC4=CC=CC=C4,5.600326278518962,5.900008766455316,5.0,4.899998417198648
CC1=NC2=CN=C(N=C2N(C1=O)C)OCC3=CC=CC=C3,5.300162274132754,,,
C1=CC=C(C=C1)CCC2=NC3=CN=CN=C3N(C2=O)CC4=CC=CC=C4Cl,4.899629454882437,4.800000874803203,,4.800000874803203
COCCNC1=NC=NC2=C1C=C(C=C2)C3=COC=C3,4.801342913045577,,,
C1C[C@@]2(CCN(C2)C3=CC=NC=C3)CN(C1)C(=O)C4=CSN=N4,,,5.0,5.399996913372259
COC1=CC=CC(=C1)C2=CC(=NC=N2)NCC3=CC=CC=C3,5.698970004336019,,4.899998417198648,4.59999938302362
CN1C=CC=C1C(=O)N2CCC3(CCCN(C3)C4=CC=CC(=C4)C5=CC=CC=C5)CC2,4.801342913045577,5.399996913372259,,5.0
CC(C)NC(=O)N1CCCC2(C1)CCN(CC2)C(=O)C3=CC=CN3C,,,,4.59999938302362
C1CN(CCC12CN(C2)C3=CC=CC=C3)C(=O)C4=CSN=N4,,,4.800000874803203,
CN(C)C1=CC=C(C=C1)C2=NC3=CC=CC=C3C(=N2)N4CCNCC4,5.0,,4.899998417198648,4.499999678657065
C1C[C@@]2(CCN(C2)C3=NC=CC=N3)CN(C1)C(=O)C4=NC=CN=C4,,,,4.800000874803203
CN1CCN(CC1)C2=NC=C3C(=N2)N(C(=O)C(=N3)C4=CN(C5=CC=CC=C54)C)CC6=CC=CS6,5.199970640755866,,,
CC1=CC=CC=C1C2=NC3=CC=CC=C3C(=N2)NC4=CC=NC=C4,6.100179497572904,,,5.199998172182031
C1C[C@@]2(CCN(C2)CC3=CC=CC=C3)CN(C1)C(=O)C4=CC=NC=C4,,,,4.800000874803203
COC1=CC=C(C=C1)N2C3=NC=NC=C3N=C(C2=O)C4=CC(=CC=C4)Cl,6.0,,,4.899998417198648
CCNC1=NC=C2C(=N1)N(C(=O)C(=N2)C3=CC=C(C=C3)Cl)C4=CC=CC=C4,6.0,,,
CN1C2=NC(=NC=C2N=C(C1=O)C3=CC=C(C=C3)Cl)OC4=CC(=CC=C4)Cl,6.600326278518962,,,5.399996913372259
CCNC1=NC=C2C(=N1)N(C(=O)C(=N2)C3=CC=CC=C3)C4=CC=C(C=C4)OC,4.801342913045577,,5.900008766455316,4.899998417198648
COC(=O)N1CCC2(CCN(CC2)CC3=CC(=CC(=C3)C(F)(F)F)C(F)(F)F)CC1,,,5.0,
CN1C=C(C2=CC=CC=C21)C3=NC4=CN=C(N=C4N(C3=O)CCC#N)N5CCNCC5,4.698970004336019,4.700000503883016,,4.800000874803203
CC(=O)NCCNC1=NC(=NC2=CC=CC=C21)C3=CC(=CC=C3)NS(=O)(=O)C,4.801342913045577,,5.0,4.800000874803203
CS(=O)(=O)NC1=CC=CC(=C1)C2=CN=CN=C2NCC3=CC=CS3,4.801342913045577,6.899974269892137,4.899998417198648,6.400007822415902
CC(=O)N1CCC[C@]2(C1)CCN(C2)C3=CC=NC=C3,,,,4.59999938302362
CC1=CN=C(C=N1)CNC2=NC=NC(=C2)C3=CN=CC=C3,4.801342913045577,,,4.800000874803203
CN(C)C1=CC=C(C=C1)C2=CC3=C(C=C2)N=CN=C3N(C)CC4=CC=CO4,6.300162274132754,,4.59999938302362,5.299997602857746
CN1C2=NC(=NC=C2N=C(C1=O)C3=CC=C(C=C3)Cl)N4CCNCC4,5.400116927926312,4.40000018605658,,4.700000503883016
CCNC1=NC=C2C(=N1)N(C(=O)C=N2)C3CC3,5.5003129173815966,4.700000503883016,,
CC(=O)NCCNC1=NC=NC(=C1)C2=CC=CC=C2C(F)(F)F,4.600326278518962,,,
CC(C)CN1CC[C@]2(C1)CCCN(C2)C(=O)C3=CC(=CC(=C3)C(F)(F)F)C(F)(F)F,4.600326278518962,,,4.899998417198648
COC1=CC=C(C=C1)C(=O)N2CCC3(CCCN(C3)C4=CC=CC=N4)CC2,4.801342913045577,4.899998417198648,,4.899998417198648
CC1=CC(=CC=C1)CNC2=NC=NC(=C2)C3=CC(=CC=C3)OC,6.100179497572904,,4.700000503883016,5.0999990348465305
C1COCCN1C2=NC=C3C(=N2)N(C(=O)C=N3)CC4=CC=CS4,5.600326278518962,4.499999678657065,4.59999938302362,4.800000874803203
COC1=CC=C(C=C1)C(=O)N2CCC[C@]3(C2)CCN(C3)CC4=CC=CC=C4,4.899629454882437,,5.0999990348465305,5.0
CC1=C(C(=NO1)C)C(=O)N2CCC3(CC2)CCN(CC3)C(=O)NC4=CC=CC=C4,,,4.899998417198648,4.700000503883016
COC1=CC=C(C=C1)N2C3=NC(=NC=C3N=C(C2=O)C4=CC=C(C=C4)Cl)N5CCNCC5,4.899629454882437,,,
CCNC1=NC=C2C(=N1)N(C(=O)C(=N2)C3=CC(=CC(=C3)F)F)C[C@H]4CCCO4,5.5003129173815966,,6.79997073344623,4.800000874803203
COC1=CC(=C(C=C1)CNC2=NC=NC3=C2C=C(C=C3)C4=CC(=CC=C4)NS(=O)(=O)C)OC,5.100179497572904,6.299988937677887,5.0,5.699991797446187
C1=CC=C(C=C1)NC2=NC=NC(=C2)C3=COC=C3,4.801342913045577,,4.700000503883016,
C1C[C@@]2(CCN(C2)CC3=CC=C(C=C3)C#N)CN(C1)C(=O)C4=NC=CN=C4,4.698970004336019,,4.700000503883016,5.0999990348465305
C1COCCN1C2=NC=C3C(=N2)N(C(=O)C(=N3)C4=CC=CC=C4)C5=CC=CC=C5,4.899629454882437,,,4.700000503883016
C1C[C@@H](OC1)CN2C3=NC(=NC=C3N=C(C2=O)C4=CC=CC=C4)OC5=CC=CC=C5,6.0,4.800000874803203,,4.899998417198648
CC1=CN=C(C=N1)CNC2=NC=NC(=C2)C3=CC(=CC=C3)OC,5.300162274132754,,4.59999938302362,4.59999938302362
CC1=NC2=CN=C(N=C2N(C1=O)C3=CC=C(C=C3)OC)OC4=CC=CC=C4,5.100179497572904,,,4.800000874803203
COC1=CC=C(C=C1)NC(=O)N2CCCC3(C2)CCN(CC3)S(=O)(=O)C4=CC=CC=C4,,4.700000503883016,4.800000874803203,5.0999990348465305
C1=CC=C(C=C1)N2C3=NC=NC=C3N=C(C2=O)C4=CC(=CC=C4)F,5.0,4.800000874803203,,4.700000503883016
C1=CC=C(C=C1)CNC2=NC(=NC3=CC=CC=C32)C4=COC=C4,6.199970640755866,,5.0,4.899998417198648
COC1=CC=C(C=C1)NC(=O)N2CCC3(CC2)CCN(CC3)S(=O)(=O)C,,4.800000874803203,,
COC1=NC=C2C(=N1)N(C(=O)C(=N2)C3=CC=C(C=C3)Cl)C4=CC=CC=C4,5.801342913045578,,,
CN(C)C(=O)C1=CC=C(C=C1)C2=CC3=C(C=C2)N=CN=C3NCC4=CC=CC=C4OC,4.899629454882437,,4.40000018605658,5.0
COC1=CC=CC(=C1)C2=CC3=C(C=C2)N=CN=C3NCC4=CC=CS4,6.300162274132754,6.199970640755866,5.0,5.0999990348465305
CN1CC[C@]2(C1)CCCN(C2)C(=O)C3=CSN=N3,,,4.40000018605658,
COC1=CC=C(C=C1)NC(=O)N2CC[C@]3(C2)CCCN(C3)C(=O)OC4=CC=CC=C4,,4.59999938302362,5.199998172182031,4.40000018605658
CN(C)C(=O)C1=CC=C(C=C1)C2=CC(=NC=N2)NC3=CC=CC=C3,4.899629454882437,5.900008766455316,,
COC1=CC=CC=C1CNC2=NC=NC=C2C3=CC=CC(=C3)C#N,5.0,,4.800000874803203,6.50003813440381
COC1=CC=CC=C1C2=CN=CN=C2NC3=CC=CC=C3,5.100179497572904,,4.700000503883016,6.79997073344623
COC1=CC=CC(=C1)C2=NC3=CC=CC=C3C(=N2)NCC4=CC=CC=C4,5.5003129173815966,5.900008766455316,4.700000503883016,4.899998417198648
C1CN(CCN1)C2=NC=C3C(=N2)N(C(=O)C(=N3)C4=CC(=CC(=C4)F)F)CC5=CC=CS5,5.600326278518962,5.399996913372259,,5.0
COC1=NC=C2C(=N1)N(C(=O)C(=N2)C3=CC(=CC(=C3)F)F)CC4=CC=CS4,5.698970004336019,4.899998417198648,4.899998417198648,5.0999990348465305
C1C[C@@]2(CCN(C2)CC3=CC=NC=C3)CN(C1)C(=O)C4=CC=CO4,5.400116927926312,5.499996931948306,4.899998417198648,4.800000874803203
COC1=CC=C(C=C1)C2=NC3=CN=C(N=C3N(C2=O)C4=CC=CC=C4)N5CCNCC5,5.300162274132754,,,5.599997654072044
CC(C)NC(=O)N1CCCC2(C1)CCN(CC2)C(=O)OC3=CC=CC=C3,4.899629454882437,4.899998417198648,,4.59999938302362
CC1=CN=C(C=N1)CNC2=NC=NC=C2C3=CC(=CC=C3)NS(=O)(=O)C,4.500312917381596,,,5.499996931948306
CCNC1=NC=C2C(=N1)N(C(=O)C(=N2)C3=CC=CC=C3)CC4=CC(=CC=C4)OC,4.801342913045577,,,5.0
COC1=CC=C(C=C1)C(=O)N2CCC3(CC2)CN(C3)C4=CC=CC=N4,,,,5.0
CC1=CC=CC=C1C2=CC3=C(C=C2)N=CN=C3N4C=CN=C4,6.100179497572904,6.100015437450609,4.59999938302362,6.299988937677887
C1CC1NC2=NC=NC3=C2C=C(C=C3)C4=CC=CC=C4C(F)(F)F,6.5003129173815966,,4.700000503883016,5.799998134593398
CS(=O)(=O)N1CCC2(CCN(CC2)C3=CC=NC=C3)CC1,4.899629454882437,,4.59999938302362,
CN1CCN(CC1)C2=NC=C3C(=N2)N(C(=O)C(=N3)C4=CC(=CC(=C4)F)F)CC5=CC(=CC=C5)OC,,,,4.59999938302362
CN(C)C1=NC=C2C(=N1)N(C(=O)C(=N2)C3=CC=C(C=C3)F)CC4=CC=CS4,6.0,,,4.59999938302362
COCCN1C(=O)C=NC2=CN=C(N=C21)OC,4.899629454882437,,,
CCNC1=NC=C2C(=N1)N(C(=O)C(=N2)C3=CN(C4=CC=CC=C43)C)CCC#N,5.300162274132754,,5.399996913372259,4.899998417198648
CN1CCN(CC1)C2=NC=C3C(=N2)N(C(=O)C(=N3)C4=CC=CC(=C4)C#N)C[C@H]5CCCO5,4.801342913045577,4.59999938302362,,
CN1C=CC=C1C(=O)N2CCC3(CC2)CN(C3)C(C4=CC=CC=C4)C5=CC=CC=C5,4.500312917381596,4.40000018605658,5.499996931948306,4.800000874803203
C1CN(CCC12CCN(CC2)C(=O)OC3=CC=CC=C3)C4=NC=CC=N4,,4.800000874803203,,5.199998172182031
C1=CC=C(C(=C1)C2=NC3=CC=CC=C3C(=N2)NCC4=CC=CS4)C(F)(F)F,5.698970004336019,,4.59999938302362,5.399996913372259
COC1=CC=CC(=C1)NC2=NC=C3C(=N2)N(C(=O)C(=N3)C4=CC(=CC(=C4)F)F)C5CC5,5.199970640755866,,,
CN1C=CC=C1C(=O)N2CCC3(CCN(CC3)CC4=CC=NC=C4)CC2,4.801342913045577,5.0,,4.899998417198648
CN1C=C(C2=CC=CC=C21)C3=NC4=CN=CN=C4N(C3=O)C5=CC=CC=C5,5.801342913045578,,,5.0
C1=CC(=CN=C1)CNC2=NC=NC3=C2C=C(C=C3)C4=COC=C4,6.5003129173815966,,4.59999938302362,5.799998134593398
C1CC2(CCNCC2)CN(C1)C3=CC=CC(=C3)C4=CC=CC=C4,4.899629454882437,4.40000018605658,5.0,4.800000874803203
CC1=C(C(=NO1)C)C(=O)N2CCC[C@]3(C2)CCN(C3)CC4=CC=CC=C4,,,5.0999990348465305,4.899998417198648
CC1=CC=CC=C1C2=CC3=C(C=C2)N=CN=C3NCC4=NC=C(N=C4)C,5.199970640755866,,4.700000503883016,5.399996913372259
COCC(=O)N1CCC[C@]2(C1)CCN(C2)C3=NC=CC=N3,,,4.800000874803203,
CC1=C(C(=NO1)C)C(=O)N2CCC3(CCCN(C3)C4=CC=NC=C4)CC2,,,,4.499999678657065
C1=CC=C(C=C1)CCC2=NC3=CN=C(N=C3N(C2=O)CCC#N)OC4=CC=CC=C4,4.899629454882437,5.0999990348465305,,5.599997654072044
C1CC2(CCN(CC2)S(=O)(=O)C3=CC=CC=C3)CN(C1)C4=CC=CC=N4,5.100179497572904,6.0,4.899998417198648,5.0999990348465305
C1=CC=C(C=C1)C2=NC3=CN=C(N=C3N(C2=O)CCC#N)OC4=CC=CC=C4,6.0,4.800000874803203,,
C1=CC=C(C(=C1)C2=NC=CC(=N2)N3C=CN=C3)Cl,6.801342913045577,,5.0999990348465305,5.900008766455316
CC1=CC=CC=C1C2=CC3=C(C=C2)N=CN=C3N4CCN(CC4)C,5.5003129173815966,,,5.399996913372259
C1CC2(CCN(CC2)C(=O)OC3=CC=CC=C3)CN(C1)C4=CC=CC=C4,4.801342913045577,4.899998417198648,,4.499999678657065
CN1CCN(CC1)C2=NC=C3C(=N2)N(C(=O)C(=N3)C4=CC=C(C=C4)Cl)C5CC5,4.801342913045577,,,5.199998172182031
COC1=CC=CC=C1C2=CC3=C(C=C2)N=CN=C3N4CCNCC4,5.5003129173815966,,,4.800000874803203
COC1=CC=C(C=C1)OC2=NC=C3C(=N2)N(C(=O)C(=N3)CCC4=CC=CC=C4)CCC#N,5.199970640755866,5.0,,5.799998134593398
C1C[C@@]2(CCN(C2)CC3=CC=C(C=C3)C#N)CNC1,4.600326278518962,,,4.499999678657065
COC1=CC=CC(=C1)NC2=NC=C3C(=N2)N(C(=O)C(=N3)C4=CC=C(C=C4)F)C[C@H]5CCCO5,5.5003129173815966,5.499996931948306,,5.499996931948306
COC1=CC=CC=C1C2=CN=CN=C2NCC3=CN=CC=C3,5.199970640755866,,4.40000018605658,6.299988937677887
CCNC1=NC=C2C(=N1)N(C(=O)C(=N2)C3=CC(=CC(=C3)F)F)CCC#N,6.100179497572904,,7.199970640755866,
C1CC2(CCNCC2)CN(C1)C(C3=CC=CC=C3)C4=CC=CC=C4,5.100179497572904,,5.0999990348465305,5.900008766455316
COC1=CC=CC=C1CCN2C3=NC=NC=C3N=C(C2=O)C4=CC=C(C=C4)Cl,6.199970640755866,5.399996913372259,,5.399996913372259
CN1C2=NC(=NC=C2N=C(C1=O)C3=CC=CC=C3)OCC4=CC=CC=C4,5.801342913045578,4.700000503883016,,4.40000018605658
CN(CC1=CC=CO1)C2=NC(=NC=C2)C3=CC=CC(=C3)C#N,6.400116927926312,6.199970640755866,4.700000503883016,4.899998417198648
C1=CC=C(C=C1)N2C3=NC=NC=C3N=C(C2=O)C4=CC=C(C=C4)F,5.100179497572904,,4.700000503883016,4.899998417198648
CS(=O)(=O)N1CCC2(CC1)CN(C2)C(C3=CC=CC=C3)C4=CC=CC=C4,,,5.599997654072044,4.800000874803203
CN(CC1=CC=CO1)C2=NC=NC=C2C3=COC=C3,4.801342913045577,,4.40000018605658,5.499996931948306
C1COCCN1C2=NC=C3C(=N2)N(C(=O)C(=N3)C4=CC(=CC(=C4)F)F)CCC#N,5.5003129173815966,,,4.700000503883016
C1=CC=C2C(=C1)C(=NC(=N2)C3=COC=C3)N4C=CN=C4,6.300162274132754,,4.700000503883016,6.700057099977233
CN1C=CC=C1C(=O)N2CCC3(CCN(CC3)C4=NC=CC=N4)CC2,,,,4.899998417198648
CN(CC1=CC=CO1)C2=NC=NC(=C2)C3=CC(=CC=C3)OC,6.100179497572904,,4.800000874803203,4.59999938302362
CC(=O)N1CCC2(CCN(CC2)CC3=CC=C(C=C3)C#N)CC1,4.899629454882437,5.599997654072044,,
C1OC2=C(O1)C=C(C=C2)C3=CN=CN=C3NCC4=CC=CS4,6.698970004336019,6.50003813440381,5.0,
COCCNC1=NC=NC2=C1C=C(C=C2)C3=CC=CC=C3C(F)(F)F,5.801342913045578,,4.40000018605658,4.800000874803203
CCNC1=NC=C2C(=N1)N(C(=O)C(=N2)C3=CC(=CC(=C3)F)F)CCOC,5.5003129173815966,,6.50003813440381,5.0999990348465305
CN1C2=NC(=NC=C2N=C(C1=O)C3=CC=C(C=C3)OC)OC4=CC=C(C=C4)OC,5.5003129173815966,,,5.399996913372259
CN(C)C1=NC=C2C(=N1)N(C(=O)C(=N2)C3=CC=C(C=C3)Cl)C4=CC=C(C=C4)OC,5.0,,5.599997654072044,4.899998417198648
C1CN(CCC12CCN(CC2)C(=O)NC3=CC=CC(=C3)C#N)C(=O)C4=CC(=CC=C4)F,,,,5.0999990348465305
C1CC2(CCN(CC2)C(=O)OC3=CC=CC=C3)CN(C1)C(=O)NC4=CC=CC(=C4)C#N,4.801342913045577,4.59999938302362,,4.899998417198648
C1=CC=C2C(=C1)C(=NC(=N2)C3=CN=CC=C3)NCC4=CN=CC=C4,6.5003129173815966,,4.700000503883016,6.0
COC1=CC2=C(C=C1)NC=C2CCNC3=NC=NC4=C3C=C(C=C4)C5=COC=C5,6.5003129173815966,6.400007822415902,5.299997602857746,5.399996913372259
CS(=O)(=O)N1CCC2(CCN(CC2)C3=CC=CC(=C3)C4=CC=CC=C4)CC1,,4.499999678657065,,
CC1=C(C(=NO1)C)C2=NC3=CC=CC=C3C(=N2)NC4=CC=NC=C4,7.0,,4.899998417198648,6.50003813440381
C1CN(CCN1)C2=NC=NC(=C2)C3=CC=CC=C3C(F)(F)F,5.300162274132754,,,
COC1=CC=CC=C1CNC2=NC=NC=C2C3=CC=CC=C3C(F)(F)F,4.801342913045577,,5.699991797446187,7.100179497572904
CC(=O)N1CCC[C@]2(C1)CCN(C2)C3=CC=CC=C3,,,,4.59999938302362
C1CN(CCN1)C2=NC=C3C(=N2)N(C(=O)C(=N3)C4=CC=CC=C4)CC5=CC=C(C=C5)F,4.698970004336019,5.0,,5.499996931948306
CC(=O)N1CCC[C@]2(C1)CCN(C2)CC3=CC=C(C=C3)C#N,,,4.899998417198648,4.800000874803203
CN1C2=NC(=NC=C2N=C(C1=O)C3=CC=C(C=C3)OC)N(C)C,5.5003129173815966,,,
COC1=CC=CC=C1CNC2=NC=NC3=C2C=C(C=C3)C4=CC=CC=C4OC,6.0,6.100015437450609,4.899998417198648,5.199998172182031
COC1=CC=C(C=C1)C2=NC3=CN=C(N=C3N(C2=O)CCC#N)N4CCOCC4,5.5003129173815966,,,
COC1=CC=CC=C1CNC2=NC=NC3=C2C=C(C=C3)C4=CC5=C(C=C4)OCO5,6.100179497572904,6.400007822415902,6.100015437450609,5.900008766455316
C1CN(CCN1)C2=NC=C3C(=N2)N(C(=O)C(=N3)C4=CC(=CC(=C4)F)F)CCC5=CC=CC=C5,4.698970004336019,6.100015437450609,4.700000503883016,4.800000874803203
CN(C)C(=O)C1=CC=C(C=C1)C2=CN=CN=C2NCCC3=CNC4=C3C=C(C=C4)OC,4.698970004336019,6.400007822415902,4.800000874803203,6.0
CC(C)NC(=O)N1CC2(C1)CCN(CC2)C(=O)C3=CC=CO3,,,4.899998417198648,
CC1=C(C(=NO1)C)C2=NC=CC(=N2)NC3CC3,7.0,7.0,4.499999678657065,5.599997654072044
C1=CC=C(C=C1)CNC2=NC=NC(=C2)C3=COC=C3,4.600326278518962,,4.59999938302362,4.899998417198648
C1=CC=C(C=C1)CNC2=NC=NC=C2C3=CC=CC=C3C(F)(F)F,4.500312917381596,,4.59999938302362,6.899974269892137
C1CC2(CCN(CC2)C(=O)C3=CSN=N3)CN(C1)CC4=CC(=CC(=C4)C(F)(F)F)C(F)(F)F,4.899629454882437,4.40000018605658,,4.800000874803203
CN(C)C1=NC=C2C(=N1)N(C(=O)C(=N2)C3=CC(=CC(=C3)F)F)C4CC4,4.899629454882437,,,
COC1=CC=CC=C1CCN2C3=NC=NC=C3N=C(C2=O)CCC4=CC=CC=C4,5.100179497572904,5.0999990348465305,4.59999938302362,5.499996931948306
COC1=CC=CC(=C1)C2=NC3=CC=CC=C3C(=N2)NC4=CC=NC=C4,6.100179497572904,,4.59999938302362,5.599997654072044
CC1=CC(=CC=C1)CNC2=NC(=NC=C2)C3=CC=CC(=C3)C#N,6.400116927926312,6.100015437450609,4.59999938302362,5.900008766455316
C1=CC(=CC(=C1)C2=NC3=CN=C(N=C3N(C2=O)CCC#N)OC4=CC(=CC=C4)Cl)C#N,,4.899998417198648,,
COC1=CC=C(C=C1)NC2=NC=C3C(=N2)N(C(=O)C(=N3)C4=CC=CS4)CC5=CC(=CC=C5)OC,,4.40000018605658,,
C1=CC=C(C=C1)NC2=NC=NC=C2C3=CC=CC=C3C(F)(F)F,4.600326278518962,,4.40000018605658,6.299988937677887
C1CC1N2C3=NC(=NC=C3N=C(C2=O)C4=CC=C(C=C4)F)N5CCNCC5,5.600326278518962,6.0,,4.800000874803203
CN1C2=NC(=NC=C2N=C(C1=O)C3=CC=CS3)OC4=CC=CC=C4,5.100179497572904,4.700000503883016,,
CN1CCN(CC1)C2=NC=C3C(=N2)N(C(=O)C(=N3)C4=CN(C5=CC=CC=C54)C)CCC6=CC=CC=C6,,,,4.800000874803203
CN(C)C1=NC=C2C(=N1)N(C(=O)C(=N2)C3=CC=CC=C3)CCOC,5.5003129173815966,4.700000503883016,4.899998417198648,4.40000018605658
CN(C)C(=O)C1=CC=C(C=C1)C2=CN=CN=C2NC3=CC=CC=C3,4.500312917381596,,,5.299997602857746
C1CC2(CCN(CC2)C(=O)C3=CC(=CC=C3)F)CN(C1)C(C4=CC=CC=C4)C5=CC=CC=C5,5.199970640755866,5.499996931948306,5.0,
CC(C)NC(=O)N1CCCC2(C1)CCN(CC2)C(=O)C3=CC(=CC(=C3)C(F)(F)F)C(F)(F)F,,,,4.59999938302362
C1CN(CCC12CCN(CC2)C(=O)C3=CC=CO3)CC4=CC=NC=C4,4.698970004336019,5.0999990348465305,5.0,4.899998417198648
CCNC1=NC=C2C(=N1)N(C(=O)C(=N2)C3=CC=CS3)CC4=CC=C(C=C4)F,5.0,4.499999678657065,4.499999678657065,4.800000874803203
CN1C=C(C2=CC=CC=C21)C3=NC4=CN=C(N=C4N(C3=O)CCOC)N5CCOCC5,4.600326278518962,,,
COC1=CC=C(C=C1)C2=NC3=CN=C(N=C3N(C2=O)CCC#N)OCC4=CC=CC=C4,,,,5.0
COC1=CC=C(C=C1)C(=O)N2CCC3(CCCN(C3)C4=CC=CC=C4)CC2,,5.0,,4.899998417198648
CN(C)C1=NC=NC2=C1C=C(C=C2)C3=COC=C3,6.100179497572904,,5.0,4.899998417198648
CN(C)C1=CC=C(C=C1)C2=CC3=C(C=C2)N=CN=C3NCC4=C(C=C(C=C4)OC)OC,5.600326278518962,6.400007822415902,4.59999938302362,5.399996913372259
CC1=C(C(=NO1)C)C2=CN=CN=C2NCC3=CC=CC=C3,4.600326278518962,,,5.699991797446187
CC1=CN=C(C=N1)CNC2=NC(=NC=C2)C3=CC=CC=C3C(F)(F)F,4.801342913045577,,,
COC1=NC=C2C(=N1)N(C(=O)C(=N2)C3=CC=CC=C3)CCC4=CC=CC=C4,5.8996294548824375,5.599997654072044,,4.899998417198648
C1CN(CCC12CN(C2)CC3=CC(=CC(=C3)C(F)(F)F)C(F)(F)F)C(=O)C4=NC=CN=C4,,,6.400007822415902,
C1CN(CCC12CCN(CC2)C(=O)C3=CC(=CC(=C3)C(F)(F)F)C(F)(F)F)C4=CC=CC=C4,,,,5.0999990348465305
C1=CC=C(C=C1)CN2C3=NC=NC=C3N=C(C2=O)C4=CC(=C(C=C4)F)F,5.801342913045578,4.800000874803203,,4.800000874803203
CN1CCN(CC1)C2=NC=C3C(=N2)N(C(=O)C=N3)CCOC,4.899629454882437,,,
CC(C)CN1CCCC2(C1)CCN(CC2)C(=O)C3=CC=C(C=C3)OC,,,,4.59999938302362
COC1=CC(=C(C=C1)CNC2=NC=NC=C2C3=CC=CC=C3C(F)(F)F)OC,4.801342913045577,,6.400007822415902,6.50003813440381
C1CN(CCC12CN(C2)CC3=CC=NC=C3)C(=O)OC4=CC=CC=C4,5.0,5.499996931948306,,4.899998417198648
COC1=CC2=C(C=C1)NC=C2CCNC3=NC=NC=C3C4=CC=CC(=C4)C#N,5.0,6.299988937677887,5.399996913372259,6.0
CN(C)C1=CC=C(C=C1)C2=CN=CN=C2N(C)CC3=CC=CO3,6.199970640755866,,4.899998417198648,6.199970640755866
CC(=O)N1CCC[C@]2(C1)CCN(C2)CC3=CC=CC=C3,,,4.800000874803203,4.40000018605658
C1CN(CCC12CN(C2)C3=CC=CC=N3)S(=O)(=O)C4=CC=CC=C4,,,4.700000503883016,4.899998417198648
CC1=CC(=CC=C1)CNC2=NC=NC(=C2)C3=C(ON=C3C)C,6.0,,4.499999678657065,5.299997602857746
COC1=CC=C(C=C1)C(=O)N2CCC3(CC2)CN(C3)C(=O)NC4=CC=CC(=C4)C#N,,,,4.800000874803203
C1CC1NC2=NC=NC3=C2C=C(C=C3)C4=CC=CC=C4C#N,7.0,,4.40000018605658,5.699991797446187
C1CN(CCC12CCN(CC2)S(=O)(=O)C3=CC=CC=C3)C4=CC=CC=C4,5.100179497572904,4.40000018605658,,5.599997654072044
COC1=CC=CC(=C1)CN2C3=NC(=NC=C3N=C(C2=O)C4=CC=C(C=C4)F)N5CCNCC5,4.600326278518962,4.800000874803203,4.59999938302362,4.800000874803203
CC1=CC(=CC=C1)CNC2=NC=NC3=C2C=C(C=C3)C4=CC=C(C=C4)C(=O)N(C)C,4.801342913045577,6.100015437450609,4.59999938302362,5.699991797446187
CN(C)C(=O)C1=CC=C(C=C1)C2=CC3=C(C=C2)N=CN=C3NCCN4CCOCC4,4.600326278518962,,,4.800000874803203
CCNC1=NC=C2C(=N1)N(C(=O)C(=N2)C3=CC=C(C=C3)Cl)C4CC4,6.300162274132754,,,
COC1=CC=C(C=C1)NC(=O)N2CC[C@]3(C2)CCCN(C3)C(=O)C4=CC(=CC=C4)F,4.600326278518962,,,4.800000874803203
CC1=CC(=CC=C1)CNC2=NC=NC3=C2C=C(C=C3)C4=CN=CC=C4,6.5003129173815966,,4.899998417198648,6.0
CN(C)C1=NC=NC2=C1C=C(C=C2)C3=CC=CC(=C3)C#N,6.5003129173815966,,,4.899998417198648
CN(C)C1=NC=C2C(=N1)N(C(=O)C(=N2)C3=CC=CC=C3)CCC#N,5.801342913045578,,6.0,
CN1C2=NC(=NC=C2N=C(C1=O)C3=CC=C(C=C3)F)OCC4=CC=CC=C4,5.801342913045578,,,
COC1=CC=CC=C1CN2CC[C@]3(C2)CCCN(C3)C(=O)C4=CC=NC=C4,,,6.0,4.800000874803203
CN(C)C1=NC=C2C(=N1)N(C(=O)C(=N2)CCC3=CC=CC=C3)CC4=CC=C(C=C4)F,5.0,5.0,4.59999938302362,5.399996913372259
CN(C)C1=NC=NC2=C1C=C(C=C2)C3=CC(=CC=C3)NS(=O)(=O)C,5.8996294548824375,,,5.0999990348465305
CC1=NC2=CN=C(N=C2N(C1=O)C3=CC=CC=C3)N4CCNCC4,5.0,,,4.499999678657065
COC1=CC=CC=C1CNC2=NC=NC(=C2)C3=CC=CC=C3OC,5.600326278518962,8.301029995663981,4.700000503883016,4.800000874803203
CN1CCN(CC1)C2=NC=C3C(=N2)N(C(=O)C(=N3)C4=CC=C(C=C4)Cl)CCC#N,4.801342913045577,,,
CN1CCN(CC1)C2=NC=C3C(=N2)N(C(=O)C(=N3)C4=CC(=CC(=C4)F)F)CCOC,4.801342913045577,4.40000018605658,,
CN1CCN(CC1)C2=NC=C3C(=N2)N(C(=O)C(=N3)C4=CC=CS4)CC5=CC=CS5,4.801342913045577,5.0,,5.0
C1=CC=C(C=C1)N2C3=NC=NC=C3N=C(C2=O)C4=CC(=CC(=C4)F)F,4.899629454882437,5.0,,
COC1=CC2=C(C=C1)NC=C2CCNC3=NC(=NC=C3)C4=CC=CC=C4Cl,6.400116927926312,6.0,4.700000503883016,5.699991797446187
C1CC2(CCN(CC2)C(=O)C3=NC=CN=C3)CN(C1)C(C4=CC=CC=C4)C5=CC=CC=C5,4.698970004336019,4.899998417198648,5.0,5.799998134593398
C1CC1N2C3=NC(=NC=C3N=C(C2=O)C4=CC=C(C=C4)F)OC5=CC(=CC=C5)Cl,6.5003129173815966,6.100015437450609,,
CC(C)CN1CCCC2(C1)CCN(CC2)C(=O)C3=CC=CO3,,4.40000018605658,,4.499999678657065
CC1=C(C(=NO1)C)C2=NC=CC(=N2)N3CCNCC3,5.801342913045578,,,
CC1=C(C(=NO1)C)C2=CC3=C(C=C2)N=CN=C3N4CCC(CC4)C(=O)O,4.600326278518962,,,
CN1CCCC2(C1)CCN(CC2)C(=O)C3=NC=CN=C3,,,,4.59999938302362
CS(=O)(=O)N1CCC2(CCCN(C2)C3=CC=CC(=C3)C4=CC=CC=C4)CC1,5.199970640755866,4.499999678657065,,5.199998172182031
C1=CC(=CC(=C1)C2=CC3=C(C=C2)N=CN=C3NCC4=CN=CC=C4)C#N,7.199970640755866,6.100015437450609,5.199998172182031,5.799998134593398
CN1CCN(CC1)C2=NC=C3C(=N2)N(C(=O)C(=N3)C4=CC=C(C=C4)OC)CCC#N,,,,4.40000018605658
C1CN(CCC12CCN(CC2)C(=O)C3=CSN=N3)C(C4=CC=CC=C4)C5=CC=CC=C5,,,6.299988937677887,4.800000874803203
COC1=CC=CC=C1CN2CC3(C2)CCN(CC3)C(=O)C4=CC=NC=C4,,,6.100015437450609,5.0999990348465305
COC1=CC=CC(=C1)CN2C(=O)C=NC3=CN=C(N=C32)OCC4=CC=CC=C4,4.899629454882437,,4.40000018605658,4.899998417198648
CN1C=CC=C1C(=O)N2CCC3(CCN(CC3)C4=CC=CC=N4)CC2,4.801342913045577,4.499999678657065,,
CN(C)C1=NC=C2C(=N1)N(C(=O)C(=N2)C3=CC=C(C=C3)Cl)CC4=CC=C(C=C4)F,5.300162274132754,,,5.599997654072044
C1CC2(CCN(CC2)C(=O)C3=CC(=CC=C3)F)CN(C1)C4=CC=CC(=C4)C5=CC=CC=C5,4.801342913045577,4.899998417198648,,4.899998417198648
CN(C)C1=NC=C2C(=N1)N(C(=O)C(=N2)C3=CC=C(C=C3)F)CCC#N,5.8996294548824375,,6.299988937677887,
CC1=C(C(=NO1)C)C2=CN=CN=C2NC,4.801342913045577,,,5.399996913372259
CS(=O)(=O)NC1=CC=CC(=C1)C2=CC3=C(C=C2)N=CN=C3N4CCOCC4,4.899629454882437,,,5.0999990348465305
CN(C)C1=NC=C2C(=N1)N(C(=O)C(=N2)C3=CC=CC=C3)CCC4=CC=CC=C4,4.698970004336019,6.199970640755866,,
CC1=NC2=CN=C(N=C2N(C1=O)CC3=CC(=CC=C3)OC)N(C)C,5.5003129173815966,4.899998417198648,,4.899998417198648
C1=CC=C(C=C1)C2=C(OC(=N2)SCCN)C3=CC=CC=C3,5.5003129173815966,,,
CC1=CC(=NC(=N1)N2C(=CC(=N2)C)OC)OC,5.300162274132754,,,
C1=CC=C(C=C1)C[C@]2(C(=O)NC(=O)N2)C3=CN=CC=C3,,,,5.399996913372259
C1=CC=C(C=C1)[C@H](C2=C(C3=C(C=CC=N3)C=C2)O)NC4=CC=C(C=C4)C(=O)O,5.199970640755866,5.399996913372259,,5.699991797446187
C1=CC=C(C=C1)[C@H](C2=C(C3=C(C=CC=N3)C=C2)O)NC4=CC=CC=C4C(=O)O,5.801342913045578,5.299997602857746,,
C1=CC=C(C=C1)N[C@H](C2=CC=C(C=C2)[N+](=O)[O-])C3=C(C4=C(C=CC=N4)C=C3)O,,5.199998172182031,,
C1=CC=C2C(=C1)C=CC=N2.C(=N)=S.C(=N)=S.C(#N)S.[NH2-].[NH2-].[NH2-].[NH2-].[Cu],,5.799998134593398,,
CCN(CC)C[C@H](C1=CC2=C(C=CC3=CC=CC=C32)C=C1)O,6.100179497572904,,5.499996931948306,
C1=CC=C2C=[N+](C=CC2=C1)CC3=CC=NC4=CC=CC=C34,,,5.499996931948306,5.900008766455316
CC1=CC(=CC(=[O+]1)C)SCC(=O)C2=CC=C(C=C2)Br,5.400116927926312,5.599997654072044,5.499996931948306,5.399996913372259
C[C@@H]1CCCC(C1)(CC(=O)O)CC(=O)O,6.199970640755866,,,
C[N@+]1(CCC[C@@H]1C2=C[N+](=CC=C2)CC3=CC(=C(C=C3)Cl)Cl)CC4=CC(=C(C=C4)Cl)Cl,,,5.499996931948306,
C[C@]12CC[C@@H]3[C@@H]([C@H]1CC[C@@H]2OC(=O)CCC4CCCC4)CCC5=C3C=CC(=C5)O,,,,5.399996913372259
C1CN2CC3=CCO[C@@H]([C@@H]4[C@H]3C[C@@H]2[C@]15[C@H]4NC6=C(C(=O)C(=O)C=C56)[N+](=O)[O-])CC(=O)O,6.0,5.499996931948306,5.399996913372259,
C1=CC=C2C(=C1)C=CC(=C2O)N=NC3=C4C=CC(=CC4=C(C=C3O)S(=O)(=O)O)[N+](=O)[O-],5.400116927926312,5.499996931948306,6.199970640755866,5.399996913372259
C[C@H](CN(C)C)C(C#N)(C1=CC=CC=C1)C2=CC=CC=C2,,,5.499996931948306,5.399996913372259
CC1=C/C(=C(/C2=CC(=C(C=C2)O)C)\C3=CC=CC=C3C(=O)O)/C=CC1=O,5.5003129173815966,8.0,5.799998134593398,5.799998134593398
C1=CC=C(C=C1)N=N[C@@H](C(=N)N)C(=O)N,6.100179497572904,,,
C[C@H](CC(C#N)(C1=CC=CC=C1)C2=CC=CC=C2)N3CCCCC3,,,5.599997654072044,5.399996913372259
C1CCN[C@@H](C1)[C@H](C2=CC(=NC3=CC=CC=C32)C4=CC=C(C=C4)Cl)O,5.400116927926312,,6.199970640755866,
COC1=CC(=C2C(=C1)C=CC=N2)NCC[C@@H]3CCCCN3,6.100179497572904,,6.0,
C1CCN[C@@H](C1)[C@H](C2=CC(=NC3=C2C=CC4=CC=CC=C43)C5=CC=CC=C5)O,5.300162274132754,,5.499996931948306,
C[C@H](C1=CC=CC=C1)N2CCN(CC2)[C@@H](C)C3=CC=CC=C3,,,7.199970640755866,
CC(=C[C@H]1[C@H](C1(C)C)C(=O)OCC2=CC3=C(C=C2Cl)OCO3)C,6.100179497572904,5.499996931948306,5.299997602857746,6.50003813440381
C1=CC=C2C(=C1)C(C3=CC=CC=C32)[C@@H](CC(=O)O)C(=O)O,5.400116927926312,,,
C[As+](C)(C1=CC(=C(C=C1)Br)[N+](=O)[O-])C2=CC(=C(C=C2)Br)[N+](=O)[O-].[N+](=O)(O)[O-],,,5.799998134593398,
C([C@@H](CS)S)O,5.400116927926312,,,
C[C@@]12CCC(=O)C=C1CC[C@H]3[C@@H]2[C@H](C[C@@]4([C@@H]3CC[C@]4(C(=O)COC(=O)C5CCCC5)O)C)O,,,,5.299997602857746
C1C[C@](C(=O)NC1=O)(CCC2=NC3=CC=CC=C3N2)C4=CC=CC=C4,5.100179497572904,,5.599997654072044,
C[N+]1(CC2=CC=CC=C2C1)[C@@H](CC3=CNC4=CC=CC=C43)CO.C1=CC=C(C=C1)S(=O)(=O)O,,,6.299988937677887,
C[N@@+]1(CCC2=CC=CC=C2C1)CCN[N+]3(CCCCC3)C,,,5.799998134593398,
C1=CC=C(C=C1)[C@@H](CNC2=CC=CC=N2)O,,,5.799998134593398,
C1=CC2=C(C=C1Cl)NC(=N2)[C@@H]([C@@H]([C@@H]([C@@H](CO)O)O)O)O,5.199970640755866,,,
C1=CC=C2C(=C1)C(=CS2)C(=O)C3=C([N+](=O)ON3)C(=O)C4=CSC5=CC=CC=C54,6.100179497572904,5.799998134593398,,5.499996931948306
COC(=O)[C@H]1[C@H](CC[C@@H]2[C@H]1C[C@H]3C4=C(CCN3C2)C5=CC=CC=C5N4)O,4.500312917381596,4.60000009127004,6.650018732456037,4.59999938302362
C1CCC(CC1)N2[C@H]([C@@H]2C(=O)C3=CC=CC=C3)C4=CC=CC=C4[N+](=O)[O-],6.199970640755866,,,5.399996913372259
C1C2=CC=CC=C2C3=C1C=C(C=C3)NC(=S)NC4=CC5=C(C=C4)C6=CC=CC=C6C5,6.698970004336019,,,5.399996913372259
C[C@@H]1C[C@@H]([C@H](NC1)[C@H](C)C2=C(C3=C(C=C2)[C@@H]4CC=C5C[C@H](CC[C@@]5([C@@H]4C3)C)O)C)O,,,,5.499996931948306
C[C@H](CCCC(C)C)[C@@H]1CC[C@H]2[C@]1(CC[C@@H]3[C@@H]2CC[C@@H]4[C@]3(CC[C@@H](C4)N)C)C,,,6.299988937677887,
COC1=CC=C(C=C1)C2=NC3=CC=CC=C3C(=C2)[C@@H]([C@@H]4CCCCN4)O,,,5.499996931948306,
C1=CC(=CC=C1CSC[C@@H](CN)O)Cl,5.400116927926312,,5.499996931948306,
C[C@](C1=CC=CC=C1)(C2=NC=CC3=CC=CC=C32)O,,,,5.499996931948306
CC1=CC=C(C=C1)S(=O)(=O)O.CN(C)C[C@H](C1=CC=C(C2=CC=CC=C21)Cl)O,6.0,,,
C[C@]12CC[C@H](C1)C([C@@H]2OC(=O)C3=CC=CC=C3C(=O)O)(C)C,,5.499996931948306,7.400116927926312,5.399996913372259
COC1=CC=C(C=C1)C[C@H](C2=CC=C(C=C2)OC)N,5.400116927926312,,6.199970640755866,
C[C@@H](CC1=CC=CC=C1)[C@@H](C)N,,,5.399996913372259,
CN1CCCC[C@@H]1CCN2CCCCC2,8.0,,,
CC(C)([C@@H](C(=O)O)N)SCC1=CC=CC=C1,5.100179497572904,,,
C12=C(NC(=O)N1)NC(=S)NC2=S,5.400116927926312,5.900008766455316,,
CC1=C2C(=CC=C1)[C@H](C3=CC=CC=C3O2)NC(=O)C4=CC=C(C=C4)[N+](=O)[O-],6.0,5.0999990348465305,,
CC(=C[C@H]1[C@H](C1(C)C)COC(=O)C2=CC3=C(C=C2Cl)OCO3)C,5.400116927926312,,,5.499996931948306
CC(=C[C@H]1[C@H](C1(C)C)COC(=O)C2=CC=CC=C2Cl)C,5.400116927926312,,,
C1CCC(CC1)[C@@H](CC2=CC(=C(C(=C2)I)O)I)C(=O)O,,5.499996931948306,,
CC(C)(C)C(=O)[C@H]([C@@H](C1=CC=CC=C1)N2CCOCC2)N3CCOCC3,,,,5.599997654072044
CC1=CC2=CC=CC=C2C=[N+]1CC(C[N+]3=CC4=CC=CC=C4C=C3C)O,,,7.600326278518962,
CN[C@H](CC1=CC=CC=C1)C2=C(C(=CC=C2)OC)O,,,7.400116927926312,
C1=CC=C(C=C1)[C@H](C(=O)C2=CC=CC=C2)NC3=CC4=CC=CC=C4C=C3,6.100179497572904,,5.799998134593398,5.499996931948306
C[C@]12C[C@H]([C@@]3([C@H]([C@H]1C[C@@H]4[C@@]2(O[C@@](O4)(C)C5=CC=CC=C5)C(=O)CO)CCC6=CC(=O)C=C[C@]63C)F)O,,,,5.499996931948306
C1=CC(=CC=C1C(=O)CSC2=NC(=NC3=C2NC=N3)N)Br,5.600326278518962,,,5.699991797446187
CC(C)[C@@H](C(=O)O)SC1=NC(=NC2=C1NC=N2)N,6.5003129173815966,,,
C1=CC=C(C(=C1)CSC2=NC(=NC3=C2NC=N3)N)[N+](=O)[O-],5.300162274132754,,5.499996931948306,5.499996931948306
CNC[C@H](C1=CC(=C(C=C1)O)O)SC,5.199970640755866,,,
C[C@H](CC(C)(C)N)O.C1(=C(C(=C(C(=C1Cl)Cl)Cl)Cl)Cl)O,5.600326278518962,5.499996931948306,,5.599997654072044
C1CN(C[C@@H]1CNC2=NC=NC3=CC=CC=C32)CC4=CC=CC=C4,5.199970640755866,,6.100015437450609,
CC1CCC(CC1)([C@@](C)(C2=CC=CC=C2)C(=O)O)O,,5.799998134593398,,
CN1[C@@H]2CC[C@H]1CC(C2)OC(C3=CC=CC=C3)C4=CC=CC=C4.CS(=O)(=O)O,,,5.8000002819507515,
C[C@@H](C1=CC=CC=N1)C(=O)C2=CC=NC=C2,5.400116927926312,,,5.399996913372259
CCC(=O)[C@@H](C1=CC=CC=C1)C2=CC=CC=N2,5.300162274132754,,,
C1CCN[C@@H](C1)CCC2=NC3=CC=CC=C3C=C2,5.600326278518962,5.399996913372259,5.399996913372259,5.399996913372259
C1CN(C[C@@H]1C2=CNC3=CC=CC=C32)CCN4CCOCC4,,,5.399996913372259,
C[C@@H](C(=O)C1=CC2=C(C=C1)C=C(C3=CC=CC=C32)Br)Br,6.801342913045577,5.900008766455316,,
CC(C)C1=CC=CC=C1OC(=O)[C@@H]2[C@@H](C2(C)C)C=C(C)C,5.400116927926312,,,
C1=CC=C(C=C1)C[C@H](C2=NNN=N2)N,5.0,,,
C[C@@]12CC[C@@H](C[C@@H]1CC[C@@H]3[C@@H]2CC[C@@]4([C@@H]3CC[C@@H]4C(=O)C[C@@H](C(F)(F)F)O)C)O,,,5.399996913372259,5.499996931948306
CC(=O)O[C@H]1CC[C@@]2([C@@H]3CC[C@]4([C@H]([C@@H]3CC=C2C1)C/C(=C(\C(F)(F)F)/OC(=O)C)/C4=O)C)C,5.300162274132754,5.499996931948306,,
C1=CC=C2C(=C1)N=C(S2)[C@@H]([C@@H]([C@@H]([C@@H](C(=O)O)O)O)O)O,5.400116927926312,5.499996931948306,,
C[C@@H](CN(C[C@H](C)Br)C1=CC2=C(C=C1)C3=CC=CC=C3C2)Br,5.5003129173815966,5.499996931948306,5.799998134593398,5.499996931948306
C1CC[C@@H]([C@H](C1)C(=O)NC2=CC3=C(C=C2)C4=CC=CC=C4C3=O)C(=O)O,6.0,,,
C1=C[C@H]2[C@@H]([C@H]([C@H]1O2)C(=O)NCC3=CC=NC=C3)C(=O)O,5.300162274132754,,,5.399996913372259
C[C@]12CC[C@@H](CC1=CC[C@H]3[C@@H]2CC[C@@]4([C@H]3CC[C@@]4(C(=O)CCN(C)C)O)C)O,,5.599997654072044,,
CC1=C[N+](=O)C2=CC=CC=C2[N+]1=O,5.199970640755866,,,
CCOC(=O)[C@H](CC1=NC2=CC=CC=C2N=C1)O,5.5003129173815966,5.399996913372259,,
CC1=NCC[N@@+]1(CCC2=CC=CC=C2)CC3=CC=CC=C3,,,7.300162274132754,
C1CN2CCN1CNC(=S)C(=S)NCN3CCN(CC3)CNC(=S)C(=S)NC2,5.5003129173815966,,,
CC(C)[C@@](C1=CC=CC=C1)(C(=O)O)N,5.100179497572904,,5.0999990348465305,
C1CCO[C@@H](C1)N2C=NC3=C2N=CN=C3SCC4=CC=C(C=C4)Cl,5.801342913045578,,,
C[C@@H]1C[C@@H]2[C@H]3CC[C@]([C@@]3(C[C@@H]([C@@H]2[C@]4(C1=CC(=O)CC4)C)O)C)(C(=O)C)O,,5.0999990348465305,,5.399996913372259
CC[C@H]1CC[C@@H]2[C@]1(CC[C@H]3[C@H]2CC=C4[C@]3(C[C@@H]([C@H](C4)OC(=O)C)N)C)C.CC(=O)O,,,,5.599997654072044
C1C[C@@H](SC1)N2C=NC3=C2N=CN=C3SCC4=CC(=CC=C4)F,6.300162274132754,,,
C1COCCN1[C@H]2C3=CC=CC=C3C4=NC5=CC=CC=C5C=C24,5.8996294548824375,5.199998172182031,,5.599997654072044
C[C@H]([C@@H]1CC[C@H]2[C@]1(CC[C@H]3[C@@H]2CC[C@@H]4[C@]3(CC[C@@H](C4)O)C)C)N5CC6=C(C=CC(=C6)OC)OC5,,5.0999990348465305,5.499996931948306,5.399996913372259
CCS(=O)(=O)O.C1C[C@@H]2CC(C[C@@H]1N2CCCN3C4=CC=CC=C4SC5=C3C=C(C=C5)Cl)O,,,7.199970640755866,
CC1=CC(=O)[C@@H]2[C@H](C1)C[C@H]3[C@@]2(C(=O)C[C@@H]4[C@@H]3CC[C@@H]5[C@@]4(CC[C@@H](C5)OC(=O)C)C)C,,,,5.699991797446187
CN[C@@H](C1=CC=NC=C1)[C@H](C2=CC=NC=C2)NC,,,,5.299997602857746
CC(=O)OCC(=O)[C@]12[C@@H](C[C@@H]3[C@]1(CC[C@H]4[C@@H]3CC=C5[C@@]4(CC[C@@H](C5)O)C)C)OC(O2)(C)C,,5.0999990348465305,,5.499996931948306
C[C@@H]1CCCN(C1)C[C@H](CN2CCCC3=CC=CC=C32)O,,,5.799998134593398,
C[C@H](CCC(=O)OC)[C@@H]1CC[C@H]2[C@]1(CC[C@@H]3[C@H]2CC[C@@H]4[C@]3(CC[C@@H](C4)O)C)C,,5.0999990348465305,,
CC(C)C1=CC2=C(C=C1)[C@@]3(CCC[C@]([C@@H]3CC2)(C)CN)C.C1=CC=C(C=C1)C(=O)O,,,5.900008766455316,5.399996913372259
C[C@@]12CC[C@H]3[C@@H]([C@@H]1CC[C@@H]2N(CCO)CCO)CC=C4[C@@]3(CC[C@@H](C4)O)C,,,5.399996913372259,
C[C@@H]([C@@H]1CC[C@H]2[C@]1(CC[C@@H]3[C@@H]2CC=C4[C@@]3(CC[C@@H](C4)OC(=O)C)C)C)C(=O)O,5.5003129173815966,,,
CC(C)[C@@]12CC[C@@]3(CC[C@H]4[C@]([C@@H]3C1)(CCC[C@]4(C)C(=O)O)C)[C@H](C2)CN,,5.900008766455316,,
COC1=CC(=CC(=C1O)O)[C@@H]2C3=CC(=C(C=C3[C@H]([C@@H]([C@@]2(C(=O)O)O)CO)O)OC)O,5.300162274132754,,,
C[C@@]12CC[C@H]3[C@@H]([C@H]1CC[C@H]2OC4(C(=O)C5=CC=CC=C5C4=O)O)CCC6=CC(=O)CC[C@@H]36,5.400116927926312,,,
CN1[C@@H]2CC[C@H]1[C@H](C(=O)[C@@H]2C(=O)OC)C(=O)OC.C(=O)(C(=O)O)O,6.100179497572904,,,
CN1CCC[C@@H]1C2=CN=CC=C2.C1=CC=C(C(=C1)C(=O)[OH2+])O.C1=CC=C(C(=C1)C(=O)[OH2+])O.C1=CC=C(C(=C1)C(=O)[OH2+])O.C1=CC=C(C(=C1)C(=O)O)O.[Cu],5.100179497572904,6.199970640755866,,5.399996913372259
C1C2=CC=CC=C2C3=C1C=C(C=C3)NC(=O)[C@@H]4[C@@H]([C@@]5(C(=C([C@]4(C5(Cl)Cl)Cl)Cl)Cl)Cl)C(=O)O,5.5003129173815966,5.499996931948306,,
C[C@H](CCC(=O)NN)[C@@H]1CC[C@H]2[C@]1(CC[C@@H]3[C@@H]2CC[C@@H]4[C@]3(CC[C@@H](C4)O)C)C,,5.399996913372259,,6.199970640755866
C1=CC(=CC=C1N=NC2=NC3=C(N2)C(=S)N=CN3)S(=O)(=O)N,5.199970640755866,,,
C[C@@H]1CC[C@H]2[C@@H]([C@H]3[C@@H](N2C1)C[C@@H]4[C@@]3([C@@H](C[C@@H]5[C@H]4CC=C6[C@]5(CC[C@@H](C6)O)C)O)C)C,,,6.899974269892137,
CC1([C@@H](N2[C@H](S1)[C@@H](N=C2CC3=CC=CC=C3)C(=O)O)C(=O)O)C,5.199970640755866,,,
C1=CC(=CC=C1N=NC2=NC3=C(N2)C(=O)NC(=O)N3)S(=O)(=O)N,,,,6.199970640755866
C1CN(C(N(C1)[C@@H](C#N)C2=CC=CC=C2)C3=CC=CC=C3O)[C@H](C#N)C4=CC=CC=C4,5.400116927926312,5.499996931948306,5.299997602857746,
C[C@@]12CC[C@@H](C[C@@H]1CC[C@@H]3[C@H]2CC[C@@]4([C@@H]3CC[C@@H]4C5=CC(=NN5)C(F)(F)F)C)O,5.400116927926312,5.0999990348465305,,5.599997654072044
CC(=O)N1C(=CC(=N1)[C@H]2CC[C@@H]3[C@]2(CC[C@H]4[C@@H]3CC=C5[C@@]4(CC[C@@H](C5)OC(=O)C)C)C)C(F)(F)F,,,,6.199970640755866
CC1=C(C2=CC3=C(C(=C2C=C1)O)C(=O)C4=C(C=C5C(=C4C3=O)O[C@]6([C@H]([C@@H]([C@H]([C@@]5(O6)C)O)N(C)C)O)C)O)C(=O)OC,5.300162274132754,5.599997654072044,,
C(CNC(=S)S)N,,5.199998172182031,,
C1CN2CCC1[C@H](C2)OC(=O)CC(=O)C3=CC=CC=C3,,,5.599997654072044,
CC1=C(C(=S)N=C(N1)N)CCCNC2=CC=CC=C2,5.100179497572904,,,5.199998172182031
C1=CC=C2C(=C1)C=CC=C2C3=CC=C(C=C3)/C(=C(\C(=O)O)/O)/C#N,5.400116927926312,5.499996931948306,,
CC(C)NCC[C@H](C1=CC2=CC=CC=C2O1)O,,,5.499996931948306,
C[C@@]1(C[C@@H](C2=C(C3=C(C=C2[C@H]1C(=O)OC)C(=O)C4=C5C(=CC(=C4C3=O)O)[C@@]6([C@H]([C@@H]([C@H]([C@@H](O5)O6)O)N(C)C)O)C)O)O)O,5.400116927926312,,5.299997602857746,
CC(C)(CO)N1CCN(CC1)C(=S)NC2=CC=CC=C2,5.199970640755866,,,
C1=CC(=NN=C1)C[C@@H](C(=O)O)N,5.5003129173815966,,,
C1C[C@H](C(=O)C1)C(=O)NC2=CC3=CC=CC=C3C=C2,5.199970640755866,,,
C1COCCN1C[C@H](COC2=CC=CC3=CC=CC=C32)O,5.400116927926312,,,
C1=CC=C2C(=C1)[C@H](C3=C(C2=O)C=C(C=C3)Br)[C@H]4C5=C(C=C(C=C5)Br)C(=O)C6=CC=CC=C46,6.698970004336019,,,
C1=CN=C(N=C1)C[C@@H](C(=O)O)N,,6.899974269892137,,
C1CCN[C@@H](C1)C[C@H](C2=CC3=C(C=C2)C4=CC=CC=C4O3)O,,,7.0,
C1=CC=C2C=C3C(=CC2=C1)C=CC=C3C=C4C(=O)NC(=S)NC4=O,6.400116927926312,5.499996931948306,,
CC1=CN(C(=O)NC1=O)[C@H]2C[C@@H]([C@H](O2)COC(=O)N)O,,,5.399996913372259,
CC[C@]1(C[C@@H]2C[C@H]1C=C2)[N+](=O)[O-].CC[C@]1(C[C@@H]2C[C@H]1C=C2)[N+](=O)[O-],,,5.599997654072044,
C1=CC(=CC=C1C(=O)O)[Hg]SC2=NC=NC3=C2NC=N3,6.5003129173815966,5.900008766455316,6.0,
CC1=C(O[C@H]2[C@H]1[C@]3([C@H](C2)[C@H]4CC[C@H]5C[C@H](CC[C@@]5([C@@H]4CC3=O)C)O)C)CC[C@H](C)CO,,,,5.399996913372259
C[C@@]12CCC(=O)C=C1CC[C@H]3[C@H]2[C@H](C[C@@]4([C@@H]3CC[C@@H]4C5=CSC(=N5)C6=CC=CC=C6)C)O,5.5003129173815966,,,
C[C@@]12CCC(=O)C=C1CC[C@H]3[C@H]2[C@H](C[C@@]4([C@@H]3CC[C@@H]4C5=CSC(=N5)N)C)O.C1=CC(=CC=C1S(=O)(=O)O)Br,,,,5.599997654072044
CN(C)C1=CC=C(C=C1)C2N(CCCN2[C@@H](C#N)C3=CC=C(C=C3)N(C)C)[C@H](C#N)C4=CC=C(C=C4)N(C)C,5.300162274132754,,,
C[C@]1(C(=O)N2[C@@H](C(=O)N3CCC[C@@H]3[C@@]2(O1)O)CC4=CC=CC=C4)NC(=O)[C@H]5CN([C@H]6CC7=CNC8=CC=CC(=C78)C6=C5)C,5.5003129173815966,,,5.399996913372259
C1CC[C@@H]([C@H](C1)C(=O)NC2=NC3=CC=CC=C3N2)C(=O)O,5.400116927926312,,,
C[C@@H]1C[C@@](CC(C1)(C)C)(C2=CC=CC=C2)OCCN3CCCCC3,,,6.199970640755866,5.499996931948306
CN1C2=C(C(=S)N(C1=O)C)NC(=N2)SCCN3C(=O)C4=CC=CC=C4C3=O,5.100179497572904,,,
CN1C2=C(C(=S)N(C1=O)C)NC(=N2)SCCCC3=CC=CC=C3,5.5003129173815966,5.499996931948306,,
CC1=CC=C(C=C1)S(=O)(=O)O[C@H]2CN3CCC2CC3,5.400116927926312,,5.399996913372259,
C1C[C@H](N(C1)CC2=CC3=CC=CC=C3C4=CC=CC=C42)C(=O)O,5.199970640755866,,,
CN(C)C1=CC2=C(C=C1)[NH+]=C3C(=CC(=O)C(=C3O2)O)C(=O)O,5.400116927926312,,5.499996931948306,
CC[C@H]1CN([C@H]2CC3=C(C(=O)C[C@H]1[C@H]2C(=O)OC)NC4=CC=CC=C34)C,,,5.399996913372259,
C1C[C@H](N(C1)CC2=CC3=C(C=C2)OCO3)C(=O)O,5.400116927926312,,,
CC(=O)[C@@H]1[C@@H](C[C@H]2[C@]1(C(=O)C[C@@H]3[C@@H]2CC[C@@H]4[C@@]3(CC[C@@H](C4)OC(=O)C)C)C)N5CC5,7.400116927926312,,,5.399996913372259
C[C@@]12CC[C@@H]3[C@@H]([C@@H]1CC[C@@H]2C(=O)CN4C=NC5=C4N=CN=C5SC)CCC6=CC(=O)CC[C@@]36C,5.400116927926312,5.499996931948306,,
C1C[C@H](N(C1)CC2=CC3=C(C=C2)OCO3)C(=O)N,5.5003129173815966,,5.399996913372259,
C1=CC=C(C=C1)C2=C(C(=O)NC(=S)N2)CC3=C(C=CC4=CC=CC=C43)O,6.0,5.0999990348465305,,6.199970640755866
CC(=O)O[C@]12CC[N@@+]3(CCCC[C@@H]3[C-]1NC4=CC=CC=C24)C,,,5.499996931948306,
C1[C@H](N[C@@H](C2=C1C3=CC=CC=C3N2)CCCCO)C(=O)O,,,5.399996913372259,
C1=C(C=C(C(=C1Br)N=NC2=C(NC(=S)NC2=O)N)Br)S(=O)(=O)N,5.5003129173815966,5.799998134593398,,
CC1=NN(C(=O)[C@@H]1N=NC2=CC=C(C=C2)S(=O)(=O)N)C3=CC=CC=C3,5.8996294548824375,,,
CC1=NN(C(=O)[C@@H]1N=NC2=CC(=C(C=C2)[As](=O)(O)O)O)C3=CC=CC=C3,5.300162274132754,5.499996931948306,5.199998172182031,
C[C@@]12CC[C@@H]3[C@@H]([C@@H]1CC[C@@H]2C(=O)CN4C=NC5=C4NC=NC5=S)CCC6=CC(=O)CC[C@@]36C,,,,5.499996931948306
C1=CC=C(C=C1)C(=O)C[C@@H]2C=CC3=CC=CC=C3N2C(=O)C4=CC=CC=C4,,5.599997654072044,,5.399996913372259
C1=CC=C(C(=C1)N=NC2=C(NC3=C2C=C(C=C3)S(=O)(=O)O)O)[N+](=O)[O-],6.0,,,
C1=CC(=CC=C1[C@H]2N=C(N=C(N2C3=CC=C(C=C3)S(=O)(=O)N)N)N)Cl,,,5.499996931948306,
C1=CN=C(N=C1)NS(=O)(=O)C2=CC=C(C=C2)N3[C@H](N=C(N=C3N)N)C4=CC=C(C=C4)Cl,5.100179497572904,,,
C1CS[C@H](N1)[C@@H](C(=O)O)N2C(=O)C3=CC=CC=C3C2=O,5.300162274132754,,,
CN(C)S(=O)(=O)C1=CC=C(C=C1)NC2=C3C(=C(C=C2)O)C(=O)C4=C(C=CC(=C4C3=O)[N+](=O)[O-])O,6.899629454882437,5.499996931948306,6.100015437450609,5.399996913372259
C1CN(C[C@@H]1C(=O)O)CC2=C(C(=O)C=C(O2)CO)O,5.0,,,
C1=CC=C2C(=C1)[C@@H]3[C@@H]4N2C(=N)[C@H]([C@]5([C@@H]4N(C6=CC=CC=C65)C(=N)[C@@H]3O)I)O,5.600326278518962,5.0999990348465305,5.199998172182031,
CC1(O[C@@H]2CCCCC[C@@H]2O1)CC(=O)O.C1=CC=C(C=C1)CN,,,5.499996931948306,6.599980364934842
CCOC(=O)[C@H]1[C@@H](C[C@H]2[C@H]1C3=CC=CC=C3C4=CC=CC=C24)O,6.199970640755866,,,
CN1C(=O)C2=C(N=C1N)N(C(=N2)OCC3=CC=CC=C3)[C@H]4[C@H]([C@@H]([C@H](O4)CO)O)O,8.600326278518962,,,
C1CC[C@@H]([C@H](C1)C2=C3C=CC(=O)C(=C3OC4=C2C=CC(=C4O)O)O)C(=O)O,5.400116927926312,5.199998172182031,,
C[C@H]1[C@@H]2C=C[C@H]1[C@H]([C@@H]2C3=C4C=CC(=O)C(=C4OC5=C3C=CC(=C5O)O)O)C(=O)O,5.100179497572904,5.0999990348465305,,
C[C@@H]1CC[C@]23CCC(=O)[C@H]2[C@]1([C@H](C[C@@]([C@@H]([C@H]3C)O)(C)C=C)OC(=O)CO)C,,,,5.499996931948306
C[N@+]12CC[C@]34[C@]1(C[C@H]5[C@H]6[C@H]3N(C(=O)C[C@@H]6OCC=C5C2)C7=CC(=C(C=C47)OC)OC)O,,,,6.0
C1CN2CC3=CCO[C@@H]([C@@H]4[C@H]3C[C@H]2[C@@]15[C@@H]4NC6=CC=CC=C56)CC(=O)O,5.5003129173815966,,,
CC1=CC=C(C=C1)OP(=O)(N2C=CC3=CC=CC=C3[C@H]2C#N)OC4=CC=C(C=C4)C,5.400116927926312,6.199970640755866,,5.599997654072044
C1=CC=C2C(=C1)C(C3=CC=CC=C32)SC[C@@H](C(=O)O)N,5.600326278518962,,,
C[N+](C)(C)[C@@H](C1=CCCC1=O)C2=CC=CC=C2,5.400116927926312,,,
CC1=CC=C(C=C1)S(=O)(=O)O[C@H]2C[C@H](CC[C@@H]2C3=CC=CC=C3)C(C)(C)C,,,,5.699991797446187
CC1=C(C(=O)C2=C(C1=O)N3C[C@@H]4[C@@H](C3=C2COC(=O)N)N4C)OC,5.801342913045578,,5.799998134593398,
COC1=C(C=CC2=C1CN3CCC4=CC5=C(C=C4[C@@H]3C2)OCO5)O,6.300162274132754,,6.79997073344623,5.299997602857746
COC1=C(C=C2C(=C1)[C@]34CCN5[C@H]3C[C@@H]6[C@H]7[C@H]4N2C(=O)C[C@@H]7OCCC6=C5)OC,5.300162274132754,,,
C1=CC=C2C(=C1)C3=CC=CC=C3C2(C4=CC=C(C=C4)Cl)SC[C@@H](C(=O)O)N,5.400116927926312,,,
C1=CC2=C(C=C1[N+](=O)[O-])NC(=N2)N=C(N)N,5.5003129173815966,,,5.499996931948306
CC1=C(C(=CC=C1)C(=O)O)C[C@@H]2[C@H]3[C@@H](CCN2)C4=CC=CC=C4N3,7.199970640755866,,,
CC[C@H]1CN2CCC3=CC(=C(C=C3[C@H]2C[C@@H]1C[C@@H]4C5=C(CCN4)C6=C(N5)C=CC(=C6)O)OC)OC,,,5.399996913372259,
C1=CN=CC=C1CSC2=NC=NC3=C2NC=N3,5.5003129173815966,,5.599997654072044,6.0
C1=CC(=CN=C1)CSC2=NC=NC3=C2NC=N3,6.0,,,5.799998134593398
CCC1=C(C[C@@H]2C3=CC(=C(C=C3CCN2C1)OC)OC)C[C@@H]4C5=CC=CC=C5CCN4,,,5.599997654072044,
CCC1=C(C[C@H]2C3=CC=CC=C3CCN2C1)C[C@@H]4C5=CC(=C(C=C5CCN4)OC)OC,,5.499996931948306,6.50003813440381,5.499996931948306
C1CCN(CC1)[C@@H]2[C@H](S(=O)(=O)[C@H]2C3=CC=CC=C3)[C@H]4CC5C6=CC=CC=C6C4C7=CC=CC=C57,,5.0999990348465305,5.499996931948306,6.0
C1CC2=C([C@H]([C@H]1C(=O)O)C3=CC=CC4=CC=CC=C43)C5=CC=CC=C5C=C2,5.100179497572904,5.0999990348465305,5.499996931948306,
C1=CC2=C(C=C1Cl)[C@H](C3=C2C(=CC(=C3)Cl)Cl)NCCO,7.600326278518962,,,
C1[C@H]([C@@H](OC2=C1C(=CC(=C2[C@H]3[C@@H]([C@H](OC4=CC(=CC(=C34)O)O)C5=CC(=C(C=C5)O)O)O)O)O)C6=CC(=C(C=C6)O)O)O,5.600326278518962,,,
C1[C@H]([C@@H](OC2=CC(=CC(=C21)O)O)C3=CC(=C(C=C3)O)O)O[C@@]4([C@H]([C@H](C5=C(C=C(C=C5O4)O)O)O)O)C6=CC(=C(C(=C6)O)O)O,,5.199998172182031,,
C1CCO[C@@H](C1)N2C=NC3=C(N=CN=C32)NCC4=C(C=CC(=C4)[N+](=O)[O-])Cl,5.300162274132754,,,
C1=CC=C2C(=C1)C(=CC=N2)[C@@H]([C@@H](C(=O)C3=CC=C(C=C3)[N+](=O)[O-])Br)Br,5.8996294548824375,5.499996931948306,5.399996913372259,5.499996931948306
C[C@@H]([C@@H](C1=CC=CC=C1)N2CCOCC2)C(=O)C3=CC=CC=C3,,,,6.299988937677887
C1=CC=C(C=C1)[C@@H]2N[C@@H](SC(=S)N2)C3=CC=CC=C3,5.5003129173815966,5.699991797446187,5.399996913372259,5.399996913372259
C1C(=NN[C@H]2N1C3=CC=CC=C3C4=CC=CC=C24)C5=CC=CC=C5,6.698970004336019,,,5.499996931948306
CN1C2=NC=NC3=C2C(=CN3[C@@H]4[C@H]([C@@H]([C@@H](O4)CO)O)O)C(=N1)N,5.400116927926312,,,
CC1=C2C=CC=C(C2=C3C[S+](C4=CC=CC1=C34)C5=CC=CC=C5)SC6=CC=CC=C6,,5.599997654072044,5.299997602857746,5.499996931948306
C1=CC=C(C=C1)SCC(=S)NC2=CC=CC3=CC=CC=C32,5.8996294548824375,,,5.399996913372259
CC1=CC(=C(C=C1)C)[C@H]2NC3=CC=CC=C3C(=O)N2,5.400116927926312,,,
COC1=CC=C(C=C1)C(=O)[C@@H]([C@@H](C(=O)O)Br)Br,5.400116927926312,,,
CN1CC[C@@H](C1)CN2C3=CC=CC=C3SC4=CC=CC=C42,5.300162274132754,,6.899974269892137,
CCC1=CC2=C(C=C1)SC3=CC=CC=C3N2C[C@H](C)CN(C)C,,,6.100015437450609,
CN(C)CCC[C@@H]1C2=CC=CC=C2OC3=C1C=C(C=C3)C(F)(F)F,6.100179497572904,,5.900008766455316,
CN1CCC[C@@H](C1)OC(=O)[C@@](C2CCCC2)(C3=CC=CC=C3)O,,,5.699991797446187,5.499996931948306
CN1CC[C@@H](C1)OC(=O)[C@@](C2CCCC2)(C3=CC=CC=C3)O,5.5003129173815966,,,
CN1C=NC(=C1SC2=NC(=NC3=C2N=CN3[C@H]4C[C@@H]([C@H](O4)CO)O)N)[N+](=O)[O-],5.199970640755866,,,
C1=CC=C2C(=C1)[C@@H](C3=C2C=C(C=C3)[N+](=O)[O-])SC(=N)N,6.801342913045577,,5.599997654072044,5.299997602857746
C[C@H]1CC[C@@]2([C@H]([C@H]3[C@H](O2)C[C@H]4[C@@]3(CC[C@@H]5[C@H]4CC=C6[C@@]5(CC[C@@H](C6)O)C)C)C)NC1,,,,5.499996931948306
C1=CN=CC=C1C(=O)O.C1=CN=CC=C1C(=O)O.Cl[Pt](Cl)(Cl)Cl,5.199970640755866,5.900008766455316,5.499996931948306,
C1=CN=CC=C1CO.C1=CN=CC=C1CO.Cl[Pt](Cl)(Cl)Cl,5.5003129173815966,6.0,5.399996913372259,
CN1CCCC[C@@H]1CCN2C3=CC=CC=C3SC4=C2C=C(C=C4)OC,5.8996294548824375,,7.300162274132754,
C1C[C@@H]2C[C@H]1C[C@H]2N=C(CSS(=O)(=O)O)N,5.0,5.0999990348465305,5.0999990348465305,
CC1=CC=C(C=C1)[C@H](C2=CN=C(N2CC3=CC=CC=C3)C)O,,,6.199970640755866,5.299997602857746
C1CCN(CC1)CC2=NC3=CC=CC4=C3C(=[N+]2[O-])C5=CC=CC=C45,5.801342913045578,,,5.499996931948306
C[C@@H]([C@@H](C1=CC2=C(C=C1)OCO2)OCC(C)C)Br,6.199970640755866,5.699991797446187,5.499996931948306,5.499996931948306
CC(C)C1=NC=CN1CC2=C(C=C(C=C2)Cl)Cl.[N+](=O)(O)[O-],,,5.499996931948306,
C[C@@H]1CCCN(C1)CP(=O)(C2=CC=CC=C2)C3=CC=CC=C3,,,,5.399996913372259
C[C@@H](C1=CC=C(C=C1)C2=CC=CC=C2)NC(=O)C3=CC(=C(C=C3)Cl)Cl,6.199970640755866,5.499996931948306,,
COC1=CC2=C(C=C1)C3=C(C=C2)N[C@@H](CC3)C(=O)O,6.300162274132754,,,
C1=CC2=C(C=C1Cl)C(=CS2(=O)=O)C[C@@H](C(=O)O)N,6.400116927926312,5.199998172182031,,5.299997602857746
CN1CCN(CC1)C2=C3C(=C(C=C2)[N+](=O)[O-])NO[N+]3=O,6.400116927926312,,,
C1=CC=C(C=C1)[P+](CC2=CC=C(C=C2)C3=NC4=NC=NC(=C4N3)N)(C5=CC=CC=C5)C6=CC=CC=C6,,,,6.100015437450609
CCNC(C)(C)[C@H](C1=CC=C(C=C1)Br)SS,5.400116927926312,5.199998172182031,5.699991797446187,5.299997602857746
CN1C2=CC=CC=C2N=C1C[C@H](C3=NC4=CC=CC=C4N3C)O,,,5.599997654072044,
C1=CC=C(C=C1)COC2=CC=C(C=C2)N3C(=O)[C@@H]4[C@@H](C3=O)[C@@H]5C6=CC=CC=C6[C@@H]4C7=CC=CC=[N+]57,,,5.399996913372259,
C[C@H]1[C@@H]([C@H](C[C@@H](O1)O[C@H]2C[C@](CC3=C2C(=C4C(=C3O)C(=O)C5=C(C4=N)C(=CC=C5)OC)O)(C(=O)C)O)N)O,5.100179497572904,,5.499996931948306,
C1=CC=C(C(=C1)[C@@H]([C@@H](C(=O)O)Br)Br)[N+](=O)[O-],5.400116927926312,,,
C[C@H]1C(=O)N[C@@H](C(=O)N([C@@H](C(=O)N[C@@H](C(=O)N([C@H]2[C@@H](C3=CC=C(C=C3)OC4=C(C=CC(=C4)C[C@@H](C(=O)N1)N(C2=O)C)O)O)C)C)CC5=CC=C(C=C5)OC)C)C,,,,5.499996931948306
C[C@H]1C(=O)N[C@@H](C(=O)N([C@@H](C(=O)N[C@@H](C(=O)N([C@@H]2CC3=CC=C(C=C3)OC4=C(C=CC(=C4)C[C@H](C(=O)N1)N(C2=O)C)O)C)C)CC5=CC=C(C=C5)OC)C)C,,,,5.399996913372259
C1=CC=C(C=C1)C[C@H]2NC3=CC(=C(C=C3S(=O)(=O)N2)S(=O)(=O)N)Cl,5.5003129173815966,,,
CC1=CC=C(C=C1)C2=NC3=CC=CC=C3S[C@H](C2)C4=CC(=CC=C4)[N+](=O)[O-],5.698970004336019,5.399996913372259,,5.399996913372259
CC1=C(C(=NO1)C2=C(C=CC=C2Cl)F)C(=O)N[C@H]3[C@H]4N(C3=O)[C@@H](C(S4)(C)C)C(=O)O,5.400116927926312,,,
C1(=NNN=N1)C2=NNN=N2.C(NN)(NN)NN,,,,5.399996913372259
C[C@@H]1C2=C(C[C@@H](O1)CC(=O)O)C(=O)C3=C(C2=O)C(=O)C=C(C3=O)C4=CC(=C5C(=C4O)C(=C6C[C@@H](O[C@@H](C6=C5O)C)CC(=O)O)O)O,,5.0999990348465305,,
C1C[C@@H](C(=N)C1)C(=S)SCCC(=O)N,5.5003129173815966,,,
C1C[C@@H](C(=N)C1)C(=S)SCCC#N,5.5003129173815966,,,5.599997654072044
C1CN2CCC1[C@H](C2)CN3C4=CC=CC=C4SC5=CC=CC=C53,,,6.400007822415902,
CC1=NN(C(=O)[C@@H]1N=NC2=CC3=CC=CC=C3C=C2)C(=O)C4=CC=NC=C4,6.801342913045577,,5.499996931948306,5.399996913372259
CC(C)(C)NCC[C@H](C1=CC(=NC2=C1C=CC=C2C(F)(F)F)C(F)(F)F)O.OP(=O)(O)O,,,6.50003813440381,
CN1CCC2=CC=CC=C2[C@@H]1CC3=CC=CC=C3NC(=O)C4=C(C5=CC=CC=C5S4)Cl,5.300162274132754,5.499996931948306,7.100179497572904,5.799998134593398
C1=CC=C2C(=C1)N3C=CC=C3[C@H](N2C(=S)NC4=CC(=CC(=C4)C(F)(F)F)C(F)(F)F)C5=CN=CC=C5,6.400116927926312,6.299988937677887,,6.0
C1=CC=C2C(=C1)N3C=CC=C3[C@H](N2S(=O)(=O)C4=CC=CC(=C4)C(F)(F)F)C5=CN=CC=C5,6.300162274132754,,,6.199970640755866
C1CCC(CC1)P(=S)(C2CCCCC2)[C@H](C3=CN=CC=C3)N4CCCC4,5.400116927926312,,5.499996931948306,5.499996931948306
CC1=CC2=C(C=C1)N3C=CC=C3[C@H](N2)C4=CC=C(C=C4)C(=O)O,6.100179497572904,,,7.300162274132754
COC1=CC2=C(C=C1)C(=CC(=N2)NC(=S)NC3=CC=CC=C3)Cl,6.400116927926312,5.399996913372259,,5.499996931948306
C1=CC=C2C(=C1)C(=O)N([C@@]2(C3=CC=C(C=C3)Cl)O)CCN,,,5.399996913372259,5.199998172182031
CC[C@H](C1=CC=CC=C1)C2=C(C(=CC(=C2)C(C)(C)C)C(C)(C)C)O,5.400116927926312,5.0999990348465305,,5.299997602857746
CC(C)(C)C1=CC(=C(C(=C1)C(C)(C)C)O)[C@@H](C2=CC=C(C=C2)OC)NC3=CC=CC=N3,,5.599997654072044,,5.699991797446187
C[C@H]1C=C[C@H](C[C@H](C[C@H](C[C@H](C[C@H](C[C@H](C[C@@H]([C@H]([C@@H](CC=CC=CC=CC=CC=CC(=O)O[C@H]1C(C)C)O)C)O)O)O)O)O)O)O,,,6.50003813440381,
C1=CC=C2C(=C1)C(=O)N([C@H](N2)C3=C(C(=CC(=C3)Cl)Cl)O)CCC4=CC=CC=N4,,5.499996931948306,,6.100015437450609
CCOC(=O)C1=C(NC(=O)N[C@@H]1C2=COC3=CC(=CC(=C3C2=O)C)C)C,5.600326278518962,,,5.399996913372259
C1=CN(C=N1)CCCNC(=S)S,5.5003129173815966,5.699991797446187,6.100015437450609,5.799998134593398
C1=C(C2=NON=C2C(=C1)SC3=NC(=NC4=C3NC=N4)N)[N+](=O)[O-],,5.499996931948306,,
C1C[C@H](CN(C1)CC2=CC=CC=C2)S,5.400116927926312,,6.100015437450609,5.399996913372259
C1CN2C(=N1)NC3=CC=CC=C3[C@@]2(C4=CC=CC=C4)O,,,5.599997654072044,
C[C@H]1CN(CCN1CC2=CC=C(O2)C)CC3=CC=C(O3)C,,,5.699991797446187,
CC1([C@@H]2CC[C@]1(C(=O)C2)CS(=O)(=O)O)C.CN1[C@H](CC(=NO)C[C@H]1C2=CC=CC=C2)C3=CC=CC=C3,5.400116927926312,5.799998134593398,5.599997654072044,
CN(C)CN1C2=CC=CC=C2/C(=C\3/C(=O)N(C(=O)S3)CN(C)C)/C1=O,6.100179497572904,,,
C1CN2CCC1[C@]3(C2)C(=O)N(C(=O)N3)CN(CC4=CC=CC=C4)C5=CC=CC=C5,6.400116927926312,,,
COC1=CC=C(C=C1)[C@H](C2=CC3=C(C=C2O)OCO3)NC4=NC=CC=N4,,5.499996931948306,5.199998172182031,5.599997654072044
C1=CC=C(C=C1)C[C@H](C2=CC=CC=C2)NC3=CN=CC=C3,6.698970004336019,5.499996931948306,6.0,5.499996931948306
CN(C)C[C@H]1CCC2=C(C1=O)C(C3=C(O2)CC[C@@H](C3=O)CN(C)C)C4=CC(=C(C=C4)Cl)Cl,,,,6.400007822415902
C1OC2=C(O1)C=C(C=C2)[C@H](C[N+](=O)[O-])SC3=CC=CC=C3N,6.199970640755866,5.199998172182031,5.399996913372259,5.599997654072044
C1=CC=C(C=C1)COC2=CC3=C(C=C2)NC=C3[C@H]4C(=O)C(=C(O4)N)O,5.400116927926312,,,5.499996931948306
C1=CC=C2C(=C1)C(=CN2)CC[C@@H](CO)C3=CNC4=CC=CC=C43,5.8996294548824375,5.399996913372259,5.499996931948306,5.799998134593398
CC1=CC2=C(C=C1C)NC3=C(N2)C(=O)[C@H](O3)C4=CNC5=C4C=C(C=C5)COC6=CC=CC=C6,5.600326278518962,5.0999990348465305,,5.399996913372259
C1=CC=C(C=C1)OCC2=CC3=C(C=C2)NC=C3[C@@H]4C(=O)C5=C(O4)NC6=C(N5)C=CC(=C6)[N+](=O)[O-],5.600326278518962,,,5.499996931948306
C1=CC(=CC=C1[C@@H]2C(=O)C3=C(O2)NC4=C(N3)C=CC(=C4)[N+](=O)[O-])[C@@H]5C(=O)C6=C(O5)NC7=C(N6)C=CC(=C7)[N+](=O)[O-],5.5003129173815966,,,5.499996931948306
C[C@@H]1C[C@@H](CN(C1)S(=O)(=O)C2=CC(=C(C(=C2)Cl)OC3=C(C=C(C=C3)[N+](=O)[O-])Cl)Cl)C,,5.199998172182031,,
C1=CC=C(C=C1)[C@H](C(=O)O)N(CC2=CC=C(C=C2)Cl)N=O,5.300162274132754,,,
CC1=CC2=C(C=C1C)N=C(C(=O)N2)[C@H](C)C(=O)C3=CC=C(C=C3)Cl,6.300162274132754,,,
CC(=O)O.CN1CCN(CC1)CN2C(=O)C3C4C=CC(C3C2=O)C5C4C6C5C(=O)N(C6=O)CN7CCN(CC7)C,5.100179497572904,,6.0,
C1=CC=C(C=C1)N2C3=C(C=CC(=C3)NC4=CC5=C(C=C4)N=C6C=CC(=CC6=[N+]5C7=CC=CC=C7)I)NC8=C2C=C(C=C8)I,5.5003129173815966,,5.900008766455316,
C[C@@H](CCC(=O)O)C(=O)O,5.199970640755866,,,
CN1CCC2=CC(=C3C=C2[C@@H]1CC4=CC=C(C=C4)OC5=C(C=CC(=C5)C[C@H]6CN(CC7=CC(=C(C(=C67)O3)OC)OC)C)O)OC,,,,5.599997654072044
CC1=CN(C(=O)NC1=O)[C@H]2C[C@@H]([C@@H](O2)CO)N=[N+]=[N-],,,5.0,
CCN(CCO)C[C@H]1CCC[C@@H]2[C@@H]1CCCC2.Cl,5.300162274132754,,5.199998172182031,
C[C@@H]1OC2=C(O1)C=C(C=C2)C(=O)C[C@H](C3=CC4=C(C=C3)OCO4)C(=O)O,6.100179497572904,5.199998172182031,,
C1CCN(CC1)CCC(=O)N2CCC3=C([C@H]2C4=CN=CC=C4)NC5=CC=CC=C35,,,5.499996931948306,
C1C[C@@H](O[C@@H]1CO)N2C=NC3=C2N=C(N(C3=O)C(=O)C4=CC=CC=C4)N,5.400116927926312,,,
C1OC2=C(O1)C=C(C=C2)[C@@H](C(=O)C3=NC4=C(C=C(C=C4)[N+](=O)[O-])NC3=O)O,5.5003129173815966,,,
COC1=C2C[C@@H](CCC2=C(C=C1)Br)C(=O)O,5.400116927926312,,,
C[C@H]1CC2=C(C(=CC(=C2[C@H](N1)C)O)O)C3=CC(=C(C4=C3C=C(C=C4OC)C)O)C5=C(C6=C(C=C(C=C6OC)C)C(=C5)C7=C8C[C@@H](N[C@@H](C8=C(C=C7O)O)C)C)O.CC(=O)O,6.698970004336019,,5.299997602857746,
COC1=CC=C(C=C1)C2=CSC3=C2[N+]4=CCC=C4C3=O,6.300162274132754,5.199998172182031,5.499996931948306,5.499996931948306
CCCCC[C@@H](C=C[C@H]1[C@@H](CC(=O)[C@H]1CCCCCCC(=O)O)O)O,,,,4.499999678657065
CCCCCC(=O)O[C@H](CC(=O)O)C[N+](C)(C)C,4.500312917381596,,,
CC12CCC3C(=CCC4=C3C=CC(=C4)O)C1CCC2=O,,,,4.40000018605658
COC(=O)[C@]1([C@@H]2[C@@H](CC3=C2C=C(N3CC4=CC=CC=N4)C(=O)N5CCCC5)CN1C(=O)C6=CC=CC=C6)CC7=CC=CC=C7,,6.700057099977233,4.40000018605658,5.699991797446187
COC(=O)[C@]1([C@@H]2[C@@H](CC3=C2C=C(N3CC4=NC5=CC=CC=C5N4)C(=O)N6CCCC6)CN1C(=O)C7=CC=CC=C7)CC8=CC=CC=C8,4.899629454882437,6.0,5.0999990348465305,5.900008766455316
COC1=CC=C(C=C1)C[C@@]2([C@@H]3[C@@H](CC4=C3C=C(N4CC5=CC=CC=N5)C(=O)N6CCCC6)CN2C(=O)C7=CC=CC=C7)C(=O)OC,,4.899998417198648,,5.900008766455316
COC1=CC=C(C=C1)C[C@@]2([C@@H]3[C@@H](CC4=C3C=C(N4CC5=NC6=CC=CC=C6N5)C(=O)N7CCCC7)CN2C(=O)C8=CC=CC=C8)C(=O)OC,4.899629454882437,4.899998417198648,,5.699991797446187
CC1=CC=C(O1)CN2C3=C(C=C2C(=O)N4CCCC4)[C@H]5[C@@H](C3)CN([C@@]5(CC6=CC=C(C=C6)OC)C(=O)OC)C(=O)C7=CC=CC=C7,,5.299997602857746,,5.499996931948306
COC1=CC=C(C=C1)C[C@@]2([C@@H]3[C@@H](CC4=C3C=C(N4CC5=CC=C(C=C5)OC(F)(F)F)C(=O)N6CCCC6)CN2C(=O)C7=CC=CC=C7)C(=O)OC,,4.899998417198648,,6.50003813440381
COC(=O)[C@]1([C@@H]2[C@@H](CC3=C2C=C(N3CC4=CC=CC5=CC=CC=C54)C(=O)N6CCCC6)CN1C(=O)C7=CC=CC=C7)CC8=CC=CC=C8,4.801342913045577,6.599980364934842,,5.799998134593398
CN(C)C(=O)C1=CC2=C(N1CC3=C(SC=C3)Br)C[C@@H]4[C@H]2[C@](N(C4)C(=O)C5=CC=CC=C5)(CC6=CC=CC=C6)C(=O)OC,,5.399996913372259,4.499999678657065,5.799998134593398
CN(C)C(=O)C1=CC2=C(N1CC3=C(SC=C3)Br)C[C@@H]4[C@H]2[C@](N(C4)C(=O)C5=CC=CC=C5)(CC6=CC=C(C=C6)OC)C(=O)OC,,5.499996931948306,,6.0
CC1=C(C(=C(C=C1)CN2C3=C(C=C2C(=O)N(C)C)[C@H]4[C@@H](C3)CN([C@@]4(CC5=CC=C(C=C5)OC)C(=O)OC)C(=O)C6=CC=CC=C6)F)F,,5.199998172182031,4.899998417198648,
CN(C)C(=O)C1=CC2=C(N1CC3=CC(=C(C(=C3)F)F)F)C[C@@H]4[C@H]2[C@](N(C4)C(=O)C5=CC=CC=C5)(CC6=CC=CC=C6)C(=O)OC,,5.399996913372259,4.59999938302362,6.100015437450609
CN(C)C(=O)C1=CC2=C(N1CC3=CC(=C(C(=C3)F)F)F)C[C@@H]4[C@H]2[C@](N(C4)C(=O)C5=CC=CC=C5)(CC6=CC=C(C=C6)OC)C(=O)OC,,5.0,4.899998417198648,5.900008766455316
COC(=O)[C@]1([C@@H]2[C@@H](CC3=C2C=C(N3CC4=C(SC=C4)Br)C(=O)N5CCCC5)CN1C(=O)C6=CC=CC=C6)CC7=CC=CC=C7,,5.699991797446187,4.899998417198648,5.399996913372259
COC1=CC=C(C=C1)C[C@@]2([C@@H]3[C@@H](CC4=C3C=C(N4CC5=CC(=C(C(=C5)F)F)F)C(=O)N6CCCC6)CN2C(=O)C7=CC=CC=C7)C(=O)OC,,4.899998417198648,,5.399996913372259
COC1=CC=C(C=C1)C[C@@]2([C@@H]3[C@@H](CC4=C3C=C(N4CCC5=CNC6=CC=CC=C65)C(=O)N7CCCC7)CN2C(=O)C8=CC=CC=C8)C(=O)OC,4.899629454882437,5.299997602857746,,5.900008766455316
COC1=CC=C(C=C1)C[C@@]2([C@@H]3[C@@H](CC4=C3C=C(N4CCC5=CNC6=C5C=C(C=C6)OC)C(=O)N7CCCC7)CN2C(=O)C8=CC=CC=C8)C(=O)OC,5.0,5.399996913372259,4.700000503883016,5.900008766455316
COC1=CC=C(C=C1)C[C@@]2([C@@H]3[C@@H](CC4=C3C=C(N4CC5=C(SC=C5)Br)C(=O)N6CCCC6)CN2C(=O)C7=CC=CC=C7)C(=O)OC,,5.0999990348465305,,5.499996931948306
CC1=C(C(=C(C=C1)CN2C3=C(C=C2C(=O)N4CCCC4)[C@H]5[C@@H](C3)CN([C@@]5(CC6=CC=C(C=C6)OC)C(=O)OC)C(=O)C7=CC=CC=C7)F)F,,4.800000874803203,,5.499996931948306
COC1=CC=C(C=C1)C[C@@]2([C@@H]3[C@@H](CC4=C3C=C(N4CC5=CC(=C(C=C5)Cl)C(F)(F)F)C(=O)N6CCCC6)CN2C(=O)C7=CC=CC=C7)C(=O)OC,4.899629454882437,4.700000503883016,,5.900008766455316
COC1=CC=C(C=C1)C[C@@]2([C@@H]3[C@@H](CC4=C3C=C(N4CCC5=CC=CC=N5)C(=O)N6CCCC6)CN2C(=O)C7=CC=CC=C7)C(=O)OC,,4.800000874803203,,5.699991797446187
COC1=CC=C(C=C1)C[C@@]2([C@@H]3[C@@H](CC4=C3C=C(N4CCC5=CC(=C(C=C5)O)O)C(=O)N6CCCC6)CN2C(=O)C7=CC=CC=C7)C(=O)OC,4.500312917381596,4.899998417198648,4.40000018605658,5.499996931948306
COC1=CC=C(C=C1)C[C@@]2([C@@H]3[C@@H](CC4=C3C=C(N4CC5=CC(=C(C=C5)O)OC)C(=O)N6CCCC6)CN2C(=O)C7=CC=CC=C7)C(=O)OC,,5.499996931948306,,5.699991797446187
COC1=CC=C(C=C1)C[C@@]2([C@@H]3[C@@H](CC4=C3C=C(N4CCC5=CC(=C(C=C5)O)OC)C(=O)N6CCCC6)CN2C(=O)C7=CC=CC=C7)C(=O)OC,,5.599997654072044,4.40000018605658,5.699991797446187
COC1=CC=C(C=C1)C[C@@]2([C@@H]3[C@@H](CC4=C3C=C(N4CCC5=CC(=C(C=C5)OC)Br)C(=O)N6CCCC6)CN2C(=O)C7=CC=CC=C7)C(=O)OC,4.801342913045577,5.499996931948306,,5.799998134593398
COC1=CC=C(C=C1)C[C@@]2([C@@H]3[C@@H](CC4=C3C=C(N4CCC5=CNC6=C5C=C(C=C6)O)C(=O)N7CCCC7)CN2C(=O)C8=CC=CC=C8)C(=O)OC,,5.499996931948306,,5.799998134593398
COC1=CC=C(C=C1)C[C@@]2([C@@H]3[C@@H](CC4=C3C=C(N4CCN5CCOCC5)C(=O)N6CCCC6)CN2C(=O)C7=CC=CC=C7)C(=O)OC,,4.499999678657065,,5.399996913372259
COC1=CC=C(C=C1)C[C@@]2([C@@H]3[C@@H](CC4=C3C=C(N4CCCNC5=C(C=C(C=N5)C(F)(F)F)Cl)C(=O)N6CCCC6)CN2C(=O)C7=CC=CC=C7)C(=O)OC,4.500312917381596,5.0999990348465305,,5.900008766455316
COC1=CC=C(C=C1)C[C@@]2([C@@H]3[C@@H](CC4=C3C=C(N4CCC5=CNC6=C5C=CC(=C6)F)C(=O)N7CCCC7)CN2C(=O)C8=CC=CC=C8)C(=O)OC,4.400116927926312,5.499996931948306,,5.900008766455316
CN(C)C(=O)C1=CC2=C(N1CC3=CC(=C(C=C3)O)OC)C[C@@H]4[C@H]2[C@](N(C4)C(=O)C5=CC=CC=C5)(CC6=CC=CC=C6)C(=O)OC,4.801342913045577,5.599997654072044,4.499999678657065,5.699991797446187
CN(C)C(=O)C1=CC2=C(N1CC3=NC4=CC=CC=C4N3)C[C@@H]5[C@H]2[C@](N(C5)C(=O)C6=CC=CC=C6)(CC7=CC=CC=C7)C(=O)OC,4.698970004336019,5.299997602857746,5.0,5.900008766455316
CN(C)C(=O)C1=CC2=C(N1CC3=CC(=C(C=C3)Cl)C(F)(F)F)C[C@@H]4[C@H]2[C@](N(C4)C(=O)C5=CC=CC=C5)(CC6=CC=C(C=C6)OC)C(=O)OC,,5.0,,5.699991797446187
CN(C)C(=O)C1=CC2=C(N1CCC3=CC(=C(C=C3)OC)Br)C[C@@H]4[C@H]2[C@](N(C4)C(=O)C5=CC=CC=C5)(CC6=CC=C(C=C6)OC)C(=O)OC,4.801342913045577,5.399996913372259,7.300162274132754,5.699991797446187
CN(C)C(=O)C1=CC2=C(N1CC3=CC=CC4=CC=CC=C43)C[C@@H]5[C@H]2[C@](N(C5)C(=O)C6=CC=CC=C6)(CC7=CC=C(C=C7)OC)C(=O)OC,4.801342913045577,5.199998172182031,,5.599997654072044
CN(C)C(=O)C1=CC2=C(N1CC3=CC=C(C=C3)OC(F)(F)F)C[C@@H]4[C@H]2[C@](N(C4)C(=O)C5=CC=CC=C5)(CC6=CC=C(C=C6)OC)C(=O)OC,,4.800000874803203,,5.799998134593398
CN(C)C(=O)C1=CC2=C(N1CC3=CN=C(C=C3)C(F)(F)F)C[C@@H]4[C@H]2[C@](N(C4)C(=O)C5=CC=CC=C5)(CC6=CC=C(C=C6)OC)C(=O)OC,5.801342913045578,4.40000018605658,,5.699991797446187
CN(C)C(=O)C1=CC2=C(N1CC3=NC4=CC=CC=C4N3)C[C@@H]5[C@H]2[C@](N(C5)C(=O)C6=CC=CC=C6)(CC7=CC=C(C=C7)OC)C(=O)OC,4.801342913045577,5.0,5.0,6.0
CN(C)C(=O)C1=CC2=C(N1CC3=CC(=C(C=C3)O)OC)C[C@@H]4[C@H]2[C@](N(C4)C(=O)C5=CC=CC=C5)(CC6=CC=C(C=C6)OC)C(=O)OC,,5.0999990348465305,,6.299988937677887
COC(=O)[C@]1([C@@H]2[C@@H](CC3=C2C=C(N3CCCNC4=C(C=C(C=N4)C(F)(F)F)Cl)C(=O)N5CCCC5)CN1C(=O)C6=CC=CC=C6)CC7=CC=C(C=C7)F,,5.499996931948306,,5.599997654072044
COC(=O)[C@]1([C@@H]2[C@@H](CC3=C2C=C(N3CC4=CC(=C(C=C4)Cl)C(F)(F)F)C(=O)N5CCCC5)CN1C(=O)C6=CC=CC=C6)CC7=CC=C(C=C7)F,,4.899998417198648,,5.599997654072044
COC1=C(C=C(C=C1)CCN2C3=C(C=C2C(=O)N4CCCC4)[C@H]5[C@@H](C3)CN([C@@]5(CC6=CC=C(C=C6)F)C(=O)OC)C(=O)C7=CC=CC=C7)Br,4.801342913045577,5.499996931948306,,5.599997654072044
COC(=O)[C@]1([C@@H]2[C@@H](CC3=C2C=C(N3CC4=CC=CC5=CC=CC=C54)C(=O)N6CCCC6)CN1C(=O)C7=CC=CC=C7)CC8=CC=C(C=C8)F,4.801342913045577,5.799998134593398,,5.699991797446187
COC(=O)[C@]1([C@@H]2[C@@H](CC3=C2C=C(N3CC4=CC=C(C=C4)OC(F)(F)F)C(=O)N5CCCC5)CN1C(=O)C6=CC=CC=C6)CC7=CC=C(C=C7)F,,5.199998172182031,,5.599997654072044
CC1=C(C(=C(C=C1)CN2C3=C(C=C2C(=O)N4CCCC4)[C@H]5[C@@H](C3)CN([C@@]5(CC6=CC=C(C=C6)F)C(=O)OC)C(=O)C7=CC=CC=C7)F)F,,5.0,,5.599997654072044
COC(=O)[C@]1([C@@H]2[C@@H](CC3=C2C=C(N3CCC4=CNC5=C4C=CC(=C5)F)C(=O)N6CCCC6)CN1C(=O)C7=CC=CC=C7)CC8=CC=C(C=C8)F,,5.399996913372259,,6.0
COC1=CC2=C(C=C1)NC=C2CCN3C4=C(C=C3C(=O)N5CCCC5)[C@H]6[C@@H](C4)CN([C@@]6(CC7=CC=C(C=C7)F)C(=O)OC)C(=O)C8=CC=CC=C8,,5.0999990348465305,,6.599980364934842
COC(=O)[C@]1([C@@H]2[C@@H](CC3=C2C=C(N3CCC4=CNC5=CC=CC=C54)C(=O)N6CCCC6)CN1C(=O)C7=CC=CC=C7)CC8=CC=C(C=C8)F,,5.599997654072044,,6.0
CN(C)C(=O)C1=CC2=C(N1CCCNC3=C(C=C(C=C3)C(F)(F)F)Cl)C[C@@H]4[C@H]2[C@](N(C4)C(=O)C5=CC=CC=C5)(CC6=CC=C(C=C6)F)C(=O)OC,,4.700000503883016,4.700000503883016,5.799998134593398
CN(C)C(=O)C1=CC2=C(N1CCC3=CC(=C(C=C3)OC)Br)C[C@@H]4[C@H]2[C@](N(C4)C(=O)C5=CC=CC=C5)(CC6=CC=C(C=C6)F)C(=O)OC,4.801342913045577,5.0,,5.900008766455316
CN(C)C(=O)C1=CC2=C(N1CC3=CC=CC4=CC=CC=C43)C[C@@H]5[C@H]2[C@](N(C5)C(=O)C6=CC=CC=C6)(CC7=CC=C(C=C7)F)C(=O)OC,5.199970640755866,5.499996931948306,,5.599997654072044
CN(C)C(=O)C1=CC2=C(N1CC3=CC=C(C=C3)OC(F)(F)F)C[C@@H]4[C@H]2[C@](N(C4)C(=O)C5=CC=CC=C5)(CC6=CC=C(C=C6)F)C(=O)OC,,4.899998417198648,,
CC1=C(C(=C(C=C1)CN2C3=C(C=C2C(=O)N(C)C)[C@H]4[C@@H](C3)CN([C@@]4(CC5=CC=C(C=C5)F)C(=O)OC)C(=O)C6=CC=CC=C6)F)F,,4.59999938302362,4.700000503883016,6.100015437450609
COCCN1C2=C(C=C1C(=O)N3CCCC3)[C@H]4[C@@H](C2)CN([C@@]4(CC5=CC=CC=C5)C(=O)OC)C(=O)C6=CC=CC=C6,,6.700057099977233,,5.499996931948306
COC1=CC=C(C=C1)C[C@@]2([C@H]3[C@@H](C(=O)C=C3CN2C(=O)C4=CC=CC=C4)CC(=O)C(=O)N5CCCC5)C(=O)OC,,5.0,,5.699991797446187
CN(C)C(=O)C(=O)C[C@H]1[C@H]2C(=CC1=O)CN([C@@]2(CC3=CC=C(C=C3)OC)C(=O)OC)C(=O)C4=CC=CC=C4,,4.59999938302362,,5.599997654072044
CN(C)C(=O)C(=O)C[C@H]1[C@H]2[C@@H](CC1=O)CN([C@@]2(CC3=CC=C(C=C3)OC)C(=O)OC)C(=O)C4=CC=CC=C4,5.698970004336019,4.40000018605658,,6.0
COC1=CC=C(C=C1)C[C@@]2([C@@H]3[C@@H](CC4=C3C=C(N4CC5=CC(=CC6=C5OCOC6)F)C(=O)N7CCCC7)CN2C(=O)C8=CC=CC=C8)C(=O)OC,,5.199998172182031,,5.599997654072044
COC1=CC=C(C=C1)C[C@@]2([C@@H]3[C@@H](CC4=C3C=C(N4CC5=CC(=C(C=C5)OC)OC)C(=O)N6CCCC6)CN2C(=O)C7=CC=CC=C7)C(=O)OC,,5.0,,5.900008766455316
COC1=CC=C(C=C1)C[C@@]2([C@@H]3[C@@H](CC4=C3C=C(N4CC5=CN=C(C=C5)C(F)(F)F)C(=O)N6CCCC6)CN2C(=O)C7=CC=CC=C7)C(=O)OC,,4.899998417198648,,5.499996931948306
COC(=O)[C@]1([C@@H]2[C@@H](CC3=C2C=C(N3CC4=CC(=CC5=C4OCOC5)F)C(=O)N6CCCC6)CN1C(=O)C7=CC=CC=C7)CC8=CC=CC=C8,,6.50003813440381,5.0,5.399996913372259
COC1=C(C=C(C=C1)CN2C3=C(C=C2C(=O)N4CCCC4)[C@H]5[C@@H](C3)CN([C@@]5(CC6=CC=CC=C6)C(=O)OC)C(=O)C7=CC=CC=C7)OC,,5.900008766455316,4.499999678657065,5.900008766455316
COC(=O)[C@]1([C@@H]2[C@@H](CC3=C2C=C(N3CCC4=CC=CC=N4)C(=O)N5CCCC5)CN1C(=O)C6=CC=CC=C6)CC7=CC=CC=C7,,6.100015437450609,,5.699991797446187
COC(=O)[C@]1([C@@H]2[C@@H](CC3=C2C=C(N3CC4=CN=C(C=C4)C(F)(F)F)C(=O)N5CCCC5)CN1C(=O)C6=CC=CC=C6)CC7=CC=CC=C7,,5.299997602857746,4.59999938302362,5.499996931948306
CN(C)C(=O)C(=O)C[C@H]1[C@H]2C(=CC1=O)CN([C@@]2(CC3=CC=CC=C3)C(=O)OC)C(=O)C4=CC=CC=C4,,,,5.0999990348465305
CN(C)C(=O)C1=CC2=C(N1CCC3=CC(=C(C=C3)O)OC)C[C@@H]4[C@H]2[C@](N(C4)C(=O)C5=CC=CC=C5)(CC6=CC=C(C=C6)OC)C(=O)OC,,5.0999990348465305,,5.299997602857746
CC1=CC=C(O1)CN2C3=C(C=C2C(=O)N(C)C)[C@H]4[C@@H](C3)CN([C@@]4(CC5=CC=C(C=C5)OC)C(=O)OC)C(=O)C6=CC=CC=C6,,4.800000874803203,4.40000018605658,5.499996931948306
CN(C)C(=O)C1=CC2=C(N1CC3=CC=CC=C3)C[C@@H]4[C@H]2[C@](N(C4)C(=O)C5=CC=CC=C5)(CC6=CC=C(C=C6)OC)C(=O)OC,,5.0999990348465305,,6.199970640755866
CN(C)C(=O)C1=CC2=C(N1CC3=CC(=C(C=C3)OC)OC)C[C@@H]4[C@H]2[C@](N(C4)C(=O)C5=CC=CC=C5)(CC6=CC=C(C=C6)OC)C(=O)OC,,5.0999990348465305,,6.599980364934842
CN(C)C(=O)C1=CC2=C(N1CCC3=CNC4=C3C=C(C=C4)O)C[C@@H]5[C@H]2[C@](N(C5)C(=O)C6=CC=CC=C6)(CC7=CC=C(C=C7)OC)C(=O)OC,,5.299997602857746,4.800000874803203,5.900008766455316
CN(C)C(=O)C1=CC2=C(N1CC3=CC=CC=C3)C[C@@H]4[C@H]2[C@](N(C4)C(=O)C5=CC=CC=C5)(CC6=CC=CC=C6)C(=O)OC,,5.599997654072044,4.40000018605658,6.0
CN(C)C(=O)C1=CC2=C(N1CC3=CC(=C(C=C3)OC)OC)C[C@@H]4[C@H]2[C@](N(C4)C(=O)C5=CC=CC=C5)(CC6=CC=CC=C6)C(=O)OC,4.600326278518962,5.499996931948306,,6.100015437450609
CN(C)C(=O)C(=O)C[C@H]1[C@H]2[C@@H](CC1=O)CN([C@@]2(CC3=CC=CC=C3)C(=O)OC)C(=O)C4=CC=CC=C4,,4.800000874803203,,5.299997602857746
COC1=CC=C(C=C1)C[C@@]2([C@@H]3[C@@H](CC(=O)[C@H]3CC(=O)C(=O)N4CCCC4)CN2C(=O)C5=CC=CC=C5)C(=O)OC,,4.700000503883016,,6.100015437450609
COC(=O)[C@]1([C@H]2[C@@H](C(=O)C=C2CN1C(=O)C3=CC=CC=C3)CC(=O)C(=O)N4CCCC4)CC5=CC=C(C=C5)F,,5.0,,5.299997602857746
COC(=O)[C@]1([C@@H]2[C@@H](CC(=O)[C@H]2CC(=O)C(=O)N3CCCC3)CN1C(=O)C4=CC=CC=C4)CC5=CC=C(C=C5)F,,4.40000018605658,,5.799998134593398
CN(C)C(=O)C(=O)C[C@H]1[C@H]2C(=CC1=O)CN([C@@]2(CC3=CC=C(C=C3)F)C(=O)OC)C(=O)C4=CC=CC=C4,,4.59999938302362,,5.0
CN(C)C(=O)C1=CC2=C(N1C[C@@H](CO)O)C[C@@H]3[C@H]2[C@](N(C3)C(=O)C4=CC=CC=C4)(CC5=CC=C(C=C5)OC)C(=O)OC,,4.499999678657065,,5.0999990348465305
CC1=CNC(=C(C1=O)CN2C3=C(C=C2C(=O)N(C)C)[C@H]4[C@@H](C3)CN([C@@]4(CC5=CC=C(C=C5)OC)C(=O)OC)C(=O)C6=CC=CC=C6)CO,,4.899998417198648,4.700000503883016,5.599997654072044
CN(C)C(=O)C1=CC2=C(N1CC(=O)OC)C[C@@H]3[C@H]2[C@](N(C3)C(=O)C4=CC=CC=C4)(CC5=CC=C(C=C5)OC)C(=O)OC,,4.899998417198648,,5.499996931948306
CN(C)C(=O)C1=CC2=C(N1CCSCCO)C[C@@H]3[C@H]2[C@](N(C3)C(=O)C4=CC=CC=C4)(CC5=CC=C(C=C5)OC)C(=O)OC,,4.899998417198648,,5.599997654072044
CN1C2=C(C=C1C(=O)N(C)C)[C@H]3[C@@H](C2)CN([C@@]3(CC4=CC=C(C=C4)OC)C(=O)OC)C(=O)C5=CC=CC=C5,,5.0999990348465305,,6.50003813440381
CN(C)C(=O)C1=CC2=C(N1CCF)C[C@@H]3[C@H]2[C@](N(C3)C(=O)C4=CC=CC=C4)(CC5=CC=C(C=C5)OC)C(=O)OC,,4.700000503883016,,5.699991797446187
CN(C)C(=O)C1=CC2=C(N1CCC3=CC=CC=N3)C[C@@H]4[C@H]2[C@](N(C4)C(=O)C5=CC=CC=C5)(CC6=CC=C(C=C6)OC)C(=O)OC,,,,5.699991797446187
CN(C)C(=O)C(=O)C[C@H]1[C@H]2[C@@H](CC1=O)CN([C@@]2(CC3=CC=C(C=C3)F)C(=O)OC)C(=O)C4=CC=CC=C4,,4.700000503883016,,5.199998172182031
CN(C)C(=O)C1=CC2=C(N1CCC3=CC(=C(C=C3)O)O)C[C@@H]4[C@H]2[C@](N(C4)C(=O)C5=CC=CC=C5)(CC6=CC=C(C=C6)F)C(=O)OC,4.500312917381596,4.899998417198648,4.499999678657065,5.499996931948306
CN(C)C(=O)C1=CC2=C(N1CC3=CC(=C(C=C3)OC)OC)C[C@@H]4[C@H]2[C@](N(C4)C(=O)C5=CC=CC=C5)(CC6=CC=C(C=C6)F)C(=O)OC,4.500312917381596,4.899998417198648,4.40000018605658,6.199970640755866
CC1=CC=C(O1)CN2C3=C(C=C2C(=O)N(C)C)[C@H]4[C@@H](C3)CN([C@@]4(CC5=CC=C(C=C5)F)C(=O)OC)C(=O)C6=CC=CC=C6,,5.0,4.40000018605658,5.599997654072044
CN(C)C(=O)C1=CC2=C(N1CC3=CC=CC=C3)C[C@@H]4[C@H]2[C@](N(C4)C(=O)C5=CC=CC=C5)(CC6=CC=C(C=C6)F)C(=O)OC,,5.0,4.700000503883016,5.900008766455316
CN(C)C(=O)C1=CC2=C(N1CCC3=CNC4=C3C=C(C=C4)OC)C[C@@H]5[C@H]2[C@](N(C5)C(=O)C6=CC=CC=C6)(CC7=CC=C(C=C7)F)C(=O)OC,4.899629454882437,5.0,5.0,6.199970640755866
CN(C)C(=O)C1=CC2=C(N1CC3=C(SC=C3)Br)C[C@@H]4[C@H]2[C@](N(C4)C(=O)C5=CC=CC=C5)(CC6=CC=C(C=C6)F)C(=O)OC,,5.0999990348465305,,5.900008766455316
CN(C)C(=O)C1=CC2=C(N1CC3=CC(=C(C=C3)Cl)C(F)(F)F)C[C@@H]4[C@H]2[C@](N(C4)C(=O)C5=CC=CC=C5)(CC6=CC=C(C=C6)F)C(=O)OC,4.801342913045577,5.399996913372259,5.199998172182031,5.699991797446187
CN(C)C(=O)C1=CC2=C(N1CC3=CN=C(C=C3)C(F)(F)F)C[C@@H]4[C@H]2[C@](N(C4)C(=O)C5=CC=CC=C5)(CC6=CC=C(C=C6)F)C(=O)OC,,4.59999938302362,4.700000503883016,5.900008766455316
CN(C)C(=O)C1=CC2=C(N1CC3=NC4=CC=CC=C4N3)C[C@@H]5[C@H]2[C@](N(C5)C(=O)C6=CC=CC=C6)(CC7=CC=C(C=C7)F)C(=O)OC,4.801342913045577,5.299997602857746,5.699991797446187,6.0
CN(C)C(=O)C1=CC2=C(N1CC3CC3)C[C@@H]4[C@H]2[C@](N(C4)C(=O)C5=CC=CC=C5)(CC6=CC=C(C=C6)F)C(=O)OC,4.600326278518962,5.0,,6.50003813440381
CN(C)C(=O)C1=CC2=C(N1CC3=CC(=C(C=C3)O)OC)C[C@@H]4[C@H]2[C@](N(C4)C(=O)C5=CC=CC=C5)(CC6=CC=C(C=C6)F)C(=O)OC,4.600326278518962,5.0,4.700000503883016,6.0
CN(C)C(=O)C1=CC2=C(N1CCC3=CC=CC=N3)C[C@@H]4[C@H]2[C@](N(C4)C(=O)C5=CC=CC=C5)(CC6=CC=C(C=C6)F)C(=O)OC,,5.0,,6.100015437450609
CN(C)C(=O)C1=CC2=C(N1CCN3CCOCC3)C[C@@H]4[C@H]2[C@](N(C4)C(=O)C5=CC=CC=C5)(CC6=CC=C(C=C6)F)C(=O)OC,,,,6.0
CN(C)C(=O)C1=CC2=C(N1CC3=CC=CC=N3)C[C@@H]4[C@H]2[C@](N(C4)C(=O)C5=CC=CC=C5)(CC6=CC=C(C=C6)F)C(=O)OC,4.600326278518962,5.0,,6.100015437450609
COC(=O)[C@]1([C@@H]2[C@@H](CC3=C2C=C(N3CC4CC4)C(=O)N5CCCC5)CN1C(=O)C6=CC=CC=C6)CC7=CC=CC=C7,,6.0,,5.499996931948306
COC1=C(C=CC(=C1)CN2C3=C(C=C2C(=O)N4CCCC4)[C@H]5[C@@H](C3)CN([C@@]5(CC6=CC=CC=C6)C(=O)OC)C(=O)C7=CC=CC=C7)O,4.600326278518962,5.599997654072044,4.700000503883016,5.699991797446187
CC1=CC=C(O1)CN2C3=C(C=C2C(=O)N4CCCC4)[C@H]5[C@@H](C3)CN([C@@]5(CC6=CC=CC=C6)C(=O)OC)C(=O)C7=CC=CC=C7,4.899629454882437,6.0,4.40000018605658,5.699991797446187
COC(=O)[C@]1([C@@H]2[C@@H](CC3=C2C=C(N3CC4=CC=CC=C4)C(=O)N5CCCC5)CN1C(=O)C6=CC=CC=C6)CC7=CC=CC=C7,,5.900008766455316,,5.599997654072044
COC(=O)[C@]1([C@@H]2[C@@H](CC3=C2C=C(N3)C(=O)N4CCCC4)CN1C(=O)C5=CC=CC=C5)CC6=CC=CC=C6,5.8996294548824375,6.100015437450609,,5.599997654072044
COC(=O)[C@]1([C@@H]2[C@@H](CC3=C2C=C(N3CCO)C(=O)N4CCCC4)CN1C(=O)C5=CC=CC=C5)CC6=CC=CC=C6,,5.599997654072044,,5.0
COC1=CC=C(C=C1)C[C@@]2([C@@H]3[C@@H](CC4=C3C=C(N4CCO)C(=O)N5CCCC5)CN2C(=O)C6=CC=CC=C6)C(=O)OC,,4.899998417198648,,5.399996913372259
COC(=O)[C@]1([C@@H]2[C@@H](CC3=C2C=C(N3CCSCCO)C(=O)N4CCCC4)CN1C(=O)C5=CC=CC=C5)CC6=CC=CC=C6,,5.799998134593398,,5.499996931948306
COC1=CC=C(C=C1)C[C@@]2([C@@H]3[C@@H](CC4=C3C=C(N4CCSCCO)C(=O)N5CCCC5)CN2C(=O)C6=CC=CC=C6)C(=O)OC,,4.899998417198648,,5.599997654072044
COC(=O)[C@]1([C@@H]2[C@@H](CC3=C2C=C(N3CC4=CC=C(C=C4)S(=O)(=O)C)C(=O)N5CCCC5)CN1C(=O)C6=CC=CC=C6)CC7=CC=CC=C7,,4.899998417198648,,5.499996931948306
COC1=CC=C(C=C1)C[C@@]2([C@@H]3[C@@H](CC4=C3C=C(N4CC5=CC=C(C=C5)S(=O)(=O)C)C(=O)N6CCCC6)CN2C(=O)C7=CC=CC=C7)C(=O)OC,,5.0,,5.699991797446187
CN1C2=C(C=C1C(=O)N3CCCC3)[C@H]4[C@@H](C2)CN([C@@]4(CC5=CC=CC=C5)C(=O)OC)C(=O)C6=CC=CC=C6,4.600326278518962,5.900008766455316,,5.399996913372259
COC(=O)CN1C2=C(C=C1C(=O)N3CCCC3)[C@H]4[C@@H](C2)CN([C@@]4(CC5=CC=CC=C5)C(=O)OC)C(=O)C6=CC=CC=C6,,6.100015437450609,,5.599997654072044
CC1=CNC(=C(C1=O)CN2C3=C(C=C2C(=O)N4CCCC4)[C@H]5[C@@H](C3)CN([C@@]5(CC6=CC=CC=C6)C(=O)OC)C(=O)C7=CC=CC=C7)CO,5.300162274132754,6.0,4.899998417198648,5.599997654072044
CN(C)C(=O)C1=CC2=C(N1CC3=CC=CC=N3)C[C@@H]4[C@H]2[C@](N(C4)C(=O)C5=CC=CC=C5)(CC6=CC=C(C=C6)OC)C(=O)OC,,4.700000503883016,4.40000018605658,5.900008766455316
CN(C)C(=O)C1=CC2=C(N1CC3=CC=CC=N3)C[C@@H]4[C@H]2[C@](N(C4)C(=O)C5=CC=CC=C5)(CC6=CC=CC=C6)C(=O)OC,,5.0999990348465305,,6.0
COC(=O)[C@]1([C@@H]2[C@@H](CC3=C2C=C(N3CCN4CNCC4=O)C(=O)N5CCCC5)CN1C(=O)C6=CC=CC=C6)CC7=CC=CC=C7,4.600326278518962,5.699991797446187,4.40000018605658,5.799998134593398
CN(C)C(=O)C1=CC2=C(N1CCN3CNCC3=O)C[C@@H]4[C@H]2[C@](N(C4)C(=O)C5=CC=CC=C5)(CC6=CC=C(C=C6)OC)C(=O)OC,4.698970004336019,,,5.900008766455316
CN(C)C(=O)C1=CC2=C(N1CCN3CNCC3=O)C[C@@H]4[C@H]2[C@](N(C4)C(=O)C5=CC=CC=C5)(CC6=CC=CC=C6)C(=O)OC,5.300162274132754,4.59999938302362,,5.799998134593398
CN(C)C(=O)C1=CC2=C(N1)C[C@@H]3[C@H]2[C@](N(C3)C(=O)C4=CC=CC=C4)(CC5=CC=C(C=C5)OC)C(=O)OC,4.698970004336019,5.399996913372259,,5.799998134593398
CN(C)C(=O)C1=CC2=C(N1)C[C@@H]3[C@H]2[C@](N(C3)C(=O)C4=CC=CC=C4)(CC5=CC=CC=C5)C(=O)OC,4.500312917381596,6.50003813440381,4.499999678657065,5.699991797446187
CN(C)C(=O)C1=CC2=C(N1CCO)C[C@@H]3[C@H]2[C@](N(C3)C(=O)C4=CC=CC=C4)(CC5=CC=C(C=C5)OC)C(=O)OC,,4.899998417198648,,5.399996913372259
CN(C)C(=O)C1=CC2=C(N1CCO)C[C@@H]3[C@H]2[C@](N(C3)C(=O)C4=CC=CC=C4)(CC5=CC=CC=C5)C(=O)OC,,5.699991797446187,,5.399996913372259
CN(C)C(=O)C1=CC2=C(N1CC3=CC=C(C=C3)S(=O)(=O)C)C[C@@H]4[C@H]2[C@](N(C4)C(=O)C5=CC=CC=C5)(CC6=CC=C(C=C6)OC)C(=O)OC,4.801342913045577,4.899998417198648,,5.599997654072044
CC1=CC(=NN1C)CN2C3=C(C=C2C(=O)N(C)C)[C@H]4[C@@H](C3)CN([C@@]4(CC5=CC=C(C=C5)OC)C(=O)OC)C(=O)C6=CC=CC=C6,,4.899998417198648,,5.799998134593398
CC1=CC(=NN1C)CN2C3=C(C=C2C(=O)N(C)C)[C@H]4[C@@H](C3)CN([C@@]4(CC5=CC=CC=C5)C(=O)OC)C(=O)C6=CC=CC=C6,,5.0999990348465305,4.40000018605658,6.0
CN(C)C(=O)C1=CC2=C(N1CC3=CC=C(C=C3)S(=O)(=O)C)C[C@@H]4[C@H]2[C@](N(C4)C(=O)C5=CC=CC=C5)(CC6=CC=CC=C6)C(=O)OC,4.500312917381596,4.59999938302362,,6.0
CC1=CNC(=C(C1=O)CN2C3=C(C=C2C(=O)N(C)C)[C@H]4[C@@H](C3)CN([C@@]4(CC5=CC=CC=C5)C(=O)OC)C(=O)C6=CC=CC=C6)CO,4.600326278518962,6.199970640755866,4.899998417198648,5.799998134593398
CN1C2=C(C=C1C(=O)N(C)C)[C@H]3[C@@H](C2)CN([C@@]3(CC4=CC=CC=C4)C(=O)OC)C(=O)C5=CC=CC=C5,,5.499996931948306,,5.399996913372259
CN(C)C(=O)C1=CC2=C(N1CCSCCO)C[C@@H]3[C@H]2[C@](N(C3)C(=O)C4=CC=CC=C4)(CC5=CC=CC=C5)C(=O)OC,4.698970004336019,5.299997602857746,,5.699991797446187
CN(C)C(=O)C1=CC2=C(N1CCF)C[C@@H]3[C@H]2[C@](N(C3)C(=O)C4=CC=CC=C4)(CC5=CC=CC=C5)C(=O)OC,,5.699991797446187,,5.599997654072044
CN(C)C(=O)C1=CC2=C(N1C[C@@H](CO)O)C[C@@H]3[C@H]2[C@](N(C3)C(=O)C4=CC=CC=C4)(CC5=CC=CC=C5)C(=O)OC,4.600326278518962,5.299997602857746,,5.499996931948306
COC1=CC=C(C=C1)C[C@@]2([C@@H]3[C@@H](CC4=C3C=C(N4C[C@@H](CO)O)C(=O)N5CCCC5)CN2C(=O)C6=CC=CC=C6)C(=O)OC,,4.499999678657065,,5.599997654072044
CC1=CNC(=C(C1=O)CN2C3=C(C=C2C(=O)N4CCCC4)[C@H]5[C@@H](C3)CN([C@@]5(CC6=CC=C(C=C6)OC)C(=O)OC)C(=O)C7=CC=CC=C7)CO,4.600326278518962,4.899998417198648,4.700000503883016,5.399996913372259
COC1=CC=C(C=C1)C[C@@]2([C@@H]3[C@@H](CC4=C3C=C(N4CCF)C(=O)N5CCCC5)CN2C(=O)C6=CC=CC=C6)C(=O)OC,,5.0,,5.799998134593398
CC1=NC(=CN1CCN2C3=C(C=C2C(=O)N4CCCC4)[C@H]5[C@@H](C3)CN([C@@]5(CC6=CC=C(C=C6)OC)C(=O)OC)C(=O)C7=CC=CC=C7)[N+](=O)[O-],,4.499999678657065,,5.399996913372259
CC1=CC(=NN1C)CN2C3=C(C=C2C(=O)N4CCCC4)[C@H]5[C@@H](C3)CN([C@@]5(CC6=CC=C(C=C6)OC)C(=O)OC)C(=O)C7=CC=CC=C7,4.500312917381596,4.899998417198648,,5.799998134593398
COC1=CC=C(C=C1)C[C@@]2([C@H]3C(=C)C(=O)C=C3CN2C(=O)C4=CC=CC=C4)C(=O)OC,4.801342913045577,5.499996931948306,,5.799998134593398
COC(=O)[C@]1([C@H]2C(=C)C(=O)C=C2CN1C(=O)C3=CC=CC=C3)CC4=CC=C(C=C4)F,4.801342913045577,5.399996913372259,4.40000018605658,5.0999990348465305
COC1=CC=C(C=C1)C[C@@]2([C@@H]3[C@@H](CC4=C3C=C(N4CCN5CNCC5=O)C(=O)N6CCCC6)CN2C(=O)C7=CC=CC=C7)C(=O)OC,4.500312917381596,,,5.599997654072044
COCCN1C2=C(C=C1C(=O)N3CCCC3)[C@H]4[C@@H](C2)CN([C@@]4(CC5=CC=C(C=C5)OC)C(=O)OC)C(=O)C6=CC=CC=C6,,4.40000018605658,,5.499996931948306
COC(=O)[C@]1([C@@H]2[C@@H](CC3=C2C=C(N3C[C@@H](CO)O)C(=O)N4CCCC4)CN1C(=O)C5=CC=CC=C5)CC6=CC=C(C=C6)F,,4.899998417198648,,5.0999990348465305
CC1=CC(=NN1C)CN2C3=C(C=C2C(=O)N4CCCC4)[C@H]5[C@@H](C3)CN([C@@]5(CC6=CC=C(C=C6)F)C(=O)OC)C(=O)C7=CC=CC=C7,,5.399996913372259,4.40000018605658,5.900008766455316
COC(=O)[C@]1([C@@H]2[C@@H](CC3=C2C=C(N3CCSCCO)C(=O)N4CCCC4)CN1C(=O)C5=CC=CC=C5)CC6=CC=C(C=C6)F,,5.0999990348465305,,5.399996913372259
COC(=O)[C@]1([C@@H]2[C@@H](CC3=C2C=C(N3CCF)C(=O)N4CCCC4)CN1C(=O)C5=CC=CC=C5)CC6=CC=C(C=C6)F,4.801342913045577,5.0999990348465305,,6.199970640755866
COC(=O)[C@]1([C@@H]2[C@@H](CC3=C2C=C(N3CCC4=CC=CC=N4)C(=O)N5CCCC5)CN1C(=O)C6=CC=CC=C6)CC7=CC=C(C=C7)F,,5.299997602857746,4.40000018605658,5.900008766455316
COC(=O)[C@]1([C@@H]2[C@@H](CC3=C2C=C(N3CCC4=CC(=C(C=C4)O)O)C(=O)N5CCCC5)CN1C(=O)C6=CC=CC=C6)CC7=CC=C(C=C7)F,4.698970004336019,5.499996931948306,4.899998417198648,5.599997654072044
COC(=O)[C@]1([C@@H]2[C@@H](CC3=C2C=C(N3CCN4CNCC4=O)C(=O)N5CCCC5)CN1C(=O)C6=CC=CC=C6)CC7=CC=C(C=C7)F,4.801342913045577,5.0999990348465305,4.40000018605658,5.699991797446187
COCCN1C2=C(C=C1C(=O)N3CCCC3)[C@H]4[C@@H](C2)CN([C@@]4(CC5=CC=C(C=C5)F)C(=O)OC)C(=O)C6=CC=CC=C6,4.500312917381596,5.0,,5.699991797446187
COC(=O)[C@]1([C@@H]2[C@@H](CC3=C2C=C(N3CC4=CC(=CC5=C4OCOC5)F)C(=O)N6CCCC6)CN1C(=O)C7=CC=CC=C7)CC8=CC=C(C=C8)F,4.600326278518962,6.100015437450609,,5.599997654072044
COC(=O)[C@]1([C@@H]2[C@@H](CC3=C2C=C(N3CC4=CN=C(C=C4)C(F)(F)F)C(=O)N5CCCC5)CN1C(=O)C6=CC=CC=C6)CC7=CC=C(C=C7)F,5.199970640755866,5.0,,6.599980364934842
CC1=CC=C(O1)CN2C3=C(C=C2C(=O)N4CCCC4)[C@H]5[C@@H](C3)CN([C@@]5(CC6=CC=C(C=C6)F)C(=O)OC)C(=O)C7=CC=CC=C7,5.0,5.399996913372259,4.40000018605658,5.499996931948306
COC(=O)[C@]1([C@@H]2[C@@H](CC3=C2C=C(N3CC4=CC=CC=C4)C(=O)N5CCCC5)CN1C(=O)C6=CC=CC=C6)CC7=CC=C(C=C7)F,4.698970004336019,5.399996913372259,,6.0
COC(=O)[C@]1([C@@H]2[C@@H](CC3=C2C=C(N3CCO)C(=O)N4CCCC4)CN1C(=O)C5=CC=CC=C5)CC6=CC=C(C=C6)F,4.600326278518962,5.199998172182031,,6.100015437450609
COC(=O)CN1C2=C(C=C1C(=O)N3CCCC3)[C@H]4[C@@H](C2)CN([C@@]4(CC5=CC=C(C=C5)F)C(=O)OC)C(=O)C6=CC=CC=C6,4.801342913045577,5.699991797446187,,5.499996931948306
COC(=O)[C@]1([C@@H]2[C@@H](CC3=C2C=C(N3CC4=CC=CC=N4)C(=O)N5CCCC5)CN1C(=O)C6=CC=CC=C6)CC7=CC=C(C=C7)F,4.698970004336019,5.699991797446187,,6.0
COC(=O)[C@]1([C@@H]2[C@@H](CC3=C2C=C(N3CC4=CC=C(C=C4)S(=O)(=O)C)C(=O)N5CCCC5)CN1C(=O)C6=CC=CC=C6)CC7=CC=C(C=C7)F,4.801342913045577,4.59999938302362,,5.900008766455316
CC1=CNC(=C(C1=O)CN2C3=C(C=C2C(=O)N4CCCC4)[C@H]5[C@@H](C3)CN([C@@]5(CC6=CC=C(C=C6)F)C(=O)OC)C(=O)C7=CC=CC=C7)CO,4.698970004336019,5.0,4.899998417198648,5.699991797446187
COC(=O)[C@]1([C@@H]2[C@@H](CC3=C2C=C(N3CC4CC4)C(=O)N5CCCC5)CN1C(=O)C6=CC=CC=C6)CC7=CC=C(C=C7)F,,5.299997602857746,,7.0
CN(C)C(=O)C1=CC2=C(N1)C[C@@H]3[C@H]2[C@](N(C3)C(=O)C4=CC=CC=C4)(CC5=CC=C(C=C5)F)C(=O)OC,4.698970004336019,5.0,,6.199970640755866
CN(C)C(=O)C1=CC2=C(N1CCO)C[C@@H]3[C@H]2[C@](N(C3)C(=O)C4=CC=CC=C4)(CC5=CC=C(C=C5)F)C(=O)OC,4.801342913045577,4.800000874803203,4.59999938302362,5.399996913372259
CC1=CNC(=C(C1=O)CN2C3=C(C=C2C(=O)N(C)C)[C@H]4[C@@H](C3)CN([C@@]4(CC5=CC=C(C=C5)F)C(=O)OC)C(=O)C6=CC=CC=C6)CO,4.600326278518962,5.0,4.800000874803203,5.799998134593398
CC1=CC(=NN1C)CN2C3=C(C=C2C(=O)N(C)C)[C@H]4[C@@H](C3)CN([C@@]4(CC5=CC=C(C=C5)F)C(=O)OC)C(=O)C6=CC=CC=C6,4.698970004336019,4.700000503883016,4.40000018605658,5.699991797446187
CN(C)C(=O)C1=CC2=C(N1CC(=O)OC)C[C@@H]3[C@H]2[C@](N(C3)C(=O)C4=CC=CC=C4)(CC5=CC=C(C=C5)F)C(=O)OC,4.500312917381596,4.700000503883016,,
CN(C)C(=O)C1=CC2=C(N1CCSCCO)C[C@@H]3[C@H]2[C@](N(C3)C(=O)C4=CC=CC=C4)(CC5=CC=C(C=C5)F)C(=O)OC,4.698970004336019,4.700000503883016,,5.599997654072044
CN1C2=C(C=C1C(=O)N(C)C)[C@H]3[C@@H](C2)CN([C@@]3(CC4=CC=C(C=C4)F)C(=O)OC)C(=O)C5=CC=CC=C5,4.500312917381596,4.899998417198648,,5.799998134593398
CN(C)C(=O)C1=CC2=C(N1CC3=CC=C(C=C3)S(=O)(=O)C)C[C@@H]4[C@H]2[C@](N(C4)C(=O)C5=CC=CC=C5)(CC6=CC=C(C=C6)F)C(=O)OC,4.600326278518962,4.800000874803203,,6.100015437450609
CN(C)C(=O)C1=CC2=C(N1CCOC)C[C@@H]3[C@H]2[C@](N(C3)C(=O)C4=CC=CC=C4)(CC5=CC=C(C=C5)F)C(=O)OC,,4.59999938302362,,5.799998134593398
CN(C)C(=O)C1=CC2=C(N1CCF)C[C@@H]3[C@H]2[C@](N(C3)C(=O)C4=CC=CC=C4)(CC5=CC=C(C=C5)F)C(=O)OC,,5.199998172182031,,5.599997654072044
C[C@H]([C@@H]1C[C@@]1(C)[C@H](C2=CC=CC=C2)NC(=O)OCC3=CC=CC=C3)C(=O)N[C@H](CC4=CC=CC=C4)CO,4.801342913045577,4.800000874803203,4.59999938302362,5.599997654072044
C[C@H]([C@H]1C[C@]1(C)[C@@H](C2=CC=CC=C2)NC(=O)OCC3=CC=CC=C3)C(=O)N[C@H](CC4=CC=CC=C4)CO,4.698970004336019,4.899998417198648,5.399996913372259,5.900008766455316
C[C@H]([C@@H]1C[C@@]1(C)[C@H](C2=CC=CC=C2)NC(=O)OCC3=CC=CC=C3)C(=O)NCC4=NC5=CC=CC=C5N4,4.899629454882437,5.0,4.800000874803203,6.0
C1[C@H]([C@@H]1C(=O)NCC2=CC=CC=C2)[C@H](C3=CC=CC=C3)NC(=O)OCC4=CC=CC=C4,5.0,5.399996913372259,,4.800000874803203
C1[C@H]([C@@H]1C(=O)NCC2=CC=CC=N2)[C@H](C3=CC=CC=C3)NC(=O)OCC4=CC=CC=C4,5.0,4.700000503883016,,5.199998172182031
C1[C@H]([C@@H]1C(=O)O)[C@H](C2=CC=CC=C2)NC(=O)OCC3=CC=CC=C3,4.698970004336019,,,
CC(CC1=CC=CC=C1)C(=O)NCC2=CC=CC=N2,4.801342913045577,,4.40000018605658,
C[C@H]([C@H]1C[C@]1(C)[C@@H](C2=CC=CC=C2)NC(=O)OCC3=CC=CC=C3)C(=O)OC,4.801342913045577,5.699991797446187,,5.0999990348465305
C[C@H]([C@@H]1C[C@@]1(C)[C@H](C2=CC=CC=C2)NC(=O)OCC3=CC=CC=C3)C(=O)OC,4.801342913045577,5.299997602857746,,5.0
COC(=O)[C@H]1C[C@@H]1[C@@H](C2=CC=CC=C2)NP(=O)(C3=CC=CC=C3)C4=CC=CC=C4,,4.40000018605658,4.499999678657065,5.599997654072044
COC(=O)[C@@H]1C[C@H]1[C@H](C2=CC=CC=C2)NP(=O)(C3=CC=CC=C3)C4=CC=CC=C4,,4.40000018605658,,6.0
C[C@H]([C@@H]1C[C@@]1(C)[C@H](C2=CC=CC=C2)NC(=O)OCC3=CC=CC=C3)C(=O)NCCOC,4.801342913045577,4.499999678657065,5.0999990348465305,5.0999990348465305
C[C@H]([C@H]1C[C@]1(C)[C@@H](C2=CC=CC=C2)NC(=O)OCC3=CC=CC=C3)C(=O)O,,4.800000874803203,,4.899998417198648
C[C@H]([C@H]1C[C@]1(C)[C@@H](C2=CC=CC=C2)NC(=O)OCC3=CC=CC=C3)C(=O)NC,4.698970004336019,5.0,4.800000874803203,5.699991797446187
C[C@H]([C@H]1C[C@]1(C)[C@@H](C2=CC=CC=C2)NC(=O)OCC3=CC=CC=C3)C(=O)NCC4=CC=C(C=C4)S(=O)(=O)C,4.899629454882437,5.0,6.400007822415902,5.499996931948306
C[C@H]([C@H]1C[C@]1(C)[C@@H](C2=CC=CC=C2)NC(=O)OCC3=CC=CC=C3)C(=O)NCC4=CC=CC=N4,4.600326278518962,5.0,4.899998417198648,5.299997602857746
CC1=CC=C(O1)CNC(=O)[C@H](C)[C@H]2C[C@]2(C)[C@@H](C3=CC=CC=C3)NC(=O)OCC4=CC=CC=C4,4.801342913045577,5.0,5.299997602857746,5.0999990348465305
C[C@H](CO)NC(=O)[C@H](C)[C@H]1C[C@]1(C)[C@@H](C2=CC=CC=C2)NC(=O)OCC3=CC=CC=C3,4.899629454882437,4.59999938302362,4.800000874803203,5.399996913372259
C[C@H]([C@H]1C[C@]1(C)[C@@H](C2=CC=CC=C2)NC(=O)OCC3=CC=CC=C3)C(=O)NCC4=CC=CC=C4,,5.0,6.400007822415902,5.199998172182031
C[C@H]([C@H]1C[C@]1(C)[C@@H](C2=CC=CC=C2)NC(=O)OCC3=CC=CC=C3)C(=O)NCCC4=CNC5=CC=CC=C54,4.801342913045577,6.199970640755866,5.699991797446187,5.799998134593398
C[C@H]([C@H]1C[C@]1(C)[C@@H](C2=CC=CC=C2)NC(=O)OCC3=CC=CC=C3)C(=O)NCC4CC4,4.801342913045577,5.900008766455316,5.799998134593398,5.599997654072044
CC1=CC(=NN1C)CNC(=O)[C@H](C)[C@H]2C[C@]2(C)[C@@H](C3=CC=CC=C3)NC(=O)OCC4=CC=CC=C4,4.698970004336019,5.199998172182031,4.700000503883016,5.799998134593398
C[C@H]([C@@H]1C[C@@]1(C)[C@H](C2=CC=CC=C2)NC(=O)OCC3=CC=CC=C3)C(=O)NC,4.698970004336019,4.59999938302362,5.499996931948306,5.599997654072044
C[C@H]([C@@H]1C[C@@]1(C)[C@H](C2=CC=CC=C2)NC(=O)OCC3=CC=CC=C3)C(=O)NCC4=CC=C(C=C4)S(=O)(=O)C,4.801342913045577,4.59999938302362,4.700000503883016,6.0
C[C@H]([C@@H]1C[C@@]1(C)[C@H](C2=CC=CC=C2)NC(=O)OCC3=CC=CC=C3)C(=O)NCC4=CC=CC=N4,4.698970004336019,4.59999938302362,4.899998417198648,5.0
CC1=CC=C(O1)CNC(=O)[C@H](C)[C@@H]2C[C@@]2(C)[C@H](C3=CC=CC=C3)NC(=O)OCC4=CC=CC=C4,4.899629454882437,4.899998417198648,5.0,5.0
C[C@H](CO)NC(=O)[C@H](C)[C@@H]1C[C@@]1(C)[C@H](C2=CC=CC=C2)NC(=O)OCC3=CC=CC=C3,4.899629454882437,4.40000018605658,4.899998417198648,5.299997602857746
C[C@H]([C@@H]1C[C@@]1(C)[C@H](C2=CC=CC=C2)NC(=O)OCC3=CC=CC=C3)C(=O)NCC4=CC=CC=C4,5.300162274132754,5.0999990348465305,5.599997654072044,5.0999990348465305
C[C@H]([C@@H]1C[C@@]1(C)[C@H](C2=CC=CC=C2)NC(=O)OCC3=CC=CC=C3)C(=O)NCCC4=CNC5=CC=CC=C54,4.899629454882437,5.599997654072044,5.0,5.499996931948306
C[C@H]([C@@H]1C[C@@]1(C)[C@H](C2=CC=CC=C2)NC(=O)OCC3=CC=CC=C3)C(=O)NCC4CC4,4.801342913045577,4.800000874803203,6.100015437450609,5.599997654072044
CC1=CC(=NN1C)CNC(=O)[C@H](C)[C@@H]2C[C@@]2(C)[C@H](C3=CC=CC=C3)NC(=O)OCC4=CC=CC=C4,4.698970004336019,4.899998417198648,4.800000874803203,5.599997654072044
CNC(=O)[C@H]1C[C@@H]1[C@@H](C2=CC=CC=C2)NP(=O)(C3=CC=CC=C3)C4=CC=CC=C4,,,,5.699991797446187
C1[C@@H]([C@H]1C(=O)NC2=CC3=CC=CC=C3C=C2)[C@@H](C4=CC=CC=C4)NP(=O)(C5=CC=CC=C5)C6=CC=CC=C6,5.0,5.499996931948306,,5.599997654072044
CS(=O)(=O)C1=CC=C(C=C1)CNC(=O)[C@H]2C[C@@H]2[C@@H](C3=CC=CC=C3)NP(=O)(C4=CC=CC=C4)C5=CC=CC=C5,,4.899998417198648,,5.299997602857746
C1[C@@H]([C@H]1C(=O)NCC2=CC=CC=N2)[C@@H](C3=CC=CC=C3)NP(=O)(C4=CC=CC=C4)C5=CC=CC=C5,4.600326278518962,4.40000018605658,4.499999678657065,5.0999990348465305
CC1=CC=C(O1)CNC(=O)[C@H]2C[C@@H]2[C@@H](C3=CC=CC=C3)NP(=O)(C4=CC=CC=C4)C5=CC=CC=C5,4.500312917381596,5.0,,5.299997602857746
C1[C@@H]([C@H]1C(=O)NCC2=CC=CC=C2)[C@@H](C3=CC=CC=C3)NP(=O)(C4=CC=CC=C4)C5=CC=CC=C5,4.600326278518962,6.100015437450609,4.59999938302362,4.899998417198648
C1[C@@H]([C@H]1C(=O)NCCC2=CNC3=CC=CC=C32)[C@@H](C4=CC=CC=C4)NP(=O)(C5=CC=CC=C5)C6=CC=CC=C6,4.899629454882437,5.699991797446187,,5.799998134593398
C1CC1CNC(=O)[C@H]2C[C@@H]2[C@@H](C3=CC=CC=C3)NP(=O)(C4=CC=CC=C4)C5=CC=CC=C5,,4.800000874803203,4.59999938302362,4.899998417198648
CC1=CC(=NN1C)CNC(=O)[C@H]2C[C@@H]2[C@@H](C3=CC=CC=C3)NP(=O)(C4=CC=CC=C4)C5=CC=CC=C5,,,,5.599997654072044
CNC(=O)[C@@H]1C[C@H]1[C@H](C2=CC=CC=C2)NP(=O)(C3=CC=CC=C3)C4=CC=CC=C4,,4.800000874803203,,5.299997602857746
C1[C@H]([C@@H]1C(=O)NC2=CC3=CC=CC=C3C=C2)[C@H](C4=CC=CC=C4)NP(=O)(C5=CC=CC=C5)C6=CC=CC=C6,4.698970004336019,5.0999990348465305,,
CS(=O)(=O)C1=CC=C(C=C1)CNC(=O)[C@@H]2C[C@H]2[C@H](C3=CC=CC=C3)NP(=O)(C4=CC=CC=C4)C5=CC=CC=C5,,,,6.100015437450609
C1[C@H]([C@@H]1C(=O)NCC2=CC=CC=N2)[C@H](C3=CC=CC=C3)NP(=O)(C4=CC=CC=C4)C5=CC=CC=C5,,,,4.800000874803203
CC1=CC=C(O1)CNC(=O)[C@@H]2C[C@H]2[C@H](C3=CC=CC=C3)NP(=O)(C4=CC=CC=C4)C5=CC=CC=C5,,4.59999938302362,,5.299997602857746
C1[C@H]([C@@H]1C(=O)NCC2=CC=CC=C2)[C@H](C3=CC=CC=C3)NP(=O)(C4=CC=CC=C4)C5=CC=CC=C5,,4.59999938302362,4.40000018605658,5.399996913372259
C1[C@H]([C@@H]1C(=O)NCCC2=CNC3=CC=CC=C32)[C@H](C4=CC=CC=C4)NP(=O)(C5=CC=CC=C5)C6=CC=CC=C6,4.801342913045577,6.599980364934842,,5.900008766455316
C1CC1CNC(=O)[C@@H]2C[C@H]2[C@H](C3=CC=CC=C3)NP(=O)(C4=CC=CC=C4)C5=CC=CC=C5,,5.0,4.59999938302362,5.599997654072044
CC1=CC(=NN1C)CNC(=O)[C@@H]2C[C@H]2[C@H](C3=CC=CC=C3)NP(=O)(C4=CC=CC=C4)C5=CC=CC=C5,,,,6.400007822415902
C[C@H]([C@H]1C[C@]1(C)[C@@H](C2=CC=CC=C2)NC(=O)OCC3=CC=CC=C3)C(=O)NCCF,4.801342913045577,4.59999938302362,5.199998172182031,5.399996913372259
C[C@H]([C@H]1C[C@]1(C)[C@@H](C2=CC=CC=C2)NC(=O)OCC3=CC=CC=C3)C(=O)NCCOC,,4.700000503883016,4.700000503883016,5.499996931948306
C[C@H]([C@H]1C[C@]1(C)[C@@H](C2=CC=CC=C2)NC(=O)OCC3=CC=CC=C3)C(=O)NCC4=CC(=C(C=C4)OC)OC,4.899629454882437,5.499996931948306,5.0,5.799998134593398
CC1=C(C(=C(C=C1)CNC(=O)[C@H](C)[C@H]2C[C@]2(C)[C@@H](C3=CC=CC=C3)NC(=O)OCC4=CC=CC=C4)F)F,4.899629454882437,5.199998172182031,5.499996931948306,6.100015437450609
C[C@H]([C@H]1C[C@]1(C)[C@@H](C2=CC=CC=C2)NC(=O)OCC3=CC=CC=C3)C(=O)NCC4=CN=C(C=C4)C(F)(F)F,4.600326278518962,5.299997602857746,5.199998172182031,5.599997654072044
C[C@H]([C@H]1C[C@]1(C)[C@@H](C2=CC=CC=C2)NC(=O)OCC3=CC=CC=C3)C(=O)NCC4=CC=CC5=CC=CC=C54,4.600326278518962,5.499996931948306,,6.400007822415902
C[C@H]([C@@H]1C[C@@]1(C)[C@H](C2=CC=CC=C2)NC(=O)OCC3=CC=CC=C3)C(=O)NCC4=CC(=C(C=C4)OC)OC,4.801342913045577,5.0,5.0,5.399996913372259
CC1=C(C(=C(C=C1)CNC(=O)[C@H](C)[C@@H]2C[C@@]2(C)[C@H](C3=CC=CC=C3)NC(=O)OCC4=CC=CC=C4)F)F,5.0,5.499996931948306,5.199998172182031,5.199998172182031
C1[C@@H]([C@H]1C(=O)NCCF)[C@@H](C2=CC=CC=C2)NP(=O)(C3=CC=CC=C3)C4=CC=CC=C4,,,,5.399996913372259
COCCNC(=O)[C@H]1C[C@@H]1[C@@H](C2=CC=CC=C2)NP(=O)(C3=CC=CC=C3)C4=CC=CC=C4,,,,5.0999990348465305
COC1=C(C=C(C=C1)CNC(=O)[C@H]2C[C@@H]2[C@@H](C3=CC=CC=C3)NP(=O)(C4=CC=CC=C4)C5=CC=CC=C5)OC,4.698970004336019,4.59999938302362,,5.699991797446187
CC1=C(C(=C(C=C1)CNC(=O)[C@H]2C[C@@H]2[C@@H](C3=CC=CC=C3)NP(=O)(C4=CC=CC=C4)C5=CC=CC=C5)F)F,,6.199970640755866,,6.50003813440381
C1[C@@H]([C@H]1C(=O)NCC2=NC3=CC=CC=C3N2)[C@@H](C4=CC=CC=C4)NP(=O)(C5=CC=CC=C5)C6=CC=CC=C6,4.801342913045577,4.899998417198648,,6.100015437450609
C1COC2=C(C=C(C=C2O1)F)CNC(=O)[C@H]3C[C@@H]3[C@@H](C4=CC=CC=C4)NP(=O)(C5=CC=CC=C5)C6=CC=CC=C6,4.801342913045577,4.899998417198648,,5.399996913372259
C1[C@@H]([C@H]1C(=O)NCC2=CC=CC3=CC=CC=C32)[C@@H](C4=CC=CC=C4)NP(=O)(C5=CC=CC=C5)C6=CC=CC=C6,5.0,,,6.0
C[C@H]([C@H]1C[C@]1(C)[C@@H](C2=CC=CC=C2)NC(=O)OC)C(=O)NC3=CC4=CC=CC=C4C=C3,4.899629454882437,5.399996913372259,7.500312917381596,6.700057099977233
COC(=O)[C@@H]1C[C@H]1[C@H](C2=CC=CC=C2)NC(=O)C3=CC=CC=C3,5.300162274132754,4.40000018605658,,
COC(=O)[C@@H]1C[C@H]1[C@H](C2=CC=CC=C2)N,4.698970004336019,,5.0,
COC(=O)[C@H]1C[C@@H]1[C@@H](C2=CC=CC=C2)N,,,,4.800000874803203
C[C@H]([C@@H]1C[C@@]1(C)[C@H](C2=CC=CC=C2)N)C(=O)NC3=CC4=CC=CC=C4C=C3,4.801342913045577,4.59999938302362,4.899998417198648,5.0999990348465305
CC1=CC(=NO1)C(=O)N[C@H]([C@@H]2C[C@H]2C(=O)OC)C3=CC=CC=C3,4.698970004336019,4.40000018605658,,4.499999678657065
COC(=O)[C@@H]1C[C@H]1[C@H](C2=CC=CC=C2)NC(=O)C3=NC=CN=C3,4.899629454882437,,,4.899998417198648
CC1=NN(C(=C1)C(=O)N[C@H]([C@@H]2C[C@H]2C(=O)OC)C3=CC=CC=C3)C,4.801342913045577,,4.899998417198648,5.0
COC(=O)[C@@H]1C[C@H]1[C@H](C2=CC=CC=C2)NC(=O)C3=CN=CC=C3,4.899629454882437,,,5.0
COC(=O)[C@@H]1C[C@H]1[C@H](C2=CC=CC=C2)NC(=O)OC3=CC=C(C=C3)F,5.5003129173815966,5.399996913372259,5.0,4.899998417198648
COC(=O)[C@@H]1C[C@H]1[C@H](C2=CC=CC=C2)NS(=O)(=O)C3=CC=CC=C3,6.199970640755866,4.59999938302362,,5.0
COC(=O)[C@H]1C[C@@H]1[C@@H](C2=CC=CC=C2)NC(=O)C3=CC=CC=C3,4.801342913045577,4.40000018605658,,5.0
CC1=CC(=NO1)C(=O)N[C@@H]([C@H]2C[C@@H]2C(=O)OC)C3=CC=CC=C3,4.801342913045577,4.499999678657065,,4.800000874803203
COC(=O)[C@H]1C[C@@H]1[C@@H](C2=CC=CC=C2)NC(=O)C3=NC=CN=C3,4.801342913045577,,,5.0999990348465305
CC1=NN(C(=C1)C(=O)N[C@@H]([C@H]2C[C@@H]2C(=O)OC)C3=CC=CC=C3)C,4.698970004336019,4.40000018605658,4.59999938302362,5.199998172182031
COC(=O)[C@H]1C[C@@H]1[C@@H](C2=CC=CC=C2)NC(=O)C3=CN=CC=C3,4.899629454882437,,,5.299997602857746
COC(=O)[C@H]1C[C@@H]1[C@@H](C2=CC=CC=C2)NC(=O)OC3=CC=C(C=C3)F,6.0,4.40000018605658,,4.800000874803203
COC(=O)[C@H]1C[C@@H]1[C@@H](C2=CC=CC=C2)NS(=O)(=O)C3=CC=CC=C3,5.8996294548824375,4.40000018605658,,4.800000874803203
C[C@H]([C@H]1C[C@]1(C)[C@@H](C2=CC=CC=C2)NC(=O)C3=CC=CC=C3)C(=O)NC4=CC5=CC=CC=C5C=C4,,5.599997654072044,6.599980364934842,5.0
CC1=CC(=NO1)C(=O)N[C@H](C2=CC=CC=C2)[C@]3(C[C@@H]3[C@@H](C)C(=O)NC4=CC5=CC=CC=C5C=C4)C,5.100179497572904,5.399996913372259,7.0,5.0999990348465305
C[C@H]([C@H]1C[C@]1(C)[C@@H](C2=CC=CC=C2)NC(=O)C3=NC=CN=C3)C(=O)NC4=CC5=CC=CC=C5C=C4,4.600326278518962,5.299997602857746,7.0,6.199970640755866
CC1=NN(C(=C1)C(=O)N[C@H](C2=CC=CC=C2)[C@]3(C[C@@H]3[C@@H](C)C(=O)NC4=CC5=CC=CC=C5C=C4)C)C,4.698970004336019,5.0999990348465305,7.400116927926312,6.100015437450609
C[C@H]([C@H]1C[C@]1(C)[C@@H](C2=CC=CC=C2)NC(=O)C3=CN=CC=C3)C(=O)NC4=CC5=CC=CC=C5C=C4,4.801342913045577,5.0,7.600326278518962,6.199970640755866
C[C@H]([C@H]1C[C@]1(C)[C@@H](C2=CC=CC=C2)NC(=O)OC3=CC=C(C=C3)F)C(=O)NC4=CC5=CC=CC=C5C=C4,,4.499999678657065,5.599997654072044,6.100015437450609
C[C@H]([C@H]1C[C@]1(C)[C@@H](C2=CC=CC=C2)NS(=O)(=O)C3=CC=CC=C3)C(=O)NC4=CC5=CC=CC=C5C=C4,,5.199998172182031,5.0,5.599997654072044
C[C@H]([C@H]1C[C@]1(C)[C@@H](C2=CC=CC=C2)NP(=O)(C3=CC=CC=C3)C4=CC=CC=C4)C(=O)NC5=CC6=CC=CC=C6C=C5,5.0,5.499996931948306,6.100015437450609,5.699991797446187
C[C@H]([C@@H]1C[C@@]1(C)[C@H](C2=CC=CC=C2)NC(=O)C3=CC=CC=C3)C(=O)NC4=CC5=CC=CC=C5C=C4,,6.400007822415902,,5.599997654072044
CC1=CC(=NO1)C(=O)N[C@@H](C2=CC=CC=C2)[C@@]3(C[C@H]3[C@@H](C)C(=O)NC4=CC5=CC=CC=C5C=C4)C,,6.79997073344623,,5.499996931948306
C[C@H]([C@@H]1C[C@@]1(C)[C@H](C2=CC=CC=C2)NC(=O)C3=NC=CN=C3)C(=O)NC4=CC5=CC=CC=C5C=C4,4.899629454882437,7.199970640755866,,6.0
CC1=NN(C(=C1)C(=O)N[C@@H](C2=CC=CC=C2)[C@@]3(C[C@H]3[C@@H](C)C(=O)NC4=CC5=CC=CC=C5C=C4)C)C,4.899629454882437,5.399996913372259,5.499996931948306,6.100015437450609
C[C@H]([C@@H]1C[C@@]1(C)[C@H](C2=CC=CC=C2)NC(=O)C3=CN=CC=C3)C(=O)NC4=CC5=CC=CC=C5C=C4,4.899629454882437,5.699991797446187,,5.599997654072044
C[C@H]([C@@H]1C[C@@]1(C)[C@H](C2=CC=CC=C2)NC(=O)OC3=CC=C(C=C3)F)C(=O)NC4=CC5=CC=CC=C5C=C4,,6.599980364934842,,4.800000874803203
C[C@H]([C@@H]1C[C@@]1(C)[C@H](C2=CC=CC=C2)NS(=O)(=O)C3=CC=CC=C3)C(=O)NC4=CC5=CC=CC=C5C=C4,,,,5.199998172182031
C[C@H]([C@@H]1C[C@@]1(C)[C@H](C2=CC=CC=C2)NP(=O)(C3=CC=CC=C3)C4=CC=CC=C4)C(=O)CC5=CC6=CC=CC=C6C=C5,5.0,5.499996931948306,,6.0
COC(=O)[C@@H]1C[C@H]1[C@H](C2=CC=CC=C2)NS(=O)(=O)C3=CC=C(C=C3)C4=CC=CC=C4,5.8996294548824375,5.599997654072044,,4.800000874803203
COC(=O)[C@H]1C[C@@H]1[C@@H](C2=CC=CC=C2)NS(=O)(=O)C3=CC=C(C=C3)C4=CC=CC=C4,5.300162274132754,5.299997602857746,,4.899998417198648
C[C@H]([C@@H]1C[C@@]1(C)[C@H](C2=CC=CC=C2)NS(=O)(=O)C3=CC=C(C=C3)C4=CC=CC=C4)C(=O)NC5=CC6=CC=CC=C6C=C5,4.899629454882437,,,
CC(=O)N[C@H]([C@@H]1C[C@H]1C(=O)OC)C2=CC=CC=C2,4.801342913045577,,,
C[C@H]([C@@H]1C[C@@]1(C)[C@H](C2=CC=CC=C2)NC(=O)C)C(=O)NC3=CC4=CC=CC=C4C=C3,4.899629454882437,5.199998172182031,4.499999678657065,5.0999990348465305
C[C@H]([C@H]1C[C@]1(C)[C@@H](C2=CC=CC=C2)NS(=O)(=O)C3=CC=C(C=C3)C4=CC=CC=C4)C(=O)NC5=CC6=CC=CC=C6C=C5,4.801342913045577,6.0,5.699991797446187,5.0
C[C@H]([C@H]1C[C@]1(C)[C@@H](C2=CC=CC=C2)NC(=O)C)C(=O)NC3=CC4=CC=CC=C4C=C3,4.801342913045577,5.0,5.699991797446187,5.0999990348465305
COC(=O)C1CC1C(C2=CC=CC=C2)NC(=O)[C@H]3CCCCN3,,4.700000503883016,4.700000503883016,5.0
COC(=O)[C@@H]1C[C@H]1[C@H](C2=CC=CC=C2)NS(=O)(=O)C3=CC4=CC=CC=C4C=C3,5.400116927926312,4.899998417198648,,4.700000503883016
COC(=O)[C@H]1C[C@@H]1[C@@H](C2=CC=CC=C2)NS(=O)(=O)C3=CC4=CC=CC=C4C=C3,5.400116927926312,5.0,,4.800000874803203
C[C@H]([C@H]1C[C@]1(C)[C@@H](C2=CC=CC=C2)NS(=O)(=O)C3=CC4=CC=CC=C4C=C3)C(=O)NC5=CC6=CC=CC=C6C=C5,,,5.499996931948306,5.0999990348465305
C[C@H]([C@@H]1C[C@@]1(C)[C@H](C2=CC=CC=C2)NS(=O)(=O)C3=CC4=CC=CC=C4C=C3)C(=O)NC5=CC6=CC=CC=C6C=C5,5.0,4.40000018605658,,4.800000874803203
COC(=O)C1CC1C(C2=CC=CC=C2)NC(=O)[C@@H]3CCCN3,4.801342913045577,,4.700000503883016,4.899998417198648
COC(=O)[C@H]1C[C@@H]1[C@@H](C2=CC=CC=C2)NC(=O)OCC3=CC=CC=C3,6.899629454882437,4.800000874803203,,4.59999938302362
C[C@H]([C@@H]1C[C@@]1(C)[C@H](C2=CC=CC=C2)NC(=O)C3=C(C=NC=C3)Cl)C(=O)NC4=CC5=CC=CC=C5C=C4,4.600326278518962,4.40000018605658,4.899998417198648,5.0
CC1=NN(C(=C1S(=O)(=O)N[C@@H](C2=CC=CC=C2)[C@@]3(C[C@H]3[C@@H](C)C(=O)NC4=CC5=CC=CC=C5C=C4)C)Cl)C,5.300162274132754,5.199998172182031,,5.900008766455316
C1CN(CCC12C(=O)N(CN2C3=CC=CC=C3)CC4=CC(=CC=C4)F)CCCC(=O)C5=CC=C(C=C5)F,4.400116927926312,,5.499996931948306,4.499999678657065
C1=CC=C2C(=C1)C(=CC(=C2O)C(=O)O)C(=O)C(=O)C3=CC(=C(C4=CC=CC=C43)O)C(=O)O,,6.50003813440381,,
C1CCN(C1)S(=O)(=O)C2=C(C=CN=C2)N3CCN(CC3)CCO,,,,5.399996913372259
CC(C)N1CCN(CC1)C2=C(C=NC=C2)S(=O)(=O)N3CCCCC3,,,5.399996913372259,5.499996931948306
CC1=NC(=CN1C2=C(N3C=CC=CC3=N2)[N+](=O)[O-])[N+](=O)[O-],7.5003129173815966,,,
CC(C)C1=CC(=NC(=N1)NNC2=NC(=CC(=N2)C(F)(F)F)C(C)C)C(F)(F)F,,,6.899974269892137,5.499996931948306
CC1=C(C(=C(C=C1OC)OC)C(=O)C)O,,,,6.50003813440381
C1CCN(CC1)CC2=NC(=NO2)C3=CC=C(C=C3)Cl,6.199970640755866,,5.499996931948306,
C1CCN(CC1)CCOC(=O)C2=CNC3=CC=CC=C32,4.850486183964007,5.699991797446187,5.399996913372259,
CC(C)(C(=O)O)OC1=CC=C(C=C1)C2=CC=CC3=CC=CC=C32,,6.400007822415902,,
CCN1C2=NC=C(C(=C2C=N1)NN=C(C)C)C(=O)OCC,6.599895864507595,4.499999678657065,,4.849999646000926
CC1=NSC(=C1)NC(=O)NC2=CC3=C(C=C2)N(C=C3)C,5.150081137066377,5.599997654072044,4.40000018605658,4.899998417198648
CCC(=C)C(=O)C1=C(C(=C(C=C1)OCC(=O)O)Cl)Cl,,6.199970640755866,,
CCOC1=C(C=C(C=C1)CC2=NC=CC3=CC(=C(C=C32)OCC)OCC)OCC,5.0,5.399996913372259,,5.299997602857746
C1=CC(=CC(=C1)Cl)NC(=O)NN2C=NN=C2,5.5003129173815966,,,5.499996931948306
CCN(CC)CCN1C(=O)C2=CC=CC3=CC(=CC(=C32)C1=O)N,5.400116927926312,,,
CC1=C(C=CC(=C1)Cl)NC2=C(C(=C(S2)C(=O)C3=CC4=C(O3)C=CC(=C4)Cl)N)C#N,5.400116927926312,5.900008766455316,5.399996913372259,5.399996913372259
C1C(=S)N(C(=S)S1)CCC(=O)O,5.300162274132754,,,
C1=CC=C(C(=C1)N)SCC2=CSC(=N2)C3=CC=C(C=C3)Cl,6.199970640755866,5.299997602857746,5.499996931948306,6.0
CC1=C(C=CC(=C1)C2=NOC(=N2)C)C3=CC=C(C=C3)C(=O)NC4=CC(=C(C=C4)OC)OCCN(C)C,4.400116927926312,,4.899998417198648,4.800000874803203
CCOC1=CC2=C(C=C1)NC(C=C2C)(C)C,5.300162274132754,5.699991797446187,5.599997654072044,4.849999646000926
CC(C)C1=CC=CC=C1S(=O)C2=CC=CC=C2C(C)(C)O,,,,5.399996913372259
C(CC(=O)O)[C@@H](C(=O)O)N,4.400116927926312,,,
CSC1(SC2(S1)NCCN2)SC3=NCCN3,6.400116927926312,,5.399996913372259,5.900008766455316
COC1=CC=C(C=C1)CSC2=C(C(=O)NC3(S2)CCCCC3)C#N,,5.499996931948306,,
CC1=NC=C(C(=C1O)CO)CSC2=CC=CC=C2N,5.400116927926312,,6.199970640755866,
C1=CC2=NC(=CN2C=C1)C3=CC=C(C=C3)NC(=O)C4=C(C=CC(=C4)Br)O,5.400116927926312,,,
CCOC(=S)SCC(=O)O,,,5.399996913372259,
CCC1=C2C(=CC=C1)C3=C(N2)C(OCC3)(CC)CC(=O)O,,,,5.499996931948306
CC1(CC(=O)C(C(=O)C1)C(C2C(=O)CC(CC2=O)(C)C)C3=C(C(=CC=C3)O)O)C,5.400116927926312,,,
COC1=CC=CC2=C1N=C(N2)C3=CC=CC=N3,6.100179497572904,,5.799998134593398,5.399996913372259
CCSC(=NC1=CC=C(C=C1)C(F)(F)F)N,5.600326278518962,,,4.40000018605658
CC1=C(C=C2C(=C1NC(=O)C3=CC=CC=C3Cl)C(CC2(C)C)(C)C)N4CCCC4,,,5.499996931948306,6.199970640755866
C=CCSC1=NC2=CC=CC=C2C(=O)N1CC3=CC=CO3,7.600326278518962,5.399996913372259,,
CC1=NOC(=C1C#N)NC(=O)NC2=CC=CC=C2F,6.100179497572904,,,
CC1=CC(=CC(=C1)OP(=O)(OC2=CC(=CC(=C2)C)C)OC3=CC(=CC(=C3)C)C)C,,,,5.599997654072044
COC1=C(C=CC(=C1)CC=C)O,,,,5.399996913372259
CCCCCCOC1=CC=CC=C1C(=O)N,,,,4.59999938302362
CC1=CC(=C(C=C1)NC2=NN=C(O2)C3=CC4=C(C=C3)OCO4)C,5.600326278518962,5.0999990348465305,5.499996931948306,5.499996931948306
C1=CC=C(C(=C1)C2=NOC(=N2)CCC(=O)O)N3C=CC=C3,,,,5.599997654072044
C1=CC=C2C(=C1)C(=O)OC(=N2)C3=CC=CC(=C3)CSC(=N)N,,5.299997602857746,,
C1=CC=C(C=C1)CSC2=NC3=C(C4=CC=CC=C4C5=CC=CC=C53)N=N2,6.698970004336019,,,5.399996913372259
C1=CC=C2C(=C1)C3=CC=CC=C3C4=C2N=C(N=N4)SCC(=O)O,7.100179497572904,,,
C1=CC=C2C(=C1)C3=CC=CC=C3C4=C2N=C(N=N4)SC5=C(C(=O)C6=CC=CC=C6C5=O)Cl,6.400116927926312,5.399996913372259,5.399996913372259,5.299997602857746
CC1=CC(=NN=C1NCCN2CCOCC2)C3=CC=CC=C3.Cl.Cl,,,,4.499999678657065
C1=CC(=CC=C1NN=C(C#N)C#N)OC(F)(F)F,,,,5.299997602857746
C1=CC=C(C=C1)C(COC(=O)N)COC(=O)N,4.400116927926312,,6.100015437450609,
CC(C)N(CC1=CC=CC=C1)S(=O)(=O)C2=NNC(=N2)C(C)(C)C,,5.399996913372259,,
COC(=O)NC1=NC2=C(N1)C=C(C=C2)SC3=CC=CC=C3,6.100179497572904,,,
C1=CC=C(C=C1)C2=CC=C(C=C2)C(=O)CCC(=O)O,4.899629454882437,,,
CC(C)OC(=O)C(C)(C)OC1=CC=C(C=C1)C(=O)C2=CC=C(C=C2)Cl,5.099895864507595,5.299997602857746,,5.149997665285454
C1=CC2=C(C=C1NN=C(C#N)C#N)NN=C2,5.8996294548824375,5.599997654072044,,5.799998134593398
C1CN(CCC12CNC(=O)O2)CCC3=CC=CC=C3,,,4.649999301627615,
CC1(CC2C1CCC3(C(O3)CCC2(C)OC)C)C,,,,5.0
CC1=C(C=CC(=C1)OP(=S)(OC)OC)SC,,,,4.899998417198648
C1CN(CCC1CCC2CCN(CC2)C3=NC=NC4=C3C=CC(=C4)Cl)C5=NC=NC6=C5C=CC(=C6)Cl,5.5003129173815966,,6.100015437450609,
C1CN(CCN1CC2=CC3=C(C=C2)OCO3)C(=O)COC4=CC=C(C=C4)Cl,5.300162274132754,,6.700057099977233,6.199970640755866
C1=C(C=C(C(=C1Cl)N2C(=C(C(=N2)C#N)S(=O)C(F)(F)F)N)Cl)C(F)(F)F,,,,4.59999938302362
CCCCCCCCN1C(=O)C=CS1,,,,4.899998417198648
CC1=C(OC2=C(C1=O)C=CC=C2C(=O)OCCN3CCCCC3)C4=CC=CC=C4,5.199970640755866,,5.0999990348465305,5.0
C1=CC=C2C(=C1)NC(=N2)COC3=CC=C(C=C3)C(=O)NN,5.400116927926312,,5.499996931948306,6.199970640755866
CCC(=O)C1=C(C=C(C=C1O)O)O,,,,4.899998417198648
CC(C)(C)NC[C@@H](COC1=NSN=C1N2CCOCC2)O,4.500312917381596,,4.899998417198648,4.700000503883016
CC(=O)OC1CC2=C(C=C(C=C2OC(=O)C)OC(=O)C)OC1C3=CC(=C(C=C3)OC(=O)C)OC(=O)C,,,,4.650000276730134
CC1=CC=CC=C1CN2C3=C(CN(CC3)CC4=CC=CC=C4)C(=O)N5C2=NCC5,,,,5.399996913372259
C1=CC(=C(C=C1F)F)C(CN2C=NC=N2)(CN3C=NC=N3)O,,,,4.40000018605658
C1=CC=C(C(=C1)C(=O)O)NC2=CC=CC(=C2)C(F)(F)F,5.400116927926312,5.0,,
C1CN(CCN1CCCN2C3=CC=CC=C3SC4=C2C=C(C=C4)C(F)(F)F)CCO,5.800163139259481,,6.049989703605591,4.749998900111134
CCOC(=O)C1=C2CN(C(=O)C3=C(N2C=N1)C=CC(=C3)F)C,5.100729920485945,,5.0,
C1=C(C(=CC(=C1O)O)O)C[C@@H](C(=O)O)N,4.698970004336019,4.40000018605658,,4.800000874803203
CC1=C(C=CC(=C1)C2=NOC(=N2)C)C3=CC=C(C=C3)C(=O)N4CCC5=CC6=C(C=C54)C7(CCN(CC7)C)CO6,4.400116927926312,5.0999990348465305,4.499999678657065,4.499999678657065
C1=CC(=C2C(=C1[N+](=O)[O-])C(=O)C3=C(C=CC(=C3C2=O)O)[N+](=O)[O-])O,,,,5.0999990348465305
C1=CC=C2C(=C1)C(=O)C3=C(C2=O)N(N=C3C(=O)O)C4=CC=C(C=C4)Cl,6.600326278518962,,,
C1=CC=C(C(=C1)C2=NNC(=O)NC2=O)N3C(=O)NC(=O)C(=N3)C(=O)O,,,5.499996931948306,
CC(C)(C(=O)O)SC1=CC=C(C=C1)CCN(CCCCC2CCCCC2)C(=O)NC3CCCCC3,4.400116927926312,4.499999678657065,5.199998172182031,5.399996913372259
COC1=C(C2=C(C=C1)C=C3C4=CC5=C(C=C4CCN3C2CC6=CC=CC=C6)OCO5)OC,,,,6.700057099977233
CC(C)(C)N1C(=CC(=N1)C2CC2)NC(=O)NC3=CC=C(C=C3)Cl,,,,5.399996913372259
C1CN(CCC12C(=O)NCN2C3=CC=CC=C3)CCCC(C4=CC=C(C=C4)F)C5=CC=C(C=C5)F,4.899629454882437,4.40000018605658,5.399999067296699,5.199998172182031
CC(C)C(=O)NC1=CC(=C(C=C1)[N+](=O)[O-])C(F)(F)F,6.099641460858807,4.649999301627615,,5.099998010028197
C#CCSC1=NNC(=N1)C2=CC=CO2,5.698970004336019,,,
C[N+]1=CC2=CC3=C(C=C2CC1)OCO3,,,4.800000874803203,
COC1=C(C=C(C=C1)C2C(CC3=C(O2)C(=C(C=C3OC)OC)I)O)OC,,,,5.499996931948306
C1=CC=C2C=C(C=CC2=C1)C3=CC(=NO3)C4=NOC(=C4)C5=CC6=CC=CC=C6C=C5,5.801342913045578,,,
CC1=C(C2=CC=CC=C2N1)C3=CC(=NO3)C4=NOC(=C4)C5=C(NC6=CC=CC=C65)C,6.400116927926312,5.599997654072044,,
COC1=CC2=C(C=C1)C3=C(CC2)C(=NO3)C4=NOC5=C4CCC6=C5C=CC(=C6)OC,5.5003129173815966,,5.900008766455316,
C1=CC(=CN=C1)C2=NNC(=C2)C3=CC(=NN3)C4=CN=CC=C4,6.300162274132754,,,5.299997602857746
C1=CC=C2C=C(C=CC2=C1)C3=CC(=NC(=N3)N)C4=NC(=NC(=C4)C5=CC6=CC=CC=C6C=C5)N,6.300162274132754,,,
CC1=C(C2=CC=CC=C2N1)C3=NC(=NC(=C3)C4=CC(=NC(=N4)N)C5=C(NC6=CC=CC=C65)C)N,6.400116927926312,5.499996931948306,,
C1CN=C(N1)C2=CC3=CC=CC=C3C=N2,6.300162274132754,,,
CC1=CC2=C(C=C1)N=C(C(=O)N2)CC(=O)C3=CC4=CC=CC=C4C=C3,5.698970004336019,,,5.399996913372259
COC(=O)C1=C(C(=O)NC(=C1)C2=CC3=CC=CC=C3C=C2)C#N,6.100179497572904,,,
C1=CC(=C(C(=C1)Cl)C(NC2=NN=CS2)NC3=NN=CS3)Cl,5.400116927926312,,,
CC1=CC=C(C=C1)C(=NC2=CC=CC=C2)N,,,5.499996931948306,
CC1=CC(=O)NC2=CC3=C(C=C12)C4=CC=CC=C4O3,6.801342913045577,,,
CC1=C(C(=C(N1)C)C(=O)OC)C(=O)C2=CC=CC=C2CC3=CC=CC=C3,6.2499778667007,5.599997654072044,4.40000018605658,6.299988937677887
CC1=C(C=CC(=C1)C(=O)CSC(=S)SC(C)(C)C)Cl,5.801342913045578,5.299997602857746,,5.499996931948306
CC(C)(C)C1=CC=C(C=C1)C2=NN=C(N2C3=CC=CC(=C3)C(F)(F)F)SCC4=CC=C(C=C4)Cl,5.5003129173815966,5.499996931948306,,5.499996931948306
C1=CC2=C(C(=C1)Cl)C(=NC3=C(N=NN23)C(=O)NCC4=CC=CS4)N,6.0,,,
C1C2=CC=CC=C2N(C3=CC=CC=C3C1=O)C(=O)N,,,,4.40000018605658
CC1=NC2=C(N1)C(=O)N(C(=O)N2CC3=CC=CO3)C,5.600326278518962,,,4.40000018605658
C[C@](CC1=CC(=C(C=C1)O)O)(C(=O)O)NN,5.100179497572904,,,4.40000018605658
CCCCC1=CN=C(C=C1)C(=O)O,4.500312917381596,,,4.59999938302362
C1CCC(CC1)(CC(=O)O)CN,4.400116927926312,,,
CCOC(=O)C1=CC=C(C=C1)OC(=O)CCCCCN=C(N)N,4.801342913045577,,4.700000503883016,
CC1=C(C2=C(N1CC3=CC=C(C=C3)F)C=CC(=C2)OC)CC(=O)O,4.899629454882437,4.59999938302362,,4.59999938302362
C1CN(CCN1CCCC2=CC=CC=C2)CCOC(C3=CC=C(C=C3)F)C4=CC=C(C=C4)F,4.801342913045577,4.60000009127004,5.699991797446187,4.899998417198648
C1CN(CCN1CCCC2=CC=CC=C2)CCOC(C3=CC=CC=C3)C4=CC=CC=C4,5.0,4.59999938302362,6.050017894237927,
CC1=CC(=C(C=C1)C)OCCCC(C)(C)C(=O)O,4.899629454882437,5.199998172182031,,
CCOC(=O)NC1=CC2=C(C=C1)SC3=CC=CC=C3N2C(=O)CCN4CCOCC4,,,,5.299997602857746
CCCCC(=O)NCCC1=C(NC2=CC=CC=C21)CC3=CC=CC=C3,5.5003129173815966,,4.40000018605658,6.100015437450609
C1=CC=C2C(=C1)N=C3N2C(=O)C4=CC=CC5=C(C=CC3=C54)C(=O)O,4.801342913045577,6.79997073344623,4.800000874803203,
CC(=O)OCC1C(C(C(C(O1)OC2=CC3=C(C=C2)OC=C(C3=O)C4=CC=C(C=C4)OC)OC(=O)C)OC(=O)C)OC(=O)C,,,,5.799998134593398
CC1(C=CC2=C(O1)C=C3C(=C2OC)C(=O)C(=CO3)C4=CC5=C(C=C4)OCO5)C,,,,5.599997654072044
C1=CC=C(C(=C1)C(=O)OCC(CO)O)NC2=C3C=CC(=CC3=NC=C2)Cl,,,,5.0999990348465305
CC1=CC2=C(C=C1C)SC(=N2)N,,,,4.800000874803203
CCC1=C(CN(C1=O)C(=O)NCCC2=CC=C(C=C2)S(=O)(=O)NC(=O)NC3CCC(CC3)C)C,,6.50003813440381,,
CC1=CN=C(C=N1)C(=O)NCCC2=CC=C(C=C2)S(=O)(=O)NC(=O)NC3CCCCC3,,4.799999356751798,,4.899998417198648
COC1=C(C=C(C=C1)Cl)C(=O)NCCC2=CC=C(C=C2)S(=O)(=O)NC(=O)NC3CCCCC3,4.400116927926312,5.599997654072044,5.0,5.399996913372259
CC1(C=CC2=C(O1)C=CC(=C2OC)CC(=O)C3=C(C=C4C(=C3)CC(C(O4)(C)C)O)O)C,,,,4.59999938302362
C1=CC=C(C(=C1)C(=O)C2=CC(=C(C(=C2)O)O)[N+](=O)[O-])F,,5.900008766455316,,4.700000503883016
CC1=CC2=C(C(=C(C(=C2C(C)C)O)O)C=O)C(=C1C3=C(C4=C(C=C3C)C(=C(C(=C4C=O)O)O)C(C)C)O)O,4.600729920485945,4.650000276730134,4.499999678657065,4.499999678657065
CC1=C2C(=C(C(=C1Cl)O)Cl)OC3=C(C(=C(C(=C3C)C(=O)OC)O)C)OC2=O,,,,5.599997654072044
CC1CC(=O)C=C(C12C(=O)C3=C(O2)C(=C(C=C3OC)OC)Cl)OC,,,,4.800000874803203
C1=CC(=C(C(=C1)Cl)CC(=O)N=C(N)N)Cl,,4.499999678657065,6.899974269892137,4.899998417198648
CC(C)(C)C1=CC(=CC(=C1O)C(C)(C)C)CC(C)(C)C=O,5.300163139259481,,4.59999938302362,4.899998417198648
C1CCC2=C(C1)N=C(N=N2)CCCCC3=NC4=C(CCCC4)N=N3,5.300162274132754,,,5.399996913372259
CC1CCC[C@]2(C1=CC3C(C2)OC(=O)C3=C)C,,,,5.0999990348465305
C1=CC=C(C(=C1)C(=O)OCCOCCO)NC2=CC=CC(=C2)C(F)(F)F,6.5003129173815966,4.899998417198648,,
CC1=NN=C(C2=CC3=C(C=C2C1)OCO3)C4=CC=C(C=C4)N,4.500312917381596,5.900008766455316,4.549999530840342,5.099998010028197
CN1C2=CC=CC=C2C(=O)C=C1C3=CC4=C(C=C3)OCO4,5.300162274132754,,5.799998134593398,5.0
CNCCNS(=O)(=O)C1=CC=CC2=C1C=CN=C2,,,5.299997602857746,4.700000503883016
C1=CC2=C(C=CN=C2)C(=C1)S(=O)(=O)NCCN,,,4.849999208935076,4.550000344969798
C1CN(CCN1)S(=O)(=O)C2=CC=CC3=C2C=CN=C3,4.400116927926312,,,4.899998417198648
C1CNCCN(C1)S(=O)(=O)C2=CC=CC3=C2C=CN=C3,,,6.700057099977233,4.899998417198648
C1CN(CCC1(C2=CC=C(C=C2)Cl)O)CCCC(=O)C3=CC=C(C=C3)F,4.500312917381596,4.499999678657065,5.199998172182031,5.399997267403027
CC(C)(CCC1=NC2=CC=CC=C2N1)C(=O)O,5.100179497572904,6.199970640755866,,
CC1=NCCC2=C1NC3=C2C=CC(=C3)OC,6.600326278518962,,5.399996913372259,4.700000503883016
CC1=NCCC2=C1NC3=C2C=CC(=C3)O,4.600326278518962,,4.499999678657065,4.700000503883016
CN(CCC(CC(=O)NC1C=CC(OC1C(=O)O)N2C=CC(=NC2=O)N)N)C(=N)N.Cl,,,,6.700057099977233
CC1=CNC(=O)N(C1=O)CCCN2CCN(CC2)C3=CC=CC=C3OCC(F)(F)F,,4.499999678657065,,4.800000874803203
C(CO)N(CO)CO,,,5.699991797446187,
COC1(CCN(CC1)CCC2=CNC3=C2C=C(C=C3)F)CS(=O)C4=CC=CC=C4,,4.59999938302362,4.800000874803203,4.499999678657065
CC(C1=CC=C(C=C1)OC)C(=O)C2=C(C=C(C=C2)O)O,,,,5.399996913372259
COC1=C(C=C(C=C1)C2=CC(=O)C3=C(C(=C(C(=C3O2)OC)OC)OC)O)OC,,,,5.0
C1=CC(C2C1C3(C(=C(C2(C3(Cl)Cl)Cl)Cl)Cl)Cl)Cl,,,,4.9000004374016015
COC1=C(C=C(C=C1)C2CC(=O)C3=C(C=C(C=C3O2)O)O)O,,,,4.800000874803203
C1=CC(=CC=C1C(=O)NC2=C3C(=CC(=CC3=C(C=C2)S(=O)(=O)[O-])S(=O)(=O)[O-])S(=O)(=O)[O-])NC(=O)C4=CC=C(C=C4)NC(=O)NC5=CC=C(C=C5)C(=O)NC6=CC=C(C=C6)C(=O)NC7=C8C(=CC(=CC8=C(C=C7)S(=O)(=O)[O-])S(=O)(=O)[O-])S(=O)(=O)[O-],4.500312917381596,,,
C1=C(C(=C(C(=C1Cl)Cl)CC2=C(C(=CC(=C2Cl)Cl)Cl)O)O)Cl,,,,4.800000874803203
CCC(C1=CC=C(C=C1)O)C(CC)C2=CC=C(C=C2)O,,,,4.40000018605658
CN1CCC2=CC3=C(C4=C2C1CC5=CC=C(C=C5)OC6=C(C=CC(=C6)CC7C8=CC(=C(C=C8CCN7C)OC)O4)OC)OCO3,,,,4.40000018605658
CCCCCCC1=C(C=C(C=C1)O)O,,,,5.900008766455316
CC(C)C1=CC(=O)C(=CC=C1)O,,,,6.199970640755866
CN1C=C(N=C1)CCN,,4.40000018605658,,
C1=C(C=C(C2=C1C(=O)C3=C(C2=O)C(=CC(=C3)O)O)O)C(=O)O,,,,4.800000874803203
CCOC(=O)C1=C2NC(=O)CN2C(=C1C)C,5.698970004336019,,,
CC(=O)OCC(CC(CCCCCCCCCCCC=C)O)O,,,,4.40000018605658
COC1=CC=CC(=C1)C(=O)NCCN2CCN(CC2)C3=CC=C(C=C3)Cl,4.899629454882437,,4.499999678657065,4.800000874803203
CC1=CC(=C(C=C1)N=CN(C)C=NC2=C(C=C(C=C2)C)C)C,,,,4.40000018605658
CCN(CC)CCNC1=C2C(=C(C=C1)CO)SC3=CC=CC=C3C2=O,6.899629454882437,,5.299997602857746,4.9499992085993245
C1=CC=C2C(=C1)C=NN=C2NN,5.750156458690798,,4.899998417198648,5.149997665285454
CC1(CC2=C(C(=O)C1)C3=CC(=C(C=C3O2)O)O)C,,,,4.499999678657065
C1C2C(C3=C(O1)C=C(C=C3)O)OC4=CC5=C(C=C24)OCO5,,,,4.40000018605658
C1NC2=CC(=C(C=C2S(=O)(=O)N1)S(=O)(=O)N)Cl,,4.799999356751798,,
C1CC(=O)N(N=C1C2=CC=CC=C2)C3=NC4=CC=CC=C4S3,6.400116927926312,5.399996913372259,5.399996913372259,
COC1=CC=C(C=C1)C(C=C)C2=CC(=O)C(=CC2=O)OC,,,,4.59999938302362
C1C(=NN2C(=NN=C2S1)C3=CC=C(C=C3)Cl)C4=CC=C(O4)[N+](=O)[O-],6.801342913045577,5.0999990348465305,5.299997602857746,
CC1=CC(=CC=C1)C(=O)NCN2CCN(CC2)C3=CC=CC=C3C#N,4.750156458690798,,5.0,4.499999678657065
CN1CCC2=CC3=C(C(=C2C1)OC)OCO3,5.698970004336019,,5.399996913372259,
CC1=CCC2=C(C=C3C(=C2O)C(=O)C=C(O3)C)OC1,,,,4.59999938302362
C1NC2=C(C=C(C(=C2)C(F)(F)F)S(=O)(=O)N)S(=O)(=O)N1,,4.899998417198648,,
CC(C)C1=CC2=C(C=C1)N(C(=C2SC(C)(C)C)CC(C)(C)C(=O)O)CC3=CC=C(C=C3)Cl,4.500312917381596,4.899998417198648,,4.800000874803203
C(=O)(N)NO,,,,4.40000018605658
CCCC1=C(C(=NC(=C1C(=O)SCC)CC)C2=CC=CC=C2)C(=O)OCCC,5.0,5.0999990348465305,,5.0
CC(C)(C)CN1C2=NC=NC(=C2C(=N1)C3=CC=C(C=C3)Cl)N,6.801342913045577,,,
COC1=C(C(=C(C=C1)C2CC3=C(C(=C(C=C3)O)OC)OC2)OC)O,,,,4.59999938302362
CCCNCC(COC1=CC=CC=C1C(=O)CCC2=CC=CC=C2)O.Cl,,,,5.299997602857746
CC(C)C1=NN2C=CC=CC2=C1C(=O)C(C)C,6.049800047819152,6.199970640755866,7.400116927926312,5.0999990348465305
C1=CC=C(C=C1)CCNN,5.750156458690798,5.899985366723115,5.399997913127038,5.299997983397418
CCN(CC)CC(=O)NC1=C(C=CC=C1C)C,,,,5.699991797446187
CC(C)(CC1=CC=CC=C1)NC,,,5.0,
CN(C)CCCN1C2=C(C=CC3=CC=CC=C32)C4=C1C5=CC=CC=C5C(=O)O4.Cl,6.5003129173815966,,5.900008766455316,
CC1(CCCC2(C3C1C(C2(CC3O)C)O)C)C,,,,4.499999678657065
C1=C(NC=N1)CCSC(=N)N,,,4.899998777602826,4.600000530429892
C1=CC=C2C(=C1)N=CC(=N2)[N-]S(=O)(=O)C3=CC=C(C=C3)N.[Na+],,5.0,,4.59999938302362
COC1=CC(=C(C=C1C(=O)CCCCN2CCC3(CC2)C(=O)NC(=O)N3)NS(=O)(=O)C4=CC=C(C=C4)C(F)(F)F)OC,,,,5.0999990348465305
CN(C)CCCN1C2=CC=CC=C2CCC3=CC=CC=C31,,,4.899998777602826,
C1=CN=CC=C1C2=CNC(=O)C(=C2)N,4.801342913045577,4.899998417198648,4.899998417198648,5.099998717915661
C1=CC=C2C(=C1)C(=C(N2)O)C3=C(C4=CC=CC=C4N3)N=O,7.099641460858807,4.649999301627615,4.499999678657065,5.0999990348465305
CC(=O)OCC1C(C(C(C(O1)OC2=CC3=C(C(=C2)OC(=O)C)C(=O)C=C(O3)C4=CC(=C(C=C4)OC(=O)C)OC(=O)C)OC(=O)C)OC(=O)C)OC(=O)C,,,,5.399996913372259
CC1=C(C2=C(N1C(=O)C3=CC=C(C=C3)Cl)C=CC(=C2)OC)CC(=O)O,4.500312917381596,4.550000344969798,4.800000874803203,
CC(C1=CC=C(C=C1)N2CC3=CC=CC=C3C2=O)C(=O)O,,,,4.40000018605658
CN1CCC2=CC3=C(C=C2C1[C@@H]4C5=C(C(=C(C=C5)OC)OC)C(=O)O4)OCO3,,,,5.599997654072044
C1=C(C(=CC2=C1NC(=O)C(=O)N2)[N+](=O)[O-])C#N,4.500312917381596,,,
C(C(=O)N)I,4.500312917381596,4.40000018605658,,7.199970640755866
CCCCN(CCCC)CCC(C1=C2C=CC(=CC2=C3C=C(C=C(C3=C1)Cl)Cl)C(F)(F)F)O.Cl,4.698970004336019,,5.399996913372259,5.0
CC(C)OC1=CC2=C(C=C1)C(=O)C=C(O2)C3=CC=CC=C3,,,,4.899998417198648
CCCCC1=NC2(CCCC2)C(=O)N1CC3=CC=C(C=C3)C4=CC=CC=C4C5=NNN=N5,,,,4.800000874803203
C1=NC(=NN1[C@H]2[C@@H]([C@@H]([C@H](O2)CO)O)O)C(=O)N,,,,6.100015437450609
CC(C)CN1C2=C(C(=O)N(C1=O)C)NC=N2,4.698970004336019,,,4.899998417198648
CC1=CC(=NO1)C(=O)NNCC2=CC=CC=C2,4.899629454882437,,,
C1=CN=CC=C1C(=O)NN,5.199970640755866,,4.899998417198648,5.099998894087731
C1CN(CCN1C2=CC=CC=N2)C3=CC(=O)C4=C(C=CC(=C4C3=O)O)O,5.400116927926312,,5.399996913372259,5.0999990348465305
CN1CCC2=C(C(=C(C3=C2C1CC4=CC(=C(C=C43)OC)OC)OC)OC)CO,,,,4.499999678657065
CC(C)[N+](C)(CCC(C1=CC=CC=C1)(C2=CC=CC=C2)C(=O)N)C(C)C,,,5.399996913372259,
CC1=C(C(C(=C(N1)C)C(=O)OC(C)C)C2=CC=CC3=NON=C32)C(=O)OC,4.500312917381596,4.700000503883016,,5.0
COC1=CC2=C(C(=O)CC(O2)C3=CC=CC=C3)C(=C1)OC,,,,4.899998417198648
C1COCCN1CCNC2=C(C(=O)C3=C(C2=O)N=CC=C3)Cl,,,,5.599997654072044
CC(C)N(CCC(=O)C1=CC2=CC=CC=C2C=C1)CC3=CC=CC=C3,5.500221603222637,4.899998417198648,5.699991797446187,5.049995991751384
C=CC(=O)C1=CC2=CC=CC=C2C=C1,,,,4.59999938302362
C1=CC2=C(C(=O)C=CC2=O)C(=C1)O,,,,4.40000018605658
C1=CC2=C(C(=O)C(=CC2=O)NCCC3=CC(=C(C(=C3)Br)O)Br)N=C1,5.5003129173815966,5.799998134593398,5.799998134593398,5.499996931948306
C1C2=C(C3=CC=CC=C3NC1=O)NC4=C2C=C(C=C4)Br,6.350486183964007,5.0,6.400007822415902,4.899998417198648
C1CN(CCC1C(=O)C2=CC=C(C=C2)F)CCN3C(=O)C4=CC=CC=C4NC3=O,4.400116927926312,5.399996913372259,,4.700000503883016
CC(C1=CC(=CC=C1)C(=O)C2=CC=CC=C2)C(=O)O,,,,4.40000018605658
CN1CCC(=C2C3=C(C(=O)CC4=CC=CC=C42)SC=C3)CC1,4.500312917381596,,5.299997602857746,5.799998134593398
CC1=CC(=O)C2=C(C3=C(C(=C2O1)OC)OC=C3)OC,7.698970004336019,,5.0,5.149998801428874
C1=COC(=C1)CNC2=NC=NC3=C2NC=N3,4.800246207477249,,,
C1=CC=C2C(=C1)C(=O)C=C(N2)C(=O)O,4.400116927926312,,,
CC1(CC2C1CCC(=C)C(CCC2=O)O)C,,,,5.699991797446187
CCN1C=C(C(=O)C2=C1N=C(C=C2)C)C(=O)[O-].[Na+],4.500312917381596,,,
C1=C(C=C(C(=C1[N+](=O)[O-])O)O)[N+](=O)[O-],4.400116927926312,5.550007718725304,,
C1=CC2=C(C=CC(=C2CCC3=C(C=CC4=C3C=CC=N4)[N+](=O)[O-])[N+](=O)[O-])N=C1,5.5003129173815966,,,
CC(=CCOC1=C(C=C2C=CC(=O)OC2=C1)O)C,,,,4.40000018605658
COC(=O)C1=CC=C(C=C1)CCC2=C(C=CC(=C2)O)O,5.100179497572904,5.0999990348465305,,5.499996931948306
C1=CC(=C(C(=C1)Cl)Cl)C2=C(N=C(N=N2)N)N,,,5.199998172182031,
CC1=C(C=CN=C1CS(=O)C2=NC3=CC=CC=C3N2)OCC(F)(F)F,4.650827915213586,4.40000018605658,4.699999047927856,4.700000128913412
CC(=CCC1=C(C2=CC=CC=C2C(=O)C1=O)O)C,,,,4.59999938302362
CC1(CCC2=C(O1)C3=CC=CC=C3C(=O)C2=O)C,5.400116927926312,4.499999678657065,4.800000874803203,4.800000874803203
C[C@](CC1=CC(=C(C=C1)O)O)(C(=O)O)N,4.400116927926312,,,4.800000874803203
CC1=CC(=O)N(C(=C1)C2CCCCC2)O.C(CO)N,4.801342913045577,,,
CC(C)(CC1=CNC2=C1C=C(C=C2)Cl)NCCOC3=CC=CC=C3OCC4CC4,4.899629454882437,,7.0,4.800000874803203
C1=C(C(=CC(=C1Cl)[N+](=O)[O-])O)N,,,,4.499999678657065
C1=CC=C2C(=C1)C(=O)C3=C(C2=O)OC4=CC=CC=C4C5=C3SC(=C5C#N)NC(=O)C(F)(F)F,6.0,7.300162274132754,6.100015437450609,5.399996913372259
CC1=C(C=NO1)C(=O)NC2=CC=C(C=C2)C(F)(F)F,6.699970640755866,4.499999678657065,,5.749984121806806
C1=C2C(=CC(=C1[N+](=O)[O-])[N+](=O)[O-])NC(=O)C(=O)N2,4.500312917381596,,,4.59999938302362
C1=CC(=CC=C1C#N)C(C2=CC=C(C=C2)C#N)N3C=NC=N3,,,,5.299997602857746
C1=CC=C(C=C1)S(=O)C2=NN3C(=NN=N3)C=C2,4.899629454882437,,,
COC(=O)CN1CN(C2(C1=O)CCN(CC2)CC3=CC4=CC=CC=C4C=C3)C5=CC=CC=C5,,4.499999678657065,4.700000503883016,4.800000874803203
COC1=C(C(=C(C=C1)C(=O)C2=CC=C(C=C2)O)O)O,,,,4.59999938302362
CN(C)C1=CC=C(C=C1)N=NC2=CC=CC3=C2OC=C3,6.600326278518962,,5.499996931948306,5.399996913372259
CC(=O)O[C@@H]1[C@@H](SC2=CC=CC=C2N(C1=O)CCN(C)C)C3=CC=C(C=C3)OC,,,,5.399996913372259
COC1=CC2=C(C=C1)NC(=C2)C(=O)C3=CC=CC=C3,7.0,4.40000018605658,,5.0999990348465305
CC[N+](CC)(CC)CC(=O)NC1=C(C=CC=C1C)C,4.500312917381596,4.40000018605658,,
CC1=C(C(=CC=C1)C)NC(=O)CN2CCN(CC2)CCCC(C3=CC=C(C=C3)F)C4=CC=C(C=C4)F,4.801342913045577,4.800000874803203,5.299997602857746,5.0
C1=CC=C(C=C1)N2C3=CC=CC=C3C(C2=O)(CC4=CC=NC=C4)CC5=CC=NC=C5,4.650827915213586,5.2499979741093945,5.0999990348465305,6.299988937677887
CC1=C(C(=C(C(=N1)N=NC2=CC3=C(C=C(C=C3S(=O)(=O)[O-])[N+](=O)[O-])C(=C2)S(=O)(=O)[O-])COP(=O)([O-])[O-])C=O)O,4.400116927926312,,4.700000503883016,
C1=CC=C(C=C1)CC(=O)NC2=NC3=C(C=C(C=C3)Cl)C4=NC(=NN42)C5=CC=CO5,6.698970004336019,5.499996931948306,5.0,5.499996931948306
CCN(C1=CC=CC=C1)C2=CC(=[N+](C(=N2)C)C)NC,4.500312917381596,,5.399996913372259,
COC1=C(C=C(C(=C1)O)C(=O)C2=CC=CC=C2)O,,,,6.100015437450609
CC(C)(C)C(=O)C(N1C=NC=N1)OC2=CC=C(C=C2)Cl,,,,6.100015437450609
CCOC(=O)C1=C(C(=C(C=C1C)O)C=O)O,,,,4.40000018605658
CCN(CC)CCOC(=O)C1(CCCC1)C2=CC=C(C=C2)[N+](=O)[O-],5.450214922653954,,5.349997258115003,4.700000503883016
CC1=C(C=C(C=C1)C(=O)NC2=C3C(=CC(=CC3=C(C=C2)S(=O)(=O)[O-])S(=O)(=O)[O-])S(=O)(=O)[O-])NC(=O)C4=CC(=CC=C4)NC(=O)NC5=CC=CC(=C5)C(=O)NC6=C(C=CC(=C6)C(=O)NC7=C8C(=CC(=CC8=C(C=C7)S(=O)(=O)[O-])S(=O)(=O)[O-])S(=O)(=O)[O-])C,4.400116927926312,,,
COC1=CC(=O)C(=CC1=O)C(C=C)C2=CC=C(C=C2)O,,,,4.59999938302362
CC(=O)OCC(CC(CCCCCCCCCCCC#C)O)O,,,,4.40000018605658
CC1(C=CC2=C(C3=C(C=C2O1)OC4COC5=CC(=C(C=C5C4C3=O)OC)OC)O)C,,,,4.800000874803203
CN(C)C(=O)C(CCN1CCC(CC1)(C2=CC=C(C=C2)Cl)O)(C3=CC=CC=C3)C4=CC=CC=C4,4.400116927926312,,5.0,5.299997602857746
C1=CC=C2C(=C1)C(=NN2CC3=C(C=C(C=C3)Cl)Cl)C(=O)O,4.400116927926312,4.40000018605658,4.499999678657065,5.599997654072044
CCOC(=O)N1CCC(=C2C3=C(CCC4=C2N=CC=C4)C=C(C=C3)Cl)CC1,,6.100058901364758,4.499999678657065,5.199998172182031
CC1=CC(=C(C=C1)NC(=[OH+])C2=CC3=CC=CC=C3C=C2O)C.CC1=CC(=C(C=C1)NC(=[OH+])C2=CC3=CC=CC=C3C=C2O)C.[Ni],6.600326278518962,5.499996931948306,5.499996931948306,
CC1=NC=C2COP(=O)(OCC2=C1O)O,4.500312917381596,,6.0,
CCCCC1=NC(=C(N1CC2=CC=C(C=C2)C3=CC=CC=C3C4=NNN=N4)CO)Cl,,,,4.700000503883016
CCCC1=C(C=CC(=C1O)C(=O)C)OCCCCC2=NNN=N2,,,,5.599997654072044
C1COCCN1C2=CC(=O)C3=C(O2)C(=CC=C3)C4=CC=CC=C4,6.250156458690798,4.40000018605658,4.59999938302362,5.149998801428874
CC(C)C1=CC2=C(C=C1)C3(CCCC(C3CC2)(C)C(=O)N)C,,,,4.700000503883016
C1C(C(OC2=C1C=CC(=C2)O)C3=CC(=C(C=C3)O)O)O,,,,4.59999938302362
CN1CCC2=CC(=C(C3=C4C=C(C(=CC4=CC1=C23)OC)OC)OC)OC,7.100179497572904,6.100015437450609,5.399996913372259,5.399996913372259
C[C@@H](C1=CC=C(C=C1)CC(C)C)C(=O)O,,4.499999678657065,,
COC1=CC=CC=C1N2CCN(CC2)CCCCN3C(=O)CCC3=O,4.400116927926312,5.399996913372259,,
CCCCCCN(CCCCCC)C(=O)CC1=C(NC2=C1C=C(C=C2)Cl)C3=CC=C(C=C3)Cl,4.500312917381596,,,4.899998417198648
CCOC(=O)CC(C(=O)OCC)SP(=S)(OC)OC,,,,6.0
C1C(C(=O)NO1)N,,,,4.40000018605658
CNCCCC12CCC(C3=CC=CC=C31)C4=CC=CC=C24,4.400116927926312,,5.149997665285454,5.599997654072044
COC1=CC=CC=C1N2CCN(CC2)CCN3C(=O)C4=C(C5=CC=CC=C5N4)NC3=O,4.400116927926312,,,4.800000874803203
CC(=O)NCCC1=C(NC2=C1C=C(C=C2)OC)C3=CC=CC=C3,5.8996294548824375,4.800000874803203,4.59999938302362,4.899998417198648
C1=CC2=C(C=CC(=C2N=C1)O)S(=O)(=O)O.C1=CC2=C(C=CC(=C2N=C1)O)S(=O)(=O)O.[Zn],6.199970640755866,,,
CC(=CCC1=C2C(=C(C3=C1OC(=C(C3=O)O)C4=CC=CC=C4)O)C=CC(O2)(C)C)C,,,,4.800000874803203
COC1=C(C2=C(C=C1)C=C(C=C(C2=O)OC)C(=O)OC)OC,,,,4.40000018605658
CC1=NN(C(=O)C1)C2=CC=CC=C2,4.899629454882437,,,4.649999943453318
C[N+](C)(C)CC#CCOC(=O)NC1=CC(=CC=C1)Cl,5.199970640755866,,,
COC1=CC2=C(C=C1)C(=O)C(CO2)CC3=CC(=C(C=C3)OC)O,,,,4.59999938302362
CCCOC1=NC2=C(C=C1)NC=C2C3=CCNCC3,6.899629454882437,5.0,,5.599997654072044
C1=CC(=CC=C1N)O,,,,4.59999938302362
COC(=O)NC1=NC2=C(N1)C=C(C=C2)C(=O)C3=CC=CC=C3,5.400116927926312,5.799998134593398,,
C1=CC=C(C=C1)C2=CSC(=N2)N.O.Br,,,,4.700000503883016
CC1C(C(=O)NC(C(=O)C2CCCC2C(=O)N(CC(=O)N(C(C(=O)O1)C(C)C)C)C)C(C)C)NC(=O)C3=C4C(=C(C=C3)C)OC5=C(C(=O)C(=C(C5=N4)C(=O)NC6C(OC(=O)C(N(C(=O)CN(C(=O)C7CCCC7C(=O)C(NC6=O)C(C)C)C)C)C(C)C)C)N)C,,,,4.40000018605658
CC1=C(C(=C(C=C1)Cl)NC2=CC=CC=C2C(=O)[O-])Cl.[Na+],,5.0999990348465305,,4.649999943453318
CN(C)CCOC(=O)COC1=CC=C(C=C1)Cl,4.9006714565227885,,,5.900008766455316
CC1=C(C(=CC=C1)NC2=CC=CC=C2C(=O)O)C,5.300162274132754,5.0999990348465305,,4.9499992085993245
CCN(CC)CCNC(=O)COC1=CC=C(C=C1)OC,4.899629454882437,,4.899998417198648,
C1CCNC(C1)C(C2=CC(=NC3=C2C=CC=C3C(F)(F)F)C(F)(F)F)O,,,,4.40000018605658
COC1=CC=CC=C1NC(=O)NC2=NC(=NC3=CC=CC=C32)C4=CN=CC=C4,5.600326278518962,,,6.199970640755866
CC1=CN=C(S1)NC(=O)C2=C(C3=CC=CC=C3S(=O)(=O)N2C)[O-].[Na+],4.500312917381596,4.499999678657065,4.499999678657065,4.899998417198648
C[N+](C)(CCCCCC[N+](C)(C)CCCN1C(=O)C2=CC=CC3=C2C(=CC=C3)C1=O)CCCN4C(=O)C5=CC=CC6=C5C(=CC=C6)C4=O,,,,5.599997654072044
C1=CC(=CC=C1CC(C(=O)O)N)N(CCCl)CCCl,,,,5.399996913372259
C([C@@H](C(=O)O)N)N1C(=O)NC(=O)O1,4.400116927926312,,,6.0
CC1=CC(=O)C2=CC=CC=C2C1=O,6.801342913045577,5.199998172182031,5.0999990348465305,4.40000018605658
CC1=C(C2=C(N1CC3=CC=C(C=C3)Cl)C=CC(=C2)OC)CC(=O)O,4.500312917381596,4.899998417198648,,5.0
CC1=CN(C(=O)C=C1)C2=CC=CC=C2,4.500312917381596,,,
CCCNC(C)(C)COC(=O)C1=CC=CC=C1,,,6.50003813440381,
CN(C)C1=CC=C(C=C1)C(=C2C=CC(=[N+](C)C)C=C2)C3=CC=CC=C3.C(=O)(C(=O)O)O.C(=O)(C(=O)O)O,5.400116927926312,6.0,,
C1=CC(=C(C=C1N)C(=O)O)O,,4.899998417198648,,4.749999610451555
C1=CC=C2C(=C1)C=CC(=C2N(NC3=CC=C(C=C3)S(=O)(=O)O)S(=O)(=O)O)O,5.400116927926312,,,
C1CN(CCN1)CCCSC2=C(C=CC(=C2)Cl)Cl,6.300162274132754,,5.599997654072044,
CC(C)CCNC1=NC=NC2=C1C=NN2,5.400116927926312,,,
C1=CC(=C(C=C1NC2=C3C=CC(=CC3=NC=C2)Cl)O)C(=O)O,5.400116927926312,,5.399996913372259,
C1=CC(=CC=C1N2C(=NC(=NC2=N)N)N)S(=O)(=O)N,,,5.399996913372259,
C1=CC=C(C=C1)C2=NC3=CC=CC=C3C(=C2)SCC(=O)O,,5.499996931948306,,
CC1=CC(=NC2=C1C=C(C=C2)CC3=CC4=C(C=C3)N=C(C=C4C)N5CCOCC5)N6CCOCC6,5.100179497572904,5.399996913372259,,5.499996931948306
CC1=CC(=NC2=C1C=C(C=C2)CC3=CC4=C(C=C3)N=C(C=C4C)N5CCCCC5)N6CCCCC6,5.5003129173815966,,,
COC(=O)NC1=NC2=C(N1)C=C(C=C2)S(=O)C3=CC=CC=C3,,,,4.59999938302362
COC1=CC(=CC2=C1OC(=O)C(=C2)C(=O)O)CN3CCCCC3,5.400116927926312,,,
CC1=C(C(=C(C=C1)C2(CCN(CC2)C)C3=C(C(=C(C=C3)C)O)C)C)O,5.300162274132754,,,
CC1=C(C=CC(=C1Cl)N=NC2=C(C(=CC3=CC=CC=C32)C(=O)O)O)S(=O)(=O)O,5.300162274132754,,,
C[N+](C)(C)CCN(CC1=CC=CS1)C2=CC=CC=N2,,,5.900008766455316,
CCOC1=CC=C(C=C1)N=NS(=O)(=O)O,5.300162274132754,,,
CC1=C(C2=C(N1CC3=CC=CC=C3Cl)C=CC(=C2)SC)CCN,5.199970640755866,,5.799998134593398,5.399996913372259
C1CN=C(N1)C2=CC=C(C=C2)C3=CC=C(O3)C4=CC=CC=C4,6.199970640755866,,,
C1=CC(=C(C=C1CSCCC2=CC=NC=C2)Cl)Cl,6.5003129173815966,7.100179497572904,6.50003813440381,6.0
C1=CC(=CN=C1)CC(=O)NN,6.199970640755866,5.199998172182031,,5.499996931948306
CC1=CC(=C(C(=C1)C(C)(C)C)OCCCN2CCOCC2)C(C)(C)C,,,5.699991797446187,5.499996931948306
C1=CC=C(C=C1)CCNC2=C3C(=NC(=N2)Cl)N(C=N3)C4=CC=CC=C4,6.300162274132754,5.0999990348465305,5.399996913372259,
C1CCN(CC1)CC2=CC(=CC=C2)C(=O)O,,5.900008766455316,6.0,
C1=C(C=C(C(=C1CSC(=N)N)O)Cl)Cl,5.300162274132754,,,
C1=CC=C(C=C1)N=NC(C(=N)N)C(=N)N,5.300162274132754,,,
CC[N+](C)(CC)CCOC(=O)C1C2=CC=CC=C2OC3=CC=CC=C13,5.0,,5.399996913372259,
C1CN=C(N1)SCC2=CC(=C(C=C2)Cl)Cl,5.400116927926312,,5.499996931948306,
CN(C)CCN(CC1=CC=CS1)C2=CC=CC=N2,4.899629454882437,4.40000018605658,6.049993536135643,
CN(CCC1=CC=CC=N1)C2=CC3=C(C=C2)C4=CC=CC=C4C3,6.199970640755866,5.0999990348465305,5.499996931948306,5.599997654072044
CN(CCC1=CC=CC=N1)C2=CC3=C(C=C2)C4=CC=CC=C4C3=O,6.801342913045577,5.499996931948306,5.599997654072044,5.499996931948306
CCN(CC)COC(=S)S,,5.599997654072044,,
C[N+](C)(C)C1=NN=C2C(=C1)SC3=CC=CC=C3N2,5.698970004336019,,5.399996913372259,
C1=CC=C2C(=C1)C(=NO2)CS(=O)(=O)[NH-].[Na+],,,,4.499999678657065
CC(=O)N=C1N(N=C(S1)S(=O)(=O)N)C,,4.899998417198648,,
CC1=C2C(=CC(=C1Cl)S(=O)(=O)N)S(=NC=N2)(=O)O,,5.299997602857746,5.399996913372259,
CN(C)CCC(=O)C1=CC=C(C2=CC=CC=C21)OC,5.801342913045578,5.399996913372259,,6.50003813440381
C1=CC=C(C=C1)CC[N+]2=CC=CC(=C2)C(=O)NN,,,5.699991797446187,
C1=CC(=CC=C1N)S(=O)(=O)NCCS(=O)(=O)O,,,5.599997654072044,
COC1=CC=CC=C1CNCCCCCCNCCCCCCCCNCCCCCCNCC2=CC=CC=C2OC,,,4.499999678657065,5.0
CC1=C(C(C(=C(N1)C)C(=O)OCCN(C)CC2=CC=CC=C2)C3=CC(=CC=C3)[N+](=O)[O-])C(=O)OC.Cl,,,,6.0
C1CN=C(N1)SCC(=O)NC2=CC=CC=C2,5.400116927926312,,5.799998134593398,5.299997602857746
COC1=C2C(=CC3=C1OC=C3)C=CC(=O)O2,7.801342913045577,,5.299997602857746,4.899998417198648
C1COCC[N+]1(CC(=O)C2=CC=CC=C2)C3=CC=CC=C3,5.400116927926312,5.199998172182031,,
C1N2CN3CN1C[N+](C2)(C3)CC(=O)C4=CC=C(C=C4)C5=CC=CC=C5,5.400116927926312,5.499996931948306,,5.499996931948306
C1=CC=C2C=[N+](C=CC2=C1)CC(=O)C3=CC4=C(C=CC5=CC=CC=C54)C=C3,5.600326278518962,,6.100015437450609,
CC1=CC(=CC2=C1C(=O)C=C(O2)C3=CC=CC=C3)OC,,,,4.899998417198648
CC1=CC(=CC(=C1N)C)C2=CC(=C(C(=C2)C)N)C,,,,4.59999938302362
C1CCN(CC1)CCN2N=C(N=N2)C3=CC=CC=C3,5.300162274132754,,5.499996931948306,
COC(=O)NC1=NC2=C(N1)C=C(C=C2)C(=O)C3=CC=CS3,5.801342913045578,5.500003900650923,,
COC1=C(C=CC(=C1)C2=CC(=C(C=C2)N=NC3=C(C4=C(C=C3)C(=CC(=C4N)S(=O)(=O)[O-])S(=O)(=O)[O-])O)OC)N=NC5=C(C6=C(C=C5)C(=CC(=C6N)S(=O)(=O)[O-])S(=O)(=O)[O-])O,4.698970004336019,,,4.800000874803203
C1=CC=C2C(=C1)C=C(C(=C2S(=O)(=O)O)O)C(=O)O,,,5.0999990348465305,
C1=CC=C(C=C1)CC2=C(C(=NC(=N2)CC3=CC=CC=C3)N)C4=CC=CC=C4,6.0,5.499996931948306,5.499996931948306,5.499996931948306
CN(C)C(=O)C1CCN(CC1)CC2=CNC3=CC=CC=C32,,,5.299997602857746,
C1CN(CCN1CC2=CNC3=CC=CC=C32)CC4=CNC5=CC=CC=C54,,,5.599997654072044,
COP(=S)(OC)OC1=CC=C(C=C1)[N+](=O)[O-],,,,5.399996913372259
C1=CC=C(C=C1)N=NC2=C(C3=C(C=C2)C(=CC(=C3N)S(=O)(=O)O)S(=O)(=O)O)O,5.199970640755866,,,
CN(CCC(=O)O)C1=NC2=C(C=C(C=C2)Cl)C(=[N+](C1)[O-])C3=CC=CC=C3,7.199970640755866,,,
C1=CC=C2C(=C1)C(=CC=C2S(=O)(=O)O)N=NC3=C(C4=C(C=C3)C(=CC=C4)S(=O)(=O)O)O,5.5003129173815966,,,
CC(C)(C)C1=CC(=C(C(=C1)CN(C)C)O)CNC2CCCCC2,,,5.799998134593398,
C1CCC(CC1)N(CC2=C(C=CC3=CC=CC=C32)O)CC4=C(C=CC5=CC=CC=C54)O,6.199970640755866,5.0999990348465305,6.199970640755866,
C1=CC=C(C=C1)CSC2=NC=CC(=N2)NC3=C(C=CC(=C3)Cl)Cl,6.300162274132754,5.199998172182031,,5.399996913372259
CC(C)(C)C1=CC(=C(C=C1)O)C[N+](C)(C)C,,,5.699991797446187,
C1CCC(CC1)NCC2=CC(=C(C=C2O)CN3COC4=CC=CC=C43)O,,5.199998172182031,,
CC1=C(C=CC(=C1)C(C)(C)CC(C)(C)C)OCCOCC[N+](C)(C)CC2=CC=CC=C2,4.899629454882437,,4.899998417198648,
C1CN(C(=N1)CC2=CC=CC=C2)CCC3=CC=CC=C3,5.100179497572904,,6.899974269892137,
CNC(=O)OCC[N+](C)(C)C,,,5.0,
COC1=CC(=C(C(=C1)OC)OC)CCN,5.5003129173815966,,,
C1=[N+](NOC1=O)CC[N+]2=CC(=O)ON2,5.600326278518962,,,
CC1=CC=C(O1)C[N+](C)(C)C,,4.499999678657065,,
CC1=CC(=NC(=N1)SC)NC2=CC(=C(C=C2)O)CN3CCOCC3,5.400116927926312,,,
C1C2=NC3=CC=CC=C3N2C=[N+]1C4=CC=C(C=C4)C(=O)O,5.300162274132754,,,
C[N+](C)(CCC[N+](C)(C)N)N,,,5.799998134593398,
C1=CC(=CC=C1C2=CC=C(C=C2)O)N=NC3=C4C=CC(=CC4=C(C=C3)N)S(=O)(=O)O,,5.299997602857746,,
CC1=CC(=NC(=N1)SC)NC2=CC(=C(C=C2)O)CN3CCCCC3,5.400116927926312,,5.499996931948306,
C1=CC(=CC(=C1)C(F)(F)F)CC2=C(C(=NC(=N2)N)N)C3=CC(=CC=C3)C(F)(F)F,5.400116927926312,5.299997602857746,5.399996913372259,5.499996931948306
CC1=CC2=C(C=C1S(=O)(=O)N)S(=O)(=O)CCC2,,4.899998417198648,,
CCN(CC)CCNC(=O)C1=CC(=C(C=C1OC)N)Cl,4.801342913045577,,4.999999523492617,
CC(=O)OC1=CC=CC=C1C(=O)NC2=NC=C(S2)[N+](=O)[O-],,,,5.0999990348465305
CC1NC2=CC(=C(C=C2C(=O)N1C3=CC=CC=C3C)S(=O)(=O)N)Cl,,,,4.649999301627615
CC1=NCCC2=C1NC3=C2C=C(C=C3)OC,5.801342913045578,,6.199970640755866,5.299997602857746
CCCC(=O)NCCC1=C2C3=CC=CC=C3CN2C4=C1C=C(C=C4)OC,5.600326278518962,5.900008766455316,4.40000018605658,5.599997654072044
CC1(N=C(N=C(N1CCCCC2=CC=CC=C2)N)N)C,,,5.499996931948306,
C1=CC=C2C(=C1)C3=C(O2)C=CC(=C3)CCCN,7.5003129173815966,,5.599997654072044,
C1=CC=C(C(=C1)N)N=NC2=C(C3=C(C=C(C=C3C=C2S(=O)(=O)O)S(=O)(=O)O)O)O,5.199970640755866,,,
CC(C)(C1=CN=CC=C1)C(=O)C2=CN=CC=C2,4.899629454882437,,,5.900008766455316
CC(C)(C)C1CCC2(CC1)CCN(CC2)CCCN3CCOCC3,5.400116927926312,,5.399996913372259,
CC1=C(C2=C(N1C(=O)C3=CC=CC=C3)C=CC(=C2)OC)CC(=O)O,4.899629454882437,5.0,5.0,
C[N+]1(CC2CCC(C1)CC2)CCC(=O)C3=CC=CO3,,,6.0,
CC1=CC(=CC=C1)NC2=C(C=NC=C2)S(=O)(=O)NC(=O)NC(C)C,,4.899998417198648,,5.4499992085993245
C1CC2CCC1CN(C2)CCC(=O)C3=CC=CS3,5.300162274132754,,5.699991797446187,
CC1=CC(=C(C=C1)C)C(=N)C2=CC=CC=C2CC3=CC=CC=C3,,,5.499996931948306,5.399996913372259
C1=CC=C(C=C1)CC2=CC=CC=C2C(=N)C3=CC4=CC=CC=C4C=C3,6.300162274132754,5.0999990348465305,5.499996931948306,
CC1=CC=CC=C1C(=N)C2=CC=CC=C2CC3=CC=CC4=CC=CC=C43,,,,5.799998134593398
CC1=CC(=CC(=C1)C(=N)C2=CC=CC=C2CC3=CC=CC4=CC=CC=C43)C,,5.900008766455316,,5.599997654072044
CC1=CC=C(C2=CC=CC=C12)C(=N)C3=CC=CC=C3CC4=CC=CC5=CC=CC=C54,6.0,,5.599997654072044,5.399996913372259
C1=CC=C2C(=C1)C(=O)N(C2=O)OCCSC(=N)N,5.400116927926312,,,
C1=CC(=C(C=C1Cl)Cl)COC(CN2C=CN=C2)C3=C(C=C(C=C3)Cl)Cl,5.8996294548824375,6.50003813440381,6.0,6.299988937677887
CC1(N=C(N=C(N1C2=CC(=CC=C2)OCC3=CC(=CC=C3)N)N)N)C,,,5.599997654072044,
CC1(N=C(N=C(N1C2=CC(=CC=C2)OCC3=CC(=CC=C3)[N+](=O)[O-])N)N)C,5.300162274132754,,5.499996931948306,
CC1(N=C(N=C(N1C2=CC=CC(=C2)C(=O)NC3=CC=C(C=C3)S(=O)(=O)F)N)N)C,,,5.699991797446187,
CC1=CC(=NC(=N1)C)NC2=CC=C(C=C2)N=NC3=C4C=CC=NC4=C(C=C3)O,5.300162274132754,,,
C1CNCCC12CCN(CC2)CC3=CC=CC=C3,,4.59999938302362,,
C1=CC=C2C(=C1)N=C(S2)SCCN,6.5003129173815966,5.799998134593398,5.399996913372259,5.499996931948306
C1=CC(=CC(=C1)OCC2=C(C(=NC(=N2)N)N)C3=CC=C(C=C3)Cl)N,6.801342913045577,,,5.799998134593398
C1=CC=C(C=C1)C[N+]2=CC=CC(=C2)C3=CC4=CC=CC=C4N3,5.8996294548824375,,5.900008766455316,
CC1=CC(=NN=C1NCCN2CCOCC2)C3=CC=CC=C3,5.0,,5.0999990348465305,5.0
C1=CC=C(C=C1)C2=C(C(=C3C(=C2C4=CC=CC=C4)C(=O)OC35C6=C(C=C(C=C6)O)OC7=C5C=CC(=C7)O)C8=CC=CC=C8)C9=CC=CC=C9,,5.599997654072044,,
C1CCN(CC1)C2=NC(=N)N(C(=C2)N)O,4.500312917381596,,,
CN1CCN2C(C1)C3=CC=CC=C3CC4=C2N=CC=C4,4.698970004336019,7.300162274132754,6.299988937677887,
CC1=C(C=CC(=C1)OCC2=C(C(=NC(=N2)N)N)C3=CC(=C(C=C3)Cl)Cl)[N+](=O)[O-],5.300162274132754,5.799998134593398,5.499996931948306,5.399996913372259
C1=CC=C(C(=C1)C2=C(C(=O)NC2=O)NC3=CC(=C(C=C3)O)Cl)[N+](=O)[O-],4.800246207477249,4.499999678657065,,4.899998417198648
C1=CC=C(C(=C1)C(C2=CC=C(C=C2)Cl)C(Cl)Cl)Cl,,,,4.59999938302362
CN1CCN(CC1)CC2=C(C=CC(=C2)NC3=C4C=C(C=CC4=NC5=C3C=CC(=C5)Cl)OC)O,5.400116927926312,,5.399996913372259,
C1=CC(=C2C(=C1NCCNCCO)C(=O)C3=C(C=CC(=C3C2=O)O)O)NCCNCCO,4.699971186132016,,4.40000018605658,4.59999938302362
C1CSC2=[N+]1C3=CC=CC=C3S2.C1=CC=C2C(=C1)N(C(=N)S2)CC[S-],6.0,5.799998134593398,6.50003813440381,5.499996931948306
C1CNCCN(C1)S(=O)(=O)C2=CC=CC3=C2C=CC=C3I,5.0,,5.0,4.899998417198648
CN(C)C1=CC=CC=C1CN2CCCN(C2C3=CC=NC=C3)CC4=CC=CC=C4N(C)C,,,5.900008766455316,5.499996931948306
C1CNCCN(C1)S(=O)(=O)C2=CC=CC3=C2C=CC=C3Cl,4.650827915213586,4.650000276730134,4.4999997845401,5.349997258115003
CCOC(=O)C1(C(C(=O)C2=C(O1)C=C(C=C2OC)OC)C3=CC=CC=C3)O,,,,4.700000503883016
CC1=NC2=CC=CC=C2C=C1C[N+]34CN5CN(C3)CN(C5)C4,6.199970640755866,,,
CC1=C2C=CC=CC2=C(C3=CC=CC=C13)CSC(=N)N,7.199970640755866,,5.399996913372259,5.399996913372259
COC1=C(C=C2C(=C1)CCN=C2CCN)OC,5.300162274132754,,5.799998134593398,5.399996913372259
CC(C)(CN)SCC1=CC=CC=C1,5.400116927926312,,5.499996931948306,5.299997602857746
CN(C)CCCN1C2=C(C=NC=C2)SC3=CC=CC=C31,6.300162274132754,,5.799998134593398,5.799998134593398
C1C2CC3CC1CC(C2)C3N=C(N)NC4=CC=C(C=C4)I,4.400116927926312,,7.400116927926312,4.800000874803203
CC1=CC2=C(C=C(C=C2)OC(=O)C3=CC=C(C=C3)N=C(N)N)OC1=O,5.600326278518962,,,
CN(C)CCCN1C2=C(C=NC=C2)C3=CC=CC=C31,,,5.399996913372259,
C1=NN=C(N1N)NN,5.5003129173815966,,,
C1=CC=NC=C1.C1=CC(=CC=C1C#N)OC(=O)C2=CC=C(C=C2)N=C(N)N,5.600326278518962,,5.499996931948306,
C1=C(C=C(C(=C1Cl)O)Cl)C(C2=CC(=C(C(=C2)Cl)O)Cl)C(C3=CC(=C(C(=C3)Cl)O)Cl)C4=CC(=C(C(=C4)Cl)O)Cl,6.100179497572904,7.0,,
CC1=C2C=CN=CC2=C(C3=C1N(C4=C3C=C(C=C4)OC)CCCN)C,6.0,,5.399996913372259,5.799998134593398
CC1=C(C=C(C=C1)CSC(=NC2=CC=CC=C2)N)C,5.100179497572904,,6.100015437450609,5.499996931948306
CC(C)C1=CC=C(C=C1)CN2C=CC3=C2C=CC4=C3C(=NC(=N4)NC5CC5)N,5.801342913045578,,6.0,5.199998172182031
CC1=CC(=C(C=C1OC(=O)C)C(C)C)OCCN(C)C,5.30024620747725,,5.0,
C1=CC(=CC=C1C2=CC=C(C=C2)C3=NC4=C(C=C(C=C4)Cl)C(=C3)C(=O)O)C5=NC6=C(C=C(C=C6)Cl)C(=C5)C(=O)O,,5.499996931948306,,
CCCN1C(=C(C2=CC=CC=C21)C(=O)C3=CC=CC4=CC=CC=C43)C,5.698970004336019,,,
COC1=CC(=CC2=C1OCO2)CC=C,,,,5.0
C1CCC(CC1)NC(=O)NC2CCCCC2,,,,5.499996931948306
CC1=CC=C(C=C1)S(=O)(=O)O.C[N+]1(CCOCC1)CCN=C=NC2CCCCC2,,5.799998134593398,,
CC1(C2=CC=CC=C2N(C1=O)CCN3CCC(CC3)C(=O)C4=CC=C(C=C4)F)C,,5.799998134593398,5.900008766455316,4.800000874803203
CC1=C(C=CC(=C1)C2=CC(=C(C=C2)N=NC3=C(C4=C(C=C3)C(=CC(=C4N)S(=O)(=O)[O-])S(=O)(=O)[O-])O)C)N=NC5=C(C6=C(C=C5)C(=CC(=C6N)S(=O)(=O)[O-])S(=O)(=O)[O-])O,4.899629454882437,5.0999990348465305,4.800000874803203,4.800000874803203
CCNCCCNCCCCNCCCNCC,4.500312917381596,,,
CC(=O)NCCC1=CNC2=C1C=C(C=C2)NC(=O)OC,6.5003129173815966,,,
C1=CC(=CC=C1C(=O)NCCN)Cl,4.949814727441218,,,
C1=CC2=C(C=CC(=C2)S(=O)(=O)NCCCCN)C(=C1)Cl,4.400116927926312,5.699991797446187,4.499999678657065,4.59999938302362
CC(=O)C1=CC=C(C=C1)C2=CC=C(C=C2)C(=O)NCCCCN3CCN(CC3)C4=CC=CC=C4OC,4.600326278518962,7.400116927926312,,
CC1=C(N(N=C1C(=O)NN2CCOCC2)C3=C(C=C(C=C3)Cl)Cl)C4=CC=C(C=C4)I,4.500312917381596,5.199998172182031,4.899998417198648,
CC1=C(C2=C(N1CCN3CCOCC3)C=C(C=C2)I)C(=O)C4=CC=C(C=C4)OC,4.801342913045577,,,5.299997602857746
CC(=O)OC1=CC2=C(C(=C1)OC(=O)C)C(=O)C=C(O2)C3=CC=C(C=C3)OC,,,,4.59999938302362
C1=CC=C(C=C1)C2=C(C(=O)C3=C(O2)C=CC4=C3C=CO4)O,,,,5.499996931948306
C1=CC2=C(C=CC(=C2)S(=O)(=O)NCCCCCCN)C(=C1)Cl,5.600326278518962,4.899998417198648,5.0999990348465305,4.899998417198648
C1=C2C(=CC(=C1Cl)S(=O)(=O)N)S(=NC(=N2)CCC(=O)O)(=O)O,,,5.699991797446187,
COC1=CC=C(C=C1)N2C(=CC(=N2)C(F)(F)F)C3=CC=C(C=C3)Cl,6.300162274132754,4.59999938302362,,4.40000018605658
C1CCN(C1)C(=S)[S-],4.699971186132016,5.199996150664601,5.0999990348465305,4.499999678657065
C1=CC2=C[N-]N=C2C(=C1)[N+](=O)[O-],5.600326278518962,,,4.40000018605658
C1=CC=C2C(=C1)C=CC=C2S(=O)(=O)NCCCCCCN,4.600326278518962,6.700057099977233,,5.199998172182031
C1=CC=C(C=C1)C2=CC(=O)C3=CC=CC(=C3O2)CSC(=N)N,6.899629454882437,,5.599997654072044,5.499996931948306
C1CCN(C1)CCCN2C(=O)COC(=N2)C3=CC=CC=C3O,,,5.499996931948306,
C1=CC(=CC=C1C2=NOC(=N2)CSC(=N)N)Cl,5.8996294548824375,5.399996913372259,5.499996931948306,5.299997602857746
C[N+](C)(CC1=NC(=NO1)C2=CC=C(C=C2)Cl)N,5.400116927926312,,,
CCN(CC)CC[N+]1=CC2=C(C3=C(C(=C2C=C1)C)NC4=C3C=C(C=C4)O)C.CC(=O)O,5.5003129173815966,,5.199998172182031,
CC1=C2C=C[N+](=CC2=C(C3=C1NC4=C3C=C(C=C4)O)C)CCN5CCCCC5.CC(=O)O,5.600326278518962,,5.299997602857746,
C1CNC(N1)CC2=CC=CC3=CC=CC=C32,,,5.399996913372259,
CC1=CC(=C2C=C(C=C(C2=N1)F)F)NC(=O)NC3=CC=C(C=C3)N(C)C,6.899629454882437,5.199998172182031,4.499999678657065,5.199998172182031
[Li+].[Cl-],,,,4.499999678657065
CCC(C)(C)N=C(NC#N)NC1=CN=CC=C1,4.899629454882437,,4.40000018605658,5.299997602857746
CC(=O)NNC(=O)N1CC2=CC=CC=C2OC3=C1C=C(C=C3)Cl,4.450214922653954,,4.799999179119306,4.899998417198648
C1=CC(=C(C=C1N)[N+](=O)[O-])N,,,,4.59999938302362
C1=CC=C2C(=C1)N=C(S2)SCC(=O)C3=C([N+]4=C(S3)SC5=CC=CC=C54)O,5.300162274132754,5.199998172182031,,
COC1=C(C=C2C(=C1)C3C(CO2)OC4=C(C3=O)C=CC5=C4CC(O5)C(=C)CO)OC,,,,4.499999678657065
CCOC1=CC2=C(C3=C(C=C(C=C3)N=NC4=C(N=C(C=C4)N)N)N=C2C=C1)N,6.100179497572904,,,
C1=CC=C2C(=C1)C3=C(N2)C(=C(C=C3)O)N=NC4=CC=C(C=C4)C(=N)N,5.801342913045578,,5.299997602857746,
CCN(CC)CC[N+]1=CC2=C(C3=C(C(=C2C=C1)C)NC4=CC=CC=C43)C.CC(=O)O,5.600326278518962,,5.499996931948306,
CN1CCC2=CC=CC=C2CC3=C(CC1)C4=CC=CC=C4N3,4.500312917381596,5.0,6.299988937677887,5.0
CC1(N=C(N=C(N1C2=CC=CC(=C2)CSC3=CC=CC=C3)N)N)C,,,6.599980364934842,
CC(C)OC1=CC=CC(=C1)N2C(=NC3=CC=CC=C3C2=O)CCC4=CNC5=C4C=C(C=C5)Br,5.100179497572904,,,5.399996913372259
C1CC1CN2CNC(=NC2)SCC3=CC(=CC4=C3OCOC4)Cl,5.5003129173815966,,6.700057099977233,
CCCC1=C(C=CC(=C1O)CC=O)OCCCOC2=CC=C(C=C2)OCC(=O)O,4.500312917381596,,,
CN(C)CCN(C1=CC=CC=N1)C2=CC=CC=N2,,,5.399996913372259,
COC1=CC(=C(C=C1)C(=O)C2C3C4COC(O4)C(=O)C3C5N2C6=CC=CC=C6C=C5)OC,,,,4.499999678657065
CNC(=O)C1=NC=C2C(=C1)C3=CC=CC=C3N2,6.700170885852829,4.499999678657065,,4.40000018605658
COC1=C(C=C2C(=C1)CC(=O)NN=C2C3=CC=C(C=C3)N)OC,4.400116927926312,4.40000018605658,,4.899998417198648
CN(CCCOC1=C(C=C(C=C1)Cl)Cl)CC#C,6.500656776900721,,6.049999809931045,4.59999938302362
CNCCC1=CC(=C(C=C1)O)O,5.400116927926312,,,
C1=CC=C(C=C1)NC2=CC=CC=C2C(=O)O,4.801342913045577,4.800000874803203,,4.499999678657065
CN1CCCCC1C2=CN=C(C=C2)C3=CN=CC=C3.Cl,,,,4.899998417198648
C1=CC2=NC3=C(NN=C3N=C2C=C1)N,6.5003129173815966,5.699991797446187,,6.899974269892137
C(CON=C(N)N)[C@@H](C(=O)O)N,,,,4.800000874803203
C1=C(NC=N1)C[C@@H](C(=O)O)NC(=O)CCN,,4.40000018605658,4.499999678657065,
C1[C@H](OC2=CC(=CC(=C2C1=O)O)O)C3=CC=C(C=C3)O,5.400237595757176,4.899998417198648,,5.299997602857746
C1=CC2=C(C=C1O)C(=CN2)C[C@@H](C(=O)O)N,,,,4.700000503883016
CC(C)C[C@@H](C(=O)NCCCCN=C(N)N)NC(=O)[C@H]1[C@@H](O1)C(=O)O,,,,6.79997073344623
CC1=CC=C(C=C1)S(=O)(=O)N[C@@H](CC2=CC=CC=C2)C(=O)CCl,4.899629454882437,4.700000503883016,,5.499996931948306
CC(=O)O[C@H](CC(=O)O)C[N+](C)(C)C,4.400116927926312,,,
CN1C=NC2=C(N=CN=C21)NC3CCCC3,4.899629454882437,,4.700000503883016,4.59999938302362
C1=CC(=O)C2=C(C1=O)C(=C(C(=C2O)Cl)Cl)O,,,,4.499999678657065
C[C@]12CCC(=O)C=C1CC[C@@H]3[C@@H]2CC[C@]4([C@H]3CC[C@@]4(C(=O)CO)O)C,,,,7.600326278518962
CC(=O)CCC1=CC2=C(C=C1)C=C(C=C2)OC,6.400116927926312,,,4.649999301627615
COC1=CC2=C(C=CN=C2C=C1)[C@@H]([C@H]3C[C@@H]4CCN3C[C@@H]4C=C)O,,,,4.800000874803203
C[C@@H]1CC(=O)C=C([C@]12C(=O)C3=C(O2)C(=C(C=C3OC)OC)Cl)OC,,,,4.800000874803203
COC1=C(C=C2C(=CC(=O)OC2=C1OC)C3=CC=CC=C3)O,,,,4.499999678657065
CN1C(=C2C(=NC(=N2)Cl)N(C1=O)C)[O-].C[NH+](C)CCOC(C1=CC=CC=C1)C2=CC=CC=C2,5.300162274132754,,5.199998172182031,
CCCCC1=C(C2=CC=CC=C2O1)C(=O)C3=CC(=C(C(=C3)I)OCCN(CC)CC)I.Cl,,,,4.499999678657065
CCN(CC)CCOC(=O)C1(CCCCC1)C2CCCCC2.Cl,,,,5.299997602857746
CNCCC=C1C2=CC=CC=C2CCC3=CC=CC=C31.Cl,,,,4.59999938302362
C1=CC=C(C(=C1)C2=C3C=C(C(=O)C=C3OC4=C(C(=C(C=C24)Br)[O-])[Hg])Br)C(=O)[O-].O.[Na+].[Na+],,,,4.59999938302362
C[C@H]1[C@H]2CN3CCC4=C([C@@H]3C[C@@H]2C(=CO1)C(=O)OC)NC5=CC=CC=C45,5.2501482127496075,5.0,8.400671456522788,5.0
CN1CCC2=CC3=C(C=C2[C@@H]1[C@H]4C5=C(C(=C(C=C5)OC)OC)C(=O)O4)OCO3,4.550319597950279,5.399996913372259,,5.499994700151967
C[C@H]1C2=CC(=C(C=C2CCN1)O)OC,5.300162274132754,,4.700000503883016,
CC1=C(C(=C2C(=C1O)[C@]3(C(=CC(=C(C3=O)C(=O)C)O)O2)C)C(=O)C)O,5.698970004336019,8.200659450546418,,4.499999678657065
C1CC(=NC1)C2=CN=CC=C2,4.899629454882437,,,
COC1=CC=CC=C1N2CCN(CC2)CCCCN3C(=O)C4=CC=CC=C4C3=O,,,4.9499992085993245,5.149998906625232
[C@H]([C@@H](C(=O)O)O)(C(=O)O)N,4.400116927926312,,,7.500312917381596
CCCN1CCO[C@H]2[C@@H]1COC3=C2C=C(C=C3)O,4.698970004336019,,5.0999990348465305,5.0
CC(C)NC[C@@H](COC1=CC=C(C=C1)NC(=O)C)O,4.400116927926312,,5.499996931948306,
CC(C)NC[C@@H](C1=CC(=C(C=C1)O)O)O,4.9006714565227885,,,4.849998894457164
CSC1=C(C=C2C(=C1)CCN2C(=O)NC3=CN=CC=C3)C(F)(F)F,9.100179497572903,8.200659450546418,4.499999678657065,5.399996913372259
COC1=C(C=C2C(=C1)CCN2C(=O)NC3=CC(=CC(=C3)C4=CN=CC=C4)F)C(F)(F)F,6.30024620747725,5.550007718725304,6.599980364934842,5.599997654072044
COC1=C(C2=C(C[C@@H]3C4=CC5=C(C=C4CCN3C2)OCO5)C=C1)OC,5.801342913045578,,7.199970640755866,5.0999990348465305
C1=C(C=C(C=C1O)O)[C@@H](C(=O)O)N,4.500312917381596,,,4.999998726022589
C1CN=C(N1)CC2=CC=CC3=CC=CC=C32,,,5.0999990348465305,
C1=CC(=C(C=C1[C@H]2[C@H](C(=O)C3=C(C=C(C=C3O2)O)O)O)O)O,4.801342913045577,,,5.0
C[C@H]1[C@H]([C@H](C[C@@H](O1)O[C@H]2C[C@@](CC3=C2C(=C4C(=C3O)C(=O)C5=C(C4=O)C(=CC=C5)OC)O)(C(=O)CO)O)N)O.Cl,,,,4.899998417198648
CC1=C(C(CCC1)(C)C)/C=C/C(=C/C=C/C(=C/C(=O)O)/C)/C,,,,4.40000018605658
CCCCC/C=C\C/C=C\C/C=C\C/C=C\CCCC(=O)O,,,,4.749999610451555
CC(=CCC/C(=C/CC/C(=C/CO)/C)/C)C,,,,4.899998417198648
C1CSS[C@H]1CCCCC(=O)O,,4.40000018605658,,
CC(C)COC[C@H](CN(CC1=CC=CC=C1)C2=CC=CC=C2)N3CCCC3,4.899629454882437,,7.801342913045577,4.899998417198648
C1=CC(=CC=C1/C=C/C2=CC(=CC(=C2)O)O)O,,,,5.399996913372259
CC1=C(C(CCC1)(C)C)/C=C/C(=C/C=C/C(=C/CO)/C)/C,,,,4.800000874803203
CC(=O)OC1CCC23CC1(CCC2C(CC3OC(=O)C)(C)C)C,,,,4.800000874803203
C1CCC(CC1)C(=O)N2C[C@H]3C4=CC=CC=C4CCN3C(=O)C2,4.949814727441218,4.949999954824866,,
C1=CC(=CC=C1[C@H](CC(=O)O)CN)Cl,,4.40000018605658,,
C1=CC(=CC=C1[C@@H](CC(=O)O)CN)Cl,4.500312917381596,4.800000874803203,6.100015437450609,
C[C@](C1=CC=C(C=C1)C(=O)O)(C(=O)O)N,,4.700000503883016,5.0999990348465305,6.0
C1=C(C(=CC2=C1N=C(C(=N2)[O-])[O-])[N+](=O)[O-])C#N,4.400116927926312,,,
CC1=C2COC(=O)C2=C(C(=C1OC)C/C=C(\C)/CCC(=O)O)O,4.801342913045577,,,4.850000251941508
CC[C@@H]1CC2=C(C=CC(=C2)O)C3=C1C4=C(C[C@H]3CC)C=C(C=C4)O,4.500312917381596,5.499996931948306,4.40000018605658,4.800000874803203
C1=CC(=CC=C1NS(=O)(=O)C2=C(SC=C2)C(=O)O)Cl,,,,5.0999990348465305
C([C@H](C(=O)O)N)P(=O)(O)O,4.500312917381596,4.40000018605658,,
C1=CC(=C(C=C1S(=O)(=O)[O-])S(=O)(=O)[O-])NC(=O)C2=CC(=CC(=C2)NC(=O)NC3=CC(=CC(=C3)C(=O)NC4=C(C=C(C=C4)S(=O)(=O)[O-])S(=O)(=O)[O-])C(=O)NC5=C(C=C(C=C5)S(=O)(=O)[O-])S(=O)(=O)[O-])C(=O)NC6=C(C=C(C=C6)S(=O)(=O)[O-])S(=O)(=O)[O-].[Na+].[Na+].[Na+].[Na+].[Na+].[Na+].[Na+].[Na+],4.400116927926312,5.0999990348465305,,
CC[C@@H]1[C@@]([C@@H]([C@H](N(C[C@@H](C[C@@]([C@@H]([C@H]([C@@H]([C@H](C(=O)O1)C)O[C@H]2C[C@@]([C@H]([C@@H](O2)C)O)(C)OC)C)O[C@H]3[C@@H]([C@H](C[C@H](O3)C)N(C)C)O)(C)O)C)C)C)O)(C)O,,,,4.800000874803203
CCCN=C(N)NCCC[C@@H](C(=O)O)N,4.500312917381596,5.399996913372259,5.0999990348465305,
C1=C(C(=O)NC(=O)N1C[C@@H](C(=O)O)N)I,4.400116927926312,,,
C1=CC=C(C=C1)CNC(=O)CCNNC(=O)C2=CC=NC=C2,4.699971186132016,4.79999969151181,4.849999208935076,4.899998417198648
CC(C)(C)C1=C(C(=O)NO1)C[C@@H](C(=O)O)N,,4.499999678657065,5.799998134593398,
C1=CC(=C(C=C1[N+](=O)[O-])Cl)NC(=O)C2=C(C=CC(=C2)Cl)O,5.6498731914043745,5.899984147413955,4.499999678657065,5.499996931948306
CCCC[C@H]1C(=O)N(N(C1=O)C2=CC=C(C=C2)O)C3=CC=CC=C3,9.0,4.899998417198648,,5.0
COC1=C(C=C(C=C1)[C@H]2CC(=O)NC2)OC3CCCC3,5.400116927926312,4.40000018605658,,4.800000874803203
C1=NC(=C2C(=N1)N(C=N2)[C@H]3[C@H]([C@H]([C@@H](O3)CO)O)O)N,,,4.40000018605658,
CC1=C(C(C(=C(N1)C)C(=O)OC)C2=CC=CC=C2[N+](=O)[O-])C(=O)OC,7.300162274132754,4.650000276730134,4.40000018605658,4.899998417198648
CC/C(=C(/CC)\C1=CC=C(C=C1)O)/C2=CC=C(C=C2)O,,,,5.0
C1=CC(=CC(=C1)NC2=C(C=CC=N2)C(=O)O)C(F)(F)F,5.150081137066377,4.499999678657065,,4.899999769364774
C1=CC=C2C(=C1)C(=C(N2)C3=C(NC4=C3C=CC(=C4)Br)O)N=O,,,,5.0999990348465305
C/C(=C\CNC1=NC=NC2=C1NC=N2)/CO,4.500312917381596,,,
CCCCCCCC(=O)O[C@H](CC(=O)O)C[N+](C)(C)C,4.500312917381596,,,
CN1[C@@H]2CC[C@H]1CC(C2)O,,4.899998417198648,,
CC1(C(=O)N(C(=O)N1)C2=CC(=C(C=C2)[N+](=O)[O-])C(F)(F)F)C,5.5003129173815966,4.549999530840342,4.899998417198648,5.149997665285454
CS(=O)(=O)NC1=C(C=C(C=C1)[N+](=O)[O-])OC2=CC=CC=C2,4.850486183964007,5.249998465974153,,4.59999938302362
C1=C(C=C(C=C1[N+](=O)[O-])[N+](=O)[O-])C(=O)N,,,,5.0999990348465305
C1CN(CC(=C1)C(=O)O)CCON=C(C2=CC=CC=C2)C3=CC=CC=C3,4.400116927926312,4.449999932356823,8.200659450546418,
CC(C)C1=CC2=C(C=C1)N(C(=C2SC(C)(C)C)CC(C)(C)C(=O)[O-])CC3=CC=C(C=C3)Cl.[Na+],4.600326278518962,5.199998172182031,,4.700000503883016
C1CN=C(N1)C2=NC3=CC=CC=C3N=C2,6.400116927926312,,,
C1OC2=C(O1)C=C(C=C2)C3=C(NC(=N3)C4=CC=C(C=C4)C(=O)N)C5=CC=CC=N5,4.801342913045577,,4.899998417198648,5.0
CC(CC1=CC(=C(C=C1)O)O)C(C)CC2=CC(=C(C=C2)O)O,,,,4.899998417198648
C1=CC(=CC=C1CCSC(=N)N)OCC2=CC=C(C=C2)[N+](=O)[O-],4.500312917381596,,,
CNCCC=C1C2=CC=CC=C2CCC3=CC=CC=C31,5.100179497572904,,5.199998172182031,4.849999646000926
CC1=CC=C(C=C1)C2=NN(C3=NC=NC(=C23)N)CC(C)(C)C,5.300162274132754,,,4.700000503883016
C1=CC=C(C=C1)CCCNC2=C(C=C(C=C2)[N+](=O)[O-])C(=O)O,4.450214922653954,5.699993986262209,,
CCCCN1CCC(CC1)N2C3=CC=CC=C3NC2=O,,4.40000018605658,5.499996931948306,
C1C2=NOC(=O)N2C3=C(O1)C=CC(=C3)Br,6.100179497572904,,,4.700000503883016
C1=CC2=C(C=C1C(F)(F)F)NC(=O)N2C3=C(C=CC(=C3)C(F)(F)F)O,5.400116927926312,6.100015437450609,,4.800000874803203
C1C[C@H](O[C@H]1CO)N2C=CC(=NC2=O)N,,5.399996913372259,,
CC1CCC2C(CC2(C)C)C(=C)CCC1=O,,,,4.59999938302362
CS(=O)(=O)NC1=C(C=C(C=C1)[N+](=O)[O-])OC2CCCCC2,5.400116927926312,,7.300162274132754,4.700000503883016
C1C[C@@H](O[C@H]1CO)N2C=CC(=NC2=O)N,,,5.499996931948306,
CC(=O)N1CCN(CC1)C2=CC=C(C=C2)OC[C@H]3CO[C@](O3)(CN4C=CN=C4)C5=C(C=C(C=C5)Cl)Cl,4.500312917381596,4.899998417198648,4.59999938302362,6.899974269892137
CC(C)[C@H](CO)NC1=NC(=C2C(=N1)N(C=N2)C(C)C)NC3=CC(=CC=C3)Cl,6.099641460858807,4.749999610451555,4.40000018605658,4.899998417198648
COC1=CC=C(C=C1)CCCOC2=C(C=CC(=C2)CCN3C=CN=C3)OC,7.698970004336019,7.100179497572904,6.700057099977233,6.599980364934842
CC1=C2C(=C(C(=C1Cl)O)Cl)OC3=C(C(=C(C=C3OC2=O)OC)C(=O)OC)C,,,,5.799998134593398
C[C@@H]1[C@@H](C(=O)N[C@@H](C(=O)N2CCC[C@H]2C(=O)N(CC(=O)N([C@H](C(=O)O1)C(C)C)C)C)C(C)C)NC(=O)C3=C4C(=C(C=C3)C)OC5=C(C(=O)C(=C(C5=N4)C(=O)N[C@H]6[C@H](OC(=O)[C@@H](N(C(=O)CN(C(=O)[C@@H]7CCCN7C(=O)[C@H](NC6=O)C(C)C)C)C)C(C)C)C)N)C,,,,4.700000503883016
COC1=CC2=C(C=C1)C(C(CO2)CC3=CC(=C(C=C3)OC)OC)O,,,,4.999998726022589
CC(=CCC1=C2C(=C(C3=C1OC(C=C3)(C)C)OC(=O)C)C(=O)C(=C(O2)C4=CC=CC=C4)OC(=O)C)C,,,,5.0
C1=CC=C(C=C1)COC2=NC(=NC3=C2NC=N3)N,6.0,4.40000018605658,6.299988937677887,5.0999990348465305
CC1(CC23C1CCC2(C(CCC3=O)O)C)C,,,,4.800000874803203
CC1(C=CC2=C(O1)C=CC(=C2OC)C3=COC4=C(C3=O)C=C5CC(C(OC5=C4)(C)C)O)C,,,,5.599997654072044
CN1C=NC2=C(N=C(N=C21)NCCO)NCC3=CC=CC=C3,5.200170885852829,,5.700002849201811,4.800000874803203
CC1=CN=C(C(=C1OC)C)CS(=O)C2=NC3=C(N2)C=C(C=C3)OC,4.500312917381596,,,5.0
CCCCCCCCCCCC(CC1C(C(=O)O1)CCCCCC)OC(=O)C(CC(C)C)NC=O,,,,6.299988937677887
COC1=CC=CC(=C1)CNC2=NN3C(=NC(=C3OC)C4=CC=C(C=C4)N)C=C2,4.400116927926312,,5.0,5.299997602857746
C1=NC(=NC(=O)N1[C@@H]2[C@H]([C@@H]([C@@H](O2)CO)O)O)N,,5.299997602857746,,
C1CC2=C3C(=CC=C2)N(S(=O)(=O)N3C1)CCN4CCC(=CC4)C5=CNC6=C5C=CC(=C6)F,5.400116927926312,4.59999938302362,6.700057099977233,5.299997602857746
C1=CC(=CC=C1C[C@@H](C(=O)O)N)N(CCCl)CCCl,,,,5.499996931948306
CC1=C(C(=C2C(=C1O)[C@@]3(C(=CC(=O)C(C3=O)C(=O)C)O2)C)C(=O)C)O,,,,4.899998417198648
C1=CC=C(C=C1)C2=C(OC(=N2)CCC(=O)O)C3=CC=CC=C3,,,,4.59999938302362
C1CN(CCN1CCCN2C3=CC=CC=C3NC2=O)C(C4=CC=CC=C4)C5=CC=CC=C5,4.600326278518962,5.0999990348465305,6.100015437450609,4.800000874803203
C1=CC=C2C(=C1)C(=O)C=C3C2=NC4=C(O3)C=CC(=C4)C[C@H](C(=O)O)N.[N+](=O)(O)[O-],5.8996294548824375,,,5.399996913372259
COC1=CC2=C(C=C1)C=C3C4=CC(=C(C=C4OCC3(O2)O)OC)OC,,,,5.0999990348465305
CC(C)(CC1=CC=CC=C1)N(C)C(=O)CN(CCO)CC(=O)N(C)C(C)(C)CC2=CC=CC=C2,,,5.499996931948306,4.749999610451555
CCN1C=C(C(=O)C2=CC3=C(C=C21)OCO3)C(=O)O,5.450244276325858,,5.0,
C[N+](C)(C)CC#CCN1CCCC1=O,,,5.399996913372259,
C1CCN(C1)CC#CCN2CCCC2=O,4.500312917381596,5.849995898723094,5.0999990348465305,
COC1=CC(=C(C=C1)C(=O)C2=CC=CC=C2)O,5.801342913045578,,4.899998417198648,
CCCCOC1=C(C=CC(=C1)C(=O)OCCN(CC)CC)N,6.400116927926312,,5.199998172182031,
CC1=CC(=C(C(=C1CC2=NCCN2)C)O)C(C)(C)C,4.400116927926312,,5.399996913372259,4.800000874803203
CCCCC1C(=O)N(N(C1=O)C2=CC=C(C=C2)O)C3=CC=CC=C3,,,,4.499999678657065
CC1=CC(=O)C2=C(O1)C(=C(C=C2O)OC)CC=C(C)C,,,,4.40000018605658
COC1=CC2=C(C=C1)C(=O)C(CO2)CC3=CC(=C(C=C3)OC)OC,,,,4.800000874803203
C1=CC(=CC=C1CN2C=CN=C2)C=CC(=O)O,4.500312917381596,,7.100179497572904,4.59999938302362
C1=NC=N[N-]1.[Na+],,,,4.499999678657065
C1CN=C(N1)NC2=C(C=C(C=C2Cl)I)Cl,4.801342913045577,,5.399996913372259,
COC1=CC=CC=C1N2CCN(CC2)CCN(C3=CC=CC=N3)C(=O)C4=CC=C(C=C4)I,4.801342913045577,,5.399996913372259,
CCCCCCCCCCCCCCCC(=O)C(F)(F)F,4.500312917381596,,,
CCCCCCCCCCCCCCCC(=O)NCCO,4.801342913045577,,,
CC1=C2C(=C(C(=C1Cl)OC(=O)C)Cl)OC3=C(C(=C(C=C3OC2=O)OC)C(=O)OC)C,,,,4.800000874803203
CCC1=CC2=C(CCC(=O)N2CC3=CC=C(C=C3)C4=CC=CC=C4C5=NNN=N5)C(=N1)CC,,4.59999938302362,5.0,4.700000503883016
CCC(C)(C)C(=O)OC1CC(C=C2C1C(C(C=C2)C)CCC3CC(CC(=O)O3)O)C,,,,4.499999678657065
COC1=C(C(=NC=C1)CS(=O)C2=NC3=C(N2)C=C(C=C3)OC(F)F)OC,,,,4.40000018605658
COC1=C(C=C(C=C1)CC2=NC=CC3=CC(=C(C=C32)OC)OC)OC,4.600326278518962,4.649999301627615,4.899998417198648,5.649994725759115
CN1C=NC2=C1C(=O)N(C(=O)N2)C,,,,4.40000018605658
C1CC2(CCN(CC2)CC3=CC=CC=C3)C4=CC=CC=C41,4.500312917381596,4.40000018605658,8.200659450546418,4.499999678657065
CN(CC#C)CC1=CC=CC=C1,,,,6.199970640755866
COC1=C(C=C2C(=C1)C(=NC=N2)NC3=CC(=CC=C3)Br)OC,6.300162274132754,6.400007822415902,5.0,5.299997602857746
C[C@@H]1CC[C@@]2(CC[C@@]3(C(=CCC4[C@]3(CC[C@@H]5[C@@]4(C[C@H]([C@@H]([C@@]5(C)CO)O)O)C)C)[C@@H]2[C@H]1C)C)C(=O)O,,,,4.800000874803203
C1=CC(=C(C=C1C2C(C(=O)C3=C(C=C(C=C3O2)O)O)O)O)O,,,,4.59999938302362
C1=CC(=CC=C1C2=NC(=C(N2)C3=CC=NC=C3)C4=CC=C(C=C4)F)[N+](=O)[O-],,,,6.79997073344623
COC1=CC=CC(=C1N)C2=CC(=O)C3=CC=CC=C3O2,6.099641460858807,4.499999678657065,5.0999990348465305,5.0999990348465305
CCCC(C)C1(C(=O)NC(=O)NC1=O)CC,,,,4.499999678657065
CC(=O)CCCCN1C(=O)C2=C(N=CN2C)N(C1=O)C,4.699971186132016,,,
C1CN(CCN1CCCN2C3=CC=CC=C3SC4=C2C=C(C=C4)Cl)CCO,6.199971186132017,,7.100185008679414,5.599997654072044
C1=CC(=CN=C1)C(=O)NCCO[N+](=O)[O-],,5.699991797446187,,
CCOC1=CC=C(C=C1)NC(=O)C,5.0,,,
C1=CC=C(C=C1)N=NC2=C(N=C(C=C2)N)N,6.300162274132754,4.800000874803203,,4.899998417198648
CC(=O)N1CCN(CC1)C2=CC=C(C=C2)OC[C@@H]3CO[C@@](O3)(CN4C=CN=C4)C5=C(C=C(C=C5)Cl)Cl,5.0507525935891655,4.79999969151181,4.749999839328533,7.300162274132754
C1=CC=C(C=C1)C2C(=O)C3=CC=CC=C3C2=O,4.801342913045577,,,4.499999678657065
C1=CC=C2C(=C1)C(=O)OC2(C3=CC=C(C=C3)O)C4=CC=C(C=C4)O,,,,5.299997542777145
C1=CC(=C(C(=C1)Cl)S[C@H](CCC2=CC=C(C=C2)Cl)CN3C=CN=C3)Cl,5.400116927926312,7.899629454882437,5.900008766455316,7.0
C1=CC=C2C(=C1)C(OS2(=O)=O)(C3=CC=C(C=C3)O)C4=CC=C(C=C4)O,5.400116927926312,5.199998172182031,,
C1=CC=C(C=C1)N=C(N)N=C(N)N,4.500312917381596,,,
CCCCC1C(=O)N(N(C1=O)C2=CC=CC=C2)C3=CC=CC=C3,,4.499999678657065,,4.899998417198648
CCCN1C[C@@H](C[C@H]2[C@H]1CC3=CNC4=CC=CC2=C34)CSC,,,,4.899998417198648
C1=CC(=CC=C1CCC(=O)C2=C(C=C(C=C2O)O)O)O,5.449470322545942,5.249998035635346,4.4999997845401,5.0
CCOP(=S)(OCC)SCN1C2=C(C=C(C=C2)Cl)OC1=O,,,,6.100015437450609
C1=CC=C(C(=C1)C(=O)NC2=CC=C(C=C2)S(=O)(=O)NC3=NC=CS3)C(=O)O,,,,8.886056647693163
CC(C)N1CCN(CC1)C2=CC=C(C=C2)OC[C@@H]3CO[C@@](O3)(CN4C=NC=N4)C5=C(C=C(C=C5)Cl)Cl,,,,5.799998134593398
COC1=C(C=C(C=C1)C(=O)NCC2=CN=CC=C2)C(=O)NCC3=CN=CC=C3,4.801342913045577,,,5.499996931948306
CC1=CC=C(C=C1)C(=O)CN2C3=C(CCCC3)SC2=N,6.0,,,5.199998172182031
CN1CCC(=C2C3=CC=CC=C3SC4=CC=CC=C42)CC1,,,5.399996913372259,
COC1=C(C2=C(C=CO2)C3=C1C=CC(=O)O3)OC,,,,5.0
CC(C(C)(C)C)N=C(NC#N)NC1=CC=NC=C1,,,,5.499996931948306
CC(C)NCC(COC1=CC=CC2=C1C=CN2)O,,,,6.50003813440381
C1CNCCC1S(=O)(=O)O,,,,5.699991797446187
C1CN(CCN1C(=O)CCBr)C(=O)CCBr,,,,7.199970640755866
CC1=C(C(=O)N2C=CC=CC2=N1)CCN3CCC(CC3)C(=O)C4=CC=C(C=C4)F,,,5.0999990348465305,4.700000503883016
CN1CCN(CC1)CC(=O)N2C3=CC=CC=C3C(=O)NC4=C2N=CC=C4,5.100179497572904,,4.499999678657065,
C1CN(CCN1CC2=CC3=C(C=C2)OCO3)C4=NC=CC=N4,5.5003129173815966,,6.350028549988616,5.499996931948306
CC(=CCC1=C2C(=C3C(=C1O)C(=O)C(=CO3)C4=CC(=C(C=C4)O)O)C=CC(O2)(C)C)C,,5.499996931948306,,4.499999678657065
CCCCOC1=CC=C(C=C1)OCCCN2CCOCC2,4.899629454882437,,,
C1CCC(CC1)C(=O)N2CC3C4=CC=CC=C4CCN3C(=O)C2,,,,4.700000503883016
COC1=C(C=C2C(=C1)C(=NC(=N2)N3CCN(CC3)C(=O)C4=CC=CO4)N)OC,4.500312917381596,4.499999678657065,,4.899998417198648
C1CCN(CC1)CCC(C2=CC=CC=C2)(C3=CC=CC=C3)O,,,5.900008766455316,
CCC1(C(=O)NCNC1=O)C2=CC=CC=C2,4.400116927926312,,,
CCCC(C1=CC=CC=C1)(C2=CC=CC=C2)C(=O)OCCN(CC)CC,4.899629454882437,4.899998417198648,7.500656776900721,5.849995898723094
CCN(CC)CCOC(=O)C1=CC=C(C=C1)N,,,4.70000009302829,
CC(C)NC(=O)C1=CC=C(C=C1)CNNC,5.801342913045578,,,
CN1CCN(CC1)CCCN2C3=CC=CC=C3SC4=C2C=C(C=C4)Cl,5.800163139259481,,6.2500116299332555,5.049999238830475
CN(C)CCCN1C2=CC=CC=C2SC3=CC=CC=C31,5.549800047819152,,6.950071319533798,
CCC(=O)NC1=CC(=C(C=C1)Cl)Cl,,,,4.800000874803203
CC(C)[N+](C)(CCOC(=O)C1C2=CC=CC=C2OC3=CC=CC=C13)C(C)C,4.899629454882437,,5.20000422255619,4.800000874803203
CCCOC1=C(C=C(C=C1)C(=O)OCCN(CC)CC)N,5.300162274132754,,5.199998172182031,5.900008766455316
CC1=CC2=C(C=C1C)N(C3=NC(=O)NC(=O)C3=N2)C[C@@H]([C@@H]([C@@H](CO)O)O)O,,,,4.700000503883016
CCCN1C=NC2=C1C(=O)N(C(=O)N2C)CCCCC(=O)C,4.899629454882437,,,
CC[N+](C)(CC)CCC[N+]1=C2C=C(C=CC2=C3C=CC(=CC3=C1C4=CC=CC=C4)N)N,4.899629454882437,4.899998417198648,5.199998172182031,4.800000874803203
COC1CC2C3(C=C1)C(CN2CC4=C(C5=C(C=C34)OCO5)OC)O,,,,4.40000018605658
CC(C)C1=C(C(=CC=C1)C(C)C)O,4.949814727441218,,,4.40000018605658
CC1COC2=C1C(=O)C(=O)C3=C2C=CC4=C3CCCC4(C)C,,,,4.800000874803203
CN1CCC2=CC3=C(C=C2C(=O)CC4=C(C1)C5=C(C=C4)OCO5)OCO3,4.400116927926312,,7.300162274132754,4.59999938302362
CC1=C(C2=CC3=NC(=CC4=NC(=CC5=C(C(=C(N5)C=C1N2)C=C)C)C(=C4CCC(=O)O)C)C(=C3C)CCC(=O)O)C=C,5.199970640755866,5.199998172182031,4.59999938302362,
CNCCCC1C2=CC=CC=C2C=CC3=CC=CC=C13,,,5.099998894087731,5.149997665285454
C1=CC(=CC=C1C2C(C(=O)N2C3=CC=C(C=C3)F)CCC(C4=CC=C(C=C4)F)O)O,,,,4.899998417198648
CN(C)CCN(CC1=CC=C(C=C1)OC)C2=CC=CC=N2,4.801342913045577,,6.899974269892137,6.199970640755866
CCC1=C(C(=NC(=N1)N)N)C2=CC=C(C=C2)Cl,5.0,,5.0999990348465305,5.149998801428874
COC1CC2C3(C=C1)C(CN2CC4=CC5=C(C=C34)OCO5)O,,,,4.40000018605658
COC1=CC(=CC(=C1O)OC)C2C3C(COC3=O)C(C4=CC5=C(C=C24)OCO5)O,,,,5.199998172182031
C1CN(CCN1CCOCCO)C2=NC3=CC=CC=C3SC4=CC=CC=C42,,,,4.899998417198648
C1=CC(=C(C2=C1C(=O)C3=C(C=CC(=C3C2=O)O)O)O)O,,,,5.199998172182031
CC(C)COCC(CN(CC1=CC=CC=C1)C2=CC=CC=C2)N3CCCC3.Cl,,,,4.59999938302362
CCOC(=O)OC(C1CC2CCN1CC2C=C)C3=C4C=C(C=CC4=NC=C3)OC,,,,5.0999990348465305
C1CN(CCN1)C2=NC3=CC=CC=C3C=C2,5.8996294548824375,,,7.400116927926312
C1CN(CCN1)C2=NC3=C(C=C2)C=C(C=C3)[N+](=O)[O-],5.698970004336019,,,5.0
CN1CCN(CC1)C2=NC3=CC=CC=C3C=C2,5.250156458690798,,,
CC1=C(C(=CC=C1)C)NC(=O)C[N+](C)(C)C,4.400116927926312,4.40000018605658,,
C1=CC=C(C(=C1)CC(=O)[O-])NC2=C(C=CC=C2Cl)Cl.[Na+],,5.449998584719964,,5.0
CC1(CC2C1CCC3(C(O3)CCC2(C)O)C)C,,,,4.59999938302362
CC(C)(C)C1=CC(=CC(=C1O)C(C)(C)C)CC(C)(C)CO,4.550319597950279,8.102372908709558,,5.599997654072044
CN(CCC1=CC(=C(C=C1)Cl)Cl)CCN2CCCCCC2,4.500312917381596,,6.899974269892137,5.0
CN=C(NCCSCC1=CSC(=N1)N=C(N)N)NC#N,,,5.900008766455316,4.800000874803203
CC1=C(ON=C1C2=CC=C(C=C2)Cl)C3CCN(CC3)CCC4=CC=CC=C4,4.698970004336019,,,4.899998417198648
C1CCN(CC1)CCOC2=CC=C(C=C2)C(=O)C3=C(SC4=C3C=CC(=C4)O)C5=CC=C(C=C5)O,,6.200671148034599,4.849999208935076,5.75000321026368
CC1=CC(=CC(=C1C2=C(C3=C(C=C2N)OC4=CC(=O)C=C(C4=N3)C)C)O)O,,,,4.40000018605658
CC1=C(C(=O)N(N1C)C2=CC=CC=C2)NC(C)C,7.400116927926312,,4.899998417198648,
CCOC(=O)C(CCC1=CC=CC=C1)NC(C)C(=O)N2C3CCCC3CC2C(=O)O,,,,4.800000874803203
CCCC1=C(N(N=C1C2=CC=C(C=C2)O)C3=CC=C(C=C3)O)C4=CC=C(C=C4)O,4.750156458690798,5.499996931948306,4.649999301627615,5.599997654072044
COC1C(CC2CN3CCC4=C(C3CC2C1C(=O)OC)NC5=C4C=CC(=C5)OC)OC(=O)C6=CC(=C(C(=C6)OC)OC)OC,,,,5.499996931948306
C1=CC(=CC(=C1)O)O,,,,5.0
CC(=O)OC1=CC=CC(=C1)O,,,,4.499999678657065
C1=CC2=C(C=C1OC(F)(F)F)SC(=N2)N,6.199970640755866,5.399996913372259,,4.499999678657065
CC1=C(C(=O)N2CCCCC2=N1)CCN3CCC(CC3)C4=NOC5=C4C=CC(=C5)F,,,5.299997983397418,
CC1=C(C(=O)N2C=CSC2=N1)CCN3CCC(=C(C4=CC=C(C=C4)F)C5=CC=C(C=C5)F)CC3,,4.59999938302362,5.0,4.700000503883016
C1=CC(=CC(=C1)F)C2=C(N=CS2)C(=O)NCCN,5.0,,,4.499999678657065
COC1=C(C=C(C=C1)C2CC(=O)NC2)OC3CCCC3,,,,4.700000503883016
CCCN(CCC)CCC1=C2CC(=O)NC2=CC=C1,,4.40000018605658,5.499996931948306,6.50003813440381
C1=CC(=O)C=CC1=C(C2=CC=C(C=C2)O)C3=CC=C(C=C3)O,,,,4.700000503883016
CC(=C)C1CC2=C(O1)C=CC3=C2OC4COC5=CC(=C(C=C5C4C3=O)OC)OC,,,,5.199998172182031
C1C(OC2=C(C1=O)C=C(C=C2)O)C3=CC=CC=C3O,,,,4.59999938302362
CC(=O)OCC1C(C(C(C(O1)OC2=C(C3=C(C=C2)OC=C(C3=O)C4=CC=C(C=C4)OC)OC(=O)C)OC(=O)C)OC(=O)C)OC(=O)C,,,,4.800000874803203
CCSC(=N)N,4.400116927926312,,5.399996913372259,
CCCN1C2=C(C(=O)N(C1=O)CCC)NC(=N2)C3=CC=C(C=C3)OCC(=O)NC4=CC=C(C=C4)C(=O)C,,4.40000018605658,7.0,
C=CCC1=CC2=C(C=C1)OCO2,,,,5.499996931948306
COC1=CC(=CC(=C1)COC2=CC(=C(C=C2C(=O)CCC3CCN(CC3)CCNS(=O)(=O)C)Cl)N)OC,,,6.100015437450609,5.699991797446187
CCCCCCCCC(=O)NCC1=CC(=C(C=C1I)O)OC,4.899629454882437,,5.0999990348465305,5.499996931948306
C[N+]1=C2C(=C3C=CC4=C(C3=C1)OCO4)C=CC5=CC6=C(C=C52)OCO6,5.200058463963156,4.800000874803203,4.799999356751798,5.199997674573478
CN1C=CC2=CC3=C(CCN3C(=O)NC4=CN=CC=C4)C=C21,8.000221603222638,,4.60000009127004,4.999998726022589
COC1=NC=CC(=N1)C2=C(N=CN2C3CCC(CC3)O)C4=CC=C(C=C4)F,4.500312917381596,5.0999990348465305,4.899998417198648,
C1=CC(=CC=C1C2=NC(=C(N2)C3=CC=NC=C3)C4=CC=C(C=C4)F)O,4.801342913045577,4.949999954824866,5.099998010028197,6.0
CCCCCCCNS(=O)(=O)C1=CC=CC2=C1C=CC=C2Cl,5.199970640755866,,,5.0999990348465305
CC1(C(N2C(S1)C(C2=O)NC(=O)CC3=CC=CC=C3)C(=O)[O-])C.[K+],,,,4.499999678657065
CC1(CC2C1CCC3(C(CCC2(O3)C)O)C)C,,,,4.59999938302362
CCCCNC1=NC(=NC2=C1NC=N2)SC,6.5003129173815966,,5.599997654072044,5.499996931948306
CCN(CC)CCOC(=O)C1=CC(=C(C=C1OC)N)Cl,4.899629454882437,4.40000018605658,4.800000874803203,4.499999678657065
C(=O)(N)NN,4.400116927926312,,,
C1=CC2=C(C=C1O)C(=CN2)CCN,5.399574750954461,4.800000874803203,5.0,4.4999997845401
CC(=NNC1=NC=NC2=C1NC=N2)C,6.100179497572904,,,
COC1=C(C=CC(=C1)C2C(OC3=C(O2)C=C(C=C3)C4C(C(=O)C5=C(C=C(C=C5O4)O)O)O)CO)O,,,,4.899998417198648
CC1=NC(=C(C=C1)O)N=NC2=CC=CC=C2,6.45076120530924,4.899998417198648,5.399996913372259,5.299997602857746
CP(=O)(CCCN)O,4.500312917381596,,,
CC(C)COC(=O)OCN1C(=O)CN(CC1=O)CCN2CC(=O)N(C(=O)C2)COC(=O)OCC(C)C,,4.40000018605658,,4.59999938302362
C1CN(CCC1C(=O)C2=CC=C(C=C2)F)CCCCC3=CC=CC=C3,4.500312917381596,,7.899629454882437,4.59999938302362
C1CCN(C1)CCOC(=O)CC2=CC(=C(C=C2)Cl)Cl,4.899629454882437,,4.499999678657065,
C1CN(CCC12C(=O)NCN2C3=CC=CC=C3)CCCC(=O)C4=CC=C(C=C4)F,4.800163139259481,,5.799998134593398,4.99999814819794
C1CC(=O)OC2=C1C3=CC=CC=C3C=C2,6.300162274132754,5.0999990348465305,,
COC1=CC=C(C=C1)C2CC(=O)C3=C(O2)C=C(C=C3)OC,,,,4.700000503883016
COC1=C(C(=C2C(=C1)C=CC(=O)O2)O)O,4.899629454882437,4.59999938302362,,
COC1=CC(=O)OC(=C1)/C=C/C2=CC=CC=C2,,,,4.800000874803203
C1=CC=C2C(=C1)C(=NN(C2=O)CC3=C(C=C(C=C3)Br)F)CC(=O)O,4.500312917381596,4.800000874803203,,
C1=CC(=C(C=C1C2=C(C(=O)C3=C(C=C(C=C3O2)O)O)O)O)O,6.599641460858807,5.0999990348465305,4.449999932356823,5.199998172182031
C1=CC(=O)OC2=CC3=C(C=CO3)C(=C21)O,,,,4.800000874803203
COC1=CC=C(C=C1)C2=COC3=CC(=CC(=C3C2=O)O)O,5.400116927926312,7.600326278518962,4.499999678657065,4.700000503883016
COC1=CC=C(C=C1)C2=COC3=C(C2=O)C=CC(=C3)O,6.199970640755866,8.0,5.0,4.800000874803203
COC1=CC=C(C=C1)C2=CC(=O)C3=C(C=C(C=C3O2)O)O,7.199970640755866,5.900008766455316,4.899998417198648,5.499996931948306
C1=CC(=CC=C1C2=CC(=O)C3=C(C=C(C=C3O2)O)O)O,6.899629454882437,4.899998640757405,4.649999301627615,5.499996931948306
C1=CC(=C(C=C1C2=CC(=O)C3=C(C=C(C=C3O2)O)O)O)O,6.64964814142749,4.499999678657065,4.499999678657065,5.049999238830475
CCCCC/C=C\C/C=C\CCCCCCCC(=O)O,,,,4.499999678657065
COC1=C(C=C2C(=C1)C=CC(=O)O2)O,5.099895864507595,,,
CC1=CC(=O)OC2=C1C=CC(=C2)O,5.400116927926312,4.899998417198648,,
C1=CC(=C(C2=C1C=CC(=O)O2)O)O,4.801342913045577,,5.0999990348465305,4.899998417198648
COC1=C(OC2=CC(=CC(=C2C1=O)O)O)C3=CC(=C(C=C3)O)O,4.400116927926312,,,
C[C@H](CCCC(C)C)[C@H]1CC[C@@H]\2[C@@]1(CCC/C2=C\C=C/3\C[C@H](CCC3=C)O)C,,,,4.499999678657065
C1=CC(=CC=C1C2=C(C(=O)C3=C(C=C(C=C3O2)O)O)O)O,6.80024620747725,6.843028761248183,4.9000004374016015,4.949999954824866
CC/C=C\C/C=C\C/C=C\CCCCCCCC(=O)O,,,,4.800000874803203
CC1=NC=CC2=C1NC3=C2C=CC(=C3)OC,6.400116927926312,,5.0999990348465305,4.800000874803203
C1=CC(=CC=C1/C=C/C(=O)C2=C(C=C(C=C2O)O)O)O,,,,5.0999990348465305
C1=CC(=CC=C1C2=COC3=CC(=CC(=C3C2=O)O)O)O,5.300162274132754,6.0,,4.999998726022589
CCCC1O[C@@H]2C[C@H]3[C@@H]4CCC5=CC(=O)C=C[C@@]5([C@H]4[C@H](C[C@@]3([C@@]2(O1)C(=O)CO)C)O)C,,,,5.0999990348465305
CN1CCCN=C1/C=C/C2=CC=CS2.C1=CC=C2C(=C1)C=C(C(=C2CC3=C(C(=CC4=CC=CC=C43)C(=O)O)O)O)C(=O)O,,,,4.59999938302362
C[C@]12CC[C@H]3[C@H]([C@@H]1CC[C@]2(C)O)CC[C@@H]4[C@@]3(C/C(=C/O)/C(=O)C4)C,,,,4.800000874803203
C1C=C(N2C(S1)C(C2=O)NC(=O)/C(=C\CC(=O)O)/C3=CSC(=N3)N)C(=O)O,,,,4.499999678657065
CC/C=C\C[C@@H]1[C@H](CCC1=O)CC(=O)O,4.400116927926312,,,
CC1=NC=CC2=C1NC3=CC=CC=C23,5.8996294548824375,,5.0,5.399996913372259
COC1=C(C=C2C(=C1)C=C(C(=O)O2)OC3=CC4=C(C=C3)C=CC(=O)O4)O,5.698970004336019,,,6.299988937677887
C1=CC(=O)OC2=CC(=C(C=C21)O)O,4.801342913045577,,,4.899998417198648
COC1=CC(=O)O[C@H](C1)/C=C/C2=CC3=C(C=C2)OCO3,,,,5.599997654072044
C[C@H]1CCCC(=O)CCC/C=C/C2=C(C(=CC(=C2)O)O)C(=O)O1,,,,6.450022978409856
C1=CC=C(C=C1)C2=CC(=O)C3=C(O2)C=C(C(=C3O)O)O,6.350139601029533,5.299997602857746,4.499999678657065,4.499999678657065
C1=CC=C(C=C1)C2=CC(=O)C3=C(C=C(C=C3O2)O)O,7.698970004336019,5.299997602857746,4.899998417198648,5.499996931948306
C1=CC(=CC=C1C2=C(C(=O)C3=C(O2)C=C(C=C3)O)O)O,7.0,5.0,4.700000503883016,4.40000018605658
C1=CC(=C(C=C1C2=C(C(=O)C3=C(O2)C=C(C=C3)O)O)O)O,5.70083459578227,4.649999943453318,,4.4999997845401
C1=CC=C(C=C1)C2=C(C(=O)C3=C(C=C(C=C3O2)O)O)O,6.698970004336019,5.499996931948306,4.700000503883016,4.800000874803203
CC(=CCC1=C(C2=C(C=C1O)OC3=C(C2=O)C(=C(C(=C3)O)OC)CC=C(C)C)O)C,4.500312917381596,5.299997602857746,4.499999678657065,4.40000018605658
C1=CC(=C(C=C1O)O)C2=C(C(=O)C3=C(C=C(C=C3O2)O)O)O,4.899629454882437,5.0,,4.499999678657065
C1=C(C=C(C(=C1O)O)O)C2=C(C(=O)C3=C(C=C(C=C3O2)O)O)O,5.300162274132754,5.0,4.700000503883016,4.899998417198648
COC1=CC(=C2C(=C1)OC(=C(C2=O)O)C3=CC(=C(C=C3)O)O)O,,,,4.40000018605658
C1=C(C=C(C(=C1O)O)O)C2=CC(=O)C3=C(C=C(C=C3O2)O)O,,,,4.700000503883016
C1=CC(=CC=C1C2=COC3=C(C2=O)C=CC(=C3)O)O,4.801342913045577,5.199998172182031,4.800000874803203,4.700000128913412
COC1=CC(=CC(=C1)O)/C=C/C2=CC=CC=C2,,,,4.499999678657065
COC1=C(C=CC(=C1)/C=C/C(=C/C(=O)/C=C/C2=CC(=C(C=C2)O)OC)/O)O,,,,4.59999938302362
C[C@H]1[C@@H]([C@H]([C@H]([C@@H](O1)O[C@@H]2[C@H]([C@@H](O[C@@H]([C@H]2OC(=O)/C=C/C3=CC(=C(C=C3)O)O)CO[C@H]4[C@@H]([C@H]([C@@H]([C@H](O4)CO)O)O)O)OCCC5=CC(=C(C=C5)O)O)O)O)O)O,,,,5.0999990348465305
C1=CC=C(C=C1)CCOC(=O)/C=C/C2=CC(=C(C=C2)O)O,,,,4.499999678657065
C1=C2C3=C(C(=C1O)O)OC(=O)C4=CC(=C(C(=C43)OC2=O)O)O,4.801342913045577,4.40000018605658,,
C1CN(CCN1CC/C=C/2\C3=CC=CC=C3SC4=C2C=C(C=C4)C(F)(F)F)CCO,5.200170885852829,,4.849998925419548,4.999998726022589
COC1=CC(=C2C(=C1)OC(=CC2=O)C3=CC=CC=C3)O,7.600326278518962,5.599997654072044,,5.0
C1=CC(=CC=C1C2=CC(=O)C3=C(O2)C=C(C=C3)O)O,,,,5.0999990348465305
C1=CC(=C(C=C1/C=C/CO)O)O,,,,4.800000874803203
CCCCCCCC/C=C\CCCCCCCC(=O)NCCC1=CC(=C(C=C1)O)O,4.698970004336019,5.799998134593398,,5.499996931948306
CC1=NC=C(C(=N1)N)CN(C=O)/C(=C(\CCOP(=O)(O)O)/SC(=O)C2=CC=CC=C2)/C,,,,4.700000503883016
COC1=C(C=C(C=C1)/C=C/C(=O)NC2=CC=CC=C2C(=O)O)OC,,,,5.0
C[C@@]12C3=CC=CC=C3C[C@H](N1)C4=CC=CC=C24,,,6.200088550215325,4.9499992085993245
CC(CN1C2=CC=CC=C2CCC3=CC=CC=C31)CN(C)C.C(=C\C(=O)O)\C(=O)O,,,,4.700000503883016
C1=CC=C(C=C1)/C=C/C(=O)C2=CC=C(C=C2)O,,,,4.40000018605658
CC1=CC(=CC(=C1CC2=NCCN2)C)C(C)(C)C.Cl,,,,4.40000018605658
CCCCCCC/C=C\CCCCCCCCC(=O)O,4.500312917381596,4.40000018605658,,
CCCCCCCC/C=C\CCCCCCCC(=O)N,5.199970640755866,,,4.300000202445418
CCCCC/C=C\C/C=C\C/C=C\C/C=C\CCCC(=O)NCC(=O)O,,,,4.59999938302362
CCCCCCCC/C=C\CCCCCCCC(=O)NCCO,4.650827915213586,4.499999678657065,,4.499999678657065
COC1=CC(=C(C=C1)N)OC.Cl,,,,4.59999938302362
[Cl-].[Cl-].[Hg+2],,,,5.0
C1CCC(CC1)C(CC2CCCCN2)C3CCCCC3.C(=C\C(=O)O)\C(=O)O,,,,4.40000018605658
CC(COC1=CC=CC=C1)N(CCCl)CC2=CC=CC=C2.Cl,,,,5.900080976394909
C1=CC(=C(C=C1C2=C(C(=O)C3=C(C=C(C=C3O2)O)O)O)O)O.O.O,6.0,6.0,,4.899998417198648
COP(=O)(OC)O/C(=C\Cl)/C1=CC(=C(C=C1Cl)Cl)Cl,,,,5.0999990348465305
C=C1C(C2(C(C(C1(C2(Cl)Cl)Cl)Cl)Cl)Cl)(CCl)CCl,,,,5.299997602857746
C(CNC(=S)[S-])NC(=S)[S-].[Zn+2],,,,4.59999938302362
CN(C)CC/C=C/1\C2=CC=CC=C2CSC3=CC=CC=C31,,,5.0999990348465305,
CC/C(=C(\C1=CC=CC=C1)/C2=CC=C(C=C2)OCCN(C)C)/C3=CC=C(C=C3)O,,,,4.59999938302362
COC1=C(C=C(C=C1)/C=C/C(=O)C2=CC=CS2)OC,,,,5.599997654072044
C/C=C(\C)/C(=O)OC1C(C(OC2=C1C3=C(C=C2)C=CC(=O)O3)(C)C)OC(=O)C,,,,4.59999938302362
CC1=CC2=C(C=C1)N=C3[C@](C2=O)(CCN3C4=CC=CC=C4)O,,,,4.899998417198648
CC1=C(C(CCC1)(C)C)/C=C/C(=C/C=C/C(=C/C(=O)NC2=CC=C(C=C2)O)/C)/C,,,,4.800000874803203
COC1=CC(=C(C(=C1)OC)/C=C/2\C3=CC=CC=C3NC2=O)OC,6.300162274132754,4.59999938302362,,5.599997654072044
COC1=CC\2=C(C=C1)NC(=O)/C2=C\C3=CN=CN3,,,,6.100015437450609
C/C(=C\C1=CC=C(C=C1)C(=O)O)/C2=CC3=C(C=C2)C(CCC3(C)C)(C)C,4.500312917381596,,7.899629454882437,
C1CN=C(N1)SCC(=O)C2=CC=CC=C2,,,5.499996931948306,5.499996931948306
CC1C(C(C(C(O1)OCC2C(C(C(C(O2)OC3=C(OC4=CC(=CC(=C4C3=O)O)O)C5=CC(=C(C=C5)O)O)O)O)O)O)O)O,,,,5.499996931948306
CC1(C2(C(C(C(C1(C2Cl)Cl)(C(Cl)Cl)Cl)Cl)Cl)Cl)C,,,,4.800000874803203
CN1CCC2=C(C(=C(C3=C2[C@@H]1CC4=CC(=C(C=C43)OC)OC)OC)OC)CO,4.500312917381596,,,
CC1=C2C3=C(C4=CC(=C(C=C14)OC)OC)C(=C(C=C3CCN2C)OC)OC,,,,4.800000874803203
C[C@@H](C1=CC(=C(C=C1)Cl)Cl)NC[C@@H](CP(=O)(CC2=CC=CC=C2)O)O,,4.800000874803203,7.300162274132754,
CO[C@@H]1CN(CC[C@@H]1NC(=O)C2=CC(=C(C=C2OC)N)Cl)CCCOC3=CC=C(C=C3)F,,5.499996931948306,6.599980364934842,6.100015437450609
COC1=C(C=C(C=C1)CCNC[C@@H](C2=CC=C(C=C2)O)O)OC,,,,4.59999938302362
CC1=C(C(=CC=C1)[C@H](C)C2=CN=CN2)C,6.801342913045577,6.700057099977233,4.899998417198648,6.79997073344623
CC[C@](CCC(=O)O)(C(=O)O)N,4.698970004336019,,,
CCCCCCCC/C=C\CCCCCCCC(=O)NCC1=CC(=C(C=C1)O)OC,4.698970004336019,,5.499996931948306,5.0
CCCN1CCC2=C3[C@@H]1CC4=C(C3=CC=C2)C(=C(C=C4)O)O,5.400116927926312,,5.0,4.899998417198648
CC1=CC(=CC(=C1)C(=O)N(C)[C@H](CC2=CC=C(C=C2)C3=CC=CC=C3)C(=O)N[C@@H](CC4=CNC5=CC=CC=C54)C(=O)O)C,4.400116927926312,,,4.59999938302362
CCCC(=O)NCCC1=C2C3=CC=CC=C3CCCN2C4=C1C=C(C=C4)OC,5.600326278518962,5.399996913372259,4.40000018605658,5.900008766455316
C1CN(CCN1CC2=CNC3=C2C=CC=N3)C4=CC=C(C=C4)Cl,4.801342913045577,,4.949999954824866,4.899998417198648
C1=CC=C(C=C1)CO[C@@H]([C@@H](C(=O)O)N)C(=O)O,4.500312917381596,5.0,5.0999990348465305,
CN1[C@@H]2CC[C@H]1CC(C2)NC(=O)C3=NN(C4=CC=CC=C43)C,,,,5.499996931948306
COC1=CC=C(C=C1)C2=C(C3=C(O2)C=C(C=C3)OC)C(=O)C4=CC=C(C=C4)C#N,,,,5.399996913372259
CC1=C(C=CC(=C1)C(=O)O)[C@@H](C(=O)O)N,4.500312917381596,,,
CCCOC1=C(C=C(C=C1)Br)C2=C(NC(=C2)C3=CC=C(C=C3)Cl)C4=CC=NC=C4,,,,5.900008766455316
COC1=CC(=C(C=C1C(=O)OCCN2CCCCC2)Cl)N,,,,4.800000874803203
CCCN1CCO[C@H]2[C@H]1COC3=C2C=C(C=C3)O,4.450214922653954,,4.549999530840342,4.899998417198648
CC1=C(C(=C(C(=N1)N=NC2=CC3=C(C=C(C=C3S(=O)(=O)[O-])[N+](=O)[O-])C(=C2)S(=O)(=O)[O-])COP(=O)([O-])[O-])C=O)O.[Na+].[Na+].[Na+].[Na+],4.400116927926312,,,4.800000874803203
C1[C@H]([C@H](O[C@H](O1)C(F)(F)F)C2=CC=CC=C2O)C/C=C\CCCC(=O)O,4.400116927926312,4.700000503883016,,4.800000874803203
CCC1=CC=CC=C1OC[C@H](CN[C@H]2CCCC3=CC=CC=C23)O,4.899629454882437,,,4.800000874803203
C1=CC(=C(C=C1[C@@H](C(=O)O)N)O)C(=O)O,,4.800000874803203,,
CCCN1C(=O)C2=C(NC1=O)N=C(N2)C3=CC=C(C=C3)S(=O)(=O)O,,,5.0999990348465305,
CN(C)S(=O)(=O)C1=CC\2=C(C=C1)NC(=O)/C2=C\C3=CC4=C(N3)CCCC4,6.5003129173815966,5.0,4.499999678657065,5.299997602857746
CNC1=CC(=NC(=N1)NC)NS(=O)(=O)C2=CC=C(C=C2)N,,5.699991797446187,,6.100015437450609
CCCCCCCCCCC/C=C\C(C)(C)/C=C\CCCC(=O)O,4.400116927926312,4.800000874803203,4.40000018605658,4.40000018605658
C/C=C(/C)\C(=O)OC1CC2=C(C=CC3=C2OC(=O)C=C3)OC1(C)C,,,,4.800000874803203
CC1COC2=C1C(=O)C(=O)C3=C2C=CC4=C(C=CC=C43)C,,,,4.899998417198648
COC1=CC(=C(C(=C1)O)C(=O)/C=C/C2=CC=CC=C2)O,,5.699991797446187,,
CC1=CC(=C(C2=C1C(=O)OC3=C(O2)C(=C(C(=C3COC(=O)/C=C/C(=O)O)O)C(=O)O)C)C=O)O,,,,4.40000018605658
CC(=CCC/C(=C/COC1=C2C(=CC3=C1OC=C3)C=CC(=O)O2)/C)C,,,,5.900008766455316
CC1=CC(=O)C2=C(C=C(C(=C2O1)C)O)O,,,,4.59999938302362
COC1=CC=C(C=C1)C2=CC(=O)C3=C(O2)C(=C(C=C3O)O)C4=C(C=CC(=C4)C5=CC(=O)C6=C(C=C(C=C6O5)O)O)OC,,,,5.399996913372259
CC1=CC(=O)OC2=CC(=C(C=C12)O)O,,,,4.800000874803203
CN1CCC2=CC3=C(C(=C2C1[C@H]4C5=C(C(=C(C=C5)OC)OC)C(=O)O4)OC)OCO3,,,,5.599997654072044
C/C/1=C\CCC2(C(O2)C3C(CC1)C(=C)C(=O)O3)C,,,,4.59999938302362
COC1=CC=C(C=C1)C2=CC(=O)C3=C(O2)C=C(C=C3)O,6.801342913045577,5.399996913372259,,5.0999990348465305
C1=CC=C(C(=C1)C2=CC(=O)C3=C(C=C(C=C3O2)O)O)O,6.600326278518962,5.299997602857746,4.59999938302362,5.399996913372259
COC1=NC(=NC(=C1)NS(=O)(=O)C2=CC=C(C=C2)N)OC,,,,4.40000018605658
CC[C@H](C)C(=O)O[C@H]1C[C@H](C=C2[C@H]1[C@H]([C@H](C=C2)C)CC[C@@H]3C[C@H](CC(=O)O3)O)C,,,,5.0
CC1=NC(=NC=C1)NS(=O)(=O)C2=CC=C(C=C2)N,,8.301029995663981,,
CCCCCCCCCCCCC/C=C\[C@@H]([C@@H](CO)N)O,4.500312917381596,,4.899998417198648,
CN(C)C1=NC2=C(N1)C(=C(C(=C2Br)Br)Br)Br,,,,4.700000503883016
CC1=CC(=NC(=N1)NS(=O)(=O)C2=CC=C(C=C2)N)C,,,,4.40000018605658
CCN1C=NC2=C(N=C(N=C21)N[C@@H]3CCCC[C@H]3N)NC4=CC(=CC=C4)Cl,4.801342913045577,,4.59999938302362,4.899998417198648
CCOC(=O)NC1=C(N=C(C=C1)NCC2=CC=C(C=C2)F)N,4.400116927926312,4.59999938302362,4.499999678657065,5.0999990348465305
CC(=O)N[C@@H]1CCC2=CC(=C(C(=C2C3=CC=C(C(=O)C=C13)OC)OC)OC)OC,,4.40000018605658,,
C1=CC(=C(C=C1/C=C(\C#N)/C(=O)C2=CC(=C(C=C2)O)O)O)O,4.500312917381596,,,4.800000874803203
C1=CC(=C(C=C1/C=C(\C#N)/C(=O)N)O)O,4.400116927926312,,,
C[C@@H](C1=CC=CC=C1)NC(=O)/C(=C/C2=CC(=C(C=C2)O)O)/C#N,4.801342913045577,6.100080345665701,,5.499996931948306
C1=CC=C(C=C1)CCCNC(=O)/C(=C/C2=CC(=C(C=C2)O)O)/C#N,4.899629454882437,,4.449999932356823,5.599997654072044
C1=CC=C(C=C1)NC(=O)/C(=C/C2=CC(=C(C=C2)O)O)/C#N,5.999566139234386,,4.40000018605658,4.800000874803203
C[C@H](C1=CC=CC=C1)NC(=O)/C(=C/C2=CC(=C(C=C2)O)O)/C#N,4.500312917381596,6.299988937677887,,4.800000874803203
C1=CC=C(C=C1)CCNC(=O)/C(=C/C2=CC(=C(C=C2)O)O)/C#N,5.0,,4.40000018605658,5.399996913372259
C1=CC=C(C=C1)CCCCNC(=O)/C(=C/C2=CC(=C(C=C2)O)O)/C#N,5.400116927926312,7.801342913045577,4.499999678657065,5.499996931948306
C1=CC=C(C=C1)CNC(=O)/C(=C/C2=CC(=C(C=C2)O)O)/C#N,4.99990447622767,6.599980364934842,,4.800000874803203
C1=CC(=CC=C1/C=C(\C#N)/C(=O)O)O,,,,4.499999678657065
C1=CC(=CC=C1/C=C(\C#N)/C(=C(C#N)C#N)N)O,5.400116927926312,,,4.40000018605658
C1=CC(=C(C=C1/C=C(/C(=O)NCCCNC(=O)/C(=C/C2=CC(=C(C=C2)O)O)/C#N)\C#N)O)O,,,,5.699991797446187
C1=CC=C2C(=C1)C(=CN2)/C=C(\C#N)/C(=O)C3=CC(=C(C=C3)O)O,5.8996294548824375,4.499999678657065,4.59999938302362,5.0999990348465305
COC1=CC=C(C=C1)/C=C/C(=O)C2=CC=CC=C2O,,5.399996913372259,5.499996931948306,
C/C(=N/NC(=O)C1=CC=NC=C1)/C2=CC=CC=C2Cl,,,,5.399996913372259
CC(=O)NC1=CC=C(C=C1)S(=O)(=O)NC2=CC=C(C=C2)[N+](=O)[O-],,,,4.499999678657065
C1=CC=C(C=C1)N2C(=CC=N2)NS(=O)(=O)C3=CC=C(C=C3)N,,6.8500850482743285,,5.499996931948306
COC1=CC(=C(C=C1)/C=C/C(=O)C2=CC=CS2)OC,,,,5.199998172182031
C1=CC=C2C(=C1)N=CC(=N2)NS(=O)(=O)C3=CC=C(C=C3)N,,5.399996913372259,,
C[C@@H]1CN(C[C@@H](N1)C)CCCN2C3=CC=CC=C3C4=CC=CC=C42,6.100179497572904,4.899998417198648,4.800000874803203,5.0999990348465305
C1=CC=NC(=C1)NS(=O)(=O)C2=CC=C(C=C2)N=NC3=CC(=C(C=C3)O)C(=O)O,,5.0999990348465305,,
C1=CC(=CC=C1N)S(=O)(=O)NC2=NC=CS2,,5.0,,
C1=CC=C(C=C1)N2C(=O)C(C(=O)N2C3=CC=CC=C3)CCS(=O)C4=CC=CC=C4,,5.0,,5.04999829469034
CC1=C(ON=C1C)NS(=O)(=O)C2=CC=C(C=C2)N,,4.40000018605658,,
CC(C)C[C@H]1C(=O)N2CCC[C@@H]2[C@]3(N1C(=O)[C@](O3)(C(C)C)NC(=O)[C@H]4CN([C@@H]5CC6=C(NC7=CC=CC(=C67)C5=C4)Br)C)O,,5.0,,6.199970640755866
CC12CCC(C(C1CCC(=C)C2C/C=C\3/C(COC3=O)O)(C)CO)O,,,,4.800000874803203
C(/C(=N/O)/N)C/C(=N/O)/N,,,5.299997602857746,
C/C(=N\N=C(N)N)/C[N+]1=CC=CC=C1,,6.599980364934842,,
C1=CC(=CC=C1/C(=C/C(=O)C(=O)O)/O)Br,5.100179497572904,,,
C1=CC=C2C(=C1)C3=C(C2=O)C=CC=C3NC(=O)/C=C\C(=O)O,5.600326278518962,,,
C1C2=C(C=C(C=C2)NC(=O)/C=C\C(=O)O)C3=CC=CC=C31,6.0,,,5.399996913372259
C1=CC2=C(C=C1NC(=O)/C=C\C(=O)O)C(=O)C3=C2C=CC(=C3)F,6.100179497572904,,,5.499996931948306
C1=NC2=C(N1)C(=NC(=N2)S(=O)(=O)N)S(=O)(=O)O,5.300162274132754,,,
C1CC1/C(=N/N=C(N)N)/C2=CC=C(C=C2)Cl,6.100179497572904,,,
C1=CC=C(C=C1)C(=O)NC2=C3C(=C(C=C2)NC4=CC5=C(C=C4)C(=O)C6=CC=CC=C6C5=O)C(=O)C7=CC=CC=C7C3=O,5.801342913045578,,,
CC1=CC2=C(C=C1C)N=C3C(=N2)C4=C(N3)C(=CC(=C4)Cl)Cl,6.199970640755866,,,
CC1=CC2=CC3=C(NC(=O)NC3=O)N=C2C=C1C,5.5003129173815966,,,
COC1=C(C=CC(=C1)S(=O)C)C2=NC3=C(N2)C=CC=N3,6.600326278518962,,,
C1=C(OC(=C1)[N+](=O)[O-])/C=N\NC(=O)N,4.899629454882437,,4.899998417198648,4.899998417198648
CC(C)CCCC(C)C1CCC\2C1(CCC/C2=C\C=C\3/CC(CCC3=C)O)C,,,,4.499999678657065
C1C(=NC(=O)N1/N=C\C2=CC=C(O2)C3=CC=C(C=C3)[N+](=O)[O-])[O-],4.698970004336019,,,4.700000503883016
CN(C)C1=CC=C(C=C1)/C=C/2\C3=CC=CC=C3NC2=O,6.700058463963156,4.849998894457164,4.499999678657065,5.0
CC(C)C(C)/C=C/C(C)C1CCC\2C1(CCC/C2=C\C=C\3/CC(CCC3=C)O)C,,,,4.499999678657065
C1COC(=O)N1/N=C\C2=CC=C(O2)[N+](=O)[O-],4.899629454882437,,4.899998417198648,
CC(=CCCC1(C=CC2=C(C3=C(C(=C2O1)CC=C(C)C)OC45C6CC(C=C4C3=O)C(=O)C5(OC6(C)C)C/C=C(/C)\C(=O)O)O)C)C,,,,4.40000018605658
C1=CC(=C(C(=C1)Cl)/C=N\N=C(N)N)Cl,5.400116927926312,,5.0,
COC1=C(C(=CC(=C1)/C=C(\C#N)/C(=O)C2=CC(=C(C=C2)O)O)I)O,4.801342913045577,6.299988937677887,,4.899998417198648
CCO/C(=N/C1=C[N+](=NO1)N2CCOCC2)/[O-],,,,5.900008766455316
C1C(=O)NC(=O)N1/N=C\C2=CC=C(O2)[N+](=O)[O-],5.0,,,
CCCCCCCCNC(C)C(C1=CC=C(C=C1)SC(C)C)O,,,,4.499999678657065
C1=CC=C(C(=C1)N)S/C(=C(\C#N)/C(=C(/N)\SC2=CC=CC=C2N)/C#N)/N,4.699971186132016,6.100015437450609,6.099484841496542,6.000017533176058
CC1=CC(=O)OC2=CC(=CC(=C12)O)O,,,,5.199998172182031
C1=CC=C(C=C1)C/C(=C/C2=CC=CC=C2)/C(=O)O,,5.399996913372259,,5.499996931948306
CS(=O)(=O)C1=CC=C(C=C1)/C=N\NC(=S)N,5.300162274132754,,,
C/C(=N/O)/C1=CC2=C(C=C1)C=C(C3=CC=CC=C32)Br,,,7.600326278518962,
CC1=CC(=O)OC2=C1C=CC(=C2O)O,,,,4.59999938302362
COC1=CC=C(C=C1)/C=N\NC(=O)O,6.300162274132754,,,
COC1=CC(=C(C(=C1)OC)C(=O)/C=C/C2=CC=CC=C2)O,,,,4.800000874803203
C1=CC=C(C(=C1)C(=O)/C=C/C2=CC=C(C=C2)O)O,,,,5.799998134593398
COC1=CC=C(C=C1)/C=C/C(=O)C2=C(C=C(C=C2)OC)O,,,,5.499996931948306
CN1CCN(CC1)C2CC3=CC=CC=C3SC4=C2C=C(C=C4)SC.C(=C\C(=O)O)\C(=O)O,,,,4.499999678657065
CN1CC[C@@]23CCCC[C@@H]2[C@@H]1CC4=C3C=C(C=C4)OC,,,5.599997654072044,
COCCCC/C(=N/OCCN)/C1=CC=C(C=C1)C(F)(F)F,7.400116927926312,4.899998417198648,4.899998417198648,4.899998417198648
C1=CC=C2C(=C1)C3=C(S2=O)C=C(C=C3)[N+](=O)[O-],6.698970004336019,,,
CC(C)OC(=O)/C=C(\C)/C=C/CC(C)CCCC(C)(C)OC,,,,4.499999678657065
C1=CC(=CC(=C1)O)/C=N\NC(=O)C2=CC=NC=C2,,,5.499996931948306,
CC1=NC=CC(=C1)CN2C(=C(C3=C(C2=O)C(=NC=C3)OCC4=NC=CC=N4)C5=CC(=C(C(=C5)OC)OC)OC)C(=O)OC,,4.749998900111134,4.499999678657065,5.099998894087731
COC1=CC(=CC(=C1OC)OC)C2=C(N(C(=O)C3=C2C=CC(=C3)OCC4=CC=CC=N4)C5=CC=C(C=C5)N)C(=O)OC,,5.399996913372259,,6.400007822415902
CC1=C(NC(=O)N1)C(=O)C2=CC=C(C=C2)SC,4.801342913045577,4.40000018605658,,5.299997602857746
CCC(=O)/C=C/C1C(=CCCC1(C)C)C,,,,4.499999678657065
CCCCCCCC/C=C\CCCCCCCC(=O)N(CCO)CCO,,,,4.899998417198648
C1CN(CCN1CC/C=C/2\C3=CC=CC=C3SC4=C2C=C(C=C4)Cl)CCO,4.801342913045577,,5.0,4.899998417198648
C1=CC=C2C(=C1)N=C3C(=N2)NC(=O)NC3=O,4.899629454882437,,,
CC1CCCC(=O)CCC/C=C/C2=C(C(=CC(=C2)O)O)C(=O)O1,,,,5.699991797446187
C1=CC=C(C=C1)/C=C/C(=O)C2=C(C=C(C=C2)O)O,,,,5.799998134593398
C1=CC=C(C=C1)C2=COC3=CC(=CC(=C3C2=O)O)O,,,,4.700000503883016
COC1=C(C=C(C=C1)/C=C/C(=O)C2=C(C=C(C=C2OC)OC)O)O,,,,5.199998172182031
CC1=CC(=C(C2=C1C(=O)OC3=C(O2)C4=C(C(=C3C)O)C(=O)OC4O)C=O)O,,,,4.40000018605658
C1=CC(=CC(=C1)[N+](=O)[O-])/C=N\NC2=CS(=O)(=O)C=C2,6.0,5.199998172182031,,5.299997602857746
C1=CC(=CC=C1OC2=C(C=C(C=N2)Cl)Cl)OC3=C(C=C(C=N3)Cl)Cl,,4.899998417198648,,
CC(C)(C)C1=NN=C(S1)N(C)C(=O)NC,,,,4.899998417198648
CCCCSCC1=NC2=C(N1)N=C(C(=N2)Cl)Cl,5.5003129173815966,6.299988937677887,,
C1=CC(=CC(=C1)C(F)(F)F)C2=NC3=C(N2)N=C(C(=N3)Cl)Cl,6.400116927926312,5.399996913372259,,5.299997602857746
C12=C(N=C(C(=N1)Cl)Cl)N=C(N2)C(=O)O,,6.199970640755866,,5.499996931948306
CN(C)C1=CC=C(C=C1)/C=N\NC(=O)C2=CC3=CC=CC=C3N=C2,5.801342913045578,,,5.399996913372259
C/C(=C\C1=CC=C(C=C1)Cl)/C(C)(C)C(=O)O,,5.499996931948306,,
CC1=CC(=C2C(=C1)CC(/C(=N\NC(=O)C3=CC=C(C=C3)OC)/C2=O)(C)C)C,5.300162274132754,5.199998172182031,,5.499996931948306
CC1=CC(=O)OC2=C1C=C(C(=C2)O)CN(C)CC(=O)O,5.400116927926312,,,
CC1=CC2=C(C=C1)N=C(C=C2C)N/N=C\C3=CC=CC(=N3)C,6.199970640755866,,5.499996931948306,5.499996931948306
CC1=C2C(=CS1)C(=O)NC3=CC=CC=C3N2C(=O)CN4CCN(CC4)C,4.500312917381596,5.599997654072044,5.299997602857746,5.900008766455316
C1CC1C(C2CC2)NC3=NCCO3.C(=C/C(=O)O)\C(=O)O,,,,4.800000874803203
CCC(COC(=O)C1=CC(=C(C(=C1)OC)OC)OC)(C2=CC=CC=C2)N(C)C.C(=C\C(=O)O)\C(=O)O,,,,4.899998417198648
C/C=C(\C1=CC=C(C=C1)O)/C(=C\C)/C2=CC=C(C=C2)O,4.801342913045577,6.100015437450609,4.800000874803203,5.0999990348465305
C=CCN1CC[C@]23[C@H]4C(=O)CC[C@@]2([C@H]1CC5=C3C(=C(C=C5)O)O4)O,,,4.899998417198648,
C1=CC(=CC=C1C(=O)N/N=C\C2=CC=C(O2)[N+](=O)[O-])O,4.899629454882437,,,5.0
C1=CC(=CC(=C1)O)C2=CC(=O)C3=C(O2)C=C(C=C3)O,5.300162274132754,4.59999938302362,,4.899998417198648
CC1=C(OC2=C(C1=O)C=CC(=C2)O)C3=CC=CC=C3,6.600326278518962,5.599997654072044,,4.800000874803203
CN1CCCN(CC1)[C@@H](C2=CC=CC=C2)C3=CC=C(C=C3)Cl,,,6.599980364934842,5.0999990348465305
C1=CC=C(C=C1)C2=C(C(=O)C3=C(C=CC=C3O2)O)O,,,,4.899998417198648
C1=CC=C(C=C1)C2=C(C(=O)C3=C(O2)C=C(C=C3)O)O,,,,4.40000018605658
CC1=CC=C(C=C1)/C(=C/C2=CC(=CC=C2)[N+](=O)[O-])/C#N,5.400116927926312,,,5.399996913372259
COC1=CC=CC=C1C2=COC3=C(C2=O)C=CC(=C3)O,,,,4.59999938302362
CCCCNC1=CC=C(C=C1)C(=O)OCCN(C)C,4.801342913045577,,,
COC1=C(C2=C(CC3C4=CC(=C(C=C4CCN3C2)OC)OC)C=C1)OC,,,,4.499999678657065
C/C/1=C/CC[C@@]2([C@H](O2)[C@@H]3[C@@H](CC1)C(=C)C(=O)O3)C,4.700058463963156,,,5.0
CN1C=NC2=C1C(=O)NC(=O)N2C,,,,4.59999938302362
C1=CC=C2C(=C1)NC(=N2)C3=CSC=N3,6.899629454882437,,5.0,4.40000018605658
CN1CCCC(CC1)N2C(=O)C3=CC=CC=C3C(=N2)CC4=CC=C(C=C4)Cl.Cl,,,,5.0999990348465305
C1=C(OC(=C1)[N+](=O)[O-])/C=N/NC(=O)N,,,,4.499999678657065
CCN1CCC[C@H]1CNC(=O)C2=C(C=CC(=C2OC)Br)OC,,,6.700057099977233,
C1CN1P(=S)(N2CC2)N3CC3,,,,4.40000018605658
CN(C)C(=S)SSC(=S)N(C)C,,,,4.800000874803203
CCCCCCCCCCCCCCCC[N+](C)(C)CCN(CC1=CC=C(C=C1)OC)C2=NC=CC=N2,4.698970004336019,4.800000874803203,4.899998417198648,
CCCN1CCC[C@H]2[C@H]1CC3=C(C2)NN=C3,4.500312917381596,,,
C1=CC=C(C(=C1)/C=N\N=C2C3=CC=CC=C3C4=CC=CC=C42)C(=O)O,6.5003129173815966,5.0999990348465305,,
C1=CC=C2C(=C1)C3=CC=CC=C3C2=N/N=C\C4=C(C=CC=C4Cl)F,6.5003129173815966,5.499996931948306,,
C1=CC=C2C(=C1)C3=CC=CC=C3C2=N/N=C\C4=CC=C(C=C4)C(=O)O,6.899629454882437,5.0999990348465305,7.400116927926312,
C1C(=O)N(C(=S)S1)/N=C\C2=CC(=C(C=C2)Cl)[N+](=O)[O-],5.8996294548824375,,,
C1CC2=C(C1)C=C(C=C2)/C=N\NC(=O)C3=CC=CC=C3O,5.698970004336019,5.599997654072044,5.299997602857746,
C1=CC=NC(=C1)N/N=C\C2=CN=CC=C2,5.8996294548824375,,,5.399996913372259
COC1=CC(=C(C=C1C/C=C/C2=CC=CC=C2)OC)O,,,,4.40000018605658
CN(C)C/C=C(\C1=CC=C(C=C1)Br)/C2=CN=CC=C2,4.400116927926312,5.299997602857746,5.399997913127038,5.499996931948306
C1=CC=C2C(=C1)C3=C(N2)N=C(N=N3)N/N=C\C4=CN=CC=C4,6.199970640755866,,,5.399996913372259
CC(=O)/C(=C\C1=CC=CC=C1F)/C(=O)C2=CC=CC=C2,5.300162274132754,5.199998172182031,,5.499996931948306
C[N+](C)(C)CC(=O)N/N=C\C1=CC=NC=C1,5.698970004336019,,,
CC1=CC(=C(C=C1)C)/C(=N\N=C(N)N)/C2CC2,,,5.399996913372259,
C1=CC(=C(C=C1CC2=NC=CC3=CC(=C(C=C32)O)O)O)O,5.300162274132754,5.299997602857746,5.900008766455316,
CCC#CCOCC(=S)NC1=CC=CC=C1,4.801342913045577,,,
CC(C)(C)[Si](C)(C)C1=C2CN3C(=O)C=CC=C3C2=NC4=CC(=C(C=C41)OC)OC,5.300162274132754,4.800000874803203,4.800000874803203,5.399996913372259
CC(C)(C)[Si](C)(C)C1=C2CN3C(=O)C=CC=C3C2=NC4=C1C=C(C=C4)OCC5=CC=CC=C5,5.300162274132754,4.700000503883016,,4.800000874803203
CCC1=C2C(=CC=C1)N=C3C(=C2[Si](CC)(CC)CC)CN4C3=CC=CC4=O,5.8996294548824375,5.0999990348465305,4.59999938302362,5.699991797446187
CC[C@]1(C(=O)COC2=C1C=C3C4=NC5=CC=CC(=C5C(=C4CN3C2=O)[Si](C)(C)C)C(C)C)O,5.100179497572904,,,4.800000874803203
CCC1=C2C(=CC=C1)N=C3C(=C2[Si](C)(C)C)CN4C3=CC=CC4=O,5.600326278518962,4.700000503883016,4.40000018605658,4.899998417198648
CC(C)C1=C2C(=CC=C1)N=C3C(=C2[Si](C)(C)C(C)(C)C)CN4C3=CC=CC4=O,4.600326278518962,4.40000018605658,,4.899998417198648
CC(C)C1=CC=CC2=C1N=C3C(=C2[Si](C)(C)C)CN4C3=CC=CC4=O,4.801342913045577,5.699991797446187,4.700000503883016,4.59999938302362
CC(C)C1=C2C(=CC=C1)N=C3C(=C2[Si](C)(C)C)CN4C3=CC=CC4=O,4.801342913045577,4.40000018605658,4.40000018605658,5.0
CCC1=C2C=CC=C(C2=NC3=C1CN4C3=CC=CC4=O)C(C)C,6.400116927926312,4.800000874803203,4.40000018605658,4.800000874803203
CCC1=C2CN3C(=O)C=CC=C3C2=NC4=CC=CC(=C41)C(C)C,6.300162274132754,4.59999938302362,,4.800000874803203
CC(C)C1=C2C(=CC=C1)N=C3C(=C2C(C)(C)C)CN4C3=CC=CC4=O,4.899629454882437,5.0,,5.299997602857746
CCC1=C2CC(OC2=NC3=CC=CC=C31)C,4.600326278518962,,,
CCC1=C2C(=CC=C1)C(=C3CCOC3=N2)C4=CC=CC=C4,6.5003129173815966,4.899998417198648,4.800000874803203,
CCC1=C2CC(OC2=NC3=C1C=C(C=C3)OC)C,5.600326278518962,,,
COC1=CC2=C(C=C1)N=C3CCCC3=C2C4=CC=CC=C4,6.801342913045577,4.899998417198648,4.800000874803203,5.299997602857746
CCCCC#CC1=CC=CC=C1CC(=O)NC2=CC=CC=C2,5.600326278518962,5.599997654072044,4.899998417198648,6.0
C1=CC=C(C(=C1)C#CCCCCO)N,5.100179497572904,4.899998417198648,,4.800000874803203
C1=CC=C(C=C1)C#CC2=CC=CC=C2NC(=S)NC3=CC=CC=C3,6.300162274132754,5.399996913372259,4.800000874803203,5.0999990348465305
C1=CC=C(C=C1)C2=C3C4=CC=CC=C4NC3=NC5=CC=CC=C52,6.300162274132754,5.0,,5.0
CC(C)(C)[Si](C)(C)C1=C2CN3C(=O)C=CC=C3C2=NC4=C1C=C(C=C4)OC,6.100179497572904,4.899998417198648,5.699991797446187,5.799998134593398
CCCCC1=C2C3=CC=CC=C3NC2=NC4=CC=CC=C41,6.698970004336019,,,4.800000874803203
CCC1CC2=C(C3=C(C=CC=C3OC)N=C2O1)CC,5.698970004336019,,4.40000018605658,
CCC1CC2=C(C3=C(C=CC(=C3)OC)N=C2O1)CC,6.400116927926312,,,4.800000874803203
COC1=CC=C(C=C1)NC(=O)CCCCC#CC2=CC=CC=C2,6.0,5.0999990348465305,,6.50003813440381
C1=CC=C(C=C1)NC(=O)CC2=CC=CC=C2I,4.899629454882437,4.59999938302362,4.700000503883016,
CC1=C2CCOC2=NC3=CC=CC=C13,5.400116927926312,,,
C[Si](C)(C)C#CC1=CC=CC=C1NC(=S)NC2=CC=CC=C2,5.300162274132754,4.800000874803203,4.59999938302362,5.0999990348465305
CCC#CCOCC(=O)NC1=CC=CC=C1,4.600326278518962,,,
CC(C)C1=CC=CC2=CC3=C(C4=CC=CC(=O)N4C3)N=C21,6.300162274132754,,,4.800000874803203
C#CCCCC(=O)NC1=CC=CC=C1,4.698970004336019,,4.899998417198648,4.59999938302362
C#CCCCC(=S)NC1=CC=CC=C1,4.899629454882437,4.40000018605658,4.40000018605658,4.59999938302362
CCC1=C2COCC2=NC3=C1C=C(C=C3)OC,6.100179497572904,,4.700000503883016,4.800000874803203
CCC1=C2COCC2=NC3=C1C(=CC=C3)SC,5.600326278518962,,4.40000018605658,4.899998417198648
CC[C@@H]1C(C(C2CC[C@@H]3[C@@H]4C2=C1CN([C@@]4(COC3OC)C)C(=O)OC(C)(C)C)CO)CO,4.899629454882437,4.59999938302362,,5.0
C[C@@H]1C(C(C2CC[C@@H]3[C@@H]4C2=C1CN([C@@]4(COC3OCC5=CC=C(C=C5)OC)C)C(=O)OC(C)(C)C)CO)CO,,,,5.0999990348465305
C[C@@H]1C(C(C2CC[C@@H]3[C@@H]4C2=C1CN([C@@]4(COC3OCC5=C(C=C(C=C5)F)C(F)(F)F)C)C(=O)OC(C)(C)C)CO)CO,4.801342913045577,4.40000018605658,,4.800000874803203
C[C@@H]1C(C(C2CC[C@@H]3[C@@H]4C2=C1CN([C@@]4(COC3OCC5=C(C=C(C=C5)F)C(F)(F)F)C)C(=O)OC(C)(C)C)COC(=O)C)COC(=O)C,5.0,,,4.899998417198648
C[C@@H]1C2COC(=O)OCC2C3CC[C@@H]4[C@@H]5C3=C1CN([C@@]5(COC4OCC6=C(C=C(C=C6)F)C(F)(F)F)C)C(=O)OC(C)(C)C,5.199970640755866,,,4.700000503883016
CC[C@@H]1C(C(C2CC[C@@H]3[C@@H]4C2=C1CN([C@@]4(COC3OCC5=C(C=C(C=C5)F)C(F)(F)F)C)C(=O)OC(C)(C)C)COC(=O)C)COC(=O)C,,4.499999678657065,,5.599997654072044
CC[C@@H]1C2COC(=O)OCC2C3CC[C@@H]4[C@@H]5C3=C1CN([C@@]5(COC4OCC6=C(C=C(C=C6)F)C(F)(F)F)C)C(=O)OC(C)(C)C,,4.700000503883016,,4.700000503883016
CC[C@@H]1C(C(C2CC[C@@H]3[C@@H]4C2=C1CN([C@@]4(COC3OCC5=C(C=C(C=C5)F)C(F)(F)F)C)C(=O)OC(C)(C)C)COC)COC,,,,5.0
C[C@@H]1C(C(C2CC[C@@H]3[C@@H]4C2=C1CN([C@@]4(COC3OCC5=CC=C(C=C5)OC)C)C(=O)OC(C)(C)C)COC)COC,4.801342913045577,4.800000874803203,,5.799998134593398
C[C@@H]1C(C(C2CC[C@@H]3[C@@H]4C2=C1CN([C@@]4(COC3OCC5=C(C=C(C=C5)F)C(F)(F)F)C)C(=O)OC(C)(C)C)COC)COC,4.500312917381596,4.700000503883016,,4.800000874803203
C1CCN(CC1)C2CCN(CC2)C(=O)OC3=CC=C(C=C3)[N+](=O)[O-],4.698970004336019,,4.40000018605658,
CCCC1=CC2=C(N1CC3=CC=C(C=C3)C)C(C4C2C(N(C4)C(=O)C5=CC=CC=C5)(C)C(=O)OC)C,5.100179497572904,5.0999990348465305,,5.499996931948306
CCCC1=CC2=C(N1CCC3=CC=C(C=C3)Cl)C(C4C2C(N(C4)C(=O)C5=CC=CC=C5)(C)C(=O)OC)C,4.600326278518962,5.499996931948306,5.299997602857746,5.299997602857746
CCCC1=CC2=C(N1CC3=CC=CO3)C(C4C2C(N(C4)C(=O)C5=CC=CC=C5)(C)C(=O)OC)C,,4.899998417198648,,4.800000874803203
CCCC1=CC2=C(N1CC3=CC=C(C=C3)OC)C(C4C2C(N(C4)C(=O)C5=CC=CC=C5)(C)C(=O)OC)C,4.801342913045577,4.899998417198648,4.40000018605658,5.499996931948306
CCCC1=CC2=C(N1CCO)C(C3C2C(N(C3)C(=O)C4=CC=CC=C4)(C)C(=O)OC)C,,4.899998417198648,,5.0
CCCC1=CC2=C(N1CC3=CC(=CC=C3)Cl)C(C4C2C(N(C4)C(=O)C5=CC=CC=C5)(C)C(=O)OC)C,4.500312917381596,5.299997602857746,4.899998417198648,5.299997602857746
CCCC1=CC2=C(N1CC3=CC(=CC(=C3)F)F)C(C4C2C(N(C4)C(=O)C5=CC=CC=C5)(C)C(=O)OC)C,,5.199998172182031,4.59999938302362,5.499996931948306
CC1C2=CC(NCC2=C(C1=O)C)(C)C(=O)OC,4.500312917381596,,,
CC1C2=CC(NCC2=C(C1=O)C3=CC=CC=C3)(C)C(=O)OC,4.801342913045577,5.0,,5.0
CCCCCC1=C2CNC(C=C2C(C1=O)C)(CC3=CC=CC=C3)C(=O)OC,4.801342913045577,5.299997602857746,4.899998417198648,4.800000874803203
CCCCCC1=C2CNC(C=C2C(C1=O)C)(CC(C)C)C(=O)OC,4.600326278518962,5.499996931948306,5.299997602857746,4.800000874803203
CCCCCC1=C2CNC(C=C2C(C1=O)C)(C)C(=O)OC,4.600326278518962,4.499999678657065,4.59999938302362,4.899998417198648
CCCCCC1=C2CNC(C=C2C(C1=O)C)(CCC)C(=O)OC,4.500312917381596,5.0,4.899998417198648,4.700000503883016
CC1C2=CC(NCC2=C(C1=O)C(C)C)(CC3=CC=CC=C3)C(=O)OC,4.801342913045577,4.499999678657065,4.899998417198648,5.0999990348465305
CC1C2=CC(NCC2=C(C1=O)C(C)C)(CC(C)C)C(=O)OC,4.801342913045577,4.899998417198648,4.59999938302362,4.700000503883016
CCCC1(C=C2C(C(=O)C(=C2CN1)C(C)C)C)C(=O)OC,,4.700000503883016,,4.899998417198648
CC1C2=CC(NCC2=C(C1=O)C3=CC=CC=C3)(CC4=CC=CC=C4)C(=O)OC,4.698970004336019,4.899998417198648,4.899998417198648,4.899998417198648
CC1C2=CC(NCC2=C(C1=O)C3=CC=CC=C3)(CC(C)C)C(=O)OC,4.801342913045577,5.0,,4.59999938302362
CCCC1(C=C2C(C(=O)C(=C2CN1)C3=CC=CC=C3)C)C(=O)OC,4.801342913045577,5.299997602857746,,5.0
CC1C2=CC(NCC2=C(C1=O)C)(CC3=CC=CC=C3)C(=O)OC,5.0,,4.800000874803203,4.800000874803203
CCCC1(C=C2C(C(=O)C(=C2CN1)C)C)C(=O)OC,,,,4.40000018605658
CC(=C1[C@H]2C(=C(C1=O)C3=CC=CC=C3)CN4[C@@]2(C(=O)N(C4=O)CCC5=CC=CC=C5)CC6=CC=C(C=C6)C(F)(F)F)C,,4.59999938302362,,5.0
CC1(C2=CC3(C(=O)N(C(=O)N3CC2=C(C1=O)C4=CC=CC=C4)CCC5=CC=CC=C5)CC6=CC=C(C=C6)F)C,4.801342913045577,5.0,,5.499996931948306
CC1(C2=CC3(C(=O)N(C(=O)N3CC2=C(C1=O)C4=CC=CC=C4)CCC5=CC=CC=C5)CC6=CC=C(C=C6)C(F)(F)F)C,,,,5.699991797446187
CC(=C1[C@H]2C(=C(C1=O)C3=CC=CC=C3)CN4[C@@]2(C(=O)N(C4=O)CCC5=CC=CC=C5)C)C,5.300162274132754,5.0999990348465305,,5.299997602857746
CC1(C2=CC3(C(=O)N(C(=O)N3CC2=C(C1=O)C4=CC=CC=C4)CCC5=CC=CC=C5)CC6=CC=CC=C6)C,5.199970640755866,4.899998417198648,,5.699991797446187
CC(=C1[C@H]2C(=C(C1=O)C3=CC=CC=C3)CN4[C@@]2(C(=O)N(C4=O)CCC5=CC=CC=C5)CC6=CC=CC=C6)C,,5.0,,5.299997602857746
C1C2=CC=CC=C2C3=C1C=C4C=C5C(=CC4=N3)OCO5,6.300162274132754,5.399996913372259,5.900008766455316,6.0
CC1=C2CN3C(=O)C=CC=C3C2=NC4=CC=CC=C14,7.0,,,4.899998417198648
COC1=CC2=CC3=C(C4=CC=CC=C4C3)N=C2C=C1,6.600326278518962,5.199998172182031,5.199998172182031,5.199998172182031
CC(CC1=CC=CC=C1)C(=O)NCCO,,,,4.800000874803203
CC(CC1=CC=CC=C1)C(=O)NCCC2=CNC3=CC=CC=C32,,,,5.599997654072044
CC(CC1=CC=CC=C1)C(=O)N[C@H](CC2=CC=CC=C2)CO,,,,4.800000874803203
C[C@H](/C=C/C(C1=CC=C(C=C1)C(=O)OC)NC(=O)OCC2=CC=CC=C2)C(=O)NCC3=CC=CC=C3,,,,5.299997602857746
CC1=CC(=NN1C)CNC(=O)C(C)CC2=CC=CC=C2,,,,5.0
CC1=NN(N=C1CNC(=O)C(C)CC2=CC=CC=C2)C3=CC=CC=C3,,,,5.599997654072044
CC(CC1=CC=CC=C1)C(=O)NCC2=CC(=C(C=C2)OC)O,,,,5.199998172182031
C[C@H](/C=C/C(C1=CC=C(C=C1)C(=O)OC)NC(=O)OCC2=CC=CC=C2)C(=O)NCCOC,,,,5.0999990348465305
C[C@H](/C=C/C(C1=CC=C(C=C1)C(=O)OC)NC(=O)OCC2=CC=CC=C2)C(=O)N(C)C,,,,5.0
C[C@H](/C=C/C(C1=CC=C(C=C1)C(=O)OC)NC(=O)OCC2=CC=CC=C2)C(=O)N(C)CC3=CC=CC=C3,,,,5.799998134593398
CC1=CC(=NN1C)CNC(=O)[C@H](C)/C=C/C(C2=CC=C(C=C2)C(=O)OC)NC(=O)OCC3=CC=CC=C3,,,,5.699991797446187
C[C@H](/C=C(\C)/C(C1=CC=C(C=C1)C(=O)OC)NC(=O)OCC2=CC=CC=C2)C(=O)NC3CCCCC3,,,,5.699991797446187
C[C@H](/C=C(\C)/C(C1=CC=C(C=C1)C(=O)OC)NC(=O)OCC2=CC=CC=C2)C(=O)N3CCN(CC3)C,,,,5.900008766455316
C[C@H](/C=C(\C)/C(C1=CC=C(C=C1)C(=O)OC)NC(=O)OCC2=CC=CC=C2)C(=O)N(C)CC3=CN=CC=C3,,,,6.100015437450609
C[C@H](/C=C(\C)/C(C1=CC=C(C=C1)C(=O)OC)NC(=O)OCC2=CC=CC=C2)C(=O)NCC3=CC(=CC(=C3)F)F,,,,5.499996931948306
CC1=CC(=NO1)CNC(=O)[C@H](C)/C=C(\C)/C(C2=CC=C(C=C2)C(=O)OC)NC(=O)OCC3=CC=CC=C3,,,,5.699991797446187
CC1=NN(N=C1CNC(=O)[C@H](C)/C=C(\C)/C(C2=CC=C(C=C2)C(=O)OC)NC(=O)OCC3=CC=CC=C3)C4=CC=CC=C4,,,,5.599997654072044
C[C@H](/C=C(\C)/C(C1=CC=C(C=C1)C(=O)OC)NC(=O)OCC2=CC=CC=C2)C(=O)NCC3=NC4=CC=CC=C4S3,,,,5.399996913372259
C[C@H](/C=C(\C)/C(C1=CC=C(C=C1)C(=O)OC)NC(=O)OCC2=CC=CC=C2)C(=O)NCC3=CN=CC=C3,,,,6.100015437450609
CC(CC1=CC=CC=C1)C(=O)NCC2=CC=NC=C2,,,,5.599997654072044
C[C@H](/C=C/C(C1=CC=C(C=C1)C(=O)OC)NC(=O)OCC2=CC=CC=C2)C(=O)NCC3=CC(=C(C=C3)OC)O,,,,5.199998172182031
C[C@H](/C=C/C(C1=CC=C(C=C1)C(=O)OC)NC(=O)OCC2=CC=CC=C2)C(=O)NCCC3=CNC4=CC=CC=C43,,,,5.499996931948306
C[C@H](/C=C(\C)/C(C1=CC=C(C=C1)C(=O)OC)NC(=O)OCC2=CC=CC=C2)C(=O)NCCC3=CNC4=C3C=C(C=C4)OC,,,,5.699991797446187
C[C@H](/C=C(\C)/C(C1=CC=C(C=C1)C(=O)OC)NC(=O)OCC2=CC=CC=C2)C(=O)NCCN3CCOCC3,,,,5.499996931948306
C[C@H](/C=C/C(C1=CC=C(C=C1)C(=O)OC)NC(=O)OCC2=CC=CC=C2)C(=O)NC,,,,5.0999990348465305
C[C@H](/C=C/C(C1=CC=C(C=C1)C(=O)OC)NC(=O)OCC2=CC=CC=C2)C(=O)NCCN3CCCC3,,,,5.0
C[C@H](/C=C(\C)/C(C1=CC=C(C=C1)C(=O)OC)NC(=O)OCC2=CC=CC=C2)C(=O)NCCO,,,,5.599997654072044
C[C@H](/C=C(\C)/C(C1=CC=C(C=C1)C(=O)OC)NC(=O)OCC2=CC=CC=C2)C(=O)NC3=CC=C(C=C3)OC,,,,5.599997654072044
C[C@H](/C=C(\C)/C(C1=CC=C(C=C1)C(=O)OC)NC(=O)OCC2=CC=CC=C2)C(=O)N[C@H](CC3=CC=CC=C3)CO,,,,5.499996931948306
CCNC(=O)[C@H](C)/C=C/C(C1=CC=C(C=C1)C(=O)OC)NC(=O)OCC2=CC=CC=C2,,,,5.199998172182031
C[C@H](CO)NC(=O)[C@H](C)/C=C/C(C1=CC=C(C=C1)C(=O)OC)NC(=O)OCC2=CC=CC=C2,,,,4.800000874803203
C[C@H](/C=C(/C(C1=CC=C(C=C1)C(=O)OC)NC(=O)OCC2=CC=CC=C2)\I)C(=O)NC3=CC=CC=C3,,,,5.699991797446187
C[C@H](/C=C(/C(C1=CC=C(C=C1)C(=O)OC)NC(=O)OCC2=CC=CC=C2)\I)C(=O)NCC3CC3,,,,5.399996913372259
C[C@H](/C=C(/C(C1=CC=C(C=C1)C(=O)OC)NC(=O)OCC2=CC=CC=C2)\I)C(=O)NCC3=CC(=C(C=C3)OC)O,,,,5.499996931948306
CC1=CC=C(O1)CNC(=O)[C@H](C)/C=C(/C(C2=CC=C(C=C2)C(=O)OC)NC(=O)OCC3=CC=CC=C3)\I,,,,5.0
C[C@H](/C=C(/C(C1=CC=C(C=C1)C(=O)OC)NC(=O)OCC2=CC=CC=C2)\I)C(=O)NCC3=CC=NC=C3,,,,5.799998134593398
C[C@H](/C=C(/C(C1=CC=C(C=C1)C(=O)OC)NC(=O)OCC2=CC=CC=C2)\F)C(=O)N(C)CC3=CN=CC=C3,,,,5.699991797446187
C[C@H](/C=C(/C(C1=CC=C(C=C1)C(=O)OC)NC(=O)OCC2=CC=CC=C2)\F)C(=O)NCCC3=CNC4=C3C=C(C=C4)OC,,,,5.900008766455316
C[C@H](/C=C(/C(C1=CC=C(C=C1)C(=O)OC)NC(=O)OCC2=CC=CC=C2)\F)C(=O)NCCO,,,,4.800000874803203
C[C@H](/C=C(/C(C1=CC=C(C=C1)C(=O)OC)NC(=O)OCC2=CC=CC=C2)\F)C(=O)NC3=CC=C(C=C3)OC,,,,5.699991797446187
C[C@H](/C=C(/C(C1=CC=C(C=C1)C(=O)OC)NC(=O)OCC2=CC=CC=C2)\F)C(=O)N[C@H](CC3=CC=CC=C3)CO,,,,5.0999990348465305
C[C@H](/C=C(/C(C1=CC=C(C=C1)C(=O)OC)NC(=O)OCC2=CC=CC=C2)\F)C(=O)NCC3=NC4=CC=CC=C4S3,,,,5.0999990348465305
C[C@H](/C=C(/C(C1=CC=C(C=C1)C(=O)OC)NC(=O)OCC2=CC=CC=C2)\F)C(=O)NC3CCCCC3,,,,5.399996913372259
C[C@H](/C=C(/C(C1=CC=C(C=C1)C(=O)OC)NC(=O)OCC2=CC=CC=C2)\F)C(=O)NCCN3CCOCC3,,,,5.399996913372259
C[C@H](/C=C(/C(C1=CC=C(C=C1)C(=O)OC)NC(=O)OCC2=CC=CC=C2)\F)C(=O)NCC3=CC(=CC(=C3)F)F,,,,5.399996913372259
CC1=CC(=NO1)CNC(=O)[C@H](C)/C=C(/C(C2=CC=C(C=C2)C(=O)OC)NC(=O)OCC3=CC=CC=C3)\F,,,,5.599997654072044
C[C@H](/C=C(/C(C1=CC=C(C=C1)C(=O)OC)NC(=O)OCC2=CC=CC=C2)\F)C(=O)NCC3=CN=CC=C3,,,,5.900008766455316
C[C@H](/C=C(/C(C1=CC=C(C=C1)C(=O)OC)NC(=O)OCC2=CC=CC=C2)\F)C(=O)NCC3=CC=C(C=C3)C4=CC=CC=C4,,,,5.399996913372259
C[C@H](/C=C(/C(C1=CC=C(C=C1)C(=O)OC)NC(=O)OCC2=CC=CC=C2)\F)C(=O)NCC3=CC(=C(C=C3)OC)OC,,,,5.299997602857746
C[C@H](/C=C(\C1=CN=CC=C1)/C(C2=CC=C(C=C2)C(=O)OC)NC(=O)OCC3=CC=CC=C3)C(=O)N(C)C,,,,5.299997602857746
C[C@H](/C=C(\C1=CN=CC=C1)/C(C2=CC=C(C=C2)C(=O)OC)NC(=O)OCC3=CC=CC=C3)C(=O)N(C)CC4=CC=CC=C4,,,,5.699991797446187
C[C@H](/C=C(\C1=CN=CC=C1)/C(C2=CC=C(C=C2)C(=O)OC)NC(=O)OCC3=CC=CC=C3)C(=O)NCC4=CC(=C(C=C4)OC)O,,,,5.599997654072044
C[C@H](/C=C(\C1=CN=CC=C1)/C(C2=CC=C(C=C2)C(=O)OC)NC(=O)OCC3=CC=CC=C3)C(=O)NCC4=CC=C(C=C4)S(=O)(=O)C,,,,5.699991797446187
C[C@H](/C=C(\C1=CN=CC=C1)/C(C2=CC=C(C=C2)C(=O)OC)NC(=O)OCC3=CC=CC=C3)C(=O)NCCC4=CNC5=CC=CC=C54,,,,5.799998134593398
C[C@H](/C=C(\C1=CN=CC=C1)/C(C2=CC=C(C=C2)C(=O)OC)NC(=O)OCC3=CC=CC=C3)C(=O)NCCOC,,,,5.299997602857746
C[C@H](/C=C(\C1=CN=CC=C1)/C(C2=CC=C(C=C2)C(=O)OC)NC(=O)OCC3=CC=CC=C3)C(=O)NCC4CC4,,,,5.699991797446187
C[C@H](/C=C(\C1=CN=CC=C1)/C(C2=CC=C(C=C2)C(=O)OC)NC(=O)OCC3=CC=CC=C3)C(=O)NC4=CC=CC=C4,,,,5.799998134593398
C[C@H](/C=C(\C1=CN=CC=C1)/C(C2=CC=C(C=C2)C(=O)OC)NC(=O)OCC3=CC=CC=C3)C(=O)NC,,,,4.700000503883016
C[C@H](/C=C(\C1=CN=CC=C1)/C(C2=CC=C(C=C2)C(=O)OC)NC(=O)OCC3=CC=CC=C3)C(=O)NCC4=NC5=CC=CC=C5N4C,,,,5.699991797446187
CC1=CC=C(O1)CNC(=O)[C@H](C)/C=C(\C2=CN=CC=C2)/C(C3=CC=C(C=C3)C(=O)OC)NC(=O)OCC4=CC=CC=C4,,,,4.800000874803203
C[C@H](/C=C(\C1=CN=CC=C1)/C(C2=CC=C(C=C2)C(=O)OC)NC(=O)OCC3=CC=CC=C3)C(=O)NCC4=CC=NC=C4,,,,5.900008766455316
C[C@H](/C=C(\C1=CN=CC=C1)/C(C2=CC=C(C=C2)C(=O)OC)NC(=O)OCC3=CC=CC=C3)C(=O)NCC4=CC=CC=C4,,,,5.399996913372259
C[C@H](/C=C(\C1=CN=CC=C1)/C(C2=CC=C(C=C2)C(=O)OC)NC(=O)OCC3=CC=CC=C3)C(=O)NCC4=CC(=C(C=C4)OC)OC,,,,5.499996931948306
C[C@H](/C=C(\C1=CN=CC=C1)/C(C2=CC=C(C=C2)C(=O)OC)NC(=O)OCC3=CC=CC=C3)C(=O)NCC4=CC(=CC(=C4)F)F,,,,5.799998134593398
CC1=CC(=NO1)CNC(=O)[C@H](C)/C=C(\C2=CN=CC=C2)/C(C3=CC=C(C=C3)C(=O)OC)NC(=O)OCC4=CC=CC=C4,,,,5.799998134593398
C[C@H](/C=C(\C1=CN=CC=C1)/C(C2=CC=C(C=C2)C(=O)OC)NC(=O)OCC3=CC=CC=C3)C(=O)NCC4=CC=C(C=C4)C5=CC=CC=C5,,,,6.100015437450609
C[C@H](/C=C(\C1=CN=CC=C1)/C(C2=CC=C(C=C2)C(=O)OC)NC(=O)OCC3=CC=CC=C3)C(=O)NC4CCCCC4,,,,5.900008766455316
C[C@H](/C=C(\C1=CN=CC=C1)/C(C2=CC=C(C=C2)C(=O)OC)NC(=O)OCC3=CC=CC=C3)C(=O)NC4=CC=C(C=C4)OC,,,,6.0
C[C@H](/C=C(\C1=CN=CC=C1)/C(C2=CC=C(C=C2)C(=O)OC)NC(=O)OCC3=CC=CC=C3)C(=O)NCCF,,,,5.199998172182031
C[C@H](/C=C(\C1=CN=CC=C1)/C(C2=CC=C(C=C2)C(=O)OC)NC(=O)OCC3=CC=CC=C3)C(=O)N(C)CC4=CN=CC=C4,,,,6.199970640755866
C[C@H](/C=C(\C1=CN=CC=C1)/C(C2=CC=C(C=C2)C(=O)OC)NC(=O)OCC3=CC=CC=C3)C(=O)NCC4=NC5=CC=CC=C5S4,,,,5.699991797446187
C[C@H](/C=C(\C1=CN=CC=C1)/C(C2=CC=C(C=C2)C(=O)OC)NC(=O)OCC3=CC=CC=C3)C(=O)NCC4=CN=CC=C4,,,,6.0
C[C@H](/C=C(\C1=CN=CC=C1)/C(C2=CC=C(C=C2)C(=O)OC)NC(=O)OCC3=CC=CC=C3)C(=O)N[C@H](CC4=CC=CC=C4)CO,,,,6.0
CCCCCCN(C(C1=CC=CC=C1)C(=O)NCCCC)C(=O)CCCCCN2C(=C(C(NC2=O)C3=CC=C(C=C3)C4=CC=CC=C4)C(=O)OCC5=CC=CC=C5)C,,,,5.699991797446187
CCCCCCN(C(C1=CC=C(C=C1)O)C(=O)NCCCC)C(=O)CCCCCN2C(=C(C(NC2=O)C3=CC=C(C=C3)C4=CC=CC=C4)C(=O)OCC5=CC=CC=C5)C,,,,5.0
CCCCCCN(C(C1=CC(=CC=C1)C(=O)OC)C(=O)NCCCC)C(=O)CCCCCN2C(=C(C(NC2=O)C3=CC=C(C=C3)C4=CC=CC=C4)C(=O)OCC5=CC=CC=C5)C,,,,5.599997654072044
CCCCCCN(C(C)C(=O)NCCCC)C(=O)CCCCCN1C(=C(C(NC1=O)C2=CC=C(C=C2)C3=CC=CC=C3)C(=O)OCC4=CC=CC=C4)C,,,,5.499996931948306
CC1=C(C(NC(=O)N1CCCCCC(=O)O)C2=CC=CC=C2C3=CC=CC=C3)C(=O)OCC4=CC=CC=C4,,,,5.0
CCCCNC(=O)C(C1=CC(=C(C=C1)OCC(=O)OC)C(=O)OC)N(CCC2=CCCCC2)C(=O)CCCCCN3C(=C(C(NC3=O)C4=CC=C(C=C4)C5=CC=CC=C5)C(=O)OCC6=CC=CC=C6)C,,,,5.599997654072044
CCCCCCN(C(C1=CC(=C(C=C1)OCC(=O)O)C(=O)O)C(=O)NCCCC)C(=O)CCCCCN2C(=C(C(NC2=O)C3=CC=C(C=C3)C4=CC=CC=C4)C(=O)OCC5=CC=CC=C5)C,,,,4.800000874803203
CCCCNC(=O)C(C1=CC=C(C=C1)C2=CC=CC=C2)N(CCN3CCOCC3)C(=O)CCCCCN4C(=C(C(NC4=O)C5=CC=C(C=C5)[N+](=O)[O-])C(=O)OCC6=CC=CC=C6)C,,,,5.599997654072044
CC1=C(C(NC(=O)N1CCCCCC(=O)O)C2CCCCC2)C(=O)OCC3=CC=CC=C3,,,,4.800000874803203
CC1=C(C(NC(=O)N1CCCCCC(=O)OC)C2=CC=CC=C2)C(=O)OCC3=CC=CC=C3,,,,5.0
CC1=C(C(NC(=O)N1CCCCCC(=O)OC)CC2CC2)C(=O)OCC3=CC=CC=C3,,,,4.700000503883016
CCCCNC(=O)C(C1=CC(=C(C=C1)OCC(=O)OC)C(=O)OC)N(CCOC)C(=O)CCCCCN2C(=C(C(NC2=O)C3=CC=C(C=C3)C4=CC=CC=C4)C(=O)OCC5=CC=CC=C5)C,,,,5.499996931948306
CCCCCCN(C(C1=CC=CC=N1)C(=O)NCCCC)C(=O)CCCCCN2C(=C(C(NC2=O)C3=CC=C(C=C3)C4=CC=CC=C4)C(=O)OCC5=CC=CC=C5)C,,,,6.0
CCCCCCN(C(C1=CC(=C(C=C1)OCC(=O)OC)C(=O)OC)C(=O)NCCCC)C(=O)CCCCCN2C(=C(C(NC2=O)C3=CC=C(C=C3)C(F)(F)F)C(=O)OCC4=CC=CC=C4)C,,,,5.399996913372259
CCCCCCN(C(C1=CC(=C(C=C1)OCC(=O)OC)C(=O)OC)C(=O)NCCCC)C(=O)CCCCCN2C(=C(C(NC2=O)C3=CC=C(C=C3)C(C)(C)C)C(=O)OCC4=CC=CC=C4)C,,,,5.900008766455316
CCCCCCN(C(C1=CC(=C(C=C1)OCC(=O)OC)C(=O)OC)C(=O)NCCCC)C(=O)CCCCCN2C(=C(C(NC2=O)C3=CC(=CC=C3)[N+](=O)[O-])C(=O)OCC4=CC=CC=C4)C,,,,5.499996931948306
CCCCCCN(C(C1=CC(=C(C=C1)OCC(=O)OC)C(=O)OC)C(=O)NCCCC)C(=O)CCCCCN2C(=C(C(NC2=O)C3=CC=C(C=C3)Cl)C(=O)OCC4=CC=CC=C4)C,,,,5.499996931948306
CCCCCCN(C(C1=CC(=C(C=C1)OCC(=O)OC)C(=O)OC)C(=O)NCCCC)C(=O)CCCCCN2C(=C(C(NC2=O)C3=CC=C(C=C3)[N+](=O)[O-])C(=O)OCC4=CC=CC=C4)C,,,,5.699991797446187
CCCCCCN(C(C1=CC(=C(C=C1)OCC(=O)OC)C(=O)OC)C(=O)NCCCC)C(=O)CCCCCN2C(=C(C(NC2=O)C3=CC4=CC=CC=C4C=C3)C(=O)OCC5=CC=CC=C5)C,,,,5.599997654072044
CCCCCCN(C(C1=CC(=C(C=C1)OCC(=O)OC)C(=O)OC)C(=O)NCCCC)C(=O)CCCCCN2C(=C(C(NC2=O)C3=CC=CC=C3C4=CC=CC=C4)C(=O)OCC5=CC=CC=C5)C,,,,5.199998172182031
CCCCCCN(C(C1=CC(=C(C=C1)OCC(=O)OC)C(=O)OC)C(=O)NCCCC)C(=O)CCCCCN2C(=C(C(NC2=O)C3CCCCC3)C(=O)OCC4=CC=CC=C4)C,,,,5.499996931948306
CCCCNC(=O)C(C1=CC(=C(C=C1)OCC(=O)OC)C(=O)OC)N(CC2=CC=CC=C2)C(=O)CCCCCN3C(=C(C(NC3=O)C4=CC=C(C=C4)C5=CC=CC=C5)C(=O)OCC6=CC=CC=C6)C,,,,5.299997602857746
CCCCNC(=O)C(C1=CC(=C(C=C1)OCC(=O)OC)C(=O)OC)N(CCC2=CC=CC=C2)C(=O)CCCCCN3C(=C(C(NC3=O)C4=CC=C(C=C4)C5=CC=CC=C5)C(=O)OCC6=CC=CC=C6)C,,,,5.299997602857746
CCCCNC(=O)C(C1=CC(=C(C=C1)OCC(=O)OC)C(=O)OC)N(CC2=CC=CC=N2)C(=O)CCCCCN3C(=C(C(NC3=O)C4=CC=C(C=C4)C5=CC=CC=C5)C(=O)OCC6=CC=CC=C6)C,,,,5.0999990348465305
CCCCNC(=O)C(C1=CC(=C(C=C1)OCC(=O)OC)C(=O)OC)N(CCC2=CC=CC=N2)C(=O)CCCCCN3C(=C(C(NC3=O)C4=CC=C(C=C4)C5=CC=CC=C5)C(=O)OCC6=CC=CC=C6)C,,,,5.0999990348465305
CCCCCCN(C(C1=CC(=C(C=C1)O)C(=O)OC)C(=O)NCCCC)C(=O)CCCCCN2C(=C(C(NC2=O)C3=CC=C(C=C3)C4=CC=CC=C4)C(=O)OCC5=CC=CC=C5)C,,,,5.0
CCCCCCN(C(C1=CC=C(C=C1)OCC(=O)OC)C(=O)NCCCC)C(=O)CCCCCN2C(=C(C(NC2=O)C3=CC=C(C=C3)C4=CC=CC=C4)C(=O)OCC5=CC=CC=C5)C,,,,5.0
CC1=C(C(NC(=O)N1CCCCCC(=O)O)C2=CC=C(C=C2)C3CCCCC3)C(=O)OCC4=CC=CC=C4,,,,5.0999990348465305
CCCCCCN(C(C1=CC(=C(C=C1)OCC(=O)OC)C(=O)OC)C(=O)NCCCC)C(=O)CCCCCN2C(=C(C(NC2=O)C3CC3)C(=O)OCC4=CC=CC=C4)C,,,,5.399996913372259
CCCCCCN(C(C1=CC(=C(C=C1)OCC(=O)OC)C(=O)OC)C(=O)NCCCC)C(=O)CCCCCN2C(=C(C(NC2=O)C3=CC=C(C=C3)C4CCCCC4)C(=O)OCC5=CC=CC=C5)C,,,,5.699991797446187
CC(C)CC1(C=CCN1C(=O)C)C(=O)NCC(=O)OC,,,,4.59999938302362
CC(C)CC1(C=CCN1C(=O)C)C(=O)NCC2=CC(=CC(=C2)F)C(F)(F)F,,,,4.899998417198648
CC(C)CC1(C=CCN1C(=O)C)C(=O)NCC2=CC=CC=N2,,,,4.700000503883016
CC(C)CC1(C=CCN1C(=O)C)C(=O)NCC2CC2,,,,4.499999678657065
CC(C)CC1(C=CCN1C(=O)C)C(=O)NCCC2=CNC3=CC=CC=C32,,,,5.399996913372259
CC1=CC=C(O1)CNC(=O)C2(C=CCN2C(=O)C)CC(C)C,,,,4.800000874803203
CC(C)CC1(C=CCN1C(=O)C2=CC=CC=C2)C(=O)NCCOC,,,,4.700000503883016
CC(C)CC1(C=CCN1C(=O)C2=CC=CC=C2)C(=O)NCC(=O)OC,,,,4.700000503883016
CC(C)CC1(C=CCN1C(=O)C2=CC=CC=C2)C(=O)NCCN3CCOCC3,,,,4.899998417198648
CC(C)CC1(C=CCN1C(=O)C2=CC=CC=C2)C(=O)NCC3=CC=CC=N3,,,,4.800000874803203
CC(C)CC1(C=CCN1C(=O)C2=CC=CC=C2)C(=O)NCC3CC3,,,,4.800000874803203
CC(C)CC1(C=CCN1C(=O)C2=CC=CC=C2)C(=O)NCCC3=CNC4=CC=CC=C43,,,,5.499996931948306
CC1=CC=C(O1)CNC(=O)C2(C=CCN2C(=O)C3=CC=CC=C3)CC(C)C,,,,4.800000874803203
CC(C)CC1(C=CCN1C(=O)OC)C(=O)NCCOC,,,,7.0
CC(=O)N1CC=CC1(C)C(=O)O,,,,4.700000503883016
CC(=O)N1CC=CC1(C)C(=O)NCC2=CC(=CC(=C2)F)C(F)(F)F,,,,4.800000874803203
CC(=O)N1CC=CC1(C)C(=O)NCC2CC2,,,,4.499999678657065
CC(=O)N1C(C=CC12CCCCC2)(C)C(=O)OC,,,,4.800000874803203
CC(=O)N1C(C=CC12CCCCC2)(C)C(=O)NCC(=O)OC,,,,4.59999938302362
CC(=O)N1C(C=CC12CCCCC2)(C)C(=O)NCC3=CC(=CC(=C3)F)C(F)(F)F,,,,5.0
CC1(C=CCN1C(=O)OC)C(=O)NCC2=CC(=CC(=C2)F)C(F)(F)F,,,,4.800000874803203
CC1=CC=C(O1)CNC(=O)C2(C=CCN2C(=O)OC)C,,,,4.800000874803203
CC1(C=CC2(N1C(=O)C3=CC=CC=C3)CCCCC2)C(=O)OC,,,,4.700000503883016
CC(=O)N1[C@@H](C=C[C@]1(C)C(=O)OC)CC2=CC=CC=C2,,,,4.499999678657065
C[C@@]1(C=C[C@H](N1C(=O)C2=CC=CC=C2)CC3=CC=CC=C3)C(=O)OC,,,,4.700000503883016
CC1(C=CCN1C(=O)C2=CC=CC=C2)C(=O)NCC(=O)OC,,,,4.40000018605658
CC1(C=CCN1C(=O)C2=CC=CC=C2)C(=O)NCC3=CC=C(C=C3)N(C)C,,,,5.0
CC1(C=CCN1C(=O)C2=CC=CC=C2)C(=O)NCCN3CCOCC3,,,,4.59999938302362
CC1(C=CCN1C(=O)C2=CC=CC=C2)C(=O)NCCC3=CNC4=CC=CC=C43,,,,5.0
C[C@@]1(C=C[C@H](N1C(=O)C2=CC=CC=C2)CC3=CC=CC=C3)C(=O)NCCOC,,,,5.0999990348465305
C[C@@]1(C=C[C@H](N1C(=O)C2=CC=CC=C2)CC3=CC=CC=C3)C(=O)NCC4=CC(=CC(=C4)F)C(F)(F)F,,,,5.699991797446187
C[C@@]1(C=C[C@H](N1C(=O)C2=CC=CC=C2)CC3=CC=CC=C3)C(=O)NCCN4CCOCC4,,,,5.0999990348465305
C[C@@]1(C=C[C@H](N1C(=O)C2=CC=CC=C2)CC3=CC=CC=C3)C(=O)NCC4CC4,,,,5.699991797446187
C[C@@]1(C=C[C@H](N1C(=O)C2=CC=CC=C2)CC3=CC=CC=C3)C(=O)NCCC4=CNC5=CC=CC=C54,,,,5.799998134593398
C[C@@]1(C=C[C@H](N1C(=O)C2=CC=CC=C2)CC3=CC=CC=C3)C(=O)NCCCNC4=C(C=C(C=N4)C(F)(F)F)Cl,,,,5.499996931948306
CC(=O)N1C(C=CC12CCCCC2)(C)C(=O)NCCN3CCOCC3,,,,5.0
CC(=O)N1C(C=CC12CCCCC2)(C)C(=O)NCC3=CC=CC=N3,,,,4.899998417198648
CC(=O)N1C(C=CC12CCCCC2)(C)C(=O)NC,,,,4.800000874803203
CC(=O)N1[C@@H](C=C[C@]1(C)C(=O)NCC(=O)OC)CC2=CC=CC=C2,,,,4.700000503883016
CC(=O)N1[C@@H](C=C[C@]1(C)C(=O)NCC2=CC(=CC(=C2)F)C(F)(F)F)CC3=CC=CC=C3,,,,5.199998172182031
CC(=O)N1[C@@H](C=C[C@]1(C)C(=O)NCCN2CCOCC2)CC3=CC=CC=C3,,,,4.800000874803203
CC1=CC=C(O1)CNC(=O)[C@]2(C=C[C@H](N2C(=O)C)CC3=CC=CC=C3)C,,,,5.0999990348465305
C[C@@H]1C=C[C@](N1C(=O)C)(CC2=CC=CC=C2)C(=O)O,,,,4.499999678657065
CC1(C=CC2(N1C(=O)C3=CC=CC=C3)CCCCC2)C(=O)NCCOC,,,,4.800000874803203
CC1(C=CC2(N1C(=O)C3=CC=CC=C3)CCCCC2)C(=O)NCC4=CC(=CC(=C4)F)C(F)(F)F,,,,5.199998172182031
CC1(C=CC2(N1C(=O)C3=CC=CC=C3)CCCCC2)C(=O)NCCN4CCOCC4,,,,5.0999990348465305
CC1(C=CC2(N1C(=O)C3=CC=CC=C3)CCCCC2)C(=O)NCC4CC4,,,,5.0999990348465305
CC1(C=CC2(N1C(=O)C3=CC=CC=C3)CCCCC2)C(=O)NCCCNC4=C(C=C(C=N4)C(F)(F)F)Cl,,,,5.0999990348465305
C[C@@]1(C=C[C@H](N1C)CC2=CC=CC=C2)C(=O)OC,,,,4.899998417198648
C[C@@H]1C=C[C@](N1C(=O)C2=CC=CC=C2)(CC3=CC=CC=C3)C(=O)NCCN4CCOCC4,,,,5.299997602857746
C[C@@H]1C=C[C@](N1C(=O)C2=CC=CC=C2)(CC3=CC=CC=C3)C(=O)NCC4CC4,,,,4.899998417198648
C[C@@H]1C=C[C@](N1C(=O)C2=CC=CC=C2)(CC3=CC=CC=C3)C(=O)NCCC4=CNC5=CC=CC=C54,,,,5.599997654072044
C[C@@H]1C=C[C@](N1C(=O)C2=CC=CC=C2)(CC3=CC=CC=C3)C(=O)NCCCNC4=C(C=C(C=N4)C(F)(F)F)Cl,,,,5.399996913372259
C[C@@H]1C=C[C@](N1C(=O)C)(CC2=CC=CC=C2)C(=O)NCCOC,,,,4.700000503883016
C[C@@H]1C=C[C@](N1C(=O)C)(CC2=CC=CC=C2)C(=O)NCC3=CC(=CC(=C3)F)C(F)(F)F,,,,5.499996931948306
C[C@@H]1C=C[C@](N1C(=O)C)(CC2=CC=CC=C2)C(=O)NCCN3CCOCC3,,,,4.899998417198648
C[C@@H]1C=C[C@](N1C(=O)C)(CC2=CC=CC=C2)C(=O)NCC3=CC=CC=N3,,,,4.899998417198648
C[C@@H]1C=C[C@](N1C(=O)C)(CC2=CC=CC=C2)C(=O)NCCC3=CNC4=CC=CC=C43,,,,5.799998134593398
C[C@@H]1C=C[C@](N1C(=O)C)(CC2=CC=CC=C2)C(=O)NCC3=CC=C(O3)C,,,,5.299997602857746
C[C@@]1(C=C[C@H](N1C(=O)OC)CC2=CC=CC=C2)C(=O)NCC(=O)OC,,,,4.899998417198648
C[C@@]1(C=C[C@H](N1C(=O)OC)CC2=CC=CC=C2)C(=O)NCC3=CC=C(C=C3)N(C)C,,,,6.100015437450609
C[C@@]1(C=C[C@H](N1C(=O)OC)CC2=CC=CC=C2)C(=O)NCC3=CC=CC=N3,,,,5.0999990348465305
C[C@@]1(C=C[C@H](N1C(=O)OC)CC2=CC=CC=C2)C(=O)NC,,,,5.499996931948306
C[C@@H]1C=C[C@](N1C(=O)OC)(CC2=CC=CC=C2)C(=O)NCC3=CC=C(C=C3)N(C)C,,,,6.0
C[C@@H]1C=C[C@](N1C(=O)OC)(CC2=CC=CC=C2)C(=O)NCC3=CC=CC=N3,,,,5.399996913372259
C[C@@H]1C=C[C@](N1C(=O)OC)(CC2=CC=CC=C2)C(=O)NC,,,,4.899998417198648
C[C@@H]1C=C[C@](N1C(=O)OC)(CC2=CC=CC=C2)C(=O)NCC3=CC=C(O3)C,,,,5.0999990348465305
C[C@@H]1C=C[C@](N1C(=O)OC)(CC2=CC=CC=C2)C(=O)NCCCNC3=C(C=C(C=N3)C(F)(F)F)Cl,,,,5.199998172182031
CC1(C=CC2(N1C(=O)OC)CCCCC2)C(=O)NCC(=O)OC,,,,4.499999678657065
CC1(C=CC2(N1C(=O)OC)CCCCC2)C(=O)NCC3=CC=C(C=C3)N(C)C,,,,6.299988937677887
CC1(C=CC2(N1C(=O)OC)CCCCC2)C(=O)NC,,,,4.59999938302362
N.N.Cl[Pt]Cl,4.500312917381596,5.499996931948306,4.40000018605658,4.40000018605658
CCCC/C=C/[C@H](C1=CC=CC=C1OC)NP(=O)(C2=CC=CC=C2)C3=CC=CC=C3,,,,5.199998172182031
CCCC[C@@H]1C[C@H]1[C@H](C2=CC=CC=C2OC)NP(=O)(C3=CC=CC=C3)C4=CC=CC=C4,,,,5.399996913372259
C[C@]1(C[C@H]1C=C)[C@H](C2=CC=CC=C2)NP(=O)(C3=CC=CC=C3)C4=CC=CC=C4,,,,5.0
COC(=O)[C@@H]1C[C@H]1[C@H](C2=CC=CC=C2)NC(=O)C3=CC=C(C=C3)Br,,,,4.59999938302362
CCOC(=O)N(CC[C@H]1C[C@@H]1[C@@H](C2(CC2)CC(=C)C3=CC=CC=C3)NP(=O)(C4=CC=CC=C4)C5=CC=CC=C5)S(=O)(=O)C6=CC=C(C=C6)C,,5.299997602857746,,5.799998134593398
C[C@]1(C[C@H]1[C@@H](C2=CC=CC=C2)NC(=O)OCC3=CC=CC=C3)C(=O)N4CCC[C@H]4C(=O)NCC(=O)N[C@@H]([C@@H]5C[C@@]5(C)C(=O)N(C)C)C6=CC=CC=C6,,,,6.400007822415902
CC(C)NC(=O)[C@H]1C[C@@H]1[C@@H](C2=CC=CC=C2)NC(=O)OCC3=CC=CC=C3,,,,5.0999990348465305
CCC[C@@H]1C[C@@]1(CCC)[C@H](C2=CC=C(C=C2)C(=O)OC)NP(=O)(C3=CC=CC=C3)C4=CC=CC=C4,,,,5.499996931948306
CCC[C@@H]1C[C@@]1(CCC)[C@H](C2=CC=C(C=C2)C(=O)OC)NC(=O)C3=CC=CC=C3,,,,5.199998172182031
CCC[C@@H]1C[C@@]1(CCC)[C@H](C2=CC=C(C=C2)C(=O)OC)NC(=O)OC3=CC=CC=C3,,,,4.800000874803203
CN(C)C(=O)[C@@H]1C[C@H]1[C@H](C2=CC=CC=C2)NC(=O)OCC3=CC=CC=C3,,,,5.0
CNC(=O)[C@@H]1C[C@H]1[C@H](C2=CC=CC=C2)NC(=O)OCC3=CC=CC=C3,,,,4.899998417198648
C[C@]1(C[C@H]1[C@@H](C2=CC=CC=C2)NP(=O)(C3=CC=CC=C3)C4=CC=CC=C4)C(=O)OC,,,,4.899998417198648
C[C@]1(C[C@H]1[C@@H](C2=CC=CC=C2)NC(=O)C3=CC=C(C=C3)Br)C(=O)OC,,,,4.700000503883016
C[C@]1(C[C@H]1[C@@H](C2=CC=CC=C2)NC(=O)OCC3=CC=CC=C3)C(=O)N[C@@H](CC4=CC=CC=C4)C(=O)OC,,,,5.699991797446187
C[C@]1(C[C@H]1[C@@H](C2=CC=CC=C2)NC(=O)[C@@]3(C[C@H]3[C@@H](C4=CC=CC=C4)NC(=O)[C@@]5(C[C@H]5[C@@H](C6=CC=CC=C6)NC(=O)[C@@]7(C[C@H]7[C@@H](C8=CC=CC=C8)NC(=O)OCC9=CC=CC=C9)C)C)C)C(=O)NC,,,,4.899998417198648
C[C@]1(C[C@H]1CCO)[C@H](C2=CC=CC=C2)NP(=O)(C3=CC=CC=C3)C4=CC=CC=C4,,,,5.0999990348465305
C[C@]1(C[C@H]1CCO[Si](C2=CC=CC=C2)(C3=CC=CC=C3)C(C)(C)C)[C@H](C4=CC=CC=C4)NP(=O)(C5=CC=CC=C5)C6=CC=CC=C6,,,,4.899998417198648
C[C@]1(C[C@H]1C(=O)OC)[C@H](C2=CC=CC=C2)NP(=O)(C3=CC=CC=C3)C4=CC=CC=C4,,,,5.0999990348465305
C[C@@]1(C[C@@H]1[C@H](C2=CC=CC=C2)NC(=O)[C@]3(C[C@@H]3[C@H](C4=CC=CC=C4)NC(=O)OCC5=CC=CC=C5)C)C(=O)N[C@H]([C@H]6C[C@]6(C)C(=O)N[C@H]([C@H]7C[C@]7(C)C(=O)OC)C8=CC=CC=C8)C9=CC=CC=C9,,,,6.700057099977233
CCCC[C@H]1C[C@@H]1[C@@H](C2(CC2)CC(=C)C3=CC(=CC=C3)OC)NP(=O)(C4=CC=CC=C4)C5=CC=CC=C5,4.899629454882437,4.40000018605658,4.40000018605658,5.599997654072044
CCCC[C@H]1C[C@@H]1[C@H]2C3(CC3)C[C@@](CN2P(=O)(C4=CC=CC=C4)C5=CC=CC=C5)(C6=CC=CC=C6)O,,,4.800000874803203,5.699991797446187
CCCC[C@H]1C[C@@H]1[C@H]2C3(CC3)C[C@@](N2P(=O)(C4=CC=CC=C4)C5=CC=CC=C5)(CO)C6=CC=CC=C6,,4.800000874803203,5.599997654072044,5.699991797446187
CCCC[C@H]1C[C@@H]1[C@H]2C3(CC3)C[C@H](N2C(=O)C)C4=CC(=CC=C4)OC,4.899629454882437,4.800000874803203,,4.899998417198648
C[C@]1(C[C@H]1[C@@H](C2=CC=CC=C2)NC(=O)[C@@]3(C[C@H]3[C@@H](C4=CC=CC=C4)NC(=O)OCC5=CC=CC=C5)C)C(=O)NC,,,,4.800000874803203
C[C@]1(C[C@H]1[C@@H](C2=CC=CC=C2)NC(=O)CNC(=O)OCC3=CC=CC=C3)C(=C)N(C)C,,,,5.0999990348465305
C[C@@]1(C[C@@H]1[C@H](C2=CC=CC=C2)NC(=O)OCC3=CC=CC=C3)C(=O)N[C@@H](CC4=CC=CC=C4)C(=O)OC,,,,5.699991797446187
C[C@]1(C[C@H]1C(=O)OC)[C@H](C2=CC=CC=C2)NC(=O)OCC3=CC=CC=C3,,,,4.59999938302362
CN(C)C(=O)[C@H]1C[C@@H]1[C@@H](C2=CC=CC=C2)NC(=O)OCC3=CC=CC=C3,,,,5.0999990348465305
COC(=O)[C@@H]1CCCN1C(=O)[C@H]2C[C@@H]2[C@@H](C3=CC=CC=C3)NC(=O)OCC4=CC=CC=C4,,,,5.0
C1[C@H]([C@@H]1[C@H](C2=CC=CC=C2)NP(=O)(C3=CC=CC=C3)C4=CC=CC=C4)CO,,,,4.800000874803203
CCCC/C(=C/[C@H](C1=CC=CC=C1)NP(=O)(C2=CC=CC=C2)C3=CC=CC=C3)/C,,,,5.599997654072044
C/C(=C\[C@H](C1=CC=CC=C1)NP(=O)(C2=CC=CC=C2)C3=CC=CC=C3)/CO[Si](C4=CC=CC=C4)(C5=CC=CC=C5)C(C)(C)C,,,,5.699991797446187
CNC(=O)[C@@H]1C[C@H]1[C@H](C2=CC=CC=C2)NC(=O)CNC(=O)OCC3=CC=CC=C3,,,,4.800000874803203
CC(C)NC(=O)[C@@H]1C[C@H]1[C@H](C2=CC=CC=C2)NC(=O)OCC3=CC=CC=C3,,,,5.399996913372259
CC(C)NC(=O)[C@@H]1C[C@@]1(C)[C@H](C2=CC=CC=C2)NC(=O)OCC3=CC=CC=C3,,,,5.0
C[C@@H](C1=CC=CC=C1)NC(=O)[C@@H]2C[C@H]2[C@H](C3=CC=CC=C3)NC(=O)OCC4=CC=CC=C4,,,,4.899998417198648
COC(=O)[C@@H]1C[C@H]1[C@H](C2=CC=CC=C2)NC(=O)OCC3=CC=CC=C3,6.698970004336019,4.700000503883016,4.899998417198648,
COC(=O)[C@H](CC1=CC=CC=C1)NC(=O)[C@H]2C[C@@H]2[C@@H](C3=CC=CC=C3)NC(=O)OCC4=CC=CC=C4,,,,5.0999990348465305
CCCC[C@H]1C[C@@H]1[C@@H](C2(CC2)CC(=C)C3=CC=CC=C3)NP(=O)(C4=CC=CC=C4)C5=CC=CC=C5,,5.0,,5.799998134593398
C1CC2=CC=CC=C2C1NC3=C(C(=O)C4=C(C3=O)N=CC=C4)Cl,,,,5.799998134593398
CC1(OCC(O1)CSC2=C(C(=O)C3=C(C2=O)C=CC=N3)SCC4COC(O4)(C)C)C,,,,4.800000874803203
CC1=C(C(NC(=O)N1CCCCCC(=O)O)C2=CC=C(C=C2)Cl)C(=O)OCC3=CC=CC=C3,4.600326278518962,4.899998417198648,,5.0
CC1=C(C(NC(=O)N1CCCCCC(=O)O)C2=CC3=CC=CC=C3C=C2)C(=O)OCC4=CC=CC=C4,4.698970004336019,5.0999990348465305,4.40000018605658,5.0
CC1=C(C(NC(=O)N1CCCCCC(=O)O)C2=CC=CC=C2)C(=O)OCC3=CC=CC=C3,4.698970004336019,4.59999938302362,4.40000018605658,
CC1=C(C(NC(=O)N1CCCCCC(=O)O)C2=CC=C(C=C2)C(F)(F)F)C(=O)OCC3=CC=CC=C3,,,,4.800000874803203
CC1=C(C(NC(=O)N1CCCCCC(=O)O)C2=CC=C(C=C2)[N+](=O)[O-])C(=O)OCC3=CC=CC=C3,4.801342913045577,4.800000874803203,4.700000503883016,5.0
CCCCCCN(C(C1=CC(=C(C=C1)OCC(=O)OC)C(=O)OC)C(=O)NCCCC)C(=O)CCCCCN2C(=C(C(NC2=O)C3=CC=C(C=C3)C4=CC=CC=C4)C(=O)OCC5=CC=CC=C5)C,4.899629454882437,6.79997073344623,,
CC(C)(C)NC(=O)C(C1=CC=C(C=C1)I)N(CCN2CCOCC2)C(=O)CCCNC(=O)C3=CC=CC=C3,,,,5.399996913372259
COC(=O)C1=CC=C(C=C1)C#CC(C2=CC=CC=C2)NP(=O)(C3=CC=CC=C3)C4=CC=CC=C4,4.698970004336019,5.0,,
COC(=O)C1=CC=C(C=C1)C23CC2(C3)C(C4=CC=CC=C4)NP(=O)(C5=CC=CC=C5)C6=CC=CC=C6,4.801342913045577,5.0,4.499999678657065,5.499996931948306
CC(C1(CC1)CC(=C)C2=CC=CC=C2)NP(=O)(C3=CC=CC=C3)C4=CC=CC=C4,4.801342913045577,5.0999990348465305,4.40000018605658,5.399996913372259
CC1C2(CC2)CC(CN1P(=O)(C3=CC=CC=C3)C4=CC=CC=C4)(C5=CC=CC=C5)O,,4.59999938302362,,6.299988937677887
C1CC12CC(CN(C2)P(=O)(C3=CC=CC=C3)C4=CC=CC=C4)(C5=CC=CC=C5)O,,4.40000018605658,4.700000503883016,
C=C(CC1(CC1)CNP(=O)(C2=CC=CC=C2)C3=CC=CC=C3)C4=CC=CC=C4,4.899629454882437,5.0,,5.399996913372259
C[C@H]([C@@H]1C[C@@]1(C)[C@H](C2=CC=CC=C2)NC(=O)OCC3=CC=CC=C3)C(=O)O,,4.40000018605658,,4.800000874803203
C[C@H]([C@H]1C[C@]1(C)[C@@H](C2=CC=CC=C2)NC(=O)OCC3=CC=CC=C3)C(=O)NC4=CC5=CC=CC=C5C=C4,5.400116927926312,5.799998134593398,5.799998134593398,5.599997654072044
C[C@H]([C@@H]1C[C@@]1(C)[C@H](C2=CC=CC=C2)NC(=O)OCC3=CC=CC=C3)C(=O)NC4=CC5=CC=CC=C5C=C4,4.801342913045577,,4.899998417198648,5.0999990348465305
CN1CC[C@@]23CCCC[C@@H]2[C@@H]1CC4=C3C=C(C=C4)OC.O.Br,,,5.399996913372259,
C(=O)(N)/N=N/C(=O)N,,,,4.499999678657065
CCN(CC)CCNC(=O)C1=C(C=CC(=C1)S(=O)(=O)C)OC,,4.899998417198648,4.799999356751798,
CC1=CC(=CC(=O)O1)O,,,,4.40000018605658
C1=CC=C2C(=C1)C(=C(C(=O)O2)CC3=C(C4=CC=CC=C4OC3=O)O)O,4.899629454882437,7.600326278518962,,5.299997602857746
CN1C(=C(C2=CC=CC=C2S1(=O)=O)O)C(=O)NC3=CC=CC=N3,4.698970004336019,4.899998417198648,4.59999938302362,5.900008766455316
CC(=CCC1=C2C(=C3C(=C1OC)C(=C(C(=O)O3)C4=CC=C(C=C4)O)O)C=CC(O2)(C)C)C,,,,4.700000503883016
CC1(C=CC2=C(O1)C=C3C(=C2OC)C(=C(C(=O)O3)C4=CC=C(C=C4)OC)O)C,,,,5.199998172182031
C[C@]1([C@H]2C[C@H]3[C@@H](C(=O)C(=C([C@@]3(C(=O)C2=C(C4=C1C=CC=C4O)O)O)O)C(=O)N)N(C)C)O.CS(=O)(=O)O,5.100179497572904,,,
CC(C)C1=CC=C(C=C1)/C(=C(/C(=O)O)\O)/C(=O)O,,5.499996931948306,,
C1=CC(=C(C2=C1C(=C3C=CC(=O)C(=C3O2)O)/C=C\C(=O)O)O)O,,5.0999990348465305,,
CC(C)C1=CC=C(C=C1)C(C2=C(C3=CC=CC=C3OC2=O)O)C4=C(C5=CC=CC=C5OC4=O)O,,5.499996931948306,,
CC1=CCCC([C@]12CC3=C4C2=C(C=C(C4=C(C5=C3[C@@H]([C@]6(CC(=O)C(=C([C@@]6(C5=O)O)O)C(=O)N)O)O)O)O)OC)(C)C,5.5003129173815966,5.499996931948306,,
C1=CC=C(C=C1)[C@@H](CC(=O)C2=CC=CC=C2)C3=C(C4=CC=CC=C4OC3=O)O,,6.199970640755866,,5.499996931948306
CN1C(=C(C2=C(S1(=O)=O)C=CS2)O)C(=O)NC3=CC=CC=N3,,5.599997654072044,,
CCOC(=O)C1=C(C(=O)N(C1)CC2=CC=CC=C2)O,6.0,5.399996913372259,4.499999678657065,4.800000874803203
C1=CC=C(C=C1)OC2=CC=C(C=C2)C3=C(C4=C(C=C(C=C4)Cl)NC3=O)O,5.0,4.899998417198648,,5.0
C1=CC=C(C=C1)OC2=CC=CC(=C2)C3=C(C4=C(C=C(C=C4)Cl)NC3=O)O,5.600326278518962,,5.199998172182031,
CC1C(OC=C2C1=C(C(=C(C2=O)C(=O)O)O)C)C,,,,4.800000874803203
CC(=CCC1=C2C(=C(C3=C1OC(C=C3)(C)C)OC)C(=C(C(=O)O2)C4=CC=C(C=C4)O)O)C,,,,4.899998417198648
CC1(C([N+](=C(N1[O-])C2=CC=C(C=C2)C(=O)O)[O-])(C)C)C,4.500312917381596,,,
CN(C)[C@H]1[C@@H]2C[C@@H]3[C@H](C4=C(C=CC(=C4C(=C3C(=O)[C@]2(C(=C(C1=O)C(=O)N)O)O)O)O)Cl)O,,5.0,,
C1=CC(=C(C=C1/C=C\C2=CC(=CC(=O)O2)O)O)O,,4.59999938302362,,5.499996931948306
C[C@@]1([C@H]2C[C@H]3[C@H](C(=O)C(=C([C@@]3(C(=O)C2=C(C4=C1C=CC=C4O)O)O)O)C(=O)NCN5CCCC5)N(C)C)O,,4.800000874803203,,
C[N+](C)(CCCOC1=CC=CC=C1)C2=CC=CC=C2.C1=CC=C2C=C(C(=CC2=C1)C(=O)O)[O-],4.899629454882437,,7.801342913045577,
CC1=C2C(=CC(=C1C(=O)O)O)C(=O)C3=C(C(=C(C(=C3C2=O)[O-])[C@H]4[C@H]([C@H]([C@@H]([C@H](O4)CO)O)O)O)O)O,4.400116927926312,,,
CC(=O)C1=C([C@@H]2[C@H]3[C@H](CC4=C5C3=CNC5=CC=C4)C(N2C1=O)(C)C)O,4.899629454882437,4.499999678657065,4.40000018605658,5.0
CC1(CCC2=C(O1)C=C3C(=C2OC)C(=C(C(=O)O3)C4=CC=C(C=C4)OC)O)C,,,,4.59999938302362
CN(C)C1[C@@H]2C[C@H]3CC4=C(C=CC(=C4C(=C3C(=O)[C@@]2(C(=C(C1=O)C(=O)N)O)O)O)O)N(C)C.Cl,,,,6.199970640755866
C1CC1C(=O)C2=C(C3=C(C=C(C=C3)Cl)NC2=O)O,7.100179497572904,,7.0,8.494850021680094
C[C@@]1(C2C[C@H]3C(C(=O)C(=C([C@]3(C(=O)C2=C(C4=C1C=CC=C4O)O)O)O)C(=O)N)N(C)C)O,,,,4.700000503883016
CC(=CCC/C(=C/CC/C(=C/CSC1=CC=CC=C1C(=O)O)/C)/C)C,4.899629454882437,4.899998417198648,,4.499999678657065
CC(=O)C[C@H](C1=CC=C(C=C1)[N+](=O)[O-])C2=C(C3=CC=CC=C3OC2=O)O,,6.199970640755866,,
C/C(=C(/C#N)\C(=O)NC1=C(C=CC(=C1)Br)Br)/O,5.450244276325858,5.0999990348465305,,4.800000874803203
CC1=CC(=C(N1C2=CC=CC=C2)C)/C=C\C3=[N+](C4=C(C=C(C=C4)N(C)C)C=C3)C.CC1=CC(=C(N1C2=CC=CC=C2)C)/C=C\C3=[N+](C4=C(C=C(C=C4)N(C)C)C=C3)C.C1=CC=C2C(=C(C(=CC2=C1)C(=O)O)[O-])CC3=C(C(=CC4=CC=CC=C34)C(=O)O)[O-],4.801342913045577,4.899998417198648,,5.0
C[C@@]1([C@H]2[C@@H]([C@H]3[C@@H](C(=O)C(=C([C@@]3(C(=O)C2=C(C4=C1C=CC=C4O)O)O)O)C(=O)N)N(C)C)O)O.O.O,,5.299997602857746,,
CC(C)/C(=C/1\C2[C@@](C(C([C@@]34[C@@]25C([C@@]6(C(C7(CC6([C@@]3(C7CC(=O)OC)C)OC(O4)(O5)C)C)OC(=O)C(C)C)O)OC(=O)C)OC(=O)C)OC(=O)C)(C(OC1=O)C8=COC=C8)C)/O,,,,4.899998417198648
CC(C)/C(=C/1\C2[C@](C(C([C@@]34[C@@]25C([C@@]6(C(C7(CC6([C@@]3(C7CC(=O)O)C)OC(O4)(O5)C)C)O)O)O)O)O)(C(OC1=O)C8=COC=C8)C)/O,,,,4.899998417198648
CC(=CCC/C(=C/COC1=C2C=CC(=O)OC2=CC3=C1C=CO3)/C)C,6.5003129173815966,7.500312917381596,7.199970640755866,
C1CN(CC2=C1SC=C2)CC3=CC=CC=C3Cl,6.300162274132754,,6.400007822415902,4.800000874803203
CC\1=C(C2=C(/C1=C\C3=CC=C(C=C3)S(=O)(=O)C)C=CC(=C2)F)CC(=O)O,4.899629454882437,,,4.700000503883016
CC(=O)NC1=CC\2=C(C=C1)C3=CC=CC=C3/C2=C\C4=CC=C(C=C4)[N+](C)(C)C,5.801342913045578,5.499996931948306,,
COC1=C(C=CC(=C1)C2=C(C(=O)C3=C(O2)C=C(C=C3)O)O)O,,,,5.0
CC1=CC=CC=C1O[C@H](CCNC)C2=CC=CC=C2,4.801342913045577,,5.199998172182031,4.899998417198648
CC1=C2CCCC2=C(C=C1)OC[C@@H]([C@H](C)NC(C)C)O,6.100729920485945,,4.800000874803203,4.650000276730134
C[C@@H](CO)NC(=O)[C@@H]1CN([C@@H]2CC3=CNC4=CC=CC(=C34)C2=C1)C,4.500312917381596,,4.899998417198648,
C1CCN(CC1)CCOC2=CC=C(C=C2)C(=O)C3=C(SC4=C3C=CC(=C4)O)C5=CC=C(C=C5)O.Cl,,,,5.599997654072044
CCN(CC)CCCCCCCCOC(=O)C1=CC(=C(C(=C1)OC)OC)OC,,,4.499999678657065,5.0
CCN(CC)C1=CC=C(C=C1)/C=N/NC(=O)C2=CC=C(C=C2)O,,,,5.199998172182031
CCOC(=O)NNC1=NN=CC2=CC=CC=C21,5.300162274132754,,4.899998417198648,
CC1=CC=C(C=C1)S(=O)(=O)NC(=O)NN2CCCCCC2,,,,4.40000018605658
C1CN=C(N1)CC2=CC=CC=C2,5.0,,4.800000874803203,
CC(=O)N1CCN(CC1)C,4.500312917381596,,,
CC1=CC(=CC=C1)N(C)C(=S)OC2=CC3=CC=CC=C3C=C2,5.600326278518962,5.900008766455316,,4.89999854971442
CC1(C(C2(C(C(C1(C2(Cl)Cl)Cl)Cl)Cl)Cl)C(Cl)Cl)C,,,,5.0999990348465305
CN1CC[C@]23CC(=O)C(=C[C@H]2[C@@H]1CC4=C3C(=C(C=C4)OC)O)OC,4.400116927926312,,4.700000503883016,
CP(=O)(C1=CC[NH2+]CC1)[O-],,,,4.40000018605658
CCCCNC1=C2C=NN(C2=NC(=C1C(=O)OCC)C)CC,6.199970640755866,4.449999932356823,6.700057099977233,4.849999646000926
CCN(CC)C1=CC(=NC2=NC=NN12)C,5.400116927926312,,,
C1CN(CCN1CCCN2C(=O)N3C=CC=CC3=N2)C4=CC(=CC=C4)Cl,,,4.899998417198648,
CC1=CC(=C(C(=C1)C)N=C2C=C3C4=CC(=C(C=C4CCN3C(=O)N2C)OC)OC)C,,5.900008766455316,4.499999678657065,4.899998417198648
C1=CC=C(C=C1)C2=NC3=C(N=C(N=C3N=C2N)N)N,4.950244276325858,4.59999938302362,,4.40000018605658
CN1CCN(CC1)CCCN2C3=CC=CC=C3SC4=C2C=C(C=C4)C(F)(F)F,6.199970640755866,,6.0,4.9000004374016015
C1CN(CCC1(C2=CC(=CC=C2)C(F)(F)F)O)CCCC(=O)C3=CC=C(C=C3)F,,,6.299988937677887,7.400116927926312
CN(C)CCCN1C2=CC=CC=C2SC3=C1C=C(C=C3)C(F)(F)F,5.950761205309241,,6.2500116299332555,
CCCN(CCC)C1=C(C=C(C=C1[N+](=O)[O-])C(F)(F)F)[N+](=O)[O-],,,,4.800000874803203
COC1=CC(=CC(=C1OC)OC)CC2=CN=C(N=C2N)N,,,,4.899998417198648
CC1=CC(=O)OC2=C1C=C3C=C(OC3=C2C)C,6.0,,,5.2499979741093945
CC(C)(C)CC(C)(C)C1=CC=C(C=C1)OCCO,,,,4.499999678657065
C1CC(=O)NN=C1C2=CC=C(C=C2)N3C=CN=C3,6.801342913045577,4.499999678657065,5.599997654072044,5.799998134593398
CN1C[C@H](C2=C(C1)C(=CC=C2)N)C3=CC=CC=C3,4.85014177906873,,4.849998925419548,4.849999646000926
CC(C)(C)C1=CC(=CC(=C1O)C(C)(C)C)C=C(C#N)C#N,5.0,7.500312917381596,,5.499996931948306
CC(C)OC1=C(N=CC=C1)N(C)C2CCN(CC2)CC3=CC=CC=C3,,,5.0999990348465305,4.800000874803203
CCCN(CCC)C1CC2=CC(=C(C=C2C1)OC)OC,,4.40000018605658,4.59999938302362,
CN1C(=CC(=O)N(C1=O)C)NCCCN2CCN(CC2)C3=CC=CC=C3OC,,4.899998417198648,,4.59999938302362
CC1=C(N(C(=O)N(C1=O)C)C)NCCCN2CCN(CC2)C3=CC=CC=C3OC,,,,4.700000503883016
CC1=C(C(=C2C(=C1O)C3(C(=CC(=O)C(C3=O)C(=O)C)O2)C)C(=O)C)O,,,,6.79997073344623
CC1C(=O)NC(C(=O)OC(C(=O)NC(C(=O)OC(C(=O)NC(C(=O)OC(C(=O)NC(C(=O)OC(C(=O)NC(C(=O)OC(C(=O)NC(C(=O)O1)C(C)C)C(C)C)C(C)C)C)C(C)C)C(C)C)C(C)C)C)C(C)C)C(C)C)C(C)C,,,,4.899998417198648
C1=CC(=CC(=C1)F)/C=N\N=C/C2=CC(=CC=C2)F,6.698970004336019,,4.59999938302362,4.499999678657065
C1=CC2=C(C=CC=C2Cl)C(=C1)S(=O)(=O)NCCCCN,4.801342913045577,4.899998417198648,4.40000018605658,4.59999938302362
C1=CC=C(C=C1)CCCCOCCCCCCNCC(C2=CC(=C(C=C2)O)CO)O.C1=CC=C2C(=C1)C=CC(=C2O)C(=O)O,,,,5.0999990348465305
C1=CC2=C(C=CC=C2Cl)C(=C1)S(=O)(=O)NCCCCCCN,5.4999044762276705,5.199997674573478,4.749998900111134,5.499997283722152
COC1=CC=CC=C1N2CCN(CC2)CCN(C3=CC=CC=N3)C(=O)C4CCCCC4,,,4.499999678657065,5.399996913372259
CC1=C(C(=CC=C1)NC2=CC(=NC(=N2)SCC(=O)O)Cl)C,,,5.499996931948306,5.199998172182031
CCCN1C2=C(C(=O)N(C1=O)CCC)NC(=N2)C3=CC=C(C=C3)OCC(=O)NCCN,,,,5.599997654072044
C1CN(CCN1CCCCN2C(=O)C3=CC=CC=C3S2(=O)=O)C4=NC=CC=N4,4.500312917381596,,4.700000503883016,
COC(=O)/C(=C\1/C(=O)C(C(=O)O1)C2=CC=CC=C2)/C3=CC=CC=C3,,,,4.40000018605658
CN1CC(C[C@@H]2C1CC3=CN(C4=CC=CC2=C34)C)CNC(=O)OCC5=CC=CC=C5,,,,4.899998417198648
CCN(CC)CC1=C(C=C(C=C1)NC2=C3C=CC(=CC3=NC=C2)Cl)O.Cl.Cl,,,,5.0999990348465305
C[C@]12CCC3C(C1CC[C@]2(C#C)O)CCC4=C3CCC(=O)C4,,,,4.499999678657065
CCOC1=C(C=C(C=C1)CC2=NC=CC3=CC(=C(C=C32)OCC)OCC)OCC.Cl,,,,4.899998417198648
CC(CC1=CC=C(C=C1)O)NCC(C2=CC(=CC(=C2)O)O)O.Br,,,,4.40000018605658
CC(C1=CC=CC=C1)NCCC(C2=CC=CC=C2)C3=CC=CC=C3.Cl,,,,4.59999938302362
CN1CCC(=C2C3=CC=CC=C3SC4=CC=CC=C42)CC1.C(=C\C(=O)O)\C(=O)O,,,,5.0
N.N.Cl[Pt]Cl,,,,4.40000018605658
CN(CC1=C(C(=CC(=C1)Br)Br)N)C2CCCCC2.Cl,,,,4.899998417198648
CN(C)CC/C=C/1\C2=CC=CC=C2SC3=C1C=C(C=C3)Cl.Cl,,,,4.40000018605658
C1C(=NC(=O)N1/N=C\C2=CC=C(O2)C3=CC=C(C=C3)[N+](=O)[O-])[O-].[Na+],4.949814727441218,,,
C1=CC=C2C(=C1)C=C(C(=C2CC3=C(C(=CC4=CC=CC=C43)C(=O)O)O)O)C(=O)O.C1=CC(=CC(=C1)N)C(=C2C=CC(=N)C=C2)C3=CC(=CC=C3)N,,,,5.299997602857746
C1CN(CCN1)C2=NC3=CC=CC=C3C=C2.C(=C\C(=O)O)\C(=O)O,,,,4.499999678657065
C/C/1=C\CCC2(C(O2)[C@@H]3[C@@H](CC1)C(=C)C(=O)O3)C,,,,4.499999678657065
CC(C)(C)NCC(C1=CC(=C(C(=C1)Cl)N)Cl)O.Cl,,,,4.800000874803203
C1=CC(=C(C=C1N=C=S)S(=O)(=O)[O-])/C=C/C2=C(C=C(C=C2)N=C=S)S(=O)(=O)[O-].[Na+].[Na+],,,,4.899998417198648
CC1=C(C(=CC=C1)C)NC2=NCCCS2,,,4.70000009302829,8.0
CC1=CC(=CC(=C1CC2=NCCN2)C)C(C)(C)C,,,4.9499982960146625,
CC1(OC(C(O1)C(C2=CC=CC=C2)(C3=CC=CC=C3)O)C(C4=CC=CC=C4)(C5=CC=CC=C5)O)C,,,,5.599997654072044
COC1=CC=C(C=C1)/C=C/C(=O)C2=C(C=C(C=C2)O)O,,,,5.599997654072044
C1=CC=C(C=C1)CN2C3=CC=CC=C3C(=N2)C4=CC=C(O4)CO,5.801342913045578,4.499999678657065,4.40000018605658,4.899998417198648
CN(CCC1=CC(=C(C=C1)OC)OC)CCC2=CC(=C(C=C2)OC)OC,4.500312917381596,,4.699999047927856,4.9000004374016015
COC1=C(C=C(C=C1)/C=C(\C#N)/C(=O)N)OC,5.5003129173815966,,,
CCOC1=CC=CC=C1/C=C(\C#N)/C(=O)N,5.698970004336019,5.499996931948306,,
COC1=CC(=C(C=C1)/C=C(\C#N)/C(=O)N)OC,5.801342913045578,5.399996913372259,,5.599997654072044
COC1=C(C=CC(=C1)C2=NNC(=O)C=C2)OC(F)F,5.300162274132754,6.0,,
CCCN1CCC[C@H]2[C@H]1CC3=CN=C(N=C3C2)N,,,4.59999938302362,
CCC1=CC(=C(C(=C1O)C(=O)NC[C@@H]2CCCN2CC)OC)Cl,5.400116927926312,,7.300162274132754,
CC1=C(C=C(C=C1)NC(=O)C2=CC(=CC=C2)N(C)C)NC(=O)C3=CC=C(C=C3)O,5.8996294548824375,4.800000874803203,,5.599997654072044
COC1=CC(=CC(=C1OC)OC)/C=C/C(=O)C2=CC=CS2,,,,5.499996931948306
CC1=CC=C(C=C1)C2=C(N3C=C(C=CC3=N2)C)CC(=O)N(C)C,,,,4.59999938302362
C[C@@H]1C[C@H]2[C@@H]3CCC4=CC(=O)C=C[C@@]4([C@]3([C@H](C[C@@]2([C@]1(C(=O)CO)O)C)O)F)C,,,,4.499999678657065
C[C@H](CN1C=CC2=CC(=C(C=C21)Cl)F)N,7.300162274132754,5.399996913372259,,4.40000018605658
CN1CCN(CC1)CCC2=CC(=C(C=C2)Cl)Cl,4.600326278518962,,4.899998417198648,
C[C@]12CCC(=O)C=C1CC[C@@H]3[C@@H]2[C@H](C[C@]4([C@H]3CC[C@@H]4C(=O)CO)C)O,,,,5.0999990348465305
C[C@]12CCC(=O)C=C1CC[C@@H]3[C@@H]2[C@H](C[C@]4([C@H]3CC[C@@]4(C(=O)CO)O)C)O,,,,4.700000503883016
C[C@]12CC[C@H]3[C@H]([C@@H]1CC[C@@H]2O)CCC4=C3C=CC(=C4)O,,,,6.0
C1=CSC(=C1)C(=O)/C=C/C2=CC=C(C=C2)O,,,,5.900008766455316
C1OC2=C(O1)C=C(C=C2)/C=C/C(=O)C3=CC=CS3,,,,6.299988937677887
CCN(CC)CCOC(=O)C(C1=CC=CC=C1)C2=CC=CC=C2.Cl,,,,5.199998172182031
CO[C@H]1[C@@H](C[C@@H]2CN3CCC4=C([C@H]3C[C@@H]2[C@@H]1C(=O)OC)NC5=C4C=CC(=C5)OC)OC(=O)C6=CC(=C(C(=C6)OC)OC)OC,,,,5.399996913372259
C1C2=CC=CC=C2C3=C1C=C(C=C3)N=C/C=C\C4=CC=CC=C4,6.400116927926312,,,5.399996913372259
C1=CC=C(C(=C1)/C=C\C2=CC=NC3=CC=CC=C23)Cl,6.400116927926312,5.599997654072044,,
COC1=C(C2=CC=CC=C2C=C1)/C=C\C(=O)C3=CC=CC=C3,5.5003129173815966,5.900008766455316,,5.499996931948306
C[C@H](CCC(=O)OC)[C@H]1CC[C@@H]2[C@]1([C@@H]([C@@H]([C@]34[C@@H]2CC[C@@H]5[C@]3(CC[C@@H](C5)O4)C)Br)Br)C,,5.599997654072044,,5.399996913372259
C1=CC=C(C=C1)/C=C\CSC2=NC(=NC3=C2NC=N3)N,5.300162274132754,5.399996913372259,5.499996931948306,5.599997654072044
CC(C)[C@H]1C(CO[C@H](O1)/C=C\C2=CC=CC=C2)(C)C,5.400116927926312,5.499996931948306,,5.299997602857746
CC1=CC=C(C=C1)S(=O)(=O)O.C[C@@H](CC1=C(C=C(C=C1)Cl)Cl)NO,6.600326278518962,,6.199970640755866,6.400007822415902
CC[C@@H](C1=CC2=C(C=C1)C=C(C=C2)O)C(C)(C)C(=O)O,,5.499996931948306,,
C[C@H](C(=O)O)NC(=O)C1(CCCC1)N,5.199970640755866,,,
C[N+]1=CC=CC(=C1)/C=C\C2=NC3=C(C=CC=C3O)C=C2,6.698970004336019,,,
C(/C=C\CC(=O)O)C(=O)O,,,5.299997602857746,
C1=CC=C\2C(=C1)C(=C/C2=C\C3=CC=NC=C3)[C@@H](C4=CC=NC=C4)O,7.0,7.0,5.799998134593398,6.100015437450609
CN(C1=CC=C(C=C1)/C=C\C2=CC=NC3=CC=CC=C23)N=O,6.801342913045577,,,
C1OC2=C(O1)C=C(C=C2)/C=C\C=C/C(=O)O,5.801342913045578,,,
C[C@H]1/C=C\C=C(/C(=O)NC2=CC(=C3C(=C2O)C(=C(C4=C3C(=O)[C@@](O4)(O/C=C\[C@H]([C@H]([C@H]([C@H]([C@H]([C@H]([C@@H]1O)C)O)C)OC(=O)C)C)OC)C)C)O)O)\C,,,,5.399996913372259
C1=CC=C2C(=C1)C=CC=C2/C(=C/C3=CC=NC=C3)/C(=O)O,5.400116927926312,5.499996931948306,5.399996913372259,5.399996913372259
C1=CC=C2C(=C1)C=CC=C2/C(=C/C3=CC=NC=C3)/C(=O)N,5.100179497572904,5.599997654072044,5.699991797446187,5.499996931948306
C[C@@H]1C=C/C=C(\C(=O)NC2=C(C(=C3C(=C2O)C(=C(C4=C3C(=O)[C@@](O4)(OC=C[C@H]([C@H]([C@H]([C@H]([C@@H]([C@H]([C@@H]1O)C)O)C)OC(=O)C)C)OC)C)C)O)O)CN5CCN(CC5)C)/C,,5.199998172182031,,5.399996913372259
C1CCC(CC1)N[C@H]\2C3=CC=CC=C3C(=O)/C2=C/C4=CC=CC=C4,6.0,5.399996913372259,6.0,5.399996913372259
C1=CC=C2C(=C1)C=C(N2)/C=C\[N+](=O)[O-],5.8996294548824375,,5.299997602857746,
C[C@@H](C1=CC2=CC(=C(C=C2C=C1)OC)OC)NCC#N,6.300162274132754,,,
C1=CC(=CC=C1/C=C\C2=NC(=C(C(=N2)Cl)C3=CC=C(C=C3)Cl)Cl)Cl,5.400116927926312,,,
C1=CC=C(C=C1)/C=C\[C@H](C2=CC=CC=C2)C(=O)O,5.400116927926312,,,
CC[C@H](C(=O)C1=CC=CS1)C(C(F)(F)F)(C(F)(F)F)O,,5.0999990348465305,5.499996931948306,
CC(=O)[C@H](C(=N)C#N)C(=O)NC1=CC=CC=C1,5.199970640755866,,,
CC1=C(C(CCC1)(C)C)/C=C\C(=O)O,5.199970640755866,,,
C1=C2[C@H]3[C@H]([C@@H]4[C@H](C2=CC(=C1C(=O)O)S(=O)(=O)O)[C@]5(C(=C([C@@]4(C5(Cl)Cl)Cl)Cl)Cl)Cl)[C@@]6(C(=C([C@]3(C6(Cl)Cl)Cl)Cl)Cl)Cl,,,,5.499996931948306
C[C@H]1[C@H]2C[C@@]([C@H](/C=C\C=C(/CC3=CC(=C(C(=C3)OC)Cl)N(C(=O)C[C@@H]([C@]4([C@@H]1O4)C)OC(=O)C(C)C)C)\C)OC)(NC(=O)O2)O,,,5.399996913372259,
CC1=CC(=C2C(=C1)C(=C3CC/C(=C/C4=CC=C(C=C4)Cl)/C3=N2)[C@@H]([C@@H]5CCCCN5)O)C,,6.0,,
C[C@H](/C(=C/C1=CC2=C(C=C1)OCO2)/C(=O)O)C(=O)O,6.5003129173815966,5.599997654072044,,5.199998172182031
C[C@H]1CCC/C=C\[C@@H]2C[C@@H](C[C@@H]2[C@H](/C=C\C(=O)O1)O)OC(=O)CN(C)C,5.400116927926312,5.499996931948306,,5.399996913372259
C1=CC=C(C(=C1)/C=C\2/C(=O)N(C(=O)N2)/C=C/3\C(=O)C4=CC=CC=C4OC3=O)O,6.5003129173815966,6.0,5.399996913372259,5.399996913372259
COC(=O)C1(C2C(CC3=C2C=C(N3CC4=CC=C(C=C4)OC(F)(F)F)C(=O)N5CCCC5)CN1C(=O)C6=CC=CC=C6)CC7=CC=CC=C7,,5.399996913372259,,5.499996931948306
C[C@H](CO)NC(=O)[C@H]1C[C@@H]1[C@@H](C2=CC=CC=C2)NP(=O)(C3=CC=CC=C3)C4=CC=CC=C4,,,,5.0999990348465305
C[C@H](CO)NC(=O)[C@@H]1C[C@H]1[C@H](C2=CC=CC=C2)NP(=O)(C3=CC=CC=C3)C4=CC=CC=C4,,,,4.899998417198648
CCC/C=C(\CCC)/C(C1=CC=C(C=C1)C(=O)OC)NC(=O)C2=CC=CO2,4.899629454882437,5.599997654072044,4.700000503883016,5.199998172182031
CCC/C=C(\CCC)/C(C1=CC=C(C=C1)C(=O)OC)NC(=O)C(C)(C)C,,5.599997654072044,,5.0
CCC/C=C(\CCC)/C(C1=CC=C(C=C1)C(=O)OC)NC(=O)C2=CC=C(C=C2)C3=CC=CC=C3,6.199970640755866,,,5.199998172182031
CCC/C=C(\CCC)/C(C1=CC=C(C=C1)C(=O)OC)NS(=O)(=O)C2=CC=CS2,4.899629454882437,5.699991797446187,5.199998172182031,5.499996931948306
CCC/C=C(\CCC)/C(C1=CC=C(C=C1)C(=O)OC)NS(=O)(=O)C2=CC=C(C=C2)C3=CC=CC=C3,5.199970640755866,5.499996931948306,4.40000018605658,
CCCC/C=C/C(C1=CC=CC=C1)NC(=O)C2=CC=CC=C2,5.400116927926312,5.0,,4.800000874803203
CCCC/C=C/C(C1=CC=CC=C1)NC(=O)CCC2=CC=CC=C2,5.600326278518962,5.499996931948306,5.399996913372259,5.199998172182031
CCCC/C=C/C(C1=CC=CC=C1)NC(=O)C(C)(C)C,4.698970004336019,4.40000018605658,4.700000503883016,4.59999938302362
CCCC/C=C/C(C1=CC=CC=C1)NC(=O)C2=CC=C(C=C2)C3=CC=CC=C3,4.801342913045577,,,
CCCC/C=C/C(C1=CC=CC=C1)NC(=O)C2=CC=C(C=C2)C(F)(F)F,5.100179497572904,5.699991797446187,,5.0
CCCC/C=C/C(C1=CC=CC=C1)NC(=O)C2=CC=C(C=C2)C(=O)OC,5.400116927926312,5.399996913372259,,
CCCC/C=C/C(C1=CC=CC=C1)NC(=O)C2=CC=CO2,5.300162274132754,4.800000874803203,4.40000018605658,5.299997602857746
CCCC/C=C/C(C1=CC=CC=C1)NC(=O)C2=CC=CS2,5.801342913045578,6.50003813440381,,4.899998417198648
CCCC/C=C/C(C1=CC=CC=C1)NC(=O)OCC2=CC=CC=C2Cl,5.400116927926312,4.800000874803203,5.0,5.0
CCCC/C=C/C(C1=CC=CC=C1)NC(=O)OC2=CC=CC(=C2)C(F)(F)F,5.600326278518962,5.0999990348465305,6.0,4.800000874803203
CCCC/C=C/C(C1=CC=CC=C1)NC(=O)OCC#C,4.801342913045577,4.800000874803203,4.700000503883016,4.899998417198648
CCC/C=C(\CCC)/C(C1=CC=C(C=C1)C(=O)OC)NC(=O)C2=CC=C(C=C2)C(=O)OC,,5.699991797446187,4.59999938302362,4.800000874803203
CCC/C=C(\CCC)/C(C1=CC=C(C=C1)C(=O)OC)NC(=O)CC2=CC=CC=C2,4.801342913045577,5.0,5.299997602857746,5.399996913372259
CCC[C@@H]1C[C@@]1(CCC)C(C2=CC=C(C=C2)C3=CC=CC=C3)NC(=O)OCC4=CC=CC=C4,5.400116927926312,5.399996913372259,5.0999990348465305,5.399996913372259
CCCC[C@@H]1C[C@H]1C(C2=CC=C(C=C2)C(=O)OC)NC(=O)C3=CC=CO3,5.400116927926312,6.100015437450609,4.59999938302362,4.800000874803203
CCCC[C@@H]1C[C@H]1C(C2=CC=CC=C2)NC(=O)C3=CC=CC=C3,5.600326278518962,5.0999990348465305,,4.899998417198648
CCCC[C@@H]1C[C@H]1C(C2=CC=CC=C2)NC(=O)C3=CC=CO3,5.698970004336019,4.800000874803203,4.40000018605658,4.700000503883016
CCCC[C@@H]1C[C@H]1C(C2=CC=C(C=C2)C3=CC=CC=C3)NC(=O)C4=CC=CC=C4,6.300162274132754,5.699991797446187,,5.0999990348465305
CCCC[C@@H]1C[C@H]1C(C2=CC=C(C=C2)C3=CC=CC=C3)NC(=O)CC4=CC=CC=C4,,,,4.899998417198648
CCCC[C@@H]1C[C@H]1C(C2=CC=C(C=C2)C3=CC=CC=C3)NC(=O)C4=CC=CO4,5.300162274132754,5.499996931948306,4.59999938302362,4.800000874803203
CCCC[C@@H]1C[C@H]1C(C2=CC=C(C=C2)C(F)(F)F)NC(=O)C3=CC=CS3,5.698970004336019,5.799998134593398,,5.499996931948306
CCCC[C@@H]1C[C@H]1C(C2=CC=C(C=C2)C(=O)OC)NC(=O)C3=CC=CC=C3,5.5003129173815966,5.499996931948306,,5.0
CCCC[C@@H]1C[C@H]1C(C2=CC=C(C=C2)C3=CC=CC=C3)NC(=O)C4=CC=CS4,5.698970004336019,5.799998134593398,,5.199998172182031
CCCC[C@@H]1C[C@H]1C(C2=CC=C(C=C2)C3=CC=CC=C3)NC(=O)C4=CN=CC=C4,5.100179497572904,5.299997602857746,,6.100015437450609
CCCC[C@@H]1C[C@H]1C(C2=CC=C(C=C2)C3=CC=CC=C3)NS(=O)(=O)C4=CC=CC5=C4N=CC=C5,,5.499996931948306,,5.0
CCCC[C@@H]1C[C@H]1C(C2=CC=C(C=C2)C(F)(F)F)NC(=O)C3=CC=CC=C3,5.400116927926312,5.399996913372259,,5.0999990348465305
CCCC[C@@H]1C[C@H]1C(C2=CC=C(C=C2)C(=O)OC)NC(=O)C3=CC=C(C=C3)C(F)(F)F,4.801342913045577,,,5.299997602857746
C[C@]1(C[C@H]1C2CCCCC2)C(C3=CC=C(C=C3)C4=CC=CC=C4)NC(=O)C5=CC=CS5,,,,4.700000503883016
C[C@]1(C[C@H]1C2CCCCC2)C(C3=CC=C(C=C3)C4=CC=CC=C4)NS(=O)(=O)C5=CC=CC6=C5N=CC=C6,,,,4.899998417198648
C[C@]1(C[C@H]1C2CCCCC2)C(C3=CC=C(C=C3)C4=CC=CC=C4)NC(=O)CC5=CC=CC=C5,,,,4.800000874803203
C/C(=C\C1CCCCC1)/C(C2=CC=C(C=C2)C3=CC=CC=C3)NC(=O)C4=CN=CC=C4,5.300162274132754,5.0,,5.399996913372259
C/C(=C\C1CCCCC1)/C(C2=CC=C(C=C2)C3=CC=CC=C3)NC(=O)C4=CC=C(C=C4)C(F)(F)F,,,,4.899998417198648
CCC[C@@H]1C[C@@]1(CCC)C(C2=CC=C(C=C2)Cl)NP(=O)(C3=CC=CC=C3)C4=CC=CC=C4,4.801342913045577,4.700000503883016,5.0,5.499996931948306
C[C@]1(C[C@H]1C2CCCCC2)C(C3=CC=C(C=C3)C(=O)OC)NC(=O)C4=CC=CC=C4,,,,5.199998172182031
C[C@]1(C[C@H]1C2CCCCC2)C(C3=CC=C(C=C3)C(=O)OC)NC(=O)C4=CC=CO4,,5.0,4.899998417198648,5.0999990348465305
CCC[C@@H]1C[C@@]1(CCC)C(C2=CC=C(C=C2)Cl)NS(=O)(=O)C3=CC=CC4=C3N=CC=C4,,5.0999990348465305,4.40000018605658,6.100015437450609
CCC[C@@H]1C[C@@]1(CCC)C(C2=CC=C(C=C2)Cl)NC(=O)C3=CC=CO3,4.600326278518962,4.800000874803203,5.399996913372259,4.899998417198648
CCC[C@@H]1C[C@@]1(CCC)C(C2=CC=C(C=C2)Cl)NC(=O)C3=CC=CS3,5.0,5.299997602857746,,5.199998172182031
CCCC[C@@H]1C[C@H]1C(C2=CC=C(C=C2)Cl)NP(=O)(C3=CC=CC=C3)C4=CC=CC=C4,,4.800000874803203,,
CCCC[C@@H]1C[C@H]1C(C2=CC=C(C=C2)Cl)NC(=O)C3=CC=CC=C3,6.0,5.599997654072044,4.700000503883016,5.399996913372259
CCCC[C@@H]1C[C@H]1C(C2=CC=C(C=C2)Cl)NC(=O)CC3=CC=CC=C3,5.600326278518962,5.900008766455316,5.0999990348465305,5.599997654072044
CCCC[C@@H]1C[C@H]1C(C2=CC=C(C=C2)Cl)NC(=O)C3=CC=CS3,6.0,6.0,,5.299997602857746
CCCC[C@@H]1C[C@H]1C(C2=CC=C(C=C2)Cl)NC(=O)C3=CC=CO3,6.100179497572904,5.399996913372259,4.40000018605658,
CCCC[C@@H]1C[C@H]1C(C2=CC=C(C=C2)Cl)NC(=O)C3=CN=CC=C3,5.100179497572904,4.899998417198648,4.59999938302362,7.100179497572904
CCC[C@@H]1C[C@@]1(CCC)C(C2=CC(=CC=C2)Cl)NC(=O)C3=CC=CC=C3,,4.700000503883016,5.499996931948306,5.399996913372259
C[C@]1(C[C@H]1C2CCCCC2)C(C3=CC=C(C=C3)Cl)NC(=O)C(C)(C)C,,4.899998417198648,,4.899998417198648
CCCC[C@@H]1C[C@H]1C(C2=CC=CC=C2C(F)(F)F)NC(=O)C3=CC=CC=C3,5.0,5.900008766455316,,5.499996931948306
CCCC[C@@H]1C[C@H]1C(C2=CC=CC=C2C(F)(F)F)NC(=O)C3=CC=CS3,5.199970640755866,6.0,,5.499996931948306
CCCC[C@@H]1C[C@H]1C(C2=CC=CC=C2C(F)(F)F)NC(=O)C3=CC=CO3,4.801342913045577,5.299997602857746,,4.899998417198648
CCC/C=C(\CCC)/C(C1=CC=C(C=C1)C(=O)OC)NC(=O)C2=CC=CC=C2,5.100179497572904,5.499996931948306,,4.899998417198648
CCC/C=C(\CCC)/C(C1=CC=C(C=C1)C(=O)OC)NS(=O)(=O)CC23CCC(C2(C)C)CC3=O,,4.800000874803203,5.299997602857746,5.399996913372259
CCC/C=C(\CCC)/C(C1=CC=C(C=C1)C(=O)OC)NS(=O)(=O)C2=CC=CC3=C2N=CC=C3,5.199970640755866,5.799998134593398,,5.299997602857746
CCC/C=C(\CCC)/C(C1=CC=C(C=C1)C(=O)OC)NS(=O)(=O)C2=CC=C(C=C2)Cl,5.5003129173815966,5.499996931948306,,5.399996913372259
CCC/C=C(\CCC)/C(C1=CC=C(C=C1)C(=O)OC)NS(=O)(=O)C2=CC=C(C=C2)C(F)(F)F,,5.499996931948306,,6.0
CCC/C=C(\CCC)/C(C1=CC=C(C=C1)C(F)(F)F)NP(=O)(C2=CC=CC=C2)C3=CC=CC=C3,,4.899998417198648,,
CCC/C=C(\CCC)/C(C1=CC=C(C=C1)C(=O)OC)NC(=O)C2=CC=CS2,5.300162274132754,5.699991797446187,,5.900008766455316
CCC/C=C(\CCC)/C(C1=CC=C(C=C1)C(=O)OC)NC(=O)OCC(C)C,4.801342913045577,5.399996913372259,,4.899998417198648
CCC/C=C(\CCC)/C(C1=CC=C(C=C1)C(=O)OC)NC(=O)OC2=CC=C(C=C2)F,,4.40000018605658,,
CCC/C=C(\CCC)/C(C1=CC=C(C=C1)C(F)(F)F)NC(=O)C2=CC=CS2,5.5003129173815966,6.299988937677887,,5.599997654072044
CCC/C=C(\CCC)/C(C1=CC=C(C=C1)C(F)(F)F)NC(=O)CCC2=CC=CC=C2,5.100179497572904,5.0,,5.499996931948306
CCC/C=C(\CCC)/C(C1=CC=C(C=C1)C(F)(F)F)NC(=O)C2=CC=C(C=C2)C(F)(F)F,,,,5.0
CCC/C=C(\CCC)/C(C1=CC=C(C=C1)C(F)(F)F)NS(=O)(=O)C2=CC=CC=C2,4.899629454882437,5.0,5.0999990348465305,5.199998172182031
CCC/C=C(\CCC)/C(C1=CC=C(C=C1)C2=CC=CC=C2)NP(=O)(C3=CC=CC=C3)C4=CC=CC=C4,5.600326278518962,5.0,,5.399996913372259
CCC/C=C(\CCC)/C(C1=CC=C(C=C1)C2=CC=CC=C2)NS(=O)(=O)C3=CC=CC4=C3N=CC=C4,6.100179497572904,5.699991797446187,,5.499996931948306
CCC/C=C(\CCC)/C(C1=CC=C(C=C1)C2=CC=CC=C2)NS(=O)(=O)C3=CC=C(C=C3)C(F)(F)F,,,,5.399996913372259
CCC/C=C(\CCC)/C(C1=CC=CC=C1)NP(=O)(C2=CC=CC=C2)C3=CC=CC=C3,4.801342913045577,4.59999938302362,4.40000018605658,5.199998172182031
CCC/C=C(\CCC)/C(C1=CC=CC=C1)NC(=O)C2=CC=CC=C2,5.0,,,5.0
CCC/C=C(\CCC)/C(C1=CC=CC=C1)NC(=O)C2=CC=C(C=C2)C(F)(F)F,4.600326278518962,5.499996931948306,5.0999990348465305,4.800000874803203
CCC/C=C(\CCC)/C(C1=CC=CC=C1)NS(=O)(=O)C2=CC=C(C=C2)Cl,4.899629454882437,5.599997654072044,4.700000503883016,5.0999990348465305
CCC/C=C(\CCC)/C(C1=CC=CC=C1)NS(=O)(=O)C2=CC=C(C=C2)C(F)(F)F,5.100179497572904,5.0999990348465305,4.700000503883016,5.0
CCC/C=C(\CCC)/C(C1=CC=CC=C1)NS(=O)(=O)C,4.600326278518962,,4.40000018605658,4.499999678657065
CC1=CC=C(C=C1)N(CC2=NCCN2)C3=CC(=CC=C3)O,,,6.100015437450609,
C1=C(C=C(C(=C1O)O)O)C2=COC3=C(C2=O)C(=C(C(=C3)O)O)O,,,,4.59999938302362
COC1=CC(=C(C=C1)C2=COC3=C(C2=O)C=CC(=C3)O)OC,,,,4.40000018605658
COC1=CC=CC=C1C2=C(C(=O)C3=CC=CC=C3O2)O,,,,4.59999938302362
CCCCOCCOCCOCC1=CC2=C(C=C1CCC)OCO2,,,,6.299988937677887
CC1=CC(=C(N1)/C=C/2\C3=CC=CC=C3NC2=O)C,6.100179497572904,5.599997654072044,6.400007822415902,5.0999990348465305
C1=CC(=C(C=C1OC2=C(C=C(C=C2I)CC(=O)O)I)I)O,4.899629454882437,5.299997602857746,,
CC(=CCC1=C(C2=C(C=C1O)OC=C(C2=O)C3=CC4=C(C=C3)OCO4)O)C,,,,5.399996913372259
C1=CC(=C(C=C1[C@@H](CN)O)O)O,,,,4.499999678657065
CN1CC2=CC=CC=C2[C@H]3[C@H]1CC4=CNC5=CC=CC3=C45,6.5003129173815966,,,5.299997602857746
CNC[C@@H](C1=CC(=C(C=C1)O)O)O,4.801342913045577,,4.40000018605658,4.499999678657065
C[C@]12CC[C@H]3[C@H]([C@@H]1CCC2=O)CCC4=C3C=CC(=C4)O,,,,5.699991797446187
CC[C@H]1[C@H](COC1=O)CC2=CN=CN2C,4.500312917381596,4.800000874803203,,4.800000874803203
C1=CC2=C(C=C1I)/C(=C/C3=CC(=C(C(=C3)Br)O)Br)/C(=O)N2,5.850252888045933,6.000088957385776,4.40000018605658,5.299997602857746
C1=CC(=CC=C1CC(=O)C2=C(C=C(C=C2O)O)O)Cl,,,,5.299997602857746
CNC1=CC=C(C=C1)O.CNC1=CC=C(C=C1)O.OS(=O)(=O)O,,,,4.899998417198648
C(CSC(=N)N)N.Br.Br,,,,5.499996931948306
C[C@@]12[C@H]3CC[C@@H]([C@@]1(C(=O)OC2=O)C)O3,4.801342913045577,,,
C1=CC2=C(C=C1SSC3=CC4=C(C=C3)N=C(N4)C(F)(F)F)NC(=N2)C(F)(F)F,6.300162274132754,5.0999990348465305,,
COC1=CC2=C(C=C1)C(=O)/C(=C/C3=CC(=C(C=C3)OC)O)/CO2,,,,5.0
C1=CC(=C(C=C1C2=C(C(=O)C3=C(O2)C(=C(C=C3O)O)OC4C(C(C(C(O4)CO)O)O)O)O)O)O,,,,4.40000018605658
C([C@@H](C(=O)O)N)O,4.400116927926312,,,
COC1=C(C=C(C=C1)/C=C/C(=O)C2=C(C=C(C=C2)O)O)OC,,,,5.900008766455316
COC1=CC(=C(C(=C1)OC)C(=O)/C=C/C2=CC(=C(C=C2)O)OC)O,,,,5.0999990348465305
C([C@@H](C(=O)O)N)C(=O)O,4.500312917381596,,,
CC(=O)OC1=CC=C(C=C1)/C=C/C2=CC(=CC(=C2)OC(=O)C)OC(=O)C,,,,5.0
CC1=CC(=CC(=C1C(=O)OC)O)OC,,,,4.40000018605658
COC\1=CC(=O)C(=C/C1=C\C=C\C2=CC=CC=C2)O,,,,4.59999938302362
C=CCN=C=S,,,,4.40000018605658
COC1=CC=C(C=C1)C2C(CC3=C(O2)C=C(C=C3OC)OC)O,,,,4.700000503883016
CC1(C=CC2=C(O1)C=C3C(=C2O)C(=O)C(=CO3)C4=CC5=C(C=C4)OCO5)C,,,,4.59999938302362
C[C@]12CC[C@H]3[C@H]([C@@H]1CC[C@]2(C#C)O)CCC4=C3C=CC(=C4)O,,,,4.800000874803203
C1C2C(C(C1Cl)Cl)C3(C(=C(C2(C3(Cl)Cl)Cl)Cl)Cl)Cl,,,,4.800000874803203
CC(=O)[C@H]1CC[C@@H]2[C@@]1(CC[C@H]3[C@H]2CCC4=CC(=O)CC[C@]34C)C,,,,5.399996913372259
CCC(=O)O[C@H]1CC[C@@H]2[C@@]1(CC[C@H]3[C@H]2CCC4=CC(=O)CC[C@]34C)C,,4.899998417198648,,5.900008766455316
C1=CC=C(C=C1)/C(=N/NC2=NC3=CC=CC=C3S2)/C4=CC=CC=N4,5.5003129173815966,,,5.399996913372259
CC1=C2C=CC3=CC=CC=C3C2=C(C4=CC=CC=C14)C,,,,4.899998417198648
CN1CCC2=C3[C@H]1CC4=C(C3=CC=C2)C(=C(C=C4)O)O,4.801342913045577,4.499999678657065,4.899998417198648,5.299997602857746
CC1(C(CC2=C(O1)C=CC3=C2OC(=O)C=C3)O)C,,,,4.59999938302362
CC1=C(C(=O)N(N1C)C2=CC=CC=C2)N(C)C,5.0,,,
C1=CC=C(C=C1)/C(=C/C(=O)C2=CC=CC=C2O)/O,,,,4.800000874803203
CCOC(=O)C1=C(NC(=C(C1C2=CC=CC=C2Cl)C(=O)OC)C)COCCN.C1=CC=C(C=C1)S(=O)(=O)O,,,,5.0
CCC1=CN=C(C=C1)CCOC2=CC=C(C=C2)CC3C(=O)NC(=O)S3.Cl,,,,4.700000503883016
CC(=O)SC[C@@H](CC1=CC=CC=C1)C(=O)NCC(=O)OCC2=CC=CC=C2,5.600326278518962,5.399996913372259,6.50003813440381,5.0999990348465305
C(CS)N,,,,6.0
CC1=C([C@@H](C(=C(N1)C)C(=O)OCCCN2CCC(CC2)(C3=CC=CC=C3)C4=CC=CC=C4)C5=CC(=CC=C5)[N+](=O)[O-])C(=O)OC,4.500312917381596,5.700006520154178,5.099999160324989,4.499999678657065
CC1(C=CC2=C(O1)C=CC3=C2OC4COC5=CC(=C(C=C5C4C3=O)OC)OC)C,,,,4.499999678657065
COC1=CC(=CC(=C1OC)O)C2=COC3=CC(=C(C(=C3C2=O)O)OC)OCC4=CC=CC=C4,,,,4.800000874803203
CC(C)[C@H]1C2=C(CC[C@@]1(CCN(C)CCCC3=NC4=CC=CC=C4N3)OC(=O)COC)C=C(C=C2)F,4.500312917381596,,6.50003813440381,6.50003813440381
C1=CSC(=C1)CCOC(=O)/C(=C/C2=CC(=C(C=C2)O)O)/C#N,6.600326278518962,4.800000874803203,4.899998417198648,4.700000503883016
C1CN(CCC1CC2=CC=C(C=C2)F)CC(C3=CC=C(C=C3)Cl)O,,,,5.449996922660283
CC(=O)C1=CC2=C(C=C1)SC3=CC=CC=C3N2CCCN(C)C,5.801342913045578,,5.599997654072044,
COC1=C(C=C(C=C1)CC2=NC=CC3=CC(=C(C=C32)OC)OC)OC.Cl,,,,5.75000321026368
CCC1=CC(=CC=C1)N(C)C(=NC2=CC=CC3=CC=CC=C32)N,,,6.700057099977233,
C1=CC(=CC(=C1)I)CN=C(N)N,4.899629454882437,,4.800000874803203,
COC1=CC(=CC(=C1O)CSC2=NC3=CC=CC=C3S2)/C=C(\C#N)/C(=O)N,5.8996294548824375,,7.600326278518962,5.399996913372259
C1CN(C(=O)N1)C2=NC=C(S2)[N+](=O)[O-],5.100179497572904,,,6.400007822415902
C1=CC(=CC(=C1)NC(=O)NC2=CC=CC(=C2)C(=O)NC3=C4C(=CC(=CC4=C(C=C3)S(=O)(=O)[O-])S(=O)(=O)[O-])S(=O)(=O)[O-])C(=O)NC5=C6C(=CC(=CC6=C(C=C5)S(=O)(=O)[O-])S(=O)(=O)[O-])S(=O)(=O)[O-].[Na+].[Na+].[Na+].[Na+].[Na+].[Na+],,,,5.799998134593398
C1=CC(=C(C=C1S(=O)(=O)[O-])S(=O)(=O)[O-])NC(=O)C2=CC(=CC(=C2)NC(=O)NC3=CC(=CC(=C3)C(=O)NC4=C(C=C(C=C4)S(=O)(=O)[O-])S(=O)(=O)[O-])C(=O)NC5=C(C=C(C=C5)S(=O)(=O)[O-])S(=O)(=O)[O-])C(=O)NC6=C(C=C(C=C6)S(=O)(=O)[O-])S(=O)(=O)[O-].[Na+].[Na+].[Na+].[Na+].[Na+].[Na+].[Na+].[Na+],4.500312917381596,,,5.699991797446187
CN1CCC2=C3[C@@H]1CC4=C(C3=CC=C2)C(=C(C=C4)OC)O,5.400116927926312,,4.499999678657065,4.800000874803203
C1=CN2[C@H]3[C@@H]([C@H]([C@@H](O3)CO)O)OC2=NC1=N,,5.0,,4.40000018605658
CC(C)(C)[C@]1(CCN2C[C@@H]3C4=CC=CC=C4CCC5=C3C(=CC=C5)[C@@H]2C1)O,4.95076120530924,5.149998906625232,6.700084217625395,4.75000068934311
CC1=CC=CC=C1O[C@@H](CCNC)C2=CC=CC=C2,4.801342913045577,,4.499999678657065,5.499996931948306
CC(C)NC[C@H](COC1=CC=C(C=C1)CCOCC2CC2)O,4.850486183964007,6.199970640755866,,
CC(C)(C)NC(=O)[C@@H]1C[C@@H]2CCCC[C@@H]2CN1C[C@H]([C@H](CC3=CC=CC=C3)NC(=O)[C@H](CC(=O)N)NC(=O)C4=NC5=CC=CC=C5C=C4)O.CS(=O)(=O)O,,,,5.399996913372259
COC1=C(C=C(C=C1)S(=O)(=O)N2[C@H]([C@](C3=C2C=CC(=C3)Cl)(C4=CC=CC=C4Cl)O)C(=O)N5CCC[C@H]5C(=O)N)OC,,,,5.699991797446187
CC1(C2=CC=CC=C2C(=O)N(C1=O)CCN3CCN(CC3)C4=CC=CC=C4OC)C,4.400116927926312,,,4.800000874803203
CC1=CCC(CC1)[C@](C)(CCC=C(C)C)O,,,,4.40000018605658
C1=CC2=C3C(=CC(=C2C(=C1)S(=O)(=O)N)[N+](=O)[O-])N=C(C(=N3)[O-])[O-].[Na+].[Na+],4.600326278518962,,,
CC[N+](C)(C)CC1=CC=CC=C1Br.CC1=CC=C(C=C1)S(=O)(=O)[O-],,,4.499999678657065,5.799998134593398
C[N+]1(CCC2=CC3=C(C=C2[C@@H]1[C@H]4C5=C(C6=C(C=C5)OCO6)C(=O)O4)OCO3)C,,,4.499999678657065,4.800000874803203
C1=CC2=C(C=C1Cl)N=C(O2)N,5.400116927926312,,,
CC1=C(C=CC=C1Cl)NC2=CC=CC=C2C(=O)O,5.5003129173815966,5.499996931948306,,4.849999646000926
C1=CC=C(C=C1)C2=CC(=O)C3=C(N2)N=C(C=C3)Cl,6.400116927926312,,,
C1CN=C(N1)CC2=CC3=CC=CC=C3C=C2,,,4.40000018605658,
C1=CC=C(C=C1)CCNN.OS(=O)(=O)O,,,,5.199998172182031
C[N+]1(CCC(=C(C2=CC=CC=C2)C3=CC=CC=C3)CC1)C,,,4.899998417198648,
C1=CC=C(C=C1)[P+](CCC(=O)O)(C2=CC=CC=C2)C3=CC=CC=C3,5.400116927926312,,5.399996913372259,
COC1=C(C=C2C(=C1)C3=C(CO2)OC4=CC(=CC(=C4C3=O)O)O)OC,,,,5.0
CC1=CC=C(C=C1)S(=O)(=O)/N=C(/CNC)\Cl,5.400116927926312,5.499996931948306,,
CC(=O)N[C@H]1CCC2=CC(=C(C(=C2C3=CC=C(C(=O)C=C13)OC)OC)OC)OC,4.600326278518962,5.499996931948306,6.100015437450609,5.599997654072044
CC(C)N=C(N)/N=C(\N)/NC1=CC=C(C=C1)Cl,5.100179497572904,,5.0,
CC(C)(C)C1=CC(=CC(=C1)C(=O)/C=C/C2=CC=C(C=C2)C(=O)O)C(C)(C)C,,,,4.700000503883016
C[C@H]1C[C@@H](C(=O)[C@@H](C1)[C@@H](CC2CC(=O)NC(=O)C2)O)C,,,,4.800000874803203
C1=CC(=O)OC2=CC3=C(C=CO3)C=C21,7.5003129173815966,5.0999990348465305,5.699991797446187,4.499999678657065
C[N+](C)(C)CCO.[Cl-],,,,4.499999678657065
CS(=O)(=O)C,,,,4.700000503883016
C1[C@H](C(=O)NO1)N,,4.40000018605658,,4.699999047927856
COC1=C(C=CC(=C1)CC=C)OC(=O)C2=CC=CC=C2,,,,5.299997602857746
C1=CC=C(C=C1)CNC2=NC=NC3=C2NC=N3,5.300162274132754,,4.899998417198648,
CCN(CC)CCCC(C)NC1=C2C=C(C=CC2=NC3=C1C=CC(=C3)Cl)OC.Cl.Cl,,,,4.899998417198648
CC(C)C1=NC(=NC(=C1/C=C/C(CC(CC(=O)O)O)O)C2=CC=C(C=C2)F)N(C)S(=O)(=O)C,,,,4.40000018605658
C[N+]1(CC2=C(C1)C(=C(C(=C2Cl)Cl)Cl)Cl)CC[N+](C)(C)C,,,4.800000874803203,
COC1=CC2=C(C=C1)C3=C(O2)C4=C(C=C(C=C4)OC)OC3,,,,4.40000018605658
C1=CC(=C(C=C1Cl)CC2=CC(=CC(=C2O)CC3=C(C=CC(=C3)Cl)O)Cl)O,,5.599997654072044,,
C1=C(NC=N1)C[C@@H](C(=O)O)N,,,,6.100015437450609
C[C@H]1[C@H]([C@H](C[C@@H](O1)O[C@H]2C[C@@](CC3=C2C(=C4C(=C3O)C(=O)C5=C(C4=O)C(=CC=C5)OC)O)(C(=O)C)O)N)O.Cl,,,,4.700000503883016
C[C@H]1C[C@@H]2[C@H](CC[C@]3([C@H]2CC[C@@]3(C(=O)C)OC(=O)C)C)[C@@]4(C1=CC(=O)CC4)C,,,,4.800000874803203
CCCN1C(=O)C(=CN2C1=NC(=N2)N)C,4.500312917381596,5.0999990348465305,4.499999678657065,
CNCCC(C1=CC=CC=C1)OC2=CC=C(C=C2)C(F)(F)F.Cl,,,,4.700000503883016
CC(=O)OC1CCC2C1(CCC3C2CCC4=C3C=CC(=C4)O)C,,,,4.40000018605658
CC1(CC2C1CCC(=C)/C(=N\O)/CCC2=C)C,,,,4.499999678657065
C1CNC[C@H]([C@@H]1C2=CC=C(C=C2)F)COC3=CC4=C(C=C3)OCO4.Cl,,,,4.800000874803203
C[N@@+]1(CCC2=CC(=C(C=C2[C@H]1CC3=CC(=C(C=C3)OC)OC)OC)OC)CCC(=O)OCCCCCOC(=O)CC[N@+]4(CCC5=CC(=C(C=C5[C@H]4CC6=CC(=C(C=C6)OC)OC)OC)OC)C.C1=CC=C(C=C1)S(=O)(=O)[O-].C1=CC=C(C=C1)S(=O)(=O)[O-],,,,5.0
C1=CC=C2C(=C1)C(=O)C3=C(C2=O)C(=C(C=C3)O)O,,,,4.449999932356823
CC(C)C(CCCN(C)CCC1=CC(=C(C=C1)OC)OC)(C#N)C2=CC(=C(C=C2)OC)OC.Cl,,,,5.599997654072044
COC1=CC2=C(C(=C1)OC)C(=O)C(=CO2)C3=CC4=C(C=C3)OCO4,,,,5.199998172182031
CN[C@H]1CC[C@H](C2=CC=CC=C12)C3=CC(=C(C=C3)Cl)Cl.Cl,,,,5.0
C=CCN1CC[C@]23[C@H]4C(=O)CC[C@]2([C@H]1CC5=C3C(=C(C=C5)O)O4)O,,,4.40000018605658,
CCN(CC)C(=O)N[C@H]1CN([C@H]2CC3=CNC4=CC=CC(=C34)C2=C1)C,5.0,,6.650155525987497,
C1CC1CN2CC[C@]34[C@H]5C(=O)CC[C@]3([C@H]2CC6=C4C(=C(C=C6)O)O5)O,4.500312917381596,,4.799999356751798,
C(C[C@@H](C(=O)O)N)CN=C(N)N,4.500312917381596,,,
C1=CN=CC=C1/C(=N/NC2=NNN=N2)/Br,,,5.599997654072044,5.299997602857746
CN(C)CC[C@H](C1=CC=C(C=C1)Br)C2=CC=CC=N2,,,4.800000874803203,
CCC12CCCN3C1C4(CC3)C(CC2)N(C5=C4C=CC(=C5O)OC)C(=O)C,,,,4.800000874803203
CCOC(=O)C1=CN=CN1[C@@H](C)C2=CC=CC=C2,5.199970640755866,4.899998417198648,,6.100015437450609
CC[C@](C1=C(C(=O)N2CC3=CC4=CC=CC=C4N=C3C2=C1)CO)(C(=O)O)O.[Na],5.5003129173815966,,,5.499996931948306
C[C@@H]1C2=CC=CC=C2CN3C1=C4C(=C3)C(=O)C5=C(C4=O)C=CC=C5OP(=O)(O)OCC6=CC=CC=C6.[Na],5.5003129173815966,5.699991797446187,,
CCOC(=O)C1=C(NC(=C([C@H]1C2=C(C(=CC=C2)Cl)Cl)C(=O)OC)C)C,4.801342913045577,5.900008766455316,4.499999678657065,5.499996931948306
CC(C)([C@H](COC1=C(C2=C(C=C1)C(=C3C=COC3=N2)OC)OC)O)O,4.800163139259481,4.699999047927856,,4.800000874803203
CC/C=C/C/C=C/C/C=C/CCCCCCCC(=O)OCC,,,,5.0
COC1=CC2=C(C=CN=C2C=C1)[C@@H]([C@H]3C[C@H]4CCN3C[C@H]4C=C)O,,,,4.800000874803203
CC(=CCC/C(=C/CO)/C)C,,,,4.800000874803203
C1CN[C@H]1C(=O)O,,4.40000018605658,,5.599997654072044
C/C=C/C1=CC2=C(C=C1)OCO2,,,,4.59999938302362
COC1=CC(=CC(=C1OC)OC)/C=C/C(=O)N2CCC=CC2=O,,,,7.300162274132754
COC1=CC2=C(C=C1)C(=O)C(=CO2)C3=CC=CC=C3,,,,4.40000018605658
CC1=C(C(CCC1)(C)C)/C=C/C(=C/C=C/C(=C/C=O)/C)/C,,,,4.899998417198648
C1CCN(CC1)C(=O)/C=C/C=C/C2=CC3=C(C=C2)OCO3,,,,4.899998417198648
CC1=C(C(CCC1)(C)C)/C=C/C(=C/C=C/C(=C/COC(=O)C)/C)/C,,,,4.59999938302362
C1=CC(=CC=C1/C=C/C(=O)C2=C(C=C(C=C2)O)O)O,,5.0999990348465305,,5.19999845668613
C1=CC=C2C(=C1)C3=C(C4=CC(=C(C=C4O3)O)O)C(=O)O2,,,,4.700000503883016
COC1=C2C(=CC(=C1O)O)C3=C(O2)C4=CC=CC=C4OC3=O,,,,4.59999938302362
CCN(CC)CCC[C@H](C)NC1=C2C=CC(=CC2=NC=C1)Cl,,,4.40000018605658,
C/C(=N/O)/C(=O)C,4.500312917381596,4.449999932356823,5.399996913372259,
C1=CC=C2C(=C1)C(=CC=N2)C/C(=N/O)/C(=O)O,5.400116927926312,,,
CC1=NNC(=S)NCCCN2CCN(CCCNC(=S)NN=C(C=NNC(=S)NCCCN3CCN(CCCNC(=S)NN=C1)CC3)C)CC2,5.5003129173815966,,,
COC(=O)[C@@H]1[C@@H](CC[C@H]2[C@H]1C[C@@H]3C4=C(CCN3C2)C5=CC=CC=C5N4)O,,,,4.499999678657065
C1CCN[C@H](C1)C2=CN=CC=C2,7.0,5.0999990348465305,4.899998417198648,
CC1=C(C=CC=C1O)C(=O)N[C@@H](CSC2=CC=CC=C2)[C@@H](CN3C[C@H]4CCCC[C@H]4C[C@H]3C(=O)NC(C)(C)C)O.CS(=O)(=O)O,,,,5.799998134593398
C[C@@H]1CCC[C@@H](N1)C,,8.602059991327963,,
CCOC(=O)OC(C)OC(=O)C1C(SC2N1C(=O)C2NC(=O)C(C3=CC=CC=C3)N)(C)C.Cl,,,,5.900008766455316
C[C@H]1COC(=O)[C@@H](NC(=O)[C@H](COC(=O)[C@@H](NC1=O)CC2=CC=CC=C2)C)CC3=CC=CC=C3,,,,5.399996913372259
C[C@@H]1CCCC(=O)OC[C@H]([C@@H](CCCC(=O)OC[C@H]1OC)C)OC,,,5.499996931948306,
C1=C(C=NN1C(=N)N)/C=N\N=C(N)N.Cl,,,5.399996913372259,
C[C@]1(CCOC(=O)C1)O,,4.899998417198648,,
C1=CC=C(C(=C1)C2=C3C=C(C(=O)C=C3OC4=C(C(=C(C=C24)Br)[O-])[Hg])Br)C(=O)[O-].O.O.O.O.[Na+].[Na+],4.801342913045577,6.199970640755866,,
CC1=C2C=C(C(=CC2=CC3=[N+]1C=CC4=CC(=C(C=C43)OC)OC)OC)OC.O.[Cl-],,,,5.0
CC1=C2C(=C3C=CC(=O)C=C3N2)C=CN1.O.Cl,6.400116927926312,,5.0,
C(CON=C(N)N)[C@@H](C(=O)O)N.O.OS(=O)(=O)O,4.899629454882437,,,
COC1=C(C=C(C=C1)C(=O)NCC2=CN=CC=C2)C(=O)NCC3=CN=CC=C3.O,5.0,,,5.499996931948306
C1CCC2=NC3=CC=CC=C3C(=C2C1)N.O.Cl,6.100179497572904,,5.299997602857746,
COC1=CC(=C(C=C1C(=O)NC2CCN(CC2)CC3=CC=CC=C3)Cl)N.C(=C\C(=O)O)\C(=O)O,,,,4.899998417198648
C1=CC=C(C(=C1)CN2C(=O)C=CN(C2=O)C[C@@H](C(=O)O)N)C(=O)O,,5.199998172182031,4.700000503883016,
CCN1CCC[C@@H]1CNC(=O)C2=C(C=CC(=C2)S(=O)(=O)N)OC,4.500312917381596,,4.40000018605658,
CC1=C(C(CCC1)(C)C)/C=C/C(=C/C=C/C(=C\C=O)/C)/C,,,,4.499999678657065
CCC(CC)(CC(=O)NC1=CC=CC(=C1)/C=C/C2=NC(=CS2)C3CCC3)C(=O)O,,,,5.199998172182031
COC1=CC(=CC(=C1OC)OC)/C=C\C(=O)N2CCC=CC2=O,6.698970004336019,,,
C/C=C/1\CC(=C)[C@](C(=O)OCC2=CCN3[C@H]2[C@@H](CC3)OC1=O)(C)O,,,,4.899998417198648
CCOC(=O)[C@@H](/C=C(\C)/CP(=O)(O)O)N,,4.59999938302362,5.699991797446187,
C1CCC(CC1)N=C(NC23CC4CC(C2)CC(C4)C3)N5CCOCC5.Cl,,,6.199970640755866,4.700000503883016
C/C=C\1/C(=O)C[C@@H]2[C@@]1(CC[C@H]3[C@H]2CCC4=CC(=O)CC[C@]34C)C,,,,6.0
C1=CC=C(C=C1)NC(=O)C2=C(C=CC(=C2)[N+](=O)[O-])Cl,5.75006645744431,5.199998172182031,5.0,4.59999938302362
CC(=CCOC1=C(C=C2C=CC(=O)OC2=C1O)OC)C,5.801342913045578,4.499999678657065,4.59999938302362,4.899998417198648
CCN(CC)CC1=C(C=CC(=C1)NC2=C3C=CC(=CC3=NC=C2)Cl)O.O.O.Cl.Cl,5.0,,5.0999990348465305,
CC1=CC(=CC=C1)CN2CCN(CC2)C(C3=CC=CC=C3)C4=CC=C(C=C4)Cl.Cl.Cl,,,,4.899998417198648
CC1([C@@H](N2[C@H](S1)[C@@H](C2=O)NC(=O)COC3=CC=CC=C3)C(=O)O)C.CC1([C@@H](N2[C@H](S1)[C@@H](C2=O)NC(=O)COC3=CC=CC=C3)C(=O)O)C.C1=CC=C(C=C1)CNCCNCC2=CC=CC=C2,4.899629454882437,,5.399996913372259,
CCCCN1CCCCC1C(=O)NC2=C(C=CC=C2C)C.Cl,,,,4.499999678657065
CC(C)CC(C1(CCC1)C2=CC=C(C=C2)Cl)N(C)C.Cl,,,,5.249998465974153
C1=CC=C(C=C1)CC(CC2=CC=CC=C2)C(=O)O,8.300162274132754,,,
CC1(C=CC2=C(O1)C3=C(C=CC(=C3)OC)NC2=O)C,6.5003129173815966,4.59999938302362,,
COC1=C(C=C(C=C1)C[C@H]2COC(=O)[C@@H]2CC3=CC(=C(C=C3)O)OC)OC,4.500312917381596,4.800000874803203,,4.800000874803203
CN(CCOC1=CC=C(C=C1)C[C@@H](C(=O)O)NC2=CC=CC=C2C(=O)C3=CC=CC=C3)C4=CC=CC=N4,4.400116927926312,4.749999839328533,7.500312917381596,5.499996931948306
C[C@H]1CC[C@H](N([C@@H]1C2=CC=C(C=C2)C)C(=O)C3=CC=C(C=C3)/C=N\O[C@@H](C)CN4CCCCC5=C4C=C(C(=N5)C)C)C(=O)OC,,5.499996931948306,,5.499996931948306
C[C@H]1CC[C@H](N([C@@H]1C2=CC=C(C=C2)C)C(=O)C3=CC=C(C=C3)/C=N\OC[C@H](COCC4=CC=CO4)O)C(=O)OC,,5.399996913372259,,5.900008766455316
C[C@H]1CC[C@H](N([C@@H]1C2=CC=C(C=C2)C)C(=O)C3=CC=C(C=C3)/C=N\O[C@@H](C)C4=CN(N=N4)[C@@H](CC5=CC=CC=C5)CO)C(=O)OC,,5.5499972930101755,,5.700002849201811
C[C@H]1CC[C@H](N([C@@H]1C2=CC=C(C=C2)C)C(=O)C3=CC=C(C=C3)/C=N\O[C@@H](C)C4=CC(=NO4)C5=C(C=C(C=C5C)C)C)C(=O)OC,,5.799998134593398,,
C[C@H](/C=N\OC[C@@H]1[C@H](C=C[C@H](O1)C2=CC=CC=C2)OC3=CC=C(C=C3)OC)[C@@H](C(C)C)OCC4=CC=CC=C4,,,,5.399996913372259
CC1=CC2=C(CCCCN2C[C@H](C)O/N=C\[C@@H](C)[C@@H](C(C)C)OCC3=CC=CC=C3)N=C1C,,,5.399996913372259,5.399996913372259
C[C@H](/C=N\O[C@@H](C)C1=CN(N=N1)[C@@H](CC2=CC=CC=C2)CO)[C@@H](C(C)C)OCC3=CC=CC=C3,,,,5.449996922660283
CC(=NOC[C@@H]1[C@H](C=C[C@H](O1)C2=CC=CC=C2)OC3=CC=C(C=C3)OC)C,,,,5.399996913372259
CC1=CC2=C(CCCN2C[C@H](C)ON=C(C)C)N=C1C,,,5.799998134593398,
CC(=NOC[C@H](COCC1=CC=CO1)O)C,,,5.199998172182031,
CC1=CC(=C(C(=C1)C)C2=NOC(=C2)[C@H](C)ON=C(C)C)C,,,,5.499996931948306
C[C@H]1CC[C@H](N([C@@H]1C2=CC=C(C=C2)C)C(=O)C3=CC=C(C=C3)/C=N\OC)C(=O)OC,,5.599997654072044,,5.499996931948306
CC1C(=O)OC2C1(C34C(=O)OC5C3(C2O)C6(C(C5)C(C)(C)C)C(C(=O)OC6O4)O)O,,4.499999678657065,,
CC1=CC=C(C=C1)OP(=O)(OC2=CC=C(C=C2)C)OC3=CC=C(C=C3)C,,,,5.0999990348465305
CNCCCN1C2=CC=CC=C2CCC3=CC=CC=C31.Cl,,,,4.40000018605658
CCCC(C1=CC=CC=C1)(C2=CC=CC=C2)C(=O)OCCN(CC)CC.Cl,,,,5.699991797446187
CCCCC(CC)COP(=O)(OCC(CC)CCCC)OCC(CC)CCCC,,,,4.800000874803203
CC(=O)[O-].CC(=O)[O-].O.O.[Cd+2],,,,4.40000018605658
C[C@@H]1CC2(C3C(O3)(C(O2)O)C)OC4C1[C@]5(CC[C@@]67C[C@@]68CCC(C([C@@H]8CC=C7[C@@]5(C4)C)(C)C)O[C@H]9[C@@H]([C@H]([C@@H](CO9)O)O)O)C,,,,5.299997602857746
C[C@@]1(C(=O)N2[C@H](C(=O)N3CCC[C@H]3[C@@]2(O1)O)CC4=CC=CC=C4)NC(=O)[C@H]5CN([C@@H]6CC7=CNC8=CC=CC(=C78)C6=C5)C.C[C@@]1(C(=O)N2[C@H](C(=O)N3CCC[C@H]3[C@@]2(O1)O)CC4=CC=CC=C4)NC(=O)[C@H]5CN([C@@H]6CC7=CNC8=CC=CC(=C78)C6=C5)C.[C@@H]([C@H](C(=O)[O-])O)(C(=O)O)O,,,,5.799998134593398
C1COCCN1[N+]2=NOC(=C2)N,,4.499999678657065,5.0,
CCCCOCCOP(=O)(OCCOCCCC)OCCOCCCC,,,,4.59999938302362
C[C@@]1(CCC[C@@]2([C@H]1CCC3=C2C=C(C=C3)OC)C)CO,4.801342913045577,5.0999990348465305,,
C[C@@H](CCC1=CC=CC=C1)N[C@@H](C)[C@@H](C2=CC=C(C=C2)O)O,5.100179497572904,,5.699991797446187,5.0
CC(=O)[C@@H]1[C@@H]2[C@@H]3CO[C@@H](O3)C(=O)[C@@H]2[C@@H]4N1C5=CC=CC=C5C=C4,,,,4.59999938302362
C[N+]1([C@@H]2CC(C[C@H]1[C@@H]3[C@H]2O3)OC(=O)[C@@H](CO)C4=CC=CC=C4)C,,4.40000018605658,,4.700000503883016
CCC(C)(C)C(=O)O[C@@H]1C[C@H](C=C2[C@H]1[C@H]([C@H](C=C2)C)CC[C@@H]3C[C@H](CC(=O)O3)O)C,,,,5.0999990348465305
CC[C@]12CCCN3[C@H]1C4=C(CC3)C5=CC=CC=C5N4[C@@](C2)(C(=O)OC)O,,,5.649990434408929,5.0
C1=CC(=CC=C1CSC(CN2C=CN=C2)C3=C(C=C(C=C3)Cl)Cl)Cl.[N+](=O)(O)[O-],,,,6.700057099977233
C[C@]12CC[C@@H]3[C@@H]([C@H]1CC[C@]2(C#C)O)CCC4=C3C=CC(=C4)OC,6.300162274132754,,,5.0
COC(=O)[C@@H]1[C@H](CC[C@@H]2[C@H]1C[C@H]3C4=C(CCN3C2)C5=CC=CC=C5[NH2+]4)O,4.500312917381596,,6.50003813440381,
CC(=O)O[C@@H]1[C@H](CN[C@H]1CC2=CC=C(C=C2)OC)O,,,4.700000503883016,
CC1=C(C2=C(CC[C@@](O2)(C)CCC[C@@H](C)CCC[C@@H](C)CCCC(C)C)C(=C1O)C)C,,4.700000503883016,,
CC(=C)[C@H]1CC2=C(O1)C=CC3=C2O[C@H]4COC5=CC(=C(C=C5[C@@H]4C3=O)OC)OC,4.801342913045577,4.499999678657065,,4.59999938302362
C/C=C\1/CC(=C)[C@@](C(=O)OCC2=CCN3[C@@H]2[C@@H](CC3)OC1=O)(C)O,,,,4.800000874803203
C1=CC(=CC=C1CSC2=NC(=NC3=C2N=CN3[C@H]4[C@@H]([C@@H]([C@@H](O4)CO)O)O)N)[N+](=O)[O-],,,,4.800000874803203
CC(C)C1=CC2=C(C=C1)[C@@]3(CCC[C@]([C@H]3CC2)(C)CN)C,5.300162274132754,4.800000874803203,6.0,
CN1[C@@H]2CC[C@H]1CC(C2)OC(=O)C3=CNC4=CC=CC=C43,,,4.499999678657065,6.299988937677887
C1=CC=C2C(=C1)C(=O)C3=CC=CC=C3C2(CC4=CC=NC=C4)CC5=CC=NC=C5,4.400116927926312,4.700000503883016,,6.299988937677887
CCN1C2=CC(=C(C=C2NC1=O)Cl)Cl,6.2499778667007,,4.899998417198648,4.899998417198648
CCCCCN=C1C=CN(C2=CC=CC=C12)CC3=CC=CC=C3,4.600326278518962,6.50003813440381,5.0,4.800000874803203
C1=CC(=CC=C1CSC2=NC=NC3=C2N=CN3[C@H]4[C@@H]([C@@H]([C@@H](O4)CO)O)O)[N+](=O)[O-],,,,4.700000503883016
CC#C[C@]1(CC[C@H]2[C@]1(C[C@@H](C3=C4CCC(=O)C=C4CC[C@@H]23)C5=CC=C(C=C5)N(C)C)C)O,4.801342913045577,5.0999990348465305,4.499999678657065,
CC1=CC[C@]2(CC[C@@]([C@@H]2[C@@H](C1)OC(=O)C3=CC(=C(C=C3)O)OC)(C(C)C)O)C,4.801342913045577,4.800000874803203,4.499999678657065,
C1CN(CCC12NC(=O)CS2)CCCN3C4=CC=CC=C4SC5=C3C=C(C=C5)Cl,5.5003129173815966,,6.199970640755866,
CC[C@H]1[C@H](COC1=O)CC2=CN=CN2C.[N+](=O)(O)[O-],,,,4.899998417198648
C1CN2C(=NC3=CC=CC=C3C2=O)C4=C1C5=CC=CC=C5N4,6.5003129173815966,,,5.399996913372259
C1=CC=C(C(=C1)C2=NC(=NO2)C3=CC=NC=C3)Cl,7.100179497572904,,5.499996931948306,5.699991797446187
C1CNCCC1SC2=NC(=CC=C2)Cl,4.500312917381596,,,
CCOC1=CC=CC=C1O[C@H]([C@@H]2CNCCO2)C3=CC=CC=C3,,4.499999678657065,4.700000503883016,5.0
CC1=NN=C2N1C3=C(C=C(S3)CCC(=O)N4CCOCC4)C(=NC2)C5=CC=CC=C5Cl,,,,5.0999990348465305
CCOC1=C(C=CC(=C1)CC(=O)N[C@@H](CC(C)C)C2=CC=CC=C2N3CCCCC3)C(=O)O,,,,4.899998417198648
C1CC[C@H]([C@@H](C1)N2CCC(CC2)C3=CC=CC=C3)O,,,6.299988937677887,
CCCC1=NC2=C(N1CC3=CC=C(C=C3)C4=CC=CC=C4C(=O)O)C=C(C=C2C)C5=NC6=CC=CC=C6N5C,,,,4.800000874803203
C1=CC(=C(C=C1Cl)O)Cl,,,,4.499999678657065
C[C@H]1CC[C@H](N([C@@H]1C2=CC=C(C=C2)C)C(=O)C3=CC=C(C=C3)/C=N\OC[C@@H](C)[C@@H](C(C)C)OCC4=CC=CC=C4)C(=O)OC,,,5.399996913372259,5.399996913372259
CN1[C@@H]2CC[C@H]1CC(C2)O[C@@H](C3=CC=CC=C3)C4=CC=CC=C4N,4.801342913045577,4.40000018605658,4.59999938302362,4.899998417198648
C[C@@H](C(=O)OC(C)(C)CC1=CC=C(C=C1)Cl)N,6.199970640755866,4.40000018605658,4.899998417198648,5.0999990348465305
C1=CC(=CC=C1CCNC2=C3C(=NC=N2)N(C=N3)[C@H]4[C@H]([C@H]([C@@H](O4)CO)O)O)N,,,,4.59999938302362
C#C[C@@H](CCC(=O)O)N,,,4.899998417198648,
CNC(=O)[C@H]1[C@@H]([C@@H]([C@@H](O1)N2C=NC3=C(N=CN=C32)NCC4=CC=C(C=C4)N)O)O,,,,4.59999938302362
CC(C)[C@@H]1[C@H]2CC[C@H](C2)[C@H]1N,4.500312917381596,,4.499999678657065,4.800000874803203
C1[C@H](O[C@H](C2=C1C(=C(C=C2)O)O)CN)C34CC5CC(C3)CC(C5)C4,,,4.499999678657065,4.60000009127004
CC(C)(C)C1=C(C(=O)NO1)C[C@@H](C(=O)[O-])[NH3+],,,4.59999938302362,
CC1(O[C@@H]2[C@H]([C@@H](O[C@H]2O1)[C@@H](CO)O)OCCCN(C)C)C,4.899629454882437,,,
C[C@@]12CCC(=O)C(=C1CC[C@@H]3[C@@H]2CC[C@@]4([C@@H]3CCC4=O)C)O,,,,5.599997654072044
CCS(=O)(=O)NC1=CC=CC(=C1)C(=C2CCCCC2)C3=CN=CN3,6.5003129173815966,6.199970640755866,5.0999990348465305,6.50003813440381
C1=CC(=CC=C1[C@](CN)(CS(=O)(=O)O)O)Cl,4.500312917381596,,,6.0
CCCCC[C@H](CC(=O)NO)C(=O)N[C@H](C(C)C)C(=O)N1CCC[C@H]1CO,,,,5.299997602857746
C[C@@]12CC[C@H](C[C@H]1CC[C@@H]3[C@@H]2CC[C@@]4([C@@H]3CC[C@H]4O)C)O,4.801342913045577,4.59999938302362,,5.0
C[N+](C)(CCC(=O)CC[N+](C)(C)C1=CC=C(C=C1)CC=C)C2=CC=C(C=C2)CC=C,4.500312917381596,,4.499999678657065,
C1=CC=C2C(=C1)C(=O)N(C2=O)C3=C(C=C(C=C3)N)Cl,,,,4.800000874803203
C1CN(C(=O)[C@@H]1N)O,,,,5.499996931948306
C[C@]12CC[C@@H](C[C@@H]1CC[C@H]3[C@H]2CC[C@]4([C@H]3CCC4=O)C)O,,,4.899998417198648,4.600000530429892
C[C@@H]1CCN=C(S1)N,4.400116927926312,,,
C1=CC=C(C=C1)CN(CC2=NC=CN2)C3=CC=CC=C3,,,5.299997602857746,
C1=C(C(=CC(=C1O)O)F)[C@H](CN)O,,,,4.499999678657065
C[C@]1(CCC[C@H](C1)C(C)(C)NC(=O)CBr)NC[C@H](COC2=CC=CC=C2CC=C)O,,,6.199970640755866,5.699991797446187
COC1=C(C(=CC=C1)OC)OCCNC[C@@H]2CSC3=CC=CC=C3O2,4.899629454882437,,6.899974269892137,5.599997654072044
C[C@@H](COC1=CC=CC=C1)N(CCCl)CC2=CC=CC=C2,4.99990447622767,4.699999047927856,6.299984434019814,
CC1=C([C@@H](C(=C(N1)C)[N+](=O)[O-])C2=CC=CC=C2C(F)(F)F)C(=O)OC,4.85014177906873,5.2499963361246955,,4.899998417198648
C=CCN1CCC2=C(C(=C(C=C2[C@@H](C1)C3=CC=CC=C3)O)O)Br,4.899629454882437,4.499999678657065,4.899998417198648,4.700000503883016
C[C@@H](CC1=CC=C(C=C1)OCC(=O)[O-])NC[C@@H](C2=CC(=CC=C2)Cl)O.[Na+],,,4.499999678657065,4.59999938302362
C[C@@H](CC1=CNC2=C1C=C(C=C2)OCC3=CC=CS3)N,6.350486183964007,,5.350007410237115,4.849999646000926
C[C@@H]1C[C@@H]2[C@H]3CCC4=CC(=O)C=C[C@@]4([C@@]3([C@H](C[C@]2([C@]1(C(=O)CO)O)C)O)Cl)C,,,,5.399996913372259
C1=CC2=C(C=CN=C2)C(=C1)S(=O)(=O)NCCNC/C=C\C3=CC=C(C=C3)Br,5.698970004336019,,4.59999938302362,5.799998134593398
C1C/C(=C/Br)/OC(=O)[C@H]1C2=CC=CC3=CC=CC=C32,,,,5.399996913372259
C[C@@H](/C=C\C1=CC(=CC=C1)OC2=CC=C(C=C2)F)N(C(=O)N)O,6.4006714565227885,4.549999530840342,4.79999969151181,5.900008766455316
C1CCN([C@@H](C1)CN2CCCC2)C(=O)CC3=CC(=C(C=C3)Cl)Cl,4.400116927926312,4.800000874803203,5.349998344459287,4.949999954824866
CC(C)(C)C1=CC=C(C=C1)S(=O)(=O)/C=C\C#N,5.600729920485945,5.349998344459287,4.499999678657065,4.59999938302362
C[C@@H]1C[C@@H]2[C@H]3CCC4=CC(=O)C=C[C@@]4([C@@]3([C@H](C[C@]2([C@]1(C(=O)CO)O)C)O)F)C,,,6.79997073344623,4.75000068934311
C1=CC(=C(C(=C1CNNC(=O)[C@H](CO)N)O)O)O,,4.899998417198648,,4.800000874803203
C[C@H]1CCC/C=C\[C@H]2C[C@H](C[C@@]2(C/C=C\C(=O)O1)O)O,4.500312917381596,,,
CCCCOC1=C(C=CC(=C1)C[C@@H]2CNC(=O)N2)OC,4.949814727441218,,,4.800000874803203
C1CN=C(N1)C2=CC3=C(O2)C=CC(=C3)SC#N,5.199970640755866,,4.40000018605658,4.899998417198648
C1[C@@H]([C@@H](O[C@H]1N2C=C(C(=O)NC2=O)/C=C\Br)CO)O,4.500312917381596,,,4.700000503883016
C1CN(CCN1C[C@H](C(C2=CC=CC=C2)C3=CC=CC=C3)O)C4=CC(=CC=C4)Cl,4.699971186132016,,4.899998417198648,5.0999990348465305
CCN(CC)[C@@H](C)C(=O)N1C2=CC=CC=C2SC3=CC=CC=C31,,,4.700000503883016,
C1CN(C[C@@H](N1)C(=O)O)CCCP(=O)(O)O,4.400116927926312,,,
CC(C)(C)NC[C@@H](COC1=CC=CC2=C1NC(=O)N2)O,4.500312917381596,,,
C=CCN1CCC2=C(C(=C(C=C2[C@@H](C1)C3=CC=CC=C3)O)O)Cl,4.698970004336019,4.499999678657065,4.59999938302362,4.800000874803203
C[C@@H]1[C@@H]2CC3=C([C@]1(CCN2CC4CC4)C)C=C(C=C3)O,,,4.499999678657065,
CN1C(=NC2=C1C(=O)N(C(=O)N2C)C)/C=C\C3=CC(=CC=C3)Cl,6.600326278518962,,4.40000018605658,
CN1[C@@H]2CC[C@H]1CC(C2)O[C@@H](C3=CC=CC=C3)C4=CC=C(C=C4)Cl,4.500312917381596,,5.8500034505243566,4.849999646000926
C1[C@H]([C@@H]1C(=O)O)[C@H](C(=O)O)N,,4.40000018605658,,
CNC(=O)[C@H]1[C@H]([C@H]([C@@H](O1)N2C=NC3=C(N=C(N=C32)Cl)NCC4=CC=C(C=C4)I)O)O,,4.700000503883016,4.40000018605658,5.499996931948306
CC(C)(C(=O)O)OC1=CC=C(C=C1)[C@@H]2CC2(Cl)Cl,,4.499999678657065,,
CC[C@H](C)N(C)C(=O)C1=CC2=CC=CC=C2C(=N1)C3=CC=CC=C3Cl,,4.650000276730134,,4.700000503883016
CN(C)CC/C=C\1/C2=C(C=C(C=C2)Cl)SC3=CC=CC=C31,5.300162274132754,,5.0,4.40000018605658
C[C@@]12CCC(=O)C=C1CC[C@@H]3[C@@H]2[C@@H](C[C@@]4([C@@H]3CC[C@H]4C(=O)CO)C)O,,4.800000874803203,,
C1CC(C1)(C(=O)O)C(=O)O.N.N.[Pt],4.600326278518962,5.399996913372259,,4.40000018605658
C[C@@]12CCC(=O)C=C1CC[C@@H]3[C@@H]2C(=O)C[C@@]4([C@@H]3CC[C@@]4(C(=O)CO)O)C,,,4.499999678657065,
C1=CC=C(C(=C1)[C@H](C2=CC=C(C=C2)Cl)C(Cl)Cl)Cl,4.600326278518962,4.800000874803203,,
CC(=O)[C@]1(CC[C@H]2[C@]1(CC[C@H]3[C@H]2C=C(C4=CC(=O)[C@H]5C[C@@H]5[C@]34C)Cl)C)OC(=O)C,,4.650000276730134,,5.249998465974153
CC[C@H]1C(=O)N(CC(=O)N([C@H](C(=O)N[C@H](C(=O)N([C@H](C(=O)N[C@H](C(=O)N[C@H](C(=O)N([C@H](C(=O)N([C@H](C(=O)N([C@H](C(=O)N([C@H](C(=O)N1)[C@H]([C@@H](C)C/C=C\C)O)C)C(C)C)C)CC(C)C)C)CC(C)C)C)C)C)CC(C)C)C)C(C)C)CC(C)C)C)C,,,4.499999678657065,5.04999829469034
C1=CC(=CC=C1C(C2=CC=C(C=C2)Cl)N3C=C[N+](=C3)C[C@H](C4=C(C=C(C=C4)Cl)Cl)OCC5=C(C=C(C=C5)Cl)Cl)Cl,4.500312917381596,4.499999678657065,7.400116927926312,4.800000874803203
CC1=C(N2[C@H]([C@@H](C2=O)NC(=O)[C@H](C3=CC=CC=C3)N)SC1)C(=O)O,,,,7.400116927926312
C[C@@H](C[N+](C)(C)C)OC(=O)N,,4.40000018605658,,
C1CC1NC(=O)[C@H]2[C@@H]([C@@H]([C@@H](O2)N3C=NC4=C(N=CN=C43)N)O)O,,,,6.0
C1=CN(C(=O)N=C1N)[C@H]2[C@@H]([C@@H]([C@@H](O2)CO)O)O,,4.40000018605658,,4.499999678657065
CCCN(CCC)C(=O)CC1=C(N=C2N1C=C(C=C2Cl)Cl)C3=CC=C(C=C3)Cl,,,,6.100015437450609
C1C(=C(N2[C@@H](S1)[C@@H](C2=O)NC(=O)[C@H](C3=CC=CC=C3)N)C(=O)O)Cl,,4.40000018605658,,4.800000874803203
CCCCCCCCCCCCCCCCCCNC(=O)OC[C@@H](COP(=O)([O-])OCC[N+]1=CSC=C1)OC,,4.40000018605658,,
C[C@]12[C@H]3CC[C@@H]([C@@]1(C(=O)OC2=O)C)O3,,,,8.200659450546418
C1=CC=C(C=C1)CCOC(=O)/C=C\C2=CC(=C(C=C2)O)O,6.0,4.40000018605658,4.40000018605658,4.800000874803203
CC1=C(N2[C@H]([C@@H](C2=O)NC(=O)[C@H](C3=CCC=CC3)N)SC1)C(=O)O,,,4.800000874803203,4.700000503883016
C1CCC(C1)N2C=C(C3=C(N=CN=C32)N)C4=CC=C(C=C4)OC5=CC=CC=C5,4.801342913045577,4.499999678657065,4.499999678657065,5.499996931948306
C1[C@@H]2C[C@H]([C@H]1C=C2)[C@@H]3NC4=CC(=C(C=C4S(=O)(=O)N3)S(=O)(=O)N)Cl,,,,4.800000874803203
CN1CCC2=C3[C@H]1CC4=C(C3=CC(=C2)O)C(=C(C=C4)O)O,4.899629454882437,,,
CCCN1CCC2=C3[C@H]1CC4=C(C3=CC(=C2)O)C(=C(C=C4)O)O,4.899629454882437,4.40000018605658,4.800000874803203,
C1CNC[C@H](C2=CC(=C(C=C21)O)O)C3=CC=CC=C3,,4.40000018605658,,4.899998417198648
CN1CCC2=CC(=C(C=C2[C@@H](C1)C3=CC=CC=C3)O)Cl,4.500312917381596,,6.199970640755866,5.0
C[C@@H](CC1=CC(=C(C=C1OC)I)OC)N,5.049800047819151,,4.549999530840342,5.149998906625232
C[C@@H](C1=C(C(=CC=C1)Cl)Cl)N,5.8996294548824375,,4.499999678657065,4.59999938302362
CCCC[C@@]1(CC2=CC(=C(C(=C2C1=O)Cl)Cl)OCC(=O)O)C3CCCC3,,5.599997654072044,,5.0
CC1=CC=CC=C1[C@@H](CNC2=C3C(=NC=N2)N(C=N3)[C@H]4[C@H]([C@H]([C@@H](O4)CO)O)O)C5=CC(=CC(=C5)OC)OC,,7.801342913045577,4.40000018605658,
CO[C@@H]1CC=C2CCN3[C@]2(C1)C4=C(CC3)COC(=O)C4,,,,4.40000018605658
CCCN1CCC[C@@H](C1)C2=CC=CC(=C2)C#N,,,4.499999678657065,
COC1=C(C(=CC=C1)OC)OCCNC[C@@H]2COC3=CC=CC=C3O2,4.749977866700699,,6.599980364934842,5.649994725759115
C1CN(C=C[C@H]1N2C3=CC=CC=C3NC2=O)CCCC(=O)C4=CC=C(C=C4)F,,4.40000018605658,5.199998172182031,5.399996913372259
C1=CC(=C(C=C1[N+](=O)[O-])[N+](=O)[O-])O[C@@H]2[C@H]([C@@H]([C@@H]([C@@H](O2)CO)O)O)F,4.600326278518962,,,
C1=C2C(=CC(=C1Cl)Cl)N=C(N2)[C@H]3[C@@H]([C@@H]([C@@H](O3)CO)O)O,4.801342913045577,,,4.40000018605658
COC1=CC(=CC(=C1OC)OC)C(=O)OCCC[NH+]2CCC[NH+](CC2)CCCOC(=O)C3=CC(=C(C(=C3)OC)OC)OC,,4.899998417198648,4.59999938302362,5.0999990348465305
C1CN(CCC1=C(C2=CC=C(C=C2)F)C3=CC=C(C=C3)F)CCN4C(=O)[C@@H]5C=CC=CC5=NC4=S,,4.499999678657065,4.899998417198648,5.499996931948306
C1CC2=CC(=C(C=C2[C@@H]3[C@@H]1NCC4=CC=CC=C34)O)O,4.899629454882437,4.40000018605658,4.899998417198648,7.300162274132754
CCCCCCCCCCCCCCC[C@@H]([C@@H](CO)N)O,,,4.899998417198648,
C[C@@H](CC1=CC=CC=C1)NCC#C,4.801342913045577,,4.59999938302362,4.40000018605658
C1=C2C(=NC=N1)N(C=N2)[C@H]3[C@H]([C@H]([C@@H](O3)CO)O)O,,,,5.499996931948306
C[C@]12CC[C@@H]3[C@@H]([C@@H]1CC[C@@]2(C#C)O)CCC4=CC5=C(C[C@]34C)C=NO5,4.899629454882437,5.699991797446187,4.59999938302362,
C1=CC=C(C=C1)C(CCNCC(=O)N)C2=CC=CC=C2,,,4.700000503883016,5.699991797446187
C1=CC=C(C=C1)S(=O)(=O)NCCSC2=CC(=C(C(=C2)F)OCC(=O)N)F,4.500312917381596,4.499999678657065,,4.899998417198648
C[C@]12CCN([C@@H]1N(C3=C2C=C(C=C3)O)C)C,4.500312917381596,4.899998417198648,4.59999938302362,4.59999938302362
CCC1=CC(=C(C(=C1O)C(=O)NC[C@H]2CCN(C2)CC)OC)Cl,5.199970640755866,,6.299988937677887,4.59999938302362
CC(C)[C@@]1(C(=O)N2[C@H](C(=O)N3CCC[C@@H]3[C@]2(O1)O)CC4=CC=CC=C4)NC(=O)[C@H]5CN([C@H]6CC7=CNC8=CC=CC(=C78)C6=C5)C,5.0,5.0,,
C[C@@H]1OC[C@H]2[C@](O1)(C[C@H]([C@@H](O2)O[C@H]3[C@@H]4COC(=O)[C@@H]4[C@H](C5=CC6=C(C=C35)OCO6)C7=CC(=C(C(=C7)OC)O)OC)O)O,,,,5.0999990348465305
CC[C@@H]1CN2CCC3=CC(=C(C=C3[C@H]2C[C@@H]1C[C@H]4C5=CC(=C(C=C5CCN4)OC)OC)OC)OC,,,,6.50003813440381
CCCCCCCCCCCCCCCC(=O)NC[C@@H](COP(=O)([O-])OCC[N+](C)(C)C)OCC,,4.800000874803203,4.499999678657065,4.59999938302362
CCCCCCCCCCCCCCCCCC(=O)NC[C@@H](COP(=O)([O-])OCC[N+](C)(C)C)OCC,4.400116927926312,4.899998417198648,4.40000018605658,4.499999678657065
C[C@]12CCN([C@@H]1N(C3=C2C=C(C=C3)OC(=O)NC)C)C,4.600326278518962,,6.399975502845354,
C[C@@]12CC[C@H]3[C@H]([C@H]1CC[C@H]2O)CCC4=C3C=CC(=C4)O,5.150081137066377,5.149998903375755,,
C[C@]12CC[C@@H]3[C@@H]([C@@H]1CCC2=O)CCC4=C3C=CC(=C4)O,5.6498731914043745,,,
COC1=CC=CC2=C1[C@@H]3CN(C[C@H]3CO2)CCCCN4C(=O)C5=C(C6=NC(=CN=C6S5)C7=CC=CC=C7)NC4=O,4.500312917381596,,4.499999678657065,4.800000874803203
C1CCN[C@H](C1)CNC(=O)C2=C(C=CC(=C2)OCC(F)(F)F)OCC(F)(F)F,4.750156458690798,5.0999990348465305,5.0,4.499999678657065
C1CNC[C@H](C2=CC(=C(C(=C21)Cl)O)O)C3=CC=C(C=C3)O,,4.499999678657065,5.499996931948306,4.800000874803203
CC(=O)O[C@H]1[C@H]([C@@H]2[C@]([C@@H](CCC2(C)C)O)([C@]3([C@]1(O[C@@](CC3=O)(C)C=C)C)O)C)O,,,4.59999938302362,4.899998417198648
C[C@@H](CC1=CC=C(C=C1)C=O)NC[C@H](C2=CC(=C(C=C2)O)NCO)O,4.698970004336019,,5.0,5.0
C[C@@H]1CC2=CC3=C(C=C2C(=NN1)C4=CC=C(C=C4)N)OCO3,5.300162274132754,4.59999938302362,4.499999678657065,5.599997654072044
COC(=O)N1CCN([C@@H](C1)CN2CCCC2)C(=O)CC3=CC(=C(C=C3)Cl)Cl,,4.899998417198648,4.649999943453318,4.9000004374016015
CN(C)C1=NC=C2C(=C1)C(=NC=N2)NC3=CC4=C(C=C3)N(N=C4)CC5=CC=CC=C5,5.100179497572904,4.899998417198648,4.499999678657065,5.299997602857746
C/C=C/1\C(=O)C[C@H]2[C@]1(CC[C@H]3[C@H]2CCC4=CC(=O)CC[C@@]34C)C,,4.40000018605658,,5.499996931948306
C(CC(=O)O)[C@H](C(=O)O)N=C(N)N,,,,5.499996931948306
CN(C)CCC1=CNC2=C1C=C(C=C2)/C=C\C(=O)NCC3=CC=C(C=C3)OC,4.400116927926312,,,4.800000874803203
C[N+]1(CCO[C@](C1)(C2=CC=C(C=C2)C3=CC=C(C=C3)[C@@]4(C[N+](CCO4)(C)C)O)O)C,4.500312917381596,,,6.899974269892137
C1=CC2=C(C=CN=C2)C(=C1)S(=O)ONCCN=C(N)N,,,4.59999938302362,5.0
C[C@@H]1CNCCN1S(=O)(=O)C2=CC=CC3=C2C=CN=C3,,4.499999678657065,4.700000503883016,5.299997542777145
C1CCC(CC1)[Si@@](CCCN2CCCCC2)(C3=CC=C(C=C3)F)O,,,6.299988937677887,5.399996913372259
C[C@@H](CC1=CN=CN1)N,4.400116927926312,,,
CCCN(CCC)[C@@H]1CCC2=C(C1)C(=CC=C2)O,4.500312917381596,,5.499996931948306,
CCCN(CCC)[C@@H]1CCC2=C(C1)C=C(C=C2)O,,,6.100015437450609,
CC1=C(C(CCC1)(C)C)/C=C\C(=C\C=C/C(=C/C(=O)NC2=CC=C(C=C2)O)/C)\C,,5.0999990348465305,,
CCCCC#CC1=NC(=C2C(=N1)N(C=N2)[C@H]3[C@H]([C@H]([C@@H](O3)C(=O)NCC)O)O)N,,4.59999938302362,,4.800000874803203
C[C@@]1(CC2=CC(=C(C(=C2C1=O)Cl)Cl)OCC(=O)O)C3CCCC3,,4.40000018605658,,4.899998417198648
C[C@@H](CC1=CC=C(C=C1)I)NC(C)C,5.0,,7.0,
CN([C@@H](CN1CCCC1)C2=CC(=CC=C2)OCC(=O)O)C(=O)CC3=CC(=C(C=C3)Cl)Cl,4.400116927926312,,4.40000018605658,4.59999938302362
CCN1CCC[C@@H]1CNC(=O)C2=C(C=CC(=C2O)I)OC,4.801342913045577,,6.700057099977233,
CNC(=O)[C@H]1[C@H]([C@H]([C@@H](O1)N2C=NC3=C(N=CN=C32)NCC4=CC(=CC=C4)I)O)O,,,4.499999678657065,4.40000018605658
C1=CC(=CC=C1C(C2=CC=C(C=C2)F)OCCCC3=CN=CN3)F,7.0,7.500312917381596,6.199970640755866,6.100015437450609
C1CN(CCN1)S(=O)(=O)C2=CC=CC3=C2C=CC=N3,,,,5.399996913372259
C1CN=C(N1)N(CC2=CC=C(C=C2)F)C3=C(C=CC=C3Cl)Cl,,4.40000018605658,5.900008766455316,
C1=CC(=CC=C1/C=C\C(=O)C2=C(C=C(C=C2)O)O)O,5.300162274132754,4.700000503883016,4.800000874803203,5.499996931948306
C1CN=C(N1)[C@@H]2COC3=CC=CC=C3O2,4.500312917381596,4.499999678657065,5.0,
C[C@H]1CN(CCN1)S(=O)(=O)C2=CC=CC3=C2C=CN=C3,,,4.40000018605658,5.0
CC[C@H](C)[C@H]1[C@H](CC[C@@]2(O1)C[C@H]3C[C@@H](O2)C/C=C(\[C@H]([C@H](/C=C\C=C4CO[C@H]5[C@]4([C@H](C=C([C@@H]5O)C)C(=O)O3)O)C)O[C@H]6C[C@@H]([C@@H]([C@@H](O6)C)O[C@H]7C[C@@H]([C@@H]([C@@H](O7)C)O)OC)OC)/C)C,,,5.0,4.800000874803203
CCN1C=CN=C1C[C@@H]2COC3=CC=CC=C3O2,4.801342913045577,,5.299999504698301,5.799998134593398
CCCN1C(=C(C2=CC=CC=C21)C(=O)C3=CC4=CC=CC=C4C=C3)C,5.199970640755866,,,5.499996931948306
C[C@@H]([C@H](C)OC(=O)[C@H]1C[C@@H]2[C@H](CC3=CN(C4=CC=CC2=C34)C(C)C)N(C1)C)O,4.698970004336019,,6.199970640755866,
C1CN2CCC1[C@H]([C@@H]2C(C3=CC=CC=C3)C4=CC=CC=C4)NCC5=CC=CC=C5I,4.899629454882437,,7.199970640755866,4.700000503883016
C1CN(CCN1CC2=CNC3=C2C=CC=N3)C4=CC=C(C=C4)I,4.899629454882437,,4.899998417198648,4.40000018605658
C1C[C@H]([C@@H](NC1)C2=CC=CC=C2)OCC3=CC(=CC(=C3)C(F)(F)F)C(F)(F)F,4.899629454882437,,6.0,4.899998417198648
CCCCOC(=O)NS(=O)(=O)C1=C(C=C(S1)CC(C)C)C2=CC=C(C=C2)CN3C(=NC4=C3N=C(C=C4C)C)CC,4.500312917381596,4.899998417198648,4.800000874803203,5.499996931948306
CCCC1=C(C=CC(=C1O)C(=O)C)OCCCOC2=CC=C(C=C2)OCC(=O)O,4.500312917381596,5.0,,
CC1=CC=CC=C1N2CCN(CC2)S(=O)(=O)C[C@]34CC[C@@H](C3(C)C)C[C@H]4NC(=O)[C@H](CCS(=O)(=O)C)N,,,,5.499996931948306
CC(C)(C)NC(=O)[C@@H]1CN(CCN1C(=O)OCC2=CC=CC=C2)C3=NC4=CC(=C(C=C4C(=N3)N)OC)OC,,,4.499999678657065,5.399996913372259
CCOC(=O)C1=C2[C@H]3CCCN3C(=O)C4=C(N2C=N1)C=CC(=C4)OC,4.400116927926312,,,
C[C@@H](CC1=CNC2=C1C=C(C=C2)O)N,4.500312917381596,5.0,4.600000530429892,
C[C@@H]1NC2=CC(=C(C=C2C(=O)N1C3=CC=CC=C3C)S(=O)ON)Cl,4.698970004336019,,,4.899998417198648
CC[C@H](CO)NC(=O)[C@H]1CN([C@H]2CC3=CN(C4=CC=CC(=C34)C2=C1)C)C,,,4.40000018605658,
CN1C[C@H](C[C@@H]2[C@@H]1CC3=CN(C4=CC=CC2=C34)C)CS(=O)(=O)N(C)C,4.600326278518962,,5.399996913372259,
COC1=CC2=C(C[C@H]3[C@@H]4[C@]2(CCCC4)CCN3)C=C1,,,5.199998172182031,4.800000874803203
C1=CC=C(C=C1)/C(=C\C2=C(NC3=C2C(=CC(=C3)Cl)Cl)C(=O)O)/C(=O)O,4.899629454882437,,,
COC1=CC=CC=C1N2CCN(CC2)CCN(C3=CC=CC=N3)C(=O)C4=CC=C(C=C4)F,,,5.0,4.800000874803203
COC1=C2C3=C(C[C@@H]4[C@]5([C@]3(CCN4CC6CC6)[C@H](O2)C(=O)CC5)O)C=C1,,,5.299997602857746,4.59999938302362
CC1=C(C(=CC=C1)C)OC[C@H](C(C)C)N,4.899629454882437,,4.800000874803203,4.700000503883016
CCOC(=O)C1=C(N(C(=C([C@H]1C2=CC(=CC=C2)[N+](=O)[O-])C(=O)OC)C)CC#C)C,4.899629454882437,6.50003813440381,4.800000874803203,5.499996931948306
CC[C@H](C)C(=O)O[C@@H]1CCC=C2[C@H]1[C@@H]([C@H](C=C2)C)CC[C@H]3C[C@H](CC(=O)O3)O,,4.40000018605658,,
CC[C@H](CO)NC(=O)[C@H]1CN([C@H]2CC3=CNC4=CC=CC(=C34)C2=C1)C,,,5.599997654072044,5.699991797446187
CC1=NN=C2N1N=CC(=C2)C3=CC=C(C=C3)C(F)(F)F,6.199970640755866,,,
CC[N+](CC)(CC)COC1=CC=C(C=C1)/C=C\C2=CC=CC=C2,4.899629454882437,,,4.40000018605658
CC(C)[C@](CCCN(C)CCC1=CC(=C(C=C1)OC)OC)(C#N)C2=CC(=C(C(=C2)OC)OC)OC,,,,5.699991797446187
CC1=CC=CC=C1/C=C\C2=NCCN2,5.199970640755866,,4.59999938302362,
CCCN1C2=C(C(=O)N(C1=O)CCC)NC(=N2)C3=CC=C(C=C3)OCC(=O)NC4=CC=C(C=C4)C#N,4.500312917381596,,,6.0
C[C@@]12CC[C@H]3[C@H]([C@H]1CC[C@H]2O)CCC4=CC(=C(C=C34)OC)O,5.0,,,4.59999938302362
C[Se]C[C@H](C(=O)O)N,,,,5.900008766455316
CN1CC[C@@]2(CCN3CCC4=C([C@@H]3C2)OC5=CC=CC=C45)N(C1=O)C,,,4.499999678657065,4.899998417198648
C[C@]1([C@@H]2CC[C@@H](C2)C1(C)C)NC,,,,4.59999938302362
C1CC1CN2CC[C@@]34[C@@H]5C6=C(C[C@@]3([C@@H]2CC7=C4C(=C(C=C7)O)O5)O)C8=CC=CC=C8N6,4.400116927926312,4.4999997845401,5.899984147413955,6.29999969151181
CNCC[C@@H](C1=CC=CC=C1)OC2=CC=CC=C2OC,4.899629454882437,,5.600003184656531,4.800000874803203
COC1=CC=CC=C1N2CCN(CC2)C[C@H](COC3=CC=CC4=CC=CC=C43)O,4.698970004336019,4.699999047927856,6.50003813440381,4.499999678657065
CC(C)C1=CC(=CC2=C1C[C@](CC2)(CCN(C)CCCC3=NC4=CC=CC=C4N3)OC(=O)C5CC5)F,4.600326278518962,,7.300162274132754,5.699991797446187
C1CC1CN2CC[C@]34[C@H]5C6=C(C[C@]3([C@H]2CC7=C4C(=C(C=C7)O)O5)O)C8=C(N6)[C@H]9[C@@]12CCN([C@H]([C@]1(C8)O)CC1=C2C(=C(C=C1)O)O9)CC1CC1,,,,5.699991797446187
C(CC(=O)N[C@H](CSN=O)C(=O)NCC(=O)O)[C@H](C(=O)O)N,4.400116927926312,5.099998010028197,,
C1CC(C1)CN2CC[C@@]34[C@H]5[C@H](CC[C@@]3([C@@H]2CC6=C4C(=C(C=C6)O)O5)O)O,4.400116927926312,,,
CC1=C([C@H](C(=C(N1)C)C(=O)OCCN(C)CC2=CC=CC=C2)C3=CC(=CC=C3)[N+](=O)[O-])C(=O)OC,4.801342913045577,6.700057099977233,4.899998417198648,6.100015437450609
C1C[C@H]2[C@H]3[C@H]([C@@H]1O2)C(=O)OC3=O,,,4.499999678657065,
CN1CCN(CC1)[C@@H]2CC3=CC=CC=C3SC4=C2C=C(C=C4)Cl,4.899629454882437,,6.400007822415902,4.700000503883016
C1=CC=C(C=C1)NC2=NC(=C3C(=N2)N(C=N3)[C@H]4[C@H]([C@H]([C@@H](O4)CO)O)O)N,4.500312917381596,,,
CCCN(CCC1=CC=CC=C1)[C@H]2CCC3=C(C2)C=CC=C3O,4.899629454882437,,6.299988937677887,4.899998417198648
C1=CC=C(C=C1)NC2=C3C(=NC=N2)N(C=N3)[C@H]4[C@H]([C@H]([C@@H](O4)CO)O)O,4.899629454882437,,,
C1=CC(=CC=C1[C@H](CN)CP(=O)(O)O)Cl,4.400116927926312,,,
CC1(CCC(CC1)C(C)(C)NC(=O)CBr)NC[C@H](COC2=CC=CC3=C2C=CN3)O,,,5.900008766455316,
CC(=O)[C@@H]1CC[C@H]2[C@]1(CC[C@H]3[C@H]2CCC4=CC(=O)CC[C@@]34C)C,,4.600000530429892,,5.399996913372259
C[C@@H](C(C)(C)C)N=C(NC#N)NC1=CC=NC=C1,4.801342913045577,4.899998640757405,,5.8500034505243566
C1=CC(=C(C=C1/C=C\C2=CC(=CC(=C2)O)O)O)O,5.300162274132754,4.499999678657065,,4.700000503883016
CCCN1CC[C@H]2[C@H]1CCC3=C2C=C(C=C3)O,,,4.499999678657065,
C/C/1=C/CC[C@@]2([C@H](O2)[C@H]3[C@H](CC1)C(=C)C(=O)O3)C,4.899629454882437,,4.40000018605658,4.799999460540832
CC(=O)O[C@@H]1C[C@H]2CC[C@@H]3[C@@H]([C@@]2(C[C@H]1[N+]4(CCCCC4)C)C)CC[C@@]5([C@@H]3C[C@H]([C@H]5OC(=O)C)[N+]6(CCCCC6)C)C,,,,6.0
C[C@]12CC[C@@H](C[C@@H]1CC[C@H]3[C@H]2CC[C@]4([C@H]3CC[C@H]4C(=O)CO)C)O,4.600326278518962,4.59999938302362,,6.0
C1CN=C2C3=CC=CC=C3SC(=N)N2C1,5.0,6.100015437450609,,4.59999938302362
COC1=CC(=CC(=C1OC)OC)[C@@H]2[C@@H]3[C@@H](COC3=O)[C@@H](C4=CC5=C(C=C24)OCO5)O,,5.550003469318673,,5.649994725759115
C[C@@H](CC1=CC=CC=C1)NC2=C3C(=NC=N2)N(C=N3)[C@H]4[C@H]([C@H]([C@@H](O4)CO)O)O,,,,5.0
CC(=O)[C@@H]1CC[C@H]2[C@]1(CC(=O)[C@@H]3[C@@H]2CC[C@@H]4[C@@]3(CC[C@@H](C4)O)C)C,,4.40000018605658,,
CCCCCCCCCC(=O)N[C@@H](CN1CCOCC1)[C@H](C2=CC=CC=C2)O,,8.795880017344075,5.0,4.899998417198648
COC1=C(C=C2C(=C1)C(=NC(=N2)N3CC[N+](=CC3)C(=O)C4=CC=CO4)N)OC,4.899629454882437,,,5.199998172182031
CCCCCCCCCCCCCC(=O)O[C@H]1[C@H]([C@]2([C@@H](C=C(C[C@]3([C@H]2C=C(C3=O)C)O)CO)[C@@H]4[C@]1(C4(C)C)OC(=O)C)O)C,,5.0,,4.59999938302362
CC(=O)[C@@H]1CC[C@@H]2[C@@]1(CC[C@@H]3[C@@H]2CC[C@@H]4[C@@]3(CC[C@@H](C4)O)C)C,5.0,5.699991797446187,,4.800000874803203
CCCN[C@@H](C)C(=O)NC1=CC=CC=C1C,4.899629454882437,,,
C1=CC=C(C=C1)CCCCOC2=C3C=CC(=O)OC3=CC4=C2C=CO4,6.300162274132754,7.0,7.300162274132754,6.400007822415902
CCN(CC)CCC[C@H](C)NC1=C2C=C(C=CC2=NC3=C1C=CC(=C3)Cl)OC,5.698970004336019,,6.700057099977233,5.0999990348465305
CO[C@H]1[C@@H](C[C@H]2CN3CCC4=C([C@@H]3C[C@@H]2[C@H]1C(=O)OC)NC5=C4C=CC(=C5)OC)OC(=O)C6=CC(=C(C(=C6)OC)OC)OC,4.650827915213586,4.800000874803203,4.649999301627615,
CC1=C(C(CCC1)(C)C)/C=C\C(=C\C=C/C(=C/C(=O)O)/C)\C,4.698970004336019,5.0,5.699991797446187,4.800000874803203
N.N.N.N.N.N.N.N.N.N.N.N.N.N.O.O.[Ru].[Ru].[Ru],,4.499999678657065,4.499999678657065,4.40000018605658
CCCCC[C@@H](C1=CC(=CC=C1)OCC2=NC3=CC=CC=C3C=C2)O,6.100179497572904,4.499999678657065,,4.899998417198648
CC1=C(C(=C(C(=C1O)C(=O)C)O)CC2=C(C(=C3C(=C2O)C=CC(O3)(C)C)C(=O)/C=C\C4=CC=CC=C4)O)O,4.699971186132016,6.199970640755866,,5.199998172182031
CC1=C(C(=CC=C1)C)NC(=O)CN2CCN(CC2)C[C@H](COC3=CC=CC=C3OC)O,,,4.40000018605658,4.700000503883016
C[C@@H](CN1CCC(CC1)CC2=CC=CC=C2)[C@@H](C3=CC=C(C=C3)O)O,4.899629454882437,,6.0,5.0
CC[C@@H](CO)NC1=NC(=C2C(=N1)N(C=N2)C(C)C)NCC3=CC=CC=C3,4.899629454882437,6.50003813440381,4.499999678657065,4.899998417198648
C1CN(CC=C1C2=CC=C(C=C2)F)C[C@H](COC3=CC=C(C=C3)C(=O)N)O,,,4.40000018605658,
CO[C@@]1(COC2=CC=CC=C2O1)C3=NCCN3,4.600326278518962,4.499999678657065,6.100015437450609,
C1CN(CCC12C(=O)NCN2C3=CC=CC=C3)C[C@H]4COC5=CC=CC=C5O4,4.799299729609228,4.650000276730134,7.049972455324001,5.499996931948306
C1CNC[C@H](C2=CC(=C(C(=C21)Cl)O)O)C3=CC=CC=C3,5.0,,4.749999839328533,4.649999301627615
C1C[C@H](OC1)N2C=NC3=C(N=CN=C32)N,,4.40000018605658,,
CN1CCC2=CC(=C(C=C2[C@@H](C1)C3=CC=CC=C3)OC)OC,,,4.499999678657065,4.899998417198648
C=CCN1CCC2=CC(=C(C=C2[C@@H](C1)C3=CC=CC=C3)O)O,,,5.400004004236241,
CN1CCC2=C1C=CC(=C2)NC(=O)NC3=CN=CC=C3,7.100179497572904,,4.59999938302362,4.899998417198648
CC1=CC2=C(C=C1Cl)N(CC2)C(=O)NC3=CC=NC4=CC=CC=C43,5.300162274132754,,,5.0999990348465305
CN(C)C1=CC=CC2=C1C=CC=C2S(=O)(=O)NCCCCN3CCN(CC3)C4=CC=CC=C4OC,,,4.800000874803203,5.599997654072044
C1=CC=C(C=C1)CCCCOCCCCCCNC[C@@H](C2=CC(=C(C=C2)O)CO)O,4.749977866700699,4.40000018605658,5.19999845668613,4.899998417198648
CCN(CC)C(=O)C1=CC=C(C=C1)[C@H](C2=CC(=CC=C2)OC)N3C[C@H](N(C[C@H]3C)CC=C)C,,,4.499999678657065,5.699991797446187
CC1=CC(=CC=C1)[C@@H]2CN(CCC3=C(C(=C(C=C23)O)O)Cl)C,4.400116927926312,,4.59999938302362,5.599997654072044
C1[C@H](C2=C(CN1)SC=C2)C3=CC(=C(C=C3)O)O,,,,4.800000874803203
CN1CCC2=C(C(=C(C=C2[C@@H](C1)C3=CC(=CC=C3)Cl)O)O)Cl,,,4.499999678657065,
C[C@H]1CC(=O)NN=C1C2=CC=C(C=C2)NC(=NC)NC#N,4.400116927926312,,,4.499999678657065
CC(=O)S[C@@H]1CC2=CC(=O)CC[C@]2([C@@H]3[C@@H]1[C@H]4CC[C@]5([C@@]4(CC3)C)CCC(=O)O5)C,,,,4.800000874803203
CC[C@@H](C1=CC=CC=C1)NC(=O)C2=C(C(=NC3=CC=CC=C32)C4=CC=CC=C4)C,5.100179497572904,4.899998417198648,,5.0999990348465305
CC1CCN(CC1)CC[C@@H]2CCCN2S(=O)(=O)C3=CC=CC(=C3)O,,,4.800000874803203,6.0
CCCC[N+]1([C@@H]2CC(C[C@H]1[C@@H]3[C@H]2O3)OC(=O)[C@@H](CO)C4=CC=CC=C4)C,,,5.0999990348465305,
CC#CCOC(=O)C1=C(N=C2C(=C1N)C3=C(S2)C[C@@H](CC3)O)C,7.000221603222637,4.800000874803203,4.499999678657065,5.499996931948306
CCC1=CC=CC=C1OC[C@@H](CN[C@@H]2CCC3=CC=CC=C3C2)O,4.899629454882437,4.499999678657065,6.100015437450609,4.800000874803203
COC(=O)[C@H](C1=CC=CC=C1)NC(=O)C2=CC(=NC3=CC=CC=C32)C4=CC=CC=C4,5.0,4.899998417198648,4.499999678657065,
C1C[C@@H](CN(C1)CCC=C(C2=CC=CC=C2)C3=CC=CC=C3)C(=O)O,4.500312917381596,5.0999990348465305,4.700000503883016,
CC1=NC(=CC=C1)/C=C\C2=CC=CC=C2,6.300043784341089,5.399996913372259,5.350007410237115,4.800000874803203
CCCCCCCCCC[Si](C)(C)CCC(=O)N[C@@H](CC1=CC=C(C=C1)C)C2=CC=CC=C2,4.500312917381596,4.40000018605658,4.40000018605658,
C[N+]1([C@@H]2CC[C@H]1CC(C2)OC(=O)C3=CNC4=CC=CC=C43)C,,,4.499999678657065,5.0999990348465305
CCN(CC)C(=O)N[C@H]1C[C@@H]2[C@H](CC3=CNC4=CC=CC2=C34)N(C1)C,,,7.400116927926312,5.0
C(C[C@H](C(=O)O)N)CNC(=S)N,,4.800000874803203,,6.700057099977233
COC1=C(C=C(C=C1)/C=C\C(=O)NC2=CC=CC=C2C(=O)O)OC,4.400116927926312,4.800000874803203,,4.40000018605658
CC(C)(C)NC[C@@H](C1=CC(=CC(=C1)O)O)O,,6.199970640755866,,6.299988937677887
C[C@H](CN1C2=CC=CC=C2CCC3=CC=CC=C31)CN(C)C,,,5.099998010028197,5.049999517423265
C1CN(C2=CC=CC=C21)C(=O)[C@H](CC3=CC(=C(C=C3)O)O)C#N,5.0,,,5.499996931948306
C[C@@]12C[C@@H]([C@@]3([C@@H]([C@H]1C[C@H]([C@@]2(C(=O)CO)O)O)CCC4=CC(=O)C=C[C@@]43C)F)O,,4.59999938302362,,
C[C@@H](COC1=CC=C(C=C1)/C=C\C2=CC=CC=C2)[N+](C)(C)C,,4.40000018605658,5.499996931948306,5.0
C1=C(C=C(C(=C1O)O)O)/C(=C(\C=C(C#N)C#N)/N)/C#N,4.801342913045577,4.499999678657065,4.499999678657065,4.59999938302362
CN1CCCC[C@@H]1CCN2C3=CC=CC=C3SC4=C2C=C(C=C4)SC,5.200170885852829,,6.549979835562059,4.59999938302362
CCCCCCCC(=O)O[C@H]1[C@H]2C(=C([C@H]1OC(=O)/C(=C/C)/C)C)[C@H]3[C@]([C@@H](C[C@]2(C)OC(=O)C)OC(=O)CCC)([C@@](C(=O)O3)(C)O)O,4.400116927926312,4.499999678657065,4.40000018605658,5.399996913372259
CC(C)(C)C1=CC=C(C=C1)[C@H](CCCN2CCC(CC2)C(C3=CC=CC=C3)(C4=CC=CC=C4)O)O,4.699971186132016,,5.19999845668613,
CN([C@@H]1CC[C@@]2(CCCO2)C[C@H]1N3CCCC3)C(=O)CC4=CC=CC=C4,,,4.59999938302362,5.0
CCCCC/C=C\C[C@@H](/C=C\C1=CC=CC(=N1)C[C@@H](CCCCO)O)O,,4.700000503883016,,5.199998172182031
C[C@@]12CC=C3[C@H]([C@H]1CC[C@H]2C(=O)CN4CCN(CC4)C5=NC(=NC(=C5)N6CCCC6)N7CCCC7)CCC8=CC(=O)C=C[C@]83C,4.899629454882437,4.899998417198648,4.59999938302362,5.499996931948306
CC1=C(C2=C(CC[C@@](O2)(C)CN3CCN(CC3)C4=NC(=NC(=C4)N5CCCC5)N6CCCC6)C(=C1O)C)C,,4.59999938302362,,5.599997654072044
CC[C@@]1(C[C@@H]2C[C@](C3=C(CCN(C2)C1)C4=CC=CC=C4N3)(C5=C(C=C6C(=C5)[C@]78CCN9[C@H]7[C@@](C=CC9)([C@H]([C@]([C@H]8N6C)(C(=O)OC)O)OC(=O)C)CC)OC)C(=O)OC)O,,4.40000018605658,,5.0999990348465305
C[C@@H](CN1CCC2=C1C=C(C=C2)Br)N,6.0,,5.499996931948306,5.799998134593398
C[C@H]1[C@H]([C@@](C[C@@H](O1)O[C@@H]2[C@@H]([C@@H]([C@@H](O[C@H]2OC3=C4C=C5C=C3OC6=C(C=C(C=C6)[C@@H]([C@@H](C(=O)N[C@@H](C(=O)N[C@H]5C(=O)N[C@@H]7C8=CC(=C(C=C8)O)C9=C(C=C(C=C9O)O)[C@H](NC(=O)[C@H]([C@@H](C1=CC(=C(O4)C=C1)Cl)O)NC7=O)C(=O)O)CC(=O)N)NC(=O)[C@H](CC(C)C)NC)O)Cl)CO)O)O)(C)N)O,,,,5.399996913372259
CC[C@@]1(C[C@@H]2C[C@](C3=C(CCN(C2)C1)C4=CC=CC=C4N3)(C5=C(C=C6C(=C5)[C@]78CCN9[C@@H]7[C@](C=CC9)([C@H]([C@@]([C@@H]8N6C=O)(C(=O)OC)O)OC(=O)C)CC)OC)C(=O)OC)O,,,4.499999678657065,5.399996913372259
C[C@]12CC[C@H]3[C@@H]([C@@H]1CC[C@]2(C#N)O)CCC4=CC5=NC6=NC7=CC=CC=C7N6C=C5C[C@]34C,4.801342913045577,5.0,4.59999938302362,7.500312917381596
C1=CN(C(=O)NC1=O)C[C@H](C(=O)O)N,,,5.399996913372259,
C[C@@H](C(=O)[O-])OC1=CC=C(C=C1)OC2=CN=C3C=CC(=CC3=N2)Cl.[Na+],4.801342913045577,,,4.700000503883016
C[C@@H](C1CCC(CC1)C(=O)NC2=CC=NC=C2)N,,,4.800000874803203,4.800000874803203
CCN(CC)C1=NC=NC2=C1N=CN2[C@H]3[C@H]([C@H]([C@@H](O3)COP(=O)([O-])OP(=O)(C(P(=O)(O)[O-])(Br)Br)[O-])O)O.[Na+].[Na+].[Na+],,5.499996931948306,,4.40000018605658
CC(C)C[C@H]1C(=O)N2CCC[C@@H]2[C@]3(N1C(=O)[C@](O3)(C(C)C)NC(=O)[C@@H]4CN([C@@H]5CC6=C(NC7=CC=CC(=C67)C5=C4)Br)C)O.CS(=O)(=O)O,,4.849999646000926,,6.050007718725304
CN1C=C(N=C1C2=CC=C(C=C2)OC[C@H](CNCCOC3=CC(=C(C=C3)O)C(=O)N)O)C(F)(F)F.CS(=O)(=O)O,,5.0,,4.899998417198648
CN1C=C(N=C1C2=CC=C(C=C2)OC[C@H](CNCCOC3=CC(=C(C=C3)O)C(=O)N)O)C(F)(F)F,,,5.599997654072044,4.59999938302362
CC(=O)OCC1=C(N2[C@H]([C@@H](C2=O)NC(=O)CCC[C@H](C(=O)[O-])N)SC1)C(=O)[O-].[Zn+2],,4.40000018605658,,
CS(=O)(=O)O.C1CCC(C1)N2C=NC3=C(N=CN=C32)N,4.698970004336019,,,7.400116927926312
CN1CC[C@@]23CCCC[C@@H]2[C@@H]1CC4=C3C=C(C=C4)O.[C@@H]([C@@H](C(=O)O)O)(C(=O)O)O,,,4.499999678657065,
CC(C)[C@@]1(C(=O)N2[C@H](C(=O)N3CCC[C@@H]3[C@]2(O1)O)CC4=CC=CC=C4)NC(=O)[C@H]5C[C@@H]6[C@H](CC7=CNC8=CC=CC6=C78)N(C5)C.CS(=O)(=O)O,,5.599997654072044,4.499999678657065,
C[C@@]1(C(=O)N2[C@H](C(=O)N3CCC[C@@H]3[C@]2(O1)O)CC4=CC=CC=C4)NC(=O)[C@H]5C[C@@H]6[C@H](CC7=CNC8=CC=CC6=C78)N(C5)C.CS(=O)(=O)O,,5.399996913372259,4.40000018605658,5.0999990348465305
C[C@@](C1=CC=CC=C1)(C2=CC=CC=N2)OCCN(C)C.C(CC(=O)O)C(=O)O,,,4.40000018605658,
COC1=C(C=C2C(=C1)C(=NC(=N2)N3CCN(CC3)C(=O)[C@H]4COC5=CC=CC=C5O4)N)OC.CS(=O)(=O)O,,,,4.899998417198648
CNC[C@@H](C1=CC(=C(C=C1)O)O)O.[C@@H]([C@@H](C(=O)O)O)(C(=O)O)O,4.698970004336019,,,
C1CC1CN2CC[C@@]34[C@@H]5C6=C(C[C@@]3([C@@H]2CC7=C4C(=C(C=C7)O)O5)O)C8=C(N6)C=CC(=C8)N=C(N)N.C(=O)(C(F)(F)F)O.C(=O)(C(F)(F)F)O,,,,5.0999990348465305
COC1=C(C2=C(N1)C=CC(=C2)F)C(=O)OCC3CCN(CC3)CCNS(=O)(=O)C.NS(=O)(=O)[O-],,4.40000018605658,,4.899998417198648
CC(C)NC[C@@H](C1=CC(=C(C=C1)O)O)O.[C@@H]([C@@H](C(=O)O)O)(C(=O)O)O,4.899629454882437,,,5.0
C[C@@H]([C@@H](C1=CC=C(C=C1)O)O)N2CCC(CC2)CC3=CC=CC=C3.C[C@@H]([C@@H](C1=CC=C(C=C1)O)O)N2CCC(CC2)CC3=CC=CC=C3.[C@@H]([C@@H](C(=O)O)O)(C(=O)O)O,4.500312917381596,,6.299988937677887,5.399996913372259
C[C@@H]([C@@H](C1=CC=C(C=C1)O)O)N2CCC(CC2)CC3=CC=CC=C3,4.698970004336019,,6.700057099977233,4.899998417198648
CC[C@@H]([C@@H](C1=CC(=C(C=C1)O)O)O)NC(C)C.CS(=O)(=O)O,4.850486183964007,,4.70000009302829,4.650000276730134
C1CN2C(=CC=C2C(=O)C3=CC=CC=C3)[C@@H]1C(=O)O.C(C(CO)(CO)N)O,4.700834595782269,,,
C=CCN1CC[C@@]23CCCC[C@@H]2[C@@H]1CC4=C3C=C(C=C4)O.[C@@H]([C@@H](C(=O)O)O)(C(=O)O)O,,,5.699991797446187,
CS(=O)(=O)O.C1CCC(CC1)(C2=CC(=CC=C2)N=C=S)N3CCCCC3,,,4.59999938302362,
CN1CCN(CC1)[C@@H]2CC3=CC=CC=C3SC4=C2C=C(C=C4)SC.CS(=O)(=O)O,4.500312917381596,,5.399996913372259,4.700000503883016
CC(C)NC[C@H](COC1=CC=C(C=C1)CCOC)O.CC(C)NC[C@H](COC1=CC=C(C=C1)CCOC)O.[C@@H]([C@@H](C(=O)O)O)(C(=O)O)O,,,4.699999047927856,
CS(=O)(=O)O.C1CC1CN2CC[C@@]34[C@@H]5C6=C(C[C@@]3([C@@H]2CC7=C4C(=C(C=C7)O)O5)O)C8=CC=CC=C8O6,,,5.900008766455316,4.800000874803203
C1CC1CN2CC[C@@]34[C@@H]5C6=C(C[C@@]3([C@@H]2CC7=C4C(=C(C=C7)O)O5)O)C8=CC=CC=C8O6,4.400116927926312,,4.499999678657065,4.700000503883016
CC(=C)[C@H]1[C@@H]2[C@@H]3[C@@]4([C@]([C@H]1C(=O)O2)(C[C@@H]5[C@]4(O5)C(=O)O3)O)C.C[C@@]12[C@H]3[C@H]4[C@@H]([C@@H]([C@@]1(C[C@@H]5[C@]2(O5)C(=O)O3)O)C(=O)O4)C(C)(C)O,,,,4.800000874803203
C[N+]1(CCCC1)CCCCC[N+]2(CCCC2)C.[C@@H]([C@@H](C(=O)[O-])O)(C(=O)O)O.[C@@H]([C@@H](C(=O)[O-])O)(C(=O)O)O,,,,6.0
C[C@H]1[C@@H](O1)P(=O)([O-])[O-].[Na+].[Na+],,5.499996931948306,,
CCCN1C[C@H](C[C@@H]2[C@@H]1CC3=CNC4=CC=CC2=C34)CSC.CS(=O)(=O)O,5.400116927926312,,7.0,4.899998417198648
C1=CC=C2C(=C1)C(=O)C3=C(C2=O)C(=C(C=C3NC4=CC(=C(C=C4)NC5=NC(=NC(=N5)NC6=CC=C(C=C6)S(=O)(=O)[O-])Cl)S(=O)(=O)[O-])S(=O)(=O)[O-])N.[Na+].[Na+].[Na+],4.801342913045577,4.40000018605658,4.40000018605658,4.59999938302362
CCN1CCC[C@@H]1CNC(=O)C2=C(C(=CC(=C2OC)Cl)Cl)O.[C@@H]([C@@H](C(=O)O)O)(C(=O)O)O,4.899629454882437,,4.499999678657065,4.59999938302362
C1CN(CCC1C(=O)C2=CC=C(C=C2)F)CCN3C(=O)C4=CC=CC=C4NC3=O.[C@@H]([C@@H](C(=O)O)O)(C(=O)O)O,,,4.899998417198648,4.700000503883016
[C-]#N.[C-]#N.[C-]#N.[C-]#N.[C-]#N.N#[O+].[Na+].[Na+].[Fe+2],4.400116927926312,4.59999938302362,4.499999678657065,4.59999938302362
C1=CC(=C[N+](=C1)[C@H]2[C@@H]([C@@H]([C@@H](O2)COP(=O)([O-])OP(=O)(O)OC[C@H]3[C@@H]([C@@H]([C@@H](O3)N4C=NC5=C(N=CN=C54)N)OP(=O)(O)[O-])O)O)O)C(=S)N.[Na+],4.400116927926312,,,4.899998417198648
CN([C@@H]1CC[C@@]2(CCCO2)C[C@H]1N3CCCC3)C(=O)CC4=CC(=C(C=C4)Cl)Cl.CS(=O)(=O)O,,,5.0999990348465305,5.499996931948306
CN([C@@H]1CCCC[C@H]1N2CCCC2)C(=O)CC3=CC(=C(C=C3)Cl)Cl.[C@@H]([C@@H](C(=O)O)O)(C(=O)O)O,,,6.100015437450609,5.0999990348465305
C1=CN(C(=O)NC1=O)[C@H]2[C@H]([C@H]([C@@H](O2)COP(=O)([O-])OP(=O)(O)[O-])O)O.[Na+].[Na+],,,,6.100015437450609
CC1=C(C2=C3N1[C@@H](COC3=CC=C2)CN4CCOCC4)C(=O)C5=CC=CC6=CC=CC=C65.CS(=O)(=O)O,,5.900008766455316,4.800000874803203,5.900008766455316
C[C@@]12CC[C@H]3[C@H]([C@H]1C[C@H]([C@H]2O)O)CCC4=C3C=CC(=C4)O,,5.399996913372259,,
CO[C@@H]1[C@H](C[C@H]2CN3CCC4=C([C@@H]3C[C@H]2[C@H]1C(=O)OC)NC5=C4C=CC(=C5)OC)OC(=O)C6=CC(=C(C(=C6)OC)OC)OC,4.801342913045577,,,5.0999990348465305
CC(C)NC[C@@H](C1=CC2=CC=CC=C2C=C1)O,4.949814727441218,,5.499996931948306,
C[C@]12CC[C@@H]3[C@@H]([C@H]1CC[C@]2(C#C)O)CCC4=CCCC[C@H]34,4.899629454882437,5.0,,4.899998417198648
CN(C)C1=NC=NC2=C1N=CN2[C@H]3[C@H]([C@H]([C@H](O3)CO)NC(=O)[C@H](CC4=CC=C(C=C4)OC)N)O,,,,5.299997602857746
CC1=CC=CC=C1OC[C@@H](CO)O,4.801342913045577,,,
C[C@@]12CC[C@H]3[C@H]([C@H]1CC[C@H]2C(=O)CO)CCC4=CC(=O)CC[C@@]34C,,,,5.799998134593398
C1C(=O)NC(=O)N1/N=C/C2=CC=C(O2)[N+](=O)[O-],,,,4.40000018605658
C[C@@]12CC[C@H]3[C@H]([C@H]1CC[C@@]2(C#C)O)CCC4=CC(=O)CC[C@H]34,,,,4.899998417198648
C[C@@]12CC[C@H]3[C@H]([C@H]1CC[C@@]2(C#C)O)CCC4=C3CCC(=O)C4,4.899629454882437,5.299997602857746,4.800000874803203,
C1=CC=C(C=C1)C[C@H]2NC3=C(C=C(C(=C3)C(F)(F)F)S(=O)(=O)N)S(=O)(=O)N2,4.801342913045577,,,4.899998417198648
COC1=CC=CC=C1OC[C@@H](CO)O,5.0,,,
CC[C@H](CC1=C(C(=C(C=C1I)I)N)I)C(=O)O,4.899629454882437,5.199998172182031,,
CC[C@H]1[C@@]([C@H]([C@H](C(=O)[C@H](C[C@@]([C@H]([C@H]([C@H]([C@H](C(=O)O1)C)O[C@@H]2C[C@]([C@@H]([C@@H](O2)C)O)(C)OC)C)O[C@H]3[C@H]([C@@H](C[C@@H](O3)C)N(C)C)O)(C)O)C)C)O)(C)O,,,,4.899998417198648
C[C@@H]1C[C@@H](CC(C1)(C)C)OC(=O)C2=CC=CC=C2O,4.899629454882437,5.0,,
C[C@]12C[C@@H]([C@@]3([C@@H]([C@H]1C[C@H]([C@@]2(C(=O)CO)O)O)CCC4=CC(=O)C=C[C@@]43C)F)O,,4.800000874803203,,
CC[N@@+]1(CCC[C@H](C1)OC(=O)C(C2=CC=CC=C2)(C3=CC=CC=C3)O)C,,,5.299997602857746,
C[C@@H]1CC(=O)C[C@@H]([C@]12C(=O)C3=C(O2)C(=C(C=C3OC)OC)Cl)OC,4.801342913045577,,,4.899998417198648
CCCC[C@H](CC)CN1CC(CN(C1)C[C@@H](CC)CCCC)(C)N,,,5.900008766455316,
C[C@@]12CC[C@@H](C[C@@H]1CC[C@H]3[C@H]2CC[C@@]4([C@@]3(CC[C@@H]4C5=CC(=O)OC5)O)C)O,,,,5.499996931948306
CC(=O)O[C@H]1CC[C@H]2[C@H]3CC[C@@]4([C@@H]([C@@H]3CCC2=C1)CC[C@@]4(C#C)OC(=O)C)C,,4.800000874803203,,5.299997602857746
C1[C@H]([C@@H]([C@@H](C[C@@]1(C(=O)O)O)OC(=O)/C=C\C2=CC(=C(C=C2)O)O)O)O,,5.0999990348465305,,
CC(=O)OCC(=O)[C@]1(CC[C@H]2[C@@]1(C[C@@H]([C@@]3([C@@H]2CCC4=CC(=O)C=C[C@@]43C)F)O)C)O,,,,4.899998417198648
C[C@@H]1C[C@@H]2[C@H]3CCC4=CC(=O)C=C[C@@]4([C@@]3([C@H](C[C@@]2([C@]1(C(=O)CO)O)C)O)F)C,,,,4.899998417198648
C[C@@H]1C[C@@H]2[C@@H]3CC[C@@]([C@@]3(C[C@@H]([C@@]2([C@@]4(C1=CC(=O)C=C4)C)F)O)C)(C(=O)C)O,,4.899998417198648,,5.299997602857746
C[C@]12CC[C@@H]3C(=CCC4=C3C=CC(=C4)O)[C@@H]1CCC2=O,5.0,,,5.0
CCN(C1=CC=CC=C1C)C(=O)/C=C\C,,,,5.0999990348465305
COC1=CC(=O)O[C@H](C1)/C=C\C2=CC=CC=C2,5.5003129173815966,,,
CC(C)C[C@H]1C(=O)N2CCC[C@@H]2[C@@]3(N1C(=O)[C@](O3)(C(C)C)NC(=O)[C@H]4CN([C@H]5CC6=CNC7=CC=CC(=C67)C5=C4)C)O,4.899629454882437,,,5.699991797446187
CC[C@](C)(CN(C)C)OC(=O)C1=CC=CC=C1,5.0,,5.199998172182031,
C[C@@H](CNC1CCCCC1)OC(=O)C2=CC=CC=C2,4.899629454882437,,7.199970640755866,
C[C@@H]1C[C@@H](CC(N1C)(C)C)OC(=O)[C@H](C2=CC=CC=C2)O,,,4.800000874803203,
C1CCN(CC1)C[C@@H](COC(=O)NC2=CC=CC=C2)OC(=O)NC3=CC=CC=C3,4.899629454882437,,6.400007822415902,5.0999990348465305
CCN(CC)CCOC(=O)[C@H](C1CCCCC1)C2=CC=CC=C2,5.8996294548824375,,6.199970640755866,5.499996931948306
C[C@@H](COC1=CC=CC=C1)N[C@@H](C)[C@@H](C2=CC=C(C=C2)O)O,5.300162274132754,,6.50003813440381,
CC1=C[C@@H]2[C@H](CC[C@@]3([C@@H]2CC[C@@]3(C(=O)C)OC(=O)C)C)[C@]4(C1=CC(=O)CC4)C,,4.899998417198648,,5.499996931948306
CN1C[C@@H](C=C2[C@@H]1CC3=CNC4=CC=CC2=C34)CO,5.400116927926312,,6.899974269892137,4.899998417198648
C[C@H]1[C@H]([C@H](C[C@H](O1)O[C@@H]2CC[C@]3([C@H]4CC[C@]5([C@H](CC[C@]5([C@@H]4CC[C@@]3(C2)O)O)C6=CC(=O)OC6)C)C=O)O)O,,,,4.800000874803203
C1CCC(C1)C[C@@H]2NC3=CC(=C(C=C3S(=O)(=O)N2)S(=O)(=O)N)Cl,,5.900008766455316,,
CC[C@@]12CC[C@H]3[C@H]([C@H]1CC[C@@]2(C#C)O)CCC4=CC(=O)CC[C@H]34,,,,4.899998417198648
CC(=O)O[C@H]1CC[C@@]2([C@@H]3CC[C@]4([C@@H]([C@@H]3CC=C2C1)CCC4=O)C)C,,4.800000874803203,,4.899998417198648
CCC[C@H]1C[C@@H](N(C1)C)C(=O)N[C@H]([C@H]2[C@H]([C@H]([C@@H]([C@H](O2)SC)O)O)O)[C@H](C)O,,5.799998134593398,,
C1=CC(=CC=C1OC[C@H](COC(=O)N)O)Cl,5.0,,,
CC1=CC(=CC=C1)CN2CCN(CC2)[C@@H](C3=CC=CC=C3)C4=CC=C(C=C4)Cl,5.0,,5.499996931948306,4.899998417198648
C[C@@H]1C[C@@H]2[C@H]3CCC4=CC(=O)C=C[C@@]4([C@@]3([C@H](C[C@@]2([C@]1(C(=O)COC(=O)C)O)C)O)F)C,,5.199998172182031,,
CCCCCC[C@@H]1[C@@H]([C@@H](OC(=O)[C@H]([C@H](OC1=O)C)NC(=O)C2=C(C(=CC=C2)NC=O)O)C)OC(=O)CC(C)C,,,,5.299997602857746
C[C@H]1/C=C\C=CCC/C=C\C=C/C=C\C=C[C@H](C[C@H]2[C@@H]([C@@H](C[C@](O2)(C[C@H]([C@H](CC[C@H](C[C@H](C[C@H](CC(=O)O[C@H]([C@H]([C@H]1O)C)C)O)O)O)O)O)O)O)C(=O)O)O[C@@H]3[C@H]([C@@H]([C@@H]([C@@H](O3)C)O)N)O,4.899629454882437,,,
C[C@]12CCC(=O)C=C1[C@H](C[C@H]3[C@H]2[C@@H](C[C@]4([C@H]3C[C@@H]5[C@]4(OC(O5)(C)C)C(=O)CO)C)O)F,,,,4.899998417198648
CN1CCC[C@H](C1)CC2C3=CC=CC=C3SC4=CC=CC=C24,,,6.50003813440381,
C1[C@H]([C@H]1N)C2=CC=CC=C2,5.300162274132754,4.899998417198648,4.899998417198648,
CC1=NC=C(C(=N1)N)CN(C=O)/C(=C(\CCO)/SSC[C@@H]2CCCO2)/C,,,,5.0
C[C@@H]1C[C@H]2[C@@H]3C[C@@H](C4=CC(=O)C=C[C@]4([C@@]3([C@@H](C[C@@]2([C@]1(C(=O)CO)O)C)O)F)C)F,,,,4.899998417198648
C1CN2CC3=CC4=C(C=C3[C@@H]5[C@H]2C1=C[C@@H]([C@@H]5O)O)OCO4,4.801342913045577,,5.399996913372259,
C[C@@]12CC[C@H]3[C@H]([C@H]1CC[C@H]2O)CC[C@H]4[C@]3(C[C@H]5[C@@H](C4)S5)C,7.600326278518962,8.301029995663981,,5.199998172182031
C[C@H]1C[C@H]2[C@H]3CC[C@H]([C@@]3(C[C@H]([C@@H]2[C@]4(C1=CC(=O)CC4)C)O)C)C(=O)C,,6.400007822415902,,5.0999990348465305
CCN(CCCCOC(=O)C1=CC(=C(C=C1)OC)OC)[C@@H](C)CC2=CC=C(C=C2)OC,,,7.600326278518962,6.100015437450609
COC1=CC(=C(C=C1)OC)[C@@H](CNC(=O)CN)O,5.801342913045578,,,
C[C@@]12CCC(=O)C=C1CC[C@H]3[C@]2([C@H](C[C@@]4([C@@H]3C[C@H]5[C@@]4(OC(O5)(C)C)C(=O)CCl)C)O)F,,,,4.899998417198648
C[N+]12CCC(CC1)[C@H](C2)OC(=O)C(C3=CC=CC=C3)(C4=CC=CC=C4)O,,,4.899998417198648,
C1=CC(=CC=C1C2=CC(=O)C3=C(O2)C(=C(C=C3O)O)[C@@H]4[C@H]([C@@H]([C@@H]([C@@H](O4)CO)O)O)O)O,4.698970004336019,,,
C=CCSC[C@@H]1NC2=CC(=C(C=C2S(=O)(=O)N1)S(=O)(=O)N)Cl,,6.899974269892137,,
CN1[C@H](CCC[C@@H]1C[C@@H](C2=CC=CC=C2)O)C[C@H](C3=CC=CC=C3)O,5.300162274132754,,6.199970640755866,
C1CCC(CC1)C(C[C@@H]2CCCCN2)C3CCCCC3,5.199970640755866,,6.299988937677887,
C[C@H]1C[C@H]([C@@H]([C@@H](O1)O[C@@H]2[C@@H](C[C@]3(CO3)C(=O)[C@@H]([C@@H]([C@@H]([C@@H](OC(=O)[C@@H]([C@@H]([C@@H]2C)O[C@@H]4C[C@@H]([C@@H]([C@@H](O4)C)O)OC)C)C)C)O)C)C)O)N(C)C,,,,4.899998417198648
C[C@@]12CC[C@H]3[C@H]([C@H]1CCC2=O)CCC4=C3C=CC(=C4)OS(=O)(=O)O,,4.899998417198648,,
CCO[C@@H]1[C@@H]([C@@H]([C@@H](O1)[C@H](COCC2=CC=CC=C2)OCC3=CC=CC=C3)OCC4=CC=CC=C4)O,4.899629454882437,5.0,4.800000874803203,5.0999990348465305
C[C@@H]1[C@@H](C(=O)C2=CC=CC=C2C1=O)C/C=C(\C)/CC/C=C(\C)/CC/C=C(\C)/CCC=C(C)C,4.801342913045577,5.299997602857746,,4.899998417198648
CCC[C@@H]1C(=O)N2C3=C(C=CC(=C3)C)N=C(N2C1=O)N(C)C,5.801342913045578,,,
C[C@@H](C1=CC=CC=C1)NCCC(C2=CC=CC=C2)C3=CC=CC=C3,5.400116927926312,,6.79997073344623,5.0
CCC1=C(NC2=C1C(=O)[C@@H](CC2)CN3CCOCC3)C,4.801342913045577,,,5.0
C[C@H](CN(C1=C(C=C(C(=C1I)N)I)I)C(=O)C)C(=O)O,,8.494850021680094,,
C[C@@H]1C/C=C\C=C/[C@@H]([C@@H](C[C@@H]([C@H]([C@@H]([C@@H](CC(=O)O1)OC(=O)C)OC)O[C@@H]2[C@H]([C@@H]([C@@H]([C@@H](O2)C)O[C@@H]3C[C@]([C@@H]([C@@H](O3)C)OC(=O)CC(C)C)(C)O)N(C)C)O)CC=O)C)O,,,,4.899998417198648
C[C@]12CC[C@@H]3[C@@H]([C@H]1CC[C@]2(C#C)O)CCC4=CC5=C(C[C@]34C)C=NO5,5.0,5.900008766455316,5.0,5.299997602857746
CC(=C)[C@H]1[C@@H]2[C@@H]3[C@]4([C@]([C@H]1C(=O)O2)(C[C@@H]5[C@]4(O5)C(=O)O3)O)C,,,,5.0
CN1C[C@@H](C[C@@H]2[C@@H]1CC3=CN(C4=CC=CC2=C34)C)CNC(=O)OCC5=CC=CC=C5,4.899629454882437,,8.0,5.249997887519889
CCN(CC)C(=O)N[C@@H]1CN([C@H]2CC3=CNC4=CC=CC(=C34)C2=C1)C,4.899629454882437,,6.400007822415902,5.299997602857746
CC(C)NC[C@H]1CCC2=CC(=C(C=C2N1)[N+](=O)[O-])CO,5.0,,5.199998172182031,
C/C=C/1\C[N@+]2(CC[C@]34[C@H]2C[C@@H]1C(=C3NC5=CC=CC=C45)C=O)C,,,5.199998172182031,8.886056647693163
CN1CCC2=C[C@@H]([C@H]3[C@H]([C@H]21)C4=CC5=C(C=C4C(=O)O3)OCO5)O,,,5.199998172182031,
CCCC[C@H](CC)CN=C(N)NC(=NCCCCCCN=C(N)NC(=NC[C@@H](CC)CCCC)N)N,4.801342913045577,4.700000503883016,5.499996931948306,
CC(=O)O[C@H]1[C@H](CN[C@H]1CC2=CC=C(C=C2)OC)O,,,5.0,
C[C@@H](CC1=CC=CC=C1)N(C)CC2=C(C(=O)N(N2C)C3=CC=CC=C3)C(C)C,,5.0999990348465305,5.0,5.399996913372259
C[C@H]1[C@H]([C@H](C[C@H](O1)O[C@@H]2C[C@](CC3=C2C(=C4C(=C3O)C(=O)C5=C(C4=O)C(=CC=C5)OC)O)(C(=O)C)O)N)O,,,,4.800000874803203
C[C@@H](CC1=CC(=CC=C1)C(F)(F)F)NCCOC(=O)C2=CC=CC=C2,6.100179497572904,8.102372908709558,7.801342913045577,6.100015437450609
CC(=O)[C@@H]1CC[C@@H]2[C@]1(CC(=O)[C@@H]3[C@@H]2CC[C@@H]4[C@@]3(CC[C@@H](C4)O)C)C,,4.899998417198648,,5.199998172182031
CCCN[C@@H](C)C(=O)NC1=C(SC=C1C)C(=O)OC,4.899629454882437,,,5.0
C1=CC(=CC=C1CO[C@@H](CN2C=CN=C2)C3=C(C=C(C=C3)Cl)Cl)Cl,7.0,6.79997073344623,6.700057099977233,6.50003813440381
CO[C@@H]1[C@H](C[C@H]2CN3CCC4=C([C@@H]3C[C@H]2[C@H]1C(=O)OC)NC5=C4C=CC(=C5)OC)OC(=O)/C=C\C6=CC(=C(C(=C6)OC)OC)OC,5.5003129173815966,,,
CCC(=O)O[C@]1([C@H](C[C@H]2[C@@]1(C[C@@H]([C@@]3([C@@H]2CCC4=CC(=O)C=C[C@]43C)F)O)C)C)C(=O)CCl,,4.800000874803203,5.0,5.299997602857746
CC(C)(C)CC(C)(C)C1=CC(=C(C=C1)OCOCCOCCO)CC2=CC(=CC(=C2OCOCCOCCO)CC3=C(C=CC(=C3)C(C)(C)CC(C)(C)C)OCOCCOCCO)C(C)(C)CC(C)(C)C,,,,4.899998417198648
C1[C@@H]([C@H]([C@H]([C@@H]([C@@H]1N)O[C@@H]2[C@H]([C@@H]([C@@H]([C@@H](O2)CN)O)O)O)O)O[C@H]3[C@H]([C@H]([C@@H]([C@H](O3)CO)O)N)O)N,,5.199998172182031,,
C1=CC(=C(C(=C1)Cl)CO[C@@H](CN2C=CN=C2)C3=C(C=C(C=C3)Cl)Cl)Cl,6.600326278518962,6.400007822415902,5.199998172182031,6.400007822415902
C[C@@H]1C[C@H]2[C@@H]3C[C@@H](C4=CC(=O)C=C[C@]4([C@@]3([C@@H](C[C@@]2([C@]1(C(=O)COC(=O)C)OC(=O)C)C)O)F)C)F,4.899629454882437,,,5.199998172182031
CC1([C@@H](N2[C@H](S1)[C@@H](C2=O)NC(=O)[C@H](C3=CC=CC=C3)N)C(=O)OCOC(=O)C(C)(C)C)C,,,,5.299997602857746
C[C@@H]1C[C@H]2[C@H]3C[C@H](C4=CC(=O)C=C[C@@]4([C@]3([C@H](C[C@]2([C@@H]1C(=O)COC(=O)C(C)(C)C)C)O)Cl)C)F,,,,6.400007822415902
C=CCO[C@@H](CN1C=CN=C1)C2=C(C=C(C=C2)Cl)Cl,7.5003129173815966,7.0,5.299997602857746,6.700057099977233
CCOC(=O)O[C@@H](C)OC(=O)[C@H]1C(S[C@H]2N1C(=O)[C@H]2NC(=O)[C@H](C3=CC=CC=C3)N)(C)C,,,,5.900008766455316
CCN(CC)C(=O)N[C@@H]1C[C@@H]2[C@H](CC3=CNC4=CC=CC2=C34)N(C1)C,,,7.9006714565227885,5.299997542777145
CC1([C@@H](N2[C@H](S1)[C@@H](C2=O)NC(=O)[C@H](C3=CC=CC=C3)N)C(=O)O[C@@H]4C5=CC=CC=C5C(=O)O4)C,,,,5.799998134593398
C[C@@H]1CCC2=C3N1C=C(C(=O)C3=CC(=C2)F)C(=O)O,4.899629454882437,,,
CC1=NC=N[C@@H]1CSCCNC(=NC)NC#N,,,5.0,4.800000874803203
CCCCCCCCN[C@@H](C)[C@@H](C1=CC=C(C=C1)SC(C)C)O,4.899629454882437,8.301029995663981,6.0,5.0
C1CCN[C@@H](C1)CNC(=O)C2=C(C=CC(=C2)OCC(F)(F)F)OCC(F)(F)F,4.801342913045577,,5.399996913372259,
CC1=C([C@@H](C(=C(N1)C)C(=O)OCCN(C)CC2=CC=CC=C2)C3=CC(=CC=C3)[N+](=O)[O-])C(=O)OC,4.899629454882437,6.50003813440381,5.0999990348465305,6.0
CC1=C[C@@H]2[C@H](CC[C@@]3([C@@H]2CC[C@@]3(C(=O)CC(=O)C)O)C)[C@@H]4C1=CC(=O)CC4,,4.899998417198648,,5.599997654072044
CC[C@@]1(CCCCN(C1)C)C2=CC(=CC=C2)O,,,5.0,
C1=CC(=CC=C1CS[C@@H](CN2C=CN=C2)C3=C(C=C(C=C3)Cl)Cl)Cl,6.698970004336019,7.698970004336019,6.899974269892137,6.199970640755866
C[C@H]1CC[C@@H]2[C@H](C(=O)O[C@@H]3[C@]24[C@@H]1CC[C@](O3)(OO4)C)C,7.199970640755866,,,
CN(C/C=C\C1=CC=CC=C1)CC2=CC=CC3=CC=CC=C32,5.698970004336019,,6.599980364934842,
C1=CC=C(C(=C1)C(=O)OC[C@H](CO)O)NC2=C3C=CC(=CC3=NC=C2)Cl,5.300162274132754,4.800000874803203,4.899998417198648,5.299997602857746
CC[C@H](C)[C@H]1[C@H](CC[C@@]2(O1)C[C@H]3C[C@@H](O2)C/C=C(\[C@H]([C@H](/C=C\C=C4CO[C@H]5[C@@]4([C@@H](C=C([C@@H]5O)C)C(=O)O3)O)C)O[C@@H]6C[C@@H]([C@@H]([C@@H](O6)C)O[C@@H]7C[C@@H]([C@@H]([C@@H](O7)C)O)OC)OC)/C)C,4.899629454882437,,,
CS(=O)(=O)C1=CC=C(C=C1)[C@@H]([C@H](CF)NC(=O)C(Cl)Cl)O,,,,4.499999678657065
CC[C@H](C)C(=O)O[C@@H]1C[C@@H](C=C2[C@H]1[C@@H]([C@H](C=C2)C)CC[C@H]3C[C@H](CC(=O)O3)O)C,,,,4.899998417198648
C1=CC(=CC=C1CN2C=CN=C2)/C=C\C(=O)O,4.899629454882437,,,
CCC(C)(C)C(=O)O[C@@H]1C[C@@H](C=C2[C@H]1[C@@H]([C@H](C=C2)C)CC[C@H]3C[C@H](CC(=O)O3)O)C,,,,5.0
CCC(=O)O[C@]1([C@H](C[C@@H]2[C@]1(C[C@@H]([C@@]3([C@H]2C[C@H](C4=CC(=O)C=C[C@]43C)F)F)O)C)C)C(=O)SCF,,,,5.299997602857746
CC(C)(C)NC[C@@H](C1=CC(=CC(=C1)OC(=O)N(C)C)OC(=O)N(C)C)O,,,5.0999990348465305,
C[C@H]1C[C@@H]2[C@H]3CCC4=CC(=O)C=C[C@]4([C@]3([C@H](C[C@@]2([C@@]1(C(=O)CCl)OC(=O)C5=CC=CO5)C)O)Cl)C,5.300162274132754,5.299997602857746,5.399996913372259,5.399996913372259
CC#C[C@]1(CC[C@@H]2[C@]1(C[C@H](C3=C4CCC(=O)C=C4CC[C@@H]23)C5=CC=C(C=C5)N(C)C)C)O,4.899629454882437,5.399996913372259,4.899998417198648,6.100015437450609
C[C@@]12CC[C@H]3[C@H]([C@H]1CC[C@H]2C(=O)NC(C)(C)C)CC[C@H]4[C@]3(C=CC(=O)N4)C,,6.299988937677887,,4.899998417198648
C1=CC2=C(C(=C1)Cl)SC=C2CO[C@@H](CN3C=CN=C3)C4=C(C=C(C=C4)Cl)Cl,5.199970640755866,6.50003813440381,5.299997602857746,6.100015437450609
C1CCC(CC1)NC(=S)N2CCC(CC2)[C@H]3C=NC=N3,4.899629454882437,7.100179497572904,5.0999990348465305,6.199970640755866
CCN(CC)CCOC(=O)[C@H](C[C@@H]1CCCO1)CC2=CC=CC3=CC=CC=C32,5.0,,5.299997602857746,6.100015437450609
C[C@]12C[C@H]([C@@H]3[C@@H]([C@@H]1C[C@@H]4[C@]2(OC(O4)(C)C)C(=O)CO)C[C@@H](C5=CC(=O)C=C[C@@]35C)F)O,,,,4.899998417198648
CC[C@@H]1[C@@H]2C[C@H]3[C@@H]4[C@]5(C[C@@H]([C@@H]2[C@@H]5O)N3[C@H]1O)C6=CC=CC=C6N4C,,,5.399996913372259,
CN1C[C@@H](C[C@@]2([C@@H]1CC3=CN(C4=CC=CC2=C34)C)OC)COC(=O)C5=CC(=CN=C5)Br,4.801342913045577,,7.698970004336019,5.249997887519889
CN1CCC2=C[C@@H]([C@H]3[C@H]([C@H]21)C4=CC5=C(C=C4C(=O)O3)OCO5)OC,4.899629454882437,,5.0,
CO[C@H]1[C@H](C[C@H]2CN3CCC4=C([C@@H]3C[C@H]2[C@@H]1C(=O)O)NC5=C4C=CC(=C5)OC)O,,8.602059991327963,,
CC[N+](CC)(CC)CC[C@@](C1CCCCC1)(C2=CC=CC=C2)O,,,7.698970004336019,
CC(C)SC1=CC2=C(C=C1)N=C(N2)NC(=O)OC,6.300162274132754,,,
C[C@@H](CC1=CC=CC=C1)NCCC(C2=CC=CC=C2)C3=CC=CC=C3.C[C@@H](C(=O)O)O,4.801342913045577,,8.0,
CN1CC2=C(C=CC3=C2OCO3)[C@H]4[C@@H]1C5=CC6=C(C=C5C[C@@H]4O)OCO6.O,5.600326278518962,,6.700057099977233,5.299997602857746
CN1[C@@H]2CC[C@H]1CC(C2)OC3C4=CC=CC=C4CCC5=CC=CC=C35.C(C(=O)O)C(CC(=O)O)(C(=O)O)O,,,5.0,4.800000874803203
C[C@H](CN1C2=CC=CC=C2SC3=CC=CC=C31)CN(C)C.C[C@H](CN1C2=CC=CC=C2SC3=CC=CC=C31)CN(C)C.[C@@H]([C@@H](C(=O)O)O)(C(=O)O)O,4.801342913045577,,8.0,
CCC(=O)O[C@@](CC1=CC=CC=C1)(C2=CC=CC=C2)[C@@H](C)CN(C)C.C1=CC=C2C=C(C=CC2=C1)S(=O)(=O)O,,,5.0999990348465305,5.299997602857746
C[C@@]1(C(=O)N2[C@H](C(=O)N3CCC[C@@H]3[C@]2(O1)O)CC4=CC=CC=C4)NC(=O)[C@@H]5C[C@@H]6[C@H](CC7=CNC8=CC=CC6=C78)N(C5)C.C[C@@]1(C(=O)N2[C@H](C(=O)N3CCC[C@@H]3[C@]2(O1)O)CC4=CC=CC=C4)NC(=O)[C@@H]5C[C@@H]6[C@H](CC7=CNC8=CC=CC6=C78)N(C5)C.[C@@H]([C@@H](C(=O)O)O)(C(=O)O)O,,6.0,,5.399996913372259
CCN(CC)CCC[C@H](C)NC1=C2C=C(C=CC2=NC3=C1C=CC(=C3)Cl)OC.O.O.Cl.Cl,6.0,,6.899974269892137,5.599997654072044
COC1=CC2=C(C=CN=C2C=C1)[C@@H]([C@@H]3C[C@H]4CCN3C[C@@H]4C=C)O.O.Cl,,,8.0,
CC[C@@H]1CN2CCC3=CC(=C(C=C3[C@H]2C[C@@H]1C[C@H]4C5=CC(=C(C=C5CCN4)O)OC)OC)OC.O.O.O.O.O.O.O.Cl.Cl,,,5.0,
CC(C)[C@@]1(C(=O)N2CC(=O)N3CCC[C@@H]3[C@]2(O1)O)NC(=O)[C@@H]4C[C@@H]5[C@H](CC6=CNC7=CC=CC5=C67)N(C4)C.CS(=O)(=O)O,,5.199998172182031,,
C[C@H]1[C@@H]2[C@@H](CC(=C3[C@H]([C@@H]2OC1=O)C(=CC3=O)C)C)O.O,4.600326278518962,,,
C1CC1CN2CC[C@]34[C@H]5C(=O)CC[C@@]3([C@H]2CC6=C4C(=C(C=C6)O)O5)O.O.O.Cl,,,5.0999990348465305,
C[C@@H]([C@@H](C1=CC=C(C=C1)O)O)N2CCC(CC2)CC3=CC=CC=C3.[C@@H]([C@@H](C(=O)O)O)(C(=O)O)O,4.801342913045577,,6.0,5.0
CC(C)[C@@]1(C(=O)N2[C@H](C(=O)N3CCC[C@@H]3[C@]2(O1)O)CC4=CC=CC=C4)NC(=O)[C@@H]5C[C@@H]6[C@H](CC7=CNC8=CC=CC6=C78)N(C5)C.CS(=O)(=O)O,,5.599997654072044,,5.799998134593398
CC1=C(SC=C1)/C=C\C2=NCCCN2C.[C@@H]([C@@H](C(=O)O)O)(C(=O)O)O,5.300162274132754,,5.299997602857746,
C[C@@H]1CC2=CC=CC=C2N1NC(=O)C3=CC(=C(C=C3)Cl)S(=O)N.C=O,,,,5.299997602857746
C1C[C@@H]([C@@H]([C@H]2[C@@H]1CN3CCC4=C([C@@H]3C2)NC5=CC=CC=C45)C(=O)O)O.O,4.899629454882437,,5.0999990348465305,
C1C[C@@H]([C@@H]([C@H]2[C@@H]1CN3CCC4=C([C@@H]3C2)NC5=CC=CC=C45)C(=O)O)O,,,4.499999678657065,
CN1CCCC[C@@H]1CCN2C3=CC=CC=C3SC4=C2C=C(C=C4)S(=O)C.C1=CC=C(C=C1)S(=O)(=O)O,,,7.0,
CN1CCCN=C1/C=C\C2=CC=CS2.[C@@H]([C@@H](C(=O)O)O)(C(=O)O)O,5.0,,5.0,
CN1CCC2=C3[C@@H]1CC4=C(C3=CC=C2)C(=C(C=C4)O)O.CN1CCC2=C3[C@@H]1CC4=C(C3=CC=C2)C(=C(C=C4)O)O.O.Cl.Cl,5.400116927926312,4.800000874803203,,
CC1=C(C=CC=C1NC2=C(C=CC=N2)C(=O)O)C(F)(F)F.CNC[C@@H]([C@@H]([C@@H]([C@@H](CO)O)O)O)O,4.899629454882437,,,
CCSC1=CC2=C(C=C1)SC3=CC=CC=C3N2CCCN4CCN(CC4)C.C([C@H](C(=O)O)O)C(=O)O.C([C@H](C(=O)O)O)C(=O)O,6.5003129173815966,,5.599997654072044,5.0
C[C@@H](C1=CC(=CC=C1)OC2=CC=CC=C2)C(=O)[O-].C[C@@H](C1=CC(=CC=C1)OC2=CC=CC=C2)C(=O)[O-].O.O.[Ca+2],,,4.899998417198648,
CCOC(=O)C1=CC=C(C=C1)OC(=O)CCCCCN=C(N)N.CS(=O)(=O)O,4.899629454882437,4.800000874803203,6.50003813440381,
CC1=CC2=C(C=C1)N3CCN[C@@H]4C3=C2CCC4.CS(=O)(=O)O,6.600326278518962,,5.900008766455316,
CN(C)C/C=C(\C1=CC=C(C=C1)Br)/C2=CN=CC=C2.O.Cl.Cl,,,5.499996931948306,4.899998417198648
CCCN1C[C@@H](C[C@@H]2[C@@H]1CC3=CNC4=CC=CC2=C34)CSC.CS(=O)(=O)O,5.5003129173815966,,7.0,5.299997602857746
CCCN1C[C@@H](C[C@@H]2[C@@H]1CC3=CNC4=CC=CC2=C34)CSC,5.801342913045578,,7.500312917381596,
C1C(=C(N2[C@@H](S1)[C@@H](C2=O)NC(=O)[C@H](C3=CC=CC=C3)N)C(=O)O)Cl.O,,4.899998417198648,,
COC1=C(C=C2C(=C1)C(=NC(=N2)N3CCN(CC3)C(=O)[C@@H]4COC5=CC=CC=C5O4)N)OC.CS(=O)(=O)O,,,,5.299997602857746
C1C2CC3CC1CC(C2)(C3)N.C1C2CC3CC1CC(C2)(C3)N.C(=C\C(=O)O)\C(=O)O,,4.700000503883016,,
C1CN(CCC1C(=O)C2=CC=C(C=C2)F)CCN3C(=O)C4=CC=CC=C4NC3=O.[C@@H]([C@@H](C(=O)O)O)(C(=O)O)O.O,,,5.199998172182031,
CC(C)(C)NC(=O)[C@@H]1C[C@H]2CCCC[C@@H]2CN1C[C@@H]([C@H](CC3=CC=CC=C3)NC(=O)[C@@H](CC(=O)N)NC(=O)C4=NC5=CC=CC=C5C=C4)O.CS(=O)(=O)O,,,4.899998417198648,4.899998417198648
CC[C@H]1CN2CC[C@@H]1C[C@H]2[C@H](C3=C4C=C(C=CC4=NC=C3)OC)O.O.Br,,,5.499996931948306,
CN1CCC(=C2C3=C(CCC4=CC=CC=C42)SC=C3)CC1.C([C@H](C(=O)O)O)C(=O)O,,,5.900008766455316,
C1CN(CCC1N2C3=C(C=C(C=C3)Cl)NC2=O)CCCN4C5=CC=CC=C5NC4=O.C(=C\C(=O)O)\C(=O)O,4.899629454882437,,5.499996931948306,
COC1=C(C=CC(=C1)/C=C\C(=O)CC(=O)/C=C\C2=CC(=C(C=C2)O)OC)O,4.801342913045577,5.900008766455316,4.800000874803203,
CC1=C(C(=C2C(=C1O)[C@]3(C(=CC(=O)[C@@H](C3=O)C(=O)C)O2)C)C(=O)C)O,5.5003129173815966,7.899629454882437,,
C[C@H]1[C@H]([C@H]([C@H]([C@@H](O1)OC[C@H]2[C@H]([C@H]([C@H]([C@@H](O2)OC3=C(OC4=CC(=CC(=C4C3=O)O)O)C5=CC(=C(C=C5)O)O)O)O)O)O)O)O,4.400116927926312,,,
C1=CC(=C(C=C1C2=CC(=O)C3=C(C=C(C=C3O2)O[C@H]4[C@@H]([C@@H]([C@@H]([C@@H](O4)CO)O)O)O)O)O)O,4.400116927926312,,,
COC1=C(C=CC(=C1)[C@H]2[C@@H](OC3=C(O2)C=C(C=C3)[C@@H]4[C@@H](C(=O)C5=C(C=C(C=C5O4)O)O)O)CO)O,4.400116927926312,5.599997654072044,,4.899998417198648
COC1=CC2=C(C=CN=C2C=C1)[C@H]([C@@H]3C[C@H]4CCN3C[C@H]4C=C)O,5.0,,5.199998172182031,
CC(C)C1=CC2=CC[C@H]3[C@]([C@@H]2CC1)(CCC[C@]3(C)C(=O)O)C,4.600326278518962,4.899998417198648,,
C[C@@H]1[C@H]2CC[C@]3(C=CC(=O)C(=C3[C@@H]2OC1=O)C)C,4.500312917381596,,,
C[C@@H](/C=C\[C@@H](C)C(C)C)[C@@H]1CC[C@H]\2[C@]1(CCC/C2=C\C=C/3\C[C@@H](CCC3=C)O)C,,4.700000503883016,,
C[C@@H]1CC[C@]2(CC[C@@]3(C(=CC[C@H]4[C@@]3(CC[C@@H]5[C@@]4(CC[C@@H](C5(C)C)O)C)C)[C@H]2[C@H]1C)C)C(=O)O,5.100179497572904,,,
CC[C@@H]1CN2CC[C@@H]1C[C@H]2[C@H](C3=C4C=C(C=CC4=NC=C3)OC)O,,,8.795880017344075,
C[C@@]12CCCC([C@H]1CC[C@]([C@H]2CC[C@@](C)(C=C)O)(C)O)(C)C,4.899629454882437,4.499999678657065,,
C[C@H]1CC[C@@H]2[C@H](C(=O)O[C@@H]3[C@@]24[C@H]1CC[C@](O3)(OO4)C)C,7.0,,4.499999678657065,
CC[C@H]1CN2CC[C@@H]1C[C@@H]2[C@@H](C3=CC=NC4=CC=CC=C34)O,,,5.499996931948306,
COC1=CC(=CC(=C1OC)OC)/C=C\C(=O)N2CCCCC2=O,7.0,,,
C[C@@H]1OC[C@H]2[C@H](O1)[C@H]([C@H]([C@@H](O2)O[C@H]3[C@@H]4COC(=O)[C@H]4[C@@H](C5=CC6=C(C=C35)OCO6)C7=CC(=C(C(=C7)OC)O)OC)O)O,4.400116927926312,5.599997654072044,5.0,4.59999938302362
C[C@H]1[C@@H]2CCC(=C3[C@H]([C@H]2OC1=O)C(=CC3=O)C)C,4.899629454882437,,,
CC(=O)OC[C@H]1[C@H]([C@H]([C@H]([C@@H](O1)OC2=CC3=C(C=C2)OC=C(C3=O)C4=CC=C(C=C4)OC)OC(=O)C)OC(=O)C)OC(=O)C,,4.700000503883016,,
CC(=O)OC[C@H]1[C@H]([C@H]([C@H]([C@@H](O1)OC2=C(C3=C(C=C2)OC=C(C3=O)C4=CC=C(C=C4)OC)OC(=O)C)OC(=O)C)OC(=O)C)OC(=O)C,8.600326278518962,,,
C[C@@H]([C@@](C(C)C)(C(=O)OC1=CCN2[C@@H]1[C@H](CC2)O)O)OC,,,5.0999990348465305,
C[C@]12CCCC(=C)[C@@H]1C[C@H]3[C@H](C2)OC(=O)C3=C,4.698970004336019,4.40000018605658,5.0,
CC(=O)[C@]12CCCC[C@@H]1C[C@H]3[C@]2(CC[C@H]4[C@H]3CC(=O)[C@@]5([C@@]4(CC[C@H](C5)OC(=O)C)C)O)C,4.698970004336019,4.59999938302362,,
C1[C@H]2CN(C[C@@H]1C3=CC=CC(=O)N3C2)CCO,4.801342913045577,,,
C[C@@H]1C[C@@]2([C@H]3[C@@H]([C@]1(CO[C@@H]3C4=CC=CC=C4O2)COC(=O)NC5=CC=CC=C5)C)C,4.801342913045577,4.700000503883016,,
C[C@@H]1C=C([C@@H]2[C@H]([C@@]1(CO[C@H]2C3=CC=C(C=C3)OC)COC(=O)C)C)C,4.801342913045577,4.700000503883016,,
CC[C@]12CCCN3[C@H]1[C@]4(CC3)[C@H](CC2)N(C5=C4C=CC(=C5O)OC)C(=O)C,,,4.700000503883016,
C=C[C@@H]1C[NH+]2CC[C@H]1C[C@H]2[C@H](C3=CC=NC4=CC=CC=C34)O,,,7.0,
CC[C@@H]1[C@H]2CCCCN3[C@@H]2[C@@H](C[C@H]3[C@@H]4C[C@@H](C(=O)O4)C)[C@@H]5[C@H]1OC(=O)[C@H]5C,4.600326278518962,,5.0,
CC(=O)OC[C@H]1[C@H]([C@H]([C@H]([C@@H](O1)OC2=CC3=C(C(=C2)OC(=O)C)C(=O)C=C(O3)C4=CC(=C(C=C4)OC(=O)C)OC(=O)C)OC(=O)C)OC(=O)C)OC(=O)C,5.100179497572904,,,
C1[C@@H]2[C@@H]([C@@H](S1)CCCCC(=O)O)NC(=O)N2,4.600326278518962,,,
C[C@]12CCCC([C@H]1CC[C@]3([C@H]2CC(=O)O3)C)(C)C,,4.40000018605658,,
C[C@H]1[C@@H]2[C@H](CC(=C3[C@H]([C@@H]2OC1=O)C(=CC3=O)C)C)O,4.500312917381596,,,
CC[C@H]1[C@@H]2C[C@@H]3[C@H]4[C@]5(C[C@@H]([C@H]2[C@@H]5O)N3[C@@H]1O)C6=CC=CC=C6N4C,,,5.499996931948306,
CN1[C@@H](CCC[C@H]1CC(=O)C2=CC=CC=C2)C[C@H](C3=CC=CC=C3)O,4.500312917381596,,8.0,
CCCCCC[C@@H]1[C@H]([C@@H](OC(=O)[C@H]([C@@H](OC1=O)C)NC(=O)C2=C(C(=CC=C2)NC=O)O)C)OC(=O)CC(C)C,,4.499999678657065,,
C[C@@]12CC[C@@H]3[C@@H](CC3(C)C)C(=C)CC[C@@H]1O2,4.801342913045577,4.59999938302362,,
CC(C)C[C@H]1C(=O)N2CCC[C@@H]2[C@]3(N1C(=O)[C@](O3)(C(C)C)NC(=O)[C@@H]4CN([C@@H]5CC6=CNC7=CC=CC(=C67)C5=C4)C)O,4.500312917381596,4.899998417198648,,
CC(C)[C@H]1C(=O)N2CCC[C@@H]2[C@]3(N1C(=O)[C@@](O3)(C(C)C)NC(=O)[C@@H]4CN([C@@H]5CC6=CNC7=CC=CC(=C67)C5=C4)C)O,4.500312917381596,4.59999938302362,,
CC(C)[C@]1(C(=O)N2[C@H](C(=O)N3CCC[C@@H]3[C@@]2(O1)O)CC4=CC=CC=C4)NC(=O)[C@@H]5CN([C@@H]6CC7=CNC8=CC=CC(=C78)C6=C5)C,4.500312917381596,5.0999990348465305,,
CN1CCC2=CC(=C(C3=C2[C@H]1CC4=CC(=C(C=C43)OC)OC)O)OC,4.698970004336019,,4.800000874803203,
C1=CC(=CC=C1CCC(=O)C2=C(C=C(C=C2O[C@H]3[C@@H]([C@@H]([C@@H]([C@@H](O3)CO)O)O)O)O)O)O,,4.499999678657065,,
C[C@@]1(C(=O)N2[C@@H](C(=O)N3CCC[C@@H]3[C@@]2(O1)O)CC4=CC=CC=C4)NC(=O)[C@@H]5C[C@@H]6[C@H](CC7=CNC8=CC=CC6=C78)N(C5)C,,5.0,4.40000018605658,
CC(C)[C@@]1(C(=O)N2[C@@H](C(=O)N3CCC[C@@H]3[C@@]2(O1)O)CC4=CC=CC=C4)NC(=O)[C@@H]5C[C@@H]6[C@H](CC7=CNC8=CC=CC6=C78)N(C5)C,,5.900008766455316,4.499999678657065,
C1[C@@H]2CN(C[C@H]1C3=CC=CC(=O)N3C2)C=O,,4.499999678657065,,
CN1CCC2=C3[C@@H]1CC4=C(C3=CC=C2)C(=C(C=C4)O)O.O.Cl,4.801342913045577,4.40000018605658,,
CCCC(=O)NC1=C2C(=NC=N1)N(C=N2)[C@H]3[C@@H]([C@H]4[C@H](O3)COP(=O)(O4)[O-])OC(=O)CCC,4.400116927926312,,5.299997602857746,
CC(C)[C@@]1(C(=O)N2[C@H](C(=O)N3CCC[C@@H]3[C@@]2(O1)O)CC4=CC=CC=C4)NC(=O)[C@@H]5C[C@@H]6[C@H](CC7=CNC8=CC=CC6=C78)N(C5)C,,5.599997654072044,4.800000874803203,6.400007822415902
CC[C@@H](CO)NC(=O)[C@@H]1CN([C@@H]2CC3=CN(C4=CC=CC(=C34)C2=C1)C)C,4.801342913045577,,4.899998417198648,
CN1[C@@H]2CC(C[C@@H]1[C@H]3[C@@H]2O3)OC(=O)[C@H](CO)C4=CC=CC=C4,4.698970004336019,,,
C[N+]1(CCC2=CC3=C(C=C2[C@@H]1[C@H]4C5=C(C6=C(C=C5)OCO6)OC4=O)OCO3)C,5.8996294548824375,,4.749998900111134,4.849999646000926
CC(C)[C@@H]1CN[C@@H]([C@@H]1CC(=O)O)C(=O)O,4.400116927926312,,,
C([C@@H](C(=O)O)N)SS(=O)(=O)[O-],4.400116927926312,4.899998417198648,,
C(=C\SC(=N)N)\C(=O)O,4.400116927926312,4.800000874803203,,
C1C[C@](C[C@H]1C(=O)O)(C(=O)O)N,4.400116927926312,,,
C1=CC(=CC=C1[C@H](C(=O)O)N)C(=O)O,4.400116927926312,,,
C1=CC(=CC(=C1)O)[C@@H](C(=O)O)N,4.400116927926312,,,
C1=CC(=C(C=C1[C@H](C(=O)O)N)C(=O)O)O,,4.40000018605658,,
C1CC1CN2CC[C@]34[C@H]5C6=C(C[C@@]3([C@H]2CC7=C4C(=C(C=C7)O)O5)O)C8=C(N6)[C@H]9[C@@]12CCN([C@@H]([C@@]1(C8)O)CC1=C2C(=C(C=C1)O)O9)CC1CC1,4.400116927926312,,,
C1CCN(CC1)[C@@H](CC2=CC=CC=C2)C3=CC=CC=C3,4.801342913045577,,5.699991797446187,4.499999678657065
CN1C(=O)COC2=C(C=C(C=C21)Cl)C(=O)N[C@@H]3CN4CCC3CC4,4.400116927926312,,,
C1CCC2(C1)CC(=O)N(C(=O)C2)CCNC[C@H]3COC4=CC=CC=C4O3,4.899629454882437,,6.899974269892137,5.900008766455316
C1CCC2(C1)CC(=O)N(C(=O)C2)CCCCNC[C@H]3COC4=CC=CC=C4O3,4.100179497572904,,5.299997602857746,6.199970640755866
C1CN(CCN1CCOC(C2=CC=C(C=C2)F)C3=CC=C(C=C3)F)C/C=C\C4=CC=CC=C4,4.500312917381596,5.0999990348465305,5.0999990348465305,4.800000874803203
CC(C)NC[C@@H](C1=CC(=C(C=C1)N)C#N)O,4.400116927926312,,,4.59999938302362
CN(C)CCCSC1=CC=CC=C1NC(=O)/C=C\C2=CC=CC=C2,4.400116927926312,,6.50003813440381,4.800000874803203
CN([C@H]1CCCC[C@@H]1N2CCCC2)C(=O)CC3=CC(=C(C=C3)Cl)Cl,4.95076120530924,,6.599980364934842,5.0999990348465305
C[C@@]1(C(=O)N2[C@H](C(=O)N3CCC[C@@H]3[C@@]2(O1)O)CC4=CC=CC=C4)NC(=O)[C@@H]5C[C@@H]6[C@H](CC7=CNC8=CC=CC6=C78)N(C5)C,4.400116927926312,5.499996931948306,4.59999938302362,5.299997602857746
CCCCCCCCCC(=O)O[C@H](CC(=O)O)C[N+](C)(C)C,4.199970640755866,,,
CN([C@H]1CCCC[C@@H]1N2CCCC2)C(=O)C3=CC(=C(C=C3)Cl)Cl,4.400116927926312,,6.400007822415902,5.0999990348465305
C1CN(CCN1CCOC(C2=CC=CC=C2)C3=CC=CC=C3)C/C=C\C4=CC=CC=C4,4.698970004336019,5.299997602857746,5.299997602857746,
C1CC2=CC=CC=C2C(=O)[C@@H]1CNCCC3=CC=C(C=C3)O,4.698970004336019,4.40000018605658,6.400007822415902,5.0999990348465305
C1CCCN(CC1)CCCNC(=O)[C@H](C2CCCCC2)C3=CC=CC=C3,4.500312917381596,,6.199970640755866,5.399996913372259
CCCCCCCCCCCCCC(=O)O[C@H](CC(=O)O)C[N+](C)(C)C,,,4.499999678657065,
C[C@@H]1C(=C(NC(=C1C(=O)OCCSC2=CC=CC=C2)C)C)C(=O)OC,6.100179497572904,5.499996931948306,4.59999938302362,5.0
COC(=O)/C=C\C1=C(C=CC(=C1)O)O,5.400116927926312,5.0999990348465305,,
CCCCCCCCCCCCCCCCCCC1=CC=C(C=C1)C(=O)/C=C\C(=O)O,4.500312917381596,,,
C1=CC=C(C=C1)C2=CC=C(C=C2)[C@H]3[C@@H](O3)C(=O)C4=CC=CC=C4,5.199970640755866,4.899998417198648,,
C[C@@H](CC1=CC(=CC=C1)C(F)(F)F)NCCCC2=CC=CC=C2,5.400116927926312,,7.899629454882437,5.299997602857746
C1=CC(=C(C=C1C[C@@H](C(=O)O)OC(=O)/C=C\C2=CC(=C(C=C2)O)O)O)O,4.600326278518962,,,
CCCCCCCCCCCCC/C=C\[C@H]([C@H](CO)N)O,4.801342913045577,4.40000018605658,4.800000874803203,
C[C@@]1(C2=CC(=C(C=C2CCN1)O)O)C(=O)O,,,,4.499999678657065
C[C@@H](CCCCC(=O)NC1=CC=C(C=C1)C(F)(F)F)NCCC2=CN=CN2,,5.0999990348465305,5.299997602857746,5.299997602857746
CN1C2=CC=CC=C2C3=N[C@@H](CN3C1=O)CN4CCN(CC4)C5=CC=CC=C5OC,4.500312917381596,4.499999678657065,,4.800000874803203
C[C@@]12CC[C@@H]3[C@@H]([C@@H]1CC[C@]2(C#C)O)CCC4=CC5=C(C[C@]34C)C=NO5,4.899629454882437,,,5.299997602857746
CC(=O)O[C@H]1C[C@H]2CC[C@H]3[C@@H]([C@]2(C[C@@H]1[N+]4(CCCCC4)C)C)CC[C@@]5([C@@H]3C[C@H]([C@H]5OC(=O)C)[N+]6(CCCCC6)C)C,,4.59999938302362,,
CCCN(C/C=C\I)[C@@H]1CCC2=C(C1)C=C(C=C2)O,4.600326278518962,4.59999938302362,7.801342913045577,
C1[C@@H](C2=C(C=C(C=C2Cl)Cl)N[C@H]1C(=O)O)NC(=O)NC3=CC=CC=C3,4.400116927926312,,4.899998417198648,4.59999938302362
CCCCCCCCCCCCC/C=C\[C@H]([C@H](CO)NC(=O)C)O,4.698970004336019,5.499996931948306,5.399996913372259,
CC1=C(C2=NC1=CC3=NC(=CC4=NC(=CC5=NC(=C2)C(=C5C)CCC(=O)O)C(=C4C)C=C)C(=C3C)C=C)CCC(=O)O.[Zn],4.698970004336019,4.40000018605658,4.59999938302362,4.499999678657065
C[C@H](C1=CC=C(C=C1)Br)C(=O)OC2C[C@H]3CC[C@@H](C2)N3C,4.400116927926312,,5.399996913372259,
CC[C@@H](C(=O)OC1C[C@H]2CC[C@@H](C1)N2C)OC3=CC=C(C=C3)Cl,4.500312917381596,7.0,8.200659450546418,
C1CC1CN2CC[C@@]34[C@@H]5C6=C(C[C@@]3([C@@H]2CC7=C4C(=C(C=C7)O)O5)O)C8=CC=CC=C8N6CC9=CC=CC=C9,4.500312917381596,,,5.0
C1CN2C[C@@H]([C@@H]([C@@H]([C@H]2[C@H]1O)O)O)O,4.500312917381596,4.59999938302362,,
CCCN(CCC)[C@@H]1CCC2=C([C@@H]1C)C=CC=C2OC,4.500312917381596,,,
C1CC2=CC=CC=C2[C@H](/C(=C/C(=O)O)/C1)O,4.400116927926312,5.399996913372259,5.199998172182031,
CCCN(C/C=C\I)[C@@H]1CCC2=C(C1)C(=CC=C2)O,5.600326278518962,,,4.59999938302362
C[C@](COP(=O)(O)O)(C(=O)O)N,4.500312917381596,,,
C[C@@H](CC(=O)O)[C@H](C(=O)O)N,4.500312917381596,,,
C1=CC(=CC=C1[C@@H](CC(=O)O)[C@H](C(=O)O)N)Cl,,4.40000018605658,5.599997654072044,
C1=CC=C(C=C1)NC(=O)NCCNC[C@H](COC2=CC=CC=C2C#N)O,4.400116927926312,,,
C1[C@H]([C@H](O[C@H](O1)C2=CC=CC=C2Cl)C3=CC=CC=C3O)C/C=C\CCC(=O)O,4.400116927926312,,4.700000503883016,4.800000874803203
C1=CC=C2C(=C1)C=CC=C2OC[C@@H](CO)O,6.199970640755866,,,
C[C@](C1=CC=C(C=C1)P(=O)(O)O)(C(=O)O)N,4.400116927926312,,,
C[C@@](C1=CC=C(C=C1)C2=NNN=N2)(C(=O)O)N,4.400116927926312,,,
C[C@](C1=CC=CC(=C1)CC(=O)O)(C(=O)O)N,4.400116927926312,,,
C1[C@H](N[C@@H]1C(=O)O)C(=O)O,4.500312917381596,,4.40000018605658,
C1CN(CCC1[C@H](C2=CC=CC=C2)O)CCC3=CC=CC=C3,4.500312917381596,,4.59999938302362,4.800000874803203
CN(CCC1=CC(=C(C=C1)Cl)Cl)C[C@H](COC2=CC=C(C=C2)NS(=O)(=O)C)O,4.801342913045577,5.599997654072044,4.59999938302362,4.800000874803203
C[C@](C(=O)NC1=CC=C(C=C1)S(=O)(=O)C2=CC=CC=C2)(C(F)(F)F)O,4.400116927926312,,4.499999678657065,4.499999678657065
C1CC2=CC(=C(C=C2[C@@H]3[C@H]1NCC4=CC=CC=C34)O)O,4.801342913045577,,5.0,
C1CC1CN2CC[C@]34[C@@H]5C(=O)CC[C@]3([C@H]2CC6=C4C(=C(C=C6)O)O5)NC(=O)/C=C\C7=CC=C(C=C7)Cl,4.400116927926312,4.800000874803203,5.299997602857746,4.800000874803203
C1CC1CN2CC[C@]34[C@H]5C(=O)/C(=C\C6=CC=CC=C6)/C[C@]3([C@H]2CC7=C4C(=C(C=C7)O)O5)O,4.500312917381596,,,4.499999678657065
CN1[C@@H]2CC[C@H]1CC(C2)OC(C3=CC=C(C=C3)F)C4=CC=C(C=C4)F,4.400116927926312,5.299997602857746,6.199970640755866,
CN1CC[C@]2(CC3=NC4=CC=CC=C4C=C3C[C@H]2C1)C5=CC(=CC=C5)O,6.801342913045577,,4.800000874803203,
COC(=O)/C=C\C(=O)N[C@@H]1CC[C@]2([C@H]3CC4=C5[C@]2([C@@H]1OC5=C(C=C4)O)CCN3CC6CC6)O,,4.499999678657065,6.100015437450609,
C1=CC=C(C=C1)OC[C@@H](CNCCOC2=CC=C(C=C2)OCC(=O)O)O,4.400116927926312,,,
COCCNC(=O)COC1=CC=C(C=C1)OCCNC[C@H](COC2=CC=CC=C2)O,,,5.299997602857746,4.499999678657065
C[C@@H](CC1=CC=C(C=C1)OCC(=O)[O-])NC[C@@H](C2=CC(=CC=C2)Cl)O,4.500312917381596,5.199998172182031,4.59999938302362,
CCCCCCC(C)(C)C1=CC(=C(C=C1)[C@@H]2C[C@@H](CC[C@@H]2CCCO)O)O,4.600326278518962,,,5.299997602857746
CCCNC(=O)N1[C@@H](C2=CC3=C(C=C2C(=N1)C4=CC=C(C=C4)N)OCO3)C,5.400116927926312,,4.59999938302362,5.900008766455316
C1CC1[C@@](C2=CC=C(C=C2)P(=O)(O)O)(C(=O)O)N,4.300162274132754,,,
C1[C@H]2[C@H]([C@H]2C(=O)O)[C@H](N1)C(=O)O,4.500312917381596,,,
[C@H]1([C@H](C1[C@@H](C(=O)O)N)C(=O)O)C(=O)O,4.500312917381596,,5.0999990348465305,
CC1(CO[C@@H](CN1)CC(=O)O)C,4.500312917381596,4.40000018605658,8.200659450546418,
CCS(=O)(=O)N1CCC[C@@H]2[C@@H]1C[C@H]3C4=C(CCN3C2)C=C(C=C4)OC,4.500312917381596,4.499999678657065,,5.299997602857746
CN1C=C(C2=CC=CC=C21)C(=O)C(=O)N[C@H]3CN4CCC3CC4,4.801342913045577,4.899998417198648,7.199970640755866,
CC(C)NC[C@H](COC1=CC=CC=C1N2C=CC=C2)O,5.400116927926312,,4.499999678657065,
CC(C)(C)NC[C@H](COC1=CC=CC2=C1C=C(N2)C#N)O,4.500312917381596,,4.59999938302362,4.59999938302362
C1CCN(CC1)C(=N)C[C@H](COC2=CC=CC=C2C3=CC=CC=C3)O,4.400116927926312,,4.499999678657065,
CC[C@](C1=CC=C(C=C1)C(=O)O)(C(=O)O)N,4.500312917381596,,,
CC(C)N1C=NC2=C(C=C(C=C21)Cl)C(=O)N[C@H]3CN4CCC3CC4,4.400116927926312,6.400007822415902,,4.499999678657065
CC1=C(C(=O)NO1)CC[C@@H](C(=O)O)N,4.400116927926312,5.0,,
CCC(=O)N[C@H]1C[C@@H](C2=CC=CC=C2C1)C3=CC=CC=C3,4.801342913045577,,,4.800000874803203
CCC(=O)N[C@@H]1CCC2=C(C1)C(=CC=C2)OC,4.899629454882437,4.800000874803203,,
CC1=C(C2=C3N1[C@@H](COC3=CC=C2)CN4CCOCC4)C(=O)C5=CC6=CC=CC=C6C=C5,,4.59999938302362,,5.0999990348465305
C[C@@]12CC[C@H]3[C@H]([C@@H]1CC[C@@H]2O)[C@H](CC4=C3C=CC(=C4)O)CCCCCCCCCS(=O)CCCC(C(F)(F)F)(F)F,4.500312917381596,,,6.0
C1=CC(=C(C=C1O)[C@H](C(=O)O)N)Cl,4.801342913045577,,,4.800000874803203
CNCC/C=C\C1=CN=CC=C1,,4.40000018605658,4.800000874803203,
[C@H]1([C@H](C1(F)F)C(=O)O)[C@@H](C(=O)O)N,4.500312917381596,,7.0,
CSC1=NC(=C2C(=N1)N(C=N2)[C@@H]3[C@H]([C@@H]([C@H](O3)COP(=O)([O-])OP(=O)([O-])OP(=O)([O-])[O-])O)O)N,4.400116927926312,,,
CCNC(=O)[C@@H]1[C@H]([C@@H]([C@H](O1)N2C=NC3=C(N=C(N=C32)NCCC4=CC=C(C=C4)CCC(=O)O)N)O)O,,,4.899998417198648,
CNC(=O)[C@@H]1[C@H]([C@@H]([C@H](O1)N2C=NC3=C(N=CN=C32)NCC4=CC(=CC=C4)I)O)O,5.801342913045578,,,4.499999678657065
C1C[C@@](C2=C1C=C(C=C2)P(=O)(O)O)(C(=O)O)N,4.400116927926312,,,
C[C@H]1[C@@H]([C@H]([C@@H]([C@H](O1)O[C@@H]2C[C@H]([C@@]3([C@@H]4[C@@H](CC[C@@]3(C2)O)[C@@]5(CC[C@@H]([C@]5(C[C@H]4O)C)C6=CC(=O)OC6)O)CO)O)O)O)O,4.698970004336019,,7.300162274132754,
CC1=C2[C@H](C(=O)[C@]3([C@H](C[C@@H]4[C@]([C@H]3[C@@H]([C@](C2(C)C)(C[C@@H]1OC(=O)[C@@H]([C@H](C5=CC=CC=C5)NC(=O)C6=CC=CC=C6)O)O)OC(=O)C7=CC=CC=C7)(CO4)OC(=O)C)O)C)OC(=O)C,4.500312917381596,4.59999938302362,,5.900008766455316
CC(=O)O[C@H]1[C@H]([C@@H]2[C@]([C@H](CCC2(C)C)O)([C@]3([C@@]1(O[C@@](CC3=O)(C)C=C)C)O)C)O,4.500312917381596,,,4.899998417198648
CC[C@H]1C(=O)N(CC(=O)N([C@H](C(=O)N[C@H](C(=O)N([C@H](C(=O)N[C@H](C(=O)N[C@@H](C(=O)N([C@H](C(=O)N([C@H](C(=O)N([C@H](C(=O)N([C@H](C(=O)N1)[C@@H]([C@H](C)C/C=C\C)O)C)C(C)C)C)CC(C)C)C)CC(C)C)C)C)C)CC(C)C)C)C(C)C)CC(C)C)C)C,4.801342913045577,,,4.499999678657065
CNC(=O)[C@@H]1[C@H]([C@@H]([C@H](O1)N2C=NC3=C(N=C(N=C32)Cl)NCC4=CC(=CC=C4)I)O)O,4.400116927926312,,,
CCN(CC)C[C@@H]1CCCCN1CC(=O)N2C3=CC=CC=C3C(=O)NC4=C2N=CC=C4,4.500312917381596,,,4.899998417198648
C1[C@H]([C@@H](CC1(C(=O)O)N)C(=O)O)C(=O)O,4.400237595757175,,,
C1[C@H]([C@H](CC1(C(=O)O)N)C(=O)O)C(=O)O,,5.199998172182031,4.59999938302362,
C1C(=O)NC2=C(C=C(C=C2)Cl)[C@@H](S1)C3=CC=CC=C3Cl,4.400116927926312,4.800000874803203,,
CCCCC/C=C\C/C=C\C/C=C\C/C=C\CCCC(=O)NC1=CC=C(C=C1)O,4.698970004336019,5.299997602857746,,5.299997602857746
CC[C@@]1(CC2=CC=CC=C2O1)C3=NC=CN3,,4.59999938302362,5.0,4.899998417198648
C[C@@H]1C2=CC=CC=C2CN1CC3=NCCN3,4.500312917381596,,,4.499999678657065
C1[C@H]2[C@H]([C@@H]([C@H](O2)N3C4=NC=NC(=C4N=C3Br)N)O)OP(=O)(O1)[O-],4.500312917381596,,,
COC1=CC=C(C=C1)CCCO[C@@H](CN2C=CN=C2)C3=CC=C(C=C3)OC,7.801342913045577,,,6.50003813440381
C1[C@H](NC[C@]1(C(=O)O)N)C(=O)O,4.500312917381596,,,
C1[C@@H]([C@@H]1[C@@](CC2C3=CC=CC=C3OC4=CC=CC=C24)(C(=O)O)N)C(=O)O,4.500312917381596,,,
C[C@@H]1NC2=C(C=C(C=C2)Cl)S(=O)(=O)N1,6.300162274132754,,,
C1=CC(=CC=C1[C@H](C(=O)O)N)P(=O)(O)O,4.698970004336019,4.499999678657065,4.59999938302362,
C[C@H]1[C@@H](C(=O)N[C@H](C(=O)N2CCC[C@@H]2C(=O)N(CC(=O)N([C@H](C(=O)O1)C(C)C)C)C)C(C)C)NC(=O)C3=C4C(=C(C=C3)C)OC5=C(C(=O)C(=C(C5=N4)C(=O)N[C@H]6[C@@H](OC(=O)[C@@H](N(C(=O)CN(C(=O)[C@H]7CCCN7C(=O)[C@@H](NC6=O)C(C)C)C)C)C(C)C)C)N)C,,,,4.59999938302362
C[C@H]1CCC/C=C\[C@H]2C[C@@H](C[C@@H]2[C@@H](/C=C\C(=O)O1)O)O,4.801342913045577,4.800000874803203,,4.499999678657065
CC(=O)O[C@@H]1C[C@]2([C@H](CCC2=O)C3=C1[C@]4([C@H](OC(=O)C5=COC(=C54)C3=O)COC)C)C,4.500312917381596,,,5.0999990348465305
C[C@H]1C/C=C\[C@H]2[C@@H](C(=C)[C@H]([C@@H]3[C@]2([C@@H](/C=C\[C@](C1=O)(C)O)OC(=O)C)C(=O)N[C@@H]3CC4=CC=CC=C4)C)O,,4.499999678657065,,4.800000874803203
C[C@@H]1CC[C@@]2([C@@H](C[C@H]([C@H](O2)[C@H](C)C(=O)C3=CC=CN3)C)C)O[C@@H]1CC4=NC5=C(O4)C=CC(=C5C(=O)O)NC,4.500312917381596,,,5.299997602857746
C1CN[C@H](C[C@H]1CP(=O)(O)O)C(=O)O,4.600326278518962,,,
C1=CC(=C(C=C1Cl)Cl)C2=CC(=C(C(=C2)CP(=O)(O)O)O)C[C@@H](C(=O)O)N,4.698970004336019,4.700000503883016,,
CC(C)(C)NC(=O)[C@H](CN1CCN(CC1)C2=CC=CC=C2OC)C3=CC=CC=C3,6.199970640755866,,4.700000503883016,6.100015437450609
CN1CC[C@@H]2CN3CCC4=C3C(=CC=C4)[C@H]2C1,4.698970004336019,,,4.40000018605658
CC[C@@]1(C[C@H]2C[C@](C3=C(CCN(C2)C1)C4=CC=CC=C4N3)(C5=C(C=C6C(=C5)[C@@]78CCN9[C@H]7[C@](C=CC9)([C@@H]([C@]([C@@H]8N6C)(C(=O)OC)O)C(=O)OC)CC)OC)C(=O)OC)O,,,,4.800000874803203
CC[C@@]1(C[C@H]2C[C@](C3=C(CCN(C2)C1)C4=CC=CC=C4N3)(C5=C(C=C6C(=C5)[C@]78CCN9[C@@H]7[C@](C=CC9)([C@H]([C@@]([C@@H]8N6C=O)(C(=O)OC)O)C(=O)OC)CC)OC)C(=O)OC)O,,,,4.59999938302362
C[C@@]12CC[C@H]3[C@@H]([C@@H]1CC[C@@H]2NCCCCCCN4C(=O)C=CC4=O)CCC5=C3C=CC(=C5)OC,,,5.0,
CCN(CC)C1=NC=NC2=C1N=CN2[C@H]3[C@@H]([C@H]([C@@H](O3)COP(=O)(O)OP(=O)(C(P(=O)(O)O)(Br)Br)O)O)O,4.400116927926312,,6.199970640755866,
CC(=O)O[C@H]1[C@H](CN[C@@H]1CC2=CC=C(C=C2)OC)O,,4.899998417198648,5.0999990348465305,
C1=CC(=C(C=C1[C@H](C(=O)O)N)C(=O)O)C(=O)O,,4.799999460540832,5.0999990348465305,
CC1(CCCCC1)COC2=CC=C(C=C2)C[C@@H]3C(=O)NC(=O)S3,4.500312917381596,,,4.800000874803203
CCCCNC(=O)[C@@H]1CC2=CC=CC=C2N1C(=O)[C@@H](CC)N,4.698970004336019,,4.700000503883016,5.499996931948306
CC(C)(C1=CC=C(C=C1)OC[C@H]2CO2)C3=CC=C(C=C3)OC[C@@H]4CO4,4.500312917381596,,,
CCCN(CCC)C[C@@H]1CCCCN1CCNC(=O)N2C3=CC=CC=C3C(=O)NC4=C2N=CC=C4,4.600326278518962,4.700000503883016,5.599997654072044,4.800000874803203
CCCCN1CCC[C@@H]1CNC(=O)C2=C(C3=CC=CC=C3C(=C2)C#N)OC,4.698970004336019,4.40000018605658,4.800000874803203,5.0999990348465305
C1C[C@H]2CC[C@H](N2)C(=C1)C3=CN=C(C=C3)Cl,4.801342913045577,,,4.40000018605658
CC[N+](CC)(CC)CCOC1=CC=C(C=C1)/C=C\C2=CC=CC=C2,4.500312917381596,,5.0999990348465305,
CC1=C(C=CC(=C1)[C@@](C)(C(=O)O)N)P(=O)(O)O,4.500312917381596,,4.899998417198648,
COC(=O)[C@@H](C1=CC=CC=C1)NC(=O)C2=CC(=NC3=CC=CC=C32)C4=CC=CC=C4,5.5003129173815966,,,5.0999990348465305
CCOC(=O)C1=C(NC(=C([C@@H]1C#CC2=CC=CC=C2)C(=O)OCC3=CC=C(C=C3)[N+](=O)[O-])C4=CC=CC=C4)C,,,,4.800000874803203
CC(=C)CN1CC[C@@]23[C@@H]4C5=C(C[C@@]2([C@@H]1CC6=C3C(=C(C=C6)O)O4)O)C7=CC=CC=C7N5,,,,4.499999678657065
CCS(=O)(=O)N(C)[C@H]1[C@@H](C(OC2=C1C=C(C=C2)C#N)(C)C)O,4.698970004336019,,4.499999678657065,4.800000874803203
C1CO[C@@H](CN1)COC2=CC=CC3=C2OCC(=C3)CN4CCOCC4,4.899629454882437,,,4.40000018605658
C[C@H](C1=CC=CC=N1)C2=C(CC3=CC=CC=C32)CCN(C)C,4.698970004336019,6.299988937677887,4.899998417198648,
C1C[C@H]2[C@@H](C1)[C@@H]3C[C@H]2C[C@H]3OC(=S)[S-].[K+],,4.89999854971442,,5.149997665285454
C1CN(CCN1CCC[C@H](C2=CC=C(C=C2)F)O)C3=NC=C(C=N3)F,4.500312917381596,4.899998417198648,,
C/C(=C\[C@H](C(=O)O)N)/CP(=O)(O)O,4.600326278518962,,5.499996931948306,
CC#C[C@@]1(CC[C@@H]2[C@@]1(C[C@H](C3=C4CCC(=O)C=C4CC[C@@H]23)C5=CC=C(C=C5)N(C)C)C)O,4.600326278518962,,5.0999990348465305,5.900008766455316
COC1=C2CCN(C2=C(C=C1)[N+](=O)[O-])C(=O)CC[C@@H](C(=O)O)N,4.500312917381596,,,
C[C@@H](NCC1=C2C(=CC(=C1)Br)NC(=O)C(=O)N2)P(=O)(O)O,,6.199970640755866,,
C1=CC(=CC=C1C[C@@H](C#N)C2=CC=C(C=C2)O)O,4.899629454882437,4.40000018605658,,4.899998417198648
COC1=CC(=C(C=C1)/C=C\C2=CC(=CC(=C2)OC)OC)OC,6.100179497572904,,,4.800000874803203
CC(C)OC(=O)C1=CC2=C(N1)C=CC=C2OC[C@H](CNC(C)(C)C)O,4.500312917381596,,4.800000874803203,
C1CN[C@@H]1COC2=CC(=CN=C2)I,6.400116927926312,4.499999678657065,4.40000018605658,
CC[C@H](C)C(=O)O[C@H]1CCC=C2[C@H]1[C@H]([C@H](C=C2)C)CC[C@@H]3C[C@@H](CC(=O)O3)O,4.500312917381596,,4.499999678657065,4.899998417198648
CCN(CC)C(=O)C1=CC=C(C=C1)[C@H](C2=CC=CC=C2)N3C[C@H](N(C[C@@H]3C)CC=C)C,4.500312917381596,4.499999678657065,,5.599997654072044
C[C@@H]1C[C@@H]([C@@H]2[C@H]([C@H](C=CC2=C1)C)CC[C@@H]3C[C@H](CC(=O)O3)O)OC(=O)[C@@H](C)CCO,4.500312917381596,,,4.899998417198648
CCOC(=O)C1=C(OC2=C([C@@H]1[C@@H](C#N)C(=O)OCC)C=C(C=C2)Br)N,6.600326278518962,,,4.499999678657065
CC1=C([C@H](C(=C(N1)C)[N+](=O)[O-])C2=CC=CC=C2C(F)(F)F)C(=O)OC,4.400116927926312,6.79997073344623,5.199998172182031,4.899998417198648
C[C@]12[C@@H]3CC[C@@H]([C@@]1(C(=O)OC2=O)C)O3,4.500312917381596,,,5.0999990348465305
COC1=CC=C(C=C1)C(C2=CC=C(C=C2)OC)(C3=CC=C(C=C3)OC)OCCN4CCC[C@H](C4)C(=O)O,4.500312917381596,,,4.499999678657065
CCCCC#CC1=NC(=C2C(=N1)N(C=N2)[C@H]3[C@@H]([C@H]([C@@H](O3)CO)O)O)NC,4.500312917381596,6.199970640755866,4.499999678657065,
CN1CCC2=CC(=C(C=C2[C@@H](C1)C3=CC=CC=C3)O)Br,4.400116927926312,,7.500312917381596,
CN[C@@H]1C[C@@H](C2=CC=CC=C12)C3=CC(=C(C=C3)Cl)Cl,6.0,4.800000874803203,,4.800000874803203
C[C@@H](CN1CCC(CC1)CC2=CC=CC=C2)[C@H](C3=CC=C(C=C3)O)O,4.400116927926312,,,
CC(=O)O[C@H]1[C@H]([C@@H]2[C@]([C@H](CCC2(C)C)O)([C@]3([C@@]1(O[C@@](CC3=O)(C)C=C)C)O)C)OC(=O)CCN(C)C,,6.899974269892137,,5.599997654072044
CC1CCN(CC1)CC[C@H]2CCCN2S(=O)(=O)C3=CC=CC(=C3)O,4.400116927926312,,5.0999990348465305,
CSC1=NC(=C2C(=N1)N(C=N2)[C@@H]3[C@H]([C@@H]([C@H](O3)COP(=O)([O-])OP(=O)([O-])[O-])O)O)N,4.400116927926312,,,
CCCCCCCCCCCCC(=O)N1CCCC[C@H]1CNC(=O)[C@H](CCCCN)N,4.500312917381596,5.0,4.59999938302362,
CCN(CC)CCO[C@H]1CC[C@@]2([C@@H]3CC[C@]4([C@@H]([C@@H]3CC=C2C1)CCC4=O)C)C,,,7.100179497572904,4.800000874803203
CCOC(=O)C1=C(NC2=C1C3=C(C=C2)O[C@H]4C5=C(CCN4C3)C=C(C=C5)OC)C,6.801342913045577,,,5.599997654072044
C(C1=C(C(=O)NO1)Cl)[C@H](C(=O)O)N,,,6.79997073344623,
CCNC(=O)[C@H]1[C@@H]([C@H]([C@@H](O1)N2C=NC3=C(N=CN=C32)N)O)O,,4.59999938302362,,
CO[C@H]1CN(CC[C@@H]1NC(=O)C2=CC(=C(C=C2OC)N)Cl)CCCOC3=CC=C(C=C3)F,4.600326278518962,6.0,5.0999990348465305,5.799998134593398
C1CCC(C1)NC2=C3C(=NC(=N2)Cl)N(C=N3)[C@@H]4[C@H]([C@@H]([C@H](O4)CO)O)O,4.400116927926312,,,
C1=CC=C(C=C1)NC2=NC(=C3C(=N2)N(C=N3)[C@H]4[C@@H]([C@H]([C@@H](O4)CO)O)O)N,4.400116927926312,6.100015437450609,4.800000874803203,
CC1=CC=C(C=C1)S(=O)(=O)/C=C\C#N,5.400116927926312,4.899998417198648,7.801342913045577,4.40000018605658
C[C@H]1[C@@H](CCN1CC2=CC=CC=C2)NC(=O)C3=CC(=C(C=C3OC)NC)Cl,4.500312917381596,,4.499999678657065,5.499996931948306
CC(C)C[C@@H](C(=O)C)NC(=O)[C@@H](CC(C)C)NC(=O)[C@H](CC(C)C)NC(=O)OCC1=CC=CC=C1,4.500312917381596,,,4.899998417198648
CCCCCCC1=C(ONC1=O)C[C@@H](C(=O)O)N,4.550319597950279,,,
CN(CC[C@H](C1=CC=C(C=C1)F)OC2=CC=C(C=C2)C3=CC=CC=C3)CC(=O)O,,5.599997654072044,4.499999678657065,
CC1=CC2=C(C=C1)N=C3[C@@](C2=O)(CCN3C4=CC=CC=C4)O,5.400116927926312,4.899998417198648,4.40000018605658,4.899998417198648
C[C@]1(C(=O)C=C(O1)C(=O)O)C2=CC=CC=C2,4.400116927926312,,,
C1=CC(=CC=C1CN2C(=O)C(=CN(C2=O)C[C@@H](C(=O)O)N)I)C(=O)O,4.500312917381596,,5.599997654072044,
COC1=CC(=C(C=C1C(=O)N[C@@H]2CN3CCC2CC3)Cl)N,,4.899998417198648,4.40000018605658,
CCCCCCCC/C=C\CCCCCCCC(=O)N[C@H](CC1=CC=C(C=C1)O)CO,4.600326278518962,4.499999678657065,6.899974269892137,5.0
C1CN2[C@H](CN1)C(=O)NC3=CC(=C(C=C32)Cl)Cl,7.0,5.299997602857746,5.299997602857746,4.800000874803203
CCC1=NC2=C(C=C1)C(=NC(=O)N2CC)C3=CC(=CC=C3)Cl,6.899629454882437,4.40000018605658,,4.499999678657065
CC1=C([C@H](C(=C(N1CC#C)C)C(=O)OC)C2=CC(=CC=C2)N3OO3)C(=O)CCO,4.899629454882437,,6.199970640755866,5.499996931948306
CS(=O)(=O)C1=CC=C(C=C1)CN2C3=C(CCC[C@H]3CC(=O)O)C4=C2C(=CC(=C4)F)F,,6.400007822415902,,4.40000018605658
C1C[C@@H]([C@H](C1)O)NC2=C3C(=NC=N2)N(C=N3)[C@H]4[C@@H]([C@H]([C@@H](O4)CO)O)O,,,4.800000874803203,
CC1=NC2=C(O1)C=C(C=C2)NC(=O)NC3=C4C(=NC=C3)C=CC=N4,6.0,,5.0,5.0
CSC1=NC(=C(C(=N1)NC2CCCC2)[N+](=O)[O-])NC3CCCC3,5.400116927926312,5.699991797446187,,
C[C@]12CC[C@@H]3C(=CC(=O)[C@H](O3)C(C)(C)O)[C@]1(CC[C@@H]4[C@@]2(C5=C(C4)C6=CC=CC=C6N5)C)O,4.500312917381596,,,4.800000874803203
C[C@@H]1C[C@@H]2[C@@H]3C[C@@H](C4=CC(=O)C=C[C@@]4([C@@]3([C@H](C[C@@]2([C@]1(CC(=O)CO)C(=O)SCF)C)O)F)C)F,,,,5.799998134593398
CC(C)[C@H](CO)NC1=NC(=C2C(=N1)N(C=N2)C(C)C)NC3=CC(=CC(=C3)N)Cl,6.300162274132754,4.700000503883016,,6.50003813440381
C1CCC2=C(C1)C3=CC=CC4=C3N2CCNC4,7.199970640755866,5.599997654072044,5.699991797446187,5.499996931948306
CC1(C2=C(C3=CC=CC=C3C(=O)C2=O)NC1=O)C,5.5003129173815966,4.59999938302362,5.599997654072044,4.499999678657065
CC#CCOC(=O)C1=CCCN(C1)C.CC1=CC=C(C=C1)S(=O)(=O)O,4.801342913045577,,4.499999678657065,
CC1=CC=C(C=C1)S(=O)(=O)O.CN1CCC=C(C1)C(=O)OCC#C,4.400116927926312,,4.800000874803203,
C[C@H](CC(=O)O)CN.C[C@H](CC(=O)O)CN.C1=CC2=C(C=CC=C2S(=O)(=O)O)C(=C1)S(=O)(=O)O,4.400116927926312,,,
CSC(=[NH2+])N.CSC(=[NH2+])N.[O-]S(=O)(=O)[O-],,,7.300162274132754,
CNC1=C2C(=NC=N1)N(C=N2)[C@H]3C[C@@H]([C@@H](O3)COP(=O)(O)O)OP(=O)(O)O.N.N.N.N,4.500312917381596,4.899998417198648,5.299997602857746,
CCCC[P+](CCCC)(CCCC)CC1=CC=C(C=C1)NC(=O)[C@@H](CC2=CC3=CC=CC=C3C=C2)NC(=NC4CCCCC4)NC5CCCCC5.Cl.[Cl-],4.500312917381596,,,4.59999938302362
CC(=C)[C@@H]1[C@@H]2[C@@H]3[C@]4([C@]([C@H]1C(=O)O2)(C[C@@H]5[C@]4(O5)C(=O)O3)O)C.C[C@]12[C@H]3[C@H]4[C@H]([C@@H]([C@@]1(C[C@@H]5[C@]2(O5)C(=O)O3)O)C(=O)O4)C(C)(C)O,4.400116927926312,4.59999938302362,4.700000503883016,4.899998417198648
CC[C@@H](C)[C@@H]1[C@H](CC[C@@]2(O1)C[C@@H]3C[C@@H](O2)C/C=C(\[C@@H]([C@H](/C=C\C=C4CO[C@H]5[C@@]4([C@@H](C=C([C@H]5O)C)C(=O)O3)O)C)O[C@@H]6C[C@@H]([C@@H]([C@@H](O6)C)O[C@@H]7C[C@@H]([C@H]([C@@H](O7)C)O)OC)OC)/C)C.C[C@H]1CC[C@]2(C[C@@H]3C[C@@H](O2)C/C=C(\[C@@H]([C@H](/C=C\C=C4CO[C@H]5[C@@]4([C@@H](C=C([C@H]5O)C)C(=O)O3)O)C)O[C@@H]6C[C@@H]([C@@H]([C@@H](O6)C)O[C@@H]7C[C@@H]([C@H]([C@@H](O7)C)O)OC)OC)/C)O[C@@H]1C(C)C,,4.59999938302362,,
C1C2=CC=C(CNC3=CC=[N+](CC4=CC=CC(=C4)C[N+]5=CC=C(N1)C6=CC=CC=C65)C7=CC=CC=C37)C=C2.C(=O)(C(F)(F)F)[O-].C(=O)(C(F)(F)F)[O-],,5.599997654072044,4.40000018605658,
CC1=C(C=CC(=C1)CN2C=NC3=C2C[C@H](N(C3)C(=O)C(C4=CC=CC=C4)C5=CC=CC=C5)C(=O)O)N(C)C.C(=O)(C(F)(F)F)O.C(=O)(C(F)(F)F)O,4.600326278518962,4.899998417198648,4.40000018605658,4.899998417198648
N.N.N.N.NNNNN.NNNNN.O.O.Cl.Cl.Cl.Cl.Cl.Cl.[Ru].[Ru].[Ru],,4.59999938302362,6.899974269892137,
CC(C)C1=NC(=C(C=C1)C(=O)C2=CC=CS2)SCCCCCCCCNC.C(C(=O)O)C(=O)O,4.500312917381596,4.59999938302362,8.200659450546418,5.599997654072044
COC1=C(C2=C(N1)C=CC(=C2)F)C(=O)OCC3CCN(CC3)CCNS(=O)(=O)C.NS(=O)(=O)O,,4.40000018605658,,4.499999678657065
CC(C)C1=C(NC2=CC=CC=C21)S(=O)(=O)C3=CC=C(C=C3)OCCCN(C)CCC4=CC(=C(C=C4)OC)OC,,,,5.599997654072044
CC(C)[C@@]1(C(=O)N2[C@H](C(=O)N3CCC[C@@H]3[C@@]2(O1)O)CC4=CC=CC=C4)NC(=O)[C@@H]5C[C@@H]6[C@H](CC7=CNC8=CC=CC6=C78)N(C5)C.CS(=O)(=O)O,4.500312917381596,5.199998172182031,,5.699991797446187
C[C@@H](CO[C@@H]1[C@H]([C@H]2[C@H](O[C@@H]1O[C@@H]3[C@H](O[C@@H]([C@@H]([C@H]3O)O)O[C@@H]4[C@H](O[C@@H]([C@@H]([C@H]4O)O)O[C@@H]5[C@H](O[C@@H]([C@@H]([C@H]5O)O)O[C@@H]6[C@H](O[C@@H]([C@@H]([C@H]6O)OC[C@H](C)O)O[C@@H]7[C@H](O[C@@H]([C@@H]([C@H]7O)OC[C@H](C)O)O[C@@H]8[C@H](O[C@H](O2)[C@@H]([C@H]8O)O)CO)CO)CO)CO)CO)CO)CO)O)O,4.400116927926312,,,
CC(C)[C@@H](CC(=O)N[C@@H]1CCNC[C@H]1C(=O)N[C@@H](CC2=CC=CC=C2)CC(=O)N[C@@H](CCC(=O)O)CC(=O)O)NC(=O)C[C@H](CC3=CC=CC=C3)NC(=O)[C@@H]4CNCC[C@H]4N,4.801342913045577,,,
C1CNC[C@H]([C@@H]1N)C(=O)N[C@@H](CC2=CC=CC=C2)CC(=O)N[C@@H](CCCN)CC(=O)N[C@@H]3CCNC[C@H]3C(=O)N[C@@H](CC4=CC=CC=C4)CC(=O)N[C@@H](CCC(=O)O)CC(=O)O,4.500312917381596,,,
CC(C)[C@@H](CC(=O)N[C@@H]1CCCC[C@H]1C(=O)N[C@@H](CC2=CC=CC=C2)CC(=O)N[C@@H](CCC(=O)O)CC(=O)O)NC(=O)C[C@H](CC3=CC=CC=C3)NC(=O)[C@@H]4CNCC[C@H]4N,4.600326278518962,5.199998172182031,,
C1CC[C@H]([C@@H](C1)C(=O)N[C@@H](CC2=CC=CC=C2)CC(=O)N[C@@H](CCC(=O)O)CC(=O)O)NC(=O)C[C@H](CCCN)NC(=O)C[C@H](CC3=CC=CC=C3)NC(=O)[C@@H]4CNCC[C@H]4N,4.400116927926312,,,
CC(C)[C@@H](CC(=O)N[C@@H]1CCNC[C@H]1C(=O)N[C@@H](CC2=CNC3=CC=CC=C32)CC(=O)N[C@@H](CCC(=O)O)CC(=O)O)NC(=O)C[C@H](CC4=CC=CC=C4)NC(=O)[C@@H]5CNCC[C@H]5N,4.500312917381596,,,
C1CNC[C@H]([C@@H]1N)C(=O)N[C@@H](CC2=CC=CC=C2)CC(=O)N[C@@H](CCCN)CC(=O)N[C@@H]3CCNC[C@H]3C(=O)N[C@@H](CC4=CNC5=CC=CC=C54)CC(=O)N[C@@H](CCC(=O)O)CC(=O)O,4.500312917381596,,,
C1CC[C@H]([C@@H](C1)C(=O)N[C@@H](CC2=CNC3=CC=CC=C32)CC(=O)N[C@@H](CCC(=O)O)CC(=O)O)NC(=O)C[C@H](CCCN)NC(=O)C[C@H](CC4=CC=CC=C4)NC(=O)[C@@H]5CNCC[C@H]5N,4.801342913045577,,,
CC(C)C[C@@H](CC(=O)N[C@@H](CCC(=O)O)CC(=O)O)NC(=O)[C@@H]1CNCC[C@H]1NC(=O)C[C@H](C(C)C)NC(=O)C[C@H](CC2=CC=CC=C2)NC(=O)[C@@H]3CNCC[C@H]3N,4.500312917381596,,,
CC(C)C[C@@H](CC(=O)N[C@@H](CCC(=O)O)CC(=O)O)NC(=O)[C@@H]1CNCC[C@H]1NC(=O)C[C@H](CCCN)NC(=O)C[C@H](CC2=CC=CC=C2)NC(=O)[C@@H]3CNCC[C@H]3N,4.500312917381596,,,
CC(C)C[C@@H](CC(=O)N[C@@H](CCC(=O)O)CC(=O)O)NC(=O)[C@@H]1CCCC[C@H]1NC(=O)C[C@H](C(C)C)NC(=O)C[C@H](CC2=CC=CC=C2)NC(=O)[C@@H]3CNCC[C@H]3N,4.899629454882437,,,
C/C=C(/C[C@@H](CC(=O)N[C@@H](CCC(=O)O)CC(=O)O)NC(=O)[C@@H]1CNCC[C@H]1NC(=O)C[C@H](C(C)C)NC(=O)C[C@H](CC2=CC=CC=C2)NC(=O)[C@@H]3CCCC[C@H]3N)\C=C,4.801342913045577,,,
C1CC[C@H]([C@@H](C1)C(=O)N[C@@H](CC2=CC=CC=C2)CC(=O)N[C@@H](CCCN)CC(=O)N[C@@H]3CCNC[C@H]3C(=O)N[C@@H](CC4=CC=CC=C4)CC(=O)N[C@@H](CCC(=O)O)CC(=O)O)N,4.400116927926312,,,
CC(C)[C@@H](CC(=O)N[C@@H]1CCCC[C@H]1C(=O)N[C@@H](CC2=CC=CC=C2)CC(=O)N[C@@H](CCC(=O)O)CC(=O)O)NC(=O)C[C@H](CC3=CC=CC=C3)NC(=O)[C@@H]4CCCC[C@H]4N,4.801342913045577,,,
C1CC[C@H]([C@@H](C1)C(=O)N[C@@H](CC2=CC=CC=C2)CC(=O)N[C@@H](CCCN)CC(=O)N[C@@H]3CCCC[C@H]3C(=O)N[C@@H](CC4=CC=CC=C4)CC(=O)N[C@@H](CCC(=O)O)CC(=O)O)N,4.500312917381596,,,
CC(C)[C@@H](CC(=O)N[C@@H]1CCNC[C@H]1C(=O)N[C@@H](CC2=CNC3=CC=CC=C32)CC(=O)N[C@@H](CCC(=O)O)CC(=O)O)NC(=O)C[C@H](CC4=CC=CC=C4)NC(=O)[C@@H]5CCCC[C@H]5N,4.500312917381596,,,
C1CC[C@H]([C@@H](C1)C(=O)N[C@@H](CC2=CC=CC=C2)CC(=O)N[C@@H](CCCN)CC(=O)N[C@@H]3CCNC[C@H]3C(=O)N[C@@H](CC4=CNC5=CC=CC=C54)CC(=O)N[C@@H](CCC(=O)O)CC(=O)O)N,4.400116927926312,,,
C1CC[C@H]([C@@H](C1)C(=O)N[C@@H](CC2=CC=CC=C2)CC(=O)N[C@@H](CCCN)CC(=O)N[C@@H]3CCCC[C@H]3C(=O)N[C@@H](CC4=CNC5=CC=CC=C54)CC(=O)N[C@@H](CCC(=O)O)CC(=O)O)N,4.600326278518962,,,
CC(C)C[C@@H](CC(=O)N[C@@H](CCC(=O)O)CC(=O)O)NC(=O)[C@@H]1CNCC[C@H]1NC(=O)C[C@H](C(C)C)NC(=O)C[C@H](CC2=CC=CC=C2)NC(=O)[C@@H]3CCCC[C@H]3N,4.500312917381596,,,
CC(C)C[C@@H](CC(=O)N[C@@H](CCC(=O)O)CC(=O)O)NC(=O)[C@@H]1CNCC[C@H]1NC(=O)C[C@H](CCCN)NC(=O)C[C@H](CC2=CC=CC=C2)NC(=O)[C@@H]3CCCC[C@H]3N,4.600326278518962,,,
CC(C)[C@@H](CC(=O)N[C@@H]1CCCC[C@H]1C(=O)N[C@@H](CC2=CC=CC=C2)CC(=O)N[C@@H](CCC(=O)O)CC(=O)O)NC(=O)C[C@H](CC3=CNC4=CC=CC=C43)NC(=O)[C@@H]5CNCC[C@H]5N,4.400116927926312,,5.599997654072044,
C1CC[C@H]([C@@H](C1)C(=O)N[C@@H](CC2=CC=CC=C2)CC(=O)N[C@@H](CCC(=O)O)CC(=O)O)NC(=O)C[C@H](CCCN)NC(=O)C[C@H](CC3=CNC4=CC=CC=C43)NC(=O)[C@@H]5CNCC[C@H]5N,7.0,,,
C1CNC[C@H]([C@@H]1N)C(=O)N[C@@H](CC2=CNC3=CC=CC=C32)CC(=O)N[C@@H](CCCN)CC(=O)N[C@@H]4CCNC[C@H]4C(=O)N[C@@H](CC5=CNC6=CC=CC=C65)CC(=O)N[C@@H](CCC(=O)O)CC(=O)O,,4.499999678657065,4.40000018605658,
CC(C)C[C@@H](CC(=O)N[C@@H](CCC(=O)O)CC(=O)O)NC(=O)[C@@H]1CCCC[C@H]1NC(=O)C[C@H](C(C)C)NC(=O)C[C@H](CC2=CNC3=CC=CC=C32)NC(=O)[C@@H]4CNCC[C@H]4N,,,5.499996931948306,
CC(C)C[C@@H](CC(=O)N[C@@H](CCC(=O)O)CC(=O)O)NC(=O)[C@@H]1CCCC[C@H]1NC(=O)C[C@H](CCCN)NC(=O)C[C@H](CC2=CNC3=CC=CC=C32)NC(=O)[C@@H]4CNCC[C@H]4N,,,5.499996931948306,
CC(C)[C@@H](CC(=O)N[C@@H]1CCNC[C@H]1C(=O)N[C@@H](CC2=CC=CC=C2)CC(=O)N[C@@H](CCC(=O)O)CC(=O)O)NC(=O)C[C@H](CC3=CNC4=CC=CC=C43)NC(=O)[C@@H]5CCCC[C@H]5N,4.400116927926312,,,
CC(C)C[C@@H](CC(=O)N[C@@H](CCC(=O)O)CC(=O)O)NC(=O)[C@@H]1CNCC[C@H]1NC(=O)C[C@H](CCCN)NC(=O)C[C@H](CC2=CNC3=CC=CC=C32)NC(=O)[C@@H]4CCCC[C@H]4N,4.500312917381596,,,
CC(C)C[C@@H](CC(=O)N[C@@H](CCC(=O)O)CC(=O)O)NC(=O)[C@@H]1CCCC[C@H]1NC(=O)C[C@H](CCCN)NC(=O)C[C@H](CC2=CNC3=CC=CC=C32)NC(=O)[C@@H]4CCCC[C@H]4N,4.600326278518962,,,
CC(C)C[C@@H](CC(=O)N[C@H](CC(=O)N[C@@H]1CCNC[C@H]1C(=O)N[C@@H](CC2=CC=CC=C2)CC(=O)N[C@@H](CCC(=O)O)CC(=O)O)C(C)C)NC(=O)[C@@H]3CNCC[C@H]3N,4.500312917381596,,,
CC(C)C[C@@H](CC(=O)N[C@@H](CCCN)CC(=O)N[C@@H]1CCNC[C@H]1C(=O)N[C@@H](CC2=CC=CC=C2)CC(=O)N[C@@H](CCC(=O)O)CC(=O)O)NC(=O)[C@@H]3CNCC[C@H]3N,4.400116927926312,,,
CC(C)C[C@@H](CC(=O)N[C@H](CC(=O)N[C@@H]1CCCC[C@H]1C(=O)N[C@@H](CC2=CC=CC=C2)CC(=O)N[C@@H](CCC(=O)O)CC(=O)O)C(C)C)NC(=O)[C@@H]3CNCC[C@H]3N,4.698970004336019,4.499999678657065,,
CC(C)C[C@@H](CC(=O)N[C@@H](CCCN)CC(=O)N[C@@H]1CCCC[C@H]1C(=O)N[C@@H](CC2=CC=CC=C2)CC(=O)N[C@@H](CCC(=O)O)CC(=O)O)NC(=O)[C@@H]3CNCC[C@H]3N,4.600326278518962,,,
CC(C)C[C@@H](CC(=O)N[C@@H](CCC(=O)O)CC(=O)O)NC(=O)[C@@H]1CNCC[C@H]1NC(=O)C[C@H](C(C)C)NC(=O)C[C@H](CC(C)C)NC(=O)[C@@H]2CNCC[C@H]2N,,4.40000018605658,,
CC(C)C[C@@H](CC(=O)N[C@@H](CCCN)CC(=O)N[C@@H]1CCNC[C@H]1C(=O)N[C@@H](CC(C)C)CC(=O)N[C@@H](CCC(=O)O)CC(=O)O)NC(=O)[C@@H]2CNCC[C@H]2N,7.698970004336019,4.40000018605658,,
CC(C)C[C@@H](CC(=O)N[C@@H](CCC(=O)O)CC(=O)O)NC(=O)[C@@H]1CCCC[C@H]1NC(=O)C[C@H](CCCN)NC(=O)C[C@H](CC(C)C)NC(=O)[C@@H]2CNCC[C@H]2N,7.100179497572904,4.40000018605658,,
CC(C)C[C@@H](CC(=O)N[C@@H](CCCN)CC(=O)N[C@@H]1CCNC[C@H]1C(=O)N[C@@H](CC2=CC=CC=C2)CC(=O)N[C@@H](CCC(=O)O)CC(=O)O)NC(=O)[C@@H]3CCCC[C@H]3N,4.400116927926312,,,
CC(C)C[C@@H](CC(=O)N[C@H](CC(=O)N[C@@H]1CCCC[C@H]1C(=O)N[C@@H](CC2=CC=CC=C2)CC(=O)N[C@@H](CCC(=O)O)CC(=O)O)C(C)C)NC(=O)[C@@H]3CCCC[C@H]3N,4.400116927926312,4.40000018605658,,
CC(C)C[C@@H](CC(=O)N[C@@H](CCCN)CC(=O)N[C@@H]1CCCC[C@H]1C(=O)N[C@@H](CC2=CC=CC=C2)CC(=O)N[C@@H](CCC(=O)O)CC(=O)O)NC(=O)[C@@H]3CCCC[C@H]3N,,5.399996913372259,,
CC(C)C[C@@H](CC(=O)N[C@H](CC(=O)N[C@@H]1CCNC[C@H]1C(=O)N[C@@H](CC2=CNC3=CC=CC=C32)CC(=O)N[C@@H](CCC(=O)O)CC(=O)O)C(C)C)NC(=O)[C@@H]4CCCC[C@H]4N,4.698970004336019,4.59999938302362,5.499996931948306,
CC(C)C[C@@H](CC(=O)N[C@@H](CCCN)CC(=O)N[C@@H]1CCNC[C@H]1C(=O)N[C@@H](CC2=CNC3=CC=CC=C32)CC(=O)N[C@@H](CCC(=O)O)CC(=O)O)NC(=O)[C@@H]4CCCC[C@H]4N,,4.499999678657065,,
CC(C)C[C@@H](CC(=O)N[C@@H](CCCN)CC(=O)N[C@@H]1CCCC[C@H]1C(=O)N[C@@H](CC2=CNC3=CC=CC=C32)CC(=O)N[C@@H](CCC(=O)O)CC(=O)O)NC(=O)[C@@H]4CCCC[C@H]4N,,4.40000018605658,,
CC(C)C[C@@H](CC(=O)N[C@H](CC(=O)N[C@@H]1CCNC[C@H]1C(=O)N[C@@H](CC(C)C)CC(=O)N[C@@H](CCC(=O)O)CC(=O)O)C(C)C)NC(=O)[C@@H]2CCCC[C@H]2N,,4.40000018605658,4.40000018605658,
CC(C)C[C@@H](CC(=O)N[C@@H](CCCN)CC(=O)N[C@@H]1CCNC[C@H]1C(=O)N[C@@H](CC(C)C)CC(=O)N[C@@H](CCC(=O)O)CC(=O)O)NC(=O)[C@@H]2CCCC[C@H]2N,8.0,4.899998417198648,,
CC(C)C[C@@H](CC(=O)N[C@@H](CCC(=O)O)CC(=O)O)NC(=O)[C@@H]1CCCC[C@H]1NC(=O)C[C@H](C(C)C)NC(=O)C[C@H](CC(C)C)NC(=O)[C@@H]2CCCC[C@H]2N,,4.40000018605658,,
CC(C)[C@@H](CC(=O)N[C@@H]1CCNC[C@H]1C(=O)N[C@@H](CC2=CC=CC=C2)CC(=O)N[C@@H](CCC(=O)O)CC(=O)O)NC(=O)C[C@H](CO)NC(=O)[C@@H]3CNCC[C@H]3N,,4.59999938302362,,
C1CNC[C@H]([C@@H]1N)C(=O)N[C@H](CC(=O)N[C@@H](CCCN)CC(=O)N[C@@H]2CCNC[C@H]2C(=O)N[C@@H](CC3=CC=CC=C3)CC(=O)N[C@@H](CCC(=O)O)CC(=O)O)CO,4.400116927926312,4.800000874803203,,
CC(C)[C@@H](CC(=O)N[C@@H]1CCCC[C@H]1C(=O)N[C@@H](CC2=CC=CC=C2)CC(=O)N[C@@H](CCC(=O)O)CC(=O)O)NC(=O)C[C@H](CO)NC(=O)[C@@H]3CNCC[C@H]3N,,4.499999678657065,,
C1CC[C@H]([C@@H](C1)C(=O)N[C@@H](CC2=CC=CC=C2)CC(=O)N[C@@H](CCC(=O)O)CC(=O)O)NC(=O)C[C@H](CCCN)NC(=O)C[C@H](CO)NC(=O)[C@@H]3CNCC[C@H]3N,,4.40000018605658,,
CC(C)[C@@H](CC(=O)N[C@@H]1CCNC[C@H]1C(=O)N[C@@H](CC2=CNC3=CC=CC=C32)CC(=O)N[C@@H](CCC(=O)O)CC(=O)O)NC(=O)C[C@H](CO)NC(=O)[C@@H]4CNCC[C@H]4N,,4.40000018605658,,
C1CNC[C@H]([C@@H]1N)C(=O)N[C@H](CC(=O)N[C@@H](CCCN)CC(=O)N[C@@H]2CCNC[C@H]2C(=O)N[C@@H](CC3=CNC4=CC=CC=C43)CC(=O)N[C@@H](CCC(=O)O)CC(=O)O)CO,,4.40000018605658,,
CC(C)[C@@H](CC(=O)N[C@@H]1CCCC[C@H]1C(=O)N[C@@H](CC2=CNC3=CC=CC=C32)CC(=O)N[C@@H](CCC(=O)O)CC(=O)O)NC(=O)C[C@H](CO)NC(=O)[C@@H]4CNCC[C@H]4N,,4.499999678657065,,
C1CC[C@H]([C@@H](C1)C(=O)N[C@@H](CC2=CNC3=CC=CC=C32)CC(=O)N[C@@H](CCC(=O)O)CC(=O)O)NC(=O)C[C@H](CCCN)NC(=O)C[C@H](CO)NC(=O)[C@@H]4CNCC[C@H]4N,,4.899998417198648,4.40000018605658,
CC(C)C[C@@H](CC(=O)N[C@@H](CCC(=O)O)CC(=O)O)NC(=O)[C@@H]1CNCC[C@H]1NC(=O)C[C@H](C(C)C)NC(=O)C[C@H](CO)NC(=O)[C@@H]2CNCC[C@H]2N,,5.199998172182031,,
CC(C)C[C@@H](CC(=O)N[C@@H](CCC(=O)O)CC(=O)O)NC(=O)[C@@H]1CNCC[C@H]1NC(=O)C[C@H](CCCN)NC(=O)C[C@H](CO)NC(=O)[C@@H]2CNCC[C@H]2N,,4.59999938302362,,
CC(C)C[C@@H](CC(=O)N[C@@H](CCC(=O)O)CC(=O)O)NC(=O)[C@@H]1CCCC[C@H]1NC(=O)C[C@H](C(C)C)NC(=O)C[C@H](CO)NC(=O)[C@@H]2CNCC[C@H]2N,,4.499999678657065,,
CC(C)C[C@@H](CC(=O)N[C@@H](CCC(=O)O)CC(=O)O)NC(=O)[C@@H]1CCCC[C@H]1NC(=O)C[C@H](CCCN)NC(=O)C[C@H](CO)NC(=O)[C@@H]2CNCC[C@H]2N,,4.499999678657065,,
C1CC[C@H]([C@@H](C1)C(=O)N[C@H](CC(=O)N[C@@H](CCCN)CC(=O)N[C@@H]2CCNC[C@H]2C(=O)N[C@@H](CC3=CC=CC=C3)CC(=O)N[C@@H](CCC(=O)O)CC(=O)O)CO)N,,,5.0999990348465305,
CC(C)[C@@H](CC(=O)N[C@@H]1CCCC[C@H]1C(=O)N[C@@H](CC2=CC=CC=C2)CC(=O)N[C@@H](CCC(=O)O)CC(=O)O)NC(=O)C[C@H](CO)NC(=O)[C@@H]3CCCC[C@H]3N,,4.40000018605658,,
C1CC[C@H]([C@@H](C1)C(=O)N[C@H](CC(=O)N[C@@H](CCCN)CC(=O)N[C@@H]2CCCC[C@H]2C(=O)N[C@@H](CC3=CC=CC=C3)CC(=O)N[C@@H](CCC(=O)O)CC(=O)O)CO)N,7.199970640755866,4.40000018605658,,
C1CC[C@H]([C@@H](C1)C(=O)N[C@H](CC(=O)N[C@@H](CCCN)CC(=O)N[C@@H]2CCCC[C@H]2C(=O)N[C@@H](CC3=CNC4=CC=CC=C43)CC(=O)N[C@@H](CCC(=O)O)CC(=O)O)CO)N,,4.499999678657065,,
CC(C)C[C@@H](CC(=O)N[C@@H](CCC(=O)O)CC(=O)O)NC(=O)[C@@H]1CCCC[C@H]1NC(=O)C[C@H](C(C)C)NC(=O)C[C@H](CO)NC(=O)[C@@H]2CCCC[C@H]2N,,4.700000503883016,,
CC(C)C[C@@H](CC(=O)N[C@@H](CCC(=O)O)CC(=O)O)NC(=O)[C@@H]1CCCC[C@H]1NC(=O)C[C@H](CCCN)NC(=O)C[C@H](CO)NC(=O)[C@@H]2CCCC[C@H]2N,,4.40000018605658,4.40000018605658,
C1CC[C@H]([C@@H](C1)C(=O)N[C@@H](CC2=CNC3=CC=CC=C32)CC(=O)N[C@@H](CCCN)CC(=O)N[C@@H]4CCNC[C@H]4C(=O)N[C@@H](CC5=CC=CC=C5)CC(=O)N[C@@H](CCC(=O)O)CC(=O)O)N,4.400116927926312,4.40000018605658,,
C1CC[C@H]([C@@H](C1)C(=O)N[C@@H](CC2=CNC3=CC=CC=C32)CC(=O)N[C@@H](CCCN)CC(=O)N[C@@H]4CCCC[C@H]4C(=O)N[C@@H](CC5=CC=CC=C5)CC(=O)N[C@@H](CCC(=O)O)CC(=O)O)N,4.400116927926312,,,
CCCN1C(=NC2=C(N=C(N=C21)C)NCCCN3CCOCC3)C4=CC=C(C=C4)F,,,,5.299997602857746
CCCN1C(=NC2=C(N=C(N=C21)C)NCC3CCCN3CC)C4=CC=C(C=C4)F,,,,4.800000874803203
CCCN1C(=NC2=C(N=C(N=C21)C)NCCCN(CC)CC)C3=CC=C(C=C3)F,,,,4.700000503883016
CCCN1C(=NC2=C(N=C(N=C21)C)NCCN(CC)CC)C3=CC=C(C=C3)F,,,,4.800000874803203
CCCN1C(=NC2=C(N=C(N=C21)C)NC(C)CCCN(CC)CC)C3=CC=C(C=C3)F,,,,5.0
CCCN1C(=NC2=C(N=C(N=C21)C)NCCN3CCCCC3)C4=CC=C(C=C4)F,,,,4.800000874803203
CCCN1C(=NC2=C(N=C(N=C21)C)NCCN3CCOCC3)C4=CC=C(C=C4)F,,,,5.0999990348465305
CCCN1C(=NC2=C(N=C(N=C21)C)NC3CCN(CC3)CC4=CC=CC=C4)C5=CC=C(C=C5)F,,,,4.800000874803203
CCCN1C(=NC2=C(N=C(N=C21)C)NCC(C)(C)CN(C)C)C3=CC=C(C=C3)F,,,,4.800000874803203
CCCN1C(=NC2=C(N=C(N=C21)C)NCCCN3CCCCC3C)C4=CC=C(C=C4)F,,,,5.0
CCCN1C(=NC2=C(N=C(N=C21)C)NCCN3CCSCC3)C4=CC=C(C=C4)F,,,,4.700000503883016
CCCN1C(=NC2=C(N=C(N=C21)C)NCCCCN(CC)CC)C3=CC=C(C=C3)F,,,,5.0
CCCN1C(=NC2=C(N=C(N=C21)C)NC3CC4CCC(C3)N4C)C5=CC=C(C=C5)F,,,,4.800000874803203
CCCN1C(=NC2=C(N=C(N=C21)C)NC3CCN(C3)CC4=CC=CC=C4)C5=CC=C(C=C5)F,,,,4.800000874803203
CCCN1C(=NC2=C(N=C(N=C21)C)NCCCCN(C)C)C3=CC=C(C=C3)F,,,,4.59999938302362
CCCN1C(=NC2=C(N=C(N=C21)C)NC(C)CN(C)C)C3=CC=C(C=C3)F,,,,4.700000503883016
CCCN1C(=NC2=C(N=C(N=C21)C)NCCCCN3CCCC3)C4=CC=C(C=C4)F,,,,4.800000874803203
CCCN1C(=NC2=C(N=C(N=C21)C)NCC3CCN(CC3)C)C4=CC=C(C=C4)F,,,,4.800000874803203
CCCN1C(=NC2=C(N=C(N=C21)C)NCCCN(CCO)CCO)C3=CC=C(C=C3)F,,,,4.800000874803203
CCCN1C(=NC2=C(N=C(N=C21)C)NCCN(C(C)C)C(C)C)C3=CC=C(C=C3)F,,,,5.0
CCCN1C2=C(C(=NC(=N2)C)N3CCN(CC3)C)N=C1C4=CC=C(C=C4)F,,,,4.899998417198648
CCCN1C2=C(C(=NC(=N2)C)N(C)CCN(C)C)N=C1C3=CC=C(C=C3)F,,,,4.59999938302362
CCCN1C2=C(C(=NC(=N2)C)N3CCCN(CC3)CC4=CC=CC=C4)N=C1C5=CC=C(C=C5)F,,,,5.499996931948306
CCCN1C2=C(C(=NC(=N2)C)N3CCN(CC3)CC4=NC(=CC(=N4)OC)OC)N=C1C5=CC=C(C=C5)F,,,,5.399996913372259
CCCN1C2=C(C(=NC(=N2)C)N3CCC(C3)N(C)C)N=C1C4=CC=C(C=C4)F,,,,4.800000874803203
CCCN1C2=C(C(=NC(=N2)C)N3CCN(CC3)CCN4C=CN=C4)N=C1C5=CC=C(C=C5)F,,,,6.199970640755866
CCCN1C2=C(C(=NC(=N2)C)N3CCN(CC3)CCC(=O)OCC)N=C1C4=CC=C(C=C4)F,,,,4.899998417198648
CCCCNC1=C2C(=NC(=N1)C)N(C(=N2)C3=CC=CC=C3)CCCN(C)C,,,,4.800000874803203
CC1=NC(=C2C(=N1)N(C(=N2)C3=CC=CC=C3)CCCN(C)C)NCC4=CC=CC=C4,,,,4.899998417198648
CC1=NC(=C2C(=N1)N(C(=N2)C3=CC=CC=C3)CCCN(C)C)NC4CCCCC4,,,,4.700000503883016
CC1=NC2=C(C(=N1)N(CCOC)CCOC)N=C(N2CCCN(C)C)C3=CC=CC=C3,,,,5.0999990348465305
CC1=NC(=C2C(=N1)N(C(=N2)C3=CC=CC=C3)CCCN4CCOCC4)NCC5=CC=CC=C5,,,,5.399996913372259
CC1=NC(=C2C(=N1)N(C(=N2)C3=CC=CC=C3)CCCN4CCOCC4)NC5CCCCC5,,,,5.299997602857746
CC1=NC2=C(C(=N1)N3CCOCC3)N=C(N2CCCN4CCOCC4)C5=CC=CC=C5,,,,4.800000874803203
CCCCNC1=C2C(=NC(=N1)C)N(C(=N2)C3=CC=CC=C3)C(C)CCCN(CC)CC,,,,5.0
CCN(CC)CCCC(C)N1C(=NC2=C(N=C(N=C21)C)NCC3=CC=CC=C3)C4=CC=CC=C4,,,,5.299997602857746
CCN(CC)CCCC(C)N1C(=NC2=C(N=C(N=C21)C)NC3CCCCC3)C4=CC=CC=C4,,,,4.899998417198648
CCN(CC)CCCC(C)N1C(=NC2=C(N=C(N=C21)C)NCCOC)C3=CC=CC=C3,,,,4.700000503883016
CCN(CC)CCCC(C)N1C2=C(C(=NC(=N2)C)N3CCOCC3)N=C1C4=CC=CC=C4,,,,4.800000874803203
CCN(CC)CCCC(C)N1C2=C(C(=NC(=N2)C)N(CCOC)CCOC)N=C1C3=CC=CC=C3,,,,5.0
CCCCNC1=C2C(=NC(=N1)C)N(C(=N2)C3=CC=CC=C3)CCN(C)C,,,,4.800000874803203
CC1=NC(=C2C(=N1)N(C(=N2)C3=CC=CC=C3)CCN(C)C)NCC4=CC=CC=C4,,,,4.899998417198648
CC1=NC(=C2C(=N1)N(C(=N2)C3=CC=CC=C3)CCN(C)C)NC4CCCCC4,,,,4.59999938302362
CC1=NC2=C(C(=N1)N(CCOC)CCOC)N=C(N2CCN(C)C)C3=CC=CC=C3,,,,4.800000874803203
CCCCNC1=C2C(=NC(=N1)C)N(C(=N2)C3=CC=CC=C3)CCN4CCCCC4,,,,5.499996931948306
CC1=NC(=C2C(=N1)N(C(=N2)C3=CC=CC=C3)CCN4CCCCC4)NCC5=CC=CC=C5,,,,5.599997654072044
CC1=NC(=C2C(=N1)N(C(=N2)C3=CC=CC=C3)CCN4CCCCC4)NC5CCCCC5,,,,5.0999990348465305
CC1=NC(=C2C(=N1)N(C(=N2)C3=CC=CC=C3)CCN4CCCCC4)NCCOC,,,,5.0
CC1=NC2=C(C(=N1)N3CCOCC3)N=C(N2CCN4CCCCC4)C5=CC=CC=C5,,,,5.599997654072044
CC1=NC(=C2C(=N1)N(C(=N2)C3=CC=CC=C3)CCN4CCOCC4)NCC5=CC=CC=C5,,,,6.199970640755866
CC1=NC(=C2C(=N1)N(C(=N2)C3=CC=CC=C3)CCN4CCOCC4)NC5=CC=CC=C5,,,,5.799998134593398
CC1=NC2=C(C(=N1)N3CCOCC3)N=C(N2CCN4CCOCC4)C5=CC=CC=C5,,,,5.0
CC1=NC2=C(C(=N1)N(CCOC)CCOC)N=C(N2CCN3CCOCC3)C4=CC=CC=C4,,,,6.0
CCCCNC1=C2C(=NC(=N1)C)N(C(=N2)C3=CC=CC=C3)CCN4CCCC4,,,,4.899998417198648
CC1=NC(=C2C(=N1)N(C(=N2)C3=CC=CC=C3)CCN4CCCC4)NCC5=CC=CC=C5,,,,5.0
CC1=NC(=C2C(=N1)N(C(=N2)C3=CC=CC=C3)CCN4CCCC4)NC5CCCCC5,,,,4.59999938302362
CC1=NC(=C2C(=N1)N(C(=N2)C3=CC=CC=C3)CCN4CCCC4)NCCOC,,,,4.59999938302362
CC1=NC2=C(C(=N1)N3CCOCC3)N=C(N2CCN4CCCC4)C5=CC=CC=C5,,,,4.700000503883016
CC1=NC2=C(C(=N1)N(CCOC)CCOC)N=C(N2CCN3CCCC3)C4=CC=CC=C4,,,,4.700000503883016
CCCCNC1=C2C(=NC(=N1)C)N(C(=N2)C3=CC=CC=C3)CC(C)(C)CN(C)C,,,,5.0
CC1=NC(=C2C(=N1)N(C(=N2)C3=CC=CC=C3)CC(C)(C)CN(C)C)NCC4=CC=CC=C4,,,,5.399996913372259
CC1=NC2=C(C(=N1)N3CCOCC3)N=C(N2CC(C)(C)CN(C)C)C4=CC=CC=C4,,,,5.0
CCCCNC1=C2C(=NC(=N1)C)N(C(=N2)C3=CC=CC=C3)CCCN4CCCCC4C,,,,5.199998172182031
CC1CCCCN1CCCN2C(=NC3=C(N=C(N=C32)C)NCC4=CC=CC=C4)C5=CC=CC=C5,,,,5.299997602857746
CC1CCCCN1CCCN2C(=NC3=C(N=C(N=C32)C)NC4=CC=CC=C4)C5=CC=CC=C5,,,,4.899998417198648
CC1CCCCN1CCCN2C(=NC3=C(N=C(N=C32)C)NC4CCCCC4)C5=CC=CC=C5,,,,5.0
CC1CCCCN1CCCN2C(=NC3=C(N=C(N=C32)C)NCCOC)C4=CC=CC=C4,,,,5.399996913372259
CC1CCCCN1CCCN2C3=C(C(=NC(=N3)C)N4CCOCC4)N=C2C5=CC=CC=C5,,,,4.800000874803203
CC1CCCCN1CCCN2C3=C(C(=NC(=N3)C)N(CCOC)CCOC)N=C2C4=CC=CC=C4,,,,4.899998417198648
CCCCNC1=C2C(=NC(=N1)C)N(C(=N2)C3=CC=CC=C3)CCCCN(CC)CC,,,,4.899998417198648
CCN(CC)CCCCN1C(=NC2=C(N=C(N=C21)C)NCC3=CC=CC=C3)C4=CC=CC=C4,,,,5.0999990348465305
CCN(CC)CCCCN1C(=NC2=C(N=C(N=C21)C)NC3CCCCC3)C4=CC=CC=C4,,,,4.59999938302362
CCN(CC)CCCCN1C2=C(C(=NC(=N2)C)N3CCOCC3)N=C1C4=CC=CC=C4,,,,5.0999990348465305
CCN(CC)CCCCN1C2=C(C(=NC(=N2)C)N(CCOC)CCOC)N=C1C3=CC=CC=C3,,,,4.899998417198648
CCCCNC1=C2C(=NC(=N1)C)N(C(=N2)C3=CC=CC=C3)C4CCN(C4)CC5=CC=CC=C5,,,,5.0999990348465305
CC1=NC(=C2C(=N1)N(C(=N2)C3=CC=CC=C3)C4CCN(C4)CC5=CC=CC=C5)NCC6=CC=CC=C6,,,,5.399996913372259
CC1=NC(=C2C(=N1)N(C(=N2)C3=CC=CC=C3)C4CCN(C4)CC5=CC=CC=C5)NCCOC,,,,4.899998417198648
CC1=NC(=C2C(=N1)N(C(=N2)C3=CC=CC=C3)C(C)CN(C)C)NCC4=CC=CC=C4,,,,5.0
CC1=NC(=C2C(=N1)N(C(=N2)C3=CC=CC=C3)C(C)CN(C)C)NC4CCCCC4,,,,4.899998417198648
CC1=NC2=C(C(=N1)N3CCOCC3)N=C(N2C(C)CN(C)C)C4=CC=CC=C4,,,,4.700000503883016
CCCCNC1=C2C(=NC(=N1)C)N(C(=N2)C3=CC=CC=C3)CC4CCN(CC4)C,,,,4.800000874803203
CC1=NC2=C(C(=N1)N(CCOC)CCOC)N=C(N2CC3CCN(CC3)C)C4=CC=CC=C4,,,,4.800000874803203
CCCCNC1=C2C(=NC(=N1)C)N(C(=N2)C3=CC=CC=C3)CC4CCCN4CC,,,,5.399996913372259
CCN1CCCC1CN2C(=NC3=C(N=C(N=C32)C)NCC4=CC=CC=C4)C5=CC=CC=C5,,,,5.299997602857746
CCN1CCCC1CN2C(=NC3=C(N=C(N=C32)C)NC4CCCCC4)C5=CC=CC=C5,,,,4.899998417198648
CCN1CCCC1CN2C(=NC3=C(N=C(N=C32)C)NCCOC)C4=CC=CC=C4,,,,4.700000503883016
CCN1CCCC1CN2C3=C(C(=NC(=N3)C)N4CCOCC4)N=C2C5=CC=CC=C5,,,,4.899998417198648
CCN1CCCC1CN2C3=C(C(=NC(=N3)C)N(CCOC)CCOC)N=C2C4=CC=CC=C4,,,,4.800000874803203
CCN(CC)CCN1C(=NC2=C(N=C(N=C21)C)NCC3=CC=CC=C3)C4=CC=CC=C4,,,,4.899998417198648
CCN(CC)CCN1C(=NC2=C(N=C(N=C21)C)NC3CCCCC3)C4=CC=CC=C4,,,,4.800000874803203
CCN(CC)CCN1C(=NC2=C(N=C(N=C21)C)NCCOC)C3=CC=CC=C3,,,,4.899998417198648
CCCCNC1=C2C(=NC(=N1)C)N(C(=N2)C3=CC=CC=C3)CCCN(CC)CC,,,,4.59999938302362
CCN(CC)CCCN1C(=NC2=C(N=C(N=C21)C)NCC3=CC=CC=C3)C4=CC=CC=C4,,,,5.0
CCN(CC)CCCN1C2=C(C(=NC(=N2)C)N(CCOC)CCOC)N=C1C3=CC=CC=C3,,,,4.700000503883016
CCCN1C(=NC2=C(N=C(N=C21)C)NC(C)CCCN(CC)CC)C,,,,4.59999938302362
CCCN1C(=NC2=C(N=C(N=C21)C)NCCN3CCOCC3)C,,,,4.700000503883016
CCCN1C(=NC2=C(N=C(N=C21)C)NCCN3CCCC3)C,,,,4.800000874803203
CCCN1C(=NC2=C(N=C(N=C21)C)NCCCCN(CC)CC)C,,,,4.700000503883016
CCCN1C(=NC2=C(N=C(N=C21)C)NC3CCN(C3)CC4=CC=CC=C4)C,,,,4.800000874803203
CCCN1C(=NC2=C(N=C(N=C21)C)NCC3=CC=CC=C3)C,,,,4.800000874803203
CCCN1C(=NC2=C(N=C(N=C21)C)NC3CCCCC3)C,,,,4.899998417198648
CCCN1C(=NC2=C(N=C(N=C21)C)NC3=CC=CC=C3)C,,,,4.499999678657065
CCCCNC1=C2C(=NC(=N1)C)N(C(=N2)C)CCC,,,,4.499999678657065
CCCN1C(=NC2=C1N=C(N=C2N3CCCN(CC3)CC4=CC=CC=C4)C)C,,,,5.0999990348465305
CCCN1C(=NC2=C1N=C(N=C2N(CCN(C)C)CC3=CC=CC=C3)C)C,,,,4.899998417198648
CCCN1C(=NC2=C1N=C(N=C2N3CCOCC3)C)C,,,,5.0999990348465305
CCCN1C(=NC2=C1N=C(N=C2N(CCOC)CCOC)C)C,,,,4.800000874803203
CN1CCCN=C1COC(=O)C(C2CCCCC2)(C3=CC=CC=C3)O.Cl,,,,5.0999990348465305
CN1CCCCC1CCN2C3=CC=CC=C3SC4=C2C=C(C=C4)SC.Cl,,,,4.499999678657065
CN1CCN(CC1)CCCN2C3=CC=CC=C3SC4=C2C=C(C=C4)C(F)(F)F.Cl.Cl,,,,4.499999678657065
CC1=CC2=C(C=C1)OC(=O)C3=C2OC4=CC(=C(C=C43)O)O,,,,4.700000503883016
CC(C)(C1=CC(=C(C(=C1)Br)O)Br)C2=CC(=C(C(=C2)Br)O)Br,,,,4.800000874803203
CC1=CC=C(C=C1)C(=O)[C@@H]2[C@@H]3[C@@H]([C@@H]4N2C5=CC=CC=C5C=C4)C(=O)C6OCC3O6,,,,4.59999938302362
CC(C)(C1=CC=C(C=C1)O)C2=CC=C(C=C2)O,,,,4.899998777602826
C1=CC(=CC=C1S(=O)(=O)C2=CC=C(C=C2)Cl)Cl,,,,4.700000128913412
CC1=CC(=C(C(=C1CC2=NCCN2)C)O)C(C)(C)C.Cl,,,,4.59999938302362
CC1=CC=C(C=C1)S(=O)(=O)NC2CCCCC2,,,,4.700000503883016
C[C@@H](CO)C(=O)N[C@@H](CC1=CC=CC=C1)C(=O)OC,,5.399996913372259,,
COC1=CC2=C(C=C1)O[C@H]([C@@H](C2=O)O)C3=CC(=CC=C3)OC,,,5.499996931948306,5.399996913372259
CC(C)[C@@H]([C@H](CC(=O)OC(C)(C)C)O)NC(=O)OC(C)(C)C,,,5.499996931948306,
COC1=CC=C(C=C1)C2=CN=NC(=N2)CCCN3C=CN=C3C4=CC=CC=C4,,7.899629454882437,,5.199998172182031
C1CNCC2=CC(=C(N=C21)C3=CC=CC=C3)C4=CC=CC=C4,,,,5.299997602857746
CC1=CC=C(C=C1)S(=O)(=O)N2C3=CC=CC=C3C4=C2N=C(N=N4)C(=O)N(C)OC,,,,5.449996922660283
CN1CCC2=NC(=C(C=C2C1)C3=CC=CC=C3)C4=CC=CC=C4,,5.399996913372259,,
C=CC(=O)N1C(=O)C2=CC=CC=C2S1(=O)=O,,,5.199998172182031,
COC(=O)[C@@H]1[C@H]([C@@](OC2=CC=CC=C2C1=O)(C3=CC=CC=C3)C(=O)OC)C4=CC=CC=C4,,,,5.399996913372259
CC(=NOCC1=CC(=CC=C1)C2=CC(=NO2)C3=CC=CC=C3)C,,5.399996913372259,,5.199998172182031
COC1=CC=C(C=C1)OC[C@@H](CO)OC,,6.700057099977233,,
CC1=CC2=C(C=C1)NC3=C2N=NC(=N3)CCCN4C=CN=C4C5=CC=CC=C5,,,,5.499996931948306
C[C@@H]1[C@@H](C(=C(O[C@H]1C2=C(C(=C(C(=C2OC)OC)C)OC)OC)C(=O)OC)C)O,,,5.0999990348465305,
C[C@H]1CC[C@H]2C(=O)N[C@@H](C(=O)N2[C@@H]1C3=CC=CC=C3)CC4=CC=CC=C4,,5.499996931948306,,5.599997654072044
CC1=CC=C(C=C1)S(=O)(=O)N2C3=CC=CC=C3C4=C2N=C(N=N4)C(=O)C5=CC=CC=C5,,5.499996931948306,,5.399996913372259
COC1=CC=CC(=C1)[C@H]2[C@@H](C(=O)C3=C(O2)C=CC(=C3)Br)O,,5.599997654072044,5.499996931948306,5.199998172182031
CCCC[C@@H]1CN2[C@@H](CC[C@@H]([C@H]2C3=CC=C(C=C3)Br)C)C(=O)O1,,,,5.299997602857746
C[C@H]1COC(=O)CC=C[C@H]([C@@H]2C=C[C@H]([C@H](O2)COC1=O)O)C,,,,5.399996913372259
C[C@H]1CCCC(=O)OC[C@@H](C(=O)N[C@@H](C(=O)OC[C@@H]1OC)CC2=CC=CC=C2)C,,,5.699991797446187,5.499996931948306
C1CSC2=N[C@@H](CN21)C3=CC=CC=C3,4.750156458690798,,4.700000503883016,
C1=CC=C2C(=C1)C3=C4C(=C(C=C3)NC5=CC=CC6=C5C(=O)C7=CC=CC=C7C6=O)C=CC=C4C2=O,6.0,,,
C1=CN(C(=O)N=C1N)[C@H]2[C@@H]([C@@H]([C@H](O2)CO)OP(=O)(O)O)O,,,,5.0999990348465305
CCCC1=NC=CC(=C1)C(=S)N,,,,4.40000018605658
CC(=O)C1=C(C=C(C=C1OC)OC)O,,,,4.59999938302362
CC1=CC(=C(C(=C1)CC2=C(C(=CC(=C2)C)C(C)(C)C)O)O)CC3=C(C(=CC(=C3)C)C(C)(C)C)O,,5.499996931948306,,
C1=CC(=CC=C1C[C@H](C(=O)O)N)Cl,5.099641460858807,,,5.0
CN(C)CC[C@@H](C1=CC=CC=C1)C2=CC=CC=N2,,,,6.0
CC1=CC2=C(C=C1)N3CCN[C@@H]4C3=C2CCC4,6.5003129173815966,,5.699991797446187,4.499999678657065
CN(C)CC/C=C/1\C2=CC=CC=C2SC3=C1C=C(C=C3)Cl,5.600729920485945,,5.599997654072044,4.800000874803203
C/C=C(/C(=C/C)/C1=CC=C(C=C1)O)\C2=CC=C(C=C2)O,,,,5.0999990348465305
CN(C)CC/C=C/1\C2=CC=CC=C2COC3=CC=CC=C31,4.899629454882437,,5.399996913372259,
CCOC(=O)C1=CN=CN1[C@H](C)C2=CC=CC=C2,5.300162274132754,,,6.0
CN(C)CCO[C@H](C1=CC=C(C=C1)Cl)C2=CC=CC=N2,,,4.899998417198648,
CCN(CC)[C@@H](C)CN1C2=CC=CC=C2SC3=CC=CC=C31,6.300162274132754,,6.79997073344623,
C1[C@@H](OC2=CC(=CC(=C2C1=O)O)O)C3=CC=CC=C3,6.698970004336019,4.899998417198648,4.700000503883016,4.899998417198648
C1=CC=C(C=C1)CNC2=NC(=NC3=CC=CC=C32)C4=CN=CC=C4,6.400116927926312,,4.800000874803203,5.799998134593398
C1=CC(=C(C=C1/C=C(\C#N)/C(=S)N)O)O,5.049800047819151,4.59999938302362,4.499999678657065,4.849999646000926
COC1=CC(=CC(=C1O)O)C=C(C#N)C#N,4.899629454882437,5.599997654072044,,5.0
C[C@@H](C(=O)C1=CC(=CC=C1)Cl)NC(C)(C)C,,,4.849998925419548,
C[C@@H](CN1C2=CC=CC=C2SC3=CC=CC=C31)N(C)C,5.500221603222637,,6.1000149659249985,
CC1=CC(=C(C=C1N)N)CC2=C(C=C(C(=C2)C)N)N,5.698970004336019,,,
C1=CC=C2C(=C1)C(=O)C3=C(C2=O)C(=C(C=C3O)O)O,,,,4.4999997845401
C1=CC=C2C(=C1)C3=CC=CC4=C3C(=CC=C4)C2=O,,,,4.40000018605658
C(CCCCCN=C(N)N)CCCCN=C(N)N,4.500312917381596,,,
CC1=C(C2=C(C=C1)C(=O)C3=CC=CC=C3C2=O)N,,,,5.299997602857746
C[C@]12CCC(=O)C=C1CCC3=C2C=C(C=C3)O,,,,4.59999938302362
C[C@]12CCC(=O)C=C1CCC3=C2C=CC=C3OC,,,,5.499996931948306
CC(=O)OC1=C(C=CC(=C1)CC2COC3=C(C2=O)C=CC(=C3)OC)OC,,,,4.40000018605658
COC1=CC=CC=C1C2=CC(=O)C3=C(O2)C(=CC=C3)OC,,,,4.700000503883016
C1CCC(C1)CCCCCCCCCCCCC(=O)NC2=CC=C(C=C2)S(=O)(=O)C3=CC=C(C=C3)NC(=O)CCCCCCCCCCCCC4CCCC4,,,,4.499999678657065
COC1=CC=C(C=C1)C2=COC3=C(C2=O)C(=CC(=C3OC)OC)O,,,,4.40000018605658
C[C@@]12CCC[C@]([C@@H]1CCC3=C2C=C(C=C3)O)(C)C(=O)O,4.801342913045577,,,
COC1=CC=C(C=C1)C2=COC3=C(C2=O)C=CC(=C3O)OC,,,,4.499999678657065
CC1=CC(=C(C(=C1C(=O)O)O)C=O)O,,,,4.59999938302362
C[C@]12CCC3C(C1CCC2=O)CCC4=C3C=CC(=C4)OC(=O)C5=CC=CC=C5,,,,5.0999990348465305
CCCCCC(=O)CC1=C(C(=CC(=C1)O)O)C(=O)OC2=CC(=C(C(=C2)OC)C(=O)O)CC(=O)CCCCC,,,,4.800000874803203
COC1=CC2=C(C(=C1)OC)C(=O)C(=CO2)C3=CC=CC=C3,,,,4.800000874803203
COC1=CC(=O)C(=CC1=O)C(=O)C2=CC=CC=C2,,,,5.0
CC(C)C1=CC2=C(C=C1)[C@]3(CCC[C@@](C3CC2=O)(C)C(=O)OC)C,,,,4.59999938302362
CC1=CC(=C(C(=C1C(=O)OC2=C(C(=C(C(=C2)C)O)C(=O)O)C)O)C=O)OC,,,,4.40000018605658
C1CCN[C@@H](C1)[C@H](C2=CC(=NC3=C2C=C(C=C3Cl)Cl)[C@@]45C[C@H]6CC[C@@H]4C[C@H](C6)C5)O,,,5.499996931948306,
CC1=CC(=O)C2=C(O1)C=C3C(=C2OC)C=CO3,,,,5.499996931948306
CN1[C@@H]2CC[C@H]1CC(C2)OC(=O)C3=CC(=CC(=C3)Cl)Cl,4.500312917381596,,7.551186454354779,
CC1=CC(=C(C=C1O)C)C2(C3=CC=CC=C3S(=O)(=O)O2)C4=C(C=C(C(=C4)C)O)C,,,,5.0999990348465305
CC(CCC(=O)O)(C1=CC=C(C=C1)O)C2=CC=C(C=C2)O,,,,4.40000018605658
CN1CCN(CC1)C(C2=CC=CC=C2)C3=CC=CC=C3,,,5.0999990348465305,
CC1=C(C(=O)C2=C(O1)C(=C(C=C2OC)OC)OC)C3=CC=CC=C3,,,,4.700000503883016
C1=CC=C2C(=C1)C=CC(=N2)C3C(=O)C4=CC=CC=C4C3=O,,,,5.599997654072044
C1=CC(=CC=C1N=NC2=CC(=C(C=C2)O)C(=O)O)S(=O)(=O)N,,6.0,,
C[C@@]1(CCC[C@]2(C1CCC3=C2C=C(C=C3)OC)C)CO,,,,5.0
C[C@](CO)([C@H]1CC2=C(C3=CC=CC=C3N=C2O1)OC)O,4.801342913045577,,,5.900008766455316
C[C@](CO)([C@@H]1CC2=C(C3=CC=CC=C3N=C2O1)OC)O,4.899629454882437,,,
CC(C)([C@@H](COC1=CC=CC2=C1N(C(=O)C=C2OC)C)O)O,4.698970004336019,,,4.800000874803203
C1CN(CCN1CCCN2C3=CC=CC=C3SC4=C2C=C(C=C4)C(F)(F)F)CCO.Cl.Cl,,,,4.499999678657065
C1C2=CC=CC=C2C3=NC4=CC=CC=C4C=C31,7.0,5.0,4.899998417198648,4.700000503883016
C1CCN(CC1)C[C@@H](COC2=CC=CC=C2)O,,,5.299997602857746,
C1=CC=C2C(=C1)C(=CC(=O)C2=O)O,,,,4.59999938302362
CC(=C)[C@H]1CC2=C(O1)C=CC3=C2O[C@@H]4COC5=CC(=C(C=C5[C@@H]4C3=O)OC)OC,4.801342913045577,4.499999678657065,,4.800000874803203
CC1=CC2=C(C=C1C)N(C3=NC(=O)NC(=O)C3=N2)C[C@H]([C@H]([C@H](CO)O)O)O,4.95076120530924,,4.699999047927856,
COC1=C(C2=C(C=C1)C(=C3C=COC3=N2)OC)OC,7.100179497572904,,4.700000503883016,4.999998726022589
C1=CC(=CC(=C1)O)C2=CC(=O)C3=C(C=CC=C3O2)O,,,,5.0999990348465305
COC1=CC=CC=C1C2=CC(=O)C3=C(O2)C=CC(=C3)O,6.698970004336019,,,4.899998417198648
COC1=C(C=CC(=C1)C2=CC(=O)C3=CC=CC=C3O2)O,7.100179497572904,5.199998172182031,4.499999678657065,4.800000874803203
C[C@@](CC1=CC(=C(C=C1)O)O)(C(=O)O)NN,4.500312917381596,,,
COC1=CC=CC=C1C2=C(C(=O)C3=CC=CC=C3O2)OC,6.698970004336019,4.59999938302362,,4.700000503883016
C1=CC=C2C(=C1)C(=O)C=C(O2)C3=C(C(=CC=C3)O)O,6.0,4.899998417198648,4.499999678657065,4.700000503883016
C1=CC=C2C(=C1)C(=O)C=C(O2)C3=C(C=C(C=C3)O)O,5.8996294548824375,5.299997602857746,,5.499996931948306
COC1=CC2=C(C=C1)OC(=C(C2=O)OC)C3=CC=CC=C3,6.300162274132754,4.59999938302362,4.40000018605658,4.499999678657065
COC1=C(C=C2C(=C1)C(=O)C=C(O2)C3=CC=CC=C3)OC,6.698970004336019,6.0,,4.800000874803203
C1=CC=C2C(=C1)C(=O)C(=C(O2)C3=CC(=CC=C3)O)O,6.300162274132754,4.800000874803203,4.59999938302362,4.800000874803203
COC1=CC=CC(=C1)C2=C(C(=O)C3=CC=CC=C3O2)O,6.698970004336019,4.899998417198648,4.499999678657065,4.899998417198648
COC1=CC=CC(=C1)C2=CC(=O)C3=C(O2)C=CC(=C3)O,5.801342913045578,4.59999938302362,,4.800000874803203
COC1=C(C2=C(C=C1)C(=O)C=C(O2)C3=CC=CC=C3)O,7.801342913045577,4.800000874803203,,4.40000018605658
C1=CC=C2C(=C1)C=CC3=C2OC(=CC3=O)C4=CC=CC=C4O,6.300162274132754,,,4.800000874803203
COC1=C(C=C2C(=C1)OC(=CC2=O)C3=CC=CC=C3)O,6.0,,4.499999678657065,
C1=CC=C2C(=C1)C=CC3=C2C(=O)C=C(O3)C4=CC=CC=C4O,6.0,4.499999678657065,4.700000503883016,4.499999678657065
COC1=CC=CC2=C1C(=O)C=C(O2)C3=CC=C(C=C3)O,6.400116927926312,4.899998417198648,4.800000874803203,4.800000874803203
COC1=CC2=C(C=C1)OC(=CC2=O)C3=CC=C(C=C3)O,6.5003129173815966,5.599997654072044,4.59999938302362,5.399996913372259
COC1=CC2=C(C=C1)C(=O)C=C(O2)C3=CC=C(C=C3)O,7.100179497572904,5.199998172182031,4.800000874803203,5.499996931948306
C1=CC(=CC=C1C2=C(C(=O)C3=C(O2)C=CC(=C3)O)O)O,6.698970004336019,5.0,,4.899998417198648
C1=CC=C(C(=C1)C2=CC(=O)C3=C(O2)C(=C(C=C3)O)O)O,5.600326278518962,5.900008766455316,4.800000874803203,4.499999678657065
C1=CC(=CC(=C1)O)C2=CC(=O)C3=C(O2)C(=C(C=C3)O)O,7.0,5.799998134593398,,4.800000874803203
CN1CC[C@@]23C=C[C@H](C[C@@H]2OC4=C(C=CC(=C34)C1)OC)O,,6.100015437450609,4.800000874803203,
C[C@H](C1=CC=C(C=C1)OC)C2=CC3=C(C=C2O)OCO3,5.100179497572904,5.799998134593398,5.399996913372259,5.599997654072044
C1=CC=C2C(=C1)C=CC3=C2C=CC=N3,,,,4.499999678657065
CC1=CC(=C(C(=C1C(=O)OC2=C(C(=C(C(=C2)C)C(=O)OC)O)C)O)C=O)O,,,,4.899998417198648
CC1=CC(=CC(=C1C(=O)O)O)O,,,,4.59999938302362
CC(=O)C1=C(C=C(C=C1O)O)O,,,,5.499996931948306
COC1=CC=C(C=C1)C2=CC(=O)C3=C(O2)C(=C(C(=C3OC)OC)OC)OC,,,,4.899998417198648
COC1=C2C=COC2=C(C3=C1C=CC(=O)O3)OC,,,,5.699991797446187
COC1=C2C=CC(=O)OC2=C3C=COC3=C1,,,,4.899998417198648
CC1=C2C(=C3C=CC(=O)C=C3N2)C=CN1,6.600326278518962,4.800000874803203,4.800000874803203,4.40000018605658
C1=CC(=C(C=C1CCN)O)O,,,4.499999678657065,
C1=CC=C(C=C1)C2=CC(=O)C3=C(C=CC=C3O2)O,,,,4.949999338032524
CCCC(C1=CC(=C(C=C1C)O)C(C)(C)C)C2=CC(=C(C=C2C)O)C(C)(C)C,,5.499996931948306,5.399996913372259,
C(C(=O)O)SSCC(=O)O,,,5.399996913372259,
C1CN(CCC12C(=O)NCN2C3=CC=CC=C3)CCCOC4=CC=C(C=C4)F,4.400116927926312,,6.79997073344623,
COC1=CC(=O)C=C(C1=O)OC,,,,4.59999938302362
C1CCN2C[C@@H]3C[C@H]([C@H]2C1)CN4C3=CC=CC4=O,5.8996294548824375,,4.59999938302362,
CN=C1N=C(N(S1)C2=CC=CC=C2)C3=CC=CC=C3,5.300162274132754,5.699991797446187,4.499999678657065,4.499999678657065
C1OC2=C(O1)C=C(C=C2)O,,,,4.800000874803203
C1=CSSC1=S,,,,5.0
CCCCOC1=CC=C(C=C1)C(=O)CCN2CCCCC2.Cl,,,,4.499999678657065
C[N+]1=C2C=C(C=CC2=CC3=C1C=C(C=C3)N)N.[Cl-],,,,4.59999938302362
CCCOC1=C(C=CC(=C1)N)C(=O)OCCN(CC)CC,4.899629454882437,,5.699991797446187,
CC(C)C[C@H]1C(=O)N2CCCC2[C@]3(N1C(=O)[C@](O3)(C(C)C)NC(=O)[C@H]4CN(C5CC6=CNC7=CC=CC(=C67)C5=C4)C)O,,,,6.0
CN(C)CCCN1C2=CC=CC=C2CCC3=C1C=C(C=C3)Cl.Cl,,,,4.700000503883016
C1(=C(N=C(C(=N1)Cl)N)N)C(=O)N=C(N)N.O.O.Cl,5.199970640755866,,,
COC1=C(C=C2C(=C1)C(=NC(=N2)N3CCN(CC3)C(=O)C4=CC=CO4)N)OC.Cl,,,,4.899998417198648
CN1CCN2C(C1)C3=CC=CC=C3CC4=CC=CC=C42.Cl,,,,4.40000018605658
C1=CC(=C(C=C1Cl)Cl)COC(CN2C=CN=C2)C3=C(C=C(C=C3)Cl)Cl.[N+](=O)(O)[O-],,,,6.400007822415902
C1=CC=C(C=C1)C(=O)CSC2=NC=NC3=C2NC=N3,5.400116927926312,,,
CCCCC1=CC2=CC=CC=C2C(=N1)OCCN(C)C,7.100179497572904,,5.699991797446187,
COC1=CC2=C(C=C1)C(=O)/C(=C\C3=CC(=C(C=C3)O)O)/CO2,,,,4.499999678657065
CC(=CCCC1(C=CC2=C(O1)C(=C3C(=C2OC)C(=O)C4=CC5CC6C4(O3)C(C5=O)(OC6(C)C)C/C=C(/C)\C(=O)OC)CC=C(C)C)C)C,,,,5.499996931948306
CC(=O)OC1CC2=CC3=C(C=C2OC1(C)C)OC=C(C3=O)C4=C(C5=C(C=C4)OC(C=C5)(C)C)OC,,,,5.299997602857746
COC1=CC2=C(C=C1)C(=O)/C(=C\C3=CC(=C(C=C3)OC)OC)/CO2,,,,5.0999990348465305
CC(=CCCC1(C=CC2=C(C3=C(C(=C2O1)CC=C(C)C)OC45C6CC(C=C4C3=O)C(C5(OC6(C)C)C/C=C(/C)\C(=O)O)O)O)C)C,,,,4.700000503883016
C#CCCCCCCCCCCCC1=CC=CO1,,,,4.40000018605658
C1=CC(=CC=C1COC(CN2C=CN=C2)C3=C(C=C(C=C3)Cl)Cl)Cl.[N+](=O)(O)[O-],,,,6.799989231585884
CC1=CC(=CC(=C1)C(=O)OC2C[C@H]3CC[C@@H](C2)N3C)C,4.600326278518962,,6.599980364934842,
COC1=CC=C(C=C1)C[C@@H](CN2CCOCC2)O,,,5.499996931948306,
COC1=CC=C(C=C1)NC(=S)NC2=CC=CC=C2,5.8996294548824375,,,
C1CC1C(C2CC2)NC3=NCCO3,4.400116927926312,5.0,4.899998417198648,4.949999954824866
CC1=C(C(=NN1C2=CC=CC=C2)C)/C=N/N3CCN(CC3)CC4=CC=CC=C4,,,,5.0
CCN(C1=CC=CC=C1C)C(=O)/C=C/C,,,,4.899998417198648
CN1[C@@H]2CC[C@H]1CC(C2)OC(=O)[C@H](C3=CC=CC=C3)O,,8.397940008672037,5.399996913372259,
COC1=C(C=CC(=C1)[C@@H](CO)O)O,,,,7.500312917381596
C1CSC2=N[C@H](CN21)C3=CC=C(C=C3)Br,4.801342913045577,,,4.59999938302362
CC/C(=C(\CC)/C1=CC=C(C=C1)O)/C2=CC=C(C=C2)O,4.801342913045577,4.899998417198648,4.800000874803203,4.899998417198648
CC1=C(C2=C(CC[C@@](O2)(C)C(=O)O)C(=C1O)C)C,4.698970004336019,,,4.899998417198648
CC(C)NC[C@@H](COC1=CC=CC2=C1C=CN2)O,4.600326278518962,,,
CN1CCC2=CC(=C(C3=C2[C@H]1CC4=C3C(=C(C=C4)OC)O)OC)OC,4.801342913045577,,4.800000874803203,
C=C[C@@H]1CN2CC[C@@H]1C[C@H]2[C@@H](C3=CC=NC4=CC=CC=C34)O,,,5.399996913372259,
CCN1CCC[C@H]1CNC(=O)C2=C(C=CC(=C2)S(=O)(=O)N)OC,4.500312917381596,,4.59999938302362,
C([C@@H](C(=O)O)N)OP(=O)(O)O,4.600326278518962,,,6.100015437450609
C1CCN(CC1)CCO[C@@H](C2=CC=CC=C2)C3=CC=C(C=C3)Cl,4.899629454882437,,7.801342913045577,4.899998417198648
CN1CCN(CC1)[C@@H](C2=CC=CC=C2)C3=CC=C(C=C3)Cl,,,5.699991797446187,
C[C@@H](CCC1=CC=C(C=C1)O)NCCC2=CC(=C(C=C2)O)O,4.698970004336019,,4.40000018605658,4.40000018605658
CCC1=C2C(=CC=C1)C3=C(N2)[C@](OCC3)(CC)CC(=O)O,,4.40000018605658,,
C[C@@H](CC1=CC=C(C=C1)O)NC[C@H](C2=CC(=CC(=C2)O)O)O,,,5.049999238830475,4.59999938302362
COC1=CC=CC=C1OC[C@@H](COC(=O)N)O,5.0,,,
CC(C)C[C@H](C(=O)NC1=CC2=CC=CC=C2C=C1)N,5.801342913045578,,5.499996931948306,5.599997654072044
C[N+]1(CCC[C@H](C1)OC(=O)C(C2=CC=CC=C2)(C3=CC=CC=C3)O)C,,,5.0,
C[C@@H]([C@H](C1=C(C=CC(=C1)OC)OC)O)N,,,5.399996913372259,
CC[C@@H]([C@@H](C1=C2C=CC(=O)NC2=C(C=C1)O)O)NC(C)C,4.400116927926312,4.899998417198648,4.499999678657065,
CCN1CCC[C@H](C1)OC(=O)C(C2=CC=CC=C2)C3=CC=CC=C3,8.899629454882437,,5.799998134593398,5.0
C[C@@H]([C@H](C1=CC=C(C=C1)O)O)NCCC2=CC=C(C=C2)O,,,4.849999646000926,
C[C@H](C1=CC=C(C=C1)C(=O)C2=CC=CS2)C(=O)O,,4.899998417198648,,
CC1=CC=C(C=C1)/C(=C/CN2CCCC2)/C3=CC=CC=N3,,,5.199998172182031,
CC(C)(C)NC[C@@H](C1=CC=CC=C1Cl)O,,,4.499999678657065,
COC1=C(C(=C2C(=C1)CC[C@H](C3=CC(=O)C(=CC=C32)O)N)OC)OC,,,,5.499996931948306
CCN(CC1=CC=NC=C1)C(=O)[C@@H](CO)C2=CC=CC=C2,4.801342913045577,5.399996913372259,,5.399997267403027
C1=CC(=CC(=C1)O)C2=CC(=O)C3=C(O2)C=CC(=C3)O,,,,5.399996913372259
COC1=CC2=C(C=C1)C(=O)C(=C(O2)C3=CC=CC=C3)OC,,,,5.0
COC1=CC=C(C=C1)C2=CC(=O)C3=C(O2)C=CC(=C3)OC,,,,5.499996931948306
COC1=CC2=C(C=C1)C(=O)C=C(O2)C3=CC(=CC=C3)OC,,,,5.0999990348465305
COC1=C(C=C(C=C1)C2=CC(=O)C3=CC=CC=C3O2)OC,,,,5.0999990348465305
C1=CC=C2C(=C1)C(=O)C(=C(O2)C3=CC=C(C=C3)O)O,,,,4.899998417198648
CC1=CC(=CC=C1)C2=CC(=O)C3=C(O2)C=CC(=C3)Br,,,,4.899998417198648
CC1=CC(=CC=C1)C2=CC(=O)C3=C(O2)C=CC(=C3)C,,,,5.399996913372259
CC1=CC2=C(C=C1)OC(=C(C2=O)O)C3=CC(=C(C=C3)OC)OC,6.600326278518962,,,5.399996913372259
CN(C)CC1=CNC2=CC=CC=C21,4.500312917381596,,5.899985366723115,5.149998903375755
CC1=CC2=C(C=C1)OC(=CC2=O)C3=CC=CC=C3,,,,5.0
C1=CC(=C(C=C1/C=C/C(=O)O)O)O,,,,4.59999938302362
CC[C@@H](CO)NC(=O)[C@@H]1CN([C@@H]2CC3=CNC4=CC=CC(=C34)C2=C1)C,4.400116927926312,,6.400007822415902,
C1=C(C=C(C(=C1Cl)O)Cl)Cl,,,,4.499999678657065
CC[C@@H]1CN2CC[C@@H]1C[C@H]2[C@@H](C3=C4C=C(C=CC4=NC=C3)OC)O,,,,6.400007822415902
C1CC=C(C(=O)C1)[C@H](CCOC(C2=CC=CC=C2)(C3=CC=CC=C3)C4=CC=CC=C4)O,,6.100015437450609,,
CC(=O)N([C@H]1[C@@H](C(OC2=C1C=C(C=C2)C#N)(C)C)O)OCC3=CC=CC=C3,,,,4.800000874803203
C1=CC=C(C=C1)C(=O)NC2=CC=CC3=CC=CC=C32,5.400116927926312,5.599997654072044,8.602059991327963,5.499996931948306
COC1=CC(=CC(=C1OC)OC)O,,,,4.499999678657065
C1=CC2=C(C=C1[N+](=O)[O-])C(=O)NC2=O,,,,4.800000874803203
C1=CC=C2C(=C1)NC(=S)S2,,,,4.499999678657065
CC1=NC=CN1C[C@@H]2CCC3=C(C2=O)C4=CC=CC=C4N3C,5.400116927926312,,5.0,4.899998417198648
CN1CCC2=CC(=C(C3=C2[C@@H]1CC4=CC(=C(C=C43)OC)OC)O)OC,,,,5.0999990348465305
CC(=O)N[C@@H](CC1=CNC2=CC=CC=C21)C(=O)O,,,,5.0999990348465305
C1=CC=C(C=C1)NC(=S)NC2=CC=CC=C2,,,,4.59999938302362
C1=CC=C(C=C1)NC2=CC=CC3=CC=CC=C32,,,,4.499999678657065
C1=CC=C2C(=C1)C(=O)C3=CC=CC=C3O2,,,,4.899998417198648
C[C@@H]([C@H](C1=CC=CC=C1)O)NC,5.5003129173815966,6.100015437450609,4.899998417198648,4.700000503883016
C1C[C@H](C2=C(C3=CC=CC=C3N=C2C1)N)O,5.0,4.40000018605658,,
CC1=C(C=CC=C1N=C=O)N=C=O,,,,4.800000874803203
CCN(CC)C1=CC2=C(C=C1)C(=CC(=O)O2)C,,,,4.700000503883016
CC(=O)NCCC1=CNC2=CC=CC=C21,4.801342913045577,,,
C1=CC=C2C=C(C=CC2=C1)N,,,,4.899998417198648
CC(C)NC1(CCN(CC1)CC2=CC=CC=C2)C(=O)N,,,6.199970640755866,
CN(C)CCCN1C2=CC=CC=C2SC3=C1C=C(C=C3)SC,5.8996294548824375,,6.299988937677887,
C[C@H]1C[C@H]2[C@@H]3CC[C@@]([C@]3(C[C@@H]([C@H]2[C@@]4(C1=CC(=O)C=C4)C)O)C)(C(=O)CO)O,,,,5.0
CCN(CC)C1=CC(=CC=C1)O,,,,4.499999678657065
CC1=C(C=CC=C1Cl)NC(=O)C[C@@H]2C(=O)NC3=CC=CC=C3S2,,5.599997654072044,,5.399996913372259
COC1=C(C=CC(=C1)C2=CC(=C(C=C2)N=C=O)OC)N=C=O,,,,4.899998417198648
C1=CC=C2C(=C1)NC(=S)N2,,,,5.0
C[C@]12CCCC([C@@H]1CC[C@@]([C@@H]2CC[C@@](C)(C=C)O)(C)O)(C)C,,,,5.0
C1=CC=C(C=C1)C2=CC=C(C=C2)N,,,,4.899998417198648
C1=CC=C2C(=C1)NC3=CC=CC=C3S2,,,,4.499999678657065
C[C@H](C(=O)O)N,4.500312917381596,,,
C1=CC(=CC=C1C2=CC=C(C=C2)N)N,,,,4.59999938302362
CC1([C@@H]([C@H](C2=C(O1)C=CC(=C2)C#N)N3CCCC3=O)O)C,4.849485002168009,4.40000018605658,6.899974269892137,
CCN(CC)C1=CC=C(C=C1)N,,,,4.59999938302362
C1=CC(=C(C=C1OC2=C(C=C(C=C2I)C[C@H](C(=O)O)N)I)I)O,,,4.899998417198648,
C[C@H](CC1=CC(=C(C=C1)O)O)[C@@H](C)CC2=CC(=C(C=C2)O)O,4.550319597950279,5.349998275896024,4.4999997845401,7.0
CN1CCN(CC1)C2=NC3=CC=CC=C3OC4=C2C=C(C=C4)Cl.C(CC(=O)O)C(=O)O,5.000312917381596,4.899998417198648,4.749999839328533,4.59999938302362
CCN(CC)CCNC(=O)C1=CC=C(C=C1)NC(=O)C.Cl,,,,6.899974269892137
CNCCCC12CCC(C3=CC=CC=C31)C4=CC=CC=C24.Cl,,,,4.899998417198648
C1CN(CCN1CCCN2C3=CC=CC=C3C=CC4=CC=CC=C42)CCO.Cl.Cl,,,,6.5003301626748105
C1C[C@H](C2=NC3=CC=CC=C3C[C@@H]21)O,4.801342913045577,,4.700000503883016,
CC1=CC2=C(C=C1OC[C@H](C(C)(C)O)O)OC(=O)C=C2,4.400116927926312,,,
C[C@H]1[C@@H]2CCC(=C3[C@H]([C@@H]2OC1=O)C(=CC3=O)C)C,5.0,,,
CN(C)CC[C@H](C1=CC=C(C=C1)Cl)C2=CC=CC=N2,,6.000163232287771,4.499999678657065,
C1C[C@H](C2=CC=CC=C2C1)C3=NCCN3,,,4.499999678657065,
C1C[C@@H](C2=CC=CC=C2C1)C3=NCCN3,,,5.299997602857746,
C1=CC(=CC=C1C[C@H](C(=O)O)N)F,,,4.899998417198648,
CN1CCC2=CC3=C(C=C2[C@@H]1O)OCO3,,,5.0999990348465305,
C1=CC=C(C(=C1)CC(=O)OCC(=O)O)NC2=C(C=CC=C2Cl)Cl,,5.799998134593398,,
CCCCOC(=O)C1=CC=C(C=C1)O,7.100179497572904,,4.899998417198648,
CCOC1=CC2=C(C=C1)N=C(S2)N,,,,4.800000874803203
C[N+]1(CCO[C@@](C1)(C2=CC=CC=C2)O)C,5.400116927926312,,,
C1=CC=C(C=C1)NC(=S)NC2=NC=CS2,6.100179497572904,4.700000503883016,4.499999678657065,4.800000874803203
C1=CC2=C(C=C1[N+](=O)[O-])NC=N2,,,,4.59999938302362
C[C@H]1[C@@H]2CC[C@@]3(C=CC(=O)C(=C3[C@@H]2OC1=O)C)C,5.0,,,5.0
CCN(CC)C(=S)SCC(=C)Cl,,,,5.0
C[C@@](CC1=CC(=C(C=C1)O)O)(C(=O)O)N,,4.59999938302362,,5.599997654072044
C1[C@H]([C@H](OC2=CC(=CC(=C21)O)O)C3=CC(=C(C=C3)O)O)O,,,,4.899998417198648
COC1=C(C=C(C=C1)[C@@H]2CC(=O)C3=C(C=C(C=C3O2)O)O)O,5.400237595757176,4.9000004374016015,4.70000009302829,4.9000004374016015
COC1=C(C=C(C=C1)C2=CC(=O)C3=C(O2)C(=C(C(=C3OC)OC)OC)OC)OC,,,,4.59999938302362
CCCCCCCCCC1=CC=C(C=C1)OCCOCCOCCOCCOCCOCCOCCOCCOCCO,,,,4.499999678657065
C1=CC=C(C(=C1)N)N,,,,4.700000503883016
CC(C)[C@@H](C(=O)N[C@@H](CC1=CC=CC=C1)C=O)NC(=O)OCC2=CC=CC=C2,,4.40000018605658,,5.199998172182031
CC(=CCC/C(=C\COC1=C2C=CC(=O)OC2=CC3=C1C=CO3)/C)C,,,,6.100015437450609
CC1=C(C=C(C=C1)N)Cl,,,,4.899998417198648
C1=CC(=C(C=C1N)Cl)Cl,,,,4.59999938302362
CC1=C(C=C(C=C1)Cl)N,,,,4.499999678657065
CN1CCC2=CC(=C(C=C2C(=O)CC3=C(C1)C4=C(C=C3)OCO4)OC)OC,,,7.600326278518962,
C1=CC(=C(C=C1Cl)N)N,,,,5.0999990348465305
CC1=CC(=CC(=C1NC2=C(C3=C(C=C2O)OC4=CC(=O)C(=NC5=C(C=C(C=C5C)O)O)C(=C43)C)C)O)O,5.5003129173815966,5.499996931948306,5.599997654072044,
CN1CCC2=CC(=C(C3=C2[C@H]1CC4=CC(=C(C=C43)OC)O)OC)O,5.400116927926312,,5.499996931948306,
C1(C(C(C(C(C1Cl)Cl)Cl)Cl)Cl)Cl,,,,4.40000018605658
C1CCC(CC1)NC(=S)NC2CCCCC2,,,,4.59999938302362
C1CCN(CC1)CCNC2=C3C(=C(C=C2)CO)SC4=CC=CC=C4C3=O,5.801342913045578,,5.900008766455316,5.199998172182031
CN1CCN(CC1)CC2=NC3=CC=CC4=C3C(=[N+]2[O-])C5=CC=CC=C45,5.8996294548824375,,,5.399996913372259
C1=CC=C(C(=C1)N)S(=O)(=O)N,,5.399996913372259,,
C1=CC=C2C(=C1)C(=NC(=N2)C3=CC=CC=C3Cl)NCC4=CN=CC=C4,6.199970640755866,,4.700000503883016,5.599997654072044
CC1=CC(=C(C=C1SC2=CC(=C(C=C2C)O)C(C)(C)C)C(C)(C)C)O,,,,5.399996913372259
CC1=CC=C(C=C1)S(=O)(=O)N[C@@H](CCCCN)C(=O)CCl,,,4.59999938302362,4.899998417198648
C1=CC=C(C=C1)S(=O)(=O)NNC(=O)C2=CN=CC=C2,,,,5.399996913372259
CCCCCC1=C(C(=CC2=C1OC3=CC(=CC(=C3C(=O)O2)C(=O)CCCC)OC)O)C(=O)O,,,,4.59999938302362
CN1C2=C(C(=O)N(C1=O)C)NC(=N2)CCCCC3=NC4=CC=CC=C4N3,,,6.100015437450609,
CC[C@@H]1[C@@]([C@@H]([C@H](C(=O)[C@@H](C[C@@]([C@@H](C([C@@H]([C@H](C(=O)O1)C)O[C@H]2C[C@@]([C@H]([C@@H](O2)C)O)(C)OC)C)O[C@H]3[C@H]([C@H](C[C@H](O3)C)N(C)C)O)(C)OC)C)C)O)(C)O,,,,4.59999938302362
CN(C(=O)N[C@@H]1[C@@H]([C@@H](C(OC1O)CO)O)O)N=O,,,4.700000503883016,
C1=CC(=C(C=C1Cl)SC2=C(C=CC(=C2)Cl)O)O,5.400116927926312,6.400007822415902,5.499996931948306,4.499999678657065
COC1=C(C=C(C=C1)C(=O)NC2=CC=CC=C2)[N+](=O)[O-],,,,4.800000874803203
CC(C)CN(C)C1=NC(=C(N=C1Cl)C(=O)N=C(N)N)N,6.100179497572904,,4.40000018605658,
CCNC(=O)N1CCN(CC1)CCCC(C2=CC=C(C=C2)F)C3=CC=C(C=C3)F,,,4.899998417198648,5.0999990348465305
CN1CCC2=CC(=C(C=C2[C@@H]1CC3=CC(=C(C=C3)OC)OC)OC)OC,4.400116927926312,,5.04999829469034,
CC1=CC=CC=C1N=NC2=CC(=C(C=C2)N)C,,,,5.299997602857746
CC(C)(C(COC1=C(C2=C(C=C1)C(=C3C=COC3=N2)OC)OC)O)O,,,,4.800000874803203
COC1=C(C2=C[N+]3=C(C=C2C=C1)C4=CC(=C(C=C4CC3)OC)OC)OC.[Cl-],,,,4.40000018605658
CC1=C[C@H]2[C@@H](CC3=CNC4=CC=CC2=C34)N(C1)C,5.5003129173815966,,5.699991797446187,
CC1=CC=CC=C1[C@H](C2=CC=CC=C2)OCCN(C)C,,5.399996913372259,4.749999839328533,4.499999678657065
CN1CCC2=C3[C@@H]1CC4=C(C3=CC=C2)C(=C(C=C4)O)O,4.899629454882437,4.40000018605658,,5.3000046351691665
CC1=C(C=CC(=C1O)C(=O)C)OCC2=CC=CC=C2,,5.699991797446187,,
CC1=CC(=C(C2=C1C(=O)OC3=C(O2)C4=C(C(=C3C)O)C(=O)OC4O)C=O)OC,,,,4.899998417198648
C1=CN=CC=C1C[C@@H](C(Cl)(Cl)Cl)O,4.801342913045577,5.0,,5.199998172182031
CN(C)C1=CC=C(C=C1)C2(C3=C(C=C(C=C3)N(C)C)C(=O)O2)C4=CC=C(C=C4)N(C)C,,,,5.0999990348465305
CC(CC(=O)O)(CC(=O)O)C(=O)O,,,5.499996931948306,
C1=CC(=CN=C1)CNCC2=CN=CC=C2,5.100179497572904,,5.0999990348465305,
C1=C(NC=N1)CCNC2=NC=NC3=C2NC=N3,5.300162274132754,,,5.399996913372259
CC1=C(C=CC(=C1)[N+](=O)[O-])N,,,,4.40000018605658
CC1=C(C=C(C=C1)[N+](=O)[O-])N,,,,4.499999678657065
C1=CC=C(C=C1)[C@@H]([C@H](C2=CC=CC=C2)C(=O)O)C(=O)O,,,5.399996913372259,
C1(C(C(C(C(C1Br)Br)Br)Br)Br)Br,,,,4.800000874803203
C1CN[C@@H](C2=C1C3=CC=CC=C3N2)C4=CC=CC=C4,,,7.899629454882437,5.499996931948306
CN(C)C1=CC=C(C=C1)N,,,,4.800000874803203
CC(C)(C)C1=CC(=C(C=C1OC)C(C)(C)C)O,,,,4.899998417198648
C1CC(CCC1C2=CC=C(C=C2)Cl)C3=C(C4=CC=CC=C4C(=O)C3=O)O,5.0,5.699991797446187,,
C1=CC=C(C=C1)C2=NNC(=O)C=C2,5.400116927926312,,,
C1=CC(=CC=C1C2=CSC(=N2)NC3=CC=C(C=C3)O)Cl,,,,4.59999938302362
C1=CC(=C(C=C1CC2=CC(=C(C=C2)N)Cl)Cl)N,,,,5.299997602857746
C1=CC=C(C=C1)NC2=CC(=CC=C2)O,,,,4.800000874803203
CC(=O)[C@H]1[C@@H]2[C@H]3CO[C@H](O3)C(=O)[C@@H]2[C@H]4N1C=CC5=CC=CC=C45,4.500312917381596,4.499999678657065,,
CCOC(=O)C1=C(C=C(C=C1C)O)O,,,,4.59999938302362
CN1CCC2=CC(=C(C3=C4C(=C(C1=C23)CC5=C6C7=C(C8=CC(=C(C=C85)OC)OC)C(=C(C=C7CCN6C)OC)OC)C=CC(=C4OC)OC)OC)OC,,,,5.499996931948306
CN1CCC2=CC(=C(C3=C2C1=C(C4=CC(=C(C=C43)OC)OC)C(=O)C5=CC=CC=C5)OC)OC,,,,5.900008766455316
C[C@H]1C[C@@]2([C@H](O2)C)C(=O)O[C@@H]3CCN(C/C=C(\C3=O)/COC(=O)[C@]1(C)O)C,,,,4.59999938302362
CN(C)C1=CC=C(C=C1)CC2=CC=C(C=C2)N(C)C,,,,4.899998417198648
C1=CC(=CC=C1CC2=CC=C(C=C2)N=C=O)N=C=O,,,,4.899998417198648
CC(C)NC1=CC=C(C=C1)NC2=CC=CC=C2,,,,4.59999938302362
C1=CC(=CC=C1CC2=CC=C(C=C2)N)N,,,,4.59999938302362
C1=CC(=CC=C1N)OC2=CC=C(C=C2)N,,,,4.499999678657065
C1C(O1)COC2=CC(=CC=C2)OCC3CO3,,,,4.800000874803203
CCC(C)NC1=CC=C(C=C1)NC(C)CC,,,,4.800000874803203
C[C@](CC1=CC=CC=C1)(C2=CC=CC=C2)NC(=O)CN,5.300162274132754,,,5.499996931948306
CC1=CC(=C(C(=C1)C)S(=O)(=O)NC2=CC=CC(=C2)C(F)(F)F)C,4.400116927926312,,,4.899998417198648
CC(C)(C(=N)N)N=NC(C)(C)C(=N)N.Cl.Cl,,,,4.40000018605658
C1=CC=C(C=C1)COC2=CC=C(C=C2)O,5.801342913045578,,,
CCCCC(CC)COC(=O)CCCCC(=O)OCC(CC)CCCC,,,,4.700000503883016
CC1=CC(=CC(=C1C(=O)OC)O)O,,,,4.899998417198648
CN1CCC[C@@H](C1)OC(=O)C(C2=CC=CC=C2)C3=CC=CC=C3,,,5.499996931948306,
CCCCNC1=CC=C(C=C1)C(=O)OCCOCCOCCOCCOCCOCCOCCOCCOCCOC,,,,5.199998172182031
CC1=CC(=C(C(=C1)C)S(=O)(=O)NC2=CC=CC=C2C(F)(F)F)C,4.500312917381596,,5.199998172182031,5.599997654072044
CC(=O)C1=CC2=CC=CC=C2OC1=O,6.698970004336019,,,
COC1=CC=C(C=C1)C2=CC(=O)C3=CC=CC=C3O2,,,,5.699991797446187
CCCCC(CC)CNCC(CC)CCCC,,,,6.79997073344623
CN(CCOC1=CC=C(C=C1)CC2C(=O)NC(=O)S2)C3=CC=CC=N3,,,,5.0999990348465305
CC(C)(CN1C2=CC=CC=C2SC3=CC=CC=C31)CN(C)C,,,6.700057099977233,5.299997602857746
C1=CC(=CC=C1O)O,,,,6.0
C1=CC(=CC(=C1)N)N,,,,4.499999678657065
C1COCCN1CN2C3=CC=CC=C3N=N2,,,9.0,
CCOC(=O)C1=C(C=C(C=C1C)OC)O,,,,4.499999678657065
COC(=O)C1=CC(=O)NC(=O)N1,5.100179497572904,,,
CCCCCCC[N+]1=CC=C(C=C1)C2=CC=[N+](C=C2)CCCCCCC,4.500312917381596,4.40000018605658,5.0999990348465305,
C1COCCN1CCNC2=NC(=NC3=CC=CC=C32)C4=CN=CC=C4,5.400116927926312,,5.0,5.0999990348465305
C1=CC(=CC2=C(C=C(C=C21)S(=O)(=O)O)N)S(=O)(=O)O,,5.0999990348465305,,
C1=CC2=C(C=C1[N+](=O)[O-])C(=O)C3=CC=C4C5=CC=C6C7=C(C=CC(=C57)C8=C4C3=C2C=C8)C9=C(C6=O)C=C(C=C9)[N+](=O)[O-],6.100179497572904,,,
C(CSC(=N)N)SC(=N)N,5.698970004336019,,,
C1=CC=C(C(=C1)[C@@H](CC(=O)O)C(=O)O)[N+](=O)[O-],6.100179497572904,,,
CC(C)(CN)CN,,,5.0999990348465305,
C[C@@](CC1=CC=C(C=C1)O)(C(=O)OC)N,,,,5.599997654072044
C1=CC=C(C=C1)C(C2=CC=CC=C2)(C(=O)O)Cl,5.400116927926312,,,
C1=CC2=C3C(=C1)C=CC4=C(C=CC(=C43)C=C2)C(=O)CCC(=O)O,5.8996294548824375,,5.499996931948306,
C[C@H](CN(C)C)C(C1=CC=CC=C1)(C2=CC=CC=C2)O,,,5.399996913372259,
CCN1C2=CC=CC=C2NC1=O,4.500312917381596,,,
C1=CC(=CC=C1C2=NC3=C(N2)C=C(C=C3)C4=NC5=C(N4)C=C(C=C5)N)N,,,,7.199970640755866
CC(=O)NNC1=CC=CC=C1,,,,4.499999678657065
C1=CC=C(C=C1)CCN=C(N)N=C(N)N,,,5.0,
COC(=O)[C@@H](CC1=CC=C(C=C1)Cl)N,5.5003129173815966,,,4.499999678657065
C1=CC=C(C=C1)[C@H](C2=C(C3=C(C=CC=N3)C=C2)O)NC4=CC=CC=N4,,5.199998172182031,6.50003813440381,
C1CC[C@@H]([C@@H](C1)N2CCC(CC2)C3=CC=CC=C3)O,4.899629454882437,4.40000018605658,6.7500139167117315,
C1=CC=C2C(=C1)C(=O)C3=C(C2=O)C=C(C=C3)N,,,,5.599997654072044
CCCCC(CC)COC(=O)C1=CC=CC=C1C(=O)OCC(CC)CCCC,,,,4.800000874803203
C1CCN(CC1)CCC2=CC=NC=C2,5.100179497572904,,,5.199998172182031
C1=C2C(=C(C(=C1Br)O)Br)OC3=C(C(=C(C=C3C24C5=C(C(=C(C(=C5Cl)Cl)Cl)Cl)C(=O)O4)Br)O)Br,,,,4.700000503883016
CC1CC(CC(C1)(C)C)OC(=O)C2=CC=CC=C2O,,,,4.40000018605658
C1(=C(C(=O)C(=C(C1=O)Cl)Cl)Cl)Cl,,,,5.699991797446187
CC1=C(C=C(C=C1)N)[N+](=O)[O-],,,,4.499999678657065
CCC(=O)N(C1CCN(CC1)CCC2=CC=C(C=C2)N=C=S)C3=CC=CC=C3,4.801342913045577,,5.0999990348465305,4.59999938302362
COC1=C(C=CC(=C1)C2=CC(=C(C=C2)N)OC)N,,,,4.899998417198648
CC1=C(C=CC(=C1)C2=CC(=C(C=C2)N)C)N,,,,4.700000503883016
C1=CC=C(C=C1)CC2=C(C=CC(=C2)Cl)O,,,,4.59999938302362
CCNC1=C(C=CC(=C1)O)C,,,,4.59999938302362
C1=CC=C(C=C1)C(=O)CC(=O)C2=CC=CC=C2,,,,4.899998417198648
CC1=CC(=C(C=C1)OC)N,,,,4.499999678657065
CC(C)(C)CC(C)(C)C1=CC=C(C=C1)OCCOCC[N+](C)(C)CC2=CC=CC=C2.[Cl-],,,,4.59999938302362
CC(C)(C(=N)N)N=NC(C)(C)C(=N)N.Cl,,,5.0999990348465305,
C1CCC(CC1)N=C=NCCN2CCOCC2,5.199970640755866,,,
C1=CC(=NC=C1C(=O)O)SSC2=NC=C(C=C2)C(=O)O,5.5003129173815966,5.799998134593398,,
CC1=C(C=C(C=C1)C(=O)NC2=C3C(=CC(=CC3=C(C=C2)S(=O)(=O)[O-])S(=O)(=O)[O-])S(=O)(=O)[O-])NC(=O)C4=CC(=CC=C4)NC(=O)NC5=CC=CC(=C5)C(=O)NC6=C(C=CC(=C6)C(=O)NC7=C8C(=CC(=CC8=C(C=C7)S(=O)(=O)[O-])S(=O)(=O)[O-])S(=O)(=O)[O-])C.[Na+].[Na+].[Na+].[Na+].[Na+].[Na+],4.600326278518962,,,
C1=CC=C2C(=C1)C3=NNC4=CC=CC(=C43)C2=O,7.350486183964007,4.549999530840342,6.400007822415902,5.399996913372259
CCN1CCCC(C1)OC(=O)C(C2=CC=CC=C2)C3=CC=CC=C3.Cl,,,,4.800000874803203
C1=C(C=C(C(=C1I)OC2=CC(=C(C(=C2)I)O)I)I)CC(C(=O)O)N,,,,4.499999678657065
C=C[C@H]1CN2CC[C@@H]1C[C@H]2[C@H](C3=CC=NC4=CC=CC=C34)O,,,5.899992934813097,
CNC[C@@H](C1=CC=C(C=C1)O)O,,4.40000018605658,,
C1C[C@H](CNC1)C(=O)N,,,5.0999990348465305,
CC[C@@]12CCCN3[C@H]1C4=C(CC3)C5=CC=CC=C5N4C(=O)C2,,,,4.800000874803203
C=CCOC(=O)C1=CC=CC=C1C(=O)OCC=C,,,,5.299997602857746
CCCCCOC(=O)C1=CC=CC=C1C(=O)OCCCCC,,,,4.899998417198648
COC1=CC(=C(C=C1)C(=O)C2=CC=CC=C2O)O,7.199970640755866,,,4.40000018605658
C1C=CCC2C1C(=O)N(C2=O)SC(Cl)(Cl)Cl,,,,4.849999646000926
C1=CC=C(C=C1)OC(=O)C2=C(C=C(C=C2)N)O,,,,4.800000874803203
CC(C)(C)C(CCC1=CC=C(C=C1)Cl)(CN2C=NC=N2)O,,,,6.299988937677887
C1=CC=C(C=C1)CCOC(=O)C2=CC=CC=C2N,,,,4.899998417198648
C1=C(C=C(C(=C1C(=O)O)Cl)N)Cl,,,,4.59999938302362
C1=CC=C2C(=C1)C=CC=C2N,,,,4.499999678657065
C1=CC=C(C(=C1)C(=O)O)SCC(=O)O,7.899629454882437,,,
C1=CC=C(C=C1)NC2=CC3=CC=CC=C3C=C2,,,,4.59999938302362
C1=CC=C(C=C1)N=NC2=C(N=C(C=C2)N)N.Cl,,,,4.700000503883016
CC1=CC(=C(C=C1C)N)C,,,,4.40000018605658
CN1CCN(CC1)C2=NC(=NC3=CC=CC=C32)C4=CN=CC=C4,5.5003129173815966,,5.0,4.59999938302362
C1=C(C=C(C(=C1I)OC2=CC(=C(C(=C2)I)O)I)I)C[C@H](C(=O)O)N,4.801342913045577,5.199998172182031,,
C1=CC(=CC=C1N)SC2=CC=C(C=C2)N,,,,4.899998417198648
COC1=CC=C(C=C1)CC=C,,,,4.899998417198648
C1=CC(=C2C(=C1)OC(=CC2=O)C3=CC(=C(C=C3)O)O)O,6.801342913045577,5.0999990348465305,,4.800000874803203
COC1=C(C=C(C(=C1)C=O)[N+](=O)[O-])OC,,,,4.59999938302362
C1=CC=C(C=C1)SCCC2=CC=NC=C2,6.698970004336019,5.900008766455316,5.900008766455316,5.599997654072044
C1CN1C2=C(C=C(C(=C2)C(=O)N)[N+](=O)[O-])[N+](=O)[O-],,,,4.40000018605658
CC(=O)NCCC1=CNC2=C1C=C(C=C2)OC,4.899629454882437,,5.0,4.700000503883016
C1CC(C1)(C(=O)O)N,4.400116927926312,,,
CC1=CC(NC2=CC=CC=C12)(C)C,,,,5.0
CCN(CC)CCOCCOC(=O)C1(CCCC1)C2=CC=CC=C2.C(C(=O)O)C(CC(=O)O)(C(=O)O)O,4.899629454882437,,4.799999356751798,5.0
CC(=O)NCCC1=CNC2=C1C=C(C=C2)O,4.801342913045577,,4.800000874803203,4.849999208935076
CN(C)CCNCCN,,5.0999990348465305,,
C1=CC=C(C=C1)NC2=CC=C(C=C2)N=O,,,,4.700000503883016
C1CCN2CCC[C@@H]([C@@H]2C1)CO,4.300162274132754,,,
CC(=O)O[C@@H]1CN2CCC1CC2,,,4.800000874803203,
CN(C)C1=CC=C(C=C1)C(=C2C=CC(=[N+](C)C)C=C2)C3=C4C=CC(=CC4=CC(=C3O)S(=O)(=O)O)S(=O)(=O)O,5.400116927926312,5.599997654072044,5.499996931948306,5.499996931948306
CC1=CC=C(C=C1)N(CC2=NCCN2)C3=CC(=CC=C3)O.CS(=O)(=O)O,,,5.499996931948306,5.599997654072044
CC[C@@H]1[C@H](COC1=O)CC2=CN=CN2C,,4.899998417198648,,
C1C2=CC=CC3=C2C4=C(C=CC=C41)C=C3,,,,4.59999938302362
CCCCCCCCCCCCCCC[C@H]([C@H](CO)N)O,4.600326278518962,,5.0999990348465305,4.499999678657065
CN1CCN(CC1)CCCN2C3=CC=CC=C3SC4=C2C=C(C=C4)Cl.C(CS(=O)(=O)O)S(=O)(=O)O,,,,4.59999938302362
CC(C)NC[C@@H](COC1=CC=CC2=CC=CC=C21)O,6.698970004336019,,5.599997654072044,
C[C@H]1C2=CC(=C(C=C2CCN1)O)O,,4.800000874803203,,
CC1(C2=C(C=C(C=C2)OC)C(=O)N(C1=O)CCC3=CC=C(C=C3)S(=O)(=O)NC(=O)NC4CCCCC4)C,,4.899998417198648,,5.0
CC(C)(C(=O)NC1=CC(=C(C=C1)[N+](=O)[O-])C(F)(F)F)O,,,,4.59999938302362
C1CCN(CC1)CC2=CC(=CC=C2)OCCCNC3=NC4=CC=CC=C4S3,4.650827915213586,,4.899998417198648,5.149997665285454
CCC1=CC=C(C=C1)C(=O)NN(C(=O)C2=CC(=CC(=C2)C)C)C(C)(C)C,,,,5.399996913372259
CC[C@]12CCCN3[C@H]1C4=C(CC3)C5=CC=CC=C5N4C(=O)C2,4.700058463963156,4.59999938302362,7.199970640755866,5.299997542777145
C1CC(=O)NC(=O)[C@H]1N2C(=O)C3=CC=CC=C3C2=O,4.698970004336019,,,
CN1CCN(CC1)CCCN2C3=CC=CC=C3SC4=C2C=C(C=C4)S(=O)(=O)N(C)C.CS(=O)(=O)O.CS(=O)(=O)O,4.899629454882437,,5.199998172182031,5.599997654072044
CC(=CCNC1=NC=NC2=C1NC=N2)C,5.199970640755866,,,
CCCCN1CCCC[C@H]1C(=O)NC2=C(C=CC=C2C)C,5.300162274132754,,6.299988937677887,5.0
CC(C)[C@](CCCN(C)CCC1=CC(=C(C=C1)OC)OC)(C#N)C2=CC(=C(C=C2)OC)OC,4.750156458690798,7.899629454882437,,5.599997654072044
C[C@H](C1=CC(=C(C=C1)C2=CC=CC=C2)F)C(=O)O,4.750156458690798,5.049999517423265,,
C1CCN2C[C@@H]3C[C@H]([C@H]2C1)CN4[C@@H]3CCCC4,,,4.800000874803203,
COC(=O)[C@@H]1[C@H](CC[C@@H]2[C@@H]1C[C@H]3C4=C(CCN3C2)C5=CC=CC=C5N4)O,4.899629454882437,,5.349994561867234,4.59999938302362
C=C[C@@H]1CN2CC[C@H]1C[C@H]2[C@@H](C3=CC=NC4=CC=CC=C34)O,,,5.399996913372259,
CCN(CC)CCOC(=O)C(C1CCCCC1)C2=CC=CC=C2.Cl,,,,4.800000874803203
CC(C)([C@@H](C(=O)O)N)S,5.199970640755866,,,
[CH-]1C=CC=C1.[CH-]1C=CC=C1.[Co+2],,,,4.499999678657065
CN1[C@@H](CCC[C@H]1CC(=O)C2=CC=CC=C2)C[C@@H](C3=CC=CC=C3)O,4.801342913045577,,4.59999938302362,
C1C[C@@H]2[C@H]3CC[C@@H]([C@@H]2NC1)[C@@H]4N3CCC5=C4NC6=CC=CC=C56,4.801342913045577,,5.0999990348465305,
C1C(OC2=CC(=CC(=C2C1=O)O)O)C3=CC=C(C=C3)O,,,,4.9499992085993245
C[C@H](C1=CC=C(C=C1)N2CC3=CC=CC=C3C2=O)C(=O)O,4.801342913045577,,5.0999990348465305,
CN1[C@@H]2CC[C@H]1CC(C2)OC(=O)C3=CC(=C(C=C3)OC)OC,,,6.0,
CN1[C@@H]2CC[C@H]1CC(C2)OC(=O)C3=CC(=C(C=C3)O)OC,,,5.0999990348465305,
CC[C@H](CO)NC(=O)[C@@H]1CN([C@H]2CC3=CNC4=CC=CC(=C34)C2=C1)C,,,5.799998134593398,
C1CNC[C@H]([C@H]1C2=CC=C(C=C2)F)COC3=CC4=C(C=C3)OCO4,5.5003129173815966,5.699991797446187,,5.0999990348465305
C1=CC=C2C(=C1)C=NN=C2NN.Cl,,,,4.499999678657065
CCN(CC)C(=O)C1=CC(=C(C=C1)O)OC,4.799299729609228,,,
CNNC.Cl.Cl,,,,4.499999678657065
CC[N+](CC)(CCCNC1=CC(=O)C(=CC1=O)NCCC[N+](CC)(CC)CC2=CC=CC=C2)CC3=CC=CC=C3,4.500312917381596,,,
CN1C[C@H](C[C@@H]2[C@@H]1CC3=CN(C4=CC=CC2=C34)C)CNC(=O)OCC5=CC=CC=C5,4.801342913045577,,7.500312917381596,
CN1CCN(CC1)CC/C=C/2\C3=CC=CC=C3SC4=C2C=C(C=C4)S(=O)(=O)N(C)C,,,4.499999678657065,4.899998417198648
CCOC(=O)C1=C(NC(=C([C@@H]1C2=C(C(=CC=C2)Cl)Cl)C(=O)OC)C)C,4.899629454882437,6.599980364934842,,5.399996913372259
CN1CCN(CC1)C(=O)O[C@@H]2C3=NC=CN=C3C(=O)N2C4=NC=C(C=C4)Cl,4.400116927926312,,4.75000068934311,
CCC1CN2CCC3=CC(=C(C=C3C2CC1CC4C5=CC(=C(C=C5CCN4)OC)OC)OC)OC.Cl.Cl,,,,4.59999938302362
CC1(C2=CC=CC=C2N(C3=CC=CC=C31)CCCN(C)C)C,5.300162274132754,,5.399996913372259,
C1=CC=C(C=C1)CCSC2=NC(=NC3=C2NC=N3)N,5.5003129173815966,5.399996913372259,5.399996913372259,5.599997654072044
CN1C2=C(C(=O)N(C1=O)C)NC=N2.CN1C2=C(C(=O)N(C1=O)C)NC=N2.C(CN)N,4.500312917381596,,,
CC(C)NC[C@H](COC1=CC=CC=C1OCC=C)O,5.300162274132754,,5.0999990348465305,
C1=CC=C(C(=C1)C=NC2=C3C(=CC(=C2)S(=O)(=O)O)C=C(C=C3O)S(=O)(=O)O)O,,5.499996931948306,,
CC1=C2C(=C3C=CC(=O)C=C3N2)C=CN1.Cl,,,,4.59999938302362
COC1=CC=CC2=C1C(=O)C=C(O2)C3=CC=CC=C3,,,,4.499999678657065
CC(=O)OCC1=CC2=C(C=C1)OCO2,,,,5.0
CC1=CC(=C(C(=C1C(=O)O)O)C)OC(=O)C2=C(C(=C(C=C2C)OC)C)OC,,,,4.59999938302362
CC1=CC=C(C=C1)N[C@H](C2=CC=CC=C2)C3=C(C4=C(C=CC=N4)C=C3)O,,5.399996913372259,,5.499996931948306
CC(=CCC1=C2C(=C3C(=C1O)C(=O)C(=CO3)C4=CC=C(C=C4)O)C=CC(O2)(C)C)C,,,,4.59999938302362
CC(=O)OC(C1=CC=CC=C1)C(=O)C2=CC=CC=C2,,,,4.59999938302362
CN1C(=C(C(=O)N(C1=O)C)C(=O)COC(=O)C2=CC=NC3=CC=CC=C23)N,,,,4.800000874803203
C1CC1CNC(=O)NC(=O)CC#N,,,,7.899629454882437
C1CC1CN2C(=CC(=O)NC2=O)N,,,,5.399996913372259
CN1C(=C(C(=O)N(C1=O)C)C(=O)COC(=O)C2=CC(=NC3=CC=CC=C32)C4CC4)N,,,,4.40000018605658
CC(C)CN1C(=C(C(=O)N(C1=O)C)C(=O)COC(=O)C2=CC(=NC3=C2C=CC=C3C(F)(F)F)C(F)(F)F)N,,,,5.499996931948306
CN1C(=O)C(=C(N(C1=O)CC2=CC=CC=C2)N)C(=O)COC(=O)C3=CC(=NC4=CC=CC=C43)C5=CC=CO5,,,,4.899998417198648
CN1C(=C(C(=O)N(C1=O)CC2=CC=CC=C2)C(=O)COC(=O)C3=CC(=NC4=CC=CC=C43)C(F)(F)F)N,,,,4.800000874803203
CN1C(=C(C(=O)N(C1=O)CC2=CC=CC=C2)C(=O)COC(=O)C3=CC(=NC4=CC=CC=C43)C5=CC=CO5)N,,,,5.0
CN1C(=C(C(=O)N(C1=O)CC2=CC=CC=C2)C(=O)COC(=O)C3=CC(=NC4=CC=CC=C43)C5CC5)N,,,,4.800000874803203
CN1C(=C(C(=O)N(C1=O)CC2=CC=CC=C2)C(=O)COC(=O)C3=CC(=NC4=CC=CC=C43)C5=CC=CC=C5)N,,,,4.899998417198648
CN1C(=O)C(=C(N(C1=O)CC2CC2)N)C(=O)COC(=O)C3=CC(=NC4=CC=CC=C43)C5=CC=CO5,,,,5.0999990348465305
CN1C(=O)C(=C(N(C1=O)CC2CC2)N)C(=O)COC(=O)C3=CC(=NC4=C3C=CC=C4C(F)(F)F)C(F)(F)F,,,,5.399996913372259
C[C@@H]([C@H]1[C@@H](O1)CC(=O)OC)[C@H](C(C)C)OC,,5.499996931948306,,5.399996913372259
CC1=C(C(N2C(=O)[C@@]3(C(=C([C@@]2(N1CC4=CC=CC=C4)O3)C(=O)OC)C(=O)OC)C(=O)OC)C5=CC=CC=C5)C(=O)OC,,,,5.499996931948306
CCN1C(=C(C(N2C1=C(C[C@](C2=O)(C(=O)OC)O)C#N)C3=CC=CC=C3)C(=O)OC)C,,,,5.399996913372259
CC1=C(C(N2C(=C(C[C@](C2=O)(C(=O)OC)O)C(=O)C)N1CC3=CC=CC=C3)C4=CC=CC=C4)C(=O)OC,,,,5.499996931948306
CC1=C(C(N2C(=C(C(=C(C2=O)C(=O)OC)C(=O)OC)C(=O)OC)N1CC3=CC=CC=C3)C4=CC=CC=C4)C(=O)OC,,,,5.349997258115003
CC1=C(C(N2C(=C(C[C@](C2=O)(C(=O)OC)O)C(=O)OC)N1CC3=CC=CC=C3)C4=CC=CC=C4)C(=O)OC,,,,5.399996913372259
C1=CC=C(C(=C1)/C(=C(\N)/SC2=CC=C(C=C2)N)/C#N)C(F)(F)F,,,,5.900008766455316
CCCCCCCC1=CC2=CC(=O)C(C(=O)C2=CN1CCC3=CC=CC=C3)(C)OC(=O)C,,5.199998172182031,5.499996931948306,5.399996913372259
CC1=C(C(=O)C=CN1CC2=CC=CC=C2)O,,,5.499996931948306,
CCCCCCC(=O)CC1=CC(=C(C=C1C=C(C(=O)OCC)C(=O)OCC)OC)OC,,,,5.499996931948306
C1=CC(=CC=C1N/C(=N/C(=NCCCCCCN=C(/N=C(/NC2=CC=C(C=C2)Cl)\N)N)N)/N)Cl,4.801342913045577,4.800000874803203,5.0999990348465305,4.499999678657065
C1=CC(=C(C=C1C(F)(F)F)NC(=O)C/C(=N/O)/N)Cl,5.801342913045578,,,5.399996913372259
CC1=CC2=C(CCCCN2CC/C(=N/OC[C@@H]3[C@H](C=C[C@H](O3)C4=CC=CC=C4)OC5=CC=C(C=C5)OC)/C)N=C1C,,5.199998172182031,5.399996913372259,5.399996913372259
CC1=CC2=C(CCCCN2CC/C(=N/O[C@@H](C)CN3CCCCC4=C3C=C(C(=N4)C)C)/C)N=C1C,,,5.299997602857746,5.399996913372259
CC1=CC2=C(CCCCN2CC/C(=N/OC[C@H](COCC3=CC=CO3)O)/C)N=C1C,,,5.0999990348465305,5.399996913372259
CC1=CC2=C(CCCCN2CC/C(=N/O[C@@H](C)C3=CN(N=N3)[C@@H](CC4=CC=CC=C4)CO)/C)N=C1C,,,,5.349997258115003
CC1=CC(=C(C(=C1)C)C2=NOC(=C2)[C@H](C)O/N=C(\C)/CCN3CCCCC4=C3C=C(C(=N4)C)C)C,,5.599997654072044,5.499996931948306,5.399996913372259
CC1=CC2=C(CCCCN2CC/C(=N/OC[C@@H](C)[C@@H](C(C)C)OCC3=CC=CC=C3)/C)N=C1C,,,,5.499996931948306
CC1=CC2=C(CCCN2CC/C(=N/OC[C@@H]3[C@H](C=C[C@H](O3)C4=CC=CC=C4)OC5=CC=C(C=C5)OC)/C)N=C1C,,5.499996931948306,5.499996931948306,5.499996931948306
CC1=CC2=C(CCCCN2C[C@H](C)O/N=C(\C)/CCN3CCCC4=C3C=C(C(=N4)C)C)N=C1C,,,,5.399996913372259
CC1=CC2=C(CCCN2CC/C(=N/OC[C@H](COCC3=CC=CO3)O)/C)N=C1C,,,5.499996931948306,5.399996913372259
CC1=CC2=C(CCCN2CC/C(=N/O[C@@H](C)C3=CN(N=N3)[C@@H](CC4=CC=CC=C4)CO)/C)N=C1C,,5.399996913372259,5.399996913372259,5.499994700151967
CC1=CC(=C(C(=C1)C)C2=NOC(=C2)[C@H](C)O/N=C(\C)/CCN3CCCC4=C3C=C(C(=N4)C)C)C,,5.499996931948306,,5.299997602857746
CC1=CC2=C(CCCN2CC/C(=N/OC[C@@H](C)[C@@H](C(C)C)OCC3=CC=CC=C3)/C)N=C1C,,,,5.499996931948306
C[C@@H](C1=CN(N=N1)[C@@H](CC2=CC=CC=C2)CO)O/N=C\3/[C@@H]([C@H](OC4=C3C=C(C=C4)OC)C5=CC(=CC=C5)OC)O,,5.599997523982829,5.499996931948306,5.449996922660283
CCC1=C(N=C2CCN(CC2=C1)CC/C(=N/OC[C@@H]3[C@H](C=C[C@H](O3)C4=CC=CC=C4)OC5=CC=C(C=C5)OC)/C)CC,,5.199998172182031,5.199998172182031,5.199998172182031
CCC1=C(N=C2CCN(CC2=C1)CC/C(=N/O[C@@H](C)CN3CCCC4=C3C=C(C(=N4)C)C)/C)CC,,,5.399996913372259,5.499996931948306
CCC1=C(N=C2CCN(CC2=C1)CC/C(=N/OC[C@H](COCC3=CC=CO3)O)/C)CC,,,5.399996913372259,5.499996931948306
CCC1=C(N=C2CCN(CC2=C1)CC/C(=N/O[C@@H](C)C3=CN(N=N3)[C@@H](CC4=CC=CC=C4)CO)/C)CC,,,5.199998172182031,5.449996922660283
CCC1=C(N=C2CCN(CC2=C1)CC/C(=N/O[C@@H](C)C3=CC(=NO3)C4=C(C=C(C=C4C)C)C)/C)CC,,,,5.399996913372259
CCC1=C(N=C2CCN(CC2=C1)CC/C(=N/OC[C@@H](C)[C@@H](C(C)C)OCC3=CC=CC=C3)/C)CC,,,,5.399996913372259
CC1=CC2=C(CCCN2C[C@H](C)O/N=C(\C)/CCN3CCC4=NC(=C(C=C4C3)C5=CC=CC=C5)C6=CC=CC=C6)N=C1C,,,5.499996931948306,5.399996913372259
C/C(=N\OC[C@H](COCC1=CC=CO1)O)/CCN2CCC3=NC(=C(C=C3C2)C4=CC=CC=C4)C5=CC=CC=C5,,,,5.499996931948306
C[C@@H](C1=CN(N=N1)[C@@H](CC2=CC=CC=C2)CO)O/N=C(\C)/CCN3CCC4=NC(=C(C=C4C3)C5=CC=CC=C5)C6=CC=CC=C6,,5.499996931948306,,5.449996922660283
CC1=CC(=C(C(=C1)C)C2=NOC(=C2)[C@H](C)O/N=C(\C)/CCN3CCC4=NC(=C(C=C4C3)C5=CC=CC=C5)C6=CC=CC=C6)C,,6.50003813440381,,5.399996913372259
C[C@H](CO/N=C(\C)/CCN1CCC2=NC(=C(C=C2C1)C3=CC=CC=C3)C4=CC=CC=C4)[C@@H](C(C)C)OCC5=CC=CC=C5,,,,5.399996913372259
CC1=CC2=C(CCCCN2CC/C(=N/OC)/C)N=C1C,,,5.399996913372259,5.399996913372259
CC1=CC2=C(CCCN2CC/C(=N/OC)/C)N=C1C,,,5.399996913372259,
CCC1=C(N=C2CCN(CC2=C1)CC/C(=N/OC)/C)CC,,,5.499996931948306,5.499996931948306
C1=CC(=C(C=C1Cl)Cl)CO/N=C(\CN2C=CN=C2)/C3=C(C=C(C=C3)Cl)Cl.[N+](=O)(O)[O-],,,,6.700057099977233
C1=CC(=CC=C1C/C(=N\O)/C(=O)O)[N+](=O)[O-],5.400116927926312,,,
C1=CC=C(C=C1)C(=O)N/C(=N/C(=O)N)/N,5.5003129173815966,,,
C1=CC(=CC=C1N/C(=N/C(=NCCCCCCN=C(/N=C(/NC2=CC=C(C=C2)Cl)\N)N)N)/N)Cl.Cl.Cl,,,,4.40000018605658
CN=C(N)/N=C(\N)/NC1=CC2=CC=CC=C2C3=CC=CC=C31,6.600326278518962,,5.799998134593398,
CC1=CC=C(C=C1)S(=O)(=O)NCC2=CC=CC=C2,6.300162274132754,,,4.499999678657065
C[C@H](C[C@@H](C(=O)O)N)C(=O)O,4.500312917381596,,,
CC1=C[C@@H]([C@H](C(C1)(C)C)O)[C@H]2/C(=N\O)/C=C(CC2(C)C)C,,5.599997654072044,,5.299997602857746
CC(=C)COC1=CC2=C(C=C1)[C@@H]3CC[C@]4([C@@H]([C@H]3CC2)C/C(=N\O)/C4=O)C,,5.499996931948306,,
C[C@]12CC[C@@H]3[C@@H]([C@H]1C/C(=N/O)/[C@H]2O)CCC4=C3C=CC(=C4)O,,,5.299997602857746,
C[C@H]1[C@@H]([C@H](C[C@@H](O1)O[C@H]2C[C@](CC3=C2C(=C4C(=C3O)C(=O)C5=C(C4=O)C(=CC=C5)OC)O)(/C(=N\O)/C)O)N)O,5.400116927926312,,,
CC1=NC(=CC=C1)/C=N/[N-][C@@H]([S-])SC.CC1=NC(=CC=C1)/C=N/[N-]C(=S=[Cu])SC,6.199970640755866,6.599980364934842,5.499996931948306,5.399996913372259
C=CCN1CC[C@]23[C@@H]4/C(=N/NC(=O)C5=CC=CC=C5)/CC[C@]2([C@H]1CC6=C3C(=C(C=C6)O)O4)O,,,,4.800000874803203
CCOC(=O)[C@@]12C[C@@H]1/C(=N/O)/C3=CC=CC=C3O2,5.950214922653954,4.40000018605658,,4.300000202445418
C=CCN1CC[C@]23[C@H]4/C(=N/NC(=O)C5=CC=CC=C5)/CC[C@]2([C@H]1CC6=C3C(=C(C=C6)O)O4)O,,,4.800000874803203,5.399996913372259
C=CCN1CC[C@]23[C@H]4/C(=N/N=C\5/CC[C@@]6([C@@H]7CC8=C9[C@@]6([C@H]5OC9=C(C=C8)O)CCN7CC=C)O)/CC[C@]2([C@H]1CC1=C3C(=C(C=C1)O)O4)O,,,4.59999938302362,4.549999530840342
CN1C(=NC(=O)C(=N1)[O-])SCC2=C(N3[C@H]([C@@H](C3=O)NC(=O)/C(=N\OC)/C4=CSC(=N4)N)SC2)C(=O)[O-].[Na+].[Na+],,,5.0999990348465305,
CC[C@H]1[C@@]([C@H]([C@H](/C(=N\OCOCCOC)/[C@H](C[C@@]([C@H]([C@H]([C@H]([C@H](C(=O)O1)C)O[C@@H]2C[C@]([C@@H]([C@@H](O2)C)O)(C)OC)C)O[C@H]3[C@H]([C@@H](C[C@@H](O3)C)N(C)C)O)(C)O)C)C)O)(C)O,,,,4.899998417198648
C1[C@H]\2[C@@]1(OC3=CC=CC=C3/C2=N\O)C(=O)NC4=CC=CC=C4,5.600326278518962,4.700000503883016,,
C1=CC(=CC(=C1)Cl)C=NC=NC2=CC(=CC=C2)Cl,6.199970640755866,,4.59999938302362,
COC1=CC=CC(=C1)C=NC=NC2=CC(=CC=C2)OC,6.0,,,4.700000503883016
C1=C(NC=N1)CC(=O)O,,,,4.499999678657065
C1=CC=C(C=C1)C2=CC=C(N2)CCC(=O)O,5.400116927926312,5.499996931948306,,
CCCCN1C=NC2=C1N=CN=C2SC,5.5003129173815966,,,
C1CN2CCN(C1)C2C3=CC=NC=C3,5.8996294548824375,,,
C1COCCN1CC2=C(C(=C(C=C2)CN3CCOCC3)O)O,,5.0999990348465305,,
C1=CC=C(C(=C1)C(=O)O)NCN2C3=CC=CC=C3SC2=S,6.300162274132754,,,
C1=CC=C2C(=C1)C=CC3=C2C=C(C=C3)CCCC(=O)O,5.698970004336019,,5.599997654072044,
CN1CCN(CC1)[C@@H]2CC3=CC=CC=C3SC4=C2C=C(C=C4)SC,4.699971186132016,4.40000018605658,6.150018134498604,4.899998417198648
COC1=C(C=CC(=C1)/C=C/C(=O)CC(=O)/C=C/C2=CC(=C(C=C2)O)OC)O,,,,4.849999646000926
C1CC(CCC1CNCC2=CC=CC=C2Cl)CNCC3=CC=CC=C3Cl,,5.900008766455316,4.899998417198648,5.299997602857746
CN1C2=C(C(=O)N(C1=S)C)NC(=N2)SCC3=CC=CC=N3,7.899629454882437,5.499996931948306,,5.399996913372259
COC1=CC=C(C=C1)C2=C(C(=O)C3=CC=CC=C3O2)O,,,,5.399996913372259
COC1=C(C=C(C=C1)C2=C(C(=O)C3=C(O2)C=C(C=C3OC)OC)O)OC,,,,5.599997654072044
COC1=C(C=C(C=C1)C2=C(C(=O)C3=CC=CC=C3O2)O)OC,,,,4.700000503883016
CC[C@@]1(C2=C(COC1=O)C(=O)N3CC4=C(C3=C2)N=C5C=CC(=CC5=C4)O)O,,,,4.899998417198648
COC1=C(C=C(C=C1)C2=C(C(=O)C3=C(O2)C=C(C=C3OC)OC)OC)OC,,,,5.900008766455316
C1=CC=C2C(=C1)C(=CC(=C2O)C(=O)O)S(=O)(=O)N,,5.399996913372259,,
C(CN)CP(=O)(O)O,,,,6.79997073344623
COC1=C(C2=C3C(=C1)C=CN=C3C(=O)C4=CC(=C(C=C42)OC)OC)OC,7.100179497572904,4.40000018605658,5.0,5.599997654072044
C1=NN=C(S1)NCNC2=NN=CS2,5.698970004336019,,,
C1OC2=C(O1)C=C(C=C2)CC(CO)O,,,,4.40000018605658
CCCCCS(=O)(=O)CCCCCCCCCCN1C2=C(C=C(C=C2)O)C(=C1C3=CC=C(C=C3)O)C,,,,6.199970640755866
C1=C(C=C(C(=C1[N+](=O)[O-])Cl)[N+](=O)[O-])C(F)(F)F,,,,4.59999938302362
CC(C)(C/C=C/C(=O)N(C)[C@H](CC1=CC2=CC=CC=C2C=C1)C(=O)N(C)[C@H](CC3=CC=CC=C3)C(=O)NC)N,,,,5.0999990348465305
C1CCC(C1)(CC(=O)N[C@@H](CCCN=C(N)N)C(=O)NCCN2C(=O)N(N(C2=O)C3=CC=CC=C3)C4=CC=CC=C4)CC(=O)N5CCN(CC5)C6C7=CC=CC=C7C(=O)NC8=CC=CC=C68,,,,4.899998417198648
CC(C)C1=CC=CC=C1S(=O)(=O)C2=C(C3=C(C(=C2)N)N=CC=C3)[N+](=O)[O-],,,,6.0
CCCCCCNC(=O)NC1=CC=C(C=C1)S(=O)(=O)NC2=CC=C(C=C2)CCNC[C@@H](COC3=CC=C(C=C3)O)O,,,,5.0999990348465305
COC1=CC(=O)OC(C1)CCC2=CC=CC=C2,,,,4.899998417198648
CN1CCC(CC1)N2C(=O)C(=C(N2)C3=CC=CC=C3)CC4=CC=CC=C4,5.801342913045578,,5.499996931948306,5.399996913372259
CNCC1=CC=CC=C1.Cl,,,,4.40000018605658
C1=CC=C2C(=C1)C=CC=C2N=NC3=CC(=C4C=CC=NC4=C3O)S(=O)(=O)O,6.199970640755866,,,
C1=CC2=C(C=CC=C2Cl)C(=C1)S(=O)(=O)NCCN.Cl,,,,4.800000874803203
CC(=O)[C@]1(CC[C@@H]2[C@@]1(CC[C@H]3[C@H]2C=C(C4=CC(=O)[C@@H]5C[C@@H]5[C@]34C)Cl)C)OC(=O)C,,,,5.599997654072044
CCC1=C(NC2=C1C(=O)C(CC2)CN3CCOCC3)C.Cl,,,,4.899998417198648
C1=CC=C2C(=C1)C(=O)C3=CC=CC=C3C2(CC4=CC(=NC=C4)F)CC5=CC(=NC=C5)F,,,,4.800000874803203
C[C@H](C1CCC(CC1)C(=O)NC2=CC=NC=C2)N.Cl.Cl,,,,4.800000874803203
C[C@H](CCC(=O)O)[C@H]1CC[C@@H]2[C@@]1(CC[C@H]3[C@H]2CC[C@H]4[C@@]3(CC[C@H](C4)O)C)C,,,,4.499999678657065
CCOP(=S)(OCC)OC1=CC=C(C=C1)[N+](=O)[O-],,,,5.149998801428874
CC1=C(C2=C(N1C(=O)C3=C(C(=CC=C3)Cl)Cl)C=CC(=C2)OC)CCN4CCOCC4,,,,5.499996931948306
CNCCC=C1C2=CC=CC=C2C=CC3=CC=CC=C31,5.199970640755866,,5.299997602857746,4.899998417198648
CC1=C(C=CC(=C1)SCC2=C(N=C(S2)C3=CC(=C(C=C3)C(F)(F)F)F)C)OCC(=O)O,,,,5.0999990348465305
C1=CC=C(C=C1)SC2=C(N(C3=C2C=C(C=C3)Cl)CC4=CC=C(C=C4)Cl)C(=O)O,,,,5.0999990348465305
C(CSC[C@@H](C(=O)O)N)N,,5.900008766455316,,
CCCCN1CN(C(=S)SC1)CC2=CC=CC=C2,5.400116927926312,5.0999990348465305,5.399996913372259,5.499996931948306
CC1=CC(=CC(=C1C(=O)OC2=CC(=C(C(=C2)C)C(=O)O)O)O)O,,,,4.899998417198648
C1=CC=C(C=C1)C[C@@H](C(=O)CCl)NC(=O)OCC2=CC=CC=C2,5.5003129173815966,4.899998417198648,4.40000018605658,5.900008766455316
CNC1=CC=CC=C1C(=O)N2CCC3=C(C2=O)NC4=CC=CC=C34,,,,6.0
C[C@]12CC[C@@H](C(C1[C@@H](C[C@@]3(C2CC=C4[C@]3(CC[C@@]5(C4CC(CC5)(C)C)C(=O)O)C)C)O)(C)C)O,,,,4.59999938302362
COC1=CC(=O)C(=CC1=O)C(C=C)C2=CC=CC=C2,,,,4.700000503883016
