SMILES,luciferase_artifact,pac50_cyp1a2,pac50_cyp2c9,pac50_cyp2d6,pac50_cyp3a4
C1=CC(=CN=C1)N,False,,4.1904308589201404,,
C1CN(CCC1(C2=CC=C(C=C2)F)O)[C@@H]3COC4=C([C@@H]3O)C=CC(=C4)O,True,5.110031956768376,4.860029658404407,4.610029886099158,
C[C@]12C=CC3=C4CCC(=O)C=C4CC[C@H]3[C@@H]1CC[C@]2(CC=C)O,False,,4.860029658404407,,6.160019442321658
CCCCCCCCCCN1C=C[N+](=C1)C.F[P-](F)(F)(F)(F)F,False,4.4495735070633335,,5.449575952683668,
CC1=CC(=C(C=C1)OP(=S)(NC(C)C)OC)[N+](=O)[O-],False,4.948862919408721,5.59885804480627,4.348864512263225,6.298863933907474
CC1=C(C2=C(O1)C(=CC=C2)NC(=O)C3=C(C=CC=C3Cl)Cl)C(C)(C)O,False,4.498865393540615,5.798876102792621,,4.548864726812244
CCC(=O)C(CCN(C)C)(C1=CC=CC=C1)C2=CC=CC=C2,False,,4.760030197409634,5.26003230324049,5.210031697910783
COC(=O)C1=C(C=CS1)S(=O)(=O)N,False,,,4.198864633756791,
CC1=C(C=C(C=C1)NC2=NC=CC(=N2)N(C)C3=CC4=NN(C(=C4C=C3)C)C)S(=O)(=O)N,True,,4.810029897405945,,4.96003097313254
CC1CC(=O)NN=C1C2=CC3=C(C=C2)N=C(N3)C4=CC=C(C=C4)OC.Cl,True,5.26003230324049,4.710029980825098,,
CN1C=NC2=C1C=C(C(=C2F)NC3=C(C=C(C=C3)Br)Cl)C(=O)NOCCO,False,4.810029897405945,4.810029897405945,,5.160031997995545
CC1CCC2CC1C2(C)C,False,,,4.665787590606824,4.448864857638396
C[C@H](CCC(=O)O)[C@H]1CC[C@@H]2[C@@]1(CC[C@H]3[C@H]2[C@@H](C[C@H]4[C@@]3(CC[C@H](C4)O)C)O)C,True,4.397449532974095,4.197449292591688,4.247449905206265,
CC(=O)NC1=NC(=O)N(C=C1)C2COC(O2)COC(=O)C3=CC=CC=C3,False,4.560029756289291,,,
CC1=C(N=C(O1)C2=CC=CC=C2)CCOC3=CC=CC4=C3C=CN4CCC(=O)O,False,,4.548864726812244,,
CC[C@@H]1C[C@@H](C2=C(N1C(=O)OC(C)C)C=CC(=C2)C(F)(F)F)N(CC3=CC(=CC(=C3)C(F)(F)F)C(F)(F)F)C(=O)C,False,4.448864857638396,,,6.148864004988426
CC(COCCO)OCCO,False,,,4.5887356181743275,
CC(COCC(C)OC(=O)C1=CC=CC=C1)OC(=O)C2=CC=CC=C2,False,5.100463698668787,5.225464164427222,,
CC(=O)OC1=CC2=C(S1)CCN(C2)C(C3=CC=CC=C3F)C(=O)C4CC4.Cl,False,,4.860029658404407,4.860029658404407,5.210031697910783
CC(C)(C)C1=CSC(=N1)C2=CC3=C(O2)C=CC(=C3)OCC4=CC=CC=C4CC(=O)O,True,,4.248864914695038,,
C1=CC(=CC(=C1)N(CC2=CN=CC=C2)C3=CC(=C(C=C3)OC(F)F)OC(F)F)C(=O)O,False,4.198864633756791,4.748865707419434,4.3988649544426,
C1=CC2=C(C(=C1)O)C(=O)C3=C(C2=O)C=C(C=C3O)C(=O)O,False,4.435918911212315,,,
C1=CC=C(C(=C1)C(=O)O)C(=O)O,False,4.184882688442537,,4.103438511294483,
C1=CC=NC=C1.Cl,False,4.187648917428754,,,
C1=CC=NC(=C1)C(=O)O,False,,4.515519360918082,,
C1=CC2=CC3=C(C(=CC=C3)O)C(=C2C(=C1)O)O,True,4.171024484801585,,,
C[C@]12CC[C@H]3[C@H]([C@@H]1CC[C@@H]2OC(=O)CCC4CCCCC4)CCC5=CC(=O)CC[C@H]35,False,4.560029756289291,4.760030197409634,,
CCCNC(C)(C)COC(=O)C1=CC=CC=C1.Cl,False,,,6.310069895981782,
CC1=CC(=C(C(=C1)C)C(=O)O)C,False,4.3988649544426,,,
C[Sn](Cl)(Cl)Cl,False,4.1636667046964035,,4.536513886243387,
CCNCC.Cl,False,4.498865393540615,,,
CCCN.[N+](=O)(O)[O-],False,4.396743007005474,,,
COC1=CC=C(C=C1)C(=O)NC2=NC3=CC=CC=C3C(=C2C#N)NCC4=CC=CC=C4,False,4.798865170407076,5.798876102792621,,5.348867421449518
CN1CCC2=CC3=C(C4=C2[C@@H]1CC5=CC=C(C=C5)OC6=C(C=CC(=C6)C[C@@H]7C8=CC(=C(C=C8CCN7C)OC)O4)OC)OCO3,False,,4.510030276850633,4.560029756289291,5.560036064079095
C1=CC2=C(C(=C1)O)C(=O)C3=C(C2=O)C=C(C=C3O)CO,False,5.048866560110487,4.548864726812244,,
CC1=CC2=C(C(=C1)O)C(=O)C3=C(C2=O)C=CC=C3O,False,4.959037874550037,,,
CC1=C(C2=CC=CC=C2C(=C1)O)O,False,6.160019442321658,4.9100313379205005,4.760030197409634,4.860029658404407
CC(=CCOC1=C2C(=CC3=C1OC=C3)C=CC(=O)O2)C,False,6.310069895981782,6.209996479609511,5.310025555333226,5.810032701648728
C1=CC=C2C(=C1)C(=C(N2)C3=NC4=CC=CC=C4C3=O)O,False,4.560029756289291,,4.199928658690947,
COC1=CC(=O)O[C@H](C1)CCC2=CC=CC=C2,False,4.4314451151342045,4.481445264677811,,
CCC(=O)O[C@@H]1C[C@H]2[C@@H]3CCC4=C([C@H]3CC[C@@]2([C@H]1OC(=O)CC)C)C=CC(=C4)OC(=O)CC,False,,4.760030197409634,,
C1=CC2=C(C=C1S(=O)(=O)O)C(=C(C=C2[N+](=O)[O-])[N+](=O)[O-])O,True,4.351350230734114,4.90134935321049,,
C1=CC=C2C(=C1)C=C(C3=CC=CC=C23)O,True,7.29929628285498,5.298863933907473,5.59885804480627,5.19886394724405
CCC(CO)CO,False,4.698865786166042,,,
C1=CC=C2C(=C1)C(=NN=C2NN)NN,True,4.460029874171644,4.460029874171644,4.760030197409634,5.110031956768376
CCC1=C(C=CC(=C1)SCC2=C(N=C(S2)C3=CC=C(C=C3)C(F)(F)F)CN4CCN(CC4)C5=CC=C(C=C5)OC)OCC(=O)O,False,,4.798865170407076,,4.948862919408721
CCC(C)C1=C(C(=CC(=C1)[N+](=O)[O-])[N+](=O)[O-])OC(=O)C=C(C)C,False,4.448864857638396,4.448864857638396,,
C1=CC=C2C(=C1)C(=O)C(C2=O)(O)O,False,4.396390174579963,,4.446391223485836,
C1=CC=C(C=C1)C2=NC3=CC=CC=C3C(=C2O)C(=O)O,True,4.810029897405945,4.510030276850633,,
C1=CC=C2C(=C1)C3=CC=CC=C3C2=O,False,6.236946559700385,4.186956374551917,,
CC(CNC1CCCCC1)OC(=O)C2=CC=CC=C2.Cl,False,,,6.860120913598763,
CC1CC(CC(N1C)(C)C)OC(=O)C(C2=CC=CC=C2)O.Cl,False,,,4.810029897405945,
C1=CC(=CC=C1C(CN)O)O.Cl,False,,,4.312894392355419,
CCCCCCCCCCCCN1C=C[N+](=C1)C.F[P-](F)(F)(F)(F)F,False,4.448510966075284,,5.648512909550289,4.0956385788075735
CC(=O)NC(=O)C1=CC=CC=C1O,False,4.560029756289291,,,
CC1=CC(=C(C(=C1)C)C=O)C,False,,4.254354595552943,4.117420538365575,
CC1=C2C(=CC(=C1C(=O)O)O)C(=O)C3=C(C2=O)C(=C(C(=C3O)O)[C@H]4[C@@H]([C@H]([C@@H]([C@H](O4)CO)O)O)O)O,True,4.429086172107821,4.459307721749257,4.448864857638396,4.429086172107821
CN(C)CCC1=CNC2=C1C=C(C=C2)O,False,,4.708879896548084,4.758879556034719,
CCCCC(CC)CN=C(N)NC(=NCCCCCCN=C(N)NC(=NCC(CC)CCCC)N)N.Cl.Cl,False,4.460029874171644,4.460029874171644,5.910024277312271,4.760030197409634
CC(C)(C)C1=CC(=CC(=C1O)C(C)(C)C)OC,False,4.3988649544426,4.698865786166042,,4.548864726812244
CC(CC1=CC=CC=C1)NCCN2C=NC3=C2C(=O)N(C(=O)N3C)C.Cl,False,,,5.254207185533345,6.1542200328881105
C1CC2C(C1)C3CC2CC3(C4=CC=C(C=C4)O)C5=CC=C(C=C5)O,False,4.466154252489986,4.5161546276691436,,4.466154252489986
C1=CC=C(C=C1)C2=C(N=C(S2)N)N,False,4.510030276850633,,,5.460033632003287
CC1=CC=NC2=CC=CC=C12,False,4.399928192697783,,4.199928658690947,
CCCCCC1C(CCC1=O)CC(=O)OC,False,4.550999195565476,4.550999195565476,,
CCCN([C@@H]1CCC2=C(C1)C=C(C=C2)OC)C3CCN(CC3)C(=O)C4CCNCC4,False,,,4.998863636444484,4.423145748029465
CC1=CC2=C(C(=C1)O)C(=C3C(=C2)C=CC=C3O)O,False,4.740602051704119,5.310025555333226,,5.210031697910783
CC(CO)O,False,4.348864512263225,5.496222931403294,5.524721161124616,4.565056040302015
CC1C2CC(C1(C)C)CC2C3CCCC(C3)O,False,4.3988649544426,4.3988649544426,,
CN(C)C1=CC=C(C=C1)N=NC2=CC=CC=C2C(=O)O,True,4.448864857638396,4.498865393540615,4.3988649544426,
C1CC2=CC=CC=C2NC3=CC=CC=C31,True,5.27838599026183,4.553386493915286,4.146743606432599,4.396743007005474
CCCO,False,,,4.898864942667959,
C1=CC=C(C=C1)C(=O)NO,False,4.4701989082177205,4.4701989082177205,4.220198673943827,
CCCC(=O)C1=CC=CC=C1,False,,,4.2180153353291665,
C1=CC=C(C=C1)N=[N+](C2=CC=CC=C2)[O-],True,5.248513038832912,4.3485107066057225,4.1485104968726825,
CC1=CC(=C(C=C1)N)N,True,4.873156790190941,4.573157793834849,5.173159197356149,4.498157688706856
CC(C)[C@@H](C1=CC=C(C=C1)Cl)C(=O)O[C@H](C#N)C2=CC(=CC=C2)OC3=CC=CC=C3,False,4.467775120664798,5.249221701346889,,
CN1C2=NC(=NC=C2CN(C1=O)C3=CC=CC=C3Br)NC4=CC5=C(C=C4)OC(CO5)CO,True,4.548864726812244,4.948862919408721,4.248864914695038,
CC1=CC(=C(C=C1C(C)(C)C)C(C)(C)C)O,False,4.448864857638396,4.598864942530007,4.148864616843579,4.498865393540615
CC1=NC=C(C(=N1)N)CN(C=O)/C(=C\2/CCOC(=O)S2)/C,False,,,4.810029897405945,4.810029897405945
C1CCN(CC1)C[C@@H](CO/N=C(/C2=C[N+](=CC=C2)[O-])\Cl)O,False,,,4.810029897405945,
CC1=C(C=C(C=C1)C(C)C)O,False,4.648864911118024,4.898864942667959,,4.3988649544426
CCCCCC1=CC(=CC(=C1)O)O,True,4.497803845068137,4.722804246728597,4.497804358570338,4.922802933994593
C1=CC=C(C=C1)NC(=O)CS,False,,4.9100313379205005,,4.810029897405945
C1=CC=C(C=C1)COC(=O)Cl,False,4.194630333540573,,,
C1=CC=C(C=C1)CNC(=O)CCCl,False,4.478585991510725,,,
C1CCC(=O)OCC1,False,4.394981704415236,,4.194981959547696,
CC(CCC=C(C)C)CC(=O)O,False,,4.198864633756791,,
C[C@@]1(C(=O)N(C(=N1)SC)NC2=CC=CC=C2)C3=CC=CC=C3,False,4.3988649544426,4.498865393540615,4.087451415137264,4.498865393540615
CCOC(=S)SSC(=S)OCC,False,,4.648864911118024,4.198864633756791,
CC(C)CCCC(C)NCCC(C)C,False,,,5.460033632003287,
CC(C)(C1=CC=C(C=C1)CNC(=O)C2=C(N=CC=C2)OC3=CC=C(C=C3)F)O,False,4.448864857638396,4.548864726812244,,4.3988649544426
C1CCCCCCCC(=O)CCCCCC1,False,,,,4.648864911118024
CCCCCCN1C=C[N+](=C1)C.C(F)(F)(F)S(=O)(=O)[N-]S(=O)(=O)C(F)(F)F,False,4.398157210217902,5.1981574147030525,4.6981564646377985,
COC1=CC(=C(C=C1N)OC)S(=O)(=O)NC2=CC=CC=C2,False,4.3988649544426,4.448864857638396,4.148864616843579,5.4488672992713925
CCCCN(CCC(=O)OCC)C(=O)C,False,4.306118789647335,,,
CC(C)CC(=O)O,False,,,4.258519061275072,
CS(=O)(=O)C1=C(C=C(C=C1)[C@@H](C[C@H]2CCC(=O)C2)C(=O)NC3=NC=CN=C3)Cl,False,,,,4.448864857638396
C1CC(=O)CC(=O)C1,False,4.199928658690947,4.0999285107073415,,
CC(=CC(=O)C=C(C)C)C,False,4.451706419794678,,,
CC(C)CCCCCOC(=O)CCS,False,4.3988649544426,,,
C1=CC=NC(=C1)N,False,,,5.319827717688698,
C1CSCCS1,False,,,4.452419724893421,
CC(C)CCCC(C)CCCC(C)CCCC(C)(C=C)O,False,4.450994284340003,,4.200994607009435,
C1CN2C(=O)[C@@H](N=C(C3=CC=CC1=C32)C4=CC=CC=C4F)NC(=O)C5=CC6=CC=CC=C6N5,True,,5.26003230324049,,
C(CCCC(=O)O)CCC(=O)O,False,4.344631027547938,,4.418911482264678,
C(CCCCCC(=O)O)CCCCCC(=O)O,False,,4.277252609992049,4.402252778791559,
C1=CN=C(C=N1)C(=O)N,False,,,4.504563902680813,
C1CNCCC1N2C3=C(C=C(C=C3)Cl)NC2=O,False,4.460029874171644,,4.810029897405945,
CCOC(=O)N1CCC(CC1)NC2=C(C=C(C=C2)Cl)N,False,,5.060031709448664,4.810029897405945,
CCOC(=O)N1CCC(CC1)N2C3=C(C=C(C=C3)Cl)NC2=O,False,4.710029980825098,5.034311578542892,,
CC(C)CCCCCCOC(=O)C1=CC(=C(C=C1)C(=O)OCCCCCCC(C)C)C(=O)OCCCCCCC(C)C,False,,4.148864616843579,,
C1=CC(=C(C=C1SC#N)[N+](=O)[O-])N,False,5.796042908318756,4.396038709564252,4.446038128163577,4.146038493387563
CC(C)CCCCCCC1=CC=C(C=C1)OCCOCCO,False,4.197013625070935,,,
CNC.Cl,False,,,4.105640177703833,
[C-]#N.[C-]#N.[K+].[Ag+],True,4.548511380804243,5.148509274160633,4.748510219277646,4.798510017604997
C[C@]12CC[C@H]3[C@H]([C@@H]1CC[C@@H]2O)[C@@H](CC4=C3C=CC(=C4)O)CCCCCCCCCS(=O)CCCC(C(F)(F)F)(F)F,False,4.4293718440243035,5.548858579207237,,5.797893288609764
CC(C)NCC(COC1=CC=C(C=C1)CCC(=O)OC)O.Cl,False,,,4.760030197409634,
CN(C)C1=CC2=C(C=C1)N=C3C=CC(=[N+](C)C)C=C3S2.O.O.O.[Cl-],True,5.716156242204156,5.26616099930285,5.016157296036851,4.866157830067039
CCN1CCC2(CC1)COC3=C2C=C4C(=C3)CCN4C(=O)C5=CC=C(C=C5)C6=C(C=C(C=C6)C7=NN=C(O7)C)C.Cl,False,,4.507938395487401,4.533657407616091,
CC(=O)[C@H]1CC[C@@H]2[C@@]1(CC(=O)[C@H]3[C@H]2CC[C@@H]4[C@@]3(CC[C@H](C4)O)C)C,False,,5.010029874726081,,5.760025198883063
CC1=C(N(N=C1C(=O)NN2CCCCC2)C3=C(C=C(C=C3)Cl)Cl)C4=CC=C(C=C4)Cl,False,,4.760030197409634,,
CN(CCCC(C1=CN=CC=C1)O)N=O,False,,,,4.648864911118024
CC(C)(C)C1=CC=C(C=C1)S(=O)(=O)NC2=C(C(=NC(=N2)C3=NC=CC=N3)OCCO)OC4=CC=CC=C4OC,False,,4.460029874171644,,
C1CN(CCN1CCCC2=CC=CC=C2)CCOC(C3=CC=C(C=C3)F)C4=CC=C(C=C4)F.Cl.Cl,False,,4.810029897405945,5.910024277312271,
CC1(C(C1C(=O)OC(C#N)C2=CC(=C(C=C2)F)OC3=CC=CC=C3)C=C(Cl)Cl)C,False,,5.4488672992713925,4.648864911118024,
CC1=CC(=CC(=C1)C(=O)N(C(C)(C)C)NC(=O)C2=C(C(=CC=C2)OC)C)C,False,,4.748865707419434,4.3988649544426,6.148864004988426
C([N+](=O)[O-])([N+](=O)[O-])([N+](=O)[O-])[N+](=O)[O-],False,4.198864633756791,4.448864857638396,4.444647763724445,
CN([C@H]1CC[C@@]2(CCCO2)C[C@@H]1N3CCCC3)C(=O)CC4=CC=CC=C4,False,,,5.010029874726081,5.110031956768376
CCOC(=O)C(C1=CC=C(C=C1)Cl)(C2=CC=C(C=C2)Cl)O,False,4.396572066510313,5.0965714755670675,4.394279178578024,
C[C@@]1(C(=O)N2[C@H](C(=O)N3CCC[C@H]3[C@@]2(O1)O)CC4=CC=CC=C4)NC(=O)[C@@H]5C[C@H]6[C@@H](CC7=CNC8=CC=CC6=C78)N(C5)C,False,,5.560036064079095,4.560029756289291,5.910024277312271
CC1=NC=C(C(=C1O)CO)CO,False,,,4.145992904260828,
COP(=O)(OC)OC,False,4.419614522769891,4.14533391639455,,4.79533477730842
CC(=CCl)C,False,,,5.09357875444673,
C[N+]1=CN(C=C1)CC2=CC=CC=C2.[Cl-],False,,,4.500284056998402,
C(=C(I)I)(I)I,False,4.948862919408721,5.4488672992713925,,
C1=CC(=C(C(=C1)O)O)O,False,4.402419983183693,4.402419983183693,4.5024193982971905,
CC(=O)C(=O)O,False,4.198864633756791,,4.693227675763949,
CC(=O)C1CCOC1=O,False,4.3807605371646385,,,
COC1=CC(=CC(=C1OC)OC)[C@H]2[C@@H]3[C@H](COC3=O)[C@H](C4=CC5=C(C=C24)OCO5)O,False,4.304447468503695,5.604445332252318,4.248864914695038,6.329439842932943
CCCCN(CCCC)C(C1=CC=C(C=C1)OC)C(=O)N,False,,4.460029874171644,5.96003097313254,4.860029658404407
C[C@H]1C[C@@H]2[C@H](CC[C@]3([C@H]2CC[C@@]3(C(=O)C)O)C)[C@@]4(C1=CC(=O)CC4)C,False,,4.760030197409634,4.460029874171644,
C[C@]12CCC(=O)C[C@@H]1CC[C@@H]3[C@@H]2CC[C@]4([C@H]3CC[C@@H]4O)C,False,4.403848422089826,4.462598346649255,4.997046009226923,4.537598300125877
C1=CC2=C(C(=C1)N)C(=O)NNC2=O,False,4.396390174579963,,5.296390542434231,
CC(=C)C(=O)NCCC[N+](C)(C)C.[Cl-],False,4.3988649544426,,,
C1CC(C2=CC=CC=C2C1)C3=NCCN3.Cl,False,,,5.660032085297399,
CN1C2=C(C(=O)N(C1=O)C)NC(=N2)Cl.CN(C)CCOC(C1=CC=CC=C1)C2=CC=CC=C2,False,4.395333393952827,4.395333393952827,6.145329668104664,
CC(C)CCOCC(=O)OCC=C,False,,,4.156358666385592,
C1=CC=C(C=C1)C2=CC(=O)C3=CC=CC=C3O2,True,6.399953749098745,4.873686468506859,4.301350623317788,
C1[C@@H]([C@H](C(=O)O1)CC2=CC(=CC=C2)O)CC3=CC(=CC=C3)O,False,4.968688505341344,4.968688505341344,,5.018688894472718
CC1=C(C(=CC=C1)C)C,False,4.198864633756791,,,
CC1=C(C(=CC=C1)O)C,False,4.418991258785288,,,
C([C@H]([C@H]([C@@H]([C@H](C(=O)O)O)O)O)O)O,False,4.399573853919421,4.4495735070633335,,
C1(=C(C(=C(C(=C1Cl)Cl)Cl)Cl)Cl)N,False,6.198870812420296,,,4.698865786166042
CC1=CC(=C(C(=C1)C)O)C,False,4.498687846443764,4.423687960258942,,
CC1=CC=CC=C1C(=O)N,False,4.1992190191615695,,4.1492190257964925,
C1=CC=C(C(=C1)[N+](=O)[O-])[N+](=O)[O-],False,4.393257274591514,4.31742084614685,4.264675339621783,
C1=CC(=C(C=C1C(=O)O)C(=O)O)C(=O)O,False,,,4.448864857638396,
CC(C)C(C(C)(C)COC(=O)C1=CC=CC=C1)OC(=O)C2=CC=CC=C2,False,4.448864857638396,5.698861444284984,,
C1=CC=C(C=C1)C(=O)NC2=CC(=C(C=C2)C(=O)O)O,True,,,4.810029897405945,4.610029886099158
COC(C1=CC=CC=C1)C(=O)O,False,,,4.3988649544426,
C1CC2=CC=CC=C2C(=O)C1,False,4.443927977729064,,4.393928341359247,
CCC1COC(=O)O1,False,4.3988649544426,,,
CCCCC(CC)COC(=O)C1=CC=C(C=C1)O,False,4.474574457318399,4.474574457318399,4.349574317224821,4.150283991273487
C1=CC(=CC=C1C2=CC=C(C=C2)N)N.Cl.Cl,True,4.801945295752486,4.951946826884391,4.801945295752486,5.101944323171563
C1=CC=C(C=C1)C(=O)CCl,False,4.392876453858493,4.4428767348995235,4.495871253103925,
C1=CC=C(C=C1)C(C#N)O,False,4.199573693981921,,4.199573693981921,
CC1=C(SC=[N+]1CC2=CN=C(N=C2N)C)CCO.[N+](=O)([O-])[O-],False,,,4.198864633756791,
CCC(C1=CC=C(C=C1)N2CC3=CC=CC=C3C2=O)C(=O)O,True,4.460029874171644,4.510030276850633,4.560029756289291,
CCC(C)(CN(C)C)OC(=O)C1=CC=CC=C1.Cl,False,,,4.860029658404407,
C1=CC=C(C=C1)N=NC2=C(C=C(C=C2)N)N.Cl,True,5.208162038582027,4.50815804597911,5.45815876083943,4.908157250261902
COC(=O)[C@]12CC3=C(C1=NN(CO2)C(=O)N(C4=CC=C(C=C4)OC(F)(F)F)C(=O)OC)C=CC(=C3)Cl,False,,5.463302706391815,4.853957280545968,5.6133048882243815
CCOC(=O)COC1=C(C=C(C=C1)Cl)Cl,True,4.498865393540615,4.198864633756791,,
CCC[C@@H](C(=O)OCC)N[C@@H](C)C(=O)N1[C@H]2CCCC[C@H]2C[C@H]1C(=O)O,False,4.760030197409634,,,
CCN(CC)CC1CCCCN1CC(=O)N2C3=CC=CC=C3C(=O)NC4=C2N=CC=C4,False,,,,5.26003230324049
CN1CN(C(=S)SC1)C,False,4.44992826586856,4.775461250296944,,
CN1CCC2=C3[C@H]1CC4=C(C3=CC=C2)C(=C(C=C4)O)O.CN1CCC2=C3[C@H]1CC4=C(C3=CC=C2)C(=C(C=C4)O)O.O.Cl.Cl,False,4.710115579840174,4.68511580876684,4.68511580876684,
CC(C)(C)OC(=O)C1=C2[C@@H]3CCCN3C(=O)C4=C(N2C=N1)C=CC=C4Br,False,,5.110031956768376,,4.810029897405945
C(C(=O)CCl)Cl,False,4.198864633756791,,,
CN1CCC2=CC(=C(C=C2[C@@H]3[C@@H]1CCC4=CC=CC=C34)O)Cl,False,,,8.10790539730952,
CC1=CC=CO1,False,,,4.25779822210694,
CN1C=C(C2=CC=CC=C21)C(=O)[C@@H]3CCC4=C(C3)NC=N4.Cl,False,4.760030197409634,,4.760030197409634,4.9100313379205005
CC1=CC(=CC(=C1O)[N+](=O)[O-])[N+](=O)[O-],False,4.198864633756791,4.723865746792738,4.248864914695038,
CCN(CC)CCOC1=CC=C(C=C1)CC2=CC=CC=C2,False,,,4.96003097313254,
COC1=CC=CC(=C1)N,False,4.39568644863326,5.1456878841926965,4.645685992213179,5.595679532778269
C1CCN(CC1)CC(COC(=O)NC2=CC=CC=C2)OC(=O)NC3=CC=CC=C3.Cl,False,,4.760030197409634,6.460046158343603,5.660032085297399
CC(CCC1=CC=CC=C1)CCO,False,4.498865393540615,4.448864857638396,,
C1=CC=C(C=C1)NC2=NC=NC(=N2)N,False,4.5406014804148525,,,
CC(C)C1N(CCO1)CCOC(=O)NCCCCCCNC(=O)OCCN2CCOC2C(C)C,False,,,4.198864633756791,4.798865170407076
CC1CCCCN1CCCOC(=O)C2=CC=C(C=C2)OC3CCCCC3,False,,,4.860029658404407,
CC1=CC(=CC=C1)NC(=O)C,False,4.346743093946517,,,
C1=CC(=CC=C1N)N=NC2=CC=C(C=C2)N,True,4.99895460948881,4.548953876865292,,5.298950369270861
CCCCCCCCCCCC[N+](C)(C)CCOC1=CC=CC=C1.[Br-],False,4.1485104968726825,4.248510729867378,5.4042695536322665,4.198510537295644
C1=CC=C(C=C1)CSCC2=CC=CC=C2,False,4.599928501652503,4.499928269874536,,
C1=CC(=C(C(=C1)Cl)CCl)F,False,4.3988649544426,,4.723460075803559,
C1CCC(CC1)N=C=NC2CCCCC2,False,4.373145559845744,,4.3988649544426,
CC(C)CC1=CC=CC=C1,False,4.4052815747858105,,,
C[C@@H](CCC=C(C)C)C=C,False,4.448864857638396,,,
CC1=CC=C(C=C1)N.Cl,False,4.5460383409682175,4.4960378112983825,5.09603687366529,4.334625418253833
CC1=C(C=CC(=C1)C2=CC(=C(C=C2)N)C)N.Cl.Cl,True,6.171197551130547,4.821222511908482,5.446220009057135,5.096222946917096
C1=CC(=CC=C1O)I,False,4.3988649544426,4.148864616843579,4.198864633756791,
C=CC(=O)OCC(CO)(COCC(COC(=O)C=C)(COC(=O)C=C)COC(=O)C=C)COC(=O)C=C,False,,5.153848523471185,4.6038477476303745,6.353890478021152
C(CBr)O,False,4.197803209322238,,4.147803121994556,
CC(C)CC(C)(C)C,False,4.382817167661161,4.351373150694583,4.432817127718823,4.482817302690824
CC(=O)OC(C)(C)C,False,,,4.648864911118024,
O[Se](=O)O,False,,5.048157555308567,,
C[N+](C)(C)CCCCCCCCCC[N+](C)(C)C.[Br-].[Br-],False,4.478585991510725,,,
CC1[C@H]2C[C@]2(CC1=O)C(C)C,False,4.212466558803025,4.212466558803025,4.462466752157485,
C1=CC(=O)NC1=O,True,4.487302265705045,,,
CCOC(=O)C1=NN(C(C1)(C)C(=O)OCC)C2=C(C=C(C=C2)Cl)Cl,False,4.198864633756791,5.148864004988426,4.3988649544426,4.448864857638396
C1=CC(=CC(=C1)N)N.Cl.Cl,False,4.399573853919421,4.149573724203458,4.399573853919421,4.499574145995192
C1=CC(=CC(=C1)Cl)Cl,False,4.4020636063582606,,,
C1CCOC(=O)C1,False,4.273459830462956,,,
CC(C)CON=O,False,4.735012268912175,,4.4668866168102035,
CC1=CC=C(C=C1)C(C)NC(=O)[C@H](C(C)C)NC(=O)OC(C)C,False,4.450283314699821,4.550284076611865,4.450283314699821,5.500285431258876
C(OCCl)Cl,False,4.396743007005474,,,
CC(CCCC(C)(C)O)N.Cl,False,,,6.110026361596004,
CC(C)CCCC(C)N,False,4.810029897405945,,,
CCC/C=C(/CC)\C=O,False,4.3988649544426,4.198864633756791,,4.22936518990372
CCCCSCCCC,False,,4.198864633756791,,
CCCCCCCCCCCCCC(=O)O,True,4.148864616843579,,,
CCCCCCCCCCCCCCCC,False,,4.448864857638396,,
CCCC[N+]1(CCCC1)C.[Br-],False,4.143518830792708,,,
C(#N)C(Cl)(Cl)Cl,False,,,4.459602945735281,
CC(C(=O)OC)O,False,4.389385610554415,,,
CCCC[N+]1(CCCC1)C.C(F)(F)(F)S(=O)(=O)[N-]S(=O)(=O)C(F)(F)F,False,4.195686066796907,4.995687226193237,4.445686531595555,4.39568644863326
CO/N=C(\C1=CC=CC=C1OC2=C(C(=NC=N2)OC3=CC=CC=C3Cl)F)/C4=NOCCO4,False,4.598864942530007,4.948862919408721,,4.748865707419434
CN(C)C1=CC=C(C=C1)C(=C2C=CC(=[N+](C)C)C=C2)C3=CC=C(C=C3)N(C)C.[Cl-],True,4.860029658404407,4.648864911118024,5.160031997995545,5.110031956768376
CCN(CC)CCSC(=O)C(C1=CC=CC=C1)C2=CC=CC=C2,False,4.860029658404407,4.760030197409634,5.310025555333226,5.460033632003287
CN1CC(=O)N2[C@@H](C1=O)CC3=C([C@H]2C4=CC5=C(C=C4)OCO5)NC6=CC=CC=C36,False,4.510030276850633,4.510030276850633,,5.510027465964983
CN(C)CCC=C1C2=CC=CC=C2CCC3=CC=CC=C31.Cl,False,4.445993253446242,,5.2488672255444015,4.59850985214165
CC(CC1=CC(=C(C(=C1)OC)OC)OC)N.Cl,False,4.364645957709449,,4.364645957709449,
CN1C(=O)C2=CC=CC=C2C1=O,False,4.748865707419434,4.548864726812244,,
CCCC[N+]1=CC=C(C=C1)C.[Cl-],False,4.450994284340003,4.600994671758001,,
CC1=CC(=O)[N-]S(=O)(=O)O1.[K+],False,4.397803227452149,4.14493112063151,,
CC(C)CCCC(C)CC=O,False,,4.198864633756791,,
CCCC[N+]1(CCCC1)C.[I-],False,,4.570632943710057,,
C1CN=C(N1)CC2=CC=CC3=CC=CC=C32.Cl,False,,,5.010029874726081,
C1=CC=C2C(=C1)C=CC=C2N=C=S,False,5.0531352529170706,5.153131171825762,4.853134290547729,5.003133857090565
CC(=O)C1=CC=CC=C1N,False,4.448864857638396,,,
CC1=CC(=C(C=C1C2=CC(=C(C=C2C)OI)C(C)C)C(C)C)OI,False,,4.760030197409634,,
CN(C)C(=O)C1=CC=CC=C1NS(=O)(=O)NC(=O)NC2=NC(=CC(=N2)OC)OC,False,4.3988649544426,4.598864942530007,4.448864857638396,4.598864942530007
C1CC1(C(=O)NC2=C(C=C(C=C2)Cl)Cl)C(=O)O,True,4.148864616843579,4.748865707419434,4.148864616843579,
C1=CC=C(C(=C1)C=O)[N+](=O)[O-],False,4.198510537295644,,,
CCCCCCCCCCCCCCCC[N+](C)(C)CCN(CC1=CC=C(C=C1)OC)C2=NC=CC=N2.[Br-],False,,4.410030303250599,4.810029897405945,5.010029874726081
CC1CC(CC(C1)(C)C)OC(=O)C(=C)C,False,4.448864857638396,,,
CC1=CCC(CC1)C(C)(C)OC(=O)C,False,4.298864798175959,4.3988649544426,4.3988649544426,4.498865393540615
COC1=CC=CC=C1OC(=O)OC2=CC=CC=C2OC,False,5.160031997995545,,,
C1=CN=CC=C1C2=CC=NC=C2,False,4.421923281026816,4.421923281026816,4.444981771347469,
C1=CC(=CN=C1)C(=O)NN,False,4.94709454009246,,4.347096427715119,5.64710389530669
C1=CC(=C(C=C1Cl)Cl)N,False,4.475999418492199,4.3988649544426,,4.400999284897221
CC1(CCC=C2[C@@]13CC[C@@H](C3)C2(C)C)C,False,4.3988649544426,4.3988649544426,,4.748865707419434
C[C@]12CC[C@H]3[C@H]([C@@H]1CC[C@@H]2OC(=O)CCC4=CC=CO4)CCC5=CC(=O)CC[C@H]35,False,,4.560029756289291,,4.560029756289291
C1=CC(=CC(=C1)O)[N+](=O)[O-],False,4.447095844824859,,,
CCC1=CC=CC(=C1N([C@@H](C)COC)C(=O)CCl)C,False,,4.748865707419434,,4.473145949387726
CC1=C(C(=CC=C1)C)N([C@H](C)C(=O)OC)C(=O)COC,False,4.3988649544426,,,
C1=CC(=C(C(=C1)Cl)C(=O)NCC2=C(C=C(C=N2)C(F)(F)F)Cl)Cl,False,4.498865393540615,,5.2488672255444015,5.048866560110487
C1C[C@H]2[C@@H]3CC[C@@H](C3)[C@H]2C1,False,4.197449292591688,,4.421730498724273,4.397449532974095
C1C(O1)CO,False,4.415934636166446,,,
CN=C=S,False,4.194981959547696,,,
C[Si]1(O[Si](O[Si](O[Si](O1)(C)C)(C)C)(C)C)C,False,4.443576878628715,,,
CC(=CCO)C,False,4.3988649544426,,,
OS(=O)(=O)O,False,4.387303010863693,,,
CCCCCCCC(=O)[O-].CCCCCCCC(=O)[O-].[Zn+2],True,4.560029756289291,,,
CCCCCCCCCCCCCC[P+](CCCCCC)(CCCCCC)CCCCCC.C(F)(F)(F)S(=O)(=O)[N-]S(=O)(=O)C(F)(F)F,False,4.449219037810705,5.249221701346889,6.599289363226768,5.499214827082544
CC(=O)[O-].CC(=O)[O-].[Zn+2],True,4.3988649544426,,,
CC1=C(C=CC(=C1)C(C(F)(F)F)(C(F)(F)F)F)NC(=O)C2=C(C(=CC=C2)I)C(=O)NC(C)(C)CS(=O)(=O)C,False,,4.796080925005434,5.346083534893619,5.696091506464046
CC(=O)C(CC(=O)OC)C(=O)OC,False,,4.448864857638396,,
CC(C)(C)C=C,False,4.266261220560959,,,
CCCCN1C=C[N+](=C1C)C.C(F)(F)(F)S(=O)(=O)[N-]S(=O)(=O)C(F)(F)F,False,,4.897096577302825,,
C1=CC=C(C(=C1)C2=NC(=NO2)C3=CC(=CC=C3)C(=O)O)F,True,5.110031956768376,5.610036963564112,5.410028070483141,5.160031997995545
CC(C1=CC=CC=C1)(C2=CC=CC=N2)OCCN(C)C.C(CC(=O)O)C(=O)O,False,4.410473984276484,,4.697803320666659,
C(CS(=O)(=O)O)N,True,4.48203124434106,4.832030236645088,4.732030841314906,4.732030841314906
CC1=CC(=CC=C1)OP(=O)(OC2=CC=CC(=C2)C)OC3=CC=CC(=C3)C,False,4.548864726812244,4.448864857638396,,
CN(C)CCCNCCC#N,False,4.3988649544426,,,
C(=O)(N)NN.Cl,False,4.437996364870556,,4.293485760901672,
C1[C@@H]2C[C@@H]2N([C@@H]1C#N)C(=O)[C@H](C34CC5CC(C3)CC(C5)(C4)O)N,False,,,4.410030303250599,
CCCC[N+]1=CC=C(C=C1)C.F[P-](F)(F)(F)(F)F,False,,,6.198184831418563,
CCCCN1C=C[N+](=C1)C.C(F)(F)(F)S(=O)(=O)[N-]S(=O)(=O)C(F)(F)F,False,,5.048511913024361,,
CCC(C)C(=O)C,False,4.208880132057619,,4.208880132057619,
C[C@]12CCC(=O)C(=C1CC[C@@H]3[C@@H]2CC[C@]4([C@H]3CCC4=O)C)O,False,,4.629447377522171,4.5044473069638435,5.604445332252318
CC(=O)O.CC(=O)O.CC(=O)O.CC(=O)O.CC(=O)O.CC(=O)O.CC(=O)O.O.O.[Cr].[Cr].[Cr],False,4.280382868944588,,,
CO/C=C(\C1=CC=CC=C1COC2=CC=CC(=N2)C(F)(F)F)/C(=O)OC,False,4.449219037810705,4.3992187150696465,4.3992187150696465,
C1=CC(=C(C(=C1)C(=O)O)C(=O)O)C(=O)O,False,,,4.441758367005746,
COC1=CC=C(C=C1)C(=C(C2=CC=C(C=C2)OC)Cl)C3=CC=C(C=C3)OC,False,4.500638760449454,5.050639272621718,4.700638725496061,
C1=CC(=N)C=CC1=C(C2=CC=C(C=C2)N)C3=CC=C(C=C3)N.Cl,True,4.448864857638396,4.548864726812244,5.19886394724405,4.898864942667959
CN(C)C1=CC=C(C=C1)C(=C2C=CC(=[N+](C)C)C=C2)C3=CC=CC=C3.[Cl-],True,4.760030197409634,5.910024277312271,5.010029874726081,4.9100313379205005
C[C@H]1[C@H]([C@H](C[C@@H](O1)O[C@H]2C[C@@](CC3=C2C(=C4C(=C3O)C(=O)C5=C(C4=O)C(=CC=C5)OC)O)(C(=O)CO)O)N)O[C@@H]6CCCCO6,False,,4.810029897405945,4.810029897405945,5.160031997995545
CCN(CC#N)C1=CC=CC(=C1)C,False,4.498865393540615,4.448864857638396,,
CC1=C(C=CC(=C1C2=NOCC2)S(=O)(=O)C)C(=O)C3=CNN(C3=O)C,False,4.838643978467709,4.888643376991013,,
CC1=CC(=C(C(=C1)Cl)N)C,False,5.648861041418151,,,
C1=CC=C2C(=C1)C=C(C3=CC=CC=C23)Br,False,6.495393229358046,4.245333705878432,,
CCOC1=CC(=C(C=C1C(=O)C)OCC)OCC,False,6.056357117247871,4.456359014986922,4.156358666385592,4.206358362201615
C1=CC=C2C(=C1)C(=CC(=C2N)N=NC3=CC=C(C=C3)C4=CC=C(C=C4)N=NC5=C(C6=CC=CC=C6C(=C5)S(=O)(=O)[O-])N)S(=O)(=O)[O-].[Na+].[Na+],True,4.3988649544426,4.448864857638396,4.498865393540615,4.598864942530007
CC1=C(C2=CC=CC=C2C=C1)C,False,4.318777667539677,4.388691008991687,4.238690231044744,4.162971202585849
C[N+]1=CN(C=C1)CC=C.[Cl-],False,4.4428767348995235,,,
C1=CC(=C(C(=C1)Cl)Cl)O,False,4.447095844824859,,4.247096104879467,
CC1=C(C(=CC=C1)C)O,False,4.2705204339873735,4.348864512263225,,
CC(C)C1=CC=CC=C1C(C)C,False,4.448510966075284,4.3985103945772215,,4.330209559645669
CC(=O)C1=CC=CC=C1[N+](=O)[O-],False,4.406358444508688,,,
C1=CC=C(C=C1)C(CC2=CC(=C(C(=C2)I)O)I)C(=O)O,False,4.610029886099158,5.010029874726081,,
CCCOCCOCCOCCO,False,4.198864633756791,,,
CC1=CC(=C(C=C1)[N+](=O)[O-])N,False,4.759603031074802,,,
CCC1=CC=CC=C1N,False,4.3988649544426,,4.248864914695038,
CCCCCCCCSCC1=CC(=C(C(=C1)C)O)CSCCCCCCCC,False,4.598864942530007,5.048866560110487,4.998863636444484,
CC(COC1=CC=CC=C1)NC(C)C(C2=CC=C(C=C2)O)O.Cl,False,4.810029897405945,4.810029897405945,6.26003230324049,
CCC1=C(C(=CC=C1)CC)N,False,5.196922953395873,4.271923160629408,,
CCCCCCCCCCCCCC[P+](CCCCCC)(CCCCCC)CCCCCC.[Cl-],False,4.396743007005474,4.496743323600061,6.596707854841746,4.746744402114493
C1=CC=C(C=C1)C2=CC(=CC=C2)O,True,4.798865170407076,,,4.198864633756791
CC(C)(CC(=O)OC)C=C,False,4.447449801503656,4.447449801503656,4.197449292591688,4.197449292591688
CCCCN1C=C[N+](=C1)C.OS(=O)(=O)[O-],False,4.443576878628715,,4.493577504918692,
C1=NN=CN1N,False,4.206230535162556,4.463596870723851,,
C1=CC(=CC(=C1)C(F)(F)F)C(=O)CC2=CC=C(C=C2)C#N,False,4.448864857638396,4.698865786166042,4.448864857638396,
CC1=C(C(=O)CC1OC(=O)C2C(C2(C)C)C=C(C)C)CC=C,False,4.6232862069978395,5.223284291355415,4.673285320941205,5.473286046778108
CC1=C(C=C(C=C1)N=C=O)N=C=O,True,4.4689623173725455,4.498865393540615,4.518962452536041,5.243963703817819
CCCCN1C=C[N+](=C1)C.[I-],False,4.392526747522998,,,
CC(C)(C)C1=CC(=CC=C1)O,False,4.287452150687937,,,
CCCN1C=C[N+](=C1C)C.[I-],False,4.185572595621421,,,
[B-](F)(F)(F)F.CCCCCCCCN1C=C[N+](=C1)C,False,,4.1992190191615695,5.249221701346889,
[B-](F)(F)(F)F.CCCCCCCCCCN1C=C[N+](=C1)C,False,4.497096510006717,,5.197096347764532,
CC1=CCC(=C(C)C)CC1,False,4.3988649544426,4.3988649544426,,4.698865786166042
C1=CC(=C(C=C1N(CC(=O)N)CC(F)(F)F)C(F)(F)F)C#N,False,4.3988649544426,4.448864857638396,4.498865393540615,4.448864857638396
CCCOC1=C(C(=C(S1)C(=O)N2CCC(CC2)C3=C(C=CC(=C3)CN)F)C)Br.Cl,False,4.1366967728135835,5.8366895110363135,4.586696882306354,4.9866950012104585
C1=CC=C2C(=C1)C(=CN2)CC(C(=O)O)N,False,4.504895729907975,4.457767310223987,4.657766870856908,4.457767310223987
C1=CC=C(C=C1)NC(=O)CCl,False,4.148864616843579,,4.248864914695038,
C1=CC=C(C=C1)NC2=CC=CC=C2,False,4.473865125589505,4.49886479222532,4.198864633756791,4.712816572249941
C1=CC=C(C=C1)[Hg]C2=CC=CC=C2,True,4.998863636444484,4.498865393540615,5.998872299722965,
[B-](F)(F)(F)F.CCCC[N+]1=CC=C(C=C1)C,False,,,4.1428762563574315,
C(CO[N+](=O)[O-])N(CCO[N+](=O)[O-])CCO[N+](=O)[O-],False,,,4.560029756289291,
CC(C)(C)N(C(=O)C1=CC=CC=C1)NC(=O)C2=CC=C(C=C2)Cl,False,4.401350634527242,4.951352363235002,,5.101351594423064
CC1=CC=C(C=C1)CO,False,4.493577504918692,,,
CCCC(C)CC,False,4.455998966253597,,,
C1=CC(=CC(=C1)O)C[C@@H](CO)[C@@H](CC2=CC(=CC=C2)O)CO,False,4.276583736435417,4.537996040972381,4.237996279380972,4.637996568860486
CCCC(=O)CC,False,4.685227187433945,,,
CCC(COCCOC(=O)C=C)(COCCOC(=O)C=C)COCCOC(=O)C=C,False,4.280804658518458,4.580804519092895,,6.030817140767739
C1CSC(=NC#N)N1CC2=CN=C(C=C2)Cl,False,,,4.3988649544426,
CC(C)CCCCCCOC(=O)C1CCCCC1C(=O)OCCCCCCC(C)C,False,,,,4.745993618196718
C1C[N+]2=CC=CC=C2C3=CC=CC=[N+]31.O.[Br-].[Br-],False,4.510030276850633,,5.310025555333226,4.560029756289291
C1CC[C@H]2[C@@H](C1)C(=O)N(C2=O)CCCCN3CCN(CC3)C4=NSC5=CC=CC=C54.Cl,False,,,4.510030276850633,5.110031956768376
C[N+](C)(C)CC(=O)O.[Cl-],False,4.760030197409634,,,
CC(C[N+](C)(C)C)OC(=O)N.[Cl-],False,4.590601201559466,,,
CC(C)CC=O,False,,4.356119162355991,,4.548864726812244
CC(C)C[C@@H](C(=O)[C@]1(CO1)C)NC(=O)[C@H](CC2=CC=CC=C2)NC(=O)[C@H](CC(C)C)NC(=O)[C@H](CCC3=CC=CC=C3)NC(=O)CN4CCOCC4,False,,,,6.060031709448664
CS(=O)(=O)C1=C(C(=C(C=C1)C(=O)C2C(=O)CCCC2=O)Cl)COCC(F)(F)F,False,,4.998863636444484,,4.148864616843579
CC1=CC(=CC=C1)Br,False,4.796390613394271,4.396390174579963,,
C1=CC(=CC(=C1)O)N,False,4.335918644816231,4.685917793835783,4.185918293808811,5.235921052807468
COC1=CC=CC(=C1)C=O,False,4.3988649544426,,,
C1=C(C=C(C=C1Cl)Cl)O,False,4.494279028526469,,4.044279546571458,
CC(=O)OCC=C,False,4.404922842992303,4.254922865108714,,
C=CCCC#N,False,4.4096029375259915,,4.209602933330219,
C1CC2=C(C=CC(=C2)F)O[C@H]1[C@H](CNC[C@@H]([C@@H]3CCC4=C(O3)C=CC(=C4)F)O)O.Cl,False,,,6.560036064079095,
CC(C)C[C@H]1CN2CCC3=CC(=C(C=C3[C@@H]2CC1=O)OC)OC,False,4.810029897405945,4.860029658404407,4.9100313379205005,
C1CN(CCC1(C2=CC(=CC=C2)C(F)(F)F)O)CCCC(=O)C3=CC=C(C=C3)F.Cl,False,,,6.460046158343603,
CC1=C(C(=C(C=C1)Cl)N)Cl,False,4.523460365349586,,,
C[C@H]1CNCCC2=C1C=C(C=C2)Cl,False,,,5.8600265120155415,
C(Cl)(Cl)(Br)Br,False,,,4.406358444508688,
CC(C)(Cl)Cl,False,4.3988649544426,,,
C(SCl)(Cl)(Cl)Cl,False,4.247803225592409,4.497802379237555,4.797803308493714,
CC(C)(C(=O)O)O,False,4.412868480673322,,4.212868381833796,
CC(C)([N+](=O)[O-])Cl,False,4.4467433912537,4.246743359070103,,
CN(C1CCCCC1)S(=O)(=O)C2=CC=CC=C2N,False,4.256118813664984,5.2488672255444015,,4.948862919408721
CC1=C[C@@H]2[C@H](CC[C@]3([C@H]2CC[C@@]3(C(=O)C)OC(=O)C)C)[C@@]4(C1=CC(=O)CC4)C,False,,5.079447502453506,,
C1=CC=C2C(=C1)C(=O)OC23C4=C(C(=C(C=C4)O)Br)OC5=C3C=CC(=C5Br)O,True,,4.3988649544426,,
C[N+]1(CCC(C1)OC(=O)C(C2CCCC2)(C3=CC=CC=C3)O)C.[Br-],False,,,4.810029897405945,
COC1=NC=C(C2=NC(=NN21)S(=O)(=O)NC3=C(C=CC=C3F)F)F,False,,4.646364545942308,,
CC(C)(CC(=O)O)C(=O)O,False,4.652777351645827,,,
C1CCN(CC1)C2(CCN(CC2)CCCC(=O)C3=CC=C(C=C3)F)C(=O)N.Cl.Cl,False,,,5.410028070483141,
COC(=O)N,False,4.348864512263225,,,
CC(C)C1=C(C(=CC=C1)C(C)C)N2C(=O)C3=C(C2=O)C=C(C=C3)O,False,,4.898864942667959,4.448864857638396,4.3988649544426
C[NH2+]C.CN(C)C(=S)[S-],True,,4.451876031031215,,
CC(C(=O)O)Br,False,,4.207258075769127,,
CCN1C=C[N+](=C1)C.C(F)(F)(F)S(=O)(=O)[N-]S(=O)(=O)C(F)(F)F,False,4.395333393952827,5.045333054535517,4.35082340521843,
CC(C(Cl)Cl)Cl,False,4.405640603140518,4.455640455775885,4.205640239035108,
CC(C(=O)O)Cl,False,,,4.229258784387148,
C1=CC(=CC(=C1)S(=O)(=O)C2=CC=CC(=C2)N)N,False,,5.698861444284984,,4.948862919408721
CC(C)(C1=CC=CC=C1)C2=CC=C(C=C2)O,False,4.402419983183693,4.925643185056835,,4.152419938174128
C(C(C(=O)O)Br)Br,False,4.191128294647675,,4.391128593646096,
CC(=O)C(=O)OC,False,4.496743323600061,,,
CCC([N+](=O)[O-])Cl,False,4.382817167661161,,4.182817533593604,
CCCN1C=C[N+](=C1C)C.C(F)(F)(F)S(=O)(=O)[N-]S(=O)(=O)C(F)(F)F,False,,5.1421791968976205,,
CCCCCC1=CCCC1=O,False,4.198864633756791,4.219299391938378,,
CC1=C(C(=CC=C1)[N+](=O)[O-])[N+](=O)[O-],False,4.973581146081709,5.123580074692156,4.373581610365223,
C1=CC2=C(C(=C1)[N+](=O)[O-])C(=CC=C2)[N+](=O)[O-],False,5.747098447207654,,,4.444224400790682
CC(C)(C)OC(=O)C1=CC=C(C=C1)O,True,4.448864857638396,,4.298864798175959,
C1=CC=C2C(=C1)C=C3C=CC=CC3=C2[N+](=O)[O-],True,6.653842697767992,5.053847521275726,5.653842697767992,4.553848214993438
C1CC2=CC=C(C3=CC=CC1=C23)[N+](=O)[O-],False,5.648861041418151,,,4.198864633756791
CO[Si](CCCN1C(=O)N(C(=O)N(C1=O)CCC[Si](OC)(OC)OC)CCC[Si](OC)(OC)OC)(OC)OC,False,,,,4.602226792436876
C1=CC=C(C=C1)[Bi](C2=CC=CC=C2)C3=CC=CC=C3,False,,6.198870812420296,4.498865393540615,5.648861041418151
CN1C(=O)C=CS1.Cl,False,4.448864857638396,4.498865393540615,,
C1=CC=C(C=C1)P(C2=CC=CC=C2)C3=CC=CC=C3,False,,5.094646595835887,4.448864857638396,
C1=CC=C(C=C1)[Sb](C2=CC=CC=C2)C3=CC=CC=C3,False,,4.748865707419434,,
CC(=O)CC(=O)NC1=CC2=C(C=C1)NC(=O)N2,False,4.3988649544426,,,
CC1=C(C=CC=C1[N+](=O)[O-])N,False,4.491827289859272,,,4.141826872109054
COC1=CN=C(N2C1=NC(=N2)NS(=O)(=O)C3=C(C=CC=C3OCC(F)F)C(F)(F)F)OC,False,,4.448864857638396,,
CC1=C(C=CC(=C1)OC)Br,False,4.494279028526469,,,
C1=CC=C2C(=C1)C(=O)C3=C(C2=O)C=C(C=C3)O,True,5.29815581206846,4.64815732961893,4.19815672930734,4.19815672930734
CCCCN1CCCC[C@H]1C(=O)NC2=C(C=CC=C2C)C.Cl,False,4.760030197409634,,6.26003230324049,5.060031709448664
CC(C)OC(=O)C1=CC=CC=C1C(=O)OC(C)C,False,5.4488672992713925,4.3988649544426,,
C1=CC2=C(C=CC=C2[N+](=O)[O-])C(=C1)[N+](=O)[O-],False,5.99641023281086,4.220985723576468,4.946391502779992,4.496390424185959
CN1C2=C(C(=O)N(C1=O)C)NC(=N2)Br,False,4.610029886099158,,,
CC1=C(C=CC=C1[N+](=O)[O-])[N+](=O)[O-],False,4.727432444296243,,,
C1=CC=C2C(=C1)C=C(C=C2[N+](=O)[O-])[N+](=O)[O-],False,7.1487416512809245,,4.548864726812244,
CC(C1=CC=CC=C1)N2C=NC=C2C(=O)OC.Cl,False,,4.510030276850633,5.360025701545049,6.510041520575165
CC(C)(C(=O)OCC=C)OC(=O)C1=C(C=CC(=C1)N2C(=O)C=C(N(C2=O)C)C(F)(F)F)Cl,False,4.45707752093567,4.557078322107685,4.557078322107685,6.257039329785847
CCCCNC1CC(NC(C1)(C)C)(C)C,False,,,4.548864726812244,
COC1=C(C=CC(=C1)C=O)O,False,4.345333588403895,,,
C1=CC2=C(C(=C1)[N+](=O)[O-])N=CC=C2,False,4.487649188930126,,,
C1C2=CC=CC=C2C3=C1C=C(C=C3)[N+](=O)[O-],False,5.474038078778301,4.5240418332757,4.1992190191615695,
CCC(C)C1=C(C(=CC(=C1)C(C)(C)C)N2N=C3C=CC=CC3=N2)O,False,4.584310656667907,,,
CCC(COC(=O)CCS)(COC(=O)CCS)COC(=O)CCS,False,4.198864633756791,4.998863636444484,,5.4488672992713925
CC1=C(C=CC=C1O)O,False,4.3883435933613795,,,4.488342530888692
C1(=C(C(=C(C(=C1Br)Br)Br)Br)Br)O,False,4.2456860727852614,4.495685484472432,,
COC1=C(C=C(C=C1)Cl)C(=O)OC,False,5.26003230324049,,,
C1=C(C=C(C(=C1Cl)Cl)Cl)O,False,4.571677268432742,,4.571677268432742,4.221676513629747
C1=C(C=C(C(=C1Cl)N)Cl)N,False,4.475642127967793,4.400642468813146,4.200642062903431,4.700642961309738
C1=C(C=C(C(=C1I)O)I)I,False,4.3988649544426,4.448864857638396,,
C1=CC=C(C(=C1)O)S(=O)(=O)O,False,,,4.598864942530007,
CC1=CC(=C(C=C1)C)S(=O)(=O)O,False,,,4.441287830356207,
CCCC1C(=CC(=CN1C2=CC=CC=C2)CC)CC,False,4.498865393540615,4.498865393540615,4.698865786166042,4.998863636444484
CC1=CC(=C(C(=C1)[N+](=O)[O-])O)[N+](=O)[O-],False,,4.4442793609000795,,
C1=CC=C(C(=C1)C(=O)Cl)[N+](=O)[O-],False,4.338690024408557,,,
CC1=CC(=C(C=C1)[N+](=O)[O-])[N+](=O)[O-],False,4.544299248867679,,4.444299132180872,
C1=CC=C(C(=C1)CC#N)[N+](=O)[O-],False,4.454206894211393,,4.078487277061986,
CC(C1=C(C(=CC(=C1)C(C)(C)C)C(C)(C)C)O)C2=C(C(=CC(=C2)C(C)(C)C)C(C)(C)C)O,False,,4.748865707419434,,
CCCCCCC(C)(C)C(=O)[O-].CCCCCCC(C)(C)C(=O)[O-].[Ca+2],False,4.323145502645515,4.548864726812244,,
C1=CC(=C(C=C1Cl)Cl)[N+](=O)[O-],False,4.404206267132018,,4.122762303764118,
CCC(=O)N([C@H]1CCN(C[C@H]1C)CCC2=CC=CC=C2)C3=CC=CC=C3.Cl,False,,4.345694440789796,5.995678626217358,5.445692591194441
CC1=CC=CC=C1N=O,False,4.437648836909748,,,4.411930076818776
CC1=C2C(=CC=C1)C=CC=N2,False,4.39883449008218,,,
CC1C2=NN=C(N2C3=C(C=C(S3)CCC4=CC=C(C=C4)CC(C)C)C(=N1)C5=CC=CC=C5Cl)C,False,,4.760030197409634,4.510030276850633,5.060031709448664
C1=CC=C(C(=C1)CCl)CCl,False,4.198864633756791,,4.3988649544426,
CCCCCCOC1=C(C(=C(C(=C1)C)O)C)C,False,4.993576747492357,4.593577350445455,4.593577350445455,4.493577504918692
C1=CC=C(C(=C1)CCl)[N+](=O)[O-],False,4.193927934456267,,4.282515484741644,
CC1=CC2=C(C=CC=N2)C=C1,False,4.4027766526878445,,4.291364130564801,
C1=CC(=C(C=C1C2=CC(=C(C=C2)N)Cl)Cl)N.Cl.Cl,True,5.822637314252105,4.922628222723976,,5.0976262337651095
C1CC1(C(CC2=CC=CC=C2Cl)(CN3C=NC=N3)O)Cl,False,6.198870812420296,5.648861041418151,4.448864857638396,6.698970004336019
CC1=CC=CC=C1C(=O)NC2=CC=C(C=C2)C(=O)N3CCCC(C4=CC=CC=C43)N(C)C,False,,4.584625115315534,,7.010105436281227
C1=CC=C2C=C3C=C(C=CC3=CC2=C1)N,True,5.444995172445838,4.46999666022917,4.4411282997502255,4.919997490187454
CC(C)C(CCCN(C)CCC1=CC(=C(C=C1)OC)OC)(C#N)C2=CC(=C(C(=C2)OC)OC)OC.Cl,False,,,4.67858593011413,6.510041520575165
C1=CC2=C(C=CC(=C2)[N+](=O)[O-])N=C1,False,5.297448842950477,,4.247449905206265,
[C-]#N.[C-]#N.[C-]#N.[C-]#N.[C-]#N.[N-]=O.O.O.[Na+].[Na+].[Fe+4],False,4.510030276850633,,,
CN1N=C(C(=O)N=C1SCC2=C(N3C(=O)[C@H]([C@H]3SC2)NC(=O)/C(=N\OC)/C4=CSC(=N4)N)C(=O)[O-])[O-].CN1N=C(C(=O)N=C1SCC2=C(N3C(=O)[C@H]([C@H]3SC2)NC(=O)/C(=N\OC)/C4=CSC(=N4)N)C(=O)[O-])[O-].O.O.O.O.O.O.O.[Na+].[Na+].[Na+].[Na+],False,,,4.810029897405945,
CNC(=O)C1=CC=CC=C1,False,,,4.148864616843579,
C1=CC=C(C=C1)C(=O)NN,False,4.486955619388075,4.4369558019555635,4.236956302395109,4.4369558019555635
C[C@@H](C(=O)C1=CC=CC=C1)N.Cl,False,4.274906296799681,,4.324905706639208,4.424905723270962
CCCN[C@H]1CCC2=C(C1)SC(=N2)N,False,,,4.810029897405945,
CN1CCN(CC1)C2CC3=CC=CC=C3SC4=C2C=C(C=C4)Cl.C(=C\C(=O)O)\C(=O)O,False,,4.510030276850633,6.659952682338607,5.660032085297399
CN1C=CC2=CC3=C(CCN3C(=O)NC4=CN=CC=C4)C=C21.Cl,True,7.101823516502323,,,5.471263222275348
C1CCN(CC1)CC2=CC(=CC=C2)OCCCNC3=NC4=CC=CC=C4S3.C(=C\C(=O)O)\C(=O)O.C(=C\C(=O)O)\C(=O)O,False,,,5.26003230324049,5.410028070483141
CCOC1=CC(=C(C=C1C(=O)NCC2CN(CCO2)CC3=CC=C(C=C3)F)Cl)N.C(C(=O)O)C(CC(=O)O)(C(=O)O)O,False,5.8600265120155415,,,6.410050398674292
CC1=C(C(=NO1)C2=CC=CC=C2)C3=CC=C(C=C3)S(=O)(=O)N,False,,4.810029897405945,4.610029886099158,
CC(C)(C)OOC(=O)C1=CC=CC=C1,False,4.19815672930734,,4.2727516245034405,
CC1C(C(CC(O1)OC2C[C@@](CC3=C2C(=C4C(=C3O)C(=O)C5=C(C4=O)C(=CC=C5)OC)O)(C(=O)CO)O)N6CCOC(C6)OC)O,False,,5.610036963564112,4.6346252833964705,5.510027465964983
CC(C)CCCCCCN,False,,,4.145992904260828,
CC1=C(C=CO1)C(=O)NC2=CC=C(C=C2)C(=O)N3C4=CC=CC=C4/C(=C/C(=O)N5CCC(CC5)N6CCCCC6)/C(CC3)(F)F.CC1=C(C=CO1)C(=O)NC2=CC=C(C=C2)C(=O)N3C4=CC=CC=C4/C(=C/C(=O)N5CCC(CC5)N6CCCCC6)/C(CC3)(F)F.C(=C/C(=O)O)\C(=O)O,False,5.004198138494939,,5.654195130079576,6.454198242840723
C1C(=O)CC2=CC=CC=C21,False,4.198864633756791,4.148864616843579,,
C1=CC=C(C(=C1)N)N.Cl.Cl,True,5.638687774897673,4.438691063647086,4.388691008991687,4.838691904583784
C1CC2=C(C=CC=C2O)C(=O)C1,False,4.760030197409634,,,
CCCC[N+]1=CC=C(C=C1)C.[I-],False,,,4.400995133758416,
C1=CC(=C(C=C1Br)Br)Br,False,4.348864512263225,,,
COC1=C(C=C2C(=C1)C(=O)NC(=O)N2)OC,False,4.760030197409634,,,
CC1=CC2=C(C=C1)OCC(=O)CO2,False,4.198864633756791,,4.448864857638396,
C(C(CCl)Cl)O,False,4.404206267132018,,,
C1CC(=O)NC1,False,,4.194278991996725,,4.707573346459226
CCCCCCN1C=C[N+](=C1)C.[I-],False,4.389733861086099,,4.589734101420616,
CCCN1C=C[N+](=C1)C.C(F)(F)(F)S(=O)(=O)[N-]S(=O)(=O)C(F)(F)F,False,,5.0967417564939135,,
CCCCCCCCCCN1C=C[N+](=C1)C.C(F)(F)(F)S(=O)(=O)[N-]S(=O)(=O)C(F)(F)F,False,4.4442793609000795,5.194281709215791,5.644280361386039,4.341407228942007
CC(CCC(=O)O)C(=O)O,False,,,4.19815672930734,
CCN(CC)C=O,False,,,4.084430807134566,
CCCOC1=NN(C(=O)N1C)C(=O)[N-]S(=O)(=O)C2=CC=CC=C2C(=O)OC.[Na+],False,,4.40028391242597,,
CN1C(=NN(C1=O)C(=O)[N-]S(=O)(=O)C2=CC=CC=C2OC(F)(F)F)OC.[Na+],False,,4.487841450338568,,
CC(C)C1=CC(=CC=C1)O,False,4.375991358497362,,,
CC[N+]1(CCCC1)C.[I-],False,,,8.200659450546418,
C1=C(C=C(C=C1N)N)C(=O)O,False,,4.156118756910894,4.448864857638396,
C1=C(C=C(C=C1C(=O)O)[N+](=O)[O-])C(=O)O,False,4.3988649544426,,,
C1=CC(=C(C=C1[N+](=O)[O-])N)C(=O)O,True,4.348864512263225,,,
C1=CC(=CC(=C1)[N+](=O)[O-])CCl,False,4.38903763905291,,4.489038320650855,
COC(=O)C1=CC=C(C=C1)[N+](=O)[O-],False,5.098863295458348,,,
C1=CC(=CC=C1C#N)C(=O)O,False,4.198864633756791,,4.498865393540615,
C1=CC(=CC=C1C(=O)O)NN,True,4.492877112667234,4.6928763741278186,,
C1=CC(=CC=C1C(=O)N)[N+](=O)[O-],False,4.400638831248489,,,
CCC1=CC(=CC=C1)O,False,4.362826252951165,,,
C1=CC(=CC(=C1)Cl)CCl,False,,,4.610029886099158,
CCC(=C(C1=CC=CC=C1)C2=CC=CC=C2)CN.Cl,False,4.810029897405945,4.9100313379205005,5.360025701545049,6.010016541698601
CC1=CC(=CC=C1)C#N,False,4.20135073546148,,,
COC(=O)C1=CC=CC=C1C(=O)C2=CC=C(C=C2)OCCN3CCCCC3.Cl,False,,,4.810029897405945,
C1=CC(=CC=C1CC2=CC=C(C=C2)O)O,True,4.395333393952827,,,
CCOC1=CC=CC(=C1)N,False,4.450994284340003,5.100995249088231,4.550995494815843,5.601001603500806
COC1=C(C=C(C=C1)C=O)O,False,4.196037866904468,,,
CC1=CC=C(C=C1)NC(=O)N,False,4.446038128163577,,,
C1CN(CCC1C(=O)O)C2=C(C=C(C=C2)F)NC(=O)NC(=O)C3=CC(=C(C=C3Cl)F)F,False,,4.560029756289291,,
CCOC1=CC=C(C=C1)O,False,4.3988649544426,,,
CC(=O)OCCN(CCOC(=O)C)C1=CC=C(C=C1)N=NC2=C(C=C(C=C2)[N+](=O)[O-])C#N,True,4.448864857638396,4.798865170407076,,5.59885804480627
CC(=O)OCC1=CC=CO1,False,,4.151350959282658,,
CCCOCC(C)OCC(C)O,False,,,4.384882530248055,
CCCCCCCCN1C=C[N+](=C1)C.C(F)(F)(F)S(=O)(=O)[N-]S(=O)(=O)C(F)(F)F,False,,5.145335737102938,5.495338878005506,4.269929080376935
CCOC(=O)CS,False,4.186264267391011,4.104820085691101,,
C1=CC(=CC=C1N)N.Cl.Cl,False,,4.510030276850633,4.460029874171644,4.510030276850633
CC1=C(C(C(=C(N1)C)C(=O)OCCC2=CC=C(C=C2)N3CCN(CC3)C(C4=CC=CC=C4)C5=CC=CC=C5)C6=CC(=CC=C6)[N+](=O)[O-])C(=O)OC,False,4.840601263886122,6.310069895981782,,5.810032701648728
C1=CC=C2C(=C1)C=C(N2CC(=O)O)C(=O)NC3=NC(=CS3)C4=CC=CC=C4Cl,True,,4.410030303250599,,
CCC(C)(C(=O)CCl)NC(=O)C1=CC(=C(C(=C1)Cl)C)Cl,False,5.64604532062829,4.396038709564252,4.446038128163577,5.196037866904468
COC1=C(C(=C(C=C1)CN2CCN(CC2)C(C3=CC=C(C=C3)F)C4=CC=C(C=C4)F)OC)OC.Cl.Cl,False,,4.96003097313254,5.310025555333226,4.810029897405945
CN1C(=CC(=O)N(C1=O)C)NCCN(CCCC2=CC=C(C=C2)[N+](=O)[O-])CCO.Cl,False,,,4.560029756289291,
CN=C=O,False,4.442526484291312,,4.2425265339902385,
CSSC,False,4.1435774586726675,4.293577535908005,,
CC(C)CC#N,False,,4.64594440963551,,
CC1=CC=CC2=NNN=C12,False,4.29957427309138,,,
COCC(=O)O,False,4.136956248879659,,,
CC(C)OC=O,False,4.148864616843579,,,
CC(CC(C)O)O,False,4.404564407270476,,,
C1=CC(=CC(=C1)C#N)C#N,False,,,4.455640455775885,
C1=C(C=C(C=C1Cl)Cl)N,False,4.531960876858194,,,4.406960586853369
CCN(CC)C(C)CN1C2=CC=CC=C2SC3=CC=CC=C31.Cl,False,5.360025701545049,,4.760030197409634,
C1=CC(=CC=C1N)S(=O)(=O)[N-]C2=NC=CS2.[Na+],False,4.273459830462956,,,4.3988649544426
C1=CC(=CN=C1)Cl,False,4.448864857638396,,,
CC1=CC(=O)C(C(=O)O1)C(=O)C,False,,4.248864914695038,4.448864857638396,
CCOCC(=O)O,False,,,4.493951857095735,
C(CO)CBr,False,4.248864914695038,4.598864942530007,4.448864857638396,4.320188403860654
C1[C@@H]2[C@H](COS(=O)O1)[C@@]3(C(=C([C@]2(C3(Cl)Cl)Cl)Cl)Cl)Cl,False,4.448864857638396,4.448864857638396,4.198864633756791,
C1[C@@H]2C=C[C@H]1[C@H]3[C@@H]2[C@]4(C(=C([C@@]3(C4(Cl)Cl)Cl)Cl)Cl)Cl,False,,4.380563858224263,4.449219037810705,6.474103697034529
CCCCCC(=O)N,False,4.4096029375259915,,,
CC1=C(C=CC(=C1)Cl)N=CN(C)C.Cl,False,4.598864942530007,4.3988649544426,4.448864857638396,
CC(COC)N,False,4.348864512263225,,,
CCCCCOC(=O)C,False,,4.383361662220741,4.647284109885703,
C1=CC(=CC=C1C(=O)C2=CC=C(C=C2)Cl)O,True,4.7393848912970915,4.539386269730086,4.189385793333064,
C1[C@@H]2[C@@H]3[C@H]([C@H]1[C@H]4[C@@H]2O4)[C@@]5(C(=C([C@]3(C5(Cl)Cl)Cl)Cl)Cl)Cl,False,,5.148864004988426,,6.648783654660658
CN(C)CCC1=CNC2=C1C=C(C=C2)CS(=O)(=O)N3CCCC3,False,,,4.660030100046487,
CC1=NC=C(C=C1)C2=C(C=C(C=N2)Cl)C3=CC=C(C=C3)S(=O)(=O)C,False,,4.810029897405945,,4.760030197409634
COC1=C(C=C2C(=C1)N=CN=C2NC3=CC(=C(C=C3)F)Cl)OCCCN4CCOCC4,False,,,4.810029897405945,
C(CCCBr)CCBr,False,4.198864633756791,4.148864616843579,,
CCC1=CC=C(C=C1)C(=O)C(C)CN2CCCCC2.Cl,False,,,6.310069895981782,
CCCCCCC#N,False,4.4125045523761965,,4.2125048116493895,
C(CCCO)CCO,False,4.393577787329442,4.393577787329442,4.443576878628715,
C1CC2=C(C[C@@H]1NS(=O)(=O)C3=CC=C(C=C3)F)C4=CC=CC=C4N2CCC(=O)O,False,,4.760030197409634,,4.860029658404407
CCN(CC)C(=O)C1=CC=C(C=C1)[C@H](C2=CC(=CC=C2)OC)N3C[C@H](N(C[C@@H]3C)CC=C)C,False,,,5.510027465964983,6.310069895981782
CCCCCCCCCCCCCCCBr,False,4.861236404707764,,,
CCCCCCCCCCCCCCC=C,False,4.780847887957055,,,
CCCCCCCCCCCCCCCO,False,4.471923582444042,4.394981704415236,,
CCCCCCCCCCCCCCCCC,False,4.798865170407076,,,
C1CC2=C(C=CC(=C2)Cl)C(=C3CCNCC3)C4=C1C=CC=N4,False,,4.710029980825098,5.060031709448664,5.560036064079095
C(C(=O)O)(Br)Br,False,4.1935771604604275,,4.498865393540615,
CC1=CC(=C(C2=CC=C(C=C2)N)C3=CC=C(C=C3)N)C=CC1=N.Cl,False,5.44413201100673,5.3941349351070125,5.494131316458046,5.5441353652124725
COC1=C(C2=C[N+]3=C(C=C2C=C1)C4=CC5=C(C=C4CC3)OCO5)OC.[Cl-],False,4.727681528997316,,6.002685564813815,4.7776824256419275
C1=CC(=C(C(=C1Cl)Cl)Cl)Cl,False,4.198864633756791,,,
C1=C(C=C(C(=C1Cl)Cl)Cl)Cl,False,4.2628944635498325,,,
C1=C(C=C(C(=C1Cl)N)Cl)Cl,False,4.65528163662286,,,4.155281202562761
C1=CC(=C(C=C1C(=O)C2=C(C=C(C=C2)O)O)O)O,True,4.449219037810705,,5.049221497039935,4.749219048944958
C1=CC(=C(C=C1N)[N+](=O)[O-])Cl,False,4.648864911118024,,,
CC1=CC=CC=C1N.Cl,False,4.444647874758368,4.419647495773336,4.419647495773336,4.544647921373907
CCC(C)OC(=O)N1CCCCC1CCO,False,,4.198864633756791,,
CC(O)(P(=O)(O)O)P(=O)(O)O.O,False,4.256118813664984,,,
CC(=O)[O-].CC(=O)[O-].[Mn+2],False,,4.31742084614685,,
CC1=CC[C@@H](C1(C)C)CC=O,False,4.448864857638396,,,4.148864616843579
CCCCCCCCCCCCC(=O)O,True,4.197096347764532,,,
CC1CCC(C(C1)O)C(C)C,False,4.148864616843579,,,
C1=CC=C(C=C1)[Sn](C2=CC=CC=C2)(C3=CC=CC=C3)Cl,True,,5.421269128047227,6.021271822861508,4.921264134092662
C(C(=O)N)F,False,,,4.148864616843579,
CCN1CCN(CC1)C2=NC3=C(CCCCCC3)C(=C2)C4=CC=C(C=C4)F,False,4.8212647142114955,,5.171262787887482,5.6712739148012155
CC[C@@H]1[C@@]([C@@H]([C@H](C(=O)[C@@H](C[C@@]([C@@H]([C@H]([C@@H]([C@H](C(=O)O1)C)O[C@H]2C[C@@]([C@H]([C@@H](O2)C)O)(C)OC)C)O[C@H]3[C@@H]([C@H](C[C@H](O3)C)N(C)C)O)(C)O)C)C)O)(C)O,False,,,,5.561821693478176
CC(C)C1=CC=CC=C1N,False,,,,4.448864857638396
CCCC1=CC=CC=C1O,False,4.3988649544426,,,
CC1=CC(=NN1C(=O)N(C)C)OC(=O)N(C)C,False,4.445993253446242,,4.498865393540615,
C1=CC(=CC(=C1)I)[N+](=O)[O-],False,4.5009951303440445,,,
C1=CC(=CC(=C1)[N+](=O)[O-])C(=O)N,False,4.400638831248489,,,
CCCC1=CC=C(C=C1)O,False,4.448864857638396,4.198864633756791,,
C1COCO1,False,,4.123145622374953,,
CC(CC1=CC(=C(C=C1OC)Br)OC)N.Cl,False,5.634306148422738,,4.584302318688786,4.434303266553925
CC1=CC=C(C=C1)S(=O)(=O)NC(=O)NC2CCCCC2,False,,4.610029886099158,,
CCCCCCCCCCCCCCCCC(C(=O)O)C(CC(=O)O)(C(=O)O)O,False,,,4.460029874171644,
C(#N)C(=C(C#N)C#N)C#N,False,4.17039104148773,4.479733996491273,4.479733996491273,4.679735286087848
CN(C)P(=O)(N(C)C)N(C)C,False,,,4.251350780072153,
CC(C)(CCC(=O)O)C(=O)O,False,4.443927977729064,,,
C[C@@H]1CC(=O)C=C2[C@]1(C[C@@H](CC2)C(=C)C)C,False,,4.3988649544426,,
CO[Si](OC)(OC)OC,False,4.456369572643494,,,
CCCC[Sn](CCCC)(Cl)Cl,False,4.3988649544426,4.671046105437226,4.521046105368249,4.098864931407043
CN(CC1=CN=C2C(=N1)C(=NC(=N2)N)N)C3=CC=C(C=C3)C(=O)N[C@@H](CCC(=O)O)C(=O)O,False,,4.145992904260828,,
C1=CNC(=S)NC1=O,False,4.435918911212315,4.39568644863326,,
CCCCC(CC)COC(=O)C(=C)C,False,4.198864633756791,4.1904308589201404,,
CCC(C)NC(=O)N,False,,,4.448864857638396,
CCOC1=CC=CC=C1O[C@@H]([C@H]2CNCCO2)C3=CC=CC=C3.CS(=O)(=O)O,False,,,5.26003230324049,5.360025701545049
CCOC(=O)CCCCCCCCC=C,False,4.348864512263225,,4.198864633756791,
CCSCCCl,False,,4.455998966253597,4.455998966253597,
C(CCCCCC(=O)O)CCCCC(=O)O,False,4.194981959547696,4.171923344921384,4.446923314492933,
CC1=CSC=N1,False,4.214691524259477,,,
CCC1CCC(=O)O1,False,4.444736221685872,,,
CC1=CC(=C(C(=C1)O)C)C,False,4.548864726812244,,,
CCCC1CCCC(=O)O1,False,,4.3988649544426,,4.3988649544426
CC1=CC(=C(C(=C1O)C)C)O,False,4.460029874171644,,4.560029756289291,
CC(C)[C@@H](C1=CC=C(C=C1)OC(F)F)C(=O)OC(C#N)C2=CC(=CC=C2)OC3=CC=CC=C3,False,,5.298863933907473,5.298863933907473,4.748865707419434
CC1=CC=C(C=C1)C(=O)CC(CSC(=O)C)C(=O)O,True,,4.760030197409634,,
CCCCCC1CCCC(=O)O1,False,4.287452150687937,,,
CCCCCCC1CCC(=O)O1,False,4.438342979557538,4.138343143723184,,
C1CCC(CC1)C(=O)C2=CC=CC=C2,False,4.448864857638396,4.448864857638396,,
C1=CC=C(C=C1)C2=NC3=CC=CC=C3N2,True,5.298863933907473,4.198864633756791,4.448864857638396,
CC(C)(C)C1=CC(=O)C=C(C1=O)C(C)(C)C,False,4.222791467250748,,,
C1(=C(C(=C(C(=C1Cl)Cl)C(=O)Cl)Cl)Cl)C(=O)Cl,False,,,4.4010728716549,
C1=CC=C(C=C1)C(=O)C2=C(C=CC(=C2)Cl)N,False,5.048866560110487,4.3988649544426,4.3988649544426,
C1CN(CC=C1C2=CC(=CC=C2)C(F)(F)F)CCC3=CC4=CC=CC=C4C=C3.Cl,False,4.460029874171644,,6.709965388637482,
CC1=CC=C(C=C1)N(SC(F)(Cl)Cl)S(=O)(=O)N(C)C,True,4.448864857638396,5.2488672255444015,4.3988649544426,
COP(=S)(OC)SCN1C(=O)C2=CC=CC=C2C1=O,True,5.048866560110487,5.59885804480627,4.448864857638396,5.39886386639293
CC(C)(C)C1=CC(=C(C(=C1)C(C)(C)C)O)C(C)(C)C,False,,4.198864633756791,,4.573145667674899
CCNC(=O)NCCCOC1=CC=CC(=C1)CN2CCCCC2,False,,,4.860029658404407,4.610029886099158
CC(C)OP(=S)(OC(C)C)SCCNS(=O)(=O)C1=CC=CC=C1,False,4.898864942667959,5.798876102792621,4.448864857638396,6.198870812420296
CCCCCCCCCCCCCCN(CCO)CCO,False,4.748865707419434,4.498865393540615,5.098863295458348,4.248864914695038
C1CN(CCC1C=C(C2=CC=CC=C2)C3=CC=CC=C3)C(=O)CCCCCCCCC4=CN=CC=C4,False,4.3988649544426,6.148864004988426,,6.279344643448276
C[Sn](C)(Cl)Cl,False,4.198864633756791,,,
C1=CC=C2C(=C1)C(=O)OC23C4=CC(=C(C(=C4OC5=C(C(=C(C=C35)I)[O-])I)I)[O-])I.[Na+].[Na+],True,4.606383515108428,4.8813850099515825,4.631383771119348,4.381384088909532
CCCN(CCC)C(=O)SCC,False,,4.098864931407043,,
C=CC(CCl)Cl,False,4.238343492528092,4.314561346164945,4.190779099856703,
CCCN1C=C[N+](=C1)C.[I-],False,,,4.094982230370789,
CCCC[N+](C)(C)C.C(F)(F)(F)S(=O)(=O)[N-]S(=O)(=O)C(F)(F)F,False,,5.247805530799486,5.747802544635124,
C=COCCOCCOC=C,False,4.198864633756791,,4.3525720377426635,
C1=CC(=C(C=C1Cl)Cl)Cl,False,4.110326924398378,4.098864931407043,,
CCCCCCCCCCCCCBr,False,4.6499284496465965,,,
CC(C)NC1=CC=CC=C1,False,4.409241734279668,,,
C1CN(CCN1CCCCl)C2=CC(=CC=C2)Cl.Cl,False,4.810029897405945,4.760030197409634,6.110026361596004,
CC(C)(C1=CC(=C(C=C1)O)C2=CC=CC=C2)C3=CC(=C(C=C3)O)C4=CC=CC=C4,False,4.448864857638396,5.648861041418151,4.148864616843579,5.298863933907473
CC(C)(C1=CC=CC=C1)C2=CC=CC=C2,False,4.230636707475691,,4.230636707475691,
CCOP(=S)(OCC)SCSC1=CC=C(C=C1)Cl,False,5.048866560110487,5.948847477552619,4.898864942667959,5.498858544712217
CC1=C(C(=CC=C1)C)NC(=O)C2=CC=C(C=C2)N,False,,,,4.860029658404407
C1=CC=C(C(=C1)C(C2=CC=C(C=C2)Cl)C(Cl)(Cl)Cl)Cl,False,4.396038709564252,4.813552120120855,4.196037866904468,
C1=CC=C(C=C1)P(=O)(C2=CC=CC=C2)C3=CC=CC=C3,False,4.306118789647335,5.19886394724405,,
CCCCCCCCCCCCCCCCCCNC(=O)OC1CCN(CC1)C(=O)OC[C@H](COC(=O)N(CC2=CC=CC=[N+]2CC)C(=O)C3=CC=CC=C3OC)OC.[Cl-],False,,4.410030303250599,4.560029756289291,4.860029658404407
CC(C)CC(C)NC1=CC=C(C=C1)NC2=CC=CC=C2,True,4.655998964033879,5.255996643084726,5.55600207292186,4.50599854962388
CC[C@]12CC[C@H]3[C@H]([C@@H]1CC[C@]2(C#C)O)CCC4=CC(=O)CC[C@H]34,False,,5.579445315004808,,4.828916483449061
CCCCCCCCCCCCCCCCCC(=O)OCC(CC)CCCC,False,4.339521102299182,,,
COP(=O)(O)OC,False,4.433504762852709,,,
CC(C(=O)[O-])O.CC(C(=O)[O-])O.[Ca+2],False,,,4.96003097313254,
C=CC(=O)OCCO,False,4.37069563514617,,,
CCCCCC(C#C)O,False,4.195333870479099,,,
C1CN(CCC1N)C2=NC(=CC=C2)Cl.Cl,False,4.560029756289291,,5.910024277312271,
C1=CC2=C(C3=C(C=CC=N3)C=C2)N=C1,True,5.096745611194846,5.321746084686951,4.306118789647335,
CCCCCCCC(=O)C,False,4.348864512263225,,,
C(CCCN=C=O)CCN=C=O,False,4.215723359183812,4.161964209669123,4.191128294647675,4.4411282997502255
CC1=CN=CN1,False,,4.415787544268504,4.465788532938113,4.465788532938113
C1CCC(=O)C(C1)Cl,False,4.393577787329442,,,
CC1=C(C=CC=C1N)N,False,4.639037574009491,4.38903763905291,4.139038255552459,4.839039527184842
C[C@H]1[C@@H](SC(=O)N1C(=O)NC2CCCCC2)C3=CC=C(C=C3)Cl,False,4.448864857638396,4.998863636444484,,5.098863295458348
C1=C(C=C(C(=C1Br)N)Br)[N+](=O)[O-],False,5.948847477552619,,,
CCCC[N+]1=CC=CC=C1C.[Br-],False,4.19815672930734,,,
C1=CC=C(C=C1)OC2=CC=C(C=C2)O,False,4.321753025989589,4.5217524888998515,4.571753405738716,
CC1=C2C=CC3=CC=CC=C3C2=CC=C1,False,5.59885804480627,,,
CCNC1=NC(=NC(=N1)SC)NC(C)C,False,4.972451445660086,,,
C1=CC=C(C=C1)CCN=C(N)N=C(N)N.Cl,False,4.400995133758416,4.258248999912242,5.160031997995545,
C1=CC=C(C=C1)NC2=CC=C(C=C2)[N+](=O)[O-],False,4.872099251278439,4.497099418392478,4.47209915044137,
C1=CC=C(C=C1)OP(=O)(O)OC2=CC=CC=C2,False,,4.548864726812244,,
CC1=C(C=CC(=C1)CC2=CC(=C(C=C2)N)C)N,False,4.948689061608128,4.773688347740038,4.1608280174054295,5.648686139586836
C(CO)N1C(=O)N(C(=O)N(C1=O)CCO)CCO,False,4.198864633756791,,4.393577787329442,
C1CN2C(=O)[C@H](N=C(C3=CC=CC1=C32)C4=CC=CC=C4F)NC(=O)C5=CC6=CC=CC=C6N5,False,,5.010029874726081,,
COC1=CC=C(C=C1)N2C(=CC(=N2)C(F)F)C3=CC=C(C=C3)S(=O)C,False,4.498865393540615,4.498865393540615,4.548864726812244,4.698865786166042
C1=CC=C(C=C1)N=NC2=C(C=CC3=CC=CC=C32)O,True,5.673865529914199,4.8238653250436965,4.448864857638396,4.748865707419434
CCCCCOC1=C(C=C(C=C1)C2C(=O)NC(=O)S2)OCC,False,,4.860029658404407,,
CCN1C=CN=C1CC2COC3=CC=CC=C3O2,False,,,6.160019442321658,
CNC.[N+](=O)(O)[O-],False,4.1992190191615695,,,
CCCCCCCCC=C,False,4.419967326934987,,,
CCCCCCOC(=O)CC(CC(=O)OCCCCCC)(C(=O)OCCCCCC)OC(=O)CCC,False,,4.498865393540615,,5.39886386639293
CC1CC(=O)CC(C1)(C)C,False,4.3988649544426,,,
CC(=O)C1CCCCC1=O,False,,,,4.203490885234686
CC1=C(SC(=N1)C2=CC(=C(C=C2)OCC(C)C)C#N)C(=O)O,True,,4.510030276850633,,
C1=C(C(=C(C(=C1Cl)Cl)Cl)Cl)[N+](=O)[O-],False,5.650275777365603,,,
CC1=C(C2=CC=CC=C2C=C1)[N+](=O)[O-],False,5.499214827082544,,,
C1=CC=C(C=C1)SSC2=CC=CC=C2,False,5.5456888118524335,4.595686380202875,4.284273607384934,
CCC(C)N(C)C(=O)C1=CC2=CC=CC=C2C(=N1)C3=CC=CC=C3Cl,False,,4.687932712639052,,4.487932270042839
CCNC1=NC(=NC(=N1)SC)NC(C)(C)C,False,5.151533335330369,,,
COC(=O)[C@H](CC1=CC=CC=C1)NC(=O)[C@H](CC(=O)O)N,False,4.170567566382402,,,
CCCC[N+]1=CC=C(C=C1)C.[Br-],True,4.442526484291312,,,
CCN(CC)CCN1C2=C(C=C(C=C2)[N+](=O)[O-])N=C1CC3=CC=C(C=C3)OCC,False,,4.428370349738293,5.828361291469181,
CN1C=CNC1=S,False,4.1992190191615695,4.348864512263225,,
CC(=O)C(Cl)(Cl)Cl,False,4.413960972391049,4.813962357947665,4.456411184730403,
C(C(=O)C(Cl)Cl)Cl,False,4.344631027547938,4.444631028601807,4.444631028601807,
C1=NC2=C(N1)C(=O)NC=N2,False,4.460029874171644,,,
CN1CCN(CC1)C2=NC3=C(C=CC(=C3)Cl)NC4=CC=CC=C42,False,,,4.810029897405945,4.757158048516521
CN(C)/N=N/C1=C(NC=N1)C(=O)N,False,4.560029756289291,,,
C1C[C@@H](O[C@@H]1CO)N2C=NC3=C2N=CNC3=O,False,4.287452150687937,,,
CC(C)[C@@H](C(=O)OCCOCN1C=NC2=C1N=C(NC2=O)N)N.Cl,False,,,,4.810029897405945
CCCOC1=CC=CC=C1C2=NC3=NNN=C3C(=O)N2,False,4.810029897405945,,,
C/C(=N\O)/C(=N/O)/C,False,4.448864857638396,,,
C1=CC=C(C(=C1)/C=N/NC(=O)C2=CC=NC=C2)O,True,5.8600265120155415,5.660032085297399,4.560029756289291,5.060031709448664
C1=NNC2=C1C(=O)NC=N2,False,,,4.388691008991687,
CN1C=NC2=C1N=C(NC2=O)N,False,4.547802483751247,,,
C1=CC=C2C(=C1)C(=O)NC=N2,False,4.184882688442537,,,
C1=CC=C2C(=C1)C(=O)NN=N2,False,4.148864616843579,,,
CCCCCN=C(N)N/N=C/C1=CNC2=C1C=C(C=C2)OC,False,5.360025701545049,4.410030303250599,,
CC1=C(C2=C(C=C1)N=C(NC2=O)N)SC3=CC=NC=C3.Cl.Cl,False,5.540607512240769,5.26003230324049,4.810029897405945,6.310069895981782
C(=N/O)\C=N\O,False,,,4.223460072325203,
CCC(=O)O[C@@]1([C@H](C[C@@H]2[C@@]1(C[C@@H](C3([C@H]2CCC4=CC(=O)C=C[C@@]43C)F)O)C)C)C(=O)COC,False,,4.560029756289291,4.810029897405945,6.010016541698601
C=CCN1C2=C(N=C(NC2=O)N)N(C1=O)[C@H]3[C@@H]([C@@H]([C@H](O3)CO)O)O,False,4.657158032653341,,,
CCCC1=NN(C2=C1N=C(NC2=O)C3=C(C=CC(=C3)S(=O)(=O)N4CCN(CC4)C)OCC)C.C(C(=O)O)C(CC(=O)O)(C(=O)O)O,False,,4.810029897405945,,6.360015751958412
C[C@H](C1=CC(=CC(=C1)C(F)(F)F)C(F)(F)F)O[C@@H]2[C@@H](N(CCO2)CC3=NNC(=O)N3)C4=CC=C(C=C4)F,False,,4.860029658404407,4.610029886099158,6.26003230324049
CC1=C(C=CC(=C1)S(=O)(=O)[O-])N=NC2=C(C=CC3=CC=CC=C32)O.[Na+],True,4.598864942530007,4.498865393540615,4.3988649544426,4.148864616843579
CCN1C2=C(C(=N1)C)N=C(CNC2=O)C3=CC=C(C=C3)O,False,4.348864512263225,4.348864512263225,,4.498865393540615
CC1=CC(=C(C=C1)N=NC2=C(C(=CC3=CC=CC=C32)C(=O)O)[O-])S(=O)(=O)[O-].[Ca+2],False,,4.462231260829374,,
CCCCC1=C(N=C(NC1=O)NCC)C,False,4.448864857638396,,,
CC1=CC(=O)C2=C(C3=C4C5=C2C1=C(C=C5C(C(=C4C(=O)C=C3O)O)(C)C)O)O,False,,,,5.171262787887482
CCCOC1=C(C=C(C=C1)S(=O)(=O)N2CCN(CC2)CC)C3=NC4=C(N(N=C4C(=O)N3)CC5=CC=CC=N5)CC,False,,5.59885804480627,,6.398918272215977
CN(C(=N)N[N+](=O)[O-])N=O,False,4.20135073546148,,4.651350564607997,
C1=CC=C2C(=C1)C=CC(=C2N=NC3=CC=C(C=C3)S(=O)(=O)[O-])O.[Na+],True,4.498865393540615,4.498865393540615,4.448864857638396,4.448864857638396
CC1=CC(=O)NC(=N1)C(C)C,False,4.298864798175959,,,
CC1=C(C=C(C=C1)N2C(=O)C(=C(N2)C)N=NC3=CC=CC(=C3O)C4=CC(=CC=C4)C(=O)O)C,True,,,4.784310895238833,
CCCCN(C(=N)N[N+](=O)[O-])N=O,False,4.389385610554415,,,
C1=CC=C(C=C1)/[N+](=N/[O-])/[O-].[NH4+],True,4.675821568905935,4.148864616843579,4.498865393540615,
CC/C(=N\OC/C=C/Cl)/C1=C(CC(CC1=O)CC(C)SCC)O,False,,4.810029897405945,,5.060031709448664
CCC/C(=N\OCC)/C1=C(CC(CC1=O)CC(C)SCC)O,False,4.446038128163577,4.4960378112983825,4.996039971911452,
CC/C(=N\OCC)/C1=C(CC(CC1=O)C2=C(C=C(C=C2C)C)C)O,False,4.498865393540615,5.298863933907473,5.148864004988426,
C1CN(CCN1)C2=CC(=CC=C2)Cl,False,4.810029897405945,,5.310025555333226,
CC(C)(C)C1=NN=C(NC1=O)SC,False,,4.448864857638396,,
CC(C)OS(=O)(=O)C,False,4.395333393952827,,4.283921078998209,
C1CCC(CC1)(CC2=NOC(=O)N2)CN.Cl,False,4.256118813664984,4.098864931407043,,
C1=CC=C(C(=C1)C(F)(F)F)N=NC2=C(C=CC3=CC(=CC(=C32)O)S(=O)(=O)[O-])N.[Na+],True,4.3988649544426,4.198864633756791,,
CC(C)N1C2=NC=NC(=C2C(=N1)C3=CC4=C(N3)C=CC(=C4)O)N,False,5.110031956768376,5.510027465964983,4.510030276850633,5.26003230324049
CCCCCCOC(=O)NC(=N)C1=CC=C(C=C1)NCC2=NC3=C(N2C)C=CC(=C3)C(=O)N(CCC(=O)OCC)C4=CC=CC=N4,False,,5.510027465964983,4.460029874171644,5.660032085297399
CC/C(=N\OC/C=C/Cl)/C1=C(CC(CC1=O)C2CCOCC2)O,False,4.449219037810705,4.499218939739157,,4.499218939739157
CN\1CC(=O)N/C1=N/C(=O)NC2=CC(=CC=C2)Cl,False,4.690601944092395,,4.560029756289291,
CCCC1=NC(=C2N1N=C(NC2=O)C3=C(C=CC(=C3)S(=O)(=O)N4CCN(CC4)CC)OCC)C.C(C(=O)O)C(CC(=O)O)(C(=O)O)O,False,,4.9100313379205005,,6.860120913598763
CCCCCCCCCCCCN,False,4.968694677693707,4.593696108100198,4.868695574139791,
C1=CC=C(C(=C1)C(F)(F)F)N2C=CN=C2,False,5.460033632003287,5.060031709448664,5.660032085297399,6.360015751958412
C1CCN(C1)N=O,True,4.478711509014339,4.253305875671683,,4.617298717045095
C1CCC(CC1)(C#N)O,False,4.195686066796907,,,
C[C@H]1/C=C\C=C(/C(=O)NC2=C(C(=C3C(=C2O)C(=C(C4=C3C(=O)[C@](O4)(OC=C[C@@H]([C@H]([C@H]([C@@H]([C@@H]([C@@H]([C@H]1O)C)O)C)OC(=O)C)C)OC)C)C)O)O)/C=N/N5CCN(CC5)C)\C,False,,4.496390424185959,,4.893737689781968
C1CCCN(CC1)N=O,False,4.3988649544426,,,
C1=CC(=C(C(=C1Cl)O)Cl)Cl,False,4.449219182350864,4.449219182350864,4.148864616843579,
C1=C(C=C(C(=C1O)Cl)Cl)Cl,False,4.687996226722501,,4.08799594277135,
COC1=CC=CC(=C1O)O,False,4.331787462921611,,,
C1=CC=C2C(=C1)NC(=N2)N,False,,,4.200825791150468,
C[C@H]1/C=C\C=C(/C(=O)NC2=C(C3=C(C4=C(C(=C3O)C)O[C@@](C4=O)(OC=C[C@@H]([C@H]([C@H]([C@@H]([C@@H]([C@@H]([C@H]1O)C)O)C)OC(=O)C)C)OC)C)C5=NC6(CCN(CC6)CC(C)C)N=C25)O)\C,False,4.4081588119418065,4.50815804597911,4.558158815187814,5.008158371632203
CC1=CSC(=C1N([C@@H](C)COC)C(=O)CCl)C,False,,,,4.195992853319044
C1=C(C(=C(C(=C1Cl)Cl)O)Cl)Cl,True,4.160623153144679,4.660622106778266,,
C1=CC=C(C=C1)N2C(=O)C=CC2=O,True,4.698865786166042,4.3988649544426,4.3988649544426,4.3988649544426
CN(C1=CC=C(C=C1)[N+](=O)[O-])N=O,False,5.19886394724405,4.198864633756791,4.448864857638396,
CCOP(=S)(CC)SC1=CC=CC=C1,False,,5.050639272621718,4.500638760449454,5.5506450412972015
C1CCCCCC(=O)NCCCCC1,False,4.4495735070633335,4.423145748029465,,5.299219978836048
COP(=O)(OC)OC1=CC=C(C=C1)[N+](=O)[O-],False,,,4.598864942530007,
COC1=NN(C(=O)S1)CSP(=S)(OC)OC,True,5.19886394724405,5.298863933907473,4.748865707419434,5.2488672255444015
CC(C)C[C@@H]1[C@@H](OC(=O)N1CCCN2CCCCCC2)C3=CC=CC=C3.Cl,False,,,6.360015751958412,6.010016541698601
CC(C)C(=O)NC1=CC=CC(=C1)C(F)(F)F,False,5.110031956768376,,,
CN(C)C(=O)C(C1=CC=CC=C1)C2=CC=CC=C2,False,4.3992187150696465,4.3022499944785615,,
CC(C)(C)C1=CC(=CC(=C1O)C(C)(C)C)/C=C\2/C(=O)NC(=N)S2.CS(=O)(=O)O,False,4.423145748029465,5.748873015022128,4.448864857638396,4.998863636444484
CCOP(=O)(OCC)OC1=NC(=NC(=C1)C)C(C)C,False,4.5460383409682175,,,
CC1=CC(=C(C=C1OC(=O)C)C(C)C)OCC[NH+](C)C.[Cl-],False,5.160031997995545,,4.810029897405945,
CC[C@@]1(CC[C@@H]2[C@@]1(CC[C@H]3[C@H]2CCC4=CCCC[C@H]34)C)O,False,,,,4.860029658404407
CCC(C)C1=C(C(=CC(=C1)[N+](=O)[O-])[N+](=O)[O-])OC(=O)OC(C)C,False,5.59885804480627,4.448864857638396,,
C[C@]12CCC(=O)C=C1C=C[C@@H]3[C@@H]2CC[C@]4([C@H]3CC[C@@]45CCC(=O)O5)C,False,,4.510030276850633,,
C(CCCCCCBr)CCCCCO,False,4.3921762511311675,,,
CCNC1=CC2=C(C=C1C)C(=C3C=C(C(=[NH+]CC)C=C3O2)C)C4=CC=CC=C4C(=O)OCC.[Cl-],False,4.268839697521645,5.099576196481751,4.749574497611128,5.874577140320093
CC1=C(C=CC(=C1)C2=CC(=C(C=C2)N=NC3=C(C4=CC=CC=C4C(=C3)S(=O)(=O)[O-])N)C)N=NC5=C(C6=CC=CC=C6C(=C5)S(=O)(=O)[O-])N.[Na+].[Na+],False,,,5.596742174212888,
CCCCP(CCCC)CCCC,False,4.348864512263225,4.198864633756791,4.498865393540615,
C[Si](C)(C)N[Si](C)(C)C,False,,,,4.426700700670323
[C@H]12[C@H]([C@H]3[C@@H]([C@@H]1Cl)O3)C4(C(=C([C@]2(C4(Cl)Cl)Cl)Cl)Cl)Cl,False,,4.498865393540615,,5.473144012874125
CN(C)C(=O)C1(CCN(CC1)CC[C@]2(CN(CCO2)C(=O)C3=CC=CC=C3)C4=CC(=C(C=C4)Cl)Cl)N5CCCCC5.Cl,False,,4.478382102906464,5.178381677124814,6.178355482457783
CC1=NC2=C(C=C1)C=CC(=C2)Cl,False,4.760030197409634,,,
CCCCCCCCCCCl,False,4.491477014328691,,,
CCCCCCCCCCCCCCC(=O)O,False,4.397449532974095,,,
CCNC1=NC(=NC(=N1)N)Cl,False,4.498865393540615,,,
C1=CC=C(C(=C1)C2=NN=CO2)O,False,4.560029756289291,,,
CC(=O)C1=CC=C(C=C1)C(=O)C,False,4.638689664946533,,,
CCNC1=NC(=NC(=N1)SC)NCC,False,5.098863295458348,,,
C(CN)N.[Cl-].[Cl-].[Pt+2],False,,4.760030197409634,4.410030303250599,
C=CCN1C(=O)N(C(=O)N(C1=O)CC=C)CC=C,False,4.500284056998402,,4.200283913762908,5.100283434381408
C1C2C(COS(=O)(=O)O1)C3(C(=C(C2(C3(Cl)Cl)Cl)Cl)Cl)Cl,True,4.323460020646004,4.748865707419434,,6.648783654660658
CC1=CC=C(C=C1)S(=O)(=O)NC(=O)NC2CCCCCCC2,False,,4.96003097313254,,
CC(C)OC1=C(SC2=C1C=C(C=C2)OC)C(=O)NC3=NN=N[N-]3.[Na+],False,,4.550284076611865,,4.40028391242597
COCCO[Si](C=C)(OCCOC)OCCOC,False,,,4.493519321239549,4.472628308513226
CCCCC(CC)COP(=O)(O)O,False,,4.441477424108571,,
CC(=O)C1=CC=CN1,False,4.256118813664984,,,
C1=CC=C(C=C1)C(=O)C=O,False,4.398157210217902,,4.548156787636552,
COC1=CC2=C(C=C1)C(=O)CCC2,False,4.860029658404407,,,
CCCCCCOC(=O)C1=CC=C(C=C1)O,True,4.97351032618824,4.423510549134905,4.14815666541292,4.072437429756096
CCOC1=CC=C(C=C1)NC(=O)CC(C)O,False,4.421220916535658,,4.493577504918692,
CCCCCCCOC(=O)C1=CC=C(C=C1)O,True,4.873687149078707,4.423687960258942,4.148687556858131,
CN(C)S(=O)(=O)N(C1=CC=CC=C1)SC(F)(Cl)Cl,True,4.698865786166042,5.298863933907473,4.548864726812244,
C1=CC=C(C=C1)COC2=CC=C(C=C2)S(=O)(=O)C3=CC=CC=C3O,False,,4.598864942530007,,
CCC(=O)C(CC(C)N(C)C)(C1=CC=CC=C1)C2=CC=CC=C2.Cl,False,4.473456548801604,4.334758698170399,5.816189404901865,5.396693203461486
CCCCN(CC)C(=O)SCCC,False,,,4.4442793609000795,
CC(C)(CO)COC(=O)C(C)(C)CO,False,4.198510537295644,4.198510537295644,4.3985103945772215,
CC(C)(C)NC(=O)N,False,4.598864942530007,,,
CC(=O)OC(C)(C)CCCC(=C)C=C,False,4.3988649544426,,,
CCCCCCCCCCCC[N+](C)(C)C.[Br-],False,4.448864857638396,,5.19886394724405,
CCCCCCCCCCCCCC[N+](C)(C)C.[Br-],False,,,5.52962544558082,
CCCCCCCCCCC,False,,4.073145603867316,,
C1COS(=O)(=O)C1,False,4.273459830462956,,,
C1=CC=C(C(=C1)C(=O)O)O.C1=CC2=C(C(=C1)O)N=CC=C2,False,4.760030197409634,,,
CN(C)C1=CC=NC=C1,False,,,4.498865393540615,
CC(=O)C1=CC=CC=N1,False,4.1935771604604275,,,
CCOC(=O)C1=CC=C(C=C1)I,True,5.2446283029809715,4.283217713219382,,
CC1=C(N=C(C(=N1)C)C)C,False,4.448864857638396,,,
C1=C[N+](=CC=C1[N+](=O)[O-])[O-],False,4.148864616843579,4.3988649544426,4.448864857638396,4.448864857638396
CCCCCCCCCOC(=O)CCCCC(=O)OCCCCCCC,False,4.3988649544426,,,
CCN(C1CCCCC1)C(=O)SCC,False,,4.287452150687937,,
C1=CC=C(C=C1)C(=O)C2=CC=C(C=C2)O,False,4.49392812507465,,4.443927977729064,
C1=CC=C2C(=C1)C(=O)C(C2=O)C3=CC=C(C=C3)Br,True,4.560029756289291,4.560029756289291,,
C1=CC(=C(C=C1NC(=O)C2=C(C(=CC(=C2)Cl)Cl)O)Cl)Cl,True,4.448864857638396,4.948862919408721,,4.698865786166042
CCCCCCCCCCCCOC(=O)C1=CC(=C(C(=C1)O)O)O,False,,5.049690206819095,4.549690078260778,4.699691229109449
CO[Si](C)(OC)OC,False,,,,5.059239541984493
CCN(CC)C(=O)N(CC)CC,False,4.3988649544426,,,
C1CCC(=NO)C1,False,4.133849174920585,4.383849146718983,4.383849146718983,4.483849514091133
C1(=C(SSC1=O)Cl)Cl,True,4.3988649544426,4.3988649544426,4.198864633756791,4.198864633756791
CC1=CC=C(C=C1)C2=CC=CC=C2C#N,False,4.810029897405945,4.810029897405945,,
CCCCCCCCCCOCC(CN)O.Cl,False,5.540607512240769,4.9100313379205005,5.160031997995545,
CC1=CC(=CC=C1)NC2=CC=CC=C2,True,4.948862919408721,4.448864857638396,,
C1=CC=C2C(=C1)C=C3C=CC=CC3=C2C#N,False,6.699621935129297,5.349575903392151,,
C1CC2=CC=CC=C2C(=O)C3=CC=CC=C31,False,5.815166922850477,4.399882049243395,,
CCN(CC)S(=O)(=O)C1=CC=C(C=C1)C(=O)O,False,,,4.410030303250599,
CC1=C(C(=CC=C1)OCC(CNC(C)(C)C)O)C,False,,,5.010029874726081,
CCCCCCCCOC(=O)C1=CC=C(C=C1)O,False,4.774574207941786,4.499574725269508,4.19957427375985,
CS(=O)(=O)C1=CC=C(C=C1)C2=CN3C=CC=CC3=N2,False,6.110026361596004,4.560029756289291,4.560029756289291,
C1=CC=C(C=C1)CNN.Cl.Cl,True,4.740778943025199,4.390779223363833,4.94077748747031,4.44077945582353
C[C@]12CC[C@H]3[C@H]([C@@H]1CC[C@]2(C)O)CC[C@@H]4[C@@]3(CC5=NON=C5C4)C,False,,4.610029886099158,,4.660030100046487
CC(=O)O[C@H]1CC[C@@]2([C@H]3CC[C@]4([C@H]([C@@H]3CC=C2C1)CCC4=O)C)C,False,,4.498865393540615,,
CC[N+]1=C2C=C(C=CC2=C3C=CC(=CC3=C1C4=CC=CC=C4)N)N.[Br-],False,4.995619491629378,4.555334524061648,5.805329492572934,4.455334264101679
CCCCC(CC)COP(=O)(OC1=CC=CC=C1)OC2=CC=CC=C2,False,4.548864726812244,5.348867421449518,,5.2488672255444015
CC1=C(C=CN=C1CS(=O)C2=NC3=CC=CC=C3[N-]2)OCCCOC.[Na+],False,4.655156977202173,4.6301566572133765,4.680157775281041,5.0801566546161165
C1=CC=NC(=C1)C2=CC=CC=N2,False,4.3988649544426,,,
C1=C(C(=CC(=C1Cl)Cl)Cl)OCC(=O)O,False,,4.423510549134905,4.19815672930734,
CC1=C2[C@H](C(=O)[C@@]3([C@H](C[C@@H]4[C@]([C@H]3[C@@H]([C@@](C2(C)C)(C[C@@H]1OC(=O)[C@@H]([C@H](C5=CC=CC=C5)NC(=O)OC(C)(C)C)O)O)OC(=O)C6=CC=CC=C6)(CO4)OC(=O)C)O)C)O,False,,,4.410030303250599,6.360015751958412
CC(C)(C)[C@@H](C(=O)N[C@@H](CC1=CC=CC=C1)[C@H](CN(CC2=CC=C(C=C2)C3=CC=CC=N3)NC(=O)[C@H](C(C)(C)C)NC(=O)OC)O)NC(=O)OC,False,,4.810029897405945,,6.26003230324049
C1=C(C=C(C(=C1Br)O)Br)Br,False,4.323334071073594,4.29833408188242,,
CC1=C(C=CC(=C1)OCCOCC[N+](C)(C)CC2=CC=CC=C2)C(C)(C)CC(C)(C)C.[Cl-],False,4.258604917699521,4.20135073546148,4.705689981761061,
CC1=C(C=CC(=C1)Cl)O,False,4.505139713647631,4.305139732437293,4.805140198850337,
C1=CC(=C(C=C1Cl)Cl)OCC(=O)O,False,,4.148687556858131,4.448510966075284,
CCCCOCCOC(=O)C1=CN=CC=C1,False,4.860029658404407,,,6.110026361596004
C1=CC(=CC=C1NC(=O)C2=C(C(=CC(=C2)Br)Br)O)Br,True,4.760030197409634,4.748865707419434,4.2995739657717,4.460029874171644
C1=CC=C(C=C1)NC(=O)C2=C(C=CC(=C2)Cl)O,True,4.948862919408721,4.748865707419434,4.448864857638396,4.448864857638396
CCCCCCCCCCCC(=O)OCC(CO)O,False,,4.3988649544426,4.098864931407043,
COC(=O)COC1=C(C=C(C=C1)Cl)Cl,False,4.798865170407076,,,
C1=CC(=C(C=C1Cl)Cl)OCCCC(=O)O,True,4.141128488296658,4.4411282997502255,4.141128488296658,
C1=CC(=CC(=C1)S(=O)(=O)NCCNS(=O)(=O)C2=CC=CC(=C2)[N+](=O)[O-])[N+](=O)[O-],False,,5.060031709448664,4.760030197409634,5.560036064079095
C1=CC(=C(C=C1[N+](=O)[O-])[N+](=O)[O-])O,False,,4.2979806511035665,,
CC(C)(C)C1=C(C(=CC(=C1)[N+](=O)[O-])[N+](=O)[O-])O,True,4.249928433425534,4.749929037413551,,
CCCOC(=O)CC1=CC(=C(C=C1)OCC(=O)N(CC)CC)OC,False,,,,5.510027465964983
CCCC(=O)C1=CC(=C(C=C1O)O)O,True,4.448864857638396,4.948862919408721,4.3988649544426,4.3988649544426
COC1=C(C(=NC=C1)CS(=O)C2=NC3=C([N-]2)C=CC(=C3)OC(F)F)OC.[Na+],False,4.446038128163577,4.4960378112983825,4.9460384926855,4.5460383409682175
C1=CC(=CC=C1[C@@H]2[C@H](C(=O)N2C3=CC=C(C=C3)F)CC[C@@H](C4=CC=C(C=C4)F)O)O,False,4.760030197409634,5.060031709448664,4.510030276850633,5.660032085297399
CC1=C(C(C(=C(N1)C)C(=O)OCCN2CCN(CC2)C(C3=CC=CC=C3)C4=CC=CC=C4)C5=CC(=CC=C5)[N+](=O)[O-])C(=O)OC.Cl.Cl,False,,6.160019442321658,5.460033632003287,
C1(=NC(=NN1)N)N,False,4.190779099856703,,,
COC(=O)C1=CC(=CC=C1)C(=O)OC,False,5.0035110040383435,,,
CCCC[Sn](CCCC)(CCCC)Cl,True,4.273333922147865,4.848334115018465,5.973323388665529,4.748334126027279
CCCC[Sn](CCCC)(CCCC)CCCC,False,,,4.898864942667959,
C1=CC=C2C(=C1)C=CC=C2NCCN.Cl.Cl,False,6.160019442321658,4.510030276850633,5.0092394892781975,4.354230161031145
C1=CC=C(C=C1)C(=O)C2=CC=CC(=C2N)CC(=O)N,False,4.860029658404407,,,
COC1=C(C(=CC=C1)OC)C(=O)O,False,4.198864633756791,,,
CC1=CC(=C(C=C1)NC2=C(C=CC=C2Cl)F)CC(=O)O,False,4.9100313379205005,4.810029897405945,,
C1CC2=C(C1)C=C(C=C2)O,False,4.348864512263225,,,
C1=CC=C2C(=C1)C(=NN=C2NC3=CC=C(C=C3)Cl)CC4=CC=NC=C4,False,5.660032085297399,6.360015751958412,6.510041520575165,6.7599502278873524
CC1=C2C(=CC=C1)SC(=N2)N,False,4.643226728424393,,4.393226442014475,
C1=CC(=CC(=C1)CN)CN,False,4.448864857638396,4.467910597748089,4.967910238513236,4.808160896889035
C1CCNC(C1)CCO,False,,,4.196037866904468,
CCOP(=O)(Cl)Cl,False,4.156358666385592,,4.3988649544426,
CC(C12CC3CC(C1)CC(C3)C2)N.Cl,False,,,4.760030197409634,
C1=CC=NC(=C1)C(=O)[O-].C1=CC=NC(=C1)C(=O)[O-].C1=CC=NC(=C1)C(=O)[O-].[Cr+3],False,4.397449532974095,,4.097449415869918,
C[C@]12CCC(=O)C=C1[C@H](C[C@@H]3[C@@H]2[C@H](C[C@]4([C@H]3C[C@@H]5[C@]4(OC(O5)(C)C)C(=O)CO)C)O)F,False,,4.198864633756791,,5.004447314428692
CC(C)CC1=CC=C(C=C1)CC(=O)O,False,,4.610029886099158,,
CCCCC(CC)COCCO,False,4.498865393540615,,,
COC1=CC=C(C=C1)N=[N+](C2=CC=C(C=C2)OC)[O-],True,5.253132372149571,4.803133252750761,4.700261778182397,
CC1(CC2=C(O1)C(=CC=C2)O)C,False,4.352638128738294,,,
C1C2=C(C=CC(=C2)Cl)NC1=O,False,5.310025555333226,4.460029874171644,,
CC(=C)C(=O)OCC(COC1=CC=C(C=C1)C(C)(C)C2=CC=C(C=C2)OCC(COC(=O)C(=C)C)O)O,False,4.198864633756791,5.4488672992713925,4.448864857638396,
CCOCC(C)O,False,4.198864633756791,,4.448864857638396,
C1CN(CCN1)C(C2=CC=C(C=C2)F)C3=CC=C(C=C3)F,False,,,5.660032085297399,
COC(=O)C1=CC=C(C=C1)C=O,False,4.435898268170944,4.1485104968726825,,
C1=CC=C(C=C1)P(=O)(O)O,False,,,4.898864942667959,
C[C@@H]1CCN([C@H](C1)C(=O)O)C(=O)[C@H](CCCN=C(N)N)NS(=O)(=O)C2=CC=CC3=C2NC[C@@H](C3)C,False,,,,5.060031709448664
C1=CC(=C(C=C1[N+](=O)[O-])[N+](=O)[O-])SC#N,False,4.898864942667959,5.048866560110487,4.548864726812244,4.498865393540615
CC(=O)[O-].CC(=O)[O-].[Hg+2],True,5.39886386639293,6.298863933907474,5.948847477552619,5.498858544712217
CC1=CN=C(C=C1)N,False,4.270122369730544,,4.212868381833796,
CCNC1=NC(=NC(=N1)OC)NC(C)C,False,4.548864726812244,,,
CC[C@@]12CCCN3[C@@H]1C4=C(CC3)C5=CC=CC=C5N4[C@](C2)(C(=O)OC)O,False,,,5.029447672946574,4.9794490834801355
CC1CCN(CC1)CCCC(=O)C2=CC=C(C=C2)F,False,,,6.609948503541013,
C1C2=CC=CC=C2C3=C1C=C(C=C3)N,True,5.901356274182943,4.801351159221622,4.351350230734114,4.8513510804904305
C1[C@H](C2=C(O1)C=C(C=C2)OCC3=CC=CC=C3)N(C(=O)N)O,True,5.648861041418151,4.848866210191896,4.448864857638396,5.59885804480627
CCOC1=C(C=CC(=C1)C(C)(C)C)C2COC(=N2)C3=C(C=CC=C3F)F,False,4.7153369525526125,4.965335453920046,5.265336158664428,7.165579296318468
CCCC(=O)OCOC(=O)C1=C(NC(=C(C1C2=C(C(=CC=C2)Cl)Cl)C(=O)OC)C)C,False,4.510030276850633,5.660032085297399,,5.360025701545049
C1CN(CCN1C[C@H](COC2=CC=CC3=C2C=CC=N3)O)C4C5=CC=CC=C5[C@H]6[C@H](C6(F)F)C7=CC=CC=C47.Cl.Cl.Cl,False,4.810029897405945,4.96003097313254,4.760030197409634,6.709965388637482
C(=O)([O-])[O-].[Sr+2],False,5.51317295688982,5.51317295688982,,
CCCCN(CCCC)C(=S)SSC(=S)N(CCCC)CCCC,False,4.403133615351843,5.553136768517484,4.753134738002962,5.253132372149571
CCOC(=O)CC(C(=O)OCC)SP(=O)(OC)OC,False,4.209715967793567,4.284715907046783,,
CCCCC1=CC=C(C=C1)O,False,4.1492190257964925,,,
CC1=C(N(C2=C1C=C(C=C2)O)CC3=CC=C(C=C3)OCCN4CCCCCC4)C5=CC=C(C=C5)O.CC(=O)O,False,,5.810032701648728,6.410050398674292,5.96003097313254
CC1=NC2=CC=CC=C2C1(C)C,True,4.19815672930734,4.398157210217902,4.122437468409416,4.19815672930734
C1CN(CCN1CCCC(=O)C2=CC=C(C=C2)F)C3=CC=CC=N3,False,,5.310025555333226,4.9100313379205005,
CC(C)(C)OC(=O)C=C,False,4.564690871861408,4.411819084203348,,
CC1=CC(=CC(=C1)OCC2CNC(=O)O2)C,False,4.560029756289291,,,
C1CN(CCN1C/C=C/C2=CC=CC=C2)C(C3=CC=CC=C3)C4=CC=CC=C4,False,,4.810029897405945,5.310025555333226,
CC\1=C(C2=C(/C1=C\C3=CC=C(C=C3)S(=O)C)C=CC(=C2)F)CC(=O)O,False,4.629447377522171,4.3988649544426,4.45444736590502,4.148864616843579
CC(C)/C=C/CCCCC(=O)NCC1=CC(=C(C=C1)O)OC,False,4.810327247952264,5.160327160876271,4.410327363658406,4.910327987168308
CCN(CC)CCOC1=CC=C(C=C1)/C(=C(/C2=CC=CC=C2)\Cl)/C3=CC=CC=C3,False,,,5.310025555333226,
CC(C)(C)C#C/C=C/CN(C)CC1=CC=CC2=CC=CC=C21,False,4.760030197409634,4.810029897405945,6.360015751958412,
CC/C=C\CC1=C(CCC1=O)C,False,4.448864857638396,,,
CC(=CCC/C(=C\COC(=O)C)/C)C,False,,,4.198864633756791,
CC(=CCC/C(=C/COC(=O)C)/C)C,False,4.445993253446242,4.423145748029465,,4.498865393540615
CC(C)C[C@@H](C(=O)O)NC(=O)OCC1C2=CC=CC=C2C3=CC=CC=C13,True,4.198864633756791,4.998863636444484,,
COC1=CC=CC2=C3C(=C(C=C21)[N+](=O)[O-])C(=CC4=C3OCO4)C(=O)[O-].[Na+],True,4.3988649544426,4.648864911118024,,4.598864942530007
CCO[Si](CCC1CCC2C(C1)O2)(OCC)OCC,False,4.148864616843579,,,
C=CCNC(=S)N,False,4.449176276598058,4.408519115269048,4.232799964332092,4.333114335195921
C/C(=C\C1=CC=CC=C1)/[N+](=O)[O-],False,4.898864942667959,4.498865393540615,,4.3988649544426
CC(=CCC/C(=C/CCC(=O)C)/C)C,False,4.3988649544426,4.448864857638396,,4.748865707419434
CC1=CC[C@@H](CC1)[C@@](C)(CCC=C(C)C)O,False,,4.760030197409634,,4.610029886099158
COC1=C(C=CC(=C1)/C=C/2\CCC/C(=C/C3=CC(=C(C=C3)O)OC)/C2=O)O,True,,4.560029756289291,,4.860029658404407
C1=CNC(=S)N=C1,False,4.44815614382721,4.798157883604771,4.44815614382721,
C1=CC=C(C=C1)/C=C/C#N,False,4.448864857638396,,,
C1=CC=C(C=C1)/C=C/C(=O)NCCO,False,4.860029658404407,4.860029658404407,,
CCCCCC/C(=C\C1=CC=CC=C1)/C=O,False,4.996395709467139,4.44639641768373,,
C1=CC=C(C=C1)/C=C/COC(=O)/C=C/C2=CC=CC=C2,True,4.598864942530007,4.548864726812244,,
CC(=CCC/C(=C\C#N)/C)C,False,4.3988649544426,,,
CC(=CCC/C(=C/C#N)/C)C,False,4.280632661440221,,,
COC(=O)C1=CC=C(C=C1)C(=O)O,False,,,4.205640239035108,
C1=C(C(=CC(=C1Br)Br)Br)OC2=CC(=C(C=C2Br)Br)Br,False,,4.759747870820555,,
C1=CC=C(C=C1)N=NC2=CC=C(C=C2)O,True,5.04287659588697,4.4428767348995235,4.24287662971454,4.6928763741278186
CN1CCOC(C2=CC=CC=C2C1)C3=CC=CC=C3.Cl,False,,,5.360025701545049,
C1=C(C=C(C(=C1I)O)I)C#N,False,4.3988649544426,4.648864911118024,,
C1=C(C=C(C(=C1Br)O)Br)C#N,False,,4.757143578475564,,
CCCCCCCC(=O)OC1=C(C=C(C=C1Br)C#N)Br,False,4.900284837648976,4.450283314699821,,
C1=CC(=NC(=C1Cl)C(=O)O)Cl,False,4.449219037810705,,,
CCCOC(=O)NCCCN(C)C.Cl,False,,4.412158878363016,,
CC1=CN=C(C(=C1OC)C)CSC2=NC3=C(N2)C=C(C=C3)OC,True,4.760030197409634,4.860029658404407,4.560029756289291,5.26003230324049
CC(C)COC(=O)COC1=C(C=C(C=C1)Cl)Cl,True,4.3992187150696465,4.3992187150696465,,
C[C@H]1/C=C\C=C(/C(=O)NC2=CC(=C3C(=C2O)C(=C(C4=C3C(=O)[C@](O4)(OC=C[C@@H]([C@H]([C@H]([C@@H]([C@@H]([C@@H]([C@H]1O)C)O)C)OC(=O)C)C)OC)C)C)O)[O-])\C.[Na+],False,4.145686062007395,5.445680472081217,4.39568644863326,5.895683635488273
C1C(C2(C(=C(C1(C2(Cl)Cl)Cl)Cl)Cl)Cl)CBr,False,4.3988649544426,4.448864857638396,,5.704440554777953
C1=CC(=CC=C1N=NC2=CC(=C(C=C2)O)C(=O)O)[N+](=O)[O-],True,,4.456718119372389,4.156718000496164,
C1CCCCCC(CCCCC1)O,False,4.471747536685357,,,4.094630530937389
CCCCCCCCCC,False,,4.498865393540615,,
COC(=O)CCCCCCCC(=O)OC,False,4.448864857638396,,4.223145605354553,
C=CCC1=CC=CC=C1O,False,4.498865393540615,4.448864857638396,,
C1=C2C(=CC(=C1Cl)Cl)OC3=CC(=C(C=C3O2)Cl)Cl,False,6.709965388637482,,,
CN(C(=O)NC1=CC=C(C=C1)Cl)OC,False,5.148864004988426,4.198864633756791,,
COC1=CC2=C(C=C1)N=C(S2)N,True,4.623687959396818,4.3108281426625545,4.7236867241881875,4.323687799916038
C1CN(CCC1CC2=CC=C(C=C2)F)CCS(=O)C3=CC4=C(C=C3)NC(=O)O4,False,,,4.498865393540615,4.748865707419434
C[C@@H](C1=CC2=C(C=C1)C=C(C=C2)OC)C(=O)O,False,,4.198864633756791,,
C=CC(=O)NC1=C(C=C2C(=C1)C(=NC=N2)NC3=CC(=C(C=C3)F)Cl)OCCCN4CCOCC4,False,,,4.860029658404407,4.9100313379205005
C[C@H](C1=CC=CC2=CC=CC=C21)NCCCC3=CC(=CC=C3)C(F)(F)F.Cl,False,4.510030276850633,,7.259637310505756,6.410050398674292
CC1=CC=C(C=C1)N2C(=CC(=N2)C(C)(C)C)NC(=O)NC3=CC=C(C4=CC=CC=C43)OCCN5CCOCC5,False,4.840601263886122,5.160031997995545,4.810029897405945,5.610036963564112
C1CC(CCC1CC2CCC(CC2)N)N,False,,,4.456359014986922,4.656359056801708
C(#N)[S-].[NH4+],False,4.531714716088684,,,
C(CC#N)CC(CCC#N)C#N,False,,4.448864857638396,,
C1=CC(=C(C=C1Cl)Cl)CO,False,4.479447567244515,,,
C1CNCCC1C(C2=CC=CC=C2)(C3=CC=CC=C3)O,False,,,5.060031709448664,
CCCCCCCCC1=CC=C(C=C1)O,False,4.5460383409682175,4.646037631346469,4.5460383409682175,4.196037866904468
C1C2C3=CC=CC=C3CC4=CC=CC=C4N2C(=N1)N.Cl,False,,,5.96003097313254,
C1=C(C=C(C(=C1[N+](=O)[O-])N)Br)[N+](=O)[O-],False,5.693918254342023,,,
CSC1=C(C(=C(C(=C1Cl)Cl)Cl)Cl)Cl,False,4.701349932773607,,,
COC1=C(C(=C(C(=C1Cl)Cl)Cl)Cl)Cl,False,5.222804987922821,,,
CN1CCC[C@@H]1C2=CN=CC=C2,False,,,4.410030303250599,
C1=CC(=CC=C1[N+](=O)[O-])OC2=C(C=C(C=C2)Cl)Cl,False,4.672628180930088,4.672628632728701,4.347627528971375,
CC1=C(C(C(=C(N1)C)C(=O)OC(C)(C)CN(C)CCC(C2=CC=CC=C2)C3=CC=CC=C3)C4=CC(=CC=C4)[N+](=O)[O-])C(=O)OC.Cl,False,,5.560036064079095,5.360025701545049,6.26003230324049
CCCCCCCCOC1=CC(=C(C=C1)C(=O)C2=CC=CC=C2)O,False,4.423145748029465,4.629447312055744,,
CC(C)(C)[C@H]([C@@H](CC1=CC=C(C=C1)Cl)N2C=NC=N2)O,False,,4.975284735747597,4.300285518319129,6.850321324605752
C(CCCCC(=O)O)CCCCC(=O)O,False,,,4.173145464019715,
CCCCOCNC(=O)C=C,False,4.285343384812439,,4.435343402760781,
[Cl-].[Cl-].[Ni+2],False,,,4.3988649544426,
CCC1=CC=CC(=C1N(C(C)COC)C(=O)C(=O)O)C,False,,4.148864616843579,,
C1=CC(=C(C(=C1C2=CC(=C(C(=C2)Br)Br)Br)Br)Br)Br,False,4.705375075920032,,,
CC1=CC(=C(C(=C1)C(C)(C)C)O)C,False,4.498865393540615,4.448864857638396,,
C(CSSCCO)O,False,4.448864857638396,,,
C(#N)C1=C(C(=C(C(=C1Cl)Cl)Cl)C#N)Cl,False,6.002982740749826,5.227971262322377,4.45707752093567,5.927971045409041
CC[N+]1=CC=CC=C1.[Br-],False,,5.0024214151086746,,
CC1=NC(=C(O1)C2=CC(=C(C=C2)S(=O)(=O)N)F)C3CCCCC3,False,,5.460033632003287,4.860029658404407,4.810029897405945
C1(=C(C(=NC(=C1Cl)Cl)C(=O)O)Cl)N,False,4.3534296464642726,4.185227837682019,,
CC1=CC(=C(C(=C1)C(C)(C)C)OC(=O)NC)C(C)(C)C,False,,5.19886394724405,,5.548858579207237
O.O.O.O.O.O.O.O.O=[Zr].Cl.Cl,True,4.450638654031714,,4.5506388684396155,
COC(=O)NC1=CC(=C(C=C1)Cl)Cl,False,5.25099843329558,4.15099480698867,,
C=CC(=O)[O-].C=CC(=O)[O-].[Zn+2],True,4.208880132057619,4.208880132057619,4.458880252983547,4.183161044829571
CC1=CC2=C(C=C1C(F)(F)F)N(CC2)C(=O)NC3=CN=C(C=C3)OC4=C(N=CC=C4)C.Cl,False,4.192057927107545,4.9420563709711605,4.642057533864944,4.6920570613301456
CN1CC[C@]23[C@@H]4[C@H]1CC5=C2C(=C(C=C5)OC)O[C@H]3[C@H](C=C4)O.Cl,False,,,4.60563939046812,
CN.[N+](=O)(O)[O-],False,4.381444650664035,,4.231444770341704,
CN1CCN(CC1)C2=NN=C3C(=C2)N(C4=CC=CC=C4O3)C,False,,,5.040414886961073,
CCCCC(CC)COC(=O)COC1=CC(=C(C=C1Cl)Cl)Cl,False,4.748865707419434,5.048866560110487,4.448864857638396,5.19886394724405
CCCCOCCOC(=O)COC1=C(C=C(C=C1)Cl)Cl,False,4.348864512263225,4.448864857638396,,
C1=CC(=NC(=C1)Cl)C(Cl)(Cl)Cl,False,4.900642448056368,,,
C1=CC(=CC=C1N=NC2=C(NN(C2=O)C3=CC=C(C=C3)S(=O)(=O)[O-])C(=O)[O-])S(=O)(=O)[O-].[Na+].[Na+].[Na+],False,,4.57838291289072,,
C1CC2C3CC(C2C1CO)CC3CO,False,4.348864512263225,,,
C1=CC=C(C=C1)N=NC2=C(C=CC3=CC(=CC(=C32)S(=O)(=O)[O-])S(=O)(=O)[O-])O.[Na+].[Na+],False,,4.247096104879467,,
C1=C(C(=CC(=C1O)O)O)CCN.Cl,False,,4.510030276850633,,
C[N+]1(CC(CC(=C(C2=CC=CS2)C3=CC=CS3)C1)OC)C.[Br-],False,,,6.510041520575165,
CC(C)(C)C1=CC=C(C=C1)OC2CCCCC2O,True,4.448864857638396,4.448864857638396,,
C1=CSC(=C1)/C=C/S(=O)(=O)NC(=O)C2=C(C=C(C=C2)F)Br,False,,5.19886394724405,,
CC(C)(C)C1=C(C=CC(=C1)O)O,True,4.173864625300185,4.498865393540615,4.198864633756791,4.3988649544426
CCC1=C[C@H]2C[C@@](C3=C(CN(C2)C1)C4=CC=CC=C4N3)(C5=C(C=C6C(=C5)[C@]78CCN9[C@H]7[C@@](C=CC9)([C@H]([C@@]([C@@H]8N6C)(C(=O)OC)O)OC(=O)C)CC)OC)C(=O)OC.C(C(C(=O)O)O)(C(=O)O)O.C(C(C(=O)O)O)(C(=O)O)O,False,,,,6.110026361596004
C[C@@H]1C[C@H]2[C@@H]3CCC4=CC(=O)C=C[C@@]4([C@H]3[C@H](C[C@@]2([C@@]1(C)C(=O)OC)C)O)C,False,,4.860029658404407,,
CC(CC1=CC=CC=C1)NCC2=CC=CC=C2Cl.Cl,False,4.810029897405945,,6.809948582240794,6.609948503541013
C[C@@H]1C[C@@H]2[C@H](O[C@]3([C@H]1[C@]4(CC[C@@]56C[C@@]57CC[C@@H](C([C@@H]7CC[C@H]6[C@@]4([C@H]3O)C)(C)C)O[C@H]8[C@@H]([C@H]([C@@H](CO8)O)O)O)C)O2)C(C)(C)O,False,4.304185725288981,,,
CC1=C(C(=CC=C1)[N+](=O)[O-])C(=O)O,False,4.19815672930734,,4.14815666541292,
C1CCN(CC1)CCOC(C2=CC=CC=C2)C3=CC=C(C=C3)Cl.Cl,False,4.610029886099158,,6.7599502278873524,5.410028070483141
CN(C)C(=O)NC1=CC=C(C=C1)OC2=CC=C(C=C2)Cl,True,4.948862919408721,4.448864857638396,4.548864726812244,4.198864633756791
CC1CCCCC1NC(=O)NC2=CC=CC=C2,True,4.448864857638396,4.448864857638396,4.198864633756791,4.948862919408721
COC1=C(C=CC(=C1)Cl)Cl,False,4.390082391095816,,,
C1=C(C=C(C(=C1O)O)O)C(=O)OC2=CC(=CC(=C2O)O)C(=O)OC[C@@H]3[C@H]([C@@H]([C@H]([C@@H](O3)OC(=O)C4=CC(=C(C(=C4)OC(=O)C5=CC(=C(C(=C5)O)O)O)O)O)OC(=O)C6=CC(=C(C(=C6)OC(=O)C7=CC(=C(C(=C7)O)O)O)O)O)OC(=O)C8=CC(=C(C(=C8)OC(=O)C9=CC(=C(C(=C9)O)O)O)O)O)OC(=O)C1=CC(=C(C(=C1)OC(=O)C1=CC(=C(C(=C1)O)O)O)O)O,False,4.691933122499212,4.867653844512025,,
CC(=C)C(=O)OCC(C)(C)COC(=O)C(=C)C,False,,,4.323460020646004,
CCC(=O)O[C@H]1CCC2C3CCC4([C@H](CCC4C3CCC2=C1)OC(=O)CC)C,False,,4.810029897405945,,
CCCCCCCC1=CC=C(C=C1)O,False,4.248864914695038,4.448864857638396,4.248864914695038,
CNC.C1=CC(=C(C=C1Cl)Cl)OCC(=O)O,False,4.500284056998402,4.40028391242597,4.3502835971954505,
C1CN(CCN1CC2=CC3=C(C=C2)OCO3)C(=O)COC4=CC=C(C=C4)Cl.Cl,False,4.679447312109095,4.704447192608326,5.654449203924548,5.554447754138165
C1=CC(=C(C(=C1)Cl)C(=O)N)Cl,False,4.448864857638396,,4.448864857638396,4.498865393540615
CCO[Si](CCCSSSSCCC[Si](OCC)(OCC)OCC)(OCC)OCC,False,4.14815666541292,4.948157015931995,4.44815614382721,5.548152184434352
CC(=O)CC(C1=CC=CC=C1)C2=C(C3=CC=CC=C3OC2=O)[O-].[Na+],False,,4.748865707419434,,
CCCCCCCC[N+](C)(CCCCCCCC)CCCCCCCC.C(F)(F)(F)S(=O)(=O)[N-]S(=O)(=O)C(F)(F)F,False,4.44815614382721,5.29815581206846,6.698102282804792,5.598151608604482
CCN1C=C[N+](=C1)C.[N+](=O)([O-])[O-],False,4.099573876854957,,,
CCN1C=C[N+](=C1)C.C(#N)[S-],False,4.3502835971954505,,,
CC[S+](CC)CC.C(F)(F)(F)S(=O)(=O)[N-]S(=O)(=O)C(F)(F)F,False,4.397803227452149,4.997803689930005,4.197803209322238,
COC1=CC2=C(C=CN=C2C=C1)[C@H]([C@@H]3C[C@@H]4CCN3C[C@@H]4C=C)O.O.O.Cl,False,4.348864512263225,4.198864633756791,5.698861444284984,4.448864857638396
CCCCCCCCCCCCN1C=C[N+](=C1)C.[I-],False,4.444981771347469,,5.044981280057852,
[NH4+].[NH4+].Cl[Pt-2](Cl)(Cl)Cl,False,4.4467433912537,5.146746041938168,4.4467433912537,
COC1=C(C2=C[N+]3=C(C=C2C=C1)C4=CC(=C(C=C4CC3)OC)OC)OC.O.[Cl-],False,4.444631028601807,,4.794630505582803,
C(C(=O)[O-])F.[Na+],False,4.198864633756791,,,
CCCCCCCCCCCCCC[P+](CCCCCC)(CCCCCC)CCCCCC.F[P-](F)(F)(F)(F)F,False,4.499928269874536,4.69992868099849,6.5499049241283975,5.649926510048313
CCCCCCCCN1C=C[N+](=C1)C.C(F)(F)(F)S(=O)(=O)[O-],False,,,5.495338878005506,
CC(C)CCCCCCCOP(OCCCCCCCC(C)C)OC1=CC=CC=C1,False,4.348864512263225,4.598864942530007,,4.748865707419434
CCCCCCCCCCCCCC[P+](CCCCCC)(CCCCCC)CCCCCC.C(=[N-])=NC#N,False,4.498510766258819,4.59850985214165,6.448550002027125,5.048511913024361
CC1=CC=C(C=C1)S(=O)(=O)[O-].CC(C)C[P+](C)(CC(C)C)CC(C)C,False,4.146038493387563,,5.796042908318756,
CCCC[P+](C)(CCCC)CCCC.COS(=O)(=O)[O-],False,,,6.642827742276967,
CCCCCCCCCCCCCC[P+](CCCCCC)(CCCCCC)CCCCCC.[Br-],False,4.195333870479099,4.445334008513515,6.445389714773836,4.995334766752123
CCN(CC)CCC1=C(C2=C(C(=C(C=C2)OCC(=O)OCC)Cl)OC1=O)C.Cl,False,,,4.760030197409634,
CCN[C@H](C)CC1=CC(=CC=C1)C(F)(F)F.Cl,False,4.400638831248489,,5.650644753404797,
C(CC(=O)O)C(C(=O)O)N.O,False,,,4.508876532982031,
C[C@@H]1CC[C@@H]2[C@@]13C[C@H](C2(C)C)C(=C(C3)C(=O)C)C,False,4.3988649544426,,,4.84840693520278
CC1=C(N(C(=C1)CC(=O)[O-])C)C(=O)C2=CC=C(C=C2)Cl.[Na+],False,,4.449219037810705,,
CCCCCCCCCCCCCCCCN(C)C,False,,,5.846612020668192,
C1(=C(N=C(C(=N1)Cl)N)N)C(=O)N=C(N)N.Cl,False,4.242907723586889,,,
CCCCC/C(=C\C1=CC=CC=C1)/C=O,False,4.798157883604771,4.423511033928149,4.19815672930734,
CC(=C[C@@H]1[C@H](C1(C)C)C(=O)OCC2=COC(=C2)CC3=CC=CC=C3)C,False,4.479447567244515,5.429446721140264,,5.160031997995545
CCO[Si](C)(OCC)OCC,False,4.3988649544426,,,4.548864726812244
CC1=C(C=CC(=C1)OC)NC2=CC=CC=C2,False,4.948862919408721,,4.3988649544426,4.198864633756791
CC1=C(C=CC(=C1)OC(=O)NC)N(C)C,False,4.948862919408721,,4.198864633756791,
CC1=CC(=CC(=C1SC)C)OC(=O)NC,False,5.2488672255444015,,,
CC(=O)CC(=O)N(C)C,False,4.450994284340003,,,
C1=CC(=CC=C1OC2=CC=C(C=C2)Br)Br,False,4.698687841082801,4.573687838688421,,
CCCCCNCCCCC,False,,,4.4186039670000685,
C1=CC=C(C=C1)C2=CC=C(C=C2)Cl,False,4.648864911118024,,,
C[C@]12CCCC([C@@H]1CC[C@@]([C@@H]2CC[C@](C)(C=C)O)(C)O)(C)C,False,4.448864857638396,5.298863933907473,4.198864633756791,5.229361507616468
C1=CC=C(C=C1)C2=CC=CC=C2Br,False,4.8727882616839535,4.472787841256883,4.24738349770797,
CN1CCN(CC1)C2=NC3=CC=CC=C3SC4=C2C=C(C=C4)Cl,False,,4.560029756289291,4.810029897405945,5.360025701545049
C1CN(CCC1N2C3=CC=CC=C3NC2=O)CCCC(C4=CC=C(C=C4)F)C5=CC=C(C=C5)F,False,,4.754447841785994,5.479443324845189,
C1CN(CCC1N2C3=CC=CC=C3NC2=O)CCCC(=O)C4=CC=C(C=C4)F,False,,,5.060031709448664,
C1=CC(=NC=C1Cl)C(=O)NCCN.Cl,False,4.810029897405945,,4.650686525706936,
C1CNCCN(C1)S(=O)(=O)C2=CC=CC3=C2C=CN=C3.Cl,False,,4.610029886099158,6.010016541698601,5.110031956768376
CC(=C)C(=O)OCCCCOC(=O)C(=C)C,False,4.498865393540615,4.3988649544426,,
C(CCCN)CCN,False,4.194981959547696,,4.471923272394937,4.479364523525639
CC1=NC2=C(CC3=C(O2)C=CC(=C3)C(C)C(=O)OCC(=O)N(C)C)C=C1,True,,4.760030197409634,4.522170573796371,
C1=CC(=CC=C1C2=CSC(=N2)N)[N+](=O)[O-],False,5.2942816468068985,4.994279101454132,,5.2942816468068985
CCOP(=S)(C1=CC=CC=C1)OC2=CC=C(C=C2)[N+](=O)[O-],False,5.2488672255444015,6.248874928464416,4.498865393540615,5.798876102792621
COP(=S)(OC)OC1=CC(=C(C=C1Cl)Br)Cl,False,4.898864942667959,5.2488672255444015,,4.923144828412804
CC1(CC(CC(N1)(C)C)OC(=O)CCCCCCCCC(=O)OC2CC(NC(C2)(C)C)(C)C)C,False,,,,5.362970826727888
CC(COC(C)(C)C)OCCCO,False,,,4.198864633756791,
C1=CN(C(=N1)[N+](=O)[O-])CO[C@@H](CO)[C@@H](CO)O,False,,,4.460029874171644,
C1=CC=C(C=C1)C2=CC(=CC=C2)Br,False,4.895687051109111,,,
CC1=CC(=C(C(=C1)C)C(=O)P(=O)(C2=CC=CC=C2)C(=O)C3=C(C=C(C=C3C)C)C)C,False,4.148864616843579,4.448864857638396,,4.929363773817162
C1=C(OC(=C1)[N+](=O)[O-])C2=NNC(=O)O2,False,4.448864857638396,,4.448864857638396,
C[C@@H]1C[C@H]2[C@@H]3C[C@@H](C4=CC(=O)C=C[C@@]4([C@]3([C@H](C[C@@]2([C@]1(C(=O)CO)O)C)O)F)C)F,False,,,,4.860029658404407
CNN.OS(=O)(=O)O,False,,,4.1935771604604275,
CCCCC(=O)O[C@@]1([C@H](C[C@@H]2[C@@]1(C[C@@H]([C@]3([C@H]2CCC4=CC(=O)C=C[C@@]43C)F)O)C)C)C(=O)CO,False,,4.448864857638396,4.448864857638396,5.748873015022128
CCOC1=CC2=C(C3=C(C=C(C=C3)N)N=C2C=C1)N.CC(C(=O)O)O.O,False,5.96003097313254,,4.810029897405945,
C(CCCCl)CCCl,False,4.3988649544426,,,
CC(=C)C(=O)NC1=CC(=C(C=C1)Cl)Cl,False,5.422280943238409,4.322283718701146,,
CN(C)C(=O)NC1=CC=CC(=C1)C(F)(F)F,False,5.519642569303782,,,
CC(=O)OC[C@@H]1[C@H]([C@H]([C@@H](O1)N2C(=O)NC(=O)C=N2)OC(=O)C)OC(=O)C,False,,,5.360025701545049,
CC(C)CCCCCOC(=O)C=C,False,4.276864625344036,,,
C1(=C(C(=NC(=C1Cl)Cl)Cl)Cl)Cl,False,,4.146390602618825,,
C=CCSSCC=C,False,4.498865393540615,,,
CCCSSCC=C,False,,,4.200283913762908,
[Cl-].[Cl-].[Cl-].[Fe+3],True,4.373145559845744,,,
C=CC(=O)OCCCl,False,4.38903763905291,,4.239037999663632,
CC1=CC(=C(C(=C1)C)C(=O)P(=O)(C2=CC=CC=C2)C3=CC=CC=C3)C,False,,4.848866210191896,4.148864616843579,5.298863933907473
CCSC(=O)N1CCCCCC1,False,4.411414593693683,4.411414593693683,4.411414593693683,4.511414033754647
CCOC(=O)C1=CC=C(C=C1)C2CCC(CC2)NC[C@@H](COC3=CC(=C(C=C3)O)NS(=O)(=O)C)O.Cl,False,,5.233661524748713,4.233657805853161,
CC(C)C(=O)NC1=CC=CC(=C1)C2CN3CCSC3=N2,False,,4.560029756289291,,4.560029756289291
CCCN[C@H]1CCC2=C(C1)SC(=N2)N.O.Cl.Cl,False,4.417583206112351,,4.917584475810947,
C1=CC=C2C(=C1)N=C(C(=N2)Cl)Cl,False,5.293580951166232,,4.343577875693965,
CCOC(=O)[CH-]C(=O)C(=O)OCC.[Na+],False,4.3988649544426,4.448864857638396,,4.148864616843579
CCC(C(C[C@H](C)NC)(C1=CC=CC=C1)C2=CC=CC=C2)OC(=O)C.Cl,False,,,4.845055915492519,7.244887733604929
COC1=CC=CC=C1OCCNCC(COC2=CC=CC3=C2C4=CC=CC=C4N3)O.C(C(C(=O)O)O)(C(=O)O)O,False,4.96003097313254,4.860029658404407,5.710032208313266,6.160019442321658
CC1=C(C(=CC=C1)C(C)(C)C)O,False,4.348864512263225,4.248864914695038,,4.423145748029465
CC(=O)O[Hg]C1=CC=CC=C1,True,4.648864911118024,5.452422186594198,6.248874928464416,5.098863295458348
CCCC[Sn](CCCC)(CCCC)O[Sn](CCCC)(CCCC)CCCC,False,,5.658466558559593,6.808548985535104,
CC(=O)O[Sn](C1=CC=CC=C1)(C2=CC=CC=C2)C3=CC=CC=C3,True,4.3988649544426,5.8488754099493185,6.198870812420296,5.148864004988426
CCCC[Sn](CCCC)(CCCC)OC(=O)C(=C)C,True,4.445993253446242,4.798865170407076,5.648861041418151,4.648864911118024
CCCC[Sn](CCCC)(CCCC)OC(=O)C1=CC=CC=C1,True,4.448864857638396,5.048866560110487,5.998872299722965,4.648864911118024
CC1=C2C(=C(C=C1)[N+](=O)[O-])[Hg]O2,True,5.360025701545049,6.060031709448664,6.110026361596004,5.110031956768376
CC(=O)O[Pb](C1=CC=CC=C1)(C2=CC=CC=C2)C3=CC=CC=C3,True,4.3988649544426,5.39886386639293,4.648864911118024,4.998863636444484
CC(C(=O)O[Hg]C1=CC=CC=C1)O,True,4.748865707419434,5.648861041418151,6.298863933907474,5.098863295458348
CCCC[Sn](CCCC)(CCCC)OC(=O)C=C,True,4.287452150687937,4.898864942667959,5.898871824161243,4.598864942530007
C1(C(=O)NC(=N1)O[Al])NC(=O)N.O.O,False,4.810029897405945,,,
CC[Hg]SC1=CC=CC=C1C(=O)[O-].[Na+],True,4.329447446847106,4.879446408407333,4.048864616049475,
C1=CC(=CC=C1SC2=CC(=C(C=C2Cl)Cl)Cl)Cl,False,5.329412522211775,,,
CCCCCCCCCCCCOS(=O)(=O)[O-].[NH4+],True,,4.098510619757837,,
C1=CC=C2C(=C1)C(=CC=C2N)N,False,5.749214173312966,5.499214827082544,5.249221701346889,5.449221481435743
C1=CC2=C(C=CC=C2N)C(=C1)N,True,5.8488754099493185,5.148864004988426,5.698861444284984,5.648861041418151
CC1([C@@H]([C@@H]1C(=O)OCC2=COC(=C2)CC3=CC=CC=C3)/C=C/4\CCSC4=O)C,False,4.448864857638396,6.398918272215977,4.448864857638396,5.748873015022128
CC1=CC[C@@H](CC1=O)C(=C)C,False,,,4.44077945582353,
CCC[N+]1(CCCCC1)C.C(F)(F)(F)S(=O)(=O)[N-]S(=O)(=O)C(F)(F)F,False,4.199573693981921,5.09957278444,,
CC1=C2CCC3=C2C(=CC4=C3C=CC5=CC=CC=C54)C=C1,True,6.447818661160664,5.247774795711141,,5.097779471720686
C1=CC=C(C=C1)CCN=C=S,True,4.997803689930005,4.847803417665791,4.947802568430972,4.747802544635124
C[C@@H]1C[C@H]2[C@@H]3CCC4=CC(=O)C=C[C@@]4([C@]3([C@H](C[C@@]2([C@]1(C(=O)COC(=O)C5=CC=NC=C5)O)C)O)F)C,False,,5.110031956768376,5.010029874726081,6.110026361596004
COC(=O)C(C1=CC=CC=C1Cl)N2CCC3=C(C2)C=CS3.OS(=O)(=O)O,False,4.810029897405945,4.860029658404407,4.810029897405945,
CC[C@H](C)C(=O)O[C@H]1C[C@@H](C=C2[C@H]1[C@H]([C@H](C=C2)C)CC[C@H](C[C@H](CC(=O)[O-])O)O)O.[Na+],False,,4.148864616843579,,
CC1=NC(=NC(=N1)OC)NC(=O)[N-]S(=O)(=O)C2=C(C=CC(=C2)I)C(=O)OC.[Na+],False,4.467621492917371,4.467621492917371,,
CN1C(=CC(=O)N(C1=O)C)NCCCN2CCN(CC2)C3=CC=CC=C3OC.Cl,False,,,4.810029897405945,
CC[N+]1(CCCCC1)CCOC(=O)C(C2=CC=CC=C2)(C3=CC=CC=C3)O.[Br-],False,,,6.110026361596004,
CCCCCCCCC1CCC(=O)O1,False,4.448864857638396,4.348864512263225,4.148864616843579,
C1CCOC(C1)N2C=NC3=C(N=CN=C32)NCC4=CC=CC=C4,True,4.498865393540615,4.448864857638396,,
CC1=CC(=CC(=C1OCCCC2=CC(=NO2)C)C)C3=NOC(=N3)C(F)(F)F,False,4.810029897405945,5.010029874726081,4.410030303250599,
CCCOC(=O)C1=CC=CC=C1,False,4.448864857638396,4.189521160343244,,
C1=CC=C2C(=C1)C(=O)OC23C4=C(C=C(C=C4)O)OC5=C3C=CC(=C5)O,False,,4.948862919408721,,
C1=CC(=C(C=C1NC(=O)N)Cl)Cl,False,5.049927370249843,4.149928712537672,4.54992803370822,
CCCCCCOC(=O)C(C)C,False,4.3988649544426,,4.198864633756791,
CCN(CC1=CC(=CC=C1)S(=O)(=O)[O-])C2=CC=C(C=C2)C(=C3C=CC(=[N+](CC)CC4=CC(=CC=C4)S(=O)(=O)[O-])C=C3)C5=C(C=C(C=C5)O)S(=O)(=O)[O-].[Na+].[Na+],True,4.7153369525526125,5.215339921841066,4.7153369525526125,4.76533595177861
C[N+]1(CCCCC1)CC2COC(O2)(C3CCCCC3)C4=CC=CC=C4.[I-],False,,,5.810032701648728,5.310025555333226
CC(=C)C(=O)OCCOCCOC(=O)C(=C)C,False,4.748865707419434,,,
COC(=O)CS,False,4.215787952643444,,,
CC1(CC(CC(C1)(C)CN=C=O)N=C=O)C,False,4.4025719434499395,,4.470870922001952,5.570874134905616
CC1=C2C=CC3=CC=CC4=C3C2=C(C=C1)C=C4,True,5.999218972646505,4.1992190191615695,4.1992190191615695,4.499218939739157
C1CC2C(O2)CC1COC(=O)C3CCC4C(C3)O4,False,4.198864633756791,4.3988649544426,4.578830584904186,4.263847747530807
[Cl-].[Cl-].[Cu+2],True,4.3883435933613795,4.838344560007975,4.3883435933613795,4.63834392291184
CCN1CCC2=C(CC1)OC(=N2)N.Cl.Cl,False,,,4.860029658404407,
CC(C)CCCCCCCOC(=O)C1=CC(=C(C=C1)C(=O)OCCCCCCCC(C)C)C(=O)OCCCCCCCC(C)C,False,,4.355416669826971,,4.3360438485260815
CCCCCC(=O)O[C@@]1(CC[C@@H]2[C@@]1(CC[C@H]3[C@H]2CCC4=CC(=O)CC[C@]34C)C)C(=O)C,False,,4.955868404091625,4.551706533302407,5.580874068948495
C1=C(C(=NC(=C1Cl)Cl)Cl)Cl,False,4.144577465916189,,,
CC1=CC(=C(C=C1)O)C(C)(C)C,False,4.174219178980125,4.274219339323029,,4.256118813664984
CC1=C(C(=C(C=C1)C)O)C,False,4.54975179762593,4.150638946525531,,
C=CC1=CC=CC(=C1)CCl,False,4.037451679064692,,,
C=CC(=O)OCCN1C(=O)N(C(=O)N(C1=O)CCOC(=O)C=C)CCOC(=O)C=C,False,4.198864633756791,4.448864857638396,,6.648783654660658
CCOC(C1=CC=CC=C1)(C2=CC=CC=C2)C(=O)OCCN(C)C,False,,5.010029874726081,5.460033632003287,5.96003097313254
CC1=C(N=C(O1)C2=CC=CC=C2)CCOC3=CC=C(C=C3)C[C@@H](C(=O)O)NC4=CC=CC=C4C(=O)C5=CC=CC=C5,False,,4.648864911118024,,
C1C=CCC2C1C(=O)N(C2=O)SC(C(Cl)Cl)(Cl)Cl,False,4.572275351482609,5.222274490285576,4.448864857638396,4.847274896081606
CCCCOCC1CO1,False,4.196037866904468,,,
CC1=NC2=C(C1(C)C)C3=CC=CC=C3C=C2,False,4.548864726812244,4.3988649544426,4.198864633756791,
CC(CCC=C(C)C)C=C,False,4.409965557654315,,,
CCCCCCCCCCCC#N,False,4.193927934456267,4.168208904747747,4.443927977729064,
CC1=CCC(CC1)C(C)(C)O,False,,,4.348864512263225,
COC(=O)C1=C(C=CC(=C1)Cl)[N+](=O)[O-],False,5.148864004988426,,4.198864633756791,
CC1=CC2=C(C=C1)N=C3C(=N2)SC(=O)S3,False,5.071266266998158,5.171262787887482,,
CCCCCCCCCCCCN=C(N)N.CC(=O)O,False,5.6580118309518115,,5.608006927740287,
CC1=CC(=C(C=C1)O)N2N=C3C=CC=CC3=N2,True,5.660032085297399,5.099190607891901,4.502063238149031,4.540650491425484
CCCCCCCCCCCCC1=CC=CC=C1O,False,4.451714540192999,5.1017148494046785,,4.341964377999544
C[C@@H](CCCC(C)(C)OC)C/C=C/C(=C/C(=O)OC(C)C)/C,False,4.3988649544426,4.648864911118024,4.3988649544426,4.698865786166042
CCO/C=C\1/C(=O)OC(=N1)C2=CC=CC=C2,False,4.40028391242597,4.200283913762908,,
C(CO)N.C(=O)O,False,4.249219388610621,,,
C1C(O1)CN2C(=O)N(C(=O)N(C2=O)CC3CO3)CC4CO4,False,4.273459830462956,,,
COC(=O)C1=CC(=C(C=C1)C(=O)OC)C(=O)OC,False,5.098863295458348,,,
CC(C)(C)C1=CC(=O)C(=CC1=O)C(C)(C)C,False,4.810029897405945,4.710029980825098,,
CCCCC(CC)COCC1CO1,False,4.3988649544426,,,
CCCCCCCCCCCCOCC1CO1,False,4.1584136791828525,,4.197803209322238,
C1=CC=C2C=C3C(=CC2=C1)C(=NC3=N)N,False,6.248874928464416,4.248864914695038,4.648864911118024,
COP(=S)(OC)OC1=C(C=C(C=C1)[N+](=O)[O-])Cl,True,4.648864911118024,4.698865786166042,,5.19886394724405
CN(C)C1=CC=C(C=C1)C(=N)C2=CC=C(C=C2)N(C)C.Cl,True,4.659741182684693,,7.009669091286238,4.404206267132018
C[Si](C)(CCCN)O[Si](C)(C)CCCN,False,4.598864942530007,,4.648864911118024,4.879363561208178
CCCCCCCCCCl,False,4.168911250514558,,4.39463029944368,
C1=CC(=CC(=C1)OC2=CC=C(C=C2)N)OC3=CC=C(C=C3)N,True,,5.19886394724405,,5.023459743562402
CCN(CC)C1=CC=C(C=C1)N=NC2=CC=CC=C2,True,4.898864942667959,4.998863636444484,4.498865393540615,4.448864857638396
CCCCCCCCOC1=CC=C(C=C1)C(=O)O,True,,4.253491126332593,,
CCCCCCCCCCCCCOC(=O)C(=C)C,False,,,,4.201334510084487
CC(=C)C(=O)OCC1=CC=CC=C1,False,4.3988649544426,,,
CCOP(=S)(OCC)SCCS(=O)(=O)CC,False,4.548864726812244,5.748873015022128,5.19886394724405,5.648861041418151
CCCCCCCCOC(=O)C=C,False,4.3988649544426,,,
C1=CN=CC=C1N,False,4.352505906187634,,4.194981959547696,
CC(=C)C(=O)O[C@H]1C[C@@H]2CC[C@]1(C2(C)C)C,True,4.20135073546148,4.401350634527242,4.475631143876474,
CC(=O)O[C@@H]1CC2C3CCC4=C(C3CCC2([C@H]1OC(=O)C)C)C=CC(=C4)OC(=O)C5=CC=CC=C5,False,,4.641729085798009,,
C1CN=C(N1)CN(CC2=CC=CC=C2)C3=CC=CC=C3.Cl,False,,,5.8600265120155415,
CCOC(=O)[C@](C)(CC1=CC(=C(C=C1)O)O)N.Cl,False,,,4.9100313379205005,
C1=CC=C2C(=C1)C=C(C3=CC=CC=C23)C#N,False,7.196542884351587,4.446391223485836,,
C1=CC(=CC=C1C(=O)O)[Hg]Cl,True,4.748865707419434,5.2488672255444015,4.898864942667959,4.948862919408721
COP(=S)(OC)Cl,False,4.144982056085977,4.544981456933025,4.444981771347469,
CCOP(=S)(OCC)Cl,True,4.454923083488937,4.954923582652803,4.504922120360503,
CC(C)C1=CC2=CC[C@@H]3[C@@]([C@H]2CC1)(CCC[C@@]3(C)C(=O)OC)C,False,4.3988649544426,4.648864911118024,,4.498865393540615
CC(=C)C(=O)OCCC[Si](OC)(OC)OC,False,4.273459830462956,4.501178420908548,4.203490885234686,4.726177490779965
CC1=C(C=CC(=C1)O)Cl,False,4.448864857638396,,,
CC1=CC2=C(C=C1)C3=CC=CC=C3C=C2,True,5.247099173491204,4.497096510006717,,
CCCCOCCOC(=O)COC1=CC(=C(C=C1Cl)Cl)Cl,False,4.198864633756791,4.248864914695038,,
C1CCC(CC1)SSC2CCCCC2,False,4.598864942530007,4.348864512263225,,
C1=CC(=C(C=C1C=O)Br)F,False,4.448864857638396,,,
C=CCOC(CN1C=CN=C1)C2=C(C=C(C=C2)Cl)Cl.OS(=O)(=O)O,False,5.840613299038245,6.160019442321658,5.310025555333226,6.910094888560602
C(CO)O,False,,,4.460622760909543,
C1CC(CC(C1)CN)CN,False,,,4.848866210191896,
CN1[C@@H]2CC[C@H]1CC(C2)OC(=O)C(CO)C3=CC=CC=C3,False,4.306473101181777,,4.499218939739157,4.3992187150696465
CC1=C(C2=C(C=C1)N=C(S2)C3=CC=C(C=C3)N)S(=O)(=O)O,True,4.555444661498381,4.755445811005541,,
CCOP(=S)(OCC)SCS(=O)(=O)CC,False,4.448864857638396,4.898864942667959,4.3988649544426,5.098863295458348
CCOC1=NC(=NS1)C(Cl)(Cl)Cl,False,4.498865393540615,4.498865393540615,,
CCOC(=O)N(C)C(=O)CSP(=S)(OCC)OCC,False,5.498858544712217,6.148864004988426,4.548864726812244,5.648861041418151
CCOC(=O)C(C1=CC=CC=C1)SP(=S)(OC)OC,False,5.498858544712217,5.898871824161243,4.348864512263225,5.498858544712217
CC[Hg]N1C(=O)C2C(C1=O)C3(C(=C(C2(C3(Cl)Cl)Cl)Cl)Cl)Cl,True,,4.871264800032603,4.8212647142114955,4.871264800032603
C1=CC=C(C=C1)C(=O)NC2=CC3=CC(=C(C(=C3C=C2)O)N=NC4=CC=C(C=C4)N=NC5=CC=C(C=C5)S(=O)(=O)[O-])S(=O)(=O)[O-].[Na+].[Na+],True,4.448864857638396,4.448864857638396,4.448864857638396,4.198864633756791
CC1=CC(=CC(=C1)OC(=O)NC)C(C)C,False,4.598864942530007,,4.198864633756791,
CC(C)C1=CC=CC=C1OC(=O)NC,False,4.448864857638396,,,
CCCCCCCCCC1=CC=C(C=C1)O,False,4.3988649544426,4.5465725926536535,,4.277671529572612
C1=CC=C2C(=C1)C(=O)NS2,True,4.498865393540615,4.448864857638396,,4.3988649544426
CCOP(=S)(OCC)SCN1C(=O)C2=CC=CC=C2N=N1,False,4.598864942530007,6.198870812420296,4.448864857638396,5.748873015022128
C1=CC(=CC=C1C(CO)C2=CC=C(C=C2)Cl)Cl,False,4.448864857638396,4.948862919408721,,
C(CCCCCC(=O)O)CCCCCBr,True,,,4.547450000587751,
CCCCCCC[N+](CC)(CC)CCCCC1=CC=C(C=C1)Cl.CC1=CC=C(C=C1)S(=O)(=O)[O-],False,,,6.659952682338607,5.510027465964983
CCCCCCCCCCCCOC(=O)C1=CC=C(C=C1)O,False,4.89533538319837,5.245330649715664,4.9453333321498025,4.195333870479099
C1=CC(=CC=C1O)SC2=CC=C(C=C2)O,False,4.402288363837487,,4.528007527706416,4.452288044240311
CCCN1CCCC[C@H]1C(=O)NC2=C(C=CC=C2C)C.Cl,False,,,5.310025555333226,4.810029897405945
COC1=CC(=C(C=C1Cl)OC)Cl,False,4.898864942667959,4.448864857638396,,4.798865170407076
C(/C=C/CO)O,False,,,4.399928192697783,
CC1=C(C(=CC=C1)N)N,True,5.056231581829213,4.481231132132233,4.581231480428073,4.931230186672336
CCN1CCCC1=O,False,,,4.251350780072153,4.251350780072153
C=CC(=O)OCCOC(=O)CCC(=O)O,False,4.273459830462956,,,4.448864857638396
CS(=O)(=O)C1=CC(=C(C=C1)C(=O)C2C(=O)CCCC2=O)[N+](=O)[O-],False,4.4411282997502255,4.641129000918756,,
C1=CC=C2C(=C1)C3=C4C2=CC=CC4=C(C=C3)N,True,6.893809102736585,4.443927977729064,,4.7439272006747375
CC(=O)O,False,4.3988649544426,,4.573460274574093,
CC(CC(C1=CC=CC=C1)(C2=CC=CC=C2)C(=O)N)N(C)C.OS(=O)(=O)O,False,,,5.160031997995545,
CN1C=C(C2=CC=CC=C21)C3=C(C(=O)NC3=O)C4=CN(C5=CC=CC=C54)C6CCN(CC6)CC7=CC=CC=N7,False,,5.560036064079095,,
COC1=CC(=C(C=C1)N)OC,False,4.3985103945772215,4.448510966075284,4.798510017604997,4.948511752950068
CCN(CCCCOC(=O)C1=CC(=C(C=C1)OC)OC)C(C)CC2=CC=C(C=C2)OC.Cl,False,,,7.360513510731414,6.110026361596004
COCCOC1=C(C=C2C(=C1)C(=NC=N2)NC3=CC=CC(=C3)C#C)OCCOC,False,,,,5.360025701545049
CC(C)OC(=O)NNC1=C(C=CC(=C1)C2=CC=CC=C2)OC,False,5.330869152626668,5.580870692258024,6.080869586139386,5.980883709552927
C1CC1C(=O)NC2=CC(=C(C=C2)Cl)Cl,False,6.26003230324049,4.560029756289291,,4.460029874171644
CCCCC[Si](OCC)(OCC)OCC,False,,4.498865393540615,,4.898864942667959
CC=O,False,4.479051634535271,,5.179050175516131,
CC[Sn](CC)(CC)Br,False,4.448864857638396,4.448864857638396,4.598864942530007,4.748865707419434
CC(C)(C1=CC(=CC=C1)C(C)(C)N=C=O)N=C=O,False,,4.452062925898455,4.325463779827624,5.190714579697392
CCOP(=O)(CN(CCO)CCO)OCC,False,4.267420498373938,,,
COC1=CC(=NC(=N1)O[C@H](C(=O)O)C(C2=CC=CC=C2)(C3=CC=CC=C3)OC)OC,False,,4.560029756289291,,
C1=CC(=CC=C1N=NC2=C(C=CC3=C2C=CC(=C3)S(=O)(=O)[O-])O)S(=O)(=O)[O-].[Na+].[Na+],False,4.217274135903448,,4.247096104879467,
CCCC1=CC(=C(C=C1)O)OC,False,4.498865393540615,,,
C1=CC=C(C=C1)C2(C(=O)NC(=O)N2)C3=CC=CC=C3,False,4.202063178069278,4.6520633721995,4.452062925898455,
CCCOCCO,False,4.393928341359247,,,
CCCCCCCCCCCCCC[N+](C)(C)CC1=CC=CC=C1.O.O.[Cl-],False,,,5.660032085297399,
CCC(C)(C)C(=O)OC1=C(C(=O)OC12CCCCC2)C3=C(C=C(C=C3)Cl)Cl,True,,4.498865393540615,,4.848866210191896
CC(=O)N,False,3.7773095352886594,,,
CC(C)C1=C(C=C(C=C1)C(=O)N=C(N)N)S(=O)(=O)C.CS(=O)(=O)O,False,4.552226637247517,,4.302227692653938,
CC1=CC(=C(C=C1)O)N=NC2=CC=C(C=C2)NC(=O)C,True,4.498865393540615,4.448864857638396,4.198864633756791,4.3988649544426
CC1=C(N(C2=C1C=C(C=C2)C(=O)OCCN(C)C)CCN(C)C)C,False,4.760030197409634,,,
CC1=C(C=C(C=C1)N)O,False,5.39886386639293,4.748865707419434,5.59885804480627,4.548864726812244
CC1=C(C=CC(=C1)O)N,False,4.646391479291361,4.646391479291361,4.696391450742153,4.596390529159798
[B-](F)(F)(F)F.CCCC[N+]1=CC=CC(=C1)C,False,4.397096126314551,,,
CC1(CC(CC(C1)(C)CN)N)C,False,,,4.442176515926243,5.035770131966991
C1=CC(=CN=C1)CCCO,False,,,,4.798865170407076
CC(=C)C(=O)OCCN(C)C,False,,4.2442790794743726,,4.4442793609000795
C/C=C/C=C/CCCCCCCO,False,,5.148864004988426,4.198864633756791,4.798865170407076
CC(=O)CC(C)(C)NC(=O)C=C,False,,,4.3988649544426,
COC(=O)CC1=CC=CC2=CC=CC=C21,False,4.698865786166042,,,
CN1C(=S)CN=C(C2=C1C=CC(=C2)Cl)C3=CC=CC=C3,False,4.510030276850633,4.760030197409634,,4.810029897405945
C[C@]12CCCC([C@@H]3[C@H]1CC[C@@H]3C2=C)(C)C,False,4.348864512263225,,,
C[C@@]12CC[C@H]3[C@]([C@@]14[C@H](O4)C(=O)O[C@H]2C5=COC=C5)(C(=O)C[C@@H]6[C@@]37COC(=O)C[C@@H]7OC6(C)C)C,False,,,,5.8600265120155415
CCCCOC(=O)[C@@H](C)OC1=CC=C(C=C1)OC2=C(C=C(C=C2)C#N)F,False,4.651350564607997,5.051352343871509,4.619906395641354,
CCCCOC(=O)CCCCCCCC(=O)OCCCC,False,,4.3988649544426,,
CC(C)C1=CC(=C(C=C1)O)C(C)C,False,4.498865393540615,4.548864726812244,,
CC1=C2CC[C@@H](C(=O)N2C3=CC=CC=C13)CC4=C(NC=N4)C.Cl,False,5.809668301829708,6.3097152974873705,5.509676248450327,5.659674886251708
COC(=O)CCS,False,4.402419983183693,,,
CCN(CC)C(=O)SCC,False,4.312159029599336,,,
CCSC(=O)Cl,False,,,4.519005513609385,
C1C(COCO1)([N+](=O)[O-])Br,True,4.798865170407076,5.148864004988426,,
CO[Si](C1=CC=CC=C1)(OC)OC,False,4.3988649544426,,,4.223145605354553
[I-].[I-].[Hg+2],True,5.4488672992713925,6.248874928464416,5.798876102792621,5.59885804480627
C1=CC(=CC(=C1)N2C(=O)C=CC2=O)N3C(=O)C=CC3=O,False,4.798865170407076,5.19886394724405,4.598864942530007,
C1=CC=C(C=C1)CSC#N,False,4.097096256696017,,4.347096427715119,4.14709628803906
C(#N)C(Cl)Cl,False,4.410327363658406,,4.210326939574969,
CO[Si](C)(C1=CC=CC=C1)OC,False,4.189521160343244,4.448864857638396,,4.548864726812244
C([C@@H]1[C@H]([C@@H]([C@H]([C@H](O1)O[C@@H]2[C@@H]([C@H]([C@@H]([C@H](O2)CO)O)O)O)O)O)O)O.O.O,False,4.396038709564252,,4.286694722593202,
CC(C#CC(C)O)O,False,4.2603877086233295,,4.4531342034847095,
CN(C)CCOCCN(C)C,False,4.3599296975461455,4.248033422485081,,
CC1=CN(C(=O)NC1=O)[C@H]2C=C[C@H](O2)CO,False,,,4.34065055800861,
CN(C(=O)NC1=CC=C(C=C1)Br)OC,False,5.2488672255444015,4.3988649544426,,
CCOC(=O)COC1=C(C=C(C(=C1)C2=NN(C(=C2Cl)OC(F)F)C)F)Cl,False,5.748873015022128,5.19886394724405,4.998863636444484,4.256118813664984
COC1=CC(=C(C=C1)OC)C(CNC(=O)CN)O.Cl,False,5.004448766621513,,,4.448864857638396
C1=CC(=CC=C1C2=C(C(=C(N2)C(F)(F)F)Br)C#N)Cl,False,6.498803757972912,4.998863636444484,4.198864633756791,
CC(C)(C)C1=CC=C(C=C1)OCC2CO2,True,4.1400821144055,4.1400821144055,4.390082391095816,
CC1=C(C=CC(=C1)C(=O)O)[N+](=O)[O-],False,4.397803227452149,,4.247803225592409,
[B-](F)(F)(F)F.CC[N+]1(CCCC1)C,False,,,4.149928712537672,
C1=CC=C(C=C1)N(CCC(=O)O)C(=O)C2=C(C(=C(C=C2I)I)N)I,False,,4.810029897405945,,
CC1=CC(=C(C=C1)N=NC2=C(C=CC3=CC=CC=C32)O)C,True,5.510027465964983,4.810029897405945,4.760030197409634,
CC1=C(C=CC(=C1)O)SC,False,4.448864857638396,4.148864616843579,,4.198864633756791
CC1=C(C=CC(=C1)Cl)N.Cl,False,4.993952223508327,4.61895109674982,4.693950993774941,4.393951296747755
[B-](F)(F)(F)F.CCCCCCCCCCCCCCCCN1C=C[N+](=C1)C,False,,4.144982056085977,6.294992040666664,4.194981959547696
C1CC(C(CCC(C(CCC(C1Br)Br)Br)Br)Br)Br,False,,4.785993993937474,4.6099352360914745,5.5609923895965
C1=CC(=C(C=C1O)O)C2=C(C(=O)C3=C(C=C(C=C3O2)O)O)O.O.O,False,4.1253912175614476,4.625390943753265,,
CC(CC1=CC=C(C=C1)OCC(=O)O)NCC(C2=CSC(=N2)C(F)(F)F)O,False,4.448864857638396,,4.3988649544426,
C1=CC(=C(C(=C1)Cl)Cl)[N+](=O)[O-],False,4.44815614382721,,,
C(#N)C(Br)Br,False,,,4.475631143876474,
CSCCC=O,False,5.134562786836746,4.309561896778781,4.3988649544426,
CCCCCCCCCCCC[N+](C)(C)CCCCCCCCCCCC.[Br-],True,4.148864616843579,4.598864942530007,4.698865786166042,4.448864857638396
CCC(COC(=O)C(=C)C)(COC(=O)C(=C)C)COC(=O)C(=C)C,False,4.49927247204022,4.824272149711367,4.499272529673121,4.466107885570364
C(C(CO)(CBr)CBr)O,False,4.243227007887529,,,
CCCCC(CC)COC(=O)C1=CC(=C(C=C1)C(=O)OCC(CC)CCCC)C(=O)OCC(CC)CCCC,False,4.448864857638396,4.473145949387726,,
C1CC(C(CC1C(CBr)Br)Br)Br,False,4.374919680746504,4.500638760449454,4.200639459673228,
C1=CC2=C(C=C1N=C=S)C(=O)OC23C4=C(C=C(C=C4)O)OC5=C3C=CC(=C5)O,False,4.390779223363833,4.340779037224023,,
CC(C)(C#N)C(C)(C)C#N,False,4.1935771604604275,,,
CC(=CCC=C(C)C=C)C,False,4.423145748029465,4.198864633756791,,4.498865393540615
C1=CC=C2C(=C1)C(=O)C3=C(C2=O)SC(=C(S3)C#N)C#N,True,4.498865393540615,5.498858544712217,4.448864857638396,4.498865393540615
CCCCCCCCCCCC(=O)N(CC)CC,False,4.3988649544426,4.348864512263225,,
CCNC(=O)[C@@H]1CCCN1C(=O)[C@H](CCCN=C(N)N)NC(=O)[C@H](CC(C)C)NC(=O)CNC(=O)[C@H](CC2=CC=C(C=C2)O)NC(=O)[C@H](CO)NC(=O)[C@H](CC3=CNC4=CC=CC=C43)NC(=O)[C@H](CC5=CN=CN5)NC(=O)[C@@H]6CCC(=O)N6,False,,,,4.860029658404407
C1=CC=C2C(=C1)C(=NC2=N)N,False,4.198864633756791,,4.148864616843579,
CC1=N[C@@]2([C@H](O1)C[C@@H]3[C@@]2(C[C@@H]([C@H]4[C@H]3CCC5=CC(=O)C=C[C@]45C)O)C)C(=O)COC(=O)C,False,4.760030197409634,4.198864633756791,,
C1CCC2=NC3=C(CN2CC1)C(=CC(=C3)Cl)Cl.Cl,False,5.26003230324049,,5.760025198883063,
C[N+]12CCC(CC1)C(C2)OC(=O)C(C3=CC=CC=C3)(C4=CC=CC=C4)O.[Br-],False,,,4.860029658404407,
C=CC(=O)OCC(CO)(COC(=O)C=C)COC(=O)C=C,False,4.172980460897925,4.92297974138021,4.172980460897925,6.047970359377832
CCCCCCCCSCCO,True,4.3988649544426,4.348864512263225,,
CC1=CC(=C(C=C1C)N=NC2=C3C=CC(=CC3=CC(=C2O)S(=O)(=O)[O-])S(=O)(=O)[O-])C.[Na+].[Na+],False,5.452939453145435,,,
CCCCN(CCCC)C1=CC(=C(C=C1)C(=O)C2=CC=CC=C2C(=O)O)O,False,4.14463048061975,5.2446283029809715,,
CNC(=O)NC1=CC(=C(C=C1)Cl)Cl,True,5.298863933907473,4.3988649544426,,4.167420839456289
CC(=O)CCC1=CC=C(C=C1)OC(=O)C,False,4.448864857638396,4.295992841163224,,
CC1=CC(=CC=C1)OC2=CC=CC=C2,False,4.459602945735281,,4.459602945735281,4.459602945735281
C1=CC=C(C=C1)OCC(=O)O,False,4.478585991510725,,,
CC[C@H](C1=CC=C(C=C1)O)[C@@H](CC)C2=CC=C(C=C2)O,False,,4.454447615646616,,4.504447835195624
C1=CC2=C(C(=C1)O)N=CC=C2,False,4.572627667651991,4.648864911118024,4.498865393540615,
CCCCNS(=O)(=O)C1=CC=CC=C1,False,4.404564407270476,4.451714540192999,,
C1=CC(=CC(=C1)CN=C=O)CN=C=O,False,,5.121265704962952,,5.3712637732643245
CCCCCCCCCCCOC(=O)C1=CC=CC=C1C(=O)OCCCCCCCCCCC,False,4.348864512263225,,,
CCCCCCCOC(=O)C1=CC=CC=C1C(=O)OCCCCCCC,False,4.998863636444484,4.948862919408721,,5.2488672255444015
CC1C(=O)C(=C(O1)C)O,False,4.488690286427875,,,
C1CCC2=NC3=CC=CC=C3C(=C2C1)N,False,5.1697337163191595,,4.954446946270631,
CN(C)CCOC(=O)COC1=CC=C(C=C1)Cl.Cl,False,4.44992826586856,,4.6049794789245615,
CC(=O)C1=CC2=C(C=C1)OC([C@@H]([C@H]2NC(=O)C3=CC=C(C=C3)F)O)(C)C,False,4.475018721279856,4.475018721279856,4.775019148376172,4.525019292985501
CC(C)OC(=O)C1=CC2=C(N1)C=CC=C2OCC(CNC(C)(C)C)O,False,,,4.9100313379205005,
CCOP(=S)(OCC)OP(=S)(OCC)OCC,False,4.193083570851332,4.768083669308963,,4.3833337833630655
C1=CC=C(C=C1)C(C2=CC=C(C=C2)Cl)C(=O)C3C(=O)C4=CC=CC=C4C3=O,False,5.4488672992713925,5.998872299722965,4.448864857638396,
CC[N+](CC)(CC1=CC=CC=C1)CC(=O)NC2=C(C=CC=C2C)C.C1=CC=C(C=C1)C(=O)[O-],False,4.3988649544426,,7.899629454882437,4.473145949387726
CC(=O)NC1=C2C(=CC(=C1)S(=O)(=O)[O-])C=C(C(=C2O)N=NC3=CC=CC=C3)S(=O)(=O)[O-].[Na+].[Na+],False,4.448864857638396,4.448864857638396,4.448864857638396,4.498865393540615
CN(C1=CC=C(C=C1)OC(=O)C2=CC=CO2)C(=O)C(Cl)Cl,False,,4.810029897405945,,
CC(C#C)N(C)C(=O)NC1=CC=C(C=C1)Cl,True,5.349216665361129,4.5492198987067605,4.1992190191615695,
C(CCC(=O)O)CC(=O)O,False,4.560029756289291,,,
CC(=C)C(=O)OCCNC(C)(C)C,False,4.449219037810705,,,
CCCCCC1=CC=CO1,False,4.434594962484875,4.634596261433623,,4.634596261433623
CCOC(=O)NNC1=NN=CC2=CC=CC=C21.Cl,False,4.619733722622367,,4.5044473069638435,
C1=CSC(=C1)C(=O)NC2=NC=C(S2)[N+](=O)[O-],True,5.610036963564112,5.26003230324049,4.9100313379205005,5.110031956768376
C1=CC(=S)N(C=C1)[O-].[Na+],True,4.503133979346002,4.4531342034847095,4.753134738002962,
CCOC(=O)C1=CC(=O)C2=C(O1)C=CC=C2OCC(COC3=CC=CC4=C3C(=O)C=C(O4)C(=O)OCC)OC(=O)[C@H](CCCCN)N,False,4.460029874171644,4.96003097313254,,5.410028070483141
CCCCN(CCCCO)N=O,False,,4.3988649544426,,4.3988649544426
CC1=C(C(=O)C(=C(C1=O)C)CCCCC#CCCCC#CCO)C,False,5.610036963564112,5.360025701545049,4.510030276850633,6.659952682338607
CC(=O)C1=CC2=C(C=C1)SC3=CC=CC=C3N2CCCN4CCC(CC4)CCO,False,,,6.26003230324049,
CCN(CC1=CC(=CC=C1)S(=O)(=O)[O-])C2=CC=C(C=C2)C(=C3C=CC(=[N+](CC)CC4=CC(=CC=C4)S(=O)(=O)[O-])C=C3)C5=CC=CC=C5S(=O)(=O)[O-].[Na+].[Na+],True,4.747035376954967,4.997035225597939,4.747035376954967,4.847036272025697
CC[C@H]1C[C@@H]2C[C@@H]3[C@H]1N(C2)CCC4=C3NC5=C4C=C(C=C5)OC.Cl,False,4.205998803245695,4.455998966253597,6.15602015552184,4.50599854962388
CN(C)CCN(CC1=CC=CC=C1)C2=CC=CC=N2.C(C(=O)O)C(CC(=O)O)(C(=O)O)O,False,4.560029756289291,,6.709965388637482,
CCCC(=O)C(=O)C,False,,4.3988649544426,,4.448864857638396
C1=CC(=CC=C1C(=O)CCCCl)F,True,4.810029897405945,,,
C1=CC=C2C(=C1)NC(=N2)C3=CC=CO3,True,5.148864004988426,,4.448864857638396,
CN1CCC2=CC3=C(C=C2[C@@H]1[C@@H]4C5=C(C(=C(C=C5)OC)OC)C(=O)O4)OCO3,False,4.503133979346002,5.253132372149571,4.503133979346002,5.853128096914261
C1=CC(=CC2=NC3=C(C=CC(=C3)N)C=C21)N.Cl,False,5.798876102792621,,4.448864857638396,4.948862919408721
CC(CC1=CC(=CC=C1)C(F)(F)F)NCCOC(=O)C2=CC=CC=C2.Cl,False,5.510027465964983,4.560029756289291,7.110138278741811,6.110026361596004
CC1=C(C2=C(N1C(=O)C3=CC=C(C=C3)Cl)C=CC(=C2)OC)CC(=O)OCC(=O)O,False,,4.760030197409634,,
CCC1=C2C(=CC=C1)C(=CN2)CCO,False,5.110031956768376,4.8343106239823825,4.610029886099158,
CC(=O)NC1=CC=C(C=C1)O,False,,,4.238650353310671,
CC(=O)NC1=NN=C(S1)S(=O)(=O)N,False,4.198864633756791,,,
CN1CCC(=C2C3=CC=CC=C3CCC4=C2N=CC=C4)CC1,False,,,5.26003230324049,
C[C@H](CN1CCCC1)C(=O)C2=CC=C(C=C2)C(F)(F)F,False,5.140603485394269,,5.660032085297399,
CCC(C(C)(C)C)O,False,4.234882298080229,,,
CC(C1=CC=CC=C1)N[NH3+].OS(=O)(=O)[O-],False,,4.921264134092662,4.871264800032603,
CCC1=CC=CC(=C1N(COCC)C(=O)CCl)C,False,4.473530195373915,4.461197815258108,,
CC(=O)C1=CC=C(C=C1)S(=O)(=O)NC(=O)NC2CCCCC2,False,,4.5009951303440445,4.5009951303440445,
C1=CC2=C(C=CC(=C2N=C1)O)[N+](=O)[O-],False,,4.410030303250599,,
COC1=C(C=C(C(=C1)O)C(=O)C2=CC=CC=C2)S(=O)(=O)O,False,,,4.321747676346125,
C=CC(=O)OCCOCCOC(=O)C=C,False,4.396743007005474,,,
C1C[C@@H](O[C@@H]1CO)N2C=NC3=C(N=CN=C32)N,False,4.440430891878339,,,
C1CCC(CC1)(C2=CC=CC=C2)N.Cl,False,,,4.5024193982971905,
C[C@H]1C[C@H]([C@@](O[C@@H]1[C@H]2C[C@@H]([C@@H](O2)[C@@]3(CC[C@@H](O3)[C@@]4(CC[C@@]5(O4)C[C@@H]([C@H]([C@H](O5)[C@@H](C)[C@H]6[C@@H]([C@H]([C@@H]([C@](O6)(CC(=O)[O-])O)C)OC)OC)C)O)C)C)OC7C[C@@H]([C@H]([C@@H](O7)C)OC)OC)(C)O)C.[NH4+],False,,,,5.060031709448664
CCCCC/C=C\C/C=C\CCCCCCCC(=O)NC(C)C1=CC=CC=C1,False,,5.510027465964983,5.110031956768376,5.310025555333226
CCCC(=O)O[C@@]1(CC[C@@H]2[C@@]1(C[C@@H]([C@H]3[C@H]2CCC4=CC(=O)CC[C@]34C)O)C)C(=O)CC,False,,4.9100313379205005,4.9100313379205005,5.96003097313254
CC1=NC=C(C(=N1)N)CN(/C(=C(\SS/C(=C(\N(C=O)CC2=CN=C(N=C2N)C)/C)/CCOC(=O)C(C)C)/CCOC(=O)C(C)C)/C)C=O,False,,,,6.410050398674292
CN1[C@@H]2CC(C[C@H]1[C@H]3[C@@H]2O3)OC(=O)[C@H](CO)C4=CC=CC=C4.O.O.O.Br,False,,,4.3536462744397255,
CCC1=CC(=C(C(=C1)C(C)(C)C)O)C(C)(C)C,False,,,4.223460072325203,4.306118789647335
CC(C)(C1=CC(=C(C(=C1)Br)OCCO)Br)C2=CC(=C(C(=C2)Br)OCCO)Br,False,4.50846882429694,5.408467942882501,4.208468644886757,4.308468525411598
CC(CO)OC1=CC=CC=C1,False,,,4.385573172934352,
C1=CC=C(C=C1)C(=O)OCC(COC(=O)C2=CC=CC=C2)(COC(=O)C3=CC=CC=C3)COC(=O)C4=CC=CC=C4,False,,5.249576466712681,,
CC(C)(COC(=O)C1=CC=CC=C1)COC(=O)C2=CC=CC=C2,False,4.3988649544426,5.19886394724405,,
C1CN=C(N1)NC2=C(C=CC=C2Cl)Cl.Cl,False,,,4.698865786166042,
C(CN)COCCOCCOCCCN,False,,,4.698865786166042,
CC(C)COC(=O)C1=CC=C(C=C1)O,True,5.399223070842216,4.599218597634151,,
C1=CC(=C(C=C1Cl)Cl)C(=O)CCl,False,4.6303342757188295,4.880334213072446,4.417474885750806,4.500638760449454
CCCCCCCCCI,False,,4.140779416802822,,
C1[C@@H]([C@H](O[C@H]1N2C=NC3=C(N=C(N=C32)Cl)N)CO)O,False,4.551706533302407,4.201706465163455,,
CCCCCCCCCCCCI,True,,4.253997465985433,,
CCCCOC1=CC=C(C=C1)N,False,4.948862919408721,4.3988649544426,4.448864857638396,4.498865393540615
CC1=C(C(=C(C2=C1O[C@](CC2)(C)CCC[C@H](C)CCC[C@H](C)CCCC(C)C)C)OC(=O)CCC(=O)O)C,False,4.193927934456267,,,4.46307874488049
CCCCC(CC)COC(=O)C1=CC=CC=C1C(=O)O,False,4.141128488296658,5.491133749061542,4.4411282997502255,
CCC(C1=CC=CC=C1)C(=O)OCCN2CCOC(C2C)C3=CC=CC=C3,False,,5.310025555333226,5.26003230324049,5.8600265120155415
C1(C(=O)NC(=O)N1)NC(=O)N,False,4.560029756289291,,4.4531342034847095,
C1COCCN1C=O,False,4.348864512263225,,,
C[C@H]1C[C@H]2[C@@H]3CCC4=CC(=O)C=C[C@@]4([C@]3([C@H](C[C@@]2([C@]1(C(=O)CO)O)C)O)Cl)C,False,,4.760030197409634,4.460029874171644,
CO[Si](CCCS)(OC)OC,False,,,,4.198864633756791
CCCCCCCCCCCCCCCS(=O)(=O)OC1=CC=CC=C1,False,,5.810032701648728,,
COC1=C(C=C2C(=C1)C(=NC=N2)NC3=CC(=CC=C3)Cl)OC,False,5.171262787887482,4.771266091623863,4.871264800032603,5.221262847460818
C1=CC(=C(C=C1C=C(C#N)C#N)O)O,False,,4.510030276850633,,
COC1=CC(=C(C=C1C=O)OC)OC,False,5.111775562018518,4.462140624408052,4.712140069554621,4.412140928786882
C1CCN[C@@H](C1)C2=CN=CC=C2,False,,,4.34599297197349,4.448864857638396
CC1=C(N=C(O1)C2=CC=CC=C2)CCOC3=CC=C(C=C3)CN(CC(=O)O)C(=O)OC4=CC=C(C=C4)OC,False,4.510030276850633,4.860029658404407,,
CC(CN(CCN(CC(C)OCCO)CC(C)OCCO)CC(C)OCCO)OCCO,False,,4.93347654353613,4.43920117680466,
CCCCC(C)C(=O)O,False,4.3988649544426,,,
CCCCN(CCCC)C(=O)N(CCCC)CCCC,False,4.306118789647335,,,5.2488672255444015
CCCCCCCCCCCCCCCCCC(=O)[O-].C(CO)[NH+](CCO)CCO,True,5.501703233555657,5.901702463505302,4.451706419794678,5.251703412942764
CCCCCCCCCCCCCC[N+](C)(C)C.[Cl-],True,4.163668920443394,,5.513668718815334,
CCCCCCC(CCCCCCCCCCC(=O)OCC(COC(=O)C)OC(=O)C)OC(=O)C,False,4.860029658404407,5.610036963564112,,
CC[N+]1(CCC(=C(C2=CC=CC=C2)C3=CC=CC=C3)C1C)CC.[Br-],False,,,5.760025198883063,
C1=CC(=C(C=C1[N+](=O)[O-])Cl)C(=O)N,False,4.198864633756791,4.148864616843579,,
CCC1=C(C(=CC=C1)CC)N(COC)C(=O)CCl,False,,4.48086677770942,4.162868189686489,4.212868381833796
C1CCC(CC1)C(CCN2CCCC2)(C3=CC=CC=C3)O.Cl,False,,,5.96003097313254,
CCN(CC1=CC(=CC=C1)S(=O)(=O)[O-])C2=CC=C(C=C2)C(=C3C=CC(=[N+](CC)CC4=CC(=CC=C4)S(=O)(=O)[O-])C=C3)C5=CC=CC=C5.[Na+],True,,4.552226637247517,4.3522269269925795,4.302227692653938
CC(C(=O)OC(C)(C)CC1=CC=C(C=C1)Cl)N,False,5.8600265120155415,4.810029897405945,5.110031956768376,5.610036963564112
C1=CC(=NC(=C1)Cl)C(=O)O,False,,,4.3374522854915645,
CCCSC1=CC2=C(C=C1)N=C(N2)NC(=O)OC,True,5.179447972619798,,,
CC(C)(C)NCC(C1=CC(=C(C=C1)O)CO)O,False,,,4.401706426537025,
C1=CC=C(C=C1)[NH3+].[N+](=O)([O-])[O-],False,4.560029756289291,,,
CCCN(CCC)C1=C(C=C(C=C1[N+](=O)[O-])S(=O)(=O)C)[N+](=O)[O-],False,,4.548864726812244,4.298864798175959,4.698865786166042
CCC1CCC(C1)CCC(=O)O,False,4.189037996234846,4.439038233445506,,
CCC1=CC=C(C=C1)C=O,False,4.239521348440184,,,
CC(C(C1=CC=CC=C1)O)N(C)CCOC(C2=CC=CC=C2)C3=CC=CC=C3,False,,4.760030197409634,7.110138278741811,6.209996479609511
CCCCC1=C(C2=C(O1)C=CC(=C2)NS(=O)(=O)C)C(=O)C3=CC=C(C=C3)OCCCN(CCCC)CCCC,False,,4.810029897405945,4.96003097313254,
CS(=O)(=O)CCNCC1=CC=C(O1)C2=CC3=C(C=C2)N=CN=C3NC4=CC(=C(C=C4)OCC5=CC(=CC=C5)F)Cl,False,,5.410028070483141,5.010029874726081,6.510041520575165
CCC1=CC=C(C=C1)C2CCNCC2,False,,,6.460046158343603,
CCCCCC[C@@H](CCC)C(=O)O,False,,4.460029874171644,,
C1=CC(=CC(=C1)NC(=O)C2=C(C(=CC(=C2)Br)Br)O)C(F)(F)F,True,4.248864914695038,4.848866210191896,,4.798865170407076
CC1CCC(CC1S)C(C)CS,False,,,,4.498865393540615
CCOP(=S)(OCC)OC1=CC(=C(C=C1Cl)Br)Cl,False,5.498858544712217,5.648861041418151,,5.648861041418151
CC1=C(C=CC(=C1)Br)NC(=O)CCl,False,4.948862919408721,4.3988649544426,,
C1=C(C(=C(C(=C1Cl)Cl)Cl)Cl)O,False,4.558880115985554,,,
C[N+]1(CCCCC1)CC2COC(O2)(C3=CC=CC=C3)C4=CC=CC=C4.[I-],False,,4.9712661206506645,5.871277715661574,
CCC1=CC(=CC(=C1C2=C(N3CCOCCN3C2=O)OC(=O)C(C)(C)C)CC)C,False,,,,4.948862919408721
CC(C)COC(=O)COC1=CC(=C(C=C1Cl)Cl)Cl,False,4.499928269874536,4.499928269874536,4.174209526368226,
C1CCC(CC1)N(C2CCCCC2)SC3=NC4=CC=CC=C4S3,False,4.50375414305669,5.103754952423941,6.653842697767992,5.203751856998499
C(CN)CN(CCO)CCO,False,4.098864931407043,,4.3988649544426,
C1CC(CC=C1)C2=CC=CC=C2,False,4.348864512263225,,,
C1CCC(CC1)[NH3+].[Cl-],False,4.396038709564252,4.196037866904468,,
CC(=O)NC1=CC=C(C=C1)OC(=O)C2=CC=CC=C2OC(=O)C,False,4.510030276850633,,4.760030197409634,
C1CN[C@@H]2CC3=C4[C@@]15[C@H]2C=C[C@@H]([C@@H]5OC4=C(C=C3)O)O.Cl,False,,,4.43587033062189,
CC(C)NC[C@H](COC1=CC=CC2=CC=CC=C21)O,False,5.710032208313266,,5.660032085297399,
CC(C)NCC(COC1=CC=CC=C1CC=C)O,False,5.26003230324049,,5.310025555333226,
C1CC(CCC1CC2CCC(CC2)N=C=O)N=C=O,False,4.348864512263225,,4.448864857638396,5.39886386639293
C1=CC(=C(C=C1N)N)[N+](=O)[O-],False,4.209964785580029,4.60996442501549,4.759965221051168,
C1=CC(=C(C=C1N)N)Cl,False,4.448157329571027,4.623156940136995,4.447449801503656,4.72315690175771
CCCCCCCC[N+](C)(CCCCCCCC)CCCCCCCC.[Cl-],False,4.448864857638396,4.3988649544426,6.198870812420296,5.19886394724405
C=CCSCC1NC2=CC(=C(C=C2S(=O)(=O)N1)S(=O)(=O)N)Cl,False,,,,4.760030197409634
C(C(C(=O)O)S(=O)(=O)O)C(=O)O,False,4.498865393540615,,,
CN(C)C1=NC(=NC(=N1)N(C)C)N(C)C,False,4.810029897405945,,,
CC1(CCC(C2=C1C=CC(=C2)C(=O)NC3=CC=C(C=C3)C(=O)O)(C)C)C,True,,4.198864633756791,,
C1=CC(=CC=C1C(Cl)(Cl)Cl)Cl,False,4.306118789647335,,,
C1=CC=C(C(=C1)C2=CC=C(C=C2)Cl)NC(=O)C3=C(N=CC=C3)Cl,False,5.17328395222621,,4.648864911118024,4.548864726812244
CC1(CCCCC1)C(=O)NC2=C(C(=C(C=C2)O)Cl)Cl,False,4.287452150687937,4.598864942530007,4.148864616843579,4.498865393540615
CC1(C(=O)N(C(=O)O1)NC2=CC=CC=C2)C3=CC=C(C=C3)OC4=CC=CC=C4,False,4.4960378112983825,5.04603745944868,,4.9460384926855
C1COCCN1S(=O)(=O)C2=CC=C(C=C2)NC(=O)C3=C(C=CC(=C3)Cl)NS(=O)(=O)C4=CC=C(S4)Cl,False,,7.309803919971486,,5.210031697910783
CC1=C(SCCO1)C(=O)NC2=CC=CC=C2,True,4.945345571659974,4.470346021258065,4.195345893402046,
CC1=C(S(=O)(=O)CCO1)C(=O)NC2=CC=CC=C2,False,4.273459830462956,,,
C1=CC2=C3C(=C1)C=CC4=C(C=CC(=C43)C=C2)O,True,6.048856839892448,4.448864857638396,,4.498865393540615
CCC1(CCC(=O)NC1=O)C2=CC=C(C=C2)N,False,,,,4.6544476454732795
CC1=C(C(=CC=C1)C)OCC(C)N.Cl,False,5.8600265120155415,,4.860029658404407,
CCCCC(CC)COCCCN,False,4.95348922787812,4.453490650160367,4.903489721821524,4.853490573113563
C1=CC2=C(C=C1[N+](=O)[O-])C=NN2,False,4.548864726812244,,,
B(OC(C)C)(OC(C)C)OC(C)C,False,4.3988649544426,,,
C1=CSC(=N1)N,False,,,4.148864616843579,
CCCCC1=C(C2=CC=CC=C2O1)C(=O)C3=CC(=C(C(=C3)I)OCCN(CC)CC)I,False,,4.760030197409634,4.510030276850633,
CC(CC=O)CC(C)(C)C,False,,4.198864633756791,,
CC1=C(C(=CC=C1)C(=O)O)[N+](=O)[O-],False,4.19815672930734,,4.472437117097715,
CC(=O)CC(=O)NC1=CC=C(C=C1)OC,False,4.598864942530007,,,
CCN1CCCC1CNC(=O)C2=CC(=C(C=C2OC)N)S(=O)(=O)CC,False,,,5.060031709448664,
CC(C)C1=CC2=C(C=C1)OC3=NC(=C(C=C3C2=O)C(=O)O)N,True,4.760030197409634,4.860029658404407,4.810029897405945,4.810029897405945
CC(=O)OC1=C(C=C(C=C1)[N+](=O)[O-])CCl,False,,4.198864633756791,,
COC1=C2C(=CC=C1)SC(=N2)N,False,4.646037631346469,,4.996039971911452,4.996039971911452
CC1=CC2=C(C=C1CC(=O)C3=C(C=CS3)S(=O)(=O)NC4=C(C(=NO4)C)Cl)OCO2,False,5.490595839741308,5.110031956768376,5.610036963564112,5.310025555333226
CC1=CC=CC=C1C(=O)NC2=CC(=C(C=C2)C(=O)N3CCCC(C4=C3C=CC(=C4)Cl)O)C,False,,4.760030197409634,4.510030276850633,5.610036963564112
CC(C)C(=O)OCC1=CC(=CC=C1)OC(=O)[C@H]2C(S[C@H]3N2C(=O)[C@H]3NC(=O)CC4=CC=CC=C4)(C)C,False,,4.9100313379205005,,4.810029897405945
[NH3+]O.[Cl-],False,4.190082224227991,,,
CC(=O)CCC1=CC=C(C=C1)O,False,,,4.298864798175959,
C1CCC(C(C1)C(=O)OCC2CO2)C(=O)OCC3CO3,False,,4.44815614382721,,
CCC(C)C1=C(C(=CC=C1)C(C)CC)O,False,4.648864911118024,4.698865786166042,,4.548864726812244
C1=CC2=C3C(=C1)C=CC4=C(C=CC(=C43)C=C2)[N+](=O)[O-],False,6.54882784248746,,4.498865393540615,
C1CN(CCN1)C2=NC3=CC=CC=C3OC4=C2C=C(C=C4)Cl,False,4.629447795475125,4.448864857638396,5.504449753373459,5.179446057721856
CCN(CCCC1=CC=CC=C1)CCCC2=CC=CC=C2.C(C(=O)O)C(CC(=O)O)(C(=O)O)O,False,5.060031709448664,,6.060031709448664,
CCOC(=O)OC(C)OC1=C(N(S(=O)(=O)C2=CC=CC=C21)C)C(=O)NC3=CC=CC=N3,False,,4.560029756289291,,
CC(CC1C2=CC=CC=C2CCC3=CC=CC=C13)CN(C)C,False,,,6.010016541698601,5.410028070483141
CC(CC1=CC=CC=C1)NCCCCl,False,,,5.460033632003287,4.560029756289291
COP(=S)(OC)OC1=NC(=C(C=C1Cl)Cl)Cl,False,4.448864857638396,4.598864942530007,,4.948862919408721
CCOP(=O)(OCC)OC1=NC(=C(C=C1Cl)Cl)Cl,False,5.801342913045577,4.451350206101622,5.2513469065757326,
C1CN(CCN1)N=O,False,4.228025060299564,4.4034303922359435,4.453430193964946,
CC1=CC=C(C=C1)C(C)OC(=O)C2(CCC(C2(C)C)C(=O)O)C.C(CO)NCCO,False,,4.460029874171644,,
CC(C)(C#N)C1=CC(=CC(=C1)CN2C=NC=N2)C(C)(C)C#N,False,4.910528231471699,5.035529137493058,,5.635530517039157
CC1=CC=C(C=C1)/C=C/2\C3CCC(C2=O)C3(C)C,False,4.5017073698445875,4.951705835050711,,
C1CN(CC=C1C2=CC=CC=C2)CCCCC3=CNC4=C3C=C(C=C4)O,False,4.510030276850633,4.760030197409634,6.410050398674292,
CC(=O)N[C@H](COC)C(=O)NCC1=CC=CC=C1,False,4.460029874171644,,,
C1CN(CCN1CCC(=O)N2C3=CC=CC=C3SC4=C2C=C(C=C4)C(F)(F)F)CCO,False,,,,5.26003230324049
CCCCCC[N+]1=CC=CC=C1.[I-],False,,,4.498865393540615,
C(CN)N.I.I,False,,,4.498865393540615,
CCN1C=C[N+](=C1C)C.C(F)(F)(F)S(=O)(=O)[N-]S(=O)(=O)C(F)(F)F,False,,5.200997366572284,,
CCOC(=O)COC1=CC2=C(CCC(C2)NCC(C3=CC(=CC=C3)Cl)O)C=C1.Cl,False,,4.545145997046006,6.145147637582166,
COC1=CC=C(C=C1)C2=CC(=S)SS2,True,5.910024277312271,4.860029658404407,4.510030276850633,4.760030197409634
C1CCC(CC1)C2=C(C=CC(=C2)C3(CCCCC3)C4=CC(=C(C=C4)O)C5CCCCC5)O,False,,5.59885804480627,,4.748865707419434
COC1=CC=C(C=C1)C2C(=O)C3=CC=CC=C3C2=O,True,,,,4.760030197409634
C(CN(CC#N)CC#N)N(CC#N)CC#N,False,4.198864633756791,,,
C1=CC=C2C(=C1)C=C3C=CC=CC3=C2C(=O)O,False,4.749929037413551,4.54992803370822,,
CCCCCCCCCCN1C=C[N+](=C1)C.[Br-],False,,,5.297095789490273,
COC1=C(C=C2C(=C1)C3=CC=CC=C3O2)N,True,6.189700258959832,5.189733869181719,5.13973388260321,5.039733812408209
CC(C)OC(=O)C(C1=CC=C(C=C1)Cl)(C2=CC=C(C=C2)Cl)O,False,4.148864616843579,4.898864942667959,4.448864857638396,
C[C@H]1[C@@H]2CC[C@]3(C=CC(=O)C(=C3[C@H]2OC1=O)C)C,False,,,,4.760030197409634
CN(C)CCOC(=O)C(C1=CC=CC=C1)C2(CCCC2)O.Cl,False,,,4.510030276850633,
CC1=C(C(=O)N(C(=O)N1)C(C)(C)C)Cl,False,4.3988649544426,,,
CCNC1=NC(=NC(=N1)Cl)NC(C)(C)C,False,4.948862919408721,6.348818937555312,,
CCCCCCCCCCN1C=C[N+](=C1)C.C(F)(F)(F)S(=O)(=O)[O-],False,4.487302265705045,4.487302265705045,5.68729385440211,4.337302596102286
CC1=CC(=C(C=C1)NC(=O)CC(=O)C)C,False,4.648864911118024,4.498865393540615,,4.448864857638396
CC1=C(C(C(=C(N1)C)C(=O)OCC(=O)C)C2=CC=CC=C2[N+](=O)[O-])C(=O)OC,False,5.660032085297399,4.860029658404407,,4.96003097313254
CC(OC(=O)C)OC(=O)C,False,4.4855731228685976,,,
CC1=C(C=C(C=C1)C=O)C,False,4.448864857638396,,,
CC1=CCC(CC1)C(=C)C,False,4.333504483533776,,,
C[C@]12CC[C@H]3C(=CCC4=C3C=CC(=C4)O)[C@@H]1CCC2=O,True,4.448864857638396,4.448864857638396,,4.698865786166042
CCC1=C(C(=C(C=C1C)N)CC)N,False,4.698865786166042,4.448864857638396,5.298863933907473,4.548864726812244
CC(=O)OCC(=O)[C@]1(CC[C@@H]2[C@@]1(C[C@@H]([C@]3([C@H]2CCC4=CC(=O)C=C[C@@]43C)F)O)C)O,False,,4.70496867700259,,4.9100313379205005
CC(=O)OC1=CC=CC=C1C(=O)O,False,4.610029886099158,,4.457158396183755,
CC(=O)[O-].CC(=O)[O-].O.O.O.[Pb+2],False,,,4.173145464019715,
C1=CC2=C(C=CC(=C2)SSC3=CC4=C(C=C3)C=C(C=C4)O)C=C1O,False,4.298510921987347,4.198510790053978,4.198510681532065,4.648511090281542
COC1=CC=C(C=C1)CCN2CCC(CC2)NC3=NC4=CC=CC=C4N3CC5=CC=C(C=C5)F,False,,4.399593154727795,5.324595209021229,4.639156759126164
CC(COP(=O)(OCC(C)Cl)OCC(C)Cl)Cl,False,4.651350564607997,4.401350634527242,,
CC1=C(C=CC(=C1)Cl)N=CN(C)C,False,4.448864857638396,,4.448864857638396,
CCOC(C(=O)C1=CC=CC=C1)OCC,False,4.648864911118024,,,
CCNC1=NC(=NC(=N1)Cl)NC(C)C,False,4.626356329374199,,4.2038483729786975,
CC(C)NC1=NC(=NC(=N1)N)Cl,False,4.399573853919421,,,
CCCCC(CC)COC(=O)C(=C(C1=CC=CC=C1)C2=CC=CC=C2)C#N,False,4.5794477467935515,5.504446105605262,5.229447965951509,5.3044447446203495
C1=C(C=C(C(=C1C(=O)O)O)S(=O)(=O)O)N,False,,,4.454923083488937,
CN(C)CCC=C1C2=CC=CC=C2C=CC3=CC=CC=C31.Cl,False,,,5.160031997995545,
C1=CC(=C(C=C1N)Cl)N.OS(=O)(=O)O,False,4.4242193557789085,5.049219208153653,4.649219279227829,5.324219449906135
CC1=C(C=CC(=C1)NC2=CC=C(C=C2)O)N,True,4.450638654031714,5.150642018338701,4.450638654031714,5.000638882582227
C1=CC=C2C(=C1)C(=O)C3=C(C=C(C(=C3C2=O)N)S(=O)(=O)O)Br,True,5.698861444284984,5.048866560110487,4.3988649544426,
CCCCCCOC(=O)C1=CC=CC=C1O,True,4.448864857638396,,,
CN1C=NC(=C1SC2=NC=NC3=C2NC=N3)[N+](=O)[O-],False,4.401350634527242,,4.401350634527242,
CCCCCCCC[N+](C)(CCCCCCCC)CCCCCCCC.C(F)(F)(F)S(=O)(=O)[O-],False,4.399573853919421,4.549573821877104,6.749579997691106,5.349575903392151
COP(=S)(OC)SCN1C(=O)C2=CC=CC=C2N=N1,True,4.528151339149421,5.30315204771574,4.178151097821125,5.003149662460155
C1=CC(=C(C=C1[N+](=O)[O-])N)Cl,False,4.898864942667959,,,
C1=CC=C(C(=C1)C(=O)O)N,False,4.446391223485836,,4.196390634831721,
C1=CC2=C(C=C1[N+](=O)[O-])SC(=N2)N,False,5.048866560110487,4.3988649544426,4.498865393540615,4.248864914695038
C1=CC(=C(C=C1C=O)Cl)Cl,False,4.386956703353826,,,
C1=CC=C(C=C1)N=NC2=CC=CC=C2,True,4.794648681397071,,4.4904305664700335,
C1=CSC(=C1)CNC2=CC(=C(C=C2C3=NNN=N3)S(=O)(=O)N)Cl,False,,4.610029886099158,,4.96003097313254
C(SC#N)SC#N,False,4.571085776677746,4.471086262067782,,
COC1=CC(=C(C=C1)OC)N=NC2=C(C=CC3=CC=CC=C32)O,True,6.148864004988426,5.19886394724405,4.867420152340263,5.548858579207237
COC1=CC(=C(C=C1N)OC)Cl,False,5.2488672255444015,4.448864857638396,4.198864633756791,4.498865393540615
CC1(C(=C)[C@@]2(C([C@]1(C(C2(Cl)Cl)(Cl)Cl)Cl)Cl)Cl)C,False,4.406718364578499,5.056718231669844,4.506717654221167,6.1067377141120085
C1CN2CC3=CCO[C@H]4CC(=O)N5[C@H]6[C@H]4[C@H]3C[C@H]2[C@@]61C7=CC=CC=C75.C1CN2CC3=CCO[C@H]4CC(=O)N5[C@H]6[C@H]4[C@H]3C[C@H]2[C@@]61C7=CC=CC=C75.OS(=O)(=O)O,False,,,5.360025701545049,5.510027465964983
C/C=C/C/C=C/C/C=C/CC=C,False,4.348864512263225,,,
CCC(O)OCC(C)OC(CC)O,False,4.3988649544426,,4.247449905206265,
CC(C)CC(C)CC(C)/C=C(\C)/C1CC(=O)OC1=O,True,,4.248510729867378,4.537098362886422,
CCCCCCCCCCCC(=O)OC[C@H]([C@@H]1[C@@H]([C@H](CO1)OCCO)OCCO)O,False,,4.959243429672055,,4.8092426217339215
CCC(C)(CCC(C)C)C(=O)OC=C,False,,,4.31742084614685,4.448864857638396
CCCC(CC)CCCCCCCN,False,5.0379954922792605,4.487996389506071,5.637989020770007,4.937997461464071
CCC(C(C(CC(C(C(C)Cl)Cl)Cl)Cl)Cl)Cl,False,4.498865393540615,5.098863295458348,4.498865393540615,
C1C=CC=[C-]1.[CH-]1C=CC=C1.Cl[Zr+2]Cl,True,4.192526535169537,4.38965449503697,4.442526484291312,
CC[C@H](C)[C@@H]1[C@H](C=C[C@@]2(O1)C[C@@H]3C[C@H](O2)C/C=C(/[C@H]([C@H](/C=C/C=C/4\CO[C@H]5[C@@]4([C@@H](C=C([C@H]5O)C)C(=O)O3)O)C)O[C@H]6C[C@@H]([C@H]([C@@H](O6)C)O[C@H]7C[C@@H]([C@H]([C@@H](O7)C)[NH2+]C)OC)OC)\C)C.C1=CC=C(C=C1)C(=O)[O-],False,4.448864857638396,4.198864633756791,4.198864633756791,5.798876102792621
CC(C)(C1=CC=C(C=C1)OCC2CO2)C3=CC=C(C=C3)OCC4CO4,False,,4.296045811997072,,
C1=CC=C2C(=C1)C(=NS2(=O)=O)[O-].C1=CC=C2C(=C1)C(=NS2(=O)=O)[O-].O.[Ca+2],False,4.445635634302598,,,
C1=C(C=C(C(=C1SC2=C(C(=CC(=C2)Cl)Cl)[O-])[O-])Cl)Cl.[Na+].[Na+],False,4.088605325858558,4.741477650537507,,
CC(CC1=CC=C(C=C1)C(C)(C)C)C=O,False,4.448864857638396,4.248864914695038,,
CCCCC(CC)COC(=O)C1=CC=C(C=C1)C(=O)OCC(CC)CCCC,False,4.217420606982476,4.437451988133969,,
C[C@]12CC[C@H]3[C@H]([C@@H]1CC[C@@H]2OC(=O)CCC4=CC=CC=C4)CCC5=CC(=O)CC[C@H]35,False,,4.510030276850633,,
CC1(C(=O)N(C(=O)N1CO)CO)C,False,4.3988649544426,,,
CC1=CC=C(C=C1)S(=O)(=O)OC2=CC=C(C=C2)N=NC3=C(C=C(C=C3)C4=CC(=C(C=C4)N=NC5=C(C=CC6=CC(=CC(=C65)S(=O)(=O)[O-])S(=O)(=O)[O-])O)C)C.[Na+].[Na+],True,4.515846193874087,4.540846053129242,4.490846019133317,4.478142887485006
[NH4+].[N+](=O)([O-])[O-],False,4.267420498373938,,,
C1=C(C(=O)NC(=C1Cl)Cl)Cl,False,4.348864512263225,4.3988649544426,,
CCCCCOC(=O)C1=CC=C(C=C1)O,True,5.293580951166232,4.443576878628715,4.093577677008149,
CCCC[N+]1=CC=CC(=C1)C.C(F)(F)(F)S(=O)(=O)[O-],False,4.44780282906488,,,
CC[N+]1(CCCC1)C.F[P-](F)(F)(F)(F)F,False,,4.387996455425485,,
C1=CC2=C(C=C1[N+](=O)[O-])C(=O)OC2=O,False,4.200283913762908,,4.250283776811246,
CN(C)CCCOC1(CCCCCC1)CC2=CC=CC=C2,False,,,5.8600265120155415,5.360025701545049
CC1(OC2=C(O1)C(=CC=C2)OC(=O)NC)C,False,4.3988649544426,4.148864616843579,,
C1=CC=C(C=C1)CC2NC3=C(C=C(C(=C3)C(F)(F)F)S(=O)(=O)N)S(=O)(=O)N2,False,,4.860029658404407,4.560029756289291,4.810029897405945
CCCCCCCCCCCCN1C=C[N+](=C1)C.C(F)(F)(F)S(=O)(=O)[O-],False,5.241474150531124,4.1414772390519765,5.5414830149511705,4.091477451121101
C1CCCCCOCCCCOC(=O)CCCC1,False,4.448864857638396,,,4.448864857638396
CCCCN(CC)C1=C(C=C(C=C1[N+](=O)[O-])C(F)(F)F)[N+](=O)[O-],False,4.648864911118024,4.598864942530007,,
CCCCCCOC(=O)C1=CC=CC=C1,True,4.498865393540615,,,
C1CCC(CC1)(C2=CC=C(C=C2)O)C3=CC=C(C=C3)O,False,4.222417323586809,4.522417190830897,,4.572418148938041
CC(C)N1C(=O)C2=CC=CC=C2NS1(=O)=O,False,,4.748865478286559,,
CC(C)C(C(C)(C)COC(=O)C(C)C)OC(=O)C(C)C,False,4.3988649544426,,4.244982388059315,
CCC1=C(C2=CC=CC=C2O1)C(=O)C3=CC(=C(C(=C3)Br)O)Br,False,,5.810032701648728,,
C1=CSC(=C1)SSC2=CC=CS2,True,4.598864942530007,5.298863933907473,,
C1=CC=C2C3=C4C(=CC2=C1)C=CC5=C4C(=CC=C5)C=C3,True,6.490394295388444,,,
CC(C)NCC(C1=CC=CC=C1Cl)O.Cl,False,,,5.110031956768376,
CCOC(=O)C1=CC=C(C=C1)N,False,4.748865707419434,4.448864857638396,,
C1=CC=NC(=C1)CCl.Cl,False,,,4.452971351765836,
C1=CC(=CN=C1)CCl.Cl,False,4.356358841133635,,4.206358362201615,
CCN(CC)C(=O)C1CN2CCC3=CC(=C(C=C3C2CC1OC(=O)C)OC)OC,False,,,5.060031709448664,
CNC(=O)OC1=CC=CC=C1C2OCCO2,False,4.5009951303440445,4.425275572676055,4.425275572676055,
CCCCCCC(CCOC(=O)C)O,False,3.927107043279397,,,
C1=CC=C(C=C1)CSCC2=NS(=O)(=O)C3=CC(=C(C=C3N2)Cl)S(=O)(=O)N,False,,5.310025555333226,4.510030276850633,4.860029658404407
CC(C)CC1=NN=C(S1)NS(=O)(=O)C2=CC=C(C=C2)OC,False,,4.9100313379205005,,
C1=CC=C(C=C1)OC2=CC=C(C=C2)Cl,False,4.395992769776875,,,
C1=CC=C(C=C1)COC(=O)C2=CC=CC=C2,True,4.597449757302194,4.3988649544426,,
C1=CC=C(C=C1)CN=C=S,False,4.494279028526469,4.4442793609000795,4.644278446849253,4.544279814533381
CCCCOC(=O)C1=CC=CC=C1C(=O)OCC2=CC=CC=C2,False,5.149217463270009,5.049219208153653,4.148864616843579,
CC(C)COCC(CN(CC1=CC=CC=C1)C2=CC=CC=C2)N3CCCC3,False,,,7.309803919971486,5.510027465964983
CC(=CCCC(C)(C=C)OC(=O)C1=CC=CC=C1N)C,False,4.396038709564252,,,
CC1=C(C=C(C=C1)NC(=O)C)Cl,False,5.19886394724405,,,4.3988649544426
CN(C)C1=CC=C(C=C1)SC#N,False,5.39886386639293,4.598864942530007,4.498865393540615,
C1CCCCCCCOC(=O)CCCCCC1,False,4.237451969254929,,,4.498865393540615
COC1=C2C=CC(=O)OC2=CC3=C1C=CO3,False,6.518940446907244,5.568950048123152,5.389041893901098,4.9939512813811895
CCCCCCCCCC[N+](C)(C)CCCCCCCCCC.[Cl-],False,4.198864633756791,4.3988649544426,5.998872299722965,4.248864914695038
CC1([C@@H](N2[C@H](S1)[C@@H](C2=O)NC(=O)[C@@H](C3=CC=CC=C3)N)C(=O)O)C.O.O.O,False,,,4.351706358190706,
C1=CC=C(C=C1)C2=CC(=O)C3=C(O2)C=CC4=CC=CC=C43,True,5.2488672255444015,5.4488672992713925,5.19886394724405,4.698865786166042
CC(C)C[C@@H](C(=O)N[C@@H](CCCN=C(N)N)C(=O)N1CCC[C@H]1C(=O)NCC(=O)N)NC(=O)CNC(=O)[C@H](CC2=CC=C(C=C2)O)NC(=O)[C@H](CO)NC(=O)[C@H](CC3=CNC4=CC=CC=C43)NC(=O)[C@H](CC5=CN=CN5)NC(=O)[C@@H]6CCC(=O)N6.Cl,False,4.460029874171644,,,4.860029658404407
CC(C)[C@@H](CC1=CC(=C(C=C1)OC)OCCCOC)C[C@@H]([C@H](C[C@@H](C(C)C)C(=O)NCC(C)(C)C(=O)N)O)N.Cl,False,,,,4.860029658404407
C1=CC=C2C(=C1)C=CC=C2S(=O)(=O)[O-].[Na+],False,4.3988649544426,4.348864512263225,,
C1=CC=C2C(=C1)C(=O)C3=C(C2=O)C=C(C=C3)S(=O)(=O)[O-].[Na+],False,4.14709628803906,4.897096577302825,4.397096126314551,
C1=C(C(=CC(=C1Cl)Cl)Cl)[O-].[Na+],False,4.648864911118024,,,
CC(=O)C(=O)[O-].[Na+],False,4.3988649544426,,,
C(CS(=O)(=O)[O-])S.[Na+],False,,4.510030276850633,4.504563902680813,
C1=CC=C(C=C1)CN2C3=CC=CC=C3C(=N2)OCC(=O)[O-].[Na+],False,,4.510030276850633,,
C1(=C(C(=C(C(=C1Cl)Cl)Cl)Cl)Cl)[O-].[Na+],False,4.148864616843579,4.448864857638396,5.548858579207237,
CC(=C)CS(=O)(=O)[O-].[Na+],False,4.448864857638396,,,
CC1=C(C=CC2=C1OC(=O)C(=C2[O-])NC(=O)C3=CC(=C(C=C3)O)CC=C(C)C)O[C@H]4[C@@H]([C@@H]([C@H](C(O4)(C)C)OC)OC(=O)N)O.[Na+],False,,4.96003097313254,,
CCC1=CC(=C2C1=CC=CC(=C2)C(C)C)S(=O)(=O)[O-].[Na+],False,,4.460029874171644,,
CC(C)N1C2=CC=CC=C2C(=C1/C=C/[C@H](C[C@H](CC(=O)[O-])O)O)C3=CC=C(C=C3)F.[Na+],False,,5.360025701545049,,
CC(C)C1=C(C(=C(C(=N1)C(C)C)COC)C2=CC=C(C=C2)F)/C=C/[C@H](C[C@H](CC(=O)[O-])O)O.[Na+],False,4.510030276850633,4.481738871577765,,4.7817385781382615
CC1=C(C=C(C=C1)C(=O)C(=O)[O-])C.[Na+],False,4.510030276850633,,,
C1=C2C=C(C=C(C2=C(C=C1S(=O)(=O)[O-])N)O)S(=O)(=O)O.[Na+],False,,4.400638831248489,4.450638654031714,
CCC1=C(C(=CC=C1)CC)N(COC)C(=O)CS(=O)(=O)[O-].[Na+],False,,4.3988649544426,,
CCCC(C)C1(C(=O)NC(=NC1=O)[S-])CC.[Na+],False,,4.760030197409634,,5.310025555333226
COC1=CC=C(C=C1)C(=O)/C(=C\C(=O)[O-])/Br.[Na+],False,4.448864857638396,4.598864942530007,4.198864633756791,4.198864633756791
C1CCC(CC1)NS(=O)(=O)[O-].[Na+],False,4.769425917661038,,,
CC(C)(CS(=O)(=O)[O-])NC(=O)C=C.[Na+],False,,4.3921762511311675,,4.242176720259616
C(C(=O)[O-])Cl.[Na+],False,4.348864512263225,4.173459714626831,,
C1(=NC(=O)N(C(=O)N1Cl)Cl)[O-].[K+],False,,,5.898871824161243,
OS(=O)[O-].[Na+],False,,,,4.871264800032603
CCCCCCCCCCOS(=O)(=O)[O-].[Na+],False,,4.450283314699821,,
CCCCC(CC)CCC(CC(C)C)OS(=O)(=O)[O-].[Na+],False,,4.498865393540615,,
CCCCCCCCCCCCOCCOS(=O)(=O)[O-].[Na+],False,,4.148864616843579,4.198864633756791,
C1=CC(=C(C=C1OC2=C(C=C(C=C2I)C[C@@H](C(=O)[O-])N)I)I)O.[Na+],False,,4.981012562435773,,4.431013733614087
CN1C(=NN=N1)SCC2=C(N3[C@@H]([C@@](C3=O)(NC(=O)CSCC#N)OC)SC2)C(=O)[O-].[Na+],False,4.560029756289291,,,
C1(=NC(=O)N(C(=O)N1Cl)Cl)[O-].O.O.[Na+],False,4.237451969254929,,,
C1=CC2=C(C=CC(=C2)S(=O)(=O)[O-])C=C1O.[Na+],False,4.198864633756791,,,
CC1=C(C=C(C=C1)S(=O)(=O)[O-])C.[Na+],False,4.273459830462956,4.098864931407043,,
C[C@H](CCC(=O)[O-])[C@H]1CC[C@@H]2[C@@]1([C@H](C[C@H]3[C@H]2CC[C@H]4[C@@]3(CC[C@H](C4)O)C)O)C.[Na+],False,,4.297096650247209,,4.497096510006717
CN(C)C1=CC=C(C=C1)N=NS(=O)(=O)[O-].[Na+],True,5.3261408196504725,5.726142564628882,5.39886386639293,5.276134035556496
CCCCC1=NC2=C(N1CC3=CC=C(C=C3)C4=CC=CC=C4C5=NN=N[N-]5)N=CC=C2.[Na+],False,4.148864616843579,6.44891613481422,,4.3988649544426
C(C(C(C(C(F)(F)S(=O)(=O)[O-])(F)F)(F)F)(F)F)(C(C(C(F)(F)F)(F)F)(F)F)(F)F.[K+],True,,6.270187492839065,,
CCCCC(CC)C(=O)[O-].[K+],False,4.348864512263225,4.198864633756791,,
CCCCCCCCS(=O)(=O)[O-].[Na+],False,,4.397449532974095,,
C[C@@H]1C[C@H]2[C@@H]3CCC4=CC(=O)C=C[C@@]4([C@]3([C@H](C[C@@]2([C@]1(C(=O)COC(=O)C)O)C)O)F)C,False,,4.810029897405945,,5.060031709448664
C1=CC(=CC=C1N)[As](=O)(O)[O-].[Na+],False,4.7606679812952395,,,4.460667918644646
CCCCCCCCC1=CC=C(C=C1)S(=O)(=O)[O-].[Na+],False,,4.102419639110874,,
C1=C(C=C(C=C1C(=O)O)S(=O)(=O)[O-])C(=O)O.[Na+],False,,,4.443576878628715,
CC(C)CP(=S)(CC(C)C)[S-].[Na+],False,,4.498865393540615,,4.448864857638396
C1=CC=C(C=C1)NCC(=O)[O-].[K+],False,4.3988649544426,4.237451969254929,,
C1=CC(=C(C=C1O)S(=O)(=O)[O-])O.[K+],False,,,4.256118813664984,
CCCCCCCCCCCCCCCCCCOS(=O)(=O)[O-].[Na+],False,4.248864914695038,4.548864726812244,,
CCCCC(CC)COC(=O)CC(C(=O)OCC(CC)CCCC)S(=O)(=O)[O-].[Na+],False,4.3988649544426,4.807143647737526,4.270885043596484,4.182143450143764
CCC1=C2C(=CC(=C1)C3=C(N(S(=O)(=O)C4=CC=CC=C43)C5=CC=CC=C5C(F)(F)F)C(=O)[O-])OCO2.[K+],False,,4.95384834897154,,5.553851324303817
CCC1(C(=O)NC(=NC1=O)[O-])C2=CC=CC=C2.[Na+],False,,4.160327160876271,,
CC1=CC(=O)/C(=C(/C)\[O-])/C(=O)O1.[Na+],False,4.3988649544426,4.3988649544426,,
C(C(C(F)(F)S(=O)(=O)[O-])(F)F)(C(F)(F)F)(F)F.[K+],False,4.423285570266604,4.773286703322613,4.573285464827874,4.223285743799173
CC(=O)OCC1=C(N2[C@@H]([C@@H](C2=O)NC(=O)CSC3=CC=NC=C3)SC1)C(=O)[O-].[Na+],False,,4.860029658404407,4.96003097313254,5.060031709448664
CC1=C(C(=NO1)C2=CC=CC=C2Cl)C(=O)N[C@H]3[C@@H]4N(C3=O)[C@H](C(S4)(C)C)C(=O)[O-].[Na+],False,,4.460029874171644,4.460029874171644,
CC1=NN(C(=O)C1N=NC2=CC=CC=C2)C3=CC=C(C=C3)S(=O)(=O)[O-].[Na+],True,,4.198864633756791,,
CC1=C(C(=NO1)C2=C(C=CC=C2Cl)Cl)C(=O)N[C@H]3[C@@H]4N(C3=O)[C@H](C(S4)(C)C)C(=O)[O-].O.[Na+],False,,4.760030197409634,,5.310025555333226
COC(=O)C1=CC(=CC(=C1)S(=O)(=O)[O-])C(=O)OC.[Na+],False,4.205640239035108,,,
C1=CC(=C(C=C1Cl)Cl)OCC(=O)[O-].[Na+],False,,4.447804124446048,,
C1=CC=C(C(=C1)C(=O)O)C(=O)[O-].[K+],False,4.385918378531126,,,
COC1=CC(=NC(=N1)NC(=O)[N-]S(=O)(=O)C2=C(C=CC=N2)OCC(F)(F)F)OC.[Na+],False,4.4713069290042045,4.271307032534089,,
C/C(=N\NC(=O)NC1=CC(=CC(=C1)F)F)/C2=C(C=CC=N2)C(=O)[O-].[Na+],False,,4.998863636444484,,
CC1([C@@H](N2[C@H](S1)[C@@H](C2=O)NC(=O)COC3=CC=CC=C3)C(=O)[O-])C.[K+],False,4.44815614382721,4.095284725141379,,
CC1=CC=C(C=C1)C(=O)C2=CC=C(N2C)CC(=O)[O-].O.O.[Na+],True,,4.710029980825098,,
CC1=CC(=C(C=C1)N/N=C/2\C(=O)C=C/C(=N\NC3=CC=C(C=C3)S(=O)(=O)[O-])/C2=O)C.[Na+],True,4.448864857638396,4.448864857638396,4.195992853319044,
[Li+].C(C(C(C(C(F)(F)S(=O)(=O)[O-])(F)F)(F)F)(F)F)(C(C(C(F)(F)F)(F)F)(F)F)(F)F,False,,6.298863933907474,,
C1=CC2=C(C=CC(=C2)S(=O)(=O)[O-])C=C1O.[K+],False,4.148864616843579,,,
CCCCCCCCCOS(=O)(=O)[O-].[Na+],False,,4.698865786166042,,
C(C(C(C(F)(F)S(=O)(=O)[O-])(F)F)(F)F)(C(C(F)(F)F)(F)F)(F)F.[K+],False,,5.948847477552619,,
CC(C)C1=CC2=CC[C@@H]3[C@@]([C@H]2CC1)(CCC[C@@]3(C)C(=O)[O-])C.[Na+],False,,4.548864726812244,,4.448864857638396
C(=O)(C(Cl)(Cl)Cl)[O-].[Na+],False,4.448864857638396,,,
C(CC(O)(P(=O)(O)O)P(=O)(O)[O-])CN.O.O.O.[Na+],False,4.560029756289291,,,
CCCCCN(CCCCC)C(=O)C(CCC(=O)[O-])NC(=O)C1=CC(=C(C=C1)Cl)Cl.[Na+],False,,5.510027465964983,4.510030276850633,
COC1=CC(=NC(=N1)SC2=C(C(=CC=C2)Cl)C(=O)[O-])OC.[Na+],False,,,4.348864512263225,
CC(C)COC(=O)CC(C(=O)OCC(C)C)S(=O)(=O)[O-].[Na+],False,,4.498865393540615,,
CC1=CC=CC=C1C(=O)N2CC/C(=N\OS(=O)(=O)[O-])/C3=C2C=C(C=C3)Cl.[K+],False,,5.160031997995545,,4.460029874171644
CNCCS(=O)(=O)[O-].[Na+],False,4.445334008513515,,,
C1=CC=C2C(=C1)C(OS2(=O)=O)(C3=CC=C(C=C3)O)C4=CC=C(C=C4)[O-].[Na+],True,4.598864942530007,5.548858579207237,,4.698865786166042
[Li+].C1=C(C=C(C=C1C(=O)[O-])S(=O)(=O)O)C(=O)O,False,4.3988649544426,,4.598864942530007,
CC(C)NCC(COC1=CC=C(C=C1)CCOCC2CC2)O,False,4.490601215537933,,4.810029897405945,
CC1=C(C(=C(C=C1/C(=C/2\C=C(C(=O)C(=C2C)Br)Br)/C3=CC=CC=C3S(=O)(=O)[O-])Br)O)Br.[Na+],True,4.616202580443336,4.76620207435373,4.666202206947153,4.566202973533484
CCOC(=S)[S-].[Na+],True,,4.521625444376394,,
CC(C)OC(=S)[S-].[Na+],False,4.498865393540615,4.498865393540615,,
COCCOC1=CC(=CC=C1)S(=O)(=O)[N-]C2=NC=CC=N2.[Na+],False,4.560029756289291,,,
C1CCC(CC1)OC(=O)CC(C(=O)OC2CCCCC2)S(=O)(=O)[O-].[Na+],False,,4.450653807000651,,
C1C(=NN(C1=O)C2=CC=C(C=C2)S(=O)(=O)O)C(=O)[O-].[Na+],False,4.448864857638396,,,
CCC1=C(C(=CC=C1)CC)NC(=O)C(=O)[O-].[Na+],False,4.348864512263225,,,
C1=CC(=C(C=C1Cl)Cl)OCCCC(=O)[O-].[Na+],True,,4.148864616843579,,
C1=CC=C2C(=C1)C=CC=C2CC(=O)[O-].[K+],False,4.42539121523787,,,
C1=CC=C(C=C1)/C=C/S(=O)(=O)[N-]C(=O)C2=C(C=C(C=C2)F)Cl.[Na+],False,,5.098863295458348,,
CCC/C(=C\1/C(=O)CC(C(=C1[O-])C(=O)OC)(C)C)/NOCC=C.[Na+],False,4.311102538828902,4.453848624531033,,4.453848624531033
CC1=CC(=C(C=C1N=NC2=CC=C(C=C2)S(=O)(=O)[O-])OC)N=NC3=CC=C(C=C3)OC.[Na+],True,4.254354595552943,4.098864931407043,,
CCOC1=C(C2=CC=CC=C2C=C1)C(=O)N[C@H]3[C@@H]4N(C3=O)[C@H](C(S4)(C)C)C(=O)[O-].O.[Na+],False,4.760030197409634,,,
CCCCCCCCCCCC[N+](C)(C)CC1=CC=CC=C1.[Br-],False,4.460029874171644,,5.8600265120155415,
CC(=O)CC(C1=CC=CC=C1)C2=C(C3=CC=CC=C3OC2=O)[O-].[K+],False,,4.860029658404407,,
C([C@H]([C@H]([C@@H]([C@H](C(C(=O)[O-])O)O)O)O)O)O.[Na+],False,4.393577787329442,,4.1935771604604275,
CCCCCCCCCC(CC)C1=CC=C(C=C1)S(=O)(=O)[O-].[Na+],False,,4.196390634831721,,
CN(C)CCN1CCN(C1=O)C2=CC(=CC=C2)Cl,False,4.510030276850633,,4.810029897405945,
C1=C(OC(=C1)C=O)CO,False,4.348864512263225,,,
CC(C)(C)C1=CC(=C(C=C1O)C(C)(C)C)O,False,4.3988649544426,4.348864512263225,,
CC(CS(=O)(=O)C1=CC=C(C=C1)F)(C(=O)NC2=CC(=C(C=C2)C#N)C(F)(F)F)O,False,,5.182679279180814,,5.632681359070308
CNCCCCOC1=CC=CC=C1CC2=CC=CC=C2,False,4.9100313379205005,,5.760025198883063,5.560036064079095
C1=CC=C(C=C1)C2=CC=C(C=C2)C(C3=CC=CC=C3)N4C=CN=C4,False,5.26003230324049,6.659952682338607,5.760025198883063,7.1598939055432425
C1=CC(=C(C=C1C2=CC(=C(C=C2)N)N)N)N.Cl.Cl.Cl.Cl,True,4.550284076611865,4.800283209056214,4.700283558137462,5.300283650827826
CC(=O)OC1=CC=C(C=C1)C(C2=CC=C(C=C2)OC(=O)C)C3=CC=CC=N3,False,4.401350634527242,4.905690345565495,4.20135073546148,4.801351159221622
CC(C)CC(=O)OC(C)(CCC=C(C)C)C=C,False,,4.048864616049475,,4.22936518990372
C1=C(C=C(C(=C1SC2=C(C(=CC(=C2)Cl)Cl)O)O)Cl)Cl,False,,4.848866210191896,,4.047803001663427
C1C[C@@H](O[C@@H]1CO)N2C=CC(=NC2=O)N,False,,4.206358362201615,,
C=CCOC(=O)C1=CC=CC=C1N,False,4.845685603436225,4.39568644863326,4.195686066796907,4.39568644863326
C1=CC(=CC=C1CC#N)Cl,False,4.548864726812244,,,
CCCCCCCCCC(CC)C1=CC=C(C=C1)S(=O)(=O)[O-].CCCCCCCCCC(CC)C1=CC=C(C=C1)S(=O)(=O)[O-].[Ca+2],False,4.460029874171644,5.060031709448664,,
CCCCCCCCCC(CC)C1=CC=C(C=C1)S(=O)(=O)O.C(CO)N(CCO)CCO,False,,4.503734749529954,,
CNC(=S)[S-].O.O.O.[Na+],False,4.267219166808577,4.60996442501549,,
CCC(=O)N(C1CCN(CC1)C(C)CC2=CC=CC=C2)C3=CC=CC=C3.Cl,False,,4.147296816840401,,
CN(C1CCCCC1)C2CCCCC2,False,,4.239521348440184,5.498858544712217,
Cl[Sn](Cl)(Cl)Cl,False,4.489038320650855,,,
C1=CC=C(C=C1)C(=O)O,False,4.3773498286255705,4.26593701626713,4.427349084747641,
CCCCC(CC)COC(=O)CS,False,4.393226442014475,4.396045806040775,4.446046062922445,4.596046053640672
C1=CC=C(C=C1)CN(CC2=CC=CC=C2)CC3=CC=CC=C3,False,4.498865393540615,4.648864911118024,5.048866560110487,
CCOC(=O)C(=C(C1=CC=CC=C1)C2=CC=CC=C2)C#N,False,5.64472538830792,5.354446002195306,4.3988649544426,
C1CN=C(N1)NC2=C(C3=NC=CN=C3C=C2)Br,False,,,4.510030276850633,
CCC(=O)C1=CC2=C(C=C1)SC3=CC=CC=C3N2CCCN(C)C.Cl,False,5.660032085297399,,5.96003097313254,
CC1=C(C(=CC=C1)C)NC(=O)CN2CCCC2,False,,,4.9100313379205005,
C1=CC=C(C=C1)C(=O)OCCCCCOC(=O)C2=CC=CC=C2,False,5.098863295458348,4.948862919408721,,
[O-]S(=O)(=O)OOS(=O)(=O)[O-].[K+].[K+],False,4.394931024190354,,,
CCCCOC(=O)C1=CC=CC=C1N,True,4.996388697369311,4.396390174579963,,
CN(C)CCOC(C1=CC=CC=C1)C2=CC=C(C=C2)Br,False,4.810029897405945,4.560029756289291,5.8600265120155415,
OP(=O)([O-])OP(=O)(O)[O-].[Na+].[Na+],False,4.548864726812244,,,
CCN(CC)CCNC(=O)C1=CC(=C(C=C1OC)N)Br,False,4.760030197409634,,5.26003230324049,
CC1=C(C(=NC(=N1)N)N)C2=CC(=C(C=C2)Cl)Cl,False,,,5.660032085297399,
C1CN(CCC1(C2=CC=C(C=C2)Br)O)CCCC(=O)C3=CC=C(C=C3)F,False,,,5.610036963564112,
[NH4+].NS(=O)(=O)[O-],False,,4.132473588800257,,
CC1=C(C(=O)C(=C(C1=O)C)C(CCCCCC(=O)O)C2=CC=CC=C2)C,False,,4.560029756289291,,
C(C(CO)([N+](=O)[O-])Br)O,False,4.798865170407076,5.298863933907473,,
[O-][Cr](=O)(=O)O[Cr](=O)(=O)[O-].[K+].[K+],False,,4.094630530937389,,
C1=CC2=C(C(=C(C=C2Br)Br)O)N=C1,False,4.360029681443528,4.478585991510725,,
[Cl-].[Cl-].[Cd+2],True,,4.171923344921384,,4.244982388059315
O.O.O.O.O.O.[Mg+2].[Cl-].[Cl-],False,4.201706465163455,,,
CC(C)(C)NCC(COC1=CC=CC=C1OCC2CCCO2)O,False,,,5.510027465964983,
C1=CC=C(C(=C1)C(=C(Cl)Cl)C2=CC=C(C=C2)Cl)Cl,False,,4.698865786166042,,
CCCCOC1=CC=C(C=C1)CC(=O)NO,False,4.810029897405945,4.660030100046487,4.810029897405945,
C1=CC=C2C(=C1)C(=O)C(C2=O)C3=NC4=C(C=C(C=C4C=C3)S(=O)(=O)[O-])S(=O)(=O)[O-].[Na+].[Na+],True,4.364920576479804,,,
COC1=CC(=C(C=C1)OC)Cl,False,4.548864726812244,,4.448864857638396,
CCCCN=C(N)N=C(N)N,False,4.507157926606608,,4.510030276850633,
CC(C)OC(=O)NC1=CC=CC=C1,True,4.473333719096924,4.147803121994556,,
CCCN(CCC)CCC1=CNC2=CC=CC=C21.Cl,False,4.654563531654724,,6.5045944368538064,
CCOP(=O)(OCC)SCCSCC,False,4.458794542318413,4.46872422699843,4.30879468162324,4.518723667886166
C(/C=C/Cl)Cl,False,4.196037866904468,,,
CCOC(=O)NC1=CC(=CC=C1)OC(=O)NC2=CC=CC=C2,True,4.848866210191896,4.3988649544426,4.448864857638396,4.3988649544426
CC1=CC(=CC=C1)NC(=O)OC2=CC=CC(=C2)NC(=O)OC,True,4.998865107590161,,,
CC1=CC(=C(C=C1)Cl)OCC(CNC(C)(C)C)O,False,,,6.010016541698601,
CCCCCCCCCCCCOCCO,True,4.479447633856129,4.429447414307122,,
CCCCOCC(C)OCC(C)O,False,,,4.538342431107913,
C[Si](C)(C)O[Si](C)(C)C,False,4.3988649544426,,,
C1CCC2(C1)CC(=O)N(C(=O)C2)CCCCN3CCN(CC3)C4=NC=CC=N4,False,4.3988649544426,4.098864931407043,4.779447722285225,5.154449431675489
CCCCCCCCCC1=CC=C(C=C1)OCCOCCO,False,,4.976303181951283,4.626304765372722,5.126301662352088
CS(=O)(=O)OCCCCOS(=O)(=O)C,False,,,4.49815726415795,
CC1=CC(=O)NO1,False,,3.9845899431237988,,
C[C@H]1C[C@H]2[C@@H]3CC[C@@H]([C@]3(C[C@@H]([C@@H]2[C@@]4(C1=CC(=O)CC4)C)O)C)C(=O)C,False,,5.910024277312271,,4.860029658404407
CCCCN(CCCC)CCCOC(=O)C1=CC=C(C=C1)N,False,,,7.510041520575165,
CC(C)N(CCC1=CNC2=C1C=C(C=C2)OC)C(C)C.Cl,False,4.388072865648582,,5.488076552149854,
C1CC(CCC1NC2=NC=NC3=C2C=NN3)OC[C@@H](C4=CC=CC=C4F)F,False,,4.498865393540615,4.173145464019715,
Cl[In](Cl)Cl,True,4.448864857638396,4.448864857638396,,
O=P(Cl)(Cl)Cl,False,4.420930146819126,,,
P(Cl)(Cl)(Cl)(Cl)Cl,True,,,,4.5456857604352106
CCCCOC(=O)C1=CC=C(C=C1)N,True,5.357115647296419,4.632118088817383,4.254206405719203,4.510030276850633
CC(C)(C)C1=CC=C(C=C1)CN(C)CC2=CC=CC3=CC=CC=C32,False,4.590601201559466,4.810029897405945,6.460046158343603,
NN.OS(=O)(=O)O,False,4.498865393540615,4.448864857638396,4.24599281116335,
CC[C@@H](C1=CC=CC=C1)NC(=O)C2=C(C=CC(=C2)F)[N-]S(=O)(=O)C3=CC=CC4=C3N=CC=C4.[Na+],False,,4.922788396166928,,5.672784150893637
CCCCC(CC)CNC(=O)CC(C)OC(=O)CCC(=O)O,False,,4.510030276850633,4.810029897405945,4.860029658404407
CCCCNC1=C2C=NN(C2=NC(=C1C(=O)OCC)C)CC.Cl,False,5.560036064079095,4.560029756289291,,5.060031709448664
C[N+](C)(C)CC(=O)[O-].O,False,,,,4.247803225592409
[O-][Se](=O)[O-].[Na+].[Na+],False,4.866330184348212,,,4.816328797428637
CCCCCCCCCCCCCCCCCCN1C=C[N+](=C1)C.F[P-](F)(F)(F)(F)F,False,4.251350780072153,4.451350206101622,6.201349354554731,4.701349932773607
CC(CCCC(C)(C)O)CCO,False,4.256118813664984,,,
C1CN(CCC1C(=O)C2=CC=C(C=C2)F)CCN3C(=O)C4=CC=CC=C4NC3=S.Cl,False,4.560029756289291,4.510030276850633,5.360025701545049,4.810029897405945
C/C=C(\C)/C(=O)OCC1=CC=CC=C1,True,4.448864857638396,,,
C[C@]12C=CC3=C4CCC(=O)C=C4CC[C@H]3[C@@H]1CC[C@@H]2O,False,4.4115273059494164,4.500286381692601,4.201706465163455,4.201706465163455
CN1CCC(CC1)NC(=O)C2=CC(=C(C=C2)NC3=NC=C4C(=N3)N(CC(C(=O)N4C)(F)F)C5CCCC5)OC,False,,4.6366964598917875,,4.686696040981879
CCCCC(CC)COCCC#N,False,,4.198864633756791,,
CC(CO)OCC(C)OCC(C)OC,False,,4.648864911118024,,
C(#N)C(C(=O)N)(Br)Br,False,,,4.248864914695038,
CC1=C[C@@H]2[C@H](CC[C@]3([C@H]2CC(=C)[C@@]3(C(=O)C)OC(=O)C)C)[C@@]4(C1=CC(=O)CC4)C,False,,4.72479483883134,,
CC1=CN(C2=C1C=C(C=C2)F)NC(=O)C3=CN=C(N=C3C)C4=CC=CC=N4,False,4.498865393540615,5.698861444284984,4.448864857638396,5.098863295458348
CCOC(=O)C1=CC=C(C=C1)N(C)C,True,5.298863933907473,4.498865393540615,,
CCOP(=S)(OCC)SC(CCl)N1C(=O)C2=CC=CC=C2C1=O,False,4.148864616843579,5.948847477552619,4.3988649544426,5.798876102792621
C[NH+](C)CCC(C1=CC=CC=C1)C2=CC=CC=[NH+]2.C(=C\C(=O)[O-])\C(=O)[O-],False,4.397449532974095,,4.628740090641365,
C1=CC=C2C(=C1)C(=O)C(C2=O)C3=NC4=CC=CC=C4C(=C3O)Br,True,5.098863295458348,4.630563339569857,,4.548864726812244
CCCCN1CN(C=C1)C.Br,False,,,,4.841604333898873
C[C@@H]1CC2=CC(=O)CC[C@@H]2[C@@H]3[C@@H]1[C@@H]4CC[C@]([C@]4(CC3)C)(C)O,False,,,,4.760030197409634
CCC[N+]1(CCCC1)C.C(F)(F)(F)S(=O)(=O)[N-]S(=O)(=O)C(F)(F)F,False,,5.148154832839786,,
CN1C=NC2=C1C(=O)N(C(=O)N2C)C,False,4.443576878628715,,4.393577787329442,
CC(C)C(CCCN(C)CCC1=CC(=C(C=C1)OC)OC)(C#N)C2=CC(=C(C=C2)OC)OC,False,,,,6.010016541698601
CC1(C2CCC1(C(=O)C2=O)C)C,False,4.393928341359247,,,
C1=CC=C(C(=C1)C(=O)O)O.C(CO)N(CCO)CCO,False,4.457437220169034,,,
CC(C)(CC1=CC=CC=C1Cl)N,False,,,5.410028070483141,
COC1=C(C=CC(=C1)CC=C)OC(=O)CC2=CC=CC=C2,True,4.498865393540615,4.898864942667959,4.248864914695038,4.948862919408721
C[C@]12CC[C@H]3[C@H]([C@@H]1CC[C@]2(C)O)CC[C@@H]4[C@@]3(CC5=C(C4)NN=C5)C,False,,6.010016541698601,5.010029874726081,5.010029874726081
[Na+].[Br-],False,4.287452150687937,,,
CCOC1=NC2=CC=CC(=C2N1CC3=CC=C(C=C3)C4=CC=CC=C4C5=NNN=N5)C(=O)OC(C)OC(=O)OC6CCCCC6,True,,4.84893674664625,4.248937327152323,4.998937279820625
CCOC1=NC2=CC=CC(=C2N1CC3=CC=C(C=C3)C4=CC=CC=C4C5=NNN=N5)C(=O)O,False,,4.560029756289291,,
CCN(C)N=O,False,4.206358362201615,,,
COC(=O)NC1=NC2=CC=CC=C2N1,False,4.748863823110483,4.498865393540615,,
C1=CC=C2C(=C1)C=CC3=CC=CC=C3N2C(=O)N,False,4.700994183549363,4.198864633756791,5.700994183549363,4.2509945629404715
COC1=CC=C(C=C1)C(C2CC2)(C3=CN=CN=C3)O,False,4.148864616843579,4.448864857638396,,6.0988687486446285
C1=CC(=C(C=C1Cl)Cl)C(Cl)(Cl)Cl,False,4.495685484472432,,4.495685484472432,
C1=CC(=C(C=C1C(Cl)(Cl)Cl)Cl)Cl,False,4.4081588119418065,,,4.158158317459859
C=CCCCCCCCCO,False,4.448864857638396,,,
CCN(CC)CCOCCOC(=O)C1(CCCC1)C2=CC=CC=C2,False,,,5.310025555333226,5.96003097313254
C1=CC=C(C(=C1)C2=CC=CC=C2Cl)Cl,False,,4.392424892198798,,
C=CC(=O)OCCCCCCOC(=O)C=C,False,4.596046053640672,4.296045811997072,,4.1460458174112516
CC1(CC2=C(O1)C(=CC=C2)OC(=O)NC)C,False,4.394125368142234,,,
COC(=O)C1=CC=C(C=C1)CBr,False,4.443576878628715,,4.493577504918692,4.393577787329442
CCOP(=S)(OCC)SCSC(C)(C)C,False,4.422099481478058,4.922099137408881,,5.172099842173494
CNC(=O)N(C1=CC=CC=C1)C2=CC=CC=C2,False,4.397096126314551,,4.397096126314551,
CCCC(C)(COC(=O)N)COC(=O)NC(C)C,False,4.0999285107073415,,,4.44992826586856
CCCCCCNC(=O)N1C=C(C(=O)NC1=O)F,False,,4.810029897405945,4.560029756289291,
C(CCl)NC(=O)N(CCCl)N=O,False,4.510030276850633,,4.760030197409634,
CC(C1=CC2=C(C=C1)C3=C(N2)C=CC(=C3)Cl)C(=O)O,True,,4.510030276850633,,
COC1=CC(=CC(=C1OC)OC)CC#N,False,4.760030197409634,,,
CN(C(=O)NC1=CC(=C(C=C1)Br)Cl)OC,True,5.748873015022128,4.3988649544426,,4.198864633756791
CCCCNCC,False,4.564690871861408,,,
CCC(=O)N(C1CCNCC1)C2=CC=CC=C2,False,,,5.310025555333226,
C1=CC(=CC(=C1)Cl)NN=C(C#N)C#N,True,4.948862919408721,5.098863295458348,4.198864633756791,4.898864942667959
Cl[Au](Cl)Cl,True,4.3988649544426,4.498865393540615,4.098864931407043,4.598864942530007
CCOC(=O)C1=CN2C(=CC(=N2)OP(=S)(OCC)OCC)N=C1C,False,5.048866560110487,5.4488672992713925,4.598864942530007,4.448864857638396
C1=CC=[N+](C(=C1)[S-])[O-].C1=CC=[N+](C(=C1)[S-])[O-].[Zn+2],True,5.502153924940321,4.852154045009497,6.102165439306614,5.060031709448664
CC1=CCC2C(C1)C2(C)C,False,4.237451969254929,4.198864633756791,,4.479364523525639
CCOP(=S)(OCC)OC1=NC2=CC=CC=C2N=C1,False,5.648861041418151,6.0988687486446285,4.3988649544426,5.298863933907473
CC(=O)C1=C(C(=C(C=C1)Cl)Cl)Cl,False,4.949218233722316,,,
CCCC(=O)O[C@@]1(CC[C@@H]2[C@@]1(C[C@@H]([C@H]3[C@H]2CCC4=CC(=O)CC[C@]34C)O)C)C(=O)CO,False,,,,5.060031709448664
CCOC(=O)C1=CC(=CC=C1)N.CS(=O)(=O)O,False,5.060031709448664,,,
C1=CC=C(C=C1)C(=O)OCCCCCCOC(=O)C2=CC=CC=C2,False,5.4488672992713925,4.948862919408721,,
CC(CCl)OP(=O)(OC(C)CCl)OC(C)CCl,False,4.96159783645225,4.386597103349544,,4.386597129273783
C(C(CCl)OP(=O)(OC(CCl)CCl)OC(CCl)CCl)Cl,False,4.474929838940309,4.474929838940309,4.4499295709892,5.6249263813783
CC(C(C)O)O,False,4.3198091243837,,,
CC(C)CC(=O)C(=O)C,False,4.401350634527242,4.351350230734114,,
C1=CC=C(C=C1)OC2=CC=CC(=C2)CO,False,4.445346122150936,4.220345883443811,4.295345723096691,
CC(=O)OC1=CC=C(C=C1)C2(C(=O)NC3=CC=CC=C3O2)C4=CC=C(C=C4)OC(=O)C,False,,5.610036963564112,,
CCCC(=O)O,False,4.198864633756791,,,
C[C@@H]1CC[C@H](C(=O)C1)C(C)C,False,4.510030276850633,,,
CCN(CC)CCC1=NC(=NO1)C2=CC=CC=C2.C(C(=O)O)C(CC(=O)O)(C(=O)O)O,False,4.810029897405945,,5.110031956768376,
CCOC(=O)NC(C)(C)CC1=CC=C(C=C1)Cl,False,5.110031956768376,4.810029897405945,,
CC1=C(C(=CC=C1)C)NC(=O)C2=CC(=C(C=C2O)Cl)S(=O)(=O)N,False,,4.460029874171644,,
CC1=CC=C(C=C1)C2=CC(=NN2C3=CC=C(C=C3)S(=O)(=O)N)C(F)(F)F,False,4.2997519020819635,4.950638528738947,4.810029897405945,4.698865786166042
CCN(CC)C(=S)[S-].CCN(CC)C(=S)[S-].[Zn+2],True,,4.80241898647377,4.291007074921161,4.402419983183693
COC1=CC(=CC(=C1OC)OC)C(=O)N2CCCCCCC2,False,,,,5.360025701545049
CCCCCCCCCC(=O)N(C)C,False,4.442176515926243,4.3921762511311675,,4.139304521546279
CN(C)C(=S)[S-].CN(C)C(=S)[S-].CN(C)C(=S)[S-].[Fe+3],True,5.342819807493214,5.092819822809695,,4.5428177747578244
COC(=O)C1(C2=CC=CC=C2C3=CC=CC=C31)O,False,4.498865393540615,4.348864512263225,,4.848866210191896
C[C@H](CC1=CC=CC=C1)N(C)CC#C.Cl,False,4.698865786166042,,4.804448203800765,
CC(CC1=CC=CC=C1)N(C)CC2=CC=CO2,False,,,6.110026361596004,
CCCCCCCCCCCCCCCCO,False,4.304354180711538,4.748865707419434,,
C1=CC(=C(C(=C1CNNC(=O)C(CO)N)O)O)O.Cl,False,,4.510030276850633,4.617284323564767,
CCCCCC1=CC=C(C=C1)O,True,4.3988649544426,4.198864633756791,4.198864633756791,
C1=CC=C2C(=C1)C(=O)OC23C4=CC(=C(C(=C4OC5=C(C(=C(C=C35)Br)O)Br)Br)O)Br,True,4.6852545381390085,5.192059278784501,4.4920578174812285,
CN1C(S(=O)(=O)CCC1=O)C2=CC=C(C=C2)Cl,False,4.287452150687937,,,
CCN(CC)C(=O)C(C)OC1=CC=CC2=CC=CC=C21,False,4.696923847017635,4.6469239461131755,,5.246923711014539
C1=CC=C(C=C1)NC(=O)C2=CC=CC=C2I,False,4.698865786166042,4.3988649544426,4.448864857638396,4.548864726812244
C1=C2C(=CC(=C1Cl)S(=O)(=O)N)S(=O)(=O)N=CN2,False,,4.4467433912537,,
CS(=O)(=O)C1=CC=C(C=C1)[C@H]([C@@H](CO)NC(=O)C(Cl)Cl)O,False,4.1428762563574315,,4.092876293314252,
C1C2=CC=CC=C2N(C1=O)C3=C(C=CC=C3Cl)Cl,False,,4.448864857638396,4.3988649544426,4.748865707419434
C1=CC2=C(C(=C(C=C2Cl)Cl)O)N=C1,False,4.410030303250599,,,
CC1=CC(=CC(=C1Cl)C)O,False,4.704447419967976,,,
C1=CC=C2C(=C1)C(=C3C=CC=CC3=N2)N.O.Cl,False,5.807295872741312,,5.282299395210677,
C1=NC2=C(N1)C(=S)N=C(N2)N,False,4.460029874171644,4.409965557654315,,
CCCCNC(=S)NCCCC,False,4.3988649544426,4.3988649544426,5.898871824161243,4.498865393540615
C1(=S)NNC(=S)S1,True,,4.648864911118024,,
CNC(=S)NC,False,4.3988649544426,,4.148864616843579,
C([C@@H]1[C@H]([C@@H]([C@H](C(O1)O)N)O)O)O.Cl,False,,,4.510030276850633,
CCOC(=O)CN.Cl,False,,,4.148864616843579,
C1=CC2=C(C=CC(=C2N=C1)O)S(=O)(=O)O.O,False,,4.103133865195062,,
C1CNC(=S)N1,False,4.280594126857704,4.4059988224744275,,
CC(C)(C)C1=CC=C(C=C1)C(=O)CCCCl,True,4.9100313379205005,,,
C1=CC2=C(C3=C(C=CC=N3)C=C2)N=C1.O.Cl,False,4.948862919408721,5.548858579207237,4.3988649544426,
C1[C@H]([C@@H]1N)C2=CC=CC=C2.Cl,False,4.590601201559466,4.760030197409634,4.560029756289291,
C1CCC2=NC3=CC=CC=C3C(=C2C1)N.Cl,False,4.948862919408721,,4.648864911118024,
CN1C(=S)N=NN1,True,4.148864616843579,4.148864616843579,,
C(=S)(N)NN,False,4.440497718630764,4.290497835582652,4.132130813526909,
C(=S)(N)N,False,,4.198864633756791,,
C(O)S(=O)(=O)[O-].[Na+],False,4.454564222747602,,,
CNC(=S)NN,False,4.3988649544426,4.3988649544426,4.3988649544426,
C1=CC2=C(C=C1S(=O)(=O)[O-])C(=C(N2)C3=NC4=C(C3=O)C=C(C=C4)S(=O)(=O)[O-])O.[Na+].[Na+],True,,,4.148864616843579,
CC[C@H](CO)N,False,4.373286074200546,,,
C1(=NC(=S)NN1)N,False,4.148864616843579,4.248864914695038,4.237451969254929,
C(CC(=O)O)[C@@H](C(=O)O)N.Cl,False,4.3988649544426,,4.498865393540615,
CC(=S)N,False,4.3988649544426,,,
C(#N)/C(=C(\C#N)/N)/N,False,4.6617786468697275,4.211777875865261,,
CC1=C(C=CC(=C1)Cl)OCC(=O)[O-].[Na+],False,,4.348864512263225,,
CC(=C)[C@H]1CCC(=CC1)C=O,False,,4.148864616843579,,4.448864857638396
C(=S)(NN)NN,False,4.392910828898213,4.186956374551917,4.236956302395109,4.477454089055391
CC(=O)[O-].CC(=O)[O-].O.O.[Zn+2],True,4.098510619757837,,4.848510635607337,
C[C@@H]1[C@H]([C@H](C[C@@H](O1)O[C@@H]2[C@H](O[C@H](C[C@@H]2O)O[C@@H]3[C@H](O[C@H](C[C@@H]3O)O[C@H]4CC[C@]5([C@@H](C4)CC[C@@H]6[C@@H]5C[C@H]([C@]7([C@@]6(CC[C@@H]7C8=CC(=O)OC8)O)C)O)C)C)C)O)O,False,,4.145638687872896,,
CN(C)C1=CC=C(C=C1)C(=C2C=CC(=[N+](C)C)C=C2)C3=CC=CC=C3.CN(C)C1=CC=C(C=C1)C(=C2C=CC(=[N+](C)C)C=C2)C3=CC=CC=C3.C(=O)(C(=O)O)O.C(=O)(C(=O)[O-])O.C(=O)(C(=O)[O-])O,True,4.72927101490035,6.029260662270863,4.979269321773832,5.179273401779655
C(=S)(N)NNC(=S)N,False,,4.579415271100533,,
C1=CC(=C(C=C1[N+](=O)[O-])[N+](=O)[O-])S(=O)(=O)O.O.O,False,4.196037866904468,4.196037866904468,4.096037957222191,
CCN(CC)CCCC(C)NC1=C2C=C(C=CC2=NC3=C1C=CC(=C3)Cl)OC.O.O.Cl.Cl,False,5.710032208313266,,6.7599502278873524,
CN(C)CCCN1C2=CC=CC=C2SC3=C1C=C(C=C3)Cl,False,5.060031709448664,,6.609948503541013,
CCCNC(=O)NS(=O)(=O)C1=CC=C(C=C1)Cl,False,4.555690214071873,4.448864857638396,,
C1C(CC(=O)NC1=O)C2=CC=C(C=C2)Cl,False,4.560029756289291,,,
CC(C)OC(=O)NC1=CC(=CC=C1)Cl,True,5.101891728928534,4.226893749432753,,
C1=CC=C(C=C1)CNCCNCC2=CC=CC=C2.Cl.Cl,False,4.710029980825098,,6.110026361596004,4.810029897405945
C1=CC(=CC=C1[N+](=O)[O-])OC2=C(C=C(C=C2)C(F)(F)F)[N+](=O)[O-],False,4.448864857638396,4.548864726812244,4.648864911118024,
CCOP(=S)(OCC)OC1=NC(=C(C=C1Cl)Cl)Cl,False,5.573159963391953,5.073155226637957,4.335455034914736,5.823160699175481
C1=CC2=C(C=C1Cl)NC(=O)O2,False,4.810029897405945,,,
CCOC(=O)C(=O)C1=CSC(=N1)NC=O,False,4.760030197409634,,4.510030276850633,
CC/C(=C(\C1=CC=CC=C1)/C2=CC=C(C=C2)OCCN(C)C)/C3=CC=CC=C3.C(C(=O)O)C(CC(=O)O)(C(=O)O)O,False,4.172182418411876,4.195145967654293,4.449219037810705,5.049221497039935
CC/C(=C(\C1=CC=CC=C1)/C2=CC=C(C=C2)OCCN(C)C)/C3=CC=CC=C3,False,4.448864857638396,4.148864616843579,4.596037455343359,5.072450393156594
COC1=CC=C(C=C1)[C@H]2[C@H](C(=O)NC3=CC=CC=C3S2)O,False,4.760030197409634,4.760030197409634,4.384310813675443,
CCCCCCCC[N+](CCCCCCCC)(CCCCCCCC)CCCCCCCC.[Br-],False,4.149573724203458,4.4495735070633335,6.399571674267869,5.749579997691106
CCN1C=C[N+](=C1)C.[Cl-],False,,,4.198864633756791,
CCCCCCN1C=C[N+](=C1)C.[Cl-],False,4.2696898119121665,4.181102723199746,4.731101573399634,4.431102788174392
CCCCN1C=C[N+](=C1C)C.[Cl-],False,4.401350634527242,,,
CCCCCC[N+]1=CC=CC=C1.[Cl-],False,4.145686062007395,,4.795684628786348,
CCCCCCN1C=C[N+](=C1)C.F[P-](F)(F)(F)(F)F,False,4.3421766792544245,,4.592175867093092,
CCCCCC[N+]1=CC=CC=C1.F[P-](F)(F)(F)(F)F,False,,,4.748510219277646,
[B-](F)(F)(F)F.CCCCCCN1C=C[N+](=C1)C,False,,,4.50603475510404,
CCCCCCCCN1C=C[N+](=C1)C.[Cl-],False,,,5.2017085382291635,
CCCCCCCCCCN1C=C[N+](=C1)C.[Cl-],False,4.449219037810705,,5.399223070842216,
CCCCCCCCCCCCN1C=C[N+](=C1)C.[Cl-],False,4.447095844824859,,5.7971031914704705,4.121377110672202
CCCCCCCCCCCCCCN1C=C[N+](=C1)C.[Cl-],False,4.15349093635127,,5.903507109945639,4.15349093635127
CCCCCCCCCCCCCCCCN1C=C[N+](=C1)C.[Cl-],True,4.089385732323895,4.189385793333064,6.43937612545007,4.139385929801099
CCCCCCN1C=C[N+](=C1)C.[Br-],False,,,4.896743766644949,
CCCCCC[N+]1=CC=CC=C1.[Br-],False,,,4.894629493169707,
CCCCCCCCN1C=C[N+](=C1)C.F[P-](F)(F)(F)(F)F,False,,,5.444276944924947,
[B-](F)(F)(F)F.CCCCN1C=C[N+](=C1C)C,False,,,4.4467433912537,
CCCCCCN1C=C[N+](=C1)C.C(F)(F)(F)S(=O)(=O)[O-],False,,,4.493227167601539,
CCCCCC[N+]1=CC=CC=C1.C(F)(F)(F)S(=O)(=O)[O-],False,4.255410936814954,,4.548156787636552,
CCCCN1C=C[N+](=C1C)C.C(F)(F)(F)S(=O)(=O)[O-],False,4.444631028601807,,,
C1=CC(=C(C=C1C(F)(F)F)N)S.Cl,False,4.9100313379205005,5.660032085297399,4.760030197409634,5.010029874726081
C(=NN)(N)N.Cl,False,4.3988649544426,,4.148864616843579,
C1=CC(=C(C(=C1)Cl)C(=S)N)Cl,False,4.498865393540615,,,4.498865393540615
C(=NN)(N)N.C(=NN)(N)N.OS(=O)(=O)O,False,4.560029756289291,,,
COC1=CC=C(C=C1)N.Cl,False,,4.3988649544426,4.727432444296243,
CCNC(=S)NCC,False,4.3988649544426,,,
CCOC(=S)[S-].[K+],False,,4.498865393540615,,
COS(=O)(=O)[O-].[Na+],False,4.399928192697783,,,
CCCCCCCCOS(=O)(=O)[O-].[Na+],False,4.148864616843579,4.498865393540615,,
CC1=C(C=CC=C1N)C(F)(F)F,False,4.810029897405945,,,
C1=CC(=C(C=C1C(=O)Cl)Cl)F,False,,,4.448864857638396,
CCC(C1=CC=CC=C1)C(=O)OCCN(CC)CC,False,4.9100313379205005,,5.510027465964983,
CC(C)(C)OC(=O)C1=CC(=CC=C1)N,True,4.887301179545088,4.387303010863693,,4.78730379630591
CN1CCC(=C2C3=C(CCC4=CC=CC=C42)SC=C3)CC1,False,,,6.060031709448664,
CCC(COC(=O)C=C)(COC(=O)C=C)COC(=O)C=C,False,4.242996280926542,4.667995814798688,4.167996009490022,5.642991411283612
CCC(CC)(CNC(=O)CCCO)C1=CC(=CC=C1)OC,False,,,4.510030276850633,5.160031997995545
C(CN(CC(=O)[O-])CC(=O)[O-])N(CC(=O)[O-])CC(=O)[O-].[Na+].[Fe+3],False,4.871264800032603,4.405117625185458,,
C1=C(C(=CC(=C1Cl)N)Cl)C2=CC(=C(C=C2Cl)N)Cl,False,4.623865256489143,,,5.498862939239315
CC1(CCCCC1)COC2=CC=C(C=C2)CC3C(=O)NC(=O)S3,True,,4.460029874171644,,
CN1CCC2=CC3=C(C(=C2[C@@H]1[C@@H]4C5=C(C(=C(C=C5)OC)OC)C(=O)O4)OC)OCO3,False,,6.060031709448664,4.860029658404407,6.160019442321658
CN(C1CCCCC1)C(=O)CCCOC2=CC3=C(C=C2)NC(=O)C=C3,False,,4.760030197409634,,5.110031956768376
C1CCC(CC1)N2C(=NN=N2)CCCCOC3=CC4=C(C=C3)NC(=O)CC4,False,,4.9100313379205005,,5.210031697910783
CC1=C(N=CN1)CSCCNC(=NC)NC#N,False,4.4027766526878445,4.681403363388382,4.65640356517107,4.4027766526878445
CC(C)(C)OC(=O)N1C[C@H](C[C@H]1C(=O)O)F,False,4.384538146703993,,,4.434538261296619
CC1(C2CCC(O1)(CC2)C)C,False,4.454564222747602,,,
C1=CC(=C(C(=C1O)Cl)Cl)Cl,False,4.582817379041167,,,4.432817127718823
C(=S)(N)NC(=S)N,False,4.448864857638396,4.998863636444484,4.256118813664984,
CCN1C=C[N+](=C1)C.F[P-](F)(F)(F)(F)F,False,4.294630707253281,4.319225427436534,4.838006465390703,
CCN1C=C[N+](=C1)C.C(F)(F)(F)S(=O)(=O)[O-],False,4.409241734279668,,4.459241449033778,
CCC1=NC=CC(=C1)C(=S)N,False,4.425642339668011,,4.702418932252,
CC(C)(C(=O)O)OC1=CC=C(C=C1)C2CC2(Cl)Cl,False,,4.648864911118024,,
CC1COC2=CC=CC=C2N1,False,4.3988649544426,4.048864616049475,,
C1CC1C2=CC=CC=C2OCC3=NCCN3,False,4.810029897405945,,5.360025701545049,
[NH2-].[NH2-].Cl[Pt+2]Cl,False,4.402681731287769,4.877681614777874,4.477681575121059,
CCNC(=O)C(C)OC(=O)NC1=CC=CC=C1,False,4.3988649544426,4.498865393540615,,
COC1CN(CCC1NC(=O)C2=CC(=C(C=C2OC)N)Cl)CCCOC3=CC=C(C=C3)F,False,,,6.510041520575165,6.609948503541013
CC(=NNC(=S)N)C,False,4.348864512263225,,4.28952129646963,
COC1=CC2=C(C=CC(=O)O2)C(=C1)OC,False,5.2488672255444015,,,4.3988649544426
CCCCCCCCCCN1C=C[N+](=C1C)CCCCCCCCCC.[Cl-],False,4.14815666541292,4.398157210217902,5.948153161686264,4.44815614382721
C(=O)(C(C(C(C(C(C(C(F)(F)F)(F)F)(F)F)(F)F)(F)F)(F)F)(F)F)[O-].[NH4+],False,,5.748873015022128,,
C1=CC=C(C(=C1)OC(F)(F)F)S(=O)(=O)N,False,4.348864512263225,,,
C(=S)(C(=S)N)N,False,,4.148864616843579,4.148864616843579,
CC[C@]12C=CC3=C4CCC(=O)C=C4CC[C@H]3[C@@H]1CC[C@]2(C#C)O,False,,5.96003097313254,4.460029874171644,4.9100313379205005
CC(C)(C)NCC(C1=CC(=C(C(=C1)Cl)N)Cl)O,False,,,4.810029897405945,
CC1=C(C=C(C=C1)N)OC,False,5.403139109377434,5.203134384808706,4.903135155966889,4.953134302170749
CCCCNC1=CC=C(C=C1)C(=O)OCC[NH+](CC)CC.[Cl-],False,4.5406014804148525,,5.510027465964983,
CN1CCC(CC1)N(CC2=CC=CS2)C3=CC=CC=C3,False,,,6.26003230324049,
C1=CC=C(C=C1)P(=O)(CC(=O)NN)C2=CC=CC=C2,False,,4.810029897405945,,5.460033632003287
C1CCN(CC1)C2(CCN(CC2)CCCN3C4=CC=CC=C4CCC5=C3C=C(C=C5)Cl)C(=O)N,False,,5.160031997995545,5.26003230324049,
C1CSC2=N[C@H](CN21)C3=CC=CC=C3.Cl,False,4.510030276850633,,4.760030197409634,
CCOC(=O)C(C)(C)OC1=CC=C(C=C1)Cl,False,4.629447795475125,,,
CC(C)(C(=O)O)OC1=CC=C(C=C1)Cl,False,,4.448864857638396,,
CC(C)COCNC(=O)C=C,False,4.548864726812244,,,
C(CCl)P(=O)(O)O,False,4.150638946525531,,,
CC(C)(C)CC(C)(C)C1=CC(=C(C=C1)O)CC2=C(C=C(C=C2)Cl)Cl,False,4.860029658404407,5.26003230324049,4.760030197409634,5.160031997995545
CC1=C(C(=C(C2=C1O[C@](CC2)(C)CCC[C@H](C)CCC[C@H](C)CCCC(C)C)C)OC(=O)C3=CN=CC=C3)C,False,4.810029897405945,,,
CN(C)CCCN1C2=CC=CC=C2CCC3=C1C=C(C=C3)Cl,False,4.760030197409634,,,4.9100313379205005
C1CN=C(N1)NC2=C(C=CC=C2Cl)Cl,False,,,4.760030197409634,
C1=CNC(=O)C(=C1)O,False,,5.098863295458348,,
C1=CC=C(C=C1)C(C2=CC=CC=C2)(C3=CC=CC=C3Cl)N4C=CN=C4,False,4.979447304788511,5.954439225342579,4.3988649544426,7.729272785626206
C1COC2(N1CC(=O)NC3=C2C=C(C=C3)Cl)C4=CC=CC=C4Cl,False,,,4.810029897405945,5.96003097313254
CCOC1=C(C=C(C=C1)NC(=O)C)N,False,4.992875527564566,4.492877112667234,4.4428767348995235,
CCOP(=O)(SC1=CC=CC=C1)SC2=CC=CC=C2,False,4.948862919408721,4.548864726812244,4.3988649544426,
CC1=CC2=C(C=C1)N3CCNC4C3=C2CCC4.CS(=O)(=O)O,False,5.390597704529707,,5.610036963564112,
C1=CC=C2C=C3C=C(C=CC3=CC2=C1)Cl,False,5.949233688766958,4.1992190191615695,,
C[C@]12CC[C@H]3[C@H]([C@@H]1CC[C@]2(C#C)O)CCC4=CC5=C(C[C@]34C)C=NO5,False,4.498865393540615,5.554447754138165,4.779447722285225,5.404445699936228
CCN(CC)CC(=O)NC1=C(C=C(C=C1C)C)C.Cl,False,,,4.810029897405945,
C1=CC=C(C=C1)CCI,False,,4.107797950557182,5.257801367276743,
CCCCCCC1(CCC(=O)O1)C,False,4.448864857638396,,,
C1=CC=C(C=C1)OC2=C(C3=C(C(=C2)O)C(=O)C4=CC=CC=C4C3=O)N,True,5.760025198883063,4.760030197409634,,
C1=CC(=C(C=C1[N+](=O)[O-])C#N)N,False,4.648864911118024,,,
CCN(CC)CCNC(=O)COC1=CC=C(C=C1)Cl,False,4.810029897405945,,5.110031956768376,4.860029658404407
C[C@@H]1[C@H]([C@H](C[C@@H](O1)O[C@H]2CC[C@]3([C@@H](C2)CC[C@@H]4[C@@H]3C[C@H]([C@]5([C@@]4(CC[C@@H]5C6=CC(=O)OC6)O)C)O)C)O)O[C@H]7C[C@@H]([C@@H]([C@H](O7)C)O[C@H]8C[C@@H]([C@@H]([C@H](O8)C)O[C@H]9[C@@H]([C@H]([C@@H]([C@H](O9)CO)O)O)O)O)O,False,4.560029756289291,,,
CN1C[C@@H](C[C@H]2[C@H]1CC3=CN(C4=CC=CC2=C34)C)CNC(=O)OCC5=CC=CC=C5,False,,,7.059981844992337,
C1=CC(=C(C(=C1[N+](=O)[O-])Cl)Cl)Cl,False,5.155280581600504,,,
CCOP(=S)(OCC)OC1=CC2=C(C=C1)C(=C(C(=O)O2)Cl)C,True,5.2488672255444015,6.498803757972912,4.948862919408721,5.693918254342023
CN(CCCOC1=C(C=C(C=C1)Cl)Cl)CC#C.Cl,True,5.610036963564112,4.760030197409634,5.910024277312271,
C1=CC(=CN=C1)C(C2=CC=C(C=C2)Cl)(C3=CC=C(C=C3)Cl)O,False,4.3988649544426,6.398918272215977,4.948862919408721,5.548858579207237
C1CCC(CC1)SN2C(=O)C3=CC=CC=C3C2=O,True,4.449041947724551,5.32404278386991,5.049041714341955,
CCCCNC(=O)N1C2=CC=CC=C2N=C1NC(=O)OC,True,4.5999296629345885,4.15099480698867,,
CC1=CC=C(C=C1)O,False,4.444604050279401,4.281672728257436,,
C=CC(=O)OCCOCCOCCOCCOC(=O)C=C,False,4.42458393808684,,,4.374583335338349
C1=CC=C(C=C1)C2=NC(=C(S2)CC(=O)O)C3=CC=C(C=C3)Cl,False,4.590601201559466,5.160031997995545,,
CCC(C1=CC=CC=C1)C(=O)OCCOCCN(CC)CC.C(C(=O)O)C(CC(=O)O)(C(=O)O)O,False,,,4.860029658404407,
C1=CC=C(C(=C1)O)O,False,4.1435774586726675,4.1435774586726675,,
C1CCN(CC1)CCC2OC(=O)C(O2)(C3=CC=CC=C3)C4=CC=CC=C4.Cl,False,4.510030276850633,4.810029897405945,5.710032208313266,5.498618903736768
COP(=S)(OC)OC1=CC(=C(C=C1Cl)I)Cl,True,4.898864942667959,5.4488672992713925,,4.698865786166042
CC(=O)OC1=CC=C(C=C1)C(=C2CCCCC2)C3=CC=C(C=C3)OC(=O)C,False,,5.010029874726081,4.810029897405945,
CCCCC(CC)C(=O)OCCOCCOCCOCCOC(=O)C(CC)CCCC,False,4.498865393540615,4.898864942667959,,4.948862919408721
C1CCC(C1)CC2NC3=CC(=C(C=C3S(=O)(=O)N2)S(=O)(=O)N)Cl,False,,,,4.810029897405945
CC(CCCC(C)(C)O)C=C,False,4.352846321783378,,4.4242193557789085,4.149573724203458
C1C2CC(C1C=C2)C3NC4=CC(=C(C=C4S(=O)(=O)N3)S(=O)(=O)N)Cl,False,4.560029756289291,4.9100313379205005,4.460029874171644,5.010029874726081
CC1(C(C1C(=O)OC(C#N)C2=CC(=CC=C2)OC3=CC=CC=C3)C=C(Cl)Cl)C,False,4.448864857638396,5.054447642582275,,
CN1CCC(=C2C3=CC=CC=C3C=CC4=CC=CC=C42)CC1,False,,,5.610036963564112,
CNC(=O)N(C)C1=NC2=CC=CC=C2S1,True,5.59885804480627,4.3988649544426,4.3988649544426,
C1=C(C=C(C(=C1Cl)[N+](=O)[O-])Cl)Cl,False,4.403133615351843,,,
CCCCCCCCCC(CC)C1=CC=C(C=C1)S(=O)(=O)O,False,4.274041765712397,4.824041385548373,4.448864857638396,
CCOP(=S)(OCC)OC1=NOC(=C1)C2=CC=CC=C2,True,5.4488672992713925,6.198870812420296,4.448864857638396,5.648861041418151
CCCCCCOC1=CC=C(C=C1)O,True,4.448864857638396,4.3988649544426,4.148864616843579,
CCCN(CCC)C1=C(C=C(C=C1[N+](=O)[O-])S(=O)(=O)N)[N+](=O)[O-],False,4.370930017366732,5.270932451300711,4.370930017366732,4.720931078604934
COC(=O)C1=C(C(=C(C(=C1Cl)Cl)C(=O)OC)Cl)Cl,False,6.873762326994784,,4.498865393540615,
C1=CC2=C(C(=C1)O)C(=O)C3=C(C2=O)C=CC=C3O,False,5.277156975023694,,4.249768623708372,
C1=CC(=CC=C1N)S(=O)(=O)C2=CC=C(C=C2)N,False,,,,4.398687674509911
CCCCCCCCCC(=O)O,False,,4.137074124444178,,
CC(C)OC1=C(C=C(C(=C1)N2C(=O)OC(=N2)C(C)(C)C)Cl)Cl,False,5.751894501856576,4.601893580666834,,4.498865393540615
C1=CC2=C(C=C1Cl)OC(=O)N2,False,4.948862919408721,,,
C1=CC2=C(C(=C1)Cl)N=C(S2)N,False,4.797449022635593,,5.047449706101799,
C1(=O)C2(C3(C4(C1(C5(C2(C3(C(C45Cl)(Cl)Cl)Cl)Cl)Cl)Cl)Cl)Cl)Cl,False,4.455998966253597,5.186625088229708,4.155999007351017,5.511629450525188
C1=CC=C(C=C1)[Bi](C2=CC=CC=C2)(C3=CC=CC=C3)(Cl)Cl,True,4.801351159221622,6.05134256785868,5.201349354554731,4.951352363235002
CCCCCCCCC(=O)NCC1=CC(=C(C=C1)O)OC,False,4.529447574914952,5.604447504185191,4.604447527524015,5.004447314428692
C[C@H]1CCC[C@@H](CCCCCC2=C(C(=CC(=C2)O)O)C(=O)O1)O,False,4.445686531595555,4.495685484472432,4.195686066796907,5.995678626217358
CN/C(=C\[N+](=O)[O-])/NCCSCC1=CC=C(O1)CN(C)C,False,4.52858579409201,,4.410030303250599,
C1[C@H](S/C(=C(\C#N)/N2C=CN=C2)/S1)C3=C(C=C(C=C3)Cl)Cl,False,6.540607512240769,6.26003230324049,6.659952682338607,7.259637310505756
CN(C)CCOC1=CC=C(C=C1)/C(=C(/CCCl)\C2=CC=CC=C2)/C3=CC=CC=C3.C(C(=O)O)C(CC(=O)O)(C(=O)O)O,False,4.477491866000919,4.17749129005607,4.277491119634578,5.027491688738396
[Cl-].[Cl-].[Zn+2],True,4.198864633756791,4.198864633756791,,
COC1=NC(=NC2=C1N=CN2[C@H]3[C@H]([C@@H]([C@H](O3)CO)O)O)N,False,4.610029886099158,,,
CC1=C(C(=CC=C1)O)N,False,5.194281709215791,4.494279028526469,4.344279693090924,4.4442793609000795
CCCCCCCC[P+](CCCCCCCC)(CCCCCCCC)CCCCCCCC.[Br-],True,4.20135073546148,4.651350564607997,6.151379882565866,5.651344726754235
CN1C(=O)CN=C(C2=C1C=CC(=C2)Cl)C3=CC=CC=C3,False,,4.676103510154275,4.192176214764559,4.142176184363279
CCOP(=S)(OCC)OC1=NC(=NC(=C1)C)C(C)C,False,5.19886394724405,5.648861041418151,4.196037866904468,6.348818937555312
COC1=C(C=C(C=C1)[N+](=O)[O-])[O-].[Na+],False,4.560029756289291,,,
CCOC(=O)C(=O)CCCCCCl,False,,4.510030276850633,4.410030303250599,
CC1=NS(=O)(=O)C2=C(N1)C=CC(=C2)Cl,False,4.760030197409634,,,
C1=CC=C2C(=C1)N=C(N2CC3=CC=C(C=C3)F)N,False,4.760030197409634,,6.160019442321658,4.810029897405945
C1=CC=C2C(=C1)C3=CC=CC=C3S2,True,5.5044430053386,4.3988649544426,,
C[C@H]1[C@@H]([C@H]([C@H]([C@@H](O1)O[C@@H]2[C@H]([C@@H]([C@H](O[C@H]2OC3=CC(=C(C(=C3)O)C(=O)CCC4=CC(=C(C=C4)OC)O)O)CO)O)O)O)O)O,False,4.447449801503656,4.597449757302194,,4.447449801503656
CCCCOC1=NC2=CC=CC=C2C(=C1)C(=O)NCCN(CC)CC,False,,,4.860029658404407,
C1CN(CCN1)C2=C3C(=CC=C2)OCCO3.Cl,False,,,4.484310903139638,
CCCCOC(=O)C1=CC=CC=C1C(=O)OCCCC,False,5.1486897994717,4.523687746535531,4.3485107066057225,
COC1=C(C=CC(=C1C(=O)O)Cl)Cl,False,,4.348864512263225,,
CCC(=O)OC1(CCN(CC1)C)C2=CC=CC=C2.Cl,False,,,4.426535421838633,
C1=CC(=C(C(=C1)Cl)C#N)Cl,False,4.28952129646963,,,
C(CNC(=S)[S-])NC(=S)[S-].[Na+].[Na+],False,,4.456359014986922,,
C[C@H]1[C@H]([C@H](C[C@@H](O1)O[C@H]2C[C@@](CC3=C2C(=C4C(=C3O)C(=O)C5=C(C4=O)C(=CC=C5)OC)O)(C(=O)C)O)N)O,False,4.560029756289291,,,5.060031709448664
CC(C)NC1=NC(=NC(=N1)SC)N=[N+]=[N-],False,4.548864726812244,4.3988649544426,,
C(CNC(=S)[S-])NC(=S)[S-].[Mn+2],True,4.448864857638396,4.948862919408721,4.5561192671554975,
CCN(CC)C(=O)/C(=C(\C)/OP(=O)(OC)OC)/Cl,False,4.448864857638396,,,
COC(=O)NC(=S)NC1=CC=CC=C1NC(=S)NC(=O)OC,False,4.498865393540615,4.298864794099696,,4.4111622786376
CCOC(=O)NC(=S)NC1=CC=CC=C1NC(=S)NC(=O)OCC,False,4.448864857638396,,,4.598864942530007
CN/C(=C\[N+](=O)[O-])/NCCSCC1=CSC(=N1)CN(C)C,False,,,4.498865393540615,
CCCCOC(=O)[C@@H](C)OC1=CC=C(C=C1)OC2=NC=C(C=C2)C(F)(F)F,False,4.696037581624225,4.746037176626294,,
CCN1CCC[C@H]1CNC(=O)C2=C(C(=CC(=C2OC)Cl)Cl)O,False,4.760030197409634,,4.96003097313254,
C[C@@H]1CC(=O)NN=C1C2=CC=C(C=C2)NN=C(C#N)C#N,True,,5.885025394663906,,4.860029658404407
CCN(CC)CCOC1=CC=C(C=C1)/C(=C(/C2=CC=CC=C2)\Cl)/C3=CC=CC=C3.C(C(=O)O)C(CC(=O)O)(C(=O)O)O,False,4.539577285756513,4.239577516576788,5.3395804242045255,
CC12CCCC=C1C(=O)OC2=O,False,4.473145949387726,,,
CCOC(=O)C1=NN(C(=N1)C(Cl)(Cl)Cl)C2=C(C=C(C=C2)Cl)Cl,False,,5.4488672992713925,4.898864942667959,
CCCCCCCCN1CCCC1=O,False,4.3988649544426,4.3988649544426,,
CCCCCCCC(=O)OCC(CO)O,False,4.148864616843579,,4.3988649544426,
CC[C@]12CC[C@H]3[C@H]([C@@H]1C=C[C@]2(C#C)O)CCC4=CC(=O)CC[C@H]34,False,,5.310025555333226,4.565519720242099,4.96003097313254
C/C(=C(\C1=C(C=C(C=C1)Cl)Cl)/OCCOC2=CC=C(C=C2)Cl)/N3C=CN=C3,False,5.610036963564112,6.060031709448664,5.760025198883063,6.609948503541013
C=COCCOCCOCCOC=C,False,4.498865393540615,,,
CCCCCCCCCCC[C@@H](C[C@H]1[C@@H](C(=O)O1)CCCCCC)OC(=O)[C@H](CC(C)C)NC=O,False,4.610029886099158,5.560036064079095,,5.610036963564112
CC1=NC=C(C(=N1)N)CN(C=O)/C(=C(\CCO)/SSCCC(CCCCC(=O)OC)SC(=O)C)/C,False,,,,4.560029756289291
COC1=CC2=C(C=CN=C2C=C1)[C@H]([C@@H]3C[C@@H]4CCN3C[C@@H]4C=C)O,False,4.860029658404407,,5.660032085297399,
CO/C=C(\C1=CC=CC=C1OC2=NC=NC(=C2)OC3=CC=CC=C3C#N)/C(=O)OC,False,4.420930146819126,5.2209304644722865,5.170927912680953,
CC1=CC(=CC=C1)NC(=S)N(C)C,False,4.448864857638396,,,
CCOC(=O)CN1C2=C(C=CC=C2Cl)SC1=O,False,5.39886386639293,4.998863636444484,,4.198864633756791
C(CNC(=S)[S-])NC(=S)[S-].C(CNC(=S)[S-])NC(=S)[S-].[Mn+2].[Zn+2],True,4.810029897405945,5.460033632003287,4.867284156572233,
C([C@@H]1[C@H]([C@@H]([C@H]([C@H](O1)OC[C@H]([C@H]([C@@H](C(CO)O)O)O)O)O)O)O)O,False,4.201706465163455,,,
C1=CC(=CC=C1C(=C(Cl)Cl)C2=CC=C(C=C2)Cl)Cl,False,5.41843026515167,4.768431639589544,,
CCOC(=O)OCC/C(=C(\C)/N(CC1=CN=C(N=C1N)C)C=O)/SC(=O)OCC.Cl,False,,,5.610036963564112,5.910024277312271
CCC(OCCCOC)OC(=O)C,False,4.388691008991687,,,
C1=CC(=CC=C1C(C2=CC=C(C=C2)Cl)C(Cl)(Cl)Cl)Cl,False,4.898864942667959,5.310025555333226,,
C1CCCN(CCC1)N=O,False,4.348864512263225,,,
CN1C[C@@H]2[C@@H](C1)C3=C(C=CC(=C3)Cl)OC4=CC=CC=C24,False,5.110031956768376,,7.110138278741811,
C=CC(=O)OCC1CCC2C1C3CC(C2C3)COC(=O)C=C,False,4.448864857638396,4.748865707419434,,5.19886394724405
C1=CC(=C(C=C1Cl)CC2=C(C=CC(=C2)Cl)O)O,False,4.448864857638396,5.241125939779576,,4.448864857638396
CC(C)OC1=CC=C(C=C1)NC(=O)N2CCN(CC2)C3=NC=NC4=CC(=C(C=C43)OC)OCCCN5CCCCC5,False,,,4.810029897405945,
COP(=O)(OC)OC=C(Cl)Cl,False,4.862585749971453,,4.460029874171644,
CC[C@@H](C(C[C@H](C)N(C)C)(C1=CC=CC=C1)C2=CC=CC=C2)O.Cl,False,,,5.840282453819785,5.690284685140851
CCN(CC)CCOC(=O)C1(CCCCC1)C2CCCCC2,False,5.010029874726081,,5.410028070483141,6.609948503541013
CO[C@H]1[C@@H](C[C@@H]2CN3CCC4=C([C@H]3C[C@@H]2[C@@H]1C(=O)OC)NC5=C4C=CC(=C5)OC)OC(=O)COC6=CC=C(C=C6)OC,False,,4.560029756289291,4.660030100046487,5.660032085297399
CC(C)(C)NC[C@@H](C1=C(C=C(C=C1)O)Cl)O,False,,,4.810029897405945,
CC1CC(=O)NN=C1C2=CC=C(C=C2)NCC(C)(C)NCC(COC3=C(C=CC(=C3)Cl)C#N)O,False,,4.9100313379205005,5.26003230324049,4.860029658404407
CC(C)(C)C1=NN=C(N(C1=O)N)SC,False,4.400999284897221,,4.450999530561553,
COCCCN1CCC(CC1)NC(=O)C2=CC(=C(C3=C2OCC3)N)Cl,False,,5.460033632003287,5.460033632003287,
CS(=O)(=O)O.C#CCN[C@@H]1CCC2=CC=CC=C12,False,5.160031997995545,,4.760030197409634,
CC1=NC=C(C=C1)CCN2C3=C(CN(CC3)C)C4=C2C=CC(=C4)Cl,False,4.460029874171644,,5.060031709448664,5.310025555333226
CCCCC(CC)COC(=O)C1=CC=C(C=C1)N(C)C,False,5.298863933907473,4.860029658404407,4.479447567244515,4.453386632712672
C1CCN(CC1)CCCC(C2=CC=CC=C2)(C3=CC=CC=C3)O,False,,,7.059981844992337,
CCNC(C)CC1=CC2=C(C=C1)OCO2.Cl,False,4.3179723163777695,,6.6679657229724825,
C[C@H]1[C@H](OC(=N1)N)C2=CC=CC=C2,False,,,5.008158371632203,
CCCCCCCCCCCCCCC[C@@H]([C@H](CO)N)O,False,,,5.210031697910783,
COC1=C(C=C(C=C1)C2=CC(=NN2C3=CC=C(C=C3)S(=O)(=O)N)C(F)F)F,False,,5.010029874726081,5.060031709448664,4.810029897405945
CC(=C)C(=O)OCCOC1CC2CC1C3C2CC=C3,False,4.225170381821458,4.367916422556723,,
C1=CC(=C(C=C1C2=C(C=C(C=C2)F)F)C(=O)O)O,True,,4.510030276850633,,
CC1=CC(=C(C(=C1)C)N=C2C=C3C4=CC(=C(C=C4CCN3C(=O)N2C)OC)OC)C.Cl,False,,5.910024277312271,4.860029658404407,4.510030276850633
CC(CN1CC(=O)NC(=O)C1)N2CC(=O)NC(=O)C2,False,,,4.250259434238835,
CC1=C(C(=CC=C1)Cl)NC(=O)C2=CN=C(S2)NC3=CC(=NC(=N3)C)N4CCN(CC4)CCO,False,,4.560029756289291,,5.310025555333226
CC1(C2=C(C=CC(=C2)Br)NC(=O)O1)C,False,4.460029874171644,,,
CC(C1=NCCN1)OC2=C(C=CC=C2Cl)Cl,False,4.890600336920692,4.560029756289291,5.010029874726081,4.860029658404407
C([C@@H]1[C@@H]([C@@H]([C@H]([C@@H](O1)O[C@H]([C@@H](CO)O)[C@@H]([C@H](CO)O)O)O)O)O)O.O,False,4.454564222747602,,,
CC[C@H]1CN2CCC3=CC(=C(C=C3[C@@H]2C[C@@H]1C[C@@H]4C5=CC(=C(C=C5CCN4)OC)OC)OC)OC.Cl.Cl,False,,4.347096427715119,4.397096126314551,
C1=CC=C2C(=C1)N=C(S2)SCSC#N,True,5.098863295458348,4.498865393540615,4.948862919408721,
COP(=S)(C1=CC=CC=C1)OC2=CC(=C(C=C2Cl)Br)Cl,False,4.698865786166042,6.048856839892448,,5.148864004988426
CC(C)OP(=O)(C)OC(C)C,True,4.3985103945772215,4.445638663736415,,4.548511380804243
COC1=CC(=CC(=C1OC)OC)C(=O)OCCCN2CCCN(CC2)CCCOC(=O)C3=CC(=C(C(=C3)OC)OC)OC,False,,5.360025701545049,,5.910024277312271
CC(=O)OCCC1CCCCC1,False,4.198864633756791,,,
CCNC1=NC(=NC(=N1)Cl)NC(C)(C)C#N,False,4.3988649544426,,,4.448864857638396
COC1=C(C=C(C=C1)N)N.O.OS(=O)(=O)O,False,4.466618194156771,4.716617348714222,4.7666180215399,4.797157634805368
CCOC1=NC(=CC2=NC(=NN21)S(=O)(=O)NC3=C(C=CC=C3Cl)Cl)F,False,,4.148864616843579,,4.198864633756791
CN1CCC(CC1)COC2=C(C=C3C(=C2)N=CN=C3NC4=C(C=C(C=C4)Br)F)OC,False,4.510030276850633,,,
CNC(=O)CSP(=S)(OC)OC,False,,4.542915073506924,4.3992187150696465,4.371541560943919
CCOC(=O)COC1=C(C=C(C(=C1)N2C(=O)C(=C(C=N2)C(F)(F)F)C)F)Cl,False,4.448864857638396,4.448864857638396,4.198864633756791,4.198864633756791
C1=CC2=C(C=CC(=C2C(=C1)O)O)O,False,4.4027766526878445,,,
CC1=CC=C(C=C1)S(=O)(=O)NC(=O)NC2CCCC2,False,,4.460029874171644,,
CCN(CC)CCNC(=O)COC1=CC=C(C=C1)OC.Cl,False,,,4.860029658404407,
CC1=NC=C(C(=N1)N)CN(C=O)/C(=C(\CCO)/SS/C(=C(/C)\N(CC2=CN=C(N=C2N)C)C=O)/CCO)/C,False,,,,4.810029897405945
C1=CC=C(C(=C1)C(=O)OCC(CO)O)NC2=C3C=CC(=CC3=NC=C2)Cl.Cl,False,4.840601263886122,4.810029897405945,4.810029897405945,5.310025555333226
CN(C)CCOCCN(C)CCO,False,,,4.489521345408195,
CC1([C@@H]([C@@H]1C(=O)O[C@@H](C#N)C2=CC(=CC=C2)OC3=CC=CC=C3)C=C(Cl)Cl)C,False,,5.4488672992713925,,
C1C[C@H](CN(C1)CCC2=CC3=C(C=C2)OCO3)OC(C4=CC=CC=C4)C5=CC=CC=C5,False,4.3988649544426,4.748865707419434,5.59885804480627,5.39886386639293
COC1=C2CCCCC(C2=NC=C1)S(=O)C3=NC4=CC=CC=C4N3,False,4.810029897405945,4.860029658404407,6.510041520575165,4.860029658404407
CCCCN(CCN(CCCC)C(=O)N1CCOCC1)C(=O)N2CCOCC2,False,,,,5.210031697910783
CC1=C(C=C(C=C1[N+](=O)[O-])[N+](=O)[O-])C(=O)N,False,4.148864616843579,,,
CN(C)CCOC(C1=CC=CC=C1)C2=CC=CC=C2,False,,,5.560036064079095,
C1=CC(=CN=C1)CN,False,4.3988649544426,,,4.498865393540615
C1=CC=C(C=C1)C(=O)C2=CC=CC=C2,False,4.860029658404407,4.448864857638396,4.385918378531126,
CCOP(=O)(NC(C)C)OC1=CC(=C(C=C1)SC)C,False,5.648861041418151,5.098863295458348,5.298863933907473,4.648864911118024
CCOC(=O)N1C=CN(C1=S)C,False,4.3988649544426,,,
C1CCN(CC1)C2=NC(=NC3=C2N=C(N=C3N4CCCCC4)N(CCO)CCO)N(CCO)CCO,False,,5.460033632003287,5.010029874726081,5.310025555333226
C1=CC=[N+](C(=C1)SSC2=CC=CC=[N+]2[O-])[O-],True,5.521260398252837,5.821253203471042,5.721269257253018,
CC(C)C[C@H]1C(=O)N2CCC[C@H]2[C@]3(N1C(=O)[C@](O3)(C(C)C)NC(=O)[C@H]4CN([C@@H]5CC6=C(NC7=CC=CC(=C67)C5=C4)Br)C)O.CS(=O)(=O)O,False,,5.119432196504461,,6.769551078621726
CC(C)N(CCC(C1=CC=CC=C1)(C2=CC=CC=N2)C(=O)N)C(C)C,False,,,,5.010029874726081
CCC[C@@H](C)C1(C(=O)NC(=O)NC1=O)CC=C,False,,4.203133691513257,,4.503133979346002
CCN(CC)C(=S)SSC(=S)N(CC)CC,True,4.810029897405945,5.360025701545049,4.417168252792503,4.9100313379205005
CCOP(=S)(OCC)SCCSCC,False,4.877988470319538,4.6779881715085185,4.685227187433945,5.302990198323167
CN(C)C(=O)NC1=CC(=C(C=C1)Cl)Cl,False,6.060031709448664,4.249574467962826,4.500284056998402,
CC1=C(C=CC(=C1)OP(=S)(OC)OC)[N+](=O)[O-],False,5.998872299722965,5.2488672255444015,4.3988649544426,5.148864004988426
CCCCCCCCCCCCCCCC[N+](C)(C)CC1=CC=CC=C1.[Cl-],False,4.287916883585632,4.2909039612839575,6.460046158343603,
CCCCCCCCCCCCCCCCCC[N+](C)(C)CC1=CC=CC=C1.[Cl-],False,4.094630530937389,4.39463029944368,6.094635931233108,4.39463029944368
C1=CC=C(C=C1)NC2=CC=C(C=C2)O,False,4.498865393540615,4.548864726812244,4.198864633756791,
CCCC(CCC)C(=O)O,False,4.5506388684396155,4.274751950484065,,
CC(=O)CCC1=CC(=C(C=C1)O)OC,False,4.3988649544426,,,
CCOC(OCC)OCC,False,4.273459830462956,,,
CCOP(OCC)OCC,False,,,4.26999672842372,
CCCCC(CC)COC(=O)CCCCCCCCC(=O)OCC(CC)CCCC,False,4.3988649544426,,,
C1=CC=C(C=C1)NNC2=CC=CC=C2,True,4.896747217918833,4.14463048061975,,
CCC(=O)OCCC1=CC=CC=C1,False,4.274508170844965,4.517253580430606,,
CC(C)CCOCC1=CC=CC=C1,False,4.298864798175959,,,
CC(=O)NC1=CC=C(C=C1)N,False,4.392526747522998,4.442526484291312,4.392526747522998,4.461082711315062
C1=CC=C(C=C1)CCCO,False,4.448864857638396,,,
C1=CC=C(C=C1)OCCO,False,4.479979271359596,,,
CCCCCCCCCCCCCCCC[N+]1=CC=CC=C1.[Cl-],False,4.098864931407043,4.098864931407043,6.498803757972912,
CCC1=CC=C(C=C1)O,False,4.393577787329442,,,
CC(C)(C)NC(=O)OC1=CC=CC(=C1)NC(=O)N(C)C,False,4.198864633756791,,,
CCOC(=O)CCC(=O)OCC,False,,4.448864857638396,,
CC(=CCCC(=C)C=C)C,False,,4.048864616049475,,4.239521348440184
C[N+](C)(C)CCO.[OH-],False,4.267420498373938,,,
CCC(=O)OC(=O)CC,False,,,4.202063178069278,
CC1OC(OC(O1)C)C,False,4.448864857638396,,,
CCCCCC(=O)OCC,False,4.3988649544426,,,
CC(C)CCOC(=O)C,False,4.267066522451282,,,
C=CCNCC=C,False,4.448864857638396,,,
CCCCCCCCCCCCCCCC[N+](C)(C)CC.[Br-],False,4.097449415869918,,6.128731605567354,4.147449866149007
C(COC(=O)Cl)OC(=O)Cl,False,,,4.573460274574093,
CCCCCCCCCCCCCC=O,False,5.605303222108116,,5.555299570865858,
CCN(CC)CCOC(=O)C(CC1CCCO1)CC2=CC=CC3=CC=CC=C32.C(=O)(C(=O)O)O,False,,,5.510027465964983,6.809948582240794
CS(=O)(=O)Cl,False,4.276930767430035,,,
C[C@]12C[C@@H]([C@]3([C@H]([C@@H]1C[C@H]([C@@]2(C(=O)CO)O)O)CCC4=CC(=O)C=C[C@@]43C)F)O,False,,4.698865786166042,,4.273459830462956
C1=CC=C2C(=C1)C(C(=O)N2)(C3=CC=C(C=C3)O)C4=CC=C(C=C4)O,False,,5.254444751288638,4.148864616843579,4.5044473069638435
CC(CC(C#N)(C1=CC=CC=C1)C2=CC=CC=C2)N(C)C,False,,,4.600994671758001,5.100995249088231
CC1(C(=O)N(C(=O)N1Cl)Br)C,False,,4.198864633756791,,4.3988649544426
C(C(CO)(CO)[N+](=O)[O-])O,False,,4.3988649544426,4.205281273887476,
CC(=O)OC[C@@H]1[C@H]([C@@H]([C@H]([C@H](O1)O[C@]2([C@H]([C@@H]([C@H](O2)COC(=O)C)OC(=O)C)OC(=O)C)COC(=O)C)OC(=O)C)OC(=O)C)OC(=O)C,False,,4.446081794501688,,5.1780562606453255
CC(C)(CO)CO,False,4.148864616843579,,,
C1CCS(=O)(=O)C1,False,4.420319274785209,,,
C(C(CO)(CO)COCC(CO)(CO)CO)O,False,4.3988649544426,,,
CC(=CCCC(C)(C=C)OC(=O)C1=CC=CC=C1)C,False,4.3988649544426,4.648864911118024,,4.179365119405615
CC(C)COP(=O)(OCC(C)C)OCC(C)C,False,4.287452150687937,,,
C(C(CBr)Br)OP(=O)(OCC(CBr)Br)OCC(CBr)Br,False,5.082289097978267,4.782288124669053,4.632288124537066,5.407285523364219
CCCCOP(=O)(OCCCC)OCCCC,False,4.701715321906447,4.726715282533143,,4.66385495342554
CC(C)CC(C)(C#CC(C)(CC(C)C)O)O,False,4.453331660694157,4.503331971074037,4.157797790151838,4.728332435433283
CC(CCl)O,False,4.40743799105948,,,
C(=C(Cl)Cl)(Cl)Cl,False,4.204206155229737,,,
C[C@]12CCC(=O)C=C1CC[C@@H]3[C@@]2([C@H](C[C@]4([C@H]3CC[C@@]4(C(=O)CO)O)C)O)F,False,,4.760030197409634,,
C1=CC(=CC(=C1)S(=O)(=O)[O-])[N+](=O)[O-].[Na+],False,4.416457215121471,4.492176499285605,4.492176499285605,4.442176515926243
C1=CC=C(C=C1)NS(=O)(=O)C2=CC=C(C=C2)N,False,,,,4.810029897405945
C1CC(=O)N(C1=O)Cl,False,4.048864616049475,,,
CC1=CC(=C(C(=C1)C(C)(C)C)O)C(C)(C)C,False,4.560029756289291,4.447449801503656,4.37173064512581,4.397449532974095
CC(C)(C)C1=C(C(=CC=C1)C(C)(C)C)O,False,4.357318952458192,4.2323189685960525,4.158519144306428,
C1=CC=C2C(=C1)C(=O)C3=C(C=CC(=C3C2=O)N)N,True,6.44891613481422,4.898864942667959,4.498865393540615,5.2488672255444015
C1=CC2=C3C(=C1)C=CC4=CC=CC(=C43)C=C2,False,6.4590451910738675,4.378369920256057,4.228370634868683,
CC1=C(C2=C(C=C1)C(=O)C3=CC=CC=C3C2=O)[N+](=O)[O-],False,5.357130063720923,,,4.857132072352742
CC(C)CCOCC(CN1CCOCC1)OC(=O)C2=CC(=C(C(=C2)OC)OC)OC,False,,5.510027465964983,4.460029874171644,5.96003097313254
C1=CC(=CC=C1OC2=C(C=C(C=C2)NC(=O)C3=C(C(=CC(=C3)I)I)O)Cl)Cl,False,,4.360029681443528,,
CC1C(=NC(O1)C)C,False,,,4.3988649544426,4.279365301021087
C1CN(CCC1N2C3=C(C=C(C=C3)Cl)NC2=O)CCCN4C5=CC=CC=C5NC4=O,False,,,5.660032085297399,
COC1=C(C=CC(=C1)[C@@H]2[C@H](OC3=C(O2)C=C(C=C3)[C@@H]4[C@H](C(=O)C5=C(C=C(C=C5O4)O)O)O)CO)O,False,4.399928192697783,5.054980456192545,,5.129980948010463
CCNC1=NC(=NC(=N1)SC)NC(C)C(C)C,False,4.498865393540615,,,
C1=CC=C(C=C1)CNC(=O)CN2C=CN=C2[N+](=O)[O-],False,,,4.753226994390366,
C1=CC=C(C=C1)CCNC2=CC=CC=C2C(=O)O,True,4.410030303250599,4.860029658404407,4.760030197409634,
CC1=C(N=C(N=C1OC(=O)N(C)C)N(C)C)C,False,4.648864911118024,4.348864512263225,,
CCCCOCN(C1=C(C=CC=C1CC)CC)C(=O)CCl,False,4.287452150687937,5.2488672255444015,4.248864914695038,5.148864004988426
C1CN(CC=C1N2C3=CC=CC=C3NC2=O)CCCC(=O)C4=CC=C(C=C4)F,False,,,5.610036963564112,
C1CN(CCN1CC(CO)O)C2=CC=CC=C2,False,,,4.560029756289291,
C1=CC=C(C=C1)COC(=O)C2=CC=CC=C2C(=O)O,True,,4.198864633756791,4.256118813664984,
CNC(=O)OC1=CC=CC(=C1)N=CN(C)C.Cl,False,4.148864616843579,4.098864931407043,4.148864616843579,
CC(C)(C)C1=CC=C(C=C1)C(=O)CCCN2CCC(CC2)OC(C3=CC=CC=C3)C4=CC=CC=C4,False,,4.860029658404407,4.810029897405945,
CCC(=O)OCCOC1=CC=CC=C1,False,4.198864633756791,,,
CCN(CC)C1=NC(=CC(=N1)OP(=S)(OCC)OCC)C,False,5.498858544712217,4.948862919408721,4.24599281116335,6.148864004988426
CC1CCC2=NC=CN=C12,False,4.198864633756791,,,
C1C2=CC(=C(C=C2[C@@H]3[C@]1(COC4=C3C=CC(=C4O)O)O)O)O,True,4.443227268206493,4.5932265553823015,4.443227268206493,
CC(C)(C#C)NC(=O)C1=CC(=CC(=C1)Cl)Cl,False,4.921747128694939,4.14463048061975,,4.521747471272281
CCCNC(C)C(=O)NC1=C(SC=C1C)C(=O)OC.Cl,False,4.610029886099158,,,
CCOP(=S)(OCC)OC1=NN(C=N1)C2=CC=CC=C2,False,5.8488754099493185,6.298863933907474,,5.59885804480627
CC1=CC2=C(C(=C1)O)C(=O)C3=C(C2=O)C=C(C=C3O)O,True,5.05377461853117,4.95377460203143,,4.603775023876594
CCOC1=C(C=NN(C1=O)C)N2CCOCC2,False,,,,4.860029658404407
C1C2C(COS(=O)O1)C3(C(=C(C2(C3(Cl)Cl)Cl)Cl)Cl)Cl,False,4.44815614382721,4.473510768683912,4.998158159596291,6.323516069341159
CC(C)C1=CC2=C(C=C1)C=C(C=C2)C(C)C,True,4.3525720377426635,,,
C(C(OC(F)F)(F)F)(F)Cl,False,4.448864857638396,,,
C1=CC=C2C(=C1)C=CC(=O)O2,False,4.444299132180872,,,
C1=CC=C2C(=C1)NC(=N2)NC(=O)N,False,4.4020636063582606,,4.502063238149031,
CC1=CC(=NC(=N1)N2C(=CC(=N2)C)OC)OC,False,4.810029897405945,,,
CC(C)C1=C(C(=CC=C1)C(C)C)N,False,4.648864911118024,,,
CCC1=CC=CC(=C1N)C,False,4.448864857638396,4.198864633756791,,
CCCOC(=O)NCCCN(C)C,False,,,4.448864857638396,
CC(C)C1=CC=C(C=C1)CO,False,4.327491884053792,4.3988649544426,4.642513011928124,
C1=CC(=C(C=C1C(CNCCCCCCNCC(C2=CC(=C(C=C2)O)O)O)O)O)O.OS(=O)(=O)O,False,4.460029874171644,4.510030276850633,4.510030276850633,
CCCCCCCCCCCCCN1CC(OC(C1)C)C,False,,4.195992853319044,5.048866560110487,
C1=CC=C2C(=C1)C(=O)OC23C4=CC(=C(C(=C4OC5=C(C(=C(C=C35)I)O)I)I)O)I,True,4.393737974768499,4.676884010042052,4.726883434616337,4.3437378899448955
CC(C)CC1=NC=CN=C1OC,False,4.3988649544426,,,
C=CS(=O)(=O)[O-].[Na+],False,,,4.243577668965321,4.393577787329442
CCOP(=S)(OCC)SCCl,False,4.598864942530007,4.548864726812244,,4.948862919408721
CCN(CC)CCOC1=CC=CC=C1C(=O)CCC2=CC=CC=C2,False,5.26003230324049,,6.160019442321658,5.510027465964983
CCC(=C)C(=O)C1=C(C(=C(C=C1)OCC(=O)O)Cl)Cl,True,,5.180870267812682,4.401706426537025,
CC(C)C(C)(C)C(C)(C)C(C)(C)S,False,4.448864857638396,4.498865393540615,4.248864914695038,4.348864512263225
CCC(=O)O[C@@]1([C@H](C[C@@H]2[C@@]1(C[C@@H]([C@]3([C@H]2CCC4=CC(=O)C=C[C@@]43C)F)O)C)C)C(=O)CCl,False,,4.760030197409634,4.810029897405945,5.510027465964983
CCOC1=CC=CC=C1C(=O)N,False,4.654093492523093,,,
CCOP(=S)(OCC)SCSP(=S)(OCC)OCC,False,4.798865170407076,6.298863933907474,4.448864857638396,5.998872299722965
CCOP(=S)(NC(C)C)OC1=CC=CC=C1C(=O)OC(C)C,False,5.048866560110487,5.8488754099493185,4.148864616843579,6.148864004988426
CCCSP(=O)(OCC)SCCC,False,4.533504579757644,4.433504762852709,4.533504579757644,
CCCCCCCCC(CCCCCC)C(=O)O,False,,4.598864942530007,,
CCOC1=CC2=C(C=C1)NC(C=C2C)(C)C,True,4.449930263649515,5.149929598166141,4.924930120995942,4.724929945484398
CCCCCCCCCCC=CC1CC(=O)OC1=O,True,4.267420498373938,4.22262776664739,,
CCOC1=CC2=C(C=C1)N=C(S2)S(=O)(=O)N,True,5.390597704529707,4.660030100046487,,
CC1CCC2=C(C1)OC=C2C,False,4.184537813287594,4.384538146703993,4.184537813287594,4.484538136949886
CCOC(=O)C1=CC=C(C=C1)NC(=O)CN2CCCCC2,False,4.660030100046487,4.410030303250599,4.760030197409634,
C(CN)N,False,,,,4.1904308589201404
CC1=CN(C(=O)NC1=O)[C@H]2C[C@@H]([C@H](O2)CO)F,False,4.5406014804148525,,,
CCC1=C2C(=CC=C1)C3=C(N2)C(OCC3)(CC)CC(=O)O,False,,4.6549790836402405,4.69992868099849,
CCN1C(C2=CC=CC=C2C1=O)NC3=CC=C(C=C3)OCCN4CCCCC4,False,,,4.860029658404407,5.26003230324049
CC1=CC(=CC(=C1)OP(=O)(OC2=CC(=CC(=C2)C)C)OC3=CC(=CC(=C3)C)C)C,False,4.591870318772948,5.241868116558854,,5.641874714723351
COC1=C(C=CC(=C1)CC=C)O,False,4.50135041526701,4.348864512263225,4.701349932773607,4.454447342137559
CCCCCCOC1=CC=CC=C1C(=O)N,False,4.96003097313254,5.010029874726081,,
C1=CC=C(C(=C1)C2C(O2)(CN3C=NC=N3)C4=CC=C(C=C4)F)Cl,False,5.4488672992713925,5.2488672255444015,4.448864857638396,6.048856839892448
CC1=C(C2=C(N1CC(=O)O)C=C(C=C2)OC)C(=O)C3=CC=C(C=C3)Cl,False,,4.96003097313254,,
COC1=C(C=CC(=C1)C=C)O,False,4.448864857638396,4.498865393540615,4.248864914695038,4.698865786166042
CC1=CC(=NN=C1NCCN2CCOCC2)C3=CC=CC=C3.Cl.Cl,False,,4.710029980825098,5.060031709448664,5.010029874726081
CC1=NN=C(S1)SCC2=C(N3[C@@H]([C@@H](C3=O)NC(=O)CN4C=NN=N4)SC2)C(=O)O,False,4.460029874171644,4.760030197409634,,
CC1=CC(=C(C=C1S(=O)(=O)[O-])OC)N=NC2=C(C=CC3=C2C=CC(=C3)S(=O)(=O)[O-])O.[Na+].[Na+],True,4.448864857638396,4.3988649544426,4.448864857638396,
CC(C)C1=C(N(N(C1=O)C2=CC=CC=C2)C)CN(C)C(C)CC3=CC=CC=C3,False,,5.310025555333226,4.9100313379205005,5.710032208313266
CCC(C)(C)C1=CC(=C(C(=C1)N2N=C3C=CC=CC3=N2)O)C(C)(C)CC,False,4.192176214764559,4.3921762511311675,4.492176499285605,4.492176499285605
C1=CC=C(C=C1)C2=CC=C(C=C2)CC(=O)O,False,,4.760030197409634,,
CCOC(=O)C1=C(NC(=C(C1C2=C(C(=CC=C2)Cl)Cl)C(=O)OC)C)C,False,4.460029874171644,5.560036064079095,,5.110031956768376
COC1=CC2=C(C=C1)N=C(S2)NC(=O)NC3=CC=CC=C3,True,5.010029874726081,4.9100313379205005,,
COC(=O)NC1=NC2=C(N1)C=C(C=C2)SC3=CC=CC=C3,False,4.8044476829119205,,,
CN1C(=O)C=C(S1)Cl,False,4.267420498373938,4.148864616843579,,
CCOC1C(C2=C(O1)C=CC(=C2)OS(=O)(=O)C)(C)C,False,4.452419724893421,4.752419493766164,4.452419724893421,
CC(C)OC(=O)C(C)(C)OC1=CC=C(C=C1)C(=O)C2=CC=C(C=C2)Cl,True,4.7044475542638295,5.429447684877267,,
C1CNCC(C2=CC(=C(C(=C21)Cl)O)O)C3=CC=C(C=C3)O,False,,,4.810029897405945,
CCC(C)NC1=NC(=NC(=N1)NCC)OC,False,4.598864942530007,,,
CC1=C(C=CC(=C1)OP(=S)(OC)OC)SC,False,5.660032085297399,5.110031956768376,4.4034908716580015,4.948862919408721
CC1([C@@H](N2[C@H](S1)[C@@H](C2=O)NC(=O)[C@@H](C3=CC=CC=C3)N)C(=O)OCOC(=O)C(C)(C)C)C,False,,4.610029886099158,,6.110026361596004
CC1=CC=CC=C1O,False,4.498865393540615,,,
CCCN(CC1CC1)C2=C(C=C(C=C2[N+](=O)[O-])C(F)(F)F)[N+](=O)[O-],False,4.448864857638396,4.648864911118024,,4.548864726812244
C1=C(C=C(C(=C1Cl)N2C(=C(C(=N2)C#N)S(=O)C(F)(F)F)N)Cl)C(F)(F)F,False,,5.4780320172479104,4.928034915303,4.396038709564252
CCCCCCCCN1C(=O)C=CS1,True,4.588087466072596,4.913086897040962,4.44780282906488,4.488086416744769
[N-]=[N+]=[N-].[Na+],False,4.363263433440286,4.456064220650214,4.413263080775663,
C1CCNC(C1)CNC(=O)C2=C(C=CC(=C2)OCC(F)(F)F)OCC(F)(F)F,False,,,5.8600265120155415,
C1CN(CCN1C(C(Cl)(Cl)Cl)NC=O)C(C(Cl)(Cl)Cl)NC=O,False,,4.498865393540615,4.598864942530007,5.098863295458348
CC(C)CCCCCCCOC(=O)C1=CC=CC=C1C(=O)OCCCCCCCC(C)C,False,,4.4043544462311806,,
C1=CC=C(C(=C1)C(=O)OCC(CO)O)NC2=C3C=CC=C(C3=NC=C2)C(F)(F)F,False,5.540607512240769,5.010029874726081,4.610029886099158,4.660030100046487
CN(CCCN1C2=CC=CC=C2CCC3=CC=CC=C31)CC(=O)C4=CC=C(C=C4)Cl.Cl,False,4.96003097313254,4.860029658404407,5.110031956768376,4.96003097313254
CCC(=O)C1=C(C=C(C=C1O)O)O,False,5.010029874726081,4.860029658404407,4.510030276850633,4.810029897405945
CC(C)(C)NC[C@@H](COC1=NSN=C1N2CCOCC2)O,False,,,5.560036064079095,
C1CN(CCC1(C2=CC(=C(C=C2)Cl)C(F)(F)F)O)CCCC(C3=CC=C(C=C3)F)C4=CC=C(C=C4)F,False,4.560029756289291,5.010029874726081,5.310025555333226,
C1=CC(=C(C=C1F)F)C(CN2C=NC=N2)(CN3C=NC=N3)O,False,4.271747458143629,4.594631438943598,4.444631028601807,5.510027465964983
C1=CC=C(C(=C1)C(=O)O)NC2=CC=CC(=C2)C(F)(F)F,False,4.404447628846599,4.429447298834338,,
C1CN(CCN1CCCN2C3=CC=CC=C3SC4=C2C=C(C=C4)C(F)(F)F)CCO,False,5.310025555333226,,6.26003230324049,5.610036963564112
CCOC(=O)C1=C2CN(C(=O)C3=C(N2C=N1)C=CC(=C3)F)C,False,,4.760030197409634,,
CC(C)CCCCCCCOC(=O)CCCCC(=O)OCCCCCCCC(C)C,False,4.082501842532352,,,
CNC1=C(C(=O)N(N=C1)C2=CC=CC(=C2)C(F)(F)F)Cl,True,5.18159627575649,4.648864911118024,,4.581595991370146
C1=CC(=C2C(=C1[N+](=O)[O-])C(=O)C3=C(C=CC(=C3C2=O)O)[N+](=O)[O-])O,True,5.252774691321383,4.752775739701684,4.752775739701684,4.902777407480099
C1=CC=C(C(=C1)C(=O)O)O,False,,4.295992841163224,4.448864857638396,4.44077945582353
C1=C(C(=O)NC(=O)N1)F,True,4.482474216366178,4.501029544463137,4.460029874171644,4.5824735044499265
CNCCC(C1=CC=CC=C1)OC2=CC=C(C=C2)C(F)(F)F,False,,4.760030197409634,6.060031709448664,5.410028070483141
CC(C)CCCCCCC1=CC=C(C=C1)O,True,4.444996578694311,4.919997490187454,4.181784666866584,4.2911280418716995
C1=CC(=CC=C1OC2=C3C(=CC(=CC3=NC=C2)Cl)Cl)F,True,6.148864004988426,4.698865786166042,4.448864857638396,4.198864633756791
C1=CC=C(C=C1)C2=NC3=C(N2)C=C(C=C3)S(=O)(=O)O,True,4.690113785740352,4.6401144729530825,4.765113584253763,4.815114919086117
CCN(CC)CCN1C(=O)CN=C(C2=C1C=CC(=C2)Cl)C3=CC=CC=C3F,False,,,4.810029897405945,6.26003230324049
CC(C)CCCCCOC(=O)C1=CC=CC=C1C(=O)OCCCCCC(C)C,False,4.453848624531033,4.903848057798435,4.553848214993438,5.203849067415984
CC(C1=CC(=C(C=C1)C2=CC=CC=C2)F)C(=O)O,False,,4.548864726812244,4.3988649544426,
CC(C1=CC(=C(C=C1)C2=CC=CC=C2)F)C(=O)OC(C)OC(=O)C,False,4.810029897405945,5.110031956768376,4.510030276850633,
C1CN(CCC12C(=O)NCN2C3=CC=CC=C3)CCCC(C4=CC=C(C=C4)F)C5=CC=C(C=C5)F,False,,4.510030276850633,5.810032701648728,
CCCCCC1=CC=CC(=O)O1,False,4.448864857638396,4.198864633756791,,
CC(C)C(=O)NC1=CC(=C(C=C1)[N+](=O)[O-])C(F)(F)F,False,5.510027465964983,4.498865393540615,4.386609613992613,4.448864857638396
CN1C[C@@H](C[C@]2([C@H]1CC3=CN(C4=CC=CC2=C34)C)OC)COC(=O)C5=CC(=CN=C5)Br,False,4.710029980825098,,7.1598939055432425,5.8600265120155415
CC1=CC(=CC=C1)N(C)C(=S)OC2=CC3=C(CCC3)C=C2,False,4.96003097313254,4.810029897405945,,
C1CC(C(C(C1)(COC(=O)C2=CN=CC=C2)COC(=O)C3=CN=CC=C3)O)(COC(=O)C4=CN=CC=C4)COC(=O)C5=CN=CC=C5,False,,4.96003097313254,4.650686525706936,6.910094888560602
C1=CC(=C(C=C1N)[N+](=O)[O-])O,True,4.4531342034847095,4.798865170407076,4.503133979346002,4.4531342034847095
C1=CC=C(C(=C1)C(=O)O)OP(=O)(O)O,False,4.760030197409634,,,
CCN(CC)C(=O)SCC1=CC=C(C=C1)Cl,True,4.842392434948322,4.542391804773474,4.241407893284292,
CC1=CC(=CC=C1)O,False,4.3988649544426,,,
CCC(C)(C)C1CCC(CC1)OC,False,,4.148864616843579,4.523145918550912,
CCCCCCCCCCCCOS(=O)(=O)[O-].[Na+],False,,4.126893772059792,,
CC1=C(C=CO1)S,False,,4.498865393540615,,4.548864726812244
CC(C)CCCCCOC(=O)CS,False,,4.498865393540615,4.498865393540615,4.548864726812244
C1C2=CC=CC=C2N(C3=CC=CC=C3C1=O)C(=O)N,False,5.490595839741308,,4.510030276850633,
CC1=C(OC(=C1C(=O)NC2=CC=CC=C2)C)C,False,4.798865170407076,4.498865393540615,4.198864633756791,
CC1=NC2=C(N1)C(=O)N(C(=O)N2CC3=CC=CO3)C,False,5.760025198883063,,4.557158208489572,
CC1=CC2C3CC(C2C1)C=C3C,False,,4.3988649544426,,4.898864942667959
C1=COC(=C1)CNC2=CC(=C(C=C2C(=O)O)S(=O)(=O)N)Cl,False,,4.14709628803906,4.254350305136473,
C1C(COC1(CN2C=NC=N2)C3=C(C=C(C=C3)Cl)Cl)Br,False,4.651350564607997,5.551355505773992,4.801351159221622,7.151195298948196
COC1=C(C2=C(CC3C4=CC5=C(C=C4CCN3C2)OCO5)C=C1)OC,False,5.160031997995545,4.510030276850633,6.609948503541013,5.360025701545049
CCN(CC)C1=C(C=C(C(=C1[N+](=O)[O-])N)C(F)(F)F)[N+](=O)[O-],False,6.54882784248746,,4.248864914695038,
CCCN(CCC)C1=C(C=C(C(=C1[N+](=O)[O-])N)C(F)(F)F)[N+](=O)[O-],False,5.949929735632562,4.949929735632562,4.7690787210100005,5.099927964053319
CCN(CC)C1=NC(=CC(=N1)OP(=S)(OC)OC)C,False,5.8488754099493185,4.648864911118024,4.273459830462956,5.648861041418151
CC1=CC(=C(C=C1)C)OCCCC(C)(C)C(=O)O,False,4.19727534481442,4.648864911118024,,
CCOC(=O)NC1=CC2=C(C=C1)SC3=CC=CC=C3N2C(=O)CCN4CCOCC4.Cl,False,,4.810029897405945,4.610029886099158,5.910024277312271
C1=CC(=C(C=C1N)[N+](=O)[O-])NCCO,True,4.498865393540615,4.498865393540615,4.448864857638396,4.698865786166042
C1=C(N=C(S1)N)CC(=O)O,False,,,4.302939436984753,4.336037257957183
CC(C)CCCCCCCOP(=O)(OC1=CC=CC=C1)OC2=CC=CC=C2,False,4.6967434480591645,5.246746425190433,,5.452231446135658
CC1=CC2=C(C=C1C)SC(=N2)N,True,5.944965876325386,4.444981771347469,4.494981687151477,4.594981661981651
CCC1=C(CN(C1=O)C(=O)NCCC2=CC=C(C=C2)S(=O)(=O)NC(=O)NC3CCC(CC3)C)C,False,,5.26003230324049,,
CC(C)CCCCCCCOC(=O)C(=C)C,False,4.195686066796907,,,
CCSCC1=CC=CC=C1OC(=O)NC,False,4.198864633756791,4.287452150687937,,
CC1=CN=C(C=N1)C(=O)NCCC2=CC=C(C=C2)S(=O)(=O)NC(=O)NC3CCCCC3,False,,4.82944805379892,4.306118789647335,
C1CCC2(CC1)N(CCO2)C(=O)C(Cl)Cl,False,,4.198864633756791,,
CN(C)C(=S)[S-].CN(C)C(=S)[S-].[Zn+2],True,4.729802145507436,4.904802823899248,,
C1CC2=CC=CC=C2C(C3=CC=CC=C31)NCCCCCCC(=O)O,False,,,4.560029756289291,
COC1=C(C=C(C=C1)Cl)C(=O)NCCC2=CC=C(C=C2)S(=O)(=O)NC(=O)NC3CCCCC3,False,,5.204449611769974,4.098864931407043,4.979448949015493
CC(C)(C)C1=NN=C(S1)NS(=O)(=O)C2=CC=CC=C2,False,,4.560029756289291,,
CC1=CC2=C(C(=C(C(=C2C(C)C)O)O)C=O)C(=C1C3=C(C4=C(C=C3C)C(=C(C(=C4C=O)O)O)C(C)C)O)O,False,,4.460029874171644,,
CC1=C2C=CC(=C2C=C(C=C1)C(C)C)C,False,4.560029756289291,4.710029980825098,,4.810029897405945
COC1=CC=CC=C1OCC(CO)O,False,4.198864633756791,,,
CCCCCCCCCCCCN(CCO)CCO,False,4.950638528738947,4.200639459673228,5.000638882582227,
CC1=CC=C(C=C1)C(=O)OC2=C(C=C(C=C2)C(CNC(C)(C)C)O)OC(=O)C3=CC=C(C=C3)C,False,,4.410030303250599,4.560029756289291,5.160031997995545
CC1=CN(C(=O)NC1=O)[C@H]2C[C@@H]([C@H](O2)CO)N=[N+]=[N-],False,,4.448864857638396,,
C1=CC=C(C(=C1)C(=O)OCCOCCO)NC2=CC=CC(=C2)C(F)(F)F,False,4.860029658404407,4.760030197409634,,4.515519360918082
CC(=CCC1C(=O)N(N(C1=O)C2=CC=CC=C2)C3=CC=CC=C3)C,False,4.510030276850633,4.460029874171644,,4.810029897405945
C1=CC(=CC=C1C(=O)O)S(=O)(=O)N(Cl)Cl,False,,,4.495685484472432,
C1CN(CCC1(C2=CC=C(C=C2)Cl)O)CCCC(=O)C3=CC=C(C=C3)F,False,,,5.304448818495857,
CCCCCCCC,False,,,4.270262335799501,
C=CC1=CC=C(C=C1)S(=O)(=O)[O-].[Na+],True,4.148864616843579,,,
CCC(=O)C1CC(CC=C1C)C(C)C,False,4.3988649544426,4.248864914695038,,4.22936518990372
CC1=C(C(C(=C(N1)C)C(=O)OCCCN2CCC(CC2)(C3=CC=CC=C3)C4=CC=CC=C4)C5=CC(=CC=C5)[N+](=O)[O-])C(=O)OC.Cl,False,,5.510027465964983,5.410028070483141,5.26003230324049
COC(=O)NC1=NC2=C(N1)C=C(C=C2)C(=O)C3CC3,True,5.060031709448664,,,4.810029897405945
C1=CC(C2C1C3(C(=C(C2(C3(Cl)Cl)Cl)Cl)Cl)Cl)Cl,False,4.498865393540615,4.447804124446048,,5.072801938139941
CN(C)C1CSSSC1.C(=O)(C(=O)O)O,False,4.198864633756791,4.548864726812244,4.3988649544426,
C1=C(C(=C(C(=C1Cl)Cl)CC2=C(C(=CC(=C2Cl)Cl)Cl)O)O)Cl,False,,5.649926510048313,,4.570995454482025
CCCCCCCCCCCCCCCCOP(=O)([O-])OCC[N+](C)(C)C,False,4.53431087074211,,,
CCCCC(CC)CN1CC(CN(C1)CC(CC)CCCC)(C)N,False,,,6.360015751958412,4.9100313379205005
CC(=O)OC1CCC(CC1)C(C)(C)C,False,4.403133615351843,,,
CCCCCCC1=C(C=C(C=C1)O)O,False,4.27315734147013,5.19886394724405,4.747450353232168,5.597446319646749
C1=CC(=C(C=C1[N+](=O)[O-])N)O,False,4.399930044100508,4.474929838940309,,
C1=CC(=C(C=C1Br)Br)OC2=CC(=C(C=C2Br)Br)Br,False,4.57209930248178,4.797100584682206,4.598864942530007,
CC12CC1(C(=O)N(C2=O)C3=CC(=CC(=C3)Cl)Cl)C,False,4.674752637704916,4.3988649544426,,
CN1CCCN(CC1)C(C2=CC=CC=C2)C3=CC=C(C=C3)Cl,False,,,6.410050398674292,5.460033632003287
CC(C)(C#N)NC1=NC(=NC(=N1)NC2CC2)Cl,False,4.3988649544426,,,4.698865786166042
C1CN(CC1C2=CC=CC=C2)CCC(=O)C3=CC4=C(C=C3)OCCO4,False,4.460029874171644,,5.660032085297399,
CC1=CC(=C(C=C1)N=CN(C)C=NC2=C(C=C(C=C2)C)C)C,False,4.510030276850633,,4.496743323600061,4.8343106239823825
CCOC(=O)C1=CN=CN1C(C)C2=CC=CC=C2,False,4.810029897405945,4.9100313379205005,,6.560036064079095
CCN(CC)CCNC1=C2C(=C(C=C1)CO)SC3=CC=CC=C3C2=O,False,6.209996479609511,,5.460033632003287,
CCCCCCC1=CC=C(C=C1)N,False,4.498865393540615,4.648864911118024,,4.448864857638396
C1=CC(=C(C=C1N(CCO)CCO)[N+](=O)[O-])NCCO,True,4.449219182350864,4.474219450301974,4.449219623730018,4.424219230752967
CCCN(CCCl)C1=C(C=C(C=C1[N+](=O)[O-])C(F)(F)F)[N+](=O)[O-],False,4.798865170407076,4.698865786166042,4.448864857638396,4.648864911118024
C[C@@H]1OC[C@@H]2[C@@H](O1)[C@@H]([C@H]([C@@H](O2)O[C@H]3[C@H]4COC(=O)[C@@H]4[C@@H](C5=CC6=C(C=C35)OCO6)C7=CC(=C(C(=C7)OC)O)OC)O)O,False,,4.453735028289145,,4.503734749529954
CCC(C)NC1=C(C=C(C=C1[N+](=O)[O-])C(C)(C)C)[N+](=O)[O-],True,4.598864942530007,4.498865393540615,,
C1CN(CCN1CCOCCO)C(C2=CC=CC=C2)C3=CC=C(C=C3)Cl,True,,4.460029874171644,6.310069895981782,
CCNC1=NC(=NC(=N1)OC)NC(C)(C)C,False,4.898864942667959,,,
CCCN(CCC)C1=C(C=C(C=C1[N+](=O)[O-])C(C)C)[N+](=O)[O-],False,4.528331637709853,4.62833180763627,,4.487609398528723
CN1CCC(C(C1)C(=O)C2=CC=C(C=C2)F)(C3=CC=C(C=C3)F)O,False,,,4.560029756289291,5.110031956768376
CC(C)C1=CC=C(C=C1)NC(=O)N(C)C,True,4.698865786166042,4.3988649544426,,
CC(C)C1=NN2C=CC=CC2=C1C(=O)C(C)C,False,5.510027465964983,,,
CC(C)CC1=CC=C(C=C1)C(C)C(=O)O,False,,4.442176515926243,,
CC(C)CC1=CC=C(C=C1)C(C)C(=O)OCC2=CC=CC=N2,False,4.510030276850633,4.860029658404407,,
CCN(CC)CC(=O)NC1=C(C=CC=C1C)C,False,,,4.510030276850633,
CC(CCC1=CC=C(C=C1)O)NCCC2=CC(=C(C=C2)O)O,False,,,4.810029897405945,
CC1=C(C(=O)C(=C(C1=O)OC)OC)CCCCCCCCCCO,False,4.810029897405945,4.96003097313254,4.460029874171644,
CCCSP(=S)(OCC)OC1=C(C=C(C=C1)Cl)Cl,False,4.898864942667959,5.698861444284984,,5.548858579207237
CC(C(C1=CC=C(C=C1)O)O)N2CCC(CC2)CC3=CC=CC=C3,False,,,6.060031709448664,
C1CN(P(=O)(OC1)NCCCl)CCCl,False,,,4.648510976263629,
CN(C)CCCN1C2=CC=CC=C2CCC3=CC=CC=C31,False,,,5.110031956768376,
C1=CN=CC=C1C2=CNC(=O)C(=C2)N,False,4.579447419231747,4.879448774056199,4.629447795475125,4.9044462889065645
CC(=CC[C@@H]1[C@@](O1)(C)[C@H]2[C@@H]([C@@H](CC[C@]23CO3)OC(=O)NC(=O)CCl)OC)C,False,4.8110743272157634,4.711073695760392,,5.311073203826885
C1=C(C=C(C(=C1O)O)O)C(=O)O,False,4.39463029944368,4.494630215732318,,
CC1CC2=CC=CC=C2N1NC(=O)C3=CC(=C(C=C3)Cl)S(=O)(=O)N,False,,4.3988649544426,4.3988649544426,4.629447795475125
C1=CC=C2C(=C1)C(=CN2)CO,False,4.648864911118024,5.098863295458348,4.598864942530007,5.548858579207237
C1=CC(=C(C(=C1)F)C(=O)NC(=O)NC2=CC=C(C=C2)Cl)F,False,4.448864857638396,4.448864857638396,,
CCCSP(=S)(OCC)OC1=CC=C(C=C1)SC,False,5.748873015022128,5.59885804480627,4.498865393540615,5.39886386639293
C1=CC=C2C(=C1)N=C(S2)[S-].[Na+],False,4.498865393540615,4.748865707419434,4.198864633756791,
CC1=C(C2=C(N1C(=O)C3=CC=C(C=C3)Cl)C=CC(=C2)OC)CC(=O)O,False,,4.746037176626294,4.446038128163577,4.534625328832905
C=CCOC(CN1C=CN=C1)C2=C(C=C(C=C2)Cl)Cl,False,5.723149829039327,6.073159227373214,5.273158034247439,6.823224214793078
C(C(=O)N)I,True,4.344981685361394,4.144982056085977,4.194981959547696,
CCN1C2=NC=C(C(=C2C=N1)NN=C(C)C)C(=O)OCC.Cl,False,5.410028070483141,4.810029897405945,,5.460033632003287
CCC(CC1=C(C(=C(C=C1I)I)N)I)C(=O)O,False,4.361248435450426,4.48624849668389,4.560029756289291,
CC(=O)NC1=CC=C(C=C1)OCCOCCOC2=CC=C(C=C2)NC(=O)C,False,,5.26003230324049,,
CCCCN(CCCC)CCC(C1=C2C=CC(=CC2=C3C=C(C=C(C3=C1)Cl)Cl)C(F)(F)F)O.Cl,False,4.710029980825098,,6.010016541698601,5.660032085297399
CC(C)OC1=CC2=C(C=C1)C(=O)C(=CO2)C3=CC=CC=C3,True,5.050316625652091,4.685030041754397,4.460029874171644,
CCCCC1=NC2(CCCC2)C(=O)N1CC3=CC=C(C=C3)C4=CC=CC=C4C5=NNN=N5,False,,4.810029897405945,,5.410028070483141
CC(C)NC(=O)N1CC(=O)N(C1=O)C2=CC(=CC(=C2)Cl)Cl,False,4.9238639310383405,5.923859650856931,,
C1=CC(=C(C(=C1)Cl)COC(CN2C=CN=C2)C3=C(C=C(C=C3)Cl)Cl)Cl,False,5.410028070483141,5.8600265120155415,5.060031709448664,6.809948582240794
C(C(F)(F)F)(OC(F)F)Cl,False,4.3985103945772215,,,
CCCCNC1=C2C(=C(C=C1)NCCCC)C(=O)C3=CC=CC=C3C2=O,False,5.721269257253018,,,
C1=CN=CC=C1C(=O)NN,False,4.57659354873707,4.860029658404407,4.197449292591688,4.96003097313254
CC(C)[N+](C)(CCC(C1=CC=CC=C1)(C2=CC=CC=C2)C(=O)N)C(C)C,False,4.460029874171644,4.410030303250599,6.110026361596004,4.810029897405945
CC(C)NCC(C1=CC(=C(C=C1)O)O)O,False,,,4.810029897405945,
CC1=C(C(C(=C(N1)C)C(=O)OC(C)C)C2=CC=CC3=NON=C32)C(=O)OC,False,,5.760025198883063,,5.460033632003287
CC(C)(C)C(=O)C(N1C=CN=C1)OC2=CC=C(C=C2)Cl,False,4.810029897405945,5.460033632003287,4.560029756289291,7.360513510731414
CCC1=NC(=CC(=N1)OP(=S)(OC)OC)OCC,False,4.448864857638396,,,
C1=CC(=C(C(=C1C2=C(C(=C(C=C2)Cl)Cl)Cl)Cl)Cl)Cl,False,4.469829768203853,4.769829627333815,,
C1=CC(=CC(=C1)Cl)C2=CC(=CC(=C2)Cl)Cl,False,4.964326164864884,4.414326123695772,,
C1=CC=C2C(=C1)C(=O)C3=CC=CC=C3N2CC(=O)O,False,5.340597274077998,,,
C1CN(CCC1NC(=O)C2=CC=CC=C2)CCC3=CNC4=CC=CC=C43.Cl,False,,,5.26003230324049,
C1CN(CCC1C(=O)C2=CC=C(C=C2)F)CCN3C(=O)C4=CC=CC=C4NC3=O,False,,4.810029897405945,5.26003230324049,
COC1=C(C=C(C=C1)N)N.OS(=O)(=O)O,True,5.1852265071005235,4.435227446070712,4.585227141906669,4.535227374110196
CC(C1=CC(=CC=C1)C(=O)C2=CC=CC=C2)C(=O)O,False,4.610029886099158,4.529624348014224,,
CN1CCC(=C2C3=C(C(=O)CC4=CC=CC=C42)SC=C3)CC1,False,,,5.660032085297399,
CC1=CC(=O)C2=C(C3=C(C(=C2O1)OC)OC=C3)OC,False,6.809948582240794,4.810029897405945,4.860029658404407,5.060031709448664
C1CNCCC1(C2=CC=C(C=C2)Cl)O,False,,,5.310025555333226,
CC(=CC1C(C1(C)C)C(=O)OC(C#N)C2=CC(=CC=C2)OC3=CC=CC=C3)C,False,4.3988649544426,4.948862919408721,4.223145605354553,
C1=CC=C(C=C1)OC2=CC=CC(=C2)C=O,False,4.395333393952827,4.395333393952827,,
C1=COC(=C1)CNC2=NC=NC3=C2NC=N3,False,4.273459830462956,,,
CCCCCCOC1=CC=C(C=C1)N,True,5.39886386639293,4.998863636444484,4.448864857638396,4.448864857638396
CCC(CC)NC1=C(C=C(C(=C1[N+](=O)[O-])C)C)[N+](=O)[O-],False,4.645871298490368,4.54587102759862,,4.248864914695038
C(CCC(=O)O)CCC(=O)O,False,,,4.143166021859697,
C1=CC(=C(C=C1O)C=O)Br,True,4.442526484291312,4.342526315849739,,
B([C@H](CC(C)C)NC(=O)[C@H](CC1=CC=CC=C1)NC(=O)C2=NC=CN=C2)(O)O,False,4.67858593011413,4.760030197409634,,5.510027465964983
CCCCCCC1=CC=C(C=C1)C2=CC=C(C=C2)C#N,False,4.506357953085909,4.256358555826723,4.306358335896583,
CCCSP(=O)(OCC)OC1=C(C=C(C=C1)Br)Cl,False,5.36259033214905,5.012588488640135,4.862585749971453,
C1=CC(=C(C(=C1)Cl)Cl)C2=C(N=C(N=N2)N)N,False,,,4.610029886099158,
CC1=C(C=CN=C1CS(=O)C2=NC3=CC=CC=C3N2)OCC(F)(F)F,True,4.6794475259725115,4.729448183336578,5.729441428259754,5.029448470331753
CC(=CCC1=C(C2=CC=CC=C2C(=O)C1=O)O)C,False,4.950995299323924,4.650994599056933,4.350994395067685,
C[C@](CC1=CC(=C(C=C1)O)O)(C(=O)O)N.C[C@](CC1=CC(=C(C=C1)O)O)(C(=O)O)N.O.O.O,False,4.199928658690947,4.149928712537672,,
CC1=NN=C(C(=O)N1N)C2=CC=CC=C2,False,4.448864857638396,,,
CCCCCCCCC(=O)OCC(C)OC(=O)CCCCCCCC,False,,4.428710528809394,,
CC1=NC=C(C(=C1O)C=O)COP(=O)(O)O.O,False,4.760030197409634,,,
CCCCC1=C(N=C(N=C1OS(=O)(=O)N(C)C)NCC)C,False,4.898864942667959,4.498865393540615,,4.898864942667959
CCCCCCCCCCCC(=O)O,True,,4.1731569547176335,,
C1=C(C(=CC(=C1Cl)[N+](=O)[O-])O)N,False,4.7020623066457485,4.502063238149031,,4.4020636063582606
CC1=C(C=NO1)C(=O)NC2=CC=C(C=C2)C(F)(F)F,True,5.879449168088392,4.679447312109095,4.6544476454732795,5.079447817220014
C1=CC(=CC=C1C#N)C(C2=CC=C(C=C2)C#N)N3C=NC=N3,False,,4.377059996016138,,5.37706103078851
CC1=C2C(=CC=C1)SC3=NN=CN23,False,4.548864726812244,,4.498865393540615,4.698865786166042
CC(C)(C(=O)O)OC1=CC=C(C=C1)CCNC(=O)C2=CC=C(C=C2)Cl,True,4.710029980825098,4.6544476454732795,4.148864616843579,
CC(=O)O[C@@H]1[C@@H](SC2=CC=CC=C2N(C1=O)CCN(C)C)C3=CC=C(C=C3)OC,False,,,4.760030197409634,6.010016541698601
CC1=NC=C(C(=N1)N)CNC(=O)N(CCCl)N=O,False,4.460029874171644,,,
CCOP(=S)(OCC)OC1=NN(C(=N1)Cl)C(C)C,False,5.648861041418151,5.298863933907473,4.145992904260828,5.798876102792621
COC(=O)C1=C(C=CC(=C1)OC2=C(C=C(C=C2)Cl)Cl)[N+](=O)[O-],False,4.698865786166042,5.148864004988426,4.598864942530007,
CC1=C(C(=CC=C1)C)NC(=O)CN2CCN(CC2)CCCC(C3=CC=C(C=C3)F)C4=CC=C(C=C4)F,False,,4.810029897405945,5.360025701545049,
CC(C)C1=NC(=CS1)CN(C)C(=O)N[C@@H](C(C)C)C(=O)N[C@@H](CC2=CC=CC=C2)C[C@@H]([C@H](CC3=CC=CC=C3)NC(=O)OCC4=CN=CS4)O,False,,5.810032701648728,4.860029658404407,7.410050398674292
CC1=CC(=C(N1C2=CC=C(C=C2)Cl)C)CC(=O)O,False,,4.760030197409634,4.810029897405945,4.560029756289291
C1=CC=C(C=C1)N2C3=CC=CC=C3C(C2=O)(CC4=CC=NC=C4)CC5=CC=NC=C5,False,,5.460033632003287,4.760030197409634,6.510041520575165
CCOC1=C(C=CC(=C1)OC2=C(C=C(C=C2)C(F)(F)F)Cl)[N+](=O)[O-],False,4.496396352270654,5.196396280227302,5.421393564971955,
CC(C)[N+](C)(C)CC(COC1=CC=CC2=CC=CC=C21)O.[Cl-],False,,,5.460033632003287,
CN(C1=NC(=CC=C1)OC)C(=S)OC2=CC3=C(CCCC3)C=C2,False,4.610029886099158,4.860029658404407,,5.460033632003287
CC(C)(C)C(=O)C(N1C=NC=N1)OC2=CC=C(C=C2)Cl,False,4.449219037810705,4.949218233722316,,6.399244850360382
CN1C(=CC(=[N+]1C)C2=CC=CC=C2)C3=CC=CC=C3.COS(=O)(=O)[O-],False,,4.498865393540615,6.349237085594113,
C=CC(=O)OCCOC1=CC=CC=C1,False,4.448864857638396,4.3988649544426,4.3988649544426,
C1CC2CN(CCN2C1)CCC(=O)N3C4=CC=CC=C4SC5=C3C=C(C=C5)Cl,False,,,5.221262847460818,5.921253265726393
CN(C)C(=O)C(CCN1CCC(CC1)(C2=CC=C(C=C2)Cl)O)(C3=CC=CC=C3)C4=CC=CC=C4,False,,,5.060031709448664,
C1=CC=C2C(=C1)C(=NN2CC3=C(C=C(C=C3)Cl)Cl)C(=O)O,False,,4.151706788013189,4.201706465163455,
CCOC(=O)N1CCC(=C2C3=C(CCC4=C2N=CC=C4)C=C(C=C3)Cl)CC1,False,4.3988649544426,6.204447185393037,4.90444814029423,
CCCCC1=NC(=C(N1CC2=CC=C(C=C2)C3=CC=CC=C3C4=NNN=N4)CO)Cl,False,,5.26003230324049,,5.110031956768376
CC1(C(=O)N(C(=O)O1)C2=CC(=CC(=C2)Cl)Cl)C=C,False,5.250107719896581,4.251350780072153,,4.206541831133881
CCCC1=C(C=CC(=C1O)C(=O)C)OCCCCC2=NNN=N2,False,4.366587908917339,6.829498508195692,,4.879448774056199
CC(=O)O[C@H]1C[C@@H]2CC[C@@H]3[C@@H]([C@]2(C[C@@H]1N4CCCCC4)C)CC[C@]5([C@H]3C[C@@H]([C@@H]5OC(=O)C)[N+]6(CCCCC6)C)C.[Br-],False,,,,4.860029658404407
CC(C)[N+](=O)[O-],False,4.179203354067754,,,
CN1C(=O)C=CS1,False,4.498865393540615,4.448864857638396,,
CC(=O)OCCCCCCCCC=C,False,4.198864633756791,,,
CN1C(=NC(=O)N(C1=O)C2CCCCC2)N(C)C,False,4.172274777230732,,,
CC(C(=O)OC)OC1=CC=C(C=C1)OC2=C(C=C(C=C2)Cl)Cl,False,4.3988649544426,4.548864726812244,,
CCOC(=O)CC(C(=O)OCC)SP(=S)(OC)OC,True,5.679456083435857,5.90443699478408,,6.104447857218545
CC(C)OC(=O)C(=C1SC=CS1)C(=O)OC(C)C,False,4.860029658404407,4.510030276850633,,
C1=CC=C(C=C1)NC(=O)NC2=CN=NS2,False,5.59885804480627,4.498865393540615,4.548864726812244,5.4488672992713925
CNCCCC12CCC(C3=CC=CC=C31)C4=CC=CC=C24,False,,,5.26003230324049,6.310069895981782
CC1(CCC2CC(CC1N2C)OC(=O)C(C3=CC=CS3)(C4=CC=CS4)O)C,False,,,4.860029658404407,6.659952682338607
CC1=NN(C(=O)C1)C2=CC=CC=C2,False,4.446038128163577,4.896039004012073,4.472451334468389,4.346038251072932
CCOC1=CC(=C(C=C1)OCC)Cl,False,4.498865393540615,,,
C1=CC(=CC=C1N)O,True,4.471080428236883,4.521079888047499,4.64607999013392,4.583220895672254
COC(=O)NC1=NC2=C(N1)C=C(C=C2)C(=O)C3=CC=CC=C3,False,4.860029658404407,,,
C1=CC=C(C=C1)C2=CSC(=N2)N.O.Br,True,5.1502858328530134,4.950282050998537,4.900284837648976,5.100283434381408
CC1(C(C1C(=O)OCC2=CC(=CC=C2)OC3=CC=CC=C3)C=C(Cl)Cl)C,False,4.475285906667646,5.025286169998362,4.525286048328416,
CC1=C(C(=C(C=C1)Cl)NC2=CC=CC=C2C(=O)[O-])Cl.[Na+],False,,4.560029756289291,,
C1=CC(=C(C(=C1C(=O)C2=CC(=C(C(=C2)O)O)O)O)O)O,False,4.42439661015558,4.19939665444165,4.474396829704587,
CC1=C(C(=CC=C1)NC2=CC=CC=C2C(=O)O)C,True,4.098864931407043,4.479447633856129,,
CCOC(=O)COC1=CC=C(C=C1)C,True,4.448864857638396,,,
CC(C)OC(=O)C(C)N(C1=CC(=C(C=C1)F)Cl)C(=O)C2=CC=CC=C2,False,4.198864633756791,4.898864942667959,,4.448864857638396
CC12CC3CC(C1)(CC(C3)(C2)N)C,False,,,4.760030197409634,
CC1=CC(=O)C2=CC=CC=C2C1=O,False,5.7794528583354285,4.704447419967976,4.454447848395606,4.6794475259725115
CC1([C@H]([C@H]1C(=O)O[C@H](C#N)C2=CC(=CC=C2)OC3=CC=CC=C3)C=C(Br)Br)C,False,,5.440155223496501,,
CC1=CC=CC=C1OCC(CO)O,False,4.710029980825098,,4.560029756289291,
CC1=CC=C(C=C1)S(=O)(=O)O.CNC(=O)C1=NC=CC(=C1)OC2=CC=C(C=C2)NC(=O)NC3=CC(=C(C=C3)Cl)C(F)(F)F,False,,4.760030197409634,,4.507157926606608
C1CN2CCC1C(C2)CN3C4=CC=CC=C4SC5=CC=CC=C53,False,,,6.510041520575165,
C1=CC(=C(C=C1N)C(=O)O)O,False,4.198864633756791,4.3256421748442335,4.448864857638396,
CN1CCCCC1CCN2C3=CC=CC=C3SC4=C2C=C(C=C4)S(=O)C,False,,,7.059981844992337,
C1=CC(=CN=C1)CNC(=O)NC2=CC=C(C=C2)[N+](=O)[O-],False,4.798865170407076,5.2488672255444015,4.448864857638396,5.998872299722965
C1COCCN1CCN,False,,,4.448864857638396,4.648864911118024
COC(=O)NC1=NC2=C(N1)C=C(C=C2)S(=O)C3=CC=CC=C3,False,4.6046246176101695,,,5.049221497039935
C[Hg]Cl,True,,,,4.399928192697783
COP(=O)(N)SC,False,,4.205281273887476,,
C1N2CN3CN1CN(C2)C3,False,4.760030197409634,,,
CC(=O)O.C1CCNC(C1)CNC(=O)C2=C(C=CC(=C2)OCC(F)(F)F)OCC(F)(F)F,False,4.406718364578499,4.256717633060936,6.056703385433345,4.656717478220369
CN1CCN(CC1)C2CC3=CC=CC=C3SC4=C2C=C(C=C4)SC,False,,4.460029874171644,5.760025198883063,5.310025555333226
C1=CC=C(C=C1)[S-].[Na+],False,4.572628075252577,4.172627618187809,,
CC1=C(C(C(=C(N1)C)C(=O)OCCN(C)CC2=CC=CC=C2)C3=CC(=CC=C3)[N+](=O)[O-])C(=O)OC.Cl,False,4.401350634527242,6.401318901092837,5.2513469065757326,6.751291264399082
COC1=C2C(=CC3=C1OC=C3)C=CC(=O)O2,False,6.798876102792621,5.245682249484381,5.098863295458348,4.645685992213179
COC1=CC=C(C=C1)C(C2=CC=C(C=C2)OC)C(Cl)(Cl)Cl,False,4.801351159221622,5.901356274182943,4.50135041526701,
CC(CC1=CC=CC=C1OC)NC,False,,,4.860029658404407,
CC1=CC(=CC(=C1N)C)C2=CC(=C(C(=C2)C)N)C,False,6.5023194022093005,4.552260153642624,4.727260358410808,4.477260241643023
CN1C(NC2=CC(=C(C=C2S1(=O)=O)S(=O)(=O)N)Cl)CCl,False,,,,4.610029886099158
COC(=O)NC1=NC2=C(N1)C=C(C=C2)C(=O)C3=CC=CS3,True,4.810029897405945,,4.410030303250599,
C1CCCCCC(=O)OCCOC(=O)CCCC1,False,4.598864942530007,4.3988649544426,,4.548864726812244
CC(COC(C)COC(=O)C=C)OCC(C)OC(=O)C=C,False,5.19886394724405,4.448864857638396,,5.298863933907473
COP(=S)(OC)OC1=CC=C(C=C1)[N+](=O)[O-],False,5.3735155873092095,4.673510543247584,4.3988649544426,4.502138322117194
CCCCC1CCC(CC1)O,False,4.198864633756791,,,
COC(=O)C1=CC=CC=C1O,True,4.473157420755746,4.197449292591688,,4.316600353304926
CC(C)(C)C(C(N1C=NC=N1)OC2=CC=C(C=C2)Cl)O,False,4.448864857638396,4.598864942530007,4.348864512263225,5.948847477552619
CCN(CC(=C)C)C1=C(C=C(C=C1[N+](=O)[O-])C(F)(F)F)[N+](=O)[O-],False,4.498865393540615,4.498865393540615,,
CCCCN(CCCC)SN(C)C(=O)OC1=CC=CC2=C1OC(C2)(C)C,False,4.395346031190431,4.570345582349354,4.4953463416999435,4.9203458881134186
CC1=C(S(=O)(=O)CCS1(=O)=O)C,False,4.2067182190885,,,
C1=C(C(=NC(=C1Cl)Cl)OCC(=O)O)Cl,False,4.488342530888692,4.388691008991687,4.838344560007975,4.438691063647086
CCCCCCCCSC(=O)OC1=CC(=NN=C1C2=CC=CC=C2)Cl,False,4.3988649544426,4.248864914695038,,
COS(=O)(=O)C,False,,,4.182473632761403,
C1CN(CCN1)C2=CC=CC=C2Cl,False,4.460029874171644,,5.010029874726081,
CC1=CC=CC=C1C(=O)NC2=CC(=CC=C2)OC(C)C,False,5.19886394724405,4.648864911118024,,
CCN(CC)CCNC(=O)C1=CC(=C(C=C1OC)N)Cl,False,,,5.110031956768376,
CC(=O)OC1=CC=CC=C1C(=O)NC2=NC=C(S2)[N+](=O)[O-],True,5.199891482701975,5.549892442312366,5.124891906762324,5.324890684152153
CCC1=CC=CC(=C1N(C(C)COC)C(=O)CCl)C,False,4.263233907068802,4.561755750028878,,4.499104485337828
C1CCC(CC1)C2CCC(=O)CC2,False,4.348864512263225,4.098864931407043,,4.179365119405615
CC1NC2=CC(=C(C=C2C(=O)N1C3=CC=CC=C3C)S(=O)(=O)N)Cl,False,,,,4.510030276850633
CC(C)NCC(COC1=CC=C(C=C1)CCOC)O,False,4.198864633756791,4.148864616843579,4.998863636444484,
CCOP(=S)(OCC)SCS(=O)(=O)C(C)(C)C,False,4.3988649544426,5.098863295458348,4.3988649544426,5.548858579207237
CC(C)(C1=CN=CC=C1)C(=O)C2=CN=CC=C2,False,,,,6.209996479609511
CC1COC2(N1CC(=O)NC3=C2C=C(C=C3)Cl)C4=CC=CC=C4Cl,False,,4.510030276850633,4.917284624930402,5.910024277312271
CC1=CC(=CC=C1)NC2=C(C=NC=C2)S(=O)(=O)NC(=O)NC(C)C,False,,4.860029658404407,,4.96003097313254
CN1CCN2C(C1)C3=CC=CC=C3CC4=CC=CC=C42,False,,,5.460033632003287,
CC1=C(C=C(C(=O)N1)C#N)C2=CC=NC=C2,False,4.3988649544426,4.679447445971562,4.148864616843579,
C1CCN(CC1)C2=NC(=N)N(C(=C2)N)O,False,,,4.96003097313254,
C#CC1=CC=C(C=C1)C2=CC=CC=C2F,True,6.060031709448664,4.810029897405945,,4.660030100046487
C1=CC=C(C(=C1)C(C2=CC=C(C=C2)Cl)C(Cl)Cl)Cl,False,,4.854448340275987,4.448864857638396,
C1COCCN1CCNC(=O)C2=CC=C(C=C2)Cl,False,,,5.310025555333226,
CCN(CC)C(=O)NC1=CC(=C(C=C1)OCC(CNC(C)(C)C)O)C(=O)C.Cl,False,,,4.560029756289291,
CC1=C(C(=CC=C1)C)N(C(C)C(=O)OC)C(=O)C2=CC=CO2,False,,4.498865393540615,,
C1CCN2C(C1)NC(=O)C23CCN(CC3)CCCN4C5=CC=CC=C5CCC6=C4C=C(C=C6)Cl,False,,,5.160031997995545,
CC1=CC(=C(C=C1NC(=O)C2=C(C(=CC(=C2)I)I)O)Cl)C(C#N)C3=CC=C(C=C3)Cl,False,,4.810029897405945,,
CC1=C(C(=CC=C1)C)N(C(C)C(=O)OC)C(=O)COC,False,4.17385454916737,4.149573724203458,,
C1CC(C1)(C(=O)O)C(=O)O.[NH2-].[NH2-].[Pt+2],False,4.810029897405945,5.060031709448664,4.560029756289291,
CC(CCOC(=O)C)CC(C)(C)C,False,,,4.148864616843579,
COC1=CC(=CC2=C1OCO2)CC=C,False,5.629043035583546,4.429052140917414,4.629052278349855,5.079052713902801
CCN(CC)C(=O)C1=CC=CC(=C1)C,False,4.3988649544426,,,
CCCCCCCCCCCC[N+](C)(C)CC(=O)[O-],False,4.448864857638396,,,
CC1=C(C(=CC=C1)C)NC(=O)CN(CC(=O)O)CC(=O)O,False,4.53431087074211,,,
CCCCCCCCCCCCN1CCCCCC1=O,False,4.448864857638396,4.498865393540615,,
CC(=O)C1=CC=C(C=C1)C2=CC=C(C=C2)C(=O)NCCCCN3CCN(CC3)C4=CC=CC=C4OC,False,,,5.660032085297399,
CC1=NC=C2N1C3=C(C=C(C=C3)Cl)C(=NC2)C4=CC=CC=C4F.Cl,False,4.560029756289291,4.560029756289291,,4.96003097313254
CN1C=C(C(=O)C(=C1)C2=CC(=CC=C2)C(F)(F)F)C3=CC=CC=C3,False,4.72905393721891,4.479053421287196,4.409241734279668,4.9040531025667216
C1C(O1)COC2=CC=C(C=C2)C(C3=CC=C(C=C3)OCC4CO4)C5=CC=C(C=C5)OCC6CO6,False,,4.798865170407076,,5.048866560110487
C1=CC=C(C(=C1)C(C2=CC=C(C=C2)Cl)(C3=CN=CN=C3)O)Cl,True,4.119996455348575,5.169995015667597,4.444996578694311,6.769999736710245
C1COC(O1)(CN2C=NC=N2)C3=C(C=C(C=C3)Cl)Cl,False,4.448864857638396,4.848866210191896,4.198864633756791,6.298863933907474
CCCC1COC(O1)(CN2C=NC=N2)C3=C(C=C(C=C3)Cl)Cl,False,4.5698217826427125,5.619819120309564,4.469821755902899,7.194791299361063
CC(=O)CN(CC(=O)C)N=O,False,4.3988649544426,,,
C1=CC(=C(C=C1N)[N+](=O)[O-])N,True,4.598864942530007,4.798865170407076,4.498865393540615,5.148864004988426
CC(CC1=CC2=C(C(=C1)OC)OCO2)[NH3+].[Cl-],False,4.379938937598203,,5.579945184221236,
C1=CC=C(C=C1)CNCCO,False,4.3988649544426,,4.3988649544426,
CCCC(=O)C(CC)SC1=C(OC=C1)C,False,4.3988649544426,4.3988649544426,,4.448864857638396
CC(C)OC(=O)C1=CC(=CC(=C1)[N+](=O)[O-])C(=O)OC(C)C,False,5.738332771225815,6.188357978546849,5.2883445897378945,
C1=CC(=CC=C1C2=CSC(=N2)NN)[N+](=O)[O-],True,5.4488672992713925,5.2488672255444015,4.548864726812244,5.298863933907473
C1CNC[C@H]([C@@H]1C2=CC=C(C=C2)F)COC3=CC4=C(C=C3)OCO4,False,4.810029897405945,,6.160019442321658,4.810029897405945
C1=CC(=C(C=C1[C@H](CN)O)O)O,False,,4.348864512263225,,4.198864633756791
C1=CC2=C(C=C1O)C(=CN2)C[C@@H](C(=O)O)N,True,4.5107221553026395,4.535722606337611,4.461414956588271,4.485721953963146
CC1=CC[C@H](CC1=O)C(=C)C,False,4.198864633756791,,,
C1=CC=C(C(=C1)CN)SC2=CC=CC=C2CO,False,4.810029897405945,4.860029658404407,5.26003230324049,5.560036064079095
C1=CC(=C(C=C1C(F)(F)F)Cl)OC2=CC(=C(C=C2)[N+](=O)[O-])C(=O)[O-].[Na+],False,,4.604270581742459,,
C1=CC(=C(C=C1C(F)(F)F)Cl)OC2=CC(=C(C=C2)[N+](=O)[O-])C(=O)O,False,,4.522804113019246,,
CC(=O)CCC1=CC2=C(C=C1)C=C(C=C2)OC,True,5.26003230324049,,,
CC1=CC[C@@H](CC1)C(=C)C,False,,,4.273459830462956,
C[C@H](CS)C(=O)N1CCC[C@H]1C(=O)O,False,,4.810029897405945,,
COC1=CC2=C(C=CN=C2C=C1)[C@@H]([C@H]3C[C@@H]4CCN3C[C@@H]4C=C)O,False,,,8.007062321345803,4.50599854962388
C[C@H]1[C@H]2CC[C@@H]3[C@@]2(CC[C@H]4[C@H]3CC=C5[C@@]4(CC[C@@H](C5)N(C)C)C)CN1C,False,,,4.410030303250599,
CC1=CC2=C(N1)C=CC=C2OCC(CNC(C)(C)C)OC(=O)C3=CC=CC=C3,False,,5.160031997995545,6.209996479609511,5.26003230324049
C[C@@H]1[C@@H]2[C@H](C(=O)N2C(=C1S[C@H]3C[C@H](NC3)C(=O)N(C)C)C(=O)O)[C@@H](C)O,False,4.460029874171644,,4.760030197409634,4.460029874171644
C[C@@H]1CC(=O)C=C([C@]12C(=O)C3=C(O2)C(=C(C=C3OC)OC)Cl)OC,False,,4.275642002156648,,4.602419736113881
C[C@@H]1[C@H]([C@H](C[C@@H](O1)O[C@@H]2[C@H](O[C@H](C[C@@H]2O)O[C@@H]3[C@H](O[C@H](C[C@@H]3O)O[C@H]4CC[C@]5([C@@H](C4)CC[C@@H]6[C@@H]5CC[C@]7([C@@]6(CC[C@@H]7C8=CC(=O)OC8)O)C)C)C)C)O)O,False,4.54584751509919,,,
CCCC(=O)NC1=CC(=C(C=C1)OCC(CNC(C)C)O)C(=O)C.Cl,False,4.525046935085021,,4.510030276850633,
CC(C)NCC(COC1=CC=C(C=C1)CCOC)O.CC(C)NCC(COC1=CC=C(C=C1)CCOC)O.[C@@H]([C@H](C(=O)O)O)(C(=O)O)O,False,,,4.860029658404407,
CCCCC1=C(C2=CC=CC=C2O1)C(=O)C3=CC(=C(C(=C3)I)OCCN(CC)CC)I.Cl,False,4.545142949440285,4.545142949440285,4.545142949440285,
CC(=O)OCC1=C(N2[C@@H]([C@@H](C2=O)N)SC1)C(=O)O,False,4.8212647142114955,,4.895545325414448,
CC(C)(C)NCC(C1=CC(=CC(=C1)O)O)O.CC(C)(C)NCC(C1=CC(=CC(=C1)O)O)O.OS(=O)(=O)O,False,,,4.410030303250599,
C[C@@H]1C[C@H]2[C@@H]3CCC4=CC(=O)C=C[C@@]4([C@]3([C@H](C[C@@]2([C@]1(C(=O)CCl)OC(=O)C5=CC=CO5)C)O)Cl)C,False,,5.110031956768376,5.410028070483141,6.110026361596004
CC1=C(OC2=C(C1=O)C=CC=C2C(=O)OCCN3CCCCC3)C4=CC=CC=C4.Cl,False,4.810029897405945,,5.160031997995545,5.810032701648728
CCCCCCCCCCCCOS(=O)(=O)O.CC[C@@H]1[C@@]([C@@H]([C@H](C(=O)[C@@H](C[C@@]([C@@H]([C@H]([C@@H]([C@H](C(=O)O1)C)O[C@H]2C[C@@]([C@H]([C@@H](O2)C)O)(C)OC)C)O[C@H]3[C@@H]([C@H](C[C@H](O3)C)N(C)C)OC(=O)CC)(C)O)C)C)O)(C)O,False,4.4272805436371225,4.4272805436371225,4.515868215291666,6.577246058698652
C1[C@H]([C@@H]([C@H]([C@@H]([C@H]1N)O[C@@H]2[C@@H]([C@H]([C@@H]([C@H](O2)CN)O)O)O)O)O[C@@H]3[C@@H]([C@H]([C@@H]([C@H](O3)CO)O)N)O)N.OS(=O)(=O)O,False,5.55896505371657,,,
CCOC(=O)OC(C)OC(=O)[C@H]1C(S[C@H]2N1C(=O)[C@H]2NC(=O)[C@@H](C3=CC=CC=C3)N)(C)C.Cl,False,,,4.860029658404407,6.410050398674292
CCCOC(C1=CC=CC=C1)(C2=CC=CC=C2)C(=O)OC3CCN(CC3)C.Cl,False,,,5.110031956768376,6.560036064079095
COC1=CC=CC=C1N2CCN(CC2)CC(COC3=CC=CC4=CC=CC=C43)O,False,,,5.8600265120155415,
COP(=O)(OC)OC(C(Cl)(Cl)Br)Br,False,4.423511033928149,4.573510750145518,4.298510921987347,4.14815666541292
CCCCCCCCCCCSCC(=O)O,False,,4.198864633756791,4.548864726812244,
COC1=C(C=C2C(=C1)[C@]34CCN5[C@H]3C[C@@H]6[C@@H]7[C@@H]4N2C(=O)C[C@@H]7OCC=C6C5)OC,False,,,4.295992841163224,4.3988649544426
CCN1C=C(C(=O)C2=C1N=C(C=C2)C)C(=O)O,False,4.448864857638396,,,
CC1=CC[C@H](CC1)[C@](C)(CCC=C(C)C)O,False,4.3988649544426,4.498865393540615,4.3988649544426,4.223145605354553
C[C@@H]1CCC[C@@H](N1CC2=CC=C(C=C2)C[C@H](C(=O)N(C)C(C)C)NC(=O)C[C@H](C3=CC4=C(C=C3)OCO4)NS(=O)(=O)C5=CC6=C(C=C5)C=C(C=C6)OC)C.Cl,False,,4.372788837149811,6.722849386036203,7.022733787572707
CC1=CC[C@@H](C=C1)C(C)C,False,4.198864633756791,4.3988649544426,4.198864633756791,4.548864726812244
CCCCCOC(=O)COC1=C(C=C(C(=C1)N2C(=O)C3=C(C2=O)CCCC3)F)Cl,False,4.648864911118024,5.2488672255444015,4.598864942530007,5.2488672255444015
C[N+]1=C2C=C(C=CC2=CC3=C1C=C(C=C3)N)N.C1=CC(=CC2=NC3=C(C=CC(=C3)N)C=C21)N.[Cl-],False,5.760025198883063,,4.810029897405945,5.110031956768376
CN1C2=CC=CC=C2C(=N[C@@H](C1=O)NC(=O)C3=CC4=CC=CC=C4N3)C5=CC=CC=C5,False,,5.310025555333226,,
CC1=C2C=C3C=CC4=C5C3=C(C2=CC=C1)C=CC5=CC=C4,False,6.838631997765026,,,
CCCCCCCCCCCCCCC(CO)NC(=O)CCCCCCCCCCCCCC,False,4.194981959547696,,,
COC1=C(C=C2C(=C1)C(=NC(=N2)N3CCN(CC3)C(=O)C4CCCO4)N)OC.Cl,True,,,4.510030276850633,
C[C@]12CCC(=O)C=C1C[C@H]([C@@H]3[C@]24[C@H](O4)C[C@]5([C@H]3CC[C@@]56CCC(=O)O6)C)C(=O)OC,False,,,4.810029897405945,
CCOC(=O)[C@H](CCC1=CC=CC=C1)N[C@H]2CS[C@@H](CN(C2=O)CC(=O)O)C3=CC=CS3.Cl,False,,,4.484624954426004,
CC1=CC(=C(C=C1)O)[C@H](CCN(C(C)C)C(C)C)C2=CC=CC=C2,False,,4.760030197409634,5.610036963564112,5.110031956768376
C[C@H]1[C@H]([C@H](C[C@@H](O1)O[C@H]2C[C@@](CC3=C2C(=C4C(=C3O)C(=O)C5=C(C4=O)C(=CC=C5)OC)O)(C(=O)CO)O)N)O.Cl,True,4.449370568569314,4.5918407453327665,4.62970023298763,5.004701489968602
C[C@]12CCC(=O)C=C1CC[C@@H]3[C@@]2([C@H](C[C@]4([C@H]3C[C@@H]5[C@]4(OC(O5)(C)C)C(=O)CCl)C)O)F,False,,4.810029897405945,4.560029756289291,4.810029897405945
CC[C@H]1C[C@H]2[C@@H]3CCC4=CC(=O)CC[C@@H]4[C@H]3CC[C@@]2([C@H]1O)C,False,,4.460029874171644,,
CC[C@@]12CCCN3[C@@H]1C4=C(CC3)C5=CC=CC=C5N4C(=C2)C(=O)OCC,False,,4.760030197409634,5.310025555333226,5.310025555333226
CC1([C@@H](N2[C@H](S1)[C@@H](C2=O)NC(=O)C(C3=CC=CC=C3)S(=O)(=O)[O-])C(=O)[O-])C.[Na+].[Na+],False,4.52858579409201,,,
CN(C)CC(COC1=CC=CC=C1CCC2=CC(=CC=C2)OC)OC(=O)CCC(=O)O.Cl,False,4.9100313379205005,,6.510041520575165,5.160031997995545
C[C@@H]1CC2=C(CCC(=O)C2)[C@@H]3[C@@H]1[C@@H]4CC[C@]([C@]4(CC3)C)(C#C)O,False,4.49861753473966,4.860029658404407,,5.410028070483141
CCOC(=O)O[C@@]1(CC[C@@H]2[C@@]1(C[C@@H]([C@H]3[C@H]2CCC4=CC(=O)C=C[C@]34C)O)C)C(=O)OCCl,False,,,,6.160019442321658
C1CN(C[C@@H]1C(C2=CC=CC=C2)(C3=CC=CC=C3)C(=O)N)CCC4=CC5=C(C=C4)OCC5.Br,False,,,6.410050398674292,
CCC(=O)O[C@@]1([C@@H](C[C@@H]2[C@@]1(C[C@@H]([C@]3([C@H]2C[C@@H](C4=CC(=O)C=C[C@@]43C)F)F)O)C)C)C(=O)SCF,False,,5.310025555333226,,6.060031709448664
C([C@@H]1[C@@H]2[C@@H]([C@H]([C@H](O1)O[C@@H]3[C@H](O[C@@H]([C@@H]([C@H]3O)O)O[C@@H]4[C@H](O[C@@H]([C@@H]([C@H]4O)O)O[C@@H]5[C@H](O[C@@H]([C@@H]([C@H]5O)O)O[C@@H]6[C@H](O[C@@H]([C@@H]([C@H]6O)O)O[C@@H]7[C@H](O[C@@H]([C@@H]([C@H]7O)O)O[C@@H]8[C@H](O[C@H](O2)[C@@H]([C@H]8O)O)CO)CO)CO)CO)CO)CO)O)O)O,False,,4.347450049183468,,
C(/C(=C\C(=O)O)/C(=O)O)C(=O)O,False,4.560029756289291,,,
C(=C\C(=O)O)\C(=O)O,False,4.395992769776875,,4.498865393540615,
C=CC(=O)OCC(COC1=CC=CC=C1)O,False,4.448864857638396,4.248864914695038,,
C1=CC=C(C=C1)/C=C/C(=O)O,False,,,4.498865393540615,
CC1=C(C(CCC1)(C)C)/C=C/C(=C/C=C/C(=C/C(=O)O)/C)/C,True,,4.3992187150696465,,4.499218939739157
C([C@@H]1[C@@H]2[C@@H]([C@H]([C@H](O1)O[C@@H]3[C@H](O[C@@H]([C@@H]([C@H]3O)O)O[C@@H]4[C@H](O[C@@H]([C@@H]([C@H]4O)O)O[C@@H]5[C@H](O[C@@H]([C@@H]([C@H]5O)O)O[C@@H]6[C@H](O[C@@H]([C@@H]([C@H]6O)O)O[C@@H]7[C@H](O[C@H](O2)[C@@H]([C@H]7O)O)CO)CO)CO)CO)CO)O)O)O,False,,5.324249146188318,,
C(=C/C(=O)O)\C(=O)O,False,,,4.425313731317397,
CC(=CCC/C(=C/CC/C(=C/CO)/C)/C)C,False,4.498865393540615,4.648864911118024,4.448864857638396,4.448864857638396
C1=CC(=CC=C1/C=C/C2=CC(=CC(=C2)O)O)O,True,5.190601913383681,5.044981280057852,4.448864857638396,5.160031997995545
CC1=C(C(CCC1)(C)C)/C=C/C(=C/C=C/C(=C/CO)/C)/C,False,4.193226669551544,4.4346095817344136,4.133173159589434,4.83460958259466
CCCC[C@H]1CN(C(=O)OC12CCN(CC2)C3(CCN(CC3)C(=O)C4=C(N=CN=C4C)C)C)CC5CCOCC5,False,4.503734749529954,,,4.503734749529954
CCCCCC/C=C\CCCCCCCC(=O)O,False,,4.256118813664984,,
CCOC1=CC=CC(=C1)N2C=C(N=C2C3=CC=C(C=C3)C)C(=O)N4CCN(CC4)C5=CC6=CC=CC=C6C(=C5)C(=O)[O-].[Na+],False,,4.16909198250558,,
CC(C)N1C2=CC=CC=C2C(=C1/C=C/[C@H](C[C@H](CC(=O)O)O)O)C3=CC=C(C=C3)F,False,4.148864616843579,5.4488672992713925,4.35435425423378,4.479364523525639
CC1=C2C(=NC=C1)N(C3=C(C=CC=N3)C(=O)N2)C4CC4,False,4.481013857170799,4.381013168096361,4.481013857170799,4.431013733614087
CCCC[N+](C)(CCCC)CCCC.C(F)(F)(F)S(=O)(=O)[N-]S(=O)(=O)C(F)(F)F,False,4.347096427715119,5.197096347764532,6.2971388294270705,4.171377155390448
C1=CC(=CC(=C1)Cl)C(=O)O,False,4.397449532974095,,,
CC[C@@H]1[C@@]([C@@H]([C@H](N(C[C@@H](C[C@@]([C@@H]([C@H]([C@@H]([C@H](C(=O)O1)C)O[C@H]2C[C@@]([C@H]([C@@H](O2)C)O)(C)OC)C)O[C@H]3[C@@H]([C@H](C[C@H](O3)C)N(C)C)O)(C)O)C)C)C)O)(C)O,False,,,,4.677162792437381
C1=CC=C(C=C1)CNC(=O)CCNNC(=O)C2=CC=NC=C2,False,,4.810029897405945,4.560029756289291,5.110031956768376
CC1=C(C(C(=C(N1)C)C(=O)OCCN(C)CC2=CC=CC=C2)C3=CC(=CC=C3)[N+](=O)[O-])C(=O)OC,False,,6.410050398674292,5.160031997995545,6.709965388637482
C/C=C/C=O,False,4.21872440880388,4.515852546432491,,
C1=CC(=CN=C1)C(=O)OCC(COC(=O)C2=CN=CC=C2)(COC(=O)C3=CN=CC=C3)COC(=O)C4=CN=CC=C4,False,,5.460033632003287,,6.460046158343603
C1=CC(=C(C=C1[N+](=O)[O-])Cl)NC(=O)C2=C(C=CC(=C2)Cl)O,True,4.698865786166042,5.160064716233622,,5.060064670703718
CC1=C(C(C(=C(N1)C)C(=O)OC)C2=CC=CC=C2[N+](=O)[O-])C(=O)OC,True,5.654096767745316,5.0790945177371345,4.398157210217902,4.879093344914266
CC/C(=C(/CC)\C1=CC=C(C=C1)O)/C2=CC=C(C=C2)O,False,4.441587909892293,4.4020636063582606,4.452062925898455,4.510030276850633
C1=CC(=CC(=C1)NC2=C(C=CC=N2)C(=O)O)C(F)(F)F,True,4.410030303250599,4.460029874171644,,
CC1=C(C(CCC1)(C)C)/C=C/C(=C\C=C\C(=C\C(=O)O)\C)/C,True,,,,4.648864911118024
CC1(C(=O)N(C(=O)N1)C2=CC(=C(C=C2)[N+](=O)[O-])C(F)(F)F)C,False,4.929447128664611,5.05444779660643,,4.3988649544426
CC/C(=C(\C1=CC=C(C=C1)O)/C2=CC=C(C=C2)OCCN(C)C)/C3=CC=CC=C3,False,,4.147617611596031,4.39761766467463,4.847616855197324
CS(=O)(=O)NC1=C(C=C(C=C1)[N+](=O)[O-])OC2=CC=CC=C2,False,,4.9294479579002495,,
CC1=C(C(C(=C(N1)C)C(=O)OC(C)C)C2=CC(=CC=C2)[N+](=O)[O-])C(=O)OCCOC,False,4.560029756289291,5.8600265120155415,4.434310940253124,6.010016541698601
CC1=C(C(C(=C(N1)C)C(=O)OCC(C)C)C2=CC=CC=C2[N+](=O)[O-])C(=O)OC,False,5.204444118805823,5.204448275706004,4.098864931407043,5.1544445958888545
CNCCC(C1=CC=CC=C1)OC2=CC=CC=C2OC,False,,,5.810032701648728,5.160031997995545
CC1=C(C=CC2=C1C(=NC(=N2)N)N)CNC3=CC(=C(C(=C3)OC)OC)OC.Cl.Cl.Cl,False,5.110031956768376,4.810029897405945,4.810029897405945,4.860029658404407
C1C(=O)NC2=C(C=C(C=C2)[N+](=O)[O-])C(=N1)C3=CC=CC=C3,False,,4.484310903139638,4.510030276850633,
CCOC(=O)C1=C(NC(=C(C1C2=CC(=CC=C2)[N+](=O)[O-])C(=O)OC)C)C,False,,6.010016541698601,,5.010029874726081
C1=CC(=C(C=C1Cl)Cl)/C(=C/N2C=NC=N2)/Cl.Cl,False,5.810032701648728,4.810029897405945,4.810029897405945,
CN1CC(C2=C(C1)C(=CC=C2)N)C3=CC=CC=C3,False,4.448864857638396,4.198864633756791,5.2488672255444015,4.748865707419434
CC(CC1=CC(=C(C=C1)O)O)C(C)CC2=CC(=C(C=C2)O)O,True,,4.798865170407076,,4.598864942530007
CC(=O)N1CCN(CC1)C2=CC=C(C=C2)OC[C@H]3CO[C@](O3)(CN4C=CN=C4)C5=C(C=C(C=C5)Cl)Cl,False,4.3988649544426,5.2488672255444015,4.448864857638396,7.448550002027125
CC1=C(C(=O)CO1)O,False,,4.348864512263225,,
CC(CCC1=CC=CC=C1)NC(C)C(C2=CC=C(C=C2)O)O,False,4.810029897405945,,6.310069895981782,
CCC1OCC(O1)COC2=CC=C(C=C2)OC3=CC=CC=C3,True,4.498865393540615,4.548864726812244,,
CCCCCCCCCCCCN.Cl,False,5.548858579207237,5.19886394724405,5.498858544712217,4.448864857638396
CC1=CN=C(C(=C1OC)C)CS(=O)C2=NC3=C(N2)C=C(C=C3)OC,True,4.906938683565211,4.681939005455828,4.831940018041879,5.156936512528851
C1=CC=C(C=C1)CCCC2=CC=CC=N2,True,4.448864857638396,4.448864857638396,4.248864914695038,
CC1=NC=CN1CC2CCC3=C(C2=O)C4=CC=CC=C4N3C,False,,,4.860029658404407,5.010029874726081
COC1=CC=CC=C1O,False,4.402098156029485,,,
C([C@@H](C(=O)O)N)OC(=O)C=[N+]=[N-],False,4.198864633756791,,4.510030276850633,
C1=CC(=CC=C1C[C@@H](C(=O)O)N)N(CCCl)CCCl,False,4.688525244362879,4.613524501224855,4.463525064041137,5.313524216566291
C1CCC(C(C1)N)N,False,4.393577787329442,,4.596221255329665,
C1CN(CCN1CCCN2C3=CC=CC=C3NC2=O)C(C4=CC=CC=C4)C5=CC=CC=C5,False,,4.560029756289291,6.160019442321658,
C1=CC=C(C=C1)C2=NC(C(=O)NC3=C2C=C(C=C3)Cl)O,False,4.394981704415236,4.3081649281758345,4.408164877064436,
CC(C)(CC1=CC=CC=C1)N(C)C(=O)CN(CCO)CC(=O)N(C)C(C)(C)CC2=CC=CC=C2,False,,4.510030276850633,5.360025701545049,5.510027465964983
[B-](F)(F)(F)F.CCCCCCCCCCCCN1C=C[N+](=C1)C,False,4.599218597634151,,5.499214827082544,
CC[C@H](C)[C@@H](C(=O)O)N1C(=O)C2=CC=CC=C2S1,True,4.598864942530007,,,
CCN1C=C(C(=O)C2=CC3=C(C=C21)OCO3)C(=O)O,False,5.0105212070539835,4.492525989731774,,4.442526484291312
COC1=CC(=C(C=C1)C(=O)C2=CC=CC=C2)O,True,4.705639604676857,4.448864857638396,4.344975571087373,
CC1=CC(=C(C(=C1CC2=NCCN2)C)O)C(C)(C)C,False,,,5.810032701648728,
CCCCC1C(=O)N(N(C1=O)C2=CC=C(C=C2)O)C3=CC=CC=C3,False,,5.010029874726081,4.560029756289291,5.060031709448664
C1=NC=N[N-]1.[Na+],False,4.40743799105948,,,
C1=CC(=O)C=CC1=O,True,4.446391223485836,,,
C1=CC(=CC=C1CC(C(=O)O)N)F,False,5.6125923750718165,,,
CC1=CC=C(C=C1)C(=O)C2=CC(=C(C(=C2)O)O)[N+](=O)[O-],True,,4.879447300536183,,
C1=CC2=C(C=C1[N+](=O)[O-])C(=O)C(=O)N2,False,4.949573838971319,4.4495735070633335,5.149574337059317,4.349573960765963
CCCCCCCCCCCCCCCC(=O)NCCO,False,4.810029897405945,,,
C(CN)C(O)(P(=O)(O)O)P(=O)(O)O,False,4.610029886099158,,,
CC(C)(CO)C(C(=O)NCCCO)O,False,4.348864512263225,,,
CCC(=O)N(C1CCN(CC1)CC2=CC=CS2)C3=CC=CC=C3.Cl,False,,,5.895376339564674,
COC1=C(C(=NC=C1)CS(=O)C2=NC3=C(N2)C=C(C=C3)OC(F)F)OC,False,4.760030197409634,4.760030197409634,5.560036064079095,4.96003097313254
C1=C(C=C(C(=C1N)O)Cl)[N+](=O)[O-],False,4.3988649544426,4.448864857638396,,
C1=CC(=CC=C1O)Cl,False,4.355280834682754,4.355280834682754,4.4052815747858105,
CC[C@@H]([C@H](C)O)N1C(=O)N(C=N1)C2=CC=C(C=C2)N3CCN(CC3)C4=CC=C(C=C4)OC[C@H]5C[C@](OC5)(CN6C=NC=N6)C7=C(C=C(C=C7)F)F,False,,4.9100313379205005,4.948617844746403,6.96018944585165
CN1CCC(CC1)NC2=NC=C3C(=N2)C(=NC=N3)NC4=CC(=C(C=C4)F)Cl.Cl.Cl,False,,,4.760030197409634,
CN(C)C(=S)[S-].CN(C)C(=S)[S-].[Cu+2],False,4.831249202813365,4.762692574293414,,
CCCCCC1NC2=C(C=C(C(=C2)C(F)(F)F)S(=O)(=O)N)S(=O)(=O)N1,False,,5.810032701648728,4.860029658404407,
CN(CCCC(=O)C1=CN=CC=C1)N=O,False,4.198864633756791,,,4.748865707419434
CC1(C(C1(C)C)C(=O)OC(C#N)C2=CC(=CC=C2)OC3=CC=CC=C3)C,False,4.447275694616976,4.972276805609799,,4.3928142155703105
C1=CC=C(C(=C1)C(=O)NC(=O)NC2=CC=C(C=C2)OC(F)(F)F)Cl,False,4.298864798175959,,,
CCCCOCCOC(=O)COC1=NC(=C(C=C1Cl)Cl)Cl,False,4.348864512263225,,4.148864616843579,
C1=CC=C(C(=C1)C(=O)[O-])NC2=C(C=CC(=C2)Cl)C(=O)[O-].[Na+].[Na+],False,,,5.821253203471042,
C1=CC(=C(C(=C1)Cl)SC(CCC2=CC=C(C=C2)Cl)CN3C=CN=C3)Cl.[N+](=O)(O)[O-],False,4.810029897405945,7.010105436281227,5.610036963564112,6.7599502278873524
C1CN(CCN1CCCN2C3=CC=CC=C3SC4=C2C=C(C=C4)Cl)CCO,False,5.560036064079095,,6.809948582240794,5.26003230324049
CCOC1=CC=C(C=C1)NC(=O)C,False,4.435227446070712,,4.484310903139638,
CCC1(C(=O)NC(=O)NC1=O)C2=CC=CC=C2,False,4.189385793333064,,4.7393848912970915,
C1=CC=C2C(=C1)C(=O)OC2(C3=CC=C(C=C3)O)C4=CC=C(C=C4)O,False,4.351706358190706,4.701705973646207,4.098864931407043,4.610029886099158
C1=CC=C2C(=C1)C(OS2(=O)=O)(C3=CC=C(C=C3)O)C4=CC=C(C=C4)O,True,4.529447371868777,5.529452131417752,,
CC(=CC1C(C1(C)C)C(=O)OCC2=CC(=CC=C2)OC3=CC=CC=C3)C,False,4.479447633856129,5.454443307597678,4.3988649544426,
CC(COC1=CC=CC=C1)N(CCCl)CC2=CC=CC=C2,False,,4.860029658404407,6.160019442321658,
C1=CC=C(C=C1)CCCOC(=O)N,False,4.660030100046487,,,
C1=CC=C(C=C1)[As]=O,True,4.3988649544426,,4.198864633756791,
CCCCC1C(=O)N(N(C1=O)C2=CC=CC=C2)C3=CC=CC=C3,False,4.5017073698445875,5.001705779886238,4.637452499042438,4.490535946685114
CCCN1C[C@@H](C[C@H]2[C@H]1CC3=CNC4=CC=CC2=C34)CSC.CS(=O)(=O)O,False,,,6.809948582240794,5.310025555333226
C1=CC=C(C=C1)OC(=O)CCCCCCCCC#CI,False,,4.510030276850633,4.510030276850633,
C1CC1NC2=NC(=NC(=N2)N)N,False,4.3988649544426,,,
C1=CC(=CC=C1CCC(=O)C2=C(C=C(C=C2O)O)O)O,True,4.439038233445506,4.839039527184842,,4.889036755132576
CC(C)OC1=CC=CC(=C1)NC(=O)C2=CC=CC=C2C(F)(F)F,False,5.098863295458348,5.098863295458348,,4.648864911118024
CCOP(=S)(OCC)SCSCC,False,4.598864942530007,4.448864857638396,4.198864633756791,5.19886394724405
CCOP(=S)(OCC)SCN1C2=C(C=C(C=C2)Cl)OC1=O,True,5.483557117082999,5.933552113814949,4.683557544065657,6.533559206643449
CC(=O)O[C@H]1[C@H]([C@@H]2[C@]([C@H](CCC2(C)C)O)([C@@]3([C@@]1(O[C@@](CC3=O)(C)C=C)C)O)C)O,False,,4.304447468503695,4.173145464019715,5.354450428773845
CCOC(=O)C(C)OC1=CC=C(C=C1)OC2=NC3=C(O2)C=C(C=C3)Cl,True,4.698865786166042,4.3988649544426,4.148864616843579,
C1=CC=C(C(=C1)C=O)C=O,False,4.448864857638396,4.448864857638396,,4.448864857638396
CC1=C(C(=CC=C1)C)NC(=O)CC23CCCN2CCC3,False,,,4.707158247768131,
C1=CC=C2C(=C1)C(OC2=O)OC(=O)C3=C(N=CC=C3)NC4=CC=CC(=C4)C(F)(F)F,False,5.010029874726081,5.210031697910783,,
CC(C)NCC(COC1=CC=CC2=C1C=CN2)O,False,,,4.860029658404407,
C1CC1N2C=C(C(=O)C3=CC(=C(C=C32)Cl)F)C(=O)O,False,4.610029886099158,,,
C1CNCCN1,False,4.386263858738129,4.436263871165363,4.486264486314627,
C1CN(CCN1C(=O)CCBr)C(=O)CCBr,False,4.560029756289291,,4.69861728334298,
CC1=C(C(=O)N2C=CC=CC2=N1)CCN3CCC(CC3)C(=O)C4=CC=C(C=C4)F,False,,,5.460033632003287,
C1CN(CCN1CC2=CC3=C(C=C2)OCO3)C4=NC=CC=N4,False,5.060031709448664,4.810029897405945,5.910024277312271,5.510027465964983
CN1C(NC2=CC(=C(C=C2S1(=O)=O)S(=O)(=O)N)Cl)CSCC(F)(F)F,False,,4.810029897405945,,4.810029897405945
C1=CC=C(C=C1)CCCCOC2=CC=C(C=C2)C(=O)NC3=CC=CC4=C3OC(=CC4=O)C5=NNN=N5,True,,5.110031956768376,,
C1CC1CN2C(=O)CN=C(C3=C2C=CC(=C3)Cl)C4=CC=CC=C4,False,4.427632657828257,4.727633841108281,4.27763265815298,4.5247611425392895
C1CCC(CC1)C(=O)N2CC3C4=CC=CC=C4CCN3C(=O)C2,False,4.499574145995192,,4.529801696581246,4.473854647365289
C1CCN(CC1)CCC(C2=CC=CC=C2)(C3=CC=CC=C3)O,False,,,5.8600265120155415,
CC(C)NC(=O)C1=CC=C(C=C1)CNNC,False,4.348864512263225,4.148864616843579,4.448864857638396,
CCCN(CCC)C(=O)C(CCC(=O)OCCCN1CCN(CC1)CCOC(=O)CC2=C(N(C3=C2C=C(C=C3)OC)C(=O)C4=CC=C(C=C4)Cl)C)NC(=O)C5=CC=CC=C5,False,,5.310025555333226,4.660030100046487,5.760025198883063
C1=C(C=C(C(=C1N)O)[N+](=O)[O-])[N+](=O)[O-],False,,5.039039549757809,,4.439038233445506
CC(CN1C2=CC=CC=C2SC3=CC=CC=C31)N(C)C,False,5.560036064079095,,5.610036963564112,
CC(C)NC1=NC(=NC(=N1)OC)NC(C)C,False,4.548157363699998,,,
CC(C)NC1=NC(=NC(=N1)SC)NC(C)C,False,4.74975294794895,4.224751872350745,,
CC(C)NCC(C1=CC2=CC=CC=C2C=C1)O,False,4.810029897405945,,5.660032085297399,
CC(C)N(C1=CC=CC=C1)C(=O)CCl,False,,4.198864633756791,,
CCCNCC(COC1=CC=CC=C1C(=O)CCC2=CC=CC=C2)O,False,5.710032208313266,,,6.160019442321658
CCC(=O)NC1=CC(=C(C=C1)Cl)Cl,False,5.194473492263349,4.194473428992391,4.440082607465586,4.444473732551991
CC1=CC2=C(C=C1C)N(C3=NC(=O)NC(=O)C3=N2)C[C@@H]([C@@H]([C@@H](CO)O)O)O,False,4.403133615351843,4.1670733757646605,4.631012485605242,
CC(C)(C)C1=CC=C(C=C1)OC2CCCCC2OS(=O)OCC#C,False,5.07351076187995,6.248521941011578,4.773510569037037,5.62351294051142
CC(C)NC1=NC(=NC(=N1)Cl)NC(C)C,False,4.749219698566754,,,
CCCN1C=NC2=C1C(=O)N(C(=O)N2C)CCCCC(=O)C,False,4.810029897405945,,,
CN1CCN(CC1)C2=NC3=C(CC4=CC=CC=C42)C=CC(=C3)F,False,,,5.310025555333226,4.96003097313254
CC(C)C1=C(C(=CC=C1)C(C)C)O,False,4.44992826586856,4.448864857638396,,4.348864512263225
CC(C)OC1=CC=CC=C1OC(=O)NC,False,4.29851084187497,,,
CCCOC(=O)C1=CC(=C(C(=C1)O)O)O,False,4.399930044100508,4.450994284340003,4.47492999399122,
C1=CC(=CC=C1C(=O)CBr)O,False,4.498865393540615,,4.248864914695038,
CN(C)CCC1=CNC2=C1C(=CC=C2)O,False,4.203133691513257,5.103132213086411,5.0531352529170706,4.2531339279269655
C1(=C(SN=C1Cl)C(=O)O)Cl,False,4.3988649544426,4.148864616843579,,
C1=CC(=C(C=C1[N+](=O)[O-])O)N,False,4.498865393540615,4.448864857638396,4.448864857638396,4.198864633756791
CN(C)CCN(CC1=CC=C(C=C1)OC)C2=CC=CC=N2,False,4.184193211782235,,6.447098318850232,
CCC1=C(C(=NC(=N1)N)N)C2=CC=C(C=C2)Cl,False,4.679314816709017,4.349430716031054,4.9100313379205005,
CCC1(C(=O)C=CNC1=O)CC,False,4.810029897405945,,,
C1CN(CCN1CCOCCO)C2=NC3=CC=CC=C3SC4=CC=CC=C42,False,,,4.560029756289291,5.010029874726081
CCN(CC)C1=CC=C(C=C1)C(=C2C=CC(=[N+](CC)CC)C=C2)C3=C(C=CC(=C3)S(=O)(=O)[O-])S(=O)(=O)[O-].[Na+],True,4.760030197409634,4.810029897405945,4.810029897405945,4.860029658404407
C1=CC=C(C(=C1)CC(=O)[O-])NC2=C(C=CC=C2Cl)Cl.[Na+],False,,4.804447533906511,,
COC1=CC=CC=C1N2CCN(CC2)CC(COC3=CC(=C(C(=C3)OC)OC)OC)O,False,4.507157926606608,4.510030276850633,,
CN=C(NCCSCC1=CSC(=N1)N=C(N)N)NC#N,False,,,5.160031997995545,5.360025701545049
C1=CC(=NC=C1C(Cl)(Cl)Cl)Cl,False,4.698865786166042,,,4.698865786166042
C1CCN(CC1)CCOC2=CC=C(C=C2)C(=O)C3=C(SC4=C3C=CC(=C4)O)C5=CC=C(C=C5)O,False,,6.198184831418563,4.49815642831505,5.498160530961054
CC(C)N1C(=NC(C)(C)C)SCN(C1=O)C2=CC=CC=C2,False,4.548864726812244,5.19886394724405,4.448864857638396,4.548864726812244
CC1=C(C(=O)N(N1C)C2=CC=CC=C2)NC(C)C,False,4.760030197409634,,,
C(C(=O)O)OC1=NC(=C(C(=C1Cl)N)Cl)F,False,4.148864616843579,,,
CC1(C(N2C(S1(=O)=O)CC2=O)C(=O)OCOC(=O)C(C)(C)C)C,False,,4.434310940253124,,
CC(C)C(C(=O)OC(C#N)C1=CC(=CC=C1)OC2=CC=CC=C2)NC3=C(C=C(C=C3)C(F)(F)F)Cl,False,4.395333393952827,5.295334814545471,4.395333393952827,4.995334766752123
CC(=CC1C(C1(C)C)C(=O)OCC2=COC(=C2)CC3=CC=CC=C3)C,False,4.473688554462331,5.323689448069398,,4.657966182107231
C1=CC(=CC(=C1)O)O,False,,,,5.110031956768376
CC(=O)OC1=CC=CC(=C1)O,False,4.460029874171644,,,
CC1=C(C(=C(C=C1Br)Br)OC)Br,False,5.4488672992713925,,,
C1=CC2=C(C=C1OC(F)(F)F)SC(=N2)N,True,5.060031709448664,,,
CC1=C(C(=O)N2CCCCC2=N1)CCN3CCC(CC3)C4=NOC5=C4C=CC(=C5)F,False,4.510030276850633,,5.810032701648728,
CC1=C(C(=O)N2C=CSC2=N1)CCN3CCC(=C(C4=CC=C(C=C4)F)C5=CC=C(C=C5)F)CC3,False,,4.460029874171644,4.660030100046487,
C1=CC=C2C(=C1)C(=O)C3=C(C=C(C(=C3C2=O)N)S(=O)(=O)[O-])Br.[Na+],False,5.638820098186399,4.888821529782301,,4.488821435809273
C1C2CNCC1C3=CC4=NC=CN=C4C=C23.Cl,False,,,,4.560029756289291
CC(C(=O)O)OC1=CC=C(C=C1)OC2=C(C=C(C=N2)C(F)(F)F)Cl,False,4.348864512263225,4.3988649544426,4.198864633756791,
CC(C(=O)OC)OC1=CC=C(C=C1)OC2=C(C=C(C=N2)C(F)(F)F)Cl,False,4.396045698228537,,4.421045649826436,4.248864914695038
CCCCOC(=O)C(C)OC1=CC=C(C=C1)OC2=NC=C(C=C2)C(F)(F)F,False,4.648864911118024,4.648864911118024,,
COC1=C(C=C(C=C1)C2CC(=O)NC2)OC3CCCC3,False,4.860029658404407,,,
CN1C2=C(C(=O)N(C1=O)C)N(C=N2)CC3OCCO3,False,4.525046935085021,,,
CCCN(CCC)CCC1=C2CC(=O)NC2=CC=C1,False,,,6.010016541698601,
C(CC(=O)O)C(=O)C(=O)O,False,,,4.148864616843579,
CC(C)(C)C1=CC=C(C=C1)C(=O)CC(=O)C2=CC=C(C=C2)OC,True,4.4977362054511065,4.538458847706149,4.41688741312235,
CC(C)(CC1=CNC2=CC=CC=C21)NCC(COC3=CC=CC=C3C#N)O,False,,,6.609948503541013,
C1=CC(=C2C(=C1NCCNCCO)C(=O)C3=C(C=CC(=C3C2=O)O)O)NCCNCCO.Cl.Cl,True,,,4.810029897405945,4.610029886099158
C1=CC(=C(C=C1[N+](=O)[O-])N)N,True,4.298864737240988,4.298864794099696,4.148864616843579,4.448864857638396
CCCCSP(=O)(SCCCC)SCCCC,False,4.878872271330096,5.278871931965105,4.268015393487422,4.532500002656883
C1=CC2=C(C=CC=C2S(=O)(=O)[O-])C(=C1)S(=O)(=O)[O-].O.[Na+].[Na+],False,4.224169002425182,4.499574145995192,,
CC1=C(C(=CC=C1)C)N(C(C)C(=O)OC)C(=O)CC2=CC=CC=C2,False,,4.648864911118024,4.448864857638396,
CCCCCCCCCCCC(=O)NCCCN(C)C,False,4.448864857638396,4.148864616843579,4.848866210191896,4.448864857638396
C1=CC=C2C(=C1)C(=O)NS2(=O)=O,False,,,4.2763017983070055,
C=CCC1=CC2=C(C=C1)OCO2,False,4.497804059032973,,,
C1=CC=C(C(=C1)C(=O)N)O,False,4.330139698370941,,,
C[N+]1=C2C(=C3C=CC4=C(C3=C1)OCO4)C=CC5=CC6=C(C=C52)OCO6,True,4.921264134092662,5.071266266998158,4.871264800032603,4.921264134092662
CS(=O)(=O)NC(=O)C1=C(C=CC(=C1)OC2=C(C=C(C=C2)C(F)(F)F)Cl)[N+](=O)[O-],False,,4.731413557932756,,
CCOC(=O)NCCOC1=CC=C(C=C1)OC2=CC=CC=C2,True,4.948862919408721,4.898864942667959,4.448864857638396,
C(#N)[S-].[K+],False,4.456718119372389,,,
C1=CC2=C(C(=C1)O)N=CC=C2.C1=CC2=C(C(=C1)O)N=CC=C2.OS(=O)(=O)O,False,4.472046753905612,,,
CC(=O)[O-].[Na+],False,4.715696753116054,,,
C1(=O)[N-]C(=O)N(C(=O)N1Cl)Cl.[Na+],False,4.287452150687937,,,
O=[Cr]O[Cr]=O,False,,,5.288690597427135,
CCN(CC)CCOC(=O)C1(CCCC1)C2=CC=CC=C2.CCN(CC)CCOC(=O)C1(CCCC1)C2=CC=CC=C2.C(CS(=O)(=O)O)S(=O)(=O)O,False,,,5.8600265120155415,5.410028070483141
CCCOC1=C(C=C(C=C1)C(=O)OCCN(CC)CC)N.Cl,False,4.860029658404407,,5.26003230324049,
C1=CC=C(C=C1)C2=CC=CC=C2[O-].O.O.O.O.[Na+],False,4.724186910158893,4.538342431107913,4.461326941348588,
CC1=CC=C(C=C1)S(=O)(=O)[N-]Cl.O.O.O.[Na+],False,4.074298662163896,4.124298768766053,,
CCN(CC)C(=S)[S-].O.O.O.[Na+],False,4.200107684609136,4.2501077668187195,,4.20135073546148
C1=CC=C(C=C1)SC2=CC=C(C=C2)COC(CN3C=CN=C3)C4=C(C=C(C=C4)Cl)Cl,False,4.810029897405945,5.560036064079095,6.410050398674292,6.110026361596004
CC(COC(=O)C1=CC=CC=C1)OC(=O)C2=CC=CC=C2,False,5.148864004988426,4.798865170407076,,
[B-](F)(F)(F)F.[K+],False,4.392526747522998,,,4.392526747522998
C(CCCCC(=O)O)CCCC(=O)O,False,4.148864616843579,,,
CC1=C(C(CCC1)(C)C)CCC(=O)C,False,4.3988649544426,4.498865393540615,,4.998863636444484
CCC(C)C1=NC=CN=C1OC,False,4.348864512263225,,,
CC(=O)C1=NC=CS1,False,4.433504762852709,4.433504762852709,,
CCC(C)C(=O)OCCC1=CC=CC=C1,True,,,4.498865393540615,
CCCCCCC(C)(C)S,False,4.400845919230758,4.195333870479099,,4.54533346591136
CCNC1=NC(=NC(=N1)Cl)NCC,False,4.94674480004716,,4.49861753473966,
CC(C)(C(=O)OCCCOC(=O)C(C)(C)OC1=CC=C(C=C1)Cl)OC2=CC=C(C=C2)Cl,False,,5.310025555333226,,
CC(C)NCCCC1(C2=CC=CC=C2C3=CC=CC=C31)C(=O)N,False,,4.610029886099158,5.610036963564112,5.110031956768376
CC1=CC=C(C=C1)S(=O)(=O)O.O,False,,,4.342583660188519,
CC1=CC(=CC=C1)N.Cl,False,4.397449532974095,4.997449509344714,4.647448970518927,5.247452208538698
C1=CC(=C(C(=C1)Cl)S(=O)(=O)Cl)Cl,False,,,4.548123031953393,
CC1=C(C(=O)N(N1C)C2=CC=CC=C2)N(C)CS(=O)(=O)[O-].[Na+],False,4.440146209023875,,4.451706419794678,
C(C(C(=O)O)O)C(=O)O,False,4.448864857638396,,,
C1CN(CCC12C(=O)NCN2C3=CC=CC=C3)CCCC(=O)C4=CC=C(C=C4)F,False,,,6.110026361596004,
CC1=C(C=CO1)SSC2=C(OC=C2)C,False,4.3988649544426,4.448864857638396,,
C1CN(CCC12C(=O)NCN2C3=CC=CC=C3)CC4COC5=CC=CC=C5O4,False,,5.060031709448664,6.659952682338607,5.410028070483141
CCCCOC(=O)/C=C\C(=O)OCCCC,False,5.134191535079097,4.434193488472551,,
CC(C)CCOC(=O)/C=C/C1=CC=CC=C1,True,4.747096021259331,4.547096272606305,,
C1=CC=C(C=C1)COC(=O)/C=C/C2=CC=CC=C2,True,5.029447438088548,4.829448522669967,,
COC1=CC(=O)OC(=C1)/C=C/C2=CC=CC=C2,True,5.283846349673046,4.483849514091133,,4.483849514091133
CC(=CCC/C(=C/C(=O)O)/C)C,False,,4.148864616843579,,
C1=CC(=C(C=C1C2=C(C(=O)C3=C(C=C(C=C3O2)O)O)O)O)O,True,4.796923834546407,4.521923425236819,,4.421923281026816
COC1=CC=C(C=C1)C2=COC3=CC(=CC(=C3C2=O)O)O,True,4.47209915044137,,4.172099243661339,4.47209915044137
COC1=CC=C(C=C1)C2=COC3=C(C2=O)C=CC(=C3)O,True,4.898864942667959,6.598944274228156,4.287452150687937,
C1=CC(=CC=C1C2=CC(=O)C3=C(C=C(C=C3O2)O)O)O,True,5.370867967080167,4.395870623581374,4.170870539058322,4.945870487550009
CCCCC/C=C\C/C=C\CCCCCCCC(=O)O,True,4.130279973597913,4.4774321798971055,4.4059988224744275,4.45243175203324
CCCCCCCCCCCCCCCC(=O)OC/C=C(\C)/C=C/C=C(\C)/C=C/C1=C(CCCC1(C)C)C,False,4.148864616843579,4.598864942530007,,4.679365666671531
CC1=CC(=O)OC2=C1C=CC(=C2)O,False,4.629447795475125,,,
C1=CC(=CC=C1C2=C(C(=O)C3=C(C=C(C=C3O2)O)O)O)O,True,5.209804199419695,4.500284056998402,4.584804284092798,4.550284076611865
CC/C=C\C/C=C\C/C=C\CCCCCCCC(=O)O,False,,4.325820824484778,4.502777232936194,4.3988649544426
C1=CC(=CC=C1C2=COC3=CC(=CC(=C3C2=O)O)O)O,True,4.510030276850633,4.202431804519234,4.205998803245695,4.555998948175164
C(/C=C\Cl)Cl,False,4.3988649544426,,,
CCCCCCCCCCCCCCCCCC(=O)O,False,4.306118789647335,,,
CCCC1O[C@@H]2C[C@H]3[C@@H]4CCC5=CC(=O)C=C[C@@]5([C@H]4[C@H](C[C@@]3([C@@]2(O1)C(=O)CO)C)O)C,False,,4.598687644770088,4.448864857638396,5.673689760130574
C1CN(CCN1CCOCCO)C2=NC3=CC=CC=C3SC4=CC=CC=C42.C1CN(CCN1CCOCCO)C2=NC3=CC=CC=C3SC4=CC=CC=C42.C(=C/C(=O)O)\C(=O)O,False,,4.460029874171644,4.810029897405945,5.460033632003287
CN1CCN(CC1)CCCN2C3=C(SC4=CC=CC=C24)C=CC(=C3)Cl.C(=C\C(=O)O)\C(=O)O.C(=C\C(=O)O)\C(=O)O,False,5.510027465964983,,6.560036064079095,5.160031997995545
C[C@]12CC[C@H]3[C@H]([C@@H]1CC[C@]2(C)O)CC[C@@H]4[C@@]3(C/C(=C/O)/C(=O)C4)C,False,,4.502330392445549,4.244630591397169,4.602330310039993
CN(CCOC1=CC=C(C=C1)CC2C(=O)NC(=O)S2)C3=CC=CC=N3.C(=C\C(=O)O)\C(=O)O,True,,4.20135073546148,4.50135041526701,
CC(C)(C)NC[C@@H](COC1=NSN=C1N2CCOCC2)O.C(=C\C(=O)O)\C(=O)O,False,,,5.548858579207237,
C[C@@](C1=CC=CC=C1)(C2=CC=C(C=C2)Cl)OCC[C@H]3CCCN3C.C(=C/C(=O)O)\C(=O)O,False,,4.560029756289291,5.8600265120155415,6.26003230324049
CC1=C2COC(=O)C2=C(C(=C1OC)C/C=C(\C)/CCC(=O)OCCN3CCOCC3)O,False,,4.860029658404407,,5.910024277312271
CCN(CC)C(=O)/C(=C/C1=CC(=C(C(=C1)O)O)[N+](=O)[O-])/C#N,False,,6.709965388637482,,
CC(C)(C)C(C)([C@H]1C[C@@]23CC[C@@]1([C@H]4[C@@]25CCN([C@@H]3CC6=C5C(=C(C=C6)O)O4)CC7CC7)OC)O.Cl,False,,,5.701714714515916,5.3017080240555075
CN(C/C=C/C1=CC=CC=C1)CC2=CC=CC3=CC=CC=C32.Cl,False,4.9100313379205005,4.860029658404407,6.010016541698601,
CCCCC/C=C\C=C\C(=O)OCC,False,4.430759559870364,4.680760652527927,4.180760177047292,4.780761370672574
CCC/C=C/C=O,False,4.148864616843579,4.098864931407043,,4.189005446476312
C/C(=C\C=C\C=C(/C)\C=C\C=C(\C)/C=C/C(=O)OC)/C=C/C=C(\C)/C=C/C(=O)O,False,,,4.3988649544426,4.198864633756791
CC(=CCC/C(=C/C/C=C(\C)/C=C)/C)C,False,,4.448864857638396,4.198864633756791,4.679365666671531
CC(=CCC/C(=C/CCC(=C)C=C)/C)C,False,4.845545593860436,4.771266091623863,,4.771266091623863
COC1=CC(=O)O[C@H](C1)/C=C/C2=CC=CC=C2,False,4.642526359492895,4.5925258141622045,,
COC1=CC(=O)O[C@H](C1)/C=C/C2=CC3=C(C=C2)OCO3,True,5.467615119496154,5.567624062460157,4.467621492917371,5.167618839752959
COC1=CC=C(C=C1)/C=C/C2=CC(=CC(=O)O2)OC,True,5.088570709156885,,,
C[C@H]1CCCC(=O)CCC/C=C/C2=C(C(=CC(=C2)O)O)C(=O)O1,False,4.924560492856658,5.224560669753226,4.26487397222972,6.824474252526162
C1=CC=C(C=C1)C2=CC(=O)C3=C(C=C(C=C3O2)O)O,True,5.998872299722965,4.948862919408721,4.198864633756791,4.798865170407076
C1=CC2=C(C=C1O)OC3=C2C(=O)OC4=C3C=CC(=C4)O,True,5.016888135500754,4.166887326900553,,4.616886892163749
C1=CC(=CC=C1C2=COC3=C(C2=O)C=CC(=C3)O)O,True,4.475999418492199,6.650973227359703,,4.8912498338583275
C1=CC(=C(C=C1/C=C/C(=O)O[C@@H](C(=O)O)[C@@H](OC(=O)/C=C/C2=CC(=C(C=C2)O)O)C(=O)O)O)O,False,,,4.6238137186901245,
C1[C@H]([C@@H]([C@@H](C[C@]1(C(=O)O)OC(=O)/C=C/C2=CC(=C(C=C2)O)O)OC(=O)/C=C/C3=CC(=C(C=C3)O)O)O)O,False,4.560029756289291,4.810029897405945,,
CC1(C(C1C(=O)OC(C#N)C2=CC(=CC=C2)OC3=CC=CC=C3)/C=C(/C(F)(F)F)\Cl)C,False,4.441826829349802,5.0918260688074035,,
CC1=C(C(=C(C(=C1F)F)COC(=O)C2C(C2(C)C)/C=C(/C(F)(F)F)\Cl)F)F,False,4.498865393540615,4.648864911118024,,
CC1(CN=C(NC1)NN=C(/C=C/C2=CC=C(C=C2)C(F)(F)F)/C=C/C3=CC=C(C=C3)C(F)(F)F)C,False,4.848866210191896,4.698865786166042,4.898864942667959,
C1CN(CCN1CC/C=C\2/C3=CC=CC=C3SC4=C2C=C(C=C4)C(F)(F)F)CCO,False,4.710029980825098,,4.860029658404407,5.510027465964983
CC(=CCC/C(=C/COC=O)/C)C,False,4.448864857638396,,,
CC(=O)OC/C=C/C1=CC=CC=C1,False,4.498865393540615,4.198864633756791,,
C1CCN(CC1)CC2=CC(=NC=C2)OC/C=C\CNC(=O)CS(=O)CC3=CC=CO3,False,,,4.560029756289291,
CC1=C(C(C(=C(N1)C)C(=O)OC/C=C/C2=CC=CC=C2)C3=CC(=CC=C3)[N+](=O)[O-])C(=O)OCCOC,False,4.810029897405945,6.659952682338607,4.510030276850633,6.060031709448664
C[C@H](CCC=C(C)C)[C@H]1CC[C@@]2([C@@]1(CC[C@]34[C@H]2CC[C@@H]5[C@]3(C4)CC[C@@H](C5(C)C)OC(=O)/C=C/C6=CC(=C(C=C6)O)OC)C)C,False,4.510030276850633,,,
CC1=C(C2=C(N1C(=O)C3=CC=C(C=C3)Cl)C=CC(=C2)OC)CC(=O)OC/C=C(\C)/CC/C=C(\C)/CCC=C(C)C,False,4.810029897405945,4.810029897405945,4.560029756289291,4.96003097313254
CCOC(=O)/C=C(\C)/C=C/C[C@@H](C)CCCC(C)C,False,4.448864857638396,4.748865707419434,4.298864798175959,4.548864726812244
CC(=CCC/C(=C/CC/C(=C/CC/C(=C/CCC(=O)C)/C)/C)/C)C,False,,4.410030303250599,,4.460029874171644
CC(C1=CC=C(C=C1)/C=C/2\CCCCC2=O)C(=O)O,True,,,4.610029886099158,
CO[C@H]1[C@@H](C[C@@H]2CN3CCC4=C([C@H]3C[C@@H]2[C@@H]1C(=O)OC)NC5=C4C=CC(=C5)OC)OC(=O)/C=C/C6=CC(=C(C=C6)O)OC,False,,5.060031709448664,,5.910024277312271
C1CCNC2=C(C1)C=CC(=C2)C(=O)CCC3CCN(CC3)CC4=CC=CC=C4.C(=C/C(=O)O)\C(=O)O,False,,,5.110031956768376,
CC(=CCOC1=CC=C(C=C1)/C=C/C(=O)C2=C(C=C(C=C2)OCC=C(C)C)OCC(=O)O)C,False,,4.810029897405945,,
CC(=CCC/C(=C/CC/C(=C/C(=O)OCC(=O)[C@]1(CC[C@@H]2[C@@]1(C[C@@H]([C@H]3[C@H]2CCC4=CC(=O)C=C[C@]34C)O)C)O)/C)/C)C,False,,5.410028070483141,4.9100313379205005,5.8600265120155415
CC(CN1C2=CC=CC=C2CCC3=CC=CC=C31)CN(C)C.C(=C\C(=O)O)\C(=O)O,False,,,5.510027465964983,5.660032085297399
CCOC(=O)/C=C(\C)/C=C/C=C(\C)/C=C/C1=C(C(=C(C=C1C)OC)C)C,False,4.610029886099158,5.110031956768376,4.510030276850633,
CC1=C(C(CCC1)(C)C)/C=C/C(=C/C=C/C(=C\C(=O)O)/C)/C,True,4.197449292591688,4.447449801503656,4.197449292591688,4.497449983873096
CC1=CC(=CC(=C1CC2=NCCN2)C)C(C)(C)C.Cl,False,,,5.560036064079095,
CN(C)CCOC(C1=CC=C(C=C1)Cl)C2=CC=CC=N2.C(=C\C(=O)O)\C(=O)O,False,4.52858579409201,,4.860029658404407,
CCN(CC)CC1=NC=CN1C2=C(C=C(C=C2)[N+](=O)[O-])C(=O)C3=CC=CC=C3Cl.C(=C/C(=O)O)\C(=O)O,False,4.760030197409634,,5.510027465964983,6.360015751958412
CCCCCOC1=CC=CC=C1/C(=C\SC)/N2C=CN=C2,False,5.460033632003287,5.26003230324049,5.310025555333226,7.010105436281227
C1=CC(=C(C=C1Cl)C2=NC(=NC(=N2)N)N)Cl.C(=C\C(=O)O)\C(=O)O,False,4.760030197409634,,,
CC1=CC=C(C=C1)/C(=C\CN2CCCC2)/C3=CC=CC=N3,False,,,5.410028070483141,
C1CCN(CC1)CC2=CC(=NC=C2)OC/C=C\CNC3=C(C(=O)C3=O)N,False,,,5.021267261926815,5.121265704962952
C1C(C1)C2=NC3=CC=CC=C3C(=C2/C=C/[C@@H](O)C[C@@H](O)CC(=O)[O-])C4=CC=C(C=C4)F.C1C(C1)C2=NC3=CC=CC=C3C(=C2/C=C/[C@@H](O)C[C@@H](O)CC(=O)[O-])C4=CC=C(C=C4)F.[Ca+2],False,,4.8212647142114955,,
CCCCC1=NC=C(N1CC2=CC=C(C=C2)C(=O)O)/C=C(\CC3=CC=CS3)/C(=O)O.CS(=O)(=O)O,False,4.560029756289291,,,
CCOCCN1C(=NC2=CC=CC=C12)N3CCN(CCC3)C.C(=C/C(=O)O)\C(=O)O.C(=C/C(=O)O)\C(=O)O,False,,,5.110031956768376,
CCCCC(=O)O[C@@]1(CC[C@@H]2[C@@]1(C[C@@H]([C@H]3[C@H]2CCC4=CC(=O)CC[C@]34C)O)C)C(=O)CO,False,,4.460029874171644,,5.510027465964983
C[C@@H](C(=O)N[C@@H](C)C(=O)NC1[C@H]2[C@@H]1CN(C2)C3=C(C=C4C(=O)C(=CN(C4=N3)C5=C(C=C(C=C5)F)F)C(=O)O)F)N.CS(=O)(=O)O,False,,,,4.860029658404407
CCCC/C=C/CCCCO,False,,4.148864616843579,,
CCCCCC/C=C/C=O,False,,4.198864633756791,,
CCCCCCC/C=C/C=O,False,4.198864633756791,4.148864616843579,4.3988649544426,
CCCCC/C=C/C=C/C=O,False,4.148864616843579,4.448864857638396,4.198864633756791,4.3988649544426
CCCCCCCC/C=C\CCCCCCCC(=O)N,False,4.448864857638396,,4.298864798175959,
CCCCC/C=C\C/C=C\C/C=C\C/C=C\CCCC(=O)NCC(=O)O,False,,4.510030276850633,4.810029897405945,
C[C@H](CCCC(C)C)[C@H]1CC[C@@H]\2[C@@]1(CCC/C2=C\C=C\3/C[C@H](CCC3=C)O)C,False,4.4027766526878445,4.502777232936194,,4.652777351645827
C1=CC=C(C=C1)C2=CC=C(C=C2)N.Cl,True,5.2488672255444015,4.898864942667959,4.448864857638396,4.698865786166042
O.O.[Cl-].[Cl-].[Ba+2],False,4.393226442014475,,4.993225996003138,
C1=CC=C(C=C1)N=NC2=C(C3=C(C(=C(C=C3C=C2S(=O)(=O)[O-])S(=O)(=O)[O-])N=NC4=CC=C(C=C4)C5=CC=C(C=C5)N=NC6=C(C=C(C=C6)N)N)N)O.[Na+].[Na+],True,4.739561287453338,4.739561287453338,4.789561082497471,
[Cl-].[Cl-].[Ca+2],False,,,4.892100118265424,
C1=CC(=CC=C1N)Cl.Cl,False,4.423864906040498,4.3988649544426,4.623865550480025,4.445993253446242
C[NH+](C)CCC(C1=CC=C(C=C1)Cl)C2=CC=CC=N2.C(=C\C(=O)[O-])\C(=O)O,False,,,5.273334732353479,
C1=CC=C(C=C1)/C=C/COC(=O)C2=CC=CC=C2N,True,4.997803689930005,4.697803320666659,,4.197803209322238
CC[C@H]1C(=O)N(CC(=O)N([C@H](C(=O)N[C@H](C(=O)N([C@H](C(=O)N[C@H](C(=O)N[C@@H](C(=O)N([C@H](C(=O)N([C@H](C(=O)N([C@H](C(=O)N([C@H](C(=O)N1)[C@@H]([C@H](C)C/C=C/C)O)C)C(C)C)C)CC(C)C)C)CC(C)C)C)C)C)CC(C)C)C)C(C)C)CC(C)C)C)C,False,4.832585181513856,,,5.421306942633056
CC(C)N(C(C)C)C(=O)SC/C(=C/Cl)/Cl,False,4.195686066796907,4.645685992213179,,4.851175319551471
C1CO[C@@H]([C@H](O1)Cl)Cl,False,,,4.5036922415651155,
COC1=CC(=C(C=C1)N)OC.Cl,False,4.715799446817324,4.815799912022525,5.9158170885795265,5.365804961792136
CC(C)(C)NC[C@@H](COC1=CC=CC2=C1CCCC2=O)O.Cl,False,,,4.810029897405945,
[Cl-].[Cl-].[Hg+2],True,5.224752997946794,6.324764537597666,5.849749957435298,5.574751543051736
C[C@H]1[C@@H]([C@H]([C@H]([C@@H](O1)OC[C@@H]2[C@H]([C@@H]([C@H]([C@@H](O2)OC3=CC(=C4C(=O)C[C@H](OC4=C3)C5=CC(=C(C=C5)OC)OC)O)O)O)O)O)O)O,False,,,,4.664070949873212
CCCCC/C=C\C/C=C\CCCCCCCC(=O)OC,False,4.301177896994833,4.726177143302426,4.448864857638396,5.098863295458348
C1=CC=C(C=C1)NC2=C(C=C(C=C2)NC3=C(C=C(C=C3)[N+](=O)[O-])[N+](=O)[O-])S(=O)(=O)[O-].[Na+],False,,4.448864857638396,,
C1CCC(CC1)C(CC2CCCCN2)C3CCCCC3.C(=C\C(=O)O)\C(=O)O,False,,,5.96003097313254,
CC(COC1=CC=CC=C1)N(CCCl)CC2=CC=CC=C2.Cl,False,4.196571812876758,4.671571951859134,6.3466127878391365,
CCCCCCCC/C=C/CCCCCCCC(=O)OCCOCC(C1C(CC(O1)OCCO)OCCO)OCCO,False,,4.506497336774836,,4.65649687618937
CN(C)CCN(CC1=CC=C(C=C1)OC)C2=CC=CC=N2.C(=C\C(=O)O)\C(=O)O,False,,,6.65286521708998,
C1=CC(=C(C=C1C2=C(C(=O)C3=C(C=C(C=C3O2)O)O)O)O)O.O.O,True,4.804093556077624,4.654093162860498,4.19815672930734,4.654092901115808
C1=CC=C(C=C1)/C=C/[N+](=O)[O-],True,4.84534648875478,4.4953463416999435,,4.770346208996745
COP(=O)(OC)O/C(=C\Cl)/C1=CC(=C(C=C1Cl)Cl)Cl,False,5.648861041418151,4.3988649544426,4.298864798175959,
C=C1C(C2(C(C(C1(C2(Cl)Cl)Cl)Cl)Cl)Cl)(CCl)CCl,False,,4.95384834897154,4.403848422089826,5.9538561592507735
CC1=CC=C(C=C1)/C(=C\CN2CCCC2)/C3=CC=CC=N3.O.Cl,False,,,5.726882931513258,
CCCCN(CCCC)C(=S)[S-].CCCCN(CCCC)C(=S)[S-].[Zn+2],False,4.498865393540615,4.798865170407076,4.198864633756791,4.495992904343289
CCCCCCCC/C=C\CCCCCCCCO,False,4.5492198987067605,,,
CC/C=C/CCO,False,4.391128593646096,,,
CC(=CCC/C(=C/CCC(C)(C=C)O)/C)C,False,4.498865393540615,4.3988649544426,4.198864633756791,4.3988649544426
C[C@]12CCC(=O)C=C1CC[C@@H]3[C@@H]2CC[C@]4([C@H]3CC[C@]4(C#C)O)C,False,,5.254444853266738,4.230563590258455,4.760030197409634
C[C@H]1C[C@H]2[C@@H]3CCC4=CC(=O)C=C[C@@]4([C@H]3C(=O)C[C@@]2([C@]1(C(=O)CO)O)C)C,False,4.560029756289291,4.860029658404407,,
C=C1CC[C@]2([C@H]3CC4=C5[C@]2([C@H]1OC5=C(C=C4)O)CCN3CC6CC6)O,False,,,5.660032085297399,
C=CCN1CC[C@]23[C@@H]4C(=O)CC[C@]2([C@H]1CC5=C3C(=C(C=C5)O)O4)O,False,,,4.810029897405945,
CC1=C(C(=O)C2=CC=CC=C2C1=O)C/C=C(\C)/CCC[C@H](C)CCC[C@H](C)CCCC(C)C,False,4.610029886099158,4.610029886099158,,
C[C@@H]1C/C=C/C=C/[C@@H]([C@@H](C[C@@H]([C@@H]([C@H]([C@@H](CC(=O)O1)OC(=O)C)OC)O[C@H]2[C@@H]([C@H]([C@@H]([C@H](O2)C)O[C@H]3C[C@@]([C@H]([C@@H](O3)C)O)(C)O)N(C)C)O)CC=O)C)O[C@@H]4CC[C@@H]([C@H](O4)C)N(C)C,False,,,,4.760030197409634
CC1(O[C@@H]2CO[C@@]3([C@H]([C@@H]2O1)OC(O3)(C)C)COS(=O)(=O)N)C,False,,,4.198864633756791,
CCO[C@H]1[C@@H]([C@H]([C@H](O1)C(COCC2=CC=CC=C2)OCC3=CC=CC=C3)OCC4=CC=CC=C4)O,False,,5.060031709448664,4.410030303250599,5.010029874726081
C1CC[N+]2(C1)[C@@H]3CC[C@H]2CC(C3)OC(=O)C(C4=CC=CC=C4)(C5=CC=CC=C5)O.[Cl-],False,,,5.310025555333226,4.810029897405945
CC1=C(C(CCC1)(C)C)/C=C/C(=C/C=C/C(=C/C(=O)NC2=CC=C(C=C2)O)/C)/C,False,4.1376491426803845,4.973840473403413,4.810029897405945,4.898838551207488
CC1=NC(=NC(=N1)OC)NC(=O)NS(=O)(=O)C2=CC=CC=C2C(=O)OC,False,4.175987475076198,4.451706419794678,5.051704426973,
C1CCN(C1)CC2=NC3=CC=CC=C3N2CC4=CC=C(C=C4)Cl.Cl,False,4.760030197409634,4.810029897405945,5.810032701648728,5.160031997995545
C1=CC=C(C=C1)NC(=O)CCCCCCC(=O)NO,False,4.810029897405945,4.510030276850633,5.160031997995545,
CCN1C2=C(C(=O)N(C1=O)CC)N(C(=N2)/C=C/C3=CC(=C(C=C3)OC)OC)C,False,,4.710029980825098,,5.760025198883063
C[C@]12C[C@@H]([C@H]3[C@H]([C@@H]1C[C@@H]4[C@]2(OC(O4)(C)C)C(=O)CO)CCC5=CC(=O)C=C[C@]35C)O,False,,,4.510030276850633,5.460033632003287
C[C@@H]1C[C@H]2[C@@H]3CCC4=CC(=O)C=C[C@@]4([C@]3([C@H](C[C@@]2([C@H]1C(=O)CO)C)O)F)C,False,,4.810029897405945,,4.810029897405945
CCCCCCCC/C=C\CCCCCCCC(=O)NCC1=CC(=C(C=C1)O)OC,False,4.610029886099158,5.710032208313266,4.9100313379205005,5.410028070483141
CCOC(=O)C1=C(NC(=C(C1C2=CC=CC=C2/C=C/C(=O)OC(C)(C)C)C(=O)OCC)C)C,False,4.610029886099158,5.8600265120155415,,6.659952682338607
COC1=CC=CC(=C1OC)[C@@H](C2CCN(CC2)CCC3=CC=C(C=C3)F)O,False,,,5.548858579207237,
CC(C)C1CCC(CC1)C(=O)N[C@H](CC2=CC=CC=C2)C(=O)O,False,,4.810029897405945,,
CCC(=O)O[C@H]1[C@H](C[C@@H]2[C@@]1(CC[C@H]3[C@H]2CC[C@@H]4[C@@]3(C[C@@H]([C@H](C4)OC(=O)C)N5CCCCC5)C)C)[N+]6(CCCCC6)CC=C.[Br-],False,,,4.96003097313254,5.310025555333226
CC(C)(C)C(/C=C/C1=CC2=C(C=C1)OCO2)O,True,5.160031997995545,5.460033632003287,4.560029756289291,4.760030197409634
CC1=CC2=C(C=C1C)N(C=N2)[C@@H]3[C@@H]([C@@H]([C@H](O3)CO)OP(=O)([O-])O[C@H](C)CNC(=O)CC[C@@]4([C@H]([C@@H]5[C@]6([C@@]([C@@H](/C(=C(/C7=N/C(=C\C8=N/C(=C(\C4=N5)/C)/[C@H](C8(C)C)CCC(=O)N)/[C@H]([C@]7(C)CC(=O)N)CCC(=O)N)\C)/[N-]6)CCC(=O)N)(C)CC(=O)N)C)CC(=O)N)C)O.[C-]#N.[Co+3],False,4.557158208489572,4.810029897405945,,
C1=CC(=CC=C1NC(=O)CCC(=O)O)S(=O)(=O)NC2=NC=CS2,False,,4.610029886099158,,
C1=CC=C(C=C1)/C=C/CO,False,4.278830999125886,4.278830999125886,4.228830848380986,
C1CC(CC(C1)CN=C=O)CN=C=O,False,,4.498865393540615,4.498865393540615,5.348867421449518
C1=CC=C(C=C1)C(=O)NS(=O)(=O)C2=CC=C(C=C2)N,False,,4.560029756289291,,
CC/C=C\C/C=C\C/C=C\CCCCCCCC(=O)OC,False,4.198864633756791,4.548864726812244,4.248864914695038,4.698865786166042
CC/C=C(\C)/C=O,False,4.3988649544426,,,
CCCCCCCC/C=C\CCCCCCCC(=O)OC(CO)CO,False,4.198864633756791,4.898864942667959,4.448864857638396,4.748865707419434
CC(=O)NS(=O)(=O)C1=CC=C(C=C1)N,False,4.198864633756791,,,
CC(=CCC/C(=C\CCC(C)(C=C)O)/C)C,False,4.448864857638396,4.448864857638396,4.423145748029465,4.948862919408721
C1=CC=C(C=C1)CCCOC(=O)/C=C/C2=CC=CC=C2,True,4.898864942667959,4.698865786166042,,
C/C=C(\C)/C=O,False,4.170671457004928,,,
CC[C@H](C)C(=O)O[C@H]1C[C@H](C=C2[C@H]1[C@H]([C@H](C=C2)C)CC[C@@H]3C[C@H](CC(=O)O3)O)C,False,4.200077678972187,4.296909097869143,4.167237299752156,5.410028070483141
CC/C(=N/O)/C,False,4.3988649544426,,4.229203566885852,
COCCCC/C(=N\OCCN)/C1=CC=C(C=C1)C(F)(F)F,False,6.7599502278873524,5.110031956768376,5.710032208313266,5.460033632003287
C/C=C/CC#N,False,4.438691063647086,,,
C/C=C/C(=O)OC1=C(C=C(C=C1[N+](=O)[O-])[N+](=O)[O-])CCCCCC(C)C,False,4.598864942530007,5.548858579207237,,4.798865170407076
CC1=NC2=CC=CC=C2N1C3CC4CCC(C3)N4CCC5(CCN(CC5)C(=O)C6=CC(=C(C=C6Cl)F)S(=O)(=O)NC)C7=CC(=CC=C7)F,False,,4.748865707419434,4.598864942530007,
C[N+](C)(C)CCO.C(F)(F)(F)S(=O)(=O)[N-]S(=O)(=O)C(F)(F)F,False,4.349928634037636,5.199929346888801,4.448226841284944,4.468484041772787
CC1=CC(=NC(=N1)NS(=O)(=O)C2=CC=C(C=C2)N)C,False,,,4.1435774586726675,
CC1=NN=C(S1)NS(=O)(=O)C2=CC=C(C=C2)N,False,,4.505156899262564,4.3075377734467715,
CC1=CC(=C(N1)/C=C\2/C3=CC=CC=C3NC2=O)C,False,5.660032085297399,4.96003097313254,,
CCOC(=O)[C@]1([C@H](C2=CC=CC=C2O1)N)C3=CC=CC=C3,False,4.198864633756791,4.3988649544426,6.698970004336019,4.998863636444484
C1=CC(=CC(=C1)F)CN2C3=C(C=C(C=C3)F)C=C2C(=O)NC4=CC5=C(C=C4)NC=C5,False,4.598864942530007,5.4488672992713925,4.948862919408721,5.59885804480627
CCCCCCCCCCCC(=O)OCC(C)OC(=O)CCCCC(=O)O,False,,5.110031956768376,,5.160031997995545
C1[C@@H](C=C[C@@H]1OC2=CC=CC(=C2)OC3=CC=C(C=C3)F)N(C(=O)N)O,True,5.098863295458348,4.498865393540615,5.498858544712217,6.048856839892448
C1=CC(=CC(=C1)C2=N[N-]C(=N2)C(=O)N)C3=C(C=CC(=C3)F)OCC(C(F)(F)F)(F)F.O.[K+],False,4.148864616843579,4.548864726812244,4.098864931407043,4.148864616843579
CN1CCN([C@H](C1)C2=CC=C(C=C2)F)CC3=CC(=CO3)C4=CC5=C(C=C4)NC(=O)O5.O.Cl,False,,,4.465276028144598,4.515276040744931
CCN1C=C[N+](=C1)C.CCOP(=O)([O-])OCC,False,4.248524969277277,4.252419634662284,5.198508301693749,4.402419983183693
CCCCCCCCCCCCN1C=C[N+](=C1)C.C(F)(F)(F)S(=O)(=O)[N-]S(=O)(=O)C(F)(F)F,False,4.645334637564393,5.145335737102938,5.645334637564393,4.14533391639455
CC[N+]1(CCCC1)C.C(F)(F)(F)S(=O)(=O)[N-]S(=O)(=O)C(F)(F)F,False,,5.1502858328530134,,
CC[S+](C)CC.C(F)(F)(F)S(=O)(=O)[N-]S(=O)(=O)C(F)(F)F,False,4.339385878646072,5.139386528447727,,
C1=CC(=CC=C1N)S(=O)(=O)N,False,,,4.196390634831721,
CC(=O)NC1=CC=C(C=C1)S(=O)(=O)NC2=CC=C(C=C2)[N+](=O)[O-],False,,4.860029658404407,,
C1=CC=C(C=C1)N2C(=CC=N2)NS(=O)(=O)C3=CC=C(C=C3)N,False,,5.6712739148012155,,5.421269128047227
C1=CC=NC(=C1)NS(=O)(=O)C2=CC=C(C=C2)N,False,,,,4.557158208489572
CCN(CC)C(=S)[S-].[Na+],False,4.394981704415236,,,4.144982056085977
C1=CC(=CC=C1C(=O)N/N=C/C2=CC=C(O2)[N+](=O)[O-])O,False,4.760030197409634,,,
C1=CC=C2C(=C1)N=CC(=N2)NS(=O)(=O)C3=CC=C(C=C3)N,False,,4.879446408407333,,4.3988649544426
C[C@@H]1CN(C[C@@H](N1)C)CCCN2C3=CC=CC=C3C4=CC=CC=C42.Cl.Cl,False,5.010029874726081,,6.410050398674292,5.710032208313266
C1=CC=NC(=C1)NS(=O)(=O)C2=CC=C(C=C2)N=NC3=CC(=C(C=C3)O)C(=O)O,True,,4.8470973495067105,4.398741213769284,
CN(C)CCOC(=O)C(C1=CC=CC=C1)(C2=CC=CC=C2)OCC#C.Cl,False,,5.610036963564112,5.460033632003287,5.8600265120155415
C1=CC(=CC=C1N)S(=O)(=O)NC2=NC=CS2,False,4.359748941811793,,4.246037960534797,4.146038493387563
C1=CC=C(C=C1)N2C(=O)C(C(=O)N2C3=CC=CC=C3)CCS(=O)C4=CC=CC=C4,False,,4.810029897405945,4.660030100046487,4.9100313379205005
CC1=C(ON=C1C)NS(=O)(=O)C2=CC=C(C=C2)N,False,,4.199573693981921,,
CN1C2=C(C3=C(C=C2)N=CC=C3)N=C1N,False,4.92093820135967,,4.970936988070654,
CCOC(=O)C(C)OC1=CC=C(C=C1)OC2=CN=C3C=C(C=CC3=N2)Cl,False,4.5274907448152035,4.757743462006823,4.407743766198417,
CC/C(=C(/C1=CC=C(C=C1)O)\C2=CC=C(C=C2)OCCN(C)C)/C3=CC=CC=C3,False,4.379371607198799,4.32937198749586,4.729372397325434,4.679371893606729
CC/C=C\CCOC(=O)C(C)C,False,,4.248864914695038,,4.198864633756791
CC\1=C(C2=C(/C1=C\C3=CC=C(C=C3)SC)C=CC(=C2)F)CC(=O)O,False,4.760030197409634,4.710029980825098,,
CCCCC(/C=C(\C)/C=C/C=C/C(=O)N1CCCC1=O)O,False,,,,4.507157926606608
CCCCCC[C@H](C/C=C\CCCCCCCC(=O)OC)O,False,4.496743323600061,4.996742013533768,,
C=CCOC(=O)/C=C\C(=O)OCC=C,False,4.491128366669093,4.241128209815033,,4.4411282997502255
CCOC1=C(C=C(C=C1)/C=C/C)O,True,5.1738639761162375,4.49886479222532,4.148864616843579,4.148864616843579
CC1=CC(=O)OC2=CC(=CC(=C12)O)O,False,4.647096187259871,,,4.5970958216520454
CCCCCCCCCCCCCCCC/C=C/C1CC(=O)OC1=O,False,4.562018086423217,,4.81201702983035,4.462017288554984
CCN1CCCC1CNC(=O)C2=C(C=CC(=C2)S(=O)(=O)N)OC,False,4.3988649544426,4.423145748029465,4.498865393540615,
CCCSS/C(=C(\C)/N(CC1=CN=C(N=C1N)C)C=O)/CCO,False,,,4.510030276850633,5.26003230324049
CC1=C(C(=O)OC2=C1C=CC(=C2)O)Cl,False,4.998863636444484,,,
CCCCC(CC)COC(=O)/C=C/C1=CC=C(C=C1)OC,False,4.860029658404407,4.898864942667959,,
CC1=C(C2=CC=CC=C2N1CCC(=O)O)CN3C=CN=C3,False,4.9100313379205005,5.510027465964983,,5.110031956768376
C/C=C(\C)/C#N,False,4.294227772763691,,,
CCC(=O)OC/C=C/C1=CC=CC=C1,False,4.323864745697594,4.39886468495081,,4.3988649544426
CC(C)C(=O)OC/C=C/C1=CC=CC=C1,True,4.348864512263225,4.448864857638396,,
CCC(=O)OC/C=C(\C)/CCC=C(C)C,False,4.348864512263225,,,
CCCC(=O)OC/C=C(\C)/CCC=C(C)C,False,4.3988649544426,4.223460072325203,,
CC(=CCCC(C)(C=C)OC(=O)/C=C/C1=CC=CC=C1)C,False,4.598864942530007,5.19886394724405,,4.448864857638396
C/C(=C\C(=O)OC)/OP(=O)(OC)OC,False,,,4.448864857638396,
CCCCCCCC/C=C\CCCCCCCCN,False,4.810029897405945,4.460029874171644,5.8600265120155415,4.460029874171644
C/C=C(\C)/C(=O)OCCC1=CC=CC=C1,True,4.498865393540615,,,
CNS(=O)(=O)CC1=CC2=C(C=C1)NC=C2CCN(C)C,False,,,4.760030197409634,
CCOC(=O)/C=C/C(=O)O,False,,,4.273459830462956,
CN1CC(C2=C(C1)C(=CC=C2)N)C3=CC=CC=C3.C(=C\C(=O)O)\C(=O)O,False,,,5.060031709448664,
CC(C1=CC=C(C=C1)C(=O)C2=CC=CS2)C(=O)O,False,,5.110031956768376,,
C=CCN1CC[C@]23CCCC[C@H]2[C@H]1CC4=C3C=C(C=C4)O,False,,,6.110026361596004,
CN1CC[C@]23[C@@H]4[C@H]1CC5=C2C(=C(C=C5)O)O[C@H]3[C@H](CC4)O,False,,,4.406718364578499,
[Ca+2].[Br-].[Br-],False,,,4.248864914695038,
C1=CC(=CC=C1CCO)NC2=C3C(=C(C=C2)O)C(=O)C4=C(C=CC(=C4C3=O)[N+](=O)[O-])O,True,4.498865393540615,4.998863636444484,4.248864914695038,4.498865393540615
C1CC1CN2CC[C@]34[C@@H]5C(=O)CC[C@]3([C@H]2CC6=C4C(=C(C=C6)O)O5)O,False,,,4.9100313379205005,
CC1=C(C=C(C=C1)C(=O)NC2=C3C(=CC(=CC3=C(C=C2)S(=O)(=O)O)S(=O)(=O)O)S(=O)(=O)O)NC(=O)C4=CC(=CC=C4)NC(=O)NC5=CC=CC(=C5)C(=O)NC6=C(C=CC(=C6)C(=O)NC7=C8C(=CC(=CC8=C(C=C7)S(=O)(=O)O)S(=O)(=O)O)S(=O)(=O)O)C,False,4.560029756289291,,,
CC(C)[C@H](C1=CC=C(C=C1)Cl)C(=O)O[C@@H](C#N)C2=CC(=CC=C2)OC3=CC=CC=C3,False,4.273459830462956,5.120521246177985,4.492176499285605,
CCCCC1(C(=O)N(N(C1=O)C2=CC=CC=C2)C3=CC=CC=C3)COC(=O)CCC(=O)O,False,,4.174751790141161,4.648864911118024,
CCOC(=O)[C@H](CCC1=CC=CC=C1)N[C@@H](C)C(=O)N(CC(=O)O)C2CC3=CC=CC=C3C2.Cl,False,4.560029756289291,4.810029897405945,,5.310025555333226
C1C[C@H](N(C1)C(=O)[C@H](CCCCN)N[C@@H](CCC2=CC=CC=C2)C(=O)O)C(=O)O.O.O,False,4.560029756289291,,,
CCOC(=O)[C@H](CCC1=CC=CC=C1)N[C@H]2CCC3=CC=CC=C3N(C2=O)CC(=O)O.Cl,False,4.860029658404407,5.110031956768376,,6.160019442321658
CCOC1=CC=CC=C1OCCN[C@H](C)CC2=CC(=C(C=C2)OC)S(=O)(=O)N.Cl,False,,,4.9100313379205005,6.160019442321658
CCC(C)C1N=C(C(S1)C)C,False,,4.3988649544426,4.3988649544426,4.598864942530007
CCCCC/C=C\CCC=O,False,4.523460365349586,4.117420538365575,,
CCCCC/C=C/CC1CC(=O)OC1=O,False,4.498865393540615,,,
CCCCCCCCC/C=C/CC1CC(=O)OC1=O,True,,4.247804169456517,4.448864857638396,
C1CCCCCC(=O)CCC/C=C\CCCC1,False,4.3988649544426,4.148864616843579,,4.498865393540615
CC/C=C\CC/C=C/CO,False,4.198864633756791,,,
CCCCCCCC/C=C\CCCCCCCC(=O)OCC,False,4.148864616843579,4.148864616843579,,
CCNC(=O)NC(=O)/C(=N/OC)/C#N,False,4.398157210217902,4.1952848445125,,
C1/C=C\CC/C=C\CC/C=C\C1,False,4.273459830462956,,,
CCCCCCCC/C=C\CCCCCCCC(=O)OCCO,False,4.276686379445896,4.726686148424418,4.276686379445896,4.849999245077862
CCCCCCCC/C=C\CCCCCCCC(=O)OC,False,4.44815614382721,,,
CCCCCCCC/C=C\CCCCCCCCOCCO,False,,4.534773344172683,,4.784774987528095
CC(C)(C)/C(=N\OC(=O)NC)/CSC,False,4.445993253446242,,,
CCCCC(CC)COC(=O)/C=C\C(=O)OCC(CC)CCCC,False,4.549041941134582,4.749042378182196,,5.249044463445646
C/C=C/CC=C,False,4.234537840025599,,,
CCCCC/C=C/C/C=C/CCCCCCCC(=O)OCC,False,4.510030276850633,4.9100313379205005,,4.560029756289291
CCCCCCCC/C=C/CCCOC(=O)C,False,4.3988649544426,,,
CCC(=O)/C=C/C,False,4.864342694306391,,,4.96434216701973
CCCCC(=O)/C=C/C,False,,4.248864914695038,,4.448864857638396
CC(=CCC/C(=C/C(=O)OC)/C)C,False,4.148864616843579,4.3988649544426,,4.498865393540615
CC1=CCCC(C1/C=C/C(=O)CCC=C)(C)C,False,,4.248864914695038,,4.948862919408721
CC/C=C\CCOC(C)OCC,False,4.484923977922296,,,
CNC(=S)[S-].[Na+],False,,4.148864616843579,,
CC(C)OC(=O)/C=C(\C)/C=C/CC(C)CCCC(C)(C)OC,False,4.205998803245695,4.3330143387086695,,
CCCCC/C=C/CC(=O)OC,False,4.448864857638396,,,
CCOC(=O)COC(=O)C1=C(C=CC(=C1)OC2=C(C=C(C=C2)C(F)(F)F)Cl)[N+](=O)[O-],False,4.498865393540615,5.098863295458348,4.798865170407076,
CCCCC/C=C/C=C/C=C,False,,4.721266971378294,,4.771266091623863
CC/C=C\C/C=C\C/C=C\CCCCCCCC(=O)OCC,False,4.138690261723195,4.388691008991687,4.162971202585849,4.138690261723195
CC/C=C/CCCCCCCCCCOC(=O)C,False,4.3525720377426635,,,
CC/C=C\CCOC(=O)C1=CC=CC=C1,True,4.548864726812244,,,
CCCCCCCC/C=C/CCCCCCCC1=NCCN1CCO,False,4.448864857638396,4.548864726812244,5.298863933907473,4.698865786166042
CCCCC/C(=C\C1=CC=CC=C1)/CO,False,5.404085117335988,4.454079612856994,,
C/C=C(\C)/C=C/C=C(C)C,False,4.251356517867205,4.1513565701573825,,4.426356639864111
C1=CC=C(C=C1)CCOC(=O)/C=C/C2=CC=CC=C2,True,5.19886394724405,4.598864942530007,,
C/C=C/C=N/NC(=O)C1=CC=NC=C1,False,,4.810029897405945,,4.860029658404407
CC(C(C1=CC=CC=C1)O)N(C)C/C=C/C2=CC=CC=C2,False,4.760030197409634,4.810029897405945,6.96018944585165,
CC1=C(NC(=O)N1)C(=O)C2=CC=C(C=C2)SC,False,4.760030197409634,,,
CC1CC=C(C(C1(C)C)/C=C/C(=O)C)C,False,4.198864633756791,4.198864633756791,,4.548864726812244
CCC(=O)/C=C/C1C(=CCCC1(C)C)C,False,4.448864857638396,4.254354595552943,,4.31763383987983
CC/C=C\CCOC(=O)C1=CC=CC=C1O,True,4.498865393540615,4.395992769776875,,
C/C(=C\C(=O)N(C)C)/OP(=O)(OC)OC,False,4.146038493387563,,,
C/C(=C\C(=O)NC)/OP(=O)(OC)OC,False,4.548864726812244,,,
CCCCCCCC/C=C\CCCCCCCC(=O)N(CCO)CCO,False,4.447412081046612,4.850285273711448,4.700283558137462,4.7502832454764965
CC1=CCCC(C1/C=C(\C)/C(=O)C)(C)C,False,4.3988649544426,,,
CCNP(=S)(OC)O/C(=C/C(=O)OC(C)C)/C,False,5.648861041418151,6.198870812420296,4.548864726812244,5.898871824161243
C1=C(OC(=C1)[N+](=O)[O-])/C=N\O,False,4.560029756289291,,,
CCOCCOC(=O)/C=C/C1=CC=C(C=C1)OC,False,5.110031956768376,4.860029658404407,,
C=CCN1CCC2=C(CC1)SC(=N2)N,False,,,4.810029897405945,
C/C=C/C(=O)C1=C(CCCC1(C)C)C,False,,,,4.3988649544426
C1=CC=C(C=C1)C(=O)/C=C/C2=CC=C(C=C2)[N+](=O)[O-],True,5.447806482574219,5.147800680553724,4.14493112063151,
CCOP(=O)(OCC)O/C(=C/Cl)/C1=C(C=C(C=C1)Cl)Cl,False,5.19886394724405,4.498865393540615,4.448864857638396,
CCCCCCCC/C=C\CCCCCCCC(=O)OCCOC(=O)CCCCCCC/C=C\CCCCCCCC,False,4.3325022190255815,4.832502485195468,4.382501659780738,4.982503382046438
CCOC(=O)C1=CN=C(C=C1)C#CC2=CC3=C(C=C2)SCCC3(C)C,False,,,,4.810029897405945
C1=CC(=CC=C1OC2=C(C=C(C=N2)Cl)Cl)OC3=C(C=C(C=N3)Cl)Cl,False,4.604343423998069,,,
CC(C)(C)C1=NN=C(S1)N(C)C(=O)NC,False,4.323687697467021,4.287097874952777,,
CC1=C2C(=CS1)C(=O)NC3=CC=CC=C3N2C(=O)CN4CCN(CC4)C,False,,,,4.810029897405945
C1=CC=C(C=C1)COC(=O)/N=N/C(=O)OCC2=CC=CC=C2,False,4.748865707419434,4.848866210191896,,4.198864633756791
CC(C)(C)C(=O)/C=C/C1=CC=C(C=C1)Cl,True,4.648864911118024,4.198864633756791,,
CCC(COC(=O)C1=CC(=C(C(=C1)OC)OC)OC)(C2=CC=CC=C2)N(C)C.C(=C\C(=O)O)\C(=O)O,False,,4.810029897405945,6.160019442321658,5.360025701545049
CC[C@@]1(C[C@H]2C[C@@](C3=C(CCN(C2)C1)C4=CC=CC=C4N3)(C5=C(C=C6C(=C5)[C@]78CCN9[C@H]7[C@@](C=CC9)([C@H]([C@@]([C@@H]8N6C)(C(=O)OC)O)OC(=O)C)CC)OC)C(=O)OC)O.OS(=O)(=O)O,False,,,4.660030087128289,5.510034848041191
CN1C2=C(C=C(C=C2)Cl)C(=NC(C1=O)O)C3=CC=CC=C3,False,4.38350453107979,4.38350453107979,4.183504827985601,4.133504722054158
COP(=S)(OC)OC1=CC=C(C=C1)SC2=CC=C(C=C2)OP(=S)(OC)OC,True,4.3988649544426,5.129448550135241,4.198864633756791,4.637452499042438
CC(C)C(=O)OC1=C(C=C(C=C1)C=O)OC,False,4.148864616843579,4.498865393540615,,
CC(C)(C)C1=CC=C(C=C1)C(CCCN2CCC(CC2)C(C3=CC=CC=C3)(C4=CC=CC=C4)O)O,False,,,5.8600265120155415,
C1=CC(=CC=C1C=O)[N+](=O)[O-],False,4.196037866904468,4.143166021859697,,
C1(=C(C(=O)C(=C(C1=O)O)O)O)O,False,4.610029886099158,,,
C1CC(=O)NC(=O)C1N2C(=O)C3=CC=CC=C3C2=O,False,,,4.810029897405945,
CCC(C)(C)C1=CC=C(C=C1)CC(C)CN2C[C@H](O[C@H](C2)C)C,False,4.510030276850633,4.560029756289291,5.160031997995545,
C(C(=O)O)(Cl)Br,False,4.1435774586726675,,,
C1=CC=C2C(=C1)NC(=N2)C3=CSC=N3,True,5.59885804480627,4.3988649544426,4.3988649544426,
CC(CCCC(=C)C)CCO,False,4.148864616843579,4.198864633756791,,4.4293648407053805
C1=CC=C(C=C1)CCNC2=NC(=CS2)C3=CC=CC=C3,True,5.610036963564112,5.160031997995545,4.810029897405945,4.860029658404407
C1=CC(=CC=C1CCNS(=O)(=O)C2=CC=C(C=C2)Cl)CC(=O)O,False,,4.760030197409634,,
CN1CCCC(CC1)N2C(=O)C3=CC=CC=C3C(=N2)CC4=CC=C(C=C4)Cl.Cl,False,,,5.96003097313254,5.96003097313254
C[C@@H]1CN(CC[C@@]1(C2=CC=CC=C2)C(=O)O)C3CCC(CC3)(C#N)C4=CC=C(C=C4)F.Cl,False,,,5.660032085297399,
C1=CC=C(C(=C1)C(=O)O)S,False,,4.567283987867683,,
CCC(C)(C)C(=O)O[C@H]1C[C@H](C=C2[C@H]1[C@H]([C@H](C=C2)C)CC[C@@H]3C[C@H](CC(=O)O3)O)C,False,4.448864857638396,4.448864857638396,4.498865393540615,5.679456083435857
C1CN=C(N1)C2COC3=CC=CC=C3O2,False,,,4.860029658404407,
C(CSCCO)O,False,,4.441477424108571,4.491477014328691,
C1=C(OC(=C1)[N+](=O)[O-])/C=N/NC(=O)N,False,4.998863636444484,,4.598864942530007,4.198864633756791
CCN1CCC[C@H]1CNC(=O)C2=C(C=CC(=C2OC)Br)OC,False,,,4.410030303250599,
CN1CCCCC1CCN2C3=CC=CC=C3SC4=C2C=C(C=C4)SC,False,4.810029897405945,,6.609948503541013,
C1CN1P(=S)(N2CC2)N3CC3,False,4.425991895262334,4.875991649451503,4.475990955440937,4.6259907664355016
CN(C)C(=S)SSC(=S)N(C)C,True,5.4049228429923035,5.304921283503363,4.801896326104835,4.2768939755074795
C[C@H]1[C@@H](C(=O)N1S(=O)(=O)O)NC(=O)/C(=N/OC(C)(C)C(=O)O)/C2=CSC(=N2)N,False,4.610029886099158,,,
C(C(=O)O)P(=O)(O)O,False,4.560029756289291,,,
CC(C)(C)NC(=O)[C@@H]1CN(CCN1C[C@H](C[C@@H](CC2=CC=CC=C2)C(=O)N[C@@H]3[C@@H](CC4=CC=CC=C34)O)O)CC5=CN=CC=C5.OS(=O)(=O)O,False,,4.527060805263764,4.618544652284549,6.818572231852686
C(=O)(N)/N=N/C(=O)N,True,4.873156790190941,5.523152740741645,,4.198864633756791
C/C=C\1/CC2CC1C=C2,False,,4.148864616843579,,4.498865393540615
CCN1/C(=C/C=C/C2=[N+](C3=CC=CC=C3C=C2)CC)/C=CC4=CC=CC=C41.[I-],True,5.060031709448664,4.510030276850633,5.060031709448664,4.810029897405945
CC(C)C/C=C(\C=O)/C1=CC=CC=C1,False,4.248864914695038,4.448864857638396,,4.448864857638396
C([C@@H]([C@@H]1C(=C(C(=O)O1)O)O)O)O,False,4.554447347790952,,,
CCCCN(CCCC)C(=S)[S-].[Na+],False,,4.198864633756791,5.798876102792621,4.173145464019715
C[C@@]1([C@H]2C[C@H]3[C@@H](C(=O)C(=C([C@]3(C(=O)C2=C(C4=C1C=CC=C4O)O)O)O)C(=O)N)N(C)C)O,False,,4.198864633756791,,
C[C@@]1([C@H]2[C@@H]([C@H]3[C@@H](C(=O)C(=C([C@]3(C(=O)C2=C(C4=C1C=CC=C4O)O)O)O)C(=O)N)N(C)C)O)O,False,,4.448864857638396,,
C1=CC=C2C(=C1)C(=C(C(=O)O2)CC3=C(C4=CC=CC=C4OC3=O)O)O,False,4.610029886099158,5.610036963564112,,
CN1C(=C(C2=CC=CC=C2S1(=O)=O)O)C(=O)NC3=CC=CC=N3,False,,4.902330415545103,4.219225586878248,4.494630215732318
CC(=O)CC(C1=CC=C(C=C1)[N+](=O)[O-])C2=C(C3=CC=CC=C3OC2=O)O,False,,5.460033632003287,4.410030303250599,
CC1=CN=C(S1)NC(=O)C2=C(C3=CC=CC=C3S(=O)(=O)N2C)O,True,,4.998863636444484,,4.623334134958645
CN1C(=C(C2=C(S1(=O)=O)C=CS2)O)C(=O)NC3=CC=CC=N3,False,,4.810029897405945,,
CC1=CC(=NO1)NC(=O)C2=C(C3=CC=CC=C3S(=O)(=O)N2C)O,False,,5.010029874726081,,
CC(=O)CC(C1=CC=CC=C1)C2=C(C3=CC=CC=C3OC2=O)O,False,4.448864857638396,4.722980678833474,4.448864857638396,
C1CC(C2=CC=CC=C2C1)C3=C(C4=CC=CC=C4OC3=O)O,False,,5.4488672992713925,,4.448864857638396
CC(C1=CC=C(S1)C(=O)C2=CC=CC=C2)C(=O)O,True,4.96003097313254,4.760030197409634,,
C1=CC=C(C=C1)C(CC(C2=CC=C(C=C2)C3=CC=C(C=C3)Br)O)C4=C(C5=CC=CC=C5OC4=O)O,False,4.172788445839707,5.466408156749713,,4.491409059053758
CCCCCCCCCCCCCCCC(=O)OC[C@@H]([C@@H]1C(=C(C(=O)O1)O)O)O,True,,4.748865707419434,,
C[C@@]1([C@H]2[C@@H]([C@H]3[C@@H](C(=O)C(=C([C@]3(C(=O)C2=C(C4=C1C=CC=C4O)O)O)O)C(=O)N)N(C)C)O)O.O.O,False,,4.402419983183693,,
C[C@@]1(C2C[C@H]3[C@@H](C(=O)C(=C([C@]3(C(=O)C2=C(C4=C1C=CC=C4O)O)O)O)C(=O)NCN5CCCC5)N(C)C)O,False,4.760030197409634,,,
C[C@@]1([C@H]2[C@@H]([C@H]3[C@@H](C(=O)C(=C([C@]3(C(=O)C2=C(C4=C1C=CC=C4O)O)O)O)C(=O)N)N(C)C)O)O.Cl,False,,4.429407651476599,,
C[C@@]1([C@H]2C[C@H]3[C@@H](C(=O)C(=C([C@]3(C(=O)C2=C(C4=C(C=CC(=C41)Cl)O)O)O)O)C(=O)N)N(C)C)O.Cl,False,4.3893707069777586,4.489370551853107,,
C([C@@H]([C@@H]1C(=C(C(=O)O1)[O-])O)O)O.C([C@@H]([C@@H]1C(=C(C(=O)O1)[O-])O)O)O.O.O.[Ca+2],False,4.148936821804527,,,
CC(=O)CC(C1=CC=C(C=C1)Cl)C2=C(C3=CC=CC=C3OC2=O)O,False,,4.927691268846665,,
CCOC(=O)C(C1=C(C2=CC=CC=C2OC1=O)O)C3=C(C4=CC=CC=C4OC3=O)O,False,4.560029756289291,5.660032085297399,,
CN(C)[C@H]1[C@@H]2C[C@@H]3CC4=C(C=CC(=C4C(=C3C(=O)[C@@]2(C(=C(C1=O)C(=O)N)O)O)O)O)N(C)C.Cl,False,,4.09599272102113,,
CC(C)(C)NCC(=O)NC1=CC(=C2C[C@H]3C[C@H]4[C@@H](C(=O)C(=C([C@]4(C(=O)C3=C(C2=C1O)O)O)O)C(=O)N)N(C)C)N(C)C,False,4.560029756289291,,4.591729499430884,
CC1=CC(=C(C=C1CO)C(C)(C)C)SC2=C(C[C@@](OC2=O)(CCC3=CC=C(C=C3)N)C(C)C)O,False,,,,5.39886386639293
CCC(C)[O-].CCC(C)[O-].CCOC(=O)/C=C(/C)\[O-].[Al+3],False,,4.198864633756791,,
C[C@@]1([C@H]2C[C@H]3[C@@H](C(=O)C(=C([C@]3(C(=O)C2=C(C4=C1C=CC=C4O)O)O)O)C(=O)N)N(C)C)O.Cl,False,,4.760030197409634,4.503562800557075,
C1CN(CC2=C1SC=C2)CC3=CC=CC=C3Cl,False,5.390597704529707,4.660030100046487,5.910024277312271,
CC\1=C(C2=C(/C1=C\C3=CC=C(C=C3)S(=O)(=O)C)C=CC(=C2)F)CC(=O)O,False,4.760030197409634,,4.710029980825098,
CC(C)C1(C(=O)NC(=N1)C2=NC3=CC=CC=C3C=C2C(=O)O)C,False,4.195333870479099,,4.395333393952827,
CCC1=CC(=C(N=C1)C2=NC(C(=O)N2)(C)C(C)C)C(=O)O,False,,,4.1992190191615695,
CC1=CC(=C(C=C1)C(=O)OC)C2=NC(C(=O)N2)(C)C(C)C,False,,,,4.448864857638396
CCCCCCC(C)OC(=O)COC1=NC(=C(C(=C1Cl)N)Cl)F,False,5.298863933907473,4.748865707419434,4.198864633756791,4.998863636444484
CCNC(=O)N(CCCN(C)C)C(=O)[C@@H]1C[C@H]2[C@@H](CC3=CNC4=CC=CC2=C34)N(C1)CC=C,False,,,6.010016541698601,6.010016541698601
CCN(CC)CCOC1=CC2=C(C=C1)C3=C(C2=O)C=C(C=C3)OCCN(CC)CC,False,4.760030197409634,,,
CN(C)CCCSC1=CC=CC=C1NC(=O)/C=C/C2=CC=CC=C2,False,,,6.410050398674292,
CC(C)(C)NCC(C1=CC(=CC(=C1)OC(=O)N(C)C)OC(=O)N(C)C)O.Cl,False,,,5.460033632003287,
CC1(CON(C1=O)CC2=CC=CC=C2Cl)C,False,4.498865393540615,4.380563858224263,,
CCOC(=O)C1=C(SC2=C1CCN(C2)CC3=CC=CC=C3)N,False,4.810029897405945,5.460033632003287,7.860120913598763,5.410028070483141
CCN1C(=CC(=N1)CC2=CC=CC=C2)C3CCN(CC3)C[C@H]4C[C@@H](C[C@@H]4C5=CC(=CC=C5)F)N(C)[C@H](C(C)C)C(=O)O,False,4.198864633756791,4.348864512263225,4.448864857638396,5.048866560110487
C1=CC(=C(C=C1Cl)Cl)C(CN2C=CN=C2)OCC3=C(SC=C3)Cl,False,5.340597274077998,6.809948582240794,5.610036963564112,6.860120913598763
CC(C(C)S)S,False,4.230539959042762,,,
CC1=CC=CC=C1O[C@H](CCNC)C2=CC=CC=C2.Cl,False,,,5.210031697910783,
C/C(=C/C(=O)C)/[O-].C/C(=C/C(=O)C)/[O-].C/C(=C/C(=O)C)/[O-].[Cr+3],False,,,,4.3988649544426
CN\1COCN(/C1=N\[N+](=O)[O-])CC2=CN=C(S2)Cl,False,4.373145559845744,,,
CC1=C(N2[C@@H]([C@@H](C2=O)NC(=O)/C(=N/OC)/C3=CSC(=N3)N)SC1)C(=O)OCOC(=O)C(C)(C)C.Cl,False,4.560029756289291,4.860029658404407,,5.660032085297399
C1CN=C(N1)NC2=C(C=CC3=NSN=C32)Cl,False,,,4.9100313379205005,
CCOC(=O)CCN(C(C)C)SN(C)C(=O)OC1=CC=CC2=C1OC(C2)(C)C,False,4.598864942530007,4.748865707419434,4.198864633756791,4.998863636444484
CCOC(=O)[C@H](CCC1=CC=CC=C1)N[C@@H](C)C(=O)N2CC3=CC(=C(C=C3C[C@H]2C(=O)O)OC)OC.Cl,False,,4.810029897405945,,5.160031997995545
C[C@@H]([C@@H](C1=CC=CC=C1)O)NCCC(=O)C2=CC(=CC=C2)OC.Cl,False,4.760030197409634,4.560029756289291,5.8600265120155415,4.9100313379205005
CCOC(=O)[C@H](CCC1=CC=CC=C1)N[C@@H](C)C(=O)N2CC3=CC=CC=C3C[C@H]2C(=O)O.Cl,False,,5.002858099365509,,5.452852544055748
CCCN(CCC)C(=O)CC1=C(N=C2N1C=C(C=C2)Cl)C3=CC=C(C=C3)Cl,False,4.790600276454826,4.760030197409634,4.810029897405945,5.510027465964983
C1CCN(CC1)CCOC2=CC=C(C=C2)C(=O)C3=C(SC4=C3C=CC(=C4)O)C5=CC=C(C=C5)O.Cl,False,4.448864857638396,6.579412587617911,4.454447615646616,5.704452550159763
CCC1=NN(C(=O)N1CCOC2=CC=CC=C2)CCCN3CCN(CC3)C4=CC(=CC=C4)Cl.Cl,False,,,5.26003230324049,5.8600265120155415
COC1=CC(=NC(=N1)NC(=O)NS(=O)(=O)CC2=CC=CC=C2C(=O)OC)OC,False,4.398157210217902,,,
CC1=CC=C(C=C1)S(=O)(=O)NC(=O)NN2CCCCCC2,False,4.198864633756791,4.748865707419434,5.048866560110487,4.548864726812244
CCCCNC(=O)NS(=O)(=O)C1=CC=C(C=C1)C,False,,4.324929758691535,,
CC1=CC(=CC=C1)N(C)C(=S)OC2=CC3=C(C=C2)C4CCC3C4,False,4.9100313379205005,4.810029897405945,,5.360025701545049
CC1=CC(=CC=C1)N(C)C(=S)OC2=CC3=CC=CC=C3C=C2,False,4.9794463970674006,5.029447672946574,,4.698865786166042
C1CN(CCN1CCOCC(=O)O)C(C2=CC=CC=C2)C3=CC=C(C=C3)Cl.Cl.Cl,False,4.463725374267305,,,
CC#C[C@@]1(CC[C@@H]2[C@@]1(C[C@@H](C3=C4CCC(=O)C=C4CC[C@@H]23)C5=CC=C(C=C5)N(C)C)C)O,False,4.448864857638396,5.554447336710719,4.429447414307122,6.304466914944628
C1=CC=C(C(=C1)C2=CC=C(C=C2)C(F)(F)F)C(=O)O,False,,4.510030276850633,,
CCC(C)N1C(=O)N(C=N1)C2=CC=C(C=C2)N3CCN(CC3)C4=CC=C(C=C4)OC[C@H]5CO[C@](O5)(CN6C=NC=N6)C7=C(C=C(C=C7)Cl)Cl,False,,4.860029658404407,,6.809948582240794
CCN(CC)C1=CC(=NC2=NC=NN12)C,False,4.890600336920692,,,
CC(C(C)(C)C)N=C(NC#N)NC1=CC=NC=C1.O,False,,4.860029658404407,,6.010016541698601
CCCN1CCC[C@H]2[C@H]1CC3=C(C2)NN=C3.Cl,False,,,4.710029980825098,
CC(=O)OCC(COC(=O)C)OC(=O)C,False,4.454206894211393,,,
CC(C)N(C(C)C)C(=O)SCC(=C(Cl)Cl)Cl,False,4.198864633756791,4.498865393540615,4.454564222747602,
C1=CC=C(C=C1)C2=NC3=C(N=C(N=C3N=C2N)N)N,True,4.49392812507465,,4.321396628027143,
C1=CC=C(C=C1)CCNCCCCCCNCCC2=CC(=C(C=C2)O)O,False,,,4.860029658404407,
C(Br)(Br)Br,False,4.198510537295644,,4.248510729867378,
C(CCl)N(CCCl)CCCl,False,4.510030276850633,,4.510030276850633,
C1=CC(=C(C=C1Cl)O)OC2=C(C=C(C=C2)Cl)Cl,False,4.674186730081218,5.449181066102087,4.538342431107913,4.188343236506361
C(CNCCNCCN)N,False,,,4.504205980225132,
CN([C@H]1CC[C@@]2(CCCO2)C[C@@H]1N3CCCC3)C(=O)CC4=CC(=C(C=C4)Cl)Cl,False,,,5.360025701545049,6.110026361596004
CCCN(CCC)C1=C(C=C(C=C1[N+](=O)[O-])C(F)(F)F)[N+](=O)[O-],False,4.524219224796671,4.574219528556608,,4.506827854871126
CC1(C(=O)N(C(=O)O1)C)C,False,4.403127022612876,,,
COC1=CC(=CC(=C1OC)OC)CC2=CN=C(N=C2N)N,False,4.399928192697783,,4.44992826586856,4.44992826586856
CC1=CC(=O)OC2=C1C=C3C=C(OC3=C2C)C,False,5.190601913383681,,,5.360025701545049
CC(C)(C)CC(C)(C)C1=CC=C(C=C1)OCCO,False,,4.451350206101622,,4.7513500561254345
CC1=C(C2=C(CCC(O2)(C)COC3=CC=C(C=C3)CC4C(=O)NC(=O)S4)C(=C1O)C)C,False,,5.1044476261133624,,5.154447952006213
CCN(CC1=CC=NC=C1)C(=O)C(CO)C2=CC=CC=C2,False,4.610029886099158,5.610036963564112,4.510030276850633,5.560036064079095
COC1=CC(=CC(=C1OC)OC)C(=O)NC2CCCNC2,False,4.810029897405945,4.760030197409634,,
CN(C)C(=S)[S-].[Na+],True,4.178751360693988,4.194473514550269,,
CC1=C(C(=CC=C1)CC2=CN=CN2)C.Cl,False,6.010016541698601,6.410050398674292,5.610036963564112,6.310069895981782
C1=CC(=CC=C1CCN)O,False,,,4.860029658404407,4.6346252833964705
CCOC(=O)C1=CC=CC=C1S(=O)(=O)NC(=O)NC2=NC(=CC(=N2)Cl)OC,False,,,,4.267420498373938
CCOC(=O)C(=O)CCC1=CC=CC=C1,False,,4.510030276850633,4.460029874171644,
CC(C)NC1=C(N=CC=C1)N2CCN(CC2)C(=O)C3=CC4=C(N3)C=CC(=C4)NS(=O)(=O)C,False,,5.610036963564112,5.26003230324049,5.660032085297399
C=CCCCCCCCCC(=O)O,False,,4.429447414307122,,
CC1=C(C2=CC=CC=C2N1CCN3CCOCC3)C(=O)C4=CC=C(C=C4)OC,False,,4.96003097313254,4.810029897405945,5.96003097313254
CN(C)CC(C1=CC=C(C=C1)OC)C2(CCCCC2)O,False,,,4.96003097313254,
COC1=CC(=C(C=C1)C(=O)C2=CC(=CC=C2)O)OC,False,4.349573960765963,,,4.499574145995192
C[C@@H]1C[C@H]2[C@@H]3C[C@@H](C4=CC(=O)C(=C[C@@]4([C@]3([C@H](C[C@@]2([C@]1(C(=O)CO)O)C)O)F)C)Cl)F.O,False,,,,5.010029874726081
CC(=O)OCC(=O)NCCCOC1=CC=CC(=C1)CN2CCCCC2.Cl,False,,,4.810029897405945,
C1=CC=C2C(=C1)C3=CC=CC=C3O2,False,4.548864726812244,4.233182792905909,,
C1=CC=C(C=C1)CCCCOCCCCCCNCC(C2=CC(=C(C=C2)O)CO)O.C1=CC=C2C(=C1)C=CC(=C2O)C(=O)O,False,,,5.360025701545049,
COC1=C(C(=C(C=C1)CCN(CCC2=C(C(=C(C=C2)OC)OC)OC)C(=O)C(C3=CC=CC=C3)C4=NCCC5=CC(=C(C=C54)OC)OC)OC)OC.Cl,False,,4.9100313379205005,5.060031709448664,6.209996479609511
CC1=C(C(=CC=C1)NC2=CC(=NC(=N2)SCC(=O)O)Cl)C,False,,4.58492477181314,,
CC1=C(C(=CC=C1)C)NC(=O)CN2CCN(CC2)CC(COC3=CC=CC=C3OC)O,False,,,4.860029658404407,5.110031956768376
C1CN(CCN1CCCCN2C(=O)C3=CC=CC=C3S2(=O)=O)C4=NC=CC=N4,False,,4.760030197409634,5.8600265120155415,
C[C@H](C1=CC=CC=N1)C2=C(CC3=CC=CC=C32)CCN(C)C.C(=C\C(=O)O)\C(=O)O,False,,,4.84861789037774,
C1=CC(=C(C(=C1)Cl)/C=N/N=C(N)N)Cl,False,4.860029658404407,,4.860029658404407,
CC(=O)OCC(=O)[C@]1(CCC2[C@@]1(C[C@@H](C3C2CCC4=CC(=O)CC[C@]34C)O)C)O,False,,4.760030197409634,4.478585991510725,
CCOC1=C(C=C(C=C1)CC2=NC=CC3=CC(=C(C=C32)OCC)OCC)OCC.Cl,False,,5.360025701545049,4.460029874171644,4.96003097313254
C1=C(N=C(S1)N=C(N)N)CSCC/C(=N/S(=O)(=O)N)/N,False,,,4.198864633756791,
CC(CC1=CC=C(C=C1)O)NCC(C2=CC(=CC(=C2)O)O)O.Br,False,,,5.060031709448664,
CC(C1=CC=CC=C1)NCCC(C2=CC=CC=C2)C3=CC=CC=C3.Cl,False,,4.810029897405945,6.659952682338607,5.660032085297399
CN1CCC(=C2C3=CC=CC=C3SC4=CC=CC=C42)CC1.C(=C\C(=O)O)\C(=O)O,False,,,5.510027465964983,
CCN(CC)CCNC(=O)C1=C(C=CC(=C1)S(=O)(=O)C)OC.Cl,False,,,4.9100313379205005,
CN(CC1=C(C(=CC(=C1)Br)Br)N)C2CCCCC2.Cl,False,4.490601215537933,4.810029897405945,7.860120913598763,
C1CN(CCN1)C2=NC3=CC=CC=C3C=C2.C(=C\C(=O)O)\C(=O)O,False,6.060031709448664,,,
CC(C)(C)NCC(C1=CC=CC=C1Cl)O.Cl,False,,,5.110031956768376,
C1CC(C2=C(C3=CC=CC=C3N=C2C1)N)O.C(=C\C(=O)O)\C(=O)O,False,4.810029897405945,,4.510030276850633,
C1=CC=C(C=C1)N/C=C/C=C/C=NC2=CC=CC=C2.Cl,False,4.348864512263225,,4.3988649544426,
CC[C@H](C)COC(=O)/C=C/C1=CC=C(C=C1)N=CC2=CC=C(C=C2)OC,True,5.249221701346889,5.249221701346889,4.1492190257964925,5.199221080387588
CC1=C(C(=CC=C1)C)NC2=NCCCS2,False,,,4.860029658404407,
CCN\1C2=CC=CC=C2S/C1=C\C=C\C3=[N+](C4=CC=CC=C4S3)CC.[I-],True,,4.8212647142114955,4.921264134092662,5.221262847460818
CC1=CC=CC=C1S(=O)(=O)NC(=O)C2=CC(=C(C=C2)CC3=CN(C4=C3C=C(C=C4)NC(=O)OC5CCCC5)C)OC,True,,4.810029897405945,,4.810029897405945
CCN(C1=CC=CC(=C1)C2=CC=NC3=C(C=NN23)C#N)C(=O)C,False,,4.560029756289291,,
CC(C1=CC2=C(C=C1)SC3=CC=CC=C3C(=O)C2)C(=O)O,False,,4.510030276850633,,
COC1=C(C=CC(=C1)C2=NNC(=O)C=C2)OC(F)F,False,,,4.9100313379205005,
C1=CC2=C(C=C1Cl)N(C(=O)N(C2=O)CC3=C(C=C(C=C3)Br)F)CC(=O)O,False,4.223460072325203,4.779447722285225,4.498865393540615,
CCCN1CCC[C@H]2[C@H]1CC3=CN=C(N=C3C2)N,False,,,4.96003097313254,
CC1=CC=C(C=C1)C2=C(N3C=C(C=CC3=N2)C)CC(=O)N(C)C,False,4.760030197409634,,4.560029756289291,5.060031709448664
CN(C)CCOC1=CC2=CC=CC=C2SC3=C1C=C(C=C3)Cl,False,4.810029897405945,,5.410028070483141,4.810029897405945
C[C@]12CC[C@H]3[C@H]([C@@H]1CC[C@@H]2C(=O)NC(C)(C)C)CC[C@@H]4[C@@]3(C=CC(=O)N4)C,False,,5.603486818506478,,4.448864857638396
C1CN(CC=C1C2=CC=CC=C2)CCCCC3=CNC4=C3C=C(C=C4)C(=O)O,False,,,4.860029658404407,
CCCC[N+]1(CCCCC1)C.F[P-](F)(F)(F)(F)F,False,4.197803209322238,,,
C[N+](C)(CCOC1=CC=CC=C1)CC2=CC=CS2.[I-],False,,,6.910094888560602,
COC1=C(C=C2C(=C1)CC(C2=O)CC3CCN(CC3)CC4=CC=CC=C4)OC.Cl,False,,,4.810029897405945,
C[C@@H]1C[C@H]2[C@@H]3CCC4=CC(=O)C=C[C@@]4([C@]3([C@H](C[C@@]2([C@]1(C(=O)CO)O)C)O)F)C,False,4.142526380793322,4.392526747522998,4.2425265339902385,4.642526359492895
C1CCN(CC1)CCOC2=CC=C(C=C2)C(=O)O.Cl,False,4.660030100046487,,,
CC(=O)OCC(=O)[C@]1(CC[C@@H]2[C@@]1(CC(=O)[C@H]3[C@H]2CCC4=CC(=O)CC[C@]34C)C)O,False,,,5.010029874726081,
CC1=C(C(=O)C2=C(C1=O)N3C[C@H]4[C@@H]([C@@]3([C@@H]2COC(=O)N)OC)N4)N,False,4.510030276850633,,4.510030276850633,
CC(C)CN1C=NC2=C1C3=CC=CC=C3N=C2N,False,5.421269128047227,,5.271264855736746,
CC[N+](C)(CC)CCOC(=O)C(C1CCCCC1)(C2=CC=CC=C2)O.[Br-],False,,,6.060031709448664,4.860029658404407
CC(C)OC(=O)C(CC(=O)O)(CC(=O)O)O,False,4.198864633756791,4.448864857638396,,
C[C@]12CCC(=O)C=C1CC[C@@H]3[C@@H]2[C@H](C[C@]4([C@H]3CC[C@@H]4C(=O)CO)C)O,False,4.198333921539515,4.498865393540615,,4.44780282906488
C[C@]12CCC(=O)C=C1CC[C@@H]3[C@@H]2[C@H](C[C@]4([C@H]3CC[C@@]4(C(=O)CO)O)C)O,False,4.393928341359247,,,
C[C@]12C[C@@H]([C@H]3[C@H]([C@@H]1CC[C@@]2(C(=O)CO)O)CCC4=CC(=O)C=C[C@]34C)O,False,,4.204564232473447,,4.6053416077673415
C[C@]12CC[C@H]3[C@H]([C@@H]1C[C@H]([C@@H]2O)O)CCC4=C3C=CC(=C4)O,False,4.498865393540615,,,
C[C@]12CC[C@H]3[C@H]([C@@H]1CC[C@@H]2O)CCC4=C3C=CC(=C4)O,True,4.499219769767903,,4.899574309877995,
C1=CC(=C(C(=C1)Cl)C(=O)O)Cl,False,4.2067182190885,4.406718364578499,,
C1=CC(=C(C(=C1Cl)C(=O)O)Cl)Cl,False,,4.148864616843579,,
CCN(CC)C(=O)[C@H]1CN([C@@H]2CC3=CNC4=CC=CC(=C34)C2=C1)C,False,3.82030174531651,4.137204562628224,6.381742655159599,4.131713605419519
CCN(CC)CCOC(=O)C(C1=CC=CC=C1)C2=CC=CC=C2.Cl,False,4.810029897405945,,5.560036064079095,
C1=CC(=C(C(=C1)Cl)Cl)C(=O)O,False,4.2557645353606945,,4.448510966075284,
CO[C@H]1[C@@H](C[C@@H]2CN3CCC4=C([C@H]3C[C@@H]2[C@@H]1C(=O)OC)NC5=C4C=CC(=C5)OC)OC(=O)C6=CC(=C(C(=C6)OC)OC)OC,False,4.468104029444957,4.599574268221785,4.9100313379205005,5.502382926988547
CC1=CC=C(C=C1)N(CC2=NCCN2)C3=CC(=CC=C3)O,False,,,6.160019442321658,
CC(CCCCN1C(=O)C2=C(N=CN2C)N(C1=O)C)O,False,4.560029756289291,,,
C([C@H]([C@H]([C@@H]([C@H](CO)O)O)O)O)O,False,4.2172536988943055,,,
C1=CC(=C(C=C1Cl)C(=O)O)Cl,False,4.450994284340003,,,
CCCCOCCOCCOCC1=CC2=C(C=C1CCC)OCO2,False,6.251822498242699,6.351804590934602,5.451804042706429,7.1017766688029
CCN(CC)CCOC(=O)C1=CC=C(C=C1)N.Cl,False,,,4.6677328267351434,
C1=CC=C(C(=C1)N)O,False,4.704564857646853,4.454564222747602,4.454564222747602,4.154564582209627
C1=CC(=C(C=C1OC2=C(C=C(C=C2I)CC(=O)O)I)I)O,False,,4.448864857638396,,
CCC(=O)/C=C/C1=CC=C(C=C1)OC,True,4.698865786166042,4.448864857638396,,
C/C=C(/C(=C/C)/C1=CC=C(C=C1)OC(=O)C)\C2=CC=C(C=C2)OC(=O)C,False,,5.060031709448664,,
CC(C)NCC(C1=CC(=C(C=C1)O)O)O.Cl,False,4.301535450444405,4.426535562385207,4.576535661948567,4.3988649544426
C1=C(C=C(C=C1Cl)Cl)C(=O)O,False,,4.150638946525531,4.450638654031714,
CNC[C@@H](C1=CC(=C(C=C1)O)O)O.[C@@H]([C@H](C(=O)O)O)(C(=O)O)O,False,4.19815672930734,4.19815672930734,4.44815614382721,4.398157210217902
C1=CC(=C(C=C1C(=O)O)Cl)Cl,False,4.1485104968726825,,,
C1=C(C=C(C(=C1I)OC2=CC(=C(C(=C2)I)O)I)I)C[C@@H](C(=O)O)N,False,,4.602938560639883,,
CC(=O)NC1=CC=C(C=C1)OC,False,4.437648836909748,,4.686953654698602,
CC(=O)S[C@@H]1CC2=CC(=O)CC[C@@]2([C@@H]3[C@@H]1[C@@H]4CC[C@]5([C@]4(CC3)C)CCC(=O)O5)C,False,4.498865393540615,4.198864633756791,4.498865393540615,4.248864914695038
CC(=O)OCC(=O)[C@]1(CC[C@@H]2[C@@]1(C[C@@H]([C@H]3[C@H]2CCC4=CC(=O)C=C[C@]34C)O)C)O,False,,,,4.560029756289291
COP(=O)(OC)O/C(=C/Cl)/C1=CC(=C(C=C1Cl)Cl)Cl,False,5.524633941721076,4.524636848752338,4.474636395246061,
COP(=O)(C(C(Cl)(Cl)Cl)O)OC,False,4.321747595589485,,4.146747548731664,
C[C@]12CC[C@H]3[C@H]([C@@H]1CC[C@]2(C#C)O)CCC4=CCCC[C@H]34,False,4.504447420270879,5.004447314428692,4.223145605354553,4.529447574914952
CN(C)S(=O)(=O)C1=CC=C(C=C1)OP(=S)(OC)OC,False,4.448864857638396,6.404484335445135,4.479447567244515,5.1294476467269465
C[C@]12CC(=O)[C@H]3[C@H]([C@@H]1CC[C@@]2(C(=O)CO)O)CCC4=CC(=O)C=C[C@]34C,False,,4.14709628803906,,4.42298039963373
CCCCCCCCCOC(=O)C1=CC=C(C=C1)O,True,4.554922250215643,4.954923582652803,4.204922605196676,4.254922865108714
C[C@]12CC[C@H]3[C@H]([C@@H]1CCC2=O)CCC4=C3C=CC(=C4)O,False,4.702326241677077,5.256498074592899,4.760030197409634,
C[C@]12C[C@@H]([C@H]3[C@H]([C@@H]1CC[C@@]2(C(=O)CO)O)C[C@@H](C4=CC(=O)C=C[C@]34C)F)O,False,,,,4.860029658404407
C[C@]12CC[C@H](C[C@@H]1CC[C@@H]3[C@@H]2CC[C@]4([C@H]3CCC4=O)C)O,False,,4.198864633756791,,
C[C@]12CC[C@H]3[C@H]([C@@H]1CCC2=O)CC=C4[C@@]3(CC[C@@H](C4)O)C,False,,4.3988649544426,,4.448864857638396
CC[N+](C)(CC)CCOC(=O)C1C2=CC=CC=C2OC3=CC=CC=C13.[Br-],False,,,5.560036064079095,
CN(C)CCCN1C2=CC=CC=C2SC3=CC=CC=C31.Cl,False,5.240604146574757,,6.7599502278873524,
C1=CC=C2C(=C1)C=CC3=CC4=C(C=CC5=CC=CC=C54)C=C32,True,5.17836045997354,,,
COC1=C(C=C(C=C1)/C(=C/C(=O)N2CCOCC2)/C3=CC=C(C=C3)Cl)OC,False,,4.498865393540615,,5.498858544712217
CC(=O)NC1=CC2=C(C=C1)C3=CC=CC=C3C2,True,5.641817599520599,4.691826307060313,4.191826852192582,4.191826852192582
CCN(CC)CCNC(C1=CC=CC=C1)C(=O)OCCC(C)C,False,,,6.010016541698601,5.360025701545049
CC(C)CCCCCCOC(=O)C1=CC=CC=C1C(=O)OCCCCCCC(C)C,False,4.198864778228607,4.373864834803268,,5.148864004988426
CS(=O)(=O)C1=C(C=C(C=C1)[C@@H](CC2CCCC2)C(=O)NC3=NC=CN=C3)Cl,False,4.3988649544426,5.2488672255444015,4.3988649544426,6.048856839892448
CC[C@H]1[C@H](COC1=O)CC2=CN=CN2C,False,,,,4.96003097313254
CC(C)CCCCOC(=O)C1=CC=CC=C1C(=O)OCCCCC(C)C,False,4.747802544635124,4.747802544635124,,4.966954406156342
CCN(CC)N=O,False,4.146743606432599,,,
C1=CN=CC=C1C(=O)O,True,4.93695576643865,,,4.086956378860926
CCCN(CCC1=CC=CS1)[C@H]2CCC3=C(C2)C=CC=C3O,False,4.510030276850633,4.810029897405945,6.410050398674292,
CNCC(C1=CC(=C(C=C1)O)O)O.Cl,False,4.610029886099158,,4.760030197409634,
CNC1=CC=C(C=C1)O.CNC1=CC=C(C=C1)O.OS(=O)(=O)O,True,4.249574152086424,4.749572678182867,4.899574309877995,4.549573821877104
CC1=CC(=CC=C1)N=NC2=CC=C(C=C2)N(C)C,True,5.570109746409376,4.698865786166042,,
CN(CCCl)CCCl.Cl,False,,,4.168129905915137,
C(C(C(=O)O)N)S,False,4.760030197409634,,,
C(CN)CNCCCN,False,4.142176184363279,,4.192176214764559,4.142176184363279
CC(=O)OCC(=O)[C@H]1CC[C@@H]2[C@@]1(CC[C@H]3[C@H]2CCC4=CC(=O)CC[C@]34C)C,False,,5.310025555333226,4.760030197409634,
C1=CC=C2C(=C1)C=CC3=CC4=CC=CC=C4C=C32,True,6.047983787490759,4.598864942530007,4.447095844824859,
C1=CC(=CC=C1[C@H]([C@@H](CO)NC(=O)C(Cl)Cl)O)[N+](=O)[O-],False,4.448864857638396,4.498865393540615,4.448864857638396,
C[N+](C)(C)CC1=CC=CC=C1.[Cl-],False,4.304354180711538,4.200994607009435,4.799930321314423,
C1CC(N2C=NC=C2C1)C3=CC=C(C=C3)C#N.Cl,False,,4.646252982715277,4.896250996756337,6.046240308266771
C=CCN=C=S,False,4.189037996234846,4.38903763905291,,
CCCCCCCCCCCCCCCC[N+](C)(C)C.[Br-],False,4.098864931407043,,5.829454055799023,4.198864633756791
CN(C(=O)CCC1=NN(C(=C1)C2=CC=C(C=C2)Cl)C3=CC=C(C=C3)OC)O,False,,5.360025701545049,4.810029897405945,5.360025701545049
CN(C)N,False,4.448864857638396,,,
CC[C@@]1(C[C@@H]2C[C@@](C3=C(CCN(C2)C1)C4=CC=CC=C4N3)(C5=C(C=C6C(=C5)[C@]78CCN9[C@H]7[C@@](C=CC9)([C@H]([C@@]([C@@H]8N6C=O)(C(=O)OC)O)OC(=O)C)CC)OC)C(=O)OC)O,False,,,,4.96003097313254
C/C=C/C=C/COC(=O)C(C)C,False,4.448864857638396,4.3988649544426,,4.548864726812244
C[C@@]12CCN([C@@H]1N(C3=C2C=C(C=C3)OC(=O)NC)C)C,False,4.256118813664984,4.098864931407043,6.054450720239979,4.145992904260828
C([C@H]([C@H]([C@@H](C(=O)CO)O)O)O)O,False,4.396390174579963,,,
C([C@@H]1[C@H]([C@@H]([C@H]([C@H](O1)O[C@]2([C@H]([C@@H]([C@H](O2)CO)O)O)CO)O)O)O)O,False,4.498510766258819,,,
C[C@]12CC[C@H]3[C@H]([C@@H]1CC[C@]2(C#C)O)CCC4=C3C=CC(=C4)O,False,4.59158797271955,4.22528557401937,,4.901705926792491
C1C2C(C(C1Cl)Cl)C3(C(=C(C2(C3(Cl)Cl)Cl)Cl)Cl)Cl,False,4.498865393540615,4.599397028020289,,5.674393977166648
CC(=O)[C@H]1CC[C@@H]2[C@@]1(CC[C@H]3[C@H]2CCC4=CC(=O)CC[C@]34C)C,False,4.475107799821118,4.5751079055363775,4.600108056832111,
CCC(=O)O[C@H]1CC[C@@H]2[C@@]1(CC[C@H]3[C@H]2CCC4=CC(=O)CC[C@]34C)C,False,4.098864931407043,4.529447501831438,4.448864857638396,
C1=CC(=C(C=C1[N+](=O)[O-])[N+](=O)[O-])Cl,False,4.9203452131420935,4.170345760026498,4.170345752932922,
CC1=C2C=CC3=CC=CC=C3C2=C(C4=CC=CC=C14)C,True,6.025983910058619,4.625998885289432,,4.67599930710745
CN1CCC2=C3[C@H]1CC4=C(C3=CC=C2)C(=C(C=C4)O)O,False,4.810029897405945,4.810029897405945,4.510030276850633,
CC1=C(C(=O)N(N1C)C2=CC=CC=C2)N(C)C,False,4.420171189275585,,4.510030276850633,4.24147717967546
C[C@]12CCC(=O)C=C1CC[C@@H]3[C@@H]2CC[C@]4([C@H]3CC[C@]4(C)O)C,False,4.395145646922359,4.477587929895851,4.4951459856200575,
C[C@]12CC[C@H]3[C@H]([C@@H]1CC[C@@H]2O)CCC4=CC(=O)CC[C@]34C,False,,4.401706426537025,,
CC(CN1C2=CC=CC=C2SC3=CC=CC=C31)N(C)C.Cl,False,5.6715721651633935,4.350143776138877,5.871567486185352,
C1CN(CCC1C2=CN(C3=C2C=C(C=C3)Cl)C4=CC=C(C=C4)F)CCN5CCNC5=O,False,,,5.310025555333226,
COC1=C(C=C(C=C1)C2=CC3=C(C=C2)C=C(C=C3)C(=O)O)C45CC6CC(C4)CC(C6)C5,False,,,4.6346252833964705,
CCCCCN(CCCOC)C(=O)C(CCC(=O)O)NC(=O)C1=CC(=C(C=C1)Cl)Cl,False,4.560029756289291,5.010029874726081,,
CC1=NC=C(C(=C1O)CO)CO.Cl,False,4.28952129646963,,4.448864857638396,
CC1(CCCC(N1C)(C)C)C.[C@H]([C@@H](C(=O)O)O)(C(=O)O)O,False,,,5.26003230324049,
CCN[C@@H]1C[C@@H]([C@H]([C@@H]([C@H]1O[C@@H]2[C@@H]([C@H]([C@@](CO2)(C)O)NC)O)O)OC3C(CC=C(O3)CN)N)N.CCN[C@@H]1C[C@@H]([C@H]([C@@H]([C@H]1O[C@@H]2[C@@H]([C@H]([C@@](CO2)(C)O)NC)O)O)OC3C(CC=C(O3)CN)N)N.OS(=O)(=O)O.OS(=O)(=O)O.OS(=O)(=O)O.OS(=O)(=O)O.OS(=O)(=O)O,False,,,6.860120913598763,
CC1=C(SC=C1)/C=C/C2=NCCCN2C.[C@@H]([C@@H](C(=O)O)O)(C(=O)O)O,False,4.810029897405945,,5.560036064079095,
CC1=C(C=CC=C1NC2=C(C=CC=N2)C(=O)O)C(F)(F)F.CNC[C@@H]([C@H]([C@H]([C@@H](CO)O)O)O)O,True,4.410030303250599,4.510030276850633,,
COC1=C(C=C(C=C1)S(=O)(=O)N2[C@@H]([C@@](C3=C2C=CC(=C3)Cl)(C4=CC=CC=C4Cl)O)C(=O)N5CCC[C@@H]5C(=O)N)OC,False,,4.510030276850633,,6.26003230324049
C1C2=C(C=CC(=C2Cl)Cl)NC3=NC(=CN31)O.Cl,False,5.551834953444309,,4.871264800032603,
C[C@H]1[C@@H]2CC3=C([C@]1(CCN2C)C)C=C(C=C3)O.C[C@H]1[C@@H]2CC3=C([C@]1(CCN2C)C)C=C(C=C3)O.C(=C/C(=O)O)\C(=O)O,False,,,4.419427390316023,
CCC(=O)N(C1CCN(CC1)CC2=CC=CC=C2)C3=CC=CC=C3.Cl,False,,,5.73745399288707,
CCC1=CC(=C(C=C1OC)C[C@H](C)N)OC.Cl,False,4.930561318509036,,5.280560981565142,4.599710743474336
CCC(=O)N(C1CCN(CC1)CC(C2=CC=CC=C2)O)C3=CC=CC=C3.Cl,False,,,5.849212869034636,
CCC(=O)N(C1CCN(CC1)C(C)CC2=CC=CS2)C3=CC=CC=C3.Cl,False,,,6.592269271973665,
CCC(=O)N(C1CCN(CC1)CCC2=CC=CS2)C3=CC=CC=C3.Cl,False,,,6.146666894997665,
CC1=CC(=C(C=C1OC)C[C@@H](C)N)OC.Cl,False,4.319491347311238,,4.369490765948529,
CC(CC1=CC2=C(C=C1)OCO2)NO.Cl,False,5.163745528934016,4.41374247927296,4.41374247927296,5.3137392092238045
CCN[C@@H](C)CC1=CC=CC=C1.Cl,False,,,5.202137184297327,
C[C@H](CC1=CC(=C(C=C1OC)Br)OC)N.Cl,False,4.537127532580224,,4.9871290449944805,
CCN(CC)CCC1=CNC2=CC=CC=C21.CCN(CC)CCC1=CNC2=CC=CC=C21.C(=C/C(=O)O)\C(=O)O,False,4.328772526660476,,5.27877488190383,
CN(C)CCC1=CNC2=CC=CC=C21.C(=C/C(=O)O)\C(=O)O,False,,,4.4020636063582606,
C[C@@H]1CN(CCN1[C@H](COC)C2=CC=C(C=C2)C(F)(F)F)C3(CCN(CC3)C(=O)C4=C(N=CN=C4C)C)C.C(=C\C(=O)O)\C(=O)O,False,,,4.760030197409634,5.26003230324049
CCN(CC)C(=O)C1=CC(=C(C=C1N(CC)CCN(C)C)N2CCC(CC2)C3=CC=CC=C3)S(=O)(=O)CC4=CC=CC=C4.C(=O)(C(F)(F)F)O,False,,4.5508866232457414,5.053759038223463,6.634512015109101
C1[C@@H](C2=C(CN1)C(=C(C=C2)O)O)C3=CC(=C(C=C3)O)O.Cl,False,,4.860029658404407,4.760030197409634,
CN(C)CC[C@@H](C1=CC=C(C=C1)Cl)C2=CC=CC=N2.Cl,False,,,4.860029658404407,
C1C[C@@H](CN(C1)CCC2=CC3=C(C=C2)OCO3)OC(C4=CC=CC=C4)C5=CC=CC=C5.C(=C/C(=O)O)\C(=O)O,False,4.460029874171644,4.760030197409634,5.610036963564112,5.410028070483141
CC1C=C[C-]=C1.[C-]#[O+].[C-]#[O+].[C-]#[O+].[Mn],False,4.400438862617817,,,
CCCC[P+](CC)(CCCC)CCCC.CCOP(=O)([O-])OCC,False,,,7.195179321278838,
CCCCCCCCCCCCCCCCN1C=C[N+](=C1)C.C(F)(F)(F)S(=O)(=O)[N-]S(=O)(=O)C(F)(F)F,False,4.147449866149007,4.997449509344714,6.447453452044339,4.447449801503656
CCCCCCCCN1CN(C=C1)C.Br,True,4.454564222747602,4.404564407270476,4.454564222747602,
CCCCCCCCCCCCCCN1C=C[N+](=C1)C.C(F)(F)(F)S(=O)(=O)[N-]S(=O)(=O)C(F)(F)F,False,4.44780282906488,4.997803689930005,5.897806491960257,4.397803227452149
CCCCCCCCCCCCCCN1C=C[N+](=C1)C.F[P-](F)(F)(F)(F)F,False,,4.1492190257964925,,
CCCC[N+]1(CCCCC1)C.[I-],False,,,4.40028391242597,
[B-](F)(F)(F)F.CCCC[N+]1=CC=CC=C1C,False,,,4.270318982290194,
CCCCCCCCCCCCCC[P+](CCCC)(CCCC)CCCC.CCCCCCCCCCCCC1=CC=CC=C1S(=O)(=O)[O-],False,,4.746037176626294,6.695940533782401,
CN1[C@@H]2CC[C@H]1CC(C2)OC(=O)C(CO)C3=CC=CC=C3.CN1[C@@H]2CC[C@H]1CC(C2)OC(=O)C(CO)C3=CC=CC=C3.OS(=O)(=O)O,False,4.146390602618825,4.446391223485836,4.446391223485836,
CC(C)C1=C(C(=CC=C1)C(C)C)NC(=O)[N-]S(=O)(=O)C2=CC(=CO2)C(C)(C)O.[Na+],False,4.448864857638396,4.498865393540615,,
CCN(C(C)C)C(=O)C1=CC(=CC(=C1)C)OC[C@H](C)NC2=CC=NC=C2.CC1=CC=C(C=C1)S(=O)(=O)O,False,,5.253607142820176,4.653607901682671,6.103584023526877
CCCCC1=NC2=C(C=C1)[C@@H]([C@H]([C@@H]2C3=C(C=C(C=C3)OC)C[C@H](C)C(=O)[O-])C(=O)[O-])C4=CC5=C(C=C4)OCO5.[Na+].[Na+],False,,4.448864857638396,4.148864616843579,
CN(C)C(=O)NC1(CCN(CC1)CC[C@]2(CN(CCO2)C(=O)C3=CC=CC=C3)C4=CC(=C(C=C4)F)F)C5=CC=CC=C5.Cl,False,,4.231013567100191,4.531013515955719,6.031003673351687
COC1=CC=CC(=C1)C2=C(C=C(C=C2)/C=C\CN3CCCCCC3)Cl.Cl,False,4.250986048280642,4.450986923520547,5.6009842743512355,
C1CN2CCC1[C@@H](C2)[C@@H](C3=CC=CC=C3)NC(=O)C4=C(C=CC(=C4Cl)C(F)(F)F)Cl.Cl,False,,,5.642179456061636,5.342179543984303
CC1=CC(=C2C(=C1)C=C(N2CC(=O)O)C(=O)NC3=NC(=C(S3)CCC4CCCCC4)C5=CC(=C(C=C5OC)Cl)OC)C.C(=O)(C(F)(F)F)O,False,,4.336634581255535,,
CCOC(=O)O[C@H](C)OC(=O)C1=CC2=C(C=C1)N(C(=C2)C(=O)NC3CCN(CC3)C(C)C)CC4=NOC(=C4)C5=CC=C(S5)Cl.Cl,False,,4.478382102906464,4.478382102906464,5.228383126239852
CCN(CC1=CN=CC=C1)C(=O)C2=C(C(=CC=C2)Cl)[C@]3(C4=C(C=CC(=C4)Cl)N(C3=O)CC5=C(C=C(C=C5)OC)OC)C.Cl,False,,5.678380859752725,4.728381404028667,6.878440155812499
CC(=O)NC1(CCN(CC1)CC[C@]2(CN(C(=O)CO2)C3=CC=CC=C3)C4=CC(=C(C=C4)Cl)Cl)C5=CC(=CC=C5)F.C(CC(=O)O)C(=O)O,False,,5.04765321577583,4.547650727667891,
CC(C)[C@@]1(CC[C@H](C1)[NH2+][C@H]2CCOC[C@H]2OC)C(=O)N3CCC4=C(C3)C=C(C=N4)C(F)(F)F.C(CC(=O)[O-])C(=O)O,False,,,4.450638654031714,4.447766904526692
CCOC1=CC=CC(=C1)C2(CCC(CC2)C)N3CCN(CC3)C4=CC=CC=C4.CS(=O)(=O)O,False,4.898864942667959,4.098864931407043,,
CC1=CC(=O)OC2=C1C=CC(=C2)O.O,False,4.598864942530007,4.448864857638396,,
CC1=C(C=CC(=C1)C(=C2C=CC(=NC3=C(C=C(C=C3)S(=O)(=O)[O-])S(=O)(=O)O)C=C2)C4=CC=C(C=C4)NC5=CC=C(C=C5)S(=O)(=O)[O-])N.[Na+].[Na+],True,,,4.534594839476541,
CCCCOC(CC)OC(C)COC(CC)O,False,4.548864726812244,,,
C1=C2C=C(C=C(C2=C(C=C1S(=O)(=O)[O-])N)O)S(=O)(=O)O.O.[Na+],True,4.3988649544426,4.448864857638396,4.448864857638396,
C1[C@@H]2C=C[C@@H]1[C@H]3[C@@H]2[C@]4(C(=C([C@@]3(C4(Cl)Cl)Cl)Cl)Cl)Cl,False,,4.498865393540615,,5.998872299722965
COCCCCCCCCOCCC[Si](C)(O[Si](C)(C)C)O[Si](C)(C)C,False,4.148864616843579,4.448864857638396,,5.4488672992713925
CCCCC1=CC2=C(C=CC=C2S(=O)(=O)[O-])C=C1.[Na+],False,,4.428757149439776,,
CCOC(=O)/C=C(/O)\C.CCOC(=O)/C=C(/O)\C.CC(O)C.CC(O)C.[Ti],False,,,4.448864857638396,
CCC(C)(CCC(C)C)C(=O)O[Sn](C)(C)OC(=O)C(C)(CC)CCC(C)C,False,4.148864616843579,4.598864942530007,,
CC(C)CC(C)CC(C)CC(C)COC(=O)C1=CC=CC=C1C(=O)OCC(C)CC(C)CC(C)CC(C)C,False,4.288267408559696,4.231013567100191,4.149569434236665,4.281013633354821
CC(C)C1=CC2=C(C=C1)C(=CC(=C2S(=O)(=O)[O-])C(C)C)C(C)C.[Na+],False,,4.484193689034378,,
CCC(C)(CCC(C)C)C(=O)[O-].CCC(C)(CCC(C)C)C(=O)[O-].[Zn+2],True,4.223145605354553,4.698865786166042,,
CCCCCC(CC)OC(=O)CCCOC1=C(C=C(C=C1)Cl)Cl,False,4.54992803370822,4.8999294284560735,,
CC(C)(CNC1=NC=C2C(=CC(=O)N(C2=N1)C)OC3=C(C=C(C=C3)F)F)O.Cl,False,4.598864942530007,4.448864857638396,4.448864857638396,
CC1=CC(=C(C=C1)C(=O)[N-]S(=O)(=O)/C=C/C2=CC=C(C=C2)OC)Cl.[Na+],True,,4.748865707419434,,
C1CCCN(CC1)CC2=CC=C(S2)C3=NC(=NO3)CCN4C(=O)C5=CC=CC=C5C4=O.C(=C/C(=O)O)\C(=O)O,False,4.210915555308542,4.736633822181942,5.036632508707282,6.317133204337676
CC1=C(C=CC(=C1)F)C2=CC(=NC=C2N(C)C(=O)C(C)(C)C3=CC(=CC(=C3)C(F)(F)F)C(F)(F)F)N4CC[C@H]([C@H]4CO)O,False,,4.805416287542846,4.505416890853517,5.505414109668973
CC(=O)OCC1=C(N2[C@@H]([C@@H](C2=O)NC(=O)CC3=CC=CS3)SC1)C(=O)O,False,,4.760030197409634,,
C1=CC=C(C=C1)C=C(C2=CC=CC=C2)C3=CC=CC=C3,False,4.448864857638396,5.298863933907473,,
C1=C(C(=C(C(=C1Cl)Cl)Cl)O)Cl,False,4.20333140723724,4.503331595281081,,
CCOC1=C(C=CC(=C1)NC(=O)C)C(=O)OC,False,5.410028070483141,,,
C1[C@@H]([C@H](O[C@H]1N2C=C(C(=O)NC2=O)Br)CO)O,False,4.391827107938261,,,
CC(=O)/C=C/C1=CC2=C(C=C1)OCO2,True,6.596364810209452,5.096389172071871,4.496390424185959,5.296390542434231
CC(=C)C1=CC(=CC=C1)C(C)(C)N=C=O,False,4.3988649544426,4.798865170407076,4.3988649544426,5.2488672255444015
C1=CC=C2C(=C1)NC(=O)O2,False,4.347802991461218,,4.397803227452149,
C1CN=C(N1)CC2=CC=CC=C2.Cl,False,,,5.060031709448664,
C(CN(CC(=O)O)CC(=O)O)N(CC(=O)O)CC(=O)O,False,5.647238808276169,5.597240110099772,,5.647238808276169
CC(C1=CC2=CC=CC=C2S1)N(C(=O)N)O,False,4.9947329929183795,4.198864633756791,4.148864616843579,4.804448562043271
CCCC(=O)OCC(COC(=O)CCC)OC(=O)CCC,False,4.548864726812244,5.2488672255444015,,
C1=CC=C(C=C1)N=NC2=CC=C(C=C2)N,True,5.498858544712217,5.098863295458348,4.3988649544426,5.048866560110487
CC(CC1=CC=CC=C1)(C2=CC=CC=C2)NC(=O)CN.Cl,False,4.810029897405945,4.660030100046487,4.860029658404407,5.8600265120155415
CN(C)C1=CC=C(C=C1)N=NC2=CC=CC=C2,True,5.498160530961054,4.948157015931995,4.44815614382721,
C1=CC=C(C=C1)CCO,False,4.510030276850633,,4.287452150687937,
CCC1=CN=C(C=C1)CCOC2=CC=C(C=C2)CC3C(=O)NC(=O)S3.Cl,True,4.123145622374953,4.45444736590502,,4.3988649544426
CC(=O)SC[C@@H](CC1=CC=CC=C1)C(=O)NCC(=O)OCC2=CC=CC=C2,False,4.810029897405945,5.460033632003287,5.910024277312271,5.26003230324049
CC(=O)OCC[N+](C)(C)C.[Cl-],False,4.560029756289291,,,
COC1=CC=C(C=C1)/C=C/C(=O)C2=C(C=C(C=C2)OC)OC,True,5.310025555333226,5.160031997995545,4.510030276850633,5.160031997995545
CC(C)[C@H]1C2=C(CC[C@@]1(CCN(C)CCCC3=NC4=CC=CC=C4N3)OC(=O)COC)C=C(C=C2)F.Cl.Cl,False,,,,6.96018944585165
C1CN(CCC1CC2=CC=C(C=C2)F)CC(C3=CC=C(C=C3)Cl)O,False,,,6.910094888560602,
C1=CSC(=C1)C(=O)C2=C(N(C3=C2C=C(C=C3)Cl)C(=O)N)O,True,4.810029897405945,4.9100313379205005,,4.760030197409634
CC(CN1CCN(CCN(CCN(CC1)CC(=O)[O-])CC(=O)[O-])CC(=O)[O-])O.[Gd+3],False,,5.010029874726081,,
C1CC2=NC1=C(C3=CC=C(N3)C(=C4C=CC(=N4)C(=C5C=CC(=C2C6=CC(=CC=C6)O)N5)C7=CC(=CC=C7)O)C8=CC(=CC=C8)O)C9=CC(=CC=C9)O,False,,4.860029658404407,4.460029874171644,4.810029897405945
CC1=C(N=CN1)CN2CCC3=C(C2=O)C4=CC=CC=C4N3C.Cl,False,6.060031709448664,5.810032701648728,5.010029874726081,4.96003097313254
CN([C@H]1CC[C@@]2(CCCO2)C[C@@H]1N3CCCC3)C(=O)CC4=C5C=COC5=CC=C4,False,4.30863246306598,4.501377968876499,6.751291264399082,4.651377808963191
C1CN(CCN1CCCN2C3=CC=CC4=C3C(=CC=C4)S2(=O)=O)C5=CC=C(C=C5)F,False,4.810029897405945,,4.460029874171644,
C1CC(=O)NC2=C1C=CC(=C2)OCCCCN3CCN(CC3)C4=C(C(=CC=C4)Cl)Cl,False,,4.760030197409634,5.310025555333226,
C1CN(CCN1CCCC(=O)NC2C3=CC=CC=C3CSC4=CC=CC=C24)C5=CC=C(C=C5)F,False,,5.110031956768376,4.9100313379205005,5.160031997995545
CC(C1=CC=C(C=C1)O)C2=CC=C(C=C2)O,True,4.426884611045549,4.462874743170078,4.334138637191515,4.207168269928628
CC(C)C1=C(C(=C(N1CC[C@H](C[C@H](CC(=O)[O-])O)O)C2=CC=C(C=C2)F)C3=CC=CC=C3)C(=O)NC4=CC=CC=C4.CC(C)C1=C(C(=C(N1CC[C@H](C[C@H](CC(=O)[O-])O)O)C2=CC=C(C=C2)F)C3=CC=CC=C3)C(=O)NC4=CC=CC=C4.[Ca+2],False,,4.4648920460593455,,4.862461230464995
CC(C)C1=C(C(=C(N1CC[C@H](C[C@H](CC(=O)O)O)O)C2=CC=C(C=C2)F)C3=CC=CC=C3)C(=O)NC4=CC=CC=C4,False,,4.42838199530115,,4.628381764250478
C1=NC(=C2C(=N1)N(C=N2)[C@H]3[C@@H]([C@@H]([C@H](O3)COP(=O)(O)O)O)O)N,False,4.660030100046487,,,
CNCC[C@@H](C1=CC=CS1)OC2=CC=CC3=CC=CC=C32.Cl,False,5.560036064079095,,5.8600265120155415,5.660032085297399
CCC1=CC(=CC=C1)N(C)C(=NC2=CC=CC3=CC=CC=C32)N.Cl,False,,,6.860120913598763,
COC1=C(C=C(C=C1)CC2=NC=CC3=CC(=C(C=C32)OC)OC)OC.Cl,False,,4.810029897405945,4.760030197409634,5.410028070483141
C1CN(CCN1CCC2=C(C=C3C(=C2)CC(=O)N3)Cl)C4=NSC5=CC=CC=C54,False,,4.560029756289291,,4.810029897405945
CN(C)CCC1=CNC2=C1C=C(C=C2)C[C@H]3COC(=O)N3,False,,,4.560029756289291,
CC1=C(N=C(O1)C2=CC=CC=C2)CCC(=O)C3=CC=C(C=C3)CC4C(=O)NC(=O)S4,False,,5.110031956768376,,4.760030197409634
CC(C)(C)C(=O)OCOP(=O)(COCCN1C=NC2=C(N=CN=C21)N)OCOC(=O)C(C)(C)C,False,,,,6.26003230324049
CNS(=O)(=O)CCC1=CC2=C(C=C1)NC=C2C3CCN(CC3)C.Cl,False,,,4.560029756289291,
C[C@H]1C[C@@H](C2=C(S1(=O)=O)SC=C2)O,False,4.760030197409634,,,
CC(C)(C)NC(=O)[C@@H]1C[C@@H]2CCCC[C@@H]2CN1C[C@H]([C@H](CC3=CC=CC=C3)NC(=O)[C@H](CC(=O)N)NC(=O)C4=NC5=CC=CC=C5C=C4)O.CS(=O)(=O)O,False,4.493227167601539,4.443227268206493,4.493227167601539,5.543224161992789
C([C@@H](C(=O)O)N)S.Cl,False,,,4.392526747522998,
C1=CC=C(C=C1)NN.Cl,False,4.499574145995192,4.4495735070633335,4.499219769767903,4.949573838971319
C(C(Br)(Br)Br)(Br)Br,True,4.4960378112983825,4.696037581624225,4.303292036248479,
CC1CN1P(=O)(N2CC2C)N3CC3C,False,,,4.248864914695038,
CC(=O)OC1(CCN(CC1)CCC2=CC=CC=C2)C3=CC=CC=C3,False,,,6.288361461767651,
CN(C)C1=CC2=C(C=C1)N=C3C=CC(=[N+](C)C)C=C3S2.[Cl-],True,5.654446563357775,5.054446585092215,4.9794463970674006,4.779448124519263
C1=CC=C(C=C1)CC(=O)OCC2=CC=CC=C2,True,4.995687226193237,4.445686531595555,4.195686066796907,
C1=CC=C(C=C1)NNC(=O)N,False,,4.930156020801064,4.150283991273487,
CC(C)C(=O)OCCOC1=CC=CC=C1,False,4.498865393540615,4.3988649544426,,
CC(=O)CCC1=CC=C(C=C1)OC,False,4.7044475542638295,4.298864798175959,,
CC1=CC=C(C=C1)S(=O)(=O)O,False,,,4.49815642831505,
CCN(CC)CCOC(=O)C(=C)C,False,4.40028391242597,,,
C1CCCCCC(=O)OCCOC(=O)CCCCC1,False,4.448864857638396,4.498865393540615,,4.448864857638396
CC(CCC=C(C)C)C=O,False,,,,4.598864942530007
CC(C)(C)CC(C)(C)N,False,4.2669038947419295,,,
CC(=CC=O)C,False,4.420593717711893,,,
CCCCOC(=O)CCCCCCCCC=C,False,4.145992904260828,,,
C1=CC2=C(C=C1Cl)N=C(O2)N,False,4.760030197409634,,,
CCCCCCCCCC(C)C=O,True,4.098864931407043,4.148864616843579,,
CCCCC(CC)(CO)CO,False,,4.348864512263225,,
CC(=CCCC(C)(C=C)OC=O)C,False,4.148864616843579,4.448864857638396,,4.6293647995946845
CC1=C(C(CC=C1)(C)C)C=O,False,,,,4.510951821918695
CC1=C(C=CC=C1Cl)NC2=CC=CC=C2C(=O)O,False,,4.760030197409634,,
CCOC1=CC=C(C=C1)NC(=O)CC(=O)C,False,4.498865393540615,,4.448864857638396,
COC1=CC=C(C=C1)COC=O,False,4.198864633756791,,,
C1COCCN1CCCN,False,,,4.449219037810705,
CC(C)CC(C)CC(CC(C)C)O,False,4.3988649544426,,,
C(COC(=O)CS)OC(=O)CS,False,4.3988649544426,4.248864914695038,,4.548864726812244
C1=CC2=C(C(=C1)O)N=CC=C2.C(C(=O)O)C(CC(=O)O)(C(=O)O)O,False,4.494791667279687,,,
CCC(=O)OC(C)(CCC=C(C)C)C=C,False,4.448864857638396,4.498865393540615,,4.3988649544426
C1=CC=C(C=C1)CCNN.OS(=O)(=O)O,True,4.678739977355914,4.678739977355914,5.253738828783625,5.20373956003596
CC1=CC=CC=C1OCC2=CC=CC=C2/C(=N\OC)/C(=O)OC,False,4.698865786166042,4.748865707419434,,
CC1=C(C(CCC1)(C)C)CC=O,False,,4.348864512263225,,4.598864942530007
CCOS(=O)(=O)C,False,,,4.390430133908275,
CC(C[N+](C)(C)C)OC(=O)C.[Cl-],False,4.510030276850633,,,
C(=O)(C(Cl)(Cl)Cl)N,False,4.197096347764532,,,
C1=CC=C(C=C1)N,False,4.409964441435572,,,
COC1=CC=CC=C1C(=O)OC,False,4.498865393540615,,,
CCC(CO)(COCC=C)COCC=C,False,4.548864726812244,4.498865393540615,,4.448864857638396
CC(C(=O)O)O,False,4.760030197409634,,4.504206399466486,
CCCCCCC1CCCC(=O)O1,False,4.3988649544426,4.598864942530007,4.448864857638396,
C1=CC=C2C(=C1)N=C(S2)Br,True,4.7245734882035615,,,
CC(C)(C)OC=O,False,4.382130890422502,,,
COC(=O)C1=CC2=C(C=C1)C=C(C=C2)C(=O)OC,False,5.4877960476075245,,,
CC(C(CO)C(C)O)O,False,4.493577504918692,,,
CCC(C)(C)OC,False,4.400638831248489,,4.4468229721438055,
CC(COC(=O)C=C)O,False,4.384882530248055,,,
C/C(=N\NC(=O)NC1=CC(=CC(=C1)F)F)/C2=C(C=CC=N2)C(=O)O,False,4.448864857638396,4.948862919408721,,
CCCCCCCCOC(=O)C1=CC(=C(C(=C1)O)O)O,False,4.148864616843579,5.39886386639293,4.898864942667959,4.448864857638396
C[N+]1(CCC(=C(C2=CC=CC=C2)C3=CC=CC=C3)CC1)C.COS(=O)(=O)[O-],False,,,4.9100313379205005,
C[C@]12CCC(=O)C=C1CC[C@@H]3[C@@H]2CC[C@]4([C@H]3CCC4=O)C,False,,4.252431876940735,,
CCCCNS(=O)(=O)C1=CC=C(C=C1)C,False,4.448864857638396,4.498865393540615,,4.3988649544426
CCCCC(CC)COC(=O)COC1=C(C=C(C=C1)Cl)Cl,False,4.641476968171192,4.541476970953398,4.24147717967546,4.246966859300306
CNC(=O)OC1=CC=CC2=CC=CC=C21,False,5.300821646371931,4.452776817261226,4.352776496096736,4.202776791331158
C1=CC=C2C(=C1)C=C(O2)C=O,False,4.448864857638396,,,
CC(C)(CCl)C(=O)Cl,False,,,4.3988649544426,
CC(CCCN)NC1=C2C(=CC(=C1)OC)C=CC=N2.OP(=O)(O)O.OP(=O)(O)O,False,6.360015751958412,4.510030276850633,5.160031997995545,4.810029897405945
CN(C)CCN(CC1=CC=C(C=C1)OC)C2=NC=CC=N2.Cl,False,4.810029897405945,,6.160019442321658,
CCCCCC(=O)OCCC1=CC=CC=C1,True,4.3988649544426,,,
CCCCCCCCC(=O)OCC=C,False,4.395333393952827,,4.195333870479099,
CCC(=O)OCC1=CC=C(C=C1)OC,False,4.387840492950692,4.187840966029038,,
CC(C)C1=CC(=CC=C1)OC(=O)NC,False,4.348864512263225,4.098864931407043,,
COC1=CC(=CC(=C1OC)OC)/C=C/C(=O)N,False,4.760030197409634,,,
CCN(CC)C1CCCCC1,False,4.148864616843579,,,
CCCCCCCCCCCCSCCOCCO,False,4.810029897405945,4.610029886099158,,
CC(=O)C1=C2CCC(C2=CC(=C1)C(C)(C)C)(C)C,False,4.498865393540615,4.498865393540615,,
C1CCC(C1)C2=C(C=CC(=C2)Cl)O,False,4.648864911118024,4.498865393540615,,
CCOC(=O)C1=C(N(C2=C1C=C(C=C2)O)C)C,False,6.26003230324049,4.9100313379205005,4.810029897405945,5.26003230324049
CCOS(=O)(=O)OCC,False,4.19815672930734,4.095284725141379,4.14815666541292,4.848155351908032
C[C@]12CC[C@H]3[C@H]([C@@H]1CC[C@@H]2C(=O)CO)CCC4=CC(=O)CC[C@]34C,False,4.454447307290945,4.479447355365945,,
CC(=O)SCC1=CC=CO1,False,,,,4.4293648407053805
CC(=O)N[C@H]1CCC2=CC(=C(C(=C2C3=CC=C(C(=O)C=C13)OC)OC)OC)OC,False,4.2038483729786975,4.453848624531033,,
[O-]S(=O)(=O)SSS(=O)(=O)[O-].[K+].[K+],False,4.3988649544426,4.148864616843579,,
C1CC(CCC1COCC2CO2)COCC3CO3,False,4.3988649544426,4.198864633756791,,
CC(C)NC1=C2C(=C(C=C1)NC(C)C)C(=O)C3=CC=CC=C3C2=O,True,5.631620128376198,5.381627611648289,,5.531623126750383
CCCCOC(=O)C(C)CC,False,4.473145949387726,,,
CC1(C(=O)N(C(=O)N1Br)Cl)C,False,,4.148864616843579,,4.248864914695038
CCCCC(CC)COC(=O)OOC(C)(C)C,False,4.3988649544426,,,
C1=CN=C(C=N1)CCS,False,4.448864857638396,4.448864857638396,,
C(CC(CBr)(C#N)Br)C#N,True,4.798865170407076,5.048866560110487,,
CC1CCC2(O1)C(=CCCC2(C)C)C,False,,4.2805638816772555,,4.148864616843579
C[C@H]1C[C@@H](C(=O)[C@@H](C1)[C@@H](CC2CC(=O)NC(=O)C2)O)C,False,4.3988649544426,,,
CC/C(=N/O[Si](O/N=C(\CC)/C)(O/N=C(/CC)\C)C)/C,False,4.281463851274282,4.24287662971454,4.192876461273064,4.892874861777717
CC1CCC(C(=O)C1)C(C)(C)S,False,,4.3988649544426,,4.3988649544426
CCCCNC(=O)OCC#CI,False,5.424930302183571,5.374931276383245,4.4499295709892,5.249932829419991
CC(=O)CCC1=CC2=C(C=C1)OCO2,False,6.148864004988426,4.648864911118024,4.3988649544426,4.648864911118024
CC1(CSC(CS1)(C)O)O,False,4.148864616843579,4.148864616843579,,
CCN1C2=C(C=C(C=C2)N)C3=CC=CC=C31.Cl,False,5.853128096914261,4.903135155966889,5.95311480916229,5.153131171825762
C[C@]12C[C@@H]([C@]3([C@H]([C@@H]1C[C@@H]4[C@]2(OC(O4)(C)C)C(=O)CO)C[C@@H](C5=CC(=O)C=C[C@@]53C)F)F)O,False,4.448864857638396,4.3988649544426,,5.054446928324591
C1=CC(=C(C=C1[N+](=O)[O-])OCCO)NCCO,False,4.6981564646377985,,,
CC(=O)OCC(=O)[C@]1([C@@H](C[C@@H]2[C@@]1(C[C@@H]([C@]3([C@H]2CCC4=CC(=O)C=C[C@@]43C)F)O)C)OC(=O)C)O,False,,,,4.760030197409634
CCN(CC1=C(C=CC=C1Cl)F)C2=C(C=C(C=C2[N+](=O)[O-])C(F)(F)F)[N+](=O)[O-],False,,5.148864004988426,,6.398918272215977
C1=CC=C2C=C(C=CC2=C1)OC(=O)C3=CC=CC=C3N,True,4.848866210191896,4.698865786166042,4.148864616843579,
CCCCCCCCCC[N+](C)(CCCCCCCCCC)CCC[Si](OC)(OC)OC.[Cl-],True,4.498865393540615,4.3988649544426,5.498858544712217,4.548864726812244
CCOC(=O)C(C)OC(=O)C1=C(C=CC(=C1)OC2=C(C=C(C=C2)C(F)(F)F)Cl)[N+](=O)[O-],False,4.200994607009435,5.124929627038329,4.699929944191219,
C[C@]12CC[C@H]3[C@H]([C@@H]1CC[C@]2(C#C)O)CCC4=CC(=O)CC[C@H]34,False,,4.779447722285225,4.3988649544426,4.629447398608591
CCC(=O)N(C1CCN(CC1)CCC2=CC=CC=C2)C3=CC=C(C=C3)F,False,,,6.394371777992381,
CC1COC2=CC=CC=C2N1C(=O)C(Cl)Cl,False,4.299574077913848,4.899396423026728,4.199573693981921,
COC1=C(C=CC(=C1)C2=CC(=C(C=C2)N)OC)N.Cl.Cl,True,5.933102538530183,4.983093570210844,4.433094277220052,5.708104811707305
CCC(=O)OC(C)(C)C1CCC(=CC1)C,False,,,4.3988649544426,
CC1=C(C(=C(C(=C1[N+](=O)[O-])C(C)(C)C)[N+](=O)[O-])C)[N+](=O)[O-],False,5.2488672255444015,,,
C1=CC(=CC=C1C(Cl)(Cl)Cl)C(Cl)(Cl)Cl,False,5.303137084234035,4.4531342034847095,4.2531339279269655,
CC1=CC=CC=C1N=NC2=CC(=C(C=C2)N=NC3=C(C=CC4=CC=CC=C43)O)C,False,4.860029658404407,4.860029658404407,,
C12C(NC(=O)N1)NC(=O)N2,False,4.448864857638396,,,
CSCCCN=C=S,False,,4.3988649544426,,
CCN(CC)C1=CC2=C(C=C1)C3(C4=C(O2)C=C(C=C4)N(CC)CC)C5=CC=CC=C5C(=O)O3,True,4.810029897405945,4.710029980825098,4.760030197409634,4.96003097313254
CCC1=C(C2=CC=CC=C2O1)C(=O)C3=CC(=C(C(=C3)I)O)I,False,,5.8600265120155415,,
CCCCCCCCCCCCCC[N+]1=CC=CC=C1.[Br-],False,4.198864633756791,,5.748873015022128,
CC(=O)[C@]1(CC[C@@H]2[C@@]1(CC[C@H]3[C@H]2CCC4=CC(=O)CC[C@]34C)C)O,False,,4.704447419967976,,
CC(C1=CC=CC=C1)(C2=CC=C(C=C2)O)C3=CC=C(C=C3)O,False,,5.148864004988426,,4.598864942530007
C1=CC=C(C=C1)CNC2=NC=NC3=C2NC=N3,False,,4.117420538365575,4.3988649544426,
CN(C)CCCN1C2=CC=CC=C2SC3=C1C=C(C=C3)Cl.Cl,False,4.998863636444484,,6.54882784248746,
C(F)(F)(F)S(=O)(=O)O,False,,,4.3988649544426,
CC(C)C1=CC2=C(C=C1)[C@]3(CCC[C@@]([C@@H]3CC2)(C)CN)C.CC(=O)O,False,4.448864857638396,4.448864857638396,5.898871824161243,6.44891613481422
CC(C)CCC(=O)CCC(C)C,False,4.348864512263225,,,
CCOC(=O)CC1=CC=CC2=CC=CC=C21,False,4.798865170407076,,,
C[N+]1(CC2=C(C1)C(=C(C(=C2Cl)Cl)Cl)Cl)CC[N+](C)(C)C.[Cl-].[Cl-],False,,,5.810032701648728,
CCCCCCCCCCCC(=O)O.C(CO)N(CCO)CCO,True,,3.93956659329726,,
CCC(C)COC(=O)CC(C)C,False,4.3988649544426,4.148864616843579,,
CO[Si](CCCCl)(OC)OC,False,,4.4052815747858105,4.5052806337516245,5.255284665519046
CCCCCCCCCC[N+](C)(C)[O-],False,,,4.448864857638396,
CCCCCCCCCCCCN1CCCC1=O,True,4.548864726812244,4.498865393540615,,
CCC1=CC(=C(C=C1)O)OC,False,4.498865393540615,,,
CCO[Si](C)(CCCOCC1CO1)OCC,False,4.148864616843579,,,4.3988649544426
C1C=CCC2C1CC=C2,False,4.399573853919421,,,4.318129943472178
C(S(=O)(=O)C(Cl)(Cl)Cl)(Cl)(Cl)Cl,True,4.698865786166042,5.148864004988426,4.498865393540615,5.698861444284984
COCN(COC)C1=NC(=NC(=N1)N(COC)COC)N(COC)COC,False,,4.146038493387563,,
CC(C)(C)CC(C)(C)C1=CC(=C(C=C1)O)N2N=C3C=CC=CC3=N2,False,4.592876043440096,4.992875527564566,4.392876453858493,4.39836636934984
CC1([C@@H](N2[C@H](S1)[C@@H](C2=O)NC(=O)[C@@H](C3=CC=CC=C3)N)C(=O)O)C,False,4.560029756289291,,4.3988649544426,
C([C@H]([C@H]([C@@H]([C@@H](CO)O)O)O)O)O,False,,4.048864616049475,,
C1=C(OC(=C1)[N+](=O)[O-])/C=C/C(=NN=C(N)N)/C=C/C2=CC=C(O2)[N+](=O)[O-],True,4.760030197409634,4.760030197409634,4.860029658404407,4.784310895238833
CC(C)(C)CC(C)(C)C1=CC=CC=C1O,False,4.446391223485836,4.746390645410519,4.246390899537989,4.196390634831721
CCC(=O)C(=O)CC,False,,4.18041790086234,,5.230415916251828
CC1=CC(=C(C=C1N=NC2=C(C3=CC=CC=C3C(=C2)S(=O)(=O)[O-])O)S(=O)(=O)[O-])C.[Na+].[Na+],True,4.3988649544426,4.198864633756791,4.3988649544426,
CC(C)OC(=O)CC1=CC=CC=C1,False,4.144982056085977,,4.144982056085977,
C=CC(=O)OCC(COC(=O)C=C)(COC(=O)C=C)COC(=O)C=C,False,,4.848866210191896,4.498865393540615,5.898871824161243
C1C(O1)CN(CC2CO2)C3=CC=C(C=C3)OCC4CO4,False,4.242804439997638,4.29851084187497,4.297075031768474,4.423145748029465
C1=CC=C(C=C1)COC(=O)CBr,False,,4.448864857638396,,
C1=CC2=C(C=C1Cl)SNC2=O,True,4.510030276850633,4.860029658404407,,
CCCCC1CCCCC(=O)O1,False,4.198864633756791,,,
C1=CC=C(C=C1)C(=O)CBr,False,4.196037866904468,4.146038493387563,5.446044192670219,
CCCCCCCOC(=O)CCC,False,4.3988649544426,,4.648864911118024,
CC/C=C/1\C2=CC=CC=C2C(=O)O1,False,5.2588799300227365,,,
C1C(O1)COC2=CC=C(C=C2)C(C3=CC=C(C=C3)OCC4CO4)C(C5=CC=C(C=C5)OCC6CO6)C7=CC=C(C=C7)OCC8CO8,True,,4.990720330933532,4.189756053353137,
C1=CC(=C(C=C1[N+](=O)[O-])[N+](=O)[O-])F,False,,4.494630215732318,4.39463029944368,
[NH4+].[NH4+].[O-]S(=O)(=O)OOS(=O)(=O)[O-],False,4.44992826586856,,,
CC(C)CC(CC1=CC=CC=C1)O,False,4.448864857638396,,,
CC1=CC=C(C=C1)S(=O)(=O)N,False,,4.151350959282658,,4.551350868542749
CC(C)CC1=NC=CS1,False,4.190779099856703,4.415060172116113,4.890779294457528,
CC1=CC=C(C=C1)S(=O)(=O)C(I)I,True,4.498865393540615,5.948847477552619,4.448864857638396,4.3988649544426
COC1=C(C=CC(=C1)Cl)OC2=C(C=C(C=C2)Cl)Cl,False,4.911052804413522,4.961050169592037,,4.161052102773406
CCCCCO,False,4.199573693981921,,,
C[C@H]1[C@H]([C@H](C[C@@H](O1)O[C@H]2C[C@@](CC3=C2C(=C4C(=C3O)C(=O)C5=C(C4=O)C(=CC=C5)OC)O)(C(=O)C)O)N)O.Cl,True,4.396038709564252,4.446038128163577,4.446038128163577,4.996039971911452
C[N+]1(CCCCC1)C.[Cl-],False,4.292435784847626,,,
CCCCC(CC)COC(=O)Cl,False,,,4.397803227452149,
CC(CC1=C(C=CC(=C1)OC)OC)N.Cl,False,,,5.167970352910071,
C[C@H]1C[C@@H]2[C@H](CC[C@]3([C@H]2CC[C@@]3(C(=O)C)OC(=O)C)C)[C@@]4(C1=CC(=O)CC4)C,False,4.1992190191615695,5.454626364720112,,5.441764511183562
CCC(C)(CCC(C)C)C(=O)O,False,,4.448864857638396,4.448864857638396,
CC1=C(C(=O)C[C@@H]1OC(=O)[C@@H]2[C@H](C2(C)C)C=C(C)C)CC=C,False,4.548864726812244,4.948862919408721,4.448864857638396,5.148864004988426
CC[N+](CC)(CC)CC.[Br-],False,,,4.749929037413551,
CNCCC(C1=CC=CC=C1)OC2=CC=C(C=C2)C(F)(F)F.Cl,False,4.654206882750286,4.454206894211393,6.3041682271733075,5.1542076441193885
CC(=O)N(CCCCCNC(=O)CCC(=O)N(CCCCCNC(=O)CCC(=O)N(CCCCCN)O)O)O.CS(=O)(=O)O,False,4.610029886099158,,,
CC(C)NCC(COC1=CC=CC2=CC=CC=C21)O.Cl,False,5.6965723665968095,,5.796578802344763,
CC(C(=O)C1=CC(=CC=C1)Cl)NC(C)(C)C.Cl,False,,,5.1413015286036625,
CCNC(=O)C1CC(CCC1C(C)C)C,False,,4.198864633756791,,4.748865707419434
C[C@]12CC[C@H]3[C@H]([C@@H]1CC[C@]2(C#C)O)CCC4=C3C=CC(=C4)OC,False,5.079446939857254,5.1294479808784015,4.498865393540615,5.204448154114458
CN(C)CC(C1=CC=C(C=C1)OC)C2(CCCCC2)O.Cl,False,,,4.748865707419434,
C1=CC=C2C(=C1)C(=O)C3=C(C2=O)C(=C(C=C3)O)O,True,4.760030197409634,4.460029874171644,4.760030197409634,
C1CN(CCN1CCCN2C(=O)N3C=CC=CC3=N2)C4=CC(=CC=C4)Cl.Cl,False,,,4.629447795475125,4.448864857638396
C1=CC(=CC=C1C(C2=CC=C(C=C2)Cl)C(Cl)Cl)Cl,False,5.120348057111596,5.1703460992160775,4.264639568842073,
CCC1=CC=C(C=C1)C(C2=CC=C(C=C2)CC)C(Cl)Cl,False,4.445171140873484,4.945170999154692,,
CC(C)C(CCCN(C)CCC1=CC(=C(C=C1)OC)OC)(C#N)C2=CC(=C(C=C2)OC)OC.Cl,False,,,4.4495735070633335,6.449527042893436
COC1=C(C=C2C(=C1)C(=NC(=N2)N3CCN(CC3)C(=O)C4COC5=CC=CC=C5O4)N)OC.CS(=O)(=O)O,False,,,,4.810029897405945
C[C@]12CC[C@H]3[C@H]([C@@H]1CC[C@]2(C)O)CCC4=CC(=O)C=C[C@]34C,False,,4.460029874171644,,
CN[C@H]1CC[C@H](C2=CC=CC=C12)C3=CC(=C(C=C3)Cl)Cl.Cl,False,4.760030197409634,4.610029886099158,5.410028070483141,5.610036963564112
CN(C)C[C@H]1CCCC[C@@]1(C2=CC(=CC=C2)OC)O.Cl,False,,,4.760030197409634,
CCCCC(=O)O[C@@]1([C@@H](C[C@@H]2[C@@]1(C[C@@H]([C@]3([C@H]2CCC4=CC(=O)C=C[C@@]43C)F)O)C)C)C(=O)CO,False,,4.760030197409634,4.410030303250599,6.010016541698601
C1=CC=C2C(=C1)C(=CN2)C[C@@H](C(=O)O)N,False,4.19815672930734,4.14815666541292,4.44815614382721,
CC(C)NCC(C1=CC=C(C=C1)[N+](=O)[O-])O,False,,,4.760030197409634,
C1=CC(=CC=C1C(=O)O)Cl,False,4.448864857638396,4.098864931407043,,
C1=CC=C(C=C1)NC2=CC=C(C=C2)NC3=CC=CC=C3,True,4.600639567990398,5.100639195900558,4.500638760449454,4.450638654031714
CN1CC[C@]23[C@@H]4[C@H]1CC5=C2C(=C(C=C5)O)O[C@H]3[C@H](C=C4)O.CN1CC[C@]23[C@@H]4[C@H]1CC5=C2C(=C(C=C5)O)O[C@H]3[C@H](C=C4)O.O.O.O.O.O.OS(=O)(=O)O,False,,,4.404922842992303,
CCN(CC)C(=O)N[C@H]1CN([C@H]2CC3=CNC4=CC=CC(=C34)C2=C1)C,False,,4.810029897405945,7.459670525209126,5.010029874726081
CO[P+](=O)OC,False,,,4.253491126332593,
CCCCO[P+](=O)OCCCC,False,4.202063178069278,,,
C[Si](O[Si](C)(C)C)O[Si](C)(C)C,False,,,,4.378699058276187
C1=CC=C(C=C1)[Sn](C2=CC=CC=C2)C3=CC=CC=C3.O,True,4.448864857638396,5.59885804480627,5.498858544712217,4.998863636444484
C1=CC=C2C(=C1)C3=CC=CC=C3[P+](=O)O2,False,,,4.400995133758416,
C[Si](C)O[Si](C)(C)O[Si](C)(C)O[Si](C)C,False,,,,4.223460072325203
CCBr,False,,,4.3921762511311675,
CCCCC(CN1C=NC=N1)(C#N)C2=CC=C(C=C2)Cl,False,4.399574433434285,4.574574509570936,4.399573913481523,6.824590784696388
C(=S)=S,False,4.403848422089826,4.453848624531033,4.322404452221324,
CC(C)Br,False,4.197803209322238,4.397803227452149,,
C[C@H]1[C@H]([C@H](C[C@@H](O1)O[C@H]2C[C@@](CC3=C2C(=C4C(=C3O)C(=O)C5=CC=CC=C5C4=O)O)(C(=O)C)O)N)O.Cl,False,4.560029756289291,,,4.860029658404407
CC(CCC1=CC2=C(C=C1)OCO2)NN.Cl,False,5.840613299038245,4.810029897405945,4.510030276850633,4.810029897405945
CC(C)S,False,,,4.1435774586726675,
CC1=CN=C(C(=C1OC)C)CS(=O)C2=NC3=C(N2)C=CC(=N3)OC,False,4.560029756289291,4.760030197409634,4.810029897405945,5.160031997995545
CCOC1=CC=C(C=C1)N=NC2=CC(=C(C=C2)/C=C/C3=C(C=C(C=C3)N=NC4=CC=C(C=C4)OCC)S(=O)(=O)[O-])S(=O)(=O)[O-].[Na+].[Na+],False,4.305416735685083,,,
CC/C=C\CC/C=C/C(OCC)OCC,False,,4.3988649544426,,4.498865393540615
C=C(Cl)Cl,False,4.395882534109971,,,
C/C=C/C(=O)O,False,4.418724082952377,,,
C(I)(I)I,True,4.599218597634151,4.449041947724551,4.449041947724551,4.474041898688776
C1=CC=C(C=C1)/C=C/C=O,True,4.348864512263225,,,
COC(=O)/C=C/C1=CC=CC=C1,False,4.723865040762551,,4.448864857638396,
C/C=C/C1=CC=C(C=C1)OC,False,4.574882029247867,4.810029897405945,,4.810029897405945
CC(=CCC/C(=C/CO)/C)C,False,4.379447195023041,4.429447414307122,4.792527210518987,4.460029874171644
CC1CN1,False,4.198864633756791,,,
CCOC(=O)/C=C/C1=CC=CC=C1,True,4.698865786166042,,4.306118789647335,
CC(=O)/C=C/C1=CC=CC=C1,False,4.498865393540615,,4.448864857638396,
C/C=C/C1=CC(=C(C=C1)OC)OC,False,4.648864911118024,4.448864857638396,,4.648864911118024
C/C=C/C1=CC2=C(C=C1)OCO2,False,4.556771225520388,,,4.473145949387726
C[N+](C)(C)C.[Cl-],False,4.385918378531126,,,
C/C=C/CO,False,4.298864798175959,,,
C(=C/C#N)\C#N,False,4.378711522660979,4.428710528809394,4.128710849515257,4.428710528809394
CC(=CCC/C(=C/C=O)/C)C,False,,4.148864616843579,,4.448864857638396
CC1=C(C(CCC1)(C)C)/C=C/C(=O)C,False,4.3988649544426,,4.215025577503965,4.448864857638396
CC1=C(C(CCC1)(C)C)/C=C/C(=C/C=C/C(=C/C=O)/C)/C,False,,4.450994284340003,4.400995133758416,4.450994284340003
C1CCN(CC1)C(=O)/C=C/C=C/C2=CC3=C(C=C2)OCO3,True,4.598334082701799,4.723334109805869,4.2483338171288905,4.898333168537256
CC1=C(C(CCC1)(C)C)/C=C/C(=C/C=C/C(=C/COC(=O)C)/C)/C,False,4.409241734279668,4.509241132826806,4.354053181864408,4.959243429672055
C1=CC=C(C=C1)/C=C/C2=CC=CC=C2,True,5.352128234693767,4.352133119923515,,
CCOC(=O)/C=C/C(=O)OCC,False,4.198510537295644,,,
C(=C/Cl)\Cl,False,4.148864616843579,,,
C(Cl)(Cl)(Cl)Br,False,5.040820228189026,4.154206405261954,,
CC(=CCC/C(=C/CC/C(=C/COC(=O)C)/C)/C)C,False,4.148864616843579,4.198864633756791,,4.9793652973723965
C/C=C(\C)/C(=O)OCCC(C)CCC=C(C)C,False,4.148864616843579,4.3988649544426,,4.448864857638396
CC(C)(C)S,False,,4.434193488472551,5.134191535079097,4.184193211782235
CS(=O)(=O)O,False,4.396038709564252,,,
C[C@H](CN1C=NC2=C(N=CN=C21)N)OCP(=O)(OCOC(=O)OC(C)C)OCOC(=O)OC(C)C.C(=C/C(=O)O)\C(=O)O,False,,,,5.510027465964983
CCC(C)(C)C,False,4.423622940045015,,,
CC(C)(C#N)O,False,4.348864512263225,4.3972294330830355,4.172948809003964,
C(/C(=C(/CO)\Br)/Br)O,False,4.4020636063582606,,4.452062925898455,
C/C=C/C=C/CO,False,,4.148864616843579,,4.198864633756791
COC1=CC=CC=C1/C=C/C=O,False,4.643083626246148,,,
C1CC1C#C[C@]2(C3=C(C=CC(=C3)Cl)NC(=O)O2)C(F)(F)F,False,4.760030197409634,4.810029897405945,,
CC(=O)C(C)(C)C,False,4.4321305796231325,,,
CC(C)(C)C(=O)O,False,4.396743007005474,,,
CC(C(=O)O)(Cl)Cl,False,,4.198864633756791,,
C(C(Cl)(Cl)Cl)(Cl)Cl,False,4.507437951486598,,,
CN(C)CC/C=C/1\C2=CC=CC=C2COC3=CC=CC=C31.Cl,False,,,5.510027465964983,
CN1CCC2=CC3=C(C(=C2C1)OC)OCO3.Br,False,,,5.360025701545049,
C1C[C@@H]([C@@H]([C@@H]2[C@@H]1CN3CCC4=C([C@@H]3C2)NC5=CC=CC=C45)C(=O)O)O.O,False,,,5.810032701648728,
C(=O)(C(Cl)(Cl)Cl)Cl,False,,,4.547096272606305,
COC1=CC(=C(C=C1C(=O)NC2CCN(CC2)CC3=CC=CC=C3)Cl)N.C(=C\C(=O)O)\C(=O)O,False,,,7.510041520575165,5.660032085297399
COC1=CC(=C(C(=C1)OC)C(=O)CCCN2CCCC2)OC.Cl,False,4.3988649544426,,5.298863933907473,
CC(=O)C1=CC2=C(C=C1)SC3=CC=CC=C3N2CCCN(C)C.C(=C\C(=O)O)\C(=O)O,False,5.010029874726081,,5.660032085297399,
CCCCOC1=C(C=CC(=C1)C(=O)OCCN(CC)CC)N.Cl,False,5.910024277312271,4.550686710380966,5.360025701545049,
CN(C)C/C=C(/C1=CC=C(C=C1)Br)\C2=CN=CC=C2.O.Cl.Cl,False,,,5.510027465964983,5.110031956768376
C(=O)(C(Cl)(Cl)Cl)O,False,4.3988649544426,,,
C(/C=C/CCl)Cl,False,,,4.4020636063582606,
COC(=O)N(C1=CC=CC=C1COC2=NN(C=C2)C3=CC=C(C=C3)Cl)OC,False,5.948847477552619,5.348867421449518,4.598864942530007,
C([N+](=O)[O-])(Cl)(Cl)Cl,False,4.124564825302583,,,
CC(C)CCCCCCOC(=O)CCCCC(=O)OCCCCCCC(C)C,False,4.448864857638396,,,
C(C(F)(Cl)Cl)(F)(F)Cl,False,4.3752755823809135,,,
CCCC/C=C/C=C\C=O,False,,,4.248864914695038,4.3988649544426
C[C@@H]1CC[C@@H]2[C@]13CC=C([C@H](C3)C2(C)C)C,False,4.198864633756791,,,4.198864633756791
C(/C=C\CCl)Cl,False,4.880760611585756,,4.180760177047292,
CCOC(=O)C1(CCN(CC1)CCC(C#N)(C2=CC=CC=C2)C3=CC=CC=C3)C4=CC=CC=C4.Cl,False,,5.510027465964983,5.410028070483141,
[Cu+].[I-],True,4.198864633756791,4.848866210191896,,4.3988649544426
C1COCC(=O)N1C2=CC=C(C=C2)N3CC(OC3=O)CNC(=O)C4=CC=C(S4)Cl,False,4.510030276850633,5.010029874726081,,
C[C@H]([C@H](C1=CC=CC=C1)O)N.Cl,False,,,4.760030197409634,
CCCCCC[C@H](C/C=C\CCCCCCCC(=O)OCC(CO)O)O,False,,4.998863636444484,4.473145949387726,4.845993174209718
CN(C)CC[C@@H](C1=CC=C(C=C1)Br)C2=CC=CC=N2.C(=C\C(=O)O)\C(=O)O,False,4.760030197409634,,5.410028070483141,
CC[N+](CC)(CC)CCOC1=CC=C(C=C1)/C=C/C2=CC=CC=C2.[I-],False,,,4.810029897405945,
C1=CC(=C(C=C1[N+](=O)[O-])S(=O)(=O)[O-])/C=C/C2=C(C=C(C=C2)[N+](=O)[O-])S(=O)(=O)[O-].[Na+].[Na+],False,,4.473865125589505,,
CC/C(=C/CCC(C)(C=C)O)/C,False,4.14815666541292,4.14815666541292,,4.64815732961893
CN1CCCN=C1/C=C/C2=CC=CS2.[C@@H]([C@H](C(=O)O)O)(C(=O)O)O,False,,,4.860029658404407,
CC(C)CCCC(C)C/C=C/C(=C/C(=O)OCC#C)/C,False,4.548864726812244,4.498865393540615,,
C/C=C/C=C/C(=O)O,False,,4.248864914695038,,
CC[C@H](C)[C@@H]1[C@H](C=C[C@@]2(O1)C[C@@H]3C[C@H](O2)C/C=C(/[C@H]([C@H](/C=C/C=C/4\CO[C@H]5[C@@]4([C@@H](C=C([C@H]5O)C)C(=O)O3)O)C)O[C@H]6C[C@@H]([C@H]([C@@H](O6)C)O[C@H]7C[C@@H]([C@H]([C@@H](O7)C)O)OC)OC)\C)C,False,4.877269828371713,4.977270655282568,4.727269812280085,5.177269794739743
CCOC(=O)NC1=C(N=C(C=C1)NCC2=CC=C(C=C2)F)N.C(=C\C(=O)O)\C(=O)O,False,,5.010029874726081,5.310025555333226,5.26003230324049
C1N2CN3CN1C[N+](C2)(C3)C/C=C\Cl.[Cl-],False,,,4.148864616843579,
C[C@]12C[C@@H]([C@]3([C@H]([C@@H]1C[C@@H]4[C@]2(OC(O4)(C)C)C(=O)CO)CCC5=CC(=O)C=C[C@@]53C)F)O,False,,4.248864914695038,4.4960378112983825,5.196037866904468
CC(=O)/C=C/C=C\1/C2CCC(C2)C1(C)C,False,4.660030100046487,4.460029874171644,4.460029874171644,4.860029658404407
CC1=C(C(CCC1)(C)C)/C=C/C(=C/C=C/C(=C\C=O)/C)/C,False,,4.522417190830897,,4.522417190830897
CCC(CC)(CC(=O)NC1=CC=CC(=C1)/C=C/C2=NC(=CS2)C3CCC3)C(=O)O,True,4.760030197409634,4.560029756289291,,4.860029658404407
CC1(CC/C(=C/C2=CC=C(C=C2)Cl)/C1(CN3C=NC=N3)O)C,False,4.451350206101622,6.151379882565866,5.051352343871509,6.83209218999852
CC(C)(C)C(/C(=C\C1=C(C=C(C=C1)Cl)Cl)/N2C=NC=N2)O,False,4.416155367465798,5.3161517881589555,4.466155522886224,6.566230166075134
C/C=C\C/C=C/CCCCCCCCOC(=O)C,False,4.348864512263225,4.748865707419434,4.3988649544426,4.698865786166042
CN(CCN(C1=CC=CC=N1)CC2=CC=CS2)C.CN(CCN(C1=CC=CC=N1)CC2=CC=CS2)C.C(=C/C(=O)O)\C(=O)O.C(=C/C(=O)O)\C(=O)O.C(=C/C(=O)O)\C(=O)O,False,,,6.634512015109101,
CCCCN(CCCC)CC(C1=CC(=CC\2=C1C3=C(/C2=C/C4=CC=C(C=C4)Cl)C=C(C=C3)Cl)Cl)O,False,4.790600276454826,4.760030197409634,6.209996479609511,4.810029897405945
C1=CC(=CC=C1CN2C=CN=C2)/C=C/C(=O)O.Cl,False,4.610029886099158,4.760030197409634,,
CC(=CCC/C(=C\CO)/C)C,False,,4.448864857638396,,4.448864857638396
C/C(=C/C(=O)OC)/N,False,4.710029980825098,,,
C/C=C\1/C(=O)C[C@@H]2[C@@]1(CC[C@H]3[C@H]2CCC4=CC(=O)CC[C@]34C)C,False,4.399928192697783,4.799929634966767,,
C1CCN2C[C@@H]3C[C@H]([C@H]2C1)CN4[C@H]3CCCC4,False,,,4.860029658404407,
CC1([C@H]([C@H]1C(=O)O[C@H](C#N)C2=CC(=CC=C2)OC3=CC=CC=C3)/C=C(/C(F)(F)F)\Cl)C,False,4.43578191080343,5.140454829395009,4.600598879516867,
C[C@@H]1CC[C@H](C2=C(CC[C@H]12)C)/C=C(\C)/C(=O)O,False,4.182817533593604,4.182817533593604,,
C1=CC=C(C=C1)NC(=O)C2=C(C=CC(=C2)[N+](=O)[O-])Cl,False,5.098863295458348,4.498865393540615,4.348864512263225,4.448864857638396
C1=CC(=C(C=C1C[C@@H](C(=O)O)N)I)OC2=CC(=C(C(=C2)I)O)I,False,,4.810029897405945,,
CC1=C(C=CC=C1C2=CC=CC=C2)COC(=O)[C@@H]3[C@@H](C3(C)C)/C=C(/C(F)(F)F)\Cl,False,,4.954224104609846,4.399928192697783,
C1NCCN(C1)CC2=CC=CC=C2.C(=C/C(=O)O)\C(=O)O.C(=C/C(=O)O)\C(=O)O,False,,,4.863913902615902,
C[C@]12CCC(=O)C=C1CC[C@@H]3[C@@]2([C@H](C[C@]4([C@H]3CC[C@]4(C)O)C)O)F,False,4.396038709564252,4.446038128163577,,
C/C=C/1\C(=O)C[C@@H]2[C@@]1(CC[C@H]3[C@H]2CCC4=CC(=O)CC[C@]34C)C,False,,4.557415197679901,,
CNC(=O)C1=CC=CC=C1SC2=CC3=C(C=C2)C(=NN3)/C=C/C4=CC=CC=N4,True,5.560036064079095,5.160031997995545,4.510030276850633,5.360025701545049
CC1=C(C(=C(C=C1C2(C3=CC=CC=C3S(=O)(=O)O2)C4=CC(=C(C(=C4C)Br)O)Br)Br)O)Br,True,4.811977592304804,4.961976259954842,4.561978483923003,4.561978483923003
C1CC1(C(CC2=CC=CC=C2Cl)(CN3C(=S)N=CN3)O)Cl,False,4.3988649544426,6.048856839892448,,5.148864004988426
CCOC(=O)C1=NOC(C1)(C2=CC=CC=C2)C3=CC=CC=C3,True,4.698865786166042,5.098863295458348,,
C1[C@H]([C@H](CN1C(=O)[C@@H]([C@H](CC2=CC=CC=C2)NC(=O)C3=CC4=C(N3)C=CC(=C4)Cl)O)O)O,False,4.548864726812244,4.448864857638396,4.3988649544426,4.548864726812244
C1=CC=C(C=C1)C(C2=CC=CC=C2)(C3=CC=CC=C3)Cl,False,,5.798876102792621,,
CCN(CC)CCNC(=O)C1=C(NC(=C1C)/C=C\2/C3=C(C=CC(=C3)F)NC2=O)C.C([C@@H](C(=O)O)O)C(=O)O,False,,,,4.860029658404407
C[N+]1(CCCC(C1)OC(=O)C(C2=CC=CC=C2)(C3=CC=CC=C3)O)C.[Br-],False,,,5.26003230324049,
CCN1CC(C(C1=O)(C2=CC=CC=C2)C3=CC=CC=C3)CCN4CCOCC4.Cl,False,,,5.910024277312271,5.310025555333226
CC1=CC(=CC=C1)CN2CCN(CC2)C(C3=CC=CC=C3)C4=CC=C(C=C4)Cl.Cl.Cl,False,,4.810029897405945,5.610036963564112,5.160031997995545
CN1CCCC(C1)CC2C3=CC=CC=C3SC4=CC=CC=C24.Cl,False,,,6.360015751958412,
C[C@@H]1CC(=O)[C@]2([C@@H](O1)O[C@@H]3[C@H]([C@@H]([C@@H]([C@@H]([C@H]3O2)NC)O)NC)O)O.Cl.Cl,False,4.460029874171644,,,
C1=CC(=CN=C1)/C=N/NC(=S)N,False,4.760030197409634,,,
CC(C1=CC(=CC=C1)OC2=CC=CC=C2)C(=O)[O-].CC(C1=CC(=CC=C1)OC2=CC=CC=C2)C(=O)[O-].O.O.[Ca+2],False,,4.510030276850633,,
CCC(=O)N(C1=CC=CC=C1)C2(CCN(CC2)CCN3C(=O)N(N=N3)CC)COC.Cl,False,,4.357077683894557,,6.307064997468863
CC(C)CC(C1(CCC1)C2=CC=C(C=C2)Cl)N(C)C.Cl,False,,,5.360025701545049,6.010016541698601
CC[N+](CC)(CC1=CC=CC=C1)CC(=O)NC2=C(C=CC=C2C)C.C1=CC=C2C(=C1)C(=NS2(=O)=O)[O-],False,,,7.730487055782084,
C1(=C(C(C(=C1Cl)Cl)(Cl)Cl)Cl)Cl,False,4.146038493387563,4.198864633756791,,
CC1(C(=O)N(C(=O)N1Br)Br)C,False,,,4.273459830462956,
CC(CC1=CC2=C(C=C1)OCO2)C=O,False,5.498858544712217,4.898864942667959,4.198864633756791,4.998863636444484
CC(C)C(CC(C)N(C)C)(C#N)C1=CC=CC=C1,False,,,4.860029658404407,5.160031997995545
CC(C)(C)C1=CC(=CC(=C1O)C(C)(C)C)CCC(=O)OCC(COC(=O)CCC2=CC(=C(C(=C2)C(C)(C)C)O)C(C)(C)C)(COC(=O)CCC3=CC(=C(C(=C3)C(C)(C)C)O)C(C)(C)C)COC(=O)CCC4=CC(=C(C(=C4)C(C)(C)C)O)C(C)(C)C,False,5.070749715469971,,,
CC(C)(C)C1=CC=C(C=C1)CCC=O,False,4.3988649544426,4.448864857638396,,4.198864633756791
CC(C)(C)C1=CC(=CC(=C1O)C(C)(C)C)CCC(=O)NN,False,5.19886394724405,5.2488672255444015,4.448864857638396,6.898940645091884
CCC(CC)(C(=O)NC(=O)N)Br,False,,,4.204354217395929,
CC(C)(C)C1=CC(=CC(=C1O)C(C)(C)C)CCC(=O)OCCSCCOC(=O)CCC2=CC(=C(C(=C2)C(C)(C)C)O)C(C)(C)C,False,,5.560036064079095,,5.26003230324049
CC(C)C(C(C)(C)COC(=O)C(C)C)O,False,4.397449532974095,,,
CC1(C(=O)NC(=O)N1)C,False,4.446038128163577,,,
C1C=CC2C1C3CC2C=C3,False,4.456718119372389,,4.756718814475802,
CCN(CC)CCCC(C)NC1=C2C=CC(=CC2=NC=C1)Cl.OP(=O)(O)O.OP(=O)(O)O,False,5.560036064079095,,5.3906498757257975,
CC(C)(OC)OC,False,4.411414593693683,,,
C1=CC=C2C(=C1)C3=C(N2)C=NC=C3,False,5.098154963649413,4.44815614382721,5.148154832839786,4.44815614382721
CCOC(=O)C1C(O1)(C)C2=CC=CC=C2,False,4.422099481478058,,4.045334018692705,
CC(CO)(CO)CO,False,,,4.492877112667234,
C(C(CO)(CO)N)O,False,4.3992187150696465,,,
CCOC(=O)CC(CC(=O)OCC)(C(=O)OCC)OC(=O)C,False,4.395992769776875,4.498865393540615,,
CCCCOC(=O)CC(CC(=O)OCCCC)(C(=O)OCCCC)OC(=O)C,False,4.748865707419434,5.560036064079095,,5.610036963564112
C1=CC=C(C=C1)C2=C(C2=O)C3=CC=CC=C3,False,5.940588062561344,4.560029756289291,,
CCOC(=O)CC(CC(=O)OCC)(C(=O)OCC)O,False,,4.998863636444484,,
C1[C@H]([C@H](OC2=CC(=CC(=C21)O)O)C3=CC(=C(C(=C3)O)O)O)OC(=O)C4=CC(=C(C(=C4)O)O)O,True,4.197449292591688,4.43107010961053,4.281070724212075,4.281070442841971
C1=CSC(=C1)C2=CC=C(S2)C3=CC=CS3,True,5.898871824161243,4.998863636444484,4.287452150687937,
CCO[Si](CC)(OCC)OCC,False,,4.148864616843579,4.148864616843579,5.148864004988426
CCO[Si](C=C)(OCC)OCC,False,,,,4.098864931407043
C(C(CO[N+](=O)[O-])(CO[N+](=O)[O-])CO[N+](=O)[O-])O[N+](=O)[O-],False,4.448864857638396,,,
CC1=CC=CC=C1OP(=O)(OC2=CC=CC=C2C)OC3=CC=CC=C3C,False,4.497096510006717,5.297095789490273,,
COC1=NC(=NC2=C1NC=N2)N,False,4.49815642831505,,4.998158159596291,
CC1=CC=C(C=C1)OP(=O)(OC2=CC=CC=C2)OC3=CC=CC=C3,False,5.092524144834002,5.192525858603009,,
CC1=CC=C(C=C1)OP(=O)(OC2=CC=C(C=C2)C)OC3=CC=C(C=C3)C,False,5.124041160627421,5.09904279295349,,4.964291765547356
CC(C)C(=O)OC(C)(CCC=C(C)C)C=C,False,,4.373145559845744,,4.198864633756791
C[C@@H]([C@@H](C1=CC=CC=C1)O)NC.Cl,False,,,4.760030197409634,
CNCCCN1C2=CC=CC=C2CCC3=CC=CC=C31.Cl,False,,,5.460033632003287,5.110031956768376
C1CCN[C@H](C1)[C@H](C2=CC(=NC3=C2C=CC=C3C(F)(F)F)C(F)(F)F)O.Cl,False,,,4.810029897405945,5.310025555333226
C1=CC(=C(C=C1CCN)O)O.Cl,False,4.447449801503656,,4.247449905206265,
CCCC(C1=CC=CC=C1)(C2=CC=CC=C2)C(=O)OCCN(CC)CC.Cl,False,,4.860029658404407,6.809948582240794,6.809948582240794
CCOP(=O)(OCC)OCC,False,4.82491457270694,4.456359014986922,4.456359014986922,4.406358444508688
CCN(CC)CCOC1=CC=C(C=C1)C(CC2=CC=C(C=C2)Cl)(C3=CC=C(C=C3)C)O,False,,4.410030303250599,,5.598616693468419
CC(C)(CS(=O)(=O)O)NC(=O)C=C,False,4.348864512263225,,4.2581584921355,
C[C@H](/C=C/[C@H](C)C(C)C)[C@H]1CC[C@@H]\2[C@@]1(CCC/C2=C\C=C\3/C[C@H](CCC3=C)O)C,False,4.325642179325106,4.6006423393219436,4.3256421748442335,4.725642639966103
CCCCC(CC)COP(=O)(OCC(CC)CCCC)OCC(CC)CCCC,False,4.498865393540615,,,5.2488672255444015
C1=C(OC(=C1)C(=O)NCC(=O)O)CO,False,,,4.4034908716580015,
C1=NC2C(N1)C(=S)NC=N2.O,False,4.1485104968726825,4.698509895999561,4.498510766258819,
CC(=O)[O-].CC(=O)[O-].O.O.[Cd+2],True,,,,4.254922865108714
CCC(CC(C(C(C(C(C)Cl)Cl)Cl)Cl)Cl)Cl,False,5.461124777474405,5.861129142680496,,
CCC(O)OC(CC)O,False,,,4.332164756082658,
C[C@@H]1CC[C@H](C2=C(C[C@H]([C@H]12)O)C)/C=C(\C)/C(=O)O,False,,,4.2531339279269655,
C1=C(C(=C(C(=C1Br)Br)Br)Br)OC2=CC(=C(C(=C2Br)Br)Br)Br,False,4.365337362943378,4.365337362943378,,
C1COC(O1)CO/N=C(/C2=CC=C(C=C2)Cl)\C(F)(F)F,False,5.648861041418151,4.598864942530007,,
CCCCOP(=O)(CCCC)OCCCC,False,4.498865393540615,4.448864857638396,,4.598864942530007
C1=CC=C(C(=C1)CC(=O)O)OC2=C(C=C(C=C2)Cl)Cl,False,,4.460029874171644,,
CCCCOCCOP(=O)(OCCOCCCC)OCCOCCCC,False,4.3235107934728685,4.873511471212838,4.448864857638396,4.848510951320428
CC[C@]12CC[C@H]3[C@H]([C@@H]1CC[C@]2(C#C)OC(=O)C)CCC4=C/C(=N/O)/CC[C@H]34,False,,4.96003097313254,4.560029756289291,5.560036064079095
CC1=CC(=O)CC(C1)(C)C,True,4.436263871165363,4.236264365369327,,
CN(C)CCCOC1=NN(C2=CC=CC=C21)CC3=CC=CC=C3.Cl,False,4.860029658404407,,5.310025555333226,
CC(C)(C#N)N=NC(C)(C)C#N,False,,,,4.448864857638396
CC(C)(CC1=CC=C(C=C1)Cl)N.Cl,False,4.860029658404407,,5.510027465964983,
CCC(C)(CCCC(C)C)O,False,,,4.466005641776907,
CCC1(CCCCN(C1)C)C2=CC(=CC=C2)O.Cl,False,,,4.810029897405945,
CC(=CCCC(C)(C=C)O)C,False,4.15349093635127,,,
CCC(=O)N(C1=CC=CC=C1)C2(CCN(CC2)CCC3=CC=CS3)COC.C(C(=O)O)C(CC(=O)O)(C(=O)O)O,False,,4.145992904260828,5.8488754099493185,6.048856839892448
C1=CC(=CC=C1CSC(CN2C=CN=C2)C3=C(C=C(C=C3)Cl)Cl)Cl.[N+](=O)(O)[O-],False,5.26003230324049,6.360015751958412,6.060031709448664,6.410050398674292
C[C@@H]1CCC[C@@H](N1CCCC(C2=CC=CC=C2)(C3=CC=CC=N3)O)C,False,,,6.160019442321658,5.110031956768376
C1=C(N=C(N=C1Cl)N)Cl,False,4.3485107066057225,,,
C[C@@H]1CC[C@H]([C@H](C1)O)C(=C)C,False,4.448864857638396,,,
C1=C(C=C(C(=C1I)OC2=CC(=C(C(=C2)I)O)I)I)CC(=O)O,False,,4.307506474135005,,
C[C@@H]1CC[C@@H]2[C@]13CC[C@@]([C@H](C3)C2(C)C)(C)O,False,,4.749219048944958,4.1992190191615695,4.537806468144776
CCCOC(=O)C1=CN=CN1C(C)C2=CC=CC=C2,False,4.760030197409634,4.860029658404407,,6.310069895981782
CC1=NC2=C(C=C1)C(=CC(=C2O)Br)Br,False,4.460029874171644,,,
C[C@]12CC[C@H]3[C@H]([C@@H]1CC[C@@H]2O)CC[C@]45[C@@]3(CC(=C([C@H]4O5)O)C#N)C,False,,4.148864616843579,,
C1COCCN1CCCNC(=O)C2=CC=C(C=C2)Cl,False,,,5.610036963564112,
C[N+]1([C@@H]2CC[C@H]1CC(C2)OC(=O)C(C3=CC=CC=C3)(C4=CC=CC=C4)O)CCF.[Br-],False,,,4.9100313379205005,
CCCCCCCCCCCCOCCOCCOCCOCCOCCOCCOCCOCCOCCO,False,4.510030276850633,4.810029897405945,,4.9100313379205005
C([C@H]([C@H]([C@@H]([C@@H](CBr)O)O)O)O)Br,False,4.149573724203458,,,
CN1[C@@H]2CC[C@H]1CC(C2)OC(=O)C3=CNC4=CC=CC=C43,False,,,5.010029874726081,
CC1=C([C@H](C(=C(N1)C)C(=O)O[C@@H]2CCCN(C2)CC3=CC=CC=C3)C4=CC(=CC=C4)[N+](=O)[O-])C(=O)OC.Cl,False,4.598617555198871,6.160019442321658,4.810029897405945,6.110026361596004
CC(CN)N,False,,,4.159241071958109,
CN1CCC2=CC3=C(C=C2[C@H]1[C@H]4C5=C(C(=C(C=C5)OC)OC)C(=O)O4)OCO3,False,,5.26003230324049,4.510030276850633,5.8600265120155415
CC(C)CN1C=NC2=C1C(=O)N(C(=O)N2C)C,False,4.810029897405945,,,
CC1=CC2=C(C=C1)NC3C2CN(CC3)C,False,5.171262787887482,,5.3712637732643245,
CCC(=O)C,False,4.352062777916398,,,
CC(=O)C=C,False,4.208880132057619,,,
C1=NC2=C(N=C(N=C2N1[C@H]3[C@H]([C@@H]([C@H](O3)CO)O)O)F)N,False,,,4.510030276850633,
CCCCCCCCN[C@H](C)[C@H](C1=CC=C(C=C1)SC(C)C)O,False,4.510030276850633,4.460029874171644,5.710032208313266,
CCCC1=CC(=O)NC(=S)N1,False,4.3863400020600185,,,4.541484435323312
C1=CC=C(C=C1)C2(C(=O)[N-]C(=O)N2)C3=CC=CC=C3.[Na+],False,,4.698865786166042,,
CC[N+]1(CCCC(C1)OC(=O)C(C2=CC=CC=C2)(C3=CC=CC=C3)O)C.[Br-],False,,,5.8600265120155415,
C(C(Cl)Cl)Cl,False,4.184537813287594,,,
C1=CC=C(C(=C1)C2=NC(=NO2)C3=CC=NC=C3)Cl,True,6.410050398674292,5.060031709448664,4.810029897405945,4.510030276850633
C1=CC=C2C(=C1)C(=CN2)CCNC(=O)C3=CN=CC=C3,False,4.810029897405945,4.810029897405945,4.510030276850633,6.010016541698601
C(C(=O)Cl)Cl,False,,,4.287046987335433,
CCCCN1CCCC1C(=O)NC2=C(C=C(C=C2C)C)C,False,,,5.660032085297399,5.410028070483141
CC1=C(N(C2=C1C=C(C=C2)C(=O)OCCN(C)C)CC3=CC=CC=C3)C,True,4.990600100676528,4.760030197409634,4.757158048516521,4.710029980825098
C=CC(=O)N,False,4.447449801503656,,,
CC(=O)OC,False,4.389733861086099,,,
C1CNCCC1SC2=NC(=CC=C2)Cl,False,,,5.510027465964983,
COC(=O)Cl,False,,,4.207077674780297,
CCOC(=O)CN1C=CC=C1C2=NC(=C(S2)C3=CC=C(C=C3)OC)C4=CC=C(C=C4)OC,False,,5.310025555333226,,5.510027465964983
C(C(Br)Br)(Br)Br,False,4.200639459673228,,,
CC1=NN=C2N1C3=C(C=C(S3)CCC(=O)N4CCOCC4)C(=NC2)C5=CC=CC=C5Cl,False,,,,5.160031997995545
CN(C1CCN(CC1)C2=NC3=CC=CC=C3N2CC4=CC=C(C=C4)F)C5=NC=CC(=O)N5,False,,4.560029756289291,4.860029658404407,5.210031697910783
CC1(C2=CC=CN2C3=CC=CC=C3CO1)CN4CCC(CC4)N5C6=CC=CC=C6NC5=O,False,,4.810029897405945,5.660032085297399,5.660032085297399
C(C(Cl)Cl)(Cl)Cl,False,4.244982388059315,,,
C(C(=O)Cl)(Cl)Cl,False,4.255639726008836,,,
CC1=C(C(C(=C(N1)N)C(=O)OC2CN(C2)C(C3=CC=CC=C3)C4=CC=CC=C4)C5=CC(=CC=C5)[N+](=O)[O-])C(=O)OC(C)C,False,4.560029756289291,5.810032701648728,4.878586258272112,6.609948503541013
CC(=C)C(=O)N,False,4.294981761628974,,,
CC1=C(C(C(=C(N1)COC(=O)N)C(=O)OC(C)C)C2=C(C(=CC=C2)Cl)Cl)C(=O)OC,False,,5.060031709448664,4.460029874171644,5.560036064079095
C(C(=O)O)(Cl)Cl,False,,,4.583391941162769,
CCCC1=NC2=C(N1CC3=CC=C(C=C3)C4=CC=CC=C4C(=O)O)C=C(C=C2C)C5=NC6=CC=CC=C6N5C,True,,5.010029874726081,,
C1=CC(=C(C=C1Cl)O)Cl,False,4.467737719419296,,,
C1CCC(CC1)C(CCN2CCCCC2)(C3=CC=CC=C3)O.Cl,False,,,6.160019442321658,5.060031709448664
CCCCCCCCCCCCC1=CC=C(C=C1)O,False,4.448864857638396,5.19886394724405,,4.498865393540615
CN1[C@@H]2CC(C[C@H]1[C@H]3[C@@H]2O3)OC(=O)[C@H](CO)C4=CC=CC=C4.Br,False,,,4.248864914695038,
CNCCCC1C2=CC=CC=C2C=CC3=CC=CC=C13.Cl,False,,,5.510027465964983,5.410028070483141
CCCC1=C(C=CC(=C1O)C(=O)C)OCCCOC2=CC=C(C=C2)OCC(=O)O,False,,4.498865393540615,,
C1C(=NC(=O)N1/N=C/C2=CC=C(O2)C3=CC=C(C=C3)[N+](=O)[O-])[O-].[Na+],False,4.448864857638396,,,4.148864616843579
C1C(=O)NC(=O)N1/N=C/C2=CC=C(O2)[N+](=O)[O-],False,4.273459830462956,,4.149574422584975,
C[C@H](CN1C2=CC=CC=C2SC3=CC=CC=C31)CN(C)C.C[C@H](CN1C2=CC=CC=C2SC3=CC=CC=C31)CN(C)C.[C@@H]([C@@H](C(=O)O)O)(C(=O)O)O,False,,,7.209714835966759,
CCOC(=O)C1=CC=C(C=C1)OC(=O)CCCCCN=C(N)N.CS(=O)(=O)O,False,,,6.609948503541013,
CN1CCCN=C1COC(=O)C(C2CCCCC2)(C3=CC=CC=C3)O.Cl,False,,,6.110026361596004,6.010016541698601
CN1CCCCC1CCN2C3=CC=CC=C3SC4=C2C=C(C=C4)SC.Cl,False,4.850639225726695,4.150638946525531,6.85078088734462,
CN1CCC(CC1)OC(C2=CC=CC=C2)C3=CC=CC=C3.Cl,False,,,5.360025701545049,
CN1CCN(CC1)CCCN2C3=CC=CC=C3SC4=C2C=C(C=C4)C(F)(F)F.Cl.Cl,False,5.460033632003287,,6.160019442321658,5.660032085297399
CCOP(=O)(CC)OC1=CC=C(C=C1)[N+](=O)[O-],False,,,5.560036064079095,
CCN(CC)CCNC(=O)C1=CC=C(C=C1)N.Cl,False,,,4.396390174579963,
CN(C)CCCN1C2=CC=CC=C2SC3=C1C=C(C=C3)C(F)(F)F.Cl,False,5.460033632003287,,6.26003230324049,
CC#C[C@@]1(CC[C@@H]2[C@@]1(CC[C@H]3[C@H]2C[C@@H](C4=CC(=O)CC[C@]34C)C)C)O,False,,4.617284323564767,,6.310069895981782
C[Si]1(N[Si](N[Si](N1)(C)C)(C)C)C,False,4.498865393540615,4.3988649544426,,5.39886386639293
CCC(C)(C)C1=CC(=C(C=C1O)C(C)(C)CC)O,False,,4.198864633756791,,
C(CCC(=O)NN)CC(=O)NN,False,4.448864857638396,,4.198864633756791,5.2488672255444015
CC[N+](CC)(CC)CC1=CC=CC=C1.[Cl-],False,,,4.598864942530007,
CC1(C2CCC(C2)C1=C)C,False,4.3988649544426,,,
CCC(C)(C1=CC=C(C=C1)O)C2=CC=C(C=C2)O,False,4.223145605354553,4.624042842436401,,4.749042482946015
CC1=CC(=NO1)N,False,,,4.182817533593604,
CC(C)(C1=CC(=C(C(=C1)Br)O)Br)C2=CC(=C(C(=C2)Br)O)Br,True,,4.522789000360733,,4.100283981483051
CO[Si](C)(C)OC,False,,,,4.148864616843579
CC(C)(C1=CC(=C(C(=C1)Cl)O)Cl)C2=CC(=C(C(=C2)Cl)O)Cl,False,,4.573687289476947,,4.048510456167946
CC1=C(C=CC(=C1)C(C)(C)C2=CC(=C(C=C2)O)C)O,False,4.469829768203853,5.26983165956893,4.519829149000577,5.1198268926922035
C1=CC=C(C=C1)S(=O)(=O)C2=CC=C(C=C2)Cl,False,4.348864512263225,,,
CC(C)(C1=CC=C(C=C1)O)C2=CC=C(C=C2)O,True,4.4411282997502255,4.572488676713002,4.191128294647675,4.637754462465423
CC(C1=CC=C(C=C1)Cl)(C2=CC=C(C=C2)Cl)O,False,4.498865393540615,5.098863295458348,4.198864633756791,
CC(C)NCC(C1=CC=C(C=C1)NS(=O)(=O)C)O.Cl,False,,,4.4442793609000795,
CC[N+]1(CCC(C1)OC(=O)C(C2=CC=CC=C2)(C3=CC=CC=C3)O)CC.[Br-],False,4.478585991510725,,5.060031709448664,
C1=CC(=CC=C1S(=O)(=O)C2=CC=C(C=C2)Cl)Cl,False,4.443576878628715,4.593577350445455,,4.493577504918692
C1=CC(=CC=C1O)S(=O)(=O)C2=CC=C(C=C2)O,False,,,4.246037960534797,
CCN[C@@H](C)CC1=CC(=CC=C1)C(F)(F)F.Cl,False,4.860029658404407,,5.610036963564112,
C1=CC=C(C=C1)[Si](C2=CC=CC=C2)(Cl)Cl,False,4.188690477440957,4.688691253999192,4.388691008991687,5.288690597427135
CC(C)(C1=CC=CC=C1)OO,False,4.448864857638396,4.348864512263225,,4.28952129646963
[Li+].[Li+].[O-]S(=O)(=O)[O-],False,5.533102735983076,,,
CC1=CC=C(C=C1)S(=O)(=O)NC2CCCCC2,False,4.401706426537025,4.651706822162365,,4.601707487305929
C1=CC(=CC=C1N)S(=O)(=O)NC2=NN=C(C=C2)Cl,False,,4.460029874171644,,
C1=CC(=CC=C1OS(=O)(=O)C2=CC=C(C=C2)Cl)Cl,False,5.470870179450422,4.620871337863672,4.695871222439521,
CC(=C)C(=O)OCCOC1=CC=CC=C1,True,4.598864942530007,4.448864857638396,,
C1=CC=C(C=C1)S(=O)(=O)OC2=CC=C(C=C2)Cl,False,5.2488672255444015,4.448864857638396,4.448864857638396,
CCNS(=O)(=O)C1=CC=C(C=C1)C,False,4.386609613992613,,4.186609849394406,
CC(C)C1=CC=C(C=C1)S(=O)(=O)O,False,,4.148864616843579,,
CC(C)(C1=CC=CC=C1)OOC(C)(C)C2=CC=CC=C2,False,4.3988649544426,4.501893756950559,4.404922842992303,
CCC(C)(C)C1=CC=C(C=C1)O,True,4.183536699237991,4.3988649544426,,
C1=CC(=CC=C1CCN)O.Cl,False,4.4020636063582606,4.452062925898455,4.452062925898455,4.226658313056715
CCCCC(CN1C=NC=N1)(C2=C(C=C(C=C2)Cl)Cl)O,False,4.448864857638396,6.248874928464416,4.498865393540615,6.898940645091884
C1=CC(=CC=C1OC2=CC=C(C=C2)S(=O)(=O)NN)S(=O)(=O)NN,False,,5.298863933907473,,
C1=CC2=C3C(=C1)C(=O)NC(=O)C3=CC=C2,False,5.59885804480627,,,
C1=CC=C(C(=C1)C(C2=CC=C(C=C2)O)C3=CC=C(C=C3)O)C(=O)O,False,,4.1735106495848555,,
CC1(CCC(CC1)C(C)(C)N)N,False,,,5.048511913024361,
CN1[C@@H]2CC[C@@H]1CC(C2)OC(=O)C(CO)C3=CC=CC=C3.CN1[C@@H]2CC[C@@H]1CC(C2)OC(=O)C(CO)C3=CC=CC=C3.O.OS(=O)(=O)O,False,4.667882834822552,,4.767880982857957,
CC1=CCC2CC1C2(C)C,False,,,4.898864942667959,
CC1=COC2=CC=CC=C2C1=O,False,4.760030197409634,,,
CCOC1=CC(=C(C=C1N2CCOCC2)OCC)[N+](=O)[O-],False,5.798876102792621,5.098863295458348,,
CCN1C2=C(C=C(C=C2)[N+](=O)[O-])C3=CC=CC=C31,False,5.948847477552619,,,
CC(C)(C)C1=CC=C(C=C1)OC(=O)C2=CC=CC=C2O,True,4.3988649544426,4.648864911118024,,
CCOC(=O)C1=CC=CC=C1C,False,4.348864512263225,,,
CC(C)(C)C1=CC(=CC(=C1O)C(C)(C)C)CN(C)C,False,,4.948862919408721,4.198864633756791,4.548864726812244
CC1=C(ON=C1C)N(C(=O)C)S(=O)(=O)C2=CC=C(C=C2)N,False,,,,4.510030276850633
C1=CC(=C(C=C1N)N)S(=O)(=O)O,False,4.648864911118024,,4.295992841163224,
CCOC(=O)C1=NN(C(=O)C1)C2=CC=CC=C2,False,4.448864857638396,4.148864616843579,,
C1=CC(=C(C=C1Cl)Cl)C(=O)Cl,True,4.3988649544426,4.348864512263225,,4.787452852717139
C=CC1=CC=CC=C1C=C,False,,3.6971281639323097,4.200000237109354,
CC1=CC2=C(C=C1)NCCC2,False,4.948862919408721,4.3988649544426,4.998863636444484,
C1=CC(=CC(=C1)Cl)N(CCO)CCO,False,4.3988649544426,,,
CC1=C(C(=C(C(=C1[N+](=O)[O-])C(C)(C)C)[N+](=O)[O-])C)C(=O)C,False,4.698865786166042,,,
C1=CC=C2C(=C1)C=CC(=C2S(=O)(=O)O)N,True,5.290085861135179,4.990081915334098,4.490082757542072,4.190082224227991
COC1=CC(=C(C=C1)OC)C=O,False,4.748865707419434,,,
C1C2C3CC4C(C3C1C5C2O5)O4,False,,4.097096256696017,,
CN(C)CC/C=C/1\C2=CC=CC=C2SC3=C1C=C(C=C3)Cl,False,5.110031956768376,,5.560036064079095,4.560029756289291
C/C=C(/C(=C/C)/C1=CC=C(C=C1)O)\C2=CC=C(C=C2)O,False,,4.760030197409634,,4.660030100046487
C1=NC2=C(N1)C(=S)N=CN2,False,,4.634851612265203,,
C1=CC2=NNN=C2C=C1Cl,False,4.3988649544426,,,
COC1=CC(=C(C=C1)N)[N+](=O)[O-],False,4.948862919408721,4.448864857638396,4.3988649544426,
CC1=CC=C(C=C1)NC2=C3C(=C(C=C2)O)C(=O)C4=CC=CC=C4C3=O,False,5.297448842950477,,,
C1=CC=C2C(=C1)C(=O)C3=C(C2=O)C(=C(C=C3Br)Br)N,False,6.874193541860473,,,
C1=CC=C2C(=C1)C(=O)C3=C(C2=O)C(=C(C=C3O)O)O,True,4.448864857638396,4.198864633756791,4.098864931407043,
C[N+](C)(C)CC1=CC=CC=C1.[OH-],False,,4.198864633756791,,
CCN(CC1=CC(=CC=C1)S(=O)(=O)O)C2=CC=CC=C2,False,,4.748865707419434,4.448864857638396,
C1=CC=C2C(=C1)C(=O)C3=C(C=CC(=C3C2=O)O)O,False,5.39886386639293,,,
C1=CC(=CC(=C1)OCCO)OCCO,False,4.173145464019715,,,
C1=CC=C(C=C1)CNS(=O)(=O)C2=CC=C(C=C2)N,False,,,,5.110031956768376
C1=CC(=CC=C1OCCO)OCCO,False,4.365059964148088,,,
C1=CC2=C3C(=C1)C(=O)OC(=O)C3=CC=C2,False,4.444631028601807,,,
CC(C)CCCCCOC(=O)CCCCC(=O)OCCCCCC(C)C,False,,4.3988649544426,,4.448864857638396
CCN(CC)C1=CC2=C(C=C1)C(=C3C=CC(=[N+](CC)CC)C=C3O2)C4=CC=CC=C4C(=O)O.[Cl-],True,4.448864857638396,4.498865393540615,4.498865393540615,4.898864942667959
CC1=C(C=C2C(=C1[N+](=O)[O-])C(CC2(C)C)(C)C)[N+](=O)[O-],False,4.948862919408721,,,
CC1=C(C2=C(C=C1)C(=O)C3=CC=CC=C3C2=O)N,True,6.226196151245132,5.451180825552447,5.42617702202544,
CC1=C(C=C(C=C1)N)S(=O)(=O)O,False,4.448864857638396,4.3988649544426,,
CC1=CC(=C(C=C1)OC)[N+](=O)[O-],False,4.992525341720173,,,4.442526484291312
CC1=NN(C(=O)C1)C2=CC(=CC=C2)S(=O)(=O)O,False,4.3988649544426,,,
C1=CC=C(C=C1)NC2=CC3=CC(=CC(=C3C=C2)O)S(=O)(=O)O,True,,4.3988649544426,4.198864633756791,
C1=CC=C2C(=C1)C(=O)C3=C(C2=O)C(=CC=C3)Cl,False,7.325138859262188,4.874762788524375,,
C1=CC=C2C(=C1)C(=CC(=C2O)C(=O)O)O,True,4.998863636444484,4.798865170407076,4.448864857638396,4.123145622374953
CCN(CC)C1=CC=C(C=C1)C=O,False,5.2488672255444015,,,
C1=CC=C(C=C1)C(=O)OCCOCCOCCOC(=O)C2=CC=CC=C2,False,4.748865707419434,,,
CN1[C@@H]2CC[C@H]1CC(C2)OC(=O)C3=CC(=CC(=C3)Cl)Cl,False,4.840601263886122,,7.259637310505756,
CC1=CC(=C(C=C1O)C)C2(C3=CC=CC=C3S(=O)(=O)O2)C4=C(C=C(C(=C4)C)O)C,True,4.473687811948608,5.198686512060647,4.323687842154989,5.463936345377032
CC(CCC(=O)O)(C1=CC=C(C=C1)O)C2=CC=C(C=C2)O,False,,4.1462210377581235,4.517420807802473,
C1=CC=C(C=C1)C(C2=CC=CC=C2)C(=O)C3C(=O)C4=CC=CC=C4C3=O,False,4.460029874171644,7.010105436281227,4.460029874171644,
C1(=C(C(=C(C(=C1Cl)Cl)Cl)Cl)Cl)[N+](=O)[O-],False,5.649759494702581,,4.400638831248489,
CN(C)C1=CC=C(C=C1)C(C2=CC=CC=C2)C3=CC=C(C=C3)N(C)C,False,4.598864942530007,5.8488754099493185,4.748865707419434,5.19886394724405
C1=CC=C(C=C1)OC(=O)C2=C(C3=CC=CC=C3C=C2)O,True,5.2488672255444015,4.798865170407076,4.148864616843579,
C1=CC2=C3C(=C1)C(=O)C(=O)C3=CC=C2,False,5.09921789506633,4.1992190191615695,4.599218597634151,
C1=CC=C(C=C1)C(=O)NC2=CC=CC=C2SSC3=CC=CC=C3NC(=O)C4=CC=CC=C4,True,5.097629798128024,6.19764047304776,,5.397625136067486
COC1=CC=CC=C1NC(=O)C2=CC3=CC=CC=C3C=C2O,True,5.748873015022128,4.648864911118024,,4.498865393540615
C1=CC=C2C=C(C(=CC2=C1)C(=O)NC3=CC(=CC=C3)[N+](=O)[O-])O,True,5.648861041418151,4.598864942530007,4.598864942530007,4.698865786166042
COC1=CC(=C(C=C1)OC)OC,False,4.3988649544426,4.648864911118024,,
CC(C)C1=CC2=C(C=C1)N=CC=C2,True,4.3988649544426,,,
C1=C(C(=CC(=C1O)Cl)Cl)O,False,4.737995300053317,4.387996455425485,,4.262591456845119
C1=CC(=CC=C1C(C2=CC=C(C=C2)Cl)C(=O)O)Cl,False,,4.798865170407076,,
C1=CC=C2C(=C1)C=CC(=N2)C3C(=O)C4=CC=CC=C4C3=O,True,5.702984006422219,5.552997101533838,,5.752984709468168
CC(C)(C)C(=O)C1C(=O)C2=CC=CC=C2C1=O,True,4.300820643222318,4.725821261026452,,4.200820712543974
CCCCOCCOC(=O)CCCCCCCCC(=O)OCCOCCCC,False,4.3988649544426,4.498865393540615,,
CC(C)CC(=O)C1C(=O)C2=CC=CC=C2C1=O,False,4.348864512263225,4.798865170407076,,
C1CC2=CC=CC3=C2C1=CC=C3,False,4.493430545841401,,,
C[Si](C1=CC=CC=C1)(C2=CC=CC=C2)Cl,False,4.509965631083042,5.459971005720584,4.184245647936465,
CC1=C(C(=C(C(=C1C)[N+](=O)[O-])C(C)(C)C)[N+](=O)[O-])C,False,4.698865786166042,4.3988649544426,,
CC1=CNC2=CC=CC=C12,False,4.810029897405945,,,
C1=CC(=C(C(=C1)Cl)C=O)Cl,False,4.15847410274567,,,
C[C@H]1C[C@H]2[C@@H]3CC[C@@]([C@]3(C[C@@H]([C@@H]2[C@@]4(C1=CC(=O)C=C4)C)O)C)(C(=O)CO)O,False,,4.3988649544426,,4.9794463970674006
C1=CC2=C(C=CC=C2O)C(=C1)O,False,4.948862919408721,4.648864911118024,4.3988649544426,
CC1=C(C=C(C(=C1[N+](=O)[O-])OC)C(C)(C)C)[N+](=O)[O-],False,5.702064493640353,4.452062925898455,,
CN1CCN(CC1)C(C2=CC=CC=C2)C3=CC=CC=C3.Cl.Cl,False,,,5.26003230324049,
CC(C)N1C(=O)C2=CC=CC=C2C1=O,False,4.448864857638396,,,
C(=O)(C(C(C(C(C(F)(F)F)(F)F)(F)F)(F)F)(F)F)O,False,,4.798865170407076,,
C1=CC=C(C=C1)C2=CC=CC=C2F,False,4.439733406723346,,,
CC(=C)[C@H]1CC2=C(O1)C=CC3=C2O[C@@H]4COC5=CC(=C(C=C5[C@@H]4C3=O)OC)OC,False,4.445870796268959,5.010029874726081,4.403728280852453,5.010029874726081
C1=CC=C(C=C1)C(=O)CC(=O)C(F)(F)F,False,4.3421766792544245,4.442176515926243,,
C1=NC(=S)C2=C(N1)N(C=N2)[C@H]3[C@@H]([C@@H]([C@H](O3)CO)O)O,False,,4.760030197409634,,
C1=CC=C(C=C1)NC(=S)N,False,4.19147709550024,4.391477175507188,4.545170912904794,4.409311387450079
CC(C)(C)C1=NNC(=S)N(C1=O)N,False,,4.148864616843579,,
C1=CC=C(C=C1)C2=CC=CC=C2C3=CC=CC=C3,False,5.498858544712217,4.598864942530007,,
C1=CC(=C(C=C1[N+](=O)[O-])Cl)F,False,4.197449292591688,,,
CCC1=CC2=C(C=C1)C(=O)C3=CC=CC=C3C2=O,True,5.698861444284984,4.998863636444484,4.648864911118024,4.748865707419434
CC1=CC2=C(C=C1)C(=O)C3=CC=CC=C3C2=O,True,5.050283175565596,4.900284837648976,4.550284076611865,5.1502858328530134
C1CCC(CC1)OC(=O)C2=CC=CC=C2C(=O)OC3CCCCC3,False,4.425991895262334,4.6259907664355016,,5.02599059229277
C1=CC=C(C=C1)OC(=O)C2=CC=CC=C2C(=O)OC3=CC=CC=C3,False,5.2488672255444015,4.848866210191896,,
C1=CC=C2C(=C1)C(=O)C3=CC=CC=C3C2=O,False,6.671212799645465,,,
CCOC(=O)C1=CC=CC=C1C(=O)OCC,False,5.49517114622264,4.24147717967546,,
C(=O)(C(C(C(C(C(C(F)(F)F)(F)F)(F)F)(F)F)(F)F)(F)F)O,False,,5.19886394724405,,
CC(C)COC(=O)C1=CC=CC=C1C(=O)OCC(C)C,False,5.073686455302559,4.698687841082801,4.3485107066057225,
C(=O)(C(C(C(C(C(C(C(C(F)(F)F)(F)F)(F)F)(F)F)(F)F)(F)F)(F)F)(F)F)O,False,,5.748873015022128,,
CCOC(=O)COC(=O)C1=CC=CC=C1C(=O)OCC,False,5.098863295458348,4.498865393540615,,
CCCCCCOC(=O)C1=CC=CC=C1C(=O)OCCCCCC,False,4.944297905295785,4.894299274290427,,5.15644079623161
CCCCCCCCCOC(=O)C1=CC=CC=C1C(=O)OCCCCCCCCC,False,4.4495735070633335,4.499574145995192,4.199573693981921,4.949573838971319
CS(=O)C,False,,4.498865393540615,,
C1=CC=C2C(=C1)C=CC3=C2C=CC=N3,True,5.300287767961559,,4.6252864246142265,4.051706872992785
C1=CC(=C(C=C1F)F)[N+](=O)[O-],False,4.391759132634587,,,
C1=CC=C(C=C1)C(=O)C2=C(C=CC(=C2)Cl)O,False,4.921307610277788,4.521306553147604,4.421306936271737,
CCC1=C(C(=C(C(=C1Br)Br)Br)Br)Br,False,5.2488672255444015,,,
C1=CC(=CC=C1C=O)F,False,,,4.448864857638396,
C1=CC(=C(C(=C1Cl)CC(=O)O)Cl)Cl,False,4.598864942530007,4.198864633756791,,4.898864942667959
CC(=O)NC1=C(C=C(C(=C1I)C(=O)O)I)I,False,4.560029756289291,,4.560029756289291,
C1C=CCC2C1C(=O)NC2=O,False,,4.148864616843579,,
C1C=CCC2C1C(=O)OC2=O,False,,,4.497096510006717,
C1=COC(=C1)C(=O)C(=O)C2=CC=CO2,False,4.444981771347469,,4.444981771347469,
CCCC(C1=CC(=C(C=C1C)O)C(C)(C)C)C2=CC(=C(C=C2C)O)C(C)(C)C,False,4.443576878628715,5.543573230631168,4.643578292615322,5.293580951166232
CCCCC(CC)COC(=O)C1=CC=CC=C1C(=O)OCCCC,False,4.99850859073798,4.948511752950068,,5.098508985143257
C1CN(CCC12C(=O)NCN2C3=CC=CC=C3)CCCOC4=CC=C(C=C4)F,False,,,6.310069895981782,
CCCCOC(=O)COC(=O)C1=CC=CC=C1C(=O)OCCCC,True,4.8499307305064585,5.174930685780355,4.224929760852237,4.49993026194233
C1=CC=C2C(=C1)C(=C3C=CC=CC3=C2Br)Br,False,6.543026986364183,,,
CC1=NC2=CC=CC=C2C(=O)O1,False,4.346743093946517,,,
CCN(C1=CC=CC=C1)C(=O)N(CC)C2=CC=CC=C2,False,,4.698865786166042,,
C1OC2=C(O1)C=C(C=C2)O,False,4.502063238149031,4.802063670004671,4.4020636063582606,4.502063238149031
C1=CC=C(C=C1)C2=CC=CC=C2[N+](=O)[O-],False,5.798520941053911,4.648510976263629,,
C1=CC=C(C=C1)NC2=CC=CC=C2N,False,5.247452208538698,4.647448970518927,4.497449983873096,4.497449983873096
CCCCOC1=CC=C(C=C1)C(=O)CCN2CCCCC2.Cl,False,,4.860029658404407,5.26003230324049,
CCN1C2=CC=CC=C2C3=CC=CC=C31,False,5.548858579207237,4.198864633756791,,
C1=CC=C(C=C1)C(C#N)C2=CC=CC=C2,False,4.473865125589505,4.598865589853329,4.198864633756791,
C1=CC=C(C=C1)N(C2=CC=CC=C2)N=O,False,4.478872797898332,4.453872555310971,4.6588801808648075,
C1=CC=C2C(=C1)C=CC=C2[N+](=O)[O-],False,5.448690053659993,,,
CC1=CC=C(C=C1)C2OC[C@H]3[C@@H](O2)[C@H](OC(O3)C4=CC=C(C=C4)C)[C@@H](CO)O,False,,,,5.073145860847744
CCCC[N+]1([C@@H]2CC(C[C@H]1[C@H]3[C@@H]2O3)OC(=O)[C@H](CO)C4=CC=CC=C4)C.[Br-],False,,,5.810032701648728,
C1=CC=C(C=C1)OCCBr,False,4.171730435066144,,4.247449905206265,
C1=CC(=CC=C1CBr)Br,False,,,4.3988649544426,
C1C2=CC=CC=C2C3=CC=CC=C31,False,4.995519537229541,4.598864942530007,,
CN(C)CCCN1C2=CC=CC=C2CCC3=C1C=C(C=C3)Cl.Cl,False,4.648864911118024,4.148864616843579,5.698861444284984,4.648864911118024
C1=CC=C2C(=C1)C3=CC=CC=C3N2,True,5.652608080582823,,4.2309536910754835,
C1=CC=C(C=C1)C(=O)OC2=CC=CC3=C2N=CC=C3,False,4.760030197409634,,,
C[C@]12CC[C@H]3[C@H]([C@@H]1CC[C@H]2O)CCC4=C3C=CC(=C4)O,True,4.57017156433954,4.941479078900663,,4.641476968171192
[C-]#N.[C-]#N.[K+].[Au+],False,4.3988649544426,4.448864857638396,,
C1=CC(=CC=C1COC(CN2C=CN=C2)C3=C(C=C(C=C3)Cl)Cl)Cl.[N+](=O)(O)[O-],False,5.96003097313254,6.26003230324049,6.550675906901273,6.828858848971618
CC1=C(C(=O)N2CCSC2=N1)CCN3CCC(CC3)C(=O)C4=CC=C(C=C4)F,False,4.460029874171644,,6.310069895981782,4.810029897405945
C1=CC(=CC=C1C(=O)O)OCCCOC2=CC=C(C=C2)C(=O)O,False,,,5.110031956768376,
C1=CC=C2C(=C1)C=CC=C2CC(=O)O,False,4.554447609690319,,4.648864911118024,
C1CN(CCC12CNC(=O)O2)CCC3=CC=CC=C3.Cl,False,,,4.810029897405945,
C1=CC2=C(C=CN=C2C=C1Cl)Cl,False,5.4488672992713925,,,
CC1=CC(=O)OC2=C1C=CC(=C2)N(C)C,False,5.19886394724405,4.098864931407043,,4.448864857638396
C1=CC2=C(C=C(C=C2C=C1N)S(=O)(=O)O)O,True,4.0981565969320535,4.148864616843579,4.423510549134905,
C1=CC=C(C=C1)N2C=C(C(=N2)C3=CC=C(C=C3)Cl)CC(=O)O,False,,5.26003230324049,,
C1CC1C(C2CC2)NC3=NCCO3,False,,,4.810029897405945,
CN1CCN2C3=C(C=C(C=C3)OC)C4=C2C1=NCC4,False,4.810029897405945,,4.860029658404407,
C1=CC=C(C=C1)NC(=O)C2=CC=CC=C2O,True,5.298863933907473,4.498865393540615,4.198864633756791,
CC(C)COC(=O)C1=CC=CC=C1O,False,4.3988649544426,,,
CCOC(=O)C1=CC=CC=C1N,False,4.500107904403812,,,
CCN(C1=CC=CC=C1C)C(=O)/C=C/C,False,4.498865393540615,4.3988649544426,,
CCNC(=O)/C=C/C1=CC(=CC=C1)Br,False,5.560036064079095,,,
C[C@@H]1CC[C@H]2[C@H](C(=O)O[C@H]3[C@@]24[C@H]1CC[C@](O3)(OO4)C)C,False,6.209996479609511,,,
CCN1CCC[C@H]1CNC(=O)C2=C(C=CC(=C2)S(=O)(=O)N)OC,False,,,4.810029897405945,
CC(=O)O[C@@H]1[C@H]2[C@H]([C@@H](C(=O)O2)OC(=O)C)OC1=O,False,4.510030276850633,,,
CCN1CCCC1CNC(=O)C(C2=CC=CC=C2)(C3=CC=CC=C3)O,False,,,5.360025701545049,5.310025555333226
C[C@]12CCC(=O)C=C1[C@@H]3C[C@@H]3[C@@H]4[C@@H]2CC[C@]5([C@H]4[C@@H]6C[C@@H]6[C@@]57CCC(=O)O7)C,False,,4.510030276850633,,
CCNC(=O)NCC1=CC(=CC=C1)Cl,False,,,,4.810029897405945
CC1=C(C(C(=C(N1)C)C(=O)OC)C2=CC=CC=C2OC(F)F)C(=O)OC,False,,5.510027465964983,,5.310025555333226
CC1=C(C(=CC=C1)N)C,False,4.491012768001568,,4.891013835120545,4.43316080919089
C1=C(C=C(C(=C1S(=O)C2=C(C(=CC(=C2)Cl)Cl)O)O)Cl)Cl,False,4.460029874171644,4.760030197409634,,
CC1=C(C=CC=C1Cl)N,False,4.748510219277646,4.448510966075284,,
C1CCN(C1)CC#CC(C2=CC=CC=C2)(C3=CC=CC=C3)O,False,,4.860029658404407,4.9100313379205005,5.660032085297399
CC1=C(C(=CC=C1)C)N,False,4.377888084516898,,4.604921846138267,
C1=CC(=C(C(=C1)Cl)O)Cl,False,4.208158531752934,,,
C(=C(Cl)Cl)(C(=C(Cl)Cl)Cl)Cl,False,,,4.426344124897622,
CC(C)(C)C(=O)OC,False,4.192176214764559,4.442176515926243,,
C1(=C(C(=C(C(=C1Br)Br)Br)Br)Br)Br,False,7.061480274823508,,,
CC1=CC=C(C=C1)OC(=O)C2=CC=CC=C2O,True,4.448864857638396,4.448864857638396,,
C([C@H](C([C@H](CO)O)O)O)O,False,,4.425627221589781,,
CCCCCCCC/C=C\CCCCCCCC(=O)N(C)CC(=O)O,False,,4.348864512263225,,
C1=C(C=C(C(=C1Cl)O)Cl)Cl,False,4.426177802301483,4.226177899964862,4.253491126332593,
CN1CCN(CC1)C2=CC=CC=C2/C=C\3/C(=O)N(CCS3)C4=CC(=C(C=C4)Cl)Cl,False,4.448864857638396,4.998863636444484,5.048866560110487,5.39886386639293
CC(C)C(=O)C1=CC=CC=C1,False,4.237451969254929,,,
C1=CC(=CC=C1C(=O)C2=CC=C(C=C2)O)O,False,4.3988649544426,,4.148864616843579,4.423145748029465
C[C@@H](C1=NC=NC=C1F)C(CN2C=NC=N2)(C3=C(C=C(C=C3)F)F)O,False,4.557158208489572,4.860029658404407,,5.610036963564112
CC[C@@H]1[C@@]([C@@H]([C@H](/C(=N/OCOCCOC)/[C@@H](C[C@@]([C@@H]([C@H]([C@@H]([C@H](C(=O)O1)C)O[C@H]2C[C@@]([C@H]([C@@H](O2)C)O)(C)OC)C)O[C@H]3[C@@H]([C@H](C[C@H](O3)C)N(C)C)O)(C)O)C)C)O)(C)O,False,,,,5.4781822281701436
CC(=CC[C@@H]1[C@@](O1)(C)[C@H]2[C@@H]([C@@H](CC[C@]23CO3)OC(=O)/C=C/C=C/C=C/C=C/C(=O)O)OC)C,False,,4.198864633756791,4.198864633756791,4.3988649544426
CCC1=CC(=C(C(=C1O)C(=O)NC[C@@H]2CCCN2CC)OC)Cl.Cl,False,4.860029658404407,,6.209996479609511,
CC(C)(C)NCC(C1=CC(=C(C(=C1)Cl)N)C(F)(F)F)O.Cl,False,,,4.860029658404407,
CC1=C(OC(=O)O1)COC(=O)[C@H]2C(S[C@H]3N2C(=O)[C@H]3NC(=O)[C@@H](C4=CC=CC=C4)N)(C)C.Cl,False,,4.384310813675443,,6.160019442321658
CC1=CC=CC=C1N2CCN(CC2)CCC3=NN=C4N3CCCC4.Cl,False,4.610029886099158,,4.810029897405945,
C1CCC2=C(C1)C(=C3CCCC3=N2)N.O.Cl,False,,,4.96003097313254,
CC(=O)O[C@H](CC(=O)[O-])C[N+](C)(C)C.Cl,False,,,4.298864798175959,
CN1[C@@H]2CC[C@H]1CC(C2)NC(=O)N3C4=CC=CC=C4NC3=O,False,,,6.060031709448664,
CC/C=C(/C1=CSC(=N1)N)\C(=O)N[C@H]2[C@@H]3N(C2=O)C(=C(CS3)COC(=O)N)C(=O)OCOC(=O)C(C)(C)C.Cl,False,4.53431087074211,4.860030617663223,,5.935027625222405
CO/N=C(\C1=NSC(=N1)N)/C(=O)N[C@H]2[C@@H]3N(C2=O)C(=C(CS3)C[N+]4=C5C=CC=NN5C=C4)C(=O)[O-].Cl,False,4.560029756289291,,,
C1C[C@@H]2CN(C(=O)C3=CC=CC(=C23)C1)[C@@H]4CN5CCC4CC5.Cl,False,,,4.510030276850633,
CC(=O)[C@H]1CC[C@@H]2[C@@]1(CC[C@H]3[C@H]2CC[C@@H]4[C@@]3(CC[C@@](C4)(C)O)C)C,False,4.560029756289291,,,
C1CC1CONC(=O)C2=C(C(=C(C=C2)F)F)NC3=C(C=C(C=C3)I)Cl,False,4.860029658404407,6.209996479609511,,5.010029874726081
CC1=CC(=NC(=N1)O[C@H](C(=O)O)C(C2=CC=CC=C2)(C3=CC=CC=C3)OC)C,False,4.810029897405945,,,4.760030197409634
CS(=O)(=O)O.CS(=O)(=O)O.C=CCNC1=NC(=NC(=N1)N2CCN(CC2)C(C3=CC=C(C=C3)F)C4=CC=C(C=C4)F)NCC=C,False,,,4.810029897405945,5.8600265120155415
CCCCN1C(=O)[C@H](NC(=O)C12CCN(CC2)CC3=CC=C(C=C3)OC4=CC=C(C=C4)C(=O)O)[C@@H](C5CCCCC5)O.Cl,False,,,,4.748865707419434
CCOC(=O)C1=CN=CC=C1,False,4.560029756289291,,,
C1=COC(=C1)C(=O)O,False,4.3988649544426,,,
C1=CC=C(C(=C1)C(F)(F)F)Cl,False,,,4.337649274115613,
CCOC1=CC(=C(C=C1)N)[N+](=O)[O-],False,5.648861041418151,4.448864857638396,4.3988649544426,
CC(C)(C)C1=CC=CC=C1O,False,4.237451969254929,,,
CC1=CC=CC=C1S(=O)(=O)N,False,4.3988649544426,,,
C1=CC=C(C(=C1)N)S(=O)(=O)O,False,,4.208519182033772,,
C1=C(C=C(C(=C1N)O)S(=O)(=O)O)Cl,False,,4.686955766917977,,
CCC1=CC(=C(C(=C1)C(C)(C)C)O)CC2=C(C(=CC(=C2)CC)C(C)(C)C)O,False,,5.4488672992713925,,4.998863636444484
CC(C)(C)C1=CC(=CC(=C1O)C(C)(C)C)CO,False,,4.54043111593557,4.1904308589201404,4.440430891878339
C1=CC=C(C=C1)CN(CC2=CC=CC=C2)O,False,5.298863933907473,,4.348864512263225,4.948862919408721
COC1=CC(=CC(=C1)OC)OC,False,4.560029756289291,,,
C1=CC(=C(C=C1O)C(F)(F)F)[N+](=O)[O-],False,4.198864633756791,4.3988649544426,4.412158878363016,
C[C@H]1[C@H](NC(=O)N1C)C2=CC=CC=C2,False,4.246037960534797,,,
C1=CC=C(C=C1)SCCSC2=CC=CC=C2,True,4.552420287373126,4.5024193982971905,4.202419492050071,
CC1=CC(=C(C=C1)N)S(=O)(=O)O,False,4.167507692988477,4.371045694530716,,
CC1=CC(=C(C=C1Cl)N)S(=O)(=O)O,False,,4.544279814533381,,
CC1=CC(=C(C=C1Cl)S(=O)(=O)O)N,False,,4.493227167601539,,
CC1=CC(=C(C=C1)C(C)(C)C)O,False,4.430866861022635,4.455866812620533,,
C1=CC=C(C(=C1)C(=O)N)N,False,4.4960378112983825,,,
CC(C)C1=CC=CC=C1O,False,4.3988649544426,,,
C1=CC=C(C(=C1)N)[N+](=O)[O-],False,4.396923141805347,,,
C1=CC=C(C(=C1)[N+](=O)[O-])O,False,,,4.219079200348185,
C1=C(C=C(C(=C1C(=O)O)I)I)I,False,4.2162500224160215,4.866250382196278,,
CCOC(=O)CC(=O)CCl,False,4.198864633756791,,,
CCC(C)C1=C(C(=CC(=C1)[N+](=O)[O-])[N+](=O)[O-])O,False,4.198864633756791,4.948862919408721,,
CC(=O)O[C@H]1C[C@@H]2CC[C@]1(C2(C)C)C,False,4.198864633756791,,,
C1=CC=C2C(=C1)C=C(C(=N2)C(=O)O)C(=O)O,False,4.348864512263225,,,
C1=C(C=C(C(=C1C(=O)O)Cl)[N+](=O)[O-])Cl,False,4.580563899211593,4.3988649544426,,
C(CO)C(C(C(C(C(C(F)(F)F)(F)F)(F)F)(F)F)(F)F)(F)F,False,4.498865393540615,,,
C1=CC=C(C(=C1)C(=O)N)C(=O)N,False,4.397096126314551,4.197096347764532,4.397096126314551,4.197096347764532
C1=CC=C(C=C1)C2=C(N=CN2)C3=CC=CC=C3,False,5.090599103634881,4.510030276850633,4.610029886099158,5.010029874726081
C1=CC(=C(C=C1S(=O)(=O)N)S(=O)(=O)N)Cl,False,,,4.510030276850633,
CCCCCCCCOC(=O)C1=CC(=C(C=C1)C(=O)OCCCCCCCC)C(=O)OCCCCCCCC,False,,4.293577535908005,,
CCCO[Si](OCCC)(OCCC)OCCC,False,4.306118789647335,,,
C1=C2C(=CC3=C1C(=O)OC3=O)C(=O)OC2=O,False,4.148864616843579,,,
C1=CC=C(C=C1)SCCO,False,4.3988649544426,,,
C1=CC2=C(C=C1[N+](=O)[O-])C(=O)NC2=O,False,4.544981456933025,4.144982056085977,4.194981959547696,4.494981687151477
COC1=CC=C(C=C1)CCO,False,4.3988649544426,4.498865393540615,,
CC(C)(C)C1=CC(=CC(=C1O)C(C)(C)C)[N+](=O)[O-],False,4.448864857638396,4.898864942667959,4.248864914695038,
C1=CC=C(C=C1)OC(=O)C2=CC(=CC=C2)C(=O)OC3=CC=CC=C3,False,4.575652580128065,5.125993905340875,4.775990374263849,
CC1=CC(=C(C=C1)N)[N+](=O)[O-],False,4.776535591797572,,4.404206267132018,4.204206155229737
C(C(C(C(C(F)(F)S(=O)(=O)N)(F)F)(F)F)(F)F)(C(C(C(F)(F)F)(F)F)(F)F)(F)F,False,,6.148864004988426,,
C1=CC(=C(C=C1Cl)[N+](=O)[O-])N,False,5.003133857090565,,4.4531342034847095,
C1=CC=C2C(=C1)NC(=S)S2,True,4.648864911118024,4.898864942667959,4.548864726812244,4.648864911118024
CCCCCCCCC(=O)Cl,False,4.143928182372226,,,
CC1=CC(=C(C=C1Cl)C(C)C)O,False,4.754447841785994,4.729447404261984,4.148864616843579,4.3988649544426
CCCCCCCCCCCCSC#N,False,4.598864942530007,,,
C1=C(C(=CC(=C1Cl)Cl)Cl)[N+](=O)[O-],False,5.25099843329558,,,
CCC(C)C1=CC=CC=C1O,False,4.425285687118639,4.2002858513541135,,4.198864633756791
CC(C)(C)C1=CC=C(C=C1)N,False,,,,4.648864911118024
CC(=O)C1=CC2=C(CCCC2)C=C1,False,4.448864857638396,,,
CC1=CC(=C(C=C1)C(C)C)O,False,4.6544476454732795,4.516587697666245,,
CC(=O)C1=CC2=C(C=C1)C3=CC=CC=C3C2,True,5.74816718137136,4.89815673223378,,
CC1=CC(=C(C=C1)[N+](=O)[O-])C,True,4.273105786748373,4.3985103945772215,,
C1=CC=C(C(=C1)C(=O)C2=C(C=CC(=C2)Cl)N)F,False,4.810029897405945,4.810029897405945,,
C1=CC(=CC=C1C(=O)NC2=CC=C(C=C2)N)N,True,,,,5.1981574147030525
C1=CC=C(C=C1)[Si](C2=CC=CC=C2)(C3=CC=CC=C3)O,False,,6.248874928464416,,
CCOC(=O)[C@@H]([C@H](C(=O)OCC)O)O,False,4.3988649544426,,,
CC[C@@H](C1=CC=CC=C1)N,False,4.3985103945772215,,4.698509895999561,4.448510966075284
CCC1=CC=CC=C1O,False,4.399929398301614,4.450994284340003,4.450994284340003,4.5009951303440445
C1=CC=C(C(=C1)[N+](=O)[O-])[O-].[Na+],False,4.187452272734479,,,
C(CO)N,False,4.148864616843579,4.248864914695038,4.3988649544426,4.123145622374953
COC1=CC=CC=C1N,False,4.491128366669093,4.391128593646096,4.419112219235478,4.391128593646096
C1=CC(=CC(=C1)[N+](=O)[O-])C(=O)[O-].[Na+],False,4.198864633756791,,,
CC1=CC=CC2=CC=CC=C12,False,,,4.392526747522998,
C1=CC=C2C(=C1)C=CC=C2Cl,False,4.2067182190885,,,
C1=CC=C(C(=C1)C(=O)C2=CC=CC=C2O)O,False,5.303137084234035,4.203133691513257,4.6031331549385905,
C1=CC=C2C(=C1)C=CC=C2O,False,5.468253095967706,4.368257023354682,4.193256775592772,4.405397515630688
C1=CC=C(C=C1)NC(=S)NC2=CC=CC=C2,False,4.441477424108571,4.391477175507188,4.441477424108571,4.541476970953398
CCOC(=O)C(C)C(=O)C,False,4.445686531595555,,,
COC1=CC=C(C=C1)C#N,False,4.498865393540615,,,
C1=CC=C(C=C1)NC2=CC=CC3=CC=CC=C32,True,4.995871548433775,4.445871033554917,4.320870864755406,4.245870692632768
C1=CC=C(C=C1)C2=CC=CC=C2N,False,4.451350206101622,4.50135041526701,4.401350634527242,4.7513500561254345
C1CCN(CC1)CN2CCCCC2,False,,,4.998863636444484,
C1=CC=C(C=C1)C2=CC=CC=C2O,False,4.74868796334854,4.323687697467021,4.398687674509911,
C1C2=CC=CC=C2C(=O)C3=CC=CC=C31,False,6.3453422453504755,4.89533538319837,,4.595333878151315
C1=CC=C2C(=C1)C(=O)C3=CC=CC=C3O2,True,6.298863933907474,4.448864857638396,,
C1=CC(=CC2=C(C=C(C=C21)S(=O)(=O)O)O)N,False,4.401350634527242,4.451350206101622,4.351350230734114,
C(COCCOCCN)N,False,,,4.598864942530007,
CN(C)CC1=CC(=C(C(=C1)CN(C)C)O)CN(C)C,False,,,4.099218986588969,
CC(C)(C)C(=O)C1=CC=CC=C1,False,4.3988649544426,,,
CN(C)C1=CC=C(C=C1)C(=O)C2=CC=C(C=C2)N(C)C,True,4.925999622419354,4.510277538688831,4.306118789647335,4.7009994246878275
CN1C(=O)C2=C(N=CN2)N=C1N,False,4.203490885234686,,4.3534913891302915,4.203490885234686
C1=CC(=CC=C1C(=O)C2=CC=C(C=C2)Cl)Cl,False,5.648861041418151,5.19886394724405,,
C1CCC(CC1)(C(=O)C2=CC=CC=C2)O,False,4.3988649544426,4.3988649544426,,
CNC(=O)C(C1=CC=CC=C1)C2=CC=CC=C2,False,4.3988649544426,4.448864857638396,,
CC1=C(C=CC=C1N=C=O)N=C=O,False,4.087558725274394,,,4.740430010356441
B(C1=CC=CC=C1)(C2=CC=CC=C2)C3=CC=CC=C3,True,4.649219134652261,4.499218939739157,4.5492198987067605,4.449219037810705
COC1=C(C(=CC=C1)OC)O,False,4.448864857638396,4.448864857638396,5.048866560110487,
C1CCN(CC1)C(=S)SSSSSSC(=S)N2CCCCC2,True,,4.906319216402507,,
CC(C)(C)C1=CC=C(C=C1)OP(=O)(OC2=CC=CC=C2)OC3=CC=CC=C3,False,4.746037176626294,5.196037866904468,,
C1=CC=C2C(=C1)N=CC=N2,False,4.384882530248055,,,
C1CNCC2=CC=CC=C21,False,4.276236572325217,4.487649188930126,4.787649898617224,4.244903380700293
C1=CC=C2C(=C1)C=CC=N2,False,4.448864857638396,,,
COC1=CC=CC=C1[N+](=O)[O-],False,4.423864906040498,,,
[C@@H]([C@H](C(=O)O)S)(C(=O)O)S,False,,4.460029874171644,,
CCN(CC)C1=CC2=C(C=C1)C(=CC(=O)O2)C,True,5.622097873269423,,,4.547099635845965
C1=CC=C2C(=C1)C(=O)C(=O)N2,False,4.352419490391308,,,
CC1=CC2=CC=CC=C2C=C1,False,4.163596756210328,,,
C1=CC=C2C=C(C=CC2=C1)Cl,False,4.159853741436869,,4.385573172934352,
CCCCCCN1C(=O)C2=C(N=CN2C)N(C1=O)C,False,4.810029897405945,,,
C1=CC=C2C=C(C=CC2=C1)N,False,5.381229150065286,4.556230966007937,4.706231263624975,4.606231058160827
CC1=CC2=C(C=C1)N=CC=C2,False,4.3988649544426,4.148864616843579,,
CCN(CC)C1=CC=CC=C1,False,,4.148864616843579,,
C=CC(=O)OCCCCOC(=O)C=C,False,4.3988649544426,4.348864512263225,,
CCN(CC)C1=CC(=CC=C1)O,False,4.440082607465586,5.064361760231508,4.440082607465586,4.490082757542072
C1=CC=C(C=C1)C2=NC(=NC(=N2)N)N,False,4.4506422912659085,,,
CN(C)CCN(CC1=CSC=C1)C2=CC=CC=N2,False,,,5.510027465964983,
CCN(CCO)C1=CC=CC(=C1)C,False,4.498865393540615,4.3988649544426,,4.448864857638396
C1=CC=C(C=C1)C[P+](C2=CC=CC=C2)(C3=CC=CC=C3)C4=CC=CC=C4.[Cl-],False,,,6.698970004336019,
COC1=C(C=CC(=C1)C2=CC(=C(C=C2)N=C=O)OC)N=C=O,False,,,,4.862231417538954
C1=CC(=C(C=C1C2=CC(=C(C=C2)N)Cl)Cl)N,True,5.828712449347139,4.9287109516400065,,4.9287109516400065
C1=CC=C2C(=C1)NC(=S)N2,False,4.448333843351638,4.248864914695038,,5.1733344131289165
C1=CC(=C(C=C1C2=CC(=C(C=C2)N)N)N)N,False,4.898864942667959,5.39886386639293,,5.498858544712217
CC1=CC(=C(C=C1C)Cl)O,False,4.598864942530007,,,
C1=CC=C(C=C1)C2=CC(=CC=C2)C3=CC=CC=C3,True,5.346569403008235,4.596572362825702,,
CC(=O)CC(=O)NC1=CC=CC=C1OC,False,4.526893821878129,,,4.245770923323382
CC1=NN(C(=C1)N)C2=CC=CC=C2,False,4.3988649544426,4.448864857638396,4.448864857638396,
C1(=C(C(=NC(=C1Cl)Cl)C(Cl)(Cl)Cl)Cl)Cl,False,5.59885804480627,4.498865393540615,4.648864911118024,5.298863933907473
CC1=CC2=C(C=C1N)SC3=CC(=[N+](C)C)C=CC3=N2.[Cl-],True,5.310025555333226,4.810029897405945,5.060031709448664,5.410028070483141
C1=CC=C(C=C1)C(=O)C2=C(C(=C(C=C2)O)O)O,False,,4.37192310833923,4.296923456995148,
C1=CC=C2C(=C1)NC3=C(S2)C=CC(=C3)Cl,False,6.310069895981782,4.96003097313254,,
CCC1=NC(=C2C=C(C(=CC2=C1)OC)OC)CC3=CC=CC=C3,False,5.160031997995545,4.860029658404407,4.760030197409634,5.560036064079095
C1CN(NC1=O)C2=CC=CC=C2,False,4.447095844824859,4.94709454009246,4.497096510006717,4.447095844824859
C1=CC=C2C=C(C(=CC2=C1)O)O,False,4.498865393540615,4.3988649544426,,4.3988649544426
CC(CCOC(=O)C(=C)C)OC(=O)C(=C)C,False,4.448864857638396,4.3988649544426,,
CC1=CC2=C(C=C1)OC(=O)C=C2,False,4.517564568513693,,,
C1CCC(CC1)C2CCCCC2,False,4.3988649544426,,,
C1CN(CCN1)C2=CC=CC=C2,False,4.560029756289291,,,
CC(=O)OC(C1=CC=C(O1)[N+](=O)[O-])OC(=O)C,False,4.191128294647675,4.391128593646096,4.4411282997502255,
CCN(CC1=CC=CC=C1)C2=CC=CC=C2,False,4.454206894211393,4.504205980225132,,
C1=CC=C(C=C1)C2=CC=C(C=C2)Br,True,5.199929346888801,,,
CC1=CC2=C(C=C1)SC3=CC=CC(=C32)C,False,5.698861444284984,,,
C1=CC=C(C=C1)C2=CC=C(C=C2)N,True,5.286954900113093,4.636956170510241,4.336956194605917,4.736956016686834
C1=CC=C(C=C1)C(=CC=O)C2=CC=CC=C2,False,4.6949820042388275,4.6949820042388275,4.394981704415236,
C1=CC=C(C=C1)C2=CC=C(C=C2)O,True,4.876714371057826,4.4017146808565375,4.504563902680813,
C1=CC=C2C=C(C(=CC2=C1)C(=O)O)O,True,4.3988649544426,4.325285661400926,4.448864857638396,
C1=CC=C2C(=C1)NC3=CC=CC=C3S2,False,6.24471945255522,4.598864942530007,4.598864942530007,5.104447857218545
C1=CC(=CC=C1C2=CC=C(C=C2)N)N,True,4.726357242164649,4.52635678353052,4.2281293280127885,4.72635703890017
C1=CC(=CC=C1C2=CC=C(C=C2)O)O,True,4.4960378112983825,,,4.146038493387563
CCN(CC)CCOC(=O)C(C)(C1=CC=CC=C1)C2=CC=CC=C2,False,,4.9100313379205005,5.810032701648728,6.560036064079095
CC(=O)C1=CC=C(C=C1)C2=CC=CC=C2,True,5.298863933907473,4.798865170407076,,
CCOC(=O)OC1=C(C=C(C=C1)CCNC(=O)[C@H](CCSC)NC(=O)C)OC(=O)OCC,False,,4.760030197409634,,4.484310903139638
C1=CC=C(C=C1)C2=CC=C(C=C2)C3=CC=CC=C3,True,5.44967990428036,,,
C1=CC2=C(C=CC(=C2)S(=O)(=O)O)C=C1N,False,4.098864931407043,4.198864633756791,4.3988649544426,
CC(C)NCC(COC1=CC=CC=C1OCC=C)O.Cl,False,4.860029658404407,,5.010029874726081,
COC1=CC2=CC=CC=C2C=C1,False,4.498865393540615,,,
CCN(CC)C1=CC=C(C=C1)N,True,4.386956703353826,4.486955619388075,4.686955766917977,4.736956016686834
CC[C@@]12CCCN3[C@@H]1C4=C(CC3)C5=CC=CC=C5N4C(=O)C2,False,,4.760030197409634,6.709965388637482,5.360025701545049
CC1=C2C=CC=NC2=C(C=C1)O,False,4.810029897405945,,,
CC(=O)C1=CC2=CC=CC=C2C=C1,False,4.998863636444484,,4.31742084614685,
CC(=O)N1CCN(CC1)C2=CC=C(C=C2)O,False,4.510030276850633,,,
CCOC1=CC=C(C=C1)C(C)(C)COCC2=CC(=CC=C2)OC3=CC=CC=C3,False,4.517420807802473,5.148864004988426,4.448864857638396,
CC1=C(C(=CC=C1)C)NC(=O)CN2CCCCCC2,False,,,4.96003097313254,
COC1=C(C=C(C=C1)CC=C)OC,False,4.596396784654946,4.3988649544426,,
C1C2CN(CC1CN(C2)C(=O)C3=CC=C(C=C3)N)CC4=CC=CC=C4,False,4.510030276850633,4.810029897405945,4.810029897405945,6.060031709448664
CC[C@@H]1[C@@]([C@@H]([C@H](C(=O)[C@@H](C[C@@]([C@@H]([C@H]([C@@H]([C@H](C(=O)O1)C)O[C@H]2C[C@@]([C@H]([C@@H](O2)C)O)(C)OC)C)O[C@H]3[C@@H]([C@H](C[C@H](O3)C)N(C)C)OC(=O)CC)(C)O)C)C)O)(C)O,False,,,,5.610036963564112
CC(CC1=CC2=C(C=C1)OCO2)NC.Cl,False,,,6.459295216689238,
CCC1(CC2=CC=CC=C2C1)C3=CN=CN3,False,4.96003097313254,5.96003097313254,6.060031709448664,6.709965388637482
CN(CCC1=CC=C(C=C1)NS(=O)(=O)C)CCOC2=CC=C(C=C2)NS(=O)(=O)C,False,,,,4.860029658404407
CS(=O)(=O)O.C1CCC2(C1)CC(=O)N(C(=O)C2)CCNCC3COC4=CC=CC=C4O3,False,,,6.560036064079095,6.460046158343603
CN(C)[C@@H](CCOC1=CC=CC2=CC=CC=C21)C3=CC=CC=C3,False,5.26003230324049,4.810029897405945,6.010016541698601,6.010016541698601
CC(=O)C1=CC(=C(C=C1)OCCCN2CCC(CC2)C3=NOC4=C3C=CC(=C4)F)OC,False,,,4.96003097313254,6.560036064079095
CCCC(=O)O[C@@]1([C@H](C[C@@H]2[C@@]1(CC(=O)[C@]3([C@H]2CCC4=CC(=O)C=C[C@@]43C)F)C)C)C(=O)CCl,False,,4.810029897405945,5.210031697910783,6.010016541698601
CN1CCN(CC1)C2=NC3=CC=CC=C3OC4=C2C=C(C=C4)Cl.C(CC(=O)O)C(=O)O,False,,,5.310025555333226,4.810029897405945
C1=CC(=C(C(=C1)Cl)CC(=O)N=C(N)N)Cl.Cl,False,,,4.510030276850633,
CCOCCOC(=O)C(=C)C,False,4.396743007005474,4.4467433912537,4.496743323600061,
CC(CCC1=CC=CC=C1)NCC(C2=CC(=C(C=C2)O)C(=O)N)O.Cl,False,,,6.248874928464416,
CCN(CC)CCCN(C1CC2=CC=CC=C2C1)C3=CC=CC=C3.Cl,False,4.710029980825098,,6.360015751958412,
C[C@H]1C[C@H]2[C@@H]3C[C@@H](C4=CC(=O)C=C[C@@]4([C@]3([C@H](C[C@@]2([C@]1(C(=O)COC(=O)C)OC(=O)C)C)O)F)C)F,False,,4.760030197409634,,
CCN(CC)CCNC(=O)C1=CC=C(C=C1)NC(=O)C.Cl,False,,,4.760030197409634,
C1=CC=C2C=C(C=CC2=C1)NC3=CC=C(C=C3)NC4=CC5=CC=CC=C5C=C4,False,4.422451783601324,4.936694794152741,,
CCOC1=CC=CC=C1OCC2CNCCO2.Cl,False,6.310069895981782,,4.710029980825098,4.784310895238833
CC1=CC(=C(C=C1)O)OC,False,4.3988649544426,,,
C1=CC=C(C=C1)C(CBr)Br,False,4.148864616843579,4.148864616843579,5.148864004988426,
C1=CC(=CC(=C1)Cl)C(C2=CC3=C(C=C2)N=CN3)N4C=CN=C4.Cl,False,4.760030197409634,4.96003097313254,4.510030276850633,6.410050398674292
CC(C=O)C1=CC=CC=C1,False,4.267420498373938,4.448864857638396,,
CNCCCC12CCC(C3=CC=CC=C31)C4=CC=CC=C24.Cl,False,4.148864616843579,4.698865786166042,5.648861041418151,6.498803757972912
COP(=O)(OC)SCN1C2=C(C=C(C=N2)Cl)OC1=O,False,4.3988649544426,4.498865393540615,4.3988649544426,
CC1=C(C2=CC3=NC(=CC4=NC(=CC5=C(C(=C(N5)C=C1N2)C=C)C)C(=C4CCC(=O)[O-])C)C(=C3C)CCC(=O)[O-])C=C.[Na+].[Na+],False,,,4.760030197409634,
C([C@@H]1[C@@H]([C@@H]([C@H]([C@H](O1)O[C@]2([C@H]([C@@H]([C@H](O2)CCl)O)O)CCl)O)O)Cl)O,False,4.396038709564252,,,
C[N+]1(CCCCC1)CCC(C2=CC=CC=C2)(C3=CC=CC=C3)C(=O)N.[Br-],False,,,5.060031709448664,
C1=CC=C(C=C1)C(CO)O,False,4.498865393540615,,,
C[N+](C)(C)CCOC(=O)C(C1=CC=CC=C1)(C2=CC=CC=C2)O.[I-],False,,,4.810029897405945,
CC1=C(C=CC(=C1)Cl)OC(C)C(=O)O,False,4.4059988224744275,4.35599887965782,,
CC1=CC=CC=C1NC(=O)CC(=O)C,False,4.396396647900923,4.221396424575653,,
CC1=CC=CC=C1N=C(N)N=C(N)N,False,,,5.098863295458348,
CC(C(=O)O)OC1=CC(=C(C=C1Cl)Cl)Cl,False,,4.547802483751247,,
COC1=CC(=CC(=C1OC)OC)CCN.Cl,False,4.561940468919985,,,
C1CN(CCN1CCCN2C3=CC=CC=C3C=CC4=CC=CC=C42)CCO.Cl.Cl,False,,,4.860029658404407,5.360025701545049
CN1C=NC2=NC=NC(=C21)N,False,4.750970499764947,,,
CC(C)(CC1=CC=CC=C1)NC.CC(C)(CC1=CC=CC=C1)NC.OS(=O)(=O)O,False,,,5.010029874726081,
C1CN(CCN1CCOCCO)C(C2=CC=CC=C2)C3=CC=C(C=C3)Cl.Cl,False,,4.404564407270476,6.5045944368538064,
CCCC1=CC(=C(C=C1)OCC(=O)N2CCN(CC2)C(=O)COC3=C(C=C(C=C3)CCC)OC)OC,False,,5.460033632003287,,6.709965388637482
C1=CC=C(C=C1)CN=CC2=CC=CC=C2O,True,,,4.510030276850633,5.160031997995545
CC1=CC=C(C=C1)C(=O)C2=C(C=C(C=C2)OC)O,True,4.7439272006747375,4.943926436701751,4.193927934456267,
COC1=CC(=CC(=C1)O)O,False,4.460029874171644,,,5.060031709448664
CC(=O)CC(=O)C1=CC=CC=C1,False,4.5460383409682175,4.246037960534797,,4.143166021859697
C1=CC=C(C=C1)C(=O)OC2=CC=CC=C2,True,4.323687691551199,,,
C1COCCN1CCCC2=CC=C(C=C2)COC3=CC=CC=C3,False,,4.560029756289291,4.860029658404407,5.060031709448664
CCOC(=O)CC(=O)C1=CC=CC=C1,False,4.548864726812244,4.448864857638396,,
CCCOC1=CC2=C(C=C1)[C@H]3CC[C@]4([C@H]([C@@H]3CC2)CCC4OC)C,False,4.460029874171644,4.434310940253124,4.667283882389841,
CNCC(C1=CC=C(C=C1)O)O,False,,4.449219037810705,4.3992187150696465,4.1492190257964925
CC(C)OC(=O)COC1=C(C=C(C=C1)Cl)Cl,True,4.6522528228466395,4.452252656707141,4.2802354635160285,
CCCOC(=O)C1=CC=C(C=C1)N,False,5.160031997995545,4.710029980825098,,
CCCOC(=O)C1=CC=C(C=C1)O,True,5.298863933907473,,4.548864726812244,
C1C2=C(C=CC(=C2)N)N=C3N1C(=O)C4=CC=CC=C43,True,6.121248479826998,5.271264855736746,5.421269128047227,6.071245797823347
CC(C)COC(=O)C1=CC=C(C=C1)N,False,5.110031956768376,4.810029897405945,,4.510030276850633
CN(CCCNC(=O)C1CCCO1)C2=NC3=CC(=C(C=C3C(=N2)N)OC)OC.Cl,False,,,4.610029886099158,
CC(C)(C)C1CCC(CC1)CC2=C(C3=CC=CC=C3C(=O)C2=O)O,False,,5.660032085297399,,
C1=CC=C(C(=C1)CC(=O)OCC(=O)O)NC2=C(C=CC=C2Cl)Cl,False,,4.860029658404407,,
CCOCC(COC1=CC=C(C=C1)NC(=O)CC[S+](C)C)O.CC1=CC=C(C=C1)S(=O)(=O)[O-],False,4.560029756289291,,,
C1=CC(=C(C(=C1)F)C(=O)NC(=O)NC2=CC(=C(C=C2Cl)OC(C(C(F)(F)F)F)(F)F)Cl)F,False,4.448864857638396,4.854446558409178,,
C1=CC=C(C=C1)COC(=O)C2=CC=C(C=C2)O,True,4.829447414405742,4.3988649544426,,4.198864633756791
CC[N+](CC)(CC)CCOC(=O)C(C1CCCC1)C2CCCC2.[Br-],False,5.060031709448664,,5.710032208313266,5.26003230324049
CCC1=NN=C(S1)NS(=O)(=O)C2=CC=C(C=C2)N,False,,4.9100313379205005,,
CC1=NC2=CC=CC=C2N1CC3=CC=C(C=C3)Cl,False,4.9100313379205005,4.860029658404407,4.810029897405945,
CCN(CC)CCOC(=O)C1=CC=C(C=C1)OCC,False,4.810029897405945,,5.8600265120155415,
CN1CCC2=CC3=C(C=C2C1O)OCO3.Cl,False,4.446038128163577,,5.296038347908515,
CCN(CC)CCNC(=O)C1=C(C=C(C=C1)Cl)OCC=C,False,5.510027465964983,,6.560036064079095,4.760030197409634
CCCCOC(=O)C1=CC=C(C=C1)O,True,5.343231220733983,4.548864726812244,4.221045792123292,
CCCCC(CC)C(=O)OCCOCCOCCOC(=O)C(CC)CCCC,False,4.496221364929724,4.996220191968421,,5.096222916071368
CC(C(=O)C1=CC=CC=C1)N(C)C,False,,,4.6346252833964705,4.460029874171644
CCCCCCCCCCCCCCNCCO.CC(C(=O)O)O,False,4.760030197409634,,5.460033632003287,
C1CCN(CC1)C(=S)SSC(=S)N2CCCCC2,True,5.060031709448664,5.160031997995545,4.460029874171644,4.760030197409634
CCOC1=CC2=C(C=C1)N=C(S2)N,True,4.952063483861921,4.502063238149031,4.452062925898455,4.55206248957189
C1=CC=C(C=C1)CCOC(=O)C2=CC=CC=C2,True,4.698865786166042,4.498865393540615,4.367420737799612,
C1=CC2=C(C=C1[N+](=O)[O-])NC=N2,False,4.444473732551991,4.190082224227991,,4.440082607465586
CC1=C(N=CN1)C2=CC=C(C=C2)Cl,False,5.8600265120155415,4.810029897405945,4.860029658404407,4.810029897405945
COC(=O)C1CCC(CC1)C(=O)OC,False,4.393226442014475,,,
C1=CC(=C(C=C1C(=O)O)O)O,False,4.499218939739157,4.449219037810705,,
CCOC(=O)C1=CC=C(C=C1)OCCN2C[C@@H]([C@H]([C@@H]([C@H]2CO)O)O)O,False,4.760030197409634,,,
CCC1(CC2=CC=CC=C2O1)C3=NCCN3,False,,,4.810029897405945,
C1CCC(CC1)C(=O)N2CC3C4=CC=CC=C4CCCN3C(=O)C2,False,,4.860029658404407,,4.810029897405945
CCOC1=CC=CC=C1N,False,4.551706533302407,4.5017073698445875,4.951705835050711,4.651706822162365
CC1=C(C=CC(=C1)Cl)OCC(=O)O,False,,4.20135073546148,,
CC1=CNC(=S)NC1=O,False,4.397449532974095,,,
CCCCOC(=O)COC1=C(C=C(C=C1)Cl)Cl,True,4.42122132248392,4.4462208681335555,,
CCC(C1=CC=CC=C1)C(=O)NC(=O)N,False,4.3988649544426,,,
CC1=C(C=CC(=C1)Cl)OCCCC(=O)O,True,,4.192103729559743,,
CN1CCC(CC1)N(CC2=CC=CC=C2)C3=CC=CC=C3,False,,,6.410050398674292,
CCCCCCCCOC1=CC=CC=C1C(=O)NC2=CC=C(C=C2)C(=O)OCC[N+](C)(CC)CC.[Br-],False,,5.360025701545049,4.460029874171644,4.96003097313254
C1CN(CCN1CC2=CC3=C(C=C2)OCO3)CC(=O)N4C5=CC=CC=C5SC6=CC=CC=C64,False,,4.810029897405945,6.310069895981782,6.209996479609511
CC(CN=CC1=CC=CC=C1O)N=CC2=CC=CC=C2O,False,4.698865786166042,,4.448864857638396,
C1COCCN1CCOC(=O)C2=C(N=CC=C2)NC3=CC=CC(=C3)C(F)(F)F,False,4.810029897405945,4.760030197409634,,4.810029897405945
CCN(CC)CC(=O)NC1=C(C=CC=C1C(=O)OC)C,False,,,4.510030276850633,
CCN(CC)C(=S)SCC(=C)Cl,False,4.910292661154419,4.460294254309153,,5.410296084571504
CCCCCCCC/C=C/C(=O)[O-].CCCCCCCC/C=C/C(=O)[O-].[Ca+2],False,4.557158208489572,,,
CCCCCCCCC/C=C\C=C/C=C\C=C/C=C\C(=O)OCC,False,4.810029897405945,,,4.617284323564767
C1CC2C[C@H]1[C@H]3[C@@H]2CN(C3)NC(=O)C4=CC(=C(C=C4)Cl)S(=O)(=O)N,False,,,,4.9100313379205005
CC(C)C1=C(C=C2C(=C1)CC[C@@H]3[C@@]2(CCC[C@@]3(C)C(=O)[O-])C)S(=O)(=O)O.[Na+],False,4.560029756289291,,,
C1C=CC2=CC=CC=C21,False,4.3525720377426635,4.3988649544426,4.3988649544426,
C1=CC2=NNN=C2C=C1,False,4.3988649544426,,,
C1=CC=C2C(=C1)N=CS2,False,4.198864633756791,,,
CC(C)(C)NSC1=NC2=CC=CC=C2S1,True,4.491477014328691,5.041479118360512,4.391477175507188,
C1COCCN1SSC2=NC3=CC=CC=C3S2,True,4.67421950236163,5.074219672275244,4.574219382203555,
C1CCC(CC1)NSC2=NC3=CC=CC=C3S2,True,4.4511777538993815,4.751178380708568,4.50117782516849,
CC1=CC=CC=C1Br,False,4.401706426537025,,,
C1=CC=C(C(=C1)Cl)Cl,False,4.118559989904637,,,
C1=CC=C(C(=C1)N)Cl,False,4.413232714189364,,5.113232993510133,
CCO[C@@H]1[C@@H]([C@@H]2CC[C@H]([C@H]3[C@]24[C@H](O1)OC(CC3)(OO4)C)C)C,False,4.410030303250599,4.96003097313254,,5.210031697910783
CC1=CC=CC=C1N,False,4.256118813664984,4.394401741411997,,
C1=CC=C(C(=C1)N)N,True,5.498858544712217,4.598864942530007,5.298863933907473,4.698865786166042
C1=CC=C(C(=C1)O)Cl,False,4.328023503181384,,,
CC1=CC(=C(C=C1)C)C,False,4.378369920256057,,,
CC1=C(C=C(C=C1)N)C,False,5.244979334367789,4.444981771347469,4.944981180779061,4.394981704415236
CC1=C(C=C(C=C1)O)C,False,4.135918679602694,,,
CC1=CC(=C(C=C1)N)C,False,4.95384834897154,4.453848624531033,,
CC1=C(C=CC(=C1)Cl)N,False,4.908653166819729,4.558652124604749,,4.355780582657271
CC1=C(C=CC(=C1)O)O,False,,5.143929997196818,,
CC1=C(C=C(C=C1)Cl)Cl,False,4.198864633756791,,,
CC1=C(C=C(C=C1)N)Cl,True,5.846223603999604,4.471221181278544,4.498865393540615,4.448864857638396
C1=CC(=C(C=C1N)Cl)Cl,False,4.443777960642741,4.418777933315042,,4.484027404976757
C1=CC(=C(C=C1O)Cl)Cl,False,4.405640603140518,,,4.205640239035108
CC1=CC(=C(C=C1)C)N,False,4.348156220801271,4.398157210217902,4.298156674928894,5.448159800310037
CC1=C(C=C(C=C1)Cl)N,False,4.94077748747031,,4.390779223363833,4.490778654167402
CC1=C(C=C(C=C1)N)N,False,4.479595892588668,4.45459585036773,4.45459585036773,4.704595935103449
C1=CC(=C(C=C1Cl)N)Cl,False,4.502063238149031,,,
C1=CC(=C(C=C1Cl)N)N,True,5.190327727435971,4.515326273059097,4.790326533359286,4.815327394546427
CC1=CC(=C(C=C1)O)N,True,4.398157210217902,4.948157015931995,4.44815614382721,4.798157883604771
C1=CC(=C(C=C1Cl)N)O,False,4.513232418448465,4.513232418448465,4.46323203564043,4.513232418448465
CC1=CC(=C(C=C1)C)O,False,4.447760928473798,,,
CCOC(=O)C(=O)OCC,False,,,4.3988649544426,
C1(C(C(C(C(C1Cl)Cl)Cl)Cl)Cl)Cl,False,5.119472405128816,4.490082757542072,4.194981959547696,5.984735784041314
C1=C(C(=CC(=C1Cl)Cl)Cl)Cl,False,4.3921762511311675,,,
C1=CC(=CC(=C1)C(=O)NN)C(=O)NN,False,4.698865786166042,4.348864512263225,4.448864857638396,5.148864004988426
C1=C(C(=CC(=C1Cl)Cl)Cl)O,False,4.675464579182771,,,
C1CCC(CC1)NC(=S)NC2CCCCC2,False,4.45707752093567,4.652971900061391,4.527971190167699,4.652971666440572
CC(=C)C(=O)OCC=C,False,4.3988649544426,,,
CC1C(O1)C2CCC3(C(C2)O3)C,False,,,,4.198864633756791
C1C(O1)C2=CC=CC=C2,False,,4.148864616843579,,
C(C(CBr)Br)Cl,False,4.401706426537025,,,
C(C(CBr)Br)O,False,4.261782487148004,,,
CCC(C)C=O,False,4.1492190257964925,,,
C(C(CCl)Cl)Cl,False,4.198864633756791,,4.492109736779938,
C1=CC=C(C=C1)C(=O)C(Cl)Cl,False,4.498865393540615,,4.298864798175959,
CCC(=O)CC,False,4.3988649544426,,,
C(C(CCl)O)Cl,False,4.145992904260828,,,
C(C(CCl)O)O,False,4.198864633756791,,,
C(C(CS)O)O,False,4.194278991996725,,,
C1=CC=C(C(=C1)C#N)N,False,,,4.948862919408721,
C1=CN=CC=C1CCO,False,4.3988649544426,4.448864857638396,4.198864633756791,4.498865393540615
CC1CCCC1,False,4.405640603140518,5.005638848091999,,4.405640603140518
C1CCC(C1)O,False,4.3988649544426,,,
C1CC(=O)OC1,False,4.4096029375259915,,,
C1COC(=O)O1,False,4.324975455719323,,,
CC1=CC(=C(C=C1SC2=CC(=C(C=C2C)O)C(C)(C)C)C(C)(C)C)O,False,4.399573853919421,5.599565631990476,4.599574268221785,5.249576466712681
CCC1=CC(=C(C=C1)O)C(C)(C)C,False,4.448864857638396,4.498865393540615,,
CC1=CC=C(C=C1)S(=O)(=O)N[C@@H](CCCCN)C(=O)CCl.Cl,False,,,4.760030197409634,4.860029658404407
CC(C)(C)C1=CC(=C(C=C1)O)C(C)(C)C,False,4.449751755835055,4.924751728670734,4.424751804237157,4.474752023786165
CC(C)N(CCO)C(C)C,False,4.448864857638396,,,
CC1=C(C=C(C=C1)C(=O)O)[N+](=O)[O-],False,4.293151692965615,,,
C1=CC(=C(C=C1[N+](=O)[O-])[N+](=O)[O-])N,False,5.159605308589878,,,
CC(C)(C)C1=CC(=CC(=C1O)C(C)(C)C)C=O,False,,5.26003230324049,,
C1=CC=C(C=C1)S(=O)(=O)OC2=C(C=C(C=C2)Cl)Cl,True,5.744993071481077,4.419996725642246,4.244996546411818,
CCOP(=S)(OCC)OC1=C(C=C(C=C1)Cl)Cl,False,5.548858579207237,5.4488672992713925,,5.648861041418151
CN(C)C(=O)C1=C(N=CC=C1)S(=O)(=O)NC(=O)NC2=NC(=CC(=N2)OC)OC,False,4.373145559845744,,,
CC1=NC(=NC(=N1)OC)NC(=O)NS(=O)(=O)C2=CC=CC=C2OCCCl,False,4.451350206101622,,,4.289938089283378
C1=CC(=C(C=C1Cl)SC2=C(C=CC(=C2)Cl)O)O,False,4.504801631676312,5.029800865461451,,4.529801976982954
C[C@@H]1[C@@H]2[C@H](C(=O)N2C(=C1S[C@H]3C[C@H](NC3)CNS(=O)(=O)N)C(=O)O)[C@@H](C)O,False,,4.810029897405945,,5.460033632003287
COC1=C(C=C(C=C1)C(=O)NC2=CC=CC=C2)[N+](=O)[O-],False,5.295334814545471,4.445334008513515,4.395333393952827,4.395333393952827
CC1=CC=CC=C1NC(=NC2=CC=CC=C2C)N,False,,,7.856985199745905,4.38666620872418
CCNC(=O)N1CCN(CC1)CCCC(C2=CC=C(C=C2)F)C3=CC=C(C=C3)F.Cl,False,,,5.310025555333226,
CC1=CCC(CC1OC(=O)C)C(=C)C,False,,,4.450638654031714,
CCOC(CN1CCN(CC1)CC(C)C(=O)C2=CC=CC=C2)C3=CC=CC=C3.Cl.Cl,False,,4.871264800032603,6.721246399047171,
COC1=C(C=CC(=C1)[N+](=O)[O-])N,False,4.648864911118024,,,
CC1=CC=CC=C1N=NC2=CC(=C(C=C2)N)C,True,5.848866872003974,5.273865579725937,4.148864616843579,5.348861292097832
CCCC(C)C(=O)O,False,4.166520757520274,4.316520684537103,4.490801511382508,4.216520207406466
CN(C)C(=S)SC(=S)N(C)C,True,4.487996389506071,4.510030276850633,4.4490131195211,4.487996389506071
CCCCCCCCCCCC(=O)N(C)CC(=O)O,True,,4.2125048116493895,4.3625042664578135,
CC(C)COC(=O)C(C)C,False,,4.3985103945772215,,
CN1C(C(N(C1=O)C)O)O,False,4.3988649544426,,,
CC(=C)C(=O)OCCOC(=O)C(=C)C,False,4.448864857638396,,,
CCC(CC)C=O,False,4.195333870479099,,,
CC(=O)/C=C/C1=CC=CO1,False,4.382473369608597,,,
C1CC(OC1)CO,False,4.190779099856703,4.1150602727034595,,
C1=COC(=C1)CO,False,,4.3988649544426,,4.362725970267271
C1=COC(=C1)CS,False,4.448864857638396,4.448864857638396,,
CCCC(=O)NC1=CC(=C(C=C1)O)C(=O)C,False,5.26003230324049,,,
C1=CC=C2C(=C1)C=CC=C2NC(=S)N,False,,,5.5961248400906,
CC(C)(C)C1=CC=CC=C1,False,4.598864942530007,,,
CCCN(CCOC1=C(C=C(C=C1Cl)Cl)Cl)C(=O)N2C=CN=C2,False,6.619279737927506,6.044310763711408,6.119300319590451,7.019378465979275
CC(C)C(C1=CC=C(C=C1)OC(F)(F)F)(C2=CN=CN=C2)O,False,4.150283991273487,4.450283314699821,4.950282050998537,6.250263684430939
C1=CC=C(C=C1)C(Cl)(Cl)Cl,False,,4.19815672930734,,
C1=CC=C(C(=C1)C2=NN=C(N=N2)C3=CC=CC=C3Cl)Cl,True,5.27617631840514,4.8999294284560735,,
C1=C(NC=N1)/C=C/C(=O)O,False,4.445284968698546,4.44815614382721,4.14815666541292,
CCC(C)(CC)C1=NOC(=C1)NC(=O)C2=C(C=CC=C2OC)OC,False,4.397449532974095,4.45643582717387,,5.956445538752149
C[Si](CN1C=NC=N1)(C2=CC=C(C=C2)F)C3=CC=C(C=C3)F,False,4.516701431881065,5.691697460394665,4.541701452328157,6.8166675130351235
C1=CC=C(C=C1)S(=O)(=O)O,False,4.274396833490136,,4.174209526368226,
CN(C)C1=CC=C(C=C1)C2(C3=C(C=C(C=C3)N(C)C)C(=O)O2)C4=CC=C(C=C4)N(C)C,False,,5.649926510048313,,5.54993573717477
CCCCOCCOCCOCCOCCO,False,4.3988649544426,,,
CC(C)(C)C1=CC(=C(C=C1)O)O,True,4.316529034710316,4.166528971712859,5.091531044455324,
CCCCN1C(=O)C2=CC=CC=C2C1=O,False,5.633502331870368,4.38350453107979,,
COC(=O)C1=C(N=C(C(=N1)Cl)Cl)N,False,5.410028070483141,,,
C1=CC=C2C(=C1)C=C3C=CC=CC3=C2CO,False,6.19708951058096,4.547096272606305,,4.547096272606305
C1=CC(=C(C=C1S(=O)(=O)O)N)O,False,,,4.476343912252129,
CC1=CC(=C(C=C1)O)C(=O)C2=CC=CC=C2,False,5.544637343093713,5.094630530937389,4.894629493169707,4.444631028601807
C1=CC(=CC=C1C(=O)C2=C(C=C(C=C2)O)O)O,True,4.471396491356523,,4.47139668563484,4.821396346803908
C=CCOCC(CO)(COCC=C)COCC=C,False,4.644299507218118,5.244300421325839,,4.894299108158815
C1=CC(=CC=C1C(C2=CC=C(C=C2)O)(C(F)(F)F)C(F)(F)F)O,False,,5.649749640386659,4.123145622374953,4.449751755835055
CC(C)(C)C1CCC(CC1)O,False,4.142526380793322,4.192526535169537,,
CC(C)(C)C1CCC(=O)CC1,False,4.3988649544426,,,
CC(C)(C)C1=CC=C(C=C1)O,True,4.488690286427875,4.193777555598874,,
C1=CC(=CC=C1C(F)(F)F)Cl,False,4.348864512263225,,,
CCCCOC1=CC=C(C=C1)OCCCN2CCOCC2.Cl,False,,,4.760030197409634,
C1=CC(=CC=C1S(=O)(=O)O)Cl,False,,,4.297734078569892,
C1=CC=C2C(=C1)C=C3C=CC=CC3=C2Br,False,6.344669441990659,4.444631028601807,,4.601884571789634
CC(=C)C1=CC=CC=C1,False,4.3985103945772215,,4.1485104968726825,
CC(C1=CC=CC=C1)O,False,4.390779223363833,,,
CC(=O)C1=CC=CC=C1,False,4.483160660262971,,,
C1=CC=C(C(=C1)C(=O)C2=C(C=CC(=C2)Cl)NC(=O)CBr)F,False,4.860029658404407,4.810029897405945,,
C1=CC=C(C=C1)[N+](=O)[O-],False,,4.3988649544426,4.68419333257899,
C1=CC=C(C=C1)COP(=O)(O)OCC2=CC=CC=C2,False,,4.6499284496465965,,
CN(C)C1=CC(=CC=C1)O,True,4.545520630316853,4.7955208513234,4.27052056940294,4.545520630316853
CC1=CC(=CC=C1)[N+](=O)[O-],False,4.423145748029465,,,
C1=CC(=CC(=C1)[N+](=O)[O-])N,False,4.4081588119418065,4.358158183895393,,
CCCC[N+](CCCC)(CCCC)CCCC.[Br-],False,,,8.050609993355087,
CC(C)OP(=O)(CP(=O)(OC(C)C)OC(C)C)OC(C)C,False,,,,4.629447795475125
CCCCCCC(=O)C1=CC=CC=C1,True,4.448864857638396,,,
C(CC(=O)O)CC(=O)O,False,4.481358422623236,4.454205658290746,4.657078167480852,
C1=C(C=C(C(=C1Cl)N)Cl)[N+](=O)[O-],False,5.5974519499177635,,4.470318818046797,
CC1=CCC(CC1O)C(=C)C,False,4.396743007005474,,,
CC1=C(C=CC(=C1)[N+](=O)[O-])N,False,5.204203375202391,4.454206894211393,4.504205980225132,
C1=CC(=C(C=C1[N+](=O)[O-])Cl)Cl,False,4.648864911118024,,,
CC1=C(C=C(C=C1)[N+](=O)[O-])N,False,4.924219390819639,4.349573960765963,4.449219182350864,4.288161148725486
CC1=C(C=C(C=C1)C(C)C2=CC(=C(C=C2)C)C)C,False,4.448864857638396,4.698865786166042,,
COC1=C(C=C(C=C1)[N+](=O)[O-])N,False,4.647980549188947,4.372980319288888,,4.422980491976474
C(C(C(C(C(F)(F)S(=O)(=O)O)(F)F)(F)F)(F)F)(C(C(C(F)(F)F)(F)F)(F)F)(F)F,True,4.498865393540615,6.498803757972912,4.606119581824293,
C1=CC(=CC(=C1)[N+](=O)[O-])C=O,False,4.401706426537025,,4.251706514281948,
CC(C)C1=CC(=CC=C1)C(C)C,False,4.448864857638396,4.198864633756791,,
C1=CC(=CC(=C1)[N+](=O)[O-])[N+](=O)[O-],False,4.53075988663805,,4.180760177047292,
CCCCNC(=O)NCCCC,False,4.3988649544426,,,
CCC(C)C1=CC=C(C=C1)O,True,4.471923582444042,4.396923141805347,,
COC(=O)C1=CC=C(C=C1)O,False,4.494279028526469,,,
CCCC(=O)C(=O)O,False,,,4.448510966075284,
CC1=CCC(C=C1)C(C)C,False,4.148864616843579,4.298864798175959,4.148864616843579,4.479364523525639
CC1=CC=C(CC1)C(C)C,False,4.498865393540615,4.198864633756791,,4.448864857638396
CC(C)C1=CC=C(C=C1)O,False,4.648864911118024,4.239521348440184,,
CC1=CC=CC=C1OCC(=O)O,False,,4.123145622374953,,
CC1=CC=C(C=C1)N(C)C,False,4.3988649544426,,4.448864857638396,
CC1=CC=C(O1)C(=O)O,False,4.348864512263225,,,
CN(C)C1=CC=C(C=C1)N,True,4.959243429672055,4.509241132826806,4.609241471261283,4.659242671519529
CC1=CC=C(C=C1)[N+](=O)[O-],False,4.448864857638396,,,
CCC[N+](CCC)(CCC)CCC.[Br-],False,,,4.31742084614685,
C1=CC(=CC=C1N)[N+](=O)[O-],False,4.448864857638396,4.898864942667959,4.448864857638396,4.248864914695038
CC(=O)C1=CC=C(C=C1)OC,False,4.535573052713162,,,
CN(C)C1=CC=C(C=C1)C=O,False,4.448864857638396,4.498865393540615,,
CCCCCCCCCC#N,False,4.15099480698867,,,
CNC1=CC=C(C=C1)[N+](=O)[O-],True,4.497802379237555,4.397803227452149,4.147803121994556,
CC(C)C1=CC=C(C=C1)C(C)C,False,4.269647375375927,,,
CC(=O)C1=CC2=C(C=CC3=CC=CC=C32)C=C1,True,5.951364011567351,4.951352363235002,,4.401350634527242
CC(=O)C1=CC=C(C=C1)[N+](=O)[O-],False,4.44815614382721,,,
CC1=CC(=CC(=C1C(=O)C)C)C(C)(C)C,False,4.448864857638396,,,
C1=CC(=CC=C1C(=O)Cl)C(=O)Cl,False,4.198864633756791,,,
C(CI)C(C(C(C(C(C(F)(F)F)(F)F)(F)F)(F)F)(F)F)(F)F,False,,,4.460029874171644,
CN(C)C1=CC=C(C=C1)N(C)C,True,4.397449532974095,4.747450353232168,4.697450463619141,4.447449801503656
CCOC1=CC=CC=C1OCC,False,4.448864857638396,4.498865393540615,,4.198864633756791
C1=CC(=CC=C1[N+](=O)[O-])[N+](=O)[O-],False,4.3988649544426,4.598864942530007,4.3988649544426,4.598864942530007
C1=CC=C(C=C1)CCCC2=CC=NC=C2,False,5.998872299722965,5.698861444284984,5.348867421449518,6.348818937555312
CCOC1=CC=C(C=C1)[N+](=O)[O-],False,4.442176515926243,4.89217634460413,4.142176184363279,4.142176184363279
CCN(CC)CCO,False,4.498865393540615,,,
C1CCC(CC1)(C#N)N=NC2(CCCCC2)C#N,False,,4.698865786166042,4.423145748029465,4.829365772793669
C1=CC=C(C=C1)CBr,False,,,4.278321258919463,
C(C(=O)O)N,False,4.845545593860436,,,
CCC1=CC=CC=C1,False,4.195333870479099,,,
COC1=C(C=C2C(=C1)CCC2=O)OC,False,4.760030197409634,,,
C=CC1=CC=NC=C1,False,4.198864633756791,,,
C1=CC=C(C=C1)CCl,False,,,4.451350206101622,
C1=CC=C(C=C1)CN,False,4.498865393540615,,4.548864726812244,
C1=CC=C(C=C1)C#N,False,4.198864633756791,,,
CCCCCCCCCCCCCCCCCCOCCO,False,5.1474468168314305,,,
C1CC(CC=C1)C=O,False,4.177057552733755,,4.252776245817979,4.202776791331158
C1=CC=C(C=C1)CS,False,4.486264486314627,4.486264486314627,,
C1=CC(=CN=C1)CO,False,4.434929413812492,,4.560029756289291,
C1=CC=C(C=C1)[Hg]Cl,True,4.548864726812244,5.4488672992713925,6.0988687486446285,5.048866560110487
C1=CC=C(C=C1)NC2=CC=C(C=C2)N.Cl,False,4.453490650160367,4.803492208060304,4.453490650160367,5.053488784985899
C1=CC=C(C=C1)NN,False,4.253491126332593,4.576178289538717,4.253491126332593,4.851177629704537
C1CCC(=NO)CC1,False,4.494630215732318,,,
CN(C)CCN(C)CCO,False,,,4.224523537763957,
C1=CC=C(C=C1)NO,True,4.853106419892696,,,
C1=CC=C(C(=C1)C(=C2C=C(C(=O)C(=C2)I)I)C3=CC(=C(C(=C3)I)[O-])I)C(=O)[O-].[Na+].[Na+],False,,5.410028070483141,,
C=CN1CCCCCC1=O,False,4.3988649544426,,,
CCN1CCOCC1,False,4.207077674780297,4.3756333229771585,4.707077488003785,
C1CCN(CC1)N=O,False,,4.275275727569607,,4.400995133758416
CC1=CC(=CC=C1)C=C,False,,,4.15313364341736,
CCCC[P+](CCCC)(CCCC)CCCC.[Cl-],False,4.258638004522105,,8.218615728491741,
C1CCC(CC1)NS(=O)(=O)O,False,4.460029874171644,4.498865393540615,,
CCOC(=N)CC(=O)OCC.Cl,False,4.3988649544426,,4.195992853319044,
C1=CC2=C(C=CN2)C(=C1)O,False,,4.810029897405945,4.810029897405945,
C1=CC(=C(C=C1CC2=CC(=C(C=C2)N)Cl)Cl)N,False,4.56359720520363,4.213596436568319,,5.313596131519787
CC[NH+]=C1C=CC(=C(C2=CC=C(C=C2)N(CC)CC)C3=CC=C(C=C3)N(CC)CC)C4=CC=CC=C14.[Cl-],True,4.50135041526701,4.801351159221622,4.90134935321049,5.051352343871509
CC(C)(C)C1=CC=C(C=C1)S,False,4.3988649544426,4.498865393540615,,
C1=CC=C(C=C1)NC2=CC(=CC=C2)O,True,4.930076728330446,4.430076254206363,4.380076457621832,4.530076415156541
C1=CC(=CC=C1NC(=O)NC2=CC(=C(C=C2)Cl)Cl)Cl,True,4.700638725496061,5.250642504930312,,
CC1(CC(CC(N1)(C)C)O)C,False,4.390082391095816,,,
C1=CC2=C(C=C1C3=CC4=C(C=C3)C(=O)OC4=O)C(=O)OC2=O,False,4.198864633756791,,,
C1=CC(=CC(=C1)Cl)NC(=O)OCC#CCCl,True,5.748873015022128,4.448864857638396,4.3988649544426,5.148864004988426
C1CCC(CC1)C2CCC(CC2)O,False,4.3988649544426,4.3988649544426,4.3988649544426,
CCCCCCCCNC,False,,,4.3988649544426,
C1C2=CC=CC=C2C3=C1C=C(C=C3)O,True,5.498858544712217,4.448864857638396,,
C=CCOC1=NC(=NC(=N1)OCC=C)OCC=C,False,5.2488672255444015,4.898864942667959,4.448864857638396,4.898864942667959
C1=CC=C(C(=C1)CC2=CC=CC=C2O)O,False,4.3988649544426,4.3988649544426,4.198864633756791,
C1=CC=C(C(=C1)CC2=CC=C(C=C2)O)O,False,,,4.043226669028673,
C=CC(=O)OCCCCO,False,4.198864633756791,,,
CN(C)C(=O)NC1=CC=CC=C1,False,4.287452150687937,,,
CC(C)C1=CC=C(C=C1)OP(=O)(OC2=CC=C(C=C2)C(C)C)OC3=CC=C(C=C3)C(C)C,False,4.798510017604997,5.495692283443601,,
C1=CC=C(C=C1)CC2=CC=C(C=C2)O,True,,4.432523095836986,4.282522559673469,
C1=CC=C(C=C1)NC2=CC=C(C=C2)N,True,4.473688179807949,4.873686468506859,4.44868791185684,5.023687524204208
C1=CC=C(C=C1)OC2=CC=C(C=C2)Br,False,4.5184305581591575,4.306118789647335,,
C1=CC=C(C=C1)OP(=O)(OC2=CC=CC=C2)Cl,False,,4.498865393540615,,
CN(C)C1=CC=C(C=C1)CC2=CC=C(C=C2)N(C)C,False,5.297803478357083,4.472804090619229,4.422803932321935,4.872804988418423
C1=CC(=CC=C1[N+](=O)[O-])OC2=CC=C(C=C2)[N+](=O)[O-],False,,5.139039451888429,,
CCCCCCCCC1=CC=C(C=C1)NC2=CC=C(C=C2)CCCCCCCC,False,,4.510030276850633,,
C1=CC(=CC=C1CC2=CC=C(C=C2)N=C=O)N=C=O,False,,5.056357117247871,,5.156356176371964
C[Si]1(O[Si](O[Si](O[Si](O1)(C)C=C)(C)C=C)(C)C=C)C=C,False,4.306118789647335,,,
COC1=CC=C(C=C1)NC2=CC=C(C=C2)OC,True,4.740778943025199,4.790779976935007,4.44077945582353,4.5407794545056746
CC(C)NC1=CC=C(C=C1)NC2=CC=CC=C2,True,4.474574354120218,6.074581193321759,5.049574867838041,4.72457478223061
C1=CC(=CC=C1CC2=CC=C(C=C2)N)N,False,4.427252730389457,4.60563939046812,4.3988649544426,5.177252223100798
C1=CC=C2C(=C1)N=NN2O,False,,,4.498865393540615,
C1=CC(=CC=C1N)OC2=CC=C(C=C2)Cl,False,4.45815876083943,4.908157250261902,4.208158531752934,4.758159772730489
C1=CC(=CC=C1N)OC2=CC=C(C=C2)N,True,,4.8706950207655,4.470695938915963,4.742525423482034
C1=CC=C(C=C1)CC2=CC=CC=C2,False,4.448864857638396,,,
C1CCC(CC1)NC2CCCCC2,False,,,5.8335106816740545,4.148864616843579
C1=CC=C(C=C1)OC2=CC=CC=C2,False,4.135918679602694,,4.292391768620545,
C1C(O1)COC2=CC(=CC=C2)OCC3CO3,False,,4.4020636063582606,,4.202063178069278
C1=CC2=C(C=CC(=C2[O-])[N+]#N)C(=C1)S(=O)(=O)[O-].[Na+],True,4.148864616843579,4.3988649544426,4.498865393540615,4.148864616843579
CCC(C)NC1=CC=C(C=C1)NC(C)CC,True,4.390430133908275,5.190433552169146,5.040429186683348,4.8904315766281
C1=C(C=C(C(=C1[N+](=O)[O-])N)Cl)Cl,False,5.2488672255444015,,,
CCOC(=O)CC1=CC=CC=C1,False,4.223460072325203,,,
C=CCOC(=O)C1=CC(=C(C=C1)C(=O)OCC=C)C(=O)OCC=C,False,5.2488672255444015,6.498803757972912,4.3988649544426,5.798876102792621
CCCC1=CC=C(C=C1)N,False,4.548864726812244,4.248864914695038,,4.548864726812244
CC(=O)CC(=O)NC1=CC=CC=C1,False,4.424041996126652,4.174041829776642,,4.1492190257964925
C1=CC(=CC=C1/C=C/C(=O)O)/C=C/C(=O)O,False,,,4.908473727368909,
C1=CC=C(C=C1)NC(=NC2=CC=CC=C2)N,False,4.498865393540615,4.498865393540615,6.479447772557139,
C1=CC=C(C=C1)NC(=O)NC2=CC=CC=C2,True,4.646743690338828,4.546742832497877,4.496743323600061,
C1=CC=C(C=C1)C(=O)O[C@H]([C@H](C(=O)O)OC(=O)C2=CC=CC=C2)C(=O)O,False,4.1414772390519765,,4.391477175507188,
C1=CC=C(C=C1)OC(=O)OC2=CC=CC=C2,True,4.450638654031714,4.400638831248489,,
C(COCCN)N,False,4.748865707419434,,,
CO[Si](C=C)(OC)OC,False,4.416520102856445,,,
C1=CC=C(C=C1)CCOC(=O)CC2=CC=CC=C2,True,5.048866560110487,4.648864911118024,,
CC(C)(C1=CC=CC=C1)C2=CC(=C(C=C2)O)C(C)(C)C3=CC=CC=C3,False,4.400820676867566,5.350820293297659,4.450820837449811,5.200818983841254
CCNC1=CC=CC(=C1)C,False,,,4.165787909503483,
[CH-]1C=CC=C1.[CH-]1C=CC=C1.[Cl-].[Cl-].[Ti+4],False,,,,4.291364130564801
CC(=O)NC1=CC=CC(=C1)N,False,,4.442526484291312,4.142526380793322,4.392526747522998
CC1=NC2=C(N1)C=C(C=C2)Cl,False,5.299573212232707,,4.499574145995192,4.149573724203458
C1=CC(=C(C=C1N=C=O)Cl)Cl,False,4.455640455775885,4.455640455775885,,4.455640455775885
CC1=C(C=CC(=C1)OC)N,False,4.8497523790746095,4.324751643894253,4.7747523330811665,4.449751755835055
CC(CN(CCN(CC(C)O)CC(C)O)CC(C)O)O,False,4.1414772390519765,,4.370170964511864,
C1COCCN1SC2=NC3=CC=CC=C3S2,False,4.510030276850633,4.760030197409634,4.460029874171644,4.760030197409634
COC(=O)C1=CC(=CC(=C1)Cl)Cl,False,4.173145464019715,,,
CCCCN(CCCC)CCO,False,4.263980979960142,,4.4393856809893375,
CCCCN(CCCC)CCCC,False,4.399573853919421,4.39921940920218,4.199573693981921,
CCCCOP(OCCCC)OCCCC,False,4.448864857638396,4.3988649544426,,4.248864914695038
CCCCCCCCCCCCN(CCCCCCCCCCCC)CCCCCCCCCCCC,False,4.490903711292642,,,
B(O)(O)O,False,,4.098864931407043,,
C1=CC(=CC=C1C(C2=CC=C(C=C2)O)C(Cl)(Cl)Cl)O,False,,4.849574075862087,,4.599574921582223
CC(C)(CCC1=CC=CC=C1)O,False,4.3988649544426,,,
CCCCC(CC)COC(=O)C,False,4.403848422089826,,,
C1=CC=C(C=C1)COC2=CC=C(C=C2)O,True,4.733913654112714,4.6089143305797755,4.760030197409634,
CCCCC(CC)COC(=O)CCCCC(=O)OCC(CC)CCCC,False,4.448864857638396,4.467420775065897,,4.998863636444484
CCCCC(CC)COC(=O)CCCCCCCC(=O)OCC(CC)CCCC,False,4.448864857638396,4.3988649544426,4.217420606982476,5.039522087346626
CC1(COP(OC1)OC2=CC=CC=C2)C,False,4.198864633756791,,,
CO[Si](CCCNC1=CC=CC=C1)(OC)OC,False,,4.248864914695038,,4.22936518990372
C1COCCN1SSN2CCOCC2,False,4.300999322977928,4.500999465148476,4.325999518478987,
CC1=CC=C(C=C1)N(CCO)CCO,False,4.498865393540615,4.198864633756791,,
CC(C)C(=O)OCCC1=CC=CC=C1,False,,4.098864931407043,,
C1=CC=C(C=C1)CNCC2=CC=CC=C2,False,4.598864942530007,4.348864512263225,5.798876102792621,
CCCC[P+](CCCC)(CCCC)CCCC.[Br-],False,,,8.200659450546418,
C1=CC(=CC(=C1)Br)C=O,False,4.578652777539613,4.337996229087713,,4.08799594277135
C1=CC=C2C(=C1)C(=O)NC3=C(O2)C=CC(=C3)Cl,False,5.8600265120155415,,,
C1=CC=C(C=C1)CCBr,False,,,4.392526747522998,
CC1=CC(=CC(=C1)OC)O,False,4.448864857638396,,,
CCNC1=CC=CC=C1,True,4.541128072695193,,,
CC(CC(C)(C)CCN)CN,False,,4.337451813204159,5.137451230475207,5.33744992405967
C1=CC=C2C(=C1)C3=CC=CC=C3C2(C4=CC=C(C=C4)O)C5=CC=C(C=C5)O,False,4.098864931407043,4.648864911118024,4.098864931407043,4.648864911118024
C1=CC=C(C=C1)N=C=S,False,4.484882858271002,4.184882688442537,4.184882688442537,4.434882125907665
CC1=C(C=CC(=C1)Cl)OC,False,4.071930503335558,4.371931032898361,,
C=CCOC1=C(C=C(C=C1Br)Br)Br,False,5.59885804480627,4.948862919408721,,4.645993420617777
C1CN(CCN1)CCO,False,4.452776817261226,,,
CN(C)CC1=CC=CC=C1,False,4.350120180855444,,4.644630863790695,
CC1=CC=C(C=C1)NC(=O)C,False,4.402419983183693,,,
C1=C(C=C(C(=C1Br)O)Br)C(=O)O,False,4.448864857638396,4.148864616843579,,
C(COCCOCCC#N)C#N,False,4.3988649544426,,,
C1=CC(=CC=C1N=C=O)Cl,True,4.498865393540615,5.048866560110487,,
CCCCC1=CC=C(C=C1)N,False,4.548864726812244,4.348864512263225,4.248864914695038,4.898864942667959
CC(=O)OCC1=CC=C(C=C1)OC,False,4.494884770508385,,,
CC1=C(C=CC=C1O)C(=O)N[C@@H](CSC2=CC=CC=C2)[C@@H](CN3C[C@H]4CCCC[C@H]4C[C@H]3C(=O)NC(C)(C)C)O.CS(=O)(=O)O.O,False,,4.734997793023558,4.934998392088874,5.98498415007557
C1CC(=O)N(C1)CCO,False,4.3988649544426,,,
CCCCNC1=CC=C(C=C1)C(=O)OCCOCCOCCOCCOCCOCCOCCOCCOCCOC,False,,4.860029658404407,,5.160031997995545
COC1=CC2=C(C=C1)C=C(C=C2)C=O,True,4.860029658404407,4.710029980825098,,
CCCC1=CC=C(C=C1)OC,False,4.346038251072932,,,
C1=CC=C(C=C1)CCC=O,False,4.148864616843579,4.448864857638396,4.3988649544426,4.3988649544426
CCCCCCCC[Sn](CCCCCCCC)(Cl)Cl,False,4.148864616843579,4.148864616843579,4.448864857638396,
CCCCCC1CCC(=O)O1,False,4.423145748029465,4.3988649544426,,
C1=CC=C(C=C1)OCCOC2=CC=CC=C2,True,4.874041702064696,4.749042378182196,,
CCCCCCCC1CCC(=O)O1,False,4.448864857638396,4.148864616843579,,
CCCCCCCCCCC1=CC=CC=C1,False,4.148864616843579,,,
CCCCC(CC)CN,False,4.390779223363833,,4.490778654167402,
CCCCC(CC)CO,False,,,,4.454206894211393
C(=O)(C(C(C(C(C(C(C(C(C(C(F)(F)F)(F)F)(F)F)(F)F)(F)F)(F)F)(F)F)(F)F)(F)F)(F)F)O,False,,5.272792318119833,,
CCCCCCCCCCCCSC,False,4.348864512263225,,,
C1=CC(=CC=C1N=O)O,False,4.4288726037130735,4.208880132057619,4.408880831196891,4.31613425089082
CC1=CC=C(C=C1)OC,False,,,4.648864911118024,
COC1=CC=C(C=C1)N,False,,4.202419492050071,4.490395318555709,
C1C(C(CS1(=O)=O)(Cl)Cl)(Cl)Cl,False,4.448864857638396,4.548864726812244,,4.498865393540615
C1COS(=O)O1,False,4.332130697630842,,,
C1=C(N=C(N=C1Cl)Cl)Cl,False,4.443227268206493,,4.217507668197948,
COC1=CC=C(C=C1)CO,False,4.448864857638396,,,
C1=C(OC(=C1)[N+](=O)[O-])C2=NN=C(O2)N,False,4.248864914695038,4.148864616843579,4.3988649544426,
CCCC(C)CO,False,4.448510966075284,,4.098510619757837,
CCCC(C#C)O,False,4.173145464019715,,,
COC(=O)CC#N,False,4.426330215679183,,4.126330707293206,
CCOC(=O)CBr,False,4.171024484801585,,4.396743007005474,
CCOC(=O)C1=CC(=C(C=C1)O)O,False,4.560029756289291,,,
CCCC(=O)OCC,False,,4.898864942667959,,
CCOC(=O)OCC,False,4.431787712141653,,4.431787712141653,4.2817873833771865
CN(CCO)CCO,False,4.178029491067122,,4.395864164218867,
CC1=CC=C(C=C1)S(=O)(=O)N=C=O,False,4.148864616843579,,,
CC1=CC(=C(C=C1)O)C,False,4.467841364815176,4.154922434351075,,
CC(=O)NC1=CC(=C(C=C1)C(=O)OC)OC,False,4.810029897405945,,,
CC(=O)NC1=C(C=C(C(=C1)OC)C(=O)OC)Cl,False,5.660032085297399,,,
CC(CCC=C(C)C)CCOC=O,False,4.198864633756791,4.148864616843579,,4.498865393540615
CC(=O)O[Si](C=C)(OC(=O)C)OC(=O)C,False,,,4.198864633756791,4.3988649544426
COC(=O)CCSCCC(=O)OC,False,4.298864798175959,,,
CCNS(=O)(=O)C(C(C(C(C(C(C(C(F)(F)F)(F)F)(F)F)(F)F)(F)F)(F)F)(F)F)(F)F,False,,5.767257937279263,,
CCCCOC(=O)CCCCC(=O)OCCCC,False,4.498865393540615,4.948862919408721,,
CC(C)COC(=O)/C=C/C1=CC=CC=C1,True,4.898864942667959,4.3988649544426,,
CCCOC(=O)CCCCC(=O)OCCC,False,4.648864911118024,4.698865786166042,,
CCCCC(CC)CNCC(CC)CCCC,False,4.4020636063582606,,6.702020755840637,
CC(C)CCCC(C)CCO,False,,4.048864616049475,,
CC(=O)O[Si](C)(OC(=O)C)OC(=O)C,False,,,,5.188344576671182
C[C@@H](CCC=C(C)C)CCO,False,,4.09599272102113,,4.198864633756791
C1=CC=C(C=C1)S(=O)(=O)C2=CC=CC=C2N,False,4.348864512263225,,,
CCCCCCC(=O)OCC,False,,4.3988649544426,,
CCCC(=O)OC(=O)CCC,False,4.24043035472924,,,
CCN(C)C(=O)OC1=CC=CC(=C1)[C@H](C)N(C)C.[C@H]([C@@H](C(=O)O)O)(C(=O)O)O,False,,,4.710029980825098,
CN1CCC[C@@H]1CC2=CNC3=C2C=C(C=C3)CCS(=O)(=O)C4=CC=CC=C4,False,,4.760030197409634,4.860029658404407,5.310025555333226
CN(CCOC1=CC=C(C=C1)CC2C(=O)NC(=O)S2)C3=CC=CC=N3,False,,,4.460029874171644,
CCCOC(=O)CC,False,4.499928269874536,,,
C1=CC(=CC=C1Br)Br,False,4.205998803245695,,,
C1=CC(=CC=C1N)Br,False,4.349219236514594,4.449219182350864,4.248864914695038,4.448864857638396
CC1=CC=C(C=C1)C,False,4.347802991461218,,,
CC1=CC=C(C=C1)Cl,False,,4.498865393540615,4.474974639420104,
CC1=CC=C(C=C1)S,False,4.698865786166042,4.498865393540615,,
C1=CC(=CC=C1N)Cl,False,4.341128502584047,4.491128366669093,4.391128593646096,4.491128366669093
CC1=CC=C(C=C1)N,False,4.456230864181124,4.2805638816772555,4.448864857638396,
C1=C(C=C(C=C1C(=O)Cl)C(=O)Cl)C(=O)Cl,False,4.348864512263225,4.448864857638396,4.3988649544426,4.745993618196718
C1=CC(=CC=C1N)N,True,4.498865393540615,4.860029658404407,4.447804124446048,4.948862919408721
CC(=O)CC(=O)NC1=CC(=C(C=C1OC)Cl)OC,False,5.447803054060181,4.397803980724037,4.172804120094695,4.6478042470035685
CC(C)COC(=O)C=C,False,4.375987229604663,,,
COC(=O)CCC(=O)OC,False,,4.084084383698699,,
CCCCCCCCN(C)CCCCCCCC,False,,,4.1935771604604275,
CC1=C(C(=NO1)C2=C(C=CC=C2Cl)Cl)C(=O)Cl,False,,4.760030197409634,,
C(CCO)CC(CO)O,False,,4.172788445839707,,
C(COC(=O)Cl)OCCOC(=O)Cl,False,4.148864616843579,4.298864798175959,4.223460072325203,
COC(=O)CCCCCCCCC(=O)OC,False,4.396743007005474,4.396743007005474,,
CC(C)(C)NCCO,False,4.3988649544426,,,
C=CCOCC1CO1,False,,,,4.459602945735281
C(CBr)Br,False,4.510326927538939,,4.3603272821603385,
C=CCBr,False,4.174298721496137,,4.3742987105675795,
CC1=CC(=C(C(=C1C(=O)OC)O)C)O,False,6.598944274228156,,4.498865393540615,4.248864914695038
CCCCCCCCP(=O)(O)O,False,4.148864616843579,,,
C(CBr)Cl,False,4.150283991273487,,4.450283314699821,
C1=CC=C2C(=C1)C(=NN=C2Cl)Cl,False,5.050639272621718,,4.19776725684271,
C1=CC(=CC=C1O)O,False,4.20135073546148,4.7513500561254345,4.244401361520085,
C=CCCl,False,4.378711522660979,,,
CCC#N,False,4.402457282585008,,,
C=CC#N,False,4.198864633756791,,,
C(C#N)Cl,False,4.430759559870364,4.3807605371646385,4.286249546026072,4.180760177047292
C=CCO,False,4.373145559845744,,,
C#CCO,False,4.240520264436058,,,
COCCl,False,4.695830572438403,4.2321453708873555,,4.73763435365416
CC(=C)CC(C)(C)C,False,4.30109210421576,,,
CC(=CC(C)(C)C)C,False,4.408519115269048,,,
CCOP(=O)(OCC)OP(=O)(OCC)OCC,False,,,4.495992904343289,
CC(=C)C(=O)OCC[N+](C)(C)C.[Cl-],False,5.000282383197722,,,
C1=CC=C2C(=C1)C(=O)N(C(=O)N2)CCCl,False,5.110031956768376,,,
CC(C)(C)NC(=O)C=C,False,4.256118813664984,,,
CCO[Si](CCCCl)(OCC)OCC,False,,4.452419724893421,4.402419983183693,5.252417304833343
CCCCOP(=O)(O)OCCCC,False,,4.448864857638396,4.248864914695038,
CCC1(COCOC1)CO,False,4.500284056998402,,,
CC(CCCC(C)(C)O)CC=O,False,,4.219906735001139,4.289938089283378,
CCCC(C)C,False,4.344631027547938,4.39463029944368,,
CC(CCO)O,False,,4.498865393540615,4.494279028526469,
C(CCl)C(=O)O,False,4.393226442014475,,,
CC(COC)O,False,4.3988649544426,,4.438691063647086,
CCC[N+](=O)[O-],True,4.230998782129037,4.231313071112652,,
CC(=O)OC=C,False,4.184537813287594,,4.384538146703993,
CCCCCCCCCCCCCC(=O)OCC(CO)O,False,4.448864857638396,4.748865707419434,,
CC1CCCNC1,False,,,4.407797696621248,
CC(C)CC(C)O,False,,4.548864726812244,,
CCCCC(CC)C(=O)Cl,False,4.448864857638396,,,
C(=O)(N)NC(=O)N,False,4.190779099856703,,,
[CH-]1C=CC=C1.[CH-]1C=CC=C1.[Cr+2],False,4.19815672930734,,,
CC(=C)OC(=O)C,False,,,4.685227187433945,
C1=CC=C(C=C1)COC(=O)NN,False,4.548864726812244,4.198864633756791,,
CC1=CC(=CC=C1)C,False,,,4.6617786468697275,
C1=CC(=CC(=C1)Cl)N,False,4.143928182372226,4.143928182372226,4.143928182372226,4.251182314904944
C1=CC(=CC(=C1)Cl)O,False,4.403848422089826,,,
CC1=CC(=CC=C1)N,False,4.498865393540615,4.448864857638396,4.548864726812244,4.448864857638396
C1=CC(=CC(=C1)N)N,False,4.451535830336317,4.301535631450175,4.154206405261954,4.951536290964837
C1(=C(N=C(N=C1N)N)N)N.OS(=O)(=O)O,False,4.2713386678203324,,,
CC1=NC(=CC=C1)C,False,4.3988649544426,,,
C1CC(=O)OC(=O)C1,False,,4.748865707419434,,
COC(=O)CC(=O)OC,False,4.181102723199746,,,4.548864726812244
CC1=CC(=C2C=C(C=CC2=N1)NC(=O)NC3=CC4=C(C=C(N=C4C=C3)C)N)N.Cl.Cl,False,,4.760030197409634,5.110031956768376,4.660030100046487
CC1=CC(=CC(=C1)O)C,False,4.416860603798003,,,
CC1=CC(=CC(=C1)N)C,False,4.443227268206493,4.9432285051611125,5.243227007887529,5.293231026831769
C1=CN=CN1,False,,,4.186243937258695,4.411243947243808
C1(=NC(=NC(=N1)Cl)Cl)Cl,False,4.3988649544426,,4.506357953085909,4.548864726812244
C1(=NC(=NC(=N1)N)N)N,False,4.497096510006717,,,
C1(=O)NC(=O)NC(=O)N1,False,,,4.223500032469982,
CCCCOC(=O)CC#N,False,4.8783712256509535,4.92837201882953,4.9783683595175345,
CC(C)CC(=O)CC(C)C,False,,,,4.668559543239808
C1=CC=C(C=C1)Br,False,4.451350206101622,,,
CC1CCCCC1,False,4.348864512263225,,,
CC(C)C1=CC2=C(C=C1)SC3=CC=CC=C3C2=O,True,5.098863295458348,4.748865707419434,4.548864726812244,
C1CCC(=O)CC1,False,4.177349493907373,4.134603434346328,,
C1=CC=C(C=C1)C2=C(C=C(C=C2)O)Cl,True,4.748865707419434,4.448864857638396,,
C1=CC=C(C=C1)S,False,5.045695856085987,4.3456956994931755,,4.392526747522998
CC1=CC(=CC(=C1O)C)C(C)(C)C2=CC(=C(C(=C2)C)O)C,False,4.413232714189364,5.563233260826546,,5.463226988169637
CC(=C)C(=O)OCCOCCOCCOC(=O)C(=C)C,False,4.448511301879258,4.32351106245647,4.44815614382721,
C1=CC=C2C(=C1)C=CN2,False,4.455998966253597,4.4059988224744275,4.198864633756791,4.4059988224744275
CC(=C)C(=O)OCCOCCOCCOCCOC(=O)C(=C)C,False,4.3988649544426,4.498865393540615,,4.3988649544426
C1CCCCCCCC(=O)OCCCCCCC1,False,,,,4.498865393540615
CCCCCCOC(=O)CCCCCCCC(=O)OCCCCCC,False,4.348864512263225,,,
CCCCOC(=O)CCCCCCCCC(=O)OCCCC,False,4.148864616843579,4.304354180711538,,
CCN(CC)C1=CC(=C(C=C1)C(=O)C2=CC=CC=C2C(=O)O)O,True,4.448864857638396,4.497980285818551,,
CCCCC,False,4.105640177703833,,,
C1=C(C=C(C(=C1Cl)O)Cl)N,False,4.373145559845744,4.648864911118024,4.798865170407076,4.798865170407076
CCCCCl,False,4.211583430473685,,4.73730216821085,
C(C#N)C#N,False,,4.198864633756791,4.6874524235568815,4.548864726812244
CCCCS,False,4.388691008991687,,,
C1=CC=C2C(=C1)C(=CN2)CC(=O)O,False,4.2391671664983495,4.254000194028271,,
C1=CC(=C(C=C1Cl)Cl)C(CN2C=NC=N2)COC(C(F)F)(F)F,False,5.2513469065757326,5.751340256951664,4.951352363235002,6.651305809734459
C1=CC=C(C=C1)C(=N)N.Cl,False,,,4.252419634662284,
C1=CC=C2C(=C1)C(=CN2)CC(=O)C(=O)O,False,4.448864857638396,4.448864857638396,4.498865393540615,
CN(C)CCN(CC1=CC=C(C=C1)Cl)C2=CC=CC=N2.Cl,False,4.760030197409634,,6.609948503541013,
CC(C)CCC(=O)C,False,4.148864616843579,,,
CN(C)CCN(C)C,False,4.288871306115337,,,
C(=O)(N)NNC(=O)N,False,4.123145622374953,4.448864857638396,,
C=CC(=O)NCNC(=O)C=C,False,4.448864857638396,,5.2488672255444015,
C1=CC(=CC=C1N)OC2=CC(=C(C=C2)N)N,True,4.098864931407043,5.39886386639293,5.298863933907473,5.4488672992713925
CCCCCCOC(=O)CCCCC(=O)OCCCCCC,False,,4.498865393540615,,
CCCCCCCCCC(=O)OCC,False,4.3988649544426,,,
CCOC(=O)CCCCCCCCC(=O)OCC,False,4.448864857638396,4.498865393540615,,
C1=CC(=C(C=C1Cl)Cl)CC#N,False,4.648864911118024,,,
CCCCC=O,False,,4.098864931407043,,
C1=C(OC(=C1)C(=O)O)CO,False,4.190779099856703,,4.740778943025199,
C(C#CCO)O,False,4.142526380793322,,,
II,True,4.148864616843579,4.548864726812244,4.548864726812244,4.698865786166042
COCCOC,False,4.276714713189045,4.119460785625716,4.119460785625716,
CCOCCO,False,4.395992769776875,,,
CC(=O)CC(=O)NC1=C(C=CC(=C1)OC)OC,False,4.748865707419434,4.448864857638396,4.498865393540615,4.548864726812244
CC(=O)NC1=CC(=C(C=C1)OC)N,False,4.724752987322255,4.277496856953504,,
C1=C(C(=CC(=C1Cl)Cl)Cl)S(=O)(=O)O,False,,4.498865393540615,,
C1CCNCC1,False,4.434538261296619,,,
CN(C)CCCN(C)C,False,5.817585347565446,,,
CC(CNCC(C)O)O,False,,4.396038709564252,4.146038493387563,4.215188780065109
CCCCCC#CC(=O)OC,False,,4.198864633756791,,
CCOCCOC(=O)C,False,4.598864942530007,,4.148864616843579,
CN(C)CCCCCCN(C)C,False,,,4.352587686654944,
CCCCCCN,False,,,4.448864857638396,
CCCCCCO,False,4.348864512263225,,,
CCCCCCS,False,4.173145464019715,,,
CC(=C)C(=O)OCCCCCCOC(=O)C(=C)C,False,4.448864857638396,4.448864857638396,,
CCCCN=C=O,False,4.292435784847626,,,
C(CNCCN)N,False,4.147449866149007,,4.19815696317424,
C(CNCCO)N,False,,,4.49392812507465,
C(CO)NCCO,False,4.198687585526217,4.1485104968726825,,
CN1C(=C(C(=O)N(C1=O)C)N=O)N,False,,,4.434882125907665,
C(CCl)OCCCl,False,,,4.220633341626895,
C1CCC2=NCCCN2CC1,False,4.224169002425182,,4.149573724203458,4.099573876854957
C1CCCNCC1,False,,,4.375991358497362,
CC(=C)C(=O)OCCCCCCCCCCOC(=O)C(=C)C,False,4.3988649544426,4.448864857638396,4.448864857638396,
CN(C)CCCNCCCN(C)C,False,,,4.698865786166042,
CCCCCCCC(=O)Cl,False,,4.092110265117535,,
CC(C)CC(C)(C1=CC=C(C=C1)O)C2=CC=C(C=C2)O,False,,4.623157334210109,,4.573157471558879
CCCCCCCN,False,,,4.440430891878339,
C1CCC(CC1)N2CCCC2=O,False,4.348864512263225,,4.348864512263225,
C(CCC#N)CC#N,False,4.448864857638396,,,
CO[Si](C1=CC=CC=C1)(C2=CC=CC=C2)OC,False,,4.698865786166042,,4.798865170407076
CCCCCCC=O,False,,4.194125213544927,4.498865393540615,
CCCCOCCO,False,4.448864857638396,,,
COCCOCCO,False,4.479364523525639,,4.248864914695038,4.448864857638396
CCCOC(=O)C1=C(C(=C(C(=C1Cl)Cl)Cl)Cl)C(=O)OCCC,False,5.748873015022128,4.698865786166042,,
CCCCCCCCBr,False,4.256118813664984,,,
CCCCCCCCN,False,,,4.453490650160367,
CCOCCOCCO,False,4.43661029218282,4.236610196079178,,
C(CNCCC#N)C#N,False,4.230202615976614,,,
COCCOCCOC,False,4.197803209322238,,,
C(CSCCC#N)C#N,False,4.19815672930734,,,
CCCCCCCCCCCC[N+](C)(C)C.[Cl-],False,4.3988649544426,,5.424397289940192,
CCOC(=O)C(=C)C#N,False,4.148864616843579,4.248864914695038,4.3990423433940595,4.198864633756791
CCCCCCCCCCCCCCCC[N+](C)(C)C.[Cl-],False,,,6.114525697170842,
CCCCCCCCCCCCCCCCCC[N+](C)(C)C.[Cl-],False,,4.197449292591688,5.447453452044339,4.147449866149007
CCCCCCCCC(=O)O,False,4.412868480673322,4.105866402867981,4.462868767602671,
C1CN(CCN1CCCN)CCCN,False,,,4.392061624105018,
CCCCCCCCCC(=O)C,False,,,4.391128593646096,
CCCCCCCCCCCCN(C)C,False,4.273459830462956,,,
C(COCCCl)OCCCl,False,4.3988649544426,,,
C(COCCOCCO)O,False,4.273459830462956,,,
CCCCCCCCCCBr,False,4.198864633756791,,,
CCCCCCCCCCO,False,4.498865393540615,,,
CCCCOCCOCCO,False,4.198864633756791,,,
CCOC(=O)C1=CC=CC=C1OC,False,4.598864942530007,,,
CCCCCCCCCCC(=O)O,True,,4.1435774586726675,,
CC(=C)C(=O)OCCC[Si](Cl)(Cl)Cl,False,,4.54463125503823,4.694631431112495,4.944629314721919
C1=CC=C2C(=C1)C(=O)NN2,False,4.8904315766281,4.340430803918236,,4.4904305664700335
CCCCCCCCCCCO,False,4.28952129646963,4.425481437817399,,
C=CCCCCCCCCC=O,False,,4.498865393540615,,4.287452150687937
CCCCOC(=O)CO,False,4.298864798175959,,,
CCOCCOCCOCCO,False,,4.15847410274567,,
CCCCCCCCCCCCCl,False,,,4.454564222747602,4.593151664991404
CCCCCCCCCCCCO,True,4.553848214993438,4.653848569296847,,
CCCCOCCOCCSC#N,False,5.041005282123461,4.375651888168171,,
C(CNCCNCCNCCN)N,False,4.15099480698867,,4.200994607009435,
CC(C)(C(=O)C1=CC=CC=C1)O,False,4.198864633756791,,,
CCCCCCOCCOCCO,False,4.298687745869122,4.1485104968726825,,
C(COCCOCCOCCO)O,False,4.313593181055593,,,
C[N+]1(CCOCC1)[O-],False,4.450283314699821,,,
C(CS)C(=O)OCC(COC(=O)CCS)(COC(=O)CCS)COC(=O)CCS,False,,4.798865170407076,,5.2488672255444015
CCCCCCCCCCCCCO,True,4.583504281621854,4.483504289511863,,
CCCCCCCCCCCCCCO,True,4.548864726812244,4.498865393540615,,
CCCCCCCCCCCCCCN(C)C,False,4.817032131540955,,,
CCCCCCCCCCCCCCCCBr,False,4.766569812128528,,,
CCCCCCCCCCCCCCC(C(=O)O)Br,False,4.273459830462956,4.148864616843579,,
CC1=CC2=C(C=C1C(=C)C3=CC=C(C=C3)C(=O)O)C(CCC2(C)C)(C)C,False,,4.528011326709426,,4.173145464019715
CC(=O)NCCC1=CC=CC2=C1C=C(C=C2)OC,False,5.410028070483141,4.810029897405945,,4.860029658404407
C[C@]12C[C@@H]([C@H]3[C@H]([C@@H]1C[C@@H]4[C@]2(OC(O4)(C)C)C(=O)CO)C[C@@H](C5=CC(=O)C=C[C@]35C)F)O,False,,,,5.310025555333226
CCCCCCCCCCCCCOP(=O)(O)O,False,4.148864616843579,4.148864616843579,,
CCC1(C(=O)NC(=O)N1)C,False,4.3988649544426,,,
CC(=O)NC1=C2C(=CC(=C1)S(=O)(=O)[O-])C=C(C(=C2O)N=NC3=CC=CC=C3OC)S(=O)(=O)[O-].[Na+].[Na+],True,4.475391002438249,4.525391881832529,4.475391002438249,4.475391002438249
C([C@H]([C@@H]([C@H]([C@H](CO)O)O)O)O)O,False,4.3988649544426,,,
CCC12COCN1COC2,False,,4.14815666541292,,4.398157210217902
CC1=CC[C@@H]2C[C@H]1C2(C)C,False,,,,5.399876931974314
CC[C@@H](CO)NC(=O)[C@H]1CN([C@@H]2CC3=CNC4=CC=CC(=C34)C2=C1)C,False,,,6.110026361596004,
CCCCCCCCS(=O)(=O)Cl,False,,4.54463125503823,,
CCCCC(CC)CN1C(=O)C2C3CC(C2C1=O)C=C3,False,4.748865707419434,4.948862919408721,4.498865393540615,5.998872299722965
CN(C)CCCN1C2=CC=CC=C2CCC3=CC=CC=C31.Cl,False,4.448864857638396,,5.4488672992713925,
CC1=NC=C(C(=C1O)CO)CSSCC2=CN=C(C(=C2CO)O)C.Cl.Cl,False,4.610029886099158,5.010029874726081,5.210031697910783,4.810029897405945
CC(C)(C1=CC=CC=C1)C2=CC=C(C=C2)NC3=CC=C(C=C3)C(C)(C)C4=CC=CC=C4,False,,5.374042707671608,,4.995992635721387
CC(=O)NNC1=CC=CC=C1,False,4.201706465163455,4.701705973646207,4.451706419794678,4.451706419794678
C(=O)C(Br)(Br)Br,True,4.550284076611865,4.800283209056214,,
CCS(=O)(=O)C(C)(C)S(=O)(=O)CC,False,,,4.460029874171644,
C1(=C(C(=NC(=C1Cl)Cl)C(=O)O)Cl)Cl,False,4.448864857638396,4.3988649544426,4.339521102299182,
C1(C(C2(C(=C(C1(C2(Cl)Cl)Cl)Cl)Cl)Cl)C(=O)O)C(=O)O,False,4.201706465163455,,,
C1=CC(=CC=C1C(C2=CC=C(C=C2)Cl)(C(Cl)(Cl)Cl)O)Cl,False,5.19886394724405,5.298863933907473,4.498865393540615,
CC(=O)OC1=CC=C(C=C1)C2(C3=CC=CC=C3NC2=O)C4=CC=C(C=C4)OC(=O)C,False,,5.26003230324049,,
C1=CC=C2C(=C1)C(=C3C=CC=CC3=C2Cl)C=O,False,5.959476773554404,,,
C1=CC=C2C(=C1)C(OS2(=O)=O)(C3=CC(=C(C(=C3)Br)O)Br)C4=CC(=C(C(=C4)Br)O)Br,True,4.486697148033686,4.786697451381024,4.2366963223037954,4.192186355205857
CN(C)CCCNCCCN,False,4.450638654031714,,4.200639459673228,
CCC(C)C1(C(=O)NC(=O)NC1=O)CC=C,False,4.707158247768131,,,
CCCCCCCCCCCCCOC(=O)CCSCCC(=O)OCCCCCCCCCCCCC,False,4.87581868161886,5.175822079913815,,4.87581868161886
CCC(CO)(CO)N,False,4.241407136117033,,,
CC[N+](CC)(CCNC(=O)C(=O)NCC[N+](CC)(CC)CC1=CC=CC=C1Cl)CC2=CC=CC=C2Cl.[Cl-].[Cl-],False,4.667283882389841,,4.810029897405945,
C1=CC=C(C=C1)OP(=O)(OC2=CC=CC=C2)OC3=CC=CC=C3,False,5.049927633474029,5.199930656908167,,
[CH-]1C=CC=C1.[CH-]1C=CC=C1.Cl[V]Cl,False,,4.9460384926855,,
CCOP(=S)(OCC)OC1=CC=C(C=C1)S(=O)C,False,5.39886386639293,6.048856839892448,,5.048866560110487
COP(=S)(OC)OC1=CC=C(C=C1)S(=O)(=O)N,False,4.557158208489572,5.460033632003287,4.560029756289291,4.810029897405945
CC(=CCCC(C)(C=C)OC(=O)C)C,False,,4.448864857638396,,4.548864726812244
C(CCl)OP(=O)(OCCCl)OCCCl,False,4.4506422912659085,4.202419492050071,,
CC1CC(CC(C1)(C)C)O,False,4.348864512263225,,,
C(=O)(C(Cl)(Cl)Cl)C(Cl)(Cl)Cl,False,,,4.189733869181719,
C1=CC(=CC=C1S(=O)(=O)C2=CC(=C(C=C2Cl)Cl)Cl)Cl,False,4.498865393540615,4.624219410208741,,
C1=CC=C(C=C1)C(=O)C2=CC(=CC=C2)O,False,4.441826829349802,,4.241827188068758,
CC(=O)C1=CC=C(C=C1)OC(=O)C,False,4.481445264677811,,,
CC(C)(C1=CC=C(C=C1)OC2=CC=C(C=C2)N)C3=CC=C(C=C3)OC4=CC=C(C=C4)N,True,,5.59885804480627,,5.4488672992713925
COC1=C(C(=C(C=C1)CN2CCNCC2)OC)OC.Cl.Cl,False,4.560029756289291,,,
CC(C)NC(=O)C1=CC=C(C=C1)C=O,True,4.510030276850633,,,
C1=C(C(=C(C(=C1Cl)Cl)[N+](=O)[O-])Cl)Cl,False,5.548858579207237,4.148864616843579,4.448864857638396,
CCN(CCC#N)C1=CC=C(C=C1)N=NC2=C(C=C(C=C2Cl)[N+](=O)[O-])Cl,True,4.3988649544426,4.648864911118024,,
C=CCC1=C(C=CC(=C1)S(=O)(=O)C2=CC(=C(C=C2)O)CC=C)O,False,,6.348818937555312,5.19886394724405,4.798865170407076
C1=CC=C2C(=C1)C(=O)C3=C(C2=O)C=C(C=C3)N,True,6.652790859758355,4.7527910941931095,4.477791255929782,5.852797267612687
C1=CC=C2C(=C1)C(=O)C(=C(C2=O)Cl)Cl,True,4.798156696873339,5.348156354671703,4.848157422607965,4.6731577323608136
CCCCC(CC)COC(=O)C1=CC=CC=C1C(=O)OCC(CC)CCCC,False,4.698865786166042,4.948862919408721,4.09599272102113,5.479359285034581
COCCOC(=O)C1=CC=CC=C1C(=O)OCCOC,False,4.572451512443542,4.31742084614685,,
CCCCOCCOC(=O)C1=CC=CC=C1C(=O)OCCOCCCC,False,4.7285120931200595,5.153511473769424,4.528511386395677,4.703512132493364
CCCCCCCCOC(=O)C1=CC=CC=C1C(=O)OCCCCCCCC,False,4.368015222057094,4.524396713624418,,5.045991590113969
C1=CC=C(C=C1)C(=O)C2=CC=CC=C2O,False,4.843430209617745,4.293430544591138,4.393430704934042,
C1=C2C(=C(C(=C1Br)O)Br)OC3=C(C(=C(C=C3C24C5=C(C(=C(C(=C5Cl)Cl)Cl)Cl)C(=O)O4)Br)O)Br,True,4.556746521253013,4.88174705568745,4.665337194422403,4.048156584862561
C1=CC=C2C(=C1)C(=O)N(C2=O)CO,False,4.393226442014475,,,
C1=CC=C2C(=C1)C(=O)OC(=O)N2,False,4.148864616843579,,,
CC1(C(=O)N(C(=O)N1Cl)Cl)C,False,4.348864512263225,,,4.44815614382721
C1=CC=C(C=C1)OC(=O)C2=CC=CC=C2O,True,4.498865393540615,4.448864857638396,,
CC1CC(CC(C1)(C)C)OC(=O)C2=CC=CC=C2O,False,4.510030276850633,4.454447848395606,4.498865393540615,
C1=CC=C(C=C1)COC(=O)C2=CC=CC=C2O,True,4.625285350229225,4.425285642087711,,
C1=CC(=CC=C1CC2=CC=C(C=C2)N3C(=O)C=CC3=O)N4C(=O)C=CC4=O,True,4.698865786166042,5.2488672255444015,,4.198864633756791
CCC1=CC(=CC(=C1N)CC)CC2=CC(=C(C(=C2)CC)N)CC,False,4.998863636444484,,4.548864726812244,6.198870812420296
CC1=C(C=CC=C1Cl)Cl,False,4.3988649544426,,,
C1(=C(C(=O)C(=C(C1=O)Cl)Cl)Cl)Cl,True,4.449574086169108,5.2495770467867935,4.6745746641094,4.574574484058213
CC(C)(C)C1=CC(=CC(=C1O)C(C)(C)C)CC2=CC(=C(C(=C2)C(C)(C)C)O)C(C)(C)C,False,4.198864633756791,4.448864857638396,,
CC1=CC=CC=C1C(C2=CC=CC=C2)OCCN(C)C.C(C(=O)O)C(CC(=O)O)(C(=O)O)O,False,4.53431087074211,,5.054447458702133,
COC1=C(C=C(C=C1)[N+](=O)[O-])[N+](=O)[O-],False,4.998863636444484,,,
CC1=C(C=C(C=C1)N)[N+](=O)[O-],False,4.995687226193237,4.445686531595555,4.39568644863326,4.39568644863326
CC1=CC(=C(C=C1)O)[N+](=O)[O-],False,4.443576878628715,,4.26817239824627,
CCCS(=O)C1=CC2=C(C=C1)N=C(N2)NC(=O)OC,False,4.810029897405945,,4.760030197409634,
CC(=CC1C(C1(C)C)C(=O)OCN2C(=O)C3=C(C2=O)CCCC3)C,False,4.256118813664984,4.5044473069638435,4.679447312109095,4.198864633756791
CC1=CC(=C(C(=C1)C(C)(C)C)O)CC2=C(C(=CC(=C2)C)C(C)(C)C)O,False,4.472804090619229,5.372806092322403,4.546742832497877,5.122803758490825
C1=CC=C(C=C1)C(C(=O)C2=CC=CC=C2)O,False,4.5024193982971905,,4.525518640046146,
C1CN2C(=CC=C2C(=O)C3=CC=CC=C3)C1C(=O)O.C(C(CO)(CO)N)O,False,4.460029874171644,4.510030276850633,,
CC[C@@H]1[C@@]([C@@H]([C@H](C(=O)[C@@H](C[C@@]([C@@H]([C@H]([C@@H]([C@H](C(=O)O1)C)O[C@H]2C[C@@]([C@H]([C@@H](O2)C)O)(C)OC)C)O[C@H]3[C@@H]([C@H](C[C@H](O3)C)N(C)C)O)(C)OC)C)C)O)(C)O,False,,,,5.6949927624904815
C1CCC2=CC=CC=C2C1,False,,,5.13973388260321,
C1=CC=C2C=NC=CC2=C1,False,4.3988649544426,,4.3988649544426,4.998863636444484
C1=CC=C(C=C1)NC2=CC=CC=C2[N+](=O)[O-],False,5.301351492549114,4.451350206101622,4.451350206101622,
CCN(CC)CC(=O)OCC(=O)[C@]1(CC[C@@H]2[C@@]1(C[C@@H]([C@H]3[C@H]2CCC4=CC(=O)CC[C@]34C)O)C)O,False,,,,5.460033632003287
CS(=O)(=O)C1=C(C=CC(=C1)C(F)(F)F)C(=O)C2=C(ON=C2)C3CC3,False,4.198864633756791,5.898871824161243,,
COC1=C(C=CC(=C1)C2=CC(=C(C=C2)N)OC)N,False,5.751182577375954,4.801177069498072,4.345471511172969,5.576174547968728
CC1=C(C=CC(=C1)C2=CC(=C(C=C2)N)C)N,True,6.252438170446078,4.60242534993112,5.477428152620313,5.102425169510329
C1=CC=C2C=C3C=CC=CC3=CC2=C1,False,6.242041894080835,4.185227837682019,,
COC1=C(C=C(C=C1)C=O)OC,False,4.471396491356523,4.191056477805541,4.443927977729064,4.793927374087515
C1=CC=C(C=C1)CC2=C(C=CC(=C2)Cl)O,False,4.510030276850633,4.96003097313254,4.393577787329442,4.271221225301522
CC(C(=O)O)OC1=C(C=C(C=C1)Cl)Cl,False,,4.37315702261866,4.447449801503656,
CCNC1=C(C=CC(=C1)O)C,False,4.903489721821524,5.003492705836456,4.4034908716580015,4.803492208060304
C1=CC=C(C=C1)C(=O)CC(=O)C2=CC=CC=C2,True,5.217670731003163,4.4176684123488466,,
CCOC(=O)C1=CC=C(C=C1)O,False,4.779447722285225,,,
C1=CC=C(C=C1)C(=O)OCCOCCOC(=O)C2=CC=CC=C2,False,5.199395790858837,4.974396156458901,,
C1OC2=C(O1)C=C(C=C2)C=O,False,4.504205980225132,,,
COC(=O)C1=CC=C(C=C1)C(=O)OC,True,5.0958707259722384,4.250130402752697,,
CCCCCCCCS(=O)C(C)CC1=CC2=C(C=C1)OCO2,False,4.540081550392272,5.390085589914002,4.390082391095816,4.7900830469910085
CC1=CC(=C(C=C1)OC)N,False,4.50623091876385,4.481231132132233,4.60623114968644,4.931229688776455
CC1=NC2=CC=CC=C2S1,False,4.396038709564252,,,
C1=CC=C2C(=C1)N=C(S2)SSC3=NC4=CC=CC=C4S3,True,,4.8212647142114955,,
C1=CC(=C(C=C1Cl)Cl)O,False,4.40046428040043,,4.302063107176063,
C1CNC(=O)N1,False,,,4.517620993591358,
CCC(C)(C)C1=CC(=C(C=C1)O)C(C)(C)CC,False,4.5761778676142955,5.32617619135588,4.4511777538993815,4.5761778676142955
CC(C)(C)C1=C(C=CC(=C1)OC)O,False,4.423157377973128,4.698157632175096,,4.248157232190569
CC1=C(C=C(C=C1)[N+](=O)[O-])S(=O)(=O)O,False,4.145992904260828,4.127611615747894,4.327611824371857,
CC1=C(C=C(C=C1)[N+](=O)[O-])[N+](=O)[O-],False,4.651893673416856,4.126893682879059,4.204922605196676,4.173478816483975
CCO[Si](CCCS)(OCC)OCC,False,,,4.3988649544426,4.448864857638396
CCOC1=C(C=CC(=C1)C=O)O,False,4.398334090947374,,,
C1=CC(=CC=C1C(=C(Cl)Cl)C2=CC=C(C=C2)O)O,False,4.399573853919421,5.199571631081671,,4.6995740936052375
CCOC(=O)C1C(O1)C2=CC=CC=C2,False,4.494474075541343,4.190082224227991,,
CCN(CC)CC,False,,4.639624356217785,4.626330482945119,
COP(OC)OC,False,,,4.435573041026367,
C(COCCS)OCCS,False,4.598864942530007,4.3988649544426,,4.748865707419434
C1=CC(=CC(=C1)S(=O)(=O)O)N,False,,4.397449532974095,4.171730435066144,
CC(C)(C)CC(C)(C)C1=CC=C(C=C1)OCCOCC[N+](C)(C)CC2=CC=CC=C2.[Cl-],False,4.256472989262731,4.099218986588969,5.254625063092026,
C1=C(SC(=N1)N)[N+](=O)[O-],False,4.372098953108026,4.4720990603825355,,
C1=CC(=C(C=C1[N+](=O)[O-])Cl)N,False,4.648864911118024,,,
CC(=O)C1=CC(=CC=C1)[N+](=O)[O-],False,4.44992826586856,,4.399928192697783,
C1=CC(=CC(=C1)[N+](=O)[O-])C(=O)Cl,False,4.410689471330473,,,
C1=CC(=CC(=C1)C(=O)O)C(=O)O,False,4.191826852192582,,,
C1=CC(=CC(=C1)[N+](=O)[O-])C(=O)O,False,4.373145559845744,,,
COC1=CC=C(C=C1)C(=O)OC,False,4.548864726812244,,,
C1=CC(=CC=C1C(=O)Cl)Cl,False,,,4.573145667674899,
C1=CC(=CC=C1C(=O)Cl)[N+](=O)[O-],False,4.406358444508688,,4.456359014986922,
C1=CC=C(C=C1)C[N+]2=CC=CC3=CC=CC=C32.[Cl-],False,,4.198864633756791,5.4488672992713925,
CCN(CC)C1=CC=C(C=C1)C(=C2C=CC(=[N+](CC)CC)C=C2)C3=C(C=C(C=C3)S(=O)(=O)[O-])S(=O)(=O)[O-].[Na+],True,4.898864942667959,4.848866210191896,4.548864726812244,5.048866560110487
C[Si](NC1CCCCC1)(NC2CCCCC2)NC3CCCCC3,False,4.3988649544426,4.3988649544426,,
CCCCCCCCOCCCN,False,5.2488672255444015,4.548864726812244,5.19886394724405,4.473145949387726
CCN1CCCC(C1)OC(=O)C(C2=CC=CC=C2)C3=CC=CC=C3.Cl,False,,,5.810032701648728,5.610036963564112
CC1=C(C(=O)N(N1C)C2=CC=CC=C2)I,False,,4.410030303250599,,
C1=CC=C2C(=O)C=CC(=O)C2=C1,True,4.598864942530007,5.048866560110487,4.798865170407076,4.798865170407076
C1=CC=C2C(=C1)C(=O)C3=CC(=C4C(=C3C2=O)NC5=C(C=C6C(=C5N4)C(=O)C7=CC=CC=C7C6=O)Cl)Cl,True,4.198864633756791,,,
CCCCOC(=O)CCS,False,4.3988649544426,4.248864914695038,,
C/C=C/C1=CC(=C(C=C1)O)OC,False,4.698865786166042,4.898864942667959,4.448864857638396,4.560029756289291
C1CCC(CC1)C2=C(C(=CC(=C2)[N+](=O)[O-])[N+](=O)[O-])O,True,4.149928712537672,5.099927964053319,4.499928269874536,
CN1[C@@H](CCC1=O)C2=CN=CC=C2,False,4.464690686246964,,,
C1=CC(=C(C=C1C=O)[N+](=O)[O-])Cl,False,4.548864726812244,4.148864616843579,4.3988649544426,4.0674199577973305
C1=CC=C2C(=C1)C(=O)C3=C(C2=O)C=C(C=C3)Cl,False,7.008330992620051,,,
COC(=O)C1=CC=CC=C1C(=O)OC,False,4.522451867254416,,,
COC1=C(C=C(C=C1)Cl)C(=O)NCCC2=CC=C(C=C2)S(=O)(=O)N,False,4.760030197409634,,,5.460033632003287
C1=CC2=C(C=CC(=C2)O)C=C1C(=O)O,True,,,4.404922842992303,
CCCOC(=O)C1=CC=CC=C1C(=O)OCCC,False,5.620344469960548,4.520346008335759,,
C=CCOC(=O)C1=CC=CC=C1C(=O)OCC=C,False,5.552257165016417,5.32725391434246,4.205640239035108,5.252252239670919
CCCCCOC(=O)C1=CC=CC=C1C(=O)OCCCCC,False,5.02439853927588,4.849397504878542,4.249928433425534,4.478023609064382
COC1=CC(=C(C=C1)C(=O)C2=CC=CC=C2O)O,False,5.654979297672856,4.44992826586856,4.199928658690947,
COC1=CC(=C(C=C1)C(=O)C2=C(C=C(C=C2)OC)O)O,True,5.895683635488273,4.9456857692972145,4.5456857604352106,4.39568644863326
C1=CC(=C(C=C1O)O)C(=O)C2=C(C=C(C=C2)O)O,True,4.948509967670358,4.173145464019715,5.023508941529067,5.12351198740677
C1=CC=C(C=C1)C(=O)C2=C(C=C(C=C2)O)O,True,4.619647630065225,4.3196476545859195,4.844647960937047,4.669648243010917
CCCCCCC(C)NC1=CC=C(C=C1)NC2=CC=CC=C2,False,4.598864942530007,5.2488672255444015,4.548864726812244,4.448864857638396
CC(CCCN)CN,False,,,4.648864911118024,5.148864004988426
CCN1C2=C(C=C(C=C2)N)C3=CC=CC=C31,False,5.673867340999928,4.723864834740102,5.473862921991804,4.7988639152633725
C1=CC=C(C=C1)C2=NC3=CC=CC=C3C(=C2)C(=O)O,True,4.476803577739673,4.476803689545168,4.338944304609223,
C1=CC=C2C(=C1)C=CC=C2NC(=O)C3=CC=CC=C3C(=O)O,False,4.948862919408721,4.898864942667959,4.498865393540615,
CC(CC=O)C1=CC=CC=C1,False,,4.498865393540615,,4.648864911118024
CCOC1=CC2=C(C=C1)NC(CC2C)(C)C,True,4.448864857638396,4.798865170407076,4.848866210191896,4.998863636444484
C1C=CCC2C1C(=O)N(C2=O)SC(Cl)(Cl)Cl,True,4.503318719473079,4.853320084255678,4.205998803245695,4.605998607697668
C1=CC=C2C(=C1)C(=O)N(C2=O)SC(Cl)(Cl)Cl,True,4.576893515739264,4.751894357720229,,
C1=CC=C(C=C1)OC(=O)C2=C(C=C(C=C2)N)O,True,4.940599425726271,4.560029756289291,,4.610029886099158
CC(C)(C)C(CCC1=CC=C(C=C1)Cl)(CN2C=NC=N2)O,False,4.471221136084665,5.496217348216778,4.596221497192936,6.771210426502119
CC(C1CC1)C(CN2C=NC=N2)(C3=CC=C(C=C3)Cl)O,False,4.50135041526701,6.901356274182943,4.401350634527242,6.05134256785868
CC(C)C1(C(=O)NC(=N1)C2=C(C=C(C=N2)COC)C(=O)O)C,False,,4.498865393540615,,
C1=CC=C(C=C1)C(CCC2=CC=C(C=C2)Cl)(CN3C=NC=N3)C#N,False,4.445993253446242,5.698861444284984,,7.248720896016658
C1=CC=C(C(=C1)C(=O)NCC(=O)O)I,False,4.690601944092395,,,
C1=CC=C(C=C1)CCOC(=O)C2=CC=CC=C2N,True,5.147981669942437,4.4729806838225565,4.422980491976474,4.288230337565568
CCCN(CC)CC1COC2(O1)CCC(CC2)C(C)(C)C,False,,,4.948862919408721,5.39886386639293
CCC(CC1=CC=CC=C1)(C(=O)C2=CC=C(C=C2)N3CCOCC3)N(C)C,False,,4.448864857638396,5.148864004988426,4.848866210191896
CC1COC(O1)(CN2C=NC=N2)C3=C(C=C(C=C3)OC4=CC=C(C=C4)Cl)Cl,False,4.598864942530007,5.898871824161243,4.498865393540615,7.099086932262331
CC1=CC(=C(C(=C1Cl)C)Cl)O,False,4.898864942667959,,,4.3988649544426
CC1(CCC(C1(CN2C=NC=N2)O)CC3=CC=C(C=C3)Cl)C,False,4.3988649544426,6.748848656824645,4.3988649544426,7.399027104313252
CC(C)C1CCC(C1(CN2C=NC=N2)O)CC3=CC=C(C=C3)Cl,False,4.452776817261226,6.102757897194635,4.652777351645827,7.302770657240282
CCOC(=O)C(CC1=CC(=C(C=C1Cl)F)N2C(=O)N(C(=N2)C)C(F)F)Cl,False,4.548864726812244,5.148864004988426,4.198864633756791,4.448864857638396
CC(C)(C(=O)C1=CC=C(C=C1)OCCO)O,False,4.448864857638396,,,
C1=CC(=C(C=C1[N+](=O)[O-])[N+](=O)[O-])O/N=C/C2=CC(=C(C(=C2)Br)O)Br,False,,4.850993466449789,,
CC1=C2C(=NN1)NC3=C(C=C(C=C3)[N+](=O)[O-])C(=N2)C4=CC=CC=C4Cl,True,4.198864633756791,4.698865786166042,4.498865393540615,5.498858544712217
CC#CC1=NC(=NC(=C1)C)NC2=CC=CC=C2,True,5.849212869034636,4.449219037810705,,4.1992190191615695
C1=C(C=C(C(=C1C(=O)O)Cl)N)Cl,False,4.3988649544426,,4.4495478288812595,
CC1CCC(C(C1)OC(=O)C2=CC=CC=C2N)C(C)C,False,4.754921843959868,5.304921283503363,4.254922865108714,
COC(=O)C1=CC=CC=C1N,False,4.4564128030960735,,,
CCC1=NN(C(=C1Cl)C(=O)NCC2=CC=C(C=C2)C(C)(C)C)C,False,4.648864911118024,4.748865707419434,4.3988649544426,
CC(C)(C)C1=CC=C(C=C1)CCOC2=NC=NC3=CC=CC=C32,False,,,4.195992853319044,
CC1=CC(=NC(=N1)NC2=CC=CC=C2)C3CC3,True,5.59885804480627,4.348864512263225,4.198864633756791,
CC1=NN(C(=O)N1C(F)F)C2=C(C=C(C(=C2)NS(=O)(=O)C)Cl)Cl,False,4.448864857638396,4.3988649544426,,
COC1=CC=CC=C1N.Cl,False,4.4490420543051306,4.174041950642003,4.824041995806459,4.624042038591134
C1=CC(=C2C(=C1)OC(O2)(F)F)C3=CNC=C3C#N,False,5.798876102792621,4.698865786166042,,
C1=CC=C2C(=C1)C=CC=C2N,False,5.02245326601097,4.397451832003426,4.772451287007215,4.372451602773456
CSC(=O)C1=C2C(=CC=C1)N=NS2,False,6.148864004988426,5.098863295458348,4.448864857638396,
CC(C)N(C1=CC=C(C=C1)F)C(=O)COC2=NN=C(S2)C(F)(F)F,False,4.448864857638396,4.448864857638396,,
CCOC1=NC(=CC2=NC(=NN21)S(=O)(=O)NC3=C(C=CC=C3Cl)C(=O)OC)F,False,,4.248864914695038,,4.448864857638396
C1=CC=C(C=C1)C(=O)C(=O)C2=CC=CC=C2,False,4.900640537932747,,4.500638760449454,
CC1=CC=C(C=C1)C(=O)C2=CC=CC=C2,True,4.448864857638396,4.448864857638396,4.3988649544426,
C1=CC=C(C=C1)C(=O)C2=CC=C(C=C2)Cl,False,5.39886386639293,4.198864633756791,,
CCC(C)C1=CC(=C(C(=C1)C(C)(C)C)O)C(C)(C)C,False,4.207077674780297,,4.45707752093567,4.707077488003785
CCC(C)OC(=O)C1=CC=C(C=C1)O,False,4.6224511542182345,,4.397451320213401,
C1=CC=C2C=C(C=CC2=C1)O,False,4.693430105585671,,4.187996272987085,4.187996272987085
CN(C)CCN(CC1=CC=CS1)C2=CC=CC=N2.Cl,False,4.505512509928787,,6.355530328079219,
C(C(=O)O)C(=O)O,False,4.197803209322238,,4.247803225592409,
C1=CC(=CC2=CC(=C(C=C21)O)S(=O)(=O)[O-])S(=O)(=O)[O-].[Na+].[Na+],False,,,4.248864914695038,
CCCCCCC1CCOC1=O,False,4.306118789647335,,,
C1=CC=C(C=C1)NC2=CC3=CC=CC=C3C=C2,True,5.449932018622802,4.524929928578144,4.399930044100508,4.47492999399122
CCC(C)C1=CC=CC=C1,False,,,,4.3988649544426
C1=CC=C(C=C1)NN=NC2=CC=CC=C2,True,5.166530626871504,4.591529441027491,4.216529144358044,4.466529273336388
C1=CC=C(C=C1)N=NC2=C(N=C(C=C2)N)N.Cl,True,4.996388697369311,4.696391450742153,4.448864857638396,4.546391207975148
C1=CC(=CC=C1C(=O)OCC(CO)O)N,False,4.760030197409634,4.760030197409634,,4.860029658404407
CCCOC(=O)C1=CN=C(C=C1)C(=O)OCCC,True,4.948862919408721,5.098863295458348,,
CCCCNC1=CC=C(C=C1)C(=O)OCCN(C)C.Cl,False,4.560029756289291,,,
CCCCC(CC)C(=O)O,False,4.197803209322238,4.448864857638396,,
C1=CN=CC=C1CCCC2=CC=NC=C2,False,5.8488754099493185,5.298863933907473,5.8488754099493185,6.048856839892448
COP(=S)(N)OC,False,,,4.198864633756791,
C1=CC=C2C(=C1)N=C(S2)N,False,4.44077945582353,,4.44077945582353,
CCCCCCCC1CCCC1=O,False,,,4.248864914695038,
CC1=CC=CC=C1S,False,4.495143269437635,4.345143179224265,4.895144304542031,
CC1=C(C=C(C=C1)NC(=O)N(C)C)NC(=O)N(C)C,False,4.198864633756791,4.248864914695038,,4.448864857638396
C1=CC(=C(C=C1N)N)O.Cl.Cl,False,4.344579288612481,4.325285578183332,4.475285906667646,4.403913079745961
C1=CC=C2C(=C1)C(=O)N(C2=O)CCl,False,4.425631271837651,,,
CC1=CC(=C(C=C1C)N)C,False,6.150273555803672,4.500284056998402,4.650283542052757,4.450283314699821
CCC(C)CO,False,,4.354079854825302,,
CC[Si](OC(=O)C)(OC(=O)C)OC(=O)C,False,4.3988649544426,4.148864616843579,4.286005240006675,4.873864395772935
C1=CC=C(C=C1)OC(=O)C2=CC=C(C=C2)O,True,4.522275576987912,4.822275386921651,,
CCN(CC)C1=CC(=C(C=C1)C=O)O,False,4.748865707419434,,,
C(#N)C1=C(C(=C(C(=N1)Cl)Cl)Cl)Cl,False,5.298863933907473,4.098864931407043,,
C=COCCCCO,False,4.223460072325203,4.098864931407043,,
C(C(C(=O)[O-])O)C(=O)[O-].[Na+].[Na+],False,4.478585991510725,,,
CCOC(=O)NCCC[Si](OCC)(OCC)OCC,False,,,,4.3988649544426
CCO[Si](CC(C)C)(OCC)OCC,False,,4.248864914695038,4.348864512263225,4.448864857638396
C1=CC=C(C=C1)C2=NNN=N2,False,4.198864633756791,,,
CN(C)C1=CC=C(C=C1)N=O,True,4.423157377973128,4.423157377973128,4.623157873386392,4.423157377973128
C(C(C(=O)O)O)(C(=O)O)O,False,4.400995133758416,,,
CCCCCCCCCCCC[N+](C)(C)CC1=CC=CC=C1.[Cl-],False,4.409808978348609,4.094086934778497,5.98481373086052,
CCCCCCCCCCCCCC[N+](C)(C)CC1=CC=CC=C1.[Cl-],False,2.9444778102419207,4.066107458536873,4.64591969998566,
C(C(=O)O)N(CC(=O)O)CC(=O)O,False,,4.111082327519202,,
CCNCC(=C)C,False,,,4.455640455775885,
C1=CC(=CC=C1N)SC2=CC=C(C=C2)N,False,4.448864857638396,6.048856839892448,4.798865170407076,5.19886394724405
C1=CC=C(C=C1)SC2=CC=CC=C2,False,4.498865393540615,,,
C1=CC=C(C=C1)CC#N,False,4.188690477440957,,4.388691008991687,
C1CN(CCN1)CCN,False,,,4.148864616843579,
C1=CC(=CC=C1NC(=O)N)Cl,False,4.500638760449454,4.150638946525531,,
CC1=CC=C(C=C1)OC(=O)C,False,4.148864616843579,,,
CC(=O)NC1=NC=C(S1)[N+](=O)[O-],False,4.810029897405945,,,
CCN(CCN)C1=CC=CC(=C1)C,False,4.5217483242894225,4.371747405853452,5.221748212006759,4.536997981234618
CN(C)C(=O)NC1=CC=C(C=C1)Cl,False,5.402429132302295,,4.602432203630847,
CC1=C(C=C(C=C1)C(=O)N)N,False,4.448864857638396,,,
C[C@@H]1[C@H](C[C@@H]([C@H](O1)OC2[C@@H]([C@H](C([C@@H]([C@@H]2O)O)O)O)O)N)N=C(C(=O)O)N.Cl,False,4.287452150687937,,,
CC(=O)NC1=CC=C(C=C1)C(=O)CCl,False,4.448864857638396,4.198864633756791,4.423145748029465,
CC1=CC2=C(C=C1)C(=O)OC2=O,False,,,4.998863636444484,
C1=CC(=CC=C1C(=N)N)OCCCCCOC2=CC=C(C=C2)C(=N)N.C(CS(=O)(=O)O)O.C(CS(=O)(=O)O)O,False,4.518505775218375,,4.518505775218375,
CC(C)(C)CC(C)(C)C1=CC=C(C=C1)O,False,4.491588148340126,4.779447802412689,4.698865786166042,
COC1=CC=C(C=C1)CC=C,False,4.412140928786882,,5.1621402125011135,
CCCCCCCCCCCCCCCC[N+]1=CC=CC=C1.[Br-],False,4.141808168234588,4.141808343205605,6.6790233226571765,4.257235931504045
C1=CC(=C(C=C1Cl)Cl)CC(=O)O,False,,,4.448864857638396,
CCCCOC(=O)CCC(=O)OCCCC,False,4.598864942530007,4.3988649544426,,
CC(C)COC(=O)CCCCC(=O)OCC(C)C,False,4.287452150687937,4.548864726812244,,
CCC(=O)OCCC(C)CCC=C(C)C,False,4.3988649544426,4.448864857638396,4.306118789647335,4.779363754416302
CCCC(=O)OCCC(C)CCC=C(C)C,False,4.198864633756791,4.498865393540615,4.148864616843579,5.348867421449518
CCCCOCCOCCOC(=O)CCCCC(=O)OCCOCCOCCCC,False,4.44780282906488,4.848334115018465,4.471897819228515,4.523333938645931
C1=C(C=C(C(=C1Cl)Cl)Cl)[N+](=O)[O-],False,4.902777407480099,,,
CCCCCCC(CCCCCCCCCCC(=O)OC)O,False,,4.698865786166042,,
CC(CCC=C(C)C)CCO,False,4.448864857638396,4.148864616843579,,4.256118813664984
CCCCOC(=O)C=C,False,4.135918679602694,,,
C1=CC(=NC(=C1)N)N,False,,4.365509049791782,4.331230647103357,
CC(CCCC(C)(C)O)CC(OC)OC,False,4.148864616843579,,,
C1CNCCC1N2C3=CC=CC=C3NC2=O,False,,4.460029874171644,4.617284323564767,
C1=CC=C(C=C1)N.Cl,False,4.440430891878339,4.390430133908275,4.29464790668137,4.54043111593557
CCCCCCOC(=O)C(=C)C,False,4.198864633756791,,,
CC(=O)NCCO,False,,4.448864857638396,,4.248864914695038
C(CCl)CCl,False,4.472274745230455,,,
CC(C)CCOC(=O)C1=CC=C(C=C1)N(C)C,True,5.410028070483141,4.760030197409634,,
CC(=C)C(=O)OCCOC(=O)CC(=O)C,False,4.3988649544426,,,4.287452150687937
CC1=CC(=C(C=C1)N)C.Cl,False,5.197452029718783,4.497449983873096,5.7974571952060785,4.397449532974095
C1CNCCN1.Cl.Cl,False,,,5.69218317333757,
CCCNCCC,False,,,4.297096650247209,
CCCCCCOC(=O)C,False,4.348864512263225,,,
CCCCOCCCC,False,4.4027766526878445,,4.527057881961986,
CCCCCCCCCCN,False,4.497451602419499,4.396038709564252,4.522451867254416,
CCCCCCCCCCCCBr,False,4.348864512263225,,,
C1(C(C(C(C(C1O)O)O)O)O)O,False,,4.123145622374953,,
CCCCCCNCCCCCC,False,4.448864857638396,,5.498858544712217,
CCCCOCCOCCOCCO,False,4.489315608994918,,,
C(CCCNCCCCCCN)CCN,False,,,5.3060006035774805,5.255996643084726
COCCOCCOCCOCCOC,False,4.448864857638396,,,
CCOC(=O)C1(CCN(CC1)CCC2=CC=C(C=C2)N)C3=CC=CC=C3,False,,4.760030197409634,5.360025701545049,5.310025555333226
CC1CC(C2=C(C1(C)C)C=C(C(=C2)C(=O)C)C)(C)C,False,4.198864633756791,4.448864857638396,,4.598864942530007
CC(C)C(C(C)(C)CO)O,False,4.184882688442537,4.273470020112551,4.184882688442537,
CN1CCC[C@H]1C2=CN=CC=C2,False,,,4.452776817261226,4.379447866805212
CC(=O)NCCC1=CNC2=C1C=C(C=C2)OC,False,4.741827426285306,4.448864857638396,4.448864857638396,4.295345870847527
COC(=O)[C@H]1[C@H](CC[C@@H]2[C@@H]1C[C@H]3C4=C(CCN3C2)C5=CC=CC=C5N4)O,False,,,6.510041520575165,4.96003097313254
CN(C)CCOC(C1=CC=CC=C1)C2=CC=CC=C2.Cl,False,4.323460020646004,,5.622445440648628,4.796037477635167
CC(=O)C1=CC2=CC=CC=C2S1,False,5.160031997995545,,,
CC1=CC(NC2=CC=CC=C12)(C)C,False,4.421306936271737,4.71563528436884,4.509965631083042,5.040636561554223
CCN(CCC#N)C1=CC=CC=C1,False,4.498865393540615,4.3988649544426,4.1374521244540645,
CCC(=O)NC1=CC=CC(=C1)N,False,4.3988649544426,,,4.498865393540615
CC(C)(C)C1=CC(=CC(=C1O)C(C)(C)C)CCC(=O)NCCCCCCNC(=O)CCC2=CC(=C(C(=C2)C(C)(C)C)O)C(C)(C)C,False,,5.8488754099493185,,5.59885804480627
COC1=CC=CC(=C1)O,False,4.348864512263225,,,
COC(=O)NCCC[Si](OC)(OC)OC,False,,,,4.498865393540615
CCOC1=CC=C(C=C1)NC(=O)N,False,4.448864857638396,,,
COC1=CC=C(C=C1)O,False,4.2150562178499165,,4.5150570269041435,
COC1=CC=C(C=C1)OC,False,4.256118813664984,,,
COC1=C(C=C2C(=C1)C(=NC(=N2)Cl)N)OC,False,5.660032085297399,,,4.510030276850633
COCCOCCOCCOCCOCCO,False,4.198864633756791,,,
CCO[Si](CCCNC(=O)N)(OCC)OCC,False,4.3988649544426,,,
C1CCC(=O)N(CC1)SSN2CCCCCC2=O,False,4.304354180711538,4.3988649544426,,
C[C@]12CC[C@H]3[C@H]([C@@H]1CC[C@]2(C#C)O)CCC4=C3C=CC(=C4)OC5CCCC5,False,4.60068632115579,4.760030197409634,,5.310025555333226
C1=CC=C2C(=C1)C(=O)N(N=N2)CCl,False,,4.448864857638396,4.698865786166042,4.948862919408721
CC(C)OC(=O)C1=CC=CC=C1OP(=S)(N)OC,False,5.898871824161243,5.298863933907473,4.448864857638396,5.698861444284984
CC1(C(=O)NC(=O)NC1=O)C,False,4.3988649544426,,,
CC(=O)[C@H]1CC[C@@H]2[C@@]1(CC[C@@H]3[C@H]2C=CC4=CC(=O)CC[C@@]34C)C,False,,4.510030276850633,,
C1=CC(=CC=C1C(=O)O)NN.Cl,True,4.4442793609000795,,,4.4442793609000795
C=CC(=O)OCCC(=O)O,False,,,4.634489552182348,
COC(C1=CC=CC=C1)(C(=O)C2=CC=CC=C2)OC,False,,4.649219134652261,4.449219037810705,
C1=CC=C2C(=C1)C(=CN2)C[C@H](C(=O)O)N,False,,4.410030303250599,4.410030303250599,
CCO[Si](CCCN=C=O)(OCC)OCC,False,,,,4.306118789647335
C1=CC=C(C=C1)NC2=CC=C(C=C2)N=O,True,4.672627670103258,4.697627052542459,4.572628154190275,4.922628222723976
CCOC1=CC=C(C=C1)N,True,4.42333344575039,4.223334062008638,4.573333749538862,
C1=CC2=C3C(=C1)C4=CC=CC5=C4C6=C(C=C5)C=CC(=C36)C=C2,False,6.799149501908922,,,
C1C[C@H]2C[C@@H]1[C@H]3[C@@H]2C(=O)N(C3=O)CCCCN4CCN(CC4)C5=NC=CC=N5,False,,,4.9100313379205005,5.410028070483141
CC1=C(SC=C1)C(=CCCN2CCC[C@H](C2)C(=O)O)C3=C(C=CS3)C.Cl,False,,,,4.860029658404407
C1=CC=C2C(=C1)C3=CC=CC4=C3C5=C(C=CC=C25)C=C4,False,6.92524942077074,4.1017065856906,4.328912620101004,
C1=CC=C2C(=C1)C3=C4C2=CC5=CC=CC6=C5C4=C(C=C6)C=C3,True,6.709965388637482,,,
C(CO)N(CCO)C=O,False,4.267420498373938,,,
CCN(CC)C(C)C(=O)C1=CC=CC=C1.Cl,False,,,4.710029980825098,
C1C2=CC=CC3=C2C4=C(C=CC=C41)C=C3,False,5.539733770923115,,,
C1C(O1)COC2=CC=C(C=C2)CC3=CC=C(C=C3)OCC4CO4,False,4.122980436769798,4.472980619182737,4.672980717470611,4.635120892391086
C1=CC=C2C3=C4C(=CC=C3)C5=CC=CC=C5C4=CC2=C1,True,6.128692069654617,,4.558520101570811,
C1=CC=C2C(=C1)C3=CC=CC4=C3C2=CC=C4,True,6.071746385562777,4.248864914695038,,
CC1CC(CCC1N)CC2CCC(C(C2)C)N,False,4.491827289859272,,4.891827506875465,5.291825638321668
C1=CC=C2C=C3C4=CC=CC5=C4C(=CC=C5)C3=CC2=C1,False,6.80493100353141,,,
CC(C)(C)NC1=NC(=NC(=N1)NC2CC2)SC,False,5.59885804480627,4.3988649544426,4.3988649544426,4.3988649544426
C1C(O1)CN(CC2CO2)C3=CC=C(C=C3)CC4=CC=C(C=C4)N(CC5CO5)CC6CO6,False,,4.698865786166042,,4.898864942667959
CC(C)(CCCC1=CCC(CC1)C=O)O,False,4.420593717711893,4.220594005238186,4.12059443038918,4.170593938737847
C1=CC2=C3C(=C1)C=CC3=CC=C2,False,4.527611978758465,,4.313612672469513,
CC1(C2=C(C=C(C=C2)OC)C(=O)N(C1=O)CCC3=CC=C(C=C3)S(=O)(=O)NC(=O)NC4CCCCC4)C,False,,4.610029886099158,,4.460029874171644
CC1=CC(=CC(=C1O)C(C)(C)C)CCC(=O)OCCOCCOCCOC(=O)CCC2=CC(=C(C(=C2)C)O)C(C)(C)C,False,,6.259637310505756,5.009674467333349,5.609665552488148
C1=CC=C2C=C3C4=CC=CC=C4C5=CC=CC=C5C3=CC2=C1,False,6.697020063251751,,,4.697095730902766
CC(C)(C(=O)NC1=CC(=C(C=C1)[N+](=O)[O-])C(F)(F)F)O,False,5.212331555920562,4.587329436616878,4.189733869181719,4.412328514235662
CC1=CC(=NC(=N1)NC2=CC=CC=C2)C,False,5.2488672255444015,,,
CCOP(=S)(OCC)OC(C(Cl)(Cl)Cl)Cl,False,4.448864857638396,5.39886386639293,,5.39886386639293
CC(C)(C)C(C(N1C=NC=N1)OC2=CC=C(C=C2)C3=CC=CC=C3)O,False,4.3988649544426,5.19886394724405,4.148864616843579,6.248874928464416
CC1=CC(=C(C(=C1)Cl)OP(=S)(OC)OC)Cl,False,5.048866560110487,5.048866560110487,,5.298863933907473
CCCCC(=O)OCC(=O)[C@H]1[C@@H](C[C@@H]2[C@@]1(C[C@@H]([C@]3([C@H]2C[C@@H](C4=CC(=O)C=C[C@@]43C)F)F)O)C)C,False,,4.96003097313254,4.49861753473966,5.510027465964983
CCC1COC(O1)(CN2C=NC=N2)C3=C(C=C(C=C3)Cl)Cl,False,4.498865393540615,5.19886394724405,4.3988649544426,7.048662481204082
C1C(C(C(=O)N1C2=CC=CC(=C2)C(F)(F)F)Cl)CCl,False,5.998872299722965,,4.448864857638396,
C1=CC=C(C(=C1)C(C2=CC=C(C=C2)F)(C3=CN=CN=C3)O)Cl,False,4.306118789647335,4.648864911118024,4.448864857638396,6.44891613481422
CCCCCCCCN1C(=O)C(=C(S1)Cl)Cl,True,4.848866210191896,5.548858579207237,4.498865393540615,4.748865707419434
C1CCC(C1)N(CC2=CC=C(C=C2)Cl)C(=O)NC3=CC=CC=C3,False,4.748865707419434,4.798865170407076,4.898864942667959,4.948862919408721
CCCC(CN1C=NC=N1)C2=C(C=C(C=C2)Cl)Cl,False,4.648864911118024,5.2488672255444015,4.448864857638396,
CC1(CC2=C(O1)C(=CC=C2)N)C,False,4.598864942530007,4.898864942667959,4.204354217395929,5.048866560110487
CCCOCC(=NC1=C(C=C(C=C1)Cl)C(F)(F)F)N2C=CN=C2,False,5.048866560110487,5.4488672992713925,4.448864857638396,6.698970004336019
CCOC(=O)[C@@H](C)OC1=CC=C(C=C1)OC2=NC3=C(O2)C=C(C=C3)Cl,False,4.498865393540615,4.3988649544426,4.3988649544426,
C1=CC(=C(C(=C1)F)C(=O)NC(=O)NC2=CC(=C(C(=C2)Cl)OC3=C(C=C(C=N3)C(F)(F)F)Cl)Cl)F,False,,4.467254536235,,
C1=CC=C2C(=C1)C=CC3=C2C=CC4=CC=CC=C43,False,6.1898347154568505,,,
C1=CC=C(C(=C1)C(CN2C=NC=N2)(C3=CC=C(C=C3)F)O)F,False,4.448864857638396,6.0988687486446285,4.448864857638396,6.648783654660658
C1=C(C=NC(=C1Cl)NC2=C(C=C(C(=C2[N+](=O)[O-])Cl)C(F)(F)F)[N+](=O)[O-])C(F)(F)F,False,4.448864857638396,6.198870812420296,4.3988649544426,4.698865786166042
C1=CC(=C(C(=C1)F)C(=O)NC(=O)NC2=CC(=C(C(=C2F)Cl)F)Cl)F,False,4.5096720355643205,4.5096720355643205,,
C1=CC(=CC(=C1)OC2=C(C=CC=N2)C(=O)NC3=C(C=C(C=C3)F)F)C(F)(F)F,False,5.15760296757623,4.957601706411858,,
C1=CC(=C(C2=NC=C(C=C21)Cl)C(=O)O)Cl,False,4.198864633756791,4.448864857638396,,
C1=CC(=C(C(=C1)F)C(=O)NC(=O)NC2=CC(=C(C(=C2)Cl)OC(C(F)F)(F)F)Cl)F,False,4.448864857638396,4.498865393540615,,
CCOC1=C(C=C(C=C1)NC(=O)OC(C)C)OCC,False,5.298863933907473,,4.448864857638396,
CC1=CSC(=C1N(C(C)COC)C(=O)CCl)C,False,,4.898864942667959,,
CC1=CC=CC=C1CO[C@@H]2C[C@]3(CC[C@@]2(O3)C)C(C)C,False,4.698865786166042,4.648864911118024,,5.39886386639293
CC1=CC2=C(C(=C(C=C2)Cl)C(=O)O)N=C1,False,4.148864616843579,,,
CC(COC1=CC=C(C=C1)OC2=CC=CC=C2)OC3=CC=CC=N3,False,4.798865170407076,4.998863636444484,,
CC(C)(C)C1=CC=C(C=C1)CSC2=C(C(=O)N(N=C2)C(C)(C)C)Cl,False,4.598864942530007,5.19886394724405,,
CC(C)CC1=C(C(=NC(=C1C(=O)SC)C(F)(F)F)C(F)F)C(=O)SC,False,5.651344726754235,5.00135276047329,,5.201349354554731
CCC(C)SP(=O)(N1CCSC1=O)OCC,False,4.448864857638396,4.498865393540615,,4.898864942667959
CC1=NC2=NC(=NN2C=C1)S(=O)(=O)NC3=C(C=CC=C3F)F,False,,4.348864512263225,,
C#CC1=C(C(=O)C(=C(C1=O)Cl)Cl)C#C,True,,4.448864857638396,4.448864857638396,4.548864726812244
C1=CC(=C(C(=C1)F)C(=O)NC(=O)NC2=C(C=C(C=C2)OC3=C(C=C(C=C3)C(F)(F)F)Cl)F)F,False,,4.848866210191896,,
CC(C)[C@H](C(=O)OC(C#N)C1=CC(=CC=C1)OC2=CC=CC=C2)NC3=C(C=C(C=C3)C(F)(F)F)Cl,False,,5.21505479266961,,4.815056013814657
C1C(CC2=CC=CC=C2C1C3=C(SC4=CC=CC=C4C3=O)O)C5=CC=C(C=C5)C6=CC=C(C=C6)Br,False,,5.210031697910783,,
CCC1=CC=C(C=C1)C(=O)NN(C(=O)C2=CC(=CC(=C2)C)C)C(C)(C)C,False,,4.848866210191896,,5.39886386639293
CC(C)CC1=C(C(=NC(=C1C(=O)OC)C(F)F)C(F)(F)F)C2=NCCS2,False,6.398918272215977,4.448864857638396,,5.698861444284984
CCOCN1C(=C(C(=C1C(F)(F)F)Br)C#N)C2=CC=C(C=C2)Cl,False,6.198870812420296,5.048866560110487,4.498865393540615,4.448864857638396
CCS(=O)(=O)C1=C(N=CC=C1)S(=O)(=O)NC(=O)NC2=NC(=CC(=N2)OC)OC,False,4.148864616843579,4.148864616843579,,
CCCC[N+](C)(CCCC)CCCC.[Cl-],False,,,5.50779854860746,
CCC(=O)N([C@H]1CCN(C[C@H]1C)CCC2=CC=CS2)C3=CC=CC=C3.Cl,False,,4.613263887027479,6.513286224017515,5.463264845630564
C1=CC(=CC=C1C(=O)C2=C(C(=C(C=C2)O)O)O)O,True,4.197096347764532,,4.485683401321461,4.171691418359121
CCC(CC)NC1=CC(=C(C=C1)C)C,False,4.948862919408721,,,
CCOC1=NC=C(C(=O)N1)F,False,4.478585991510725,,,
C1=CC=C2C=NN=CC2=C1,False,4.847803417665791,,,
CCCC(=O)OC[C@H]([C@H]([C@H](CN1C2=C(C=C(C(=C2)C)C)N=C3C1=NC(=O)NC3=O)OC(=O)CCC)OC(=O)CCC)OC(=O)CCC,False,,4.860029658404407,5.060031709448664,5.810032701648728
C1CCN(CC1)CCC(C2CC3CC2C=C3)(C4=CC=CC=C4)O.Cl,False,,,6.010016541698601,5.610036963564112
CC1C(OCCN1)C2=CC=CC=C2.Cl,False,,,4.717283879451566,
C1=CC=C2C(=C1)OC3=CC=CC=C3O2,False,4.401356688266214,,,
CCCNC(C)C(=O)NC1=CC=CC=C1C.Cl,False,,,4.510030276850633,
C1=CC=C2C(=C1)OC3=CC=CC=C3S2,True,4.995347480476948,4.28248631006926,4.148864616843579,
CN1CCN(CC1)CCCN2C3=CC=CC=C3SC4=C2C=C(C=C4)S(=O)(=O)N(C)C.CS(=O)(=O)O.CS(=O)(=O)O,False,,4.760030197409634,4.810029897405945,6.209996479609511
C1=CC=C2C(=C1)C=CO2,False,4.448864857638396,4.598864942530007,4.498865393540615,
CC1(CN(NC1=O)C2=CC=CC=C2)CO,False,4.3988649544426,4.548864726812244,4.498865393540615,4.448864857638396
CC1C(C2=C(C1(C)C)C(=O)CCC2)(C)C,False,4.448864857638396,,,
CC(C)N(CC1=CC=CC=C1)C(=O)C(C)(C)C,False,4.448864857638396,4.448864857638396,,
CN1C(=O)C2=C(C1=O)C=C(C=C2)[N+](=O)[O-],False,4.699219795484953,,4.1992190191615695,4.3992187150696465
CC1=CC(=C(C=C1)NC=O)C,False,4.448864857638396,,,4.445993253446242
CC(C)(C(=O)C1=CC=C(C=C1)SC)N2CCOCC2,False,4.3988649544426,4.698865786166042,5.59885804480627,5.59885804480627
CCOC(=O)C1CC(=O)C(=C(C2CC2)O)C(=O)C1,False,,4.3988649544426,,
C#CCN1C(=O)COC2=CC(=C(C=C21)N3C(=O)C4=C(C3=O)CCCC4)F,False,5.298863933907473,4.448864857638396,4.498865393540615,4.448864857638396
C[C@H](C(=O)OCC#C)OC1=CC=C(C=C1)OC2=C(C=C(C=N2)Cl)F,False,5.300995253495097,4.5009951303440445,,4.550995494815843
C1CCC2C(C1)O2,False,4.174298721496137,,,
C1CCCC1,False,4.4081588119418065,,4.4081588119418065,
C1=NC=NN1,False,4.273459830462956,4.098864931407043,,
C1=CN=CC=N1,False,4.484193689034378,,,
CC(COC(C)(C)C)O,False,4.414326123695772,,4.352913507699606,
C1CN1CCC(=O)OCC(CO)(COC(=O)CCN2CC2)COC(=O)CCN3CC3,False,4.237451969254929,,,
CC(=O)O[C@H]1CC[C@@H]2[C@H]3CC[C@]4([C@H]([C@@H]3CCC2=C1)CC[C@]4(C#C)OC(=O)C)C,False,,4.860029658404407,,
CC1=C(C(=CC=C1)C)OCC(=O)N[C@@H](CC2=CC=CC=C2)[C@H](C[C@H](CC3=CC=CC=C3)NC(=O)[C@H](C(C)C)N4CCCNC4=O)O,False,,4.810029897405945,4.810029897405945,6.26003230324049
CCOP(=S)(OCC)S,True,4.225991346685958,4.6259907664355016,,
CCCCC(CC)COP(=O)(O)OCC(CC)CCCC,False,4.098864931407043,4.723334570561002,4.223334062008638,
CC(C)[N+](C)(CCOC(=O)C1C2=CC=CC=C2OC3=CC=CC=C13)C(C)C.[Br-],False,4.654448146181551,,6.854332227808532,
COC(=O)C(C1CCCCN1)C2=CC=CC=C2.Cl,False,,,4.548511380804243,
CCN(CC)CCOC(=O)C(C1CCCCC1)C2=CC=CC=C2.Cl,False,5.210031697910783,,5.910024277312271,6.060031709448664
CCCOC(=O)C(C)O,False,4.389733861086099,,,
CC(COC1=CC=CC=C1)O,False,4.346045900679165,,,
CCOC(=O)C1=CC=CC=C1C(=C2C=C(C(=O)C(=C2)Br)Br)C3=CC(=C(C(=C3)Br)O)Br,True,4.524901470084831,4.624901793910183,,
CC(CN(C)C)C(C)(CC1=CC=C(C=C1)Cl)O.Cl,False,,,5.210031697910783,
C[C@@]12CCC[C@H]1[C@@H]3CC[C@H]4C[C@H](CC[C@@]4([C@H]3CC2)C)O,False,,4.860029658404407,,4.860029658404407
C1C=CC[C@H]2[C@@H]1C(=O)NC2=O,False,4.448864857638396,,,
C[C@]12CCCC([C@@H]1CC[C@@]3([C@@H]2CC(=O)O3)C)(C)C,False,4.498865393540615,4.3988649544426,,4.498865393540615
C[C@H](CN1CCOCC1)C(C2=CC=CC=C2)(C3=CC=CC=C3)C(=O)N4CCCC4.[C@@H]([C@H](C(=O)O)O)(C(=O)O)O,False,,,4.363579309147165,5.763588712256033
CC1=CC=C(C=C1)C(=O)C(C)CN2CCCCC2.Cl,False,,,5.96003097313254,
COP(=S)(OC)OC1=CC(=C(C=C1Cl)Cl)Cl,False,4.906046772365376,5.05604770343095,,4.881047008047206
CC(C)(C)C1=CC(=C(C=C1)OP(=O)(NC)OC)Cl,False,4.448864857638396,4.448864857638396,4.148864616843579,
CC(=O)O[C@@H]1C[C@@H]2CC[C@]1(C2(C)C)C,False,4.3988649544426,,,
CC(=O)C(C(=O)N(C)C)Cl,False,,,4.298864798175959,
CCCCC(CC)C(C#C)O,False,,4.198864633756791,,4.195992853319044
C1=C(C=C(C(=C1I)O)I)C[C@@H](C(=O)O)N,False,,4.510030276850633,,
C[C@]12C[C@@H]([C@H]3[C@H]([C@@H]1CC[C@@]2(C(=O)COC(=O)CC(C)(C)C)O)CCC4=CC(=O)C=C[C@]34C)O,False,,4.810029897405945,4.510030276850633,5.310025555333226
C1=CC(=CC=C1C2=CSC(=N2)NN)N,True,4.448864857638396,4.498865393540615,4.248864914695038,4.848866210191896
C1=CC=C2C=CC=CC2=C1,False,4.400638831248489,,4.150638946525531,
CC(C1=CC=C(C=C1)O)(C2=CC=C(C=C2)O)C3=CC=C(C=C3)O,False,,5.048866560110487,4.148864616843579,4.548864726812244
CCCCC(CC)COC(=O)COC1=C(C=C(C=C1)Cl)C,False,4.698865786166042,,,5.048866560110487
CCCCCC1=CC=C(C=C1)N,False,4.498865393540615,4.498865393540615,4.498865393540615,4.548864726812244
CC1=CC(=C(C(=C1CN2C(=O)N(C(=O)N(C2=O)CC3=C(C(=C(C=C3C)C(C)(C)C)O)C)CC4=C(C(=C(C=C4C)C(C)(C)C)O)C)C)O)C(C)(C)C,False,4.445638663736415,4.498510766258819,,4.648510976263629
CC(=O)[C@]1(CC[C@@H]2[C@@]1(CC[C@H]3[C@H]2C=C(C4=CC(=O)CC[C@]34C)Cl)C)OC(=O)C,False,,4.779801287794406,4.199573693981921,
CN(C)C1=CC=C(C=C1)CCO,False,4.451350206101622,4.701349932773607,4.50135041526701,
CCN(CC)CCOC(=O)C(C1=CC=CC=C1)(C2=CC=CC=C2)O,False,,,5.510027465964983,5.110031956768376
C1=CC(=CC=C1C(=O)OCCCOC(=O)C2=CC=C(C=C2)N)N,False,5.098863295458348,5.148864004988426,4.448864857638396,5.548858579207237
CC(C)CC(C)N(C1=CC=CC=C1)C2=CC=C(C=C2)N,False,4.3988649544426,5.2488672255444015,4.598864942530007,4.548864726812244
C[N+](CCCl)(CCCl)[O-],False,4.760030197409634,,,
C[C@@H]1CN(C[C@@H](O1)C)CC(C)CC2=CC=C(C=C2)C(C)(C)C,False,4.3988649544426,4.3988649544426,5.048866560110487,4.648864911118024
C1=CC=C(C=C1)NC(=O)NC2=CC(=NC=C2)Cl,True,4.748865707419434,4.998863636444484,4.3988649544426,4.198864633756791
CCCCNP(=S)(N)N,False,,4.448864857638396,,
C1=CC=C2C(=C1)C=NN=C2NN.Cl,True,4.660065053876055,4.198864633756791,4.3988649544426,
CCOP(=S)(OC1=CN=C(N=C1)C(C)(C)C)OC(C)C,False,4.648864911118024,5.748873015022128,4.448864857638396,5.798876102792621
CCCCCC(C)OC(=O)COC1=C2C(=C(C=C1)Cl)C=CC=N2,False,5.298863933907473,4.798865170407076,,4.898864942667959
C1=CC(=C(C(=C1)F)C(=O)NC(=O)NC2=CC(=C(C=C2)OC(C(OC(F)(F)F)F)(F)F)Cl)F,False,4.560029756289291,4.760030197409634,,
COC(=O)CSC1=C(C=C(C(=C1)N=C2N3CCCCN3C(=O)S2)F)Cl,False,5.59885804480627,5.048866560110487,4.198864633756791,4.6895212332709075
C(C(CO)(CO)N)O.Cl,False,4.339521102299182,,,
CN(CC#C)CC1=CC=CC=C1.Cl,False,4.479447567244515,,4.448864857638396,
C1=CC=C(C=C1)CCNC(=O)CCCl,False,,,4.460029874171644,
C1=CC(=CN=C1)C(=O)O,False,,,4.439080029432415,
CNNC.Cl.Cl,False,4.184537813287594,,4.384538146703993,
CCOP(=O)(OCC)OC1=CC=C(C=C1)[N+](=O)[O-],False,4.471221181278544,4.271220836361826,5.796227518777316,
C[C@]12CC[C@H]3[C@H]([C@@H]1CC[C@@H]2OC(=O)CCC4CCCC4)CCC5=C3C=CC(=C5)O,False,4.679447312109095,4.779447802412689,,
CCCCC(CC)COC(=O)CCCCC(=O)OCC1=CC=CC=C1,False,4.248864914695038,4.698865786166042,,4.448864857638396
CCC(C)N1C(=O)C(=C(NC1=O)C)Br,False,4.3988649544426,4.148864616843579,,
C1CN(CCN1C/C=C/C2=CC=CC=C2)C(C3=CC=C(C=C3)F)C4=CC=C(C=C4)F,False,,4.810029897405945,5.560036064079095,
CC1=CC(=CC(=C1N(C)C)C)OC(=O)NC,False,5.048511913024361,,4.248510729867378,
C[C@H]1C(=O)O[C@@H]2CCN3[C@@H]2C(=CC3)COC(=O)[C@]([C@]1(C)O)(C)O,False,,,4.510030276850633,
CCCCC(CC)COC(=O)C1=CC=CC=C1,False,4.548864726812244,,,
CCC(C)SSC(C)CC,False,4.423145748029465,,4.498865393540615,
CCCCN(CCCC)CCCCCCN(CCCC)CCCC,False,,,5.19886394724405,
C1=C(C(=C(C(=C1[N+](=O)[O-])Cl)[N+](=O)[O-])Cl)C(F)(F)F,True,4.948862919408721,4.948862919408721,,4.3988649544426
CC(C)NC(=O)C1=CC=CC=C1N,False,4.298864798175959,,,4.448864857638396
C1=C(C=C(C(=C1C(=O)O)O)Cl)Cl,False,4.173145464019715,4.548864726812244,,
CC(C)(C1=CC=C(C=C1)OC2=CC3=C(C=C2)C(=O)OC3=O)C4=CC=C(C=C4)OC5=CC6=C(C=C5)C(=O)OC6=O,False,4.20135073546148,,4.401350634527242,
CC1=C(C(=O)OC2=C1C=CC(=C2)OP(=O)(OCCCl)OCCCl)Cl,False,4.760030197409634,5.510027465964983,5.360025701545049,
C1=CC=C(C=C1)OC2=CC=CC(=C2)CBr,False,4.3988649544426,4.098864931407043,4.448864857638396,
CC(C)(C)C(=O)CCC1=CC=C(C=C1)Cl,False,4.498865393540615,,,
C1=CC(=CC=C1C2=CC=C(C=C2)F)N,True,5.548858579207237,4.748865707419434,4.3988649544426,4.748865707419434
C1=C(C=NC(=C1Cl)Cl)C(Cl)(Cl)Cl,False,4.648864911118024,,,4.798865170407076
CC(C)(C)C1(CO1)CCC2=CC=C(C=C2)Cl,False,4.498865393540615,4.548864726812244,4.3988649544426,
CC(=O)OCC1=CC2=C(C=C1)OCO2,False,5.648328517100444,4.498333886389085,4.197803209322238,4.498333607921229
C1=CC(=C(C=C1C(F)(F)F)Cl)Cl,False,4.212969821340183,,,
COC(=O)C1CC(=O)C(CC1=O)C(=O)OC,False,5.507058111018268,,,
CN(C)C1=CC=CC=C1,False,4.409378007647925,,,4.487996389506071
CC(C)(C1CCC(CC1)O)C2CCC(CC2)O,False,,4.256118813664984,,
C1=CC(=C(C=C1N)C(F)(F)F)[N+](=O)[O-],False,5.110031956768376,4.410030303250599,,
CN(C(=O)NC1=CC(=C(C=C1)Cl)Cl)OC,False,5.697803760431487,4.397803980724037,,
C(CSSCCC(=O)O)C(=O)O,False,4.3421766792544245,,,
C1=CC(=C(C=C1Br)Br)OC2=C(C=C(C=C2)Br)Br,True,4.89815673223378,4.89815673223378,,
COS(=O)(=O)C(F)(F)F,False,4.248290664836475,,,
CCCCCCCCC(CCCCCC)CO,False,4.318015217799808,4.498865393540615,,
C=CCOCC(CCl)O,False,4.3988649544426,,,
CC(=O)OC(C1=CC=CC=C1)C(=O)C2=CC=CC=C2,False,4.396743007005474,4.496743323600061,4.146743606432599,
COC(=O)C(CBr)Br,False,4.423145748029465,,,
C[C@@H](NCC(CN[C@@H](/C(=N/O)/C)C)(C)C)/C(=N/O)/C,False,,,4.510030276850633,4.510030276850633
C1=CC(=CC=C1N/C(=N/C(=NCCCCCCN=C(/N=C(/NC2=CC=C(C=C2)Cl)\N)N)N)/N)Cl,False,4.202776791331158,4.551350868542749,5.452779280986939,4.541959189528284
C(=O)(C(C(C(C(C(C(C(F)(F)F)(F)F)(F)F)(F)F)(F)F)(F)F)(F)F)O,False,,5.599928501652503,,
C(=O)(C(C(C(C(C(C(C(C(C(F)(F)F)(F)F)(F)F)(F)F)(F)F)(F)F)(F)F)(F)F)(F)F)O,False,,5.698861444284984,,
C1=CC(=C(C=C1Cl)Cl)CO/N=C(\CN2C=CN=C2)/C3=C(C=C(C=C3)Cl)Cl.[N+](=O)(O)[O-],False,5.4405961553679,6.310069895981782,5.26003230324049,7.309803919971486
CC(=O)N/N=C/C1=CC=C(O1)[N+](=O)[O-],False,4.510030276850633,,,
CC(=O)O.CC(=O)O.C1=CC(=CC=C1N/C(=N/C(=NCCCCCCN=C(/N=C(/NC2=CC=C(C=C2)Cl)\N)N)N)/N)Cl,False,4.200986328426097,4.600986007235077,5.300986568387119,4.550986228087684
CC1=NC2=CC=CC=C2C(=O)N1C3=CC=CC=C3Cl,False,,4.407797696621248,4.107797950557182,
CC1=CC=CC=C1C(C2=CC=CC=C2)OCCN(C)C.Cl,False,4.448864857638396,,5.148864004988426,
CC1=CC=C(C=C1)/C=N/N2C(=CSC2=S)C3=CC=CC=C3,False,5.160031997995545,5.060031709448664,,5.410028070483141
CCCCCCCCO,False,4.430759559870364,,,
CC(C)(/C=N/OC(=O)NC)SC,False,,4.14463048061975,,
CC(C)N=C(N)/N=C(\N)/NC1=CC=C(C=C1)Cl.Cl,False,,4.460029874171644,5.26003230324049,
CCOP(=S)(OCC)O/N=C(\C#N)/C1=CC=CC=C1,False,5.879446576866824,5.579445315004808,4.448864857638396,5.6044462490772275
C1=C(OC(=C1)[N+](=O)[O-])/C=N/NC(=O)C2=C(C(=CC(=C2)[N+](=O)[O-])[N+](=O)[O-])O,True,,4.610029886099158,,
C1=CC(=CC=C1/C=N/N/C(=N/N=C/C2=CC=C(C=C2)Cl)/N)Cl,True,5.360025701545049,4.810029897405945,,4.510030276850633
CC(/C(=N/OC(=O)NC)/C)S(=O)(=O)C,False,,,3.324280759381052,
C1=CC(=CC=C1N/C(=N/C(=NCCCCCCN=C(/N=C(/NC2=CC=C(C=C2)Cl)\N)N)N)/N)Cl.Cl.Cl,False,4.190904454097514,4.640904776347423,5.490905056188621,4.440904096393183
CC(=CCC/C(=C/C=N/O)/C)C,False,4.148864616843579,4.348864512263225,4.448864857638396,4.498865393540615
C1CC2=C(C=C3C=CC4=C5C3=C2C=CC5=CC=C4)C(=O)C1,True,6.543178651978401,5.243227007887529,,5.043226669028673
COC1=C(C=C(C=C1)/C=N/NC(=O)C2=CC=NC=C2)OC,False,4.810029897405945,4.810029897405945,4.760030197409634,5.160031997995545
CC1=NNC(=O)N(C1)/N=C/C2=CN=CC=C2,False,4.448864857638396,,,
C1COCCN1CC2CN(C(=O)O2)/N=C/C3=CC=C(O3)[N+](=O)[O-].Cl,False,,,4.410030303250599,
CC1=NN(C(=C1/C=N/OCC2=CC=C(C=C2)C(=O)OC(C)(C)C)OC3=CC=CC=C3)C,False,4.648864911118024,5.498858544712217,,4.648864911118024
CC[C@@]1(C2=C(COC1=O)C(=O)N3CC4=C(C5=CC=CC=C5N=C4C3=C2)/C=N/OC(C)(C)C)O,False,,4.760030197409634,,5.26003230324049
C1(=C(C(=C(C(=C1F)F)Br)F)F)F,False,4.3988649544426,,,
C/C(=N\OCC1=CC=CC=C1/C(=N/OC)/C(=O)OC)/C2=CC(=CC=C2)C(F)(F)F,False,4.748865707419434,5.048866560110487,,4.898864942667959
CNC(=O)O/N=C(/C(=O)N(C)C)\SC,False,4.360623094264343,,4.579920843490184,
C/C(=N\OC(=O)N(SN(C(=O)O/N=C(/SC)\C)C)C)/SC,True,,4.098864931407043,,
C1C2=C(C=C(C=C2)O)C3=CC=CC=C31,False,5.298863933907473,4.448864857638396,,
C1COC(C(O1)O)O,False,4.448864857638396,,,
CCCCC(CC)COC(=O)CC#N,False,4.448864857638396,4.548864726812244,,4.498865393540615
C1CNCCC1(C2=CC=CC=C2)O,False,,,4.810029897405945,
CC(=O)OCC(=O)[C@@]12[C@@H](C[C@@H]3[C@@]1(C[C@@H]([C@]4([C@H]3C[C@@H](C5=CC(=O)C=C[C@@]54C)F)F)O)C)OC(O2)(C)C,False,,5.410028070483141,,
C1=CC(=CC=C1C(=O)C(=O)C2=CC=C(C=C2)Br)Br,False,5.003593411803725,,,
C1=C(NC(=O)NC1=O)C(=O)O,False,4.398157210217902,,5.1981574147030525,
CCCCCCCCCC(=O)O[C@H]1CC[C@@H]2[C@@]1(CC[C@H]3[C@H]2CCC4=CC(=O)CC[C@H]34)C,False,,4.810029897405945,,5.410028070483141
CC[C@@H](CO)NC(=O)[C@H]1CN([C@@H]2CC3=CN(C4=CC=CC(=C34)C2=C1)C)C,False,4.560029756289291,4.560029756289291,5.210031697910783,4.510030276850633
C1C2=CC=CC=C2C3=C1C=C(C=C3)NC(=O)C(F)(F)F,True,5.548858579207237,5.298863933907473,,
CN1CCN(CC1)C(=O)O[C@H]2C3=NC=CN=C3C(=O)N2C4=NC=C(C=C4)Cl,False,4.560029756289291,,,
C1[C@@H]2[C@H]3[C@@H]([C@H]1[C@H]4[C@@H]2O4)[C@]5(C(=C([C@@]3(C5(Cl)Cl)Cl)Cl)Cl)Cl,False,,4.898864942667959,4.598864942530007,5.498858544712217
CN1CCN(CC1)CCC(=O)N2C3=CC=CC=C3SC4=C2C=C(C=C4)C(F)(F)F,False,4.53431087074211,,6.809948582240794,5.560036064079095
COC1=C(C=CC(=C1)/C=C/C(=O)CC(=O)/C=C/C2=CC(=C(C=C2)O)OC)O,True,4.4960378112983825,5.446044192670219,4.446038128163577,5.04603745944868
COP(=O)(O)OP(=O)(O)OC,False,,,4.306118789647335,
CC(C)NC(=O)C1=CC=C(C=C1)CNNC.Cl,False,,,4.498865393540615,4.31742084614685
C1=CC=C(C(=C1)O)F,False,4.150283991273487,,,
C1=CC(=CC=C1NC(=O)NC2=CC(=C(C=C2)Cl)C(F)(F)F)Cl,True,4.590601201559466,4.860029658404407,4.460029874171644,
CC1=CC(=CC=C1)OCCOC2=CC=CC(=C2)C,False,4.973287008256782,4.87328429631426,,
CCOC(=O)C(C1=CC=CC=C1)Br,False,4.148864616843579,4.098864931407043,,
C1=CC(=CC=C1C(=O)O)N,False,4.15099480698867,,,
C[C@H]1C[C@H]2[C@@H]3CCC4=CC(=O)C=C[C@@]4([C@]3([C@H](C[C@@]2([C@]1(C(=O)CO)O)C)O)F)C,False,4.548864726812244,4.3988649544426,,4.8044476829119205
C1=CC=C(C=C1)[Sn](C2=CC=CC=C2)(C3=CC=CC=C3)F,True,,5.698861444284984,5.798876102792621,5.19886394724405
C[C@@]1(C(=O)N2[C@H](C(=O)N3CCC[C@H]3[C@@]2(O1)O)CC4=CC=CC=C4)NC(=O)[C@H]5CN([C@@H]6CC7=CNC8=CC=CC(=C78)C6=C5)C.C[C@@]1(C(=O)N2[C@H](C(=O)N3CCC[C@H]3[C@@]2(O1)O)CC4=CC=CC=C4)NC(=O)[C@H]5CN([C@@H]6CC7=CNC8=CC=CC(=C78)C6=C5)C.[C@@H]([C@H](C(=O)O)O)(C(=O)O)O,True,4.813345398605026,4.9133464252964,4.546742832497877,6.36332369054738
CCOC(=O)C(F)(F)F,False,,,4.448864857638396,
[Cl-].[Cl-].[Pd+2],False,4.098864931407043,4.448864857638396,4.198864633756791,4.3988649544426
C1=CC=C(C(=C1)C(F)(F)F)[N+](=O)[O-],False,4.45815876083943,,,
CC(C(=O)O)OC1=C(C=CC(=C1)Cl)Cl,False,,4.148864616843579,,4.3988649544426
CCC1=NN(C2=C1C=CC(=C2)C3(CCC(CC3)C(=O)O)C#N)C4CCCCC4,False,,4.698865786166042,,
C1=CC(=CC=C1[N+](=O)[O-])O,False,4.506726022909618,,,5.232132029668252
C1CN(CCC1C2=CC=CC(=C2)CN)C(=O)C3=CC=C(O3)C#CC4=CC=CC=C4F,False,4.198864633756791,6.998699066979582,4.498865393540615,5.2488672255444015
C[C@H](/C=C/[C@H](C1CC1)O)[C@H]2CC[C@@H]\3[C@@]2(CCC/C3=C\C=C\4/C[C@H](C[C@@H](C4=C)O)O)C,False,,4.810029897405945,,
CC1=C(C(=O)N2CCC[C@H](C2=N1)O)CCN3CCC(CC3)C4=NOC5=C4C=CC(=C5)F,False,,,5.171262787887482,
C1=CC=C(C(=C1)C(=O)Cl)F,False,,,4.404206267132018,
C1=C(C=C(C(=C1[N+](=O)[O-])Cl)[N+](=O)[O-])C(F)(F)F,False,4.196743689537619,4.746744402114493,4.746744402114493,
C1=CC=C2C(=C1)C(=O)OC23C4=CC(=C(C(=C4OC5=C(C(=C(C=C35)Br)[O-])Br)Br)[O-])Br.[Na+].[Na+],True,4.648363522719816,5.098363422281103,,
CN(C[C@@H](CC[N+]12CCC(CC1)(CC2)C3CCCCC3)C4=CC(=C(C=C4)Cl)Cl)C(=O)C5=CC(=CC(=C5)C(F)(F)F)C(F)(F)F.CS(=O)(=O)[O-],False,4.098864931407043,4.248864914695038,4.648864911118024,5.798876102792621
CC(=O)OC1=CC2=C(C=C1)[C@H]3CC[C@]4([C@H]([C@@H]3CC2)CC[C@@H]4O)C,True,4.53431087074211,,,
CC1=CC(=CC(=C1OC2=C3CCCC3=C(C=C2)O)C)NC(=O)C(=O)O,True,,4.448864857638396,4.148864616843579,
COC1=C(C=C(C=C1)OC(F)(F)F)CN[C@H]2CCCN[C@H]2C3=CC=CC=C3,False,,,7.399027104313252,5.748873015022128
C1=CC(=CC(=C1)C(F)(F)F)/C(=N\NC(=O)NC2=CC=C(C=C2)OC(F)(F)F)/CC3=CC=C(C=C3)C#N,False,4.598864942530007,4.898864942667959,4.498865393540615,4.148864616843579
CC1CN(NC1=O)C2=CC=CC=C2,False,4.598864942530007,4.598864942530007,4.498865393540615,4.448864857638396
CC1=NOC(=C1)COC2=C(C=C(C=C2)Cl)CNC3=C4C(=NC=N3)N(C=N4)[C@H]5[C@@H]([C@@H]([C@H](O5)C(=O)NC)N)O,False,,,,4.3988649544426
CCOC1=NC2=C(C=C1)NC=C(C2=O)C(=O)NCC3=CC=CC=C3,False,4.648864911118024,4.748865707419434,,4.698865786166042
CNCC1=CC=C(C=C1)NC(=O)C2=CNC3=C2C(=O)CCC3,False,4.448864857638396,,,4.448864857638396
CC1=C(C(=O)CC1OC(=O)C2C(C2(C)C)C=C(C)C)CC#C,False,4.601707487305929,4.901705926792491,4.401706426537025,5.051704426973
C1CC2CC(CC1N2C3=NC=CC=N3)NCC(=O)N4CC(C[C@H]4C#N)(F)F,False,,4.448864857638396,4.798865170407076,4.248864914695038
C1CN2C(=O)[C@@H](N=C(C3=CC(=CC1=C32)N)C4=CC=CC=C4)NC(=O)C5=CN=CC=C5,False,,5.148864004988426,,5.048866560110487
C1=CC(=CC2=NC3=C(C=CC(=C3)N)C=C21)N.C1=CC(=CC2=NC3=C(C=CC(=C3)N)C=C21)N.OS(=O)(=O)O,False,5.610036963564112,,4.6346252833964705,5.010029874726081
CCC1=C(N(N=C1C(=O)NN2CCCCC2)C3=C(C=C(C=C3)Cl)Cl)C4=CC=C(C=C4)Br,False,,5.048866560110487,,
CCCCCCCCCCCCCCCC(=O)O,False,4.3988649544426,4.544279814533381,,
CC1=CC2=C(C=C1)OC(=C2C3=CC=C(C=C3)Cl)CN(CC4=CC=CC=C4)C(=O)NC5=C(C=C(C=C5F)F)F,False,4.351054330520325,5.56247139617932,6.8124792791635365,5.612467805365649
CC(C)(C)OC(=O)NCCC(=O)N[C@@H](CC1=CNC2=CC=CC=C21)C(=O)N[C@@H](CCSC)C(=O)N[C@@H](CC(=O)O)C(=O)N[C@@H](CC3=CC=CC=C3)C(=O)N,False,,,,4.9100313379205005
C[C@@H]1CCC=C2[C@]1(C[C@@H](CC2)C(=C)C)C,False,,4.548864726812244,,4.148864616843579
CNCC1=C(C=CC(=C1)F)OC2=CC(=C(C=C2)Cl)Cl,False,5.998872299722965,4.148864616843579,5.748873015022128,4.848866210191896
C1=CC=C(C=C1)C2=CSC(=N2)NN,True,6.186619193266145,5.036608883533504,4.236610196079178,4.886611562706628
CC1(CCC(=O)[C@H]2[C@@]13CC[C@H](C3)C2(C)C)C,False,,4.148864616843579,4.473145949387726,4.798865170407076
COC(=O)C1=C(C=CC(=C1)Cl)NS(=O)(=O)C(F)(F)F,False,5.96003097313254,,,
CC1=CC=C(C=C1)C2=C(N=C(N2S(=O)(=O)N(C)C)C#N)Cl,True,4.598864942530007,4.948862919408721,,
C1CS1,False,4.187648917428754,,,
CC(C)(C1=NC2=NC=C(N2N=C1)C3=CC(=C(C=C3)F)C4=C(C=CC=C4F)C#N)O,False,4.256118813664984,5.898871824161243,,4.448864857638396
CC1=CC2=C3C(=C1)C(=N[C@H](C(=O)N3CC2)NC(=O)C4=CC=NC=C4)C5=CC=CC=C5,False,,4.448864857638396,4.3988649544426,6.148864004988426
CC(C)(C1=CC=C(C=C1)CNC(=O)C2=C(N=CC=C2)OC3=CC4=NON=C4C=C3)O,False,4.448864857638396,4.748865707419434,,4.598864942530007
C1COCCC1(C(=O)NO)NS(=O)(=O)C2=CC=C(C=C2)OC3=CC=C(C=C3)F,False,,4.3988649544426,,
C1CCC(C1)(C2=CC3=C(C=C2)[C@@H]([C@H](CO3)CC4=CC=C(C=C4)C5=CC=CC=C5)O)C(=O)O,True,,4.098864931407043,,
COCC1=NN=C(N1C2=C3C(=CC(=C2Cl)Cl)NC(=O)C(=O)N3)C4=C[N+](=CC=C4)[O-],False,4.3988649544426,,,5.19886394724405
C1CN(CCN1CCC2=CC(=O)N(C3=C2C=CC(=C3)F)CC(=O)N)C4=NC=CC5=C4C=CS5,True,,4.448864857638396,4.448864857638396,5.2488672255444015
C=CC(=O)N1CCOCC1,False,4.3988649544426,,,
CC(C)C1=C2C(=CC(=C1)OC)S(=O)(=O)N(C2=O)COC3=CC(=O)N4C=CC=C(C4=N3)OCCN5CCCCC5,False,,,,6.321299565001696
C[C@H]1C[C@H]2[C@@H]3CC[C@@]([C@]3(C[C@@H]([C@@]2([C@@]4(C1=CC(=O)C=C4)C)F)O)C)(C(=O)C)O,False,,5.05444779660643,,5.029447438088548
CC(=O)[C@]1(CC[C@@H]2[C@@]1(CC[C@H]3[C@H]2C=C(C4=CC(=O)[C@@H]5C[C@@H]5[C@]34C)Cl)C)OC(=O)C,False,4.3988649544426,4.648864911118024,,
C1C2C(C3=C1C=C(C=C3)Cl)(N=C(S2)C4=CC=CC=C4)O,True,5.548858579207237,5.8488754099493185,4.448864857638396,4.498865393540615
CCCCC1=CC2=CC=CC=C2C(=N1)OCCN(C)C.Cl,False,6.310069895981782,,5.360025701545049,
CCC1=C(NC2=C1C(=O)C(CC2)CN3CCOCC3)C.Cl,False,,,5.310025555333226,5.010029874726081
C1=C2C(C(=O)N(C2=CC(=C1F)Cl)C(=O)N)C(=O)C3=CC(=CS3)Cl,True,4.748865707419434,5.19886394724405,4.148864616843579,5.298863933907473
C1=CC=C2C(=C1)C(=O)OC23C4=C(C=C(C=C4)[O-])OC5=C3C=CC(=C5)[O-].[Na+].[Na+],False,,4.760030197409634,,
CN(C)C1=CC=C(C=C1)C(=C2C=CC(=[N+](C)C)C=C2)C3=CC=CC=C3.C(=O)(C(=O)[O-])O,True,4.810029897405945,6.010016541698601,5.060031709448664,5.010029874726081
CC[C@H]1CC[C@@H]([C@@H](N1)C2=CC=CC=C2)NCC3=CC4=C(C=C3OC)[C@H]5C[C@H]5C(=O)N4C,False,4.348864512263225,4.248864914695038,5.148864004988426,4.848866210191896
CCCCCCCCCCCCCC[P+](CCCC)(CCCC)CCCC.[Cl-],False,4.149929769208239,4.399930044100508,6.524917551718193,
CC1=C(C(CCC1)(C)C)C=O,False,,4.298864798175959,,4.198864633756791
CN(C)C(=O)[C@@H]1C[C@H](CN1[C@]2(C3=C(C=CC(=C3)Cl)N(C2=O)S(=O)(=O)C4=C(C=C(C=C4)OC)OC)C5=CC=CC=C5OC)O,False,4.273459830462956,4.3988649544426,4.198864633756791,7.1487416512809245
CCCC(C)C1=CC=CC=C1O,False,4.348864512263225,4.448864857638396,,
C[C@H](CCC(=O)O)[C@H]1CC[C@@H]2[C@@]1(CC[C@H]3[C@H]2CC[C@H]4[C@@]3(CC[C@H](C4)O)C)C,False,,,4.498865393540615,
C[C@]12CC[C@H]3[C@H]([C@@H]1CC[C@@H]2O)CCC4=CC(=O)CC[C@H]34,False,,4.202776791331158,,4.1527766441858
CC1=CC(=C(C(=C1)C)C2=C(C3(CCCC3)OC2=O)OC(=O)CC(C)(C)C)C,False,,4.128710849515257,,4.428710528809394
CN[C@H]1CC[C@H](C2=C1C=C(C=C2)S(=O)(=O)N)C3=CC(=C(C=C3)Cl)Cl,False,,4.3988649544426,5.898871824161243,4.548864726812244
CCN(CC)CCNC1=C2C(=C(C=C1)CNC=O)SC3=C(C2=O)C=C(C=C3)OC,False,4.948862919408721,4.348864512263225,5.19886394724405,4.698865786166042
CCOP(=S)(OCC)OC1=CC=C(C=C1)[N+](=O)[O-],False,6.001870117387648,5.85187343712849,4.526876971511805,5.526874830038286
CC(C)(C1=COC(=C1)S(=O)(=O)NC(=O)NC2=C3CCCC3=CC4=C2CCC4)O,False,4.748865707419434,4.598864942530007,,4.648864911118024
CN1CC[C@@H]([C@@H](C1)O)C2=C(C=C(C3=C2OC(=CC3=O)C4=CC=CC=C4Cl)O)O.Cl,False,,4.710029980825098,4.760030197409634,
CCN(CC)C1=CC2=C(C=C1)C(=C3C=CC(=[N+](CC)CC)C=C3O2)C4=C(C=C(C=C4)S(=O)(=O)[O-])S(=O)(=O)[O-].[Na+],True,4.785058181931246,4.835058568519779,4.485059302325796,4.835058568519779
C1(=C(C(=C(C(=C1Cl)Cl)Cl)Cl)Cl)O,True,4.328577625231938,4.528577687081855,,
CCCCCCCC/C=C\CCCCCCCC(=O)OC[C@H]([C@@H]1[C@@H]([C@H](CO1)O)O)O,False,,4.498865393540615,,
CC1=C(C2=CC=CC=C2N1CCCCC(=O)O)C3=CN=CC=C3,True,4.498865393540615,4.498865393540615,,5.298863933907473
C1C(S/C(=C(/C#N)\N2C=CN=C2)/S1)C3=CC=CC=C3Cl,False,6.060031709448664,5.560036064079095,5.610036963564112,6.809948582240794
COC1=CC(=C(C=C1C(=O)NC2CN3CCC2CC3)Cl)N.Cl,False,,,5.010029874726081,
C1CN2CCC1[C@H](C2)NC(=O)C3=NC=C4C(=C3)C=CO4,False,,,4.548864726812244,
C1=CC=C(C=C1)OC2=NC=CC(=N2)C3=C(N=CN3C(CO)CO)C4=CC=C(C=C4)F,False,,4.448864857638396,4.448864857638396,
C1CN2CCC1[C@H](C2)NC(=O)C3=CC4=C(C=C3)OCCO4,False,,,4.498865393540615,
CC1=C(C=CC(=C1)SCC2=C(N=C(S2)C3=CC(=C(C=C3)C(F)(F)F)F)C)OCC(=O)O,True,,4.448864857638396,,
CC1=NC=CN1C2=CC=C(C=C2)SC3=CC=CC(=C3)C4(CCOCC4)C(=O)N.CS(=O)(=O)O,False,4.3988649544426,5.348867421449518,4.598864942530007,5.098863295458348
COC(=O)C12CC3=C(C1=NN(CO2)C(=O)N(C4=CC=C(C=C4)OC(F)(F)F)C(=O)OC)C=CC(=C3)Cl,False,,5.310025555333226,,5.26003230324049
CC1=C(C(=C(C2=C1O[C@](CC2)(C)CCC[C@H](C)CCC[C@H](C)CCCC(C)C)C)OC(=O)CCC(=O)OCCO)C,False,4.560029756289291,,,5.010029874726081
CN(C)C(=O)NC1(CCN(CC1)CCC[C@@]2(CCCN(C2)C(=O)C3=CC=CC=C3)C4=CC(=C(C=C4)Cl)Cl)C5=CC=CC=C5,False,,4.8212647142114955,5.421269128047227,6.421246215573565
C[C@]12CC[C@H]3[C@H]([C@@H]1CC[C@@H]2C(=O)O)CCC4=CC(=O)CC[C@]34C,False,,4.710029980825098,,
C1=CC=C(C=C1)CC(=O)C2=CC=CC=C2,True,4.898864942667959,,4.548864726812244,
CC(C)C1=NN=C2N1C=C(C=C2)C3=C(N=CO3)C4=C(C=CC(=C4)F)F,False,4.448864857638396,5.2488672255444015,4.3988649544426,
C1=CC=C2C(=C1)C=CC3=CC=CC=C32,True,5.304777537391926,4.254776839226725,,
C1CCN[C@@H](C1)[C@H](C2=CC=CC=C2)NC(=O)C3=C(C(=CC=C3)C(F)(F)F)Cl,False,,4.448864857638396,6.198870812420296,5.798876102792621
C[C@H](C(=O)O)OC1=CC(=C(C=C1)CNC(=O)C2=C(N=CC=C2)OC3=CC4=C(C=C3)OCO4)F,False,,4.148864616843579,,4.448864857638396
C1=CC(=C(N=C1)N)N,False,4.3988649544426,,4.198864633756791,
C1[C@H]([C@H](C2=C(O1)C=CC(=C2)OCC3=NC4=C(S3)C=CC(=C4)F)O)CC5=CC(=CC=C5)C(=O)O,False,4.49815642831505,4.398157210217902,,
CC[C@@H]1[C@H](CC[C@@]2(O1)C[C@@H]3C[C@H](O2)C/C=C(/C[C@H](/C=C/C=C/4\CO[C@H]5[C@@]4([C@@H](C=C([C@H]5O)C)C(=O)O3)O)C)\C)C,False,,4.902777407480099,4.502777232936194,5.252774691321383
CC(C)(C)C(=O)CC(=O)OC,False,4.3988649544426,4.3988649544426,,
C1=CC=C(C=C1)O,False,4.660030100046487,4.045992314328981,,
C1=CC(=CC(=C1)C(F)(F)F)C(=O)O,False,,4.148864616843579,,
CC1=C(C=CC(=C1)OC2=C(C=C(C=C2)S(=O)(=O)N)CN(C)C)SC,False,4.548864726812244,,,
CCOC(=O)OC1=C(C(=O)NC12CCC(CC2)OC)C3=C(C=CC(=C3)C)C,False,4.348864512263225,4.298864798175959,,5.948847477552619
C1=CC=C(C=C1)CC(=O)C(=O)O,False,4.148864616843579,,,
C1=CC=C(C=C1)CC=O,False,4.448864857638396,4.800463266803689,4.4020636063582606,4.448864857638396
CCC(=O)O.CCC(=O)O.C1CN=C(N1)C2=CC(=CC=C2)NC(=O)NC3=CC=CC(=C3)C4=NCCN4,False,,,4.771266091623863,
CC1=CC(=CC2=C1NC(=O)CC2(C)C)CCN3CCN(CC3)C4=NSC5=CC=CC=C54.CS(=O)(=O)O,False,4.448864857638396,4.448864857638396,4.898864942667959,4.748865707419434
CCCC1CCCCN1,False,,,4.510030276850633,
C1=CC=C(C=C1)CC(=O)O,False,4.147803121994556,,4.553917047563548,
C1=CC(=CC=C1F)Br,False,4.39463029944368,,,
CCCCCCCCCOCC1CO1,False,4.282218857517124,4.332218415226793,4.282218857517124,4.232218754919086
